DOORGENERAL 4 -86 3 2 13 2 13 -22 105 -22 105 -110 95 -110 95 -86 3 4 -64 5 24 15 24 15 0 107 0 107 -88 97 -88 97 -64 5 0 0x0.0p0 2 4 -86 3 2 13 2 13 -22 105 0 107 -88 97 -88 97 -64 5 1 -0x1.58p5 0x1.b8p5 -0x1.58p5 0x1.b8p5
DOORGENERAL 4 -24 -115 76 -101 76 -101 58 -43 58 -43 -42 -57 -42 -57 -24 -115 4 76 -101 176 -87 176 -87 158 -29 158 -29 58 -43 58 -43 76 -101 0 0x1.2p1 1 4 76 -101 176 -87 76 -101 58 -43 158 -29 58 -43 58 -43 76 -101 2 0x1.2af61213f2911p6 -0x1.83c38f959bd35p6 0x1.0cp6 -0x1.2p6 0x1.0cp6 -0x1.2p6 0x1.da13dbd81addfp5 -0x1.7878e0d4c8595p5
DOORGENERAL 4 -74 -31 2 -23 2 -23 -24 41 -24 41 -100 33 -100 33 -74 -31 4 -24 41 52 49 52 49 26 113 26 113 -50 105 -50 105 -24 41 0 0x1.8p0 0 4 -24 41 52 49 2 -23 -24 41 -24 41 -100 33 -50 105 -24 41 1 -0x1.8p4 0x1.48p5 -0x1.8p4 0x1.48p5
DOORGENERAL 4 -134 -26 -6 -12 -6 -12 -26 36 -26 36 -154 22 -154 22 -134 -26 4 122 2 250 16 250 16 230 64 230 64 102 50 102 50 122 2 1 0x1.7p2 -1 0 0
DOORGENERAL 4 -88 -97 -30 -75 -30 -75 -56 -11 -56 -11 -114 -33 -114 -33 -88 -97 4 -74 -92 -16 -70 -16 -70 -42 -6 -42 -6 -100 -28 -100 -28 -74 -92 0 0x1.ap1 2 4 -88 -97 -30 -75 -30 -75 -56 -11 -42 -6 -100 -28 -100 -28 -74 -92 1 -0x1.04p6 -0x1.9cp5 -0x1.04p6 -0x1.9cp5
DOORGENERAL 4 24 -98 90 -92 90 -92 64 -22 64 -22 -2 -28 -2 -28 24 -98 4 90 -92 156 -86 156 -86 130 -16 130 -16 64 -22 64 -22 90 -92 1 0x1.38p3 1 4 90 -92 156 -86 90 -92 64 -22 130 -16 64 -22 64 -22 90 -92 1 0x1.57a29ea312e67p6 -0x1.43f0e62d32e2ap6 0x1.105d615ced198p6 -0x1.081e33a59a3acp5
DOORGENERAL 4 12 -36 154 -12 154 -12 136 102 136 102 -6 78 -6 78 12 -36 4 136 102 278 126 278 126 260 240 260 240 118 216 118 216 136 102 1 0x1.38p3 0 4 136 102 278 126 154 -12 136 102 136 102 -6 78 118 216 136 102 1 0x1.1p7 0x1.98p6 0x1.1p7 0x1.98p6
DOORGENERAL 4 -74 -128 68 -120 68 -120 44 4 44 4 -98 -4 -98 -4 -74 -128 4 210 -112 352 -104 352 -104 328 20 328 20 186 12 186 12 210 -112 1 0x1.1p2 -1 0 0
DOORGENERAL 4 -57 -120 29 -102 29 -102 17 -4 17 -4 -69 -22 -69 -22 -57 -120 4 -36 -116 50 -98 50 -98 38 0 38 0 -48 -18 -48 -18 -36 -116 0 0x1.8p-1 2 4 -57 -120 29 -102 29 -102 17 -4 38 0 -48 -18 -48 -18 -36 -116 1 -0x1.3p3 -0x1.dffffffffffffp5 -0x1.3p3 -0x1.dffffffffffffp5
DOORGENERAL 4 -14 -143 124 -121 124 -121 102 -13 102 -13 -36 -35 -36 -35 -14 -143 4 124 -121 262 -99 262 -99 240 9 240 9 102 -13 102 -13 124 -121 1 0x1.9p2 1 4 124 -121 262 -99 124 -121 102 -13 240 9 102 -13 102 -13 124 -121 2 0x1.e969bdc81ed52p6 -0x1.c3aa00bf22ff2p6 0x1.c4p6 -0x1.0cp6 0x1.c4p6 -0x1.0cp6 0x1.9e964237e12aep6 -0x1.5157fd0374038p4
DOORGENERAL 4 16 -29 96 -21 96 -21 84 47 84 47 4 39 4 39 16 -29 4 84 47 164 55 164 55 152 123 152 123 72 115 72 115 84 47 0 0x1.1p3 0 4 84 47 164 55 96 -21 84 47 84 47 4 39 72 115 84 47 1 0x1.5p6 0x1.78p5 0x1.5p6 0x1.78p5
DOORGENERAL 4 16 -113 80 -87 80 -87 66 43 66 43 2 17 2 17 16 -113 4 144 -61 208 -35 208 -35 194 95 194 95 130 69 130 69 144 -61 1 0x1.bp2 -1 0 0
DOORGENERAL 4 -58 -2 6 24 6 24 -16 140 -16 140 -80 114 -80 114 -58 -2 4 -42 4 22 30 22 30 0 146 0 146 -64 120 -64 120 -42 4 0 0x1.cp1 2 4 -58 -2 6 24 6 24 -16 140 0 146 -64 120 -64 120 -42 4 1 -0x1.dp4 0x1.2p6 -0x1.dp4 0x1.2p6
DOORGENERAL 4 39 50 111 66 111 66 89 106 89 106 17 90 17 90 39 50 4 111 66 183 82 183 82 161 122 161 122 89 106 89 106 111 66 1 0x1.9p2 1 4 111 66 183 82 111 66 89 106 161 122 89 106 89 106 111 66 1 0x1.ac18c01a572ep6 0x1.24ea45a190098p6 0x1.73e73fe5a8d2p6 0x1.8b15ba5e6ff68p6
DOORGENERAL 4 -134 -128 -18 -120 -18 -120 -26 -18 -26 -18 -142 -26 -142 -26 -134 -128 4 -26 -18 90 -10 90 -10 82 92 82 92 -34 84 -34 84 -26 -18 0 0x1.cp0 0 4 -26 -18 90 -10 -18 -120 -26 -18 -26 -18 -142 -26 -34 84 -26 -18 1 -0x1.ap4 -0x1.2p4 -0x1.ap4 -0x1.2p4
DOORGENERAL 4 -3 -73 107 -55 107 -55 87 59 87 59 -23 41 -23 41 -3 -73 4 217 -37 327 -19 327 -19 307 95 307 95 197 77 197 77 217 -37 1 0x1.dp2 -1 0 0
DOORGENERAL 4 -20 12 72 20 72 20 62 136 62 136 -30 128 -30 128 -20 12 4 3 14 95 22 95 22 85 138 85 138 -7 130 -7 130 3 14 1 0x1.4p3 2 4 3 14 95 22 72 20 62 136 85 138 -7 130 -7 130 3 14 1 0x1.de8e6f4ddf553p3 0x1.e14409adba607p3 0x1.e05c642c882abp5 0x1.2f5dfb2922cfcp4
DOORGENERAL 4 -90 18 36 26 36 26 12 108 12 108 -114 100 -114 100 -90 18 4 36 26 162 34 162 34 138 116 138 116 12 108 12 108 36 26 0 0x1.38p3 1 4 36 26 162 34 36 26 12 108 138 116 12 108 12 108 36 26 1 0x1.059873d092388p5 0x1.2a371ef761bfp5 0x1.e99e30bdb71e2p3 0x1.82e470844f208p6
DOORGENERAL 4 2 -110 130 -86 130 -86 116 -2 116 -2 -12 -26 -12 -26 2 -110 4 116 -2 244 22 244 22 230 106 230 106 102 82 102 82 116 -2 0 0x0.0p0 0 4 116 -2 244 22 130 -86 116 -2 116 -2 -12 -26 102 82 116 -2 1 0x1.dp6 -0x1.0p1 0x1.dp6 -0x1.0p1
DOORGENERAL 4 39 -1 101 13 101 13 85 93 85 93 23 79 23 79 39 -1 4 163 27 225 41 225 41 209 121 209 121 147 107 147 107 163 27 0 0x1.4p2 -1 0 0
DOORGENERAL 4 25 -84 103 -66 103 -66 77 -20 77 -20 -1 -38 -1 -38 25 -84 4 44 -80 122 -62 122 -62 96 -16 96 -16 18 -34 18 -34 44 -80 1 0x1.0p-2 2 4 25 -84 103 -66 103 -66 77 -20 96 -16 18 -34 18 -34 44 -80 4 0x1.674a2be345187p5 -0x1.36cbbd31d8534p6 0x1.a5a515f1a28c3p5 -0x1.fecbbd31d8534p5 0x1.a5a515f1a28c3p5 -0x1.fecbbd31d8534p5 0x1.e4p5 -0x1.9p5 0x1.e4p5 -0x1.9p5 0x1.112d75072eb9ep6 -0x1.213442ce27accp5 0x1.112d75072eb9ep6 -0x1.213442ce27accp5 0x1.305aea0e5d73cp6 -0x1.64d10b389eb32p4
DOORGENERAL 4 -26 24 80 44 80 44 54 94 54 94 -52 74 -52 74 -26 24 4 80 44 186 64 186 64 160 114 160 114 54 94 54 94 80 44 1 0x1.3p2 1 4 80 44 186 64 80 44 54 94 160 114 54 94 54 94 80 44 1 0x1.338b214019781p6 0x1.8fe8e2934f45fp5 0x1.c8e9bd7fcd0fep5 0x1.600b8eb6585dp6
DOORGENERAL 4 -96 21 18 45 18 45 -6 95 -6 95 -120 71 -120 71 -96 21 4 -6 95 108 119 108 119 84 169 84 169 -30 145 -30 145 -6 95 1 0x1.6p1 0 4 -6 95 108 119 18 45 -6 95 -6 95 -120 71 -30 145 -6 95 1 -0x1.8p2 0x1.7cp6 -0x1.8p2 0x1.7cp6
DOORGENERAL 4 -18 40 120 64 120 64 114 108 114 108 -24 84 -24 84 -18 40 4 258 88 396 112 396 112 390 156 390 156 252 132 252 132 258 88 0 0x1.2p2 -1 0 0
DOORGENERAL 4 -105 -51 31 -33 31 -33 23 73 23 73 -113 55 -113 55 -105 -51 4 -71 -47 65 -29 65 -29 57 77 57 77 -79 59 -79 59 -71 -47 0 0x1.18p3 2 4 -105 -51 31 -33 31 -33 23 73 57 77 -79 59 -79 59 -71 -47 1 -0x1.8p4 0x1.ap3 -0x1.8p4 0x1.ap3
DOORGENERAL 4 -110 11 28 29 28 29 16 117 16 117 -122 99 -122 99 -110 11 4 28 29 166 47 166 47 154 135 154 135 16 117 16 117 28 29 0 0x1.1p2 1 4 28 29 166 47 28 29 16 117 154 135 16 117 16 117 28 29 2 0x1.b27d1a19f9444p4 0x1.198aa04b6e05cp5 0x1.6p4 0x1.24p6 0x1.6p4 0x1.24p6 0x1.0d82e5e606bbcp4 0x1.bb3aafda48fd2p6
DOORGENERAL 4 -72 -49 28 -43 28 -43 20 33 20 33 -80 27 -80 27 -72 -49 4 20 33 120 39 120 39 112 115 112 115 12 109 12 109 20 33 1 0x1.4p1 0 4 20 33 120 39 28 -43 20 33 20 33 -80 27 12 109 20 33 1 0x1.4p4 0x1.08p5 0x1.4p4 0x1.08p5
DOORGENERAL 4 24 -114 144 -94 144 -94 136 -42 136 -42 16 -62 16 -62 24 -114 4 264 -74 384 -54 384 -54 376 -2 376 -2 256 -22 256 -22 264 -74 1 0x1.1p2 -1 0 0
DOORGENERAL 4 37 -35 127 -21 127 -21 119 59 119 59 29 45 29 45 37 -35 4 59 -32 149 -18 149 -18 141 62 141 62 51 48 51 48 59 -32 0 0x1.1p2 2 4 37 -35 127 -21 127 -21 119 59 141 62 51 48 51 48 59 -32 1 0x1.64p6 0x1.bp3 0x1.64p6 0x1.bp3
DOORGENERAL 4 -79 -90 53 -74 53 -74 37 -26 37 -26 -95 -42 -95 -42 -79 -90 4 53 -74 185 -58 185 -58 169 -10 169 -10 37 -26 37 -26 53 -74 0 0x1.ap1 1 4 53 -74 185 -58 53 -74 37 -26 169 -10 37 -26 37 -26 53 -74 1 0x1.9ab7eb4780901p5 -0x1.1413e0eb40d81p6 0x1.354814b87f6ffp5 -0x1.efb07c52fc9fcp4
DOORGENERAL 4 -5 -103 65 -93 65 -93 57 -51 57 -51 -13 -61 -13 -61 -5 -103 4 57 -51 127 -41 127 -41 119 1 119 1 49 -9 49 -9 57 -51 1 0x1.2p2 0 4 57 -51 127 -41 65 -93 57 -51 57 -51 -13 -61 49 -9 57 -51 1 0x1.c8p5 -0x1.98p5 0x1.c8p5 -0x1.98p5
DOORGENERAL 4 -76 -58 -20 -52 -20 -52 -36 16 -36 16 -92 10 -92 10 -76 -58 4 36 -46 92 -40 92 -40 76 28 76 28 20 22 20 22 36 -46 1 0x1.ep2 -1 0 0
DOORGENERAL 4 -39 -116 29 -90 29 -90 7 2 7 2 -61 -24 -61 -24 -39 -116 4 -22 -110 46 -84 46 -84 24 8 24 8 -44 -18 -44 -18 -22 -110 1 0x1.dp2 2 4 -39 -116 29 -90 29 -90 7 2 24 8 -44 -18 -44 -18 -22 -110 2 -0x1.3c1aa07c7944cp4 -0x1.92627cfaf3bf9p6 -0x1.e000000000002p2 -0x1.bp5 -0x1.e000000000002p2 -0x1.bp5 0x1.306a81f1e512cp2 -0x1.d9d83050c407p2
DOORGENERAL 4 -111 -5 39 11 39 11 27 111 27 111 -123 95 -123 95 -111 -5 4 39 11 189 27 189 27 177 127 177 127 27 111 27 111 39 11 1 0x1.1p3 1 4 39 11 189 27 39 11 27 111 177 127 27 111 27 111 39 11 1 0x1.2dfde6b375685p5 0x1.56cda5a65b35ep4 0x1.c4043299152f6p4 0x1.924c969669328p6
DOORGENERAL 4 -37 -93 65 -67 65 -67 53 33 53 33 -49 7 -49 7 -37 -93 4 53 33 155 59 155 59 143 159 143 159 41 133 41 133 53 33 0 0x1.0p2 0 4 53 33 155 59 65 -67 53 33 53 33 -49 7 41 133 53 33 1 0x1.a8p5 0x1.08p5 0x1.a8p5 0x1.08p5
DOORGENERAL 4 -116 -16 10 6 10 6 -2 128 -2 128 -128 106 -128 106 -116 -16 4 136 28 262 50 262 50 250 172 250 172 124 150 124 150 136 28 0 0x1.3p3 -1 0 0
DOORGENERAL 4 -20 -66 76 -44 76 -44 50 84 50 84 -46 62 -46 62 -20 -66 4 4 -61 100 -39 100 -39 74 89 74 89 -22 67 -22 67 4 -61 0 0x1.6p1 2 4 -20 -66 76 -44 76 -44 50 84 74 89 -22 67 -22 67 4 -61 1 0x1.bp4 0x1.7p3 0x1.bp4 0x1.7p3
DOORGENERAL 4 -101 37 39 47 39 47 17 99 17 99 -123 89 -123 89 -101 37 4 39 47 179 57 179 57 157 109 157 109 17 99 17 99 39 47 0 0x1.8p2 1 4 39 47 179 57 39 47 17 99 157 109 17 99 17 99 39 47 1 0x1.1f10236d89211p5 0x1.b2f120a001b1ep5 0x1.41dfb924edbdep4 0x1.6e876fafff271p6
DOORGENERAL 4 -48 -70 54 -44 54 -44 38 62 38 62 -64 36 -64 36 -48 -70 4 38 62 140 88 140 88 124 194 124 194 22 168 22 168 38 62 0 0x1.4p3 0 4 38 62 140 88 54 -44 38 62 38 62 -64 36 22 168 38 62 1 0x1.3p5 0x1.fp5 0x1.3p5 0x1.fp5
DOORGENERAL 4 62 -86 114 -70 114 -70 92 -20 92 -20 40 -36 40 -36 62 -86 4 166 -54 218 -38 218 -38 196 12 196 12 144 -4 144 -4 166 -54 0 0x1.0p-1 -1 0 0
DOORGENERAL 4 -43 -95 93 -83 93 -83 79 -29 79 -29 -57 -41 -57 -41 -43 -95 4 -9 -92 127 -80 127 -80 113 -26 113 -26 -23 -38 -23 -38 -9 -92 1 0x1.0p3 2 4 -9 -92 127 -80 93 -83 79 -29 113 -26 -23 -38 -23 -38 -9 -92 2 0x1.ec2f51289163p-1 -0x1.6c7bf7a66240bp6 0x1.5000000000001p5 -0x1.5ep6 0x1.5000000000001p5 -0x1.5ep6 0x1.4c27a15daedd4p6 -0x1.4f8408599dbf5p6
DOORGENERAL 4 -45 -82 5 -64 5 -64 -11 46 -11 46 -61 28 -61 28 -45 -82 4 5 -64 55 -46 55 -46 39 64 39 64 -11 46 -11 46 5 -64 1 0x0.0p0 1 4 5 -64 55 -46 5 -64 -11 46 39 64 -11 46 -11 46 5 -64 6 0x1.2d93610f0886ap2 -0x1.f02aa768eb53bp5 0x1.1219d6beb608dp1 -0x1.62c71a45f237dp5 0x1.1219d6beb608dp1 -0x1.62c71a45f237dp5 -0x1.b798a50527ddp-2 -0x1.aac71a45f237ep4 -0x1.b798a50527ddp-2 -0x1.aac71a45f237ep4 -0x1.7fffffffffffep1 -0x1.2000000000008p3 -0x1.7fffffffffffep1 -0x1.2000000000008p3 -0x1.648675afad824p2 0x1.158e348be46f4p3 -0x1.648675afad824p2 0x1.158e348be46f4p3 -0x1.048675afad823p3 0x1.a58e348be46f2p4 -0x1.048675afad823p3 0x1.a58e348be46f2p4 -0x1.56c9b08784435p3 0x1.602aa768eb53ap5
DOORGENERAL 4 -79 -68 45 -60 45 -60 19 -20 19 -20 -105 -28 -105 -28 -79 -68 4 19 -20 143 -12 143 -12 117 28 117 28 -7 20 -7 20 19 -20 1 0x1.1p3 0 4 19 -20 143 -12 45 -60 19 -20 19 -20 -105 -28 -7 20 19 -20 1 0x1.3p4 -0x1.4p4 0x1.3p4 -0x1.4p4
DOORGENERAL 4 -98 -87 -26 -63 -26 -63 -32 -5 -32 -5 -104 -29 -104 -29 -98 -87 4 46 -39 118 -15 118 -15 112 43 112 43 40 19 40 19 46 -39 0 0x1.cp0 -1 0 0
DOORGENERAL 4 -130 -5 -10 1 -10 1 -30 59 -30 59 -150 53 -150 53 -130 -5 4 -100 -4 20 2 20 2 0 60 0 60 -120 54 -120 54 -100 -4 1 0x1.2p2 2 4 -130 -5 -10 1 -10 1 -30 59 0 60 -120 54 -120 54 -100 -4 2 -0x1.7d2cfd247dfcfp6 0x1.949a460ee7c04p-1 -0x1.04p6 0x1.b800000000001p4 -0x1.04p6 0x1.b800000000001p4 -0x1.15a605b704064p5 0x1.b1ad96e7c461p5
DOORGENERAL 4 -36 34 98 48 98 48 72 100 72 100 -62 86 -62 86 -36 34 4 98 48 232 62 232 62 206 114 206 114 72 100 72 100 98 48 1 0x1.8p-1 1 4 98 48 232 62 98 48 72 100 206 114 72 100 72 100 98 48 3 0x1.8314a58203032p6 0x1.93ad69f7f3f38p5 0x1.63b18c80ababbp6 0x1.089ce6fea8a89p6 0x1.63b18c80ababbp6 0x1.089ce6fea8a89p6 0x1.444e737f54545p6 0x1.4763190157576p6 0x1.444e737f54545p6 0x1.4763190157576p6 0x1.24eb5a7dfcfcep6 0x1.86294b0406064p6
DOORGENERAL 4 -1 -98 69 -76 69 -76 51 -28 51 -28 -19 -50 -19 -50 -1 -98 4 51 -28 121 -6 121 -6 103 42 103 42 33 20 33 20 51 -28 1 0x1.5p2 0 4 51 -28 121 -6 69 -76 51 -28 51 -28 -19 -50 33 20 51 -28 1 0x1.98p5 -0x1.cp4 0x1.98p5 -0x1.cp4
DOORGENERAL 4 -115 -53 11 -43 11 -43 -9 35 -9 35 -135 25 -135 25 -115 -53 4 137 -33 263 -23 263 -23 243 55 243 55 117 45 117 45 137 -33 0 0x1.38p3 -1 0 0
DOORGENERAL 4 13 -114 109 -102 109 -102 99 12 99 12 3 0 3 0 13 -114 4 37 -111 133 -99 133 -99 123 15 123 15 27 3 27 3 37 -111 1 0x1.1p2 2 4 37 -111 133 -99 109 -102 99 12 123 15 27 3 27 3 37 -111 2 0x1.599d28257b79ep5 -0x1.b8e62d7da8486p6 0x1.24p6 -0x1.aap6 0x1.24p6 -0x1.aap6 0x1.9b316bed42431p6 -0x1.9b19d28257b7ap6
DOORGENERAL 4 7 0 147 24 147 24 121 98 121 98 -19 74 -19 74 7 0 4 147 24 287 48 287 48 261 122 261 122 121 98 121 98 147 24 0 0x1.4p2 1 4 147 24 287 48 147 24 121 98 261 122 121 98 121 98 147 24 2 0x1.215bf4460cbf2p7 0x1.e9aae39da2b1ep4 0x1.0cp7 0x1.e8p5 0x1.0cp7 0x1.e8p5 0x1.ed481773e681dp6 0x1.6d95471897538p6
DOORGENERAL 4 -19 -10 105 2 105 2 97 64 97 64 -27 52 -27 52 -19 -10 4 97 64 221 76 221 76 213 138 213 138 89 126 89 126 97 64 0 0x1.1p3 0 4 97 64 221 76 105 2 97 64 97 64 -27 52 89 126 97 64 1 0x1.84p6 0x1.0p6 0x1.84p6 0x1.0p6
DOORGENERAL 4 -32 11 112 33 112 33 104 121 104 121 -40 99 -40 99 -32 11 4 256 55 400 77 400 77 392 165 392 165 248 143 248 143 256 55 0 0x1.4p3 -1 0 0
DOORGENERAL 4 -48 -118 98 -110 98 -110 88 12 88 12 -58 4 -58 4 -48 -118 4 -12 -116 134 -108 134 -108 124 14 124 14 -22 6 -22 6 -12 -116 1 0x1.2p3 2 4 -12 -116 134 -108 98 -110 88 12 88 12 -58 4 -22 6 -12 -116 2 0x1.685954dc93f49p6 -0x1.9951183dfd067p6 0x1.3p5 -0x1.9ffffffffffffp5 0x1.3p5 -0x1.9ffffffffffffp5 -0x1.c2caa6e49fa48p3 -0x1.abb9f080be6p0
DOORGENERAL 4 -86 -136 -36 -128 -36 -128 -54 -22 -54 -22 -104 -30 -104 -30 -86 -136 4 -36 -128 14 -120 14 -120 -4 -14 -4 -14 -54 -22 -54 -22 -36 -128 0 0x1.2p1 1 4 -36 -128 14 -120 -36 -128 -54 -22 -4 -14 -54 -22 -54 -22 -36 -128 3 -0x1.25b12d73a4549p5 -0x1.ef3d6bf29c238p6 -0x1.51e5b9d136c6ep5 -0x1.6d147950deb68p6 -0x1.51e5b9d136c6ep5 -0x1.6d147950deb68p6 -0x1.7e1a462ec9392p5 -0x1.d5d70d5e4293p5 -0x1.7e1a462ec9392p5 -0x1.d5d70d5e4293p5 -0x1.aa4ed28c5bab7p5 -0x1.a30a50358f72p4
DOORGENERAL 4 49 -133 127 -107 127 -107 107 -15 107 -15 29 -41 29 -41 49 -133 4 107 -15 185 11 185 11 165 103 165 103 87 77 87 77 107 -15 0 0x1.0p3 0 4 107 -15 185 11 127 -107 107 -15 107 -15 29 -41 87 77 107 -15 1 0x1.acp6 -0x1.ep3 0x1.acp6 -0x1.ep3
DOORGENERAL 4 35 -122 115 -114 115 -114 107 12 107 12 27 4 27 4 35 -122 4 195 -106 275 -98 275 -98 267 28 267 28 187 20 187 20 195 -106 0 0x1.3p2 -1 0 0
DOORGENERAL 4 -44 -88 20 -72 20 -72 -2 -20 -2 -20 -66 -36 -66 -36 -44 -88 4 -28 -84 36 -68 36 -68 14 -16 14 -16 -50 -32 -50 -32 -28 -84 1 0x1.6p2 2 4 -28 -84 36 -68 20 -72 -2 -20 14 -16 -50 -32 -50 -32 -28 -84 1 -0x1.4b9538eee9ef5p4 -0x1.48b9538eee9efp6 0x1.972a71ddd3decp3 -0x1.2746ac7111611p6
DOORGENERAL 4 -80 -111 58 -97 58 -97 46 -11 46 -11 -92 -25 -92 -25 -80 -111 4 58 -97 196 -83 196 -83 184 3 184 3 46 -11 46 -11 58 -97 0 0x1.0p2 1 4 58 -97 196 -83 58 -97 46 -11 184 3 46 -11 46 -11 58 -97 2 0x1.c95dd8df78287p5 -0x1.6c3af3cb6e90fp6 0x1.ap5 -0x1.bp5 0x1.ap5 -0x1.bp5 0x1.76a2272087d79p5 -0x1.0f1430d245bc4p4
DOORGENERAL 4 -76 -27 0 -11 0 -11 -18 65 -18 65 -94 49 -94 49 -76 -27 4 -18 65 58 81 58 81 40 157 40 157 -36 141 -36 141 -18 65 0 0x1.8p2 0 4 -18 65 58 81 0 -11 -18 65 -18 65 -94 49 -36 141 -18 65 1 -0x1.2p4 0x1.04p6 -0x1.2p4 0x1.04p6
DOORGENERAL 4 16 -7 108 15 108 15 92 139 92 139 0 117 0 117 16 -7 4 200 37 292 59 292 59 276 183 276 183 184 161 184 161 200 37 1 0x1.4p2 -1 0 0
DOORGENERAL 4 -36 -20 66 -8 66 -8 56 116 56 116 -46 104 -46 104 -36 -20 4 -11 -17 91 -5 91 -5 81 119 81 119 -21 107 -21 107 -11 -17 0 0x1.6p2 2 4 -11 -17 91 -5 66 -8 56 116 56 116 -46 104 -21 107 -11 -17 1 0x1.68p4 0x1.8cp5 0x1.68p4 0x1.8cp5
DOORGENERAL 4 -17 -109 105 -89 105 -89 83 33 83 33 -39 13 -39 13 -17 -109 4 105 -89 227 -69 227 -69 205 53 205 53 83 33 83 33 105 -89 0 0x1.4p2 1 4 105 -89 227 -69 105 -89 83 33 205 53 83 33 83 33 105 -89 2 0x1.9f07ed563dc82p6 -0x1.4871c70ccaf8dp6 0x1.78p6 -0x1.cp4 0x1.78p6 -0x1.cp4 0x1.50f812a9c237ep6 0x1.a1c71c332be34p4
DOORGENERAL 4 -6 -21 108 -13 108 -13 94 73 94 73 -20 65 -20 65 -6 -21 4 94 73 208 81 208 81 194 167 194 167 80 159 80 159 94 73 1 0x1.38p3 0 4 94 73 208 81 108 -13 94 73 94 73 -20 65 80 159 94 73 1 0x1.78p6 0x1.24p6 0x1.78p6 0x1.24p6
DOORGENERAL 4 -109 -64 23 -48 23 -48 13 46 13 46 -119 30 -119 30 -109 -64 4 155 -32 287 -16 287 -16 277 78 277 78 145 62 145 62 155 -32 0 0x1.dp2 -1 0 0
DOORGENERAL 4 49 -32 109 -22 109 -22 95 18 95 18 35 8 35 8 49 -32 4 64 -30 124 -20 124 -20 110 20 110 20 50 10 50 10 64 -30 0 0x1.ap1 2 4 49 -32 109 -22 109 -22 95 18 110 20 50 10 50 10 64 -30 1 0x1.3ep6 -0x1.8p2 0x1.3ep6 -0x1.8p2
DOORGENERAL 4 -65 -29 -5 -21 -5 -21 -25 81 -25 81 -85 73 -85 73 -65 -29 4 -5 -21 55 -13 55 -13 35 89 35 89 -25 81 -25 81 -5 -21 0 0x1.1p3 1 4 -5 -21 55 -13 -5 -21 -25 81 35 89 -25 81 -25 81 -5 -21 1 -0x1.c14d71cb31e03p2 -0x1.56475106a7379p3 -0x1.6faca38d3387fp4 0x1.1ac8ea20d4e6fp6
DOORGENERAL 4 -76 -14 34 -2 34 -2 18 102 18 102 -92 90 -92 90 -76 -14 4 18 102 128 114 128 114 112 218 112 218 2 206 2 206 18 102 0 0x1.7p2 0 4 18 102 128 114 34 -2 18 102 18 102 -92 90 2 206 18 102 1 0x1.2p4 0x1.98p6 0x1.2p4 0x1.98p6
DOORGENERAL 4 -63 -141 51 -115 51 -115 31 -11 31 -11 -83 -37 -83 -37 -63 -141 4 165 -89 279 -63 279 -63 259 41 259 41 145 15 145 15 165 -89 0 0x1.38p3 -1 0 0
DOORGENERAL 4 -39 -99 47 -83 47 -83 33 5 33 5 -53 -11 -53 -11 -39 -99 4 -18 -95 68 -79 68 -79 54 9 54 9 -32 -7 -32 -7 -18 -95 1 0x1.6p1 2 4 -18 -95 68 -79 47 -83 33 5 33 5 -53 -11 -32 -7 -18 -95 3 0x1.5c79368b0ffeap5 -0x1.3e7ad9249f534p6 0x1.3850cf075fff2p4 -0x1.c451e6186a378p5 0x1.3850cf075fff2p4 -0x1.c451e6186a378p5 -0x1.21433c1d7ffcp2 -0x1.0bae19e795c87p5 -0x1.21433c1d7ffcp2 -0x1.0bae19e795c87p5 -0x1.c8f26d161ffd2p4 -0x1.4c2936db0566p3
DOORGENERAL 4 26 -133 140 -117 140 -117 126 13 126 13 12 -3 12 -3 26 -133 4 140 -117 254 -101 254 -101 240 29 240 29 126 13 126 13 140 -117 1 0x1.28p3 1 4 140 -117 254 -101 140 -117 126 13 240 29 126 13 126 13 140 -117 2 0x1.1597422482ce7p7 -0x1.a7423a13c667fp6 0x1.0ap7 -0x1.ap5 0x1.0ap7 -0x1.ap5 0x1.fcd17bb6fa631p6 0x1.d08e84f199fcp0
DOORGENERAL 4 42 11 100 25 100 25 82 77 82 77 24 63 24 63 42 11 4 82 77 140 91 140 91 122 143 122 143 64 129 64 129 82 77 1 0x0.0p0 0 4 82 77 140 91 100 25 82 77 82 77 24 63 64 129 82 77 1 0x1.48p6 0x1.34p6 0x1.48p6 0x1.34p6
DOORGENERAL 4 -89 -107 17 -89 17 -89 -1 21 -1 21 -107 3 -107 3 -89 -107 4 123 -71 229 -53 229 -53 211 57 211 57 105 39 105 39 123 -71 1 0x1.2p2 -1 0 0
DOORGENERAL 4 -80 -53 -12 -47 -12 -47 -28 33 -28 33 -96 27 -96 27 -80 -53 4 -63 -52 5 -46 5 -46 -11 34 -11 34 -79 28 -79 28 -63 -52 1 0x1.ep2 2 4 -80 -53 -12 -47 -12 -47 -28 33 -11 34 -79 28 -79 28 -63 -52 1 -0x1.db6bbbbaf897dp5 -0x1.55f8c2bc7796dp5 -0x1.f928888a0ed06p4 0x1.7bf18578ef2dap4
DOORGENERAL 4 -67 34 59 58 59 58 43 112 43 112 -83 88 -83 88 -67 34 4 59 58 185 82 185 82 169 136 169 136 43 112 43 112 59 58 1 0x1.ep2 1 4 59 58 185 82 59 58 43 112 169 136 43 112 43 112 59 58 1 0x1.c268c70774d25p5 0x1.0c6f30236add2p6 0x1.6d9738f88b2dbp5 0x1.9b90cfdc9522ep6
DOORGENERAL 4 -9 -39 125 -33 125 -33 99 25 99 25 -35 19 -35 19 -9 -39 4 99 25 233 31 233 31 207 89 207 89 73 83 73 83 99 25 1 0x1.0p3 0 4 99 25 233 31 125 -33 99 25 99 25 -35 19 73 83 99 25 1 0x1.8cp6 0x1.9p4 0x1.8cp6 0x1.9p4
DOORGENERAL 4 -81 -134 -25 -116 -25 -116 -49 4 -49 4 -105 -14 -105 -14 -81 -134 4 31 -98 87 -80 87 -80 63 40 63 40 7 22 7 22 31 -98 1 0x1.ap2 -1 0 0
DOORGENERAL 4 4 37 70 43 70 43 48 83 48 83 -18 77 -18 77 4 37 4 20 38 86 44 86 44 64 84 64 84 -2 78 -2 78 20 38 1 0x1.2p2 2 4 4 37 70 43 70 43 48 83 64 84 -2 78 -2 78 20 38 1 0x1.74933f520de57p4 0x1.5f28519fa7915p5 0x1.65b66056f90d4p5 0x1.346bd7302c375p6
DOORGENERAL 4 -17 -125 93 -109 93 -109 67 -27 67 -27 -43 -43 -43 -43 -17 -125 4 93 -109 203 -93 203 -93 177 -11 177 -11 67 -27 67 -27 93 -109 1 0x1.1p2 1 4 93 -109 203 -93 93 -109 67 -27 177 -11 67 -27 67 -27 93 -109 2 0x1.6c71a3a898466p6 -0x1.9c2b52ec5667bp6 0x1.4p6 -0x1.1p6 0x1.4p6 -0x1.1p6 0x1.138e5c5767b9ap6 -0x1.07a95a2753308p5
DOORGENERAL 4 21 20 77 38 77 38 53 138 53 138 -3 120 -3 120 21 20 4 53 138 109 156 109 156 85 256 85 256 29 238 29 238 53 138 1 0x1.6p2 0 4 53 138 109 156 77 38 53 138 53 138 -3 120 29 238 53 138 1 0x1.a8p5 0x1.14p7 0x1.a8p5 0x1.14p7
DOORGENERAL 4 28 16 102 26 102 26 86 112 86 112 12 102 12 102 28 16 4 176 36 250 46 250 46 234 132 234 132 160 122 160 122 176 36 0 0x1.ap2 -1 0 0
DOORGENERAL 4 -99 -93 17 -75 17 -75 -1 -31 -1 -31 -117 -49 -117 -49 -99 -93 4 -70 -89 46 -71 46 -71 28 -27 28 -27 -88 -45 -88 -45 -70 -89 1 0x1.0p1 2 4 -99 -93 17 -75 17 -75 -1 -31 28 -27 -88 -45 -88 -45 -70 -89 3 -0x1.0c6952957c639p6 -0x1.57f4e5562fa49p6 -0x1.7046370e52ed2p5 -0x1.12a6f71cba8c3p6 -0x1.7046370e52ed2p5 -0x1.12a6f71cba8c3p6 -0x1.8f7391e35a262p4 -0x1.9ab211c68ae79p5 -0x1.8f7391e35a262p4 -0x1.9ab211c68ae79p5 -0x1.f2d5ad50739p1 -0x1.10163553a0b6dp5
DOORGENERAL 4 -52 -118 78 -104 78 -104 56 -26 56 -26 -74 -40 -74 -40 -52 -118 4 78 -104 208 -90 208 -90 186 -12 186 -12 56 -26 56 -26 78 -104 1 0x1.4p2 1 4 78 -104 208 -90 78 -104 56 -26 186 -12 56 -26 56 -26 78 -104 2 0x1.30662c6cedceep6 -0x1.850d29251c97cp6 0x1.0cp6 -0x1.04p6 0x1.0cp6 -0x1.04p6 0x1.cf33a72624623p5 -0x1.05e5adb5c6d08p5
DOORGENERAL 4 -72 -10 -4 14 -4 14 -28 78 -28 78 -96 54 -96 54 -72 -10 4 -28 78 40 102 40 102 16 166 16 166 -52 142 -52 142 -28 78 0 0x1.2p3 0 4 -28 78 40 102 -4 14 -28 78 -28 78 -96 54 -52 142 -28 78 1 -0x1.cp4 0x1.38p6 -0x1.cp4 0x1.38p6
DOORGENERAL 4 -101 -31 -7 -13 -7 -13 -31 43 -31 43 -125 25 -125 25 -101 -31 4 87 5 181 23 181 23 157 79 157 79 63 61 63 61 87 5 0 0x1.ep2 -1 0 0
DOORGENERAL 4 -103 26 25 34 25 34 9 98 9 98 -119 90 -119 90 -103 26 4 -71 28 57 36 57 36 41 100 41 100 -87 92 -87 92 -71 28 0 0x1.6p1 2 4 -71 28 57 36 25 34 9 98 41 100 -87 92 -87 92 -71 28 1 -0x1.fp4 0x1.f8p5 -0x1.fp4 0x1.f8p5
DOORGENERAL 4 -95 1 49 17 49 17 39 77 39 77 -105 61 -105 61 -95 1 4 49 17 193 33 193 33 183 93 183 93 39 77 39 77 49 17 1 0x1.ap1 1 4 49 17 193 33 49 17 39 77 183 93 39 77 39 77 49 17 2 0x1.811861d08d2ccp5 0x1.62db6a3961e7p4 0x1.6p5 0x1.78p5 0x1.6p5 0x1.78p5 0x1.3ee79e2f72d34p5 0x1.1f492571a7864p6
DOORGENERAL 4 47 -65 107 -41 107 -41 87 -1 87 -1 27 -25 27 -25 47 -65 4 87 -1 147 23 147 23 127 63 127 63 67 39 67 39 87 -1 1 0x1.38p3 0 4 87 -1 147 23 107 -41 87 -1 87 -1 27 -25 67 39 87 -1 1 0x1.5cp6 -0x1.0p0 0x1.5cp6 -0x1.0p0
DOORGENERAL 4 -66 -95 12 -79 12 -79 6 27 6 27 -72 11 -72 11 -66 -95 4 90 -63 168 -47 168 -47 162 59 162 59 84 43 84 43 90 -63 1 0x1.28p3 -1 0 0
DOORGENERAL 4 24 -107 134 -83 134 -83 110 -7 110 -7 0 -31 0 -31 24 -107 4 51 -101 161 -77 161 -77 137 -1 137 -1 27 -25 27 -25 51 -101 0 0x1.4p0 2 4 51 -101 161 -77 134 -83 110 -7 110 -7 0 -31 27 -25 51 -101 1 0x1.42p6 -0x1.bp5 0x1.42p6 -0x1.bp5
DOORGENERAL 4 -96 14 44 24 44 24 28 106 28 106 -112 96 -112 96 -96 14 4 44 24 184 34 184 34 168 116 168 116 28 106 28 106 44 24 0 0x1.9p2 1 4 44 24 184 34 44 24 28 106 168 116 28 106 28 106 44 24 2 0x1.535c3db007875p5 0x1.00c743d9d96a6p5 0x1.2p5 0x1.04p6 0x1.2p5 0x1.04p6 0x1.d947849ff0f16p4 0x1.879c5e13134adp6
DOORGENERAL 4 -63 -108 11 -82 11 -82 -3 -28 -3 -28 -77 -54 -77 -54 -63 -108 4 -3 -28 71 -2 71 -2 57 52 57 52 -17 26 -17 26 -3 -28 1 0x1.bp2 0 4 -3 -28 71 -2 11 -82 -3 -28 -3 -28 -77 -54 -17 26 -3 -28 1 -0x1.8p1 -0x1.cp4 -0x1.8p1 -0x1.cp4
DOORGENERAL 4 26 -13 152 -1 152 -1 132 57 132 57 6 45 6 45 26 -13 4 278 11 404 23 404 23 384 81 384 81 258 69 258 69 278 11 1 0x1.cp2 -1 0 0
DOORGENERAL 4 38 -66 142 -58 142 -58 120 70 120 70 16 62 16 62 38 -66 4 64 -64 168 -56 168 -56 146 72 146 72 42 64 42 64 64 -64 1 0x1.4p0 2 4 64 -64 168 -56 142 -58 120 70 146 72 42 64 42 64 64 -64 3 0x1.0cf632841245bp6 -0x1.fe01821310e19p5 0x1.6c5210d6b0c1ep6 -0x1.ef55d6065af5ep5 0x1.6c5210d6b0c1ep6 -0x1.ef55d6065af5ep5 0x1.cbadef294f3e1p6 -0x1.e0aa29f9a50a2p5 0x1.cbadef294f3e1p6 -0x1.e0aa29f9a50a2p5 0x1.1584e6bdf6dd2p7 -0x1.d1fe7decef1e7p5
DOORGENERAL 4 -63 -28 75 -8 75 -8 55 60 55 60 -83 40 -83 40 -63 -28 4 75 -8 213 12 213 12 193 80 193 80 55 60 55 60 75 -8 0 0x1.dp2 1 4 75 -8 213 12 75 -8 55 60 193 80 55 60 55 60 75 -8 1 0x1.218f521179adcp6 0x1.bf8e157df22ep-1 0x1.cce15bdd0ca47p5 0x1.9901c7aa08375p5
DOORGENERAL 4 34 -33 94 -21 94 -21 70 41 70 41 10 29 10 29 34 -33 4 70 41 130 53 130 53 106 115 106 115 46 103 46 103 70 41 1 0x1.8p-1 0 4 70 41 130 53 94 -21 70 41 70 41 10 29 46 103 70 41 1 0x1.18p6 0x1.48p5 0x1.18p6 0x1.48p5
DOORGENERAL 4 -25 3 121 17 121 17 115 75 115 75 -31 61 -31 61 -25 3 4 267 31 413 45 413 45 407 103 407 103 261 89 261 89 267 31 1 0x1.ap1 -1 0 0
DOORGENERAL 4 -46 -107 46 -87 46 -87 32 -35 32 -35 -60 -55 -60 -55 -46 -107 4 -23 -102 69 -82 69 -82 55 -30 55 -30 -37 -50 -37 -50 -23 -102 0 0x1.dp2 2 4 -23 -102 69 -82 46 -87 32 -35 55 -30 -37 -50 -37 -50 -23 -102 1 0x1.2p2 -0x1.12p6 0x1.2p2 -0x1.12p6
DOORGENERAL 4 7 3 95 23 95 23 81 111 81 111 -7 91 -7 91 7 3 4 95 23 183 43 183 43 169 131 169 131 81 111 81 111 95 23 1 0x1.3p2 1 4 95 23 183 43 95 23 81 111 169 131 81 111 81 111 95 23 2 0x1.77c205520b468p6 0x1.daa89ecc9b5c8p4 0x1.6p6 0x1.0cp6 0x1.6p6 0x1.0cp6 0x1.483dfaadf4b98p6 0x1.a155d84cd928ep6
DOORGENERAL 4 2 1 76 7 76 7 54 99 54 99 -20 93 -20 93 2 1 4 54 99 128 105 128 105 106 197 106 197 32 191 32 191 54 99 0 0x1.3p3 0 4 54 99 128 105 76 7 54 99 54 99 -20 93 32 191 54 99 1 0x1.bp5 0x1.8cp6 0x1.bp5 0x1.8cp6
DOORGENERAL 4 -75 -141 11 -121 11 -121 -5 -19 -5 -19 -91 -39 -91 -39 -75 -141 4 97 -101 183 -81 183 -81 167 21 167 21 81 1 81 1 97 -101 0 0x1.9p2 -1 0 0
DOORGENERAL 4 -60 5 82 21 82 21 56 109 56 109 -86 93 -86 93 -60 5 4 -25 9 117 25 117 25 91 113 91 113 -51 97 -51 97 -25 9 1 0x1.08p3 2 4 -25 9 117 25 82 21 56 109 56 109 -86 93 -51 97 -25 9 2 0x1.2453bfb6f0caep6 0x1.a22a7bdfc6d6fp4 0x1.fp3 0x1.d8p5 0x1.fp3 0x1.d8p5 -0x1.50a77f6de195cp5 0x1.6f7561080e4a4p6
DOORGENERAL 4 2 -9 122 -3 122 -3 110 81 110 81 -10 75 -10 75 2 -9 4 122 -3 242 3 242 3 230 87 230 87 110 81 110 81 122 -3 1 0x1.3p3 1 4 122 -3 242 3 122 -3 110 81 230 87 110 81 110 81 122 -3 1 0x1.e17e9f4288387p6 0x1.0c4d297233a92p3 0x1.be8160bd77c7ap6 0x1.16765ad1b98aep6
DOORGENERAL 4 16 -6 132 14 132 14 106 110 106 110 -10 90 -10 90 16 -6 4 106 110 222 130 222 130 196 226 196 226 80 206 80 206 106 110 1 0x1.9p2 0 4 106 110 222 130 132 14 106 110 106 110 -10 90 80 206 106 110 1 0x1.a8p6 0x1.b8p6 0x1.a8p6 0x1.b8p6
DOORGENERAL 4 -24 -89 52 -83 52 -83 46 5 46 5 -30 -1 -30 -1 -24 -89 4 128 -77 204 -71 204 -71 198 17 198 17 122 11 122 11 128 -77 1 0x1.6p2 -1 0 0
DOORGENERAL 4 -65 -96 29 -76 29 -76 17 -4 17 -4 -77 -24 -77 -24 -65 -96 4 -42 -91 52 -71 52 -71 40 1 40 1 -54 -19 -54 -19 -42 -91 1 0x1.ap1 2 4 -42 -91 52 -71 29 -76 17 -4 17 -4 -77 -24 -54 -19 -42 -91 2 0x1.8a694b76aad18p4 -0x1.23ba044551abp6 -0x1.9p3 -0x1.7c00000000001p5 -0x1.9p3 -0x1.7c00000000001p5 -0x1.8d34a5bb5568dp5 -0x1.6117eeeab9542p4
DOORGENERAL 4 -59 -72 41 -52 41 -52 25 52 25 52 -75 32 -75 32 -59 -72 4 41 -52 141 -32 141 -32 125 72 125 72 25 52 25 52 41 -52 1 0x1.0p3 1 4 41 -52 141 -32 41 -52 25 52 125 72 25 52 25 52 41 -52 2 0x1.3bd5de6e08992p5 -0x1.50ee25cb37e35p5 0x1.08p5 -0x1.0p-47 0x1.08p5 -0x1.0p-47 0x1.a8544323eecdcp4 0x1.50ee25cb37e34p5
DOORGENERAL 4 -36 -5 14 15 14 15 -10 95 -10 95 -60 75 -60 75 -36 -5 4 -10 95 40 115 40 115 16 195 16 195 -34 175 -34 175 -10 95 1 0x1.0p0 0 4 -10 95 40 115 14 15 -10 95 -10 95 -60 75 -34 175 -10 95 1 -0x1.4p3 0x1.7cp6 -0x1.4p3 0x1.7cp6
DOORGENERAL 4 -55 -49 -3 -23 -3 -23 -21 37 -21 37 -73 11 -73 11 -55 -49 4 49 3 101 29 101 29 83 89 83 89 31 63 31 63 49 3 0 0x1.8p2 -1 0 0
DOORGENERAL 4 -93 -133 -29 -113 -29 -113 -45 -25 -45 -25 -109 -45 -109 -45 -93 -133 4 -77 -128 -13 -108 -13 -108 -29 -20 -29 -20 -93 -40 -93 -40 -77 -128 1 0x1.0p1 2 4 -77 -128 -13 -108 -29 -113 -45 -25 -29 -20 -93 -40 -93 -40 -77 -128 2 -0x1.24ba7333da71bp6 -0x1.fb3a440034438p6 -0x1.a8p5 -0x1.e2p6 -0x1.a8p5 -0x1.e2p6 -0x1.068b19984b1cbp5 -0x1.c8c5bbffcbbc8p6
DOORGENERAL 4 -57 -9 33 7 33 7 25 49 25 49 -65 33 -65 33 -57 -9 4 33 7 123 23 123 23 115 65 115 65 25 49 25 49 33 7 0 0x1.2p3 1 4 33 7 123 23 33 7 25 49 115 65 25 49 25 49 33 7 1 0x1.ef117a13f32p4 0x1.1ce43f174397ep4 0x1.b0ee85ec0cep4 0x1.318de0745e341p5
DOORGENERAL 4 -123 -101 -13 -95 -13 -95 -21 23 -21 23 -131 17 -131 17 -123 -101 4 -21 23 89 29 89 29 81 147 81 147 -29 141 -29 141 -21 23 1 0x1.bp2 0 4 -21 23 89 29 -13 -95 -21 23 -21 23 -131 17 -29 141 -21 23 1 -0x1.5p4 0x1.7p4 -0x1.5p4 0x1.7p4
DOORGENERAL 4 -62 -100 30 -82 30 -82 18 32 18 32 -74 14 -74 14 -62 -100 4 122 -64 214 -46 214 -46 202 68 202 68 110 50 110 50 122 -64 1 0x1.ep2 -1 0 0
DOORGENERAL 4 -39 -118 29 -96 29 -96 21 -30 21 -30 -47 -52 -47 -52 -39 -118 4 -22 -113 46 -91 46 -91 38 -25 38 -25 -30 -47 -30 -47 -22 -113 1 0x1.8p1 2 4 -39 -118 29 -96 29 -96 21 -30 38 -25 -30 -47 -30 -47 -22 -113 2 -0x1.3bb6f72f3ac82p4 -0x1.b05f260cfc00cp6 -0x1.0p-1 -0x1.1ep6 -0x1.0p-1 -0x1.1ep6 0x1.2bb6f72f3ac82p4 -0x1.1741b3e607fe8p5
DOORGENERAL 4 -51 -25 9 -13 9 -13 1 61 1 61 -59 49 -59 49 -51 -25 4 9 -13 69 -1 69 -1 61 73 61 73 1 61 1 61 9 -13 0 0x1.8p2 1 4 9 -13 69 -1 9 -13 1 61 61 73 1 61 1 61 9 -13 1 0x1.047c11e77c984p3 -0x1.42f74b3a8101p2 0x1.dc1f70c41b3dcp0 0x1.a85ee96750202p5
DOORGENERAL 4 -118 -101 18 -79 18 -79 8 43 8 43 -128 21 -128 21 -118 -101 4 8 43 144 65 144 65 134 187 134 187 -2 165 -2 165 8 43 0 0x1.cp0 0 4 8 43 144 65 18 -79 8 43 8 43 -128 21 -2 165 8 43 1 0x1.0p3 0x1.58p5 0x1.0p3 0x1.58p5
DOORGENERAL 4 -102 -22 -22 -12 -22 -12 -32 70 -32 70 -112 60 -112 60 -102 -22 4 58 -2 138 8 138 8 128 90 128 90 48 80 48 80 58 -2 0 0x1.0p3 -1 0 0
DOORGENERAL 4 -3 -39 109 -15 109 -15 89 83 89 83 -23 59 -23 59 -3 -39 4 25 -33 137 -9 137 -9 117 89 117 89 5 65 5 65 25 -33 1 0x1.0p1 2 4 25 -33 137 -9 109 -15 89 83 117 89 5 65 5 65 25 -33 3 0x1.ce9450939a638p4 -0x1.014b89a70ae31p5 0x1.b26e0d6def10ap5 -0x1.ab87b11a07421p4 0x1.b26e0d6def10ap5 -0x1.ab87b11a07421p4 0x1.3ec8f9490877cp6 -0x1.54784ee5f8bep4 0x1.3ec8f9490877cp6 -0x1.54784ee5f8bep4 0x1.a45aebdb19672p6 -0x1.fad1d963d473cp3
DOORGENERAL 4 -57 -97 -7 -81 -7 -81 -13 27 -13 27 -63 11 -63 11 -57 -97 4 -7 -81 43 -65 43 -65 37 43 37 43 -13 27 -13 27 -7 -81 0 0x1.5p2 1 4 -7 -81 43 -65 -7 -81 -13 27 37 43 -13 27 -13 27 -7 -81 2 -0x1.d9bcf36856de1p2 -0x1.270b6e2a9e463p6 -0x1.4p3 -0x1.bp4 -0x1.4p3 -0x1.bp4 -0x1.9321864bd491p3 0x1.3c2db8aa7918cp4
DOORGENERAL 4 -2 -69 92 -53 92 -53 76 25 76 25 -18 9 -18 9 -2 -69 4 76 25 170 41 170 41 154 119 154 119 60 103 60 103 76 25 1 0x1.cp0 0 4 76 25 170 41 92 -53 76 25 76 25 -18 9 60 103 76 25 1 0x1.3p6 0x1.9p4 0x1.3p6 0x1.9p4
DOORGENERAL 4 -42 -79 70 -67 70 -67 62 63 62 63 -50 51 -50 51 -42 -79 4 182 -55 294 -43 294 -43 286 87 286 87 174 75 174 75 182 -55 0 0x1.4p3 -1 0 0
DOORGENERAL 4 -105 -41 19 -25 19 -25 13 61 13 61 -111 45 -111 45 -105 -41 4 -74 -37 50 -21 50 -21 44 65 44 65 -80 49 -80 49 -74 -37 0 0x1.0p2 2 4 -74 -37 50 -21 19 -25 13 61 44 65 -80 49 -80 49 -74 -37 1 -0x1.e8p4 0x1.8p3 -0x1.e8p4 0x1.8p3
DOORGENERAL 4 -71 -113 31 -93 31 -93 15 23 15 23 -87 3 -87 3 -71 -113 4 31 -93 133 -73 133 -73 117 43 117 43 15 23 15 23 31 -93 0 0x1.bp2 1 4 31 -93 133 -73 31 -93 15 23 117 43 15 23 15 23 31 -93 2 0x1.dcdeea6a70064p4 -0x1.515408e0eb0b4p6 0x1.7p4 -0x1.18p5 0x1.7p4 -0x1.18p5 0x1.032115958ff9cp4 0x1.caa04707585ap3
DOORGENERAL 4 -20 -66 76 -42 76 -42 60 64 60 64 -36 40 -36 40 -20 -66 4 60 64 156 88 156 88 140 194 140 194 44 170 44 170 60 64 0 0x1.0p-1 0 4 60 64 156 88 76 -42 60 64 60 64 -36 40 44 170 60 64 1 0x1.ep5 0x1.0p6 0x1.ep5 0x1.0p6
DOORGENERAL 4 -70 -153 78 -135 78 -135 56 -5 56 -5 -92 -23 -92 -23 -70 -153 4 226 -117 374 -99 374 -99 352 31 352 31 204 13 204 13 226 -117 0 0x1.4p3 -1 0 0
DOORGENERAL 4 -77 -69 53 -57 53 -57 43 63 43 63 -87 51 -87 51 -77 -69 4 -45 -66 85 -54 85 -54 75 66 75 66 -55 54 -55 54 -45 -66 0 0x1.6p2 2 4 -45 -66 85 -54 53 -57 43 63 43 63 -87 51 -55 54 -45 -66 1 -0x1.0p0 -0x1.8p0 -0x1.0p0 -0x1.8p0
DOORGENERAL 4 -57 -25 53 -3 53 -3 45 75 45 75 -65 53 -65 53 -57 -25 4 53 -3 163 19 163 19 155 97 155 97 45 75 45 75 53 -3 1 0x1.cp1 1 4 53 -3 163 19 53 -3 45 75 155 97 45 75 45 75 53 -3 2 0x1.a382bf32272b5p5 0x1.3c537d70219ecp1 0x1.88p5 0x1.2000000000001p5 0x1.88p5 0x1.2000000000001p5 0x1.6c7d40cdd8d4bp5 0x1.161d64147ef31p6
DOORGENERAL 4 -27 -51 53 -27 53 -27 45 21 45 21 -35 -3 -35 -3 -27 -51 4 45 21 125 45 125 45 117 93 117 93 37 69 37 69 45 21 0 0x1.2p2 0 4 45 21 125 45 53 -27 45 21 45 21 -35 -3 37 69 45 21 1 0x1.68p5 0x1.5p4 0x1.68p5 0x1.5p4
DOORGENERAL 4 13 -80 105 -54 105 -54 91 38 91 38 -1 12 -1 12 13 -80 4 197 -28 289 -2 289 -2 275 90 275 90 183 64 183 64 197 -28 1 0x1.28p3 -1 0 0
DOORGENERAL 4 -86 -40 44 -28 44 -28 18 88 18 88 -112 76 -112 76 -86 -40 4 -54 -37 76 -25 76 -25 50 91 50 91 -80 79 -80 79 -54 -37 0 0x1.6p2 2 4 -54 -37 76 -25 44 -28 18 88 18 88 -112 76 -80 79 -54 -37 1 -0x1.2p4 0x1.98p4 -0x1.2p4 0x1.98p4
DOORGENERAL 4 27 -110 95 -88 95 -88 79 14 79 14 11 -8 11 -8 27 -110 4 95 -88 163 -66 163 -66 147 36 147 36 79 14 79 14 95 -88 1 0x1.8p1 1 4 95 -88 163 -66 95 -88 79 14 147 36 79 14 79 14 95 -88 3 0x1.78e690a56183cp6 -0x1.4c3dda1e4da7cp6 0x1.65a2303720814p6 -0x1.a2d3e6bede6fdp5 0x1.65a2303720814p6 -0x1.a2d3e6bede6fdp5 0x1.525dcfc8df7ecp6 -0x1.5a58328243204p4 0x1.525dcfc8df7ecp6 -0x1.5a58328243204p4 0x1.3f196f5a9e7c4p6 0x1.21eed0f26d3ep3
DOORGENERAL 4 -39 11 55 35 55 35 41 91 41 91 -53 67 -53 67 -39 11 4 41 91 135 115 135 115 121 171 121 171 27 147 27 147 41 91 0 0x1.08p3 0 4 41 91 135 115 55 35 41 91 41 91 -53 67 27 147 41 91 1 0x1.48p5 0x1.6cp6 0x1.48p5 0x1.6cp6
DOORGENERAL 4 -103 -10 -5 8 -5 8 -13 96 -13 96 -111 78 -111 78 -103 -10 4 93 26 191 44 191 44 183 132 183 132 85 114 85 114 93 26 1 0x1.cp2 -1 0 0
DOORGENERAL 4 -2 -25 70 1 70 1 60 45 60 45 -12 19 -12 19 -2 -25 4 16 -19 88 7 88 7 78 51 78 51 6 25 6 25 16 -19 0 0x1.18p3 2 4 -2 -25 70 1 70 1 60 45 78 51 6 25 6 25 16 -19 1 0x1.3p5 0x1.ap3 0x1.3p5 0x1.ap3
DOORGENERAL 4 13 -120 95 -100 95 -100 79 0 79 0 -3 -20 -3 -20 13 -120 4 95 -100 177 -80 177 -80 161 20 161 20 79 0 79 0 95 -100 1 0x1.9p2 1 4 95 -100 177 -80 95 -100 79 0 161 20 79 0 79 0 95 -100 2 0x1.76c94bd6d20cep6 -0x1.6f6a19fea0d06p6 0x1.5cp6 -0x1.9000000000001p5 0x1.5cp6 -0x1.9000000000001p5 0x1.4136b4292df32p6 -0x1.04af300af97d8p3
DOORGENERAL 4 -45 -11 61 7 61 7 41 119 41 119 -65 101 -65 101 -45 -11 4 41 119 147 137 147 137 127 249 127 249 21 231 21 231 41 119 1 0x1.7p2 0 4 41 119 147 137 61 7 41 119 41 119 -65 101 21 231 41 119 1 0x1.48p5 0x1.dcp6 0x1.48p5 0x1.dcp6
DOORGENERAL 4 -8 18 48 40 48 40 26 114 26 114 -30 92 -30 92 -8 18 4 104 62 160 84 160 84 138 158 138 158 82 136 82 136 104 62 1 0x1.0p-2 -1 0 0
DOORGENERAL 4 -116 -17 8 3 8 3 2 113 2 113 -122 93 -122 93 -116 -17 4 -85 -12 39 8 39 8 33 118 33 118 -91 98 -91 98 -85 -12 1 0x1.8p1 2 4 -85 -12 39 8 8 3 2 113 33 118 -91 98 -91 98 -85 -12 2 -0x1.404153517974bp6 -0x1.6685d6dcbdbfep3 -0x1.34p5 -0x1.2000000000001p2 -0x1.34p5 -0x1.2000000000001p2 0x1.882a6a2f2e96p1 0x1.1a175b72f6ff4p1
DOORGENERAL 4 -28 1 36 23 36 23 24 67 24 67 -40 45 -40 45 -28 1 4 36 23 100 45 100 45 88 89 88 89 24 67 24 67 36 23 0 0x1.38p3 1 4 36 23 100 45 36 23 24 67 88 89 24 67 24 67 36 23 1 0x1.074457be44c42p5 0x1.12b0139bae865p5 0x1.b17750837677dp4 0x1.bd4fec645179bp5
DOORGENERAL 4 -126 -86 22 -60 22 -60 8 64 8 64 -140 38 -140 38 -126 -86 4 8 64 156 90 156 90 142 214 142 214 -6 188 -6 188 8 64 0 0x1.0p-2 0 4 8 64 156 90 22 -60 8 64 8 64 -140 38 -6 188 8 64 1 0x1.0p3 0x1.0p6 0x1.0p3 0x1.0p6
DOORGENERAL 4 -133 -20 1 -2 1 -2 -13 52 -13 52 -147 34 -147 34 -133 -20 4 135 16 269 34 269 34 255 88 255 88 121 70 121 70 135 16 1 0x1.bp2 -1 0 0
DOORGENERAL 4 15 -102 95 -88 95 -88 87 -34 87 -34 7 -48 7 -48 15 -102 4 35 -99 115 -85 115 -85 107 -31 107 -31 27 -45 27 -45 35 -99 0 0x1.0p-1 2 4 15 -102 95 -88 95 -88 87 -34 107 -31 27 -45 27 -45 35 -99 1 0x1.e8p5 -0x1.0ap6 0x1.e8p5 -0x1.0ap6
DOORGENERAL 4 50 -59 112 -49 112 -49 102 13 102 13 40 3 40 3 50 -59 4 112 -49 174 -39 174 -39 164 23 164 23 102 13 102 13 112 -49 0 0x1.cp0 1 4 112 -49 174 -39 112 -49 102 13 164 23 102 13 102 13 112 -49 2 0x1.bd9c8c24b1cap6 -0x1.6a61fcfa362f1p5 0x1.acp6 -0x1.2p4 0x1.acp6 -0x1.2p4 0x1.9a6373db4e36p6 0x1.2987f3e8d8bc4p3
DOORGENERAL 4 -6 -26 92 0 92 0 80 64 80 64 -18 38 -18 38 -6 -26 4 80 64 178 90 178 90 166 154 166 154 68 128 68 128 80 64 1 0x1.0p0 0 4 80 64 178 90 92 0 80 64 80 64 -18 38 68 128 80 64 1 0x1.4p6 0x1.0p6 0x1.4p6 0x1.0p6
DOORGENERAL 4 -44 -85 8 -77 8 -77 -6 19 -6 19 -58 11 -58 11 -44 -85 4 60 -69 112 -61 112 -61 98 35 98 35 46 27 46 27 60 -69 1 0x1.6p2 -1 0 0
DOORGENERAL 4 43 -34 131 -16 131 -16 113 28 113 28 25 10 25 10 43 -34 4 65 -30 153 -12 153 -12 135 32 135 32 47 14 47 14 65 -30 0 0x1.cp2 2 4 43 -34 131 -16 131 -16 113 28 135 32 47 14 47 14 65 -30 1 0x1.64p6 -0x1.0p0 0x1.64p6 -0x1.0p0
DOORGENERAL 4 -1 -128 97 -120 97 -120 73 -26 73 -26 -25 -34 -25 -34 -1 -128 4 97 -120 195 -112 195 -112 171 -18 171 -18 73 -26 73 -26 97 -120 1 0x1.38p3 1 4 97 -120 195 -112 97 -120 73 -26 171 -18 73 -26 73 -26 97 -120 1 0x1.785f7c1b643bap6 -0x1.b275fb6b48942p6 0x1.2fa083e49bc46p6 -0x1.2b1409296ed7ap5
DOORGENERAL 4 -26 -100 28 -84 28 -84 10 -8 10 -8 -44 -24 -44 -24 -26 -100 4 10 -8 64 8 64 8 46 84 46 84 -8 68 -8 68 10 -8 1 0x1.fp2 0 4 10 -8 64 8 28 -84 10 -8 10 -8 -44 -24 -8 68 10 -8 1 0x1.4p3 -0x1.0p3 0x1.4p3 -0x1.0p3
DOORGENERAL 4 50 6 112 16 112 16 102 130 102 130 40 120 40 120 50 6 4 174 26 236 36 236 36 226 150 226 150 164 140 164 140 174 26 1 0x1.2p3 -1 0 0
DOORGENERAL 4 -35 -40 17 -16 17 -16 9 104 9 104 -43 80 -43 80 -35 -40 4 -22 -34 30 -10 30 -10 22 110 22 110 -30 86 -30 86 -22 -34 0 0x1.1p3 2 4 -22 -34 30 -10 17 -16 9 104 22 110 -30 86 -30 86 -22 -34 1 -0x1.ap2 0x1.18p5 -0x1.ap2 0x1.18p5
DOORGENERAL 4 -81 -104 31 -96 31 -96 23 -8 23 -8 -89 -16 -89 -16 -81 -104 4 31 -96 143 -88 143 -88 135 0 135 0 23 -8 23 -8 31 -96 0 0x1.ap1 1 4 31 -96 143 -88 31 -96 23 -8 135 0 23 -8 23 -8 31 -96 2 0x1.e8651e8b90c99p4 -0x1.6b1613ffce2a5p6 0x1.bp4 -0x1.ap5 0x1.bp4 -0x1.ap5 0x1.779ae1746f367p4 -0x1.a74f60018ead8p3
DOORGENERAL 4 -24 -57 96 -43 96 -43 72 81 72 81 -48 67 -48 67 -24 -57 4 72 81 192 95 192 95 168 219 168 219 48 205 48 205 72 81 1 0x1.8p0 0 4 72 81 192 95 96 -43 72 81 72 81 -48 67 48 205 72 81 1 0x1.2p6 0x1.44p6 0x1.2p6 0x1.44p6
DOORGENERAL 4 -74 4 26 18 26 18 16 126 16 126 -84 112 -84 112 -74 4 4 126 32 226 46 226 46 216 154 216 154 116 140 116 140 126 32 0 0x1.8p2 -1 0 0
DOORGENERAL 4 -9 -15 135 3 135 3 115 65 115 65 -29 47 -29 47 -9 -15 4 27 -11 171 7 171 7 151 69 151 69 7 51 7 51 27 -11 0 0x1.7p2 2 4 -9 -15 135 3 135 3 115 65 151 69 7 51 7 51 27 -11 1 0x1.1cp6 0x1.bp4 0x1.1cp6 0x1.bp4
DOORGENERAL 4 36 -6 144 0 144 0 124 88 124 88 16 82 16 82 36 -6 4 144 0 252 6 252 6 232 94 232 94 124 88 124 88 144 0 0 0x1.0p0 1 4 144 0 252 6 144 0 124 88 232 94 124 88 124 88 144 0 4 0x1.1eab97093fe44p7 0x1.767375d351b0fp1 0x1.1555cb849ff22p7 0x1.7767375d351b2p4 0x1.1555cb849ff22p7 0x1.7767375d351b2p4 0x1.0cp7 0x1.6000000000001p5 0x1.0cp7 0x1.6000000000001p5 0x1.02aa347b600dep7 0x1.02263228b2b94p6 0x1.02aa347b600dep7 0x1.02263228b2b94p6 0x1.f2a8d1ed80377p6 0x1.544c645165728p6
DOORGENERAL 4 -25 -58 125 -38 125 -38 115 2 115 2 -35 -18 -35 -18 -25 -58 4 115 2 265 22 265 22 255 62 255 62 105 42 105 42 115 2 0 0x1.28p3 0 4 115 2 265 22 125 -38 115 2 115 2 -35 -18 105 42 115 2 1 0x1.ccp6 0x1.0p1 0x1.ccp6 0x1.0p1
DOORGENERAL 4 -101 11 -27 27 -27 27 -33 131 -33 131 -107 115 -107 115 -101 11 4 47 43 121 59 121 59 115 163 115 163 41 147 41 147 47 43 0 0x1.0p1 -1 0 0
DOORGENERAL 4 23 -63 73 -41 73 -41 51 25 51 25 1 3 1 3 23 -63 4 35 -58 85 -36 85 -36 63 30 63 30 13 8 13 8 35 -58 1 0x1.28p3 2 4 23 -63 73 -41 73 -41 51 25 63 30 13 8 13 8 35 -58 1 0x1.28a651e6e0fa8p5 -0x1.75b99ce003a92p5 0x1.8759ae191f058p5 0x1.b6e673800ea48p3
DOORGENERAL 4 -31 -88 67 -70 67 -70 57 60 57 60 -41 42 -41 42 -31 -88 4 67 -70 165 -52 165 -52 155 78 155 78 57 60 57 60 67 -70 1 0x1.0p3 1 4 67 -70 165 -52 67 -70 57 60 155 78 57 60 57 60 67 -70 2 0x1.08eea0badee4ep6 -0x1.e03c52faa33f8p5 0x1.fp5 -0x1.4p2 0x1.fp5 -0x1.4p2 0x1.ce22be8a42363p5 0x1.903c52faa33f8p5
DOORGENERAL 4 -86 -4 -28 20 -28 20 -36 124 -36 124 -94 100 -94 100 -86 -4 4 -36 124 22 148 22 148 14 252 14 252 -44 228 -44 228 -36 124 0 0x1.0p2 0 4 -36 124 22 148 -28 20 -36 124 -36 124 -94 100 -44 228 -36 124 1 -0x1.2p5 0x1.fp6 -0x1.2p5 0x1.fp6
DOORGENERAL 4 -26 10 106 32 106 32 98 74 98 74 -34 52 -34 52 -26 10 4 238 54 370 76 370 76 362 118 362 118 230 96 230 96 238 54 0 0x1.4p1 -1 0 0
DOORGENERAL 4 9 -22 99 -6 99 -6 75 38 75 38 -15 22 -15 22 9 -22 4 31 -18 121 -2 121 -2 97 42 97 42 7 26 7 26 31 -18 0 0x1.2p2 2 4 31 -18 121 -2 99 -6 75 38 75 38 -15 22 7 26 31 -18 1 0x1.a8p5 0x1.4p3 0x1.a8p5 0x1.4p3
DOORGENERAL 4 -53 16 13 22 13 22 -7 118 -7 118 -73 112 -73 112 -53 16 4 13 22 79 28 79 28 59 124 59 124 -7 118 -7 118 13 22 0 0x1.7p2 1 4 13 22 79 28 13 22 -7 118 59 124 -7 118 -7 118 13 22 2 0x1.6d6b5a314fcd8p3 0x1.d964c12340793p4 0x1.8p1 0x1.18p6 0x1.8p1 0x1.18p6 -0x1.5ad6b4629f9bp2 0x1.b9a6cfb72fe1bp6
DOORGENERAL 4 -27 -92 111 -68 111 -68 103 -12 103 -12 -35 -36 -35 -36 -27 -92 4 103 -12 241 12 241 12 233 68 233 68 95 44 95 44 103 -12 1 0x1.9p2 0 4 103 -12 241 12 111 -68 103 -12 103 -12 -35 -36 95 44 103 -12 1 0x1.9cp6 -0x1.8p3 0x1.9cp6 -0x1.8p3
DOORGENERAL 4 -41 -22 77 -8 77 -8 57 58 57 58 -61 44 -61 44 -41 -22 4 195 6 313 20 313 20 293 86 293 86 175 72 175 72 195 6 1 0x1.ep1 -1 0 0
DOORGENERAL 4 25 -7 123 19 123 19 109 95 109 95 11 69 11 69 25 -7 4 49 -1 147 25 147 25 133 101 133 101 35 75 35 75 49 -1 0 0x1.cp1 2 4 25 -7 123 19 123 19 109 95 133 101 35 75 35 75 49 -1 1 0x1.3cp6 0x1.78p5 0x1.3cp6 0x1.78p5
DOORGENERAL 4 -118 -20 -10 -8 -10 -8 -28 62 -28 62 -136 50 -136 50 -118 -20 4 -10 -8 98 4 98 4 80 74 80 74 -28 62 -28 62 -10 -8 1 0x1.8p2 1 4 -10 -8 98 4 -10 -8 -28 62 80 74 -28 62 -28 62 -10 -8 1 -0x1.7fc1275159336p3 -0x1.021b1c02dc5ap-2 -0x1.a01f6c5753665p4 0x1.b204363805b8cp5
DOORGENERAL 4 -126 -63 10 -39 10 -39 -14 51 -14 51 -150 27 -150 27 -126 -63 4 -14 51 122 75 122 75 98 165 98 165 -38 141 -38 141 -14 51 1 0x1.8p-1 0 4 -14 51 122 75 10 -39 -14 51 -14 51 -150 27 -38 141 -14 51 1 -0x1.cp3 0x1.98p5 -0x1.cp3 0x1.98p5
DOORGENERAL 4 4 -21 116 -11 116 -11 110 91 110 91 -2 81 -2 81 4 -21 4 228 -1 340 9 340 9 334 111 334 111 222 101 222 101 228 -1 0 0x1.9p2 -1 0 0
DOORGENERAL 4 -114 -1 16 21 16 21 0 91 0 91 -130 69 -130 69 -114 -1 4 -82 4 48 26 48 26 32 96 32 96 -98 74 -98 74 -82 4 1 0x1.1p3 2 4 -114 -1 16 21 16 21 0 91 32 96 -98 74 -98 74 -82 4 2 -0x1.2b624b14fb516p6 0x1.7ffc03f8f8adap3 -0x1.48p5 0x1.7cp5 -0x1.48p5 0x1.7cp5 -0x1.c9db4eb04aeap2 0x1.4c007f80e0ea5p6
DOORGENERAL 4 1 -9 55 3 55 3 33 89 33 89 -21 77 -21 77 1 -9 4 55 3 109 15 109 15 87 101 87 101 33 89 33 89 55 3 1 0x1.8p-1 1 4 55 3 109 15 55 3 33 89 87 101 33 89 33 89 55 3 4 0x1.b28c3400ba30cp5 0x1.6a825fe94151dp2 0x1.89461a005d186p5 0x1.9d504bfd282a3p4 0x1.89461a005d186p5 0x1.9d504bfd282a3p4 0x1.6p5 0x1.7p5 0x1.6p5 0x1.7p5 0x1.36b9e5ffa2e7ap5 0x1.08abed00b5f56p6 0x1.36b9e5ffa2e7ap5 0x1.08abed00b5f56p6 0x1.0d73cbff45cf4p5 0x1.5957da016beaep6
DOORGENERAL 4 -4 14 74 20 74 20 48 86 48 86 -30 80 -30 80 -4 14 4 48 86 126 92 126 92 100 158 100 158 22 152 22 152 48 86 0 0x1.2p1 0 4 48 86 126 92 74 20 48 86 48 86 -30 80 22 152 48 86 1 0x1.8p5 0x1.58p6 0x1.8p5 0x1.58p6
DOORGENERAL 4 -100 -149 -16 -123 -16 -123 -24 -9 -24 -9 -108 -35 -108 -35 -100 -149 4 68 -97 152 -71 152 -71 144 43 144 43 60 17 60 17 68 -97 1 0x1.6p2 -1 0 0
DOORGENERAL 4 -28 -121 22 -97 22 -97 8 -1 8 -1 -42 -25 -42 -25 -28 -121 4 -16 -115 34 -91 34 -91 20 5 20 5 -30 -19 -30 -19 -16 -115 1 0x1.2p1 2 4 -16 -115 34 -91 22 -97 8 -1 8 -1 -42 -25 -30 -19 -16 -115 3 0x1.39a3a652c81cep4 -0x1.74fa4558ac3b1p6 0x1.ef09bb876af7cp1 -0x1.16fe171d8ebe6p6 0x1.ef09bb876af7cp1 -0x1.16fe171d8ebe6p6 -0x1.7bc26ee1dabdep3 -0x1.7203d1c4e2835p5 -0x1.7bc26ee1dabdep3 -0x1.7203d1c4e2835p5 -0x1.b9a3a652c81cdp4 -0x1.6c16ea9d4f13cp4
DOORGENERAL 4 -100 -20 -32 -10 -32 -10 -58 92 -58 92 -126 82 -126 82 -100 -20 4 -32 -10 36 0 36 0 10 102 10 102 -58 92 -58 92 -32 -10 1 0x1.8p0 1 4 -32 -10 36 0 -32 -10 -58 92 10 102 -58 92 -58 92 -32 -10 4 -0x1.06ea85c65d119p5 -0x1.a6f0d49abe761p2 -0x1.377542e32e88cp5 0x1.1321e56ca8314p4 -0x1.377542e32e88cp5 0x1.1321e56ca8314p4 -0x1.68p5 0x1.48p5 -0x1.68p5 0x1.48p5 -0x1.988abd1cd1774p5 0x1.033786a4d5f3bp6 -0x1.988abd1cd1774p5 0x1.033786a4d5f3bp6 -0x1.c9157a39a2ee7p5 0x1.626f0d49abe76p6
DOORGENERAL 4 -53 39 31 59 31 59 13 101 13 101 -71 81 -71 81 -53 39 4 13 101 97 121 97 121 79 163 79 163 -5 143 -5 143 13 101 0 0x1.1p3 0 4 13 101 97 121 31 59 13 101 13 101 -71 81 -5 143 13 101 1 0x1.ap3 0x1.94p6 0x1.ap3 0x1.94p6
DOORGENERAL 4 -52 -129 2 -117 2 -117 -18 -17 -18 -17 -72 -29 -72 -29 -52 -129 4 56 -105 110 -93 110 -93 90 7 90 7 36 -5 36 -5 56 -105 1 0x1.ap2 -1 0 0
DOORGENERAL 4 -115 -110 -31 -96 -31 -96 -45 26 -45 26 -129 12 -129 12 -115 -110 4 -94 -107 -10 -93 -10 -93 -24 29 -24 29 -108 15 -108 15 -94 -107 0 0x1.0p1 2 4 -115 -110 -31 -96 -31 -96 -45 26 -24 29 -108 15 -108 15 -94 -107 1 -0x1.16p6 -0x1.44p5 -0x1.16p6 -0x1.44p5
DOORGENERAL 4 -97 -14 -21 -6 -21 -6 -35 52 -35 52 -111 44 -111 44 -97 -14 4 -21 -6 55 2 55 2 41 60 41 60 -35 52 -35 52 -21 -6 0 0x1.2p1 1 4 -21 -6 55 2 -21 -6 -35 52 41 60 -35 52 -35 52 -21 -6 2 -0x1.5ff49f559fdp4 -0x1.de5fe2f8e7dcp0 -0x1.cp4 0x1.7p4 -0x1.cp4 0x1.7p4 -0x1.1005b0553018p5 0x1.7ef2ff17c73eep5
DOORGENERAL 4 -54 -11 -4 7 -4 7 -22 101 -22 101 -72 83 -72 83 -54 -11 4 -22 101 28 119 28 119 10 213 10 213 -40 195 -40 195 -22 101 1 0x1.dp2 0 4 -22 101 28 119 -4 7 -22 101 -22 101 -72 83 -40 195 -22 101 1 -0x1.6p4 0x1.94p6 -0x1.6p4 0x1.94p6
DOORGENERAL 4 -40 -72 92 -66 92 -66 86 -24 86 -24 -46 -30 -46 -30 -40 -72 4 224 -60 356 -54 356 -54 350 -12 350 -12 218 -18 218 -18 224 -60 0 0x1.ap1 -1 0 0
DOORGENERAL 4 5 -105 89 -91 89 -91 63 -25 63 -25 -21 -39 -21 -39 5 -105 4 26 -102 110 -88 110 -88 84 -22 84 -22 0 -36 0 -36 26 -102 0 0x1.3p2 2 4 5 -105 89 -91 89 -91 63 -25 84 -22 0 -36 0 -36 26 -102 1 0x1.64p5 -0x1.fcp5 0x1.64p5 -0x1.fcp5
DOORGENERAL 4 26 -115 150 -99 150 -99 132 -3 132 -3 8 -19 8 -19 26 -115 4 150 -99 274 -83 274 -83 256 13 256 13 132 -3 132 -3 150 -99 1 0x1.38p3 1 4 150 -99 274 -83 150 -99 132 -3 256 13 132 -3 132 -3 150 -99 1 0x1.27ab51f6dde52p7 -0x1.5dce14f3e98c1p6 0x1.0c54ae09221aep7 -0x1.d18f5860b39f8p3
DOORGENERAL 4 -99 -65 -15 -57 -15 -57 -27 21 -27 21 -111 13 -111 13 -99 -65 4 -27 21 57 29 57 29 45 107 45 107 -39 99 -39 99 -27 21 0 0x1.3p3 0 4 -27 21 57 29 -15 -57 -27 21 -27 21 -111 13 -39 99 -27 21 1 -0x1.bp4 0x1.5p4 -0x1.bp4 0x1.5p4
DOORGENERAL 4 -65 -112 -5 -94 -5 -94 -25 -38 -25 -38 -85 -56 -85 -56 -65 -112 4 55 -76 115 -58 115 -58 95 -2 95 -2 35 -20 35 -20 55 -76 1 0x1.5p2 -1 0 0
DOORGENERAL 4 -22 -106 64 -88 64 -88 48 -12 48 -12 -38 -30 -38 -30 -22 -106 4 -1 -102 85 -84 85 -84 69 -8 69 -8 -17 -26 -17 -26 -1 -102 0 0x1.8p1 2 4 -22 -106 64 -88 64 -88 48 -12 69 -8 -17 -26 -17 -26 -1 -102 1 0x1.78p4 -0x1.c8p5 0x1.78p4 -0x1.c8p5
DOORGENERAL 4 29 -61 87 -47 87 -47 73 75 73 75 15 61 15 61 29 -61 4 87 -47 145 -33 145 -33 131 89 131 89 73 75 73 75 87 -47 1 0x1.7p2 1 4 87 -47 145 -33 87 -47 73 75 131 89 73 75 73 75 87 -47 2 0x1.58773fc4fb4fcp6 -0x1.3a677bfb65249p5 0x1.4p6 0x1.bfffffffffffcp3 0x1.4p6 0x1.bfffffffffffcp3 0x1.2788c03b04b04p6 0x1.0d33bdfdb2924p6
DOORGENERAL 4 -56 24 46 44 46 44 26 92 26 92 -76 72 -76 72 -56 24 4 26 92 128 112 128 112 108 160 108 160 6 140 6 140 26 92 0 0x1.38p3 0 4 26 92 128 112 46 44 26 92 26 92 -76 72 6 140 26 92 1 0x1.ap4 0x1.7p6 0x1.ap4 0x1.7p6
DOORGENERAL 4 -92 35 42 41 42 41 30 119 30 119 -104 113 -104 113 -92 35 4 176 47 310 53 310 53 298 131 298 131 164 125 164 125 176 47 0 0x1.2p2 -1 0 0
DOORGENERAL 4 15 -104 93 -88 93 -88 87 -38 87 -38 9 -54 9 -54 15 -104 4 34 -100 112 -84 112 -84 106 -34 106 -34 28 -50 28 -50 34 -100 1 0x1.08p3 2 4 34 -100 112 -84 93 -88 87 -38 87 -38 9 -54 28 -50 34 -100 1 0x1.50833b74454ecp6 -0x1.4afb96012db8p6 0x1.26f9891775628p5 -0x1.ba08d3fda48ffp5
DOORGENERAL 4 -3 -38 137 -32 137 -32 123 60 123 60 -17 54 -17 54 -3 -38 4 137 -32 277 -26 277 -26 263 66 263 66 123 60 123 60 137 -32 1 0x1.dp2 1 4 137 -32 277 -26 137 -32 123 60 263 66 123 60 123 60 137 -32 2 0x1.0f3781b73d779p7 -0x1.6daf35a131b0ap4 0x1.04p7 0x1.c000000000004p3 0x1.04p7 0x1.c000000000004p3 0x1.f190fc918510fp6 0x1.96d79ad098d86p5
DOORGENERAL 4 -109 -68 -11 -48 -11 -48 -29 72 -29 72 -127 52 -127 52 -109 -68 4 -29 72 69 92 69 92 51 212 51 212 -47 192 -47 192 -29 72 0 0x1.0p-1 0 4 -29 72 69 92 -11 -48 -29 72 -29 72 -127 52 -47 192 -29 72 1 -0x1.dp4 0x1.2p6 -0x1.dp4 0x1.2p6
DOORGENERAL 4 -62 -112 10 -92 10 -92 -12 8 -12 8 -84 -12 -84 -12 -62 -112 4 82 -72 154 -52 154 -52 132 48 132 48 60 28 60 28 82 -72 0 0x1.0p2 -1 0 0
DOORGENERAL 4 -116 -113 18 -87 18 -87 -2 21 -2 21 -136 -5 -136 -5 -116 -113 4 -83 -107 51 -81 51 -81 31 27 31 27 -103 1 -103 1 -83 -107 0 0x1.3p3 2 4 -116 -113 18 -87 18 -87 -2 21 31 27 -103 1 -103 1 -83 -107 1 -0x1.54p5 -0x1.5800000000001p5 -0x1.54p5 -0x1.5800000000001p5
DOORGENERAL 4 -3 21 137 45 137 45 123 111 123 111 -17 87 -17 87 -3 21 4 137 45 277 69 277 69 263 135 263 135 123 111 123 111 137 45 0 0x1.0p3 1 4 137 45 277 69 137 45 123 111 263 135 123 111 123 111 137 45 1 0x1.0dd9941582a71p7 0x1.b6423c213bb15p5 0x1.f44cd7d4fab1dp6 0x1.94dee1ef62276p6
DOORGENERAL 4 -61 -34 89 -26 89 -26 63 34 63 34 -87 26 -87 26 -61 -34 4 63 34 213 42 213 42 187 102 187 102 37 94 37 94 63 34 1 0x1.7p2 0 4 63 34 213 42 89 -26 63 34 63 34 -87 26 37 94 63 34 1 0x1.f8p5 0x1.1p5 0x1.f8p5 0x1.1p5
DOORGENERAL 4 50 -56 124 -44 124 -44 106 10 106 10 32 -2 32 -2 50 -56 4 198 -32 272 -20 272 -20 254 34 254 34 180 22 180 22 198 -32 0 0x1.6p2 -1 0 0
DOORGENERAL 4 -122 -77 10 -67 10 -67 -6 -1 -6 -1 -138 -11 -138 -11 -122 -77 4 -89 -75 43 -65 43 -65 27 1 27 1 -105 -9 -105 -9 -89 -75 1 0x1.4p2 2 4 -122 -77 10 -67 10 -67 -6 -1 27 1 -105 -9 -105 -9 -89 -75 2 -0x1.4f6d581208c25p6 -0x1.17924d85437e7p6 -0x1.7cp5 -0x1.3p5 -0x1.7cp5 -0x1.3p5 -0x1.64953f6fb9ed8p3 -0x1.86db27abc818p2
DOORGENERAL 4 -69 33 -15 39 -15 39 -31 115 -31 115 -85 109 -85 109 -69 33 4 -15 39 39 45 39 45 23 121 23 121 -31 115 -31 115 -15 39 1 0x1.4p0 1 4 -15 39 39 45 -15 39 -31 115 23 121 -31 115 -31 115 -15 39 3 -0x1.f56cd2b33d32fp3 0x1.51713a34d8ac8p5 -0x1.48e7787334dddp4 0x1.0592df08cec77p6 -0x1.48e7787334dddp4 0x1.0592df08cec77p6 -0x1.9718878ccb222p4 0x1.626d20f73138ap6 -0x1.9718878ccb222p4 0x1.626d20f73138ap6 -0x1.e54996a661668p4 0x1.bf4762e593a9cp6
DOORGENERAL 4 -133 -43 17 -29 17 -29 -5 65 -5 65 -155 51 -155 51 -133 -43 4 -5 65 145 79 145 79 123 173 123 173 -27 159 -27 159 -5 65 0 0x1.3p2 0 4 -5 65 145 79 17 -29 -5 65 -5 65 -155 51 -27 159 -5 65 1 -0x1.4p2 0x1.04p6 -0x1.4p2 0x1.04p6
DOORGENERAL 4 -71 -105 3 -93 3 -93 -13 -9 -13 -9 -87 -21 -87 -21 -71 -105 4 77 -81 151 -69 151 -69 135 15 135 15 61 3 61 3 77 -81 1 0x1.ep2 -1 0 0
DOORGENERAL 4 -89 -48 53 -38 53 -38 41 30 41 30 -101 20 -101 20 -89 -48 4 -54 -46 88 -36 88 -36 76 32 76 32 -66 22 -66 22 -54 -46 0 0x1.3p2 2 4 -89 -48 53 -38 53 -38 41 30 76 32 -66 22 -66 22 -54 -46 1 -0x1.ap2 -0x1.ffffffffffffep2 -0x1.ap2 -0x1.ffffffffffffep2
DOORGENERAL 4 7 11 111 31 111 31 93 117 93 117 -11 97 -11 97 7 11 4 111 31 215 51 215 51 197 137 197 137 93 117 93 117 111 31 0 0x1.38p3 1 4 111 31 215 51 111 31 93 117 197 137 93 117 93 117 111 31 1 0x1.b25f1626cdb7ep6 0x1.54019e1b6eb1p5 0x1.7da0e9d932482p6 0x1.a5ff30f248a78p6
DOORGENERAL 4 -54 -52 90 -36 90 -36 74 50 74 50 -70 34 -70 34 -54 -52 4 74 50 218 66 218 66 202 152 202 152 58 136 58 136 74 50 0 0x1.1p3 0 4 74 50 218 66 90 -36 74 50 74 50 -70 34 58 136 74 50 1 0x1.28p6 0x1.9p5 0x1.28p6 0x1.9p5
DOORGENERAL 4 -1 -55 123 -45 123 -45 115 33 115 33 -9 23 -9 23 -1 -55 4 247 -35 371 -25 371 -25 363 53 363 53 239 43 239 43 247 -35 1 0x1.0p0 -1 0 0
DOORGENERAL 4 44 -15 120 7 120 7 106 83 106 83 30 61 30 61 44 -15 4 63 -10 139 12 139 12 125 88 125 88 49 66 49 66 63 -10 0 0x1.1p2 2 4 44 -15 120 7 120 7 106 83 125 88 49 66 49 66 63 -10 1 0x1.52p6 0x1.24p5 0x1.52p6 0x1.24p5
DOORGENERAL 4 -39 -104 15 -82 15 -82 5 -38 5 -38 -49 -60 -49 -60 -39 -104 4 15 -82 69 -60 69 -60 59 -16 59 -16 5 -38 5 -38 15 -82 0 0x1.0p3 1 4 15 -82 69 -60 15 -82 5 -38 59 -16 5 -38 5 -38 15 -82 1 0x1.9914cc97fa39ap3 -0x1.20fea3b9fcd2ep6 0x1.cdd666d00b8cbp2 -0x1.7e02b88c065a3p5
DOORGENERAL 4 -90 -91 -14 -69 -14 -69 -20 -1 -20 -1 -96 -23 -96 -23 -90 -91 4 -20 -1 56 21 56 21 50 89 50 89 -26 67 -26 67 -20 -1 0 0x1.ap2 0 4 -20 -1 56 21 -14 -69 -20 -1 -20 -1 -96 -23 -26 67 -20 -1 1 -0x1.4p4 -0x1.0p0 -0x1.4p4 -0x1.0p0
DOORGENERAL 4 -18 -8 112 4 112 4 96 128 96 128 -34 116 -34 116 -18 -8 4 242 16 372 28 372 28 356 152 356 152 226 140 226 140 242 16 1 0x1.8p-1 -1 0 0
DOORGENERAL 4 -54 -4 78 20 78 20 62 122 62 122 -70 98 -70 98 -54 -4 4 -21 2 111 26 111 26 95 128 95 128 -37 104 -37 104 -21 2 0 0x1.7p2 2 4 -21 2 111 26 78 20 62 122 95 128 -37 104 -37 104 -21 2 1 0x1.48p4 0x1.fp5 0x1.48p4 0x1.fp5
DOORGENERAL 4 48 -93 134 -75 134 -75 108 35 108 35 22 17 22 17 48 -93 4 134 -75 220 -57 220 -57 194 53 194 53 108 35 108 35 134 -75 0 0x1.1p2 1 4 134 -75 220 -57 134 -75 108 35 194 53 108 35 108 35 134 -75 2 0x1.091feb25ec981p7 -0x1.13ab9e5496df5p6 0x1.e4p6 -0x1.4p4 0x1.e4p6 -0x1.4p4 0x1.b5c029b426cfep6 0x1.ceae79525b7d4p4
DOORGENERAL 4 2 -78 152 -52 152 -52 126 20 126 20 -24 -6 -24 -6 2 -78 4 126 20 276 46 276 46 250 118 250 118 100 92 100 92 126 20 1 0x1.6p1 0 4 126 20 276 46 152 -52 126 20 126 20 -24 -6 100 92 126 20 1 0x1.f8p6 0x1.4p4 0x1.f8p6 0x1.4p4
DOORGENERAL 4 9 5 127 25 127 25 119 71 119 71 1 51 1 51 9 5 4 245 45 363 65 363 65 355 111 355 111 237 91 237 91 245 45 0 0x1.8p-1 -1 0 0
DOORGENERAL 4 -51 6 17 20 17 20 -1 92 -1 92 -69 78 -69 78 -51 6 4 -34 9 34 23 34 23 16 95 16 95 -52 81 -52 81 -34 9 1 0x1.bp2 2 4 -51 6 17 20 17 20 -1 92 16 95 -52 81 -52 81 -34 9 2 -0x1.ed5678f553433p4 0x1.195da708e6772p4 -0x1.18p4 0x1.93fffffffffffp5 -0x1.18p4 0x1.93fffffffffffp5 -0x1.0aa61c2ab2f38p2 0x1.4da8963dc6623p6
DOORGENERAL 4 -94 -140 -38 -114 -38 -114 -44 -4 -44 -4 -100 -30 -100 -30 -94 -140 4 -38 -114 18 -88 18 -88 12 22 12 22 -44 -4 -44 -4 -38 -114 0 0x1.cp1 1 4 -38 -114 18 -88 -38 -114 -44 -4 12 22 -44 -4 -44 -4 -38 -114 3 -0x1.32657cf0e840fp5 -0x1.b2085c0a59acbp6 -0x1.40cc7efaf815ap5 -0x1.2e02c958c88eep6 -0x1.40cc7efaf815ap5 -0x1.2e02c958c88eep6 -0x1.4f33810507ea6p5 -0x1.53fa6d4e6ee24p5 -0x1.4f33810507ea6p5 -0x1.53fa6d4e6ee24p5 -0x1.5d9a830f17bf1p5 -0x1.2fbd1fad329a8p3
DOORGENERAL 4 -51 15 81 23 81 23 61 137 61 137 -71 129 -71 129 -51 15 4 61 137 193 145 193 145 173 259 173 259 41 251 41 251 61 137 0 0x1.1p3 0 4 61 137 193 145 81 23 61 137 61 137 -71 129 41 251 61 137 1 0x1.e8p5 0x1.12p7 0x1.e8p5 0x1.12p7
DOORGENERAL 4 -64 -30 42 -24 42 -24 22 68 22 68 -84 62 -84 62 -64 -30 4 148 -18 254 -12 254 -12 234 80 234 80 128 74 128 74 148 -18 1 0x1.cp1 -1 0 0
DOORGENERAL 4 32 -8 88 0 88 0 72 50 72 50 16 42 16 42 32 -8 4 46 -6 102 2 102 2 86 52 86 52 30 44 30 44 46 -6 1 0x1.8p2 2 4 46 -6 102 2 88 0 72 50 86 52 30 44 30 44 46 -6 1 0x1.af5b551efddaap5 -0x1.37979eb80273ep2 0x1.405255708112bp6 -0x1.21a1851ff6308p0
DOORGENERAL 4 -97 -112 -19 -96 -19 -96 -35 2 -35 2 -113 -14 -113 -14 -97 -112 4 -19 -96 59 -80 59 -80 43 18 43 18 -35 2 -35 2 -19 -96 0 0x1.5p2 1 4 -19 -96 59 -80 -19 -96 -35 2 43 18 -35 2 -35 2 -19 -96 2 -0x1.42b0f90dfebfp4 -0x1.636102a291eb8p6 -0x1.bp4 -0x1.77fffffffffffp5 -0x1.bp4 -0x1.77fffffffffffp5 -0x1.0ea7837900a08p5 -0x1.49efd5d6e147p2
DOORGENERAL 4 -2 -86 88 -66 88 -66 72 60 72 60 -18 40 -18 40 -2 -86 4 72 60 162 80 162 80 146 206 146 206 56 186 56 186 72 60 0 0x1.8p1 0 4 72 60 162 80 88 -66 72 60 72 60 -18 40 56 186 72 60 1 0x1.2p6 0x1.ep5 0x1.2p6 0x1.ep5
DOORGENERAL 4 -6 -15 142 7 142 7 128 97 128 97 -20 75 -20 75 -6 -15 4 290 29 438 51 438 51 424 141 424 141 276 119 276 119 290 29 1 0x1.0p3 -1 0 0
DOORGENERAL 4 10 1 122 19 122 19 102 85 102 85 -10 67 -10 67 10 1 4 38 5 150 23 150 23 130 89 130 89 18 71 18 71 38 5 1 0x1.6p2 2 4 10 1 122 19 122 19 102 85 130 89 18 71 18 71 38 5 2 0x1.54b3cba9b3e85p5 0x1.69736a4b9b492p3 0x1.17fffffffffffp6 0x1.68p5 0x1.17fffffffffffp6 0x1.68p5 0x1.85a61a2b260bcp6 0x1.3ad192b68c96ep6
DOORGENERAL 4 -77 -144 25 -126 25 -126 1 -4 1 -4 -101 -22 -101 -22 -77 -144 4 25 -126 127 -108 127 -108 103 14 103 14 1 -4 1 -4 25 -126 0 0x1.0p-1 1 4 25 -126 127 -108 25 -126 1 -4 103 14 1 -4 1 -4 25 -126 5 0x1.884774c64914fp4 -0x1.ee302466a78aap6 0x1.3e914610923fcp4 -0x1.9083490a64866p6 0x1.3e914610923fcp4 -0x1.9083490a64866p6 0x1.e9b62eb5b6d52p3 -0x1.32d66dae21822p6 0x1.e9b62eb5b6d52p3 -0x1.32d66dae21822p6 0x1.5649d14a492adp3 -0x1.aa5324a3bcfbcp5 0x1.5649d14a492adp3 -0x1.aa5324a3bcfbcp5 0x1.85bae7bdb700cp2 -0x1.ddf2dbd66de68p4 0x1.85bae7bdb700cp2 -0x1.ddf2dbd66de68p4 0x1.7b88b39b6eb1p0 -0x1.9cfdb9958756p2
DOORGENERAL 4 1 -32 123 -6 123 -6 113 94 113 94 -9 68 -9 68 1 -32 4 113 94 235 120 235 120 225 220 225 220 103 194 103 194 113 94 1 0x1.1p2 0 4 113 94 235 120 123 -6 113 94 113 94 -9 68 103 194 113 94 1 0x1.c4p6 0x1.78p6 0x1.c4p6 0x1.78p6
DOORGENERAL 4 41 -76 121 -60 121 -60 107 62 107 62 27 46 27 46 41 -76 4 201 -44 281 -28 281 -28 267 94 267 94 187 78 187 78 201 -44 1 0x1.cp2 -1 0 0
DOORGENERAL 4 -84 -2 -22 16 -22 16 -36 76 -36 76 -98 58 -98 58 -84 -2 4 -69 2 -7 20 -7 20 -21 80 -21 80 -83 62 -83 62 -69 2 0 0x1.4p2 2 4 -84 -2 -22 16 -22 16 -36 76 -21 80 -83 62 -83 62 -69 2 1 -0x1.a4p5 0x1.38p5 -0x1.a4p5 0x1.38p5
DOORGENERAL 4 -80 -119 48 -95 48 -95 42 -31 42 -31 -86 -55 -86 -55 -80 -119 4 48 -95 176 -71 176 -71 170 -7 170 -7 42 -31 42 -31 48 -95 0 0x1.4p0 1 4 48 -95 176 -71 48 -95 42 -31 170 -7 42 -31 42 -31 48 -95 2 0x1.7d92b967fc396p5 -0x1.6f0e877febdcbp6 0x1.68p5 -0x1.f8p5 0x1.68p5 -0x1.f8p5 0x1.526d469803c6ap5 -0x1.11e2f10028469p5
DOORGENERAL 4 -33 -93 115 -85 115 -85 107 -17 107 -17 -41 -25 -41 -25 -33 -93 4 107 -17 255 -9 255 -9 247 59 247 59 99 51 99 51 107 -17 1 0x1.0p1 0 4 107 -17 255 -9 115 -85 107 -17 107 -17 -41 -25 99 51 107 -17 1 0x1.acp6 -0x1.1p4 0x1.acp6 -0x1.1p4
DOORGENERAL 4 -92 -35 20 -29 20 -29 2 79 2 79 -110 73 -110 73 -92 -35 4 132 -23 244 -17 244 -17 226 91 226 91 114 85 114 85 132 -23 0 0x1.ep2 -1 0 0
DOORGENERAL 4 30 -91 122 -83 122 -83 114 -21 114 -21 22 -29 22 -29 30 -91 4 53 -89 145 -81 145 -81 137 -19 137 -19 45 -27 45 -27 53 -89 0 0x1.9p2 2 4 53 -89 145 -81 122 -83 114 -21 137 -19 45 -27 45 -27 53 -89 1 0x1.4ep6 -0x1.b8p5 0x1.4ep6 -0x1.b8p5
DOORGENERAL 4 -40 17 22 29 22 29 -4 135 -4 135 -66 123 -66 123 -40 17 4 22 29 84 41 84 41 58 147 58 147 -4 135 -4 135 22 29 1 0x1.0p1 1 4 22 29 84 41 22 29 -4 135 58 147 -4 135 -4 135 22 29 3 0x1.50c0fa7e39fbp4 0x1.071428c39d805p5 0x1.a080a6fed152p3 0x1.06835c209a4p6 0x1.a080a6fed152p3 0x1.06835c209a4p6 0x1.3efeb2025d5cp2 0x1.897ca3df65bfep6 0x1.3efeb2025d5cp2 0x1.897ca3df65bfep6 -0x1.8607d3f1cfd8p1 0x1.063af5cf189fep7
DOORGENERAL 4 -4 -27 110 -21 110 -21 100 25 100 25 -14 19 -14 19 -4 -27 4 100 25 214 31 214 31 204 77 204 77 90 71 90 71 100 25 0 0x1.1p2 0 4 100 25 214 31 110 -21 100 25 100 25 -14 19 90 71 100 25 1 0x1.9p6 0x1.9p4 0x1.9p6 0x1.9p4
DOORGENERAL 4 -50 26 98 46 98 46 84 124 84 124 -64 104 -64 104 -50 26 4 246 66 394 86 394 86 380 164 380 164 232 144 232 144 246 66 0 0x1.ap2 -1 0 0
DOORGENERAL 4 -118 49 28 55 28 55 6 95 6 95 -140 89 -140 89 -118 49 4 -82 50 64 56 64 56 42 96 42 96 -104 90 -104 90 -82 50 1 0x1.0p1 2 4 -118 49 28 55 28 55 6 95 42 96 -104 90 -104 90 -82 50 3 -0x1.3ab5400751851p6 0x1.a202d1b835147p5 -0x1.9c78d55a3658cp5 0x1.070078495e2e1p6 -0x1.9c78d55a3658cp5 0x1.070078495e2e1p6 -0x1.870e554b934eap4 0x1.3cff87b6a1d1fp6 -0x1.870e554b934eap4 0x1.3cff87b6a1d1fp6 0x1.56a800ea30a2p1 0x1.72fe9723e575cp6
DOORGENERAL 4 -60 -60 30 -48 30 -48 10 28 10 28 -80 16 -80 16 -60 -60 4 30 -48 120 -36 120 -36 100 40 100 40 10 28 10 28 30 -48 1 0x1.cp1 1 4 30 -48 120 -36 30 -48 10 28 100 40 10 28 10 28 30 -48 2 0x1.c99ac6635fc3fp4 -0x1.5572df5669278p5 0x1.4p4 -0x1.4p3 0x1.4p4 -0x1.4p3 0x1.6cca73394078p3 0x1.6ae5beacd24fp4
DOORGENERAL 4 -39 -88 83 -70 83 -70 59 6 59 6 -63 -12 -63 -12 -39 -88 4 59 6 181 24 181 24 157 100 157 100 35 82 35 82 59 6 1 0x1.bp2 0 4 59 6 181 24 83 -70 59 6 59 6 -63 -12 35 82 59 6 1 0x1.d8p5 0x1.8p2 0x1.d8p5 0x1.8p2
DOORGENERAL 4 -29 -68 67 -54 67 -54 57 18 57 18 -39 4 -39 4 -29 -68 4 163 -40 259 -26 259 -26 249 46 249 46 153 32 153 32 163 -40 1 0x1.6p1 -1 0 0
DOORGENERAL 4 3 -106 75 -98 75 -98 55 20 55 20 -17 12 -17 12 3 -106 4 21 -104 93 -96 93 -96 73 22 73 22 1 14 1 14 21 -104 1 0x1.0p-2 2 4 21 -104 93 -96 75 -98 55 20 73 22 1 14 1 14 21 -104 3 0x1.73c7a1eb702efp4 -0x1.9f0190d5e78cfp6 0x1.3df69afc92b28p5 -0x1.97ab30474d2fp6 0x1.3df69afc92b28p5 -0x1.97ab30474d2fp6 0x1.c20965036d4d8p5 -0x1.9054cfb8b2d1p6 0x1.c20965036d4d8p5 -0x1.9054cfb8b2d1p6 0x1.230e178523f44p6 -0x1.88fe6f2a18731p6
DOORGENERAL 4 -86 -134 34 -124 34 -124 18 -12 18 -12 -102 -22 -102 -22 -86 -134 4 34 -124 154 -114 154 -114 138 -2 138 -2 18 -12 18 -12 34 -124 1 0x1.ep1 1 4 34 -124 154 -114 34 -124 18 -12 138 -2 18 -12 18 -12 34 -124 2 0x1.097e9f4288387p5 -0x1.d93b2d68dcc57p6 0x1.ap4 -0x1.1p6 0x1.ap4 -0x1.1p6 0x1.2d02c17aef8f3p4 -0x1.1b134a5c8cea4p4
DOORGENERAL 4 -24 -7 46 -1 46 -1 30 43 30 43 -40 37 -40 37 -24 -7 4 30 43 100 49 100 49 84 93 84 93 14 87 14 87 30 43 0 0x1.0p0 0 4 30 43 100 49 46 -1 30 43 30 43 -40 37 14 87 30 43 1 0x1.ep4 0x1.58p5 0x1.ep4 0x1.58p5
DOORGENERAL 4 -136 -109 8 -89 8 -89 -6 -33 -6 -33 -150 -53 -150 -53 -136 -109 4 152 -69 296 -49 296 -49 282 7 282 7 138 -13 138 -13 152 -69 0 0x1.4p0 -1 0 0
DOORGENERAL 4 -82 -8 -8 16 -8 16 -32 64 -32 64 -106 40 -106 40 -82 -8 4 -64 -2 10 22 10 22 -14 70 -14 70 -88 46 -88 46 -64 -2 0 0x1.ep1 2 4 -64 -2 10 22 -8 16 -32 64 -32 64 -106 40 -88 46 -64 -2 1 -0x1.8p5 0x1.fp4 -0x1.8p5 0x1.fp4
DOORGENERAL 4 -92 -12 32 14 32 14 26 124 26 124 -98 98 -98 98 -92 -12 4 32 14 156 40 156 40 150 150 150 150 26 124 26 124 32 14 0 0x1.4p1 1 4 32 14 156 40 32 14 26 124 150 150 26 124 26 124 32 14 3 0x1.fc141c473e216p4 0x1.27e4a43b379c5p4 0x1.deb15ec26a0b2p4 0x1.a150c609de9a2p5 0x1.deb15ec26a0b2p4 0x1.a150c609de9a2p5 0x1.c14ea13d95f4ep4 0x1.57579cfb10b3p6 0x1.c14ea13d95f4ep4 0x1.57579cfb10b3p6 0x1.a3ebe3b8c1deap4 0x1.de06d6f13218fp6
DOORGENERAL 4 -44 -145 78 -133 78 -133 58 -3 58 -3 -64 -15 -64 -15 -44 -145 4 58 -3 180 9 180 9 160 139 160 139 38 127 38 127 58 -3 1 0x1.7p2 0 4 58 -3 180 9 78 -133 58 -3 58 -3 -64 -15 38 127 58 -3 1 0x1.dp5 -0x1.8p1 0x1.dp5 -0x1.8p1
DOORGENERAL 4 -90 -98 -2 -76 -2 -76 -14 6 -14 6 -102 -16 -102 -16 -90 -98 4 86 -54 174 -32 174 -32 162 50 162 50 74 28 74 28 86 -54 1 0x1.bp2 -1 0 0
DOORGENERAL 4 -28 -30 112 -20 112 -20 88 44 88 44 -52 34 -52 34 -28 -30 4 7 -28 147 -18 147 -18 123 46 123 46 -17 36 -17 36 7 -28 1 0x0.0p0 2 4 -28 -30 112 -20 112 -20 88 44 123 46 -17 36 -17 36 7 -28 6 0x1.0a5ef181bdca9p3 -0x1.a32a3297cb7a1p4 0x1.561fa5d5e9ee4p4 -0x1.d98d98ca64a2dp3 0x1.561fa5d5e9ee4p4 -0x1.d98d98ca64a2dp3 0x1.1387e9757a7b9p5 -0x1.b31b3194c946p1 0x1.1387e9757a7b9p5 -0x1.b31b3194c946p1 0x1.7cp5 0x1.ffffffffffff4p2 0x1.7cp5 0x1.ffffffffffff4p2 0x1.e478168a85848p5 0x1.3663663299289p4 0x1.e478168a85848p5 0x1.3663663299289p4 0x1.2678168a85848p6 0x1.ecc6cc6532515p4 0x1.2678168a85848p6 0x1.ecc6cc6532515p4 0x1.5ab421cfc846cp6 0x1.5195194be5bdp5
DOORGENERAL 4 -43 -70 49 -54 49 -54 43 76 43 76 -49 60 -49 60 -43 -70 4 49 -54 141 -38 141 -38 135 92 135 92 43 76 43 76 49 -54 1 0x1.8p-1 1 4 49 -54 141 -38 49 -54 43 76 135 92 43 76 43 76 49 -54 5 0x1.86fc56842effap5 -0x1.9a05fd2ffa4d2p5 0x1.7dca9a4f4f663p5 -0x1.a5a0c96cc5f63p4 0x1.7dca9a4f4f663p5 -0x1.a5a0c96cc5f63p4 0x1.7498de1a6fcccp5 -0x1.735987997522p0 0x1.7498de1a6fcccp5 -0x1.735987997522p0 0x1.6b6721e590334p5 0x1.773598799752p4 0x1.6b6721e590334p5 0x1.773598799752p4 0x1.623565b0b099dp5 0x1.82d064b662fbp5 0x1.623565b0b099dp5 0x1.82d064b662fbp5 0x1.5903a97bd1006p5 0x1.2502fe97fd268p6
DOORGENERAL 4 -12 -31 110 -15 110 -15 104 113 104 113 -18 97 -18 97 -12 -31 4 104 113 226 129 226 129 220 257 220 257 98 241 98 241 104 113 1 0x1.ap1 0 4 104 113 226 129 110 -15 104 113 104 113 -18 97 98 241 104 113 1 0x1.ap6 0x1.c4p6 0x1.ap6 0x1.c4p6
DOORGENERAL 4 -80 13 60 29 60 29 42 95 42 95 -98 79 -98 79 -80 13 4 200 45 340 61 340 61 322 127 322 127 182 111 182 111 200 45 0 0x1.9p2 -1 0 0
DOORGENERAL 4 12 9 150 21 150 21 124 63 124 63 -14 51 -14 51 12 9 4 46 12 184 24 184 24 158 66 158 66 20 54 20 54 46 12 1 0x1.1p3 2 4 46 12 184 24 150 21 124 63 124 63 -14 51 20 54 46 12 2 0x1.179785c3bcaaap7 0x1.79e9d4693773cp4 0x1.54p6 0x1.2cp5 0x1.54p6 0x1.2cp5 0x1.e343d1e21aab4p4 0x1.9b0b15cb64462p5
DOORGENERAL 4 9 -71 127 -63 127 -63 121 45 121 45 3 37 3 37 9 -71 4 127 -63 245 -55 245 -55 239 53 239 53 121 45 121 45 127 -63 1 0x1.4p2 1 4 127 -63 245 -55 127 -63 121 45 239 53 121 45 121 45 127 -63 2 0x1.fa726411fac21p6 -0x1.c01612874349cp5 0x1.fp6 -0x1.2p3 0x1.fp6 -0x1.2p3 0x1.e58d9bee053dfp6 0x1.301612874349cp5
DOORGENERAL 4 62 -109 116 -99 116 -99 92 -9 92 -9 38 -19 38 -19 62 -109 4 92 -9 146 1 146 1 122 91 122 91 68 81 68 81 92 -9 1 0x1.0p3 0 4 92 -9 146 1 116 -99 92 -9 92 -9 38 -19 68 81 92 -9 1 0x1.7p6 -0x1.2p3 0x1.7p6 -0x1.2p3
DOORGENERAL 4 -41 -63 95 -43 95 -43 89 69 89 69 -47 49 -47 49 -41 -63 4 231 -23 367 -3 367 -3 361 109 361 109 225 89 225 89 231 -23 1 0x1.3p2 -1 0 0
DOORGENERAL 4 -91 -119 53 -113 53 -113 43 15 43 15 -101 9 -101 9 -91 -119 4 -55 -118 89 -112 89 -112 79 16 79 16 -65 10 -65 10 -55 -118 0 0x1.4p1 2 4 -91 -119 53 -113 53 -113 43 15 79 16 -65 10 -65 10 -55 -118 1 -0x1.8p2 -0x1.9cp5 -0x1.8p2 -0x1.9cp5
DOORGENERAL 4 -17 -26 59 -18 59 -18 37 94 37 94 -39 86 -39 86 -17 -26 4 59 -18 135 -10 135 -10 113 102 113 102 37 94 37 94 59 -18 0 0x1.0p-1 1 4 59 -18 135 -10 59 -18 37 94 113 102 37 94 37 94 59 -18 5 0x1.d42524e006978p5 -0x1.f180062f11de5p3 0x1.b27cafb99d8e2p5 0x1.77ccc5611dc22p2 0x1.b27cafb99d8e2p5 0x1.77ccc5611dc22p2 0x1.90d43a933484bp5 0x1.b4a665c817d04p4 0x1.90d43a933484bp5 0x1.b4a665c817d04p4 0x1.6f2bc56ccb7b5p5 0x1.85accd1bf417dp5 0x1.6f2bc56ccb7b5p5 0x1.85accd1bf417dp5 0x1.4d8350466271ep5 0x1.188333a9ee23ep6 0x1.4d8350466271ep5 0x1.188333a9ee23ep6 0x1.2bdadb1ff9688p5 0x1.6e3000c5e23bcp6
DOORGENERAL 4 -88 -139 -24 -123 -24 -123 -46 -7 -46 -7 -110 -23 -110 -23 -88 -139 4 -46 -7 18 9 18 9 -4 125 -4 125 -68 109 -68 109 -46 -7 0 0x1.8p-1 0 4 -46 -7 18 9 -24 -123 -46 -7 -46 -7 -110 -23 -68 109 -46 -7 1 -0x1.7p5 -0x1.cp2 -0x1.7p5 -0x1.cp2
DOORGENERAL 4 41 -103 119 -81 119 -81 103 31 103 31 25 9 25 9 41 -103 4 197 -59 275 -37 275 -37 259 75 259 75 181 53 181 53 197 -59 0 0x1.28p3 -1 0 0
DOORGENERAL 4 -86 1 -4 25 -4 25 -24 101 -24 101 -106 77 -106 77 -86 1 4 -66 7 16 31 16 31 -4 107 -4 107 -86 83 -86 83 -66 7 0 0x1.2p2 2 4 -66 7 16 31 -4 25 -24 101 -24 101 -106 77 -86 83 -66 7 1 -0x1.68p5 0x1.bp5 -0x1.68p5 0x1.bp5
DOORGENERAL 4 -41 -21 109 -3 109 -3 97 127 97 127 -53 109 -53 109 -41 -21 4 109 -3 259 15 259 15 247 145 247 145 97 127 97 127 109 -3 1 0x1.4p0 1 4 109 -3 259 15 109 -3 97 127 247 145 97 127 97 127 109 -3 5 0x1.b2ce19b8cf017p6 0x1.e3d2b1258bebp-3 0x1.a9aedc3baf674p6 0x1.8f11633af9db1p4 0x1.a9aedc3baf674p6 0x1.8f11633af9db1p4 0x1.a08f9ebe8fcd1p6 0x1.8d2d9089d44f3p5 0x1.a08f9ebe8fcd1p6 0x1.8d2d9089d44f3p5 0x1.977061417032fp6 0x1.296937bb15d86p6 0x1.977061417032fp6 0x1.296937bb15d86p6 0x1.8e5123c45098cp6 0x1.8c3ba73141893p6 0x1.8e5123c45098cp6 0x1.8c3ba73141893p6 0x1.8531e64730fe9p6 0x1.ef0e16a76d3a1p6
DOORGENERAL 4 -104 -90 -36 -82 -36 -82 -42 12 -42 12 -110 4 -110 4 -104 -90 4 -42 12 26 20 26 20 20 114 20 114 -48 106 -48 106 -42 12 1 0x1.3p3 0 4 -42 12 26 20 -36 -82 -42 12 -42 12 -110 4 -48 106 -42 12 1 -0x1.5p5 0x1.8p3 -0x1.5p5 0x1.8p3
DOORGENERAL 4 -15 -135 121 -113 121 -113 111 17 111 17 -25 -5 -25 -5 -15 -135 4 257 -91 393 -69 393 -69 383 61 383 61 247 39 247 39 257 -91 0 0x1.28p3 -1 0 0
DOORGENERAL 4 -113 -65 37 -45 37 -45 11 49 11 49 -139 29 -139 29 -113 -65 4 -76 -60 74 -40 74 -40 48 54 48 54 -102 34 -102 34 -76 -60 0 0x1.4p0 2 4 -76 -60 74 -40 37 -45 11 49 11 49 -139 29 -102 34 -76 -60 1 -0x1.04p5 -0x1.6000000000002p2 -0x1.04p5 -0x1.6000000000002p2
DOORGENERAL 4 -105 -57 -41 -41 -41 -41 -51 41 -51 41 -115 25 -115 25 -105 -57 4 -41 -41 23 -25 23 -25 13 57 13 57 -51 41 -51 41 -41 -41 0 0x1.9p2 1 4 -41 -41 23 -25 -41 -41 -51 41 13 57 -51 41 -51 41 -41 -41 2 -0x1.4ffd55b08de8cp5 -0x1.067c41584124dp5 -0x1.7p5 0x1.0p-47 -0x1.7p5 0x1.0p-47 -0x1.9002aa4f72174p5 0x1.067c41584124ep5
DOORGENERAL 4 -50 -29 34 -15 34 -15 18 35 18 35 -66 21 -66 21 -50 -29 4 18 35 102 49 102 49 86 99 86 99 2 85 2 85 18 35 0 0x1.28p3 0 4 18 35 102 49 34 -15 18 35 18 35 -66 21 2 85 18 35 1 0x1.2p4 0x1.18p5 0x1.2p4 0x1.18p5
DOORGENERAL 4 -113 -96 35 -90 35 -90 21 -4 21 -4 -127 -10 -127 -10 -113 -96 4 183 -84 331 -78 331 -78 317 8 317 8 169 2 169 2 183 -84 0 0x1.5p2 -1 0 0
DOORGENERAL 4 -24 -2 62 14 62 14 44 82 44 82 -42 66 -42 66 -24 -2 4 -3 2 83 18 83 18 65 86 65 86 -21 70 -21 70 -3 2 1 0x1.0p2 2 4 -3 2 83 18 62 14 44 82 44 82 -42 66 -21 70 -3 2 2 0x1.c7fd54b63aedcp5 0x1.1703eb0f9554p4 0x1.48p4 0x1.5p5 0x1.48p4 0x1.5p5 -0x1.fff552d8ebb74p3 0x1.0a3f053c1aabp6
DOORGENERAL 4 -98 16 -8 36 -8 36 -32 100 -32 100 -122 80 -122 80 -98 16 4 -8 36 82 56 82 56 58 120 58 120 -32 100 -32 100 -8 36 0 0x0.0p0 1 4 -8 36 82 56 -8 36 -32 100 58 120 -32 100 -32 100 -8 36 4 -0x1.1678ce749eca8p3 0x1.2efb344dbf31ap5 -0x1.cb3c673a4f654p3 0x1.a77d9a26df98cp5 -0x1.cb3c673a4f654p3 0x1.a77d9a26df98cp5 -0x1.4p4 0x1.1p6 -0x1.4p4 0x1.1p6 -0x1.9a61cc62d84d6p4 0x1.4c4132ec90338p6 -0x1.9a61cc62d84d6p4 0x1.4c4132ec90338p6 -0x1.f4c398c5b09acp4 0x1.888265d920672p6
DOORGENERAL 4 45 6 121 26 121 26 105 154 105 154 29 134 29 134 45 6 4 105 154 181 174 181 174 165 302 165 302 89 282 89 282 105 154 0 0x1.1p3 0 4 105 154 181 174 121 26 105 154 105 154 29 134 89 282 105 154 1 0x1.a4p6 0x1.34p7 0x1.a4p6 0x1.34p7
DOORGENERAL 4 12 12 126 20 126 20 106 136 106 136 -8 128 -8 128 12 12 4 240 28 354 36 354 36 334 152 334 152 220 144 220 144 240 28 1 0x0.0p0 -1 0 0
DOORGENERAL 4 26 -14 88 10 88 10 78 122 78 122 16 98 16 98 26 -14 4 41 -8 103 16 103 16 93 128 93 128 31 104 31 104 41 -8 1 0x1.cp0 2 4 41 -8 103 16 88 10 78 122 78 122 16 98 31 104 41 -8 3 0x1.5822e36637434p6 0x1.ac806d6b08eddp3 0x1.1160f67767c12p6 0x1.53b55e739613dp5 0x1.1160f67767c12p6 0x1.53b55e739613dp5 0x1.953e1311307dep5 0x1.1e2550c634f61p6 0x1.953e1311307dep5 0x1.1e2550c634f61p6 0x1.07ba393391799p5 0x1.926ff2529ee24p6
DOORGENERAL 4 -112 -7 2 19 2 19 -20 75 -20 75 -134 49 -134 49 -112 -7 4 2 19 116 45 116 45 94 101 94 101 -20 75 -20 75 2 19 0 0x1.4p2 1 4 2 19 116 45 2 19 -20 75 94 101 -20 75 -20 75 2 19 1 -0x1.1e7f83a9a977p-1 0x1.983e81bef34c6p4 -0x1.170c03e2b2b44p4 0x1.11f05f90432cep6
DOORGENERAL 4 -21 40 87 46 87 46 79 100 79 100 -29 94 -29 94 -21 40 4 79 100 187 106 187 106 179 160 179 160 71 154 71 154 79 100 1 0x1.6p2 0 4 79 100 187 106 87 46 79 100 79 100 -29 94 71 154 79 100 1 0x1.3cp6 0x1.9p6 0x1.3cp6 0x1.9p6
DOORGENERAL 4 -76 -62 66 -52 66 -52 46 12 46 12 -96 2 -96 2 -76 -62 4 208 -42 350 -32 350 -32 330 32 330 32 188 22 188 22 208 -42 1 0x1.5p2 -1 0 0
DOORGENERAL 4 -51 -110 85 -92 85 -92 63 22 63 22 -73 4 -73 4 -51 -110 4 -17 -106 119 -88 119 -88 97 26 97 26 -39 8 -39 8 -17 -106 0 0x1.0p1 2 4 -51 -110 85 -92 85 -92 63 22 97 26 -39 8 -39 8 -17 -106 1 0x1.7p4 -0x1.5p5 0x1.7p4 -0x1.5p5
DOORGENERAL 4 -66 -77 84 -57 84 -57 72 -7 72 -7 -78 -27 -78 -27 -66 -77 4 84 -57 234 -37 234 -37 222 13 222 13 72 -7 72 -7 84 -57 0 0x1.bp2 1 4 84 -57 234 -37 84 -57 72 -7 222 13 72 -7 72 -7 84 -57 1 0x1.47d4fa74df29dp6 -0x1.83eed1cdee5c3p5 0x1.282b058b20d64p6 -0x1.f044b8c8468f4p3
DOORGENERAL 4 -66 -18 76 -4 76 -4 66 124 66 124 -76 110 -76 110 -66 -18 4 66 124 208 138 208 138 198 266 198 266 56 252 56 252 66 124 1 0x1.fp2 0 4 66 124 208 138 76 -4 66 124 66 124 -76 110 56 252 66 124 1 0x1.08p6 0x1.fp6 0x1.08p6 0x1.fp6
DOORGENERAL 4 10 -26 110 -16 110 -16 94 26 94 26 -6 16 -6 16 10 -26 4 210 -6 310 4 310 4 294 46 294 46 194 36 194 36 210 -6 0 0x1.0p-1 -1 0 0
DOORGENERAL 4 -92 -51 -28 -27 -28 -27 -50 55 -50 55 -114 31 -114 31 -92 -51 4 -76 -45 -12 -21 -12 -21 -34 61 -34 61 -98 37 -98 37 -76 -45 1 0x1.cp1 2 4 -76 -45 -12 -21 -28 -27 -50 55 -34 61 -98 37 -98 37 -76 -45 1 -0x1.1b669815191bcp6 -0x1.588cf20fd2d4dp5 -0x1.0932cfd5cdc89p5 -0x1.cee61be05a566p4
DOORGENERAL 4 -65 -75 59 -65 59 -65 43 45 43 45 -81 35 -81 35 -65 -75 4 59 -65 183 -55 183 -55 167 55 167 55 43 45 43 45 59 -65 1 0x1.7p2 1 4 59 -65 183 -55 59 -65 43 45 167 55 43 45 43 45 59 -65 2 0x1.cf13630348213p5 -0x1.caa548b68fe45p5 0x1.98p5 -0x1.4000000000004p3 0x1.98p5 -0x1.4000000000004p3 0x1.60ec9cfcb7dedp5 0x1.2aa548b68fe44p5
DOORGENERAL 4 -51 -91 57 -71 57 -71 41 51 41 51 -67 31 -67 31 -51 -91 4 41 51 149 71 149 71 133 193 133 193 25 173 25 173 41 51 1 0x1.8p1 0 4 41 51 149 71 57 -71 41 51 41 51 -67 31 25 173 41 51 1 0x1.48p5 0x1.98p5 0x1.48p5 0x1.98p5
DOORGENERAL 4 -69 -89 41 -77 41 -77 23 5 23 5 -87 -7 -87 -7 -69 -89 4 151 -65 261 -53 261 -53 243 29 243 29 133 17 133 17 151 -65 1 0x1.7p2 -1 0 0
DOORGENERAL 4 11 -74 159 -60 159 -60 147 60 147 60 -1 46 -1 46 11 -74 4 48 -71 196 -57 196 -57 184 63 184 63 36 49 36 49 48 -71 1 0x1.28p3 2 4 11 -74 159 -60 159 -60 147 60 184 63 36 49 36 49 48 -71 2 0x1.b629beeaf67ap5 -0x1.ec75dc06efae2p5 0x1.86p6 -0x1.6p2 0x1.86p6 -0x1.6p2 0x1.1875904542618p7 0x1.9475dc06efae2p5
DOORGENERAL 4 30 -40 124 -24 124 -24 100 92 100 92 6 76 6 76 30 -40 4 124 -24 218 -8 218 -8 194 108 194 108 100 92 100 92 124 -24 1 0x1.38p3 1 4 124 -24 218 -8 124 -24 100 92 194 108 100 92 100 92 124 -24 2 0x1.e67a3fd6dbecep6 -0x1.8fcc4f1e8d1b7p3 0x1.cp6 0x1.0ffffffffffffp5 0x1.cp6 0x1.0ffffffffffffp5 0x1.9985c02924132p6 0x1.41f989e3d1a36p6
DOORGENERAL 4 -64 -118 84 -108 84 -108 70 16 70 16 -78 6 -78 6 -64 -118 4 70 16 218 26 218 26 204 150 204 150 56 140 56 140 70 16 0 0x1.bp2 0 4 70 16 218 26 84 -108 70 16 70 16 -78 6 56 140 70 16 1 0x1.18p6 0x1.0p4 0x1.18p6 0x1.0p4
DOORGENERAL 4 -103 16 -29 26 -29 26 -39 106 -39 106 -113 96 -113 96 -103 16 4 45 36 119 46 119 46 109 126 109 126 35 116 35 116 45 36 1 0x1.08p3 -1 0 0
DOORGENERAL 4 -68 -68 80 -56 80 -56 64 24 64 24 -84 12 -84 12 -68 -68 4 -31 -65 117 -53 117 -53 101 27 101 27 -47 15 -47 15 -31 -65 1 0x1.4p2 2 4 -31 -65 117 -53 80 -56 64 24 101 27 -47 15 -47 15 -31 -65 2 -0x1.805dc8e439eabp4 -0x1.01bcb63bfa415p6 0x1.87fffffffffffp4 -0x1.e4p5 0x1.87fffffffffffp4 -0x1.e4p5 0x1.241772390e7abp6 -0x1.c48693880b7d6p5
DOORGENERAL 4 -109 -90 27 -76 27 -76 15 -12 15 -12 -121 -26 -121 -26 -109 -90 4 27 -76 163 -62 163 -62 151 2 151 2 15 -12 15 -12 27 -76 0 0x1.28p3 1 4 27 -76 163 -62 27 -76 15 -12 151 2 15 -12 15 -12 27 -76 1 0x1.8ed3fbfb67b4fp4 -0x1.03c54ff9df9bep6 0x1.112c0404984b1p4 -0x1.70eac01881906p4
DOORGENERAL 4 -139 -2 -3 16 -3 16 -11 78 -11 78 -147 60 -147 60 -139 -2 4 -11 78 125 96 125 96 117 158 117 158 -19 140 -19 140 -11 78 1 0x1.6p2 0 4 -11 78 125 96 -3 16 -11 78 -11 78 -147 60 -19 140 -11 78 1 -0x1.6p3 0x1.38p6 -0x1.6p3 0x1.38p6
DOORGENERAL 4 -98 -4 52 16 52 16 38 122 38 122 -112 102 -112 102 -98 -4 4 202 36 352 56 352 56 338 162 338 162 188 142 188 142 202 36 0 0x1.4p0 -1 0 0
DOORGENERAL 4 -13 -91 71 -73 71 -73 45 37 45 37 -39 19 -39 19 -13 -91 4 8 -87 92 -69 92 -69 66 41 66 41 -18 23 -18 23 8 -87 1 0x1.0p-2 2 4 -13 -91 71 -73 71 -73 45 37 66 41 -18 23 -18 23 8 -87 6 0x1.113fc09d6312dp3 -0x1.517b635b2b9ap6 0x1.d0d52b139761ep3 -0x1.0252423cc7bcp6 0x1.d0d52b139761ep3 -0x1.0252423cc7bcp6 0x1.48354ac4e5d88p4 -0x1.6652423cc7bbfp5 0x1.48354ac4e5d88p4 -0x1.6652423cc7bbfp5 0x1.a8p4 -0x1.9p4 0x1.a8p4 -0x1.9p4 0x1.03e55a9d8d13dp5 -0x1.4d6dee19c21fp2 0x1.03e55a9d8d13dp5 -0x1.4d6dee19c21fp2 0x1.33cab53b1a278p5 0x1.d29211e63ddf8p3 0x1.33cab53b1a278p5 0x1.d29211e63ddf8p3 0x1.63b00fd8a73b5p5 0x1.12f6c6b65734p5
DOORGENERAL 4 -88 0 -26 10 -26 10 -48 82 -48 82 -110 72 -110 72 -88 0 4 -26 10 36 20 36 20 14 92 14 92 -48 82 -48 82 -26 10 1 0x1.0p3 1 4 -26 10 36 20 -26 10 -48 82 14 92 -48 82 -48 82 -26 10 1 -0x1.cec1456e8d3fap4 0x1.3904290cb6fedp4 -0x1.689f5d48b9603p5 0x1.21bef5bcd2405p6
DOORGENERAL 4 -81 7 49 25 49 25 39 123 39 123 -91 105 -91 105 -81 7 4 39 123 169 141 169 141 159 239 159 239 29 221 29 221 39 123 0 0x1.8p0 0 4 39 123 169 141 49 25 39 123 39 123 -91 105 29 221 39 123 1 0x1.38p5 0x1.ecp6 0x1.38p5 0x1.ecp6
DOORGENERAL 4 -126 7 -12 15 -12 15 -18 91 -18 91 -132 83 -132 83 -126 7 4 102 23 216 31 216 31 210 107 210 107 96 99 96 99 102 23 1 0x1.ep2 -1 0 0
DOORGENERAL 4 36 -33 106 -17 106 -17 80 105 80 105 10 89 10 89 36 -33 4 53 -29 123 -13 123 -13 97 109 97 109 27 93 27 93 53 -29 1 0x1.cp2 2 4 53 -29 123 -13 106 -17 80 105 80 105 10 89 27 93 53 -29 2 0x1.92e348d93668cp6 -0x1.32b3518cbe596p3 0x1.0ap6 0x1.3p5 0x1.0ap6 0x1.3p5 0x1.02396e4d932e8p5 0x1.56566a3197cb2p6
DOORGENERAL 4 30 2 118 12 118 12 108 104 108 104 20 94 20 94 30 2 4 118 12 206 22 206 22 196 114 196 114 108 104 108 104 118 12 0 0x1.28p3 1 4 118 12 206 22 118 12 108 104 196 114 108 104 108 104 118 12 1 0x1.d32328824184ep6 0x1.72f22d4694e74p4 0x1.b4dcd77dbe7b2p6 0x1.734374ae5ac63p6
DOORGENERAL 4 -82 -46 54 -24 54 -24 36 16 36 16 -100 -6 -100 -6 -82 -46 4 36 16 172 38 172 38 154 78 154 78 18 56 18 56 36 16 1 0x1.8p0 0 4 36 16 172 38 54 -24 36 16 36 16 -100 -6 18 56 36 16 1 0x1.2p5 0x1.0p4 0x1.2p5 0x1.0p4
DOORGENERAL 4 43 -113 107 -103 107 -103 99 -11 99 -11 35 -21 35 -21 43 -113 4 171 -93 235 -83 235 -83 227 9 227 9 163 -1 163 -1 171 -93 0 0x1.ep1 -1 0 0
DOORGENERAL 4 -29 20 39 26 39 26 31 100 31 100 -37 94 -37 94 -29 20 4 -12 21 56 27 56 27 48 101 48 101 -20 95 -20 95 -12 21 0 0x1.2p3 2 4 -29 20 39 26 39 26 31 100 48 101 -20 95 -20 95 -12 21 1 0x1.3p3 0x1.e4p5 0x1.3p3 0x1.e4p5
DOORGENERAL 4 -43 -125 89 -109 89 -109 83 -35 83 -35 -49 -51 -49 -51 -43 -125 4 89 -109 221 -93 221 -93 215 -19 215 -19 83 -35 83 -35 89 -109 0 0x1.8p2 1 4 89 -109 221 -93 89 -109 83 -35 215 -19 83 -35 83 -35 89 -109 1 0x1.6169f4d6d4dcfp6 -0x1.941acbaeebf9fp6 0x1.4e960b292b231p6 -0x1.57ca68a2280c2p5
DOORGENERAL 4 -14 -84 52 -68 52 -68 28 46 28 46 -38 30 -38 30 -14 -84 4 28 46 94 62 94 62 70 176 70 176 4 160 4 160 28 46 1 0x1.4p1 0 4 28 46 94 62 52 -68 28 46 28 46 -38 30 4 160 28 46 1 0x1.cp4 0x1.7p5 0x1.cp4 0x1.7p5
DOORGENERAL 4 -61 -62 61 -36 61 -36 47 50 47 50 -75 24 -75 24 -61 -62 4 183 -10 305 16 305 16 291 102 291 102 169 76 169 76 183 -10 0 0x1.6p2 -1 0 0
DOORGENERAL 4 -47 8 95 30 95 30 87 142 87 142 -55 120 -55 120 -47 8 4 -12 13 130 35 130 35 122 147 122 147 -20 125 -20 125 -12 13 0 0x1.7p2 2 4 -47 8 95 30 95 30 87 142 122 147 -20 125 -20 125 -12 13 1 0x1.2cp5 0x1.36p6 0x1.2cp5 0x1.36p6
DOORGENERAL 4 -7 29 89 53 89 53 75 107 75 107 -21 83 -21 83 -7 29 4 89 53 185 77 185 77 171 131 171 131 75 107 75 107 89 53 0 0x1.fp2 1 4 89 53 185 77 89 53 75 107 171 131 75 107 75 107 89 53 1 0x1.5a3664d0841f8p6 0x1.f380f649bb9f2p5 0x1.35c99b2f7be08p6 0x1.863f84db22308p6
DOORGENERAL 4 -27 -108 95 -98 95 -98 69 -10 69 -10 -53 -20 -53 -20 -27 -108 4 69 -10 191 0 191 0 165 88 165 88 43 78 43 78 69 -10 1 0x1.0p0 0 4 69 -10 191 0 95 -98 69 -10 69 -10 -53 -20 43 78 69 -10 1 0x1.14p6 -0x1.4p3 0x1.14p6 -0x1.4p3
DOORGENERAL 4 -2 -38 96 -32 96 -32 78 92 78 92 -20 86 -20 86 -2 -38 4 194 -26 292 -20 292 -20 274 104 274 104 176 98 176 98 194 -26 1 0x1.0p1 -1 0 0
DOORGENERAL 4 5 -55 153 -41 153 -41 145 87 145 87 -3 73 -3 73 5 -55 4 42 -52 190 -38 190 -38 182 90 182 90 34 76 34 76 42 -52 1 0x1.6p2 2 4 5 -55 153 -41 153 -41 145 87 182 90 34 76 34 76 42 -52 3 0x1.73a71d5c8f432p5 -0x1.6bf31ce61490ap5 0x1.374684e4c28b4p6 -0x1.bfbb44cb1859p1 0x1.374684e4c28b4p6 -0x1.bfbb44cb1859p1 0x1.b4b97b1b3d74ep6 0x1.33fbb44cb1858p5 0x1.b4b97b1b3d74ep6 0x1.33fbb44cb1858p5 0x1.191638a8dc2f4p7 0x1.41f98e730a484p6
DOORGENERAL 4 -71 -41 11 -27 11 -27 -15 71 -15 71 -97 57 -97 57 -71 -41 4 11 -27 93 -13 93 -13 67 85 67 85 -15 71 -15 71 11 -27 1 0x1.0p1 1 4 11 -27 93 -13 11 -27 -15 71 67 85 -15 71 -15 71 11 -27 3 0x1.3f2d25d510a1ep3 -0x1.7223dafdda6c3p4 0x1.fdcdba382c5a4p0 0x1.bd2586ad877p2 0x1.fdcdba382c5a4p0 0x1.bd2586ad877p2 -0x1.7f736e8e0b16ap2 0x1.285b4f2a4f122p5 -0x1.7f736e8e0b16ap2 0x1.285b4f2a4f122p5 -0x1.bf2d25d510a1ep3 0x1.0c88f6bf769b1p6
DOORGENERAL 4 15 -83 139 -61 139 -61 133 65 133 65 9 43 9 43 15 -83 4 133 65 257 87 257 87 251 213 251 213 127 191 127 191 133 65 0 0x1.4p0 0 4 133 65 257 87 139 -61 133 65 133 65 9 43 127 191 133 65 1 0x1.0ap7 0x1.04p6 0x1.0ap7 0x1.04p6
DOORGENERAL 4 11 4 107 12 107 12 91 110 91 110 -5 102 -5 102 11 4 4 203 20 299 28 299 28 283 126 283 126 187 118 187 118 203 20 1 0x1.0p0 -1 0 0
DOORGENERAL 4 -113 -101 23 -75 23 -75 9 -23 9 -23 -127 -49 -127 -49 -113 -101 4 -79 -95 57 -69 57 -69 43 -17 43 -17 -93 -43 -93 -43 -79 -95 1 0x1.7p2 2 4 -113 -101 23 -75 23 -75 9 -23 43 -17 -93 -43 -93 -43 -79 -95 2 -0x1.245d53a6de1dcp6 -0x1.66a889de87a22p6 -0x1.17fffffffffffp5 -0x1.d800000000002p5 -0x1.17fffffffffffp5 -0x1.d800000000002p5 0x1.8baa74dbc3bap1 -0x1.c55dd885e177cp4
DOORGENERAL 4 -14 18 108 42 108 42 84 108 84 108 -38 84 -38 84 -14 18 4 108 42 230 66 230 66 206 132 206 132 84 108 84 108 108 42 0 0x1.1p3 1 4 108 42 230 66 108 42 84 108 206 132 84 108 84 108 108 42 1 0x1.a1a5941e312p6 0x1.9ef15159f1cfep5 0x1.5e5a6be1ceep6 0x1.888757530718p6
DOORGENERAL 4 17 -53 123 -37 123 -37 109 89 109 89 3 73 3 73 17 -53 4 109 89 215 105 215 105 201 231 201 231 95 215 95 215 109 89 1 0x1.3p3 0 4 109 89 215 105 123 -37 109 89 109 89 3 73 95 215 109 89 1 0x1.b4p6 0x1.64p6 0x1.b4p6 0x1.64p6
DOORGENERAL 4 11 -18 119 -8 119 -8 113 112 113 112 5 102 5 102 11 -18 4 227 2 335 12 335 12 329 132 329 132 221 122 221 122 227 2 1 0x1.2p2 -1 0 0
DOORGENERAL 4 -33 -126 103 -114 103 -114 91 -22 91 -22 -45 -34 -45 -34 -33 -126 4 1 -123 137 -111 137 -111 125 -19 125 -19 -11 -31 -11 -31 1 -123 0 0x1.8p-1 2 4 1 -123 137 -111 103 -114 91 -22 125 -19 -11 -31 -11 -31 1 -123 1 0x1.7p5 -0x1.22p6 0x1.7p5 -0x1.22p6
DOORGENERAL 4 -83 -36 15 -12 15 -12 3 102 3 102 -95 78 -95 78 -83 -36 4 15 -12 113 12 113 12 101 126 101 126 3 102 3 102 15 -12 1 0x1.cp1 1 4 15 -12 113 12 15 -12 3 102 101 126 3 102 3 102 15 -12 3 0x1.cd93528572b0fp3 -0x1.a1ef1fe783216p2 0x1.59dbc62c7b905p3 0x1.bd2c12acb5128p4 0x1.59dbc62c7b905p3 0x1.bd2c12acb5128p4 0x1.cc4873a708df6p2 0x1.f169f6a9a576bp5 0x1.cc4873a708df6p2 0x1.f169f6a9a576bp5 0x1.c9b2b5ea353c4p1 0x1.821ef1fe78322p6
DOORGENERAL 4 19 -100 155 -86 155 -86 137 42 137 42 1 28 1 28 19 -100 4 137 42 273 56 273 56 255 184 255 184 119 170 119 170 137 42 0 0x1.ap2 0 4 137 42 273 56 155 -86 137 42 137 42 1 28 119 170 137 42 1 0x1.12p7 0x1.5p5 0x1.12p7 0x1.5p5
DOORGENERAL 4 -80 7 54 17 54 17 36 91 36 91 -98 81 -98 81 -80 7 4 188 27 322 37 322 37 304 111 304 111 170 101 170 101 188 27 1 0x1.2p1 -1 0 0
DOORGENERAL 4 -105 -78 39 -66 39 -66 27 26 27 26 -117 14 -117 14 -105 -78 4 -69 -75 75 -63 75 -63 63 29 63 29 -81 17 -81 17 -69 -75 0 0x1.ap2 2 4 -69 -75 75 -63 39 -66 27 26 63 29 -81 17 -81 17 -69 -75 1 -0x1.5p4 -0x1.88p4 -0x1.5p4 -0x1.88p4
DOORGENERAL 4 -110 -26 -30 -18 -30 -18 -44 36 -44 36 -124 28 -124 28 -110 -26 4 -30 -18 50 -10 50 -10 36 44 36 44 -44 36 -44 36 -30 -18 0 0x1.8p1 1 4 -30 -18 50 -10 -30 -18 -44 36 36 44 -44 36 -44 36 -30 -18 2 -0x1.f413b47ba8c5ep4 -0x1.a51ed8d857c04p3 -0x1.28p5 0x1.2p3 -0x1.28p5 0x1.2p3 -0x1.55f625c22b9d1p5 0x1.f28f6c6c2be02p4
DOORGENERAL 4 -30 -7 74 15 74 15 66 69 66 69 -38 47 -38 47 -30 -7 4 66 69 170 91 170 91 162 145 162 145 58 123 58 123 66 69 0 0x1.4p0 0 4 66 69 170 91 74 15 66 69 66 69 -38 47 58 123 66 69 1 0x1.08p6 0x1.14p6 0x1.08p6 0x1.14p6
DOORGENERAL 4 -93 -43 -19 -17 -19 -17 -39 61 -39 61 -113 35 -113 35 -93 -43 4 55 9 129 35 129 35 109 113 109 113 35 87 35 87 55 9 1 0x1.18p3 -1 0 0
DOORGENERAL 4 -9 -38 107 -24 107 -24 97 38 97 38 -19 24 -19 24 -9 -38 4 20 -35 136 -21 136 -21 126 41 126 41 10 27 10 27 20 -35 0 0x1.1p2 2 4 -9 -38 107 -24 107 -24 97 38 126 41 10 27 10 27 20 -35 1 0x1.d4p5 0x1.8p0 0x1.d4p5 0x1.8p0
DOORGENERAL 4 -22 52 92 60 92 60 66 102 66 102 -48 94 -48 94 -22 52 4 92 60 206 68 206 68 180 110 180 110 66 102 66 102 92 60 0 0x1.cp2 1 4 92 60 206 68 92 60 66 102 180 110 66 102 66 102 92 60 1 0x1.5d0d1da9c479dp6 0x1.0e9c0b28d64efp6 0x1.1af2e2563b863p6 0x1.7963f4d729b11p6
DOORGENERAL 4 7 -120 125 -112 125 -112 101 14 101 14 -17 6 -17 6 7 -120 4 101 14 219 22 219 22 195 148 195 148 77 140 77 140 101 14 1 0x1.1p2 0 4 101 14 219 22 125 -112 101 14 101 14 -17 6 77 140 101 14 1 0x1.94p6 0x1.cp3 0x1.94p6 0x1.cp3
DOORGENERAL 4 -124 -100 4 -78 4 -78 -14 -4 -14 -4 -142 -26 -142 -26 -124 -100 4 132 -56 260 -34 260 -34 242 40 242 40 114 18 114 18 132 -56 0 0x1.5p2 -1 0 0
DOORGENERAL 4 -4 -96 130 -80 130 -80 106 -10 106 -10 -28 -26 -28 -26 -4 -96 4 29 -92 163 -76 163 -76 139 -6 139 -6 5 -22 5 -22 29 -92 0 0x1.8p0 2 4 29 -92 163 -76 130 -80 106 -10 106 -10 -28 -26 5 -22 29 -92 1 0x1.0ep6 -0x1.98p5 0x1.0ep6 -0x1.98p5
DOORGENERAL 4 4 -44 150 -22 150 -22 142 104 142 104 -4 82 -4 82 4 -44 4 150 -22 296 0 296 0 288 126 288 126 142 104 142 104 150 -22 0 0x1.0p1 1 4 150 -22 296 0 150 -22 142 104 288 126 142 104 142 104 150 -22 4 0x1.2b7e3ac45f9d1p7 -0x1.2020eca70f4bcp4 0x1.27bf1d622fce8p7 0x1.6fdf1358f0b44p3 0x1.27bf1d622fce8p7 0x1.6fdf1358f0b44p3 0x1.24p7 0x1.48p5 0x1.24p7 0x1.48p5 0x1.2040e29dd0318p7 0x1.1a041d94e1e97p6 0x1.2040e29dd0318p7 0x1.1a041d94e1e97p6 0x1.1c81c53ba062fp7 0x1.90083b29c3d2fp6
DOORGENERAL 4 12 -90 90 -84 90 -84 66 44 66 44 -12 38 -12 38 12 -90 4 66 44 144 50 144 50 120 178 120 178 42 172 42 172 66 44 0 0x1.cp2 0 4 66 44 144 50 90 -84 66 44 66 44 -12 38 42 172 66 44 1 0x1.08p6 0x1.6p5 0x1.08p6 0x1.6p5
DOORGENERAL 4 -97 -143 -41 -119 -41 -119 -55 -7 -55 -7 -111 -31 -111 -31 -97 -143 4 15 -95 71 -71 71 -71 57 41 57 41 1 17 1 17 15 -95 1 0x0.0p0 -1 0 0
DOORGENERAL 4 28 -58 80 -40 80 -40 60 38 60 38 8 20 8 20 28 -58 4 41 -54 93 -36 93 -36 73 42 73 42 21 24 21 24 41 -54 0 0x1.18p3 2 4 28 -58 80 -40 80 -40 60 38 73 42 21 24 21 24 41 -54 1 0x1.94p5 -0x1.0p3 0x1.94p5 -0x1.0p3
DOORGENERAL 4 -79 -20 53 -4 53 -4 43 78 43 78 -89 62 -89 62 -79 -20 4 53 -4 185 12 185 12 175 94 175 94 43 78 43 78 53 -4 1 0x1.18p3 1 4 53 -4 185 12 53 -4 43 78 175 94 43 78 43 78 53 -4 1 0x1.9d96ddeb661e4p5 0x1.aaf0bbadd50bep2 0x1.6269221499e1cp5 0x1.0d50f44522af4p6
DOORGENERAL 4 54 -87 130 -61 130 -61 106 69 106 69 30 43 30 43 54 -87 4 106 69 182 95 182 95 158 225 158 225 82 199 82 199 106 69 1 0x1.2p1 0 4 106 69 182 95 130 -61 106 69 106 69 30 43 82 199 106 69 1 0x1.a8p6 0x1.14p6 0x1.a8p6 0x1.14p6
DOORGENERAL 4 -64 -106 18 -82 18 -82 2 40 2 40 -80 16 -80 16 -64 -106 4 100 -58 182 -34 182 -34 166 88 166 88 84 64 84 64 100 -58 1 0x1.4p3 -1 0 0
DOORGENERAL 4 -16 -19 48 -11 48 -11 36 55 36 55 -28 47 -28 47 -16 -19 4 0 -17 64 -9 64 -9 52 57 52 57 -12 49 -12 49 0 -17 0 0x1.ap2 2 4 0 -17 64 -9 48 -11 36 55 52 57 -12 49 -12 49 0 -17 1 0x1.2p4 0x1.3p4 0x1.2p4 0x1.3p4
DOORGENERAL 4 -20 -108 48 -82 48 -82 42 -8 42 -8 -26 -34 -26 -34 -20 -108 4 48 -82 116 -56 116 -56 110 18 110 18 42 -8 42 -8 48 -82 1 0x1.0p1 1 4 48 -82 116 -56 48 -82 42 -8 110 18 42 -8 42 -8 48 -82 2 0x1.7d69f4d6d4dcfp5 -0x1.380d65d775fcfp6 0x1.68p5 -0x1.67fffffffffffp5 0x1.68p5 -0x1.67fffffffffffp5 0x1.52960b292b231p5 -0x1.7f94d1445018p3
DOORGENERAL 4 -38 -133 98 -115 98 -115 88 -9 88 -9 -48 -27 -48 -27 -38 -133 4 88 -9 224 9 224 9 214 115 214 115 78 97 78 97 88 -9 0 0x1.bp2 0 4 88 -9 224 9 98 -115 88 -9 88 -9 -48 -27 78 97 88 -9 1 0x1.6p6 -0x1.2p3 0x1.6p6 -0x1.2p3
DOORGENERAL 4 26 -43 96 -25 96 -25 72 99 72 99 2 81 2 81 26 -43 4 166 -7 236 11 236 11 212 135 212 135 142 117 142 117 166 -7 1 0x1.8p2 -1 0 0
DOORGENERAL 4 -106 -25 -34 -3 -34 -3 -54 67 -54 67 -126 45 -126 45 -106 -25 4 -88 -20 -16 2 -16 2 -36 72 -36 72 -108 50 -108 50 -88 -20 1 0x1.ep2 2 4 -106 -25 -34 -3 -34 -3 -54 67 -36 72 -108 50 -108 50 -88 -20 1 -0x1.5278fc338f319p6 -0x1.56d628ccb1512p3 -0x1.cb0e0798e19cep5 0x1.cdb58a332c545p5
DOORGENERAL 4 -58 -36 40 -14 40 -14 20 56 20 56 -78 34 -78 34 -58 -36 4 40 -14 138 8 138 8 118 78 118 78 20 56 20 56 40 -14 1 0x1.08p3 1 4 40 -14 138 8 40 -14 20 56 118 78 20 56 20 56 40 -14 1 0x1.29790dd86529dp5 -0x1.093d83ab10928p2 0x1.6d0de44f35ac7p4 0x1.7127b07562126p5
DOORGENERAL 4 36 -108 124 -96 124 -96 114 24 114 24 26 12 26 12 36 -108 4 114 24 202 36 202 36 192 156 192 156 104 144 104 144 114 24 0 0x1.3p3 0 4 114 24 202 36 124 -96 114 24 114 24 26 12 104 144 114 24 1 0x1.c8p6 0x1.8p4 0x1.c8p6 0x1.8p4
DOORGENERAL 4 -76 -119 30 -97 30 -97 14 33 14 33 -92 11 -92 11 -76 -119 4 136 -75 242 -53 242 -53 226 77 226 77 120 55 120 55 136 -75 0 0x1.0p-1 -1 0 0
DOORGENERAL 4 -16 -85 100 -67 100 -67 74 7 74 7 -42 -11 -42 -11 -16 -85 4 13 -81 129 -63 129 -63 103 11 103 11 -13 -7 -13 -7 13 -81 0 0x1.28p3 2 4 -16 -85 100 -67 100 -67 74 7 103 11 -13 -7 -13 -7 13 -81 1 0x1.5cp5 -0x1.27fffffffffffp5 0x1.5cp5 -0x1.27fffffffffffp5
DOORGENERAL 4 1 28 61 38 61 38 41 104 41 104 -19 94 -19 94 1 28 4 61 38 121 48 121 48 101 114 101 114 41 104 41 104 61 38 1 0x1.08p3 1 4 61 38 121 48 61 38 41 104 101 114 41 104 41 104 61 38 1 0x1.d0382a2d98472p5 0x1.7e79db3656487p5 0x1.5fc7d5d267b8ep5 0x1.78c31264d4dbcp6
DOORGENERAL 4 -103 -31 -17 -9 -17 -9 -33 47 -33 47 -119 25 -119 25 -103 -31 4 -33 47 53 69 53 69 37 125 37 125 -49 103 -49 103 -33 47 1 0x1.6p2 0 4 -33 47 53 69 -17 -9 -33 47 -33 47 -119 25 -49 103 -33 47 1 -0x1.08p5 0x1.78p5 -0x1.08p5 0x1.78p5
DOORGENERAL 4 -2 -10 118 4 118 4 98 116 98 116 -22 102 -22 102 -2 -10 4 238 18 358 32 358 32 338 144 338 144 218 130 218 130 238 18 0 0x1.4p1 -1 0 0
DOORGENERAL 4 -84 -129 54 -103 54 -103 46 19 46 19 -92 -7 -92 -7 -84 -129 4 -50 -123 88 -97 88 -97 80 25 80 25 -58 -1 -58 -1 -50 -123 1 0x1.38p3 2 4 -84 -129 54 -103 54 -103 46 19 80 25 -58 -1 -58 -1 -50 -123 2 -0x1.5b56c4d50494ap5 -0x1.c38930ea01de1p6 -0x1.0p1 -0x1.a000000000001p5 -0x1.0p1 -0x1.a000000000001p5 0x1.3b56c4d50494ap5 0x1.1c4987500efp3
DOORGENERAL 4 -15 -136 77 -114 77 -114 63 12 63 12 -29 -10 -29 -10 -15 -136 4 77 -114 169 -92 169 -92 155 34 155 34 63 12 63 12 77 -114 1 0x1.8p-1 1 4 77 -114 169 -92 77 -114 63 12 155 34 63 12 63 12 77 -114 5 0x1.32c9065ac5ac4p6 -0x1.bd113930f30e2p6 0x1.2812370343676p6 -0x1.5ca3ef1d5ea22p6 0x1.2812370343676p6 -0x1.5ca3ef1d5ea22p6 0x1.1d5b67abc1227p6 -0x1.f86d4a13946c2p5 0x1.1d5b67abc1227p6 -0x1.f86d4a13946c2p5 0x1.12a498543edd9p6 -0x1.3792b5ec6b93ep5 0x1.12a498543edd9p6 -0x1.3792b5ec6b93ep5 0x1.07edc8fcbc98ap6 -0x1.dae087150afp3 0x1.07edc8fcbc98ap6 -0x1.dae087150afp3 0x1.fa6df34a74a78p5 0x1.2889c9879871p3
DOORGENERAL 4 -52 -126 92 -114 92 -114 76 -8 76 -8 -68 -20 -68 -20 -52 -126 4 76 -8 220 4 220 4 204 110 204 110 60 98 60 98 76 -8 0 0x1.4p1 0 4 76 -8 220 4 92 -114 76 -8 76 -8 -68 -20 60 98 76 -8 1 0x1.3p6 -0x1.0p3 0x1.3p6 -0x1.0p3
DOORGENERAL 4 -6 -56 84 -48 84 -48 60 12 60 12 -30 4 -30 4 -6 -56 4 174 -40 264 -32 264 -32 240 28 240 28 150 20 150 20 174 -40 1 0x1.4p1 -1 0 0
DOORGENERAL 4 -75 -99 15 -77 15 -77 1 21 1 21 -89 -1 -89 -1 -75 -99 4 -53 -94 37 -72 37 -72 23 26 23 26 -67 4 -67 4 -53 -94 1 0x1.9p2 2 4 -75 -99 15 -77 15 -77 1 21 23 26 -67 4 -67 4 -53 -94 2 -0x1.8c2c6c6ae84eep5 -0x1.58b6d275400a3p6 -0x1.ap4 -0x1.23fffffffffffp5 -0x1.ap4 -0x1.23fffffffffffp5 -0x1.3d3939517b12p1 0x1.a5b693aa00518p3
DOORGENERAL 4 -48 -63 42 -47 42 -47 34 -3 34 -3 -56 -19 -56 -19 -48 -63 4 42 -47 132 -31 132 -31 124 13 124 13 34 -3 34 -3 42 -47 1 0x1.0p-2 1 4 42 -47 132 -31 42 -47 34 -3 124 13 34 -3 34 -3 42 -47 2 0x1.4cc7b2268d9bap5 -0x1.664a53d40ad8p5 0x1.3p5 -0x1.8ffffffffffffp4 0x1.3p5 -0x1.8ffffffffffffp4 0x1.13384dd972646p5 -0x1.4dad615fa93f8p2
DOORGENERAL 4 -36 -103 24 -93 24 -93 4 -19 4 -19 -56 -29 -56 -29 -36 -103 4 4 -19 64 -9 64 -9 44 65 44 65 -16 55 -16 55 4 -19 1 0x1.08p3 0 4 4 -19 64 -9 24 -93 4 -19 4 -19 -56 -29 -16 55 4 -19 1 0x1.0p2 -0x1.3p4 0x1.0p2 -0x1.3p4
DOORGENERAL 4 -43 -9 57 1 57 1 31 89 31 89 -69 79 -69 79 -43 -9 4 157 11 257 21 257 21 231 109 231 109 131 99 131 99 157 11 1 0x1.08p3 -1 0 0
DOORGENERAL 4 -92 10 16 30 16 30 -6 132 -6 132 -114 112 -114 112 -92 10 4 -65 15 43 35 43 35 21 137 21 137 -87 117 -87 117 -65 15 0 0x1.dp2 2 4 -65 15 43 35 16 30 -6 132 21 137 -87 117 -87 117 -65 15 1 -0x1.1cp5 0x1.26p6 -0x1.1cp5 0x1.26p6
DOORGENERAL 4 -34 -14 90 -8 90 -8 74 44 74 44 -50 38 -50 38 -34 -14 4 90 -8 214 -2 214 -2 198 50 198 50 74 44 74 44 90 -8 0 0x1.ap2 1 4 90 -8 214 -2 90 -8 74 44 198 50 74 44 74 44 90 -8 1 0x1.5e0046da82e62p6 0x1.fc66e75a5068p-4 0x1.31ffb9257d19ep6 0x1.1f01cc8c52d7dp5
DOORGENERAL 4 -59 -39 35 -19 35 -19 13 87 13 87 -81 67 -81 67 -59 -39 4 13 87 107 107 107 107 85 213 85 213 -9 193 -9 193 13 87 0 0x1.8p1 0 4 13 87 107 107 35 -19 13 87 13 87 -81 67 -9 193 13 87 1 0x1.ap3 0x1.5cp6 0x1.ap3 0x1.5cp6
DOORGENERAL 4 -53 -103 67 -91 67 -91 43 -35 43 -35 -77 -47 -77 -47 -53 -103 4 187 -79 307 -67 307 -67 283 -11 283 -11 163 -23 163 -23 187 -79 1 0x1.0p-1 -1 0 0
DOORGENERAL 4 45 11 105 21 105 21 95 91 95 91 35 81 35 81 45 11 4 60 13 120 23 120 23 110 93 110 93 50 83 50 83 60 13 1 0x1.ep1 2 4 45 11 105 21 105 21 95 91 110 93 50 83 50 83 60 13 2 0x1.f288ec0308431p5 0x1.2b83c99500789p4 0x1.36p6 0x1.ap5 0x1.36p6 0x1.ap5 0x1.72bb89fe7bde7p6 0x1.551f0d9abfe1ep6
DOORGENERAL 4 -25 -94 121 -82 121 -82 103 22 103 22 -43 10 -43 10 -25 -94 4 121 -82 267 -70 267 -70 249 34 249 34 103 22 103 22 121 -82 0 0x1.0p2 1 4 121 -82 267 -70 121 -82 103 22 249 34 103 22 103 22 121 -82 2 0x1.dfe83184b6e68p6 -0x1.305a01a976175p6 0x1.cp6 -0x1.ep4 0x1.cp6 -0x1.ep4 0x1.a017ce7b49198p6 0x1.016806a5d85d4p4
DOORGENERAL 4 -94 -45 12 -25 12 -25 4 63 4 63 -102 43 -102 43 -94 -45 4 4 63 110 83 110 83 102 171 102 171 -4 151 -4 151 4 63 1 0x1.8p1 0 4 4 63 110 83 12 -25 4 63 4 63 -102 43 -4 151 4 63 1 0x1.0p2 0x1.f8p5 0x1.0p2 0x1.f8p5
DOORGENERAL 4 38 -123 90 -115 90 -115 70 -29 70 -29 18 -37 18 -37 38 -123 4 142 -107 194 -99 194 -99 174 -13 174 -13 122 -21 122 -21 142 -107 0 0x1.8p0 -1 0 0
DOORGENERAL 4 -89 -21 -33 -7 -33 -7 -51 57 -51 57 -107 43 -107 43 -89 -21 4 -75 -18 -19 -4 -19 -4 -37 60 -37 60 -93 46 -93 46 -75 -18 0 0x1.3p3 2 4 -89 -21 -33 -7 -33 -7 -51 57 -37 60 -93 46 -93 46 -75 -18 1 -0x1.f8p5 0x1.38p4 -0x1.f8p5 0x1.38p4
DOORGENERAL 4 -18 -75 40 -55 40 -55 30 37 30 37 -28 17 -28 17 -18 -75 4 40 -55 98 -35 98 -35 88 57 88 57 30 37 30 37 40 -55 1 0x1.ep1 1 4 40 -55 98 -35 40 -55 30 37 88 57 30 37 30 37 40 -55 2 0x1.3b077ebe0a16p5 -0x1.8a44f46df6643p5 0x1.18p5 -0x1.1fffffffffffcp3 0x1.18p5 -0x1.1fffffffffffcp3 0x1.e9f10283ebd3fp4 0x1.f489e8dbecc88p4
DOORGENERAL 4 18 -96 150 -78 150 -78 132 -14 132 -14 0 -32 0 -32 18 -96 4 132 -14 264 4 264 4 246 68 246 68 114 50 114 50 132 -14 0 0x1.7p2 0 4 132 -14 264 4 150 -78 132 -14 132 -14 0 -32 114 50 132 -14 1 0x1.08p7 -0x1.cp3 0x1.08p7 -0x1.cp3
DOORGENERAL 4 -123 -85 21 -77 21 -77 -5 41 -5 41 -149 33 -149 33 -123 -85 4 165 -69 309 -61 309 -61 283 57 283 57 139 49 139 49 165 -69 1 0x1.9p2 -1 0 0
DOORGENERAL 4 -31 -106 69 -84 69 -84 55 40 55 40 -45 18 -45 18 -31 -106 4 -6 -101 94 -79 94 -79 80 45 80 45 -20 23 -20 23 -6 -101 0 0x1.ep1 2 4 -31 -106 69 -84 69 -84 55 40 80 45 -20 23 -20 23 -6 -101 1 0x1.88p4 -0x1.e8p4 0x1.88p4 -0x1.e8p4
DOORGENERAL 4 -70 29 26 37 26 37 18 107 18 107 -78 99 -78 99 -70 29 4 26 37 122 45 122 45 114 115 114 115 18 107 18 107 26 37 0 0x1.28p3 1 4 26 37 122 45 26 37 18 107 114 115 18 107 18 107 26 37 1 0x1.8b8fc5e886a09p4 0x1.816afe26b3017p5 0x1.34703a17795f7p4 0x1.7f4a80eca67f4p6
DOORGENERAL 4 3 7 121 13 121 13 99 61 99 61 -19 55 -19 55 3 7 4 99 61 217 67 217 67 195 115 195 115 77 109 77 109 99 61 1 0x1.4p3 0 4 99 61 217 67 121 13 99 61 99 61 -19 55 77 109 99 61 1 0x1.8cp6 0x1.e8p5 0x1.8cp6 0x1.e8p5
DOORGENERAL 4 11 -74 61 -66 61 -66 51 62 51 62 1 54 1 54 11 -74 4 111 -58 161 -50 161 -50 151 78 151 78 101 70 101 70 111 -58 1 0x1.ep1 -1 0 0
DOORGENERAL 4 -88 -3 48 11 48 11 26 51 26 51 -110 37 -110 37 -88 -3 4 -54 0 82 14 82 14 60 54 60 54 -76 40 -76 40 -54 0 0 0x1.8p-1 2 4 -88 -3 48 11 48 11 26 51 60 54 -76 40 -76 40 -54 0 1 -0x1.cp3 0x1.98p4 -0x1.cp3 0x1.98p4
DOORGENERAL 4 -102 -77 34 -51 34 -51 24 35 24 35 -112 9 -112 9 -102 -77 4 34 -51 170 -25 170 -25 160 61 160 61 24 35 24 35 34 -51 0 0x1.4p3 1 4 34 -51 170 -25 34 -51 24 35 160 61 24 35 24 35 34 -51 1 0x1.04e9736ece1c2p5 -0x1.38a47a5286254p5 0x1.962d192263c7cp4 0x1.7148f4a50c4a8p4
DOORGENERAL 4 -94 -41 8 -15 8 -15 0 107 0 107 -102 81 -102 81 -94 -41 4 0 107 102 133 102 133 94 255 94 255 -8 229 -8 229 0 107 0 0x1.4p2 0 4 0 107 102 133 8 -15 0 107 0 107 -102 81 -8 229 0 107 1 0x0.0p0 0x1.acp6 0x0.0p0 0x1.acp6
DOORGENERAL 4 -140 -20 10 2 10 2 2 104 2 104 -148 82 -148 82 -140 -20 4 160 24 310 46 310 46 302 148 302 148 152 126 152 126 160 24 0 0x1.fp2 -1 0 0
DOORGENERAL 4 16 -115 118 -103 118 -103 108 -31 108 -31 6 -43 6 -43 16 -115 4 41 -112 143 -100 143 -100 133 -28 133 -28 31 -40 31 -40 41 -112 1 0x1.6p2 2 4 41 -112 143 -100 118 -103 108 -31 108 -31 6 -43 31 -40 41 -112 2 0x1.bfa7e0472e5bep6 -0x1.8a3139e21362ep6 0x1.2ap6 -0x1.1ep6 0x1.2ap6 -0x1.1ep6 0x1.28b03f71a3484p5 -0x1.639d8c3bd93a4p5
DOORGENERAL 4 -75 -39 61 -13 61 -13 47 103 47 103 -89 77 -89 77 -75 -39 4 61 -13 197 13 197 13 183 129 183 129 47 103 47 103 61 -13 0 0x1.3p3 1 4 61 -13 197 13 61 -13 47 103 183 129 47 103 47 103 61 -13 2 0x1.dcf9fedecd3f8p5 -0x1.9535afe6dd328p0 0x1.bp5 0x1.6800000000001p5 0x1.bp5 0x1.6800000000001p5 0x1.8306012132c08p5 0x1.6e54d6bf9b74cp6
DOORGENERAL 4 -103 -94 -35 -82 -35 -82 -47 -24 -47 -24 -115 -36 -115 -36 -103 -94 4 -47 -24 21 -12 21 -12 9 46 9 46 -59 34 -59 34 -47 -24 0 0x1.38p3 0 4 -47 -24 21 -12 -35 -82 -47 -24 -47 -24 -115 -36 -59 34 -47 -24 1 -0x1.78p5 -0x1.8p4 -0x1.78p5 -0x1.8p4
DOORGENERAL 4 -33 -35 93 -11 93 -11 87 61 87 61 -39 37 -39 37 -33 -35 4 219 13 345 37 345 37 339 109 339 109 213 85 213 85 219 13 1 0x1.1p3 -1 0 0
DOORGENERAL 4 -88 -90 30 -70 30 -70 14 -16 14 -16 -104 -36 -104 -36 -88 -90 4 -59 -85 59 -65 59 -65 43 -11 43 -11 -75 -31 -75 -31 -59 -85 0 0x1.ap2 2 4 -59 -85 59 -65 30 -70 14 -16 14 -16 -104 -36 -75 -31 -59 -85 1 -0x1.68p4 -0x1.94p5 -0x1.68p4 -0x1.94p5
DOORGENERAL 4 5 -113 117 -99 117 -99 109 25 109 25 -3 11 -3 11 5 -113 4 117 -99 229 -85 229 -85 221 39 221 39 109 25 109 25 117 -99 0 0x1.6p2 1 4 117 -99 229 -85 117 -99 109 25 221 39 109 25 109 25 117 -99 2 0x1.d2118b4a76b3fp6 -0x1.6e0fef022fe4bp6 0x1.c4p6 -0x1.28p5 0x1.c4p6 -0x1.28p5 0x1.b5ee74b5894c1p6 0x1.183fbc08bf92cp4
DOORGENERAL 4 -38 -25 66 -5 66 -5 56 49 56 49 -48 29 -48 29 -38 -25 4 56 49 160 69 160 69 150 123 150 123 46 103 46 103 56 49 1 0x1.2p1 0 4 56 49 160 69 66 -5 56 49 56 49 -48 29 46 103 56 49 1 0x1.cp5 0x1.88p5 0x1.cp5 0x1.88p5
DOORGENERAL 4 -57 -95 55 -87 55 -87 31 17 31 17 -81 9 -81 9 -57 -95 4 167 -79 279 -71 279 -71 255 33 255 33 143 25 143 25 167 -79 0 0x1.0p2 -1 0 0
DOORGENERAL 4 -20 -83 110 -65 110 -65 104 65 104 65 -26 47 -26 47 -20 -83 4 12 -79 142 -61 142 -61 136 69 136 69 6 51 6 51 12 -79 1 0x1.0p-1 2 4 -20 -83 110 -65 110 -65 104 65 136 69 6 51 6 51 12 -79 7 0x1.aaa272678e01fp3 -0x1.31e06704ad6a1p6 0x1.a18328dbd749dp4 -0x1.c4f76e98f7bc2p5 0x1.a18328dbd749dp4 -0x1.c4f76e98f7bc2p5 0x1.36da8c41f3c95p5 -0x1.262e0f2894a42p5 0x1.36da8c41f3c95p5 -0x1.262e0f2894a42p5 0x1.9cf38415fbeddp5 -0x1.0ec95f7063186p4 0x1.9cf38415fbeddp5 -0x1.0ec95f7063186p4 0x1.01863df502091p6 0x1.764afb8318bep1 0x1.01863df502091p6 0x1.764afb8318bep1 0x1.3492b9df061b5p6 0x1.6c5c1e512947cp4 0x1.3492b9df061b5p6 0x1.6c5c1e512947cp4 0x1.679f35c90a2d9p6 0x1.54f76e98f7bbcp5 0x1.679f35c90a2d9p6 0x1.54f76e98f7bbcp5 0x1.9aabb1b30e3fcp6 0x1.f3c0ce095ad4p5
DOORGENERAL 4 -36 9 84 23 84 23 66 65 66 65 -54 51 -54 51 -36 9 4 84 23 204 37 204 37 186 79 186 79 66 65 66 65 84 23 1 0x1.0p-1 1 4 84 23 204 37 84 23 66 65 186 79 66 65 66 65 84 23 2 0x1.4c0f910c69646p6 0x1.94c40b8c2857p4 0x1.2cp6 0x1.6p5 0x1.2cp6 0x1.6p5 0x1.0bf06ef3969bap6 0x1.f59dfa39ebd48p5
DOORGENERAL 4 -1 -27 59 -5 59 -5 43 109 43 109 -17 87 -17 87 -1 -27 4 43 109 103 131 103 131 87 245 87 245 27 223 27 223 43 109 0 0x1.3p2 0 4 43 109 103 131 59 -5 43 109 43 109 -17 87 27 223 43 109 1 0x1.58p5 0x1.b4p6 0x1.58p5 0x1.b4p6
DOORGENERAL 4 27 -107 95 -93 95 -93 75 1 75 1 7 -13 7 -13 27 -107 4 163 -79 231 -65 231 -65 211 29 211 29 143 15 143 15 163 -79 0 0x1.4p0 -1 0 0
DOORGENERAL 4 -106 -80 -8 -72 -8 -72 -20 -30 -20 -30 -118 -38 -118 -38 -106 -80 4 -82 -78 16 -70 16 -70 4 -28 4 -28 -94 -36 -94 -36 -82 -78 0 0x1.1p3 2 4 -82 -78 16 -70 -8 -72 -20 -30 -20 -30 -118 -38 -94 -36 -82 -78 1 -0x1.98p5 -0x1.bp5 -0x1.98p5 -0x1.bp5
DOORGENERAL 4 -17 -33 37 -13 37 -13 31 77 31 77 -23 57 -23 57 -17 -33 4 37 -13 91 7 91 7 85 97 85 97 31 77 31 77 37 -13 0 0x1.2p1 1 4 37 -13 91 7 37 -13 31 77 85 97 31 77 31 77 37 -13 3 0x1.25bd04be8a188p5 -0x1.184d1ca85dbf2p3 0x1.173f0194d8b2dp5 0x1.269dd08e9b0acp4 0x1.173f0194d8b2dp5 0x1.269dd08e9b0acp4 0x1.08c0fe6b274d3p5 0x1.6cb117b8b27a8p5 0x1.08c0fe6b274d3p5 0x1.6cb117b8b27a8p5 0x1.f485f682ebcfp4 0x1.2309a3950bb7ep6
DOORGENERAL 4 -129 -121 15 -101 15 -101 -11 13 -11 13 -155 -7 -155 -7 -129 -121 4 -11 13 133 33 133 33 107 147 107 147 -37 127 -37 127 -11 13 1 0x1.cp1 0 4 -11 13 133 33 15 -101 -11 13 -11 13 -155 -7 -37 127 -11 13 1 -0x1.6p3 0x1.ap3 -0x1.6p3 0x1.ap3
DOORGENERAL 4 -40 -19 106 1 106 1 82 127 82 127 -64 107 -64 107 -40 -19 4 252 21 398 41 398 41 374 167 374 167 228 147 228 147 252 21 0 0x1.0p3 -1 0 0
DOORGENERAL 4 33 -9 111 5 111 5 95 109 95 109 17 95 17 95 33 -9 4 52 -6 130 8 130 8 114 112 114 112 36 98 36 98 52 -6 0 0x1.4p2 2 4 33 -9 111 5 111 5 95 109 114 112 36 98 36 98 52 -6 1 0x1.26p6 0x1.9cp5 0x1.26p6 0x1.9cp5
DOORGENERAL 4 -56 55 76 61 76 61 70 101 70 101 -62 95 -62 95 -56 55 4 76 61 208 67 208 67 202 107 202 107 70 101 70 101 76 61 0 0x1.0p1 1 4 76 61 208 67 76 61 70 101 202 107 70 101 70 101 76 61 2 0x1.2da065c2dfda3p6 0x1.03d2aeecd6515p6 0x1.24p6 0x1.44p6 0x1.24p6 0x1.44p6 0x1.1a5f9a3d2025dp6 0x1.842d511329aebp6
DOORGENERAL 4 -19 12 63 22 63 22 41 108 41 108 -41 98 -41 98 -19 12 4 41 108 123 118 123 118 101 204 101 204 19 194 19 194 41 108 1 0x1.4p0 0 4 41 108 123 118 63 22 41 108 41 108 -41 98 19 194 41 108 1 0x1.48p5 0x1.bp6 0x1.48p5 0x1.bp6
DOORGENERAL 4 13 -68 107 -56 107 -56 95 44 95 44 1 32 1 32 13 -68 4 201 -44 295 -32 295 -32 283 68 283 68 189 56 189 56 201 -44 0 0x1.6p1 -1 0 0
DOORGENERAL 4 55 -48 113 -22 113 -22 95 90 95 90 37 64 37 64 55 -48 4 69 -42 127 -16 127 -16 109 96 109 96 51 70 51 70 69 -42 1 0x1.0p-2 2 4 55 -48 113 -22 113 -22 95 90 109 96 51 70 51 70 69 -42 6 0x1.1595f5d2f7d94p6 -0x1.3c49130efaed3p5 0x1.2663f9374fe63p6 -0x1.25b6c413f93c4p4 0x1.2663f9374fe63p6 -0x1.25b6c413f93c4p4 0x1.3731fc9ba7f31p6 0x1.6924efb01b0fp1 0x1.3731fc9ba7f31p6 0x1.6924efb01b0fp1 0x1.48p6 0x1.7fffffffffffep4 0x1.48p6 0x1.7fffffffffffep4 0x1.58ce0364580cfp6 0x1.696db104fe4f1p5 0x1.58ce0364580cfp6 0x1.696db104fe4f1p5 0x1.699c06c8b019ep6 0x1.096db104fe4f2p6 0x1.699c06c8b019ep6 0x1.096db104fe4f2p6 0x1.7a6a0a2d0826cp6 0x1.5e2489877d768p6
DOORGENERAL 4 -50 -88 28 -78 28 -78 4 -6 4 -6 -74 -16 -74 -16 -50 -88 4 28 -78 106 -68 106 -68 82 4 82 4 4 -6 4 -6 28 -78 0 0x1.0p3 1 4 28 -78 106 -68 28 -78 4 -6 82 4 4 -6 4 -6 28 -78 1 0x1.8d674f8a4b496p4 -0x1.120d7ba7b877p6 0x1.ca62c1d6d2da8p2 -0x1.ef9422c23c47cp3
DOORGENERAL 4 -117 -30 -23 -10 -23 -10 -35 88 -35 88 -129 68 -129 68 -117 -30 4 -35 88 59 108 59 108 47 206 47 206 -47 186 -47 186 -35 88 0 0x1.dp2 0 4 -35 88 59 108 -23 -10 -35 88 -35 88 -129 68 -47 186 -35 88 1 -0x1.18p5 0x1.6p6 -0x1.18p5 0x1.6p6
DOORGENERAL 4 -92 -135 24 -125 24 -125 6 -5 6 -5 -110 -15 -110 -15 -92 -135 4 140 -115 256 -105 256 -105 238 15 238 15 122 5 122 5 140 -115 1 0x1.3p3 -1 0 0
DOORGENERAL 4 -86 7 48 15 48 15 40 99 40 99 -94 91 -94 91 -86 7 4 -53 9 81 17 81 17 73 101 73 101 -61 93 -61 93 -53 9 1 0x1.7p2 2 4 -53 9 81 17 48 15 40 99 40 99 -94 91 -61 93 -53 9 2 0x1.4d8b89e96c3f8p5 0x1.389a218cae8fcp4 -0x1.ap2 0x1.bp5 -0x1.ap2 0x1.bp5 -0x1.b58b89e96c3f8p5 0x1.61d9779cd45c1p6
DOORGENERAL 4 -37 21 107 31 107 31 101 113 101 113 -43 103 -43 103 -37 21 4 107 31 251 41 251 41 245 123 245 123 101 113 101 113 107 31 0 0x1.8p1 1 4 107 31 251 41 107 31 101 113 245 123 101 113 101 113 107 31 2 0x1.aa8a5d5f10f0ep6 0x1.1fe4b28430f28p5 0x1.ap6 0x1.2p6 0x1.ap6 0x1.2p6 0x1.9575a2a0ef0f2p6 0x1.b00da6bde786cp6
DOORGENERAL 4 -103 1 25 23 25 23 9 75 9 75 -119 53 -119 53 -103 1 4 9 75 137 97 137 97 121 149 121 149 -7 127 -7 127 9 75 0 0x1.ep1 0 4 9 75 137 97 25 23 9 75 9 75 -119 53 -7 127 9 75 1 0x1.2p3 0x1.2cp6 0x1.2p3 0x1.2cp6
DOORGENERAL 4 -54 -40 2 -34 2 -34 -24 64 -24 64 -80 58 -80 58 -54 -40 4 58 -28 114 -22 114 -22 88 76 88 76 32 70 32 70 58 -28 0 0x1.7p2 -1 0 0
DOORGENERAL 4 -17 -102 71 -94 71 -94 53 24 53 24 -35 16 -35 16 -17 -102 4 5 -100 93 -92 93 -92 75 26 75 26 -13 18 -13 18 5 -100 0 0x1.dp2 2 4 5 -100 93 -92 71 -94 53 24 75 26 -13 18 -13 18 5 -100 1 0x1.dp4 -0x1.3p5 0x1.dp4 -0x1.3p5
DOORGENERAL 4 -77 -86 15 -64 15 -64 -3 22 -3 22 -95 0 -95 0 -77 -86 4 15 -64 107 -42 107 -42 89 44 89 44 -3 22 -3 22 15 -64 1 0x1.bp2 1 4 15 -64 107 -42 15 -64 -3 22 89 44 -3 22 -3 22 15 -64 2 0x1.a6a368bb9888ep3 -0x1.bb7c126e4b871p5 0x1.8p2 -0x1.4fffffffffffep4 0x1.8p2 -0x1.4fffffffffffep4 -0x1.351b45dcc447p0 0x1.adf049b92e1c8p3
DOORGENERAL 4 -78 -60 2 -38 2 -38 -8 42 -8 42 -88 20 -88 20 -78 -60 4 -8 42 72 64 72 64 62 144 62 144 -18 122 -18 122 -8 42 1 0x1.8p0 0 4 -8 42 72 64 2 -38 -8 42 -8 42 -88 20 -18 122 -8 42 1 -0x1.0p3 0x1.5p5 -0x1.0p3 0x1.5p5
DOORGENERAL 4 13 10 93 16 93 16 79 60 79 60 -1 54 -1 54 13 10 4 173 22 253 28 253 28 239 72 239 72 159 66 159 66 173 22 1 0x1.fp2 -1 0 0
DOORGENERAL 4 25 -61 85 -45 85 -45 65 9 65 9 5 -7 5 -7 25 -61 4 40 -57 100 -41 100 -41 80 13 80 13 20 -3 20 -3 40 -57 0 0x1.38p3 2 4 40 -57 100 -41 85 -45 65 9 80 13 20 -3 20 -3 40 -57 1 0x1.a4p5 -0x1.8p4 0x1.a4p5 -0x1.8p4
DOORGENERAL 4 33 -104 143 -82 143 -82 121 26 121 26 11 4 11 4 33 -104 4 143 -82 253 -60 253 -60 231 48 231 48 121 26 121 26 143 -82 1 0x1.2p2 1 4 143 -82 253 -60 143 -82 121 26 231 48 121 26 121 26 143 -82 2 0x1.1b67b75e59b8dp7 -0x1.2e85f112b6b98p6 0x1.08p7 -0x1.c000000000002p4 0x1.08p7 -0x1.c000000000002p4 0x1.e93091434c8e6p6 0x1.3a17c44adae6p4
DOORGENERAL 4 42 -34 126 -14 126 -14 110 74 110 74 26 54 26 54 42 -34 4 110 74 194 94 194 94 178 182 178 182 94 162 94 162 110 74 1 0x1.0p-2 0 4 110 74 194 94 126 -14 110 74 110 74 26 54 94 162 110 74 1 0x1.b8p6 0x1.28p6 0x1.b8p6 0x1.28p6
DOORGENERAL 4 -113 -29 -13 -15 -13 -15 -29 87 -29 87 -129 73 -129 73 -113 -29 4 87 -1 187 13 187 13 171 115 171 115 71 101 71 101 87 -1 1 0x1.18p3 -1 0 0
DOORGENERAL 4 -10 1 118 9 118 9 102 121 102 121 -26 113 -26 113 -10 1 4 22 3 150 11 150 11 134 123 134 123 6 115 6 115 22 3 1 0x1.9p2 2 4 22 3 150 11 118 9 102 121 134 123 6 115 6 115 22 3 2 0x1.e3be3156e3f7ap4 0x1.c1df18ab71fbdp1 0x1.18p6 0x1.8p2 0x1.18p6 0x1.8p2 0x1.b71073aa47022p6 0x1.0f8839d523811p3
DOORGENERAL 4 4 -94 64 -76 64 -76 42 -32 42 -32 -18 -50 -18 -50 4 -94 4 64 -76 124 -58 124 -58 102 -14 102 -14 42 -32 42 -32 64 -76 0 0x1.0p-1 1 4 64 -76 124 -58 64 -76 42 -32 102 -14 42 -32 42 -32 64 -76 2 0x1.f70e44323405bp5 -0x1.270e44323405bp6 0x1.a8p5 -0x1.bp5 0x1.a8p5 -0x1.bp5 0x1.58f1bbcdcbfa5p5 -0x1.11e3779b97f4ap5
DOORGENERAL 4 -109 -85 -39 -65 -39 -65 -51 -15 -51 -15 -121 -35 -121 -35 -109 -85 4 -51 -15 19 5 19 5 7 55 7 55 -63 35 -63 35 -51 -15 0 0x1.38p3 0 4 -51 -15 19 5 -39 -65 -51 -15 -51 -15 -121 -35 -63 35 -51 -15 1 -0x1.98p5 -0x1.ep3 -0x1.98p5 -0x1.ep3
DOORGENERAL 4 1 10 129 32 129 32 119 78 119 78 -9 56 -9 56 1 10 4 257 54 385 76 385 76 375 122 375 122 247 100 247 100 257 54 1 0x1.2p2 -1 0 0
DOORGENERAL 4 -136 -25 14 -1 14 -1 -8 69 -8 69 -158 45 -158 45 -136 -25 4 -99 -19 51 5 51 5 29 75 29 75 -121 51 -121 51 -99 -19 1 0x1.4p1 2 4 -99 -19 51 5 14 -1 -8 69 -8 69 -158 45 -121 51 -99 -19 4 0x1.38d02bce42112p3 0x1.614b97bb64ed2p-1 -0x1.5dcbf50c6f7bbp4 0x1.9b0a5cbddb276p3 -0x1.5dcbf50c6f7bbp4 0x1.9b0a5cbddb276p3 -0x1.acp5 0x1.9p4 -0x1.acp5 0x1.9p4 -0x1.548d02bce4211p6 0x1.293d68d089362p5 -0x1.548d02bce4211p6 0x1.293d68d089362p5 -0x1.d31a0579c8422p6 0x1.8a7ad1a1126c4p5
DOORGENERAL 4 -64 4 42 24 42 24 32 98 32 98 -74 78 -74 78 -64 4 4 42 24 148 44 148 44 138 118 138 118 32 98 32 98 42 24 1 0x1.9p2 1 4 42 24 148 44 42 24 32 98 138 118 32 98 32 98 42 24 1 0x1.472952bf25713p5 0x1.0167cedfeaeddp5 0x1.08d6ad40da8edp5 0x1.674c18900a891p6
DOORGENERAL 4 -110 -62 24 -38 24 -38 12 92 12 92 -122 68 -122 68 -110 -62 4 12 92 146 116 146 116 134 246 134 246 0 222 0 222 12 92 0 0x1.ep2 0 4 12 92 146 116 24 -38 12 92 12 92 -122 68 0 222 12 92 1 0x1.8p3 0x1.7p6 0x1.8p3 0x1.7p6
DOORGENERAL 4 -44 -50 48 -32 48 -32 26 12 26 12 -66 -6 -66 -6 -44 -50 4 140 -14 232 4 232 4 210 48 210 48 118 30 118 30 140 -14 0 0x1.ap1 -1 0 0
DOORGENERAL 4 -101 -66 9 -42 9 -42 -1 76 -1 76 -111 52 -111 52 -101 -66 4 -74 -60 36 -36 36 -36 26 82 26 82 -84 58 -84 58 -74 -60 0 0x1.ep2 2 4 -74 -60 36 -36 9 -42 -1 76 -1 76 -111 52 -84 58 -74 -60 1 -0x1.2cp5 0x1.ffffffffffffep2 -0x1.2cp5 0x1.ffffffffffffep2
DOORGENERAL 4 36 21 90 47 90 47 78 87 78 87 24 61 24 61 36 21 4 90 47 144 73 144 73 132 113 132 113 78 87 78 87 90 47 1 0x1.8p1 1 4 90 47 144 73 90 47 78 87 132 113 78 87 78 87 90 47 1 0x1.6240c761225b2p6 0x1.9e5024231af5ep5 0x1.3dbf389edda4ep6 0x1.48d7edee72851p6
DOORGENERAL 4 -89 -22 -15 -8 -15 -8 -33 114 -33 114 -107 100 -107 100 -89 -22 4 -33 114 41 128 41 128 23 250 23 250 -51 236 -51 236 -33 114 0 0x1.4p0 0 4 -33 114 41 128 -15 -8 -33 114 -33 114 -107 100 -51 236 -33 114 1 -0x1.08p5 0x1.c8p6 -0x1.08p5 0x1.c8p6
DOORGENERAL 4 -62 13 62 35 62 35 52 111 52 111 -72 89 -72 89 -62 13 4 186 57 310 79 310 79 300 155 300 155 176 133 176 133 186 57 1 0x1.fp2 -1 0 0
DOORGENERAL 4 -62 -128 50 -114 50 -114 38 14 38 14 -74 0 -74 0 -62 -128 4 -34 -125 78 -111 78 -111 66 17 66 17 -46 3 -46 3 -34 -125 1 0x1.08p3 2 4 -62 -128 50 -114 50 -114 38 14 66 17 -46 3 -46 3 -34 -125 2 -0x1.d4cf0c713b148p4 -0x1.cdaebb4fe5ee4p6 0x1.ffffffffffffp0 -0x1.bcp5 0x1.ffffffffffffp0 -0x1.bcp5 0x1.0a6786389d8a3p5 0x1.1aebb4fe5ee4p2
DOORGENERAL 4 0 -46 142 -26 142 -26 128 88 128 88 -14 68 -14 68 0 -46 4 142 -26 284 -6 284 -6 270 108 270 108 128 88 128 88 142 -26 0 0x1.3p3 1 4 142 -26 284 -6 142 -26 128 88 270 108 128 88 128 88 142 -26 1 0x1.19324dd4087ebp7 -0x1.d2be77569be69p3 0x1.02cdb22bf7815p7 0x1.3257ceead37cdp6
DOORGENERAL 4 -22 21 88 39 88 39 64 113 64 113 -46 95 -46 95 -22 21 4 64 113 174 131 174 131 150 205 150 205 40 187 40 187 64 113 0 0x1.6p2 0 4 64 113 174 131 88 39 64 113 64 113 -46 95 40 187 64 113 1 0x1.0p6 0x1.c4p6 0x1.0p6 0x1.c4p6
DOORGENERAL 4 -20 -138 76 -124 76 -124 58 0 58 0 -38 -14 -38 -14 -20 -138 4 172 -110 268 -96 268 -96 250 28 250 28 154 14 154 14 172 -110 1 0x1.08p3 -1 0 0
DOORGENERAL 4 -50 -112 40 -106 40 -106 30 -26 30 -26 -60 -32 -60 -32 -50 -112 4 -28 -111 62 -105 62 -105 52 -25 52 -25 -38 -31 -38 -31 -28 -111 0 0x1.ep2 2 4 -50 -112 40 -106 40 -106 30 -26 52 -25 -38 -31 -38 -31 -28 -111 1 0x1.0p0 -0x1.12p6 0x1.0p0 -0x1.12p6
DOORGENERAL 4 -115 -37 -15 -31 -15 -31 -29 79 -29 79 -129 73 -129 73 -115 -37 4 -15 -31 85 -25 85 -25 71 85 71 85 -29 79 -29 79 -15 -31 1 0x1.dp2 1 4 -15 -31 85 -25 -15 -31 -29 79 71 85 -29 79 -29 79 -15 -31 2 -0x1.02af85ab8291p4 -0x1.5d2f2ee0fe1eep4 -0x1.6p4 0x1.7fffffffffffep4 -0x1.6p4 0x1.7fffffffffffep4 -0x1.bd507a547d6fp4 0x1.174bcbb83f87bp6
DOORGENERAL 4 -95 -69 15 -59 15 -59 -3 23 -3 23 -113 13 -113 13 -95 -69 4 -3 23 107 33 107 33 89 115 89 115 -21 105 -21 105 -3 23 1 0x1.7p2 0 4 -3 23 107 33 15 -59 -3 23 -3 23 -113 13 -21 105 -3 23 1 -0x1.8p1 0x1.7p4 -0x1.8p1 0x1.7p4
DOORGENERAL 4 -59 -110 87 -84 87 -84 69 40 69 40 -77 14 -77 14 -59 -110 4 233 -58 379 -32 379 -32 361 92 361 92 215 66 215 66 233 -58 1 0x1.0p2 -1 0 0
DOORGENERAL 4 -17 13 47 27 47 27 39 89 39 89 -25 75 -25 75 -17 13 4 -1 16 63 30 63 30 55 92 55 92 -9 78 -9 78 -1 16 0 0x1.5p2 2 4 -17 13 47 27 47 27 39 89 55 92 -9 78 -9 78 -1 16 1 0x1.3p4 0x1.a4p5 0x1.3p4 0x1.a4p5
DOORGENERAL 4 -60 -8 16 10 16 10 8 126 8 126 -68 108 -68 108 -60 -8 4 16 10 92 28 92 28 84 144 84 144 8 126 8 126 16 10 0 0x1.38p3 1 4 16 10 92 28 16 10 8 126 84 144 8 126 8 126 16 10 1 0x1.e62162c85772ep3 0x1.5b8df3d385ff3p4 0x1.19de9d37a88d2p3 0x1.c91c830b1e803p6
DOORGENERAL 4 -29 42 35 50 35 50 9 96 9 96 -55 88 -55 88 -29 42 4 9 96 73 104 73 104 47 150 47 150 -17 142 -17 142 9 96 0 0x1.4p1 0 4 9 96 73 104 35 50 9 96 9 96 -55 88 -17 142 9 96 1 0x1.2p3 0x1.8p6 0x1.2p3 0x1.8p6
DOORGENERAL 4 -11 -94 81 -80 81 -80 71 18 71 18 -21 4 -21 4 -11 -94 4 173 -66 265 -52 265 -52 255 46 255 46 163 32 163 32 173 -66 0 0x1.bp2 -1 0 0
DOORGENERAL 4 -110 12 38 32 38 32 22 88 22 88 -126 68 -126 68 -110 12 4 -73 17 75 37 75 37 59 93 59 93 -89 73 -89 73 -73 17 0 0x1.ep2 2 4 -73 17 75 37 38 32 22 88 59 93 -89 73 -89 73 -73 17 1 -0x1.98p4 0x1.a4p5 -0x1.98p4 0x1.a4p5
DOORGENERAL 4 -85 9 -15 31 -15 31 -41 137 -41 137 -111 115 -111 115 -85 9 4 -15 31 55 53 55 53 29 159 29 159 -41 137 -41 137 -15 31 1 0x1.0p1 1 4 -15 31 55 53 -15 31 -41 137 29 159 -41 137 -41 137 -15 31 3 -0x1.fe7e0b038c0ap3 0x1.171428c39d805p5 -0x1.7fbfac809757p4 0x1.0e835c209a4p6 -0x1.7fbfac809757p4 0x1.0e835c209a4p6 -0x1.002029bfb4548p5 0x1.917ca3df65bfep6 -0x1.002029bfb4548p5 0x1.917ca3df65bfep6 -0x1.40607d3f1cfd8p5 0x1.0a3af5cf189fep7
DOORGENERAL 4 -23 -13 115 7 115 7 91 71 91 71 -47 51 -47 51 -23 -13 4 91 71 229 91 229 91 205 155 205 155 67 135 67 135 91 71 1 0x1.2p1 0 4 91 71 229 91 115 7 91 71 91 71 -47 51 67 135 91 71 1 0x1.6cp6 0x1.1cp6 0x1.6cp6 0x1.1cp6
DOORGENERAL 4 -37 13 57 27 57 27 47 91 47 91 -47 77 -47 77 -37 13 4 151 41 245 55 245 55 235 119 235 119 141 105 141 105 151 41 1 0x1.4p0 -1 0 0
DOORGENERAL 4 -62 -92 84 -84 84 -84 64 -2 64 -2 -82 -10 -82 -10 -62 -92 4 -26 -90 120 -82 120 -82 100 0 100 0 -46 -8 -46 -8 -26 -90 0 0x1.fp2 2 4 -26 -90 120 -82 84 -84 64 -2 64 -2 -82 -10 -46 -8 -26 -90 1 0x1.3p4 -0x1.7p5 0x1.3p4 -0x1.7p5
DOORGENERAL 4 -52 -13 54 9 54 9 38 57 38 57 -68 35 -68 35 -52 -13 4 54 9 160 31 160 31 144 79 144 79 38 57 38 57 54 9 0 0x1.ep1 1 4 54 9 160 31 54 9 38 57 144 79 38 57 38 57 54 9 1 0x1.a1741a115c0b8p5 0x1.ce8ec72faf762p3 0x1.3e8be5eea3f48p5 0x1.9c5c4e3414227p5
DOORGENERAL 4 31 -5 91 9 91 9 73 49 73 49 13 35 13 35 31 -5 4 73 49 133 63 133 63 115 103 115 103 55 89 55 89 73 49 0 0x1.0p0 0 4 73 49 133 63 91 9 73 49 73 49 13 35 55 89 73 49 1 0x1.24p6 0x1.88p5 0x1.24p6 0x1.88p5
DOORGENERAL 4 1 29 109 43 109 43 87 93 87 93 -21 79 -21 79 1 29 4 217 57 325 71 325 71 303 121 303 121 195 107 195 107 217 57 0 0x1.3p3 -1 0 0
DOORGENERAL 4 -7 -140 141 -122 141 -122 123 -4 123 -4 -25 -22 -25 -22 -7 -140 4 30 -136 178 -118 178 -118 160 0 160 0 12 -18 12 -18 30 -136 0 0x1.bp2 2 4 -7 -140 141 -122 141 -122 123 -4 160 0 12 -18 12 -18 30 -136 1 0x1.32p6 -0x1.18p6 0x1.32p6 -0x1.18p6
DOORGENERAL 4 -39 -72 85 -60 85 -60 67 18 67 18 -57 6 -57 6 -39 -72 4 85 -60 209 -48 209 -48 191 30 191 30 67 18 67 18 85 -60 0 0x0.0p0 1 4 85 -60 209 -48 85 -60 67 18 191 30 67 18 67 18 85 -60 5 0x1.52337cdbe445fp6 -0x1.d068e4c70fb35p5 0x1.44854aea55c39p6 -0x1.59d889443c9edp5 0x1.44854aea55c39p6 -0x1.59d889443c9edp5 0x1.36d718f8c7413p6 -0x1.c6905b82d314ap4 0x1.36d718f8c7413p6 -0x1.c6905b82d314ap4 0x1.2928e70738bedp6 -0x1.b2df48fa59d74p3 0x1.2928e70738bedp6 -0x1.b2df48fa59d74p3 0x1.1b7ab515aa3c7p6 0x1.3b11288793d6p0 0x1.1b7ab515aa3c7p6 0x1.3b11288793d6p0 0x1.0dcc83241bba1p6 0x1.00d1c98e1f668p4
DOORGENERAL 4 -139 -76 11 -68 11 -68 -5 44 -5 44 -155 36 -155 36 -139 -76 4 -5 44 145 52 145 52 129 164 129 164 -21 156 -21 156 -5 44 0 0x1.5p2 0 4 -5 44 145 52 11 -68 -5 44 -5 44 -155 36 -21 156 -5 44 1 -0x1.4p2 0x1.6p5 -0x1.4p2 0x1.6p5
DOORGENERAL 4 21 -101 125 -85 125 -85 105 -39 105 -39 1 -55 1 -55 21 -101 4 229 -69 333 -53 333 -53 313 -7 313 -7 209 -23 209 -23 229 -69 1 0x1.0p1 -1 0 0
DOORGENERAL 4 -96 -82 -24 -66 -24 -66 -40 -2 -40 -2 -112 -18 -112 -18 -96 -82 4 -78 -78 -6 -62 -6 -62 -22 2 -22 2 -94 -14 -94 -14 -78 -78 0 0x1.0p1 2 4 -78 -78 -6 -62 -24 -66 -40 -2 -22 2 -94 -14 -94 -14 -78 -78 1 -0x1.d8p5 -0x1.4p5 -0x1.d8p5 -0x1.4p5
DOORGENERAL 4 -12 -59 98 -41 98 -41 84 59 84 59 -26 41 -26 41 -12 -59 4 98 -41 208 -23 208 -23 194 77 194 77 84 59 84 59 98 -41 0 0x1.4p1 1 4 98 -41 208 -23 98 -41 84 59 194 77 84 59 84 59 98 -41 3 0x1.85811c58f5262p6 -0x1.245902adae20ep5 0x1.74805ec851b76p6 -0x1.8b9807247b024p2 0x1.74805ec851b76p6 -0x1.8b9807247b024p2 0x1.637fa137ae48ap6 0x1.82e601c91ec0ap4 0x1.637fa137ae48ap6 0x1.82e601c91ec0ap4 0x1.527ee3a70ad9ep6 0x1.b45902adae20ep5
DOORGENERAL 4 14 -74 130 -50 130 -50 106 46 106 46 -10 22 -10 22 14 -74 4 106 46 222 70 222 70 198 166 198 166 82 142 82 142 106 46 0 0x0.0p0 0 4 106 46 222 70 130 -50 106 46 106 46 -10 22 82 142 106 46 1 0x1.a8p6 0x1.7p5 0x1.a8p6 0x1.7p5
DOORGENERAL 4 -11 -89 65 -77 65 -77 39 13 39 13 -37 1 -37 1 -11 -89 4 141 -65 217 -53 217 -53 191 37 191 37 115 25 115 25 141 -65 0 0x1.0p1 -1 0 0
DOORGENERAL 4 -61 -92 9 -70 9 -70 -3 36 -3 36 -73 14 -73 14 -61 -92 4 -44 -87 26 -65 26 -65 14 41 14 41 -56 19 -56 19 -44 -87 1 0x1.8p0 2 4 -61 -92 9 -70 9 -70 -3 36 14 41 -56 19 -56 19 -44 -87 4 -0x1.5763437ff36dap5 -0x1.4d675dff7bb2bp6 -0x1.09b1a1bff9b6dp5 -0x1.b3675dff7bb2cp5 -0x1.09b1a1bff9b6dp5 -0x1.b3675dff7bb2cp5 -0x1.78p4 -0x1.9800000000002p4 -0x1.78p4 -0x1.9800000000002p4 -0x1.b93979001924cp3 0x1.b675dff7bb2ap1 -0x1.b93979001924cp3 0x1.b675dff7bb2ap1 -0x1.04e5e4006493p2 0x1.02cebbfef7654p5
DOORGENERAL 4 -76 -131 22 -109 22 -109 -2 -3 -2 -3 -100 -25 -100 -25 -76 -131 4 22 -109 120 -87 120 -87 96 19 96 19 -2 -3 -2 -3 22 -109 0 0x1.2p1 1 4 22 -109 120 -87 22 -109 -2 -3 96 19 -2 -3 -2 -3 22 -109 3 0x1.50fbddf64e461p4 -0x1.a36b6fbff66d6p6 0x1.b5fd3ea4342ecp3 -0x1.2123cfeaa779dp6 0x1.b5fd3ea4342ecp3 -0x1.2123cfeaa779dp6 0x1.940582b797a2ap2 -0x1.3db8602ab10c8p5 0x1.940582b797a2ap2 -0x1.3db8602ab10c8p5 -0x1.0fbddf64e461p0 -0x1.c9490400992bp2
DOORGENERAL 4 -29 -7 87 17 87 17 81 107 81 107 -35 83 -35 83 -29 -7 4 81 107 197 131 197 131 191 221 191 221 75 197 75 197 81 107 1 0x1.ep1 0 4 81 107 197 131 87 17 81 107 81 107 -35 83 75 197 81 107 1 0x1.44p6 0x1.acp6 0x1.44p6 0x1.acp6
DOORGENERAL 4 -110 -100 26 -80 26 -80 0 -2 0 -2 -136 -22 -136 -22 -110 -100 4 162 -60 298 -40 298 -40 272 38 272 38 136 18 136 18 162 -60 1 0x1.ap2 -1 0 0
DOORGENERAL 4 -54 -125 90 -99 90 -99 70 13 70 13 -74 -13 -74 -13 -54 -125 4 -18 -119 126 -93 126 -93 106 19 106 19 -38 -7 -38 -7 -18 -119 0 0x1.fp2 2 4 -54 -125 90 -99 90 -99 70 13 106 19 -38 -7 -38 -7 -18 -119 1 0x1.ap4 -0x1.a8p5 0x1.ap4 -0x1.a8p5
DOORGENERAL 4 -32 -52 22 -40 22 -40 12 24 12 24 -42 12 -42 12 -32 -52 4 22 -40 76 -28 76 -28 66 36 66 36 12 24 12 24 22 -40 0 0x1.ap2 1 4 22 -40 76 -28 22 -40 12 24 66 36 12 24 12 24 22 -40 1 0x1.4b0136ebdb6c1p4 -0x1.f9a15f7f15e6dp4 0x1.a9fd92284927ep3 0x1.f342befe2bcdcp3
DOORGENERAL 4 -8 -81 56 -65 56 -65 42 -7 42 -7 -22 -23 -22 -23 -8 -81 4 42 -7 106 9 106 9 92 67 92 67 28 51 28 51 42 -7 1 0x1.8p0 0 4 42 -7 106 9 56 -65 42 -7 42 -7 -22 -23 28 51 42 -7 1 0x1.5p5 -0x1.cp2 0x1.5p5 -0x1.cp2
DOORGENERAL 4 -125 -111 17 -99 17 -99 11 -21 11 -21 -131 -33 -131 -33 -125 -111 4 159 -87 301 -75 301 -75 295 3 295 3 153 -9 153 -9 159 -87 0 0x1.3p3 -1 0 0
DOORGENERAL 4 -92 -59 54 -35 54 -35 44 79 44 79 -102 55 -102 55 -92 -59 4 -56 -53 90 -29 90 -29 80 85 80 85 -66 61 -66 61 -56 -53 0 0x1.fp2 2 4 -56 -53 90 -29 54 -35 44 79 44 79 -102 55 -66 61 -56 -53 1 -0x1.8p2 0x1.a000000000001p3 -0x1.8p2 0x1.a000000000001p3
DOORGENERAL 4 -54 -76 80 -50 80 -50 56 0 56 0 -78 -26 -78 -26 -54 -76 4 80 -50 214 -24 214 -24 190 26 190 26 56 0 56 0 80 -50 0 0x1.dp2 1 4 80 -50 214 -24 80 -50 56 0 190 26 56 0 56 0 80 -50 1 0x1.2ffd2bdc2421p6 -0x1.4d498c1541343p5 0x1.e005a847b7bep5 -0x1.0ad9cfaafb2f4p3
DOORGENERAL 4 18 -43 128 -33 128 -33 116 27 116 27 6 17 6 17 18 -43 4 116 27 226 37 226 37 214 97 214 97 104 87 104 87 116 27 1 0x1.9p2 0 4 116 27 226 37 128 -33 116 27 116 27 6 17 104 87 116 27 1 0x1.dp6 0x1.bp4 0x1.dp6 0x1.bp4
DOORGENERAL 4 -92 -121 54 -111 54 -111 30 1 30 1 -116 -9 -116 -9 -92 -121 4 200 -101 346 -91 346 -91 322 21 322 21 176 11 176 11 200 -101 0 0x1.9p2 -1 0 0
DOORGENERAL 4 -102 -22 0 2 0 2 -26 70 -26 70 -128 46 -128 46 -102 -22 4 -77 -16 25 8 25 8 -1 76 -1 76 -103 52 -103 52 -77 -16 1 0x1.8p1 2 4 -77 -16 25 8 0 2 -26 70 -26 70 -128 46 -103 52 -77 -16 3 -0x1.22b55317bcbdep2 0x1.1241148a28e34p2 -0x1.1ec78e20fd329p5 0x1.36dac1b62e12ep4 -0x1.1ec78e20fd329p5 0x1.36dac1b62e12ep4 -0x1.0c9c38ef8166bp6 0x1.14929f24e8f68p5 -0x1.0c9c38ef8166bp6 0x1.14929f24e8f68p5 -0x1.89d4aace84342p6 0x1.8db7dd6ebae39p5
DOORGENERAL 4 25 -96 143 -90 143 -90 121 -30 121 -30 3 -36 3 -36 25 -96 4 143 -90 261 -84 261 -84 239 -24 239 -24 121 -30 121 -30 143 -90 0 0x1.cp2 1 4 143 -90 261 -84 143 -90 121 -30 239 -24 121 -30 121 -30 143 -90 1 0x1.17cdacb10ea2ap7 -0x1.463350dd0a028p6 0x1.f064a69de2badp6 -0x1.33995e45ebfbp5
DOORGENERAL 4 -25 3 99 25 99 25 77 153 77 153 -47 131 -47 131 -25 3 4 77 153 201 175 201 175 179 303 179 303 55 281 55 281 77 153 1 0x1.ap2 0 4 77 153 201 175 99 25 77 153 77 153 -47 131 55 281 77 153 1 0x1.34p6 0x1.32p7 0x1.34p6 0x1.32p7
DOORGENERAL 4 -69 -95 67 -87 67 -87 53 11 53 11 -83 3 -83 3 -69 -95 4 203 -79 339 -71 339 -71 325 27 325 27 189 19 189 19 203 -79 1 0x1.8p1 -1 0 0
DOORGENERAL 4 25 -79 79 -73 79 -73 69 53 69 53 15 47 15 47 25 -79 4 38 -78 92 -72 92 -72 82 54 82 54 28 48 28 48 38 -78 1 0x1.0p1 2 4 25 -79 79 -73 79 -73 69 53 82 54 28 48 28 48 38 -78 4 0x1.3726ff946e82ep5 -0x1.26acde9162936p6 0x1.71937fca37418p5 -0x1.58acde9162936p5 0x1.71937fca37418p5 -0x1.58acde9162936p5 0x1.ac00000000001p5 -0x1.9p3 0x1.ac00000000001p5 -0x1.9p3 0x1.e66c8035c8bebp5 0x1.2159bd22c526cp4 0x1.e66c8035c8bebp5 0x1.2159bd22c526cp4 0x1.106c8035c8beap6 0x1.8559bd22c526cp5
DOORGENERAL 4 -10 9 80 31 80 31 62 149 62 149 -28 127 -28 127 -10 9 4 80 31 170 53 170 53 152 171 152 171 62 149 62 149 80 31 1 0x1.3p2 1 4 80 31 170 53 80 31 62 149 152 171 62 149 62 149 80 31 2 0x1.3bedaf2dfb961p6 0x1.2d61eac18f342p5 0x1.1cp6 0x1.68p6 0x1.1cp6 0x1.68p6 0x1.f824a1a408d3ep5 0x1.1ca7854f9c33p7
DOORGENERAL 4 -63 38 73 56 73 56 49 118 49 118 -87 100 -87 100 -63 38 4 49 118 185 136 185 136 161 198 161 198 25 180 25 180 49 118 0 0x1.8p0 0 4 49 118 185 136 73 56 49 118 49 118 -87 100 25 180 49 118 1 0x1.88p5 0x1.d8p6 0x1.88p5 0x1.d8p6
DOORGENERAL 4 -104 25 -34 49 -34 49 -48 125 -48 125 -118 101 -118 101 -104 25 4 36 73 106 97 106 97 92 173 92 173 22 149 22 149 36 73 0 0x1.4p2 -1 0 0
DOORGENERAL 4 -51 -18 23 0 23 0 17 80 17 80 -57 62 -57 62 -51 -18 4 -33 -14 41 4 41 4 35 84 35 84 -39 66 -39 66 -33 -14 1 0x1.cp2 2 4 -51 -18 23 0 23 0 17 80 35 84 -39 66 -39 66 -33 -14 2 -0x1.cc5802b35aa12p4 -0x1.6cb459d185a46p2 -0x1.0p3 0x1.08p5 -0x1.0p3 0x1.08p5 0x1.98b00566b5424p3 0x1.1ecb459d185a5p6
DOORGENERAL 4 -43 -43 27 -31 27 -31 11 89 11 89 -59 77 -59 77 -43 -43 4 27 -31 97 -19 97 -19 81 101 81 101 11 89 11 89 27 -31 0 0x1.ap1 1 4 27 -31 97 -19 27 -31 11 89 81 101 11 89 11 89 27 -31 3 0x1.a4e5f38c8946ap4 -0x1.9cbca29e0591cp4 0x1.56f7512ed86cep4 0x1.57823e41519ecp3 0x1.56f7512ed86cep4 0x1.57823e41519ecp3 0x1.0908aed127932p4 0x1.7a1f706fab984p5 0x1.0908aed127932p4 0x1.7a1f706fab984p5 0x1.763418e6ed72cp3 0x1.4f2f28a781647p6
DOORGENERAL 4 41 22 131 42 131 42 113 92 113 92 23 72 23 72 41 22 4 113 92 203 112 203 112 185 162 185 162 95 142 95 142 113 92 1 0x1.cp2 0 4 113 92 203 112 131 42 113 92 113 92 23 72 95 142 113 92 1 0x1.c4p6 0x1.7p6 0x1.c4p6 0x1.7p6
DOORGENERAL 4 -105 -18 5 6 5 6 -21 48 -21 48 -131 24 -131 24 -105 -18 4 115 30 225 54 225 54 199 96 199 96 89 72 89 72 115 30 0 0x1.ep1 -1 0 0
DOORGENERAL 4 -48 -96 44 -72 44 -72 38 -22 38 -22 -54 -46 -54 -46 -48 -96 4 -25 -90 67 -66 67 -66 61 -16 61 -16 -31 -40 -31 -40 -25 -90 1 0x1.0p1 2 4 -25 -90 67 -66 44 -72 38 -22 61 -16 -31 -40 -31 -40 -25 -90 2 -0x1.52128f0100b18p4 -0x1.63f61474ef598p6 0x1.3p3 -0x1.44p6 0x1.3p3 -0x1.44p6 0x1.410947808058cp5 -0x1.2409eb8b10a68p6
DOORGENERAL 4 -103 -92 45 -86 45 -86 35 0 35 0 -113 -6 -113 -6 -103 -92 4 45 -86 193 -80 193 -80 183 6 183 6 35 0 35 0 45 -86 0 0x1.cp2 1 4 45 -86 193 -80 45 -86 35 0 183 6 35 0 35 0 45 -86 1 0x1.5faf16931a952p5 -0x1.343daddef24dfp6 0x1.2050e96ce56aep5 -0x1.1e1291086d908p3
DOORGENERAL 4 46 -33 102 -19 102 -19 84 101 84 101 28 87 28 87 46 -33 4 84 101 140 115 140 115 122 235 122 235 66 221 66 221 84 101 0 0x1.4p1 0 4 84 101 140 115 102 -19 84 101 84 101 28 87 66 221 84 101 1 0x1.5p6 0x1.94p6 0x1.5p6 0x1.94p6
DOORGENERAL 4 -27 -43 93 -29 93 -29 83 91 83 91 -37 77 -37 77 -27 -43 4 213 -15 333 -1 333 -1 323 119 323 119 203 105 203 105 213 -15 0 0x1.3p2 -1 0 0
DOORGENERAL 4 -24 -20 90 2 90 2 72 42 72 42 -42 20 -42 20 -24 -20 4 4 -15 118 7 118 7 100 47 100 47 -14 25 -14 25 4 -15 0 0x1.1p2 2 4 -24 -20 90 2 90 2 72 42 100 47 -14 25 -14 25 4 -15 1 0x1.3p5 0x1.bp3 0x1.3p5 0x1.bp3
DOORGENERAL 4 -7 -67 117 -57 117 -57 101 49 101 49 -23 39 -23 39 -7 -67 4 117 -57 241 -47 241 -47 225 59 225 59 101 49 101 49 117 -57 0 0x1.ap2 1 4 117 -57 241 -47 117 -57 101 49 225 59 101 49 101 49 117 -57 2 0x1.ceece791a27cp6 -0x1.84c2fc49a8eaep5 0x1.b4p6 -0x1.ffffffffffffp1 0x1.b4p6 -0x1.ffffffffffffp1 0x1.9913186e5d84p6 0x1.44c2fc49a8ebp5
DOORGENERAL 4 -93 -64 -25 -48 -25 -48 -31 68 -31 68 -99 52 -99 52 -93 -64 4 -31 68 37 84 37 84 31 200 31 200 -37 184 -37 184 -31 68 1 0x1.0p2 0 4 -31 68 37 84 -25 -48 -31 68 -31 68 -99 52 -37 184 -31 68 1 -0x1.fp4 0x1.1p6 -0x1.fp4 0x1.1p6
DOORGENERAL 4 -114 -3 26 21 26 21 2 93 2 93 -138 69 -138 69 -114 -3 4 166 45 306 69 306 69 282 141 282 141 142 117 142 117 166 45 0 0x1.2p3 -1 0 0
DOORGENERAL 4 -18 26 128 50 128 50 112 116 112 116 -34 92 -34 92 -18 26 4 18 32 164 56 164 56 148 122 148 122 2 98 2 98 18 32 1 0x1.1p3 2 4 18 32 164 56 128 50 112 116 112 116 -34 92 2 98 18 32 2 0x1.d8a8f6586b83bp6 0x1.ae753346dabfdp5 0x1.04p6 0x1.28p6 0x1.04p6 0x1.28p6 0x1.7ab84d3ca3e28p3 0x1.78c5665c92a02p6
DOORGENERAL 4 -28 -39 22 -29 22 -29 6 35 6 35 -44 25 -44 25 -28 -39 4 22 -29 72 -19 72 -19 56 45 56 45 6 35 6 35 22 -29 0 0x1.1p3 1 4 22 -29 72 -19 22 -29 6 35 56 45 6 35 6 35 22 -29 1 0x1.374107206b7a3p4 -0x1.2d041c81ade8bp4 0x1.117df1bf290bbp3 0x1.8d041c81ade8ap4
DOORGENERAL 4 20 -62 94 -50 94 -50 84 76 84 76 10 64 10 64 20 -62 4 84 76 158 88 158 88 148 214 148 214 74 202 74 202 84 76 1 0x1.8p2 0 4 84 76 158 88 94 -50 84 76 84 76 10 64 74 202 84 76 1 0x1.5p6 0x1.3p6 0x1.5p6 0x1.3p6
DOORGENERAL 4 -78 29 -4 35 -4 35 -30 121 -30 121 -104 115 -104 115 -78 29 4 70 41 144 47 144 47 118 133 118 133 44 127 44 127 70 41 1 0x1.9p2 -1 0 0
DOORGENERAL 4 -107 -84 -5 -68 -5 -68 -31 16 -31 16 -133 0 -133 0 -107 -84 4 -82 -80 20 -64 20 -64 -6 20 -6 20 -108 4 -108 4 -82 -80 0 0x1.2p3 2 4 -82 -80 20 -64 -5 -68 -31 16 -31 16 -133 0 -108 4 -82 -80 1 -0x1.c4p5 -0x1.0p5 -0x1.c4p5 -0x1.0p5
DOORGENERAL 4 -19 -64 69 -46 69 -46 49 52 49 52 -39 34 -39 34 -19 -64 4 69 -46 157 -28 157 -28 137 70 137 70 49 52 49 52 69 -46 1 0x1.8p0 1 4 69 -46 157 -28 69 -46 49 52 137 70 49 52 49 52 69 -46 3 0x1.113357e39f926p6 -0x1.5490c3b6b5671p5 0x1.f0cce5426a61ap5 -0x1.86165a48f1deap3 0x1.f0cce5426a61ap5 -0x1.86165a48f1deap3 0x1.bf331abd959e8p5 0x1.230b2d2478ef8p4 0x1.bf331abd959e8p5 0x1.230b2d2478ef8p4 0x1.8d995038c0db5p5 0x1.8490c3b6b5672p5
DOORGENERAL 4 -120 -130 -14 -114 -14 -114 -30 -4 -30 -4 -136 -20 -136 -20 -120 -130 4 -30 -4 76 12 76 12 60 122 60 122 -46 106 -46 106 -30 -4 1 0x1.3p3 0 4 -30 -4 76 12 -14 -114 -30 -4 -30 -4 -136 -20 -46 106 -30 -4 1 -0x1.ep4 -0x1.0p2 -0x1.ep4 -0x1.0p2
DOORGENERAL 4 0 -112 82 -88 82 -88 74 -16 74 -16 -8 -40 -8 -40 0 -112 4 164 -64 246 -40 246 -40 238 32 238 32 156 8 156 8 164 -64 1 0x1.0p3 -1 0 0
DOORGENERAL 4 -100 -62 24 -36 24 -36 2 78 2 78 -122 52 -122 52 -100 -62 4 -69 -56 55 -30 55 -30 33 84 33 84 -91 58 -91 58 -69 -56 0 0x1.3p2 2 4 -100 -62 24 -36 24 -36 2 78 33 84 -91 58 -91 58 -69 -56 1 -0x1.0cp5 0x1.6p3 -0x1.0cp5 0x1.6p3
DOORGENERAL 4 -94 -91 38 -83 38 -83 12 -43 12 -43 -120 -51 -120 -51 -94 -91 4 38 -83 170 -75 170 -75 144 -35 144 -35 12 -43 12 -43 38 -83 0 0x1.8p1 1 4 38 -83 170 -75 38 -83 12 -43 144 -35 12 -43 12 -43 38 -83 1 0x1.1a3351bcfbab2p5 -0x1.3b3b2b2ee8f9dp6 0x1.d732b90c11536p3 -0x1.7989a9a22e0c6p5
DOORGENERAL 4 -52 -49 12 -37 12 -37 -4 19 -4 19 -68 7 -68 7 -52 -49 4 -4 19 60 31 60 31 44 87 44 87 -20 75 -20 75 -4 19 1 0x1.08p3 0 4 -4 19 60 31 12 -37 -4 19 -4 19 -68 7 -20 75 -4 19 1 -0x1.0p2 0x1.3p4 -0x1.0p2 0x1.3p4
DOORGENERAL 4 -53 -71 7 -61 7 -61 -1 53 -1 53 -61 43 -61 43 -53 -71 4 67 -51 127 -41 127 -41 119 73 119 73 59 63 59 63 67 -51 0 0x1.4p1 -1 0 0
DOORGENERAL 4 -40 6 86 16 86 16 74 74 74 74 -52 64 -52 64 -40 6 4 -9 8 117 18 117 18 105 76 105 76 -21 66 -21 66 -9 8 0 0x1.7p2 2 4 -40 6 86 16 86 16 74 74 105 76 -21 66 -21 66 -9 8 1 0x1.04p5 0x1.48p5 0x1.04p5 0x1.48p5
DOORGENERAL 4 -3 8 87 32 87 32 81 96 81 96 -9 72 -9 72 -3 8 4 87 32 177 56 177 56 171 120 171 120 81 96 81 96 87 32 1 0x1.8p2 1 4 87 32 177 56 87 32 81 96 171 120 81 96 81 96 87 32 1 0x1.59035a5898e43p6 0x1.3fb8789decfc9p5 0x1.46fca5a7671bdp6 0x1.6023c3b10981cp6
DOORGENERAL 4 -137 -63 7 -53 7 -53 -3 61 -3 61 -147 51 -147 51 -137 -63 4 -3 61 141 71 141 71 131 185 131 185 -13 175 -13 175 -3 61 0 0x1.ap1 0 4 -3 61 141 71 7 -53 -3 61 -3 61 -147 51 -13 175 -3 61 1 -0x1.8p1 0x1.e8p5 -0x1.8p1 0x1.e8p5
DOORGENERAL 4 -87 -13 -33 13 -33 13 -51 63 -51 63 -105 37 -105 37 -87 -13 4 21 39 75 65 75 65 57 115 57 115 3 89 3 89 21 39 1 0x1.dp2 -1 0 0
DOORGENERAL 4 -25 -54 43 -48 43 -48 31 40 31 40 -37 34 -37 34 -25 -54 4 -8 -53 60 -47 60 -47 48 41 48 41 -20 35 -20 35 -8 -53 0 0x1.38p3 2 4 -25 -54 43 -48 43 -48 31 40 48 41 -20 35 -20 35 -8 -53 1 0x1.7p3 -0x1.ap2 0x1.7p3 -0x1.ap2
DOORGENERAL 4 -41 -126 81 -106 81 -106 75 4 75 4 -47 -16 -47 -16 -41 -126 4 81 -106 203 -86 203 -86 197 24 197 24 75 4 75 4 81 -106 1 0x1.0p3 1 4 81 -106 203 -86 81 -106 75 4 197 24 75 4 75 4 81 -106 2 0x1.41d248995b67ep6 -0x1.800f32fb8bc5ap6 0x1.38p6 -0x1.98p5 0x1.38p6 -0x1.98p5 0x1.2e2db766a4982p6 -0x1.7f0cd04743a6p2
DOORGENERAL 4 -118 3 14 15 14 15 -2 99 -2 99 -134 87 -134 87 -118 3 4 -2 99 130 111 130 111 114 195 114 195 -18 183 -18 183 -2 99 1 0x1.0p2 0 4 -2 99 130 111 14 15 -2 99 -2 99 -134 87 -18 183 -2 99 1 -0x1.0p1 0x1.8cp6 -0x1.0p1 0x1.8cp6
DOORGENERAL 4 -88 25 -10 41 -10 41 -26 117 -26 117 -104 101 -104 101 -88 25 4 68 57 146 73 146 73 130 149 130 149 52 133 52 133 68 57 0 0x1.2p1 -1 0 0
DOORGENERAL 4 53 -46 103 -26 103 -26 89 72 89 72 39 52 39 52 53 -46 4 65 -41 115 -21 115 -21 101 77 101 77 51 57 51 57 65 -41 1 0x1.ap2 2 4 65 -41 115 -21 103 -26 89 72 89 72 39 52 51 57 65 -41 2 0x1.89cb836d31c6ap6 -0x1.29d691abc955bp4 0x1.34p6 0x1.f000000000006p3 0x1.34p6 0x1.f000000000006p3 0x1.bc68f9259c72ap5 0x1.8ceb48d5e4abp5
DOORGENERAL 4 -86 -19 -28 -1 -28 -1 -50 65 -50 65 -108 47 -108 47 -86 -19 4 -28 -1 30 17 30 17 8 83 8 83 -50 65 -50 65 -28 -1 1 0x1.fp2 1 4 -28 -1 30 17 -28 -1 -50 65 8 83 -50 65 -50 65 -28 -1 1 -0x1.f154df3f90321p4 0x1.07fd3b7d612c7p3 -0x1.7755906037e6fp5 0x1.be00b120a7b4fp5
DOORGENERAL 4 -33 -67 77 -41 77 -41 55 87 55 87 -55 61 -55 61 -33 -67 4 55 87 165 113 165 113 143 241 143 241 33 215 33 215 55 87 1 0x1.cp2 0 4 55 87 165 113 77 -41 55 87 55 87 -55 61 33 215 55 87 1 0x1.b8p5 0x1.5cp6 0x1.b8p5 0x1.5cp6
DOORGENERAL 4 -48 -40 14 -22 14 -22 0 74 0 74 -62 56 -62 56 -48 -40 4 76 -4 138 14 138 14 124 110 124 110 62 92 62 92 76 -4 0 0x1.4p2 -1 0 0
DOORGENERAL 4 -53 -84 7 -76 7 -76 -3 8 -3 8 -63 0 -63 0 -53 -84 4 -38 -82 22 -74 22 -74 12 10 12 10 -48 2 -48 2 -38 -82 1 0x1.2p3 2 4 -38 -82 22 -74 7 -76 -3 8 12 10 -48 2 -48 2 -38 -82 1 -0x1.b18b3c57489fp4 -0x1.422f4ecfb59eep6 -0x1.f3a61d45bb07p1 -0x1.35d0b1304a612p6
DOORGENERAL 4 -100 -61 4 -47 4 -47 -10 9 -10 9 -114 -5 -114 -5 -100 -61 4 4 -47 108 -33 108 -33 94 23 94 23 -10 9 -10 9 4 -47 0 0x1.4p1 1 4 4 -47 108 -33 4 -47 -10 9 94 23 -10 9 -10 9 4 -47 2 0x1.744caab84becp1 -0x1.55132aae12fbp5 -0x1.7fffffffffffcp1 -0x1.3000000000002p4 -0x1.7fffffffffffcp1 -0x1.3000000000002p4 -0x1.1d132aae12fafp3 0x1.2899557097d78p2
DOORGENERAL 4 -97 19 -19 41 -19 41 -43 123 -43 123 -121 101 -121 101 -97 19 4 -43 123 35 145 35 145 11 227 11 227 -67 205 -67 205 -43 123 1 0x1.4p1 0 4 -43 123 35 145 -19 41 -43 123 -43 123 -121 101 -67 205 -43 123 1 -0x1.58p5 0x1.ecp6 -0x1.58p5 0x1.ecp6
DOORGENERAL 4 -37 -75 57 -61 57 -61 31 41 31 41 -63 27 -63 27 -37 -75 4 151 -47 245 -33 245 -33 219 69 219 69 125 55 125 55 151 -47 1 0x1.ep1 -1 0 0
DOORGENERAL 4 -65 10 59 36 59 36 37 104 37 104 -87 78 -87 78 -65 10 4 -34 16 90 42 90 42 68 110 68 110 -56 84 -56 84 -34 16 0 0x1.6p1 2 4 -65 10 59 36 59 36 37 104 68 110 -56 84 -56 84 -34 16 1 0x1.8p0 0x1.ep5 0x1.8p0 0x1.ep5
DOORGENERAL 4 50 -101 116 -81 116 -81 100 31 100 31 34 11 34 11 50 -101 4 116 -81 182 -61 182 -61 166 51 166 51 100 31 100 31 116 -81 0 0x1.9p2 1 4 116 -81 182 -61 116 -81 100 31 166 51 100 31 100 31 116 -81 2 0x1.cb5545badc287p6 -0x1.2354e81c051b4p6 0x1.bp6 -0x1.9000000000002p4 0x1.bp6 -0x1.9000000000002p4 0x1.94aaba4523d78p6 0x1.6d53a070146dp4
DOORGENERAL 4 -98 -99 -32 -73 -32 -73 -56 7 -56 7 -122 -19 -122 -19 -98 -99 4 -56 7 10 33 10 33 -14 113 -14 113 -80 87 -80 87 -56 7 1 0x1.28p3 0 4 -56 7 10 33 -32 -73 -56 7 -56 7 -122 -19 -80 87 -56 7 1 -0x1.cp5 0x1.cp2 -0x1.cp5 0x1.cp2
DOORGENERAL 4 56 6 112 20 112 20 96 146 96 146 40 132 40 132 56 6 4 168 34 224 48 224 48 208 174 208 174 152 160 152 160 168 34 1 0x1.4p3 -1 0 0
DOORGENERAL 4 30 -46 130 -28 130 -28 112 98 112 98 12 80 12 80 30 -46 4 55 -42 155 -24 155 -24 137 102 137 102 37 84 37 84 55 -42 1 0x1.ap1 2 4 30 -46 130 -28 130 -28 112 98 137 102 37 84 37 84 55 -42 3 0x1.c768b2d5062fcp5 -0x1.2540db3b132e1p5 0x1.2a9173238108p6 0x1.9ca8620d223p2 0x1.2a9173238108p6 0x1.9ca8620d223p2 0x1.716e8cdc7ef81p6 0x1.8c6af3be5bba1p5 0x1.716e8cdc7ef81p6 0x1.8c6af3be5bba1p5 0x1.b84ba6957ce82p6 0x1.72a06d9d8997p6
DOORGENERAL 4 -60 -80 4 -58 4 -58 -14 24 -14 24 -78 2 -78 2 -60 -80 4 4 -58 68 -36 68 -36 50 46 50 46 -14 24 -14 24 4 -58 1 0x1.7p2 1 4 4 -58 68 -36 4 -58 -14 24 50 46 -14 24 -14 24 4 -58 2 0x1.2b4ed6b26e262p1 -0x1.93711d2106791p5 -0x1.3ffffffffffffp2 -0x1.0fffffffffffep4 -0x1.3ffffffffffffp2 -0x1.0fffffffffffep4 -0x1.8ad3b5ac9b898p3 0x1.06e23a420cf24p4
DOORGENERAL 4 12 -137 90 -119 90 -119 72 -13 72 -13 -6 -31 -6 -31 12 -137 4 72 -13 150 5 150 5 132 111 132 111 54 93 54 93 72 -13 0 0x1.bp2 0 4 72 -13 150 5 90 -119 72 -13 72 -13 -6 -31 54 93 72 -13 1 0x1.2p6 -0x1.ap3 0x1.2p6 -0x1.ap3
DOORGENERAL 4 13 -75 159 -53 159 -53 135 7 135 7 -11 -15 -11 -15 13 -75 4 305 -31 451 -9 451 -9 427 51 427 51 281 29 281 29 305 -31 0 0x1.4p2 -1 0 0
DOORGENERAL 4 35 -124 105 -114 105 -114 81 -10 81 -10 11 -20 11 -20 35 -124 4 52 -122 122 -112 122 -112 98 -8 98 -8 28 -18 28 -18 52 -122 1 0x1.28p3 2 4 35 -124 105 -114 105 -114 81 -10 98 -8 28 -18 28 -18 52 -122 2 0x1.b6177930aed5ep5 -0x1.bad0e09aff37p6 0x1.0ap6 -0x1.08p6 0x1.0ap6 -0x1.08p6 0x1.38f44367a8952p6 -0x1.54bc7d9403244p4
DOORGENERAL 4 8 -61 60 -53 60 -53 36 73 36 73 -16 65 -16 65 8 -61 4 60 -53 112 -45 112 -45 88 81 88 81 36 73 36 73 60 -53 1 0x1.0p-2 1 4 60 -53 112 -45 60 -53 36 73 88 81 36 73 36 73 60 -53 6 0x1.dca1c9937eaefp5 -0x1.9651624659165p5 0x1.bdc1310cff1f5p5 -0x1.e86c830876c86p4 0x1.bdc1310cff1f5p5 -0x1.e86c830876c86p4 0x1.9ee098867f8fbp5 -0x1.486c830876c84p3 0x1.9ee098867f8fbp5 -0x1.486c830876c84p3 0x1.8p5 0x1.4000000000004p3 0x1.8p5 0x1.4000000000004p3 0x1.611f677980706p5 0x1.e43641843b646p4 0x1.611f677980706p5 0x1.e43641843b646p4 0x1.423ecef300e0cp5 0x1.943641843b645p5 0x1.423ecef300e0cp5 0x1.943641843b645p5 0x1.235e366c81512p5 0x1.1b28b1232c8b3p6
DOORGENERAL 4 -129 -89 -5 -71 -5 -71 -19 -7 -19 -7 -143 -25 -143 -25 -129 -89 4 -19 -7 105 11 105 11 91 75 91 75 -33 57 -33 57 -19 -7 1 0x1.0p0 0 4 -19 -7 105 11 -5 -71 -19 -7 -19 -7 -143 -25 -33 57 -19 -7 1 -0x1.3p4 -0x1.cp2 -0x1.3p4 -0x1.cp2
DOORGENERAL 4 -54 -115 88 -97 88 -97 74 -41 74 -41 -68 -59 -68 -59 -54 -115 4 230 -79 372 -61 372 -61 358 -5 358 -5 216 -23 216 -23 230 -79 0 0x1.0p1 -1 0 0
DOORGENERAL 4 -54 -5 28 17 28 17 10 109 10 109 -72 87 -72 87 -54 -5 4 -34 0 48 22 48 22 30 114 30 114 -52 92 -52 92 -34 0 0 0x1.cp1 2 4 -54 -5 28 17 28 17 10 109 30 114 -52 92 -52 92 -34 0 1 -0x1.8p3 0x1.b4p5 -0x1.8p3 0x1.b4p5
DOORGENERAL 4 11 -31 161 -19 161 -19 139 93 139 93 -11 81 -11 81 11 -31 4 161 -19 311 -7 311 -7 289 105 289 105 139 93 139 93 161 -19 1 0x1.3p3 1 4 161 -19 311 -7 161 -19 139 93 289 105 139 93 139 93 161 -19 1 0x1.3d911d9b3ac7dp7 -0x1.edcd05b10aca4p2 0x1.1a6ee264c5383p7 0x1.46dcd05b10acap6
DOORGENERAL 4 -72 -120 8 -104 8 -104 -10 -10 -10 -10 -90 -26 -90 -26 -72 -120 4 -10 -10 70 6 70 6 52 100 52 100 -28 84 -28 84 -10 -10 1 0x1.dp2 0 4 -10 -10 70 6 8 -104 -10 -10 -10 -10 -90 -26 -28 84 -10 -10 1 -0x1.4p3 -0x1.4p3 -0x1.4p3 -0x1.4p3
DOORGENERAL 4 -74 -13 32 9 32 9 16 119 16 119 -90 97 -90 97 -74 -13 4 138 31 244 53 244 53 228 163 228 163 122 141 122 141 138 31 0 0x1.0p-1 -1 0 0
DOORGENERAL 4 -19 15 105 27 105 27 79 97 79 97 -45 85 -45 85 -19 15 4 12 18 136 30 136 30 110 100 110 100 -14 88 -14 88 12 18 1 0x1.bp2 2 4 12 18 136 30 105 27 79 97 110 100 -14 88 -14 88 12 18 2 0x1.4b595830390b4p4 0x1.2d7c42573f53bp4 0x1.d4p5 0x1.68p4 0x1.d4p5 0x1.68p4 0x1.8129a9f3f1bd3p6 0x1.a283bda8c0ac6p4
DOORGENERAL 4 -44 -79 26 -69 26 -69 16 7 16 7 -54 -3 -54 -3 -44 -79 4 26 -69 96 -59 96 -59 86 17 86 17 16 7 16 7 26 -69 0 0x1.2p3 1 4 26 -69 96 -59 26 -69 16 7 86 17 16 7 16 7 26 -69 1 0x1.890a3dd1bcbp4 -0x1.d0c08483669cep5 0x1.16f5c22e435p4 -0x1.f3f7b7c9963p1
DOORGENERAL 4 -15 21 135 47 135 47 127 123 127 123 -23 97 -23 97 -15 21 4 127 123 277 149 277 149 269 225 269 225 119 199 119 199 127 123 1 0x1.28p3 0 4 127 123 277 149 135 47 127 123 127 123 -23 97 119 199 127 123 1 0x1.fcp6 0x1.ecp6 0x1.fcp6 0x1.ecp6
DOORGENERAL 4 -38 -34 108 -8 108 -8 86 74 86 74 -60 48 -60 48 -38 -34 4 254 18 400 44 400 44 378 126 378 126 232 100 232 100 254 18 1 0x1.cp0 -1 0 0
DOORGENERAL 4 -36 -30 34 -16 34 -16 20 46 20 46 -50 32 -50 32 -36 -30 4 -19 -27 51 -13 51 -13 37 49 37 49 -33 35 -33 35 -19 -27 1 0x1.18p3 2 4 -36 -30 34 -16 34 -16 20 46 37 49 -33 35 -33 35 -19 -27 1 -0x1.bec69f4b6427cp3 -0x1.12adb08f4b097p4 0x1.dec69f4b6427ap3 0x1.2156d847a584cp5
DOORGENERAL 4 -88 7 12 31 12 31 2 117 2 117 -98 93 -98 93 -88 7 4 12 31 112 55 112 55 102 141 102 141 2 117 2 117 12 31 0 0x0.0p0 1 4 12 31 112 55 12 31 2 117 102 141 2 117 2 117 12 31 5 0x1.789ba249debd7p3 0x1.07e49647944f2p5 0x1.3b909492b8d81p3 0x1.8b22c09158fc4p5 0x1.3b909492b8d81p3 0x1.8b22c09158fc4p5 0x1.fd0b0db725e56p2 0x1.0730756d8ed4bp6 0x1.fd0b0db725e56p2 0x1.0730756d8ed4bp6 0x1.82f4f248da1aap2 0x1.48cf8a92712b4p6 0x1.82f4f248da1aap2 0x1.48cf8a92712b4p6 0x1.08ded6da8e4ffp2 0x1.8a6e9fb75381dp6 0x1.08ded6da8e4ffp2 0x1.8a6e9fb75381dp6 0x1.1d9176d8850a4p1 0x1.cc0db4dc35d87p6
DOORGENERAL 4 15 -93 101 -75 101 -75 77 11 77 11 -9 -7 -9 -7 15 -93 4 77 11 163 29 163 29 139 115 139 115 53 97 53 97 77 11 1 0x1.1p2 0 4 77 11 163 29 101 -75 77 11 77 11 -9 -7 53 97 77 11 1 0x1.34p6 0x1.6p3 0x1.34p6 0x1.6p3
DOORGENERAL 4 -25 -105 99 -93 99 -93 77 19 77 19 -47 7 -47 7 -25 -105 4 223 -81 347 -69 347 -69 325 43 325 43 201 31 201 31 223 -81 1 0x1.4p0 -1 0 0
DOORGENERAL 4 -8 -7 42 3 42 3 28 43 28 43 -22 33 -22 33 -8 -7 4 4 -5 54 5 54 5 40 45 40 45 -10 35 -10 35 4 -5 1 0x1.cp2 2 4 -8 -7 42 3 42 3 28 43 40 45 -10 35 -10 35 4 -5 1 0x1.feb83b659f5b7p2 0x1.b0a88bd9f1a9ap1 0x1.8051f12698292p4 0x1.14f5774260e56p5
DOORGENERAL 4 3 -23 145 -17 145 -17 135 25 135 25 -7 19 -7 19 3 -23 4 145 -17 287 -11 287 -11 277 31 277 31 135 25 135 25 145 -17 1 0x1.08p3 1 4 145 -17 287 -11 145 -17 135 25 277 31 135 25 135 25 145 -17 1 0x1.1d407499dbd5bp7 -0x1.c1d6d0c69d004p2 0x1.12bf8b66242a5p7 0x1.e0eb68634e804p3
DOORGENERAL 4 45 -110 113 -86 113 -86 91 -14 91 -14 23 -38 23 -38 45 -110 4 91 -14 159 10 159 10 137 82 137 82 69 58 69 58 91 -14 1 0x1.0p0 0 4 91 -14 159 10 113 -86 91 -14 91 -14 23 -38 69 58 91 -14 1 0x1.6cp6 -0x1.cp3 0x1.6cp6 -0x1.cp3
DOORGENERAL 4 -89 -29 27 -3 27 -3 17 65 17 65 -99 39 -99 39 -89 -29 4 143 23 259 49 259 49 249 117 249 117 133 91 133 91 143 23 1 0x1.ep1 -1 0 0
DOORGENERAL 4 33 -74 115 -68 115 -68 105 8 105 8 23 2 23 2 33 -74 4 53 -73 135 -67 135 -67 125 9 125 9 43 3 43 3 53 -73 0 0x1.08p3 2 4 33 -74 115 -68 115 -68 105 8 125 9 43 3 43 3 53 -73 1 0x1.3cp6 -0x1.04p5 0x1.3cp6 -0x1.04p5
DOORGENERAL 4 21 -124 109 -98 109 -98 99 -30 99 -30 11 -56 11 -56 21 -124 4 109 -98 197 -72 197 -72 187 -4 187 -4 99 -30 99 -30 109 -98 1 0x1.8p-1 1 4 109 -98 197 -72 109 -98 99 -30 187 -4 99 -30 99 -30 109 -98 3 0x1.b26649f6d7a97p6 -0x1.7d1df6f4edb34p6 0x1.a62218a79d388p6 -0x1.29b4a7a6f9e66p6 0x1.a62218a79d388p6 -0x1.29b4a7a6f9e66p6 0x1.99dde75862c78p6 -0x1.ac96b0b20c332p5 0x1.99dde75862c78p6 -0x1.ac96b0b20c332p5 0x1.8d99b60928569p6 -0x1.05c4121624996p5
DOORGENERAL 4 -63 -60 39 -42 39 -42 17 48 17 48 -85 30 -85 30 -63 -60 4 17 48 119 66 119 66 97 156 97 156 -5 138 -5 138 17 48 0 0x1.0p-1 0 4 17 48 119 66 39 -42 17 48 17 48 -85 30 -5 138 17 48 1 0x1.1p4 0x1.8p5 0x1.1p4 0x1.8p5
DOORGENERAL 4 -12 -95 92 -87 92 -87 70 23 70 23 -34 15 -34 15 -12 -95 4 196 -79 300 -71 300 -71 278 39 278 39 174 31 174 31 196 -79 1 0x1.18p3 -1 0 0
DOORGENERAL 4 21 -76 113 -50 113 -50 101 -8 101 -8 9 -34 9 -34 21 -76 4 44 -70 136 -44 136 -44 124 -2 124 -2 32 -28 32 -28 44 -70 0 0x1.ap2 2 4 21 -76 113 -50 113 -50 101 -8 124 -2 32 -28 32 -28 44 -70 1 0x1.22p6 -0x1.38p5 0x1.22p6 -0x1.38p5
DOORGENERAL 4 -36 -91 52 -85 52 -85 32 -33 32 -33 -56 -39 -56 -39 -36 -91 4 52 -85 140 -79 140 -79 120 -27 120 -27 32 -33 32 -33 52 -85 0 0x1.8p1 1 4 52 -85 140 -79 52 -85 32 -33 120 -27 32 -33 32 -33 52 -85 2 0x1.91a40de1e0cfp5 -0x1.4155453f3dd9fp6 0x1.5p5 -0x1.d8p5 0x1.5p5 -0x1.d8p5 0x1.0e5bf21e1f31p5 -0x1.2d557581844c2p5
DOORGENERAL 4 -102 -18 2 6 2 6 -24 54 -24 54 -128 30 -128 30 -102 -18 4 -24 54 80 78 80 78 54 126 54 126 -50 102 -50 102 -24 54 1 0x1.ep1 0 4 -24 54 80 78 2 6 -24 54 -24 54 -128 30 -50 102 -24 54 1 -0x1.8p4 0x1.bp5 -0x1.8p4 0x1.bp5
DOORGENERAL 4 -5 -74 51 -52 51 -52 29 60 29 60 -27 38 -27 38 -5 -74 4 107 -30 163 -8 163 -8 141 104 141 104 85 82 85 82 107 -30 0 0x1.8p1 -1 0 0
DOORGENERAL 4 44 -77 136 -61 136 -61 112 41 112 41 20 25 20 25 44 -77 4 67 -73 159 -57 159 -57 135 45 135 45 43 29 43 29 67 -73 1 0x1.6p1 2 4 67 -73 159 -57 136 -61 112 41 135 45 43 29 43 29 67 -73 2 0x1.1eb811e9e91ecp6 -0x1.20be98b5edb7ep6 0x1.96p6 -0x1.0cp6 0x1.96p6 -0x1.0cp6 0x1.06a3f70b0b70ap7 -0x1.ee82ce9424904p5
DOORGENERAL 4 15 5 131 27 131 27 115 99 115 99 -1 77 -1 77 15 5 4 131 27 247 49 247 49 231 121 231 121 115 99 115 99 131 27 0 0x1.8p-1 1 4 131 27 247 49 131 27 115 99 231 121 115 99 115 99 131 27 3 0x1.04ce8fd9afe4ep7 0x1.daf3c56343cffp4 0x1.f5df0a911fedfp6 0x1.9f28a0e5e0a2ap5 0x1.f5df0a911fedfp6 0x1.9f28a0e5e0a2ap5 0x1.e220f56ee0121p6 0x1.286baf8d0faebp6 0x1.e220f56ee0121p6 0x1.286baf8d0faebp6 0x1.ce62e04ca0364p6 0x1.81430ea72f0cp6
DOORGENERAL 4 -126 -100 4 -78 4 -78 -2 36 -2 36 -132 14 -132 14 -126 -100 4 -2 36 128 58 128 58 122 172 122 172 -8 150 -8 150 -2 36 1 0x1.0p1 0 4 -2 36 128 58 4 -78 -2 36 -2 36 -132 14 -8 150 -2 36 1 -0x1.0p1 0x1.2p5 -0x1.0p1 0x1.2p5
DOORGENERAL 4 -128 -147 -10 -127 -10 -127 -20 -13 -20 -13 -138 -33 -138 -33 -128 -147 4 108 -107 226 -87 226 -87 216 27 216 27 98 7 98 7 108 -107 1 0x1.ep2 -1 0 0
DOORGENERAL 4 -49 -14 85 2 85 2 73 76 73 76 -61 60 -61 60 -49 -14 4 -16 -10 118 6 118 6 106 80 106 80 -28 64 -28 64 -16 -10 1 0x1.fp2 2 4 -16 -10 118 6 85 2 73 76 73 76 -61 60 -28 64 -16 -10 2 0x1.31c1bf63a38aep6 0x1.af82b23d029aep2 0x1.c8p4 0x1.08p5 0x1.c8p4 0x1.08p5 -0x1.3706fd8e8e2b8p4 0x1.da0fa9b85facap5
DOORGENERAL 4 -18 -78 80 -64 80 -64 62 24 62 24 -36 10 -36 10 -18 -78 4 80 -64 178 -50 178 -50 160 38 160 38 62 24 62 24 80 -64 1 0x1.3p2 1 4 80 -64 178 -50 80 -64 62 24 160 38 62 24 62 24 80 -64 2 0x1.3a96dc78a27ebp6 -0x1.cb186bb7fbf35p5 0x1.1cp6 -0x1.4000000000002p4 0x1.1cp6 -0x1.4000000000002p4 0x1.fad2470ebb02ap5 0x1.1630d76ff7e68p4
DOORGENERAL 4 -43 -27 89 -11 89 -11 79 117 79 117 -53 101 -53 101 -43 -27 4 79 117 211 133 211 133 201 261 201 261 69 245 69 245 79 117 1 0x1.4p0 0 4 79 117 211 133 89 -11 79 117 79 117 -53 101 69 245 79 117 1 0x1.3cp6 0x1.d4p6 0x1.3cp6 0x1.d4p6
DOORGENERAL 4 16 13 68 29 68 29 48 143 48 143 -4 127 -4 127 16 13 4 120 45 172 61 172 61 152 175 152 175 100 159 100 159 120 45 1 0x1.4p3 -1 0 0
DOORGENERAL 4 -40 -24 100 -18 100 -18 86 94 86 94 -54 88 -54 88 -40 -24 4 -5 -23 135 -17 135 -17 121 95 121 95 -19 89 -19 89 -5 -23 1 0x1.ap2 2 4 -40 -24 100 -18 100 -18 86 94 121 95 -19 89 -19 89 -5 -23 2 0x1.82100363a87p-3 -0x1.fa2fb3354b50fp3 0x1.4400000000001p5 0x1.1cp5 0x1.4400000000001p5 0x1.1cp5 0x1.433ef7fe4e2bdp6 0x1.5b45f666a96a2p6
DOORGENERAL 4 -14 -13 122 -5 122 -5 102 113 102 113 -34 105 -34 105 -14 -13 4 122 -5 258 3 258 3 238 121 238 121 102 113 102 113 122 -5 1 0x1.4p0 1 4 122 -5 258 3 122 -5 102 113 238 121 102 113 102 113 122 -5 4 0x1.e5d3dd22aa581p6 -0x1.cbb2f9880eae2p0 0x1.d2e9ee91552cp6 0x1.a1a26833bf8a9p4 0x1.d2e9ee91552cp6 0x1.a1a26833bf8a9p4 0x1.cp6 0x1.bp5 0x1.cp6 0x1.bp5 0x1.ad16116eaad3fp6 0x1.479765f3101d5p6 0x1.ad16116eaad3fp6 0x1.479765f3101d5p6 0x1.9a2c22dd55a7fp6 0x1.b72ecbe6203abp6
DOORGENERAL 4 -120 -99 24 -77 24 -77 18 -35 18 -35 -126 -57 -126 -57 -120 -99 4 18 -35 162 -13 162 -13 156 29 156 29 12 7 12 7 18 -35 1 0x1.ap1 0 4 18 -35 162 -13 24 -77 18 -35 18 -35 -126 -57 12 7 18 -35 1 0x1.2p4 -0x1.18p5 0x1.2p4 -0x1.18p5
DOORGENERAL 4 -34 -10 42 0 42 0 20 40 20 40 -56 30 -56 30 -34 -10 4 118 10 194 20 194 20 172 60 172 60 96 50 96 50 118 10 1 0x1.4p3 -1 0 0
DOORGENERAL 4 -12 -115 92 -99 92 -99 72 17 72 17 -32 1 -32 1 -12 -115 4 14 -111 118 -95 118 -95 98 21 98 21 -6 5 -6 5 14 -111 1 0x1.9p2 2 4 14 -111 118 -95 92 -99 72 17 98 21 -6 5 -6 5 14 -111 1 0x1.62770e70b095cp4 -0x1.b6fb6bc096bf3p6 0x1.4f623c63d3da9p6 -0x1.9104943f6940dp6
DOORGENERAL 4 -36 -123 106 -109 106 -109 94 -7 94 -7 -48 -21 -48 -21 -36 -123 4 106 -109 248 -95 248 -95 236 7 236 7 94 -7 94 -7 106 -109 1 0x1.0p-1 1 4 106 -109 248 -95 106 -109 94 -7 236 7 94 -7 94 -7 106 -109 5 0x1.a6d4e2eb84bdfp6 -0x1.aa1188d1e84e6p6 0x1.9db2ee8d4fa53p6 -0x1.5c70ebb124fbdp6 0x1.9db2ee8d4fa53p6 -0x1.5c70ebb124fbdp6 0x1.9490fa2f1a8c6p6 -0x1.0ed04e9061a94p6 0x1.9490fa2f1a8c6p6 -0x1.0ed04e9061a94p6 0x1.8b6f05d0e573ap6 -0x1.825f62df3cad6p5 0x1.8b6f05d0e573ap6 -0x1.825f62df3cad6p5 0x1.824d1172b05adp6 -0x1.ce3c513b6c108p4 0x1.824d1172b05adp6 -0x1.ce3c513b6c108p4 0x1.792b1d147b421p6 -0x1.2f73b970bd8dp3
DOORGENERAL 4 -2 -58 110 -36 110 -36 84 52 84 52 -28 30 -28 30 -2 -58 4 84 52 196 74 196 74 170 162 170 162 58 140 58 140 84 52 0 0x1.0p3 0 4 84 52 196 74 110 -36 84 52 84 52 -28 30 58 140 84 52 1 0x1.5p6 0x1.ap5 0x1.5p6 0x1.ap5
DOORGENERAL 4 -63 24 19 50 19 50 1 124 1 124 -81 98 -81 98 -63 24 4 101 76 183 102 183 102 165 176 165 176 83 150 83 150 101 76 1 0x1.7p2 -1 0 0
DOORGENERAL 4 54 -24 114 -16 114 -16 92 52 92 52 32 44 32 44 54 -24 4 69 -22 129 -14 129 -14 107 54 107 54 47 46 47 46 69 -22 1 0x1.9p2 2 4 69 -22 129 -14 114 -16 92 52 107 54 47 46 47 46 69 -22 1 0x1.34b5e4afa2623p6 -0x1.4e8dec6f20dcbp4 0x1.a74a1b505d9dep6 -0x1.11721390df235p4
DOORGENERAL 4 -60 -87 64 -75 64 -75 42 47 42 47 -82 35 -82 35 -60 -87 4 64 -75 188 -63 188 -63 166 59 166 59 42 47 42 47 64 -75 0 0x1.0p2 1 4 64 -75 188 -63 64 -75 42 47 166 59 42 47 42 47 64 -75 3 0x1.f77b4db869e96p5 -0x1.1461860af71e7p6 0x1.c27e6f3d78a32p5 -0x1.02ebaeb1fa144p5 0x1.c27e6f3d78a32p5 -0x1.02ebaeb1fa144p5 0x1.8d8190c2875cep5 0x1.175d758fd0a3p2 0x1.8d8190c2875cep5 0x1.175d758fd0a3p2 0x1.5884b2479616ap5 0x1.48c30c15ee3cep5
DOORGENERAL 4 38 -69 96 -63 96 -63 72 -23 72 -23 14 -29 14 -29 38 -69 4 72 -23 130 -17 130 -17 106 23 106 23 48 17 48 17 72 -23 0 0x1.cp2 0 4 72 -23 130 -17 96 -63 72 -23 72 -23 14 -29 48 17 72 -23 1 0x1.2p6 -0x1.7p4 0x1.2p6 -0x1.7p4
DOORGENERAL 4 -70 26 80 46 80 46 66 134 66 134 -84 114 -84 114 -70 26 4 230 66 380 86 380 86 366 174 366 174 216 154 216 154 230 66 1 0x1.bp2 -1 0 0
DOORGENERAL 4 -91 -64 -15 -56 -15 -56 -39 -10 -39 -10 -115 -18 -115 -18 -91 -64 4 -72 -62 4 -54 4 -54 -20 -8 -20 -8 -96 -16 -96 -16 -72 -62 0 0x1.8p-1 2 4 -72 -62 4 -54 -15 -56 -39 -10 -20 -8 -96 -16 -96 -16 -72 -62 1 -0x1.bcp5 -0x1.2p5 -0x1.bcp5 -0x1.2p5
DOORGENERAL 4 -87 -69 -25 -63 -25 -63 -39 39 -39 39 -101 33 -101 33 -87 -69 4 -25 -63 37 -57 37 -57 23 45 23 45 -39 39 -39 39 -25 -63 1 0x1.cp1 1 4 -25 -63 37 -57 -25 -63 -39 39 23 45 -39 39 -39 39 -25 -63 2 -0x1.9bf75b9fcb25p4 -0x1.cc689ff0c08b7p5 -0x1.0p5 -0x1.8000000000004p3 -0x1.0p5 -0x1.8000000000004p3 -0x1.320452301a6d8p5 0x1.0c689ff0c08b6p5
DOORGENERAL 4 -15 -113 55 -95 55 -95 45 23 45 23 -25 5 -25 5 -15 -113 4 45 23 115 41 115 41 105 159 105 159 35 141 35 141 45 23 1 0x1.2p2 0 4 45 23 115 41 55 -95 45 23 45 23 -25 5 35 141 45 23 1 0x1.68p5 0x1.7p4 0x1.68p5 0x1.7p4
DOORGENERAL 4 -22 7 86 29 86 29 74 133 74 133 -34 111 -34 111 -22 7 4 194 51 302 73 302 73 290 177 290 177 182 155 182 155 194 51 1 0x1.3p3 -1 0 0
DOORGENERAL 4 -105 -23 -33 -17 -33 -17 -45 25 -45 25 -117 19 -117 19 -105 -23 4 -87 -22 -15 -16 -15 -16 -27 26 -27 26 -99 20 -99 20 -87 -22 1 0x1.3p2 2 4 -105 -23 -33 -17 -33 -17 -45 25 -27 26 -99 20 -99 20 -87 -22 1 -0x1.4a4acdb72c03bp6 -0x1.08a6dfc4dc6p4 -0x1.8b6a6491a7f8bp5 0x1.38a6dfc4dc5ffp4
DOORGENERAL 4 15 -19 133 -1 133 -1 113 45 113 45 -5 27 -5 27 15 -19 4 133 -1 251 17 251 17 231 63 231 63 113 45 113 45 133 -1 1 0x1.6p1 1 4 133 -1 251 17 133 -1 113 45 231 63 113 45 113 45 133 -1 2 0x1.06364c50166e1p7 0x1.ad941ebfe71a6p1 0x1.ecp6 0x1.6000000000001p4 0x1.ecp6 0x1.6000000000001p4 0x1.cb93675fd323dp6 0x1.4526be14018e6p5
DOORGENERAL 4 -114 -42 16 -16 16 -16 6 104 6 104 -124 78 -124 78 -114 -42 4 6 104 136 130 136 130 126 250 126 250 -4 224 -4 224 6 104 1 0x1.bp2 0 4 6 104 136 130 16 -16 6 104 6 104 -124 78 -4 224 6 104 1 0x1.8p2 0x1.ap6 0x1.8p2 0x1.ap6
DOORGENERAL 4 -17 -105 101 -99 101 -99 89 -7 89 -7 -29 -13 -29 -13 -17 -105 4 219 -93 337 -87 337 -87 325 5 325 5 207 -1 207 -1 219 -93 1 0x1.8p0 -1 0 0
DOORGENERAL 4 8 -110 62 -96 62 -96 50 -42 50 -42 -4 -56 -4 -56 8 -110 4 21 -107 75 -93 75 -93 63 -39 63 -39 9 -53 9 -53 21 -107 0 0x1.0p-1 2 4 8 -110 62 -96 62 -96 50 -42 63 -39 9 -53 9 -53 21 -107 1 0x1.1cp5 -0x1.2ap6 0x1.1cp5 -0x1.2ap6
DOORGENERAL 4 -20 -11 40 1 40 1 14 95 14 95 -46 83 -46 83 -20 -11 4 40 1 100 13 100 13 74 107 74 107 14 95 14 95 40 1 0 0x1.8p-1 1 4 40 1 100 13 40 1 14 95 74 107 14 95 14 95 40 1 4 0x1.3a22965bf8226p5 0x1.d342f29a648abp1 0x1.09114b2dfc113p5 0x1.9d342f29a648bp4 0x1.09114b2dfc113p5 0x1.9d342f29a648bp4 0x1.bp4 0x1.8000000000001p5 0x1.bp4 0x1.8000000000001p5 0x1.4ddd69a407ddap4 0x1.18b2f435966ddp6 0x1.4ddd69a407ddap4 0x1.18b2f435966ddp6 0x1.d775a6901f768p3 0x1.7165e86b2cdbbp6
DOORGENERAL 4 -118 -99 -28 -81 -28 -81 -36 -37 -36 -37 -126 -55 -126 -55 -118 -99 4 -36 -37 54 -19 54 -19 46 25 46 25 -44 7 -44 7 -36 -37 1 0x1.0p1 0 4 -36 -37 54 -19 -28 -81 -36 -37 -36 -37 -126 -55 -44 7 -36 -37 1 -0x1.2p5 -0x1.28p5 -0x1.2p5 -0x1.28p5
DOORGENERAL 4 -4 -36 72 -30 72 -30 50 14 50 14 -26 8 -26 8 -4 -36 4 148 -24 224 -18 224 -18 202 26 202 26 126 20 126 20 148 -24 1 0x1.0p-2 -1 0 0
DOORGENERAL 4 27 -115 103 -109 103 -109 89 9 89 9 13 3 13 3 27 -115 4 46 -114 122 -108 122 -108 108 10 108 10 32 4 32 4 46 -114 1 0x1.4p3 2 4 27 -115 103 -109 103 -109 89 9 108 10 32 4 32 4 46 -114 2 0x1.8f8462c841f2ep5 -0x1.98c2f076dedaep6 0x1.0ep6 -0x1.a4p5 0x1.0ep6 -0x1.a4p5 0x1.543dce9bdf069p6 -0x1.67a1f12424a4p1
DOORGENERAL 4 -81 -121 -5 -99 -5 -99 -25 5 -25 5 -101 -17 -101 -17 -81 -121 4 -5 -99 71 -77 71 -77 51 27 51 27 -25 5 -25 5 -5 -99 0 0x1.cp2 1 4 -5 -99 71 -77 -5 -99 -25 5 51 27 -25 5 -25 5 -5 -99 2 -0x1.acc6ae683d62p2 -0x1.68a5d41e1f402p6 -0x1.ep3 -0x1.78p5 -0x1.ep3 -0x1.78p5 -0x1.74ce5465f0a78p4 -0x1.eb457c3c17fcp1
DOORGENERAL 4 -86 -39 18 -13 18 -13 6 81 6 81 -98 55 -98 55 -86 -39 4 6 81 110 107 110 107 98 201 98 201 -6 175 -6 175 6 81 1 0x1.0p-1 0 4 6 81 110 107 18 -13 6 81 6 81 -98 55 -6 175 6 81 1 0x1.8p2 0x1.44p6 0x1.8p2 0x1.44p6
DOORGENERAL 4 15 -41 139 -35 139 -35 123 37 123 37 -1 31 -1 31 15 -41 4 263 -29 387 -23 387 -23 371 49 371 49 247 43 247 43 263 -29 1 0x1.ep1 -1 0 0
DOORGENERAL 4 -29 -30 95 -6 95 -6 83 68 83 68 -41 44 -41 44 -29 -30 4 2 -24 126 0 126 0 114 74 114 74 -10 50 -10 50 2 -24 1 0x1.5p2 2 4 2 -24 126 0 95 -6 83 68 114 74 -10 50 -10 50 2 -24 2 0x1.23c5de6f546ep3 -0x1.69f51c05be05ep4 0x1.84p5 -0x1.ep3 0x1.84p5 -0x1.ep3 0x1.5f87443215724p6 -0x1.d82b8fe907e88p2
DOORGENERAL 4 -131 -24 -19 0 -19 0 -29 78 -29 78 -141 54 -141 54 -131 -24 4 -19 0 93 24 93 24 83 102 83 102 -29 78 -29 78 -19 0 1 0x1.3p2 1 4 -19 0 93 24 -19 0 -29 78 83 102 -29 78 -29 78 -19 0 2 -0x1.3dbbd6c94089dp4 0x1.ac7e2d53dd985p2 -0x1.8p4 0x1.38p5 -0x1.8p4 0x1.38p5 -0x1.c2442936bf763p4 0x1.1d381d2ac2267p6
DOORGENERAL 4 -13 -48 119 -24 119 -24 113 32 113 32 -19 8 -19 8 -13 -48 4 113 32 245 56 245 56 239 112 239 112 107 88 107 88 113 32 0 0x1.2p3 0 4 113 32 245 56 119 -24 113 32 113 32 -19 8 107 88 113 32 1 0x1.c4p6 0x1.0p5 0x1.c4p6 0x1.0p5
DOORGENERAL 4 -127 37 1 53 1 53 -15 101 -15 101 -143 85 -143 85 -127 37 4 129 69 257 85 257 85 241 133 241 133 113 117 113 117 129 69 1 0x1.bp2 -1 0 0
DOORGENERAL 4 -71 -12 -5 8 -5 8 -29 58 -29 58 -95 38 -95 38 -71 -12 4 -55 -7 11 13 11 13 -13 63 -13 63 -79 43 -79 43 -55 -7 1 0x1.bp2 2 4 -55 -7 11 13 -5 8 -29 58 -29 58 -95 38 -79 43 -55 -7 1 -0x1.9f6b1c1ecefd9p3 0x1.7b605e06dbd88p3 -0x1.1c129c7c26205p6 0x1.3927e87e4909ep5
DOORGENERAL 4 -69 -36 67 -16 67 -16 53 54 53 54 -83 34 -83 34 -69 -36 4 67 -16 203 4 203 4 189 74 189 74 53 54 53 54 67 -16 1 0x1.ep1 1 4 67 -16 203 4 67 -16 53 54 189 74 53 54 53 54 67 -16 2 0x1.077d44a8835ccp6 -0x1.4b92ba54867f2p3 0x1.ep5 0x1.2ffffffffffffp4 0x1.ep5 0x1.2ffffffffffffp4 0x1.b10576aef9467p5 0x1.82e4ae95219fcp5
DOORGENERAL 4 -83 -71 51 -53 51 -53 29 23 29 23 -105 5 -105 5 -83 -71 4 29 23 163 41 163 41 141 117 141 117 7 99 7 99 29 23 0 0x1.cp1 0 4 29 23 163 41 51 -53 29 23 29 23 -105 5 7 99 29 23 1 0x1.dp4 0x1.7p4 0x1.dp4 0x1.7p4
DOORGENERAL 4 -74 -91 62 -85 62 -85 40 23 40 23 -96 17 -96 17 -74 -91 4 198 -79 334 -73 334 -73 312 35 312 35 176 29 176 29 198 -79 1 0x0.0p0 -1 0 0
DOORGENERAL 4 -82 -70 0 -48 0 -48 -14 18 -14 18 -96 -4 -96 -4 -82 -70 4 -62 -65 20 -43 20 -43 6 23 6 23 -76 1 -76 1 -62 -65 1 0x1.8p-1 2 4 -82 -70 0 -48 0 -48 -14 18 6 23 -76 1 -76 1 -62 -65 4 -0x1.e57aabebcb1d4p5 -0x1.f23db924a91fbp5 -0x1.8abd55f5e58eap5 -0x1.571edc92548fdp5 -0x1.8abd55f5e58eap5 -0x1.571edc92548fdp5 -0x1.3p5 -0x1.77ffffffffffep4 -0x1.3p5 -0x1.77ffffffffffep4 -0x1.aa85541434e2cp4 -0x1.07091b6d5b808p2 -0x1.aa85541434e2cp4 -0x1.07091b6d5b808p2 -0x1.ea155050d38bp3 0x1.e8f6e492a47fp3
DOORGENERAL 4 -73 -82 11 -68 11 -68 -3 -2 -3 -2 -87 -16 -87 -16 -73 -82 4 11 -68 95 -54 95 -54 81 12 81 12 -3 -2 -3 -2 11 -68 0 0x1.1p3 1 4 11 -68 95 -54 11 -68 -3 -2 81 12 -3 -2 -3 -2 11 -68 1 0x1.1a4751695fc3cp3 -0x1.cdd40da9e7b9p5 -0x1.a4751695fc3cp-1 -0x1.88afc958611cp3
DOORGENERAL 4 7 -115 103 -109 103 -109 91 -3 91 -3 -5 -9 -5 -9 7 -115 4 91 -3 187 3 187 3 175 109 175 109 79 103 79 103 91 -3 1 0x1.4p0 0 4 91 -3 187 3 103 -109 91 -3 91 -3 -5 -9 79 103 91 -3 1 0x1.6cp6 -0x1.8p1 0x1.6cp6 -0x1.8p1
DOORGENERAL 4 -54 29 70 51 70 51 54 109 54 109 -70 87 -70 87 -54 29 4 194 73 318 95 318 95 302 153 302 153 178 131 178 131 194 73 1 0x1.4p3 -1 0 0
DOORGENERAL 4 -46 -85 62 -61 62 -61 36 -11 36 -11 -72 -35 -72 -35 -46 -85 4 -19 -79 89 -55 89 -55 63 -5 63 -5 -45 -29 -45 -29 -19 -79 0 0x1.1p3 2 4 -19 -79 89 -55 62 -61 36 -11 63 -5 -45 -29 -45 -29 -19 -79 1 0x1.1p3 -0x1.68p5 0x1.1p3 -0x1.68p5
DOORGENERAL 4 -30 -93 110 -81 110 -81 100 13 100 13 -40 1 -40 1 -30 -93 4 110 -81 250 -69 250 -69 240 25 240 25 100 13 100 13 110 -81 0 0x1.9p2 1 4 110 -81 250 -69 110 -81 100 13 240 25 100 13 100 13 110 -81 2 0x1.b48251c4e7e1ep6 -0x1.232f6707b6e4ep6 0x1.a4p6 -0x1.1p5 0x1.a4p6 -0x1.1p5 0x1.937dae3b181e2p6 0x1.32f6707b6e4ep2
DOORGENERAL 4 2 -20 54 -2 54 -2 30 104 30 104 -22 86 -22 86 2 -20 4 30 104 82 122 82 122 58 228 58 228 6 210 6 210 30 104 0 0x1.fp2 0 4 30 104 82 122 54 -2 30 104 30 104 -22 86 6 210 30 104 1 0x1.ep4 0x1.ap6 0x1.ep4 0x1.ap6
DOORGENERAL 4 -29 -4 109 2 109 2 89 98 89 98 -49 92 -49 92 -29 -4 4 247 8 385 14 385 14 365 110 365 110 227 104 227 104 247 8 1 0x1.3p3 -1 0 0
DOORGENERAL 4 25 -141 85 -129 85 -129 73 -15 73 -15 13 -27 13 -27 25 -141 4 40 -138 100 -126 100 -126 88 -12 88 -12 28 -24 28 -24 40 -138 0 0x1.cp0 2 4 40 -138 100 -126 85 -129 73 -15 88 -12 28 -24 28 -24 40 -138 1 0x1.c4p5 -0x1.32p6 0x1.c4p5 -0x1.32p6
DOORGENERAL 4 17 -145 139 -125 139 -125 127 -7 127 -7 5 -27 5 -27 17 -145 4 139 -125 261 -105 261 -105 249 13 249 13 127 -7 127 -7 139 -125 1 0x1.28p3 1 4 139 -125 261 -105 139 -125 127 -7 249 13 127 -7 127 -7 139 -125 2 0x1.13b93e30c9486p7 -0x1.c73b1c6a2139ap6 0x1.0ap7 -0x1.08p6 0x1.0ap7 -0x1.08p6 0x1.0046c1cf36b7ap7 -0x1.23138e577b19cp4
DOORGENERAL 4 26 -100 92 -76 92 -76 86 -12 86 -12 20 -36 20 -36 26 -100 4 86 -12 152 12 152 12 146 76 146 76 80 52 80 52 86 -12 0 0x1.ap1 0 4 86 -12 152 12 92 -76 86 -12 86 -12 20 -36 80 52 86 -12 1 0x1.58p6 -0x1.8p3 0x1.58p6 -0x1.8p3
DOORGENERAL 4 -55 16 73 28 73 28 55 74 55 74 -73 62 -73 62 -55 16 4 201 40 329 52 329 52 311 98 311 98 183 86 183 86 201 40 0 0x1.28p3 -1 0 0
DOORGENERAL 4 10 -121 136 -107 136 -107 120 -1 120 -1 -6 -15 -6 -15 10 -121 4 41 -118 167 -104 167 -104 151 2 151 2 25 -12 25 -12 41 -118 1 0x1.1p3 2 4 10 -121 136 -107 136 -107 120 -1 151 2 25 -12 25 -12 41 -118 2 0x1.76c632e73017p5 -0x1.b38b352df376ap6 0x1.42p6 -0x1.dcp5 0x1.42p6 -0x1.dcp5 0x1.c89ce68c67f48p6 -0x1.43a65690644bp3
DOORGENERAL 4 -57 -130 73 -118 73 -118 59 0 59 0 -71 -12 -71 -12 -57 -130 4 73 -118 203 -106 203 -106 189 12 189 12 59 0 59 0 73 -118 0 0x1.0p-1 1 4 73 -118 203 -106 73 -118 59 0 189 12 59 0 59 0 73 -118 5 0x1.22d262f74b575p6 -0x1.ce11d46d7b049p6 0x1.1817d4fac6cep6 -0x1.73a44c41b035fp6 0x1.1817d4fac6cep6 -0x1.73a44c41b035fp6 0x1.0d5d46fe4244bp6 -0x1.1936c415e5674p6 0x1.0d5d46fe4244bp6 -0x1.1936c415e5674p6 0x1.02a2b901bdbb5p6 -0x1.7d9277d435314p5 0x1.02a2b901bdbb5p6 -0x1.7d9277d435314p5 0x1.efd0560a7264p5 -0x1.916ecef93f28p4 0x1.efd0560a7264p5 -0x1.916ecef93f28p4 0x1.da5b3a1169516p5 -0x1.3dc572509f6cp1
DOORGENERAL 4 -80 -116 -2 -100 -2 -100 -24 -4 -24 -4 -102 -20 -102 -20 -80 -116 4 -24 -4 54 12 54 12 32 108 32 108 -46 92 -46 92 -24 -4 0 0x1.dp2 0 4 -24 -4 54 12 -2 -100 -24 -4 -24 -4 -102 -20 -46 92 -24 -4 1 -0x1.8p4 -0x1.0p2 -0x1.8p4 -0x1.0p2
DOORGENERAL 4 -70 -9 44 -1 44 -1 30 77 30 77 -84 69 -84 69 -70 -9 4 158 7 272 15 272 15 258 93 258 93 144 85 144 85 158 7 0 0x1.8p2 -1 0 0
DOORGENERAL 4 -68 -112 8 -90 8 -90 0 16 0 16 -76 -6 -76 -6 -68 -112 4 -49 -107 27 -85 27 -85 19 21 19 21 -57 -1 -57 -1 -49 -107 1 0x1.08p3 2 4 -68 -112 8 -90 8 -90 0 16 19 21 -57 -1 -57 -1 -49 -107 2 -0x1.69b2e80605314p5 -0x1.8400f9296cfa7p6 -0x1.88p4 -0x1.6cp5 -0x1.88p4 -0x1.6cp5 -0x1.e4d17f9facecp1 0x1.800f9296cfa7p2
DOORGENERAL 4 -70 5 70 27 70 27 54 79 54 79 -86 57 -86 57 -70 5 4 70 27 210 49 210 49 194 101 194 101 54 79 54 79 70 27 1 0x1.6p2 1 4 70 27 210 49 70 27 54 79 194 101 54 79 54 79 70 27 1 0x1.0f2d6bb1becb1p6 0x1.1158c3fca7d83p5 0x1.c1a5289c8269ep5 0x1.1f539e01ac13ep6
DOORGENERAL 4 -88 -32 -36 -10 -36 -10 -46 32 -46 32 -98 10 -98 10 -88 -32 4 -46 32 6 54 6 54 -4 96 -4 96 -56 74 -56 74 -46 32 1 0x1.fp2 0 4 -46 32 6 54 -36 -10 -46 32 -46 32 -98 10 -56 74 -46 32 1 -0x1.7p5 0x1.0p5 -0x1.7p5 0x1.0p5
DOORGENERAL 4 -89 -90 -35 -74 -35 -74 -51 -16 -51 -16 -105 -32 -105 -32 -89 -90 4 19 -58 73 -42 73 -42 57 16 57 16 3 0 3 0 19 -58 0 0x1.fp2 -1 0 0
DOORGENERAL 4 29 16 133 24 133 24 119 126 119 126 15 118 15 118 29 16 4 55 18 159 26 159 26 145 128 145 128 41 120 41 120 55 18 0 0x1.08p3 2 4 55 18 159 26 133 24 119 126 145 128 41 120 41 120 55 18 1 0x1.5cp6 0x1.2p6 0x1.5cp6 0x1.2p6
DOORGENERAL 4 -78 28 68 42 68 42 46 88 46 88 -100 74 -100 74 -78 28 4 68 42 214 56 214 56 192 102 192 102 46 88 46 88 68 42 1 0x1.8p0 1 4 68 42 214 56 68 42 46 88 192 102 46 88 46 88 68 42 2 0x1.09f5a9dafb993p6 0x1.69427f8386c54p5 0x1.c8p5 0x1.04p6 0x1.c8p5 0x1.04p6 0x1.7c14ac4a08cdap5 0x1.535ec03e3c9d6p6
DOORGENERAL 4 -65 -29 37 -5 37 -5 11 41 11 41 -91 17 -91 17 -65 -29 4 11 41 113 65 113 65 87 111 87 111 -15 87 -15 87 11 41 1 0x1.3p3 0 4 11 41 113 65 37 -5 11 41 11 41 -91 17 -15 87 11 41 1 0x1.6p3 0x1.48p5 0x1.6p3 0x1.48p5
DOORGENERAL 4 27 -77 131 -57 131 -57 107 57 107 57 3 37 3 37 27 -77 4 235 -37 339 -17 339 -17 315 97 315 97 211 77 211 77 235 -37 0 0x1.3p3 -1 0 0
DOORGENERAL 4 -13 -50 69 -30 69 -30 57 32 57 32 -25 12 -25 12 -13 -50 4 7 -45 89 -25 89 -25 77 37 77 37 -5 17 -5 17 7 -45 1 0x1.cp1 2 4 7 -45 89 -25 69 -30 57 32 57 32 -25 12 -5 17 7 -45 2 0x1.0150d552c6216p6 -0x1.af1a67dfaf6bp4 0x1.0p5 -0x1.ap2 0x1.0p5 -0x1.ap2 -0x1.50d552c6216p-2 0x1.be34cfbf5ed6p3
DOORGENERAL 4 40 9 118 33 118 33 102 85 102 85 24 61 24 61 40 9 4 118 33 196 57 196 57 180 109 180 109 102 85 102 85 118 33 1 0x1.9p2 1 4 118 33 196 57 118 33 102 85 180 109 102 85 102 85 118 33 1 0x1.ce4b901051df6p6 0x1.4714d795ebd43p5 0x1.a1b46fefae20ap6 0x1.347594350a15ep6
DOORGENERAL 4 -104 -69 44 -45 44 -45 38 17 38 17 -110 -7 -110 -7 -104 -69 4 38 17 186 41 186 41 180 103 180 103 32 79 32 79 38 17 1 0x1.0p2 0 4 38 17 186 41 44 -45 38 17 38 17 -110 -7 32 79 38 17 1 0x1.3p5 0x1.1p4 0x1.3p5 0x1.1p4
DOORGENERAL 4 35 16 127 30 127 30 103 82 103 82 11 68 11 68 35 16 4 219 44 311 58 311 58 287 110 287 110 195 96 195 96 219 44 1 0x1.08p3 -1 0 0
DOORGENERAL 4 -64 -98 32 -74 32 -74 6 -32 6 -32 -90 -56 -90 -56 -64 -98 4 -40 -92 56 -68 56 -68 30 -26 30 -26 -66 -50 -66 -50 -40 -92 0 0x1.cp1 2 4 -40 -92 56 -68 32 -74 6 -32 30 -26 -66 -50 -66 -50 -40 -92 1 -0x1.1p4 -0x1.fp5 -0x1.1p4 -0x1.fp5
DOORGENERAL 4 -92 -101 0 -77 0 -77 -12 -13 -12 -13 -104 -37 -104 -37 -92 -101 4 0 -77 92 -53 92 -53 80 11 80 11 -12 -13 -12 -13 0 -77 1 0x1.4p3 1 4 0 -77 92 -53 0 -77 -12 -13 80 11 -12 -13 -12 -13 0 -77 1 -0x1.1b11335a68e7p1 -0x1.04d27770ee843p6 -0x1.393bb32965c64p3 -0x1.8cb6223c45ef6p4
DOORGENERAL 4 31 -115 93 -95 93 -95 73 -27 73 -27 11 -47 11 -47 31 -115 4 73 -27 135 -7 135 -7 115 61 115 61 53 41 53 41 73 -27 0 0x1.ep2 0 4 73 -27 135 -7 93 -95 73 -27 73 -27 11 -47 53 41 73 -27 1 0x1.24p6 -0x1.bp4 0x1.24p6 -0x1.bp4
DOORGENERAL 4 22 -64 150 -52 150 -52 130 48 130 48 2 36 2 36 22 -64 4 278 -40 406 -28 406 -28 386 72 386 72 258 60 258 60 278 -40 1 0x1.4p0 -1 0 0
DOORGENERAL 4 -108 -51 -16 -39 -16 -39 -40 7 -40 7 -132 -5 -132 -5 -108 -51 4 -85 -48 7 -36 7 -36 -17 10 -17 10 -109 -2 -109 -2 -85 -48 0 0x1.cp1 2 4 -85 -48 7 -36 -16 -39 -40 7 -17 10 -109 -2 -109 -2 -85 -48 1 -0x1.f4p5 -0x1.48p4 -0x1.f4p5 -0x1.48p4
DOORGENERAL 4 -93 -96 -5 -88 -5 -88 -23 18 -23 18 -111 10 -111 10 -93 -96 4 -5 -88 83 -80 83 -80 65 26 65 26 -23 18 -23 18 -5 -88 1 0x1.8p-1 1 4 -5 -88 83 -80 -5 -88 -23 18 65 26 -23 18 -23 18 -5 -88 4 -0x1.5d770965ad00fp2 -0x1.5527be51b0533p6 -0x1.375dc2596b404p3 -0x1.e127be51b0532p5 -0x1.375dc2596b404p3 -0x1.e127be51b0532p5 -0x1.cp3 -0x1.17ffffffffffep5 -0x1.cp3 -0x1.17ffffffffffep5 -0x1.24511ed34a5fep4 -0x1.3b6106b93eb3p3 -0x1.24511ed34a5fep4 -0x1.3b6106b93eb3p3 -0x1.68a23da694bfcp4 0x1.e93df28d829ap3
DOORGENERAL 4 33 -116 87 -100 87 -100 65 -16 65 -16 11 -32 11 -32 33 -116 4 65 -16 119 0 119 0 97 84 97 84 43 68 43 68 65 -16 0 0x1.2p3 0 4 65 -16 119 0 87 -100 65 -16 65 -16 11 -32 43 68 65 -16 1 0x1.04p6 -0x1.0p4 0x1.04p6 -0x1.0p4
DOORGENERAL 4 25 0 135 12 135 12 125 80 125 80 15 68 15 68 25 0 4 245 24 355 36 355 36 345 104 345 104 235 92 235 92 245 24 0 0x1.4p3 -1 0 0
DOORGENERAL 4 -14 -19 42 -11 42 -11 24 35 24 35 -32 27 -32 27 -14 -19 4 0 -17 56 -9 56 -9 38 37 38 37 -18 29 -18 29 0 -17 1 0x1.8p-1 2 4 0 -17 56 -9 42 -11 24 35 38 37 -18 29 -18 29 0 -17 2 0x1.5c76542a74328p1 -0x1.09c707a3d035fp4 0x1.5000000000001p4 -0x1.cp3 0x1.5000000000001p4 -0x1.cp3 0x1.3a389abd58bcep5 -0x1.6c71f0b85f942p3
DOORGENERAL 4 18 -99 130 -83 130 -83 112 15 112 15 0 -1 0 -1 18 -99 4 130 -83 242 -67 242 -67 224 31 224 31 112 15 112 15 130 -83 0 0x1.0p-2 1 4 130 -83 242 -67 130 -83 112 15 224 31 112 15 112 15 130 -83 5 0x1.032fe3b2e6fa2p7 -0x1.4325e846b6a3bp6 0x1.f89fde09e1f8fp6 -0x1.f093e3880e5ep5 0x1.f89fde09e1f8fp6 -0x1.f093e3880e5ep5 0x1.eadff4adf5fdap6 -0x1.5adbf682af74ap5 0x1.eadff4adf5fdap6 -0x1.5adbf682af74ap5 0x1.dd200b520a026p6 -0x1.8a4812faa1168p4 0x1.dd200b520a026p6 -0x1.8a4812faa1168p4 0x1.cf6021f61e071p6 -0x1.7b60e3bf8d0fp2 0x1.cf6021f61e071p6 -0x1.7b60e3bf8d0fp2 0x1.c1a0389a320bcp6 0x1.992f4235b51d8p3
DOORGENERAL 4 -33 -102 41 -86 41 -86 23 42 23 42 -51 26 -51 26 -33 -102 4 23 42 97 58 97 58 79 186 79 186 5 170 5 170 23 42 1 0x1.0p1 0 4 23 42 97 58 41 -86 23 42 23 42 -51 26 5 170 23 42 1 0x1.7p4 0x1.5p5 0x1.7p4 0x1.5p5
DOORGENERAL 4 -13 8 93 26 93 26 83 110 83 110 -23 92 -23 92 -13 8 4 199 44 305 62 305 62 295 146 295 146 189 128 189 128 199 44 0 0x1.7p2 -1 0 0
DOORGENERAL 4 -81 -119 -23 -93 -23 -93 -47 -37 -47 -37 -105 -63 -105 -63 -81 -119 4 -67 -113 -9 -87 -9 -87 -33 -31 -33 -31 -91 -57 -91 -57 -67 -113 1 0x1.7p2 2 4 -81 -119 -23 -93 -23 -93 -47 -37 -33 -31 -91 -57 -91 -57 -67 -113 2 -0x1.046385cbd2962p6 -0x1.a5206512f84f7p6 -0x1.c800000000001p5 -0x1.2cp6 -0x1.c800000000001p5 -0x1.2cp6 -0x1.8738f4685ad3ep5 -0x1.65bf35da0f612p5
DOORGENERAL 4 -109 27 35 47 35 47 25 87 25 87 -119 67 -119 67 -109 27 4 35 47 179 67 179 67 169 107 169 107 25 87 25 87 35 47 0 0x1.08p3 1 4 35 47 179 67 35 47 25 87 169 107 25 87 25 87 35 47 1 0x1.041cb1315907dp5 0x1.c78d3b3a9be0cp5 0x1.b7c69d9d4df06p4 0x1.34396262b20fap6
DOORGENERAL 4 -43 5 29 17 29 17 17 89 17 89 -55 77 -55 77 -43 5 4 17 89 89 101 89 101 77 173 77 173 5 161 5 161 17 89 0 0x1.fp2 0 4 17 89 89 101 29 17 17 89 17 89 -55 77 5 161 17 89 1 0x1.1p4 0x1.64p6 0x1.1p4 0x1.64p6
DOORGENERAL 4 -78 9 26 31 26 31 14 77 14 77 -90 55 -90 55 -78 9 4 130 53 234 75 234 75 222 121 222 121 118 99 118 99 130 53 0 0x1.38p3 -1 0 0
DOORGENERAL 4 4 16 126 34 126 34 102 90 102 90 -20 72 -20 72 4 16 4 34 20 156 38 156 38 132 94 132 94 10 76 10 76 34 20 1 0x1.cp0 2 4 4 16 126 34 126 34 102 90 132 94 10 76 10 76 34 20 3 0x1.23b4dfa3ea964p5 0x1.711a71ce7d69cp4 0x1.cbe6f536a3876p5 0x1.62d9bda26a3c4p5 0x1.cbe6f536a3876p5 0x1.62d9bda26a3c4p5 0x1.3a0c8564ae3c4p6 0x1.0693212ecae1ep6 0x1.3a0c8564ae3c4p6 0x1.0693212ecae1ep6 0x1.8e25902e0ab4ep6 0x1.5bb9638c60a59p6
DOORGENERAL 4 -73 -36 9 -28 9 -28 -11 80 -11 80 -93 72 -93 72 -73 -36 4 9 -28 91 -20 91 -20 71 88 71 88 -11 80 -11 80 9 -28 0 0x1.7p2 1 4 9 -28 91 -20 9 -28 -11 80 71 88 -11 80 -11 80 9 -28 2 0x1.e5af08bab7d22p2 -0x1.4612b22f44f54p4 -0x1.ffffffffffffp-1 0x1.9fffffffffffep4 -0x1.ffffffffffffp-1 0x1.9fffffffffffep4 -0x1.32d7845d5be9p3 0x1.2184ac8bd13d5p6
DOORGENERAL 4 -113 -42 7 -34 7 -34 1 56 1 56 -119 48 -119 48 -113 -42 4 1 56 121 64 121 64 115 154 115 154 -5 146 -5 146 1 56 0 0x1.1p2 0 4 1 56 121 64 7 -34 1 56 1 56 -119 48 -5 146 1 56 1 0x1.0p0 0x1.cp5 0x1.0p0 0x1.cp5
DOORGENERAL 4 -104 -113 -44 -93 -44 -93 -54 37 -54 37 -114 17 -114 17 -104 -113 4 16 -73 76 -53 76 -53 66 77 66 77 6 57 6 57 16 -73 0 0x1.1p2 -1 0 0
DOORGENERAL 4 -60 -19 6 -7 6 -7 -8 65 -8 65 -74 53 -74 53 -60 -19 4 -44 -16 22 -4 22 -4 8 68 8 68 -58 56 -58 56 -44 -16 1 0x1.08p3 2 4 -44 -16 22 -4 6 -7 -8 65 -8 65 -74 53 -58 56 -44 -16 1 -0x1.54727dfaae2ecp0 0x1.1497199ed895p-2 -0x1.955c6c102a8e9p5 0x1.85d6d1ccc24eep5
DOORGENERAL 4 -19 -92 35 -78 35 -78 29 50 29 50 -25 36 -25 36 -19 -92 4 35 -78 89 -64 89 -64 83 64 83 64 29 50 29 50 35 -78 1 0x1.1p2 1 4 35 -78 89 -64 35 -78 29 50 83 64 29 50 29 50 35 -78 3 0x1.15a8a878f04e9p5 -0x1.1f07050a03462p6 0x1.07383828501a3p5 -0x1.0a04ae06acd96p5 0x1.07383828501a3p5 -0x1.0a04ae06acd96p5 0x1.f18f8faf5fcbap4 0x1.5025703566ccp2 0x1.f18f8faf5fcbap4 0x1.5025703566ccp2 0x1.d4aeaf0e1f62ep4 0x1.5e0e0a14068c4p5
DOORGENERAL 4 -22 -67 116 -41 116 -41 110 1 110 1 -28 -25 -28 -25 -22 -67 4 110 1 248 27 248 27 242 69 242 69 104 43 104 43 110 1 1 0x1.cp0 0 4 110 1 248 27 116 -41 110 1 110 1 -28 -25 104 43 110 1 1 0x1.b8p6 0x1.0p0 0x1.b8p6 0x1.0p0
DOORGENERAL 4 -22 -42 74 -34 74 -34 66 50 66 50 -30 42 -30 42 -22 -42 4 170 -26 266 -18 266 -18 258 66 258 66 162 58 162 58 170 -26 1 0x1.cp1 -1 0 0
DOORGENERAL 4 -108 -19 10 7 10 7 -14 101 -14 101 -132 75 -132 75 -108 -19 4 -79 -13 39 13 39 13 15 107 15 107 -103 81 -103 81 -79 -13 0 0x1.0p-1 2 4 -108 -19 10 7 10 7 -14 101 15 107 -103 81 -103 81 -79 -13 1 -0x1.74p5 0x1.6p5 -0x1.74p5 0x1.6p5
DOORGENERAL 4 6 -131 64 -115 64 -115 40 -23 40 -23 -18 -39 -18 -39 6 -131 4 64 -115 122 -99 122 -99 98 -7 98 -7 40 -23 40 -23 64 -115 1 0x1.8p2 1 4 64 -115 122 -99 64 -115 40 -23 98 -7 40 -23 40 -23 64 -115 2 0x1.efd851d3bd65fp5 -0x1.ad0947808058cp6 0x1.ap5 -0x1.14p6 0x1.ap5 -0x1.14p6 0x1.5027ae2c429ap5 -0x1.ebdae1fdfe9dp4
DOORGENERAL 4 -70 10 74 20 74 20 68 82 68 82 -76 72 -76 72 -70 10 4 68 82 212 92 212 92 206 154 206 154 62 144 62 144 68 82 0 0x1.0p3 0 4 68 82 212 92 74 20 68 82 68 82 -76 72 62 144 68 82 1 0x1.1p6 0x1.48p6 0x1.1p6 0x1.48p6
DOORGENERAL 4 -20 -48 46 -42 46 -42 40 78 40 78 -26 72 -26 72 -20 -48 4 112 -36 178 -30 178 -30 172 90 172 90 106 84 106 84 112 -36 1 0x1.bp2 -1 0 0
DOORGENERAL 4 -112 4 -16 22 -16 22 -40 120 -40 120 -136 102 -136 102 -112 4 4 -88 8 8 26 8 26 -16 124 -16 124 -112 106 -112 106 -88 8 0 0x1.bp2 2 4 -112 4 -16 22 -16 22 -40 120 -16 124 -112 106 -112 106 -88 8 1 -0x1.0p6 0x1.0p6 -0x1.0p6 0x1.0p6
DOORGENERAL 4 -54 -6 64 8 64 8 54 122 54 122 -64 108 -64 108 -54 -6 4 64 8 182 22 182 22 172 136 172 136 54 122 54 122 64 8 1 0x1.3p2 1 4 64 8 182 22 64 8 54 122 172 136 54 122 54 122 64 8 2 0x1.fb4801cf7197cp5 0x1.d72c7a3fc42acp3 0x1.d8p5 0x1.04p6 0x1.d8p5 0x1.04p6 0x1.b4b7fe308e684p5 0x1.cd1a70b8077aap6
DOORGENERAL 4 12 -25 100 -9 100 -9 88 105 88 105 0 89 0 89 12 -25 4 88 105 176 121 176 121 164 235 164 235 76 219 76 219 88 105 0 0x0.0p0 0 4 88 105 176 121 100 -9 88 105 88 105 0 89 76 219 88 105 1 0x1.6p6 0x1.a4p6 0x1.6p6 0x1.a4p6
DOORGENERAL 4 35 -35 129 -9 129 -9 113 53 113 53 19 27 19 27 35 -35 4 223 17 317 43 317 43 301 105 301 105 207 79 207 79 223 17 1 0x1.bp2 -1 0 0
DOORGENERAL 4 21 -32 139 -20 139 -20 131 70 131 70 13 58 13 58 21 -32 4 50 -29 168 -17 168 -17 160 73 160 73 42 61 42 61 50 -29 0 0x1.0p-2 2 4 50 -29 168 -17 139 -20 131 70 131 70 13 58 42 61 50 -29 1 0x1.69fffffffffffp6 0x1.48p4 0x1.69fffffffffffp6 0x1.48p4
DOORGENERAL 4 -137 -75 9 -51 9 -51 -9 53 -9 53 -155 29 -155 29 -137 -75 4 9 -51 155 -27 155 -27 137 77 137 77 -9 53 -9 53 9 -51 1 0x1.0p2 1 4 9 -51 155 -27 9 -51 -9 53 137 77 -9 53 -9 53 9 -51 2 0x1.fe83184b6e67fp2 -0x1.68b40352ec2eap5 0x0.0p0 0x1.0p0 0x0.0p0 0x1.0p0 -0x1.fe83184b6e68p2 0x1.78b40352ec2eap5
DOORGENERAL 4 5 -143 83 -119 83 -119 67 -1 67 -1 -11 -25 -11 -25 5 -143 4 67 -1 145 23 145 23 129 141 129 141 51 117 51 117 67 -1 1 0x1.ap1 0 4 67 -1 145 23 83 -119 67 -1 67 -1 -11 -25 51 117 67 -1 1 0x1.0cp6 -0x1.0p0 0x1.0cp6 -0x1.0p0
DOORGENERAL 4 -7 -6 111 16 111 16 91 118 91 118 -27 96 -27 96 -7 -6 4 229 38 347 60 347 60 327 162 327 162 209 140 209 140 229 38 1 0x1.8p2 -1 0 0
DOORGENERAL 4 -70 -27 12 -15 12 -15 -12 73 -12 73 -94 61 -94 61 -70 -27 4 -50 -24 32 -12 32 -12 8 76 8 76 -74 64 -74 64 -50 -24 0 0x1.0p2 2 4 -50 -24 32 -12 12 -15 -12 73 -12 73 -94 61 -74 64 -50 -24 1 -0x1.fp4 0x1.88p4 -0x1.fp4 0x1.88p4
DOORGENERAL 4 -93 -52 47 -34 47 -34 27 68 27 68 -113 50 -113 50 -93 -52 4 47 -34 187 -16 187 -16 167 86 167 86 27 68 27 68 47 -34 1 0x1.0p-1 1 4 47 -34 187 -16 47 -34 27 68 167 86 27 68 27 68 47 -34 5 0x1.7426d6849e84p5 -0x1.f8bf58e250dbfp4 0x1.55b0e71c5f1cp5 -0x1.8418d10f943bp3 0x1.55b0e71c5f1cp5 -0x1.8418d10f943bp3 0x1.373af7b41fb4p5 0x1.d29a1f4af283cp2 0x1.373af7b41fb4p5 0x1.d29a1f4af283cp2 0x1.18c5084be04cp5 0x1.ab59782d435f7p4 0x1.18c5084be04cp5 0x1.ab59782d435f7p4 0x1.f49e31c741c8p4 0x1.71063443e50eep5 0x1.f49e31c741c8p4 0x1.71063443e50eep5 0x1.b7b252f6c2f8p4 0x1.062fd6389437p6
DOORGENERAL 4 -124 -49 12 -23 12 -23 -14 27 -14 27 -150 1 -150 1 -124 -49 4 -14 27 122 53 122 53 96 103 96 103 -40 77 -40 77 -14 27 0 0x1.08p3 0 4 -14 27 122 53 12 -23 -14 27 -14 27 -150 1 -40 77 -14 27 1 -0x1.cp3 0x1.bp4 -0x1.cp3 0x1.bp4
DOORGENERAL 4 -91 18 21 36 21 36 9 92 9 92 -103 74 -103 74 -91 18 4 133 54 245 72 245 72 233 128 233 128 121 110 121 110 133 54 0 0x1.0p1 -1 0 0
DOORGENERAL 4 -50 -106 66 -90 66 -90 44 38 44 38 -72 22 -72 22 -50 -106 4 -21 -102 95 -86 95 -86 73 42 73 42 -43 26 -43 26 -21 -102 0 0x1.18p3 2 4 -21 -102 95 -86 66 -90 44 38 73 42 -43 26 -43 26 -21 -102 1 0x1.7p3 -0x1.0p5 0x1.7p3 -0x1.0p5
DOORGENERAL 4 -99 -127 17 -109 17 -109 1 1 1 1 -115 -17 -115 -17 -99 -127 4 17 -109 133 -91 133 -91 117 19 117 19 1 1 1 1 17 -109 1 0x1.0p1 1 4 17 -109 133 -91 17 -109 1 1 117 19 1 1 1 1 17 -109 3 0x1.06c9b08784435p4 -0x1.a42aa768eb53bp6 0x1.6f31205a582cep3 -0x1.1c0e37cda3c6ap6 0x1.6f31205a582cep3 -0x1.1c0e37cda3c6ap6 0x1.a19dbf4b4fa64p2 -0x1.27e39064b873p5 0x1.a19dbf4b4fa64p2 -0x1.27e39064b873p5 0x1.9364f787bbcbp0 -0x1.7aab12e2958ap1
DOORGENERAL 4 -135 -127 -7 -107 -7 -107 -25 19 -25 19 -153 -1 -153 -1 -135 -127 4 -25 19 103 39 103 39 85 165 85 165 -43 145 -43 145 -25 19 0 0x1.ap2 0 4 -25 19 103 39 -7 -107 -25 19 -25 19 -153 -1 -43 145 -25 19 1 -0x1.9p4 0x1.3p4 -0x1.9p4 0x1.3p4
DOORGENERAL 4 -71 -87 -11 -81 -11 -81 -29 -29 -29 -29 -89 -35 -89 -35 -71 -87 4 49 -75 109 -69 109 -69 91 -17 91 -17 31 -23 31 -23 49 -75 1 0x1.2p3 -1 0 0
DOORGENERAL 4 10 -88 114 -68 114 -68 102 -14 102 -14 -2 -34 -2 -34 10 -88 4 36 -83 140 -63 140 -63 128 -9 128 -9 24 -29 24 -29 36 -83 1 0x1.38p3 2 4 36 -83 140 -63 114 -68 102 -14 128 -9 24 -29 24 -29 36 -83 1 0x1.7c4f00cdcad88p5 -0x1.431fc9c4d3e15p6 0x1.99d87f991a93cp6 -0x1.18e0363b2c1eap6
DOORGENERAL 4 -20 -17 92 3 92 3 84 63 84 63 -28 43 -28 43 -20 -17 4 92 3 204 23 204 23 196 83 196 83 84 63 84 63 92 3 0 0x1.0p-2 1 4 92 3 204 23 92 3 84 63 196 83 84 63 84 63 92 3 3 0x1.6ecf7eaa7c6c2p6 0x1.4ebca015ad4f5p2 0x1.64efd4e37ecebp6 0x1.7be50d5723c68p4 0x1.64efd4e37ecebp6 0x1.7be50d5723c68p4 0x1.5b102b1c81315p6 0x1.520d79546e1cap5 0x1.5b102b1c81315p6 0x1.520d79546e1cap5 0x1.513081558393ep6 0x1.e6286bfd4a561p5
DOORGENERAL 4 0 -70 100 -58 100 -58 88 16 88 16 -12 4 -12 4 0 -70 4 88 16 188 28 188 28 176 102 176 102 76 90 76 90 88 16 1 0x1.38p3 0 4 88 16 188 28 100 -58 88 16 88 16 -12 4 76 90 88 16 1 0x1.6p6 0x1.0p4 0x1.6p6 0x1.0p4
DOORGENERAL 4 -38 20 74 26 74 26 56 102 56 102 -56 96 -56 96 -38 20 4 186 32 298 38 298 38 280 114 280 114 168 108 168 108 186 32 1 0x1.7p2 -1 0 0
DOORGENERAL 4 3 -44 127 -32 127 -32 109 42 109 42 -15 30 -15 30 3 -44 4 34 -41 158 -29 158 -29 140 45 140 45 16 33 16 33 34 -41 1 0x1.4p1 2 4 34 -41 158 -29 127 -32 109 42 140 45 16 33 16 33 34 -41 3 0x1.33d5254e3a8dep5 -0x1.448846b65d6e2p5 0x1.09f8db8d09c25p6 -0x1.2ed817921f24bp5 0x1.09f8db8d09c25p6 -0x1.2ed817921f24bp5 0x1.7a072472f63dbp6 -0x1.1927e86de0db5p5 0x1.7a072472f63dbp6 -0x1.1927e86de0db5p5 0x1.ea156d58e2b91p6 -0x1.0377b949a291ep5
DOORGENERAL 4 19 -68 131 -52 131 -52 121 -8 121 -8 9 -24 9 -24 19 -68 4 131 -52 243 -36 243 -36 233 8 233 8 121 -8 121 -8 131 -52 1 0x1.3p3 1 4 131 -52 243 -36 131 -52 121 -8 233 8 121 -8 121 -8 131 -52 1 0x1.00e7184e1f95cp7 -0x1.4649abc55f184p5 0x1.ee31cf63c0d48p6 -0x1.336ca87541cf6p4
DOORGENERAL 4 -1 -47 137 -29 137 -29 131 57 131 57 -7 39 -7 39 -1 -47 4 131 57 269 75 269 75 263 161 263 161 125 143 125 143 131 57 0 0x1.ep1 0 4 131 57 269 75 137 -29 131 57 131 57 -7 39 125 143 131 57 1 0x1.06p7 0x1.c8p5 0x1.06p7 0x1.c8p5
DOORGENERAL 4 19 -27 105 -3 105 -3 87 101 87 101 1 77 1 77 19 -27 4 191 21 277 45 277 45 259 149 259 149 173 125 173 125 191 21 0 0x1.4p1 -1 0 0
DOORGENERAL 4 -7 -25 67 -7 67 -7 51 73 51 73 -23 55 -23 55 -7 -25 4 11 -21 85 -3 85 -3 69 77 69 77 -5 59 -5 59 11 -21 1 0x1.7p2 2 4 -7 -25 67 -7 67 -7 51 73 69 77 -5 59 -5 59 11 -21 2 0x1.bfba9f3cd2902p3 -0x1.b0a7842363a8fp3 0x1.f000000000001p4 0x1.ap4 0x1.f000000000001p4 0x1.ap4 0x1.80115830cb5cp5 0x1.0614f0846c752p6
DOORGENERAL 4 -24 -83 46 -67 46 -67 22 23 22 23 -48 7 -48 7 -24 -83 4 46 -67 116 -51 116 -51 92 39 92 39 22 23 22 23 46 -67 0 0x1.fp2 1 4 46 -67 116 -51 46 -67 22 23 92 39 22 23 22 23 46 -67 1 0x1.5be6fe006687cp5 -0x1.cca23881807d2p5 0x1.883203ff32f08p4 0x1.b288e20601f48p3
DOORGENERAL 4 26 -29 132 -5 132 -5 120 77 120 77 14 53 14 53 26 -29 4 120 77 226 101 226 101 214 183 214 183 108 159 108 159 120 77 0 0x1.6p1 0 4 120 77 226 101 132 -5 120 77 120 77 14 53 108 159 120 77 1 0x1.ep6 0x1.34p6 0x1.ep6 0x1.34p6
DOORGENERAL 4 -80 -4 -28 20 -28 20 -54 62 -54 62 -106 38 -106 38 -80 -4 4 24 44 76 68 76 68 50 110 50 110 -2 86 -2 86 24 44 0 0x1.8p-1 -1 0 0
DOORGENERAL 4 44 -99 106 -73 106 -73 80 37 80 37 18 11 18 11 44 -99 4 59 -93 121 -67 121 -67 95 43 95 43 33 17 33 17 59 -93 1 0x1.1p3 2 4 44 -99 106 -73 106 -73 80 37 95 43 33 17 33 17 59 -93 2 0x1.e506fb50c224fp5 -0x1.497dd7d9346a6p6 0x1.16p6 -0x1.c000000000002p4 0x1.16p6 -0x1.c000000000002p4 0x1.397c82579eed8p6 0x1.a5f75f64d1a94p4
DOORGENERAL 4 9 -45 149 -39 149 -39 129 75 129 75 -11 69 -11 69 9 -45 4 149 -39 289 -33 289 -33 269 81 269 81 129 75 129 75 149 -39 1 0x1.08p3 1 4 149 -39 289 -33 149 -39 129 75 269 81 129 75 129 75 149 -39 2 0x1.267525f992611p7 -0x1.ce779074794bp4 0x1.16p7 0x1.2p4 0x1.16p7 0x1.2p4 0x1.058ada066d9efp7 0x1.039de41d1e52cp6
DOORGENERAL 4 -34 -47 90 -21 90 -21 70 85 70 85 -54 59 -54 59 -34 -47 4 70 85 194 111 194 111 174 217 174 217 50 191 50 191 70 85 1 0x1.1p2 0 4 70 85 194 111 90 -21 70 85 70 85 -54 59 50 191 70 85 1 0x1.18p6 0x1.54p6 0x1.18p6 0x1.54p6
DOORGENERAL 4 -26 -11 106 9 106 9 96 83 96 83 -36 63 -36 63 -26 -11 4 238 29 370 49 370 49 360 123 360 123 228 103 228 103 238 29 1 0x1.1p2 -1 0 0
DOORGENERAL 4 -54 -37 52 -27 52 -27 34 31 34 31 -72 21 -72 21 -54 -37 4 -28 -35 78 -25 78 -25 60 33 60 33 -46 23 -46 23 -28 -35 0 0x0.0p0 2 4 -54 -37 52 -27 52 -27 34 31 60 33 -46 23 -46 23 -28 -35 1 0x1.8p1 -0x1.ffffffffffffcp0 0x1.8p1 -0x1.ffffffffffffcp0
DOORGENERAL 4 -22 -42 124 -24 124 -24 110 94 110 94 -36 76 -36 76 -22 -42 4 124 -24 270 -6 270 -6 256 112 256 112 110 94 110 94 124 -24 1 0x1.0p-2 1 4 124 -24 270 -6 124 -24 110 94 256 112 110 94 110 94 124 -24 6 0x1.eef08c44f701dp6 -0x1.5c402ff087aa2p4 0x1.e5f5b2d8a4abep6 -0x1.6c00ffad7e358p1 0x1.e5f5b2d8a4abep6 -0x1.6c00ffad7e358p1 0x1.dcfad96c5255fp6 0x1.013ff005281ccp4 0x1.dcfad96c5255fp6 0x1.013ff005281ccp4 0x1.d4p6 0x1.18p5 0x1.d4p6 0x1.18p5 0x1.cb052693adaa1p6 0x1.af6007fd6bf1dp5 0x1.cb052693adaa1p6 0x1.af6007fd6bf1dp5 0x1.c20a4d275b542p6 0x1.236007fd6bf1cp6 0x1.c20a4d275b542p6 0x1.236007fd6bf1cp6 0x1.b90f73bb08fe3p6 0x1.6f100bfc21ea9p6
DOORGENERAL 4 17 24 157 34 157 34 133 128 133 128 -7 118 -7 118 17 24 4 133 128 273 138 273 138 249 232 249 232 109 222 109 222 133 128 0 0x1.ep1 0 4 133 128 273 138 157 34 133 128 133 128 -7 118 109 222 133 128 1 0x1.0ap7 0x1.0p7 0x1.0ap7 0x1.0p7
DOORGENERAL 4 -95 -40 -1 -30 -1 -30 -11 14 -11 14 -105 4 -105 4 -95 -40 4 93 -20 187 -10 187 -10 177 34 177 34 83 24 83 24 93 -20 1 0x1.cp1 -1 0 0
DOORGENERAL 4 -53 -135 75 -115 75 -115 49 5 49 5 -79 -15 -79 -15 -53 -135 4 -21 -130 107 -110 107 -110 81 10 81 10 -47 -10 -47 -10 -21 -130 0 0x1.ap1 2 4 -21 -130 107 -110 75 -115 49 5 81 10 -47 -10 -47 -10 -21 -130 1 0x1.cp3 -0x1.f4p5 0x1.cp3 -0x1.f4p5
DOORGENERAL 4 -49 -39 81 -19 81 -19 75 87 75 87 -55 67 -55 67 -49 -39 4 81 -19 211 1 211 1 205 107 205 107 75 87 75 87 81 -19 0 0x1.4p3 1 4 81 -19 211 1 81 -19 75 87 205 107 75 87 75 87 81 -19 1 0x1.4149907df38dfp6 -0x1.c13a35bcecb54p2 0x1.2eb66f820c721p6 0x1.2c13a35bcecb5p6
DOORGENERAL 4 -127 -35 -9 -23 -9 -23 -23 67 -23 67 -141 55 -141 55 -127 -35 4 -23 67 95 79 95 79 81 169 81 169 -37 157 -37 157 -23 67 1 0x1.0p1 0 4 -23 67 95 79 -9 -23 -23 67 -23 67 -141 55 -37 157 -23 67 1 -0x1.7p4 0x1.0cp6 -0x1.7p4 0x1.0cp6
DOORGENERAL 4 -96 -25 -46 -19 -46 -19 -52 99 -52 99 -102 93 -102 93 -96 -25 4 4 -13 54 -7 54 -7 48 111 48 111 -2 105 -2 105 4 -13 0 0x1.8p2 -1 0 0
DOORGENERAL 4 -106 -55 6 -43 6 -43 -20 3 -20 3 -132 -9 -132 -9 -106 -55 4 -78 -52 34 -40 34 -40 8 6 8 6 -104 -6 -104 -6 -78 -52 0 0x1.2p3 2 4 -78 -52 34 -40 6 -43 -20 3 8 6 -104 -6 -104 -6 -78 -52 1 -0x1.88p5 -0x1.88p4 -0x1.88p5 -0x1.88p4
DOORGENERAL 4 44 -25 126 -13 126 -13 106 59 106 59 24 47 24 47 44 -25 4 126 -13 208 -1 208 -1 188 71 188 71 106 59 106 59 126 -13 0 0x1.0p-2 1 4 126 -13 208 -1 126 -13 106 59 188 71 106 59 106 59 126 -13 4 0x1.f5975939c692ap6 -0x1.5aa070198a18cp3 0x1.e2cbac9ce3495p6 0x1.855f8fe675e78p2 0x1.e2cbac9ce3495p6 0x1.855f8fe675e78p2 0x1.dp6 0x1.7000000000002p4 0x1.dp6 0x1.7000000000002p4 0x1.bd3453631cb6bp6 0x1.3f540e0331433p5 0x1.bd3453631cb6bp6 0x1.3f540e0331433p5 0x1.aa68a6c6396d6p6 0x1.c6a81c0662864p5
DOORGENERAL 4 3 -89 81 -63 81 -63 69 53 69 53 -9 27 -9 27 3 -89 4 69 53 147 79 147 79 135 195 135 195 57 169 57 169 69 53 1 0x1.3p2 0 4 69 53 147 79 81 -63 69 53 69 53 -9 27 57 169 69 53 1 0x1.14p6 0x1.a8p5 0x1.14p6 0x1.a8p5
DOORGENERAL 4 -21 -103 109 -83 109 -83 87 -31 87 -31 -43 -51 -43 -51 -21 -103 4 239 -63 369 -43 369 -43 347 9 347 9 217 -11 217 -11 239 -63 1 0x0.0p0 -1 0 0
DOORGENERAL 4 -63 30 7 36 7 36 -19 78 -19 78 -89 72 -89 72 -63 30 4 -46 31 24 37 24 37 -2 79 -2 79 -72 73 -72 73 -46 31 0 0x1.0p2 2 4 -63 30 7 36 7 36 -19 78 -2 79 -72 73 -72 73 -46 31 1 -0x1.04p5 0x1.b4p5 -0x1.04p5 0x1.b4p5
DOORGENERAL 4 -52 -107 26 -97 26 -97 16 13 16 13 -62 3 -62 3 -52 -107 4 26 -97 104 -87 104 -87 94 23 94 23 16 13 16 13 26 -97 1 0x1.1p2 1 4 26 -97 104 -87 26 -97 16 13 94 23 16 13 16 13 26 -97 2 0x1.96f248ef4ad79p4 -0x1.6b1a48920dd0ep6 0x1.5p4 -0x1.5p5 0x1.5p4 -0x1.5p5 0x1.090db710b5286p4 0x1.b1a48920dd0ep2
DOORGENERAL 4 -72 -14 38 0 38 0 26 80 26 80 -84 66 -84 66 -72 -14 4 26 80 136 94 136 94 124 174 124 174 14 160 14 160 26 80 0 0x1.ap2 0 4 26 80 136 94 38 0 26 80 26 80 -84 66 14 160 26 80 1 0x1.ap4 0x1.4p6 0x1.ap4 0x1.4p6
DOORGENERAL 4 -93 -77 55 -53 55 -53 45 57 45 57 -103 33 -103 33 -93 -77 4 203 -29 351 -5 351 -5 341 105 341 105 193 81 193 81 203 -29 1 0x1.8p2 -1 0 0
DOORGENERAL 4 -52 0 2 12 2 12 -10 132 -10 132 -64 120 -64 120 -52 0 4 -39 3 15 15 15 15 3 135 3 135 -51 123 -51 123 -39 3 1 0x1.4p0 2 4 -39 3 15 15 2 12 -10 132 -10 132 -64 120 -51 123 -39 3 4 0x1.2c8b82110e13ap-1 0x1.e14d414e3cb74p3 -0x1.7e9ba3ef778f6p3 0x1.4a29a829c796fp5 -0x1.7e9ba3ef778f6p3 0x1.4a29a829c796fp5 -0x1.88p4 0x1.0ep6 -0x1.88p4 0x1.0ep6 -0x1.28591704221c3p5 0x1.76eb2beb1c34ap6 -0x1.28591704221c3p5 0x1.76eb2beb1c34ap6 -0x1.8cb22e0844385p5 0x1.dfd657d638692p6
DOORGENERAL 4 -14 -34 114 -26 114 -26 96 90 96 90 -32 82 -32 82 -14 -34 4 114 -26 242 -18 242 -18 224 98 224 98 96 90 96 90 114 -26 1 0x1.cp1 1 4 114 -26 242 -18 114 -26 96 90 224 98 96 90 96 90 114 -26 3 0x1.c4a06776ec94dp6 -0x1.490a6b160b6d2p4 0x1.aee0227cf986fp6 0x1.cf4e6346a30c8p3 0x1.aee0227cf986fp6 0x1.cf4e6346a30c8p3 0x1.991fdd8306792p6 0x1.8c2c672e573cdp5 0x1.991fdd8306792p6 0x1.8c2c672e573cdp5 0x1.835f9889136b4p6 0x1.52429ac582db4p6
DOORGENERAL 4 -98 19 -28 39 -28 39 -38 87 -38 87 -108 67 -108 67 -98 19 4 -38 87 32 107 32 107 22 155 22 155 -48 135 -48 135 -38 87 0 0x1.2p2 0 4 -38 87 32 107 -28 39 -38 87 -38 87 -108 67 -48 135 -38 87 1 -0x1.3p5 0x1.5cp6 -0x1.3p5 0x1.5cp6
DOORGENERAL 4 -55 5 65 21 65 21 53 81 53 81 -67 65 -67 65 -55 5 4 185 37 305 53 305 53 293 113 293 113 173 97 173 97 185 37 1 0x0.0p0 -1 0 0
DOORGENERAL 4 19 -75 93 -55 93 -55 71 51 71 51 -3 31 -3 31 19 -75 4 37 -70 111 -50 111 -50 89 56 89 56 15 36 15 36 37 -70 1 0x1.4p1 2 4 37 -70 111 -50 93 -55 71 51 71 51 -3 31 15 36 37 -70 3 0x1.682a44d6fb481p6 -0x1.9baaf765b3669p5 0x1.080e16f253c2bp6 -0x1.77c74f9922447p4 0x1.080e16f253c2bp6 -0x1.77c74f9922447p4 0x1.4fe3d21b587aap5 0x1.1f1d3e648911p2 0x1.4fe3d21b587aap5 0x1.1f1d3e648911p2 0x1.1f56eca412dfcp4 0x1.03aaf765b3668p5
DOORGENERAL 4 -101 -27 19 -15 19 -15 7 47 7 47 -113 35 -113 35 -101 -27 4 19 -15 139 -3 139 -3 127 59 127 59 7 47 7 47 19 -15 1 0x1.4p1 1 4 19 -15 139 -3 19 -15 7 47 127 59 7 47 7 47 19 -15 2 0x1.22518426dfe05p4 -0x1.529faae709637p3 0x1.ap3 0x1.0p4 0x1.ap3 0x1.0p4 0x1.f6b9ef64807ecp2 0x1.54a7eab9c258ep5
DOORGENERAL 4 -134 15 -2 35 -2 35 -8 139 -8 139 -140 119 -140 119 -134 15 4 -8 139 124 159 124 159 118 263 118 263 -14 243 -14 243 -8 139 1 0x1.1p3 0 4 -8 139 124 159 -2 35 -8 139 -8 139 -140 119 -14 243 -8 139 1 -0x1.0p3 0x1.16p7 -0x1.0p3 0x1.16p7
DOORGENERAL 4 -9 7 51 29 51 29 43 117 43 117 -17 95 -17 95 -9 7 4 111 51 171 73 171 73 163 161 163 161 103 139 103 139 111 51 1 0x1.5p2 -1 0 0
DOORGENERAL 4 -95 -109 -7 -93 -7 -93 -23 7 -23 7 -111 -9 -111 -9 -95 -109 4 -73 -105 15 -89 15 -89 -1 11 -1 11 -89 -5 -89 -5 -73 -105 1 0x1.cp1 2 4 -73 -105 15 -89 -7 -93 -23 7 -1 11 -89 -5 -89 -5 -73 -105 2 -0x1.0e5ad83c0d40fp6 -0x1.a01084680268ep6 -0x1.4p5 -0x1.8cp6 -0x1.4p5 -0x1.8cp6 -0x1.8d293e1f95f88p3 -0x1.77ef7b97fd972p6
DOORGENERAL 4 -54 -56 68 -32 68 -32 50 68 50 68 -72 44 -72 44 -54 -56 4 68 -32 190 -8 190 -8 172 92 172 92 50 68 50 68 68 -32 0 0x1.dp2 1 4 68 -32 190 -8 68 -32 50 68 172 92 50 68 50 68 68 -32 2 0x1.097201bda45c6p6 -0x1.6e574320ef21dp4 0x1.d8p5 0x1.1ffffffffffffp4 0x1.d8p5 0x1.1ffffffffffffp4 0x1.9d1bfc84b7473p5 0x1.d72ba1907790ep5
DOORGENERAL 4 -12 -63 74 -57 74 -57 64 -7 64 -7 -22 -13 -22 -13 -12 -63 4 64 -7 150 -1 150 -1 140 49 140 49 54 43 54 43 64 -7 0 0x1.ep2 0 4 64 -7 150 -1 74 -57 64 -7 64 -7 -22 -13 54 43 64 -7 1 0x1.0p6 -0x1.cp2 0x1.0p6 -0x1.cp2
DOORGENERAL 4 -93 -93 43 -81 43 -81 37 -25 37 -25 -99 -37 -99 -37 -93 -93 4 179 -69 315 -57 315 -57 309 -1 309 -1 173 -13 173 -13 179 -69 1 0x1.3p2 -1 0 0
DOORGENERAL 4 -105 -1 -37 7 -37 7 -53 57 -53 57 -121 49 -121 49 -105 -1 4 -88 1 -20 9 -20 9 -36 59 -36 59 -104 51 -104 51 -88 1 0 0x1.4p1 2 4 -88 1 -20 9 -37 7 -53 57 -36 59 -104 51 -104 51 -88 1 1 -0x1.1ap6 0x1.dp4 -0x1.1ap6 0x1.dp4
DOORGENERAL 4 -108 -93 32 -69 32 -69 26 7 26 7 -114 -17 -114 -17 -108 -93 4 32 -69 172 -45 172 -45 166 31 166 31 26 7 26 7 32 -69 0 0x1.1p3 1 4 32 -69 172 -45 32 -69 26 7 166 31 26 7 26 7 32 -69 1 0x1.f2c729db9932fp4 -0x1.d442b3c41f982p5 0x1.ad38d62466cdp4 -0x1.bbd4c3be067ep1
DOORGENERAL 4 -12 -107 50 -81 50 -81 38 37 38 37 -24 11 -24 11 -12 -107 4 38 37 100 63 100 63 88 181 88 181 26 155 26 155 38 37 1 0x1.08p3 0 4 38 37 100 63 50 -81 38 37 38 37 -24 11 26 155 38 37 1 0x1.3p5 0x1.28p5 0x1.3p5 0x1.28p5
DOORGENERAL 4 -17 -64 111 -48 111 -48 93 36 93 36 -35 20 -35 20 -17 -64 4 239 -32 367 -16 367 -16 349 68 349 68 221 52 221 52 239 -32 0 0x1.4p2 -1 0 0
DOORGENERAL 4 -63 -57 -11 -49 -11 -49 -21 21 -21 21 -73 13 -73 13 -63 -57 4 -50 -55 2 -47 2 -47 -8 23 -8 23 -60 15 -60 15 -50 -55 0 0x0.0p0 2 4 -50 -55 2 -47 -11 -49 -21 21 -8 23 -60 15 -60 15 -50 -55 1 -0x1.1cp5 -0x1.1p4 -0x1.1cp5 -0x1.1p4
DOORGENERAL 4 -16 -18 96 0 96 0 78 72 78 72 -34 54 -34 54 -16 -18 4 96 0 208 18 208 18 190 90 190 90 78 72 78 72 96 0 0 0x1.cp0 1 4 96 0 208 18 96 0 78 72 190 90 78 72 78 72 96 0 2 0x1.7c5ca9c7774f8p6 0x1.d1ab1c445842ap1 0x1.5cp6 0x1.2000000000001p5 0x1.5cp6 0x1.2000000000001p5 0x1.3ba3563888b08p6 0x1.1172a71ddd3dfp6
DOORGENERAL 4 43 -90 109 -74 109 -74 99 6 99 6 33 -10 33 -10 43 -90 4 99 6 165 22 165 22 155 102 155 102 89 86 89 86 99 6 1 0x1.0p2 0 4 99 6 165 22 109 -74 99 6 99 6 33 -10 89 86 99 6 1 0x1.8cp6 0x1.8p2 0x1.8cp6 0x1.8p2
DOORGENERAL 4 -69 -28 59 -2 59 -2 51 66 51 66 -77 40 -77 40 -69 -28 4 187 24 315 50 315 50 307 118 307 118 179 92 179 92 187 24 0 0x1.18p3 -1 0 0
DOORGENERAL 4 21 -75 103 -55 103 -55 91 65 91 65 9 45 9 45 21 -75 4 41 -70 123 -50 123 -50 111 70 111 70 29 50 29 50 41 -70 1 0x1.cp1 2 4 41 -70 123 -50 103 -55 91 65 91 65 9 45 29 50 41 -70 3 0x1.8f43265b6651fp6 -0x1.931af73a13b68p5 0x1.3516621e7770ap6 -0x1.27674f7c0d246p4 0x1.3516621e7770ap6 -0x1.27674f7c0d246p4 0x1.b5d33bc3111ebp5 0x1.aece9ef81a488p3 0x1.b5d33bc3111ebp5 0x1.aece9ef81a488p3 0x1.0179b349335c2p5 0x1.6b1af73a13b68p5
DOORGENERAL 4 11 -78 145 -64 145 -64 133 44 133 44 -1 30 -1 30 11 -78 4 145 -64 279 -50 279 -50 267 58 267 58 133 44 133 44 145 -64 1 0x0.0p0 1 4 145 -64 279 -50 145 -64 133 44 267 58 133 44 133 44 145 -64 6 0x1.218eeb09bc3eap7 -0x1.f0190d5e78cebp5 0x1.1db49cb12829cp7 -0x1.656608e9a5df2p5 0x1.1db49cb12829cp7 -0x1.656608e9a5df2p5 0x1.19da4e589414ep7 -0x1.b56608e9a5df2p4 0x1.19da4e589414ep7 -0x1.b56608e9a5df2p4 0x1.16p7 -0x1.3fffffffffffcp3 0x1.16p7 -0x1.3fffffffffffcp3 0x1.1225b1a76beb2p7 0x1.d59823a6977c8p2 0x1.1225b1a76beb2p7 0x1.d59823a6977c8p2 0x1.0e4b634ed7d64p7 0x1.8acc11d34bbe2p4 0x1.0e4b634ed7d64p7 0x1.8acc11d34bbe2p4 0x1.0a7114f643c16p7 0x1.50190d5e78cecp5
DOORGENERAL 4 -117 -57 33 -47 33 -47 19 29 19 29 -131 19 -131 19 -117 -57 4 19 29 169 39 169 39 155 115 155 115 5 105 5 105 19 29 1 0x1.0p0 0 4 19 29 169 39 33 -47 19 29 19 29 -131 19 5 105 19 29 1 0x1.3p4 0x1.dp4 0x1.3p4 0x1.dp4
DOORGENERAL 4 -97 -76 45 -62 45 -62 25 26 25 26 -117 12 -117 12 -97 -76 4 187 -48 329 -34 329 -34 309 54 309 54 167 40 167 40 187 -48 0 0x1.5p2 -1 0 0
DOORGENERAL 4 17 -105 123 -85 123 -85 109 -7 109 -7 3 -27 3 -27 17 -105 4 43 -100 149 -80 149 -80 135 -2 135 -2 29 -22 29 -22 43 -100 1 0x1.0p0 2 4 43 -100 149 -80 123 -85 109 -7 109 -7 3 -27 29 -22 43 -100 4 0x1.e1f5569f838dep6 -0x1.4cf746248434cp6 0x1.88faab4fc1c6fp6 -0x1.117ba312421a6p6 0x1.88faab4fc1c6fp6 -0x1.117ba312421a6p6 0x1.3p6 -0x1.acp5 0x1.3p6 -0x1.acp5 0x1.ae0aa9607c722p5 -0x1.3508b9db7bcb3p5 0x1.ae0aa9607c722p5 -0x1.3508b9db7bcb3p5 0x1.f82aa581f1c88p4 -0x1.7c22e76def2cep4
DOORGENERAL 4 -83 -98 -19 -92 -19 -92 -29 20 -29 20 -93 14 -93 14 -83 -98 4 -19 -92 45 -86 45 -86 35 26 35 26 -29 20 -29 20 -19 -92 0 0x1.ap2 1 4 -19 -92 45 -86 -19 -92 -29 20 35 26 -29 20 -29 20 -19 -92 2 -0x1.3c18411d3f2cbp4 -0x1.4e227ce14f1c7p6 -0x1.8p4 -0x1.2000000000001p5 -0x1.8p4 -0x1.2000000000001p5 -0x1.c3e7bee2c0d34p4 0x1.7113e70a78e3p3
DOORGENERAL 4 1 3 65 11 65 11 49 107 49 107 -15 99 -15 99 1 3 4 49 107 113 115 113 115 97 211 97 211 33 203 33 203 49 107 1 0x1.8p-1 0 4 49 107 113 115 65 11 49 107 49 107 -15 99 33 203 49 107 1 0x1.88p5 0x1.acp6 0x1.88p5 0x1.acp6
DOORGENERAL 4 -8 4 90 14 90 14 84 94 84 94 -14 84 -14 84 -8 4 4 188 24 286 34 286 34 280 114 280 114 182 104 182 104 188 24 0 0x1.0p3 -1 0 0
DOORGENERAL 4 -118 26 2 42 2 42 -18 90 -18 90 -138 74 -138 74 -118 26 4 -88 30 32 46 32 46 12 94 12 94 -108 78 -108 78 -88 30 1 0x1.0p0 2 4 -88 30 32 46 2 42 -18 90 12 94 -108 78 -108 78 -88 30 4 -0x1.541af2a8dc396p6 0x1.e658071d6869fp4 -0x1.000d79546e1cbp6 0x1.099601c75a1a8p5 -0x1.000d79546e1cbp6 0x1.099601c75a1a8p5 -0x1.58p5 0x1.2p5 -0x1.58p5 0x1.2p5 -0x1.5fca1aae478d2p4 0x1.3669fe38a5e58p5 -0x1.5fca1aae478d2p4 0x1.3669fe38a5e58p5 -0x1.f286ab91e35p-1 0x1.4cd3fc714bcbp5
DOORGENERAL 4 -20 27 72 35 72 35 62 117 62 117 -30 109 -30 109 -20 27 4 72 35 164 43 164 43 154 125 154 125 62 117 62 117 72 35 1 0x1.cp0 1 4 72 35 164 43 72 35 62 117 154 125 62 117 62 117 72 35 3 0x1.1e2f26b4f7054p6 0x1.35c78534f9a97p5 0x1.120fb791a7ac7p6 0x1.fc97d711a88dep5 0x1.120fb791a7ac7p6 0x1.fc97d711a88dep5 0x1.05f0486e58539p6 0x1.61b414772bb92p6 0x1.05f0486e58539p6 0x1.61b414772bb92p6 0x1.f3a1b29611f57p5 0x1.c51c3d65832b5p6
DOORGENERAL 4 -79 -45 45 -33 45 -33 25 33 25 33 -99 21 -99 21 -79 -45 4 25 33 149 45 149 45 129 111 129 111 5 99 5 99 25 33 0 0x1.4p3 0 4 25 33 149 45 45 -33 25 33 25 33 -99 21 5 99 25 33 1 0x1.9p4 0x1.08p5 0x1.9p4 0x1.08p5
DOORGENERAL 4 -99 -11 -5 -3 -5 -3 -25 99 -25 99 -119 91 -119 91 -99 -11 4 89 5 183 13 183 13 163 115 163 115 69 107 69 107 89 5 0 0x1.6p1 -1 0 0
DOORGENERAL 4 47 -144 97 -126 97 -126 89 -4 89 -4 39 -22 39 -22 47 -144 4 59 -140 109 -122 109 -122 101 0 101 0 51 -18 51 -18 59 -140 0 0x1.4p0 2 4 47 -144 97 -126 97 -126 89 -4 101 0 51 -18 51 -18 59 -140 1 0x1.28p6 -0x1.2000000000001p6 0x1.28p6 -0x1.2000000000001p6
DOORGENERAL 4 1 -95 111 -81 111 -81 89 23 89 23 -21 9 -21 9 1 -95 4 111 -81 221 -67 221 -67 199 37 199 37 89 23 89 23 111 -81 1 0x1.0p1 1 4 111 -81 221 -67 111 -81 89 23 199 37 89 23 89 23 111 -81 3 0x1.b8b04c303d68ep6 -0x1.3458adfb50d87p6 0x1.9d90196569cdap6 -0x1.683b1ea78b3bp5 0x1.9d90196569cdap6 -0x1.683b1ea78b3bp5 0x1.826fe69a96326p6 -0x1.9f138561d3148p3 0x1.826fe69a96326p6 -0x1.9f138561d3148p3 0x1.674fb3cfc2972p6 0x1.3162b7ed43618p4
DOORGENERAL 4 -50 -85 62 -75 62 -75 40 -29 40 -29 -72 -39 -72 -39 -50 -85 4 40 -29 152 -19 152 -19 130 27 130 27 18 17 18 17 40 -29 1 0x1.8p-1 0 4 40 -29 152 -19 62 -75 40 -29 40 -29 -72 -39 18 17 40 -29 1 0x1.4p5 -0x1.dp4 0x1.4p5 -0x1.dp4
DOORGENERAL 4 -121 -73 15 -65 15 -65 -11 55 -11 55 -147 47 -147 47 -121 -73 4 151 -57 287 -49 287 -49 261 71 261 71 125 63 125 63 151 -57 0 0x1.5p2 -1 0 0
DOORGENERAL 4 -16 -104 88 -98 88 -98 82 -10 82 -10 -22 -16 -22 -16 -16 -104 4 10 -103 114 -97 114 -97 108 -9 108 -9 4 -15 4 -15 10 -103 1 0x1.dp2 2 4 -16 -104 88 -98 88 -98 82 -10 108 -9 4 -15 4 -15 10 -103 2 0x1.f571447d7f8cap3 -0x1.7ce14f70eef55p6 0x1.7p5 -0x1.c4p5 0x1.7p5 -0x1.c4p5 0x1.3151d770500e7p6 -0x1.1c7ac23c442acp4
DOORGENERAL 4 47 -9 129 7 129 7 109 121 109 121 27 105 27 105 47 -9 4 129 7 211 23 211 23 191 137 191 137 109 121 109 121 129 7 1 0x1.8p2 1 4 129 7 211 23 129 7 109 121 191 137 109 121 109 121 129 7 2 0x1.fe786d3aa60e3p6 0x1.dc2624c0d2464p3 0x1.dcp6 0x1.0p6 0x1.dcp6 0x1.0p6 0x1.b98792c559f1dp6 0x1.c47b3b67e5b74p6
DOORGENERAL 4 -77 -130 31 -108 31 -108 15 0 15 0 -93 -22 -93 -22 -77 -130 4 15 0 123 22 123 22 107 130 107 130 -1 108 -1 108 15 0 0 0x1.4p2 0 4 15 0 123 22 31 -108 15 0 15 0 -93 -22 -1 108 15 0 1 0x1.ep3 0x0.0p0 0x1.ep3 0x0.0p0
DOORGENERAL 4 -98 -102 12 -94 12 -94 6 -24 6 -24 -104 -32 -104 -32 -98 -102 4 122 -86 232 -78 232 -78 226 -8 226 -8 116 -16 116 -16 122 -86 0 0x1.3p3 -1 0 0
DOORGENERAL 4 -82 -91 -2 -73 -2 -73 -20 -31 -20 -31 -100 -49 -100 -49 -82 -91 4 -62 -87 18 -69 18 -69 0 -27 0 -27 -80 -45 -80 -45 -62 -87 1 0x1.38p3 2 4 -82 -91 -2 -73 -2 -73 -20 -31 0 -27 -80 -45 -80 -45 -62 -87 1 -0x1.b83ccd60d059ap5 -0x1.34ed7a27d9f52p6 -0x1.af86653e5f4cap4 -0x1.46250bb04c15dp5
DOORGENERAL 4 -28 -59 48 -49 48 -49 42 41 42 41 -34 31 -34 31 -28 -59 4 48 -49 124 -39 124 -39 118 51 118 51 42 41 42 41 48 -49 1 0x1.18p3 1 4 48 -49 124 -39 48 -49 42 41 118 51 42 41 42 41 48 -49 1 0x1.7a4784788a7a4p5 -0x1.3230c3101d29dp5 0x1.55b87b877585cp5 0x1.e46186203a538p4
DOORGENERAL 4 -5 36 123 48 123 48 113 98 113 98 -15 86 -15 86 -5 36 4 113 98 241 110 241 110 231 160 231 160 103 148 103 148 113 98 1 0x1.0p-2 0 4 113 98 241 110 123 48 113 98 113 98 -15 86 103 148 113 98 1 0x1.c4p6 0x1.88p6 0x1.c4p6 0x1.88p6
DOORGENERAL 4 52 -77 112 -53 112 -53 90 69 90 69 30 45 30 45 52 -77 4 172 -29 232 -5 232 -5 210 117 210 117 150 93 150 93 172 -29 1 0x1.7p2 -1 0 0
DOORGENERAL 4 -105 -53 19 -33 19 -33 3 75 3 75 -121 55 -121 55 -105 -53 4 -74 -48 50 -28 50 -28 34 80 34 80 -90 60 -90 60 -74 -48 1 0x1.2p1 2 4 -74 -48 50 -28 19 -33 3 75 34 80 -90 60 -90 60 -74 -48 3 -0x1.173786d20da33p6 -0x1.7a960a754eb8cp5 -0x1.4ccfaf36b3c22p5 -0x1.5632037c6f92fp5 -0x1.4ccfaf36b3c22p5 -0x1.5632037c6f92fp5 -0x1.acc1432530f78p3 -0x1.31cdfc83906d1p5 -0x1.acc1432530f78p3 -0x1.31cdfc83906d1p5 0x1.d9bc36906d198p3 -0x1.0d69f58ab1474p5
DOORGENERAL 4 -64 -117 34 -97 34 -97 8 -31 8 -31 -90 -51 -90 -51 -64 -117 4 34 -97 132 -77 132 -77 106 -11 106 -11 8 -31 8 -31 34 -97 1 0x1.cp1 1 4 34 -97 132 -77 34 -97 8 -31 106 -11 8 -31 8 -31 34 -97 2 0x1.ffbeef86c01fep4 -0x1.6f87f09f5c63p6 0x1.5p4 -0x1.0p6 0x1.5p4 -0x1.0p6 0x1.408220f27fc02p3 -0x1.20f01ec1473ap5
DOORGENERAL 4 -12 -152 42 -134 42 -134 20 -4 20 -4 -34 -22 -34 -22 -12 -152 4 20 -4 74 14 74 14 52 144 52 144 -2 126 -2 126 20 -4 1 0x1.fp2 0 4 20 -4 74 14 42 -134 20 -4 20 -4 -34 -22 -2 126 20 -4 1 0x1.4p4 -0x1.0p2 0x1.4p4 -0x1.0p2
DOORGENERAL 4 9 -59 159 -49 159 -49 151 73 151 73 1 63 1 63 9 -59 4 309 -39 459 -29 459 -29 451 93 451 93 301 83 301 83 309 -39 0 0x1.4p3 -1 0 0
DOORGENERAL 4 -95 -34 -15 -20 -15 -20 -27 72 -27 72 -107 58 -107 58 -95 -34 4 -75 -31 5 -17 5 -17 -7 75 -7 75 -87 61 -87 61 -75 -31 1 0x1.6p2 2 4 -95 -34 -15 -20 -15 -20 -27 72 -7 75 -87 61 -87 61 -75 -31 2 -0x1.1f74a65705552p6 -0x1.7ba5f6da25478p4 -0x1.98p5 0x1.48p4 -0x1.98p5 0x1.48p4 -0x1.e22d66a3eaab8p4 0x1.02e97db68951ep6
DOORGENERAL 4 -82 -77 28 -59 28 -59 4 71 4 71 -106 53 -106 53 -82 -77 4 28 -59 138 -41 138 -41 114 89 114 89 4 71 4 71 28 -59 0 0x1.4p2 1 4 28 -59 138 -41 28 -59 4 71 114 89 4 71 4 71 28 -59 2 0x1.abaaabb0f7421p4 -0x1.a0ee3ba9f2fdap5 0x1.0p4 0x1.8p2 0x1.0p4 0x1.8p2 0x1.5155513c22f7cp2 0x1.00771dd4f97edp6
DOORGENERAL 4 -13 -27 107 -21 107 -21 99 31 99 31 -21 25 -21 25 -13 -27 4 99 31 219 37 219 37 211 89 211 89 91 83 91 83 99 31 0 0x1.cp1 0 4 99 31 219 37 107 -21 99 31 99 31 -21 25 91 83 99 31 1 0x1.8cp6 0x1.fp4 0x1.8cp6 0x1.fp4
DOORGENERAL 4 2 -81 98 -75 98 -75 88 55 88 55 -8 49 -8 49 2 -81 4 194 -69 290 -63 290 -63 280 67 280 67 184 61 184 61 194 -69 0 0x0.0p0 -1 0 0
DOORGENERAL 4 -16 -69 78 -55 78 -55 66 67 66 67 -28 53 -28 53 -16 -69 4 7 -66 101 -52 101 -52 89 70 89 70 -5 56 -5 56 7 -66 0 0x1.ap2 2 4 -16 -69 78 -55 78 -55 66 67 89 70 -5 56 -5 56 7 -66 1 0x1.24p5 0x1.0p-1 0x1.24p5 0x1.0p-1
DOORGENERAL 4 -104 -129 32 -103 32 -103 18 13 18 13 -118 -13 -118 -13 -104 -129 4 32 -103 168 -77 168 -77 154 39 154 39 18 13 18 13 32 -103 0 0x1.1p3 1 4 32 -103 168 -77 32 -103 18 13 154 39 18 13 18 13 32 -103 2 0x1.ebdec648f13c5p4 -0x1.724d7629616aap6 0x1.9p4 -0x1.68p5 0x1.9p4 -0x1.68p5 0x1.342139b70ec3bp4 0x1.49aec52c2d54p1
DOORGENERAL 4 -56 -51 22 -41 22 -41 2 9 2 9 -76 -1 -76 -1 -56 -51 4 2 9 80 19 80 19 60 69 60 69 -18 59 -18 59 2 9 1 0x1.ap1 0 4 2 9 80 19 22 -41 2 9 2 9 -76 -1 -18 59 2 9 1 0x1.0p1 0x1.2p3 0x1.0p1 0x1.2p3
DOORGENERAL 4 -92 -76 -8 -52 -8 -52 -14 48 -14 48 -98 24 -98 24 -92 -76 4 76 -28 160 -4 160 -4 154 96 154 96 70 72 70 72 76 -28 1 0x1.08p3 -1 0 0
DOORGENERAL 4 -45 -50 9 -34 9 -34 -9 74 -9 74 -63 58 -63 58 -45 -50 4 -32 -46 22 -30 22 -30 4 78 4 78 -50 62 -50 62 -32 -46 1 0x1.4p3 2 4 -32 -46 22 -30 9 -34 -9 74 -9 74 -63 58 -50 62 -32 -46 1 0x1.577b3abd686dap1 -0x1.7a42bf98b956cp4 -0x1.5d77b3abd686ep5 0x1.9d215fcc5cab6p5
DOORGENERAL 4 -62 -82 22 -58 22 -58 16 62 16 62 -68 38 -68 38 -62 -82 4 22 -58 106 -34 106 -34 100 86 100 86 16 62 16 62 22 -58 0 0x1.ap2 1 4 22 -58 106 -34 22 -58 16 62 100 86 16 62 16 62 22 -58 2 0x1.59355f36b4784p4 -0x1.8c15b8230cb2bp5 0x1.3p4 0x1.000000000001p1 0x1.3p4 0x1.000000000001p1 0x1.06caa0c94b87cp4 0x1.ac15b8230cb2cp5
DOORGENERAL 4 -43 2 77 22 77 22 51 100 51 100 -69 80 -69 80 -43 2 4 51 100 171 120 171 120 145 198 145 198 25 178 25 178 51 100 1 0x1.08p3 0 4 51 100 171 120 77 22 51 100 51 100 -69 80 25 178 51 100 1 0x1.98p5 0x1.9p6 0x1.98p5 0x1.9p6
DOORGENERAL 4 -107 -81 -25 -65 -25 -65 -35 11 -35 11 -117 -5 -117 -5 -107 -81 4 57 -49 139 -33 139 -33 129 43 129 43 47 27 47 27 57 -49 0 0x1.1p2 -1 0 0
DOORGENERAL 4 -91 -91 49 -85 49 -85 29 25 29 25 -111 19 -111 19 -91 -91 4 -56 -90 84 -84 84 -84 64 26 64 26 -76 20 -76 20 -56 -90 1 0x0.0p0 2 4 -91 -91 49 -85 49 -85 29 25 64 26 -76 20 -76 20 -56 -90 8 -0x1.b72523d79f9b7p5 -0x1.5f9b505b422a4p6 -0x1.645bdae1b7b49p5 -0x1.28347c44719fbp6 -0x1.645bdae1b7b49p5 -0x1.28347c44719fbp6 -0x1.119291ebcfcdbp5 -0x1.e19b505b422a4p5 -0x1.119291ebcfcdbp5 -0x1.e19b505b422a4p5 -0x1.7d9291ebcfcd9p4 -0x1.72cda82da1152p5 -0x1.7d9291ebcfcd9p4 -0x1.72cda82da1152p5 -0x1.afffffffffffcp3 -0x1.04p5 -0x1.afffffffffffcp3 -0x1.04p5 -0x1.936b70a18191p1 -0x1.2a64afa4bdd5cp4 -0x1.936b70a18191p1 -0x1.2a64afa4bdd5cp4 0x1.cc948f5e7e6fp2 -0x1.33257d25eeaep2 0x1.cc948f5e7e6fp2 -0x1.33257d25eeaep2 0x1.18b7b5c36f696p4 0x1.21a3e2238cfd8p3 0x1.18b7b5c36f696p4 0x1.21a3e2238cfd8p3 0x1.be4a47af3f37p4 0x1.6e6d416d08a9p4
DOORGENERAL 4 -24 -24 86 0 86 0 74 118 74 118 -36 94 -36 94 -24 -24 4 86 0 196 24 196 24 184 142 184 142 74 118 74 118 86 0 1 0x1.ap2 1 4 86 0 196 24 86 0 74 118 184 142 74 118 74 118 86 0 2 0x1.548f63aa6ebdp6 0x1.0e9ab4f5f8987p3 0x1.4p6 0x1.d8p5 0x1.4p6 0x1.d8p5 0x1.2b709c559143p6 0x1.b62ca96140ecfp6
DOORGENERAL 4 -51 -6 15 14 15 14 -3 110 -3 110 -69 90 -69 90 -51 -6 4 -3 110 63 130 63 130 45 226 45 226 -21 206 -21 206 -3 110 1 0x1.ap1 0 4 -3 110 63 130 15 14 -3 110 -3 110 -69 90 -21 206 -3 110 1 -0x1.8p1 0x1.b8p6 -0x1.8p1 0x1.b8p6
DOORGENERAL 4 -21 -47 51 -41 51 -41 29 73 29 73 -43 67 -43 67 -21 -47 4 123 -35 195 -29 195 -29 173 85 173 85 101 79 101 79 123 -35 1 0x1.28p3 -1 0 0
DOORGENERAL 4 33 -48 87 -36 87 -36 65 24 65 24 11 12 11 12 33 -48 4 46 -45 100 -33 100 -33 78 27 78 27 24 15 24 15 46 -45 1 0x1.2p1 2 4 46 -45 100 -33 87 -36 65 24 65 24 11 12 24 15 46 -45 2 0x1.4e9f0e38f8bp6 -0x1.09d272a39791dp5 0x1.bcp5 -0x1.5p3 0x1.bcp5 -0x1.5p3 0x1.b583c71c1d402p4 0x1.8749ca8e5e474p3
DOORGENERAL 4 -70 -49 20 -29 20 -29 12 61 12 61 -78 41 -78 41 -70 -49 4 20 -29 110 -9 110 -9 102 81 102 81 12 61 12 61 20 -29 1 0x1.ep2 1 4 20 -29 110 -9 20 -29 12 61 102 81 12 61 12 61 20 -29 1 0x1.328abd5bb3223p4 -0x1.3898d2479f408p4 0x1.9aea854899bbap3 0x1.9c4c6923cfa04p5
DOORGENERAL 4 -112 -98 -12 -74 -12 -74 -32 20 -32 20 -132 -4 -132 -4 -112 -98 4 -32 20 68 44 68 44 48 138 48 138 -52 114 -52 114 -32 20 1 0x1.28p3 0 4 -32 20 68 44 -12 -74 -32 20 -32 20 -132 -4 -52 114 -32 20 1 -0x1.0p5 0x1.4p4 -0x1.0p5 0x1.4p4
DOORGENERAL 4 -91 -2 -25 6 -25 6 -51 112 -51 112 -117 104 -117 104 -91 -2 4 41 14 107 22 107 22 81 128 81 128 15 120 15 120 41 14 0 0x0.0p0 -1 0 0
DOORGENERAL 4 48 -54 118 -46 118 -46 98 6 98 6 28 -2 28 -2 48 -54 4 65 -52 135 -44 135 -44 115 8 115 8 45 0 45 0 65 -52 1 0x1.5p2 2 4 65 -52 135 -44 118 -46 98 6 98 6 28 -2 45 0 65 -52 2 0x1.bf5e39fd59c7cp6 -0x1.50ae5a9b2dfadp5 0x1.46p6 -0x1.7p4 0x1.46p6 -0x1.7p4 0x1.99438c054c708p5 -0x1.f51a564d2053p1
DOORGENERAL 4 -71 -78 77 -60 77 -60 57 58 57 58 -91 40 -91 40 -71 -78 4 77 -60 225 -42 225 -42 205 76 205 76 57 58 57 58 77 -60 1 0x1.38p3 1 4 77 -60 225 -42 77 -60 57 58 205 76 57 58 57 58 77 -60 2 0x1.2c255a910565cp6 -0x1.83525fe272e3bp5 0x1.0cp6 -0x1.000000000002p0 0x1.0cp6 -0x1.000000000002p0 0x1.d7b54addf5348p5 0x1.73525fe272e3ap5
DOORGENERAL 4 -4 6 78 16 78 16 52 116 52 116 -30 106 -30 106 -4 6 4 52 116 134 126 134 126 108 226 108 226 26 216 26 216 52 116 1 0x1.ap2 0 4 52 116 134 126 78 16 52 116 52 116 -30 106 26 216 52 116 1 0x1.ap5 0x1.dp6 0x1.ap5 0x1.dp6
DOORGENERAL 4 -85 -33 -31 -23 -31 -23 -39 85 -39 85 -93 75 -93 75 -85 -33 4 23 -13 77 -3 77 -3 69 105 69 105 15 95 15 95 23 -13 0 0x1.6p1 -1 0 0
DOORGENERAL 4 -85 -101 33 -83 33 -83 27 23 27 23 -91 5 -91 5 -85 -101 4 -56 -97 62 -79 62 -79 56 27 56 27 -62 9 -62 9 -56 -97 1 0x1.38p3 2 4 -85 -101 33 -83 33 -83 27 23 56 27 -62 9 -62 9 -56 -97 2 -0x1.8a717075999c7p5 -0x1.5bc2a92144c24p6 -0x1.dp3 -0x1.28p5 -0x1.dp3 -0x1.28p5 0x1.44e2e0eb3338ep4 0x1.9e15490a2612p3
DOORGENERAL 4 -18 -15 62 -5 62 -5 42 73 42 73 -38 63 -38 63 -18 -15 4 62 -5 142 5 142 5 122 83 122 83 42 73 42 73 62 -5 1 0x1.fp2 1 4 62 -5 142 5 62 -5 42 73 122 83 42 73 42 73 62 -5 1 0x1.dca070e5c27a6p5 0x1.1c723d991915cp2 0x1.635f8f1a3d85ap5 0x1.fc71b84cdcdd4p5
DOORGENERAL 4 -93 -51 47 -41 47 -41 35 71 35 71 -105 61 -105 61 -93 -51 4 35 71 175 81 175 81 163 193 163 193 23 183 23 183 35 71 0 0x1.cp1 0 4 35 71 175 81 47 -41 35 71 35 71 -105 61 23 183 35 71 1 0x1.18p5 0x1.1cp6 0x1.18p5 0x1.1cp6
DOORGENERAL 4 -88 -66 18 -60 18 -60 -6 24 -6 24 -112 18 -112 18 -88 -66 4 124 -54 230 -48 230 -48 206 36 206 36 100 30 100 30 124 -54 1 0x1.5p2 -1 0 0
DOORGENERAL 4 -68 -88 30 -62 30 -62 6 30 6 30 -92 4 -92 4 -68 -88 4 -44 -82 54 -56 54 -56 30 36 30 36 -68 10 -68 10 -44 -82 1 0x1.9p2 2 4 -68 -88 30 -62 30 -62 6 30 30 36 -68 10 -68 10 -44 -82 2 -0x1.4597dae26080fp5 -0x1.288a90b236f1dp6 -0x1.3p4 -0x1.9fffffffffffep4 -0x1.3p4 -0x1.9fffffffffffep4 0x1.597dae26080fp1 0x1.622a42c8dbc78p4
DOORGENERAL 4 -61 -117 31 -101 31 -101 19 -33 19 -33 -73 -49 -73 -49 -61 -117 4 31 -101 123 -85 123 -85 111 -17 111 -17 19 -33 19 -33 31 -101 1 0x1.0p2 1 4 31 -101 123 -85 31 -101 19 -33 111 -17 19 -33 19 -33 31 -101 2 0x1.df510d37e0467p4 -0x1.7c5d7d647db92p6 0x1.9p4 -0x1.0cp6 0x1.9p4 -0x1.0cp6 0x1.40aef2c81fb99p4 -0x1.37450537048dbp5
DOORGENERAL 4 -1 -12 115 6 115 6 109 108 109 108 -7 90 -7 90 -1 -12 4 109 108 225 126 225 126 219 228 219 228 103 210 103 210 109 108 1 0x1.cp1 0 4 109 108 225 126 115 6 109 108 109 108 -7 90 103 210 109 108 1 0x1.b4p6 0x1.bp6 0x1.b4p6 0x1.bp6
DOORGENERAL 4 5 -126 57 -106 57 -106 45 -28 45 -28 -7 -48 -7 -48 5 -126 4 109 -86 161 -66 161 -66 149 12 149 12 97 -8 97 -8 109 -86 0 0x1.0p2 -1 0 0
DOORGENERAL 4 -23 -78 63 -62 63 -62 43 2 43 2 -43 -14 -43 -14 -23 -78 4 -2 -74 84 -58 84 -58 64 6 64 6 -22 -10 -22 -10 -2 -74 0 0x1.cp2 2 4 -2 -74 84 -58 63 -62 43 2 43 2 -43 -14 -22 -10 -2 -74 1 0x1.48p4 -0x1.2p5 0x1.48p4 -0x1.2p5
DOORGENERAL 4 -29 -41 49 -35 49 -35 35 5 35 5 -43 -1 -43 -1 -29 -41 4 49 -35 127 -29 127 -29 113 11 113 11 35 5 35 5 49 -35 1 0x1.2p1 1 4 49 -35 127 -29 49 -35 35 5 113 11 35 5 35 5 49 -35 1 0x1.7cc4a141557c1p5 -0x1.efd15050c3e96p4 0x1.233b5ebeaa84p5 0x1.fa2a0a187d2cp-1
DOORGENERAL 4 -53 -43 17 -19 17 -19 -7 105 -7 105 -77 81 -77 81 -53 -43 4 -7 105 63 129 63 129 39 253 39 253 -31 229 -31 229 -7 105 0 0x1.ap2 0 4 -7 105 63 129 17 -19 -7 105 -7 105 -77 81 -31 229 -7 105 1 -0x1.cp2 0x1.a4p6 -0x1.cp2 0x1.a4p6
DOORGENERAL 4 -59 10 11 24 11 24 -7 98 -7 98 -77 84 -77 84 -59 10 4 81 38 151 52 151 52 133 126 133 126 63 112 63 112 81 38 0 0x1.6p2 -1 0 0
DOORGENERAL 4 14 -102 148 -78 148 -78 124 28 124 28 -10 4 -10 4 14 -102 4 47 -96 181 -72 181 -72 157 34 157 34 23 10 23 10 47 -96 0 0x1.0p0 2 4 47 -96 181 -72 148 -78 124 28 124 28 -10 4 23 10 47 -96 1 0x1.56p6 -0x1.1p5 0x1.56p6 -0x1.1p5
DOORGENERAL 4 -64 41 48 57 48 57 42 119 42 119 -70 103 -70 103 -64 41 4 48 57 160 73 160 73 154 135 154 135 42 119 42 119 48 57 0 0x1.ep2 1 4 48 57 160 73 48 57 42 119 154 135 42 119 42 119 48 57 1 0x1.78adea9d6fe88p5 0x1.09d2c3d29324p6 0x1.5752156290178p5 0x1.b62d3c2d6cdcp6
DOORGENERAL 4 -41 -9 59 9 59 9 43 99 43 99 -57 81 -57 81 -41 -9 4 43 99 143 117 143 117 127 207 127 207 27 189 27 189 43 99 0 0x1.bp2 0 4 43 99 143 117 59 9 43 99 43 99 -57 81 27 189 43 99 1 0x1.58p5 0x1.8cp6 0x1.58p5 0x1.8cp6
DOORGENERAL 4 -13 -42 81 -26 81 -26 55 86 55 86 -39 70 -39 70 -13 -42 4 175 -10 269 6 269 6 243 118 243 118 149 102 149 102 175 -10 1 0x1.8p-1 -1 0 0
DOORGENERAL 4 -99 7 15 15 15 15 -5 117 -5 117 -119 109 -119 109 -99 7 4 -71 9 43 17 43 17 23 119 23 119 -91 111 -91 111 -71 9 1 0x1.4p0 2 4 -71 9 43 17 15 15 -5 117 -5 117 -119 109 -91 111 -71 9 5 0x1.92ad4dfb8d49ep3 0x1.1372ed7022816p4 -0x1.e9966f3889a74p2 0x1.1c3c14080a5ap5 -0x1.e9966f3889a74p2 0x1.1c3c14080a5ap5 -0x1.be21de9a0b789p4 0x1.aebeb15803734p5 -0x1.be21de9a0b789p4 0x1.aebeb15803734p5 -0x1.80ef10b2fa43cp5 0x1.20a0a753fe464p6 -0x1.80ef10b2fa43cp5 0x1.20a0a753fe464p6 -0x1.1166990c77658p6 0x1.69e1f5fbfad2ep6 -0x1.1166990c77658p6 0x1.69e1f5fbfad2ep6 -0x1.6255a9bf71a94p6 0x1.b32344a3f75fap6
DOORGENERAL 4 -136 -92 10 -72 10 -72 4 -16 4 -16 -142 -36 -142 -36 -136 -92 4 10 -72 156 -52 156 -52 150 4 150 4 4 -16 4 -16 10 -72 1 0x1.4p0 1 4 10 -72 156 -52 10 -72 4 -16 150 4 4 -16 4 -16 10 -72 2 0x1.34eba9807536p3 -0x1.1312f06b3369bp6 0x1.cp2 -0x1.6p5 0x1.cp2 -0x1.6p5 0x1.1628acff1593fp2 -0x1.33b43e5332594p4
DOORGENERAL 4 -12 -74 44 -66 44 -66 24 -10 24 -10 -32 -18 -32 -18 -12 -74 4 24 -10 80 -2 80 -2 60 54 60 54 4 46 4 46 24 -10 0 0x1.5p2 0 4 24 -10 80 -2 44 -66 24 -10 24 -10 -32 -18 4 46 24 -10 1 0x1.8p4 -0x1.4p3 0x1.8p4 -0x1.4p3
DOORGENERAL 4 -33 -68 95 -58 95 -58 89 -10 89 -10 -39 -20 -39 -20 -33 -68 4 223 -48 351 -38 351 -38 345 10 345 10 217 0 217 0 223 -48 1 0x1.8p0 -1 0 0
DOORGENERAL 4 3 -123 123 -115 123 -115 107 -11 107 -11 -13 -19 -13 -19 3 -123 4 33 -121 153 -113 153 -113 137 -9 137 -9 17 -17 17 -17 33 -121 1 0x1.ap1 2 4 33 -121 153 -113 123 -115 107 -11 137 -9 17 -17 17 -17 33 -121 2 0x1.31e82f9ed3fd7p5 -0x1.e29a64d00a001p6 0x1.38p6 -0x1.d8p6 0x1.38p6 -0x1.d8p6 0x1.d70be83096014p6 -0x1.cd659b2ff5fffp6
DOORGENERAL 4 -63 -73 23 -47 23 -47 3 83 3 83 -83 57 -83 57 -63 -73 4 23 -47 109 -21 109 -21 89 109 89 109 3 83 3 83 23 -47 0 0x1.1p2 1 4 23 -47 109 -21 23 -47 3 83 89 109 3 83 3 83 23 -47 3 0x1.60cb56098abf6p4 -0x1.4694d79f02ee1p5 0x1.0043c75883952p4 -0x1.9b88fbf57496p0 0x1.0043c75883952p4 -0x1.9b88fbf57496p0 0x1.3f78714ef8d5ap3 0x1.2cdc47dfaba4bp5 0x1.3f78714ef8d5ap3 0x1.2cdc47dfaba4bp5 0x1.f9a54fb3aa048p1 0x1.334a6bcf8177p6
DOORGENERAL 4 -70 -60 66 -42 66 -42 40 76 40 76 -96 58 -96 58 -70 -60 4 40 76 176 94 176 94 150 212 150 212 14 194 14 194 40 76 0 0x1.ep1 0 4 40 76 176 94 66 -42 40 76 40 76 -96 58 14 194 40 76 1 0x1.4p5 0x1.3p6 0x1.4p5 0x1.3p6
DOORGENERAL 4 -113 -58 -25 -32 -25 -32 -39 42 -39 42 -127 16 -127 16 -113 -58 4 63 -6 151 20 151 20 137 94 137 94 49 68 49 68 63 -6 1 0x1.4p0 -1 0 0
DOORGENERAL 4 -65 -23 -11 -9 -11 -9 -21 59 -21 59 -75 45 -75 45 -65 -23 4 -52 -20 2 -6 2 -6 -8 62 -8 62 -62 48 -62 48 -52 -20 1 0x1.bp2 2 4 -65 -23 -11 -9 -11 -9 -21 59 -8 62 -62 48 -62 48 -52 -20 1 -0x1.8692982b29c61p5 -0x1.705ecef0976b1p3 -0x1.82dacfa9ac73ep4 0x1.9417b3bc25daep5
DOORGENERAL 4 -6 -60 62 -46 62 -46 52 12 52 12 -16 -2 -16 -2 -6 -60 4 62 -46 130 -32 130 -32 120 26 120 26 52 12 52 12 62 -46 1 0x1.3p3 1 4 62 -46 130 -32 62 -46 52 12 120 26 52 12 52 12 62 -46 1 0x1.e05e5a307da98p5 -0x1.1556717fa5a3dp5 0x1.afa1a5cf82568p5 0x1.559c5fe968fp-1
DOORGENERAL 4 -39 -40 33 -32 33 -32 11 24 11 24 -61 16 -61 16 -39 -40 4 11 24 83 32 83 32 61 88 61 88 -11 80 -11 80 11 24 1 0x1.ap1 0 4 11 24 83 32 33 -32 11 24 11 24 -61 16 -11 80 11 24 1 0x1.6p3 0x1.8p4 0x1.6p3 0x1.8p4
DOORGENERAL 4 33 -126 95 -110 95 -110 81 -32 81 -32 19 -48 19 -48 33 -126 4 157 -94 219 -78 219 -78 205 0 205 0 143 -16 143 -16 157 -94 0 0x1.1p2 -1 0 0
DOORGENERAL 4 -4 -95 66 -87 66 -87 50 -1 50 -1 -20 -9 -20 -9 -4 -95 4 13 -93 83 -85 83 -85 67 1 67 1 -3 -7 -3 -7 13 -93 1 0x1.cp0 2 4 13 -93 83 -85 66 -87 50 -1 50 -1 -20 -9 -3 -7 13 -93 3 0x1.fc4f8231ef421p5 -0x1.506c3b710d995p6 0x1.516fd610a516p5 -0x1.daf2d24b5e663p5 0x1.516fd610a516p5 -0x1.daf2d24b5e663p5 0x1.4d2053deb5d3cp4 -0x1.150d2db4a199cp5 0x1.4d2053deb5d3cp4 -0x1.150d2db4a199cp5 -0x1.13e08c7bd088p-1 -0x1.3c9e247793358p3
DOORGENERAL 4 -13 -41 71 -27 71 -27 47 89 47 89 -37 75 -37 75 -13 -41 4 71 -27 155 -13 155 -13 131 103 131 103 47 89 47 89 71 -27 0 0x1.ap1 1 4 71 -27 155 -13 71 -27 47 89 131 103 47 89 47 89 71 -27 3 0x1.17becad26243bp6 -0x1.5dbdfbe36bc78p4 0x1.f529dc8c41827p5 0x1.ac2c02bdb8258p3 0x1.f529dc8c41827p5 0x1.ac2c02bdb8258p3 0x1.bad62373be7d8p5 0x1.84f4ff5091f68p5 0x1.bad62373be7d8p5 0x1.84f4ff5091f68p5 0x1.80826a5b3b78ap5 0x1.4f6f7ef8daf1ep6
DOORGENERAL 4 -11 -28 77 -6 77 -6 57 72 57 72 -31 50 -31 50 -11 -28 4 57 72 145 94 145 94 125 172 125 172 37 150 37 150 57 72 1 0x1.8p0 0 4 57 72 145 94 77 -6 57 72 57 72 -31 50 37 150 57 72 1 0x1.c8p5 0x1.2p6 0x1.c8p5 0x1.2p6
DOORGENERAL 4 -36 -120 86 -104 86 -104 62 4 62 4 -60 -12 -60 -12 -36 -120 4 208 -88 330 -72 330 -72 306 36 306 36 184 20 184 20 208 -88 1 0x1.ap1 -1 0 0
DOORGENERAL 4 -78 -63 -22 -49 -22 -49 -30 77 -30 77 -86 63 -86 63 -78 -63 4 -64 -60 -8 -46 -8 -46 -16 80 -16 80 -72 66 -72 66 -64 -60 0 0x1.7p2 2 4 -78 -63 -22 -49 -22 -49 -30 77 -16 80 -72 66 -72 66 -64 -60 1 -0x1.78p5 0x1.1p3 -0x1.78p5 0x1.1p3
DOORGENERAL 4 -105 -15 -1 3 -1 3 -15 43 -15 43 -119 25 -119 25 -105 -15 4 -1 3 103 21 103 21 89 61 89 61 -15 43 -15 43 -1 3 0 0x1.ap1 1 4 -1 3 103 21 -1 3 -15 43 89 61 -15 43 -15 43 -1 3 1 -0x1.5dfed821dee4dp1 0x1.fd22eb9e19d93p2 -0x1.a88049f78846cp3 0x1.305ba28c3cc4dp5
DOORGENERAL 4 -112 -115 -4 -97 -4 -97 -16 -45 -16 -45 -124 -63 -124 -63 -112 -115 4 -16 -45 92 -27 92 -27 80 25 80 25 -28 7 -28 7 -16 -45 0 0x1.fp2 0 4 -16 -45 92 -27 -4 -97 -16 -45 -16 -45 -124 -63 -28 7 -16 -45 1 -0x1.0p4 -0x1.68p5 -0x1.0p4 -0x1.68p5
DOORGENERAL 4 -73 -135 27 -123 27 -123 13 -7 13 -7 -87 -19 -87 -19 -73 -135 4 127 -111 227 -99 227 -99 213 17 213 17 113 5 113 5 127 -111 0 0x1.0p0 -1 0 0
DOORGENERAL 4 27 -87 147 -67 147 -67 129 57 129 57 9 37 9 37 27 -87 4 57 -82 177 -62 177 -62 159 62 159 62 39 42 39 42 57 -82 0 0x1.8p1 2 4 57 -82 177 -62 147 -67 129 57 159 62 39 42 39 42 57 -82 1 0x1.74p6 -0x1.9p3 0x1.74p6 -0x1.9p3
DOORGENERAL 4 25 -117 99 -93 99 -93 73 17 73 17 -1 -7 -1 -7 25 -117 4 99 -93 173 -69 173 -69 147 41 147 41 73 17 73 17 99 -93 1 0x1.8p2 1 4 99 -93 173 -69 99 -93 73 17 147 41 73 17 73 17 99 -93 2 0x1.84a3a1a8c414ap6 -0x1.54dbabf164f4ep6 0x1.58p6 -0x1.3000000000001p5 0x1.58p6 -0x1.3000000000001p5 0x1.2b5c5e573beb6p6 0x1.26dd5f8b27a7p3
DOORGENERAL 4 -125 -92 13 -70 13 -70 7 40 7 40 -131 18 -131 18 -125 -92 4 7 40 145 62 145 62 139 172 139 172 1 150 1 150 7 40 0 0x1.5p2 0 4 7 40 145 62 13 -70 7 40 7 40 -131 18 1 150 7 40 1 0x1.cp2 0x1.4p5 0x1.cp2 0x1.4p5
DOORGENERAL 4 -76 19 -18 29 -18 29 -40 85 -40 85 -98 75 -98 75 -76 19 4 40 39 98 49 98 49 76 105 76 105 18 95 18 95 40 39 0 0x1.4p3 -1 0 0
DOORGENERAL 4 -77 -57 39 -35 39 -35 23 69 23 69 -93 47 -93 47 -77 -57 4 -48 -52 68 -30 68 -30 52 74 52 74 -64 52 -64 52 -48 -52 0 0x1.5p2 2 4 -77 -57 39 -35 39 -35 23 69 52 74 -64 52 -64 52 -48 -52 1 -0x1.9p3 0x1.1000000000002p3 -0x1.9p3 0x1.1000000000002p3
DOORGENERAL 4 -128 -133 12 -127 12 -127 6 -11 6 -11 -134 -17 -134 -17 -128 -133 4 12 -127 152 -121 152 -121 146 -5 146 -5 6 -11 6 -11 12 -127 1 0x1.0p2 1 4 12 -127 152 -121 12 -127 6 -11 146 -5 6 -11 6 -11 12 -127 2 0x1.76150c9b0f94ap3 -0x1.e40833cc1051dp6 0x1.2p3 -0x1.14p6 0x1.2p3 -0x1.14p6 0x1.93d5e6c9e0d6dp2 -0x1.0fdf30cfbeb8cp4
DOORGENERAL 4 17 -47 95 -21 95 -21 77 99 77 99 -1 73 -1 73 17 -47 4 77 99 155 125 155 125 137 245 137 245 59 219 59 219 77 99 0 0x1.8p-1 0 4 77 99 155 125 95 -21 77 99 77 99 -1 73 59 219 77 99 1 0x1.34p6 0x1.8cp6 0x1.34p6 0x1.8cp6
DOORGENERAL 4 -84 -127 8 -103 8 -103 -6 13 -6 13 -98 -11 -98 -11 -84 -127 4 100 -79 192 -55 192 -55 178 61 178 61 86 37 86 37 100 -79 0 0x1.3p3 -1 0 0
DOORGENERAL 4 -109 -53 -29 -37 -29 -37 -37 35 -37 35 -117 19 -117 19 -109 -53 4 -89 -49 -9 -33 -9 -33 -17 39 -17 39 -97 23 -97 23 -89 -49 1 0x1.0p0 2 4 -89 -49 -9 -33 -29 -37 -37 35 -17 39 -97 23 -97 23 -89 -49 3 -0x1.583ba7fa61d0ap6 -0x1.834b0ffdc0b9ep5 -0x1.1013e2a8cb458p6 -0x1.666e5aa9eae8ap5 -0x1.1013e2a8cb458p6 -0x1.666e5aa9eae8ap5 -0x1.8fd83aae6974ep5 -0x1.4991a55615176p5 -0x1.8fd83aae6974ep5 -0x1.4991a55615176p5 -0x1.ff11601678bd6p4 -0x1.2cb4f0023f462p5
DOORGENERAL 4 -42 -78 46 -60 46 -60 32 58 32 58 -56 40 -56 40 -42 -78 4 46 -60 134 -42 134 -42 120 76 120 76 32 58 32 58 46 -60 0 0x1.2p3 1 4 46 -60 134 -42 46 -60 32 58 120 76 32 58 32 58 46 -60 2 0x1.65a1cd4cfd66ep5 -0x1.889ce6f6a0f52p5 0x1.38p5 -0x1.000000000002p0 0x1.38p5 -0x1.000000000002p0 0x1.0a5e32b302992p5 0x1.789ce6f6a0f52p5
DOORGENERAL 4 -112 16 32 42 32 42 20 106 20 106 -124 80 -124 80 -112 16 4 20 106 164 132 164 132 152 196 152 196 8 170 8 170 20 106 0 0x1.ap1 0 4 20 106 164 132 32 42 20 106 20 106 -124 80 8 170 20 106 1 0x1.4p4 0x1.a8p6 0x1.4p4 0x1.a8p6
DOORGENERAL 4 -12 -82 104 -62 104 -62 94 -12 94 -12 -22 -32 -22 -32 -12 -82 4 220 -42 336 -22 336 -22 326 28 326 28 210 8 210 8 220 -42 1 0x1.2p3 -1 0 0
DOORGENERAL 4 -122 -76 26 -56 26 -56 4 42 4 42 -144 22 -144 22 -122 -76 4 -85 -71 63 -51 63 -51 41 47 41 47 -107 27 -107 27 -85 -71 0 0x1.1p3 2 4 -85 -71 63 -51 26 -56 4 42 41 47 -107 27 -107 27 -85 -71 1 -0x1.44p5 -0x1.dp3 -0x1.44p5 -0x1.dp3
DOORGENERAL 4 1 -104 51 -94 51 -94 37 -40 37 -40 -13 -50 -13 -50 1 -104 4 51 -94 101 -84 101 -84 87 -30 87 -30 37 -40 37 -40 51 -94 1 0x1.6p1 1 4 51 -94 101 -84 51 -94 37 -40 87 -30 37 -40 37 -40 51 -94 2 0x1.8e76a3dedca2p5 -0x1.659ba9c017387p6 0x1.6p5 -0x1.0cp6 0x1.6p5 -0x1.0cp6 0x1.31895c21235ep5 -0x1.64c8ac7fd18f2p5
DOORGENERAL 4 -47 22 39 32 39 32 23 118 23 118 -63 108 -63 108 -47 22 4 23 118 109 128 109 128 93 214 93 214 7 204 7 204 23 118 1 0x1.1p3 0 4 23 118 109 128 39 32 23 118 23 118 -63 108 7 204 23 118 1 0x1.7p4 0x1.d8p6 0x1.7p4 0x1.d8p6
DOORGENERAL 4 -97 -43 11 -31 11 -31 -13 93 -13 93 -121 81 -121 81 -97 -43 4 119 -19 227 -7 227 -7 203 117 203 117 95 105 95 105 119 -19 1 0x1.4p2 -1 0 0
DOORGENERAL 4 -31 -41 97 -25 97 -25 83 93 83 93 -45 77 -45 77 -31 -41 4 1 -37 129 -21 129 -21 115 97 115 97 -13 81 -13 81 1 -37 1 0x1.4p3 2 4 1 -37 129 -21 97 -25 83 93 115 97 -13 81 -13 81 1 -37 1 0x1.9d08e2678b563p3 -0x1.1c17b8ecc3a55p5 0x1.545ee3b30e954p6 -0x1.a7d08e2678b56p4
DOORGENERAL 4 -67 -42 25 -30 25 -30 3 40 3 40 -89 28 -89 28 -67 -42 4 25 -30 117 -18 117 -18 95 52 95 52 3 40 3 40 25 -30 1 0x1.3p2 1 4 25 -30 117 -18 25 -30 3 40 95 52 3 40 3 40 25 -30 2 0x1.6f9e64edc9228p4 -0x1.78f7fb51ae85p4 0x1.cp3 0x1.4p2 0x1.cp3 0x1.4p2 0x1.41866c48db76p2 0x1.0c7bfda8d7428p5
DOORGENERAL 4 4 -60 80 -36 80 -36 62 60 62 60 -14 36 -14 36 4 -60 4 62 60 138 84 138 84 120 180 120 180 44 156 44 156 62 60 0 0x1.2p3 0 4 62 60 138 84 80 -36 62 60 62 60 -14 36 44 156 62 60 1 0x1.fp5 0x1.ep5 0x1.fp5 0x1.ep5
DOORGENERAL 4 2 34 86 56 86 56 68 98 68 98 -16 76 -16 76 2 34 4 170 78 254 100 254 100 236 142 236 142 152 120 152 120 170 78 1 0x1.4p1 -1 0 0
DOORGENERAL 4 -42 -133 26 -111 26 -111 16 19 16 19 -52 -3 -52 -3 -42 -133 4 -25 -128 43 -106 43 -106 33 24 33 24 -35 2 -35 2 -25 -128 0 0x1.38p3 2 4 -42 -133 26 -111 26 -111 16 19 33 24 -35 2 -35 2 -25 -128 1 -0x1.2p2 -0x1.b4p5 -0x1.2p2 -0x1.b4p5
DOORGENERAL 4 -101 -103 9 -95 9 -95 -1 -21 -1 -21 -111 -29 -111 -29 -101 -103 4 9 -95 119 -87 119 -87 109 -13 109 -13 -1 -21 -1 -21 9 -95 0 0x1.6p1 1 4 9 -95 119 -87 9 -95 -1 -21 109 -13 -1 -21 -1 -21 9 -95 2 0x1.0ba4fca0f161bp3 -0x1.692bd014df473p6 0x1.ffffffffffffep1 -0x1.d000000000001p5 0x1.ffffffffffffep1 -0x1.d000000000001p5 -0x1.749f941e2c38p-2 -0x1.9b50bfac82e38p4
DOORGENERAL 4 -41 -99 75 -85 75 -85 69 -23 69 -23 -47 -37 -47 -37 -41 -99 4 69 -23 185 -9 185 -9 179 53 179 53 63 39 63 39 69 -23 0 0x1.0p-2 0 4 69 -23 185 -9 75 -85 69 -23 69 -23 -47 -37 63 39 69 -23 1 0x1.14p6 -0x1.7p4 0x1.14p6 -0x1.7p4
DOORGENERAL 4 39 -132 105 -114 105 -114 97 16 97 16 31 -2 31 -2 39 -132 4 171 -96 237 -78 237 -78 229 52 229 52 163 34 163 34 171 -96 0 0x1.ep1 -1 0 0
DOORGENERAL 4 -13 -110 65 -100 65 -100 55 -38 55 -38 -23 -48 -23 -48 -13 -110 4 6 -108 84 -98 84 -98 74 -36 74 -36 -4 -46 -4 -46 6 -108 0 0x1.0p2 2 4 -13 -110 65 -100 65 -100 55 -38 74 -36 -4 -46 -4 -46 6 -108 1 0x1.e8p4 -0x1.24p6 0x1.e8p4 -0x1.24p6
DOORGENERAL 4 4 -5 90 13 90 13 66 105 66 105 -20 87 -20 87 4 -5 4 90 13 176 31 176 31 152 123 152 123 66 105 66 105 90 13 1 0x1.ep2 1 4 90 13 176 31 90 13 66 105 152 123 66 105 66 105 90 13 2 0x1.5e687095b8749p6 0x1.6313ec5d9e5a8p4 0x1.38p6 0x1.d8p5 0x1.38p6 0x1.d8p5 0x1.11978f6a478b7p6 0x1.7f3b04e898696p6
DOORGENERAL 4 -63 -30 51 -20 51 -20 35 102 35 102 -79 92 -79 92 -63 -30 4 35 102 149 112 149 112 133 234 133 234 19 224 19 224 35 102 0 0x1.2p1 0 4 35 102 149 112 51 -20 35 102 35 102 -79 92 19 224 35 102 1 0x1.18p5 0x1.98p6 0x1.18p5 0x1.98p6
DOORGENERAL 4 -60 -142 72 -122 72 -122 58 -16 58 -16 -74 -36 -74 -36 -60 -142 4 204 -102 336 -82 336 -82 322 24 322 24 190 4 190 4 204 -102 1 0x1.0p-1 -1 0 0
DOORGENERAL 4 -72 -27 66 -1 66 -1 56 59 56 59 -82 33 -82 33 -72 -27 4 -38 -21 100 5 100 5 90 65 90 65 -48 39 -48 39 -38 -21 0 0x1.9p2 2 4 -72 -27 66 -1 66 -1 56 59 90 65 -48 39 -48 39 -38 -21 1 0x1.2p3 0x1.3p4 0x1.2p3 0x1.3p4
DOORGENERAL 4 5 -79 57 -65 57 -65 35 -7 35 -7 -17 -21 -17 -21 5 -79 4 57 -65 109 -51 109 -51 87 7 87 7 35 -7 35 -7 57 -65 1 0x1.cp2 1 4 57 -65 109 -51 57 -65 35 -7 87 7 35 -7 35 -7 57 -65 1 0x1.ae77035e3ca24p5 -0x1.c4ae2026fcf1ap5 0x1.3188fca1c35dcp5 -0x1.ed477f640c398p3
DOORGENERAL 4 -48 -30 82 -24 82 -24 76 44 76 44 -54 38 -54 38 -48 -30 4 76 44 206 50 206 50 200 118 200 118 70 112 70 112 76 44 1 0x1.0p-2 0 4 76 44 206 50 82 -24 76 44 76 44 -54 38 70 112 76 44 1 0x1.3p6 0x1.6p5 0x1.3p6 0x1.6p5
DOORGENERAL 4 -55 18 21 24 21 24 15 98 15 98 -61 92 -61 92 -55 18 4 97 30 173 36 173 36 167 110 167 110 91 104 91 104 97 30 1 0x1.8p0 -1 0 0
DOORGENERAL 4 -59 12 -9 20 -9 20 -17 128 -17 128 -67 120 -67 120 -59 12 4 -47 14 3 22 3 22 -5 130 -5 130 -55 122 -55 122 -47 14 0 0x1.2p3 2 4 -47 14 3 22 -9 20 -17 128 -17 128 -67 120 -55 122 -47 14 1 -0x1.0p5 0x1.1cp6 -0x1.0p5 0x1.1cp6
DOORGENERAL 4 -69 -34 23 -18 23 -18 1 86 1 86 -91 70 -91 70 -69 -34 4 23 -18 115 -2 115 -2 93 102 93 102 1 86 1 86 23 -18 1 0x1.3p3 1 4 23 -18 115 -2 23 -18 1 86 93 102 1 86 1 86 23 -18 1 0x1.49eb6c2ac235ep4 -0x1.afef432886e3ap2 0x1.b0a49ea9ee51p1 0x1.2afef432886e3p6
DOORGENERAL 4 -99 -32 -21 -24 -21 -24 -43 66 -43 66 -121 58 -121 58 -99 -32 4 -43 66 35 74 35 74 13 164 13 164 -65 156 -65 156 -43 66 1 0x1.ap1 0 4 -43 66 35 74 -21 -24 -43 66 -43 66 -121 58 -65 156 -43 66 1 -0x1.58p5 0x1.08p6 -0x1.58p5 0x1.08p6
DOORGENERAL 4 -127 -40 21 -20 21 -20 13 110 13 110 -135 90 -135 90 -127 -40 4 169 0 317 20 317 20 309 150 309 150 161 130 161 130 169 0 1 0x1.2p2 -1 0 0
DOORGENERAL 4 -67 -119 -1 -93 -1 -93 -13 -41 -13 -41 -79 -67 -79 -67 -67 -119 4 -51 -113 15 -87 15 -87 3 -35 3 -35 -63 -61 -63 -61 -51 -113 1 0x1.0p2 2 4 -67 -119 -1 -93 -1 -93 -13 -41 3 -35 -63 -61 -63 -61 -51 -113 2 -0x1.81e9ccaf5d2cp5 -0x1.adb726b0ec4bcp6 -0x1.0p5 -0x1.34p6 -0x1.0p5 -0x1.34p6 -0x1.f858cd428b504p3 -0x1.7491b29e27688p5
DOORGENERAL 4 -8 -91 100 -81 100 -81 90 33 90 33 -18 23 -18 23 -8 -91 4 100 -81 208 -71 208 -71 198 43 198 43 90 33 90 33 100 -81 1 0x1.fp2 1 4 100 -81 208 -71 100 -81 90 33 198 43 90 33 90 33 100 -81 2 0x1.8c978f8799268p6 -0x1.1d263109d1ea1p6 0x1.7cp6 -0x1.8p4 0x1.7cp6 -0x1.8p4 0x1.6b68707866d98p6 0x1.7498c42747a84p4
DOORGENERAL 4 -92 -11 34 15 34 15 18 89 18 89 -108 63 -108 63 -92 -11 4 18 89 144 115 144 115 128 189 128 189 2 163 2 163 18 89 1 0x1.ep2 0 4 18 89 144 115 34 15 18 89 18 89 -108 63 2 163 18 89 1 0x1.2p4 0x1.64p6 0x1.2p4 0x1.64p6
DOORGENERAL 4 44 -5 110 15 110 15 88 57 88 57 22 37 22 37 44 -5 4 176 35 242 55 242 55 220 97 220 97 154 77 154 77 176 35 0 0x1.6p2 -1 0 0
DOORGENERAL 4 -81 5 39 23 39 23 17 71 17 71 -103 53 -103 53 -81 5 4 -51 9 69 27 69 27 47 75 47 75 -73 57 -73 57 -51 9 1 0x1.6p1 2 4 -81 5 39 23 39 23 17 71 47 75 -73 57 -73 57 -51 9 2 -0x1.7d5ceded3745cp5 0x1.942cc3058f01fp3 -0x1.1000000000001p4 0x1.4p5 -0x1.1000000000001p4 0x1.4p5 0x1.b573b7b4dd16cp3 0x1.0d7a679f4e1fcp6
DOORGENERAL 4 -13 -48 73 -36 73 -36 65 68 65 68 -21 56 -21 56 -13 -48 4 73 -36 159 -24 159 -24 151 80 151 80 65 68 65 68 73 -36 1 0x1.4p2 1 4 73 -36 159 -24 73 -36 65 68 151 80 65 68 65 68 73 -36 2 0x1.21da3d4f9c06ap6 -0x1.d054742bb158fp4 0x1.14p6 0x1.0000000000001p4 0x1.14p6 0x1.0000000000001p4 0x1.0625c2b063f96p6 0x1.e82a3a15d8ac8p5
DOORGENERAL 4 -7 13 61 23 61 23 53 99 53 99 -15 89 -15 89 -7 13 4 53 99 121 109 121 109 113 185 113 185 45 175 45 175 53 99 0 0x1.8p1 0 4 53 99 121 109 61 23 53 99 53 99 -15 89 45 175 53 99 1 0x1.a8p5 0x1.8cp6 0x1.a8p5 0x1.8cp6
DOORGENERAL 4 -69 -76 45 -68 45 -68 27 10 27 10 -87 2 -87 2 -69 -76 4 159 -60 273 -52 273 -52 255 26 255 26 141 18 141 18 159 -60 1 0x1.0p-2 -1 0 0
DOORGENERAL 4 7 37 145 63 145 63 119 115 119 115 -19 89 -19 89 7 37 4 41 43 179 69 179 69 153 121 153 121 15 95 15 95 41 43 0 0x1.0p-2 2 4 7 37 145 63 145 63 119 115 153 121 15 95 15 95 41 43 1 0x1.4p6 0x1.3cp6 0x1.4p6 0x1.3cp6
DOORGENERAL 4 -33 -54 29 -44 29 -44 21 74 21 74 -41 64 -41 64 -33 -54 4 29 -44 91 -34 91 -34 83 84 83 84 21 74 21 74 29 -44 1 0x1.9p2 1 4 29 -44 91 -34 29 -44 21 74 83 84 21 74 21 74 29 -44 2 0x1.c71243946028ep4 -0x1.1e26b266452d4p5 0x1.9p4 0x1.ep3 0x1.9p4 0x1.ep3 0x1.58edbc6b9fd72p4 0x1.071359332296ap6
DOORGENERAL 4 8 -49 64 -23 64 -23 58 89 58 89 2 63 2 63 8 -49 4 58 89 114 115 114 115 108 227 108 227 52 201 52 201 58 89 0 0x1.cp0 0 4 58 89 114 115 64 -23 58 89 58 89 2 63 52 201 58 89 1 0x1.dp5 0x1.64p6 0x1.dp5 0x1.64p6
DOORGENERAL 4 -57 -45 29 -39 29 -39 17 3 17 3 -69 -3 -69 -3 -57 -45 4 115 -33 201 -27 201 -27 189 15 189 15 103 9 103 9 115 -33 0 0x1.ap1 -1 0 0
DOORGENERAL 4 13 10 105 18 105 18 93 146 93 146 1 138 1 138 13 10 4 36 12 128 20 128 20 116 148 116 148 24 140 24 140 36 12 0 0x1.18p3 2 4 36 12 128 20 105 18 93 146 116 148 24 140 24 140 36 12 1 0x1.02p6 0x1.3cp6 0x1.02p6 0x1.3cp6
DOORGENERAL 4 -76 -67 -18 -61 -18 -61 -32 17 -32 17 -90 11 -90 11 -76 -67 4 -18 -61 40 -55 40 -55 26 23 26 23 -32 17 -32 17 -18 -61 1 0x1.0p2 1 4 -18 -61 40 -55 -18 -61 -32 17 26 23 -32 17 -32 17 -18 -61 2 -0x1.30f5b22d8776dp4 -0x1.b8c146812b352p5 -0x1.9p4 -0x1.6p4 -0x1.9p4 -0x1.6p4 -0x1.ef0a4dd278894p4 0x1.63051a04acd48p3
DOORGENERAL 4 -33 -70 51 -58 51 -58 41 44 41 44 -43 32 -43 32 -33 -70 4 41 44 125 56 125 56 115 158 115 158 31 146 31 146 41 44 0 0x1.dp2 0 4 41 44 125 56 51 -58 41 44 41 44 -43 32 31 146 41 44 1 0x1.48p5 0x1.6p5 0x1.48p5 0x1.6p5
DOORGENERAL 4 -131 24 13 38 13 38 -3 108 -3 108 -147 94 -147 94 -131 24 4 157 52 301 66 301 66 285 136 285 136 141 122 141 122 157 52 1 0x1.4p3 -1 0 0
DOORGENERAL 4 -80 -57 6 -43 6 -43 -10 73 -10 73 -96 59 -96 59 -80 -57 4 -59 -54 27 -40 27 -40 11 76 11 76 -75 62 -75 62 -59 -54 0 0x1.ep2 2 4 -80 -57 6 -43 6 -43 -10 73 11 76 -75 62 -75 62 -59 -54 1 -0x1.14p5 0x1.3p3 -0x1.14p5 0x1.3p3
DOORGENERAL 4 -63 18 27 28 27 28 13 74 13 74 -77 64 -77 64 -63 18 4 27 28 117 38 117 38 103 84 103 84 13 74 13 74 27 28 0 0x1.0p1 1 4 27 28 117 38 27 28 13 74 103 84 13 74 13 74 27 28 2 0x1.9d5d9bab97383p4 0x1.fd3a251558477p4 0x1.4p4 0x1.98p5 0x1.4p4 0x1.98p5 0x1.c544c8a8d18fbp3 0x1.18b176baa9ee2p6
DOORGENERAL 4 -102 14 -26 30 -26 30 -32 140 -32 140 -108 124 -108 124 -102 14 4 -32 140 44 156 44 156 38 266 38 266 -38 250 -38 250 -32 140 0 0x1.3p3 0 4 -32 140 44 156 -26 30 -32 140 -32 140 -108 124 -38 250 -32 140 1 -0x1.0p5 0x1.18p7 -0x1.0p5 0x1.18p7
DOORGENERAL 4 -57 3 55 17 55 17 41 105 41 105 -71 91 -71 91 -57 3 4 167 31 279 45 279 45 265 133 265 133 153 119 153 119 167 31 1 0x1.3p2 -1 0 0
DOORGENERAL 4 -111 -83 -7 -77 -7 -77 -31 51 -31 51 -135 45 -135 45 -111 -83 4 -85 -82 19 -76 19 -76 -5 52 -5 52 -109 46 -109 46 -85 -82 1 0x1.ap1 2 4 -111 -83 -7 -77 -7 -77 -31 51 -5 52 -109 46 -109 46 -85 -82 3 -0x1.4c65994945455p6 -0x1.32982224511bep6 -0x1.097733186c6c7p6 -0x1.1f1016c2e0bd5p5 -0x1.097733186c6c7p6 -0x1.1f1016c2e0bd5p5 -0x1.8d1199cf27272p5 0x1.3880b61705e9p2 -0x1.8d1199cf27272p5 0x1.3880b61705e9p2 -0x1.0734cd6d75756p5 0x1.6d304448a237ap5
DOORGENERAL 4 -70 -78 44 -64 44 -64 22 -6 22 -6 -92 -20 -92 -20 -70 -78 4 44 -64 158 -50 158 -50 136 8 136 8 22 -6 22 -6 44 -64 1 0x1.4p0 1 4 44 -64 158 -50 44 -64 22 -6 136 8 22 -6 22 -6 44 -64 2 0x1.56c76be207ac6p5 -0x1.e7b0a80e143adp5 0x1.08p5 -0x1.18p5 0x1.08p5 -0x1.18p5 0x1.7271283bf0a74p4 -0x1.213d5fc7af14cp3
DOORGENERAL 4 2 -53 60 -41 60 -41 44 75 44 75 -14 63 -14 63 2 -53 4 44 75 102 87 102 87 86 203 86 203 28 191 28 191 44 75 1 0x1.2p3 0 4 44 75 102 87 60 -41 44 75 44 75 -14 63 28 191 44 75 1 0x1.6p5 0x1.2cp6 0x1.6p5 0x1.2cp6
DOORGENERAL 4 -88 -130 -28 -104 -28 -104 -52 -2 -52 -2 -112 -28 -112 -28 -88 -130 4 32 -78 92 -52 92 -52 68 50 68 50 8 24 8 24 32 -78 1 0x1.7p2 -1 0 0
DOORGENERAL 4 -75 -74 17 -62 17 -62 5 -22 5 -22 -87 -34 -87 -34 -75 -74 4 -52 -71 40 -59 40 -59 28 -19 28 -19 -64 -31 -64 -31 -52 -71 0 0x1.8p2 2 4 -52 -71 40 -59 17 -62 5 -22 28 -19 -64 -31 -64 -31 -52 -71 1 -0x1.78p4 -0x1.74p5 -0x1.78p4 -0x1.74p5
DOORGENERAL 4 -64 36 36 54 36 54 22 94 22 94 -78 76 -78 76 -64 36 4 36 54 136 72 136 72 122 112 122 112 22 94 22 94 36 54 1 0x1.cp0 1 4 36 54 136 72 36 54 22 94 122 112 22 94 22 94 36 54 2 0x1.1616e8a30f313p5 0x1.cc50d5098b736p5 0x1.dp4 0x1.28p6 0x1.dp4 0x1.28p6 0x1.73d22eb9e19dap4 0x1.69d7957b3a465p6
DOORGENERAL 4 -55 -112 13 -94 13 -94 3 -46 3 -46 -65 -64 -65 -64 -55 -112 4 3 -46 71 -28 71 -28 61 20 61 20 -7 2 -7 2 3 -46 1 0x1.fp2 0 4 3 -46 71 -28 13 -94 3 -46 3 -46 -65 -64 -7 2 3 -46 1 0x1.8p1 -0x1.7p5 0x1.8p1 -0x1.7p5
DOORGENERAL 4 15 4 149 28 149 28 133 132 133 132 -1 108 -1 108 15 4 4 283 52 417 76 417 76 401 180 401 180 267 156 267 156 283 52 0 0x1.8p-1 -1 0 0
DOORGENERAL 4 6 -36 64 -14 64 -14 44 82 44 82 -14 60 -14 60 6 -36 4 20 -31 78 -9 78 -9 58 87 58 87 0 65 0 65 20 -31 1 0x1.38p3 2 4 6 -36 64 -14 64 -14 44 82 58 87 0 65 0 65 20 -31 1 0x1.667a50de0bca2p4 -0x1.3394b89007e1cp4 0x1.4cc2d790fa1bp5 0x1.18e52e2401f86p6
DOORGENERAL 4 12 -21 134 5 134 5 128 115 128 115 6 89 6 89 12 -21 4 134 5 256 31 256 31 250 141 250 141 128 115 128 115 134 5 1 0x1.1p3 1 4 134 5 256 31 134 5 128 115 250 141 128 115 128 115 134 5 2 0x1.0adb32ea1cc9cp7 0x1.ef8053bf0384p3 0x1.06p7 0x1.ep5 0x1.06p7 0x1.ep5 0x1.0124cd15e3364p7 0x1.a20ff5881f8f8p6
DOORGENERAL 4 -37 -25 41 -5 41 -5 31 41 31 41 -47 21 -47 21 -37 -25 4 31 41 109 61 109 61 99 107 99 107 21 87 21 87 31 41 0 0x1.18p3 0 4 31 41 109 61 41 -5 31 41 31 41 -47 21 21 87 31 41 1 0x1.fp4 0x1.48p5 0x1.fp4 0x1.48p5
DOORGENERAL 4 -68 -1 44 11 44 11 32 83 32 83 -80 71 -80 71 -68 -1 4 156 23 268 35 268 35 256 107 256 107 144 95 144 95 156 23 1 0x1.4p1 -1 0 0
DOORGENERAL 4 38 -82 128 -72 128 -72 104 20 104 20 14 10 14 10 38 -82 4 60 -80 150 -70 150 -70 126 22 126 22 36 12 36 12 60 -80 1 0x1.0p3 2 4 38 -82 128 -72 128 -72 104 20 126 22 36 12 36 12 60 -80 2 0x1.ffb0eab11ef5ap5 -0x1.19be0f05d8cap6 0x1.48p6 -0x1.ep4 0x1.48p6 -0x1.ep4 0x1.90278aa770853p6 0x1.4df0782ec65p3
DOORGENERAL 4 -49 8 45 30 45 30 33 126 33 126 -61 104 -61 104 -49 8 4 45 30 139 52 139 52 127 148 127 148 33 126 33 126 45 30 1 0x1.fp2 1 4 45 30 139 52 45 30 33 126 127 148 33 126 33 126 45 30 1 0x1.5e5346405ef65p5 0x1.3d65cdfd084d8p5 0x1.11acb9bfa109bp5 0x1.d14d19017bd94p6
DOORGENERAL 4 -72 28 56 36 56 36 38 130 38 130 -90 122 -90 122 -72 28 4 38 130 166 138 166 138 148 232 148 232 20 224 20 224 38 130 1 0x1.3p3 0 4 38 130 166 138 56 36 38 130 38 130 -90 122 20 224 38 130 1 0x1.3p5 0x1.04p7 0x1.3p5 0x1.04p7
DOORGENERAL 4 -3 3 119 15 119 15 105 137 105 137 -17 125 -17 125 -3 3 4 241 27 363 39 363 39 349 161 349 161 227 149 227 149 241 27 0 0x1.bp2 -1 0 0
DOORGENERAL 4 -124 -100 24 -76 24 -76 2 4 2 4 -146 -20 -146 -20 -124 -100 4 -87 -94 61 -70 61 -70 39 10 39 10 -109 -14 -109 -14 -87 -94 0 0x1.18p3 2 4 -87 -94 61 -70 24 -76 2 4 39 10 -109 -14 -109 -14 -87 -94 1 -0x1.54p5 -0x1.68p5 -0x1.54p5 -0x1.68p5
DOORGENERAL 4 -12 -122 112 -102 112 -102 90 -10 90 -10 -34 -30 -34 -30 -12 -122 4 112 -102 236 -82 236 -82 214 10 214 10 90 -10 90 -10 112 -102 1 0x1.0p3 1 4 112 -102 236 -82 112 -102 90 -10 214 10 90 -10 90 -10 112 -102 1 0x1.b6b27346a37c3p6 -0x1.7118caca4e931p6 0x1.714d8cb95c83cp6 -0x1.3b9cd4d6c5b3cp4
DOORGENERAL 4 -37 -73 95 -63 95 -63 89 3 89 3 -43 -7 -43 -7 -37 -73 4 89 3 221 13 221 13 215 79 215 79 83 69 83 69 89 3 0 0x1.38p3 0 4 89 3 221 13 95 -63 89 3 89 3 -43 -7 83 69 89 3 1 0x1.64p6 0x1.8p1 0x1.64p6 0x1.8p1
DOORGENERAL 4 -73 -100 11 -82 11 -82 -3 42 -3 42 -87 24 -87 24 -73 -100 4 95 -64 179 -46 179 -46 165 78 165 78 81 60 81 60 95 -64 0 0x1.ap1 -1 0 0
DOORGENERAL 4 -74 -61 60 -47 60 -47 40 63 40 63 -94 49 -94 49 -74 -61 4 -41 -58 93 -44 93 -44 73 66 73 66 -61 52 -61 52 -41 -58 1 0x1.ap1 2 4 -74 -61 60 -47 60 -47 40 63 73 66 -61 52 -61 52 -41 -58 3 -0x1.3120323b2577p5 -0x1.a9aefb7aca99cp5 -0x1.a18042f987496p3 -0x1.011f5251dc668p4 -0x1.a18042f987496p3 -0x1.011f5251dc668p4 0x1.818042f987494p3 0x1.511f5251dc668p4 0x1.818042f987494p3 0x1.511f5251dc668p4 0x1.2920323b2577p5 0x1.d1aefb7aca99cp5
DOORGENERAL 4 -76 -43 66 -37 66 -37 46 41 46 41 -96 35 -96 35 -76 -43 4 66 -37 208 -31 208 -31 188 47 188 47 46 41 46 41 66 -37 0 0x1.08p3 1 4 66 -37 208 -31 66 -37 46 41 188 47 46 41 46 41 66 -37 1 0x1.fba21aca28594p5 -0x1.b1239dc26deb8p4 0x1.845de535d7a6cp5 0x1.f1239dc26deb8p4
DOORGENERAL 4 -77 -104 -13 -92 -13 -92 -35 0 -35 0 -99 -12 -99 -12 -77 -104 4 -35 0 29 12 29 12 7 104 7 104 -57 92 -57 92 -35 0 1 0x1.1p3 0 4 -35 0 29 12 -13 -92 -35 0 -35 0 -99 -12 -57 92 -35 0 1 -0x1.18p5 0x0.0p0 -0x1.18p5 0x0.0p0
DOORGENERAL 4 66 -80 116 -68 116 -68 92 -2 92 -2 42 -14 42 -14 66 -80 4 166 -56 216 -44 216 -44 192 22 192 22 142 10 142 10 166 -56 1 0x1.3p3 -1 0 0
DOORGENERAL 4 -58 14 66 26 66 26 52 72 52 72 -72 60 -72 60 -58 14 4 -27 17 97 29 97 29 83 75 83 75 -41 63 -41 63 -27 17 0 0x1.0p3 2 4 -27 17 97 29 66 26 52 72 83 75 -41 63 -41 63 -27 17 1 0x1.9p3 0x1.64p5 0x1.9p3 0x1.64p5
DOORGENERAL 4 -102 -53 -32 -33 -32 -33 -42 69 -42 69 -112 49 -112 49 -102 -53 4 -32 -33 38 -13 38 -13 28 89 28 89 -42 69 -42 69 -32 -33 0 0x1.0p0 1 4 -32 -33 38 -13 -32 -33 -42 69 28 89 -42 69 -42 69 -32 -33 4 -0x1.02577a948dbbbp5 -0x1.e03aa1c31b0abp4 -0x1.152bbd4a46dddp5 -0x1.8075438636154p2 -0x1.152bbd4a46dddp5 -0x1.8075438636154p2 -0x1.28p5 0x1.2000000000001p4 -0x1.28p5 0x1.2000000000001p4 -0x1.3ad442b5b9222p5 0x1.500ea870c6c2cp5 -0x1.3ad442b5b9222p5 0x1.500ea870c6c2cp5 -0x1.4da8856b72444p5 0x1.080ea870c6c2bp6
DOORGENERAL 4 -21 -7 129 7 129 7 105 59 105 59 -45 45 -45 45 -21 -7 4 105 59 255 73 255 73 231 125 231 125 81 111 81 111 105 59 1 0x1.dp2 0 4 105 59 255 73 129 7 105 59 105 59 -45 45 81 111 105 59 1 0x1.a4p6 0x1.d8p5 0x1.a4p6 0x1.d8p5
DOORGENERAL 4 -113 -134 -29 -124 -29 -124 -43 -10 -43 -10 -127 -20 -127 -20 -113 -134 4 55 -114 139 -104 139 -104 125 10 125 10 41 0 41 0 55 -114 0 0x1.0p3 -1 0 0
DOORGENERAL 4 -39 -33 43 -21 43 -21 19 49 19 49 -63 37 -63 37 -39 -33 4 -19 -30 63 -18 63 -18 39 52 39 52 -43 40 -43 40 -19 -30 0 0x1.18p3 2 4 -19 -30 63 -18 43 -21 19 49 19 49 -63 37 -43 40 -19 -30 1 0x0.0p0 0x1.3p3 0x0.0p0 0x1.3p3
DOORGENERAL 4 30 -16 140 -10 140 -10 116 120 116 120 6 114 6 114 30 -16 4 140 -10 250 -4 250 -4 226 126 226 126 116 120 116 120 140 -10 0 0x1.fp2 1 4 140 -10 250 -4 140 -10 116 120 226 126 116 120 116 120 140 -10 2 0x1.1475b70918c38p7 -0x1.a5e98d36f09cp-2 0x1.0p7 0x1.b800000000002p5 0x1.0p7 0x1.b800000000002p5 0x1.d71491edce79p6 0x1.b9a5e98d36f0ap6
DOORGENERAL 4 6 -32 56 -24 56 -24 36 60 36 60 -14 52 -14 52 6 -32 4 36 60 86 68 86 68 66 152 66 152 16 144 16 144 36 60 0 0x1.8p1 0 4 36 60 86 68 56 -24 36 60 36 60 -14 52 16 144 36 60 1 0x1.2p5 0x1.ep5 0x1.2p5 0x1.ep5
DOORGENERAL 4 3 -34 135 -22 135 -22 115 54 115 54 -17 42 -17 42 3 -34 4 267 -10 399 2 399 2 379 78 379 78 247 66 247 66 267 -10 1 0x1.0p-2 -1 0 0
DOORGENERAL 4 13 7 101 29 101 29 93 83 93 83 5 61 5 61 13 7 4 35 12 123 34 123 34 115 88 115 88 27 66 27 66 35 12 0 0x1.ap2 2 4 13 7 101 29 101 29 93 83 115 88 27 66 27 66 35 12 1 0x1.0p6 0x1.7cp5 0x1.0p6 0x1.7cp5
DOORGENERAL 4 -30 -101 76 -75 76 -75 64 19 64 19 -42 -7 -42 -7 -30 -101 4 76 -75 182 -49 182 -49 170 45 170 45 64 19 64 19 76 -75 0 0x1.cp1 1 4 76 -75 182 -49 76 -75 64 19 170 45 64 19 64 19 76 -75 2 0x1.2d36cf28a25d9p6 -0x1.162d56be4d32p6 0x1.18p6 -0x1.cp4 0x1.18p6 -0x1.cp4 0x1.02c930d75da28p6 0x1.b16ab5f2699p3
DOORGENERAL 4 -127 -109 13 -85 13 -85 -9 -9 -9 -9 -149 -33 -149 -33 -127 -109 4 -9 -9 131 15 131 15 109 91 109 91 -31 67 -31 67 -9 -9 0 0x1.2p2 0 4 -9 -9 131 15 13 -85 -9 -9 -9 -9 -149 -33 -31 67 -9 -9 1 -0x1.2p3 -0x1.2p3 -0x1.2p3 -0x1.2p3
DOORGENERAL 4 -25 -13 55 1 55 1 49 113 49 113 -31 99 -31 99 -25 -13 4 135 15 215 29 215 29 209 141 209 141 129 127 129 127 135 15 0 0x1.2p3 -1 0 0
DOORGENERAL 4 -6 -75 140 -63 140 -63 120 13 120 13 -26 1 -26 1 -6 -75 4 30 -72 176 -60 176 -60 156 16 156 16 10 4 10 4 30 -72 1 0x1.ap2 2 4 30 -72 176 -60 140 -63 120 13 120 13 -26 1 10 4 30 -72 2 0x1.08dd49904a4c5p7 -0x1.d88d33c120aafp5 0x1.2cp6 -0x1.d8p4 0x1.2cp6 -0x1.d8p4 0x1.1915b37dad9dcp4 0x1.1a67824155ep-4
DOORGENERAL 4 -90 29 -34 45 -34 45 -50 85 -50 85 -106 69 -106 69 -90 29 4 -34 45 22 61 22 61 6 101 6 101 -50 85 -50 85 -34 45 0 0x1.8p1 1 4 -34 45 22 61 -34 45 -50 85 6 101 -50 85 -50 85 -34 45 1 -0x1.1edb0a5fe7353p5 0x1.8d2399efc205p5 -0x1.8124f5a018cadp5 0x1.416e33081efd8p6
DOORGENERAL 4 -33 -82 77 -58 77 -58 51 2 51 2 -59 -22 -59 -22 -33 -82 4 51 2 161 26 161 26 135 86 135 86 25 62 25 62 51 2 1 0x1.ap1 0 4 51 2 161 26 77 -58 51 2 51 2 -59 -22 25 62 51 2 1 0x1.98p5 0x1.0p1 0x1.98p5 0x1.0p1
DOORGENERAL 4 -64 -32 2 -20 2 -20 -6 22 -6 22 -72 10 -72 10 -64 -32 4 68 -8 134 4 134 4 126 46 126 46 60 34 60 34 68 -8 1 0x1.2p2 -1 0 0
DOORGENERAL 4 -45 -109 103 -95 103 -95 81 -3 81 -3 -67 -17 -67 -17 -45 -109 4 -8 -106 140 -92 140 -92 118 0 118 0 -30 -14 -30 -14 -8 -106 1 0x1.4p0 2 4 -45 -109 103 -95 103 -95 81 -3 118 0 -30 -14 -30 -14 -8 -106 5 -0x1.7e8b793d71554p2 -0x1.9c425172232bdp6 0x1.606fc2072acccp3 -0x1.4e8e30de151a5p6 0x1.606fc2072acccp3 -0x1.4e8e30de151a5p6 0x1.c012a05687221p4 -0x1.00da104a0708cp6 0x1.c012a05687221p4 -0x1.00da104a0708cp6 0x1.67f6afd4bc6eep5 -0x1.664bdf6bf1ee8p5 0x1.67f6afd4bc6eep5 -0x1.664bdf6bf1ee8p5 0x1.efe40f7e354ccp5 -0x1.95c73c87ab97p4 0x1.efe40f7e354ccp5 -0x1.95c73c87ab97p4 0x1.3be8b793d7155p6 -0x1.7bdae8ddcd43p2
DOORGENERAL 4 2 -57 124 -45 124 -45 112 15 112 15 -10 3 -10 3 2 -57 4 124 -45 246 -33 246 -33 234 27 234 27 112 15 112 15 124 -45 0 0x1.2p2 1 4 124 -45 246 -33 124 -45 112 15 234 27 112 15 112 15 124 -45 1 0x1.eae6a6a83b74p6 -0x1.3502829252882p5 0x1.c5195957c48cp6 0x1.140a0a494a208p3
DOORGENERAL 4 -63 -24 85 -10 85 -10 75 64 75 64 -73 50 -73 50 -63 -24 4 75 64 223 78 223 78 213 152 213 152 65 138 65 138 75 64 0 0x1.cp0 0 4 75 64 223 78 85 -10 75 64 75 64 -73 50 65 138 75 64 1 0x1.2cp6 0x1.0p6 0x1.2cp6 0x1.0p6
DOORGENERAL 4 -26 16 84 34 84 34 66 80 66 80 -44 62 -44 62 -26 16 4 194 52 304 70 304 70 286 116 286 116 176 98 176 98 194 52 1 0x1.8p1 -1 0 0
DOORGENERAL 4 -109 -6 -23 14 -23 14 -37 78 -37 78 -123 58 -123 58 -109 -6 4 -88 -1 -2 19 -2 19 -16 83 -16 83 -102 63 -102 63 -88 -1 1 0x1.cp1 2 4 -88 -1 -2 19 -23 14 -37 78 -37 78 -123 58 -102 63 -88 -1 2 -0x1.bb40590c5d19ep4 0x1.10061226e253dp4 -0x1.f400000000001p5 0x1.34p5 -0x1.f400000000001p5 0x1.34p5 -0x1.852fe9bce8b99p6 0x1.dffcf6ec8ed61p5
DOORGENERAL 4 11 -48 103 -38 103 -38 81 48 81 48 -11 38 -11 38 11 -48 4 103 -38 195 -28 195 -28 173 58 173 58 81 48 81 48 103 -38 1 0x1.7p2 1 4 103 -38 195 -28 103 -38 81 48 173 58 81 48 81 48 103 -38 2 0x1.94513201065bfp6 -0x1.e7de53b2ef12p4 0x1.7p6 0x1.4p2 0x1.7p6 0x1.4p2 0x1.4baecdfef9a41p6 0x1.43ef29d97789p5
DOORGENERAL 4 29 -61 111 -49 111 -49 101 29 101 29 19 17 19 17 29 -61 4 101 29 183 41 183 41 173 119 173 119 91 107 91 107 101 29 1 0x1.8p1 0 4 101 29 183 41 111 -49 101 29 101 29 19 17 91 107 101 29 1 0x1.94p6 0x1.dp4 0x1.94p6 0x1.dp4
DOORGENERAL 4 -3 13 101 19 101 19 91 87 91 87 -13 81 -13 81 -3 13 4 205 25 309 31 309 31 299 99 299 99 195 93 195 93 205 25 0 0x1.6p1 -1 0 0
DOORGENERAL 4 -5 -66 109 -40 109 -40 103 50 103 50 -11 24 -11 24 -5 -66 4 23 -60 137 -34 137 -34 131 56 131 56 17 30 17 30 23 -60 0 0x1.ap1 2 4 -5 -66 109 -40 109 -40 103 50 131 56 17 30 17 30 23 -60 1 0x1.f8p5 -0x1.4p2 0x1.f8p5 -0x1.4p2
DOORGENERAL 4 -30 -89 84 -83 84 -83 70 -29 70 -29 -44 -35 -44 -35 -30 -89 4 84 -83 198 -77 198 -77 184 -23 184 -23 70 -29 70 -29 84 -83 1 0x1.2p3 1 4 84 -83 198 -77 84 -83 70 -29 184 -23 70 -29 70 -29 84 -83 1 0x1.44f52988c9932p6 -0x1.21687ba1e4ee7p6 0x1.230ad677366cdp6 -0x1.3d2f08bc36231p5
DOORGENERAL 4 -78 1 38 17 38 17 22 147 22 147 -94 131 -94 131 -78 1 4 22 147 138 163 138 163 122 293 122 293 6 277 6 277 22 147 0 0x1.8p0 0 4 22 147 138 163 38 17 22 147 22 147 -94 131 6 277 22 147 1 0x1.6p4 0x1.26p7 0x1.6p4 0x1.26p7
DOORGENERAL 4 9 -69 151 -61 151 -61 125 43 125 43 -17 35 -17 35 9 -69 4 293 -53 435 -45 435 -45 409 59 409 59 267 51 267 51 293 -53 1 0x1.fp2 -1 0 0
DOORGENERAL 4 -51 -95 91 -73 91 -73 67 -7 67 -7 -75 -29 -75 -29 -51 -95 4 -16 -90 126 -68 126 -68 102 -2 102 -2 -40 -24 -40 -24 -16 -90 0 0x1.08p3 2 4 -51 -95 91 -73 91 -73 67 -7 102 -2 -40 -24 -40 -24 -16 -90 1 0x1.98p4 -0x1.84p5 0x1.98p4 -0x1.84p5
DOORGENERAL 4 33 -11 137 13 137 13 123 89 123 89 19 65 19 65 33 -11 4 137 13 241 37 241 37 227 113 227 113 123 89 123 89 137 13 1 0x1.1p3 1 4 137 13 241 37 137 13 123 89 227 113 123 89 123 89 137 13 1 0x1.0e32121e94c93p7 0x1.75385acfe703ap4 0x1.f39bdbc2d66dap6 0x1.3ab1e94c063f2p6
DOORGENERAL 4 -53 -16 91 -10 91 -10 83 52 83 52 -61 46 -61 46 -53 -16 4 83 52 227 58 227 58 219 120 219 120 75 114 75 114 83 52 1 0x1.dp2 0 4 83 52 227 58 91 -10 83 52 83 52 -61 46 75 114 83 52 1 0x1.4cp6 0x1.ap5 0x1.4cp6 0x1.ap5
DOORGENERAL 4 -28 -29 44 -5 44 -5 26 53 26 53 -46 29 -46 29 -28 -29 4 116 19 188 43 188 43 170 101 170 101 98 77 98 77 116 19 0 0x1.18p3 -1 0 0
DOORGENERAL 4 -110 -77 -20 -51 -20 -51 -26 -11 -26 -11 -116 -37 -116 -37 -110 -77 4 -88 -71 2 -45 2 -45 -4 -5 -4 -5 -94 -31 -94 -31 -88 -71 1 0x1.4p2 2 4 -110 -77 -20 -51 -20 -51 -26 -11 -4 -5 -94 -31 -94 -31 -88 -71 2 -0x1.4bf4f593ad502p6 -0x1.074bffca3a527p6 -0x1.c8p5 -0x1.48p5 -0x1.c8p5 -0x1.48p5 -0x1.f02c29b14abf8p4 -0x1.02d000d716b64p4
DOORGENERAL 4 -105 -86 21 -80 21 -80 9 -30 9 -30 -117 -36 -117 -36 -105 -86 4 21 -80 147 -74 147 -74 135 -24 135 -24 9 -30 9 -30 21 -80 1 0x1.0p0 1 4 21 -80 147 -74 21 -80 9 -30 135 -24 9 -30 9 -30 21 -80 2 0x1.44cc502b40ae5p4 -0x1.3454d38263604p6 0x1.ep3 -0x1.b8p5 0x1.ep3 -0x1.b8p5 0x1.36675fa97ea35p3 -0x1.075658fb393f8p5
DOORGENERAL 4 -23 -54 37 -46 37 -46 11 40 11 40 -49 32 -49 32 -23 -54 4 11 40 71 48 71 48 45 134 45 134 -15 126 -15 126 11 40 0 0x1.bp2 0 4 11 40 71 48 37 -46 11 40 11 40 -49 32 -15 126 11 40 1 0x1.6p3 0x1.4p5 0x1.6p3 0x1.4p5
DOORGENERAL 4 -95 -124 -33 -104 -33 -104 -53 6 -53 6 -115 -14 -115 -14 -95 -124 4 29 -84 91 -64 91 -64 71 46 71 46 9 26 9 26 29 -84 0 0x1.dp2 -1 0 0
DOORGENERAL 4 5 -116 105 -104 105 -104 87 -4 87 -4 -13 -16 -13 -16 5 -116 4 30 -113 130 -101 130 -101 112 -1 112 -1 12 -13 12 -13 30 -113 0 0x1.4p1 2 4 30 -113 130 -101 105 -104 87 -4 112 -1 12 -13 12 -13 30 -113 1 0x1.d4p5 -0x1.d4p5 0x1.d4p5 -0x1.d4p5
DOORGENERAL 4 -86 -78 42 -56 42 -56 22 -4 22 -4 -106 -26 -106 -26 -86 -78 4 42 -56 170 -34 170 -34 150 18 150 18 22 -4 22 -4 42 -56 0 0x1.dp2 1 4 42 -56 170 -34 42 -56 22 -4 150 18 22 -4 22 -4 42 -56 1 0x1.356f80151318ap5 -0x1.7aeeb369fe732p5 0x1.9520ffd5d9cedp4 -0x1.9445325806334p3
DOORGENERAL 4 -17 -114 77 -96 77 -96 71 -22 71 -22 -23 -40 -23 -40 -17 -114 4 71 -22 165 -4 165 -4 159 70 159 70 65 52 65 52 71 -22 1 0x1.7p2 0 4 71 -22 165 -4 77 -96 71 -22 71 -22 -23 -40 65 52 71 -22 1 0x1.1cp6 -0x1.6p4 0x1.1cp6 -0x1.6p4
DOORGENERAL 4 -129 -74 21 -58 21 -58 -1 58 -1 58 -151 42 -151 42 -129 -74 4 171 -42 321 -26 321 -26 299 90 299 90 149 74 149 74 171 -42 0 0x1.ep1 -1 0 0
DOORGENERAL 4 -111 18 -3 42 -3 42 -19 96 -19 96 -127 72 -127 72 -111 18 4 -84 24 24 48 24 48 8 102 8 102 -100 78 -100 78 -84 24 1 0x1.6p1 2 4 -84 24 24 48 -3 42 -19 96 8 102 -100 78 -100 78 -84 24 2 -0x1.3d73d37ddce63p6 0x1.907c99573ba52p4 -0x1.5cp5 0x1.08p5 -0x1.5cp5 0x1.08p5 -0x1.e8c2c822319dp2 0x1.47c1b354622d7p5
DOORGENERAL 4 -44 -23 24 -1 24 -1 0 75 0 75 -68 53 -68 53 -44 -23 4 24 -1 92 21 92 21 68 97 68 97 0 75 0 75 24 -1 0 0x1.ap1 1 4 24 -1 92 21 24 -1 0 75 68 97 0 75 0 75 24 -1 2 0x1.66b47897a479cp4 0x1.00675dd4874f2p2 0x1.8p3 0x1.28p5 0x1.8p3 0x1.28p5 0x1.94b87685b864p0 0x1.17f98a22b78b1p6
DOORGENERAL 4 -90 33 36 49 36 49 16 111 16 111 -110 95 -110 95 -90 33 4 16 111 142 127 142 127 122 189 122 189 -4 173 -4 173 16 111 0 0x1.2p3 0 4 16 111 142 127 36 49 16 111 16 111 -110 95 -4 173 16 111 1 0x1.0p4 0x1.bcp6 0x1.0p4 0x1.bcp6
DOORGENERAL 4 -66 -15 50 1 50 1 36 87 36 87 -80 71 -80 71 -66 -15 4 166 17 282 33 282 33 268 119 268 119 152 103 152 103 166 17 0 0x1.8p1 -1 0 0
DOORGENERAL 4 -4 -72 104 -60 104 -60 80 -2 80 -2 -28 -14 -28 -14 -4 -72 4 23 -69 131 -57 131 -57 107 1 107 1 -1 -11 -1 -11 23 -69 1 0x1.9p2 2 4 23 -69 131 -57 104 -60 80 -2 107 1 -1 -11 -1 -11 23 -69 1 0x1.f33151b49b56ap4 -0x1.105b13105104bp6 0x1.7f33ab92d92a6p6 -0x1.e749d9df5df6ap5
DOORGENERAL 4 -39 -100 69 -88 69 -88 47 -42 47 -42 -61 -54 -61 -54 -39 -100 4 69 -88 177 -76 177 -76 155 -30 155 -30 47 -42 47 -42 69 -88 1 0x1.18p3 1 4 69 -88 177 -76 69 -88 47 -42 155 -30 47 -42 47 -42 69 -88 1 0x1.017289b2e031fp6 -0x1.39354e7603511p6 0x1.9d1aec9a3f9c2p5 -0x1.9d956313f95ddp5
DOORGENERAL 4 4 -23 54 3 54 3 32 69 32 69 -18 43 -18 43 4 -23 4 32 69 82 95 82 95 60 161 60 161 10 135 10 135 32 69 1 0x1.0p3 0 4 32 69 82 95 54 3 32 69 32 69 -18 43 10 135 32 69 1 0x1.0p5 0x1.14p6 0x1.0p5 0x1.14p6
DOORGENERAL 4 15 11 97 31 97 31 71 87 71 87 -11 67 -11 67 15 11 4 179 51 261 71 261 71 235 127 235 127 153 107 153 107 179 51 0 0x1.ep1 -1 0 0
DOORGENERAL 4 -91 -81 33 -75 33 -75 25 -11 25 -11 -99 -17 -99 -17 -91 -81 4 -60 -80 64 -74 64 -74 56 -10 56 -10 -68 -16 -68 -16 -60 -80 0 0x1.ep2 2 4 -91 -81 33 -75 33 -75 25 -11 56 -10 -68 -16 -68 -16 -60 -80 1 -0x1.18p4 -0x1.6cp5 -0x1.18p4 -0x1.6cp5
DOORGENERAL 4 -92 17 -4 37 -4 37 -30 95 -30 95 -118 75 -118 75 -92 17 4 -4 37 84 57 84 57 58 115 58 115 -30 95 -30 95 -4 37 1 0x1.0p-2 1 4 -4 37 84 57 -4 37 -30 95 58 115 -30 95 -30 95 -4 37 3 -0x1.3ae76fd54d534p2 0x1.386cd7ccb58fdp5 -0x1.9f2692a38ce34p3 0x1.c82447eee73p5 -0x1.9f2692a38ce34p3 0x1.c82447eee73p5 -0x1.506cb6ae398e7p4 0x1.2beddc088c681p6 -0x1.506cb6ae398e7p4 0x1.2beddc088c681p6 -0x1.d146240aacab3p4 0x1.73c99419a5382p6
DOORGENERAL 4 -94 -31 -26 -7 -26 -7 -38 113 -38 113 -106 89 -106 89 -94 -31 4 -38 113 30 137 30 137 18 257 18 257 -50 233 -50 233 -38 113 1 0x1.3p2 0 4 -38 113 30 137 -26 -7 -38 113 -38 113 -106 89 -50 233 -38 113 1 -0x1.3p5 0x1.c4p6 -0x1.3p5 0x1.c4p6
DOORGENERAL 4 -6 -124 54 -98 54 -98 42 -34 42 -34 -18 -60 -18 -60 -6 -124 4 114 -72 174 -46 174 -46 162 18 162 18 102 -8 102 -8 114 -72 0 0x1.4p1 -1 0 0
DOORGENERAL 4 -52 -72 8 -50 8 -50 -18 24 -18 24 -78 2 -78 2 -52 -72 4 -37 -67 23 -45 23 -45 -3 29 -3 29 -63 7 -63 7 -37 -67 1 0x1.2p3 2 4 -52 -72 8 -50 8 -50 -18 24 -3 29 -63 7 -63 7 -37 -67 1 -0x1.16ce32d8883a8p5 -0x1.be68fc90ce7ebp5 -0x1.42639a4eef8b1p4 0x1.99a3f24339fa8p3
DOORGENERAL 4 -78 -17 66 -1 66 -1 56 53 56 53 -88 37 -88 37 -78 -17 4 66 -1 210 15 210 15 200 69 200 69 56 53 56 53 66 -1 0 0x0.0p0 1 4 66 -1 210 15 66 -1 56 53 200 69 56 53 56 53 66 -1 3 0x1.068b14c934836p6 0x1.eee17a589d402p-1 0x1.f45cb88623024p5 0x1.1a7d03f0ec4ep4 0x1.f45cb88623024p5 0x1.1a7d03f0ec4ep4 0x1.dba34779dcfdcp5 0x1.12c17e0789d9p5 0x1.dba34779dcfdcp5 0x1.12c17e0789d9p5 0x1.c2e9d66d96f94p5 0x1.98447a169d8bp5
DOORGENERAL 4 14 33 124 51 124 51 108 111 108 111 -2 93 -2 93 14 33 4 108 111 218 129 218 129 202 189 202 189 92 171 92 171 108 111 1 0x1.cp2 0 4 108 111 218 129 124 51 108 111 108 111 -2 93 92 171 108 111 1 0x1.bp6 0x1.bcp6 0x1.bp6 0x1.bcp6
DOORGENERAL 4 48 -37 128 -17 128 -17 106 77 106 77 26 57 26 57 48 -37 4 208 3 288 23 288 23 266 117 266 117 186 97 186 97 208 3 1 0x1.6p1 -1 0 0
DOORGENERAL 4 -9 -28 123 -6 123 -6 111 80 111 80 -21 58 -21 58 -9 -28 4 24 -23 156 -1 156 -1 144 85 144 85 12 63 12 63 24 -23 1 0x1.ep2 2 4 -9 -28 123 -6 123 -6 111 80 144 85 12 63 12 63 24 -23 2 0x1.e1a02bc2a1751p4 -0x1.e93376ce78d5p3 0x1.0ep6 0x1.c8p4 0x1.0ep6 0x1.c8p4 0x1.a397f50f57a2cp6 0x1.21266ed9cf1aap6
DOORGENERAL 4 7 -45 131 -25 131 -25 111 97 111 97 -13 77 -13 77 7 -45 4 131 -25 255 -5 255 -5 235 117 235 117 111 97 111 97 131 -25 0 0x1.38p3 1 4 131 -25 255 -5 131 -25 111 97 235 117 111 97 111 97 131 -25 2 0x1.0232c2ed8bd6cp7 -0x1.acf3ea908377ep3 0x1.e4p6 0x1.2p5 0x1.e4p6 0x1.2p5 0x1.c39a7a24e8528p6 0x1.559e7d52106fp6
DOORGENERAL 4 2 -106 144 -80 144 -80 120 -28 120 -28 -22 -54 -22 -54 2 -106 4 120 -28 262 -2 262 -2 238 50 238 50 96 24 96 24 120 -28 1 0x1.0p2 0 4 120 -28 262 -2 144 -80 120 -28 120 -28 -22 -54 96 24 120 -28 1 0x1.ep6 -0x1.cp4 0x1.ep6 -0x1.cp4
DOORGENERAL 4 -26 -40 52 -26 52 -26 36 30 36 30 -42 16 -42 16 -26 -40 4 130 -12 208 2 208 2 192 58 192 58 114 44 114 44 130 -12 0 0x1.6p1 -1 0 0
DOORGENERAL 4 25 -27 161 -1 161 -1 135 99 135 99 -1 73 -1 73 25 -27 4 59 -21 195 5 195 5 169 105 169 105 33 79 33 79 59 -21 1 0x1.7p2 2 4 25 -27 161 -1 161 -1 135 99 169 105 33 79 33 79 59 -21 2 0x1.f872cc18153ecp5 -0x1.bfeb88056904p3 0x1.84p6 0x1.38p5 0x1.84p6 0x1.38p5 0x1.05e34cf9fab05p7 0x1.6ffd7100ad208p6
DOORGENERAL 4 53 4 119 24 119 24 105 92 105 92 39 72 39 72 53 4 4 119 24 185 44 185 44 171 112 171 112 105 92 105 92 119 24 1 0x1.cp2 1 4 119 24 185 44 119 24 105 92 171 112 105 92 105 92 119 24 1 0x1.d4bd911224c92p6 0x1.06855a2b2cf0dp5 0x1.ab426eeddb36ep6 0x1.4cbd52ea69879p6
DOORGENERAL 4 -33 -86 87 -76 87 -76 75 36 75 36 -45 26 -45 26 -33 -86 4 75 36 195 46 195 46 183 158 183 158 63 148 63 148 75 36 0 0x1.dp2 0 4 75 36 195 46 87 -76 75 36 75 36 -45 26 63 148 75 36 1 0x1.2cp6 0x1.2p5 0x1.2cp6 0x1.2p5
DOORGENERAL 4 9 -105 59 -99 59 -99 39 -21 39 -21 -11 -27 -11 -27 9 -105 4 109 -93 159 -87 159 -87 139 -9 139 -9 89 -15 89 -15 109 -93 0 0x1.0p-1 -1 0 0
DOORGENERAL 4 -76 -99 68 -75 68 -75 50 47 50 47 -94 23 -94 23 -76 -99 4 -40 -93 104 -69 104 -69 86 53 86 53 -58 29 -58 29 -40 -93 0 0x1.7p2 2 4 -40 -93 104 -69 68 -75 50 47 86 53 -58 29 -58 29 -40 -93 1 0x1.4p2 -0x1.7p4 0x1.4p2 -0x1.7p4
DOORGENERAL 4 -76 -14 6 -4 6 -4 -16 82 -16 82 -98 72 -98 72 -76 -14 4 6 -4 88 6 88 6 66 92 66 92 -16 82 -16 82 6 -4 0 0x1.8p1 1 4 6 -4 88 6 6 -4 -16 82 66 92 -16 82 -16 82 6 -4 2 0x1.30b1800a94393p2 0x1.b0228a5813318p-1 -0x1.4000000000001p2 0x1.38p5 -0x1.4000000000001p2 0x1.38p5 -0x1.d858c0054a1cap3 0x1.349fbaeb4fd9ap6
DOORGENERAL 4 -86 -18 26 0 26 0 12 60 12 60 -100 42 -100 42 -86 -18 4 12 60 124 78 124 78 110 138 110 138 -2 120 -2 120 12 60 1 0x1.5p2 0 4 12 60 124 78 26 0 12 60 12 60 -100 42 -2 120 12 60 1 0x1.8p3 0x1.ep5 0x1.8p3 0x1.ep5
DOORGENERAL 4 -38 22 86 38 86 38 72 96 72 96 -52 80 -52 80 -38 22 4 210 54 334 70 334 70 320 128 320 128 196 112 196 112 210 54 1 0x1.cp1 -1 0 0
DOORGENERAL 4 36 -68 98 -46 98 -46 92 56 92 56 30 34 30 34 36 -68 4 51 -63 113 -41 113 -41 107 61 107 61 45 39 45 39 51 -63 0 0x1.0p0 2 4 36 -68 98 -46 98 -46 92 56 107 61 45 39 45 39 51 -63 1 0x1.1ep6 -0x1.bfffffffffffcp1 0x1.1ep6 -0x1.bfffffffffffcp1
DOORGENERAL 4 0 -64 122 -48 122 -48 112 8 112 8 -10 -8 -10 -8 0 -64 4 122 -48 244 -32 244 -32 234 24 234 24 112 8 112 8 122 -48 0 0x1.8p2 1 4 122 -48 244 -32 122 -48 112 8 234 24 112 8 112 8 122 -48 1 0x1.e25fec4f98a1ap6 -0x1.40ff237b7a45ap5 0x1.c5a013b0675e6p6 0x1.fe46f6f48b4p-4
DOORGENERAL 4 -45 16 19 40 19 40 3 126 3 126 -61 102 -61 102 -45 16 4 3 126 67 150 67 150 51 236 51 236 -13 212 -13 212 3 126 0 0x1.9p2 0 4 3 126 67 150 19 40 3 126 3 126 -61 102 -13 212 3 126 1 0x1.8p1 0x1.f8p6 0x1.8p1 0x1.f8p6
DOORGENERAL 4 13 2 95 26 95 26 79 80 79 80 -3 56 -3 56 13 2 4 177 50 259 74 259 74 243 128 243 128 161 104 161 104 177 50 1 0x1.5p2 -1 0 0
DOORGENERAL 4 -95 -99 -25 -83 -25 -83 -51 17 -51 17 -121 1 -121 1 -95 -99 4 -78 -95 -8 -79 -8 -79 -34 21 -34 21 -104 5 -104 5 -78 -95 1 0x1.cp2 2 4 -78 -95 -8 -79 -25 -83 -51 17 -51 17 -121 1 -104 5 -78 -95 2 -0x1.f0bcea16e1f6p4 -0x1.30ccef320bfb6p6 -0x1.02p6 -0x1.38p5 -0x1.02p6 -0x1.38p5 -0x1.87d0c57a47828p6 -0x1.ccc4337d0128p0
DOORGENERAL 4 -58 -48 24 -24 24 -24 -2 64 -2 64 -84 40 -84 40 -58 -48 4 24 -24 106 0 106 0 80 88 80 88 -2 64 -2 64 24 -24 1 0x1.38p3 1 4 24 -24 106 0 24 -24 -2 64 80 88 -2 64 -2 64 24 -24 1 0x1.4abb1deecde6bp4 -0x1.9768ca9f4a684p3 0x1.544e21132196p0 0x1.a5da32a7d29ap5
DOORGENERAL 4 33 -66 83 -56 83 -56 77 14 77 14 27 4 27 4 33 -66 4 77 14 127 24 127 24 121 94 121 94 71 84 71 84 77 14 0 0x1.bp2 0 4 77 14 127 24 83 -56 77 14 77 14 27 4 71 84 77 14 1 0x1.34p6 0x1.cp3 0x1.34p6 0x1.cp3
DOORGENERAL 4 -110 0 -18 10 -18 10 -42 72 -42 72 -134 62 -134 62 -110 0 4 74 20 166 30 166 30 142 92 142 92 50 82 50 82 74 20 1 0x1.cp0 -1 0 0
DOORGENERAL 4 -77 -125 49 -109 49 -109 27 1 27 1 -99 -15 -99 -15 -77 -125 4 -46 -121 80 -105 80 -105 58 5 58 5 -68 -11 -68 -11 -46 -121 1 0x1.4p3 2 4 -46 -121 80 -105 49 -109 27 1 27 1 -99 -15 -68 -11 -46 -121 2 0x1.3e46504cf3a02p5 -0x1.94f3285998959p6 -0x1.2fffffffffff8p3 -0x1.ep5 -0x1.2fffffffffff8p3 -0x1.ep5 -0x1.d646504cf39ffp5 -0x1.2c335e999da9cp4
DOORGENERAL 4 -75 -122 -9 -100 -9 -100 -21 28 -21 28 -87 6 -87 6 -75 -122 4 -9 -100 57 -78 57 -78 45 50 45 50 -21 28 -21 28 -9 -100 1 0x1.2p3 1 4 -9 -100 57 -78 -9 -100 -21 28 45 50 -21 28 -21 28 -9 -100 2 -0x1.40db1e316e323p3 -0x1.64312d136d126p6 -0x1.ep3 -0x1.2p5 -0x1.ep3 -0x1.2p5 -0x1.3f9270e748e6ep4 0x1.10c4b44db4498p4
DOORGENERAL 4 -55 -51 5 -33 5 -33 -17 77 -17 77 -77 59 -77 59 -55 -51 4 -17 77 43 95 43 95 21 205 21 205 -39 187 -39 187 -17 77 0 0x1.cp0 0 4 -17 77 43 95 5 -33 -17 77 -17 77 -77 59 -39 187 -17 77 1 -0x1.1p4 0x1.34p6 -0x1.1p4 0x1.34p6
DOORGENERAL 4 4 -111 94 -89 94 -89 72 -31 72 -31 -18 -53 -18 -53 4 -111 4 184 -67 274 -45 274 -45 252 13 252 13 162 -9 162 -9 184 -67 0 0x1.cp0 -1 0 0
DOORGENERAL 4 -66 -65 20 -59 20 -59 6 57 6 57 -80 51 -80 51 -66 -65 4 -45 -64 41 -58 41 -58 27 58 27 58 -59 52 -59 52 -45 -64 0 0x1.8p0 2 4 -66 -65 20 -59 20 -59 6 57 27 58 -59 52 -59 52 -45 -64 1 -0x1.38p4 -0x1.cp1 -0x1.38p4 -0x1.cp1
DOORGENERAL 4 -3 -99 103 -73 103 -73 97 -17 97 -17 -9 -43 -9 -43 -3 -99 4 103 -73 209 -47 209 -47 203 9 203 9 97 -17 97 -17 103 -73 1 0x1.9p2 1 4 103 -73 209 -47 103 -73 97 -17 203 9 97 -17 97 -17 103 -73 1 0x1.987c021787a75p6 -0x1.03301386476ecp6 0x1.8783fde87858bp6 -0x1.933fb1e6e245p4
DOORGENERAL 4 -37 31 63 45 63 45 47 89 47 89 -53 75 -53 75 -37 31 4 47 89 147 103 147 103 131 147 131 147 31 133 31 133 47 89 1 0x1.28p3 0 4 47 89 147 103 63 45 47 89 47 89 -53 75 31 133 47 89 1 0x1.78p5 0x1.64p6 0x1.78p5 0x1.64p6
DOORGENERAL 4 -44 -64 102 -50 102 -50 88 8 88 8 -58 -6 -58 -6 -44 -64 4 248 -36 394 -22 394 -22 380 36 380 36 234 22 234 22 248 -36 0 0x1.4p0 -1 0 0
DOORGENERAL 4 9 13 127 25 127 25 119 119 119 119 1 107 1 107 9 13 4 38 16 156 28 156 28 148 122 148 122 30 110 30 110 38 16 1 0x1.8p1 2 4 38 16 156 28 127 25 119 119 119 119 1 107 30 110 38 16 3 0x1.ecef09af55f93p6 0x1.c57f82703cd7dp4 0x1.75a5033a71fdcp6 0x1.b39540680a24p5 0x1.75a5033a71fdcp6 0x1.b39540680a24p5 0x1.fcb5f98b1c048p5 0x1.42355fcbfaee1p6 0x1.fcb5f98b1c048p5 0x1.42355fcbfaee1p6 0x1.0e21eca1540dap5 0x1.aaa01f63f0ca1p6
DOORGENERAL 4 -11 -46 61 -22 61 -22 45 34 45 34 -27 10 -27 10 -11 -46 4 61 -22 133 2 133 2 117 58 117 58 45 34 45 34 61 -22 0 0x1.ep2 1 4 61 -22 133 2 61 -22 45 34 117 58 45 34 45 34 61 -22 1 0x1.d31f06969c334p5 -0x1.9bb25c3c8acd4p3 0x1.7ce0f96963cccp5 0x1.8dd92e1e4566ap4
DOORGENERAL 4 -106 -109 -38 -85 -38 -85 -52 43 -52 43 -120 19 -120 19 -106 -109 4 -52 43 16 67 16 67 2 195 2 195 -66 171 -66 171 -52 43 1 0x1.0p2 0 4 -52 43 16 67 -38 -85 -52 43 -52 43 -120 19 -66 171 -52 43 1 -0x1.ap5 0x1.58p5 -0x1.ap5 0x1.58p5
DOORGENERAL 4 -17 -9 115 3 115 3 95 85 95 85 -37 73 -37 73 -17 -9 4 247 15 379 27 379 27 359 109 359 109 227 97 227 97 247 15 1 0x1.4p2 -1 0 0
DOORGENERAL 4 -29 -128 37 -108 37 -108 25 0 25 0 -41 -20 -41 -20 -29 -128 4 -13 -123 53 -103 53 -103 41 5 41 5 -25 -15 -25 -15 -13 -123 1 0x1.cp1 2 4 -13 -123 53 -103 37 -108 25 0 25 0 -41 -20 -25 -15 -13 -123 3 0x1.0f6b1deffb965p5 -0x1.9d1f98533985fp6 0x1.e9e427eaa4c88p3 -0x1.2db532c66882p6 0x1.e9e427eaa4c88p3 -0x1.2db532c66882p6 -0x1.a7909faa9321p1 -0x1.7c959a732efc1p5 -0x1.a7909faa9321p1 -0x1.7c959a732efc1p5 -0x1.5ed63bdff72cap4 -0x1.3b819eb319e84p4
DOORGENERAL 4 12 -48 70 -34 70 -34 50 54 50 54 -8 40 -8 40 12 -48 4 70 -34 128 -20 128 -20 108 68 108 68 50 54 50 54 70 -34 0 0x1.0p-2 1 4 70 -34 128 -20 70 -34 50 54 108 68 50 54 50 54 70 -34 5 0x1.1601628ddfd67p6 -0x1.fce52cf430577p4 0x1.06cda188531a4p6 -0x1.e2ac9c583a028p3 0x1.06cda188531a4p6 -0x1.e2ac9c583a028p3 0x1.ef33c1058cbc3p5 0x1.a38909bf654fp0 0x1.ef33c1058cbc3p5 0x1.a38909bf654fp0 0x1.d0cc3efa7343dp5 0x1.25c76f6409ab5p4 0x1.d0cc3efa7343dp5 0x1.25c76f6409ab5p4 0x1.b264bcef59cb7p5 0x1.18ab27160e80ap5 0x1.b264bcef59cb7p5 0x1.18ab27160e80ap5 0x1.93fd3ae440532p5 0x1.9e72967a182bcp5
DOORGENERAL 4 -72 -129 0 -107 0 -107 -8 -15 -8 -15 -80 -37 -80 -37 -72 -129 4 -8 -15 64 7 64 7 56 99 56 99 -16 77 -16 77 -8 -15 1 0x1.ap2 0 4 -8 -15 64 7 0 -107 -8 -15 -8 -15 -80 -37 -16 77 -8 -15 1 -0x1.0p3 -0x1.ep3 -0x1.0p3 -0x1.ep3
DOORGENERAL 4 -84 -43 32 -21 32 -21 12 69 12 69 -104 47 -104 47 -84 -43 4 148 1 264 23 264 23 244 113 244 113 128 91 128 91 148 1 1 0x1.0p-2 -1 0 0
DOORGENERAL 4 42 -10 96 10 96 10 80 56 80 56 26 36 26 36 42 -10 4 55 -5 109 15 109 15 93 61 93 61 39 41 39 41 55 -5 0 0x1.0p0 2 4 55 -5 109 15 96 10 80 56 80 56 26 36 39 41 55 -5 1 0x1.0ep6 0x1.98p4 0x1.0ep6 0x1.98p4
DOORGENERAL 4 19 -17 69 7 69 7 53 95 53 95 3 71 3 71 19 -17 4 69 7 119 31 119 31 103 119 103 119 53 95 53 95 69 7 0 0x1.2p3 1 4 69 7 119 31 69 7 53 95 103 119 53 95 53 95 69 7 1 0x1.0c2108d004d1dp6 0x1.1d293e1f95f89p4 0x1.b7bdee5ff65c7p5 0x1.50b5b0781a81ep6
DOORGENERAL 4 -60 28 54 52 54 52 28 114 28 114 -86 90 -86 90 -60 28 4 28 114 142 138 142 138 116 200 116 200 2 176 2 176 28 114 1 0x1.cp1 0 4 28 114 142 138 54 52 28 114 28 114 -86 90 2 176 28 114 1 0x1.cp4 0x1.c8p6 0x1.cp4 0x1.c8p6
DOORGENERAL 4 18 -109 92 -91 92 -91 80 -37 80 -37 6 -55 6 -55 18 -109 4 166 -73 240 -55 240 -55 228 -1 228 -1 154 -19 154 -19 166 -73 1 0x1.08p3 -1 0 0
DOORGENERAL 4 -84 -8 60 4 60 4 42 116 42 116 -102 104 -102 104 -84 -8 4 -48 -5 96 7 96 7 78 119 78 119 -66 107 -66 107 -48 -5 0 0x1.8p2 2 4 -48 -5 96 7 60 4 42 116 78 119 -66 107 -66 107 -48 -5 1 -0x1.8p1 0x1.bcp5 -0x1.8p1 0x1.bcp5
DOORGENERAL 4 -42 -7 62 13 62 13 54 139 54 139 -50 119 -50 119 -42 -7 4 62 13 166 33 166 33 158 159 158 159 54 139 54 139 62 13 1 0x1.8p-1 1 4 62 13 166 33 62 13 54 139 158 159 54 139 54 139 62 13 5 0x1.ee9b219c06efep5 0x1.f7d2ba9a4af7dp3 0x1.e25d142a6a8ffp5 0x1.3ec60263f1a52p5 0x1.e25d142a6a8ffp5 0x1.3ec60263f1a52p5 0x1.d61f06b8ce3p5 0x1.ff975621508c5p5 0x1.d61f06b8ce3p5 0x1.ff975621508c5p5 0x1.c9e0f94731dp5 0x1.603454ef57b9cp6 0x1.c9e0f94731dp5 0x1.603454ef57b9cp6 0x1.bda2ebd595701p5 0x1.c09cfece072d6p6 0x1.bda2ebd595701p5 0x1.c09cfece072d6p6 0x1.b164de63f9102p5 0x1.1082d4565b508p7
DOORGENERAL 4 -24 20 114 42 114 42 98 108 98 108 -40 86 -40 86 -24 20 4 98 108 236 130 236 130 220 196 220 196 82 174 82 174 98 108 0 0x1.4p1 0 4 98 108 236 130 114 42 98 108 98 108 -40 86 82 174 98 108 1 0x1.88p6 0x1.bp6 0x1.88p6 0x1.bp6
DOORGENERAL 4 -79 -65 19 -45 19 -45 9 23 9 23 -89 3 -89 3 -79 -65 4 117 -25 215 -5 215 -5 205 63 205 63 107 43 107 43 117 -25 1 0x1.3p3 -1 0 0
DOORGENERAL 4 23 -87 93 -69 93 -69 83 1 83 1 13 -17 13 -17 23 -87 4 40 -83 110 -65 110 -65 100 5 100 5 30 -13 30 -13 40 -83 0 0x1.ap2 2 4 23 -87 93 -69 93 -69 83 1 100 5 30 -13 30 -13 40 -83 1 0x1.ecp5 -0x1.48p5 0x1.ecp5 -0x1.48p5
DOORGENERAL 4 -140 -29 -4 -3 -4 -3 -12 73 -12 73 -148 47 -148 47 -140 -29 4 -4 -3 132 23 132 23 124 99 124 99 -12 73 -12 73 -4 -3 0 0x1.7p2 1 4 -4 -3 132 23 -4 -3 -12 73 124 99 -12 73 -12 73 -4 -3 1 -0x1.33ec7487eb534p2 0x1.2d46530b3b96cp2 -0x1.6609c5bc0a566p3 0x1.052b9acf4c46ap6
DOORGENERAL 4 24 -47 98 -29 98 -29 92 39 92 39 18 21 18 21 24 -47 4 92 39 166 57 166 57 160 125 160 125 86 107 86 107 92 39 0 0x1.4p2 0 4 92 39 166 57 98 -29 92 39 92 39 18 21 86 107 92 39 1 0x1.7p6 0x1.38p5 0x1.7p6 0x1.38p5
DOORGENERAL 4 -50 -91 96 -65 96 -65 80 49 80 49 -66 23 -66 23 -50 -91 4 242 -39 388 -13 388 -13 372 101 372 101 226 75 226 75 242 -39 0 0x1.0p2 -1 0 0
DOORGENERAL 4 -9 -130 59 -120 59 -120 45 -20 45 -20 -23 -30 -23 -30 -9 -130 4 8 -128 76 -118 76 -118 62 -18 62 -18 -6 -28 -6 -28 8 -128 0 0x1.cp2 2 4 -9 -130 59 -120 59 -120 45 -20 62 -18 -6 -28 -6 -28 8 -128 1 0x1.a8p4 -0x1.28p6 0x1.a8p4 -0x1.28p6
DOORGENERAL 4 -4 0 144 6 144 6 138 72 138 72 -10 66 -10 66 -4 0 4 144 6 292 12 292 12 286 78 286 78 138 72 138 72 144 6 1 0x0.0p0 1 4 144 6 292 12 144 6 138 72 286 78 138 72 138 72 144 6 4 0x1.1fa34a98ee838p7 0x1.ff796db80b2ecp2 0x1.1cd1a54c7741cp7 0x1.77ef2db70165ep4 0x1.1cd1a54c7741cp7 0x1.77ef2db70165ep4 0x1.1ap7 0x1.38p5 0x1.1ap7 0x1.38p5 0x1.172e5ab388be4p7 0x1.b40869247f4d2p5 0x1.172e5ab388be4p7 0x1.b40869247f4d2p5 0x1.145cb567117c8p7 0x1.180869247f4d2p6
DOORGENERAL 4 -74 -66 -10 -40 -10 -40 -16 44 -16 44 -80 18 -80 18 -74 -66 4 -16 44 48 70 48 70 42 154 42 154 -22 128 -22 128 -16 44 1 0x1.fp2 0 4 -16 44 48 70 -10 -40 -16 44 -16 44 -80 18 -22 128 -16 44 1 -0x1.0p4 0x1.6p5 -0x1.0p4 0x1.6p5
DOORGENERAL 4 -103 -36 27 -22 27 -22 13 58 13 58 -117 44 -117 44 -103 -36 4 157 -8 287 6 287 6 273 86 273 86 143 72 143 72 157 -8 1 0x1.1p3 -1 0 0
DOORGENERAL 4 -66 7 76 13 76 13 50 83 50 83 -92 77 -92 77 -66 7 4 -31 8 111 14 111 14 85 84 85 84 -57 78 -57 78 -31 8 1 0x1.28p3 2 4 -66 7 76 13 76 13 50 83 85 84 -57 78 -57 78 -31 8 1 -0x1.6db22ebfba7eep4 0x1.00b75eed7f7ccp4 0x1.4ed9175fdd3f8p5 0x1.2bd22844a020dp6
DOORGENERAL 4 -25 -81 101 -57 101 -57 83 -11 83 -11 -43 -35 -43 -35 -25 -81 4 101 -57 227 -33 227 -33 209 13 209 13 83 -11 83 -11 101 -57 0 0x1.6p2 1 4 101 -57 227 -33 101 -57 83 -11 209 13 83 -11 83 -11 101 -57 1 0x1.891169ba8ee3dp6 -0x1.90201c642fa8dp5 0x1.56ee9645711c3p6 -0x1.1fbfc737a0ae6p4
DOORGENERAL 4 52 -34 124 -16 124 -16 104 110 104 110 32 92 32 92 52 -34 4 104 110 176 128 176 128 156 254 156 254 84 236 84 236 104 110 1 0x1.0p0 0 4 104 110 176 128 124 -16 104 110 104 110 32 92 84 236 104 110 1 0x1.ap6 0x1.b8p6 0x1.ap6 0x1.b8p6
DOORGENERAL 4 -17 -1 95 23 95 23 87 143 87 143 -25 119 -25 119 -17 -1 4 207 47 319 71 319 71 311 191 311 191 199 167 199 167 207 47 0 0x1.4p2 -1 0 0
DOORGENERAL 4 -59 4 67 16 67 16 51 56 51 56 -75 44 -75 44 -59 4 4 -28 7 98 19 98 19 82 59 82 59 -44 47 -44 47 -28 7 1 0x1.9p2 2 4 -28 7 98 19 67 16 51 56 51 56 -75 44 -44 47 -28 7 2 0x1.d8460c16e9546p5 0x1.24274a6f9062fp4 0x1.7p3 0x1.f8p4 0x1.7p3 0x1.f8p4 -0x1.20460c16e9546p5 0x1.65ec5ac837ce8p5
DOORGENERAL 4 4 -125 138 -107 138 -107 124 -9 124 -9 -10 -27 -10 -27 4 -125 4 138 -107 272 -89 272 -89 258 9 258 9 124 -9 124 -9 138 -107 0 0x1.6p2 1 4 138 -107 272 -89 138 -107 124 -9 258 9 124 -9 124 -9 138 -107 2 0x1.11e0f12664126p7 -0x1.8e4d301979018p6 0x1.06p7 -0x1.cffffffffffffp5 0x1.06p7 -0x1.cffffffffffffp5 0x1.f43e1db337db3p6 -0x1.06cb3f9a1bf9cp4
DOORGENERAL 4 1 -116 75 -106 75 -106 69 6 69 6 -5 -4 -5 -4 1 -116 4 69 6 143 16 143 16 137 128 137 128 63 118 63 118 69 6 0 0x1.ap2 0 4 69 6 143 16 75 -106 69 6 69 6 -5 -4 63 118 69 6 1 0x1.14p6 0x1.8p2 0x1.14p6 0x1.8p2
DOORGENERAL 4 -5 -105 103 -95 103 -95 89 25 89 25 -19 15 -19 15 -5 -105 4 211 -85 319 -75 319 -75 305 45 305 45 197 35 197 35 211 -85 0 0x1.08p3 -1 0 0
DOORGENERAL 4 48 -65 110 -59 110 -59 94 55 94 55 32 49 32 49 48 -65 4 63 -64 125 -58 125 -58 109 56 109 56 47 50 47 50 63 -64 0 0x1.ep2 2 4 48 -65 110 -59 110 -59 94 55 109 56 47 50 47 50 63 -64 1 0x1.3ap6 -0x1.2p2 0x1.3ap6 -0x1.2p2
DOORGENERAL 4 -59 -47 41 -27 41 -27 15 103 15 103 -85 83 -85 83 -59 -47 4 41 -27 141 -7 141 -7 115 123 115 123 15 103 15 103 41 -27 0 0x1.8p0 1 4 41 -27 141 -7 41 -27 15 103 115 123 15 103 15 103 41 -27 4 0x1.42823d52b62e3p5 -0x1.7916653b1dcdap4 0x1.11411ea95b172p5 0x1.cdd33589c465p2 0x1.11411ea95b172p5 0x1.cdd33589c465p2 0x1.cp4 0x1.3000000000001p5 0x1.cp4 0x1.3000000000001p5 0x1.5d7dc2ad49d1ep4 0x1.1322cca763b9cp6 0x1.5d7dc2ad49d1ep4 0x1.1322cca763b9cp6 0x1.f5f70ab527476p3 0x1.8e45994ec7737p6
DOORGENERAL 4 -111 -30 -21 -16 -21 -16 -31 60 -31 60 -121 46 -121 46 -111 -30 4 -31 60 59 74 59 74 49 150 49 150 -41 136 -41 136 -31 60 1 0x1.0p3 0 4 -31 60 59 74 -21 -16 -31 60 -31 60 -121 46 -41 136 -31 60 1 -0x1.fp4 0x1.ep5 -0x1.fp4 0x1.ep5
DOORGENERAL 4 32 -38 142 -20 142 -20 126 48 126 48 16 30 16 30 32 -38 4 252 -2 362 16 362 16 346 84 346 84 236 66 236 66 252 -2 1 0x1.4p2 -1 0 0
DOORGENERAL 4 -37 9 59 25 59 25 53 101 53 101 -43 85 -43 85 -37 9 4 -13 13 83 29 83 29 77 105 77 105 -19 89 -19 89 -13 13 1 0x0.0p0 2 4 -13 13 83 29 59 25 53 101 77 105 -19 89 -19 89 -13 13 4 -0x1.60deec050abdbp3 0x1.aa8583547e35cp3 0x1.7f2113faf5422p2 0x1.02a160d51f8d7p4 0x1.7f2113faf5422p2 0x1.02a160d51f8d7p4 0x1.6fffffffffffep4 0x1.3p4 0x1.6fffffffffffep4 0x1.3p4 0x1.401bdd80a157ap5 0x1.5d5e9f2ae0729p4 0x1.401bdd80a157ap5 0x1.5d5e9f2ae0729p4 0x1.c837bb0142af6p5 0x1.8abd3e55c0e52p4
DOORGENERAL 4 -77 -14 -1 0 -1 0 -7 76 -7 76 -83 62 -83 62 -77 -14 4 -1 0 75 14 75 14 69 90 69 90 -7 76 -7 76 -1 0 0 0x1.2p1 1 4 -1 0 75 14 -1 0 -7 76 69 90 -7 76 -7 76 -1 0 2 -0x1.55a0d88a383c1p0 0x1.0f28030b0768dp2 -0x1.0p2 0x1.3p5 -0x1.0p2 0x1.3p5 -0x1.aa97c9dd71f1p2 0x1.1f0d7fcf4f897p6
DOORGENERAL 4 -73 -33 27 -27 27 -27 11 91 11 91 -89 85 -89 85 -73 -33 4 11 91 111 97 111 97 95 215 95 215 -5 209 -5 209 11 91 0 0x1.1p2 0 4 11 91 111 97 27 -27 11 91 11 91 -89 85 -5 209 11 91 1 0x1.6p3 0x1.6cp6 0x1.6p3 0x1.6cp6
DOORGENERAL 4 -119 -28 -27 -10 -27 -10 -39 60 -39 60 -131 42 -131 42 -119 -28 4 65 8 157 26 157 26 145 96 145 96 53 78 53 78 65 8 0 0x1.4p1 -1 0 0
DOORGENERAL 4 7 -74 111 -60 111 -60 89 70 89 70 -15 56 -15 56 7 -74 4 33 -71 137 -57 137 -57 115 73 115 73 11 59 11 59 33 -71 0 0x1.7p2 2 4 7 -74 111 -60 111 -60 89 70 115 73 11 59 11 59 33 -71 1 0x1.e8p5 -0x1.0p-1 0x1.e8p5 -0x1.0p-1
DOORGENERAL 4 -73 -107 9 -101 9 -101 -11 27 -11 27 -93 21 -93 21 -73 -107 4 9 -101 91 -95 91 -95 71 33 71 33 -11 27 -11 27 9 -101 0 0x1.2p3 1 4 9 -101 91 -95 9 -101 -11 27 71 33 -11 27 -11 27 9 -101 2 0x1.d35194c4e84d8p2 -0x1.6887084ec3523p6 -0x1.0p0 -0x1.28p5 -0x1.0p0 -0x1.28p5 -0x1.29a8ca627426cp3 0x1.021c213b0d48cp4
DOORGENERAL 4 -12 -40 126 -16 126 -16 108 76 108 76 -30 52 -30 52 -12 -40 4 108 76 246 100 246 100 228 192 228 192 90 168 90 168 108 76 0 0x1.0p-2 0 4 108 76 246 100 126 -16 108 76 108 76 -30 52 90 168 108 76 1 0x1.bp6 0x1.3p6 0x1.bp6 0x1.3p6
DOORGENERAL 4 -71 2 35 26 35 26 19 92 19 92 -87 68 -87 68 -71 2 4 141 50 247 74 247 74 231 140 231 140 125 116 125 116 141 50 0 0x1.ep2 -1 0 0
DOORGENERAL 4 33 9 109 19 109 19 87 141 87 141 11 131 11 131 33 9 4 52 11 128 21 128 21 106 143 106 143 30 133 30 133 52 11 0 0x1.38p3 2 4 33 9 109 19 109 19 87 141 106 143 30 133 30 133 52 11 1 0x1.16p6 0x1.3p6 0x1.16p6 0x1.3p6
DOORGENERAL 4 13 -30 83 -6 83 -6 59 96 59 96 -11 72 -11 72 13 -30 4 83 -6 153 18 153 18 129 120 129 120 59 96 59 96 83 -6 1 0x1.ap1 1 4 83 -6 153 18 83 -6 59 96 129 120 59 96 59 96 83 -6 2 0x1.4730af3e232c9p6 -0x1.c774640abeadp-1 0x1.1cp6 0x1.6800000000001p5 0x1.1cp6 0x1.6800000000001p5 0x1.e19ea183b9a6ep5 0x1.6b8ee8c8157d6p6
DOORGENERAL 4 -30 -127 44 -105 44 -105 24 -9 24 -9 -50 -31 -50 -31 -30 -127 4 24 -9 98 13 98 13 78 109 78 109 4 87 4 87 24 -9 0 0x1.fp2 0 4 24 -9 98 13 44 -105 24 -9 24 -9 -50 -31 4 87 24 -9 1 0x1.8p4 -0x1.2p3 0x1.8p4 -0x1.2p3
DOORGENERAL 4 -37 -105 69 -79 69 -79 53 9 53 9 -53 -17 -53 -17 -37 -105 4 175 -53 281 -27 281 -27 265 61 265 61 159 35 159 35 175 -53 1 0x1.4p1 -1 0 0
DOORGENERAL 4 -94 -101 54 -75 54 -75 32 -31 32 -31 -116 -57 -116 -57 -94 -101 4 -57 -95 91 -69 91 -69 69 -25 69 -25 -79 -51 -79 -51 -57 -95 0 0x1.8p1 2 4 -94 -101 54 -75 54 -75 32 -31 69 -25 -79 -51 -79 -51 -57 -95 1 -0x1.9p3 -0x1.f800000000001p5 -0x1.9p3 -0x1.f800000000001p5
DOORGENERAL 4 -105 -77 19 -65 19 -65 5 7 5 7 -119 -5 -119 -5 -105 -77 4 19 -65 143 -53 143 -53 129 19 129 19 5 7 5 7 19 -65 1 0x1.7p2 1 4 19 -65 143 -53 19 -65 5 7 129 19 5 7 5 7 19 -65 1 0x1.185508962c4d7p4 -0x1.cb23ccefdfa2ap5 0x1.9eabdda74eca4p2 -0x1.370cc408176p-1
DOORGENERAL 4 43 -1 135 17 135 17 113 111 113 111 21 93 21 93 43 -1 4 113 111 205 129 205 129 183 223 183 223 91 205 91 205 113 111 0 0x1.8p2 0 4 113 111 205 129 135 17 113 111 113 111 21 93 91 205 113 111 1 0x1.c4p6 0x1.bcp6 0x1.c4p6 0x1.bcp6
DOORGENERAL 4 4 15 144 21 144 21 128 97 128 97 -12 91 -12 91 4 15 4 284 27 424 33 424 33 408 109 408 109 268 103 268 103 284 27 0 0x1.1p3 -1 0 0
DOORGENERAL 4 17 -109 87 -87 87 -87 65 23 65 23 -5 1 -5 1 17 -109 4 34 -104 104 -82 104 -82 82 28 82 28 12 6 12 6 34 -104 1 0x1.3p2 2 4 17 -109 87 -87 87 -87 65 23 82 28 12 6 12 6 34 -104 2 0x1.1c66b4686c382p5 -0x1.847e58d1dfa82p6 0x1.8cp5 -0x1.44p5 0x1.8cp5 -0x1.44p5 0x1.fb994b9793c7ep5 0x1.01f963477ea08p4
DOORGENERAL 4 -52 -39 34 -31 34 -31 24 43 24 43 -62 35 -62 35 -52 -39 4 34 -31 120 -23 120 -23 110 51 110 51 24 43 24 43 34 -31 0 0x1.6p1 1 4 34 -31 120 -23 34 -31 24 43 110 51 24 43 24 43 34 -31 2 0x1.0ae93f283c587p5 -0x1.a4af40537d1cbp4 0x1.dp4 0x1.7fffffffffffcp2 0x1.dp4 0x1.7fffffffffffcp2 0x1.8a2d81af874f2p4 0x1.3257a029be8e4p5
DOORGENERAL 4 -41 -67 29 -47 29 -47 7 45 7 45 -63 25 -63 25 -41 -67 4 7 45 77 65 77 65 55 157 55 157 -15 137 -15 137 7 45 1 0x1.fp2 0 4 7 45 77 65 29 -47 7 45 7 45 -63 25 -15 137 7 45 1 0x1.cp2 0x1.68p5 0x1.cp2 0x1.68p5
DOORGENERAL 4 -67 -10 39 8 39 8 27 132 27 132 -79 114 -79 114 -67 -10 4 145 26 251 44 251 44 239 168 239 168 133 150 133 150 145 26 1 0x1.28p3 -1 0 0
DOORGENERAL 4 -36 -110 46 -98 46 -98 20 -14 20 -14 -62 -26 -62 -26 -36 -110 4 -16 -107 66 -95 66 -95 40 -11 40 -11 -42 -23 -42 -23 -16 -107 0 0x1.4p0 2 4 -16 -107 66 -95 46 -98 20 -14 20 -14 -62 -26 -42 -23 -16 -107 1 0x1.0p1 -0x1.e4p5 0x1.0p1 -0x1.e4p5
DOORGENERAL 4 -69 2 -15 14 -15 14 -35 144 -35 144 -89 132 -89 132 -69 2 4 -15 14 39 26 39 26 19 156 19 156 -35 144 -35 144 -15 14 0 0x1.8p1 1 4 -15 14 39 26 -15 14 -35 144 19 156 -35 144 -35 144 -15 14 3 -0x1.f8544323eecdcp3 0x1.2f11da34c81cbp4 -0x1.5eb8b5db5277ap4 0x1.d7d84f08cc04cp5 -0x1.5eb8b5db5277ap4 0x1.d7d84f08cc04cp5 -0x1.c1474a24ad886p4 0x1.8c13d87b99fdap6 -0x1.c1474a24ad886p4 0x1.8c13d87b99fdap6 -0x1.11eaef37044c9p5 0x1.161dc4b966fc6p7
DOORGENERAL 4 -136 -59 4 -51 4 -51 -8 -5 -8 -5 -148 -13 -148 -13 -136 -59 4 -8 -5 132 3 132 3 120 49 120 49 -20 41 -20 41 -8 -5 1 0x1.0p1 0 4 -8 -5 132 3 4 -51 -8 -5 -8 -5 -148 -13 -20 41 -8 -5 1 -0x1.0p3 -0x1.4p2 -0x1.0p3 -0x1.4p2
DOORGENERAL 4 -112 7 8 25 8 25 0 69 0 69 -120 51 -120 51 -112 7 4 128 43 248 61 248 61 240 105 240 105 120 87 120 87 128 43 1 0x1.2p2 -1 0 0
DOORGENERAL 4 -65 -116 21 -94 21 -94 3 -42 3 -42 -83 -64 -83 -64 -65 -116 4 -44 -111 42 -89 42 -89 24 -37 24 -37 -62 -59 -62 -59 -44 -111 1 0x1.0p1 2 4 -65 -116 21 -94 21 -94 3 -42 24 -37 -62 -59 -62 -59 -44 -111 3 -0x1.4ebf500eb6593p5 -0x1.ad78e7b280647p6 -0x1.b9d4e009cee62p4 -0x1.5b284d3b80218p6 -0x1.b9d4e009cee62p4 -0x1.5b284d3b80218p6 -0x1.ac563fec6233cp3 -0x1.08d7b2c47fde8p6 -0x1.ac563fec6233cp3 -0x1.08d7b2c47fde8p6 0x1.afd403ad964cp-1 -0x1.6d0e309aff372p5
DOORGENERAL 4 -108 -2 16 6 16 6 6 70 6 70 -118 62 -118 62 -108 -2 4 16 6 140 14 140 14 130 78 130 78 6 70 6 70 16 6 1 0x1.bp2 1 4 16 6 140 14 16 6 6 70 130 78 6 70 6 70 16 6 1 0x1.d4c643e596933p3 0x1.d4a4b3dc3c51fp3 0x1.d6737834d2d9ap2 0x1.ead6d308f0eb8p5
DOORGENERAL 4 -18 -34 124 -22 124 -22 110 38 110 38 -32 26 -32 26 -18 -34 4 110 38 252 50 252 50 238 110 238 110 96 98 96 98 110 38 0 0x1.3p3 0 4 110 38 252 50 124 -22 110 38 110 38 -32 26 96 98 110 38 1 0x1.b8p6 0x1.3p5 0x1.b8p6 0x1.3p5
DOORGENERAL 4 -91 -56 -37 -38 -37 -38 -49 4 -49 4 -103 -14 -103 -14 -91 -56 4 17 -20 71 -2 71 -2 59 40 59 40 5 22 5 22 17 -20 0 0x1.8p2 -1 0 0
DOORGENERAL 4 27 -77 81 -67 81 -67 55 -25 55 -25 1 -35 1 -35 27 -77 4 40 -75 94 -65 94 -65 68 -23 68 -23 14 -33 14 -33 40 -75 0 0x1.4p2 2 4 27 -77 81 -67 81 -67 55 -25 68 -23 14 -33 14 -33 40 -75 1 0x1.7cp5 -0x1.8ffffffffffffp5 0x1.7cp5 -0x1.8ffffffffffffp5
DOORGENERAL 4 17 -75 105 -65 105 -65 83 -5 83 -5 -5 -15 -5 -15 17 -75 4 105 -65 193 -55 193 -55 171 5 171 5 83 -5 83 -5 105 -65 0 0x1.2p1 1 4 105 -65 193 -55 105 -65 83 -5 171 5 83 -5 83 -5 105 -65 2 0x1.9e25cdc3aa444p6 -0x1.e814054289742p5 0x1.78p6 -0x1.18p5 0x1.78p6 -0x1.18p5 0x1.51da323c55bbcp6 -0x1.1fafeaf5da2f8p3
DOORGENERAL 4 -100 6 -10 32 -10 32 -16 134 -16 134 -106 108 -106 108 -100 6 4 -16 134 74 160 74 160 68 262 68 262 -22 236 -22 236 -16 134 1 0x1.bp2 0 4 -16 134 74 160 -10 32 -16 134 -16 134 -106 108 -22 236 -16 134 1 -0x1.0p4 0x1.0cp7 -0x1.0p4 0x1.0cp7
DOORGENERAL 4 -136 -101 2 -77 2 -77 -18 -15 -18 -15 -156 -39 -156 -39 -136 -101 4 140 -53 278 -29 278 -29 258 33 258 33 120 9 120 9 140 -53 0 0x1.dp2 -1 0 0
DOORGENERAL 4 -77 -81 -25 -59 -25 -59 -41 7 -41 7 -93 -15 -93 -15 -77 -81 4 -64 -76 -12 -54 -12 -54 -28 12 -28 12 -80 -10 -80 -10 -64 -76 0 0x1.1p3 2 4 -77 -81 -25 -59 -25 -59 -41 7 -28 12 -80 -10 -80 -10 -64 -76 1 -0x1.a4p5 -0x1.14p5 -0x1.a4p5 -0x1.14p5
DOORGENERAL 4 -15 -62 63 -40 63 -40 37 70 37 70 -41 48 -41 48 -15 -62 4 63 -40 141 -18 141 -18 115 92 115 92 37 70 37 70 63 -40 0 0x1.5p2 1 4 63 -40 141 -18 63 -40 37 70 115 92 37 70 37 70 63 -40 2 0x1.eaa89501e3657p5 -0x1.078e27a586fbep5 0x1.9p5 0x1.dfffffffffffcp3 0x1.9p5 0x1.dfffffffffffcp3 0x1.35576afe1c9aap5 0x1.f78e27a586fbcp5
DOORGENERAL 4 -71 -2 33 20 33 20 23 150 23 150 -81 128 -81 128 -71 -2 4 23 150 127 172 127 172 117 302 117 302 13 280 13 280 23 150 1 0x1.2p3 0 4 23 150 127 172 33 20 23 150 23 150 -81 128 13 280 23 150 1 0x1.7p4 0x1.2cp7 0x1.7p4 0x1.2cp7
DOORGENERAL 4 -98 -14 -20 4 -20 4 -42 46 -42 46 -120 28 -120 28 -98 -14 4 58 22 136 40 136 40 114 82 114 82 36 64 36 64 58 22 0 0x1.4p1 -1 0 0
DOORGENERAL 4 23 -79 119 -73 119 -73 93 31 93 31 -3 25 -3 25 23 -79 4 47 -78 143 -72 143 -72 117 32 117 32 21 26 21 26 47 -78 1 0x1.2p3 2 4 23 -79 119 -73 119 -73 93 31 117 32 21 26 21 26 47 -78 2 0x1.99a6ad09ae2cbp5 -0x1.0d9506a7d5d99p6 0x1.18p6 -0x1.7800000000002p4 0x1.18p6 -0x1.7800000000002p4 0x1.632ca97b28e9ap6 0x1.46541a9f57664p4
DOORGENERAL 4 -130 -81 10 -59 10 -59 2 31 2 31 -138 9 -138 9 -130 -81 4 10 -59 150 -37 150 -37 142 53 142 53 2 31 2 31 10 -59 0 0x1.3p2 1 4 10 -59 150 -37 10 -59 2 31 142 53 2 31 2 31 10 -59 2 0x1.2ce01a8fc8a9dp3 -0x1.a2364ab4645dbp5 0x1.7ffffffffffffp2 -0x1.c000000000004p3 0x1.7ffffffffffffp2 -0x1.c000000000004p3 0x1.4c7f95c0dd58ap1 0x1.846c9568c8bb4p4
DOORGENERAL 4 -23 27 123 41 123 41 111 125 111 125 -35 111 -35 111 -23 27 4 111 125 257 139 257 139 245 223 245 223 99 209 99 209 111 125 1 0x1.08p3 0 4 111 125 257 139 123 41 111 125 111 125 -35 111 99 209 111 125 1 0x1.bcp6 0x1.f4p6 0x1.bcp6 0x1.f4p6
DOORGENERAL 4 36 -122 126 -104 126 -104 104 26 104 26 14 8 14 8 36 -122 4 216 -86 306 -68 306 -68 284 62 284 62 194 44 194 44 216 -86 0 0x1.fp2 -1 0 0
DOORGENERAL 4 -86 -1 16 13 16 13 -10 71 -10 71 -112 57 -112 57 -86 -1 4 -61 2 41 16 41 16 15 74 15 74 -87 60 -87 60 -61 2 1 0x1.0p-1 2 4 -86 -1 16 13 16 13 -10 71 15 74 -87 60 -87 60 -61 2 4 -0x1.dd6c7cff89432p5 0x1.19ce529bd13d5p2 -0x1.7cb63e7fc4a19p5 0x1.4739ca537a27ap4 -0x1.7cb63e7fc4a19p5 0x1.4739ca537a27ap4 -0x1.1cp5 0x1.24p5 -0x1.1cp5 0x1.24p5 -0x1.7693830076bcep4 0x1.a4631ad642ec2p5 -0x1.7693830076bcep4 0x1.a4631ad642ec2p5 -0x1.6a4e0c01daf38p3 0x1.12631ad642ec2p6
DOORGENERAL 4 21 31 133 37 133 37 111 91 111 91 -1 85 -1 85 21 31 4 133 37 245 43 245 43 223 97 223 97 111 91 111 91 133 37 1 0x1.cp1 1 4 133 37 245 43 133 37 111 91 223 97 111 91 111 91 133 37 2 0x1.05d9882ee12a1p7 0x1.50bf811c7491dp5 0x1.e8p6 0x1.0p6 0x1.e8p6 0x1.0p6 0x1.c44cefa23dabfp6 0x1.57a03f71c5b71p6
DOORGENERAL 4 26 -120 86 -104 86 -104 76 -2 76 -2 16 -18 16 -18 26 -120 4 76 -2 136 14 136 14 126 116 126 116 66 100 66 100 76 -2 0 0x1.8p0 0 4 76 -2 136 14 86 -104 76 -2 76 -2 16 -18 66 100 76 -2 1 0x1.3p6 -0x1.0p1 0x1.3p6 -0x1.0p1
DOORGENERAL 4 -4 -52 100 -44 100 -44 94 0 94 0 -10 -8 -10 -8 -4 -52 4 204 -36 308 -28 308 -28 302 16 302 16 198 8 198 8 204 -36 1 0x1.dp2 -1 0 0
DOORGENERAL 4 6 -73 156 -59 156 -59 150 39 150 39 0 25 0 25 6 -73 4 43 -70 193 -56 193 -56 187 42 187 42 37 28 37 28 43 -70 1 0x1.ep2 2 4 6 -73 156 -59 156 -59 150 39 187 42 37 28 37 28 43 -70 2 0x1.8d42141899552p5 -0x1.f664d4b41bbaap5 0x1.82p6 -0x1.fp3 0x1.82p6 -0x1.fp3 0x1.1eaf7af9d9aabp7 0x1.fcc9a96837754p4
DOORGENERAL 4 -70 -105 46 -97 46 -97 38 -15 38 -15 -78 -23 -78 -23 -70 -105 4 46 -97 162 -89 162 -89 154 -7 154 -7 38 -15 38 -15 46 -97 0 0x1.ap1 1 4 46 -97 162 -89 46 -97 38 -15 154 -7 38 -15 38 -15 46 -97 2 0x1.6bebfb2edff4bp5 -0x1.6f1967503bc5fp6 0x1.5p5 -0x1.cp5 0x1.5p5 -0x1.cp5 0x1.341404d1200b5p5 -0x1.439a62bf10e84p4
DOORGENERAL 4 -32 -46 56 -32 56 -32 50 52 50 52 -38 38 -38 38 -32 -46 4 50 52 138 66 138 66 132 150 132 150 44 136 44 136 50 52 1 0x1.5p2 0 4 50 52 138 66 56 -32 50 52 50 52 -38 38 44 136 50 52 1 0x1.9p5 0x1.ap5 0x1.9p5 0x1.ap5
DOORGENERAL 4 -4 -96 62 -70 62 -70 42 50 42 50 -24 24 -24 24 -4 -96 4 128 -44 194 -18 194 -18 174 102 174 102 108 76 108 76 128 -44 1 0x1.ep1 -1 0 0
DOORGENERAL 4 -46 -114 40 -104 40 -104 30 -32 30 -32 -56 -42 -56 -42 -46 -114 4 -25 -112 61 -102 61 -102 51 -30 51 -30 -35 -40 -35 -40 -25 -112 1 0x1.fp2 2 4 -46 -114 40 -104 40 -104 30 -32 51 -30 -35 -40 -35 -40 -25 -112 1 -0x1.37ccce6aecebap4 -0x1.9e4261e8c7755p6 0x1.87ccce6aecebap4 -0x1.437b3c2e71158p5
DOORGENERAL 4 -10 -1 136 23 136 23 126 75 126 75 -20 51 -20 51 -10 -1 4 136 23 282 47 282 47 272 99 272 99 126 75 126 75 136 23 0 0x1.7p2 1 4 136 23 282 47 136 23 126 75 272 99 126 75 126 75 136 23 1 0x1.0d12a74e873cbp7 0x1.e9c4d00a0623p4 0x1.fddab162f186ap6 0x1.0d8ecbfd7e774p6
DOORGENERAL 4 -113 -6 21 14 21 14 5 110 5 110 -129 90 -129 90 -113 -6 4 5 110 139 130 139 130 123 226 123 226 -11 206 -11 206 5 110 0 0x1.cp2 0 4 5 110 139 130 21 14 5 110 5 110 -129 90 -11 206 5 110 1 0x1.4p2 0x1.b8p6 0x1.4p2 0x1.b8p6
DOORGENERAL 4 -6 -51 86 -41 86 -41 74 13 74 13 -18 3 -18 3 -6 -51 4 178 -31 270 -21 270 -21 258 33 258 33 166 23 166 23 178 -31 1 0x1.38p3 -1 0 0
DOORGENERAL 4 -118 26 -4 50 -4 50 -16 98 -16 98 -130 74 -130 74 -118 26 4 -90 32 24 56 24 56 12 104 12 104 -102 80 -102 80 -90 32 1 0x1.4p0 2 4 -90 32 24 56 -4 50 -16 98 -16 98 -130 74 -102 80 -90 32 4 -0x1.c898252a93d14p2 0x1.985e1ffe06894p5 -0x1.e11304a5527a4p4 0x1.d02f0fff0344ap5 -0x1.e11304a5527a4p4 0x1.d02f0fff0344ap5 -0x1.a800000000002p5 0x1.04p6 -0x1.a800000000002p5 0x1.04p6 -0x1.2fbb3ed6ab618p6 0x1.1fe878007e5dbp6 -0x1.2fbb3ed6ab618p6 0x1.1fe878007e5dbp6 -0x1.8b767dad56c2fp6 0x1.3bd0f000fcbb6p6
DOORGENERAL 4 24 -53 76 -31 76 -31 68 61 68 61 16 39 16 39 24 -53 4 76 -31 128 -9 128 -9 120 83 120 83 68 61 68 61 76 -31 0 0x1.fp2 1 4 76 -31 128 -9 76 -31 68 61 120 83 68 61 68 61 76 -31 1 0x1.2c9f17045b123p6 -0x1.549622c85d456p4 0x1.1360e8fba4eddp6 0x1.9a4b11642ea2ap5
DOORGENERAL 4 -102 47 28 57 28 57 14 111 14 111 -116 101 -116 101 -102 47 4 14 111 144 121 144 121 130 175 130 175 0 165 0 165 14 111 1 0x1.ap2 0 4 14 111 144 121 28 57 14 111 14 111 -116 101 0 165 14 111 1 0x1.cp3 0x1.bcp6 0x1.cp3 0x1.bcp6
DOORGENERAL 4 3 -39 149 -25 149 -25 127 61 127 61 -19 47 -19 47 3 -39 4 295 -11 441 3 441 3 419 89 419 89 273 75 273 75 295 -11 1 0x1.0p2 -1 0 0
DOORGENERAL 4 -79 -29 19 -23 19 -23 5 21 5 21 -93 15 -93 15 -79 -29 4 -55 -28 43 -22 43 -22 29 22 29 22 -69 16 -69 16 -55 -28 1 0x0.0p0 2 4 -79 -29 19 -23 19 -23 5 21 29 22 -69 16 -69 16 -55 -28 4 -0x1.aca9919ad1cddp5 -0x1.a4aeaf62f1a2dp4 -0x1.3a54c8cd68e6ep5 -0x1.dcaeaf62f1a2dp3 -0x1.3a54c8cd68e6ep5 -0x1.dcaeaf62f1a2dp3 -0x1.8ffffffffffffp4 -0x1.cp1 -0x1.8ffffffffffffp4 -0x1.cp1 -0x1.56acdcca5c644p3 0x1.f95d5ec5e3454p2 -0x1.56acdcca5c644p3 0x1.f95d5ec5e3454p2 0x1.ca9919ad1cdep1 0x1.34aeaf62f1a2dp4
DOORGENERAL 4 -63 -75 47 -49 47 -49 25 73 25 73 -85 47 -85 47 -63 -75 4 47 -49 157 -23 157 -23 135 99 135 99 25 73 25 73 47 -49 1 0x1.ap1 1 4 47 -49 157 -23 47 -49 25 73 135 99 25 73 25 73 47 -49 3 0x1.708be4015cac4p5 -0x1.5eaaaa9330754p5 0x1.3ad94c0074397p5 -0x1.a71c718881388p2 0x1.3ad94c0074397p5 -0x1.a71c718881388p2 0x1.0526b3ff8bc69p5 0x1.e9c71c62204e4p4 0x1.0526b3ff8bc69p5 0x1.e9c71c62204e4p4 0x1.9ee837fd46a78p4 0x1.0f555549983aap6
DOORGENERAL 4 -84 -42 48 -32 48 -32 36 72 36 72 -96 62 -96 62 -84 -42 4 36 72 168 82 168 82 156 186 156 186 24 176 24 176 36 72 0 0x1.0p-2 0 4 36 72 168 82 48 -32 36 72 36 72 -96 62 24 176 36 72 1 0x1.2p5 0x1.2p6 0x1.2p5 0x1.2p6
DOORGENERAL 4 -79 -65 -23 -53 -23 -53 -35 37 -35 37 -91 25 -91 25 -79 -65 4 33 -41 89 -29 89 -29 77 61 77 61 21 49 21 49 33 -41 1 0x1.1p2 -1 0 0
DOORGENERAL 4 -48 -100 54 -84 54 -84 40 46 40 46 -62 30 -62 30 -48 -100 4 -23 -96 79 -80 79 -80 65 50 65 50 -37 34 -37 34 -23 -96 1 0x0.0p0 2 4 -23 -96 79 -80 54 -84 40 46 40 46 -62 30 -37 34 -23 -96 8 0x1.a627dd799646cp5 -0x1.495bf10ca6389p6 0x1.4d9de61b30b51p5 -0x1.1004f4c97caa7p6 0x1.4d9de61b30b51p5 -0x1.1004f4c97caa7p6 0x1.ea27dd799646cp4 -0x1.ad5bf10ca638ap5 0x1.ea27dd799646cp4 -0x1.ad5bf10ca638ap5 0x1.3913eebccb236p4 -0x1.3aadf886531c5p5 0x1.3913eebccb236p4 -0x1.3aadf886531c5p5 0x1.1p3 -0x1.9000000000004p4 0x1.1p3 -0x1.9000000000004p4 -0x1.489f75e6591ap1 -0x1.55481de6b38f8p3 -0x1.489f75e6591ap1 -0x1.55481de6b38f8p3 -0x1.b44fbaf32c8d8p3 0x1.d5bf10ca6388p1 -0x1.b44fbaf32c8d8p3 0x1.d5bf10ca6388p1 -0x1.8b3bcc36616a4p4 0x1.2013d325f2a98p4 -0x1.8b3bcc36616a4p4 0x1.2013d325f2a98p4 -0x1.1e27dd799646cp5 0x1.02b7e2194c71p5
DOORGENERAL 4 -56 -112 28 -86 28 -86 22 -6 22 -6 -62 -32 -62 -32 -56 -112 4 28 -86 112 -60 112 -60 106 20 106 20 22 -6 22 -6 28 -86 0 0x1.dp2 1 4 28 -86 112 -60 28 -86 22 -6 106 20 22 -6 22 -6 28 -86 1 0x1.b4ee5bc2ca6e9p4 -0x1.331a8733f81b4p6 0x1.6b11a43d35917p4 -0x1.e72bc6603f26p3
DOORGENERAL 4 -32 -39 26 -33 26 -33 18 77 18 77 -40 71 -40 71 -32 -39 4 18 77 76 83 76 83 68 193 68 193 10 187 10 187 18 77 0 0x1.8p-1 0 4 18 77 76 83 26 -33 18 77 18 77 -40 71 10 187 18 77 1 0x1.2p4 0x1.34p6 0x1.2p4 0x1.34p6
DOORGENERAL 4 64 -91 120 -69 120 -69 94 5 94 5 38 -17 38 -17 64 -91 4 176 -47 232 -25 232 -25 206 49 206 49 150 27 150 27 176 -47 0 0x1.1p2 -1 0 0
DOORGENERAL 4 -77 -15 3 -7 3 -7 -9 51 -9 51 -89 43 -89 43 -77 -15 4 -57 -13 23 -5 23 -5 11 53 11 53 -69 45 -69 45 -57 -13 1 0x1.3p2 2 4 -57 -13 23 -5 3 -7 -9 51 11 53 -69 45 -69 45 -57 -13 1 -0x1.92449b1b1e322p5 -0x1.8a81d7a4727a7p3 -0x1.dbb64e4e1cdep1 -0x1.eafc50b71b0b2p2
DOORGENERAL 4 -88 14 -22 22 -22 22 -28 144 -28 144 -94 136 -94 136 -88 14 4 -22 22 44 30 44 30 38 152 38 152 -28 144 -28 144 -22 22 1 0x1.3p3 1 4 -22 22 44 30 -22 22 -28 144 38 152 -28 144 -28 144 -22 22 2 -0x1.6909cb2d7145cp4 0x1.0be391a354efcp5 -0x1.9p4 0x1.4cp6 -0x1.9p4 0x1.4cp6 -0x1.b6f634d28eba4p4 0x1.09071b972ac41p7
DOORGENERAL 4 44 -88 96 -64 96 -64 74 28 74 28 22 4 22 4 44 -88 4 74 28 126 52 126 52 104 144 104 144 52 120 52 120 74 28 0 0x1.3p2 0 4 74 28 126 52 96 -64 74 28 74 28 22 4 52 120 74 28 1 0x1.28p6 0x1.cp4 0x1.28p6 0x1.cp4
DOORGENERAL 4 -65 -16 -1 2 -1 2 -19 66 -19 66 -83 48 -83 48 -65 -16 4 63 20 127 38 127 38 109 102 109 102 45 84 45 84 63 20 1 0x1.2p2 -1 0 0
DOORGENERAL 4 12 -91 124 -85 124 -85 114 -35 114 -35 2 -41 2 -41 12 -91 4 40 -90 152 -84 152 -84 142 -34 142 -34 30 -40 30 -40 40 -90 0 0x1.7p2 2 4 12 -91 124 -85 124 -85 114 -35 142 -34 30 -40 30 -40 40 -90 1 0x1.34p6 -0x1.f4p5 0x1.34p6 -0x1.f4p5
DOORGENERAL 4 6 -120 58 -112 58 -112 34 2 34 2 -18 -6 -18 -6 6 -120 4 58 -112 110 -104 110 -104 86 10 86 10 34 2 34 2 58 -112 0 0x1.ep2 1 4 58 -112 110 -104 58 -112 34 2 86 10 34 2 34 2 58 -112 2 0x1.c057dc2e3f95dp5 -0x1.9ad0aaedd703ep6 0x1.7p5 -0x1.b8p5 0x1.7p5 -0x1.b8p5 0x1.1fa823d1c06a3p5 -0x1.d2f551228fc3p2
DOORGENERAL 4 -62 -95 20 -79 20 -79 -2 23 -2 23 -84 7 -84 7 -62 -95 4 -2 23 80 39 80 39 58 141 58 141 -24 125 -24 125 -2 23 1 0x1.bp2 0 4 -2 23 80 39 20 -79 -2 23 -2 23 -84 7 -24 125 -2 23 1 -0x1.0p1 0x1.7p4 -0x1.0p1 0x1.7p4
DOORGENERAL 4 -5 -48 51 -36 51 -36 37 76 37 76 -19 64 -19 64 -5 -48 4 107 -24 163 -12 163 -12 149 100 149 100 93 88 93 88 107 -24 0 0x1.ap1 -1 0 0
DOORGENERAL 4 6 -16 148 -8 148 -8 140 48 140 48 -2 40 -2 40 6 -16 4 41 -14 183 -6 183 -6 175 50 175 50 33 42 33 42 41 -14 0 0x1.8p-1 2 4 41 -14 183 -6 148 -8 140 48 140 48 -2 40 33 42 41 -14 1 0x1.6ap6 0x1.1p4 0x1.6ap6 0x1.1p4
DOORGENERAL 4 32 -145 106 -127 106 -127 80 -9 80 -9 6 -27 6 -27 32 -145 4 106 -127 180 -109 180 -109 154 9 154 9 80 -9 80 -9 106 -127 1 0x1.0p-2 1 4 106 -127 180 -109 106 -127 80 -9 154 9 80 -9 80 -9 106 -127 6 0x1.a6103b20c046p6 -0x1.f335f8a854eeep6 0x1.9560276b2ad95p6 -0x1.a7795070389f4p6 0x1.9560276b2ad95p6 -0x1.a7795070389f4p6 0x1.84b013b5956cbp6 -0x1.5bbca8381c4fap6 0x1.84b013b5956cbp6 -0x1.5bbca8381c4fap6 0x1.74p6 -0x1.1p6 0x1.74p6 -0x1.1p6 0x1.634fec4a6a935p6 -0x1.8886af8fc760cp5 0x1.634fec4a6a935p6 -0x1.8886af8fc760cp5 0x1.529fd894d526bp6 -0x1.e21abe3f1d82cp4 0x1.529fd894d526bp6 -0x1.e21abe3f1d82cp4 0x1.41efc4df3fbap6 -0x1.66503abd5889p3
DOORGENERAL 4 -13 -59 61 -39 61 -39 55 81 55 81 -19 61 -19 61 -13 -59 4 55 81 129 101 129 101 123 221 123 221 49 201 49 201 55 81 0 0x1.ap1 0 4 55 81 129 101 61 -39 55 81 55 81 -19 61 49 201 55 81 1 0x1.b8p5 0x1.44p6 0x1.b8p5 0x1.44p6
DOORGENERAL 4 -97 1 39 21 39 21 15 137 15 137 -121 117 -121 117 -97 1 4 175 41 311 61 311 61 287 177 287 177 151 157 151 157 175 41 1 0x1.4p1 -1 0 0
DOORGENERAL 4 48 -99 100 -83 100 -83 86 21 86 21 34 5 34 5 48 -99 4 61 -95 113 -79 113 -79 99 25 99 25 47 9 47 9 61 -95 1 0x1.ap2 2 4 61 -95 113 -79 100 -83 86 21 99 25 47 9 47 9 61 -95 1 0x1.147f19b9d6942p6 -0x1.720046da82e62p6 0x1.6f80e646296bep6 -0x1.55ffb9257d19ep6
DOORGENERAL 4 -92 -105 4 -99 4 -99 -20 -25 -20 -25 -116 -31 -116 -31 -92 -105 4 4 -99 100 -93 100 -93 76 -19 76 -19 -20 -25 -20 -25 4 -99 1 0x1.2p1 1 4 4 -99 100 -93 4 -99 -20 -25 76 -19 -20 -25 -20 -25 4 -99 2 0x1.582c66d7f12b4p1 -0x1.7bd4473e23e78p6 -0x1.0000000000001p3 -0x1.fp5 -0x1.0000000000001p3 -0x1.fp5 -0x1.2b058cdafe257p4 -0x1.d0aee3077062p4
DOORGENERAL 4 -95 -58 -3 -44 -3 -44 -29 80 -29 80 -121 66 -121 66 -95 -58 4 -29 80 63 94 63 94 37 218 37 218 -55 204 -55 204 -29 80 0 0x1.0p1 0 4 -29 80 63 94 -3 -44 -29 80 -29 80 -121 66 -55 204 -29 80 1 -0x1.dp4 0x1.4p6 -0x1.dp4 0x1.4p6
DOORGENERAL 4 -8 -46 60 -32 60 -32 38 40 38 40 -30 26 -30 26 -8 -46 4 128 -18 196 -4 196 -4 174 68 174 68 106 54 106 54 128 -18 1 0x1.6p2 -1 0 0
DOORGENERAL 4 21 -83 125 -71 125 -71 115 49 115 49 11 37 11 37 21 -83 4 47 -80 151 -68 151 -68 141 52 141 52 37 40 37 40 47 -80 1 0x1.4p2 2 4 47 -80 151 -68 125 -71 115 49 141 52 37 40 37 40 47 -80 2 0x1.afa182b06ec1fp5 -0x1.3cca5fd848612p6 0x1.58p6 -0x1.2ep6 0x1.58p6 -0x1.2ep6 0x1.d82f3ea7c89fp6 -0x1.1f35a027b79eep6
DOORGENERAL 4 -93 -35 47 -27 47 -27 37 97 37 97 -103 89 -103 89 -93 -35 4 47 -27 187 -19 187 -19 177 105 177 105 37 97 37 97 47 -27 1 0x1.8p2 1 4 47 -27 187 -19 47 -27 37 97 177 105 37 97 37 97 47 -27 2 0x1.72dafc454b50fp5 -0x1.306a09e9b23dcp4 0x1.5p5 0x1.18p5 0x1.5p5 0x1.18p5 0x1.2d2503bab4af1p5 0x1.641a827a6c8f7p6
DOORGENERAL 4 -118 -101 18 -81 18 -81 4 -11 4 -11 -132 -31 -132 -31 -118 -101 4 4 -11 140 9 140 9 126 79 126 79 -10 59 -10 59 4 -11 0 0x1.2p1 0 4 4 -11 140 9 18 -81 4 -11 4 -11 -132 -31 -10 59 4 -11 1 0x1.0p2 -0x1.6p3 0x1.0p2 -0x1.6p3
DOORGENERAL 4 16 -40 80 -34 80 -34 70 10 70 10 6 4 6 4 16 -40 4 144 -28 208 -22 208 -22 198 22 198 22 134 16 134 16 144 -28 1 0x1.bp2 -1 0 0
DOORGENERAL 4 -118 -64 26 -54 26 -54 20 -10 20 -10 -124 -20 -124 -20 -118 -64 4 -82 -62 62 -52 62 -52 56 -8 56 -8 -88 -18 -88 -18 -82 -62 0 0x1.0p-1 2 4 -118 -64 26 -54 26 -54 20 -10 56 -8 -88 -18 -88 -18 -82 -62 1 -0x1.fp4 -0x1.2p5 -0x1.fp4 -0x1.2p5
DOORGENERAL 4 -83 -73 13 -47 13 -47 -1 71 -1 71 -97 45 -97 45 -83 -73 4 13 -47 109 -21 109 -21 95 97 95 97 -1 71 -1 71 13 -47 0 0x1.2p3 1 4 13 -47 109 -21 13 -47 -1 71 95 97 -1 71 -1 71 13 -47 2 0x1.76873533f59b6p3 -0x1.209ce6f6a0f52p5 0x1.8p2 0x1.7fffffffffffcp3 0x1.8p2 0x1.7fffffffffffcp3 0x1.2f1959814c94p-2 0x1.e09ce6f6a0f52p5
DOORGENERAL 4 -91 2 -13 18 -13 18 -23 94 -23 94 -101 78 -101 78 -91 2 4 -23 94 55 110 55 110 45 186 45 186 -33 170 -33 170 -23 94 0 0x1.5p2 0 4 -23 94 55 110 -13 18 -23 94 -23 94 -101 78 -33 170 -23 94 1 -0x1.7p4 0x1.78p6 -0x1.7p4 0x1.78p6
DOORGENERAL 4 -25 -50 47 -38 47 -38 37 6 37 6 -35 -6 -35 -6 -25 -50 4 119 -26 191 -14 191 -14 181 30 181 30 109 18 109 18 119 -26 1 0x1.0p0 -1 0 0
DOORGENERAL 4 -60 -31 88 -13 88 -13 70 31 70 31 -78 13 -78 13 -60 -31 4 -23 -27 125 -9 125 -9 107 35 107 35 -41 17 -41 17 -23 -27 0 0x0.0p0 2 4 -60 -31 88 -13 88 -13 70 31 107 35 -41 17 -41 17 -23 -27 1 0x1.78p4 0x1.0p1 0x1.78p4 0x1.0p1
DOORGENERAL 4 15 -46 71 -22 71 -22 49 70 49 70 -7 46 -7 46 15 -46 4 71 -22 127 2 127 2 105 94 105 94 49 70 49 70 71 -22 1 0x1.2p1 1 4 71 -22 127 2 71 -22 49 70 105 94 49 70 49 70 71 -22 3 0x1.180bd7646be19p6 -0x1.1ddd58be52606p4 0x1.fab28f9847ebbp5 0x1.416c6f811e6a8p3 0x1.fab28f9847ebbp5 0x1.416c6f811e6a8p3 0x1.c54d7067b8144p5 0x1.2fa4e41fb8657p5 0x1.c54d7067b8144p5 0x1.2fa4e41fb8657p5 0x1.8fe85137283cdp5 0x1.0777562f94982p6
DOORGENERAL 4 -99 -55 47 -33 47 -33 27 71 27 71 -119 49 -119 49 -99 -55 4 27 71 173 93 173 93 153 197 153 197 7 175 7 175 27 71 1 0x1.6p1 0 4 27 71 173 93 47 -33 27 71 27 71 -119 49 7 175 27 71 1 0x1.bp4 0x1.1cp6 0x1.bp4 0x1.1cp6
DOORGENERAL 4 -83 -124 63 -106 63 -106 49 2 49 2 -97 -16 -97 -16 -83 -124 4 209 -88 355 -70 355 -70 341 38 341 38 195 20 195 20 209 -88 0 0x1.28p3 -1 0 0
DOORGENERAL 4 -57 -123 11 -109 11 -109 -9 -31 -9 -31 -77 -45 -77 -45 -57 -123 4 -40 -120 28 -106 28 -106 8 -28 8 -28 -60 -42 -60 -42 -40 -120 1 0x1.08p3 2 4 -57 -123 11 -109 11 -109 -9 -31 8 -28 -60 -42 -60 -42 -40 -120 1 -0x1.258d79dd5549p5 -0x1.b775f339ba543p6 -0x1.89ca188aaadc2p3 -0x1.4914198c8b57ap5
DOORGENERAL 4 -38 -109 96 -93 96 -93 72 -7 72 -7 -62 -23 -62 -23 -38 -109 4 96 -93 230 -77 230 -77 206 9 206 9 72 -7 72 -7 96 -93 1 0x1.cp0 1 4 96 -93 230 -77 96 -93 72 -7 206 9 72 -7 72 -7 96 -93 3 0x1.7bf7cfdcd89bbp6 -0x1.658d5382082dfp6 0x1.5ea7eff44833ep6 -0x1.f908e256b01eap5 0x1.5ea7eff44833ep6 -0x1.f908e256b01eap5 0x1.4158100bb7cc2p6 -0x1.26f71da94fe15p5 0x1.4158100bb7cc2p6 -0x1.26f71da94fe15p5 0x1.2408302327645p6 -0x1.539563efbe908p3
DOORGENERAL 4 -99 -86 -27 -64 -27 -64 -45 -18 -45 -18 -117 -40 -117 -40 -99 -86 4 -45 -18 27 4 27 4 9 50 9 50 -63 28 -63 28 -45 -18 1 0x1.8p1 0 4 -45 -18 27 4 -27 -64 -45 -18 -45 -18 -117 -40 -63 28 -45 -18 1 -0x1.68p5 -0x1.2p4 -0x1.68p5 -0x1.2p4
DOORGENERAL 4 -29 -75 93 -55 93 -55 85 -15 85 -15 -37 -35 -37 -35 -29 -75 4 215 -35 337 -15 337 -15 329 25 329 25 207 5 207 5 215 -35 0 0x1.08p3 -1 0 0
DOORGENERAL 4 -135 -28 -9 -20 -9 -20 -23 74 -23 74 -149 66 -149 66 -135 -28 4 -104 -26 22 -18 22 -18 8 76 8 76 -118 68 -118 68 -104 -26 0 0x1.28p3 2 4 -104 -26 22 -18 -9 -20 -23 74 -23 74 -149 66 -118 68 -104 -26 1 -0x1.fcp5 0x1.8p4 -0x1.fcp5 0x1.8p4
DOORGENERAL 4 -64 -127 22 -103 22 -103 8 25 8 25 -78 1 -78 1 -64 -127 4 22 -103 108 -79 108 -79 94 49 94 49 8 25 8 25 22 -103 1 0x1.3p2 1 4 22 -103 108 -79 22 -103 8 25 94 49 8 25 8 25 22 -103 2 0x1.5441ed5d400b9p4 -0x1.8128f9f9b6f5dp6 0x1.ep3 -0x1.38p5 0x1.ep3 -0x1.38p5 0x1.177c25457fe8fp3 0x1.24a3e7e6dbd74p4
DOORGENERAL 4 -77 20 21 30 21 30 7 96 7 96 -91 86 -91 86 -77 20 4 7 96 105 106 105 106 91 172 91 172 -7 162 -7 162 7 96 0 0x1.ep1 0 4 7 96 105 106 21 30 7 96 7 96 -91 86 -7 162 7 96 1 0x1.cp2 0x1.8p6 0x1.cp2 0x1.8p6
DOORGENERAL 4 -6 -18 116 6 116 6 92 118 92 118 -30 94 -30 94 -6 -18 4 238 30 360 54 360 54 336 166 336 166 214 142 214 142 238 30 0 0x1.ap1 -1 0 0
DOORGENERAL 4 -80 42 70 52 70 52 62 94 62 94 -88 84 -88 84 -80 42 4 -43 44 107 54 107 54 99 96 99 96 -51 86 -51 86 -43 44 1 0x1.18p3 2 4 -80 42 70 52 70 52 62 94 99 96 -51 86 -51 86 -43 44 2 -0x1.0ac4f9ba2710ap5 0x1.880d7134be903p5 0x1.3p3 0x1.1400000000001p6 0x1.3p3 0x1.1400000000001p6 0x1.a2c4f9ba2710bp5 0x1.63f94765a0b8p6
DOORGENERAL 4 1 -61 57 -45 57 -45 45 5 45 5 -11 -11 -11 -11 1 -61 4 57 -45 113 -29 113 -29 101 21 101 21 45 5 45 5 57 -45 0 0x1.3p3 1 4 57 -45 113 -29 57 -45 45 5 101 21 45 5 45 5 57 -45 1 0x1.b28799a83bf8dp5 -0x1.0e8a55924f375p5 0x1.7d786657c4073p5 -0x1.8bad536d86458p2
DOORGENERAL 4 -81 15 57 21 57 21 39 125 39 125 -99 119 -99 119 -81 15 4 39 125 177 131 177 131 159 235 159 235 21 229 21 229 39 125 1 0x1.4p1 0 4 39 125 177 131 57 21 39 125 39 125 -99 119 21 229 39 125 1 0x1.38p5 0x1.f4p6 0x1.38p5 0x1.f4p6
DOORGENERAL 4 36 8 100 20 100 20 82 140 82 140 18 128 18 128 36 8 4 164 32 228 44 228 44 210 164 210 164 146 152 146 152 164 32 0 0x1.3p3 -1 0 0
DOORGENERAL 4 7 36 103 44 103 44 91 86 91 86 -5 78 -5 78 7 36 4 31 38 127 46 127 46 115 88 115 88 19 80 19 80 31 38 1 0x1.2p1 2 4 31 38 127 46 103 44 91 86 115 88 19 80 19 80 31 38 2 0x1.19e1ef2cf5654p5 0x1.32d2d3ee69c87p5 0x1.0cp6 0x1.48p5 0x1.0cp6 0x1.48p5 0x1.8b0f0869854d6p6 0x1.5d2d2c1196379p5
DOORGENERAL 4 -44 -4 20 20 20 20 8 98 8 98 -56 74 -56 74 -44 -4 4 20 20 84 44 84 44 72 122 72 122 8 98 8 98 20 20 1 0x1.6p2 1 4 20 20 84 44 20 20 8 98 72 122 8 98 8 98 20 20 2 0x1.2dc0cda50ce5bp4 0x1.b69ac74f2c2bp4 0x1.cp3 0x1.d8p5 0x1.cp3 0x1.d8p5 0x1.247e64b5e634ap3 0x1.6a594e2c34f54p6
DOORGENERAL 4 27 -103 127 -93 127 -93 115 -25 115 -25 15 -35 15 -35 27 -103 4 115 -25 215 -15 215 -15 203 53 203 53 103 43 103 43 115 -25 1 0x1.1p2 0 4 115 -25 215 -15 127 -93 115 -25 115 -25 15 -35 103 43 115 -25 1 0x1.ccp6 -0x1.9p4 0x1.ccp6 -0x1.9p4
DOORGENERAL 4 -87 -13 47 3 47 3 41 103 41 103 -93 87 -93 87 -87 -13 4 181 19 315 35 315 35 309 135 309 135 175 119 175 119 181 19 0 0x1.9p2 -1 0 0
DOORGENERAL 4 -76 -34 40 -10 40 -10 26 32 26 32 -90 8 -90 8 -76 -34 4 -47 -28 69 -4 69 -4 55 38 55 38 -61 14 -61 14 -47 -28 0 0x0.0p0 2 4 -47 -28 69 -4 40 -10 26 32 55 38 -61 14 -61 14 -47 -28 1 -0x1.5p3 0x1.0p1 -0x1.5p3 0x1.0p1
DOORGENERAL 4 -6 14 68 30 68 30 54 104 54 104 -20 88 -20 88 -6 14 4 68 30 142 46 142 46 128 120 128 120 54 104 54 104 68 30 1 0x1.6p1 1 4 68 30 142 46 68 30 54 104 128 120 54 104 54 104 68 30 2 0x1.0c77d2ab4ceccp6 0x1.1556717f6514ap5 0x1.e8p5 0x1.0cp6 0x1.e8p5 0x1.0cp6 0x1.b7105aa966268p5 0x1.8d54c7404d75bp6
DOORGENERAL 4 -49 30 37 52 37 52 19 102 19 102 -67 80 -67 80 -49 30 4 19 102 105 124 105 124 87 174 87 174 1 152 1 152 19 102 1 0x1.28p3 0 4 19 102 105 124 37 52 19 102 19 102 -67 80 1 152 19 102 1 0x1.3p4 0x1.98p6 0x1.3p4 0x1.98p6
DOORGENERAL 4 42 -51 128 -37 128 -37 102 25 102 25 16 11 16 11 42 -51 4 214 -23 300 -9 300 -9 274 53 274 53 188 39 188 39 214 -23 0 0x1.8p2 -1 0 0
DOORGENERAL 4 -72 -89 76 -75 76 -75 50 -33 50 -33 -98 -47 -98 -47 -72 -89 4 -35 -86 113 -72 113 -72 87 -30 87 -30 -61 -44 -61 -44 -35 -86 1 0x1.cp0 2 4 -72 -89 76 -75 76 -75 50 -33 87 -30 -61 -44 -61 -44 -35 -86 3 -0x1.00b53d19ee5d1p5 -0x1.4e50d700b18dbp6 -0x1.6c8df845264d4p2 -0x1.0e1af25590849p6 -0x1.6c8df845264d4p2 -0x1.0e1af25590849p6 0x1.4b237e1149938p4 -0x1.9bca1b54def6fp5 0x1.4b237e1149938p4 -0x1.9bca1b54def6fp5 0x1.78b53d19ee5d2p5 -0x1.1b5e51fe9ce4cp5
DOORGENERAL 4 10 -25 70 -13 70 -13 48 93 48 93 -12 81 -12 81 10 -25 4 70 -13 130 -1 130 -1 108 105 108 105 48 93 48 93 70 -13 1 0x1.8p-1 1 4 70 -13 130 -1 70 -13 48 93 108 105 48 93 48 93 70 -13 4 0x1.15c3be11b2d6dp6 -0x1.49d612aa33413p3 0x1.00e1df08d96b7p6 0x1.db14f6aae65f5p3 0x1.00e1df08d96b7p6 0x1.db14f6aae65f5p3 0x1.d8p5 0x1.3ffffffffffffp5 0x1.d8p5 0x1.3ffffffffffffp5 0x1.ae3c41ee4d293p5 0x1.049d612aa3341p6 0x1.ae3c41ee4d293p5 0x1.049d612aa3341p6 0x1.847883dc9a526p5 0x1.693ac25546682p6
DOORGENERAL 4 -9 -134 105 -116 105 -116 95 -22 95 -22 -19 -40 -19 -40 -9 -134 4 95 -22 209 -4 209 -4 199 90 199 90 85 72 85 72 95 -22 1 0x1.2p2 0 4 95 -22 209 -4 105 -116 95 -22 95 -22 -19 -40 85 72 95 -22 1 0x1.7cp6 -0x1.6p4 0x1.7cp6 -0x1.6p4
DOORGENERAL 4 7 -104 153 -96 153 -96 133 -4 133 -4 -13 -12 -13 -12 7 -104 4 299 -88 445 -80 445 -80 425 12 425 12 279 4 279 4 299 -88 1 0x1.1p3 -1 0 0
DOORGENERAL 4 -106 -67 -38 -47 -38 -47 -52 23 -52 23 -120 3 -120 3 -106 -67 4 -89 -62 -21 -42 -21 -42 -35 28 -35 28 -103 8 -103 8 -89 -62 0 0x1.9p2 2 4 -89 -62 -21 -42 -38 -47 -52 23 -35 28 -103 8 -103 8 -89 -62 1 -0x1.1ap6 -0x1.38p4 -0x1.1ap6 -0x1.38p4
DOORGENERAL 4 23 -98 111 -76 111 -76 105 -16 105 -16 17 -38 17 -38 23 -98 4 111 -76 199 -54 199 -54 193 6 193 6 105 -16 105 -16 111 -76 1 0x1.bp2 1 4 111 -76 199 -54 111 -76 105 -16 193 6 105 -16 105 -16 111 -76 1 0x1.b8847259761afp6 -0x1.0d2c777e9d0d8p6 0x1.a77b8da689e51p6 -0x1.8b4e22058bc9ep4
DOORGENERAL 4 -101 -76 -11 -62 -11 -62 -23 -10 -23 -10 -113 -24 -113 -24 -101 -76 4 -23 -10 67 4 67 4 55 56 55 56 -35 42 -35 42 -23 -10 0 0x1.cp2 0 4 -23 -10 67 4 -11 -62 -23 -10 -23 -10 -113 -24 -35 42 -23 -10 1 -0x1.7p4 -0x1.4p3 -0x1.7p4 -0x1.4p3
DOORGENERAL 4 -65 -57 85 -49 85 -49 71 25 71 25 -79 17 -79 17 -65 -57 4 235 -41 385 -33 385 -33 371 41 371 41 221 33 221 33 235 -41 0 0x1.9p2 -1 0 0
DOORGENERAL 4 -12 19 92 37 92 37 80 105 80 105 -24 87 -24 87 -12 19 4 14 23 118 41 118 41 106 109 106 109 2 91 2 91 14 23 1 0x1.0p-1 2 4 -12 19 92 37 92 37 80 105 106 109 2 91 2 91 14 23 5 0x1.efdc8f2d6b38ap3 0x1.96bea729740fap4 0x1.c18ef7c0d35ddp4 0x1.46d2cbbfa2d18p5 0x1.c18ef7c0d35ddp4 0x1.46d2cbbfa2d18p5 0x1.4597d3f5788fap5 0x1.c24643ea8b9b2p5 0x1.4597d3f5788fap5 0x1.c24643ea8b9b2p5 0x1.aa682c0a87706p5 0x1.1edcde0aba326p6 0x1.aa682c0a87706p5 0x1.1edcde0aba326p6 0x1.079c420fcb289p6 0x1.5c969a202e974p6 0x1.079c420fcb289p6 0x1.5c969a202e974p6 0x1.3a046e1a5298fp6 0x1.9a505635a2fcp6
DOORGENERAL 4 -37 -29 85 -13 85 -13 59 45 59 45 -63 29 -63 29 -37 -29 4 85 -13 207 3 207 3 181 61 181 61 59 45 59 45 85 -13 1 0x1.fp2 1 4 85 -13 207 3 85 -13 59 45 181 61 59 45 59 45 85 -13 1 0x1.440bfc60e5b97p6 -0x1.06981c4769db8p2 0x1.f7e8073e348d1p5 0x1.20d30388ed3b7p5
DOORGENERAL 4 -25 -69 31 -59 31 -59 7 -3 7 -3 -49 -13 -49 -13 -25 -69 4 7 -3 63 7 63 7 39 63 39 63 -17 53 -17 53 7 -3 1 0x1.38p3 0 4 7 -3 63 7 31 -59 7 -3 7 -3 -49 -13 -17 53 7 -3 1 0x1.cp2 -0x1.8p1 0x1.cp2 -0x1.8p1
DOORGENERAL 4 -62 -92 52 -82 52 -82 46 -20 46 -20 -68 -30 -68 -30 -62 -92 4 166 -72 280 -62 280 -62 274 0 274 0 160 -10 160 -10 166 -72 0 0x1.0p0 -1 0 0
DOORGENERAL 4 5 -104 71 -88 71 -88 53 16 53 16 -13 0 -13 0 5 -104 4 21 -100 87 -84 87 -84 69 20 69 20 3 4 3 4 21 -100 1 0x1.cp2 2 4 21 -100 87 -84 71 -88 53 16 53 16 -13 0 3 4 21 -100 2 0x1.067e9a67c8b31p6 -0x1.429aac650a1edp6 0x1.28p5 -0x1.5p5 0x1.28p5 -0x1.5p5 0x1.0c0b2cc1ba678p3 -0x1.acaa735ebc26p1
DOORGENERAL 4 -23 -106 41 -96 41 -96 31 32 31 32 -33 22 -33 22 -23 -106 4 41 -96 105 -86 105 -86 95 42 95 42 31 32 31 32 41 -96 1 0x1.fp2 1 4 41 -96 105 -86 41 -96 31 32 95 42 31 32 31 32 41 -96 2 0x1.41ecbd3300c9ap5 -0x1.591e54799ea3dp6 0x1.2p5 -0x1.0p5 0x1.2p5 -0x1.0p5 0x1.fc268599fe6cdp4 0x1.647951e67a8f4p4
DOORGENERAL 4 20 -133 104 -121 104 -121 86 -3 86 -3 2 -15 2 -15 20 -133 4 86 -3 170 9 170 9 152 127 152 127 68 115 68 115 86 -3 1 0x1.0p-2 0 4 86 -3 170 9 104 -121 86 -3 86 -3 2 -15 68 115 86 -3 1 0x1.58p6 -0x1.8p1 0x1.58p6 -0x1.8p1
DOORGENERAL 4 -64 -129 -2 -115 -2 -115 -28 -15 -28 -15 -90 -29 -90 -29 -64 -129 4 60 -101 122 -87 122 -87 96 13 96 13 34 -1 34 -1 60 -101 0 0x1.08p3 -1 0 0
DOORGENERAL 4 -110 -71 38 -51 38 -51 26 65 26 65 -122 45 -122 45 -110 -71 4 -73 -66 75 -46 75 -46 63 70 63 70 -85 50 -85 50 -73 -66 1 0x1.7p2 2 4 -73 -66 75 -46 38 -51 26 65 63 70 -85 50 -85 50 -73 -66 2 -0x1.05477bec28ed6p6 -0x1.03d93a4282124p6 -0x1.1800000000002p4 -0x1.d4p5 -0x1.1800000000002p4 -0x1.d4p5 0x1.e51defb0a3b54p4 -0x1.a04d8b7afbdb8p5
DOORGENERAL 4 35 -49 113 -43 113 -43 103 77 103 77 25 71 25 71 35 -49 4 113 -43 191 -37 191 -37 181 83 181 83 103 77 103 77 113 -43 0 0x0.0p0 1 4 113 -43 191 -37 113 -43 103 77 181 83 103 77 103 77 113 -43 7 0x1.c355ec405f94ap6 -0x1.480e2608f5ee7p5 0x1.bdcfa8c044459p6 -0x1.86efa40ccd0b7p4 0x1.bdcfa8c044459p6 -0x1.86efa40ccd0b7p4 0x1.b849654028f69p6 -0x1.f70bf01eb8e8p2 0x1.b849654028f69p6 -0x1.f70bf01eb8e8p2 0x1.b2c321c00da78p6 0x1.16d357fae12ecp3 0x1.b2c321c00da78p6 0x1.16d357fae12ecp3 0x1.ad3cde3ff2588p6 0x1.949654028f68ep4 0x1.ad3cde3ff2588p6 0x1.949654028f68ep4 0x1.a7b69abfd7097p6 0x1.4ee17e03d71d1p5 0x1.a7b69abfd7097p6 0x1.4ee17e03d71d1p5 0x1.a230573fbbba6p6 0x1.d377d2066685dp5 0x1.a230573fbbba6p6 0x1.d377d2066685dp5 0x1.9caa13bfa06b6p6 0x1.2c0713047af74p6
DOORGENERAL 4 -33 -15 43 7 43 7 19 137 19 137 -57 115 -57 115 -33 -15 4 19 137 95 159 95 159 71 289 71 289 -5 267 -5 267 19 137 1 0x1.8p1 0 4 19 137 95 159 43 7 19 137 19 137 -57 115 -5 267 19 137 1 0x1.3p4 0x1.12p7 0x1.3p4 0x1.12p7
DOORGENERAL 4 -1 -73 139 -51 139 -51 119 23 119 23 -21 1 -21 1 -1 -73 4 279 -29 419 -7 419 -7 399 67 399 67 259 45 259 45 279 -29 0 0x1.7p2 -1 0 0
DOORGENERAL 4 -39 -52 73 -36 73 -36 65 56 65 56 -47 40 -47 40 -39 -52 4 -11 -48 101 -32 101 -32 93 60 93 60 -19 44 -19 44 -11 -48 0 0x1.8p2 2 4 -11 -48 101 -32 73 -36 65 56 93 60 -19 44 -19 44 -11 -48 1 0x1.bp4 0x1.0p2 0x1.bp4 0x1.0p2
DOORGENERAL 4 -67 8 73 34 73 34 63 144 63 144 -77 118 -77 118 -67 8 4 73 34 213 60 213 60 203 170 203 170 63 144 63 144 73 34 1 0x1.1p2 1 4 73 34 213 60 73 34 63 144 203 170 63 144 63 144 73 34 2 0x1.21bc923bd2b5ep6 0x1.41cb6edbe45e4p5 0x1.1p6 0x1.64p6 0x1.1p6 0x1.64p6 0x1.fc86db885a943p5 0x1.138d244906e87p7
DOORGENERAL 4 -115 -144 -23 -124 -23 -124 -41 -14 -41 -14 -133 -34 -133 -34 -115 -144 4 -41 -14 51 6 51 6 33 116 33 116 -59 96 -59 96 -41 -14 1 0x1.0p0 0 4 -41 -14 51 6 -23 -124 -41 -14 -41 -14 -133 -34 -59 96 -41 -14 1 -0x1.48p5 -0x1.cp3 -0x1.48p5 -0x1.cp3
DOORGENERAL 4 34 -101 86 -89 86 -89 78 -49 78 -49 26 -61 26 -61 34 -101 4 138 -77 190 -65 190 -65 182 -25 182 -25 130 -37 130 -37 138 -77 0 0x1.bp2 -1 0 0
DOORGENERAL 4 -69 -19 11 -9 11 -9 -9 43 -9 43 -89 33 -89 33 -69 -19 4 -49 -17 31 -7 31 -7 11 45 11 45 -69 35 -69 35 -49 -17 0 0x1.8p2 2 4 -69 -19 11 -9 11 -9 -9 43 11 45 -69 35 -69 35 -49 -17 1 -0x1.dp4 0x1.ap3 -0x1.dp4 0x1.ap3
DOORGENERAL 4 11 -82 153 -66 153 -66 143 48 143 48 1 32 1 32 11 -82 4 153 -66 295 -50 295 -50 285 64 285 64 143 48 143 48 153 -66 1 0x1.dp2 1 4 153 -66 295 -50 153 -66 143 48 285 64 143 48 143 48 153 -66 2 0x1.3062268bcf366p7 -0x1.c648774db5afp5 0x1.28p7 -0x1.2p3 0x1.28p7 -0x1.2p3 0x1.1f9dd97430c9ap7 0x1.3648774db5afp5
DOORGENERAL 4 -34 -106 32 -82 32 -82 6 32 6 32 -60 8 -60 8 -34 -106 4 6 32 72 56 72 56 46 170 46 170 -20 146 -20 146 6 32 1 0x1.4p2 0 4 6 32 72 56 32 -82 6 32 6 32 -60 8 -20 146 6 32 1 0x1.8p2 0x1.0p5 0x1.8p2 0x1.0p5
DOORGENERAL 4 -103 -100 15 -78 15 -78 5 -18 5 -18 -113 -40 -113 -40 -103 -100 4 133 -56 251 -34 251 -34 241 26 241 26 123 4 123 4 133 -56 1 0x1.18p3 -1 0 0
DOORGENERAL 4 3 -105 73 -97 73 -97 55 -5 55 -5 -15 -13 -15 -13 3 -105 4 20 -103 90 -95 90 -95 72 -3 72 -3 2 -11 2 -11 20 -103 1 0x1.18p3 2 4 20 -103 90 -95 73 -97 55 -5 55 -5 -15 -13 2 -11 20 -103 2 0x1.08906d03f060fp6 -0x1.62a1540767973p6 0x1.2cp5 -0x1.bp5 0x1.2cp5 -0x1.bp5 0x1.1b7c97e07cf88p3 -0x1.357aafe261a34p4
DOORGENERAL 4 -24 -104 46 -80 46 -80 30 -2 30 -2 -40 -26 -40 -26 -24 -104 4 46 -80 116 -56 116 -56 100 22 100 22 30 -2 30 -2 46 -80 1 0x1.0p2 1 4 46 -80 116 -56 46 -80 30 -2 100 22 30 -2 30 -2 46 -80 2 0x1.665acc6172eb7p5 -0x1.287d522d881ddp6 0x1.3p5 -0x1.48p5 0x1.3p5 -0x1.48p5 0x1.f34a673d1a292p4 -0x1.f82add277e23p2
DOORGENERAL 4 -65 -134 39 -108 39 -108 33 -20 33 -20 -71 -46 -71 -46 -65 -134 4 33 -20 137 6 137 6 131 94 131 94 27 68 27 68 33 -20 1 0x1.8p-1 0 4 33 -20 137 6 39 -108 33 -20 33 -20 -71 -46 27 68 33 -20 1 0x1.08p5 -0x1.4p4 0x1.08p5 -0x1.4p4
DOORGENERAL 4 -62 -57 84 -49 84 -49 74 69 74 69 -72 61 -72 61 -62 -57 4 230 -41 376 -33 376 -33 366 85 366 85 220 77 220 77 230 -41 1 0x1.cp2 -1 0 0
DOORGENERAL 4 -73 -23 -5 -17 -5 -17 -13 109 -13 109 -81 103 -81 103 -73 -23 4 -56 -22 12 -16 12 -16 4 110 4 110 -64 104 -64 104 -56 -22 0 0x1.bp2 2 4 -73 -23 -5 -17 -5 -17 -13 109 4 110 -64 104 -64 104 -56 -22 1 -0x1.14p5 0x1.5cp5 -0x1.14p5 0x1.5cp5
DOORGENERAL 4 -123 -3 -3 7 -3 7 -17 121 -17 121 -137 111 -137 111 -123 -3 4 -3 7 117 17 117 17 103 131 103 131 -17 121 -17 121 -3 7 0 0x1.ap2 1 4 -3 7 117 17 -3 7 -17 121 103 131 -17 121 -17 121 -3 7 2 -0x1.024f11f9a661fp2 0x1.edf8c92f49fc9p3 -0x1.4p3 0x1.fffffffffffffp5 -0x1.4p3 0x1.fffffffffffffp5 -0x1.fed877032ccfp3 0x1.c240e6da16c07p6
DOORGENERAL 4 -68 -63 -2 -55 -2 -55 -12 9 -12 9 -78 1 -78 1 -68 -63 4 -12 9 54 17 54 17 44 81 44 81 -22 73 -22 73 -12 9 0 0x0.0p0 0 4 -12 9 54 17 -2 -55 -12 9 -12 9 -78 1 -22 73 -12 9 1 -0x1.8p3 0x1.2p3 -0x1.8p3 0x1.2p3
DOORGENERAL 4 -77 28 -17 36 -17 36 -23 118 -23 118 -83 110 -83 110 -77 28 4 43 44 103 52 103 52 97 134 97 134 37 126 37 126 43 44 0 0x1.1p2 -1 0 0
DOORGENERAL 4 -38 -57 82 -51 82 -51 66 31 66 31 -54 25 -54 25 -38 -57 4 -8 -56 112 -50 112 -50 96 32 96 32 -24 26 -24 26 -8 -56 0 0x1.6p1 2 4 -38 -57 82 -51 82 -51 66 31 96 32 -24 26 -24 26 -8 -56 1 0x1.dp4 -0x1.8fffffffffffep3 0x1.dp4 -0x1.8fffffffffffep3
DOORGENERAL 4 -19 -50 45 -44 45 -44 19 44 19 44 -45 38 -45 38 -19 -50 4 45 -44 109 -38 109 -38 83 50 83 50 19 44 19 44 45 -44 0 0x1.4p2 1 4 45 -44 109 -38 45 -44 19 44 83 50 19 44 19 44 45 -44 2 0x1.5821f321016adp5 -0x1.2a4b85aac9b86p5 0x1.0p5 0x0.0p0 0x1.0p5 0x0.0p0 0x1.4fbc19bdfd2a6p4 0x1.2a4b85aac9b86p5
DOORGENERAL 4 17 -80 101 -74 101 -74 87 26 87 26 3 20 3 20 17 -80 4 87 26 171 32 171 32 157 132 157 132 73 126 73 126 87 26 1 0x1.fp2 0 4 87 26 171 32 101 -74 87 26 87 26 3 20 73 126 87 26 1 0x1.5cp6 0x1.ap4 0x1.5cp6 0x1.ap4
DOORGENERAL 4 -66 -65 6 -59 6 -59 -8 -7 -8 -7 -80 -13 -80 -13 -66 -65 4 78 -53 150 -47 150 -47 136 5 136 5 64 -1 64 -1 78 -53 1 0x1.1p2 -1 0 0
DOORGENERAL 4 -126 16 18 26 18 26 8 84 8 84 -136 74 -136 74 -126 16 4 -90 18 54 28 54 28 44 86 44 86 -100 76 -100 76 -90 18 0 0x1.3p3 2 4 -126 16 18 26 18 26 8 84 44 86 -100 76 -100 76 -90 18 1 -0x1.48p5 0x1.98p5 -0x1.48p5 0x1.98p5
DOORGENERAL 4 23 29 109 35 109 35 101 115 101 115 15 109 15 109 23 29 4 109 35 195 41 195 41 187 121 187 121 101 115 101 115 109 35 0 0x1.8p2 1 4 109 35 195 41 109 35 101 115 187 121 101 115 101 115 109 35 2 0x1.b0d0dd939f2e9p6 0x1.57aeb077905c5p5 0x1.a4p6 0x1.2cp6 0x1.a4p6 0x1.2cp6 0x1.972f226c60d17p6 0x1.ac28a7c437d1dp6
DOORGENERAL 4 -72 -89 -6 -75 -6 -75 -22 -27 -22 -27 -88 -41 -88 -41 -72 -89 4 -22 -27 44 -13 44 -13 28 35 28 35 -38 21 -38 21 -22 -27 0 0x1.3p2 0 4 -22 -27 44 -13 -6 -75 -22 -27 -22 -27 -88 -41 -38 21 -22 -27 1 -0x1.6p4 -0x1.bp4 -0x1.6p4 -0x1.bp4
DOORGENERAL 4 -10 -37 110 -11 110 -11 86 29 86 29 -34 3 -34 3 -10 -37 4 230 15 350 41 350 41 326 81 326 81 206 55 206 55 230 15 1 0x1.08p3 -1 0 0
DOORGENERAL 4 -21 -54 89 -38 89 -38 73 62 73 62 -37 46 -37 46 -21 -54 4 6 -50 116 -34 116 -34 100 66 100 66 -10 50 -10 50 6 -50 1 0x1.7p2 2 4 6 -50 116 -34 89 -38 73 62 73 62 -37 46 -10 50 6 -50 2 0x1.4cc5493278b0dp6 -0x1.0645d490c5e1ap5 0x1.3cp5 0x1.8p2 0x1.3cp5 0x1.8p2 -0x1.0c5493278b0dp2 0x1.6645d490c5e1ap5
DOORGENERAL 4 -32 -24 68 -8 68 -8 48 74 48 74 -52 58 -52 58 -32 -24 4 68 -8 168 8 168 8 148 90 148 90 48 74 48 74 68 -8 0 0x1.4p2 1 4 68 -8 168 8 68 -8 48 74 148 90 48 74 48 74 68 -8 2 0x1.095d7f8381d8ep6 -0x1.330919feb17d8p0 0x1.dp5 0x1.07fffffffffffp5 0x1.dp5 0x1.07fffffffffffp5 0x1.8d4500f8fc4e4p5 0x1.0ccc2467fac5fp6
DOORGENERAL 4 -56 -20 70 -4 70 -4 60 108 60 108 -66 92 -66 92 -56 -20 4 60 108 186 124 186 124 176 236 176 236 50 220 50 220 60 108 1 0x1.0p-1 0 4 60 108 186 124 70 -4 60 108 60 108 -66 92 50 220 60 108 1 0x1.ep5 0x1.bp6 0x1.ep5 0x1.bp6
DOORGENERAL 4 -12 -88 64 -82 64 -82 50 -16 50 -16 -26 -22 -26 -22 -12 -88 4 140 -76 216 -70 216 -70 202 -4 202 -4 126 -10 126 -10 140 -76 1 0x1.6p1 -1 0 0
DOORGENERAL 4 -26 -28 84 -6 84 -6 60 42 60 42 -50 20 -50 20 -26 -28 4 1 -23 111 -1 111 -1 87 47 87 47 -23 25 -23 25 1 -23 1 0x1.2p1 2 4 -26 -28 84 -6 84 -6 60 42 87 47 -23 25 -23 25 1 -23 3 0x1.d9d43a50b70c8p1 -0x1.383a8e0fd5317p4 0x1.5913826e07a08p4 -0x1.5f17ad4e32fp-3 0x1.5913826e07a08p4 -0x1.5f17ad4e32fp-3 0x1.3b763ec8fc2fcp5 0x1.32be2f5a9c65bp4 0x1.3b763ec8fc2fcp5 0x1.32be2f5a9c65bp4 0x1.ca62bc5af48f3p5 0x1.341d4707ea98ap5
DOORGENERAL 4 -97 -133 -7 -107 -7 -107 -17 -13 -17 -13 -107 -39 -107 -39 -97 -133 4 -7 -107 83 -81 83 -81 73 13 73 13 -17 -13 -17 -13 -7 -107 1 0x1.6p2 1 4 -7 -107 83 -81 -7 -107 -17 -13 73 13 -17 -13 -17 -13 -7 -107 2 -0x1.f2c6fd8a18fbfp2 -0x1.8e2b17d877b8dp6 -0x1.8p3 -0x1.e000000000001p5 -0x1.8p3 -0x1.e000000000001p5 -0x1.034e409d79c1p4 -0x1.4753a09e211dp4
DOORGENERAL 4 10 -26 74 -16 74 -16 50 52 50 52 -14 42 -14 42 10 -26 4 50 52 114 62 114 62 90 130 90 130 26 120 26 120 50 52 1 0x1.cp1 0 4 50 52 114 62 74 -16 50 52 50 52 -14 42 26 120 50 52 1 0x1.9p5 0x1.ap5 0x1.9p5 0x1.ap5
DOORGENERAL 4 36 -59 124 -47 124 -47 112 67 112 67 24 55 24 55 36 -59 4 212 -35 300 -23 300 -23 288 91 288 91 200 79 200 79 212 -35 1 0x1.fp2 -1 0 0
DOORGENERAL 4 -60 -139 14 -115 14 -115 2 15 2 15 -72 -9 -72 -9 -60 -139 4 -42 -133 32 -109 32 -109 20 21 20 21 -54 -3 -54 -3 -42 -133 0 0x1.cp0 2 4 -42 -133 32 -109 14 -115 2 15 2 15 -72 -9 -54 -3 -42 -133 1 -0x1.4p4 -0x1.d800000000001p5 -0x1.4p4 -0x1.d800000000001p5
DOORGENERAL 4 -75 -101 15 -83 15 -83 -7 9 -7 9 -97 -9 -97 -9 -75 -101 4 15 -83 105 -65 105 -65 83 27 83 27 -7 9 -7 9 15 -83 0 0x1.2p3 1 4 15 -83 105 -65 15 -83 -7 9 83 27 -7 9 -7 9 15 -83 1 0x1.8e225cd40511ep3 -0x1.2134df11bcd4fp6 -0x1.1c44b9a80a23cp2 -0x1.b2c83b90cacp0
DOORGENERAL 4 25 -89 93 -75 93 -75 71 -11 71 -11 3 -25 3 -25 25 -89 4 71 -11 139 3 139 3 117 67 117 67 49 53 49 53 71 -11 1 0x1.3p2 0 4 71 -11 139 3 93 -75 71 -11 71 -11 3 -25 49 53 71 -11 1 0x1.1cp6 -0x1.6p3 0x1.1cp6 -0x1.6p3
DOORGENERAL 4 10 54 152 62 152 62 132 102 132 102 -10 94 -10 94 10 54 4 294 70 436 78 436 78 416 118 416 118 274 110 274 110 294 70 0 0x1.18p3 -1 0 0
DOORGENERAL 4 7 0 141 24 141 24 119 70 119 70 -15 46 -15 46 7 0 4 40 6 174 30 174 30 152 76 152 76 18 52 18 52 40 6 0 0x1.4p0 2 4 40 6 174 30 141 24 119 70 119 70 -15 46 18 52 40 6 1 0x1.3ep6 0x1.3p5 0x1.3ep6 0x1.3p5
DOORGENERAL 4 -29 -91 101 -73 101 -73 85 47 85 47 -45 29 -45 29 -29 -91 4 101 -73 231 -55 231 -55 215 65 215 65 85 47 85 47 101 -73 0 0x1.dp2 1 4 101 -73 231 -55 101 -73 85 47 215 65 85 47 85 47 101 -73 2 0x1.8f1c252eaa2e6p6 -0x1.fea62dbbf8b74p5 0x1.74p6 -0x1.ap3 0x1.74p6 -0x1.ap3 0x1.58e3dad155d1ap6 0x1.2ea62dbbf8b74p5
DOORGENERAL 4 -33 -30 71 -16 71 -16 51 100 51 100 -53 86 -53 86 -33 -30 4 51 100 155 114 155 114 135 230 135 230 31 216 31 216 51 100 1 0x1.fp2 0 4 51 100 155 114 71 -16 51 100 51 100 -53 86 31 216 51 100 1 0x1.98p5 0x1.9p6 0x1.98p5 0x1.9p6
DOORGENERAL 4 11 40 155 48 155 48 139 92 139 92 -5 84 -5 84 11 40 4 299 56 443 64 443 64 427 108 427 108 283 100 283 100 299 56 1 0x1.08p3 -1 0 0
DOORGENERAL 4 -69 -63 3 -57 3 -57 -11 -5 -11 -5 -83 -11 -83 -11 -69 -63 4 -51 -62 21 -56 21 -56 7 -4 7 -4 -65 -10 -65 -10 -51 -62 1 0x1.4p2 2 4 -69 -63 3 -57 3 -57 -11 -5 7 -4 -65 -10 -65 -10 -51 -62 1 -0x1.785ef8c89a4bcp5 -0x1.be9d2d3aac972p5 -0x1.de841cdd96d1p3 -0x1.658b4b154da38p3
DOORGENERAL 4 -48 -96 20 -84 20 -84 0 16 0 16 -68 4 -68 4 -48 -96 4 20 -84 88 -72 88 -72 68 28 68 28 0 16 0 16 20 -84 0 0x1.0p-2 1 4 20 -84 88 -72 20 -84 0 16 68 28 0 16 0 16 20 -84 5 0x1.38f097fca116dp4 -0x1.472cbdfbc95c8p6 0x1.f7871cc8c14e9p3 -0x1.f568e3faf1a23p5 0x1.f7871cc8c14e9p3 -0x1.f568e3faf1a23p5 0x1.7d2d0998406f8p3 -0x1.5c784bfe508b6p5 0x1.7d2d0998406f8p3 -0x1.5c784bfe508b6p5 0x1.02d2f667bf907p3 -0x1.870f68035ee92p4 0x1.02d2f667bf907p3 -0x1.870f68035ee92p4 0x1.10f1c66e7d62cp2 -0x1.54b8e02872eep2 0x1.10f1c66e7d62cp2 -0x1.54b8e02872eep2 0x1.c3da00d7ba4cp-2 0x1.b965efde4ae4p3
DOORGENERAL 4 -31 -3 59 13 59 13 41 81 41 81 -49 65 -49 65 -31 -3 4 41 81 131 97 131 97 113 165 113 165 23 149 23 149 41 81 0 0x1.4p2 0 4 41 81 131 97 59 13 41 81 41 81 -49 65 23 149 41 81 1 0x1.48p5 0x1.44p6 0x1.48p5 0x1.44p6
DOORGENERAL 4 9 -64 81 -56 81 -56 59 6 59 6 -13 -2 -13 -2 9 -64 4 153 -48 225 -40 225 -40 203 22 203 22 131 14 131 14 153 -48 1 0x1.2p3 -1 0 0
DOORGENERAL 4 -46 -19 12 -13 12 -13 0 47 0 47 -58 41 -58 41 -46 -19 4 -32 -18 26 -12 26 -12 14 48 14 48 -44 42 -44 42 -32 -18 1 0x1.8p1 2 4 -46 -19 12 -13 12 -13 0 47 14 48 -44 42 -44 42 -32 -18 2 -0x1.dd86a05f57bafp4 -0x1.a2f0b1bba8ee2p3 -0x1.0p4 0x1.d000000000002p3 -0x1.0p4 0x1.d000000000002p3 -0x1.13cafd0542288p1 0x1.50bc2c6eea3bap5
DOORGENERAL 4 -71 -87 77 -63 77 -63 51 -3 51 -3 -97 -27 -97 -27 -71 -87 4 77 -63 225 -39 225 -39 199 21 199 21 51 -3 51 -3 77 -63 1 0x1.0p-1 1 4 77 -63 225 -39 77 -63 51 -3 199 21 51 -3 51 -3 77 -63 3 0x1.30061ffd5b24bp6 -0x1.e5a61d7da4a93p5 0x1.10020aa9c90c4p6 -0x1.51e209d48c386p5 0x1.10020aa9c90c4p6 -0x1.51e209d48c386p5 0x1.dffbeaac6de79p5 -0x1.7c3bec56e78f2p4 0x1.dffbeaac6de79p5 -0x1.7c3bec56e78f2p4 0x1.9ff3c00549b6bp5 -0x1.52cf1412dab68p2
DOORGENERAL 4 -60 -22 50 -12 50 -12 28 40 28 40 -82 30 -82 30 -60 -22 4 28 40 138 50 138 50 116 102 116 102 6 92 6 92 28 40 1 0x1.cp0 0 4 28 40 138 50 50 -12 28 40 28 40 -82 30 6 92 28 40 1 0x1.cp4 0x1.4p5 0x1.cp4 0x1.4p5
DOORGENERAL 4 17 46 99 54 99 54 87 94 87 94 5 86 5 86 17 46 4 181 62 263 70 263 70 251 110 251 110 169 102 169 102 181 62 1 0x1.2p2 -1 0 0
DOORGENERAL 4 -7 -40 65 -32 65 -32 39 74 39 74 -33 66 -33 66 -7 -40 4 11 -38 83 -30 83 -30 57 76 57 76 -15 68 -15 68 11 -38 0 0x1.8p0 2 4 11 -38 83 -30 65 -32 39 74 57 76 -15 68 -15 68 11 -38 1 0x1.9p4 0x1.2p4 0x1.9p4 0x1.2p4
DOORGENERAL 4 -36 -54 98 -40 98 -40 92 46 92 46 -42 32 -42 32 -36 -54 4 98 -40 232 -26 232 -26 226 60 226 60 92 46 92 46 98 -40 1 0x1.2p3 1 4 98 -40 232 -26 98 -40 92 46 226 60 92 46 92 46 98 -40 1 0x1.84f00b901504cp6 -0x1.d06d419a0a65bp4 0x1.730ff46feafb4p6 0x1.1836a0cd0532ep5
DOORGENERAL 4 5 -36 55 -30 55 -30 37 86 37 86 -13 80 -13 80 5 -36 4 37 86 87 92 87 92 69 208 69 208 19 202 19 202 37 86 1 0x1.0p1 0 4 37 86 87 92 55 -30 37 86 37 86 -13 80 19 202 37 86 1 0x1.28p5 0x1.58p6 0x1.28p5 0x1.58p6
DOORGENERAL 4 -98 -5 -2 9 -2 9 -24 59 -24 59 -120 45 -120 45 -98 -5 4 94 23 190 37 190 37 168 87 168 87 72 73 72 73 94 23 1 0x1.0p1 -1 0 0
DOORGENERAL 4 -56 -133 22 -119 22 -119 -2 3 -2 3 -80 -11 -80 -11 -56 -133 4 -37 -130 41 -116 41 -116 17 6 17 6 -61 -8 -61 -8 -37 -130 0 0x1.cp1 2 4 -56 -133 22 -119 22 -119 -2 3 17 6 -61 -8 -61 -8 -37 -130 1 -0x1.38p4 -0x1.fcp5 -0x1.38p4 -0x1.fcp5
DOORGENERAL 4 17 -86 91 -66 91 -66 75 0 75 0 1 -20 1 -20 17 -86 4 91 -66 165 -46 165 -46 149 20 149 20 75 0 75 0 91 -66 1 0x1.3p3 1 4 91 -66 165 -46 91 -66 75 0 149 20 75 0 75 0 91 -66 1 0x1.612992f81ade5p6 -0x1.b696fc7eddaap5 0x1.36d66d07e521bp6 -0x1.65a40e048958p3
DOORGENERAL 4 -3 -140 93 -134 93 -134 67 -14 67 -14 -29 -20 -29 -20 -3 -140 4 67 -14 163 -8 163 -8 137 112 137 112 41 106 41 106 67 -14 1 0x1.4p1 0 4 67 -14 163 -8 93 -134 67 -14 67 -14 -29 -20 41 106 67 -14 1 0x1.0cp6 -0x1.cp3 0x1.0cp6 -0x1.cp3
DOORGENERAL 4 -46 16 36 30 36 30 28 104 28 104 -54 90 -54 90 -46 16 4 118 44 200 58 200 58 192 132 192 132 110 118 110 118 118 44 1 0x1.8p1 -1 0 0
DOORGENERAL 4 30 -126 92 -110 92 -110 70 -10 70 -10 8 -26 8 -26 30 -126 4 45 -122 107 -106 107 -106 85 -6 85 -6 23 -22 23 -22 45 -122 0 0x1.3p2 2 4 45 -122 107 -106 92 -110 70 -10 70 -10 8 -26 23 -22 45 -122 1 0x1.ccp5 -0x1.08p6 0x1.ccp5 -0x1.08p6
DOORGENERAL 4 -80 -52 -24 -38 -24 -38 -40 86 -40 86 -96 72 -96 72 -80 -52 4 -24 -38 32 -24 32 -24 16 100 16 100 -40 86 -40 86 -24 -38 1 0x1.3p3 1 4 -24 -38 32 -24 -24 -38 -40 86 16 100 -40 86 -40 86 -24 -38 2 -0x1.978bf63e4642cp4 -0x1.a9834b9d5f7aap4 -0x1.0p5 0x1.7fffffffffffep4 -0x1.0p5 0x1.7fffffffffffep4 -0x1.343a04e0dcdeap5 0x1.2a60d2e757deap6
DOORGENERAL 4 24 -99 134 -85 134 -85 114 -13 114 -13 4 -27 4 -27 24 -99 4 114 -13 224 1 224 1 204 73 204 73 94 59 94 59 114 -13 1 0x1.9p2 0 4 114 -13 224 1 134 -85 114 -13 114 -13 4 -27 94 59 114 -13 1 0x1.c8p6 -0x1.ap3 0x1.c8p6 -0x1.ap3
DOORGENERAL 4 -95 -48 33 -34 33 -34 19 66 19 66 -109 52 -109 52 -95 -48 4 161 -20 289 -6 289 -6 275 94 275 94 147 80 147 80 161 -20 1 0x1.2p3 -1 0 0
DOORGENERAL 4 -72 -102 68 -90 68 -90 50 -36 50 -36 -90 -48 -90 -48 -72 -102 4 -37 -99 103 -87 103 -87 85 -33 85 -33 -55 -45 -55 -45 -37 -99 0 0x1.4p0 2 4 -37 -99 103 -87 68 -90 50 -36 85 -33 -55 -45 -55 -45 -37 -99 1 0x1.ap2 -0x1.0ep6 0x1.ap2 -0x1.0ep6
DOORGENERAL 4 -6 -112 48 -86 48 -86 36 40 36 40 -18 14 -18 14 -6 -112 4 48 -86 102 -60 102 -60 90 66 90 66 36 40 36 40 48 -86 1 0x1.28p3 1 4 48 -86 102 -60 48 -86 36 40 90 66 36 40 36 40 48 -86 2 0x1.77779937adf07p5 -0x1.2b33e464512e5p6 0x1.5p5 -0x1.7p4 0x1.5p5 -0x1.7p4 0x1.288866c8520f9p5 0x1.cccf919144b94p4
DOORGENERAL 4 -62 -46 62 -38 62 -38 48 2 48 2 -76 -6 -76 -6 -62 -46 4 48 2 172 10 172 10 158 50 158 50 34 42 34 42 48 2 1 0x1.6p1 0 4 48 2 172 10 62 -38 48 2 48 2 -76 -6 34 42 48 2 1 0x1.8p5 0x1.0p1 0x1.8p5 0x1.0p1
DOORGENERAL 4 -55 -63 53 -55 53 -55 27 15 27 15 -81 7 -81 7 -55 -63 4 161 -47 269 -39 269 -39 243 31 243 31 135 23 135 23 161 -47 1 0x1.ep2 -1 0 0
DOORGENERAL 4 -105 -92 21 -82 21 -82 -1 16 -1 16 -127 6 -127 6 -105 -92 4 -74 -90 52 -80 52 -80 30 18 30 18 -96 8 -96 8 -74 -90 1 0x1.28p3 2 4 -105 -92 21 -82 21 -82 -1 16 30 18 -96 8 -96 8 -74 -90 2 -0x1.0eafa7f997617p6 -0x1.4143fce07b1c6p6 -0x1.2cp5 -0x1.28p5 -0x1.2cp5 -0x1.28p5 -0x1.d505806689e9p2 0x1.943fce07b1c6p2
DOORGENERAL 4 0 -105 104 -99 104 -99 84 -43 84 -43 -20 -49 -20 -49 0 -105 4 104 -99 208 -93 208 -93 188 -37 188 -37 84 -43 84 -43 104 -99 0 0x1.cp1 1 4 104 -99 208 -93 104 -99 84 -43 188 -37 84 -43 84 -43 104 -99 2 0x1.9899c0df9da55p6 -0x1.77481c0bb9688p6 0x1.78p6 -0x1.1cp6 0x1.78p6 -0x1.1cp6 0x1.57663f20625abp6 -0x1.816fc7e88d2efp5
DOORGENERAL 4 19 11 101 37 101 37 83 97 83 97 1 71 1 71 19 11 4 83 97 165 123 165 123 147 183 147 183 65 157 65 157 83 97 0 0x1.2p2 0 4 83 97 165 123 101 37 83 97 83 97 1 71 65 157 83 97 1 0x1.4cp6 0x1.84p6 0x1.4cp6 0x1.84p6
DOORGENERAL 4 26 -108 112 -82 112 -82 86 2 86 2 0 -24 0 -24 26 -108 4 198 -56 284 -30 284 -30 258 54 258 54 172 28 172 28 198 -56 0 0x1.0p1 -1 0 0
DOORGENERAL 4 -67 -20 43 -6 43 -6 23 50 23 50 -87 36 -87 36 -67 -20 4 -40 -17 70 -3 70 -3 50 53 50 53 -60 39 -60 39 -40 -17 1 0x1.cp2 2 4 -67 -20 43 -6 43 -6 23 50 50 53 -60 39 -60 39 -40 -17 2 -0x1.0f6ba8edf1d36p5 -0x1.4289ae1a48c6ap3 -0x1.1p3 0x1.0800000000001p4 -0x1.1p3 0x1.0800000000001p4 0x1.0ed751dbe3a6cp4 0x1.58a26b869231cp5
DOORGENERAL 4 -30 -103 84 -81 84 -81 66 35 66 35 -48 13 -48 13 -30 -103 4 84 -81 198 -59 198 -59 180 57 180 57 66 35 66 35 84 -81 1 0x1.8p1 1 4 84 -81 198 -59 84 -81 66 35 180 57 66 35 66 35 84 -81 3 0x1.4ceee9b1ee58bp6 -0x1.303c8cb38e3bbp6 0x1.36fa4de5fa1d9p6 -0x1.457db3225ed28p5 0x1.36fa4de5fa1d9p6 -0x1.457db3225ed28p5 0x1.2105b21a05e26p6 -0x1.541266ed096dp2 0x1.2105b21a05e26p6 -0x1.541266ed096dp2 0x1.0b11164e11a74p6 0x1.e0f232ce38eecp4
DOORGENERAL 4 12 8 100 26 100 26 78 144 78 144 -10 126 -10 126 12 8 4 78 144 166 162 166 162 144 280 144 280 56 262 56 262 78 144 0 0x1.ap1 0 4 78 144 166 162 100 26 78 144 78 144 -10 126 56 262 78 144 1 0x1.38p6 0x1.2p7 0x1.38p6 0x1.2p7
DOORGENERAL 4 -91 -62 -35 -42 -35 -42 -61 38 -61 38 -117 18 -117 18 -91 -62 4 21 -22 77 -2 77 -2 51 78 51 78 -5 58 -5 58 21 -22 0 0x1.1p3 -1 0 0
DOORGENERAL 4 -56 -9 6 7 6 7 -6 129 -6 129 -68 113 -68 113 -56 -9 4 -41 -5 21 11 21 11 9 133 9 133 -53 117 -53 117 -41 -5 1 0x1.2p1 2 4 -41 -5 21 11 6 7 -6 129 -6 129 -68 113 -53 117 -41 -5 3 0x1.fce9638eba774p1 0x1.5bd355b1cc15p3 -0x1.caec8d0970761p3 0x1.67a6f1ced101cp5 -0x1.caec8d0970761p3 0x1.67a6f1ced101cp5 -0x1.0544dcbda3e28p5 0x1.3c2c8718977f2p6 -0x1.0544dcbda3e28p5 0x1.3c2c8718977f2p6 -0x1.97ce9638eba78p5 0x1.c4859549c67d6p6
DOORGENERAL 4 -23 39 103 51 103 51 81 91 81 91 -45 79 -45 79 -23 39 4 103 51 229 63 229 63 207 103 207 103 81 91 81 91 103 51 1 0x1.7p2 1 4 103 51 229 63 103 51 81 91 207 103 81 91 81 91 103 51 1 0x1.8d0f7e2842618p6 0x1.ce534c84e011dp5 0x1.52f081d7bd9e8p6 0x1.50d659bd8ff72p6
DOORGENERAL 4 -69 39 69 51 69 51 51 113 51 113 -87 101 -87 101 -69 39 4 51 113 189 125 189 125 171 187 171 187 33 175 33 175 51 113 1 0x1.2p1 0 4 51 113 189 125 69 51 51 113 51 113 -87 101 33 175 51 113 1 0x1.98p5 0x1.c4p6 0x1.98p5 0x1.c4p6
DOORGENERAL 4 -8 -52 128 -38 128 -38 106 18 106 18 -30 4 -30 4 -8 -52 4 264 -24 400 -10 400 -10 378 46 378 46 242 32 242 32 264 -24 0 0x1.38p3 -1 0 0
DOORGENERAL 4 -45 -48 93 -26 93 -26 79 50 79 50 -59 28 -59 28 -45 -48 4 -11 -43 127 -21 127 -21 113 55 113 55 -25 33 -25 33 -11 -43 0 0x1.9p2 2 4 -45 -48 93 -26 93 -26 79 50 113 55 -25 33 -25 33 -11 -43 1 0x1.1p5 0x1.cp1 0x1.1p5 0x1.cp1
DOORGENERAL 4 -84 -79 16 -71 16 -71 10 25 10 25 -90 17 -90 17 -84 -79 4 16 -71 116 -63 116 -63 110 33 110 33 10 25 10 25 16 -71 0 0x1.1p3 1 4 16 -71 116 -63 16 -71 10 25 110 33 10 25 10 25 16 -71 1 0x1.eb0a78268a472p3 -0x1.e429e09a291cap5 0x1.54f587d975b8ep3 0x1.d0a78268a4728p3
DOORGENERAL 4 34 -40 96 -26 96 -26 70 24 70 24 8 10 8 10 34 -40 4 70 24 132 38 132 38 106 88 106 88 44 74 44 74 70 24 1 0x1.bp2 0 4 70 24 132 38 96 -26 70 24 70 24 8 10 44 74 70 24 1 0x1.18p6 0x1.8p4 0x1.18p6 0x1.8p4
DOORGENERAL 4 -61 -14 77 2 77 2 55 58 55 58 -83 42 -83 42 -61 -14 4 215 18 353 34 353 34 331 90 331 90 193 74 193 74 215 18 1 0x1.28p3 -1 0 0
DOORGENERAL 4 -44 -141 96 -123 96 -123 74 -15 74 -15 -66 -33 -66 -33 -44 -141 4 -9 -137 131 -119 131 -119 109 -11 109 -11 -31 -29 -31 -29 -9 -137 1 0x1.3p3 2 4 -44 -141 96 -123 96 -123 74 -15 109 -11 -31 -29 -31 -29 -9 -137 2 -0x1.4ad182b4580e2p1 -0x1.fc24e79bc838p6 0x1.04p5 -0x1.3p6 0x1.04p5 -0x1.3p6 0x1.0e568c15a2c07p6 -0x1.8f6c6190df2p4
DOORGENERAL 4 30 -78 114 -62 114 -62 106 18 106 18 22 2 22 2 30 -78 4 114 -62 198 -46 198 -46 190 34 190 34 106 18 106 18 114 -62 0 0x1.8p2 1 4 114 -62 198 -46 114 -62 106 18 190 34 106 18 106 18 114 -62 2 0x1.c4d0dd939f2e9p6 -0x1.b0514f886fa3bp5 0x1.b8p6 -0x1.6000000000002p4 0x1.b8p6 -0x1.6000000000002p4 0x1.ab2f226c60d17p6 0x1.41453e21be8e8p3
DOORGENERAL 4 -110 -104 -16 -78 -16 -78 -32 34 -32 34 -126 8 -126 8 -110 -104 4 -32 34 62 60 62 60 46 172 46 172 -48 146 -48 146 -32 34 1 0x1.4p0 0 4 -32 34 62 60 -16 -78 -32 34 -32 34 -126 8 -48 146 -32 34 1 -0x1.0p5 0x1.1p5 -0x1.0p5 0x1.1p5
DOORGENERAL 4 -22 -15 64 9 64 9 48 121 48 121 -38 97 -38 97 -22 -15 4 150 33 236 57 236 57 220 169 220 169 134 145 134 145 150 33 0 0x1.0p0 -1 0 0
DOORGENERAL 4 6 -120 80 -114 80 -114 74 16 74 16 0 10 0 10 6 -120 4 24 -119 98 -113 98 -113 92 17 92 17 18 11 18 11 24 -119 1 0x1.1p3 2 4 6 -120 80 -114 80 -114 74 16 92 17 18 11 18 11 24 -119 2 0x1.ba677b58ea08fp4 -0x1.b2d1f46b0623bp6 0x1.88p5 -0x1.9cp5 0x1.88p5 -0x1.9cp5 0x1.19662129c57dcp6 0x1.6d1f46b0623bp2
DOORGENERAL 4 -45 -131 99 -117 99 -117 85 -9 85 -9 -59 -23 -59 -23 -45 -131 4 99 -117 243 -103 243 -103 229 5 229 5 85 -9 85 -9 99 -117 0 0x1.3p2 1 4 99 -117 243 -103 99 -117 85 -9 229 5 85 -9 85 -9 99 -117 2 0x1.88876f3eeed62p6 -0x1.b9395a2ea02a9p6 0x1.7p6 -0x1.f7fffffffffffp5 0x1.7p6 -0x1.f7fffffffffffp5 0x1.577890c11129ep6 -0x1.f6352e8afeabp3
DOORGENERAL 4 -17 -141 121 -125 121 -125 103 -9 103 -9 -35 -25 -35 -25 -17 -141 4 103 -9 241 7 241 7 223 123 223 123 85 107 85 107 103 -9 0 0x1.bp2 0 4 103 -9 241 7 121 -125 103 -9 103 -9 -35 -25 85 107 103 -9 1 0x1.9cp6 -0x1.2p3 0x1.9cp6 -0x1.2p3
DOORGENERAL 4 -71 -82 11 -66 11 -66 3 58 3 58 -79 42 -79 42 -71 -82 4 93 -50 175 -34 175 -34 167 90 167 90 85 74 85 74 93 -50 0 0x1.7p2 -1 0 0
DOORGENERAL 4 -65 -48 83 -22 83 -22 63 22 63 22 -85 -4 -85 -4 -65 -48 4 -28 -42 120 -16 120 -16 100 28 100 28 -48 2 -48 2 -28 -42 0 0x1.bp2 2 4 -65 -48 83 -22 83 -22 63 22 100 28 -48 2 -48 2 -28 -42 1 0x1.18p4 -0x1.4p3 0x1.18p4 -0x1.4p3
DOORGENERAL 4 -12 -14 122 -4 122 -4 110 116 110 116 -24 106 -24 106 -12 -14 4 122 -4 256 6 256 6 244 126 244 126 110 116 110 116 122 -4 1 0x1.5p2 1 4 122 -4 256 6 122 -4 110 116 244 126 110 116 110 116 122 -4 2 0x1.e51d48cdc8423p6 0x1.9b64fec5ad3aap1 0x1.dp6 0x1.c000000000002p5 0x1.dp6 0x1.c000000000002p5 0x1.bae2b73237bdcp6 0x1.b324d809d2963p6
DOORGENERAL 4 -58 -24 70 -8 70 -8 54 52 54 52 -74 36 -74 36 -58 -24 4 54 52 182 68 182 68 166 128 166 128 38 112 38 112 54 52 0 0x1.0p0 0 4 54 52 182 68 70 -8 54 52 54 52 -74 36 38 112 54 52 1 0x1.bp5 0x1.ap5 0x1.bp5 0x1.ap5
DOORGENERAL 4 -31 -3 19 19 19 19 -7 63 -7 63 -57 41 -57 41 -31 -3 4 69 41 119 63 119 63 93 107 93 107 43 85 43 85 69 41 1 0x1.0p0 -1 0 0
DOORGENERAL 4 17 -46 129 -38 129 -38 115 92 115 92 3 84 3 84 17 -46 4 45 -44 157 -36 157 -36 143 94 143 94 31 86 31 86 45 -44 0 0x1.2p3 2 4 45 -44 157 -36 129 -38 115 92 143 94 31 86 31 86 45 -44 1 0x1.4p6 0x1.8p4 0x1.4p6 0x1.8p4
DOORGENERAL 4 -124 -119 -16 -97 -16 -97 -22 3 -22 3 -130 -19 -130 -19 -124 -119 4 -16 -97 92 -75 92 -75 86 25 86 25 -22 3 -22 3 -16 -97 1 0x1.4p3 1 4 -16 -97 92 -75 -16 -97 -22 3 86 25 -22 3 -22 3 -16 -97 1 -0x1.0b7fd36c78238p4 -0x1.54160f1160c18p6 -0x1.54802c9387dc8p4 -0x1.1f4f8774f9f4p3
DOORGENERAL 4 -38 -57 108 -39 108 -39 98 71 98 71 -48 53 -48 53 -38 -57 4 98 71 244 89 244 89 234 199 234 199 88 181 88 181 98 71 0 0x1.ap1 0 4 98 71 244 89 108 -39 98 71 98 71 -48 53 88 181 98 71 1 0x1.88p6 0x1.1cp6 0x1.88p6 0x1.1cp6
DOORGENERAL 4 -80 -93 40 -75 40 -75 22 29 22 29 -98 11 -98 11 -80 -93 4 160 -57 280 -39 280 -39 262 65 262 65 142 47 142 47 160 -57 1 0x1.1p2 -1 0 0
DOORGENERAL 4 -42 -116 24 -98 24 -98 6 -34 6 -34 -60 -52 -60 -52 -42 -116 4 -26 -112 40 -94 40 -94 22 -30 22 -30 -44 -48 -44 -48 -26 -112 1 0x1.7p2 2 4 -42 -116 24 -98 24 -98 6 -34 22 -30 -44 -48 -44 -48 -26 -112 2 -0x1.71dd110aa09a9p4 -0x1.a207a9f8c0d35p6 -0x1.4000000000001p3 -0x1.24p6 -0x1.4000000000001p3 -0x1.24p6 0x1.8ee8885504d4p1 -0x1.4bf0ac0e7e596p5
DOORGENERAL 4 -111 10 19 20 19 20 -5 80 -5 80 -135 70 -135 70 -111 10 4 19 20 149 30 149 30 125 90 125 90 -5 80 -5 80 19 20 0 0x1.fp2 1 4 19 20 149 30 19 20 -5 80 125 90 -5 80 -5 80 19 20 1 0x1.ec2048ad8e2dcp3 0x1.d0d7a5270e46cp4 -0x1.6102456c716ep0 0x1.1bca16b63c6e4p6
DOORGENERAL 4 -110 -109 30 -99 30 -99 6 11 6 11 -134 1 -134 1 -110 -109 4 6 11 146 21 146 21 122 131 122 131 -18 121 -18 121 6 11 1 0x1.1p3 0 4 6 11 146 21 30 -99 6 11 6 11 -134 1 -18 121 6 11 1 0x1.8p2 0x1.6p3 0x1.8p2 0x1.6p3
DOORGENERAL 4 7 -13 127 9 127 9 103 69 103 69 -17 47 -17 47 7 -13 4 247 31 367 53 367 53 343 113 343 113 223 91 223 91 247 31 0 0x1.0p3 -1 0 0
DOORGENERAL 4 -83 3 61 27 61 27 51 157 51 157 -93 133 -93 133 -83 3 4 -47 9 97 33 97 33 87 163 87 163 -57 139 -57 139 -47 9 1 0x1.cp0 2 4 -47 9 97 33 61 27 51 157 87 163 -57 139 -57 139 -47 9 3 -0x1.5a687ea25d08fp5 0x1.33ba563e6ca4cp3 -0x1.388b538326b68p3 0x1.e6937214cee1ap3 -0x1.388b538326b68p3 0x1.e6937214cee1ap3 0x1.7c45a9c1935b6p4 0x1.4cb646f5988f4p4 0x1.7c45a9c1935b6p4 0x1.4cb646f5988f4p4 0x1.ca687ea25d09p5 0x1.a622d4e0c9adap4
DOORGENERAL 4 15 -53 95 -41 95 -41 81 79 81 79 1 67 1 67 15 -53 4 95 -41 175 -29 175 -29 161 91 161 91 81 79 81 79 95 -41 1 0x1.7p2 1 4 95 -41 175 -29 95 -41 81 79 161 91 81 79 81 79 95 -41 2 0x1.78685eeaabb1cp6 -0x1.0a6aed6dc879cp5 0x1.6p6 0x1.2fffffffffffep4 0x1.6p6 0x1.2fffffffffffep4 0x1.4797a115544e4p6 0x1.1d3576b6e43cep6
DOORGENERAL 4 14 -37 112 -17 112 -17 96 95 96 95 -2 75 -2 75 14 -37 4 96 95 194 115 194 115 178 227 178 227 80 207 80 207 96 95 1 0x1.2p2 0 4 96 95 194 115 112 -17 96 95 96 95 -2 75 80 207 96 95 1 0x1.8p6 0x1.7cp6 0x1.8p6 0x1.7cp6
DOORGENERAL 4 -124 -19 16 -7 16 -7 8 81 8 81 -132 69 -132 69 -124 -19 4 156 5 296 17 296 17 288 105 288 105 148 93 148 93 156 5 1 0x1.3p3 -1 0 0
DOORGENERAL 4 -120 -49 -18 -33 -18 -33 -32 19 -32 19 -134 3 -134 3 -120 -49 4 -95 -45 7 -29 7 -29 -7 23 -7 23 -109 7 -109 7 -95 -45 1 0x1.8p2 2 4 -95 -45 7 -29 -18 -33 -32 19 -32 19 -134 3 -109 7 -95 -45 2 -0x1.9590ff01a8912p4 -0x1.db6e93c169abp4 -0x1.fbfffffffffffp5 -0x1.ap3 -0x1.fbfffffffffffp5 -0x1.ap3 -0x1.969bc03f95dbbp6 0x1.db749e0b4d58p1
DOORGENERAL 4 -15 0 89 18 89 18 83 58 83 58 -21 40 -21 40 -15 0 4 89 18 193 36 193 36 187 76 187 76 83 58 83 58 89 18 0 0x1.38p3 1 4 89 18 193 36 89 18 83 58 187 76 83 58 83 58 89 18 1 0x1.5d072aec7190fp6 0x1.d9eb875ed63b8p4 0x1.52f8d5138e6fp6 0x1.730a3c5094e24p5
DOORGENERAL 4 -89 13 -39 31 -39 31 -65 139 -65 139 -115 121 -115 121 -89 13 4 -65 139 -15 157 -15 157 -41 265 -41 265 -91 247 -91 247 -65 139 1 0x1.bp2 0 4 -65 139 -15 157 -39 31 -65 139 -65 139 -115 121 -91 247 -65 139 1 -0x1.04p6 0x1.16p7 -0x1.04p6 0x1.16p7
DOORGENERAL 4 25 -101 125 -89 125 -89 103 -45 103 -45 3 -57 3 -57 25 -101 4 225 -77 325 -65 325 -65 303 -21 303 -21 203 -33 203 -33 225 -77 1 0x1.bp2 -1 0 0
DOORGENERAL 4 -102 -24 -46 -4 -46 -4 -52 78 -52 78 -108 58 -108 58 -102 -24 4 -88 -19 -32 1 -32 1 -38 83 -38 83 -94 63 -94 63 -88 -19 0 0x1.1p3 2 4 -88 -19 -32 1 -46 -4 -52 78 -38 83 -94 63 -94 63 -88 -19 1 -0x1.18p6 0x1.d8p4 -0x1.18p6 0x1.d8p4
DOORGENERAL 4 4 -31 108 -5 108 -5 100 41 100 41 -4 15 -4 15 4 -31 4 108 -5 212 21 212 21 204 67 204 67 100 41 100 41 108 -5 1 0x1.9p2 1 4 108 -5 212 21 108 -5 100 41 204 67 100 41 100 41 108 -5 1 0x1.aa58827f5982bp6 0x1.90623477aa0c4p1 0x1.95a77d80a67d5p6 0x1.06f9dcb8855f4p5
DOORGENERAL 4 9 -62 65 -46 65 -46 51 8 51 8 -5 -8 -5 -8 9 -62 4 51 8 107 24 107 24 93 78 93 78 37 62 37 62 51 8 0 0x1.ep2 0 4 51 8 107 24 65 -46 51 8 51 8 -5 -8 37 62 51 8 1 0x1.98p5 0x1.0p3 0x1.98p5 0x1.0p3
DOORGENERAL 4 -52 -54 44 -28 44 -28 18 34 18 34 -78 8 -78 8 -52 -54 4 140 -2 236 24 236 24 210 86 210 86 114 60 114 60 140 -2 0 0x1.0p-2 -1 0 0
DOORGENERAL 4 5 -70 79 -56 79 -56 61 36 61 36 -13 22 -13 22 5 -70 4 23 -67 97 -53 97 -53 79 39 79 39 5 25 5 25 23 -67 0 0x0.0p0 2 4 5 -70 79 -56 79 -56 61 36 79 39 5 25 5 25 23 -67 1 0x1.5p5 -0x1.fp3 0x1.5p5 -0x1.fp3
DOORGENERAL 4 -89 -76 -3 -58 -3 -58 -29 46 -29 46 -115 28 -115 28 -89 -76 4 -3 -58 83 -40 83 -40 57 64 57 64 -29 46 -29 46 -3 -58 0 0x1.7p2 1 4 -3 -58 83 -40 -3 -58 -29 46 57 64 -29 46 -29 46 -3 -58 2 -0x1.384c341a30669p2 -0x1.93d9e5f2e7cccp5 -0x1.0p4 -0x1.8p2 -0x1.0p4 -0x1.8p2 -0x1.b1ecf2f973e66p4 0x1.33d9e5f2e7cccp5
DOORGENERAL 4 -114 20 -28 26 -28 26 -44 84 -44 84 -130 78 -130 78 -114 20 4 -44 84 42 90 42 90 26 148 26 148 -60 142 -60 142 -44 84 0 0x1.6p2 0 4 -44 84 42 90 -28 26 -44 84 -44 84 -130 78 -60 142 -44 84 1 -0x1.6p5 0x1.5p6 -0x1.6p5 0x1.5p6
DOORGENERAL 4 -35 -133 75 -107 75 -107 69 1 69 1 -41 -25 -41 -25 -35 -133 4 185 -81 295 -55 295 -55 289 53 289 53 179 27 179 27 185 -81 1 0x1.bp2 -1 0 0
DOORGENERAL 4 -96 -76 -12 -62 -12 -62 -34 40 -34 40 -118 26 -118 26 -96 -76 4 -75 -73 9 -59 9 -59 -13 43 -13 43 -97 29 -97 29 -75 -73 1 0x1.28p3 2 4 -96 -76 -12 -62 -12 -62 -34 40 -13 43 -97 29 -97 29 -75 -73 2 -0x1.1ce1d48504c46p6 -0x1.efabde9a9cd4cp5 -0x1.b4p5 -0x1.0800000000002p4 -0x1.b4p5 -0x1.0800000000002p4 -0x1.2e3c56f5f6774p5 0x1.cf57bd3539a94p4
DOORGENERAL 4 -78 -6 0 16 0 16 -8 94 -8 94 -86 72 -86 72 -78 -6 4 0 16 78 38 78 38 70 116 70 116 -8 94 -8 94 0 16 0 0x1.0p2 1 4 0 16 78 38 0 16 -8 94 70 116 -8 94 -8 94 0 16 2 -0x1.396ec3c6c5a5fp-1 0x1.5f7fbfa690389p4 -0x1.0p2 0x1.b8p5 -0x1.0p2 0x1.b8p5 -0x1.d8d22787274b4p2 0x1.602010165bf1ep6
DOORGENERAL 4 -124 22 -14 32 -14 32 -24 72 -24 72 -134 62 -134 62 -124 22 4 -24 72 86 82 86 82 76 122 76 122 -34 112 -34 112 -24 72 1 0x1.0p1 0 4 -24 72 86 82 -14 32 -24 72 -24 72 -134 62 -34 112 -24 72 1 -0x1.8p4 0x1.2p6 -0x1.8p4 0x1.2p6
DOORGENERAL 4 -63 -11 5 7 5 7 -17 89 -17 89 -85 71 -85 71 -63 -11 4 73 25 141 43 141 43 119 125 119 125 51 107 51 107 73 25 0 0x1.4p0 -1 0 0
DOORGENERAL 4 -7 -59 73 -49 73 -49 47 31 47 31 -33 21 -33 21 -7 -59 4 13 -57 93 -47 93 -47 67 33 67 33 -13 23 -13 23 13 -57 1 0x1.1p2 2 4 -7 -59 73 -49 73 -49 47 31 67 33 -13 23 -13 23 13 -57 2 0x1.e45a4a7270aa3p3 -0x1.95a3e0d481edap5 0x1.ep4 -0x1.ap3 0x1.ep4 -0x1.ap3 0x1.66e96d6363d57p5 0x1.8b47c1a903db4p4
DOORGENERAL 4 39 20 119 42 119 42 95 112 95 112 15 90 15 90 39 20 4 119 42 199 64 199 64 175 134 175 134 95 112 95 112 119 42 1 0x1.8p1 1 4 119 42 199 64 119 42 95 112 175 134 95 112 95 112 119 42 2 0x1.d583759f22983p6 0x1.75d67c8a60dd6p5 0x1.acp6 0x1.34p6 0x1.acp6 0x1.34p6 0x1.827c8a60dd67cp6 0x1.ad14c1bacf915p6
DOORGENERAL 4 -93 -108 9 -90 9 -90 1 -8 1 -8 -101 -26 -101 -26 -93 -108 4 1 -8 103 10 103 10 95 92 95 92 -7 74 -7 74 1 -8 0 0x1.ap1 0 4 1 -8 103 10 9 -90 1 -8 1 -8 -101 -26 -7 74 1 -8 1 0x1.0p0 -0x1.0p3 0x1.0p0 -0x1.0p3
DOORGENERAL 4 -48 22 100 30 100 30 74 76 74 76 -74 68 -74 68 -48 22 4 248 38 396 46 396 46 370 92 370 92 222 84 222 84 248 38 0 0x1.ep1 -1 0 0
DOORGENERAL 4 -43 -50 25 -36 25 -36 11 94 11 94 -57 80 -57 80 -43 -50 4 -26 -47 42 -33 42 -33 28 97 28 97 -40 83 -40 83 -26 -47 0 0x1.9p2 2 4 -43 -50 25 -36 25 -36 11 94 28 97 -40 83 -40 83 -26 -47 1 -0x1.ep2 0x1.78p4 -0x1.ep2 0x1.78p4
DOORGENERAL 4 -76 -63 4 -57 4 -57 -18 15 -18 15 -98 9 -98 9 -76 -63 4 4 -57 84 -51 84 -51 62 21 62 21 -18 15 -18 15 4 -57 1 0x1.8p2 1 4 4 -57 84 -51 4 -57 -18 15 62 21 -18 15 -18 15 4 -57 1 0x1.a9895412899e4p0 -0x1.8acb22c7b6cd4p5 -0x1.f5312a825133ep3 0x1.d659163db66ap2
DOORGENERAL 4 13 19 79 43 79 43 61 105 61 105 -5 81 -5 81 13 19 4 61 105 127 129 127 129 109 191 109 191 43 167 43 167 61 105 0 0x1.ep1 0 4 61 105 127 129 79 43 61 105 61 105 -5 81 43 167 61 105 1 0x1.e8p5 0x1.a4p6 0x1.e8p5 0x1.a4p6
DOORGENERAL 4 17 -29 81 -13 81 -13 59 63 59 63 -5 47 -5 47 17 -29 4 145 3 209 19 209 19 187 95 187 95 123 79 123 79 145 3 0 0x1.08p3 -1 0 0
DOORGENERAL 4 -98 -133 12 -119 12 -119 0 -17 0 -17 -110 -31 -110 -31 -98 -133 4 -71 -130 39 -116 39 -116 27 -14 27 -14 -83 -28 -83 -28 -71 -130 0 0x1.9p2 2 4 -98 -133 12 -119 12 -119 0 -17 27 -14 -83 -28 -83 -28 -71 -130 1 -0x1.1cp5 -0x1.26p6 -0x1.1cp5 -0x1.26p6
DOORGENERAL 4 -62 -53 0 -35 0 -35 -22 85 -22 85 -84 67 -84 67 -62 -53 4 0 -35 62 -17 62 -17 40 103 40 103 -22 85 -22 85 0 -35 0 0x1.8p2 1 4 0 -35 62 -17 0 -35 -22 85 40 103 -22 85 -22 85 0 -35 2 -0x1.714fbcda3ac11p0 -0x1.b2192e29f79b4p4 -0x1.6p3 0x1.9000000000002p4 -0x1.6p3 0x1.9000000000002p4 -0x1.48eb04325c53fp4 0x1.34864b8a7de6dp6
DOORGENERAL 4 -28 -98 64 -92 64 -92 40 -8 40 -8 -52 -14 -52 -14 -28 -98 4 40 -8 132 -2 132 -2 108 82 108 82 16 76 16 76 40 -8 1 0x1.4p1 0 4 40 -8 132 -2 64 -92 40 -8 40 -8 -52 -14 16 76 40 -8 1 0x1.4p5 -0x1.0p3 0x1.4p5 -0x1.0p3
DOORGENERAL 4 -68 -31 -12 -7 -12 -7 -22 37 -22 37 -78 13 -78 13 -68 -31 4 44 17 100 41 100 41 90 85 90 85 34 61 34 61 44 17 0 0x1.38p3 -1 0 0
DOORGENERAL 4 19 40 95 60 95 60 85 116 85 116 9 96 9 96 19 40 4 38 45 114 65 114 65 104 121 104 121 28 101 28 101 38 45 0 0x1.0p1 2 4 38 45 114 65 95 60 85 116 104 121 28 101 28 101 38 45 1 0x1.ecp5 0x1.42p6 0x1.ecp5 0x1.42p6
DOORGENERAL 4 -91 -105 43 -95 43 -95 37 5 37 5 -97 -5 -97 -5 -91 -105 4 43 -95 177 -85 177 -85 171 15 171 15 37 5 37 5 43 -95 0 0x1.0p1 1 4 43 -95 177 -85 43 -95 37 5 171 15 37 5 37 5 43 -95 3 0x1.56155cc3414f7p5 -0x1.6c075a5b20408p6 0x1.475c744115c52p5 -0x1.e2af919215805p5 0x1.475c744115c52p5 -0x1.e2af919215805p5 0x1.38a38bbeea3aep5 -0x1.daa0dcdbd4ff4p4 0x1.38a38bbeea3aep5 -0x1.daa0dcdbd4ff4p4 0x1.29eaa33cbeb09p5 0x1.01d696c8102p0
DOORGENERAL 4 3 -120 55 -102 55 -102 45 -8 45 -8 -7 -26 -7 -26 3 -120 4 45 -8 97 10 97 10 87 104 87 104 35 86 35 86 45 -8 1 0x1.6p1 0 4 45 -8 97 10 55 -102 45 -8 45 -8 -7 -26 35 86 45 -8 1 0x1.68p5 -0x1.0p3 0x1.68p5 -0x1.0p3
DOORGENERAL 4 -24 -26 36 -14 36 -14 10 72 10 72 -50 60 -50 60 -24 -26 4 96 -2 156 10 156 10 130 96 130 96 70 84 70 84 96 -2 0 0x1.cp2 -1 0 0
DOORGENERAL 4 -103 -140 25 -120 25 -120 19 6 19 6 -109 -14 -109 -14 -103 -140 4 -71 -135 57 -115 57 -115 51 11 51 11 -77 -9 -77 -9 -71 -135 1 0x1.0p2 2 4 -71 -135 57 -115 25 -120 19 6 51 11 -77 -9 -77 -9 -71 -135 2 -0x1.0449a770c7a13p6 -0x1.0c25c114cf98ap7 -0x1.7p4 -0x1.fep6 -0x1.7p4 -0x1.fep6 0x1.31269dc31e84cp4 -0x1.e3b47dd660cedp6
DOORGENERAL 4 -54 -56 40 -48 40 -48 14 36 14 36 -80 28 -80 28 -54 -56 4 40 -48 134 -40 134 -40 108 44 108 44 14 36 14 36 40 -48 1 0x1.18p3 1 4 40 -48 134 -40 40 -48 14 36 108 44 14 36 14 36 40 -48 1 0x1.26923a1f79dcap5 -0x1.2dd86d033af01p5 0x1.12db8bc10c46dp4 0x1.9bb0da0675e04p4
DOORGENERAL 4 2 -59 134 -45 134 -45 110 -1 110 -1 -22 -15 -22 -15 2 -59 4 110 -1 242 13 242 13 218 57 218 57 86 43 86 43 110 -1 0 0x1.cp1 0 4 110 -1 242 13 134 -45 110 -1 110 -1 -22 -15 86 43 110 -1 1 0x1.b8p6 -0x1.0p0 0x1.b8p6 -0x1.0p0
DOORGENERAL 4 -117 -119 -1 -105 -1 -105 -23 15 -23 15 -139 1 -139 1 -117 -119 4 115 -91 231 -77 231 -77 209 43 209 43 93 29 93 29 115 -91 1 0x1.5p2 -1 0 0
DOORGENERAL 4 56 -44 110 -26 110 -26 86 90 86 90 32 72 32 72 56 -44 4 69 -40 123 -22 123 -22 99 94 99 94 45 76 45 76 69 -40 1 0x1.ap1 2 4 56 -44 110 -26 110 -26 86 90 99 94 45 76 45 76 69 -40 3 0x1.167f8b44d3e06p6 -0x1.13de6412fed05p5 0x1.2b7fd916f14adp6 0x1.4b044a78032a8p2 0x1.2b7fd916f14adp6 0x1.4b044a78032a8p2 0x1.408026e90eb53p6 0x1.669f76b0ff9afp5 0x1.408026e90eb53p6 0x1.669f76b0ff9afp5 0x1.558074bb2c1fap6 0x1.51ef32097f683p6
DOORGENERAL 4 -59 -46 49 -36 49 -36 31 6 31 6 -77 -4 -77 -4 -59 -46 4 49 -36 157 -26 157 -26 139 16 139 16 31 6 31 6 49 -36 0 0x1.38p3 1 4 49 -36 157 -26 49 -36 31 6 139 16 31 6 31 6 49 -36 1 0x1.62f8b9db11e2ep5 -0x1.93336353a8cd8p4 0x1.1d074624ee1d2p5 -0x1.333272b15cca4p2
DOORGENERAL 4 -82 -128 8 -122 8 -122 -8 -6 -8 -6 -98 -12 -98 -12 -82 -128 4 -8 -6 82 0 82 0 66 116 66 116 -24 110 -24 110 -8 -6 1 0x1.2p1 0 4 -8 -6 82 0 8 -122 -8 -6 -8 -6 -98 -12 -24 110 -8 -6 1 -0x1.0p3 -0x1.8p2 -0x1.0p3 -0x1.8p2
DOORGENERAL 4 -95 -78 -7 -72 -7 -72 -31 22 -31 22 -119 16 -119 16 -95 -78 4 81 -66 169 -60 169 -60 145 34 145 34 57 28 57 28 81 -66 0 0x1.0p0 -1 0 0
DOORGENERAL 4 -19 -83 97 -69 97 -69 77 -29 77 -29 -39 -43 -39 -43 -19 -83 4 10 -80 126 -66 126 -66 106 -26 106 -26 -10 -40 -10 -40 10 -80 0 0x1.5p2 2 4 -19 -83 97 -69 97 -69 77 -29 106 -26 -10 -40 -10 -40 10 -80 1 0x1.5cp5 -0x1.b4p5 0x1.5cp5 -0x1.b4p5
DOORGENERAL 4 -22 -58 60 -50 60 -50 46 20 46 20 -36 12 -36 12 -22 -58 4 60 -50 142 -42 142 -42 128 28 128 28 46 20 46 20 60 -50 0 0x1.8p-1 1 4 60 -50 142 -42 60 -50 46 20 128 28 46 20 46 20 60 -50 3 0x1.dbaf795345ffbp5 -0x1.7a6d5ea05dfe8p5 0x1.b93a7dc66caa9p5 -0x1.9c48e9c03ea9bp4 0x1.b93a7dc66caa9p5 -0x1.9c48e9c03ea9bp4 0x1.96c5823993557p5 -0x1.0edc58ff05598p2 0x1.96c5823993557p5 -0x1.0edc58ff05598p2 0x1.745086acba005p5 0x1.14dabd40bbfdp4
DOORGENERAL 4 -37 2 81 26 81 26 57 128 57 128 -61 104 -61 104 -37 2 4 57 128 175 152 175 152 151 254 151 254 33 230 33 230 57 128 0 0x1.6p1 0 4 57 128 175 152 81 26 57 128 57 128 -61 104 33 230 57 128 1 0x1.c8p5 0x1.0p7 0x1.c8p5 0x1.0p7
DOORGENERAL 4 -140 -42 2 -28 2 -28 -4 78 -4 78 -146 64 -146 64 -140 -42 4 144 -14 286 0 286 0 280 106 280 106 138 92 138 92 144 -14 1 0x1.8p2 -1 0 0
DOORGENERAL 4 -48 10 68 18 68 18 46 132 46 132 -70 124 -70 124 -48 10 4 -19 12 97 20 97 20 75 134 75 134 -41 126 -41 126 -19 12 0 0x0.0p0 2 4 -19 12 97 20 68 18 46 132 75 134 -41 126 -41 126 -19 12 1 0x1.bp3 0x1.2p6 0x1.bp3 0x1.2p6
DOORGENERAL 4 -30 -50 26 -38 26 -38 6 14 6 14 -50 2 -50 2 -30 -50 4 26 -38 82 -26 82 -26 62 26 62 26 6 14 6 14 26 -38 0 0x1.2p1 1 4 26 -38 82 -26 26 -38 6 14 62 26 6 14 6 14 26 -38 2 0x1.8796e46664932p4 -0x1.104428eb82bf4p5 0x1.fffffffffffffp3 -0x1.7fffffffffffep3 0x1.fffffffffffffp3 -0x1.7fffffffffffep3 0x1.e1a46e666db34p2 0x1.4110a3ae0afd4p3
DOORGENERAL 4 -23 24 85 30 85 30 61 98 61 98 -47 92 -47 92 -23 24 4 61 98 169 104 169 104 145 172 145 172 37 166 37 166 61 98 1 0x1.1p2 0 4 61 98 169 104 85 30 61 98 61 98 -47 92 37 166 61 98 1 0x1.e8p5 0x1.88p6 0x1.e8p5 0x1.88p6
DOORGENERAL 4 -45 22 101 34 101 34 79 138 79 138 -67 126 -67 126 -45 22 4 247 46 393 58 393 58 371 162 371 162 225 150 225 150 247 46 1 0x1.0p-1 -1 0 0
DOORGENERAL 4 -44 -28 40 -4 40 -4 16 122 16 122 -68 98 -68 98 -44 -28 4 -23 -22 61 2 61 2 37 128 37 128 -47 104 -47 104 -23 -22 0 0x1.0p2 2 4 -23 -22 61 2 40 -4 16 122 37 128 -47 104 -47 104 -23 -22 1 -0x1.cp1 0x1.9p5 -0x1.cp1 0x1.9p5
DOORGENERAL 4 -31 -39 101 -31 101 -31 77 85 77 85 -55 77 -55 77 -31 -39 4 101 -31 233 -23 233 -23 209 93 209 93 77 85 77 85 101 -31 1 0x1.cp0 1 4 101 -31 233 -23 101 -31 77 85 209 93 77 85 77 85 101 -31 4 0x1.90f5fe9646306p6 -0x1.b53e8f594cfc3p4 0x1.7a7aff4b23183p6 -0x1.4fa3d6533f1p-3 0x1.7a7aff4b23183p6 -0x1.4fa3d6533f1p-3 0x1.64p6 0x1.affffffffffffp4 0x1.64p6 0x1.affffffffffffp4 0x1.4d8500b4dce7dp6 0x1.b14fa3d6533fp5 0x1.4d8500b4dce7dp6 0x1.b14fa3d6533fp5 0x1.370a0169b9cfap6 0x1.454fa3d6533fp6
DOORGENERAL 4 -111 -18 27 6 27 6 15 132 15 132 -123 108 -123 108 -111 -18 4 15 132 153 156 153 156 141 282 141 282 3 258 3 258 15 132 1 0x1.6p1 0 4 15 132 153 156 27 6 15 132 15 132 -123 108 3 258 15 132 1 0x1.ep3 0x1.08p7 0x1.ep3 0x1.08p7
DOORGENERAL 4 -86 -37 54 -23 54 -23 32 17 32 17 -108 3 -108 3 -86 -37 4 194 -9 334 5 334 5 312 45 312 45 172 31 172 31 194 -9 0 0x1.1p3 -1 0 0
DOORGENERAL 4 -65 -141 41 -123 41 -123 25 -19 25 -19 -81 -37 -81 -37 -65 -141 4 -39 -137 67 -119 67 -119 51 -15 51 -15 -55 -33 -55 -33 -39 -137 0 0x1.bp2 2 4 -65 -141 41 -123 41 -123 25 -19 51 -15 -55 -33 -55 -33 -39 -137 1 -0x1.c000000000001p2 -0x1.38p6 -0x1.c000000000001p2 -0x1.38p6
DOORGENERAL 4 -30 -136 20 -114 20 -114 6 -24 6 -24 -44 -46 -44 -46 -30 -136 4 20 -114 70 -92 70 -92 56 -2 56 -2 6 -24 6 -24 20 -114 0 0x1.5p2 1 4 20 -114 70 -92 20 -114 6 -24 56 -2 6 -24 6 -24 20 -114 2 0x1.2e2b84492afb9p4 -0x1.ab58392c72cb3p6 0x1.ap3 -0x1.14p6 0x1.ap3 -0x1.14p6 0x1.c751eedb5411cp2 -0x1.f29f1b4e34d34p4
DOORGENERAL 4 -22 -116 84 -92 84 -92 64 -24 64 -24 -42 -48 -42 -48 -22 -116 4 64 -24 170 0 170 0 150 68 150 68 44 44 44 44 64 -24 1 0x1.9p2 0 4 64 -24 170 0 84 -92 64 -24 64 -24 -42 -48 44 44 64 -24 1 0x1.0p6 -0x1.8p4 0x1.0p6 -0x1.8p4
DOORGENERAL 4 39 -38 101 -32 101 -32 91 26 91 26 29 20 29 20 39 -38 4 163 -26 225 -20 225 -20 215 38 215 38 153 32 153 32 163 -26 1 0x1.2p3 -1 0 0
DOORGENERAL 4 8 -115 94 -99 94 -99 88 7 88 7 2 -9 2 -9 8 -115 4 29 -111 115 -95 115 -95 109 11 109 11 23 -5 23 -5 29 -111 1 0x1.0p1 2 4 29 -111 115 -95 94 -99 88 7 88 7 2 -9 23 -5 29 -111 3 0x1.6e5319e3ad42ep6 -0x1.7edf74b6d1045p6 0x1.161bb34be46bap6 -0x1.0a4a7c3cf056cp6 0x1.161bb34be46bap6 -0x1.0a4a7c3cf056cp6 0x1.7bc899683728cp5 -0x1.2b6b07861f526p5 0x1.7bc899683728cp5 -0x1.2b6b07861f526p5 0x1.96b398714af48p4 -0x1.09045a4977ddp3
DOORGENERAL 4 9 -30 67 -6 67 -6 47 40 47 40 -11 16 -11 16 9 -30 4 67 -6 125 18 125 18 105 64 105 64 47 40 47 40 67 -6 1 0x1.cp1 1 4 67 -6 125 18 67 -6 47 40 105 64 47 40 47 40 67 -6 1 0x1.033a5fe1e319ep6 -0x1.e987dd5ec428p-1 0x1.898b403c39cc4p5 0x1.17a61f757b10ap5
DOORGENERAL 4 -100 -1 -18 21 -18 21 -36 99 -36 99 -118 77 -118 77 -100 -1 4 -36 99 46 121 46 121 28 199 28 199 -54 177 -54 177 -36 99 0 0x1.8p-1 0 4 -36 99 46 121 -18 21 -36 99 -36 99 -118 77 -54 177 -36 99 1 -0x1.2p5 0x1.8cp6 -0x1.2p5 0x1.8cp6
DOORGENERAL 4 -50 -16 94 -4 94 -4 88 76 88 76 -56 64 -56 64 -50 -16 4 238 8 382 20 382 20 376 100 376 100 232 88 232 88 238 8 1 0x1.3p2 -1 0 0
DOORGENERAL 4 -115 11 -33 17 -33 17 -41 103 -41 103 -123 97 -123 97 -115 11 4 -95 12 -13 18 -13 18 -21 104 -21 104 -103 98 -103 98 -95 12 1 0x1.1p2 2 4 -115 11 -33 17 -33 17 -41 103 -21 104 -103 98 -103 98 -95 12 2 -0x1.6f4d5f02a90d1p6 0x1.1d190ccb40e4p4 -0x1.1p6 0x1.cbfffffffffffp5 -0x1.1p6 0x1.cbfffffffffffp5 -0x1.616541faade5fp5 0x1.84b9bccd2fc6fp6
DOORGENERAL 4 -83 -68 1 -60 1 -60 -25 36 -25 36 -109 28 -109 28 -83 -68 4 1 -60 85 -52 85 -52 59 44 59 44 -25 36 -25 36 1 -60 1 0x1.8p1 1 4 1 -60 85 -52 1 -60 -25 36 59 44 -25 36 -25 36 1 -60 2 -0x1.3a727e0a6d9bcp-2 -0x1.b96414fac6af3p5 -0x1.8p3 -0x1.8000000000004p3 -0x1.8p3 -0x1.8000000000004p3 -0x1.7b163607d6499p4 0x1.f2c829f58d5e4p4
DOORGENERAL 4 -81 -36 -3 -18 -3 -18 -13 70 -13 70 -91 52 -91 52 -81 -36 4 -13 70 65 88 65 88 55 176 55 176 -23 158 -23 158 -13 70 1 0x1.0p1 0 4 -13 70 65 88 -3 -18 -13 70 -13 70 -91 52 -23 158 -13 70 1 -0x1.ap3 0x1.18p6 -0x1.ap3 0x1.18p6
DOORGENERAL 4 -11 -94 117 -78 117 -78 99 -32 99 -32 -29 -48 -29 -48 -11 -94 4 245 -62 373 -46 373 -46 355 0 355 0 227 -16 227 -16 245 -62 0 0x1.0p1 -1 0 0
DOORGENERAL 4 50 -43 104 -31 104 -31 98 73 98 73 44 61 44 61 50 -43 4 63 -40 117 -28 117 -28 111 76 111 76 57 64 57 64 63 -40 0 0x1.3p2 2 4 63 -40 117 -28 104 -31 98 73 98 73 44 61 57 64 63 -40 1 0x1.42p6 0x1.08p4 0x1.42p6 0x1.08p4
DOORGENERAL 4 -65 -23 77 -1 77 -1 71 117 71 117 -71 95 -71 95 -65 -23 4 77 -1 219 21 219 21 213 139 213 139 71 117 71 117 77 -1 1 0x1.dp2 1 4 77 -1 219 21 77 -1 71 117 213 139 71 117 71 117 77 -1 2 0x1.321efe89e1d9cp6 0x1.079e3b428781ep3 0x1.28p6 0x1.dp5 0x1.28p6 0x1.dp5 0x1.1de101761e264p6 0x1.af0c3897af0fcp6
DOORGENERAL 4 -40 13 52 27 52 27 32 125 32 125 -60 111 -60 111 -40 13 4 32 125 124 139 124 139 104 237 104 237 12 223 12 223 32 125 0 0x1.ap1 0 4 32 125 124 139 52 27 32 125 32 125 -60 111 12 223 32 125 1 0x1.0p5 0x1.f4p6 0x1.0p5 0x1.f4p6
DOORGENERAL 4 -46 -128 92 -110 92 -110 80 0 80 0 -58 -18 -58 -18 -46 -128 4 230 -92 368 -74 368 -74 356 36 356 36 218 18 218 18 230 -92 1 0x1.2p3 -1 0 0
DOORGENERAL 4 51 32 101 40 101 40 89 112 89 112 39 104 39 104 51 32 4 63 34 113 42 113 42 101 114 101 114 51 106 51 106 63 34 1 0x1.4p0 2 4 63 34 113 42 101 40 89 112 89 112 39 104 51 106 63 34 3 0x1.8c16b5433cb4bp6 0x1.555575601e4d5p5 0x1.4eb23c6bbee6ep6 0x1.f71c7c755f6fp5 0x1.4eb23c6bbee6ep6 0x1.f71c7c755f6fp5 0x1.114dc39441192p6 0x1.4c71c1c550486p6 0x1.114dc39441192p6 0x1.4c71c1c550486p6 0x1.a7d295798696ap5 0x1.9d55454ff0d94p6
DOORGENERAL 4 -89 -12 -9 12 -9 12 -31 72 -31 72 -111 48 -111 48 -89 -12 4 -9 12 71 36 71 36 49 96 49 96 -31 72 -31 72 -9 12 1 0x1.0p2 1 4 -9 12 71 36 -9 12 -31 72 49 96 -31 72 -31 72 -9 12 2 -0x1.6218cdf4b939ap3 0x1.1a21d307e54eap4 -0x1.4p4 0x1.5p5 -0x1.4p4 0x1.5p5 -0x1.cef39905a3633p4 0x1.09778b3e06ac6p6
DOORGENERAL 4 -25 27 39 43 39 43 15 95 15 95 -49 79 -49 79 -25 27 4 15 95 79 111 79 111 55 163 55 163 -9 147 -9 147 15 95 0 0x1.2p2 0 4 15 95 79 111 39 43 15 95 15 95 -49 79 -9 147 15 95 1 0x1.ep3 0x1.7cp6 0x1.ep3 0x1.7cp6
DOORGENERAL 4 10 -74 92 -54 92 -54 78 46 78 46 -4 26 -4 26 10 -74 4 174 -34 256 -14 256 -14 242 86 242 86 160 66 160 66 174 -34 0 0x1.3p2 -1 0 0
DOORGENERAL 4 1 -72 145 -54 145 -54 125 28 125 28 -19 10 -19 10 1 -72 4 37 -68 181 -50 181 -50 161 32 161 32 17 14 17 14 37 -68 1 0x1.8p-1 2 4 1 -72 145 -54 145 -54 125 28 161 32 17 14 17 14 37 -68 5 0x1.3605d0c0ce188p5 -0x1.05ff8bea07ae1p6 0x1.bd36b073aedb8p5 -0x1.7a65db18d6041p5 0x1.bd36b073aedb8p5 -0x1.7a65db18d6041p5 0x1.2233c81347cf4p6 -0x1.d1993cbb3958p4 0x1.2233c81347cf4p6 -0x1.d1993cbb3958p4 0x1.65cc37ecb830cp6 -0x1.5ccd86898d5p3 0x1.65cc37ecb830cp6 -0x1.5ccd86898d5p3 0x1.a964a7c628924p6 0x1.d32ed8c6b021p2 0x1.a964a7c628924p6 0x1.d32ed8c6b021p2 0x1.ecfd179f98f3cp6 0x1.97fe2fa81eb84p4
DOORGENERAL 4 19 -106 117 -92 117 -92 109 -28 109 -28 11 -42 11 -42 19 -106 4 117 -92 215 -78 215 -78 207 -14 207 -14 109 -28 109 -28 117 -92 1 0x1.4p2 1 4 117 -92 215 -78 117 -92 109 -28 207 -14 109 -28 109 -28 117 -92 1 0x1.d086eb450e659p6 -0x1.54375a28732c6p6 0x1.b77914baf19a7p6 -0x1.17914baf19a74p5
DOORGENERAL 4 -72 -83 72 -71 72 -71 54 59 54 59 -90 47 -90 47 -72 -83 4 54 59 198 71 198 71 180 201 180 201 36 189 36 189 54 59 0 0x1.0p3 0 4 54 59 198 71 72 -71 54 59 54 59 -90 47 36 189 54 59 1 0x1.bp5 0x1.d8p5 0x1.bp5 0x1.d8p5
DOORGENERAL 4 -19 -48 39 -30 39 -30 15 10 15 10 -43 -8 -43 -8 -19 -48 4 97 -12 155 6 155 6 131 46 131 46 73 28 73 28 97 -12 1 0x1.cp0 -1 0 0
DOORGENERAL 4 -101 -23 -41 -9 -41 -9 -55 81 -55 81 -115 67 -115 67 -101 -23 4 -86 -20 -26 -6 -26 -6 -40 84 -40 84 -100 70 -100 70 -86 -20 0 0x1.0p2 2 4 -101 -23 -41 -9 -41 -9 -55 81 -40 84 -100 70 -100 70 -86 -20 1 -0x1.1ap6 0x1.e8p4 -0x1.1ap6 0x1.e8p4
DOORGENERAL 4 -64 -126 76 -112 76 -112 54 6 54 6 -86 -8 -86 -8 -64 -126 4 76 -112 216 -98 216 -98 194 20 194 20 54 6 54 6 76 -112 0 0x1.4p0 1 4 76 -112 216 -98 76 -112 54 6 194 20 54 6 54 6 76 -112 4 0x1.2d9e093c61138p6 -0x1.b33860154e8p6 0x1.18cf049e3089cp6 -0x1.439c300aa74p6 0x1.18cf049e3089cp6 -0x1.439c300aa74p6 0x1.04p6 -0x1.a8p5 0x1.04p6 -0x1.a8p5 0x1.de61f6c39eec7p5 -0x1.918f3fd563p4 0x1.de61f6c39eec7p5 -0x1.918f3fd563p4 0x1.b4c3ed873dd8fp5 0x1.670c02a9dp1
DOORGENERAL 4 -55 -62 41 -36 41 -36 15 28 15 28 -81 2 -81 2 -55 -62 4 15 28 111 54 111 54 85 118 85 118 -11 92 -11 92 15 28 0 0x1.fp2 0 4 15 28 111 54 41 -36 15 28 15 28 -81 2 -11 92 15 28 1 0x1.ep3 0x1.cp4 0x1.ep3 0x1.cp4
DOORGENERAL 4 -38 -122 94 -114 94 -114 78 12 78 12 -54 4 -54 4 -38 -122 4 226 -106 358 -98 358 -98 342 28 342 28 210 20 210 20 226 -106 0 0x1.0p0 -1 0 0
DOORGENERAL 4 -13 -77 67 -65 67 -65 47 41 47 41 -33 29 -33 29 -13 -77 4 7 -74 87 -62 87 -62 67 44 67 44 -13 32 -13 32 7 -74 1 0x1.8p1 2 4 7 -74 87 -62 67 -65 47 41 67 44 -13 32 -13 32 7 -74 2 0x1.7e3ad5405f2d4p3 -0x1.25087f3397d0cp6 0x1.28p5 -0x1.16p6 0x1.28p5 -0x1.16p6 0x1.f0714aafe834bp5 -0x1.06f780cc682f4p6
DOORGENERAL 4 -9 -17 99 1 99 1 77 79 77 79 -31 61 -31 61 -9 -17 4 99 1 207 19 207 19 185 97 185 97 77 79 77 79 99 1 0 0x1.6p2 1 4 99 1 207 19 99 1 77 79 185 97 77 79 77 79 99 1 2 0x1.83db2f9947fp6 0x1.06fce878c1c6bp3 0x1.6p6 0x1.4000000000001p5 0x1.6p6 0x1.4000000000001p5 0x1.3c24d066b81p6 0x1.1f2062f0e7c73p6
DOORGENERAL 4 -27 -22 83 -4 83 -4 75 90 75 90 -35 72 -35 72 -27 -22 4 75 90 185 108 185 108 177 202 177 202 67 184 67 184 75 90 1 0x1.0p1 0 4 75 90 185 108 83 -4 75 90 75 90 -35 72 67 184 75 90 1 0x1.2cp6 0x1.68p6 0x1.2cp6 0x1.68p6
DOORGENERAL 4 -15 -56 103 -34 103 -34 87 10 87 10 -31 -12 -31 -12 -15 -56 4 221 -12 339 10 339 10 323 54 323 54 205 32 205 32 221 -12 0 0x1.8p2 -1 0 0
DOORGENERAL 4 40 15 118 35 118 35 112 75 112 75 34 55 34 55 40 15 4 59 20 137 40 137 40 131 80 131 80 53 60 53 60 59 20 1 0x1.3p3 2 4 59 20 137 40 118 35 112 75 112 75 34 55 53 60 59 20 1 0x1.acf0cec2b8a08p6 0x1.39bece8949448p5 0x1.fe1e627a8ebefp5 0x1.be413176b6bb8p5
DOORGENERAL 4 -110 -8 36 16 36 16 18 114 18 114 -128 90 -128 90 -110 -8 4 36 16 182 40 182 40 164 138 164 138 18 114 18 114 36 16 0 0x1.6p2 1 4 36 16 182 40 36 16 18 114 164 138 18 114 18 114 36 16 2 0x1.152931515d072p5 0x1.760691a67cce9p4 0x1.affffffffffffp4 0x1.04p6 0x1.affffffffffffp4 0x1.04p6 0x1.35ad9d5d45f1bp4 0x1.aa7e5b9660cc6p6
DOORGENERAL 4 -87 -97 -25 -77 -25 -77 -37 -1 -37 -1 -99 -21 -99 -21 -87 -97 4 -37 -1 25 19 25 19 13 95 13 95 -49 75 -49 75 -37 -1 0 0x1.3p3 0 4 -37 -1 25 19 -25 -77 -37 -1 -37 -1 -99 -21 -49 75 -37 -1 1 -0x1.28p5 -0x1.0p0 -0x1.28p5 -0x1.0p0
DOORGENERAL 4 -1 -23 103 -1 103 -1 97 41 97 41 -7 19 -7 19 -1 -23 4 207 21 311 43 311 43 305 85 305 85 201 63 201 63 207 21 1 0x1.38p3 -1 0 0
DOORGENERAL 4 -88 -6 2 8 2 8 -24 124 -24 124 -114 110 -114 110 -88 -6 4 -66 -3 24 11 24 11 -2 127 -2 127 -92 113 -92 113 -66 -3 0 0x1.0p0 2 4 -88 -6 2 8 2 8 -24 124 -2 127 -92 113 -92 113 -66 -3 1 -0x1.68p5 0x1.e4p5 -0x1.68p5 0x1.e4p5
DOORGENERAL 4 25 -34 99 -26 99 -26 77 92 77 92 3 84 3 84 25 -34 4 99 -26 173 -18 173 -18 151 100 151 100 77 92 77 92 99 -26 1 0x1.08p3 1 4 99 -26 173 -18 99 -26 77 92 151 100 77 92 77 92 99 -26 2 0x1.847c4483598c6p6 -0x1.fd8e648fbc9e2p3 0x1.6p6 0x1.08p5 0x1.6p6 0x1.08p5 0x1.3b83bb7ca673ap6 0x1.47b1cc91f793cp6
DOORGENERAL 4 -147 -66 -3 -40 -3 -40 -9 80 -9 80 -153 54 -153 54 -147 -66 4 -9 80 135 106 135 106 129 226 129 226 -15 200 -15 200 -9 80 0 0x1.8p2 0 4 -9 80 135 106 -3 -40 -9 80 -9 80 -153 54 -15 200 -9 80 1 -0x1.2p3 0x1.4p6 -0x1.2p3 0x1.4p6
DOORGENERAL 4 25 18 135 44 135 44 117 98 117 98 7 72 7 72 25 18 4 245 70 355 96 355 96 337 150 337 150 227 124 227 124 245 70 1 0x1.0p2 -1 0 0
DOORGENERAL 4 -94 29 6 37 6 37 -6 109 -6 109 -106 101 -106 101 -94 29 4 -69 31 31 39 31 39 19 111 19 111 -81 103 -81 103 -69 31 1 0x1.8p1 2 4 -69 31 31 39 6 37 -6 109 19 111 -81 103 -81 103 -69 31 2 -0x1.00104e4732af3p6 0x1.f6612ea189619p4 -0x1.f800000000002p4 0x1.1p5 -0x1.f800000000002p4 0x1.1p5 0x1.041391ccabc8p0 0x1.24cf68af3b4f4p5
DOORGENERAL 4 13 -77 113 -71 113 -71 101 13 101 13 1 7 1 7 13 -77 4 113 -71 213 -65 213 -65 201 19 201 19 101 13 101 13 113 -71 1 0x1.cp1 1 4 113 -71 213 -65 113 -71 101 13 201 19 101 13 101 13 113 -71 2 0x1.c0e383d1e81bp6 -0x1.06389abd58bcep6 0x1.acp6 -0x1.dp4 0x1.acp6 -0x1.dp4 0x1.971c7c2e17e5p6 0x1.e389abd58bcep2
DOORGENERAL 4 29 0 123 6 123 6 107 60 107 60 13 54 13 54 29 0 4 107 60 201 66 201 66 185 120 185 120 91 114 91 114 107 60 0 0x1.ep1 0 4 107 60 201 66 123 6 107 60 107 60 13 54 91 114 107 60 1 0x1.acp6 0x1.ep5 0x1.acp6 0x1.ep5
DOORGENERAL 4 -131 25 5 51 5 51 -13 93 -13 93 -149 67 -149 67 -131 25 4 141 77 277 103 277 103 259 145 259 145 123 119 123 119 141 77 1 0x1.cp1 -1 0 0
DOORGENERAL 4 1 -65 131 -47 131 -47 119 17 119 17 -11 -1 -11 -1 1 -65 4 33 -61 163 -43 163 -43 151 21 151 21 21 3 21 3 33 -61 0 0x1.08p3 2 4 1 -65 131 -47 131 -47 119 17 151 21 21 3 21 3 33 -61 1 0x1.3p6 -0x1.6p4 0x1.3p6 -0x1.6p4
DOORGENERAL 4 -94 -8 16 4 16 4 0 58 0 58 -110 46 -110 46 -94 -8 4 16 4 126 16 126 16 110 70 110 70 0 58 0 58 16 4 1 0x1.cp2 1 4 16 4 126 16 16 4 0 58 110 70 0 58 0 58 16 4 1 0x1.ae2ebc52267b4p3 0x1.9422446abe2p3 0x1.47450eb76613p1 0x1.8af76ee55078p5
DOORGENERAL 4 -96 -17 4 9 4 9 -10 117 -10 117 -110 91 -110 91 -96 -17 4 -10 117 90 143 90 143 76 251 76 251 -24 225 -24 225 -10 117 1 0x1.9p2 0 4 -10 117 90 143 4 9 -10 117 -10 117 -110 91 -24 225 -10 117 1 -0x1.4p3 0x1.d4p6 -0x1.4p3 0x1.d4p6
DOORGENERAL 4 -28 -109 78 -95 78 -95 52 -49 52 -49 -54 -63 -54 -63 -28 -109 4 184 -81 290 -67 290 -67 264 -21 264 -21 158 -35 158 -35 184 -81 1 0x1.4p3 -1 0 0
DOORGENERAL 4 -24 2 72 12 72 12 60 98 60 98 -36 88 -36 88 -24 2 4 0 4 96 14 96 14 84 100 84 100 -12 90 -12 90 0 4 0 0x1.2p2 2 4 -24 2 72 12 72 12 60 98 84 100 -12 90 -12 90 0 4 1 0x1.ep4 0x1.98p5 0x1.ep4 0x1.98p5
DOORGENERAL 4 -118 -39 0 -19 0 -19 -12 45 -12 45 -130 25 -130 25 -118 -39 4 0 -19 118 1 118 1 106 65 106 65 -12 45 -12 45 0 -19 0 0x1.0p2 1 4 0 -19 118 1 0 -19 -12 45 106 65 -12 45 -12 45 0 -19 2 -0x1.1b11335a68e7p0 -0x1.a349ddc3ba10ap3 -0x1.8p2 0x1.ap3 -0x1.8p2 0x1.ap3 -0x1.5c9dd994b2e32p3 0x1.38d27770ee843p5
DOORGENERAL 4 -119 -114 -23 -96 -23 -96 -31 18 -31 18 -127 0 -127 0 -119 -114 4 -31 18 65 36 65 36 57 150 57 150 -39 132 -39 132 -31 18 0 0x1.2p1 0 4 -31 18 65 36 -23 -96 -31 18 -31 18 -127 0 -39 132 -31 18 1 -0x1.fp4 0x1.2p4 -0x1.fp4 0x1.2p4
DOORGENERAL 4 12 -3 120 11 120 11 108 133 108 133 0 119 0 119 12 -3 4 228 25 336 39 336 39 324 161 324 161 216 147 216 147 228 25 1 0x1.dp2 -1 0 0
DOORGENERAL 4 -126 -66 4 -58 4 -58 -20 -8 -20 -8 -150 -16 -150 -16 -126 -66 4 -94 -64 36 -56 36 -56 12 -6 12 -6 -118 -14 -118 -14 -94 -64 1 0x1.0p1 2 4 -94 -64 36 -56 4 -58 -20 -8 -20 -8 -150 -16 -118 -14 -94 -64 4 0x1.c77c7d155419p-3 -0x1.c4ea4b244fe7cp5 -0x1.c6388382eaabfp4 -0x1.7275259227f3ep5 -0x1.c6388382eaabfp4 -0x1.7275259227f3ep5 -0x1.c8p5 -0x1.2p5 -0x1.c8p5 -0x1.2p5 -0x1.5671df1f4555p6 -0x1.9b15b4dbb0184p4 -0x1.5671df1f4555p6 -0x1.9b15b4dbb0184p4 -0x1.c8e3be3e8aaa1p6 -0x1.ec56d36ec061p3
DOORGENERAL 4 -78 -91 58 -79 58 -79 40 35 40 35 -96 23 -96 23 -78 -91 4 58 -79 194 -67 194 -67 176 47 176 47 40 35 40 35 58 -79 0 0x1.3p2 1 4 58 -79 194 -67 58 -79 40 35 176 47 40 35 40 35 58 -79 2 0x1.c793f92fb6cep5 -0x1.2154951718371p6 0x1.88p5 -0x1.6p4 0x1.88p5 -0x1.6p4 0x1.486c06d04932p5 0x1.c552545c60dc4p4
DOORGENERAL 4 13 -110 101 -92 101 -92 81 -30 81 -30 -7 -48 -7 -48 13 -110 4 81 -30 169 -12 169 -12 149 50 149 50 61 32 61 32 81 -30 0 0x1.3p2 0 4 81 -30 169 -12 101 -92 81 -30 81 -30 -7 -48 61 32 81 -30 1 0x1.44p6 -0x1.ep4 0x1.44p6 -0x1.ep4
DOORGENERAL 4 6 -86 60 -68 60 -68 36 -6 36 -6 -18 -24 -18 -24 6 -86 4 114 -50 168 -32 168 -32 144 30 144 30 90 12 90 12 114 -50 1 0x1.fp2 -1 0 0
DOORGENERAL 4 -93 -49 25 -39 25 -39 -1 75 -1 75 -119 65 -119 65 -93 -49 4 -64 -47 54 -37 54 -37 28 77 28 77 -90 67 -90 67 -64 -47 0 0x1.ep1 2 4 -93 -49 25 -39 25 -39 -1 75 28 77 -90 67 -90 67 -64 -47 1 -0x1.04p5 0x1.c000000000002p3 -0x1.04p5 0x1.c000000000002p3
DOORGENERAL 4 -109 -82 7 -74 7 -74 -11 -34 -11 -34 -127 -42 -127 -42 -109 -82 4 7 -74 123 -66 123 -66 105 -26 105 -26 -11 -34 -11 -34 7 -74 1 0x1.bp2 1 4 7 -74 123 -66 7 -74 -11 -34 105 -26 -11 -34 -11 -34 7 -74 1 0x1.b4643d5e0bed5p1 -0x1.08152eeda4624p6 -0x1.da321eaf05f6cp2 -0x1.4fd5a224b73b7p5
DOORGENERAL 4 -75 -3 -13 7 -13 7 -35 59 -35 59 -97 49 -97 49 -75 -3 4 -35 59 27 69 27 69 5 121 5 121 -57 111 -57 111 -35 59 1 0x1.18p3 0 4 -35 59 27 69 -13 7 -35 59 -35 59 -97 49 -57 111 -35 59 1 -0x1.18p5 0x1.d8p5 -0x1.18p5 0x1.d8p5
DOORGENERAL 4 0 -54 60 -40 60 -40 36 46 36 46 -24 32 -24 32 0 -54 4 120 -26 180 -12 180 -12 156 74 156 74 96 60 96 60 120 -26 0 0x1.8p2 -1 0 0
DOORGENERAL 4 -145 -129 -3 -115 -3 -115 -15 7 -15 7 -157 -7 -157 -7 -145 -129 4 -110 -126 32 -112 32 -112 20 10 20 10 -122 -4 -122 -4 -110 -126 1 0x1.2p3 2 4 -145 -129 -3 -115 -3 -115 -15 7 20 10 -122 -4 -122 -4 -110 -126 2 -0x1.9e78b1021d9d8p6 -0x1.d280d2e343e8cp6 -0x1.f4p5 -0x1.dcp5 -0x1.f4p5 -0x1.dcp5 -0x1.561d3bf7898ap4 -0x1.2fe5a39782e8p1
DOORGENERAL 4 -72 39 62 47 62 47 52 89 52 89 -82 81 -82 81 -72 39 4 62 47 196 55 196 55 186 97 186 97 52 89 52 89 62 47 0 0x1.fp2 1 4 62 47 196 55 62 47 52 89 186 97 52 89 52 89 62 47 1 0x1.ddef0055e6c94p5 0x1.c3e0fe9736b2bp5 0x1.b210ffaa1936cp5 0x1.3e0f80b464a6ap6
DOORGENERAL 4 -44 2 92 16 92 16 74 56 74 56 -62 42 -62 42 -44 2 4 74 56 210 70 210 70 192 110 192 110 56 96 56 96 74 56 0 0x1.fp2 0 4 74 56 210 70 92 16 74 56 74 56 -62 42 56 96 74 56 1 0x1.28p6 0x1.cp5 0x1.28p6 0x1.cp5
DOORGENERAL 4 33 -10 127 2 127 2 115 128 115 128 21 116 21 116 33 -10 4 221 14 315 26 315 26 303 152 303 152 209 140 209 140 221 14 1 0x1.6p2 -1 0 0
DOORGENERAL 4 -117 -31 33 -13 33 -13 17 49 17 49 -133 31 -133 31 -117 -31 4 -80 -27 70 -9 70 -9 54 53 54 53 -96 35 -96 35 -80 -27 0 0x1.cp2 2 4 -117 -31 33 -13 33 -13 17 49 54 53 -96 35 -96 35 -80 -27 1 -0x1.f8p4 0x1.5ffffffffffffp3 -0x1.f8p4 0x1.5ffffffffffffp3
DOORGENERAL 4 -73 -42 9 -28 9 -28 -3 16 -3 16 -85 2 -85 2 -73 -42 4 9 -28 91 -14 91 -14 79 30 79 30 -3 16 -3 16 9 -28 1 0x1.0p2 1 4 9 -28 91 -14 9 -28 -3 16 79 30 -3 16 -3 16 9 -28 1 0x1.daf681acabfafp2 -0x1.6361f6de4850bp4 -0x1.6bda06b2afeb8p0 0x1.46c3edbc90a14p3
DOORGENERAL 4 -61 0 21 10 21 10 13 100 13 100 -69 90 -69 90 -61 0 4 13 100 95 110 95 110 87 200 87 200 5 190 5 190 13 100 0 0x1.08p3 0 4 13 100 95 110 21 10 13 100 13 100 -69 90 5 190 13 100 1 0x1.ap3 0x1.9p6 0x1.ap3 0x1.9p6
DOORGENERAL 4 -42 -93 18 -75 18 -75 -6 31 -6 31 -66 13 -66 13 -42 -93 4 78 -57 138 -39 138 -39 114 67 114 67 54 49 54 49 78 -57 1 0x1.0p1 -1 0 0
DOORGENERAL 4 -6 -90 70 -76 70 -76 64 -34 64 -34 -12 -48 -12 -48 -6 -90 4 13 -87 89 -73 89 -73 83 -31 83 -31 7 -45 7 -45 13 -87 1 0x1.1p3 2 4 -6 -90 70 -76 70 -76 64 -34 83 -31 7 -45 7 -45 13 -87 1 0x1.44a7c1a05607ep4 -0x1.3c1945927b29ep6 0x1.c5ac1f2fd4fcp5 -0x1.4fcd74db09ac5p5
DOORGENERAL 4 16 14 86 40 86 40 80 146 80 146 10 120 10 120 16 14 4 86 40 156 66 156 66 150 172 150 172 80 146 80 146 86 40 1 0x1.0p-2 1 4 86 40 156 66 86 40 80 146 150 172 80 146 80 146 86 40 5 0x1.577dcb179daaap6 0x1.51f8a2bd9273cp5 0x1.52e5137491cccp6 0x1.f461fb3e8b124p5 0x1.52e5137491cccp6 0x1.f461fb3e8b124p5 0x1.4e4c5bd185eefp6 0x1.4b65a9dfc1d86p6 0x1.4e4c5bd185eefp6 0x1.4b65a9dfc1d86p6 0x1.49b3a42e7a111p6 0x1.9c9a56203e27ap6 0x1.49b3a42e7a111p6 0x1.9c9a56203e27ap6 0x1.451aec8b6e334p6 0x1.edcf0260ba76dp6 0x1.451aec8b6e334p6 0x1.edcf0260ba76dp6 0x1.408234e862556p6 0x1.1f81d7509b631p7
DOORGENERAL 4 -82 -55 -32 -31 -32 -31 -54 49 -54 49 -104 25 -104 25 -82 -55 4 -54 49 -4 73 -4 73 -26 153 -26 153 -76 129 -76 129 -54 49 0 0x1.cp2 0 4 -54 49 -4 73 -32 -31 -54 49 -54 49 -104 25 -76 129 -54 49 1 -0x1.bp5 0x1.88p5 -0x1.bp5 0x1.88p5
DOORGENERAL 4 -77 -28 -13 -18 -13 -18 -27 84 -27 84 -91 74 -91 74 -77 -28 4 51 -8 115 2 115 2 101 104 101 104 37 94 37 94 51 -8 0 0x1.cp0 -1 0 0
DOORGENERAL 4 -36 -110 100 -86 100 -86 80 40 80 40 -56 16 -56 16 -36 -110 4 -2 -104 134 -80 134 -80 114 46 114 46 -22 22 -22 22 -2 -104 1 0x1.cp1 2 4 -2 -104 134 -80 100 -86 80 40 114 46 -22 22 -22 22 -2 -104 2 0x1.b549a1d1981e2p1 -0x1.9c2d3db223658p6 0x1.87fffffffffffp5 -0x1.7cp6 0x1.87fffffffffffp5 -0x1.7cp6 0x1.7a55b2f1733fp6 -0x1.5bd2c24ddc9a8p6
DOORGENERAL 4 21 -72 81 -50 81 -50 71 6 71 6 11 -16 11 -16 21 -72 4 81 -50 141 -28 141 -28 131 28 131 28 71 6 71 6 81 -50 1 0x1.4p2 1 4 81 -50 141 -28 81 -50 71 6 131 28 71 6 71 6 81 -50 1 0x1.3f13eec5a58d7p6 -0x1.58df3f0c0afcfp5 0x1.20ec113a5a729p6 -0x1.c8303cfd40c4p-1
DOORGENERAL 4 -101 -54 -31 -32 -31 -32 -45 40 -45 40 -115 18 -115 18 -101 -54 4 -45 40 25 62 25 62 11 134 11 134 -59 112 -59 112 -45 40 1 0x1.2p1 0 4 -45 40 25 62 -31 -32 -45 40 -45 40 -115 18 -59 112 -45 40 1 -0x1.68p5 0x1.4p5 -0x1.68p5 0x1.4p5
DOORGENERAL 4 -108 -47 8 -35 8 -35 -10 83 -10 83 -126 71 -126 71 -108 -47 4 124 -23 240 -11 240 -11 222 107 222 107 106 95 106 95 124 -23 0 0x1.0p2 -1 0 0
DOORGENERAL 4 -37 -73 81 -51 81 -51 63 67 63 67 -55 45 -55 45 -37 -73 4 -8 -68 110 -46 110 -46 92 72 92 72 -26 50 -26 50 -8 -68 0 0x1.8p2 2 4 -37 -73 81 -51 81 -51 63 67 92 72 -26 50 -26 50 -8 -68 1 0x1.b8p4 -0x1.0p-1 0x1.b8p4 -0x1.0p-1
DOORGENERAL 4 -45 -64 39 -58 39 -58 21 56 21 56 -63 50 -63 50 -45 -64 4 39 -58 123 -52 123 -52 105 62 105 62 21 56 21 56 39 -58 0 0x1.bp2 1 4 39 -58 123 -52 39 -58 21 56 105 62 21 56 21 56 39 -58 2 0x1.2d1526932f56ep5 -0x1.8adb49a42bd11p5 0x1.ep4 -0x1.fffffffffffcp-1 0x1.ep4 -0x1.fffffffffffcp-1 0x1.65d5b2d9a1523p4 0x1.7adb49a42bd12p5
DOORGENERAL 4 -65 7 55 15 55 15 45 93 45 93 -75 85 -75 85 -65 7 4 45 93 165 101 165 101 155 179 155 179 35 171 35 171 45 93 1 0x1.1p3 0 4 45 93 165 101 55 15 45 93 45 93 -75 85 35 171 45 93 1 0x1.68p5 0x1.74p6 0x1.68p5 0x1.74p6
DOORGENERAL 4 -49 3 61 15 61 15 55 71 55 71 -55 59 -55 59 -49 3 4 171 27 281 39 281 39 275 95 275 95 165 83 165 83 171 27 0 0x1.3p3 -1 0 0
DOORGENERAL 4 28 -45 104 -37 104 -37 82 9 82 9 6 1 6 1 28 -45 4 47 -43 123 -35 123 -35 101 11 101 11 25 3 25 3 47 -43 0 0x1.0p-1 2 4 47 -43 123 -35 104 -37 82 9 101 11 25 3 25 3 47 -43 1 0x1.02p6 -0x1.1p4 0x1.02p6 -0x1.1p4
DOORGENERAL 4 -79 29 3 39 3 39 -7 117 -7 117 -89 107 -89 107 -79 29 4 3 39 85 49 85 49 75 127 75 127 -7 117 -7 117 3 39 0 0x1.4p2 1 4 3 39 85 49 3 39 -7 117 75 127 -7 117 -7 117 3 39 2 0x1.0e0f8ecfafaeap1 0x1.6f8b9d945a5aep5 -0x1.0000000000002p1 0x1.38p6 -0x1.0000000000002p1 0x1.38p6 -0x1.8707c767d7d76p2 0x1.b83a3135d2d29p6
DOORGENERAL 4 -95 -42 -31 -28 -31 -28 -41 70 -41 70 -105 56 -105 56 -95 -42 4 -41 70 23 84 23 84 13 182 13 182 -51 168 -51 168 -41 70 1 0x1.8p-1 0 4 -41 70 23 84 -31 -28 -41 70 -41 70 -105 56 -51 168 -41 70 1 -0x1.48p5 0x1.18p6 -0x1.48p5 0x1.18p6
DOORGENERAL 4 -44 -127 40 -115 40 -115 30 3 30 3 -54 -9 -54 -9 -44 -127 4 124 -103 208 -91 208 -91 198 27 198 27 114 15 114 15 124 -103 1 0x1.8p1 -1 0 0
DOORGENERAL 4 -38 -50 40 -44 40 -44 28 58 28 58 -50 52 -50 52 -38 -50 4 -19 -49 59 -43 59 -43 47 59 47 59 -31 53 -31 53 -19 -49 1 0x1.08p3 2 4 -38 -50 40 -44 40 -44 28 58 47 59 -31 53 -31 53 -19 -49 2 -0x1.dc9b2c86a17f8p3 -0x1.3965bd6899d5p5 0x1.1fffffffffffcp2 0x1.2p2 0x1.1fffffffffffcp2 0x1.2p2 0x1.7e4d964350bfap4 0x1.8165bd6899d5p5
DOORGENERAL 4 4 17 76 27 76 27 58 109 58 109 -14 99 -14 99 4 17 4 76 27 148 37 148 37 130 119 130 119 58 109 58 109 76 27 1 0x1.2p3 1 4 76 27 148 37 76 27 58 109 130 119 58 109 58 109 76 27 1 0x1.2690ea8e1b986p6 0x1.2df418b859e8cp5 0x1.e2de2ae3c8cf3p5 0x1.8905f3a3d30bap6
DOORGENERAL 4 -48 -70 96 -50 96 -50 90 -4 90 -4 -54 -24 -54 -24 -48 -70 4 90 -4 234 16 234 16 228 62 228 62 84 42 84 42 90 -4 1 0x1.ep1 0 4 90 -4 234 16 96 -50 90 -4 90 -4 -54 -24 84 42 90 -4 1 0x1.68p6 -0x1.0p2 0x1.68p6 -0x1.0p2
DOORGENERAL 4 12 -135 134 -117 134 -117 112 -25 112 -25 -10 -43 -10 -43 12 -135 4 256 -99 378 -81 378 -81 356 11 356 11 234 -7 234 -7 256 -99 1 0x1.ap1 -1 0 0
DOORGENERAL 4 -83 10 41 22 41 22 19 72 19 72 -105 60 -105 60 -83 10 4 -52 13 72 25 72 25 50 75 50 75 -74 63 -74 63 -52 13 0 0x1.0p-1 2 4 -52 13 72 25 41 22 19 72 50 75 -74 63 -74 63 -52 13 1 -0x1.08p4 0x1.54p5 -0x1.08p4 0x1.54p5
DOORGENERAL 4 9 -137 123 -127 123 -127 115 -17 115 -17 1 -27 1 -27 9 -137 4 123 -127 237 -117 237 -117 229 -7 229 -7 115 -17 115 -17 123 -127 1 0x1.fp2 1 4 123 -127 237 -117 123 -127 115 -17 229 -7 115 -17 115 -17 123 -127 2 0x1.e92bcdb99aa83p6 -0x1.d51a4cb80e886p6 0x1.dcp6 -0x1.2p6 0x1.dcp6 -0x1.2p6 0x1.ced432466557dp6 -0x1.ab96cd1fc5de8p4
DOORGENERAL 4 23 -23 95 1 95 1 87 113 87 113 15 89 15 89 23 -23 4 87 113 159 137 159 137 151 249 151 249 79 225 79 225 87 113 1 0x1.4p1 0 4 87 113 159 137 95 1 87 113 87 113 15 89 79 225 87 113 1 0x1.5cp6 0x1.c4p6 0x1.5cp6 0x1.c4p6
DOORGENERAL 4 -86 -43 -8 -17 -8 -17 -28 47 -28 47 -106 21 -106 21 -86 -43 4 70 9 148 35 148 35 128 99 128 99 50 73 50 73 70 9 0 0x1.0p2 -1 0 0
DOORGENERAL 4 5 -64 153 -40 153 -40 141 74 141 74 -7 50 -7 50 5 -64 4 42 -58 190 -34 190 -34 178 80 178 80 30 56 30 56 42 -58 0 0x1.0p1 2 4 42 -58 190 -34 153 -40 141 74 178 80 30 56 30 56 42 -58 1 0x1.6ep6 0x1.0p3 0x1.6ep6 0x1.0p3
DOORGENERAL 4 -95 39 15 51 15 51 -5 115 -5 115 -115 103 -115 103 -95 39 4 15 51 125 63 125 63 105 127 105 127 -5 115 -5 115 15 51 1 0x1.1p3 1 4 15 51 125 63 15 51 -5 115 105 127 -5 115 -5 115 15 51 1 0x1.7bc794044989ep3 0x1.e82d232fc52b4p5 -0x1.de3ca0224c5p0 0x1.a3e96e681d6a6p6
DOORGENERAL 4 -27 -7 23 15 23 15 -3 59 -3 59 -53 37 -53 37 -27 -7 4 -3 59 47 81 47 81 21 125 21 125 -29 103 -29 103 -3 59 0 0x1.08p3 0 4 -3 59 47 81 23 15 -3 59 -3 59 -53 37 -29 103 -3 59 1 -0x1.8p1 0x1.d8p5 -0x1.8p1 0x1.d8p5
DOORGENERAL 4 -84 -41 58 -15 58 -15 38 49 38 49 -104 23 -104 23 -84 -41 4 200 11 342 37 342 37 322 101 322 101 180 75 180 75 200 11 0 0x1.0p2 -1 0 0
DOORGENERAL 4 -114 -22 24 -14 24 -14 14 100 14 100 -124 92 -124 92 -114 -22 4 -80 -20 58 -12 58 -12 48 102 48 102 -90 94 -90 94 -80 -20 1 0x1.9p2 2 4 -80 -20 58 -12 24 -14 14 100 14 100 -124 92 -90 94 -80 -20 2 0x1.201c9004eee5p4 -0x1.098f37a0d6b54p3 -0x1.08p5 0x1.3ffffffffffffp5 -0x1.08p5 0x1.3ffffffffffffp5 -0x1.500724013bb94p6 0x1.6131e6f41ad6ap6
DOORGENERAL 4 -45 -33 41 -15 41 -15 17 113 17 113 -69 95 -69 95 -45 -33 4 41 -15 127 3 127 3 103 131 103 131 17 113 17 113 41 -15 0 0x1.08p3 1 4 41 -15 127 3 41 -15 17 113 103 131 17 113 17 113 41 -15 2 0x1.38e36a422c665p5 -0x1.3b3c605cbbb8ep2 0x1.dp4 0x1.88p5 0x1.dp4 0x1.88p5 0x1.2e392b7ba7335p4 0x1.9bb3c605cbbb9p6
DOORGENERAL 4 -29 -16 111 -2 111 -2 89 62 89 62 -51 48 -51 48 -29 -16 4 89 62 229 76 229 76 207 140 207 140 67 126 67 126 89 62 1 0x1.0p-1 0 4 89 62 229 76 111 -2 89 62 89 62 -51 48 67 126 89 62 1 0x1.64p6 0x1.fp5 0x1.64p6 0x1.fp5
DOORGENERAL 4 -18 22 104 30 104 30 78 98 78 98 -44 90 -44 90 -18 22 4 226 38 348 46 348 46 322 114 322 114 200 106 200 106 226 38 0 0x1.0p-2 -1 0 0
DOORGENERAL 4 -41 -81 77 -75 77 -75 53 -25 53 -25 -65 -31 -65 -31 -41 -81 4 -12 -80 106 -74 106 -74 82 -24 82 -24 -36 -30 -36 -30 -12 -80 0 0x1.4p2 2 4 -41 -81 77 -75 77 -75 53 -25 82 -24 -36 -30 -36 -30 -12 -80 1 0x1.48p4 -0x1.a4p5 0x1.48p4 -0x1.a4p5
DOORGENERAL 4 -45 -149 63 -131 63 -131 45 -1 45 -1 -63 -19 -63 -19 -45 -149 4 63 -131 171 -113 171 -113 153 17 153 17 45 -1 45 -1 63 -131 1 0x1.8p0 1 4 63 -131 171 -113 63 -131 45 -1 153 17 45 -1 45 -1 63 -131 4 0x1.f428e30a5c74fp5 -0x1.fe21de88f889dp6 0x1.d21471852e3a8p5 -0x1.8310ef447c44ep6 0x1.d21471852e3a8p5 -0x1.8310ef447c44ep6 0x1.bp5 -0x1.08p6 0x1.bp5 -0x1.08p6 0x1.8deb8e7ad1c58p5 -0x1.19de217707764p5 0x1.8deb8e7ad1c58p5 -0x1.19de217707764p5 0x1.6bd71cf5a38b1p5 -0x1.1de217707763p2
DOORGENERAL 4 18 -76 92 -60 92 -60 76 30 76 30 2 14 2 14 18 -76 4 76 30 150 46 150 46 134 136 134 136 60 120 60 120 76 30 0 0x1.0p0 0 4 76 30 150 46 92 -60 76 30 76 30 2 14 60 120 76 30 1 0x1.3p6 0x1.ep4 0x1.3p6 0x1.ep4
DOORGENERAL 4 -13 20 133 36 133 36 125 130 125 130 -21 114 -21 114 -13 20 4 279 52 425 68 425 68 417 162 417 162 271 146 271 146 279 52 0 0x1.5p2 -1 0 0
DOORGENERAL 4 4 -17 76 -11 76 -11 68 97 68 97 -4 91 -4 91 4 -17 4 22 -16 94 -10 94 -10 86 98 86 98 14 92 14 92 22 -16 1 0x1.2p3 2 4 4 -17 76 -11 76 -11 68 97 86 98 14 92 14 92 22 -16 2 0x1.a25d7b255c9b6p4 -0x1.5520b1594f3bap2 0x1.68p5 0x1.4400000000001p5 0x1.68p5 0x1.4400000000001p5 0x1.fed1426d51b24p5 0x1.59520b1594f3cp6
DOORGENERAL 4 -86 -85 22 -75 22 -75 -4 37 -4 37 -112 27 -112 27 -86 -85 4 22 -75 130 -65 130 -65 104 47 104 47 -4 37 -4 37 22 -75 1 0x1.2p1 1 4 22 -75 130 -65 22 -75 -4 37 104 47 -4 37 -4 37 22 -75 3 0x1.509f88b7f6e1dp4 -0x1.1b70ba9ebb1aap6 0x1.a06a5b254f413p3 -0x1.224b27147cbc7p5 0x1.a06a5b254f413p3 -0x1.224b27147cbc7p5 0x1.3f2b49b5617d8p2 -0x1.b69b1d706874p0 0x1.3f2b49b5617d8p2 -0x1.b69b1d706874p0 -0x1.84fc45bfb70e8p1 0x1.06e1753d76352p5
DOORGENERAL 4 -98 -90 28 -66 28 -66 12 -24 12 -24 -114 -48 -114 -48 -98 -90 4 12 -24 138 0 138 0 122 42 122 42 -4 18 -4 18 12 -24 0 0x1.0p0 0 4 12 -24 138 0 28 -66 12 -24 12 -24 -114 -48 -4 18 12 -24 1 0x1.8p3 -0x1.8p4 0x1.8p3 -0x1.8p4
DOORGENERAL 4 -98 -121 42 -103 42 -103 20 23 20 23 -120 5 -120 5 -98 -121 4 182 -85 322 -67 322 -67 300 59 300 59 160 41 160 41 182 -85 1 0x1.6p1 -1 0 0
DOORGENERAL 4 -113 -97 3 -75 3 -75 -13 -31 -13 -31 -129 -53 -129 -53 -113 -97 4 -84 -92 32 -70 32 -70 16 -26 16 -26 -100 -48 -100 -48 -84 -92 0 0x1.0p1 2 4 -113 -97 3 -75 3 -75 -13 -31 16 -26 -100 -48 -100 -48 -84 -92 1 -0x1.84p5 -0x1.ecp5 -0x1.84p5 -0x1.ecp5
DOORGENERAL 4 41 -78 97 -58 97 -58 81 64 81 64 25 44 25 44 41 -78 4 97 -58 153 -38 153 -38 137 84 137 84 81 64 81 64 97 -58 0 0x1.cp0 1 4 97 -58 153 -38 97 -58 81 64 137 84 81 64 81 64 97 -58 4 0x1.820cab5728a52p6 -0x1.b24134f12bd67p5 0x1.730655ab94529p6 -0x1.9a4134f12bd66p4 0x1.730655ab94529p6 -0x1.9a4134f12bd66p4 0x1.64p6 0x1.800000000001p1 0x1.64p6 0x1.800000000001p1 0x1.54f9aa546bad7p6 0x1.fa4134f12bd6ap4 0x1.54f9aa546bad7p6 0x1.fa4134f12bd6ap4 0x1.45f354a8d75aep6 0x1.e24134f12bd68p5
DOORGENERAL 4 44 -64 124 -40 124 -40 110 14 110 14 30 -10 30 -10 44 -64 4 110 14 190 38 190 38 176 92 176 92 96 68 96 68 110 14 0 0x1.dp2 0 4 110 14 190 38 124 -40 110 14 110 14 30 -10 96 68 110 14 1 0x1.b8p6 0x1.cp3 0x1.b8p6 0x1.cp3
DOORGENERAL 4 -23 50 109 62 109 62 93 110 93 110 -39 98 -39 98 -23 50 4 241 74 373 86 373 86 357 134 357 134 225 122 225 122 241 74 1 0x1.9p2 -1 0 0
DOORGENERAL 4 36 -74 146 -52 146 -52 122 4 122 4 12 -18 12 -18 36 -74 4 63 -69 173 -47 173 -47 149 9 149 9 39 -13 39 -13 63 -69 1 0x1.0p-2 2 4 36 -74 146 -52 146 -52 122 4 149 9 39 -13 39 -13 63 -69 5 0x1.01141e7fdc3d8p6 -0x1.0b91da638c8f3p6 0x1.2e3f457fea8b5p6 -0x1.a9156c777578ap5 0x1.2e3f457fea8b5p6 -0x1.a9156c777578ap5 0x1.5b6a6c7ff8d92p6 -0x1.3b072427d1d2ep5 0x1.5b6a6c7ff8d92p6 -0x1.3b072427d1d2ep5 0x1.889593800726ep6 -0x1.99f1b7b05c5a4p4 0x1.889593800726ep6 -0x1.99f1b7b05c5a4p4 0x1.b5c0ba801574bp6 -0x1.7baa4e222a1dcp3 0x1.b5c0ba801574bp6 -0x1.7baa4e222a1dcp3 0x1.e2ebe18023c28p6 0x1.e47698e323ccp0
DOORGENERAL 4 -125 -22 -15 -8 -15 -8 -35 118 -35 118 -145 104 -145 104 -125 -22 4 -15 -8 95 6 95 6 75 132 75 132 -35 118 -35 118 -15 -8 0 0x1.0p0 1 4 -15 -8 95 6 -15 -8 -35 118 75 132 -35 118 -35 118 -15 -8 5 -0x1.ef0cb81b47f67p3 -0x1.425fbd0ea878ap2 -0x1.3483d0d4fbfd2p4 0x1.2fa4d6d766bacp4 -0x1.3483d0d4fbfd2p4 0x1.2fa4d6d766bacp4 -0x1.7181459c53ffp4 0x1.57f0ce793bc9dp5 -0x1.7181459c53ffp4 0x1.57f0ce793bc9dp5 -0x1.ae7eba63ac00ep4 0x1.0c0798c3621b1p6 -0x1.ae7eba63ac00ep4 0x1.0c0798c3621b1p6 -0x1.eb7c2f2b0402dp4 0x1.6c16ca4a26515p6 -0x1.eb7c2f2b0402dp4 0x1.6c16ca4a26515p6 -0x1.143cd1f92e026p5 0x1.cc25fbd0ea879p6
DOORGENERAL 4 -110 -2 -4 20 -4 20 -26 122 -26 122 -132 100 -132 100 -110 -2 4 -26 122 80 144 80 144 58 246 58 246 -48 224 -48 224 -26 122 0 0x1.18p3 0 4 -26 122 80 144 -4 20 -26 122 -26 122 -132 100 -48 224 -26 122 1 -0x1.ap4 0x1.e8p6 -0x1.ap4 0x1.e8p6
DOORGENERAL 4 -6 44 86 50 86 50 64 110 64 110 -28 104 -28 104 -6 44 4 178 56 270 62 270 62 248 122 248 122 156 116 156 116 178 56 1 0x1.28p3 -1 0 0
DOORGENERAL 4 -131 -123 9 -103 9 -103 3 25 3 25 -137 5 -137 5 -131 -123 4 -96 -118 44 -98 44 -98 38 30 38 30 -102 10 -102 10 -96 -118 1 0x1.8p2 2 4 -96 -118 44 -98 9 -103 3 25 38 30 -102 10 -102 10 -96 -118 2 -0x1.605255708112bp6 -0x1.d37979eb80274p6 -0x1.5c00000000001p5 -0x1.bap6 -0x1.5c00000000001p5 -0x1.bap6 0x1.14955c2044a8p0 -0x1.a08686147fd8cp6
DOORGENERAL 4 -9 -74 61 -60 61 -60 49 4 49 4 -21 -10 -21 -10 -9 -74 4 61 -60 131 -46 131 -46 119 18 119 18 49 4 49 4 61 -60 0 0x1.08p3 1 4 61 -60 131 -46 61 -60 49 4 119 18 49 4 49 4 61 -60 1 0x1.d8e36a422c665p5 -0x1.8f678c0b97772p5 0x1.971c95bdd399bp5 -0x1.84c39fa34447p2
DOORGENERAL 4 -108 -43 10 -17 10 -17 -2 47 -2 47 -120 21 -120 21 -108 -43 4 -2 47 116 73 116 73 104 137 104 137 -14 111 -14 111 -2 47 0 0x1.2p2 0 4 -2 47 116 73 10 -17 -2 47 -2 47 -120 21 -14 111 -2 47 1 -0x1.0p1 0x1.78p5 -0x1.0p1 0x1.78p5
DOORGENERAL 4 38 -114 94 -94 94 -94 74 24 74 24 18 4 18 4 38 -114 4 150 -74 206 -54 206 -54 186 64 186 64 130 44 130 44 150 -74 1 0x1.4p3 -1 0 0
DOORGENERAL 4 -65 -58 -7 -40 -7 -40 -21 42 -21 42 -79 24 -79 24 -65 -58 4 -51 -54 7 -36 7 -36 -7 46 -7 46 -65 28 -65 28 -51 -54 1 0x1.2p2 2 4 -65 -58 -7 -40 -7 -40 -21 42 -7 46 -65 28 -65 28 -51 -54 2 -0x1.88c97f79b8619p5 -0x1.7bcb588e9c893p5 -0x1.2p5 -0x1.8000000000008p2 -0x1.2p5 -0x1.8000000000008p2 -0x1.6e6d010c8f3cdp4 0x1.1bcb588e9c892p5
DOORGENERAL 4 25 -63 125 -37 125 -37 119 75 119 75 19 49 19 49 25 -63 4 125 -37 225 -11 225 -11 219 101 219 101 119 75 119 75 125 -37 1 0x1.8p-1 1 4 125 -37 225 -11 125 -37 119 75 219 101 119 75 119 75 125 -37 5 0x1.f3695bde8d34p6 -0x1.1208107497967p5 0x1.eed8d0b8bb1f3p6 -0x1.9e79c117d236p3 0x1.eed8d0b8bb1f3p6 -0x1.9e79c117d236p3 0x1.ea484592e90a6p6 0x1.0b2cbfa2b9edcp3 0x1.ea484592e90a6p6 0x1.0b2cbfa2b9edcp3 0x1.e5b7ba6d16f5ap6 0x1.da69a02ea308ep4 0x1.e5b7ba6d16f5ap6 0x1.da69a02ea308ep4 0x1.e1272f4744e0dp6 0x1.979e7045f48d5p5 0x1.e1272f4744e0dp6 0x1.979e7045f48d5p5 0x1.dc96a42172ccp6 0x1.2104083a4bcb3p6
DOORGENERAL 4 17 6 75 14 75 14 69 86 69 86 11 78 11 78 17 6 4 69 86 127 94 127 94 121 166 121 166 63 158 63 158 69 86 0 0x1.bp2 0 4 69 86 127 94 75 14 69 86 69 86 11 78 63 158 69 86 1 0x1.14p6 0x1.58p6 0x1.14p6 0x1.58p6
DOORGENERAL 4 -20 19 70 25 70 25 44 103 44 103 -46 97 -46 97 -20 19 4 160 31 250 37 250 37 224 115 224 115 134 109 134 109 160 31 0 0x1.0p-2 -1 0 0
DOORGENERAL 4 -97 -42 -25 -28 -25 -28 -33 38 -33 38 -105 24 -105 24 -97 -42 4 -79 -39 -7 -25 -7 -25 -15 41 -15 41 -87 27 -87 27 -79 -39 1 0x1.0p2 2 4 -97 -42 -25 -28 -25 -28 -33 38 -15 41 -87 27 -87 27 -79 -39 2 -0x1.2fc9f83b8beebp6 -0x1.0b0d9875ba3cfp5 -0x1.cp5 -0x1.fffffffffff8p-2 -0x1.cp5 -0x1.fffffffffff8p-2 -0x1.206c0f88e822bp5 0x1.030d9875ba3dp5
DOORGENERAL 4 8 -101 148 -89 148 -89 128 -31 128 -31 -12 -43 -12 -43 8 -101 4 148 -89 288 -77 288 -77 268 -19 268 -19 128 -31 128 -31 148 -89 1 0x1.0p2 1 4 148 -89 288 -77 148 -89 128 -31 268 -19 128 -31 128 -31 148 -89 2 0x1.24168e7eb41c1p7 -0x1.4d4fa0dee16f8p6 0x1.14p7 -0x1.ep5 0x1.14p7 -0x1.ep5 0x1.03e971814be3fp7 -0x1.2560be423d21p5
DOORGENERAL 4 -20 -50 60 -28 60 -28 44 64 44 64 -36 42 -36 42 -20 -50 4 44 64 124 86 124 86 108 178 108 178 28 156 28 156 44 64 1 0x1.3p2 0 4 44 64 124 86 60 -28 44 64 44 64 -36 42 28 156 44 64 1 0x1.6p5 0x1.0p6 0x1.6p5 0x1.0p6
DOORGENERAL 4 -114 -10 -6 -2 -6 -2 -14 58 -14 58 -122 50 -122 50 -114 -10 4 102 6 210 14 210 14 202 74 202 74 94 66 94 66 102 6 1 0x1.0p3 -1 0 0
DOORGENERAL 4 -61 -43 9 -33 9 -33 -13 71 -13 71 -83 61 -83 61 -61 -43 4 -44 -41 26 -31 26 -31 4 73 4 73 -66 63 -66 63 -44 -41 0 0x1.fp2 2 4 -61 -43 9 -33 9 -33 -13 71 4 73 -66 63 -66 63 -44 -41 1 -0x1.c8p4 0x1.ep3 -0x1.c8p4 0x1.ep3
DOORGENERAL 4 5 11 75 37 75 37 49 119 49 119 -21 93 -21 93 5 11 4 75 37 145 63 145 63 119 145 119 145 49 119 49 119 75 37 1 0x1.3p2 1 4 75 37 145 63 75 37 49 119 119 145 49 119 49 119 75 37 2 0x1.23d6e3f385bcap6 0x1.5b7975d88d0b8p5 0x1.fp5 0x1.38p6 0x1.fp5 0x1.38p6 0x1.98523818f486cp5 0x1.c2434513b97a4p6
DOORGENERAL 4 5 -59 149 -49 149 -49 127 7 127 7 -17 -3 -17 -3 5 -59 4 127 7 271 17 271 17 249 73 249 73 105 63 105 63 127 7 0 0x1.0p1 0 4 127 7 271 17 149 -49 127 7 127 7 -17 -3 105 63 127 7 1 0x1.fcp6 0x1.cp2 0x1.fcp6 0x1.cp2
DOORGENERAL 4 -20 -86 90 -72 90 -72 70 -32 70 -32 -40 -46 -40 -46 -20 -86 4 200 -58 310 -44 310 -44 290 -4 290 -4 180 -18 180 -18 200 -58 1 0x1.18p3 -1 0 0
DOORGENERAL 4 -105 0 -3 18 -3 18 -15 114 -15 114 -117 96 -117 96 -105 0 4 -80 4 22 22 22 22 10 118 10 118 -92 100 -92 100 -80 4 0 0x1.fp2 2 4 -105 0 -3 18 -3 18 -15 114 10 118 -92 100 -92 100 -80 4 1 -0x1.7cp5 0x1.d8p5 -0x1.7cp5 0x1.d8p5
DOORGENERAL 4 4 -41 108 -17 108 -17 98 99 98 99 -6 75 -6 75 4 -41 4 108 -17 212 7 212 7 202 123 202 123 98 99 98 99 108 -17 1 0x1.ap2 1 4 108 -17 212 7 108 -17 98 99 202 123 98 99 98 99 108 -17 2 0x1.ad146d88e1bc4p6 -0x1.11014e6b6dd57p3 0x1.9cp6 0x1.48p5 0x1.9cp6 0x1.48p5 0x1.8aeb92771e43cp6 0x1.6a2029cd6dbabp6
DOORGENERAL 4 45 -39 119 -13 119 -13 105 59 105 59 31 33 31 33 45 -39 4 105 59 179 85 179 85 165 157 165 157 91 131 91 131 105 59 1 0x1.2p2 0 4 105 59 179 85 119 -13 105 59 105 59 31 33 91 131 105 59 1 0x1.a4p6 0x1.d8p5 0x1.a4p6 0x1.d8p5
DOORGENERAL 4 -90 6 38 18 38 18 18 84 18 84 -110 72 -110 72 -90 6 4 166 30 294 42 294 42 274 108 274 108 146 96 146 96 166 30 0 0x1.ap2 -1 0 0
DOORGENERAL 4 -76 -77 -18 -65 -18 -65 -38 49 -38 49 -96 37 -96 37 -76 -77 4 -62 -74 -4 -62 -4 -62 -24 52 -24 52 -82 40 -82 40 -62 -74 0 0x1.8p-1 2 4 -62 -74 -4 -62 -18 -65 -38 49 -38 49 -96 37 -82 40 -62 -74 1 -0x1.9p5 -0x1.8ffffffffffffp3 -0x1.9p5 -0x1.8ffffffffffffp3
DOORGENERAL 4 -101 -86 35 -80 35 -80 23 0 23 0 -113 -6 -113 -6 -101 -86 4 35 -80 171 -74 171 -74 159 6 159 6 23 0 23 0 35 -80 0 0x1.7p2 1 4 35 -80 171 -74 35 -80 23 0 159 6 23 0 23 0 35 -80 2 0x1.0ecd8a53236d9p5 -0x1.2157cd1520c27p6 0x1.dp4 -0x1.4p5 0x1.dp4 -0x1.4p5 0x1.8264eb59b924fp4 -0x1.ea832eadf3d9p2
DOORGENERAL 4 -55 -45 73 -27 73 -27 49 73 49 73 -79 55 -79 55 -55 -45 4 49 73 177 91 177 91 153 191 153 191 25 173 25 173 49 73 1 0x1.ep1 0 4 49 73 177 91 73 -27 49 73 49 73 -79 55 25 173 49 73 1 0x1.88p5 0x1.24p6 0x1.88p5 0x1.24p6
DOORGENERAL 4 -49 -15 13 -9 13 -9 -9 65 -9 65 -71 59 -71 59 -49 -15 4 75 -3 137 3 137 3 115 77 115 77 53 71 53 71 75 -3 0 0x1.ap2 -1 0 0
DOORGENERAL 4 -81 -102 65 -90 65 -90 49 40 49 40 -97 28 -97 28 -81 -102 4 -45 -99 101 -87 101 -87 85 43 85 43 -61 31 -61 31 -45 -99 0 0x1.8p0 2 4 -45 -99 101 -87 65 -90 49 40 49 40 -97 28 -61 31 -45 -99 1 0x1.0p1 -0x1.d8p4 0x1.0p1 -0x1.d8p4
DOORGENERAL 4 -50 -131 44 -121 44 -121 30 7 30 7 -64 -3 -64 -3 -50 -131 4 44 -121 138 -111 138 -111 124 17 124 17 30 7 30 7 44 -121 0 0x1.9p2 1 4 44 -121 138 -111 44 -121 30 7 124 17 30 7 30 7 44 -121 2 0x1.58d2f49c8ab1cp5 -0x1.c3321514c32c7p6 0x1.28p5 -0x1.c8p5 0x1.28p5 -0x1.c8p5 0x1.ee5a16c6ea9c9p4 -0x1.337abacf34e4p0
DOORGENERAL 4 -6 -42 102 -26 102 -26 76 22 76 22 -32 6 -32 6 -6 -42 4 76 22 184 38 184 38 158 86 158 86 50 70 50 70 76 22 0 0x1.6p1 0 4 76 22 184 38 102 -26 76 22 76 22 -32 6 50 70 76 22 1 0x1.3p6 0x1.6p4 0x1.3p6 0x1.6p4
DOORGENERAL 4 12 -23 156 -15 156 -15 132 77 132 77 -12 69 -12 69 12 -23 4 300 -7 444 1 444 1 420 93 420 93 276 85 276 85 300 -7 0 0x1.fp2 -1 0 0
DOORGENERAL 4 -2 -103 94 -79 94 -79 72 -39 72 -39 -24 -63 -24 -63 -2 -103 4 22 -97 118 -73 118 -73 96 -33 96 -33 0 -57 0 -57 22 -97 0 0x1.4p3 2 4 22 -97 118 -73 94 -79 72 -39 96 -33 0 -57 0 -57 22 -97 1 0x1.78p5 -0x1.1p6 0x1.78p5 -0x1.1p6
DOORGENERAL 4 20 -21 130 5 130 5 108 57 108 57 -2 31 -2 31 20 -21 4 130 5 240 31 240 31 218 83 218 83 108 57 108 57 130 5 1 0x1.bp2 1 4 130 5 240 31 130 5 108 57 218 83 108 57 108 57 130 5 1 0x1.fa5cd35fe6fe1p6 0x1.a1deeebc076a3p3 0x1.bda32ca01901fp6 0x1.87884450fe257p5
DOORGENERAL 4 -78 -97 40 -75 40 -75 20 5 20 5 -98 -17 -98 -17 -78 -97 4 20 5 138 27 138 27 118 107 118 107 0 85 0 85 20 5 1 0x1.0p-2 0 4 20 5 138 27 40 -75 20 5 20 5 -98 -17 0 85 20 5 1 0x1.4p4 0x1.4p2 0x1.4p4 0x1.4p2
DOORGENERAL 4 -36 -140 64 -128 64 -128 46 -12 46 -12 -54 -24 -54 -24 -36 -140 4 164 -116 264 -104 264 -104 246 12 246 12 146 0 146 0 164 -116 1 0x1.cp1 -1 0 0
DOORGENERAL 4 -106 -21 44 -7 44 -7 20 105 20 105 -130 91 -130 91 -106 -21 4 -69 -18 81 -4 81 -4 57 108 57 108 -93 94 -93 94 -69 -18 0 0x1.4p3 2 4 -106 -21 44 -7 44 -7 20 105 57 108 -93 94 -93 94 -69 -18 1 -0x1.88p4 0x1.5cp5 -0x1.88p4 0x1.5cp5
DOORGENERAL 4 -85 38 -23 44 -23 44 -43 110 -43 110 -105 104 -105 104 -85 38 4 -23 44 39 50 39 50 19 116 19 116 -43 110 -43 110 -23 44 0 0x1.5p2 1 4 -23 44 39 50 -23 44 -43 110 19 116 -43 110 -43 110 -23 44 1 -0x1.91a40f429f378p4 0x1.9781e5fab9e85p5 -0x1.472df85eb0644p5 0x1.9c3f0d02a30bep6
DOORGENERAL 4 -23 21 115 27 115 27 95 71 95 71 -43 65 -43 65 -23 21 4 95 71 233 77 233 77 213 121 213 121 75 115 75 115 95 71 0 0x1.8p1 0 4 95 71 233 77 115 27 95 71 95 71 -43 65 75 115 95 71 1 0x1.7cp6 0x1.1cp6 0x1.7cp6 0x1.1cp6
DOORGENERAL 4 -126 -80 -10 -72 -10 -72 -28 -28 -28 -28 -144 -36 -144 -36 -126 -80 4 106 -64 222 -56 222 -56 204 -12 204 -12 88 -20 88 -20 106 -64 1 0x1.ap1 -1 0 0
DOORGENERAL 4 -106 -71 2 -59 2 -59 -10 -1 -10 -1 -118 -13 -118 -13 -106 -71 4 -79 -68 29 -56 29 -56 17 2 17 2 -91 -10 -91 -10 -79 -68 1 0x1.5p2 2 4 -79 -68 29 -56 2 -59 -10 -1 17 2 -91 -10 -91 -10 -79 -68 2 -0x1.1f2d683b3af6ap6 -0x1.0ccc280694c61p6 -0x1.33fffffffffffp5 -0x1.fcp5 -0x1.33fffffffffffp5 -0x1.fcp5 -0x1.4d297c4c5095p2 -0x1.de67aff2d673ep5
DOORGENERAL 4 -44 -21 72 -11 72 -11 46 71 46 71 -70 61 -70 61 -44 -21 4 72 -11 188 -1 188 -1 162 81 162 81 46 71 46 71 72 -11 1 0x1.2p2 1 4 72 -11 188 -1 72 -11 46 71 162 81 46 71 46 71 72 -11 2 0x1.182443ce0f018p6 -0x1.3374c0007f0fap2 0x1.d8p5 0x1.e000000000002p4 0x1.d8p5 0x1.e000000000002p4 0x1.7fb77863e1fdp5 0x1.03374c0007f1p6
DOORGENERAL 4 18 -34 100 -10 100 -10 80 34 80 34 -2 10 -2 10 18 -34 4 80 34 162 58 162 58 142 102 142 102 60 78 60 78 80 34 0 0x1.cp2 0 4 80 34 162 58 100 -10 80 34 80 34 -2 10 60 78 80 34 1 0x1.4p6 0x1.1p5 0x1.4p6 0x1.1p5
DOORGENERAL 4 19 -59 85 -37 85 -37 65 47 65 47 -1 25 -1 25 19 -59 4 151 -15 217 7 217 7 197 91 197 91 131 69 131 69 151 -15 1 0x1.9p2 -1 0 0
DOORGENERAL 4 19 -55 117 -29 117 -29 99 49 99 49 1 23 1 23 19 -55 4 43 -49 141 -23 141 -23 123 55 123 55 25 29 25 29 43 -49 0 0x1.28p3 2 4 19 -55 117 -29 117 -29 99 49 123 55 25 29 25 29 43 -49 1 0x1.1cp6 -0x1.0p-49 0x1.1cp6 -0x1.0p-49
DOORGENERAL 4 0 -65 58 -49 58 -49 44 71 44 71 -14 55 -14 55 0 -65 4 58 -49 116 -33 116 -33 102 87 102 87 44 71 44 71 58 -49 0 0x1.3p3 1 4 58 -49 116 -33 58 -49 44 71 102 87 44 71 44 71 58 -49 2 0x1.c556c71b89ee9p5 -0x1.2c9eaaa2e76a5p5 0x1.98p5 0x1.5fffffffffffcp3 0x1.98p5 0x1.5fffffffffffcp3 0x1.6aa938e476118p5 0x1.dc9eaaa2e76a4p5
DOORGENERAL 4 -111 -44 11 -28 11 -28 1 12 1 12 -121 -4 -121 -4 -111 -44 4 1 12 123 28 123 28 113 68 113 68 -9 52 -9 52 1 12 0 0x1.2p1 0 4 1 12 123 28 11 -28 1 12 1 12 -121 -4 -9 52 1 12 1 0x1.0p0 0x1.8p3 0x1.0p0 0x1.8p3
DOORGENERAL 4 35 -129 147 -107 147 -107 125 -1 125 -1 13 -23 13 -23 35 -129 4 259 -85 371 -63 371 -63 349 43 349 43 237 21 237 21 259 -85 0 0x1.cp0 -1 0 0
DOORGENERAL 4 -63 -131 23 -113 23 -113 15 15 15 15 -71 -3 -71 -3 -63 -131 4 -42 -127 44 -109 44 -109 36 19 36 19 -50 1 -50 1 -42 -127 1 0x1.cp2 2 4 -63 -131 23 -113 23 -113 15 15 36 19 -50 1 -50 1 -42 -127 2 -0x1.3539fe69954f1p5 -0x1.d90f4dd2b0278p6 -0x1.b000000000002p3 -0x1.bffffffffffffp5 -0x1.b000000000002p3 -0x1.bffffffffffffp5 0x1.74e7f9a6553cp3 0x1.90f4dd2b0279p2
DOORGENERAL 4 7 -117 157 -91 157 -91 135 -5 135 -5 -15 -31 -15 -31 7 -117 4 157 -91 307 -65 307 -65 285 21 285 21 135 -5 135 -5 157 -91 0 0x0.0p0 1 4 157 -91 307 -65 157 -91 135 -5 285 21 135 -5 135 -5 157 -91 5 0x1.3902380021da5p7 -0x1.643fe45e1ff0ap6 0x1.309aee667ab63p7 -0x1.228cbc3879906p6 0x1.309aee667ab63p7 -0x1.228cbc3879906p6 0x1.2833a4ccd3921p7 -0x1.c1b32825a6603p5 0x1.2833a4ccd3921p7 -0x1.c1b32825a6603p5 0x1.1fcc5b332c6dfp7 -0x1.3e4cd7da599fbp5 0x1.1fcc5b332c6dfp7 -0x1.3e4cd7da599fbp5 0x1.176511998549dp7 -0x1.75cd0f1e19be4p4 0x1.176511998549dp7 -0x1.75cd0f1e19be4p4 0x1.0efdc7ffde25bp7 -0x1.bc01ba1e00f5p2
DOORGENERAL 4 -104 -114 44 -96 44 -96 24 26 24 26 -124 8 -124 8 -104 -114 4 24 26 172 44 172 44 152 166 152 166 4 148 4 148 24 26 0 0x1.8p0 0 4 24 26 172 44 44 -96 24 26 24 26 -124 8 4 148 24 26 1 0x1.8p4 0x1.ap4 0x1.8p4 0x1.ap4
DOORGENERAL 4 2 -103 116 -91 116 -91 102 15 102 15 -12 3 -12 3 2 -103 4 230 -79 344 -67 344 -67 330 39 330 39 216 27 216 27 230 -79 1 0x1.ap1 -1 0 0
DOORGENERAL 4 -8 -60 118 -38 118 -38 112 60 112 60 -14 38 -14 38 -8 -60 4 23 -55 149 -33 149 -33 143 65 143 65 17 43 17 43 23 -55 1 0x1.0p1 2 4 -8 -60 118 -38 118 -38 112 60 143 65 17 43 17 43 23 -55 4 0x1.96f55dcf46a1ap4 -0x1.9b7ff73e61aa7p5 0x1.73bd5773d1a87p5 -0x1.877ff73e61aa6p4 0x1.73bd5773d1a87p5 -0x1.877ff73e61aa6p4 0x1.0ep6 0x1.400000000001p1 0x1.0ep6 0x1.400000000001p1 0x1.62215446172bep6 0x1.d77ff73e61aaep4 0x1.62215446172bep6 0x1.d77ff73e61aaep4 0x1.b642a88c2e57ap6 0x1.c37ff73e61aa8p5
DOORGENERAL 4 31 -93 109 -69 109 -69 97 -13 97 -13 19 -37 19 -37 31 -93 4 109 -69 187 -45 187 -45 175 11 175 11 97 -13 97 -13 109 -69 0 0x1.cp0 1 4 109 -69 187 -45 109 -69 97 -13 175 11 97 -13 97 -13 109 -69 2 0x1.b0db68864d1a7p6 -0x1.05553d1d67d0bp6 0x1.9cp6 -0x1.48p5 0x1.9cp6 -0x1.48p5 0x1.87249779b2e59p6 -0x1.0aab0b8a60bd4p4
DOORGENERAL 4 26 -87 130 -77 130 -77 108 49 108 49 4 39 4 39 26 -87 4 108 49 212 59 212 59 190 185 190 185 86 175 86 175 108 49 1 0x1.3p3 0 4 108 49 212 59 130 -77 108 49 108 49 4 39 86 175 108 49 1 0x1.bp6 0x1.88p5 0x1.bp6 0x1.88p5
DOORGENERAL 4 -69 -71 45 -57 45 -57 25 25 25 25 -89 11 -89 11 -69 -71 4 159 -43 273 -29 273 -29 253 53 253 53 139 39 139 39 159 -43 1 0x1.2p3 -1 0 0
DOORGENERAL 4 -66 -86 52 -80 52 -80 42 -34 42 -34 -76 -40 -76 -40 -66 -86 4 -37 -85 81 -79 81 -79 71 -33 71 -33 -47 -39 -47 -39 -37 -85 1 0x1.0p1 2 4 -66 -86 52 -80 52 -80 42 -34 71 -33 -47 -39 -47 -39 -37 -85 3 -0x1.0dc4380649f22p5 -0x1.4992efddd70e3p6 -0x1.325af55db7ed8p3 -0x1.0c864ff49d04bp6 -0x1.325af55db7ed8p3 -0x1.0c864ff49d04bp6 0x1.d25af55db7ed8p3 -0x1.9ef36016c5f67p5 0x1.d25af55db7ed8p3 -0x1.9ef36016c5f67p5 0x1.35c4380649f23p5 -0x1.24da204451e38p5
DOORGENERAL 4 -63 -12 41 0 41 0 17 104 17 104 -87 92 -87 92 -63 -12 4 41 0 145 12 145 12 121 116 121 116 17 104 17 104 41 0 1 0x1.1p3 1 4 41 0 145 12 41 0 17 104 121 116 17 104 17 104 41 0 2 0x1.351c9f04dcde2p5 0x1.47653babb64afp3 0x1.dp4 0x1.a000000000001p5 0x1.dp4 0x1.a000000000001p5 0x1.35c6c1f64643cp4 0x1.7713588a8936bp6
DOORGENERAL 4 -6 34 82 40 82 40 68 126 68 126 -20 120 -20 120 -6 34 4 68 126 156 132 156 132 142 218 142 218 54 212 54 212 68 126 1 0x1.5p2 0 4 68 126 156 132 82 40 68 126 68 126 -20 120 54 212 68 126 1 0x1.1p6 0x1.f8p6 0x1.1p6 0x1.f8p6
DOORGENERAL 4 -20 -16 60 4 60 4 54 82 54 82 -26 62 -26 62 -20 -16 4 140 24 220 44 220 44 214 122 214 122 134 102 134 102 140 24 1 0x1.8p2 -1 0 0
DOORGENERAL 4 -41 -59 11 -45 11 -45 -15 27 -15 27 -67 13 -67 13 -41 -59 4 -28 -56 24 -42 24 -42 -2 30 -2 30 -54 16 -54 16 -28 -56 0 0x1.0p-2 2 4 -41 -59 11 -45 11 -45 -15 27 -2 30 -54 16 -54 16 -28 -56 1 -0x1.58p4 -0x1.dp3 -0x1.58p4 -0x1.dp3
DOORGENERAL 4 -20 5 102 21 102 21 84 65 84 65 -38 49 -38 49 -20 5 4 102 21 224 37 224 37 206 81 206 81 84 65 84 65 102 21 0 0x1.3p3 1 4 102 21 224 37 102 21 84 65 206 81 84 65 84 65 102 21 1 0x1.869538384831fp6 0x1.fa4cf6bd3e17fp4 0x1.616ac7c7b7ce1p6 0x1.b2d984a160f41p5
DOORGENERAL 4 9 -44 97 -30 97 -30 85 100 85 100 -3 86 -3 86 9 -44 4 85 100 173 114 173 114 161 244 161 244 73 230 73 230 85 100 1 0x1.1p3 0 4 85 100 173 114 97 -30 85 100 85 100 -3 86 73 230 85 100 1 0x1.54p6 0x1.9p6 0x1.54p6 0x1.9p6
DOORGENERAL 4 16 -75 80 -49 80 -49 56 -3 56 -3 -8 -29 -8 -29 16 -75 4 144 -23 208 3 208 3 184 49 184 49 120 23 120 23 144 -23 0 0x1.0p0 -1 0 0
DOORGENERAL 4 -105 -59 15 -37 15 -37 -3 45 -3 45 -123 23 -123 23 -105 -59 4 -75 -54 45 -32 45 -32 27 50 27 50 -93 28 -93 28 -75 -54 0 0x1.fp2 2 4 -105 -59 15 -37 15 -37 -3 45 27 50 -93 28 -93 28 -75 -54 1 -0x1.38p5 -0x1.2p2 -0x1.38p5 -0x1.2p2
DOORGENERAL 4 19 47 131 61 131 61 123 105 123 105 11 91 11 91 19 47 4 131 61 243 75 243 75 235 119 235 119 123 105 123 105 131 61 1 0x1.7p2 1 4 131 61 243 75 131 61 123 105 235 119 123 105 123 105 131 61 1 0x1.033a2ebda49b6p7 0x1.127ffdd9ed531p6 0x1.f18ba284b6c94p6 0x1.8580022612acfp6
DOORGENERAL 4 -68 -137 46 -121 46 -121 36 -5 36 -5 -78 -21 -78 -21 -68 -137 4 36 -5 150 11 150 11 140 127 140 127 26 111 26 111 36 -5 0 0x1.ap2 0 4 36 -5 150 11 46 -121 36 -5 36 -5 -78 -21 26 111 36 -5 1 0x1.2p5 -0x1.4p2 0x1.2p5 -0x1.4p2
DOORGENERAL 4 -96 -73 42 -47 42 -47 36 43 36 43 -102 17 -102 17 -96 -73 4 180 -21 318 5 318 5 312 95 312 95 174 69 174 69 180 -21 1 0x1.2p2 -1 0 0
DOORGENERAL 4 11 -18 95 -10 95 -10 71 54 71 54 -13 46 -13 46 11 -18 4 32 -16 116 -8 116 -8 92 56 92 56 8 48 8 48 32 -16 1 0x1.3p3 2 4 32 -16 116 -8 95 -10 71 54 92 56 8 48 8 48 32 -16 1 0x1.5b95e8cc81da2p5 -0x1.dd1c3999b626dp3 0x1.4e350b99bf12ep6 -0x1.62e3c66649d94p3
DOORGENERAL 4 5 -11 73 3 73 3 55 51 55 51 -13 37 -13 37 5 -11 4 73 3 141 17 141 17 123 65 123 65 55 51 55 51 73 3 1 0x1.8p2 1 4 73 3 141 17 73 3 55 51 123 65 55 51 55 51 73 3 1 0x1.18c398c5b09acp6 0x1.4fb344dbf31a8p3 0x1.ce78ce749eca8p5 0x1.5c132ec903396p5
DOORGENERAL 4 -89 -101 57 -81 57 -81 35 -25 35 -25 -111 -45 -111 -45 -89 -101 4 35 -25 181 -5 181 -5 159 51 159 51 13 31 13 31 35 -25 0 0x1.4p2 0 4 35 -25 181 -5 57 -81 35 -25 35 -25 -111 -45 13 31 35 -25 1 0x1.18p5 -0x1.9p4 0x1.18p5 -0x1.9p4
DOORGENERAL 4 -36 -29 80 -5 80 -5 72 99 72 99 -44 75 -44 75 -36 -29 4 196 19 312 43 312 43 304 147 304 147 188 123 188 123 196 19 0 0x1.2p1 -1 0 0
DOORGENERAL 4 -1 -55 141 -47 141 -47 119 55 119 55 -23 47 -23 47 -1 -55 4 34 -53 176 -45 176 -45 154 57 154 57 12 49 12 49 34 -53 1 0x1.4p0 2 4 34 -53 176 -45 141 -47 119 55 119 55 -23 47 12 49 34 -53 5 0x1.14c5c76685662p7 -0x1.68428b440e6d9p5 0x1.c686ef47d3475p6 -0x1.a9e973eb44838p4 0x1.c686ef47d3475p6 -0x1.a9e973eb44838p4 0x1.63824fc29bc26p6 -0x1.069ba29cd857cp3 0x1.63824fc29bc26p6 -0x1.069ba29cd857cp3 0x1.007db03d643d9p6 0x1.469ba29cd857cp3 0x1.007db03d643d9p6 0x1.469ba29cd857cp3 0x1.3af2217059712p5 0x1.c9e973eb44836p4 0x1.3af2217059712p5 0x1.c9e973eb44836p4 0x1.d3a38997a99d8p3 0x1.78428b440e6d9p5
DOORGENERAL 4 -30 -148 114 -128 114 -128 96 -4 96 -4 -48 -24 -48 -24 -30 -148 4 114 -128 258 -108 258 -108 240 16 240 16 96 -4 96 -4 114 -128 1 0x1.2p2 1 4 114 -128 258 -108 114 -128 96 -4 240 16 96 -4 96 -4 114 -128 2 0x1.c443d3fc1908ep6 -0x1.e64509ac3aaf1p6 0x1.a4p6 -0x1.08p6 0x1.a4p6 -0x1.08p6 0x1.83bc2c03e6f72p6 -0x1.4dd7b29e2a878p3
DOORGENERAL 4 18 42 94 52 94 52 78 112 78 112 2 102 2 102 18 42 4 78 112 154 122 154 122 138 182 138 182 62 172 62 172 78 112 1 0x1.8p-1 0 4 78 112 154 122 94 52 78 112 78 112 2 102 62 172 78 112 1 0x1.38p6 0x1.cp6 0x1.38p6 0x1.cp6
DOORGENERAL 4 21 -43 111 -29 111 -29 95 33 95 33 5 19 5 19 21 -43 4 201 -15 291 -1 291 -1 275 61 275 61 185 47 185 47 201 -15 0 0x1.1p3 -1 0 0
DOORGENERAL 4 38 -95 142 -77 142 -77 122 47 122 47 18 29 18 29 38 -95 4 64 -91 168 -73 168 -73 148 51 148 51 44 33 44 33 64 -91 0 0x1.4p0 2 4 38 -95 142 -77 142 -77 122 47 148 51 44 33 44 33 64 -91 1 0x1.74p6 -0x1.6p4 0x1.74p6 -0x1.6p4
DOORGENERAL 4 -13 50 83 56 83 56 71 104 71 104 -25 98 -25 98 -13 50 4 83 56 179 62 179 62 167 110 167 110 71 104 71 104 83 56 0 0x1.3p2 1 4 83 56 179 62 83 56 71 104 167 110 71 104 71 104 83 56 1 0x1.45739800a38f1p6 0x1.f4633ffae3878p5 0x1.228c67ff5c70fp6 0x1.85ce60028e3c4p6
DOORGENERAL 4 -115 21 -9 27 -9 27 -25 73 -25 73 -131 67 -131 67 -115 21 4 -25 73 81 79 81 79 65 125 65 125 -41 119 -41 119 -25 73 1 0x1.fp2 0 4 -25 73 81 79 -9 27 -25 73 -25 73 -131 67 -41 119 -25 73 1 -0x1.9p4 0x1.24p6 -0x1.9p4 0x1.24p6
DOORGENERAL 4 -70 -103 68 -77 68 -77 56 9 56 9 -82 -17 -82 -17 -70 -103 4 206 -51 344 -25 344 -25 332 61 332 61 194 35 194 35 206 -51 0 0x1.fp2 -1 0 0
DOORGENERAL 4 -129 -153 -1 -129 -1 -129 -27 -1 -27 -1 -155 -25 -155 -25 -129 -153 4 -97 -147 31 -123 31 -123 5 5 5 5 -123 -19 -123 -19 -97 -147 0 0x1.cp0 2 4 -97 -147 31 -123 -1 -129 -27 -1 5 5 -123 -19 -123 -19 -97 -147 1 -0x1.fp5 -0x1.28p6 -0x1.fp5 -0x1.28p6
DOORGENERAL 4 -100 42 -20 56 -20 56 -36 116 -36 116 -116 102 -116 102 -100 42 4 -20 56 60 70 60 70 44 130 44 130 -36 116 -36 116 -20 56 0 0x0.0p0 1 4 -20 56 60 70 -20 56 -36 116 44 130 -36 116 -36 116 -20 56 4 -0x1.483ec5be31d57p4 0x1.cf75b2c49d703p5 -0x1.841f62df18eabp4 0x1.1fdd6cb1275c1p6 -0x1.841f62df18eabp4 0x1.1fdd6cb1275c1p6 -0x1.cp4 0x1.58p6 -0x1.cp4 0x1.58p6 -0x1.fbe09d20e7154p4 0x1.9022934ed8a3fp6 -0x1.fbe09d20e7154p4 0x1.9022934ed8a3fp6 -0x1.1be09d20e7154p5 0x1.c845269db147ep6
DOORGENERAL 4 -80 -85 54 -59 54 -59 34 23 34 23 -100 -3 -100 -3 -80 -85 4 34 23 168 49 168 49 148 131 148 131 14 105 14 105 34 23 1 0x1.4p2 0 4 34 23 168 49 54 -59 34 23 34 23 -100 -3 14 105 34 23 1 0x1.1p5 0x1.7p4 0x1.1p5 0x1.7p4
DOORGENERAL 4 27 -108 133 -102 133 -102 115 28 115 28 9 22 9 22 27 -108 4 239 -96 345 -90 345 -90 327 40 327 40 221 34 221 34 239 -96 0 0x0.0p0 -1 0 0
DOORGENERAL 4 -6 9 98 23 98 23 80 69 80 69 -24 55 -24 55 -6 9 4 20 12 124 26 124 26 106 72 106 72 2 58 2 58 20 12 0 0x1.08p3 2 4 -6 9 98 23 98 23 80 69 106 72 2 58 2 58 20 12 1 0x1.9p5 0x1.44p5 0x1.9p5 0x1.44p5
DOORGENERAL 4 -105 -1 -3 9 -3 9 -9 109 -9 109 -111 99 -111 99 -105 -1 4 -3 9 99 19 99 19 93 119 93 119 -9 109 -9 109 -3 9 1 0x1.bp2 1 4 -3 9 99 19 -3 9 -9 109 93 119 -9 109 -9 109 -3 9 2 -0x1.c314514e12245p1 0x1.1bbfa962a5cbap4 -0x1.8p2 0x1.d7fffffffffffp5 -0x1.8p2 0x1.d7fffffffffffp5 -0x1.0f3aebac7b76fp3 0x1.911015a7568d1p6
DOORGENERAL 4 -4 -114 106 -90 106 -90 88 -46 88 -46 -22 -70 -22 -70 -4 -114 4 88 -46 198 -22 198 -22 180 22 180 22 70 -2 70 -2 88 -46 1 0x1.0p3 0 4 88 -46 198 -22 106 -90 88 -46 88 -46 -22 -70 70 -2 88 -46 1 0x1.6p6 -0x1.7p5 0x1.6p6 -0x1.7p5
DOORGENERAL 4 -59 16 79 30 79 30 69 112 69 112 -69 98 -69 98 -59 16 4 217 44 355 58 355 58 345 140 345 140 207 126 207 126 217 44 1 0x1.4p0 -1 0 0
DOORGENERAL 4 33 -9 121 9 121 9 99 89 99 89 11 71 11 71 33 -9 4 55 -5 143 13 143 13 121 93 121 93 33 75 33 75 55 -5 1 0x1.2p1 2 4 33 -9 121 9 121 9 99 89 121 93 33 75 33 75 55 -5 3 0x1.c5900bb2adb5ap5 -0x1.6097d51055998p-1 0x1.18ed57487248fp6 0x1.bc53c0727f1bbp4 0x1.18ed57487248fp6 0x1.bc53c0727f1bbp4 0x1.4f12a8b78db72p6 0x1.c1d61fc6c0722p5 0x1.4f12a8b78db72p6 0x1.c1d61fc6c0722p5 0x1.8537fa26a9254p6 0x1.52c12faa20ab3p6
DOORGENERAL 4 -106 -35 -28 -25 -28 -25 -36 87 -36 87 -114 77 -114 77 -106 -35 4 -28 -25 50 -15 50 -15 42 97 42 97 -36 87 -36 87 -28 -25 0 0x1.4p0 1 4 -28 -25 50 -15 -28 -25 -36 87 42 97 -36 87 -36 87 -28 -25 4 -0x1.c3b470d3a4ff2p4 -0x1.5c21d46cfa0c6p4 -0x1.e1da3869d27f9p4 0x1.27bc57260be7cp2 -0x1.e1da3869d27f9p4 0x1.27bc57260be7cp2 -0x1.0p5 0x1.f000000000004p4 -0x1.0p5 0x1.f000000000004p4 -0x1.0f12e3cb16c04p5 0x1.cb08751b3e833p5 -0x1.0f12e3cb16c04p5 0x1.cb08751b3e833p5 -0x1.1e25c7962d807p5 0x1.4f08751b3e832p6
DOORGENERAL 4 -90 -62 -18 -42 -18 -42 -34 46 -34 46 -106 26 -106 26 -90 -62 4 -34 46 38 66 38 66 22 154 22 154 -50 134 -50 134 -34 46 0 0x0.0p0 0 4 -34 46 38 66 -18 -42 -34 46 -34 46 -106 26 -50 134 -34 46 1 -0x1.1p5 0x1.7p5 -0x1.1p5 0x1.7p5
DOORGENERAL 4 -19 -78 57 -58 57 -58 33 64 33 64 -43 44 -43 44 -19 -78 4 133 -38 209 -18 209 -18 185 104 185 104 109 84 109 84 133 -38 1 0x1.1p3 -1 0 0
DOORGENERAL 4 -28 6 90 12 90 12 80 134 80 134 -38 128 -38 128 -28 6 4 1 7 119 13 119 13 109 135 109 135 -9 129 -9 129 1 7 1 0x1.cp2 2 4 -28 6 90 12 90 12 80 134 109 135 -9 129 -9 129 1 7 2 0x1.6f9dae2e76bc8p2 0x1.e3176d2f417c2p3 0x1.43fffffffffffp5 0x1.1ap6 0x1.43fffffffffffp5 0x1.1ap6 0x1.2d06251d18943p6 0x1.f79d125a17d08p6
DOORGENERAL 4 -68 -136 64 -112 64 -112 42 4 42 4 -90 -20 -90 -20 -68 -136 4 64 -112 196 -88 196 -88 174 28 174 28 42 4 42 4 64 -112 0 0x1.38p3 1 4 64 -112 196 -88 64 -112 42 4 174 28 42 4 42 4 64 -112 2 0x1.ee7c11281ef09p5 -0x1.91d2b8de2305ep6 0x1.a8p5 -0x1.bp5 0x1.a8p5 -0x1.bp5 0x1.6183eed7e10f6p5 -0x1.e2d4721dcfa2p2
DOORGENERAL 4 -35 -72 77 -62 77 -62 59 -8 59 -8 -53 -18 -53 -18 -35 -72 4 59 -8 171 2 171 2 153 56 153 56 41 46 41 46 59 -8 0 0x1.8p-1 0 4 59 -8 171 2 77 -62 59 -8 59 -8 -53 -18 41 46 59 -8 1 0x1.d8p5 -0x1.0p3 0x1.d8p5 -0x1.0p3
DOORGENERAL 4 -58 16 0 24 0 24 -6 114 -6 114 -64 106 -64 106 -58 16 4 58 32 116 40 116 40 110 130 110 130 52 122 52 122 58 32 0 0x1.4p3 -1 0 0
DOORGENERAL 4 -69 -16 79 -4 79 -4 73 68 73 68 -75 56 -75 56 -69 -16 4 -32 -13 116 -1 116 -1 110 71 110 71 -38 59 -38 59 -32 -13 1 0x1.08p3 2 4 -32 -13 116 -1 79 -4 73 68 110 71 -38 59 -38 59 -32 -13 2 -0x1.5c8953e07960cp4 -0x1.857e0d9a05d86p3 0x1.7800000000002p4 -0x1.1p3 0x1.7800000000002p4 -0x1.1p3 0x1.132254f81e584p6 -0x1.3503e4cbf44f4p2
DOORGENERAL 4 -99 -114 19 -96 19 -96 7 14 7 14 -111 -4 -111 -4 -99 -114 4 19 -96 137 -78 137 -78 125 32 125 32 7 14 7 14 19 -96 1 0x1.0p0 1 4 19 -96 137 -78 19 -96 7 14 125 32 7 14 7 14 19 -96 4 0x1.2acb65a176451p4 -0x1.74121e3caf08fp6 0x1.facb65a176451p3 -0x1.0c090f1e57847p6 0x1.facb65a176451p3 -0x1.0c090f1e57847p6 0x1.ap3 -0x1.47fffffffffffp5 0x1.ap3 -0x1.47fffffffffffp5 0x1.45349a5e89baep3 -0x1.dfb7870d43dcp3 0x1.45349a5e89baep3 -0x1.dfb7870d43dcp3 0x1.d4d2697a26ebap2 0x1.6090f1e57848p3
DOORGENERAL 4 -28 6 34 28 34 28 22 126 22 126 -40 104 -40 104 -28 6 4 22 126 84 148 84 148 72 246 72 246 10 224 10 224 22 126 1 0x1.0p1 0 4 22 126 84 148 34 28 22 126 22 126 -40 104 10 224 22 126 1 0x1.6p4 0x1.f8p6 0x1.6p4 0x1.f8p6
DOORGENERAL 4 38 -16 112 -6 112 -6 102 58 102 58 28 48 28 48 38 -16 4 186 4 260 14 260 14 250 78 250 78 176 68 176 68 186 4 1 0x1.cp0 -1 0 0
DOORGENERAL 4 -31 -54 25 -30 25 -30 11 76 11 76 -45 52 -45 52 -31 -54 4 -17 -48 39 -24 39 -24 25 82 25 82 -31 58 -31 58 -17 -48 1 0x1.8p0 2 4 -17 -48 39 -24 25 -30 11 76 25 82 -31 58 -31 58 -17 -48 2 -0x1.b90e461128a6p3 -0x1.74f862ef8d7f8p5 0x1.0p2 -0x1.38p5 0x1.0p2 -0x1.38p5 0x1.5c8723089453p4 -0x1.f60f3a20e501p4
DOORGENERAL 4 -96 33 -22 49 -22 49 -44 105 -44 105 -118 89 -118 89 -96 33 4 -22 49 52 65 52 65 30 121 30 121 -44 105 -44 105 -22 49 1 0x1.dp2 1 4 -22 49 52 65 -22 49 -44 105 30 121 -44 105 -44 105 -22 49 1 -0x1.961dd64b4ab65p4 0x1.cce02802bc2dep5 -0x1.44f114da5aa4dp5 0x1.818febfea1e9p6
DOORGENERAL 4 -20 -19 80 7 80 7 62 107 62 107 -38 81 -38 81 -20 -19 4 62 107 162 133 162 133 144 233 144 233 44 207 44 207 62 107 0 0x1.cp0 0 4 62 107 162 133 80 7 62 107 62 107 -38 81 44 207 62 107 1 0x1.fp5 0x1.acp6 0x1.fp5 0x1.acp6
DOORGENERAL 4 -71 25 1 37 1 37 -17 79 -17 79 -89 67 -89 67 -71 25 4 73 49 145 61 145 61 127 103 127 103 55 91 55 91 73 49 0 0x1.2p3 -1 0 0
DOORGENERAL 4 -29 -126 105 -102 105 -102 95 -32 95 -32 -39 -56 -39 -56 -29 -126 4 4 -120 138 -96 138 -96 128 -26 128 -26 -6 -50 -6 -50 4 -120 1 0x0.0p0 2 4 4 -120 138 -96 105 -102 95 -32 95 -32 -39 -56 -6 -50 4 -120 7 0x1.9cb399c9d2ceap6 -0x1.9444023d88b43p6 0x1.5f5bb6fddfb83p6 -0x1.779e4abe3d13p6 0x1.5f5bb6fddfb83p6 -0x1.779e4abe3d13p6 0x1.2203d431eca1bp6 -0x1.5af8933ef171dp6 0x1.2203d431eca1bp6 -0x1.5af8933ef171dp6 0x1.c957e2cbf3168p5 -0x1.3e52dbbfa5d0ap6 0x1.c957e2cbf3168p5 -0x1.3e52dbbfa5d0ap6 0x1.4ea81d340ce99p5 -0x1.21ad24405a2f6p6 0x1.4ea81d340ce99p5 -0x1.21ad24405a2f6p6 0x1.a7f0af384d798p4 -0x1.05076cc10e8e4p6 0x1.a7f0af384d798p4 -0x1.05076cc10e8e4p6 0x1.65224811023fp3 -0x1.d0c36a8385dap5 0x1.65224811023fp3 -0x1.d0c36a8385dap5 -0x1.0b399c9d2ceap2 -0x1.9777fb84ee97ap5
DOORGENERAL 4 23 -63 125 -47 125 -47 117 63 117 63 15 47 15 47 23 -63 4 125 -47 227 -31 227 -31 219 79 219 79 117 63 117 63 125 -47 1 0x1.1p3 1 4 125 -47 227 -31 125 -47 117 63 219 79 117 63 117 63 125 -47 2 0x1.f0f418a07f2b4p6 -0x1.2438a53da925cp5 0x1.e4p6 0x1.0p3 0x1.e4p6 0x1.0p3 0x1.d70be75f80d4cp6 0x1.a438a53da925cp5
DOORGENERAL 4 -84 -76 64 -52 64 -52 40 76 40 76 -108 52 -108 52 -84 -76 4 40 76 188 100 188 100 164 228 164 228 16 204 16 204 40 76 0 0x1.5p2 0 4 40 76 188 100 64 -52 40 76 40 76 -108 52 16 204 40 76 1 0x1.4p5 0x1.3p6 0x1.4p5 0x1.3p6
DOORGENERAL 4 -100 -89 -44 -73 -44 -73 -50 55 -50 55 -106 39 -106 39 -100 -89 4 12 -57 68 -41 68 -41 62 87 62 87 6 71 6 71 12 -57 1 0x1.3p3 -1 0 0
DOORGENERAL 4 -88 -87 32 -79 32 -79 14 13 14 13 -106 5 -106 5 -88 -87 4 -58 -85 62 -77 62 -77 44 15 44 15 -76 7 -76 7 -58 -85 0 0x1.cp2 2 4 -58 -85 62 -77 32 -79 14 13 44 15 -76 7 -76 7 -58 -85 1 -0x1.6p4 -0x1.2p5 -0x1.6p4 -0x1.2p5
DOORGENERAL 4 -80 -17 -6 -11 -6 -11 -20 119 -20 119 -94 113 -94 113 -80 -17 4 -6 -11 68 -5 68 -5 54 125 54 125 -20 119 -20 119 -6 -11 1 0x0.0p0 1 4 -6 -11 68 -5 -6 -11 -20 119 54 125 -20 119 -20 119 -6 -11 7 -0x1.8db4931989a26p2 -0x1.205e3077258e2p3 -0x1.04e50ff6d5bap3 0x1.1fbcb8cf7776p3 -0x1.04e50ff6d5bap3 0x1.1fbcb8cf7776p3 -0x1.42efd660e6a2cp3 0x1.afebd10b0a3d1p4 -0x1.42efd660e6a2cp3 0x1.afebd10b0a3d1p4 -0x1.80fa9ccaf78b8p3 0x1.67fca2d72c5f8p5 -0x1.80fa9ccaf78b8p3 0x1.67fca2d72c5f8p5 -0x1.bf05633508746p3 0x1.f8035d28d3a0ap5 -0x1.bf05633508746p3 0x1.f8035d28d3a0ap5 -0x1.fd10299f195d2p3 0x1.44050bbd3d70dp6 -0x1.fd10299f195d2p3 0x1.44050bbd3d70dp6 -0x1.1d8d78049522fp4 0x1.8c0868e611114p6 -0x1.1d8d78049522fp4 0x1.8c0868e611114p6 -0x1.3c92db399d976p4 0x1.d40bc60ee4b1ep6
DOORGENERAL 4 -100 -95 46 -87 46 -87 32 3 32 3 -114 -5 -114 -5 -100 -95 4 32 3 178 11 178 11 164 101 164 101 18 93 18 93 32 3 1 0x1.8p-1 0 4 32 3 178 11 46 -87 32 3 32 3 -114 -5 18 93 32 3 1 0x1.0p5 0x1.8p1 0x1.0p5 0x1.8p1
DOORGENERAL 4 -138 -10 -4 10 -4 10 -18 130 -18 130 -152 110 -152 110 -138 -10 4 130 30 264 50 264 50 250 170 250 170 116 150 116 150 130 30 0 0x1.dp2 -1 0 0
DOORGENERAL 4 -71 -114 75 -104 75 -104 59 14 59 14 -87 4 -87 4 -71 -114 4 -35 -112 111 -102 111 -102 95 16 95 16 -51 6 -51 6 -35 -112 1 0x1.bp2 2 4 -71 -114 75 -104 75 -104 59 14 95 16 -51 6 -51 6 -35 -112 2 -0x1.dcd1d257156bp4 -0x1.a2302f7b94f4cp6 0x1.8p3 -0x1.8800000000001p5 0x1.8p3 -0x1.8800000000001p5 0x1.ae68e92b8ab57p5 0x1.a302f7b94f4bp2
DOORGENERAL 4 26 -3 98 3 98 3 76 75 76 75 4 69 4 69 26 -3 4 98 3 170 9 170 9 148 81 148 81 76 75 76 75 98 3 0 0x1.8p0 1 4 98 3 170 9 98 3 76 75 148 81 76 75 76 75 98 3 3 0x1.83e8b0532070dp6 0x1.9639064500319p2 0x1.694d901bb57afp6 0x1.c1da15db15597p4 0x1.694d901bb57afp6 0x1.c1da15db15597p4 0x1.4eb26fe44a85p6 0x1.8f12f51275534p5 0x1.4eb26fe44a85p6 0x1.8f12f51275534p5 0x1.34174facdf8f2p6 0x1.1e9c6f9baffcfp6
DOORGENERAL 4 -38 -100 82 -90 82 -90 64 -50 64 -50 -56 -60 -56 -60 -38 -100 4 64 -50 184 -40 184 -40 166 0 166 0 46 -10 46 -10 64 -50 1 0x1.8p1 0 4 64 -50 184 -40 82 -90 64 -50 64 -50 -56 -60 46 -10 64 -50 1 0x1.0p6 -0x1.9p5 0x1.0p6 -0x1.9p5
DOORGENERAL 4 50 -60 126 -46 126 -46 108 -4 108 -4 32 -18 32 -18 50 -60 4 202 -32 278 -18 278 -18 260 24 260 24 184 10 184 10 202 -32 0 0x1.ep2 -1 0 0
DOORGENERAL 4 -77 -121 -13 -115 -13 -115 -19 -39 -19 -39 -83 -45 -83 -45 -77 -121 4 -61 -120 3 -114 3 -114 -3 -38 -3 -38 -67 -44 -67 -44 -61 -120 1 0x1.1p2 2 4 -77 -121 -13 -115 -13 -115 -19 -39 -3 -38 -67 -44 -67 -44 -61 -120 2 -0x1.d10a1ae75cfb9p5 -0x1.c7e3633c080efp6 -0x1.4p5 -0x1.3ep6 -0x1.4p5 -0x1.3ep6 -0x1.5debca314608ep4 -0x1.68393987efe22p5
DOORGENERAL 4 23 -93 73 -71 73 -71 49 43 49 43 -1 21 -1 21 23 -93 4 73 -71 123 -49 123 -49 99 65 99 65 49 43 49 43 73 -71 0 0x1.cp0 1 4 73 -71 123 -49 73 -71 49 43 99 65 49 43 49 43 73 -71 4 0x1.20e8eb74eadd9p6 -0x1.0d525e6b5b9c8p6 0x1.0a7475ba756ecp6 -0x1.45525e6b5b9c8p5 0x1.0a7475ba756ecp6 -0x1.45525e6b5b9c8p5 0x1.e8p5 -0x1.c000000000004p3 0x1.e8p5 -0x1.c000000000004p3 0x1.bb17148b15227p5 0x1.954979ad6e71p3 0x1.bb17148b15227p5 0x1.954979ad6e71p3 0x1.8e2e29162a44ep5 0x1.3aa4bcd6b738ep5
DOORGENERAL 4 -110 -21 18 -11 18 -11 -6 105 -6 105 -134 95 -134 95 -110 -21 4 -6 105 122 115 122 115 98 231 98 231 -30 221 -30 221 -6 105 0 0x1.1p3 0 4 -6 105 122 115 18 -11 -6 105 -6 105 -134 95 -30 221 -6 105 1 -0x1.8p2 0x1.a4p6 -0x1.8p2 0x1.a4p6
DOORGENERAL 4 27 -8 89 2 89 2 65 104 65 104 3 94 3 94 27 -8 4 151 12 213 22 213 22 189 124 189 124 127 114 127 114 151 12 1 0x1.7p2 -1 0 0
DOORGENERAL 4 -93 -19 41 3 41 3 21 61 21 61 -113 39 -113 39 -93 -19 4 -60 -14 74 8 74 8 54 66 54 66 -80 44 -80 44 -60 -14 1 0x1.4p0 2 4 -93 -19 41 3 41 3 21 61 54 66 -80 44 -80 44 -60 -14 4 -0x1.cde40f87df46ap5 -0x1.6d37b73e037bfp3 -0x1.34f207c3efa35p5 0x1.82c848c1fc842p2 -0x1.34f207c3efa35p5 0x1.82c848c1fc842p2 -0x1.38p4 0x1.78p4 -0x1.38p4 0x1.78p4 -0x1.86fc1e082e6p-2 0x1.47a6f6e7c06f8p5 -0x1.86fc1e082e6p-2 0x1.47a6f6e7c06f8p5 0x1.2bc81f0fbe8d4p4 0x1.d34dedcf80dfp5
DOORGENERAL 4 -76 -84 8 -58 8 -58 2 26 2 26 -82 0 -82 0 -76 -84 4 8 -58 92 -32 92 -32 86 52 86 52 2 26 2 26 8 -58 1 0x1.ep2 1 4 8 -58 92 -32 8 -58 2 26 86 52 2 26 2 26 8 -58 1 0x1.d4ae8a069e31bp2 -0x1.8431718b94d7p5 0x1.56a2ebf2c39cap1 0x1.0862e31729aep4
DOORGENERAL 4 -84 -111 60 -95 60 -95 50 -1 50 -1 -94 -17 -94 -17 -84 -111 4 50 -1 194 15 194 15 184 109 184 109 40 93 40 93 50 -1 0 0x1.cp1 0 4 50 -1 194 15 60 -95 50 -1 50 -1 -94 -17 40 93 50 -1 1 0x1.9p5 -0x1.0p0 0x1.9p5 -0x1.0p0
DOORGENERAL 4 -17 -103 103 -79 103 -79 91 11 91 11 -29 -13 -29 -13 -17 -103 4 223 -55 343 -31 343 -31 331 59 331 59 211 35 211 35 223 -55 0 0x1.fp2 -1 0 0
DOORGENERAL 4 -19 32 71 44 71 44 57 102 57 102 -33 90 -33 90 -19 32 4 3 35 93 47 93 47 79 105 79 105 -11 93 -11 93 3 35 0 0x1.0p0 2 4 3 35 93 47 71 44 57 102 57 102 -33 90 -11 93 3 35 1 0x1.dffffffffffffp4 0x1.12p6 0x1.dffffffffffffp4 0x1.12p6
DOORGENERAL 4 -92 -126 44 -102 44 -102 38 -14 38 -14 -98 -38 -98 -38 -92 -126 4 44 -102 180 -78 180 -78 174 10 174 10 38 -14 38 -14 44 -102 0 0x1.8p-1 1 4 44 -102 180 -78 44 -102 38 -14 174 10 38 -14 38 -14 44 -102 4 0x1.5e80e3b3c8454p5 -0x1.8d0685d111fbap6 0x1.534071d9e422ap5 -0x1.3a8342e888fddp6 0x1.534071d9e422ap5 -0x1.3a8342e888fddp6 0x1.48p5 -0x1.dp5 0x1.48p5 -0x1.dp5 0x1.3cbf8e261bdd6p5 -0x1.2af97a2eee046p5 0x1.3cbf8e261bdd6p5 -0x1.2af97a2eee046p5 0x1.317f1c4c37bacp5 -0x1.0be5e8bbb8118p4
DOORGENERAL 4 -65 -108 53 -88 53 -88 29 4 29 4 -89 -16 -89 -16 -65 -108 4 29 4 147 24 147 24 123 116 123 116 5 96 5 96 29 4 1 0x1.1p3 0 4 29 4 147 24 53 -88 29 4 29 4 -89 -16 5 96 29 4 1 0x1.dp4 0x1.0p2 0x1.dp4 0x1.0p2
DOORGENERAL 4 12 -84 146 -78 146 -78 126 52 126 52 -8 46 -8 46 12 -84 4 280 -72 414 -66 414 -66 394 64 394 64 260 58 260 58 280 -72 1 0x1.ep2 -1 0 0
DOORGENERAL 4 40 -69 116 -55 116 -55 106 13 106 13 30 -1 30 -1 40 -69 4 59 -66 135 -52 135 -52 125 16 125 16 49 2 49 2 59 -66 1 0x1.08p3 2 4 40 -69 116 -55 116 -55 106 13 125 16 49 2 49 2 59 -66 1 0x1.00ea86e329762p6 -0x1.c5ebdba92363ep5 0x1.9315791cd689ep6 0x1.debdba92363cp1
DOORGENERAL 4 -115 -20 -15 -8 -15 -8 -23 42 -23 42 -123 30 -123 30 -115 -20 4 -15 -8 85 4 85 4 77 54 77 54 -23 42 -23 42 -15 -8 0 0x1.bp2 1 4 -15 -8 85 4 -15 -8 -23 42 77 54 -23 42 -23 42 -15 -8 1 -0x1.061e612ad2742p4 0x1.47bbe9746abap-1 -0x1.59e19ed52d8bep4 0x1.0ae1105a2e551p5
DOORGENERAL 4 -64 -139 82 -113 82 -113 74 1 74 1 -72 -25 -72 -25 -64 -139 4 74 1 220 27 220 27 212 141 212 141 66 115 66 115 74 1 1 0x1.1p3 0 4 74 1 220 27 82 -113 74 1 74 1 -72 -25 66 115 74 1 1 0x1.28p6 0x1.0p0 0x1.28p6 0x1.0p0
DOORGENERAL 4 -99 -142 -9 -128 -9 -128 -17 0 -17 0 -107 -14 -107 -14 -99 -142 4 81 -114 171 -100 171 -100 163 28 163 28 73 14 73 14 81 -114 1 0x1.6p2 -1 0 0
DOORGENERAL 4 -9 4 63 10 63 10 53 108 53 108 -19 102 -19 102 -9 4 4 9 5 81 11 81 11 71 109 71 109 -1 103 -1 103 9 5 0 0x1.28p3 2 4 -9 4 63 10 63 10 53 108 71 109 -1 103 -1 103 9 5 1 0x1.fp4 0x1.c4p5 0x1.fp4 0x1.c4p5
DOORGENERAL 4 -118 -55 -14 -41 -14 -41 -24 53 -24 53 -128 39 -128 39 -118 -55 4 -14 -41 90 -27 90 -27 80 67 80 67 -24 53 -24 53 -14 -41 1 0x1.28p3 1 4 -14 -41 90 -27 -14 -41 -24 53 80 67 -24 53 -24 53 -14 -41 1 -0x1.e6153e2792bcfp3 -0x1.dd028f12ce54dp4 -0x1.6cf560ec36a18p4 0x1.4e814789672a6p5
DOORGENERAL 4 16 -2 146 8 146 8 124 112 124 112 -6 102 -6 102 16 -2 4 124 112 254 122 254 122 232 226 232 226 102 216 102 216 124 112 0 0x1.3p2 0 4 124 112 254 122 146 8 124 112 124 112 -6 102 102 216 124 112 1 0x1.fp6 0x1.cp6 0x1.fp6 0x1.cp6
DOORGENERAL 4 -103 -38 7 -20 7 -20 -1 44 -1 44 -111 26 -111 26 -103 -38 4 117 -2 227 16 227 16 219 80 219 80 109 62 109 62 117 -2 0 0x1.2p3 -1 0 0
DOORGENERAL 4 -12 -127 82 -103 82 -103 60 -9 60 -9 -34 -33 -34 -33 -12 -127 4 11 -121 105 -97 105 -97 83 -3 83 -3 -11 -27 -11 -27 11 -121 1 0x1.28p3 2 4 11 -121 105 -97 82 -103 60 -9 60 -9 -34 -33 -11 -27 11 -121 2 0x1.2501b4830b176p6 -0x1.7f1633c7b55cdp6 0x1.1c00000000001p5 -0x1.04p6 0x1.1c00000000001p5 -0x1.04p6 -0x1.2036906162eap1 -0x1.11d3987095466p5
DOORGENERAL 4 -8 -74 128 -64 128 -64 106 20 106 20 -30 10 -30 10 -8 -74 4 128 -64 264 -54 264 -54 242 30 242 30 106 20 106 20 128 -64 1 0x1.8p-1 1 4 128 -64 264 -54 128 -64 106 20 242 30 106 20 106 20 128 -64 4 0x1.fd368a3a55265p6 -0x1.eab7c277a181cp5 0x1.e89b451d2a932p6 -0x1.4d5be13bd0c0ep5 0x1.e89b451d2a932p6 -0x1.4d5be13bd0c0ep5 0x1.d4p6 -0x1.6p4 0x1.d4p6 -0x1.6p4 0x1.bf64bae2d56cep6 -0x1.2a41ec42f3f2p1 0x1.bf64bae2d56cep6 -0x1.2a41ec42f3f2p1 0x1.aac975c5aad9bp6 0x1.156f84ef43038p4
DOORGENERAL 4 5 -18 131 4 131 4 105 132 105 132 -21 110 -21 110 5 -18 4 105 132 231 154 231 154 205 282 205 282 79 260 79 260 105 132 1 0x1.fp2 0 4 105 132 231 154 131 4 105 132 105 132 -21 110 79 260 105 132 1 0x1.a4p6 0x1.08p7 0x1.a4p6 0x1.08p7
DOORGENERAL 4 18 -73 140 -55 140 -55 132 -1 132 -1 10 -19 10 -19 18 -73 4 262 -37 384 -19 384 -19 376 35 376 35 254 17 254 17 262 -37 1 0x1.18p3 -1 0 0
DOORGENERAL 4 20 -79 154 -61 154 -61 140 11 140 11 6 -7 6 -7 20 -79 4 53 -75 187 -57 187 -57 173 15 173 15 39 -3 39 -3 53 -75 1 0x1.3p2 2 4 20 -79 154 -61 154 -61 140 11 173 15 39 -3 39 -3 53 -75 2 0x1.cdf8487965c65p5 -0x1.1771cec239a1ap6 0x1.82p6 -0x1.0000000000001p5 0x1.82p6 -0x1.0000000000001p5 0x1.0e81ede1a68e7p7 0x1.771cec239a1ap2
DOORGENERAL 4 -76 1 -26 15 -26 15 -36 99 -36 99 -86 85 -86 85 -76 1 4 -26 15 24 29 24 29 14 113 14 113 -36 99 -36 99 -26 15 1 0x1.0p-2 1 4 -26 15 24 29 -26 15 -36 99 14 113 -36 99 -36 99 -26 15 4 -0x1.a4417332b1567p4 0x1.13bf61436b3c5p4 -0x1.ca20b99958ab4p4 0x1.28efd850dacf2p5 -0x1.ca20b99958ab4p4 0x1.28efd850dacf2p5 -0x1.fp4 0x1.c8p5 -0x1.fp4 0x1.c8p5 -0x1.0aefa33353aa6p5 0x1.338813d792988p6 -0x1.0aefa33353aa6p5 0x1.338813d792988p6 -0x1.1ddf4666a754dp5 0x1.831027af2530fp6
DOORGENERAL 4 -83 -100 -9 -92 -9 -92 -19 -14 -19 -14 -93 -22 -93 -22 -83 -100 4 -19 -14 55 -6 55 -6 45 72 45 72 -29 64 -29 64 -19 -14 1 0x1.5p2 0 4 -19 -14 55 -6 -9 -92 -19 -14 -19 -14 -93 -22 -29 64 -19 -14 1 -0x1.3p4 -0x1.cp3 -0x1.3p4 -0x1.cp3
DOORGENERAL 4 -123 -75 3 -61 3 -61 -15 -15 -15 -15 -141 -29 -141 -29 -123 -75 4 129 -47 255 -33 255 -33 237 13 237 13 111 -1 111 -1 129 -47 1 0x1.8p-1 -1 0 0
DOORGENERAL 4 6 -15 106 -7 106 -7 90 63 90 63 -10 55 -10 55 6 -15 4 31 -13 131 -5 131 -5 115 65 115 65 15 57 15 57 31 -13 0 0x1.fp2 2 4 31 -13 131 -5 106 -7 90 63 115 65 15 57 15 57 31 -13 1 0x1.e4p5 0x1.9p4 0x1.e4p5 0x1.9p4
DOORGENERAL 4 -106 -72 -28 -52 -28 -52 -36 50 -36 50 -114 30 -114 30 -106 -72 4 -28 -52 50 -32 50 -32 42 70 42 70 -36 50 -36 50 -28 -52 1 0x1.3p3 1 4 -28 -52 50 -32 -28 -52 -36 50 42 70 -36 50 -36 50 -28 -52 1 -0x1.ce631ed3cfc64p4 -0x1.44481b79b37p5 -0x1.18ce7096181cep5 0x1.34481b79b37p5
DOORGENERAL 4 27 -63 143 -39 143 -39 119 69 119 69 3 45 3 45 27 -63 4 119 69 235 93 235 93 211 201 211 201 95 177 95 177 119 69 1 0x1.0p0 0 4 119 69 235 93 143 -39 119 69 119 69 3 45 95 177 119 69 1 0x1.dcp6 0x1.14p6 0x1.dcp6 0x1.14p6
DOORGENERAL 4 -18 -54 80 -46 80 -46 70 38 70 38 -28 30 -28 30 -18 -54 4 178 -38 276 -30 276 -30 266 54 266 54 168 46 168 46 178 -38 1 0x1.8p1 -1 0 0
DOORGENERAL 4 -86 -65 -34 -51 -34 -51 -56 63 -56 63 -108 49 -108 49 -86 -65 4 -73 -62 -21 -48 -21 -48 -43 66 -43 66 -95 52 -95 52 -73 -62 0 0x1.cp1 2 4 -86 -65 -34 -51 -34 -51 -56 63 -43 66 -95 52 -95 52 -73 -62 1 -0x1.02p6 0x1.fffffffffffep-2 -0x1.02p6 0x1.fffffffffffep-2
DOORGENERAL 4 6 -70 112 -64 112 -64 90 58 90 58 -16 52 -16 52 6 -70 4 112 -64 218 -58 218 -58 196 64 196 64 90 58 90 58 112 -64 1 0x1.0p-1 1 4 112 -64 218 -58 112 -64 90 58 196 64 90 58 90 58 112 -64 5 0x1.be39b0311610ap6 -0x1.ec5145092344p5 0x1.ad55d01d73a39p6 -0x1.30fd8fd2485cp5 0x1.ad55d01d73a39p6 -0x1.30fd8fd2485cp5 0x1.9c71f009d1368p6 -0x1.d6a76a6db5d04p3 0x1.9c71f009d1368p6 -0x1.d6a76a6db5d04p3 0x1.8b8e0ff62ec98p6 0x1.16a76a6db5dp3 0x1.8b8e0ff62ec98p6 0x1.16a76a6db5dp3 0x1.7aaa2fe28c5c7p6 0x1.00fd8fd2485bep5 0x1.7aaa2fe28c5c7p6 0x1.00fd8fd2485bep5 0x1.69c64fcee9ef6p6 0x1.bc5145092344p5
DOORGENERAL 4 -44 5 44 21 44 21 38 119 38 119 -50 103 -50 103 -44 5 4 38 119 126 135 126 135 120 233 120 233 32 217 32 217 38 119 1 0x1.fp2 0 4 38 119 126 135 44 21 38 119 38 119 -50 103 32 217 38 119 1 0x1.3p5 0x1.dcp6 0x1.3p5 0x1.dcp6
DOORGENERAL 4 35 -92 125 -80 125 -80 99 -16 99 -16 9 -28 9 -28 35 -92 4 215 -68 305 -56 305 -56 279 8 279 8 189 -4 189 -4 215 -68 0 0x1.ap2 -1 0 0
DOORGENERAL 4 -25 -61 57 -41 57 -41 31 27 31 27 -51 7 -51 7 -25 -61 4 -5 -56 77 -36 77 -36 51 32 51 32 -31 12 -31 12 -5 -56 0 0x1.1p3 2 4 -5 -56 77 -36 57 -41 31 27 31 27 -51 7 -31 12 -5 -56 1 0x1.a000000000002p3 -0x1.dp3 0x1.a000000000002p3 -0x1.dp3
DOORGENERAL 4 28 -92 140 -70 140 -70 132 26 132 26 20 4 20 4 28 -92 4 140 -70 252 -48 252 -48 244 48 244 48 132 26 132 26 140 -70 1 0x1.8p2 1 4 140 -70 252 -48 140 -70 132 26 244 48 132 26 132 26 140 -70 2 0x1.16abd880bf293p7 -0x1.f0389823d7b9ep5 0x1.1p7 -0x1.6000000000002p4 0x1.1p7 -0x1.6000000000002p4 0x1.0954277f40d6dp7 0x1.20713047af738p4
DOORGENERAL 4 -119 35 -9 53 -9 53 -33 93 -33 93 -143 75 -143 75 -119 35 4 -33 93 77 111 77 111 53 151 53 151 -57 133 -57 133 -33 93 0 0x0.0p0 0 4 -33 93 77 111 -9 53 -33 93 -33 93 -143 75 -57 133 -33 93 1 -0x1.08p5 0x1.74p6 -0x1.08p5 0x1.74p6
DOORGENERAL 4 -6 -70 62 -60 62 -60 50 56 50 56 -18 46 -18 46 -6 -70 4 130 -50 198 -40 198 -40 186 76 186 76 118 66 118 66 130 -50 1 0x1.8p1 -1 0 0
DOORGENERAL 4 10 27 108 35 108 35 94 83 94 83 -4 75 -4 75 10 27 4 34 29 132 37 132 37 118 85 118 85 20 77 20 77 34 29 1 0x1.1p2 2 4 34 29 132 37 108 35 94 83 94 83 -4 75 20 77 34 29 2 0x1.996276a1c800ap6 0x1.2dd3a4a391e8fp5 0x1.fffffffffffffp5 0x1.cp5 0x1.fffffffffffffp5 0x1.cp5 0x1.9a762578dffd4p4 0x1.29162dae370b8p6
DOORGENERAL 4 -6 -124 48 -116 48 -116 34 -28 34 -28 -20 -36 -20 -36 -6 -124 4 48 -116 102 -108 102 -108 88 -20 88 -20 34 -28 34 -28 48 -116 1 0x1.8p2 1 4 48 -116 102 -108 48 -116 34 -28 88 -20 34 -28 34 -28 48 -116 2 0x1.75f1d3b8fe485p5 -0x1.b065bdfc43bebp6 0x1.48p5 -0x1.2p6 0x1.48p5 -0x1.2p6 0x1.1a0e2c4701b7bp5 -0x1.1f3484077882cp5
DOORGENERAL 4 -85 -96 23 -90 23 -90 13 -44 13 -44 -95 -50 -95 -50 -85 -96 4 13 -44 121 -38 121 -38 111 8 111 8 3 2 3 2 13 -44 1 0x1.8p1 0 4 13 -44 121 -38 23 -90 13 -44 13 -44 -95 -50 3 2 13 -44 1 0x1.ap3 -0x1.6p5 0x1.ap3 -0x1.6p5
DOORGENERAL 4 -43 43 93 49 93 49 73 93 73 93 -63 87 -63 87 -43 43 4 229 55 365 61 365 61 345 105 345 105 209 99 209 99 229 55 0 0x1.7p2 -1 0 0
DOORGENERAL 4 -75 -40 67 -34 67 -34 51 48 51 48 -91 42 -91 42 -75 -40 4 -40 -39 102 -33 102 -33 86 49 86 49 -56 43 -56 43 -40 -39 0 0x1.0p-2 2 4 -75 -40 67 -34 67 -34 51 48 86 49 -56 43 -56 43 -40 -39 1 0x1.6p2 0x1.2p2 0x1.6p2 0x1.2p2
DOORGENERAL 4 7 -82 65 -66 65 -66 43 62 43 62 -15 46 -15 46 7 -82 4 65 -66 123 -50 123 -50 101 78 101 78 43 62 43 62 65 -66 1 0x1.6p2 1 4 65 -66 123 -50 65 -66 43 62 101 78 43 62 43 62 65 -66 2 0x1.fdd626a33e456p5 -0x1.d4ddf812deaacp5 0x1.bp5 -0x1.0p1 0x1.bp5 -0x1.0p1 0x1.6229d95cc1baap5 0x1.b4ddf812deaacp5
DOORGENERAL 4 -51 -39 5 -31 5 -31 -3 93 -3 93 -59 85 -59 85 -51 -39 4 -3 93 53 101 53 101 45 225 45 225 -11 217 -11 217 -3 93 0 0x1.0p0 0 4 -3 93 53 101 5 -31 -3 93 -3 93 -59 85 -11 217 -3 93 1 -0x1.8p1 0x1.74p6 -0x1.8p1 0x1.74p6
DOORGENERAL 4 -4 -2 102 14 102 14 80 136 80 136 -26 120 -26 120 -4 -2 4 208 30 314 46 314 46 292 168 292 168 186 152 186 152 208 30 0 0x1.fp2 -1 0 0
DOORGENERAL 4 -81 -12 45 10 45 10 29 120 29 120 -97 98 -97 98 -81 -12 4 -50 -7 76 15 76 15 60 125 60 125 -66 103 -66 103 -50 -7 0 0x1.6p1 2 4 -81 -12 45 10 45 10 29 120 60 125 -66 103 -66 103 -50 -7 1 -0x1.5p3 0x1.c4p5 -0x1.5p3 0x1.c4p5
DOORGENERAL 4 37 4 93 18 93 18 83 130 83 130 27 116 27 116 37 4 4 93 18 149 32 149 32 139 144 139 144 83 130 83 130 93 18 1 0x1.8p1 1 4 93 18 149 32 93 18 83 130 139 144 83 130 83 130 93 18 3 0x1.7238ab2158979p6 0x1.6faeda2a18ae1p4 0x1.6612e3b5c8328p6 0x1.c7f279b1aec7cp5 0x1.6612e3b5c8328p6 0x1.c7f279b1aec7cp5 0x1.59ed1c4a37cd8p6 0x1.6c06c327289c3p6 0x1.59ed1c4a37cd8p6 0x1.6c06c327289c3p6 0x1.4dc754dea7687p6 0x1.f414497579d47p6
DOORGENERAL 4 -76 -97 4 -77 4 -77 -14 -15 -14 -15 -94 -35 -94 -35 -76 -97 4 -14 -15 66 5 66 5 48 67 48 67 -32 47 -32 47 -14 -15 1 0x1.8p-1 0 4 -14 -15 66 5 4 -77 -14 -15 -14 -15 -94 -35 -32 47 -14 -15 1 -0x1.cp3 -0x1.ep3 -0x1.cp3 -0x1.ep3
DOORGENERAL 4 9 3 71 29 71 29 51 131 51 131 -11 105 -11 105 9 3 4 133 55 195 81 195 81 175 183 175 183 113 157 113 157 133 55 0 0x1.0p1 -1 0 0
DOORGENERAL 4 6 -55 146 -39 146 -39 122 9 122 9 -18 -7 -18 -7 6 -55 4 41 -51 181 -35 181 -35 157 13 157 13 17 -3 17 -3 41 -51 1 0x1.ep1 2 4 41 -51 181 -35 146 -39 122 9 157 13 17 -3 17 -3 41 -51 2 0x1.75b3d73b9a11dp5 -0x1.92c6e016720cap5 0x1.75fffffffffffp6 -0x1.68p5 0x1.75fffffffffffp6 -0x1.68p5 0x1.18930a31197b8p7 -0x1.3d391fe98df36p5
DOORGENERAL 4 -73 -34 59 -10 59 -10 41 32 41 32 -91 8 -91 8 -73 -34 4 59 -10 191 14 191 14 173 56 173 56 41 32 41 32 59 -10 0 0x1.8p-1 1 4 59 -10 191 14 59 -10 41 32 173 56 41 32 41 32 59 -10 2 0x1.cf55724e81767p5 -0x1.de3b00641b4ep2 0x1.9p5 0x1.6p3 0x1.9p5 0x1.6p3 0x1.50aa8db17e899p5 0x1.d78ec01906d38p4
DOORGENERAL 4 -114 -89 2 -71 2 -71 -16 31 -16 31 -132 13 -132 13 -114 -89 4 -16 31 100 49 100 49 82 151 82 151 -34 133 -34 133 -16 31 1 0x1.cp2 0 4 -16 31 100 49 2 -71 -16 31 -16 31 -132 13 -34 133 -16 31 1 -0x1.0p4 0x1.fp4 -0x1.0p4 0x1.fp4
DOORGENERAL 4 -29 -27 79 -17 79 -17 67 87 67 87 -41 77 -41 77 -29 -27 4 187 -7 295 3 295 3 283 107 283 107 175 97 175 97 187 -7 1 0x1.8p-1 -1 0 0
DOORGENERAL 4 -9 -100 121 -86 121 -86 107 30 107 30 -23 16 -23 16 -9 -100 4 23 -97 153 -83 153 -83 139 33 139 33 9 19 9 19 23 -97 0 0x1.0p2 2 4 -9 -100 121 -86 121 -86 107 30 139 33 9 19 9 19 23 -97 1 0x1.04p6 -0x1.0cp5 0x1.04p6 -0x1.0cp5
DOORGENERAL 4 -56 0 26 22 26 22 6 120 6 120 -76 98 -76 98 -56 0 4 26 22 108 44 108 44 88 142 88 142 6 120 6 120 26 22 0 0x1.28p3 1 4 26 22 108 44 26 22 6 120 88 142 6 120 6 120 26 22 1 0x1.7c01d7b7ba7e4p4 0x1.082eaf7ddd7dep5 0x1.07fc50908b038p3 0x1.b3e8a84111411p6
DOORGENERAL 4 -33 -54 35 -44 35 -44 11 56 11 56 -57 46 -57 46 -33 -54 4 11 56 79 66 79 66 55 166 55 166 -13 156 -13 156 11 56 0 0x1.7p2 0 4 11 56 79 66 35 -44 11 56 11 56 -57 46 -13 156 11 56 1 0x1.6p3 0x1.cp5 0x1.6p3 0x1.cp5
DOORGENERAL 4 -101 -82 3 -56 3 -56 -13 50 -13 50 -117 24 -117 24 -101 -82 4 107 -30 211 -4 211 -4 195 102 195 102 91 76 91 76 107 -30 0 0x1.6p2 -1 0 0
DOORGENERAL 4 -41 -28 69 -8 69 -8 47 108 47 108 -63 88 -63 88 -41 -28 4 -14 -23 96 -3 96 -3 74 113 74 113 -36 93 -36 93 -14 -23 1 0x1.ap2 2 4 -14 -23 96 -3 69 -8 47 108 47 108 -63 88 -36 93 -14 -23 2 0x1.f6d3513b3c873p5 -0x1.030ee131a87bcp1 0x1.07ffffffffffep4 0x1.53fffffffffffp5 0x1.07ffffffffffep4 0x1.53fffffffffffp5 -0x1.dda6a276790e8p4 0x1.5c1877098d43dp6
DOORGENERAL 4 -40 -127 108 -115 108 -115 84 -9 84 -9 -64 -21 -64 -21 -40 -127 4 108 -115 256 -103 256 -103 232 3 232 3 84 -9 84 -9 108 -115 0 0x1.28p3 1 4 108 -115 256 -103 108 -115 84 -9 232 3 84 -9 84 -9 108 -115 1 0x1.a61016a6c2db9p6 -0x1.a01c640b31f44p6 0x1.59efe9593d248p6 -0x1.3f8e6fd3382fp4
DOORGENERAL 4 -34 -62 28 -38 28 -38 16 80 16 80 -46 56 -46 56 -34 -62 4 16 80 78 104 78 104 66 222 66 222 4 198 4 198 16 80 0 0x1.0p-2 0 4 16 80 78 104 28 -38 16 80 16 80 -46 56 4 198 16 80 1 0x1.0p4 0x1.4p6 0x1.0p4 0x1.4p6
DOORGENERAL 4 -48 -91 10 -79 10 -79 -4 13 -4 13 -62 1 -62 1 -48 -91 4 68 -67 126 -55 126 -55 112 37 112 37 54 25 54 25 68 -67 0 0x1.9p2 -1 0 0
DOORGENERAL 4 -71 -47 49 -31 49 -31 25 35 25 35 -95 19 -95 19 -71 -47 4 -41 -43 79 -27 79 -27 55 39 55 39 -65 23 -65 23 -41 -43 1 0x1.cp2 2 4 -41 -43 79 -27 49 -31 25 35 55 39 -65 23 -65 23 -41 -43 2 -0x1.00a1aff529585p5 -0x1.4e7bf553e3612p5 0x1.0000000000008p2 -0x1.28p5 0x1.0000000000008p2 -0x1.28p5 0x1.40a1aff529586p5 -0x1.01840aac1c9eep5
DOORGENERAL 4 -117 -143 -21 -123 -21 -123 -29 -1 -29 -1 -125 -21 -125 -21 -117 -143 4 -21 -123 75 -103 75 -103 67 19 67 19 -29 -1 -29 -1 -21 -123 0 0x1.08p3 1 4 -21 -123 75 -103 -21 -123 -29 -1 67 19 -29 -1 -29 -1 -21 -123 2 -0x1.5abb26359e926p4 -0x1.c3167e5393721p6 -0x1.9p4 -0x1.f000000000001p5 -0x1.9p4 -0x1.f000000000001p5 -0x1.c544d9ca616dap4 -0x1.674c0d63646f8p3
DOORGENERAL 4 -17 -79 97 -67 97 -67 89 1 89 1 -25 -11 -25 -11 -17 -79 4 89 1 203 13 203 13 195 81 195 81 81 69 81 69 89 1 1 0x1.4p3 0 4 89 1 203 13 97 -67 89 1 89 1 -25 -11 81 69 89 1 1 0x1.64p6 0x1.0p0 0x1.64p6 0x1.0p0
DOORGENERAL 4 -73 -58 23 -44 23 -44 -3 -4 -3 -4 -99 -18 -99 -18 -73 -58 4 119 -30 215 -16 215 -16 189 24 189 24 93 10 93 10 119 -30 1 0x1.0p1 -1 0 0
DOORGENERAL 4 -25 35 117 59 117 59 99 101 99 101 -43 77 -43 77 -25 35 4 10 41 152 65 152 65 134 107 134 107 -8 83 -8 83 10 41 0 0x1.4p0 2 4 10 41 152 65 117 59 99 101 99 101 -43 77 -8 83 10 41 1 0x1.b3fffffffffffp5 0x1.1cp6 0x1.b3fffffffffffp5 0x1.1cp6
DOORGENERAL 4 -84 -6 -34 14 -34 14 -48 58 -48 58 -98 38 -98 38 -84 -6 4 -34 14 16 34 16 34 2 78 2 78 -48 58 -48 58 -34 14 0 0x1.0p-2 1 4 -34 14 16 34 -34 14 -48 58 2 78 -48 58 -48 58 -34 14 3 -0x1.157529968093dp5 0x1.024e29fb28337p4 -0x1.37270ddcd586ap5 0x1.d61a0dfe62bbdp4 -0x1.37270ddcd586ap5 0x1.d61a0dfe62bbdp4 -0x1.58d8f2232a796p5 0x1.54f2f900cea22p5 -0x1.58d8f2232a796p5 0x1.54f2f900cea22p5 -0x1.7a8ad6697f6c3p5 0x1.bed8eb026be64p5
DOORGENERAL 4 -27 -102 105 -94 105 -94 79 -20 79 -20 -53 -28 -53 -28 -27 -102 4 79 -20 211 -12 211 -12 185 62 185 62 53 54 53 54 79 -20 0 0x1.6p2 0 4 79 -20 211 -12 105 -94 79 -20 79 -20 -53 -28 53 54 79 -20 1 0x1.3cp6 -0x1.4p4 0x1.3cp6 -0x1.4p4
DOORGENERAL 4 35 6 99 26 99 26 91 94 91 94 27 74 27 74 35 6 4 163 46 227 66 227 66 219 134 219 134 155 114 155 114 163 46 0 0x1.28p3 -1 0 0
DOORGENERAL 4 11 10 107 34 107 34 93 132 93 132 -3 108 -3 108 11 10 4 35 16 131 40 131 40 117 138 117 138 21 114 21 114 35 16 0 0x1.28p3 2 4 35 16 131 40 107 34 93 132 117 138 21 114 21 114 35 16 1 0x1.0p6 0x1.28p6 0x1.0p6 0x1.28p6
DOORGENERAL 4 -95 16 41 34 41 34 29 104 29 104 -107 86 -107 86 -95 16 4 41 34 177 52 177 52 165 122 165 122 29 104 29 104 41 34 0 0x1.8p1 1 4 41 34 177 52 41 34 29 104 165 122 29 104 29 104 41 34 2 0x1.413dcf7f1ba94p5 0x1.376cc59a894f7p5 0x1.18p5 0x1.14p6 0x1.18p5 0x1.14p6 0x1.dd846101c8ad8p4 0x1.8c499d32bb585p6
DOORGENERAL 4 -114 1 -32 9 -32 9 -46 111 -46 111 -128 103 -128 103 -114 1 4 -46 111 36 119 36 119 22 221 22 221 -60 213 -60 213 -46 111 0 0x1.2p3 0 4 -46 111 36 119 -32 9 -46 111 -46 111 -128 103 -60 213 -46 111 1 -0x1.7p5 0x1.bcp6 -0x1.7p5 0x1.bcp6
DOORGENERAL 4 -15 -19 45 -3 45 -3 23 109 23 109 -37 93 -37 93 -15 -19 4 105 13 165 29 165 29 143 141 143 141 83 125 83 125 105 13 0 0x1.1p2 -1 0 0
DOORGENERAL 4 -79 -25 -23 -15 -23 -15 -31 35 -31 35 -87 25 -87 25 -79 -25 4 -65 -23 -9 -13 -9 -13 -17 37 -17 37 -73 27 -73 27 -65 -23 0 0x1.3p3 2 4 -79 -25 -23 -15 -23 -15 -31 35 -17 37 -73 27 -73 27 -65 -23 1 -0x1.8p5 0x1.8p2 -0x1.8p5 0x1.8p2
DOORGENERAL 4 0 -10 58 0 58 0 46 44 46 44 -12 34 -12 34 0 -10 4 58 0 116 10 116 10 104 54 104 54 46 44 46 44 58 0 0 0x1.38p3 1 4 58 0 116 10 58 0 46 44 104 54 46 44 46 44 58 0 1 0x1.b74457be44c42p5 0x1.6ac04e6eba195p3 0x1.88bba841bb3bep5 0x1.054fec645179bp5
DOORGENERAL 4 -63 -89 -13 -71 -13 -71 -25 45 -25 45 -75 27 -75 27 -63 -89 4 -25 45 25 63 25 63 13 179 13 179 -37 161 -37 161 -25 45 1 0x1.8p-1 0 4 -25 45 25 63 -13 -71 -25 45 -25 45 -75 27 -37 161 -25 45 1 -0x1.9p4 0x1.68p5 -0x1.9p4 0x1.68p5
DOORGENERAL 4 -106 -110 -6 -98 -6 -98 -12 -40 -12 -40 -112 -52 -112 -52 -106 -110 4 94 -86 194 -74 194 -74 188 -16 188 -16 88 -28 88 -28 94 -86 0 0x1.4p3 -1 0 0
DOORGENERAL 4 -17 -51 77 -41 77 -41 55 77 55 77 -39 67 -39 67 -17 -51 4 6 -49 100 -39 100 -39 78 79 78 79 -16 69 -16 69 6 -49 1 0x1.0p3 2 4 -17 -51 77 -41 77 -41 55 77 78 79 -16 69 -16 69 6 -49 2 0x1.32691b6a4f47bp3 -0x1.3a09561643fe4p5 0x1.e8p4 0x1.c000000000008p3 0x1.e8p4 0x1.c000000000008p3 0x1.9b65b9256c2e1p5 0x1.0d04ab0b21ff4p6
DOORGENERAL 4 -111 -114 -1 -90 -1 -90 -21 36 -21 36 -131 12 -131 12 -111 -114 4 -1 -90 109 -66 109 -66 89 60 89 60 -21 36 -21 36 -1 -90 0 0x1.0p2 1 4 -1 -90 109 -66 -1 -90 -21 36 89 60 -21 36 -21 36 -1 -90 3 -0x1.f0cb81b47f66dp0 -0x1.504bf7a1d50f1p6 -0x1.febba0245ff33p2 -0x1.7032a5168e0a1p5 -0x1.febba0245ff33p2 -0x1.7032a5168e0a1p5 -0x1.c0a22fedd0066p3 -0x1.fe6ad74b8fbp2 -0x1.c0a22fedd0066p3 -0x1.fe6ad74b8fbp2 -0x1.40f347e4b8099p4 0x1.e12fde87543c4p4
DOORGENERAL 4 -113 11 1 17 1 17 -17 91 -17 91 -131 85 -131 85 -113 11 4 -17 91 97 97 97 97 79 171 79 171 -35 165 -35 165 -17 91 0 0x1.cp2 0 4 -17 91 97 97 1 17 -17 91 -17 91 -131 85 -35 165 -17 91 1 -0x1.1p4 0x1.6cp6 -0x1.1p4 0x1.6cp6
DOORGENERAL 4 2 18 68 32 68 32 48 128 48 128 -18 114 -18 114 2 18 4 134 46 200 60 200 60 180 156 180 156 114 142 114 142 134 46 1 0x1.0p-1 -1 0 0
DOORGENERAL 4 -13 -54 57 -34 57 -34 45 18 45 18 -25 -2 -25 -2 -13 -54 4 4 -49 74 -29 74 -29 62 23 62 23 -8 3 -8 3 4 -49 0 0x1.18p3 2 4 4 -49 74 -29 57 -34 45 18 45 18 -25 -2 -8 3 4 -49 1 0x1.87fffffffffffp4 -0x1.fp3 0x1.87fffffffffffp4 -0x1.fp3
DOORGENERAL 4 -15 -45 45 -39 45 -39 27 89 27 89 -33 83 -33 83 -15 -45 4 45 -39 105 -33 105 -33 87 95 87 95 27 89 27 89 45 -39 1 0x1.0p-1 1 4 45 -39 105 -33 45 -39 27 89 87 95 27 89 27 89 45 -39 6 0x1.653703e84a9e1p5 -0x1.2431e2e5a0d6p5 0x1.4e24ad4587141p5 -0x1.004283dcd672bp4 0x1.4e24ad4587141p5 -0x1.004283dcd672bp4 0x1.371256a2c38ap5 0x1.1f7af846531a8p2 0x1.371256a2c38ap5 0x1.1f7af846531a8p2 0x1.2p5 0x1.9p4 0x1.2p5 0x1.9p4 0x1.08eda95d3c75fp5 0x1.6c10a0f7359cap5 0x1.08eda95d3c75fp5 0x1.6c10a0f7359cap5 0x1.e3b6a574f1d7ep4 0x1.0810a0f7359cap6 0x1.e3b6a574f1d7ep4 0x1.0810a0f7359cap6 0x1.b591f82f6ac3dp4 0x1.5a18f172d06bp6
DOORGENERAL 4 16 -25 158 -7 158 -7 134 79 134 79 -8 61 -8 61 16 -25 4 134 79 276 97 276 97 252 183 252 183 110 165 110 165 134 79 0 0x1.0p-2 0 4 134 79 276 97 158 -7 134 79 134 79 -8 61 110 165 134 79 1 0x1.0cp7 0x1.3cp6 0x1.0cp7 0x1.3cp6
DOORGENERAL 4 -113 -13 33 11 33 11 23 105 23 105 -123 81 -123 81 -113 -13 4 179 35 325 59 325 59 315 153 315 153 169 129 169 129 179 35 0 0x1.9p2 -1 0 0
DOORGENERAL 4 22 22 116 46 116 46 92 138 92 138 -2 114 -2 114 22 22 4 45 28 139 52 139 52 115 144 115 144 21 120 21 120 45 28 1 0x1.6p2 2 4 45 28 139 52 116 46 92 138 92 138 -2 114 21 120 45 28 2 0x1.b82f561c58fcfp6 0x1.95c4e72474be6p5 0x1.12p6 0x1.4cp6 0x1.12p6 0x1.4cp6 0x1.af42a78e9c0cp4 0x1.cd1d8c6dc5a0dp6
DOORGENERAL 4 -75 -79 -19 -71 -19 -71 -43 27 -43 27 -99 19 -99 19 -75 -79 4 -19 -71 37 -63 37 -63 13 35 13 35 -43 27 -43 27 -19 -71 1 0x1.bp2 1 4 -19 -71 37 -63 -19 -71 -43 27 13 35 -43 27 -43 27 -19 -71 2 -0x1.514d371b577fap4 -0x1.f4025a282d5b6p5 -0x1.fp4 -0x1.6p4 -0x1.fp4 -0x1.6p4 -0x1.4759647254403p5 0x1.2804b4505ab6cp4
DOORGENERAL 4 -53 -101 17 -89 17 -89 -9 3 -9 3 -79 -9 -79 -9 -53 -101 4 -9 3 61 15 61 15 35 107 35 107 -35 95 -35 95 -9 3 1 0x1.4p0 0 4 -9 3 61 15 17 -89 -9 3 -9 3 -79 -9 -35 95 -9 3 1 -0x1.2p3 0x1.8p1 -0x1.2p3 0x1.8p1
DOORGENERAL 4 -97 -115 -19 -93 -19 -93 -29 -17 -29 -17 -107 -39 -107 -39 -97 -115 4 59 -71 137 -49 137 -49 127 27 127 27 49 5 49 5 59 -71 0 0x1.28p3 -1 0 0
DOORGENERAL 4 35 -61 133 -35 133 -35 123 25 123 25 25 -1 25 -1 35 -61 4 59 -55 157 -29 157 -29 147 31 147 31 49 5 49 5 59 -55 1 0x1.0p3 2 4 35 -61 133 -35 133 -35 123 25 147 31 49 5 49 5 59 -55 2 0x1.04ea654309752p6 -0x1.76fa2f688b1fap5 0x1.6cp6 -0x1.ep3 0x1.6cp6 -0x1.ep3 0x1.d3159abcf68aep6 0x1.0df45ed1163f4p4
DOORGENERAL 4 -109 -37 -29 -19 -29 -19 -43 37 -43 37 -123 19 -123 19 -109 -37 4 -29 -19 51 -1 51 -1 37 55 37 55 -43 37 -43 37 -29 -19 1 0x1.9p2 1 4 -29 -19 51 -1 -29 -19 -43 37 37 55 -43 37 -43 37 -29 -19 1 -0x1.f003c38b19449p4 -0x1.5fe1e3a735db5p3 -0x1.47fe1e3a735dbp5 0x1.cff0f1d39aedap4
DOORGENERAL 4 -40 -67 46 -55 46 -55 26 27 26 27 -60 15 -60 15 -40 -67 4 26 27 112 39 112 39 92 121 92 121 6 109 6 109 26 27 0 0x1.fp2 0 4 26 27 112 39 46 -55 26 27 26 27 -60 15 6 109 26 27 1 0x1.ap4 0x1.bp4 0x1.ap4 0x1.bp4
DOORGENERAL 4 -57 -39 25 -29 25 -29 19 43 19 43 -63 33 -63 33 -57 -39 4 107 -19 189 -9 189 -9 183 63 183 63 101 53 101 53 107 -19 1 0x1.0p3 -1 0 0
DOORGENERAL 4 -12 -45 76 -35 76 -35 60 29 60 29 -28 19 -28 19 -12 -45 4 10 -43 98 -33 98 -33 82 31 82 31 -6 21 -6 21 10 -43 1 0x1.2p1 2 4 -12 -45 76 -35 76 -35 60 29 82 31 -6 21 -6 21 10 -43 3 0x1.8aa6609510a8ap3 -0x1.385a657039002p5 0x1.b71bbac382c6dp4 -0x1.1ae6ee4ad0aacp4 0x1.b71bbac382c6dp4 -0x1.1ae6ee4ad0aacp4 0x1.5472229e3e9cap5 0x1.d73772568556p1 0x1.5472229e3e9cap5 0x1.d73772568556p1 0x1.cd5667dabbd5ep5 0x1.90b4cae072006p4
DOORGENERAL 4 1 -49 57 -25 57 -25 47 69 47 69 -9 45 -9 45 1 -49 4 57 -25 113 -1 113 -1 103 93 103 93 47 69 47 69 57 -25 1 0x1.4p1 1 4 57 -25 113 -1 57 -25 47 69 103 93 47 69 47 69 57 -25 3 0x1.c431136271538p5 -0x1.48676c6dec21fp4 0x1.ac105bcb7b1bdp5 0x1.f4cb6f6d6fd2cp2 0x1.ac105bcb7b1bdp5 0x1.f4cb6f6d6fd2cp2 0x1.93efa43484e42p5 0x1.216692125205ap5 0x1.93efa43484e42p5 0x1.216692125205ap5 0x1.7bceec9d8eac8p5 0x1.0219db1b7b087p6
DOORGENERAL 4 2 -53 118 -27 118 -27 112 23 112 23 -4 -3 -4 -3 2 -53 4 112 23 228 49 228 49 222 99 222 99 106 73 106 73 112 23 1 0x1.0p3 0 4 112 23 228 49 118 -27 112 23 112 23 -4 -3 106 73 112 23 1 0x1.cp6 0x1.7p4 0x1.cp6 0x1.7p4
DOORGENERAL 4 -34 12 56 32 56 32 32 140 32 140 -58 120 -58 120 -34 12 4 146 52 236 72 236 72 212 180 212 180 122 160 122 160 146 52 1 0x1.1p2 -1 0 0
DOORGENERAL 4 -99 -116 -21 -90 -21 -90 -43 -14 -43 -14 -121 -40 -121 -40 -99 -116 4 -80 -110 -2 -84 -2 -84 -24 -8 -24 -8 -102 -34 -102 -34 -80 -110 1 0x1.cp2 2 4 -99 -116 -21 -90 -21 -90 -43 -14 -24 -8 -102 -34 -102 -34 -80 -110 2 -0x1.33479f4c44eecp6 -0x1.953dc1bced7ap6 -0x1.ecp5 -0x1.fp5 -0x1.ecp5 -0x1.fp5 -0x1.7170c16776227p5 -0x1.6b08f90c4a18p4
DOORGENERAL 4 -103 16 -45 40 -45 40 -55 88 -55 88 -113 64 -113 64 -103 16 4 -45 40 13 64 13 64 3 112 3 112 -55 88 -55 88 -45 40 0 0x1.ep2 1 4 -45 40 13 64 -45 40 -55 88 3 112 -55 88 -55 88 -45 40 1 -0x1.7780224bba2p5 0x1.8a670b0517p5 -0x1.a87fddb445ep5 0x1.3acc7a7d748p6
DOORGENERAL 4 -41 -68 77 -44 77 -44 53 28 53 28 -65 4 -65 4 -41 -68 4 53 28 171 52 171 52 147 124 147 124 29 100 29 100 53 28 0 0x1.bp2 0 4 53 28 171 52 77 -44 53 28 53 28 -65 4 29 100 53 28 1 0x1.a8p5 0x1.cp4 0x1.a8p5 0x1.cp4
DOORGENERAL 4 -36 20 60 36 60 36 42 92 42 92 -54 76 -54 76 -36 20 4 156 52 252 68 252 68 234 124 234 124 138 108 138 108 156 52 0 0x1.0p3 -1 0 0
DOORGENERAL 4 -74 -5 42 17 42 17 22 133 22 133 -94 111 -94 111 -74 -5 4 -45 0 71 22 71 22 51 138 51 138 -65 116 -65 116 -45 0 0 0x1.0p-1 2 4 -74 -5 42 17 42 17 22 133 51 138 -65 116 -65 116 -45 0 1 -0x1.7p3 0x1.0ap6 -0x1.7p3 0x1.0ap6
DOORGENERAL 4 -74 -1 6 19 6 19 -2 97 -2 97 -82 77 -82 77 -74 -1 4 6 19 86 39 86 39 78 117 78 117 -2 97 -2 97 6 19 0 0x1.38p3 1 4 6 19 86 39 6 19 -2 97 78 117 -2 97 -2 97 6 19 1 0x1.33463813579e1p2 0x1.eb04d750da6ecp4 -0x1.9a31c09abcf08p-1 0x1.553eca2bc9645p6
DOORGENERAL 4 33 -35 85 -13 85 -13 61 55 61 55 9 33 9 33 33 -35 4 61 55 113 77 113 77 89 145 89 145 37 123 37 123 61 55 1 0x1.0p2 0 4 61 55 113 77 85 -13 61 55 61 55 9 33 37 123 61 55 1 0x1.e8p5 0x1.b8p5 0x1.e8p5 0x1.b8p5
DOORGENERAL 4 -80 -10 68 -4 68 -4 62 72 62 72 -86 66 -86 66 -80 -10 4 216 2 364 8 364 8 358 84 358 84 210 78 210 78 216 2 1 0x1.0p0 -1 0 0
DOORGENERAL 4 -73 -105 47 -87 47 -87 31 -31 31 -31 -89 -49 -89 -49 -73 -105 4 -43 -101 77 -83 77 -83 61 -27 61 -27 -59 -45 -59 -45 -43 -101 0 0x1.7p2 2 4 -73 -105 47 -87 47 -87 31 -31 61 -27 -59 -45 -59 -45 -43 -101 1 -0x1.8p2 -0x1.08p6 -0x1.8p2 -0x1.08p6
DOORGENERAL 4 -61 -4 81 6 81 6 67 128 67 128 -75 118 -75 118 -61 -4 4 81 6 223 16 223 16 209 138 209 138 67 128 67 128 81 6 0 0x1.0p1 1 4 81 6 223 16 81 6 67 128 209 138 67 128 67 128 81 6 4 0x1.422d08239a7bcp6 0x1.3f2a5ae037728p3 0x1.35168411cd3dep6 0x1.33e54b5c06ee5p5 0x1.35168411cd3dep6 0x1.33e54b5c06ee5p5 0x1.28p6 0x1.0cp6 0x1.28p6 0x1.0cp6 0x1.1ae97bee32c22p6 0x1.7e0d5a51fc88ep6 0x1.1ae97bee32c22p6 0x1.7e0d5a51fc88ep6 0x1.0dd2f7dc65844p6 0x1.f01ab4a3f911bp6
DOORGENERAL 4 -59 -23 31 -1 31 -1 17 65 17 65 -73 43 -73 43 -59 -23 4 17 65 107 87 107 87 93 153 93 153 3 131 3 131 17 65 0 0x1.7p2 0 4 17 65 107 87 31 -1 17 65 17 65 -73 43 3 131 17 65 1 0x1.1p4 0x1.04p6 0x1.1p4 0x1.04p6
DOORGENERAL 4 -27 -14 65 -8 65 -8 53 48 53 48 -39 42 -39 42 -27 -14 4 157 -2 249 4 249 4 237 60 237 60 145 54 145 54 157 -2 1 0x1.9p2 -1 0 0
DOORGENERAL 4 -21 -62 81 -38 81 -38 73 78 73 78 -29 54 -29 54 -21 -62 4 4 -56 106 -32 106 -32 98 84 98 84 -4 60 -4 60 4 -56 0 0x1.1p3 2 4 4 -56 106 -32 81 -38 73 78 73 78 -29 54 -4 60 4 -56 1 0x1.34p5 0x1.6000000000001p3 0x1.34p5 0x1.6000000000001p3
DOORGENERAL 4 -43 -111 25 -93 25 -93 19 -35 19 -35 -49 -53 -49 -53 -43 -111 4 25 -93 93 -75 93 -75 87 -17 87 -17 19 -35 19 -35 25 -93 1 0x1.bp2 1 4 25 -93 93 -75 25 -93 19 -35 87 -17 19 -35 19 -35 25 -93 1 0x1.8198182c3e391p4 -0x1.512f8fc04109ep6 0x1.3e67e7d3c1c6fp4 -0x1.5da0e07f7dec4p5
DOORGENERAL 4 -82 -17 -24 5 -24 5 -48 87 -48 87 -106 65 -106 65 -82 -17 4 -48 87 10 109 10 109 -14 191 -14 191 -72 169 -72 169 -48 87 1 0x1.ap2 0 4 -48 87 10 109 -24 5 -48 87 -48 87 -106 65 -72 169 -48 87 1 -0x1.8p5 0x1.5cp6 -0x1.8p5 0x1.5cp6
DOORGENERAL 4 -35 -7 31 13 31 13 13 135 13 135 -53 115 -53 115 -35 -7 4 97 33 163 53 163 53 145 175 145 175 79 155 79 155 97 33 0 0x1.0p-1 -1 0 0
DOORGENERAL 4 -99 -93 -5 -73 -5 -73 -31 43 -31 43 -125 23 -125 23 -99 -93 4 -76 -88 18 -68 18 -68 -8 48 -8 48 -102 28 -102 28 -76 -88 1 0x1.08p3 2 4 -76 -88 18 -68 -5 -73 -31 43 -31 43 -125 23 -102 28 -76 -88 2 -0x1.841c1d9891a9ap3 -0x1.060b7281aeebcp6 -0x1.acp5 -0x1.68p4 -0x1.acp5 -0x1.68p4 -0x1.7b7c7c4cedcadp6 0x1.482dca06bbafp4
DOORGENERAL 4 8 -91 78 -65 78 -65 68 41 68 41 -2 15 -2 15 8 -91 4 78 -65 148 -39 148 -39 138 67 138 67 68 41 68 41 78 -65 1 0x1.28p3 1 4 78 -65 148 -39 78 -65 68 41 138 67 68 41 68 41 78 -65 1 0x1.33c602ff7186cp6 -0x1.ae65d92766c1cp5 0x1.1439fd008e794p6 0x1.dccbb24ecd838p4
DOORGENERAL 4 -11 17 43 37 43 37 31 111 31 111 -23 91 -23 91 -11 17 4 31 111 85 131 85 131 73 205 73 205 19 185 19 185 31 111 1 0x1.fp2 0 4 31 111 85 131 43 37 31 111 31 111 -23 91 19 185 31 111 1 0x1.fp4 0x1.bcp6 0x1.fp4 0x1.bcp6
DOORGENERAL 4 -65 -25 15 -5 15 -5 -9 101 -9 101 -89 81 -89 81 -65 -25 4 95 15 175 35 175 35 151 141 151 141 71 121 71 121 95 15 0 0x1.2p1 -1 0 0
DOORGENERAL 4 -43 -113 23 -91 23 -91 -3 -39 -3 -39 -69 -61 -69 -61 -43 -113 4 -27 -108 39 -86 39 -86 13 -34 13 -34 -53 -56 -53 -56 -27 -108 1 0x1.2p1 2 4 -43 -113 23 -91 23 -91 -3 -39 13 -34 -53 -56 -53 -56 -27 -108 2 -0x1.9b8ac148cc6e5p4 -0x1.9ed611f0a516p6 -0x1.dffffffffffffp3 -0x1.26p6 -0x1.dffffffffffffp3 -0x1.26p6 -0x1.11d4fadcce468p2 -0x1.5a53dc1eb5d42p5
DOORGENERAL 4 -49 -90 57 -84 57 -84 33 -12 33 -12 -73 -18 -73 -18 -49 -90 4 57 -84 163 -78 163 -78 139 -6 139 -6 33 -12 33 -12 57 -84 0 0x1.4p3 1 4 57 -84 163 -78 57 -84 33 -12 139 -6 33 -12 33 -12 57 -84 1 0x1.a9a462ec93927p5 -0x1.22769462dd5bap6 0x1.265b9d136c6dap5 -0x1.7625ae748a918p4
DOORGENERAL 4 44 1 106 21 106 21 94 97 94 97 32 77 32 77 44 1 4 94 97 156 117 156 117 144 193 144 193 82 173 82 173 94 97 0 0x1.cp1 0 4 94 97 156 117 106 21 94 97 94 97 32 77 82 173 94 97 1 0x1.78p6 0x1.84p6 0x1.78p6 0x1.84p6
DOORGENERAL 4 -64 28 66 48 66 48 52 122 52 122 -78 102 -78 102 -64 28 4 196 68 326 88 326 88 312 162 312 162 182 142 182 142 196 68 0 0x1.9p2 -1 0 0
DOORGENERAL 4 -107 -85 43 -65 43 -65 25 17 25 17 -125 -3 -125 -3 -107 -85 4 -70 -80 80 -60 80 -60 62 22 62 22 -88 2 -88 2 -70 -80 1 0x1.4p1 2 4 -70 -80 80 -60 43 -65 25 17 25 17 -125 -3 -88 2 -70 -80 4 0x1.37d2d8195f7d4p5 -0x1.f71c8d61337f1p5 0x1.07a5b032befa8p3 -0x1.798e46b099bf8p5 0x1.07a5b032befa8p3 -0x1.798e46b099bf8p5 -0x1.68p4 -0x1.f7fffffffffffp4 -0x1.68p4 -0x1.f7fffffffffffp4 -0x1.a9e96c0cafbeap5 -0x1.f9c6e53d9901cp3 -0x1.a9e96c0cafbeap5 -0x1.f9c6e53d9901cp3 -0x1.4fe96c0cafbeap6 -0x1.c6e53d9901cp-4
DOORGENERAL 4 11 -6 131 4 131 4 111 64 111 64 -9 54 -9 54 11 -6 4 131 4 251 14 251 14 231 74 231 74 111 64 111 64 131 4 1 0x1.3p2 1 4 131 4 251 14 131 4 111 64 231 74 111 64 111 64 131 4 1 0x1.01bb1de944c09p7 0x1.4cea64431be3cp3 0x1.c489c42d767edp6 0x1.ccc566ef39072p5
DOORGENERAL 4 -91 -79 -37 -73 -37 -73 -43 39 -43 39 -97 33 -97 33 -91 -79 4 -43 39 11 45 11 45 5 157 5 157 -49 151 -49 151 -43 39 1 0x1.4p2 0 4 -43 39 11 45 -37 -73 -43 39 -43 39 -97 33 -49 151 -43 39 1 -0x1.58p5 0x1.38p5 -0x1.58p5 0x1.38p5
DOORGENERAL 4 13 4 121 24 121 24 103 78 103 78 -5 58 -5 58 13 4 4 229 44 337 64 337 64 319 118 319 118 211 98 211 98 229 44 0 0x1.38p3 -1 0 0
DOORGENERAL 4 -114 15 32 33 32 33 20 75 20 75 -126 57 -126 57 -114 15 4 -78 19 68 37 68 37 56 79 56 79 -90 61 -90 61 -78 19 0 0x1.6p1 2 4 -114 15 32 33 32 33 20 75 56 79 -90 61 -90 61 -78 19 1 -0x1.dp4 0x1.78p5 -0x1.dp4 0x1.78p5
DOORGENERAL 4 -88 0 40 6 40 6 22 94 22 94 -106 88 -106 88 -88 0 4 40 6 168 12 168 12 150 100 150 100 22 94 22 94 40 6 1 0x1.cp1 1 4 40 6 168 12 40 6 22 94 150 100 22 94 22 94 40 6 2 0x1.372ebc9ea9fdep5 0x1.6c6e093691f08p3 0x1.fp4 0x1.9p5 0x1.fp4 0x1.9p5 0x1.71a286c2ac043p4 0x1.62723ed92dc1fp6
DOORGENERAL 4 -67 -134 39 -108 39 -108 31 -24 31 -24 -75 -50 -75 -50 -67 -134 4 31 -24 137 2 137 2 129 86 129 86 23 60 23 60 31 -24 1 0x1.8p0 0 4 31 -24 137 2 39 -108 31 -24 31 -24 -75 -50 23 60 31 -24 1 0x1.fp4 -0x1.8p4 0x1.fp4 -0x1.8p4
DOORGENERAL 4 -10 -85 50 -79 50 -79 26 -35 26 -35 -34 -41 -34 -41 -10 -85 4 110 -73 170 -67 170 -67 146 -23 146 -23 86 -29 86 -29 110 -73 1 0x1.3p3 -1 0 0
DOORGENERAL 4 -103 -97 39 -87 39 -87 19 -45 19 -45 -123 -55 -123 -55 -103 -97 4 -68 -95 74 -85 74 -85 54 -43 54 -43 -88 -53 -88 -53 -68 -95 1 0x1.0p-1 2 4 -103 -97 39 -87 39 -87 19 -45 54 -43 -88 -53 -88 -53 -68 -95 5 -0x1.0823344958961p6 -0x1.754df0a39f20fp6 -0x1.8b5d71f19d80ep5 -0x1.4ffb90622c47p6 -0x1.8b5d71f19d80ep5 -0x1.4ffb90622c47p6 -0x1.06747b5089d5ap5 -0x1.2aa93020b96dp6 -0x1.06747b5089d5ap5 -0x1.2aa93020b96dp6 -0x1.0317095eec54ep4 -0x1.0556cfdf46931p6 -0x1.0317095eec54ep4 -0x1.0556cfdf46931p6 0x1.aeb8f8cec07p-2 -0x1.c008df3ba7722p5 0x1.aeb8f8cec07p-2 -0x1.c008df3ba7722p5 0x1.108cd12562584p4 -0x1.75641eb8c1be3p5
DOORGENERAL 4 -33 -101 69 -85 69 -85 49 19 49 19 -53 3 -53 3 -33 -101 4 69 -85 171 -69 171 -69 151 35 151 35 49 19 49 19 69 -85 0 0x1.0p1 1 4 69 -85 171 -69 69 -85 49 19 151 35 49 19 49 19 69 -85 3 0x1.10fa7b27c567fp6 -0x1.4449b39b9c1c8p6 0x1.f0a6fcc52e455p5 -0x1.88312267bd685p5 0x1.f0a6fcc52e455p5 -0x1.88312267bd685p5 0x1.bf59033ad1babp5 -0x1.0f9dbb30852f4p4 0x1.bf59033ad1babp5 -0x1.0f9dbb30852f4p4 0x1.8e0b09b075302p5 0x1.e24d9cdce0e4p3
DOORGENERAL 4 -130 -143 -8 -121 -8 -121 -16 1 -16 1 -138 -21 -138 -21 -130 -143 4 -16 1 106 23 106 23 98 145 98 145 -24 123 -24 123 -16 1 1 0x1.28p3 0 4 -16 1 106 23 -8 -121 -16 1 -16 1 -138 -21 -24 123 -16 1 1 -0x1.0p4 0x1.0p0 -0x1.0p4 0x1.0p0
DOORGENERAL 4 -41 -88 39 -62 39 -62 21 26 21 26 -59 0 -59 0 -41 -88 4 119 -36 199 -10 199 -10 181 78 181 78 101 52 101 52 119 -36 0 0x1.9p2 -1 0 0
DOORGENERAL 4 -92 -77 26 -63 26 -63 14 43 14 43 -104 29 -104 29 -92 -77 4 -63 -74 55 -60 55 -60 43 46 43 46 -75 32 -75 32 -63 -74 0 0x1.ep1 2 4 -92 -77 26 -63 26 -63 14 43 43 46 -75 32 -75 32 -63 -74 1 -0x1.88p4 -0x1.fp3 -0x1.88p4 -0x1.fp3
DOORGENERAL 4 -54 2 56 28 56 28 46 82 46 82 -64 56 -64 56 -54 2 4 56 28 166 54 166 54 156 108 156 108 46 82 46 82 56 28 0 0x1.08p3 1 4 56 28 166 54 56 28 46 82 156 108 46 82 46 82 56 28 1 0x1.b111950e5a42cp5 0x1.30a10e4c1897ap5 0x1.7eee6af1a5bd4p5 0x1.1faf78d9f3b43p6
DOORGENERAL 4 -14 -121 62 -107 62 -107 48 -21 48 -21 -28 -35 -28 -35 -14 -121 4 48 -21 124 -7 124 -7 110 79 110 79 34 65 34 65 48 -21 0 0x1.18p3 0 4 48 -21 124 -7 62 -107 48 -21 48 -21 -28 -35 34 65 48 -21 1 0x1.8p5 -0x1.5p4 0x1.8p5 -0x1.5p4
DOORGENERAL 4 26 -102 102 -78 102 -78 76 20 76 20 0 -4 0 -4 26 -102 4 178 -54 254 -30 254 -30 228 68 228 68 152 44 152 44 178 -54 0 0x1.ap1 -1 0 0
DOORGENERAL 4 -123 -120 -11 -102 -11 -102 -19 -18 -19 -18 -131 -36 -131 -36 -123 -120 4 -95 -116 17 -98 17 -98 9 -14 9 -14 -103 -32 -103 -32 -95 -116 0 0x1.6p1 2 4 -123 -120 -11 -102 -11 -102 -19 -18 9 -14 -103 -32 -103 -32 -95 -116 1 -0x1.c8p5 -0x1.0cp6 -0x1.c8p5 -0x1.0cp6
DOORGENERAL 4 18 -60 84 -48 84 -48 74 6 74 6 8 -6 8 -6 18 -60 4 84 -48 150 -36 150 -36 140 18 140 18 74 6 74 6 84 -48 1 0x1.4p2 1 4 84 -48 150 -36 84 -48 74 6 140 18 74 6 74 6 84 -48 1 0x1.4ae6c8c037cbep6 -0x1.48efab4f27668p5 0x1.2d19373fc8342p6 -0x1.c4152c36266p-1
DOORGENERAL 4 -93 48 11 64 11 64 5 110 5 110 -99 94 -99 94 -93 48 4 5 110 109 126 109 126 103 172 103 172 -1 156 -1 156 5 110 0 0x1.bp2 0 4 5 110 109 126 11 64 5 110 5 110 -99 94 -1 156 5 110 1 0x1.4p2 0x1.b8p6 0x1.4p2 0x1.b8p6
DOORGENERAL 4 39 -49 101 -41 101 -41 87 25 87 25 25 17 25 17 39 -49 4 163 -33 225 -25 225 -25 211 41 211 41 149 33 149 33 163 -33 0 0x1.8p-1 -1 0 0
DOORGENERAL 4 -18 -17 40 -1 40 -1 28 55 28 55 -30 39 -30 39 -18 -17 4 -4 -13 54 3 54 3 42 59 42 59 -16 43 -16 43 -4 -13 1 0x1.ap1 2 4 -4 -13 54 3 40 -1 28 55 28 55 -30 39 -16 43 -4 -13 2 0x1.1eb07179e9f34p5 0x1.2e93c8544ea93p1 0x1.8p3 0x1.5p4 0x1.8p3 0x1.5p4 -0x1.7ac1c5e7a7cdp3 0x1.3d16c37abb157p5
DOORGENERAL 4 8 -126 74 -108 74 -108 66 -24 66 -24 0 -42 0 -42 8 -126 4 74 -108 140 -90 140 -90 132 -6 132 -6 66 -24 66 -24 74 -108 1 0x1.0p0 1 4 74 -108 140 -90 74 -108 66 -24 132 -6 66 -24 66 -24 74 -108 3 0x1.26dcbf187d978p6 -0x1.a40dd68126b7p6 0x1.1cf43fb2d487dp6 -0x1.3c049cd5b7925p6 0x1.1cf43fb2d487dp6 -0x1.3c049cd5b7925p6 0x1.130bc04d2b783p6 -0x1.a7f6c65490db4p5 0x1.130bc04d2b783p6 -0x1.a7f6c65490db4p5 0x1.092340e782688p6 -0x1.afc8a5fb6523cp4
DOORGENERAL 4 -108 -46 4 -36 4 -36 -4 50 -4 50 -116 40 -116 40 -108 -46 4 -4 50 108 60 108 60 100 146 100 146 -12 136 -12 136 -4 50 0 0x1.4p0 0 4 -4 50 108 60 4 -36 -4 50 -4 50 -116 40 -12 136 -4 50 1 -0x1.0p2 0x1.9p5 -0x1.0p2 0x1.9p5
DOORGENERAL 4 -87 -130 23 -118 23 -118 11 -2 11 -2 -99 -14 -99 -14 -87 -130 4 133 -106 243 -94 243 -94 231 22 231 22 121 10 121 10 133 -106 1 0x1.8p0 -1 0 0
DOORGENERAL 4 -52 -41 50 -17 50 -17 38 47 38 47 -64 23 -64 23 -52 -41 4 -27 -35 75 -11 75 -11 63 53 63 53 -39 29 -39 29 -27 -35 0 0x1.4p2 2 4 -27 -35 75 -11 50 -17 38 47 38 47 -64 23 -39 29 -27 -35 1 0x1.6p2 0x1.8000000000001p2 0x1.6p2 0x1.8000000000001p2
DOORGENERAL 4 27 -49 81 -31 81 -31 59 17 59 17 5 -1 5 -1 27 -49 4 81 -31 135 -13 135 -13 113 35 113 35 59 17 59 17 81 -31 1 0x1.08p3 1 4 81 -31 135 -13 81 -31 59 17 113 35 59 17 59 17 81 -31 1 0x1.32eacacae8ffdp6 -0x1.5ae9d28dc2e72p4 0x1.fa2a6a6a2e006p5 0x1.eba74a370b9c8p2
DOORGENERAL 4 -97 -26 33 -14 33 -14 9 112 9 112 -121 100 -121 100 -97 -26 4 9 112 139 124 139 124 115 250 115 250 -15 238 -15 238 9 112 1 0x1.bp2 0 4 9 112 139 124 33 -14 9 112 9 112 -121 100 -15 238 9 112 1 0x1.2p3 0x1.cp6 0x1.2p3 0x1.cp6
DOORGENERAL 4 -124 -55 -2 -39 -2 -39 -18 61 -18 61 -140 45 -140 45 -124 -55 4 120 -23 242 -7 242 -7 226 93 226 93 104 77 104 77 120 -23 1 0x1.4p0 -1 0 0
DOORGENERAL 4 -60 -68 26 -44 26 -44 2 6 2 6 -84 -18 -84 -18 -60 -68 4 -39 -62 47 -38 47 -38 23 12 23 12 -63 -12 -63 -12 -39 -62 1 0x1.28p3 2 4 -39 -62 47 -38 26 -44 2 6 2 6 -84 -18 -63 -12 -39 -62 1 0x1.eb186a2892ecfp3 -0x1.40bc8de1d8774p5 -0x1.a2c61a8a24bb4p5 -0x1.fd0dc8789e23p3
DOORGENERAL 4 -97 -29 -41 -5 -41 -5 -53 45 -53 45 -109 21 -109 21 -97 -29 4 -41 -5 15 19 15 19 3 69 3 69 -53 45 -53 45 -41 -5 1 0x1.ap1 1 4 -41 -5 15 19 -41 -5 -53 45 3 69 -53 45 -53 45 -41 -5 1 -0x1.51cd39da27677p5 0x1.ae376f485e2cp-4 -0x1.9e32c625d8988p5 0x1.3f28e4485bd0fp5
DOORGENERAL 4 -83 -21 23 -15 23 -15 9 71 9 71 -97 65 -97 65 -83 -21 4 9 71 115 77 115 77 101 163 101 163 -5 157 -5 157 9 71 1 0x1.8p2 0 4 9 71 115 77 23 -15 9 71 9 71 -97 65 -5 157 9 71 1 0x1.2p3 0x1.1cp6 0x1.2p3 0x1.1cp6
DOORGENERAL 4 -93 -11 57 -3 57 -3 35 87 35 87 -115 79 -115 79 -93 -11 4 207 5 357 13 357 13 335 103 335 103 185 95 185 95 207 5 0 0x1.4p3 -1 0 0
DOORGENERAL 4 23 -103 127 -77 127 -77 115 25 115 25 11 -1 11 -1 23 -103 4 49 -97 153 -71 153 -71 141 31 141 31 37 5 37 5 49 -97 0 0x1.0p1 2 4 23 -103 127 -77 127 -77 115 25 141 31 37 5 37 5 49 -97 1 0x1.48p6 -0x1.2000000000001p5 0x1.48p6 -0x1.2000000000001p5
DOORGENERAL 4 -47 -99 61 -89 61 -89 45 5 45 5 -63 -5 -63 -5 -47 -99 4 61 -89 169 -79 169 -79 153 15 153 15 45 5 45 5 61 -89 1 0x1.28p3 1 4 61 -89 169 -79 61 -89 45 5 153 15 45 5 45 5 61 -89 1 0x1.d8e5e72c61cb7p5 -0x1.37a357125f45ap6 0x1.771a18d39e349p5 -0x1.85ca8eda0ba6p2
DOORGENERAL 4 -118 -35 -2 -23 -2 -23 -10 85 -10 85 -126 73 -126 73 -118 -35 4 -10 85 106 97 106 97 98 205 98 205 -18 193 -18 193 -10 85 1 0x1.28p3 0 4 -10 85 106 97 -2 -23 -10 85 -10 85 -126 73 -18 193 -10 85 1 -0x1.4p3 0x1.54p6 -0x1.4p3 0x1.54p6
DOORGENERAL 4 -18 -72 38 -54 38 -54 30 -12 30 -12 -26 -30 -26 -30 -18 -72 4 94 -36 150 -18 150 -18 142 24 142 24 86 6 86 6 94 -36 1 0x1.ap1 -1 0 0
DOORGENERAL 4 -65 -81 19 -65 19 -65 -5 21 -5 21 -89 5 -89 5 -65 -81 4 -44 -77 40 -61 40 -61 16 25 16 25 -68 9 -68 9 -44 -77 1 0x1.1p3 2 4 -44 -77 40 -61 19 -65 -5 21 16 25 -68 9 -68 9 -44 -77 1 -0x1.0d7bca9d9fbd6p5 -0x1.2c242bad7ced7p6 0x1.15ef2a767ef58p3 -0x1.0bdbd45283129p6
DOORGENERAL 4 -115 -95 35 -85 35 -85 11 -25 11 -25 -139 -35 -139 -35 -115 -95 4 35 -85 185 -75 185 -75 161 -15 161 -15 11 -25 11 -25 35 -85 1 0x1.cp1 1 4 35 -85 185 -75 35 -85 11 -25 161 -15 11 -25 11 -25 35 -85 2 0x1.07a8a7c9b4df1p5 -0x1.3f92d1bc2216dp6 0x1.7p4 -0x1.b7fffffffffffp5 0x1.7p4 -0x1.b7fffffffffffp5 0x1.a15d60d92c83cp3 -0x1.e1b4b90f77a4ap4
DOORGENERAL 4 -14 -110 66 -90 66 -90 48 -6 48 -6 -32 -26 -32 -26 -14 -110 4 48 -6 128 14 128 14 110 98 110 98 30 78 30 78 48 -6 1 0x1.3p3 0 4 48 -6 128 14 66 -90 48 -6 48 -6 -32 -26 30 78 48 -6 1 0x1.8p5 -0x1.8p2 0x1.8p5 -0x1.8p2
DOORGENERAL 4 33 -82 119 -58 119 -58 113 62 113 62 27 38 27 38 33 -82 4 205 -34 291 -10 291 -10 285 110 285 110 199 86 199 86 205 -34 1 0x1.4p2 -1 0 0
DOORGENERAL 4 -48 9 90 15 90 15 74 59 74 59 -64 53 -64 53 -48 9 4 -14 10 124 16 124 16 108 60 108 60 -30 54 -30 54 -14 10 1 0x1.18p3 2 4 -48 9 90 15 90 15 74 59 108 60 -30 54 -30 54 -14 10 1 -0x1.2e989d113e516p2 0x1.f373e266ff33ap3 0x1.02e989d113e51p6 0x1.ab23076640331p5
DOORGENERAL 4 -47 -18 103 -6 103 -6 85 82 85 82 -65 70 -65 70 -47 -18 4 103 -6 253 6 253 6 235 94 235 94 85 82 85 82 103 -6 1 0x0.0p0 1 4 103 -6 253 6 103 -6 85 82 235 94 85 82 85 82 103 -6 5 0x1.9a6596a87bffap6 -0x1.0298b37b38c58p2 0x1.8ca35a651733p6 0x1.98d2308e3bc4ap3 0x1.8ca35a651733p6 0x1.98d2308e3bc4ap3 0x1.7ee11e21b2665p6 0x1.d9785d6d09f6p4 0x1.7ee11e21b2665p6 0x1.d9785d6d09f6p4 0x1.711ee1de4d99bp6 0x1.7343d1497b04dp5 0x1.711ee1de4d99bp6 0x1.7343d1497b04dp5 0x1.635ca59ae8cdp6 0x1.f9cb73dc710ebp5 0x1.635ca59ae8cdp6 0x1.f9cb73dc710ebp5 0x1.559a695784006p6 0x1.40298b37b38c5p6
DOORGENERAL 4 -115 25 35 47 35 47 15 123 15 123 -135 101 -135 101 -115 25 4 15 123 165 145 165 145 145 221 145 221 -5 199 -5 199 15 123 0 0x1.4p3 0 4 15 123 165 145 35 47 15 123 15 123 -135 101 -5 199 15 123 1 0x1.ep3 0x1.ecp6 0x1.ep3 0x1.ecp6
DOORGENERAL 4 -56 23 70 33 70 33 44 85 44 85 -82 75 -82 75 -56 23 4 196 43 322 53 322 53 296 105 296 105 170 95 170 95 196 43 0 0x1.fp2 -1 0 0
DOORGENERAL 4 -91 -96 -5 -74 -5 -74 -23 38 -23 38 -109 16 -109 16 -91 -96 4 -70 -91 16 -69 16 -69 -2 43 -2 43 -88 21 -88 21 -70 -91 1 0x1.0p3 2 4 -91 -96 -5 -74 -5 -74 -23 38 -2 43 -88 21 -88 21 -70 -91 2 -0x1.0a709116a325cp6 -0x1.4505cb8a6bfcep6 -0x1.74p5 -0x1.a8p4 -0x1.74p5 -0x1.a8p4 -0x1.a63dbba57369p4 0x1.c4172e29aff38p4
DOORGENERAL 4 -7 -111 57 -103 57 -103 49 -45 49 -45 -15 -53 -15 -53 -7 -111 4 57 -103 121 -95 121 -95 113 -37 113 -37 49 -45 49 -45 57 -103 1 0x1.38p3 1 4 57 -103 121 -95 57 -103 49 -45 113 -37 49 -45 49 -45 57 -103 1 0x1.bb27f52a3546p5 -0x1.6d70d8b9011dcp6 0x1.94d80ad5cabap5 -0x1.c51e4e8dfdc48p5
DOORGENERAL 4 -75 -122 49 -96 49 -96 27 -24 27 -24 -97 -50 -97 -50 -75 -122 4 27 -24 151 2 151 2 129 74 129 74 5 48 5 48 27 -24 0 0x1.8p2 0 4 27 -24 151 2 49 -96 27 -24 27 -24 -97 -50 5 48 27 -24 1 0x1.bp4 -0x1.8p4 0x1.bp4 -0x1.8p4
DOORGENERAL 4 -98 -114 -26 -96 -26 -96 -36 14 -36 14 -108 -4 -108 -4 -98 -114 4 46 -78 118 -60 118 -60 108 50 108 50 36 32 36 32 46 -78 1 0x1.bp2 -1 0 0
DOORGENERAL 4 44 -27 140 -11 140 -11 114 71 114 71 18 55 18 55 44 -27 4 68 -23 164 -7 164 -7 138 75 138 75 42 59 42 59 68 -23 1 0x1.4p3 2 4 68 -23 164 -7 140 -11 114 71 138 75 42 59 42 59 68 -23 1 0x1.3f58cefc37f1cp6 -0x1.506f7602855eep4 0x1.00539881e4072p7 -0x1.9f2113faf5425p3
DOORGENERAL 4 31 -22 151 -10 151 -10 125 30 125 30 5 18 5 18 31 -22 4 151 -10 271 2 271 2 245 42 245 42 125 30 125 30 151 -10 0 0x1.4p3 1 4 151 -10 271 2 151 -10 125 30 245 42 125 30 125 30 151 -10 1 0x1.20eb977163cd2p7 0x1.f65c7b53aap-5 0x1.0714688e9c32ep7 0x1.3f04d1c2562bp4
DOORGENERAL 4 -47 -29 81 -9 81 -9 71 121 71 121 -57 101 -57 101 -47 -29 4 71 121 199 141 199 141 189 271 189 271 61 251 61 251 71 121 1 0x1.4p0 0 4 71 121 199 141 81 -9 71 121 71 121 -57 101 61 251 71 121 1 0x1.1cp6 0x1.e4p6 0x1.1cp6 0x1.e4p6
DOORGENERAL 4 -67 0 67 20 67 20 61 134 61 134 -73 114 -73 114 -67 0 4 201 40 335 60 335 60 329 174 329 174 195 154 195 154 201 40 0 0x1.18p3 -1 0 0
DOORGENERAL 4 -66 18 50 24 50 24 26 88 26 88 -90 82 -90 82 -66 18 4 -37 19 79 25 79 25 55 89 55 89 -61 83 -61 83 -37 19 1 0x1.28p3 2 4 -66 18 50 24 50 24 26 88 55 89 -61 83 -61 83 -37 19 1 -0x1.d83f0dbe146c1p4 0x1.bb8cdd4348545p4 0x1.283f0dbe146c2p4 0x1.3d1cc8af2debp6
DOORGENERAL 4 -8 -53 108 -29 108 -29 82 33 82 33 -34 9 -34 9 -8 -53 4 108 -29 224 -5 224 -5 198 57 198 57 82 33 82 33 108 -29 1 0x1.ep2 1 4 108 -29 224 -5 108 -29 82 33 198 57 82 33 82 33 108 -29 1 0x1.a14dec42be7a5p6 -0x1.43d3927ca2b62p4 0x1.56b213bd4185bp6 0x1.83d3927ca2b62p4
DOORGENERAL 4 -45 -71 91 -61 91 -61 79 33 79 33 -57 23 -57 23 -45 -71 4 79 33 215 43 215 43 203 137 203 137 67 127 67 127 79 33 0 0x0.0p0 0 4 79 33 215 43 91 -61 79 33 79 33 -57 23 67 127 79 33 1 0x1.3cp6 0x1.08p5 0x1.3cp6 0x1.08p5
DOORGENERAL 4 13 -51 121 -45 121 -45 103 37 103 37 -5 31 -5 31 13 -51 4 229 -39 337 -33 337 -33 319 49 319 49 211 43 211 43 229 -39 0 0x1.ep2 -1 0 0
DOORGENERAL 4 10 -45 152 -35 152 -35 128 77 128 77 -14 67 -14 67 10 -45 4 45 -43 187 -33 187 -33 163 79 163 79 21 69 21 69 45 -43 0 0x1.0p1 2 4 10 -45 152 -35 152 -35 128 77 163 79 21 69 21 69 45 -43 1 0x1.5ap6 0x1.1p4 0x1.5ap6 0x1.1p4
DOORGENERAL 4 -89 -30 -9 -18 -9 -18 -35 112 -35 112 -115 100 -115 100 -89 -30 4 -9 -18 71 -6 71 -6 45 124 45 124 -35 112 -35 112 -9 -18 0 0x1.6p2 1 4 -9 -18 71 -6 -9 -18 -35 112 45 124 -35 112 -35 112 -9 -18 2 -0x1.4f11601678bd7p3 -0x1.54a91f8fa44ccp3 -0x1.6p4 0x1.7800000000001p5 -0x1.6p4 0x1.7800000000001p5 -0x1.0c3ba7fa61d0ap5 0x1.a29523f1f489ap6
DOORGENERAL 4 -12 -61 52 -51 52 -51 28 67 28 67 -36 57 -36 57 -12 -61 4 28 67 92 77 92 77 68 195 68 195 4 185 4 185 28 67 0 0x1.08p3 0 4 28 67 92 77 52 -51 28 67 28 67 -36 57 4 185 28 67 1 0x1.cp4 0x1.0cp6 0x1.cp4 0x1.0cp6
DOORGENERAL 4 -80 -87 58 -63 58 -63 40 -21 40 -21 -98 -45 -98 -45 -80 -87 4 196 -39 334 -15 334 -15 316 27 316 27 178 3 178 3 196 -39 1 0x1.0p1 -1 0 0
DOORGENERAL 4 -59 -123 89 -105 89 -105 73 5 73 5 -75 -13 -75 -13 -59 -123 4 -22 -119 126 -101 126 -101 110 9 110 9 -38 -9 -38 -9 -22 -119 1 0x1.8p0 2 4 -59 -123 89 -105 89 -105 73 5 110 9 -38 -9 -38 -9 -22 -119 5 -0x1.3ee226c7843d4p4 -0x1.cef5df360f738p6 -0x1.c214a77b5be7p0 -0x1.70f9ec53a2defp6 -0x1.c214a77b5be7p0 -0x1.70f9ec53a2defp6 0x1.069f91d818c06p4 -0x1.12fdf971364a6p6 0x1.069f91d818c06p4 -0x1.12fdf971364a6p6 0x1.14b03713f39fap5 -0x1.6a040d1d936b8p5 0x1.14b03713f39fap5 -0x1.6a040d1d936b8p5 0x1.a610a53bdadfp5 -0x1.5c184eb17484cp4 0x1.a610a53bdadfp5 -0x1.5c184eb17484cp4 0x1.1bb889b1e10f4p6 0x1.bd77cd83dcdcp0
DOORGENERAL 4 -32 43 38 67 38 67 20 115 20 115 -50 91 -50 91 -32 43 4 38 67 108 91 108 91 90 139 90 139 20 115 20 115 38 67 0 0x1.4p3 1 4 38 67 108 91 38 67 20 115 90 139 20 115 20 115 38 67 1 0x1.0e4aca5111d04p5 0x1.38f19ce93d95p6 0x1.836a6b5ddc5f7p4 0x1.9f0e6316c26bp6
DOORGENERAL 4 -15 -49 67 -31 67 -31 57 51 57 51 -25 33 -25 33 -15 -49 4 57 51 139 69 139 69 129 151 129 151 47 133 47 133 57 51 0 0x1.ap2 0 4 57 51 139 69 67 -31 57 51 57 51 -25 33 47 133 57 51 1 0x1.c8p5 0x1.98p5 0x1.c8p5 0x1.98p5
DOORGENERAL 4 -98 1 8 13 8 13 -12 113 -12 113 -118 101 -118 101 -98 1 4 114 25 220 37 220 37 200 137 200 137 94 125 94 125 114 25 0 0x1.cp1 -1 0 0
DOORGENERAL 4 31 -71 91 -53 91 -53 79 41 79 41 19 23 19 23 31 -71 4 46 -67 106 -49 106 -49 94 45 94 45 34 27 34 27 46 -67 1 0x1.7p2 2 4 31 -71 91 -53 91 -53 79 41 94 45 34 27 34 27 46 -67 2 0x1.81d6381ba0385p5 -0x1.d8eb2c16bb1ecp5 0x1.f4p5 -0x1.ap3 0x1.f4p5 -0x1.ap3 0x1.3314e3f22fe3ep6 0x1.08eb2c16bb1ecp5
DOORGENERAL 4 28 -116 110 -90 110 -90 86 -28 86 -28 4 -54 4 -54 28 -116 4 110 -90 192 -64 192 -64 168 -2 168 -2 86 -28 86 -28 110 -90 0 0x1.1p2 1 4 110 -90 192 -64 110 -90 86 -28 168 -2 86 -28 86 -28 110 -90 2 0x1.aef9a3432aa4dp6 -0x1.50af906d837f3p6 0x1.88p6 -0x1.d8p5 0x1.88p6 -0x1.d8p5 0x1.61065cbcd55b3p6 -0x1.0ea0df24f901ap5
DOORGENERAL 4 -67 -26 -13 -8 -13 -8 -21 98 -21 98 -75 80 -75 80 -67 -26 4 -21 98 33 116 33 116 25 222 25 222 -29 204 -29 204 -21 98 0 0x1.4p1 0 4 -21 98 33 116 -13 -8 -21 98 -21 98 -75 80 -29 204 -21 98 1 -0x1.5p4 0x1.88p6 -0x1.5p4 0x1.88p6
DOORGENERAL 4 -43 -69 31 -47 31 -47 11 57 11 57 -63 35 -63 35 -43 -69 4 105 -25 179 -3 179 -3 159 101 159 101 85 79 85 79 105 -25 0 0x1.cp0 -1 0 0
DOORGENERAL 4 -75 -49 47 -33 47 -33 37 39 37 39 -85 23 -85 23 -75 -49 4 -45 -45 77 -29 77 -29 67 43 67 43 -55 27 -55 27 -45 -45 1 0x1.cp2 2 4 -45 -45 77 -29 47 -33 37 39 37 39 -85 23 -55 27 -45 -45 2 0x1.39d675a209e43p5 -0x1.c610d2e7084f1p4 -0x1.0000000000008p2 -0x1.8000000000008p1 -0x1.0000000000008p2 -0x1.8000000000008p1 -0x1.79d675a209e44p5 0x1.6610d2e7084fp4
DOORGENERAL 4 -12 -7 104 5 104 5 92 105 92 105 -24 93 -24 93 -12 -7 4 104 5 220 17 220 17 208 117 208 117 92 105 92 105 104 5 1 0x1.ap2 1 4 104 5 220 17 104 5 92 105 208 117 92 105 92 105 104 5 2 0x1.9bf2f5c28af36p6 0x1.ae10000125f5ap3 0x1.88p6 0x1.b8p5 0x1.88p6 0x1.b8p5 0x1.740d0a3d750cap6 0x1.823dffffdb414p6
DOORGENERAL 4 -125 -62 5 -54 5 -54 -9 -12 -9 -12 -139 -20 -139 -20 -125 -62 4 -9 -12 121 -4 121 -4 107 38 107 38 -23 30 -23 30 -9 -12 1 0x1.8p2 0 4 -9 -12 121 -4 5 -54 -9 -12 -9 -12 -139 -20 -23 30 -9 -12 1 -0x1.2p3 -0x1.8p3 -0x1.2p3 -0x1.8p3
DOORGENERAL 4 -132 -96 -16 -74 -16 -74 -26 22 -26 22 -142 0 -142 0 -132 -96 4 100 -52 216 -30 216 -30 206 66 206 66 90 44 90 44 100 -52 0 0x1.0p2 -1 0 0
DOORGENERAL 4 35 -31 141 -21 141 -21 117 101 117 101 11 91 11 91 35 -31 4 61 -29 167 -19 167 -19 143 103 143 103 37 93 37 93 61 -29 1 0x1.2p2 2 4 35 -31 141 -21 141 -21 117 101 143 103 37 93 37 93 61 -29 3 0x1.fc0be3b15547ap5 -0x1.6985ae15d0367p4 0x1.4201fb4838e15p6 0x1.077e1b4e0fedfp4 0x1.4201fb4838e15p6 0x1.077e1b4e0fedfp4 0x1.85fe04b7c71ecp6 0x1.bc40f258f8092p5 0x1.85fe04b7c71ecp6 0x1.bc40f258f8092p5 0x1.c9fa0e27555c4p6 0x1.7a616b85740d9p6
DOORGENERAL 4 43 17 127 33 127 33 109 73 109 73 25 57 25 57 43 17 4 127 33 211 49 211 49 193 89 193 89 109 73 109 73 127 33 0 0x1.1p2 1 4 127 33 211 49 127 33 109 73 193 89 109 73 109 73 127 33 1 0x1.f1bdaa833dfbp6 0x1.359898635e4f1p5 0x1.be42557cc205p6 0x1.0d33b3ce50d88p6
DOORGENERAL 4 -27 -43 75 -21 75 -21 55 33 55 33 -47 11 -47 11 -27 -43 4 55 33 157 55 157 55 137 109 137 109 35 87 35 87 55 33 0 0x1.9p2 0 4 55 33 157 55 75 -21 55 33 55 33 -47 11 35 87 55 33 1 0x1.b8p5 0x1.08p5 0x1.b8p5 0x1.08p5
DOORGENERAL 4 -104 -154 -28 -130 -28 -130 -34 -2 -34 -2 -110 -26 -110 -26 -104 -154 4 48 -106 124 -82 124 -82 118 46 118 46 42 22 42 22 48 -106 0 0x1.0p0 -1 0 0
DOORGENERAL 4 23 17 155 33 155 33 129 81 129 81 -3 65 -3 65 23 17 4 56 21 188 37 188 37 162 85 162 85 30 69 30 69 56 21 0 0x1.0p-1 2 4 56 21 188 37 155 33 129 81 162 85 30 69 30 69 56 21 1 0x1.72p6 0x1.98p5 0x1.72p6 0x1.98p5
DOORGENERAL 4 -5 -12 141 0 141 0 117 124 117 124 -29 112 -29 112 -5 -12 4 141 0 287 12 287 12 263 136 263 136 117 124 117 124 141 0 0 0x1.4p1 1 4 141 0 287 12 141 0 117 124 263 136 117 124 117 124 141 0 3 0x1.184a3084dbfc1p7 0x1.1ac0aa31ed392p2 0x1.096e102c4954p7 0x1.5672b1c2148dp5 0x1.096e102c4954p7 0x1.5672b1c2148dp5 0x1.f523dfa76d58p6 0x1.44c6a71ef5b97p6 0x1.f523dfa76d58p6 0x1.44c6a71ef5b97p6 0x1.d76b9ef64807fp6 0x1.de53f55ce12c7p6
DOORGENERAL 4 -65 -7 53 3 53 3 37 103 37 103 -81 93 -81 93 -65 -7 4 37 103 155 113 155 113 139 213 139 213 21 203 21 203 37 103 1 0x1.0p0 0 4 37 103 155 113 53 3 37 103 37 103 -81 93 21 203 37 103 1 0x1.28p5 0x1.9cp6 0x1.28p5 0x1.9cp6
DOORGENERAL 4 -94 -7 12 7 12 7 -4 53 -4 53 -110 39 -110 39 -94 -7 4 118 21 224 35 224 35 208 81 208 81 102 67 102 67 118 21 0 0x1.2p2 -1 0 0
DOORGENERAL 4 -104 -135 16 -117 16 -117 0 -1 0 -1 -120 -19 -120 -19 -104 -135 4 -74 -131 46 -113 46 -113 30 3 30 3 -90 -15 -90 -15 -74 -131 1 0x1.fp2 2 4 -104 -135 16 -117 16 -117 0 -1 30 3 -90 -15 -90 -15 -74 -131 2 -0x1.14d70d33c703p6 -0x1.e839b1458dfb5p6 -0x1.28p5 -0x1.08p6 -0x1.28p5 -0x1.08p6 -0x1.328f2cc38fdp2 -0x1.3e3275d390258p3
DOORGENERAL 4 15 -29 67 -5 67 -5 53 35 53 35 1 11 1 11 15 -29 4 67 -5 119 19 119 19 105 59 105 59 53 35 53 35 67 -5 0 0x1.1p3 1 4 67 -5 119 19 67 -5 53 35 105 59 53 35 53 35 67 -5 1 0x1.fc4024fbc4236p5 0x1.3a45d73c33b26p2 0x1.c3bfdb043bdcap5 0x1.916e8a30f3136p4
DOORGENERAL 4 -21 2 35 14 35 14 21 126 21 126 -35 114 -35 114 -21 2 4 21 126 77 138 77 138 63 250 63 250 7 238 7 238 21 126 0 0x1.8p1 0 4 21 126 77 138 35 14 21 126 21 126 -35 114 7 238 21 126 1 0x1.5p4 0x1.f8p6 0x1.5p4 0x1.f8p6
DOORGENERAL 4 -16 -119 62 -105 62 -105 48 -13 48 -13 -30 -27 -30 -27 -16 -119 4 140 -91 218 -77 218 -77 204 15 204 15 126 1 126 1 140 -91 1 0x1.9p2 -1 0 0
DOORGENERAL 4 7 -26 65 -8 65 -8 59 70 59 70 1 52 1 52 7 -26 4 21 -22 79 -4 79 -4 73 74 73 74 15 56 15 56 21 -22 0 0x1.18p3 2 4 7 -26 65 -8 65 -8 59 70 73 74 15 56 15 56 21 -22 1 0x1.4p5 0x1.8p4 0x1.4p5 0x1.8p4
DOORGENERAL 4 -1 46 105 52 105 52 91 96 91 96 -15 90 -15 90 -1 46 4 105 52 211 58 211 58 197 102 197 102 91 96 91 96 105 52 0 0x1.0p3 1 4 105 52 211 58 105 52 91 96 197 102 91 96 91 96 105 52 1 0x1.97df31cdfeb78p6 0x1.ec3beb8375c7bp5 0x1.7820ce3201488p6 0x1.59e20a3e451c2p6
DOORGENERAL 4 -99 -121 13 -107 13 -107 -1 -31 -1 -31 -113 -45 -113 -45 -99 -121 4 -1 -31 111 -17 111 -17 97 59 97 59 -15 45 -15 45 -1 -31 1 0x1.8p-1 0 4 -1 -31 111 -17 13 -107 -1 -31 -1 -31 -113 -45 -15 45 -1 -31 1 -0x1.0p0 -0x1.fp4 -0x1.0p0 -0x1.fp4
DOORGENERAL 4 -19 -109 51 -83 51 -83 45 27 45 27 -25 1 -25 1 -19 -109 4 121 -57 191 -31 191 -31 185 79 185 79 115 53 115 53 121 -57 1 0x1.ap1 -1 0 0
DOORGENERAL 4 36 -36 132 -30 132 -30 114 86 114 86 18 80 18 80 36 -36 4 60 -35 156 -29 156 -29 138 87 138 87 42 81 42 81 60 -35 0 0x1.38p3 2 4 36 -36 132 -30 132 -30 114 86 138 87 42 81 42 81 60 -35 1 0x1.5cp6 0x1.98p4 0x1.5cp6 0x1.98p4
DOORGENERAL 4 -58 -109 -4 -97 -4 -97 -24 -33 -24 -33 -78 -45 -78 -45 -58 -109 4 -4 -97 50 -85 50 -85 30 -21 30 -21 -24 -33 -24 -33 -4 -97 0 0x1.cp1 1 4 -4 -97 50 -85 -4 -97 -24 -33 30 -21 -24 -33 -24 -33 -4 -97 2 -0x1.68fe27fb8232ap2 -0x1.6f005e674c5c4p6 -0x1.c000000000001p3 -0x1.04p6 -0x1.c000000000001p3 -0x1.04p6 -0x1.65c076011f736p4 -0x1.31ff433167477p5
DOORGENERAL 4 -120 -54 10 -30 10 -30 4 20 4 20 -126 -4 -126 -4 -120 -54 4 4 20 134 44 134 44 128 94 128 94 -2 70 -2 70 4 20 0 0x1.0p-1 0 4 4 20 134 44 10 -30 4 20 4 20 -126 -4 -2 70 4 20 1 0x1.0p2 0x1.4p4 0x1.0p2 0x1.4p4
DOORGENERAL 4 -2 -24 110 -14 110 -14 96 98 96 98 -16 88 -16 88 -2 -24 4 222 -4 334 6 334 6 320 118 320 118 208 108 208 108 222 -4 0 0x1.18p3 -1 0 0
DOORGENERAL 4 -41 -70 101 -50 101 -50 83 40 83 40 -59 20 -59 20 -41 -70 4 -6 -65 136 -45 136 -45 118 45 118 45 -24 25 -24 25 -6 -65 0 0x1.fp2 2 4 -6 -65 136 -45 101 -50 83 40 83 40 -59 20 -24 25 -6 -65 1 0x1.34p5 -0x1.9p3 0x1.34p5 -0x1.9p3
DOORGENERAL 4 43 -86 97 -72 97 -72 73 -12 73 -12 19 -26 19 -26 43 -86 4 97 -72 151 -58 151 -58 127 2 127 2 73 -12 73 -12 97 -72 0 0x1.ep2 1 4 97 -72 151 -58 97 -72 73 -12 127 2 73 -12 73 -12 97 -72 1 0x1.75e31c8b4ac0ap6 -0x1.f96f8eb875c34p5 0x1.321ce374b53f6p6 -0x1.4d20e28f14798p4
DOORGENERAL 4 -44 -13 22 5 22 5 14 127 14 127 -52 109 -52 109 -44 -13 4 14 127 80 145 80 145 72 267 72 267 6 249 6 249 14 127 1 0x1.1p2 0 4 14 127 80 145 22 5 14 127 14 127 -52 109 6 249 14 127 1 0x1.cp3 0x1.fcp6 0x1.cp3 0x1.fcp6
DOORGENERAL 4 -44 -100 92 -90 92 -90 68 40 68 40 -68 30 -68 30 -44 -100 4 228 -80 364 -70 364 -70 340 60 340 60 204 50 204 50 228 -80 0 0x1.ap2 -1 0 0
DOORGENERAL 4 39 -13 115 -1 115 -1 99 67 99 67 23 55 23 55 39 -13 4 58 -10 134 2 134 2 118 70 118 70 42 58 42 58 58 -10 0 0x1.0p2 2 4 58 -10 134 2 115 -1 99 67 118 70 42 58 42 58 58 -10 1 0x1.3ap6 0x1.c8p4 0x1.3ap6 0x1.c8p4
DOORGENERAL 4 -96 -110 -18 -102 -18 -102 -36 -34 -36 -34 -114 -42 -114 -42 -96 -110 4 -18 -102 60 -94 60 -94 42 -26 42 -26 -36 -34 -36 -34 -18 -102 1 0x1.0p2 1 4 -18 -102 60 -94 -18 -102 -36 -34 42 -26 -36 -34 -36 -34 -18 -102 2 -0x1.3890d0c8b16bfp4 -0x1.80cc9026031a1p6 -0x1.bp4 -0x1.1p6 -0x1.bp4 -0x1.1p6 -0x1.13b7979ba74ap5 -0x1.3e66dfb3f9cbdp5
DOORGENERAL 4 -50 -11 98 -5 98 -5 84 99 84 99 -64 93 -64 93 -50 -11 4 84 99 232 105 232 105 218 209 218 209 70 203 70 203 84 99 0 0x1.cp1 0 4 84 99 232 105 98 -5 84 99 84 99 -64 93 70 203 84 99 1 0x1.5p6 0x1.8cp6 0x1.5p6 0x1.8cp6
DOORGENERAL 4 -44 -65 30 -41 30 -41 12 35 12 35 -62 11 -62 11 -44 -65 4 104 -17 178 7 178 7 160 83 160 83 86 59 86 59 104 -17 0 0x0.0p0 -1 0 0
DOORGENERAL 4 2 -78 84 -58 84 -58 68 56 68 56 -14 36 -14 36 2 -78 4 22 -73 104 -53 104 -53 88 61 88 61 6 41 6 41 22 -73 0 0x1.8p0 2 4 22 -73 104 -53 84 -58 68 56 68 56 -14 36 6 41 22 -73 1 0x1.6800000000001p5 -0x1.1p3 0x1.6800000000001p5 -0x1.1p3
DOORGENERAL 4 -76 -118 0 -104 0 -104 -16 4 -16 4 -92 -10 -92 -10 -76 -118 4 0 -104 76 -90 76 -90 60 18 60 18 -16 4 -16 4 0 -104 0 0x1.1p3 1 4 0 -104 76 -90 0 -104 -16 4 60 18 -16 4 -16 4 0 -104 2 -0x1.89ec3cafd81d7p0 -0x1.767415997434ep6 -0x1.0p3 -0x1.8ffffffffffffp5 -0x1.0p3 -0x1.8ffffffffffffp5 -0x1.cec2786a04fc5p3 -0x1.98bea668bcb1p2
DOORGENERAL 4 -6 -40 82 -16 82 -16 62 48 62 48 -26 24 -26 24 -6 -40 4 62 48 150 72 150 72 130 136 130 136 42 112 42 112 62 48 0 0x1.ap2 0 4 62 48 150 72 82 -16 62 48 62 48 -26 24 42 112 62 48 1 0x1.fp5 0x1.8p5 0x1.fp5 0x1.8p5
DOORGENERAL 4 -97 -54 -15 -44 -15 -44 -39 36 -39 36 -121 26 -121 26 -97 -54 4 67 -34 149 -24 149 -24 125 56 125 56 43 46 43 46 67 -34 1 0x1.0p1 -1 0 0
DOORGENERAL 4 -8 5 142 25 142 25 128 69 128 69 -22 49 -22 49 -8 5 4 29 10 179 30 179 30 165 74 165 74 15 54 15 54 29 10 1 0x1.8p0 2 4 29 10 179 30 142 25 128 69 128 69 -22 49 15 54 29 10 4 0x1.1522322cf0661p7 0x1.9d70f7a8557fcp4 0x1.b222322cf0661p6 0x1.055c3dea155ffp5 0x1.b222322cf0661p6 0x1.055c3dea155ffp5 0x1.3ap6 0x1.3cp5 0x1.3ap6 0x1.3cp5 0x1.83bb9ba61f34p5 0x1.72a3c215eaa01p5 0x1.83bb9ba61f34p5 0x1.72a3c215eaa01p5 0x1.26ee6e987ccfcp4 0x1.a947842bd5402p5
DOORGENERAL 4 34 -85 138 -77 138 -77 116 -37 116 -37 12 -45 12 -45 34 -85 4 138 -77 242 -69 242 -69 220 -29 220 -29 116 -37 116 -37 138 -77 1 0x1.0p1 1 4 138 -77 242 -69 138 -77 116 -37 220 -29 116 -37 116 -37 138 -77 2 0x1.102507c85331fp7 -0x1.25fb0506fffb6p6 0x1.fcp6 -0x1.c8p5 0x1.fcp6 -0x1.c8p5 0x1.d7b5f06f599c2p6 -0x1.4409f5f200093p5
DOORGENERAL 4 -31 27 51 43 51 43 31 89 31 89 -51 73 -51 73 -31 27 4 31 89 113 105 113 105 93 151 93 151 11 135 11 135 31 89 1 0x1.3p2 0 4 31 89 113 105 51 43 31 89 31 89 -51 73 11 135 31 89 1 0x1.fp4 0x1.64p6 0x1.fp4 0x1.64p6
DOORGENERAL 4 -48 -77 18 -59 18 -59 6 29 6 29 -60 11 -60 11 -48 -77 4 84 -41 150 -23 150 -23 138 65 138 65 72 47 72 47 84 -41 1 0x1.8p0 -1 0 0
DOORGENERAL 4 -54 -75 38 -65 38 -65 20 -19 20 -19 -72 -29 -72 -29 -54 -75 4 -31 -73 61 -63 61 -63 43 -17 43 -17 -49 -27 -49 -27 -31 -73 0 0x1.cp1 2 4 -54 -75 38 -65 38 -65 20 -19 43 -17 -49 -27 -49 -27 -31 -73 1 -0x1.6p2 -0x1.7p5 -0x1.6p2 -0x1.7p5
DOORGENERAL 4 -58 -26 66 -12 66 -12 48 44 48 44 -76 30 -76 30 -58 -26 4 66 -12 190 2 190 2 172 58 172 58 48 44 48 44 66 -12 0 0x1.8p0 1 4 66 -12 190 2 66 -12 48 44 172 58 48 44 48 44 66 -12 2 0x1.03b7435a59e6p6 -0x1.155f6fe52f3f8p3 0x1.c8p5 0x1.ffffffffffffep3 0x1.c8p5 0x1.ffffffffffffep3 0x1.8891794b4c34p5 0x1.4557dbf94bcfep5
DOORGENERAL 4 4 -101 136 -79 136 -79 120 3 120 3 -12 -19 -12 -19 4 -101 4 120 3 252 25 252 25 236 107 236 107 104 85 104 85 120 3 0 0x1.1p2 0 4 120 3 252 25 136 -79 120 3 120 3 -12 -19 104 85 120 3 1 0x1.ep6 0x1.8p1 0x1.ep6 0x1.8p1
DOORGENERAL 4 -68 -13 20 -7 20 -7 14 57 14 57 -74 51 -74 51 -68 -13 4 108 -1 196 5 196 5 190 69 190 69 102 63 102 63 108 -1 1 0x1.28p3 -1 0 0
DOORGENERAL 4 -16 -69 96 -51 96 -51 70 33 70 33 -42 15 -42 15 -16 -69 4 12 -65 124 -47 124 -47 98 37 98 37 -14 19 -14 19 12 -65 1 0x1.6p1 2 4 -16 -69 96 -51 96 -51 70 33 98 37 -14 19 -14 19 12 -65 3 0x1.c98d1cd46c03dp3 -0x1.e39d5a5704eb1p5 0x1.00cbc26709005p5 -0x1.ed13918f589c9p4 0x1.00cbc26709005p5 -0x1.ed13918f589c9p4 0x1.8f343d98f6ffbp5 -0x1.2ec6e70a763p0 0x1.8f343d98f6ffbp5 -0x1.2ec6e70a763p0 0x1.0ece5c65727f8p6 0x1.c73ab4ae09d64p4
DOORGENERAL 4 -66 -61 32 -55 32 -55 12 19 12 19 -86 13 -86 13 -66 -61 4 32 -55 130 -49 130 -49 110 25 110 25 12 19 12 19 32 -55 1 0x1.0p1 1 4 32 -55 130 -49 32 -55 12 19 110 25 12 19 12 19 32 -55 2 0x1.ef4d443b71f46p4 -0x1.991bbe3ac6042p5 0x1.6p4 -0x1.2p4 0x1.6p4 -0x1.2p4 0x1.a16577891c174p3 0x1.e46ef8eb18108p3
DOORGENERAL 4 50 -123 104 -97 104 -97 80 -33 80 -33 26 -59 26 -59 50 -123 4 80 -33 134 -7 134 -7 110 57 110 57 56 31 56 31 80 -33 1 0x1.2p3 0 4 80 -33 134 -7 104 -97 80 -33 80 -33 26 -59 56 31 80 -33 1 0x1.4p6 -0x1.08p5 0x1.4p6 -0x1.08p5
DOORGENERAL 4 -86 15 42 37 42 37 26 91 26 91 -102 69 -102 69 -86 15 4 170 59 298 81 298 81 282 135 282 135 154 113 154 113 170 59 0 0x1.8p-1 -1 0 0
DOORGENERAL 4 42 -36 108 -12 108 -12 88 86 88 86 22 62 22 62 42 -36 4 58 -30 124 -6 124 -6 104 92 104 92 38 68 38 68 58 -30 1 0x1.0p0 2 4 58 -30 124 -6 108 -12 88 86 88 86 22 62 38 68 58 -30 4 0x1.a7f1fa2fe7bc2p6 -0x1.32703ceef3526p3 0x1.65f8fd17f3de1p6 0x1.26c7e1888656cp3 0x1.65f8fd17f3de1p6 0x1.26c7e1888656cp3 0x1.24p6 0x1.bffffffffffffp4 0x1.24p6 0x1.bffffffffffffp4 0x1.c40e05d01843fp5 0x1.764e079dde6a2p5 0x1.c40e05d01843fp5 0x1.764e079dde6a2p5 0x1.401c0ba03087cp5 0x1.064e079dde6a4p6
DOORGENERAL 4 2 -73 58 -55 58 -55 42 57 42 57 -14 39 -14 39 2 -73 4 58 -55 114 -37 114 -37 98 75 98 75 42 57 42 57 58 -55 1 0x1.08p3 1 4 58 -55 114 -37 58 -55 42 57 98 75 42 57 42 57 58 -55 2 0x1.c467486b78649p5 -0x1.66d2faf04abfep5 0x1.9p5 0x1.0p0 0x1.9p5 0x1.0p0 0x1.5b98b794879b7p5 0x1.76d2faf04abfep5
DOORGENERAL 4 -57 4 83 14 83 14 75 134 75 134 -65 124 -65 124 -57 4 4 75 134 215 144 215 144 207 264 207 264 67 254 67 254 75 134 1 0x1.1p3 0 4 75 134 215 144 83 14 75 134 75 134 -65 124 67 254 75 134 1 0x1.2cp6 0x1.0cp7 0x1.2cp6 0x1.0cp7
DOORGENERAL 4 45 -136 113 -126 113 -126 107 -14 107 -14 39 -24 39 -24 45 -136 4 181 -116 249 -106 249 -106 243 6 243 6 175 -4 175 -4 181 -116 0 0x1.0p-1 -1 0 0
DOORGENERAL 4 -8 -72 90 -56 90 -56 82 36 82 36 -16 20 -16 20 -8 -72 4 16 -68 114 -52 114 -52 106 40 106 40 8 24 8 24 16 -68 0 0x1.18p3 2 4 16 -68 114 -52 90 -56 82 36 82 36 -16 20 8 24 16 -68 1 0x1.88p5 -0x1.ffffffffffffep3 0x1.88p5 -0x1.ffffffffffffep3
DOORGENERAL 4 -91 -51 -19 -39 -19 -39 -43 19 -43 19 -115 7 -115 7 -91 -51 4 -19 -39 53 -27 53 -27 29 31 29 31 -43 19 -43 19 -19 -39 1 0x1.1p3 1 4 -19 -39 53 -27 -19 -39 -43 19 29 31 -43 19 -43 19 -19 -39 1 -0x1.703c2f973ed7p4 -0x1.d4c3e2527d786p4 -0x1.37e1e83460948p5 0x1.2987c4a4faf0cp3
DOORGENERAL 4 -93 -20 -23 6 -23 6 -43 136 -43 136 -113 110 -113 110 -93 -20 4 -43 136 27 162 27 162 7 292 7 292 -63 266 -63 266 -43 136 1 0x1.1p2 0 4 -43 136 27 162 -23 6 -43 136 -43 136 -113 110 -63 266 -43 136 1 -0x1.58p5 0x1.1p7 -0x1.58p5 0x1.1p7
DOORGENERAL 4 -77 -115 65 -95 65 -95 45 -17 45 -17 -97 -37 -97 -37 -77 -115 4 207 -75 349 -55 349 -55 329 23 329 23 187 3 187 3 207 -75 1 0x1.6p1 -1 0 0
DOORGENERAL 4 -11 -76 105 -66 105 -66 79 32 79 32 -37 22 -37 22 -11 -76 4 18 -74 134 -64 134 -64 108 34 108 34 -8 24 -8 24 18 -74 0 0x1.6p2 2 4 -11 -76 105 -66 105 -66 79 32 108 34 -8 24 -8 24 18 -74 1 0x1.84p5 -0x1.5p4 0x1.84p5 -0x1.5p4
DOORGENERAL 4 -13 -65 91 -47 91 -47 75 -5 75 -5 -29 -23 -29 -23 -13 -65 4 91 -47 195 -29 195 -29 179 13 179 13 75 -5 75 -5 91 -47 1 0x1.8p1 1 4 91 -47 195 -29 91 -47 75 -5 179 13 75 -5 75 -5 91 -47 1 0x1.64e14dcde145bp6 -0x1.529ed878deadcp5 0x1.331eb2321eba5p6 -0x1.35849e1c85494p3
DOORGENERAL 4 -31 -2 69 22 69 22 61 124 61 124 -39 100 -39 100 -31 -2 4 61 124 161 148 161 148 153 250 153 250 53 226 53 226 61 124 0 0x1.cp0 0 4 61 124 161 148 69 22 61 124 61 124 -39 100 53 226 61 124 1 0x1.e8p5 0x1.fp6 0x1.e8p5 0x1.fp6
DOORGENERAL 4 9 1 101 7 101 7 81 113 81 113 -11 107 -11 107 9 1 4 193 13 285 19 285 19 265 125 265 125 173 119 173 119 193 13 0 0x1.fp2 -1 0 0
DOORGENERAL 4 -4 -98 112 -72 112 -72 86 36 86 36 -30 10 -30 10 -4 -98 4 25 -92 141 -66 141 -66 115 42 115 42 -1 16 -1 16 25 -92 1 0x1.cp1 2 4 -4 -98 112 -72 112 -72 86 36 115 42 -1 16 -1 16 25 -92 3 0x1.b4606a184dba2p4 -0x1.5a48a3c2c46ccp6 0x1.70babc596249ap5 -0x1.7c306d2c82f32p5 0x1.70babc596249ap5 -0x1.7c306d2c82f32p5 0x1.03a2a1d34edb2p6 -0x1.0f3e4b4df433p3 0x1.03a2a1d34edb2p6 -0x1.0f3e4b4df433p3 0x1.4ee7e579ec917p6 0x1.e9228f0b11b34p4
DOORGENERAL 4 -29 -43 49 -21 49 -21 27 23 27 23 -51 1 -51 1 -29 -43 4 49 -21 127 1 127 1 105 45 105 45 27 23 27 23 49 -21 1 0x1.4p0 1 4 49 -21 127 1 49 -21 27 23 105 45 27 23 27 23 49 -21 2 0x1.7c5f58a7aa076p5 -0x1.217d629ea81d8p4 0x1.3p5 0x1.0p0 0x1.3p5 0x1.0p0 0x1.c7414eb0abf14p4 0x1.417d629ea81d8p4
DOORGENERAL 4 -67 -2 31 14 31 14 11 58 11 58 -87 42 -87 42 -67 -2 4 11 58 109 74 109 74 89 118 89 118 -9 102 -9 102 11 58 0 0x1.5p2 0 4 11 58 109 74 31 14 11 58 11 58 -87 42 -9 102 11 58 1 0x1.6p3 0x1.dp5 0x1.6p3 0x1.dp5
DOORGENERAL 4 48 -144 104 -130 104 -130 90 -6 90 -6 34 -20 34 -20 48 -144 4 160 -116 216 -102 216 -102 202 22 202 22 146 8 146 8 160 -116 1 0x1.6p1 -1 0 0
DOORGENERAL 4 -104 -36 -44 -26 -44 -26 -54 96 -54 96 -114 86 -114 86 -104 -36 4 -89 -34 -29 -24 -29 -24 -39 98 -39 98 -99 88 -99 88 -89 -34 0 0x1.6p1 2 4 -104 -36 -44 -26 -44 -26 -54 96 -39 98 -99 88 -99 88 -89 -34 1 -0x1.1ep6 0x1.fp4 -0x1.1ep6 0x1.fp4
DOORGENERAL 4 14 -59 94 -51 94 -51 80 3 80 3 0 -5 0 -5 14 -59 4 94 -51 174 -43 174 -43 160 11 160 11 80 3 80 3 94 -51 0 0x1.18p3 1 4 94 -51 174 -43 94 -51 80 3 160 11 80 3 80 3 94 -51 1 0x1.6d3568972215ap6 -0x1.44c0948de25dcp5 0x1.4aca9768ddea6p6 -0x1.d9fb5b90ed12p2
DOORGENERAL 4 13 -84 93 -64 93 -64 71 58 71 58 -9 38 -9 38 13 -84 4 71 58 151 78 151 78 129 200 129 200 49 180 49 180 71 58 1 0x1.0p1 0 4 71 58 151 78 93 -64 71 58 71 58 -9 38 49 180 71 58 1 0x1.1cp6 0x1.dp5 0x1.1cp6 0x1.dp5
DOORGENERAL 4 -6 -83 50 -69 50 -69 36 -3 36 -3 -20 -17 -20 -17 -6 -83 4 106 -55 162 -41 162 -41 148 25 148 25 92 11 92 11 106 -55 0 0x1.18p3 -1 0 0
DOORGENERAL 4 -101 -52 -13 -26 -13 -26 -35 28 -35 28 -123 2 -123 2 -101 -52 4 -79 -46 9 -20 9 -20 -13 34 -13 34 -101 8 -101 8 -79 -46 0 0x1.2p1 2 4 -101 -52 -13 -26 -13 -26 -35 28 -13 34 -101 8 -101 8 -79 -46 1 -0x1.c8p5 -0x1.2p3 -0x1.c8p5 -0x1.2p3
DOORGENERAL 4 10 -12 114 6 114 6 90 74 90 74 -14 56 -14 56 10 -12 4 114 6 218 24 218 24 194 92 194 92 90 74 90 74 114 6 0 0x1.2p2 1 4 114 6 218 24 114 6 90 74 194 92 90 74 90 74 114 6 2 0x1.bf58bfd1e2cb7p6 0x1.8424596a95fd4p3 0x1.98p6 0x1.4p5 0x1.98p6 0x1.4p5 0x1.70a7402e1d349p6 0x1.0f7b74d2ad406p6
DOORGENERAL 4 -91 12 51 28 51 28 25 148 25 148 -117 132 -117 132 -91 12 4 25 148 167 164 167 164 141 284 141 284 -1 268 -1 268 25 148 1 0x1.cp1 0 4 25 148 167 164 51 28 25 148 25 148 -117 132 -1 268 25 148 1 0x1.9p4 0x1.28p7 0x1.9p4 0x1.28p7
DOORGENERAL 4 -1 -5 65 11 65 11 39 87 39 87 -27 71 -27 71 -1 -5 4 131 27 197 43 197 43 171 119 171 119 105 103 105 103 131 27 1 0x0.0p0 -1 0 0
DOORGENERAL 4 -57 -87 75 -63 75 -63 51 37 51 37 -81 13 -81 13 -57 -87 4 -24 -81 108 -57 108 -57 84 43 84 43 -48 19 -48 19 -24 -81 1 0x1.28p3 2 4 -24 -81 108 -57 75 -63 51 37 84 43 -48 19 -48 19 -24 -81 1 -0x1.9dce8c90d8e0ap3 -0x1.3bf33d6062052p6 0x1.ff73a32436382p5 -0x1.040cc29f9dfaep6
DOORGENERAL 4 -29 -34 53 -28 53 -28 29 32 29 32 -53 26 -53 26 -29 -34 4 53 -28 135 -22 135 -22 111 38 111 38 29 32 29 32 53 -28 1 0x1.3p3 1 4 53 -28 135 -22 53 -28 29 32 111 38 29 32 29 32 53 -28 1 0x1.85d501bd05d27p5 -0x1.152908b11d1c2p4 0x1.0a2afe42fa2dap5 0x1.552908b11d1c2p4
DOORGENERAL 4 -26 37 74 53 74 53 58 101 58 101 -42 85 -42 85 -26 37 4 58 101 158 117 158 117 142 165 142 165 42 149 42 149 58 101 1 0x1.7p2 0 4 58 101 158 117 74 53 58 101 58 101 -42 85 42 149 58 101 1 0x1.dp5 0x1.94p6 0x1.dp5 0x1.94p6
DOORGENERAL 4 3 -24 79 0 79 0 53 48 53 48 -23 24 -23 24 3 -24 4 155 24 231 48 231 48 205 96 205 96 129 72 129 72 155 24 1 0x1.4p0 -1 0 0
DOORGENERAL 4 -77 -11 9 7 9 7 -3 101 -3 101 -89 83 -89 83 -77 -11 4 -56 -7 30 11 30 11 18 105 18 105 -68 87 -68 87 -56 -7 1 0x1.7p2 2 4 -77 -11 9 7 9 7 -3 101 18 105 -68 87 -68 87 -56 -7 2 -0x1.a4e15fd9ab2c1p5 0x1.5220f0a4c4a5p-2 -0x1.d8p4 0x1.7800000000001p5 -0x1.d8p4 0x1.7800000000001p5 -0x1.98f50132a69f8p2 0x1.76addf0f5b3b6p6
DOORGENERAL 4 -85 37 19 47 19 47 5 93 5 93 -99 83 -99 83 -85 37 4 19 47 123 57 123 57 109 103 109 103 5 93 5 93 19 47 1 0x1.0p0 1 4 19 47 123 57 19 47 5 93 109 103 5 93 5 93 19 47 2 0x1.220634c0b16a2p4 0x1.8ef5cde8011adp5 0x1.8p3 0x1.18p6 0x1.8p3 0x1.18p6 0x1.77e72cfd3a578p2 0x1.6885190bff72ap6
DOORGENERAL 4 46 29 134 49 134 49 114 95 114 95 26 75 26 75 46 29 4 114 95 202 115 202 115 182 161 182 161 94 141 94 141 114 95 1 0x1.8p1 0 4 114 95 202 115 134 49 114 95 114 95 26 75 94 141 114 95 1 0x1.c8p6 0x1.7cp6 0x1.c8p6 0x1.7cp6
DOORGENERAL 4 -86 -9 -36 -3 -36 -3 -60 47 -60 47 -110 41 -110 41 -86 -9 4 14 3 64 9 64 9 40 59 40 59 -10 53 -10 53 14 3 0 0x1.0p-1 -1 0 0
DOORGENERAL 4 -29 12 27 24 27 24 13 126 13 126 -43 114 -43 114 -29 12 4 -15 15 41 27 41 27 27 129 27 129 -29 117 -29 117 -15 15 0 0x1.cp0 2 4 -15 15 41 27 27 24 13 126 27 129 -29 117 -29 117 -15 15 1 -0x1.0p0 0x1.1ap6 -0x1.0p0 0x1.1ap6
DOORGENERAL 4 45 -134 105 -108 105 -108 89 2 89 2 29 -24 29 -24 45 -134 4 105 -108 165 -82 165 -82 149 28 149 28 89 2 89 2 105 -108 0 0x1.ap2 1 4 105 -108 165 -82 105 -108 89 2 149 28 89 2 89 2 105 -108 2 0x1.9f1b25c7fe43cp6 -0x1.8e5aa3bef411ep6 0x1.84p6 -0x1.a800000000002p5 0x1.84p6 -0x1.a800000000002p5 0x1.68e4da3801bc4p6 -0x1.9a55c410bee3p2
DOORGENERAL 4 -29 -116 53 -94 53 -94 31 -18 31 -18 -51 -40 -51 -40 -29 -116 4 31 -18 113 4 113 4 91 80 91 80 9 58 9 58 31 -18 0 0x1.8p2 0 4 31 -18 113 4 53 -94 31 -18 31 -18 -51 -40 9 58 31 -18 1 0x1.fp4 -0x1.2p4 0x1.fp4 -0x1.2p4
DOORGENERAL 4 -14 18 110 30 110 30 102 136 102 136 -22 124 -22 124 -14 18 4 234 42 358 54 358 54 350 160 350 160 226 148 226 148 234 42 1 0x1.8p0 -1 0 0
DOORGENERAL 4 24 -31 104 -15 104 -15 82 73 82 73 2 57 2 57 24 -31 4 44 -27 124 -11 124 -11 102 77 102 77 22 61 22 61 44 -27 1 0x1.2p3 2 4 44 -27 124 -11 104 -15 82 73 102 77 22 61 22 61 44 -27 1 0x1.b64a857e8806p5 -0x1.8d7bca9a2ffdap4 0x1.74dabd40bbfdp6 -0x1.12843565d0026p4
DOORGENERAL 4 -6 5 46 29 46 29 22 93 22 93 -30 69 -30 69 -6 5 4 46 29 98 53 98 53 74 117 74 117 22 93 22 93 46 29 1 0x1.0p1 1 4 46 29 98 53 46 29 22 93 74 117 22 93 22 93 46 29 2 0x1.64c398c5b09acp5 0x1.05f6689b7e635p5 0x1.1p5 0x1.e8p5 0x1.1p5 0x1.e8p5 0x1.7678ce749eca8p4 0x1.6504cbb240ce6p6
DOORGENERAL 4 58 -10 110 10 110 10 94 136 94 136 42 116 42 116 58 -10 4 94 136 146 156 146 156 130 282 130 282 78 262 78 262 94 136 0 0x1.38p3 0 4 94 136 146 156 110 10 94 136 94 136 42 116 78 262 94 136 1 0x1.78p6 0x1.1p7 0x1.78p6 0x1.1p7
DOORGENERAL 4 -7 -113 125 -103 125 -103 109 5 109 5 -23 -5 -23 -5 -7 -113 4 257 -93 389 -83 389 -83 373 25 373 25 241 15 241 15 257 -93 1 0x1.4p3 -1 0 0
DOORGENERAL 4 10 16 74 30 74 30 64 100 64 100 0 86 0 86 10 16 4 26 19 90 33 90 33 80 103 80 103 16 89 16 89 26 19 1 0x1.ap2 2 4 10 16 74 30 74 30 64 100 80 103 16 89 16 89 26 19 2 0x1.d96619a70a5bbp4 0x1.b28787c5d2006p4 0x1.68p5 0x1.dc00000000001p5 0x1.68p5 0x1.dc00000000001p5 0x1.e34cf32c7ad22p5 0x1.6f5e1e0e8b7ffp6
DOORGENERAL 4 64 -47 114 -31 114 -31 88 49 88 49 38 33 38 33 64 -47 4 114 -31 164 -15 164 -15 138 65 138 65 88 49 88 49 114 -31 0 0x1.0p-2 1 4 114 -31 164 -15 114 -31 88 49 138 65 88 49 88 49 114 -31 4 0x1.c537dd9dd0f33p6 -0x1.cdc3452033135p4 0x1.ac9beecee879ap6 -0x1.3dc3452033136p3 0x1.ac9beecee879ap6 -0x1.3dc3452033136p3 0x1.94p6 0x1.1fffffffffffep3 0x1.94p6 0x1.1fffffffffffep3 0x1.7b64113117866p6 0x1.bee1a29019897p4 0x1.7b64113117866p6 0x1.bee1a29019897p4 0x1.62c822622f0cdp6 0x1.76e1a2901989ap5
DOORGENERAL 4 -20 -23 46 -1 46 -1 24 103 24 103 -42 81 -42 81 -20 -23 4 24 103 90 125 90 125 68 229 68 229 2 207 2 207 24 103 1 0x1.6p2 0 4 24 103 90 125 46 -1 24 103 24 103 -42 81 2 207 24 103 1 0x1.8p4 0x1.9cp6 0x1.8p4 0x1.9cp6
DOORGENERAL 4 -14 23 132 35 132 35 126 131 126 131 -20 119 -20 119 -14 23 4 278 47 424 59 424 59 418 155 418 155 272 143 272 143 278 47 0 0x1.5p2 -1 0 0
DOORGENERAL 4 -89 1 -39 25 -39 25 -57 127 -57 127 -107 103 -107 103 -89 1 4 -77 7 -27 31 -27 31 -45 133 -45 133 -95 109 -95 109 -77 7 0 0x1.8p1 2 4 -77 7 -27 31 -39 25 -57 127 -57 127 -107 103 -95 109 -77 7 1 -0x1.0cp6 0x1.0cp6 -0x1.0cp6 0x1.0cp6
DOORGENERAL 4 -19 -76 41 -52 41 -52 31 10 31 10 -29 -14 -29 -14 -19 -76 4 41 -52 101 -28 101 -28 91 34 91 34 31 10 31 10 41 -52 0 0x1.38p3 1 4 41 -52 101 -28 41 -52 31 10 91 34 31 10 31 10 41 -52 1 0x1.39083b0815e0cp5 -0x1.4333079887a48p5 0x1.06f7c4f7ea1f4p5 -0x1.999f0cef0b7p0
DOORGENERAL 4 50 -15 100 -1 100 -1 82 93 82 93 32 79 32 79 50 -15 4 82 93 132 107 132 107 114 201 114 201 64 187 64 187 82 93 0 0x1.8p2 0 4 82 93 132 107 100 -1 82 93 82 93 32 79 64 187 82 93 1 0x1.48p6 0x1.74p6 0x1.48p6 0x1.74p6
DOORGENERAL 4 -96 -55 -12 -39 -12 -39 -32 67 -32 67 -116 51 -116 51 -96 -55 4 72 -23 156 -7 156 -7 136 99 136 99 52 83 52 83 72 -23 1 0x1.9p2 -1 0 0
DOORGENERAL 4 -29 -77 27 -63 27 -63 11 -3 11 -3 -45 -17 -45 -17 -29 -77 4 -15 -74 41 -60 41 -60 25 0 25 0 -31 -14 -31 -14 -15 -74 0 0x1.ap2 2 4 -29 -77 27 -63 27 -63 11 -3 25 0 -31 -14 -31 -14 -15 -74 1 -0x1.0p1 -0x1.34p5 -0x1.0p1 -0x1.34p5
DOORGENERAL 4 -43 -73 41 -63 41 -63 27 27 27 27 -57 17 -57 17 -43 -73 4 41 -63 125 -53 125 -53 111 37 111 37 27 27 27 27 41 -63 1 0x1.1p3 1 4 41 -63 125 -53 41 -63 27 27 111 37 27 27 27 27 41 -63 1 0x1.3b16af3dcfad6p5 -0x1.a4ff8b1fa4c82p5 0x1.c9d2a18460a55p4 0x1.09ff163f49904p4
DOORGENERAL 4 24 -31 150 -17 150 -17 136 71 136 71 10 57 10 57 24 -31 4 136 71 262 85 262 85 248 173 248 173 122 159 122 159 136 71 1 0x1.8p0 0 4 136 71 262 85 150 -17 136 71 136 71 10 57 122 159 136 71 1 0x1.1p7 0x1.1cp6 0x1.1p7 0x1.1cp6
DOORGENERAL 4 -59 -63 77 -39 77 -39 63 19 63 19 -73 -5 -73 -5 -59 -63 4 213 -15 349 9 349 9 335 67 335 67 199 43 199 43 213 -15 1 0x1.8p2 -1 0 0
DOORGENERAL 4 -96 -60 26 -44 26 -44 0 56 0 56 -122 40 -122 40 -96 -60 4 -66 -56 56 -40 56 -40 30 60 30 60 -92 44 -92 44 -66 -56 0 0x1.fp2 2 4 -66 -56 56 -40 26 -44 0 56 0 56 -122 40 -92 44 -66 -56 1 -0x1.08p5 0x0.0p0 -0x1.08p5 0x0.0p0
DOORGENERAL 4 -32 -140 66 -124 66 -124 48 -16 48 -16 -50 -32 -50 -32 -32 -140 4 66 -124 164 -108 164 -108 146 0 146 0 48 -16 48 -16 66 -124 0 0x1.08p3 1 4 66 -124 164 -108 66 -124 48 -16 146 0 48 -16 48 -16 66 -124 2 0x1.014277dddf259p6 -0x1.c78ecf333ae18p6 0x1.c8p5 -0x1.18p6 0x1.c8p5 -0x1.18p6 0x1.8d7b104441b4ep5 -0x1.a1c4c3331479cp4
DOORGENERAL 4 -15 31 113 47 113 47 89 93 89 93 -39 77 -39 77 -15 31 4 89 93 217 109 217 109 193 155 193 155 65 139 65 139 89 93 0 0x1.0p-1 0 4 89 93 217 109 113 47 89 93 89 93 -39 77 65 139 89 93 1 0x1.64p6 0x1.74p6 0x1.64p6 0x1.74p6
DOORGENERAL 4 -61 -45 73 -23 73 -23 53 69 53 69 -81 47 -81 47 -61 -45 4 207 -1 341 21 341 21 321 113 321 113 187 91 187 91 207 -1 0 0x1.ap1 -1 0 0
DOORGENERAL 4 37 -67 131 -49 131 -49 117 77 117 77 23 59 23 59 37 -67 4 60 -63 154 -45 154 -45 140 81 140 81 46 63 46 63 60 -63 0 0x1.0p0 2 4 37 -67 131 -49 131 -49 117 77 140 81 46 63 46 63 60 -63 1 0x1.62p6 0x1.c000000000004p2 0x1.62p6 0x1.c000000000004p2
DOORGENERAL 4 -82 -144 -12 -126 -12 -126 -24 -10 -24 -10 -94 -28 -94 -28 -82 -144 4 -12 -126 58 -108 58 -108 46 8 46 8 -24 -10 -24 -10 -12 -126 1 0x1.6p2 1 4 -12 -126 58 -108 -12 -126 -24 -10 46 8 -24 -10 -24 -10 -12 -126 2 -0x1.98b21fb4279e3p3 -0x1.da28c45ba5763p6 -0x1.2p4 -0x1.1p6 -0x1.2p4 -0x1.1p6 -0x1.73a6f025ec30ep4 -0x1.175cee916a274p4
DOORGENERAL 4 -107 19 -1 35 -1 35 -27 79 -27 79 -133 63 -133 63 -107 19 4 -27 79 79 95 79 95 53 139 53 139 -53 123 -53 123 -27 79 1 0x1.0p-2 0 4 -27 79 79 95 -1 35 -27 79 -27 79 -133 63 -53 123 -27 79 1 -0x1.bp4 0x1.3cp6 -0x1.bp4 0x1.3cp6
DOORGENERAL 4 -53 -16 21 -6 21 -6 15 96 15 96 -59 86 -59 86 -53 -16 4 95 4 169 14 169 14 163 116 163 116 89 106 89 106 95 4 1 0x1.0p-2 -1 0 0
DOORGENERAL 4 -96 -130 40 -104 40 -104 16 14 16 14 -120 -12 -120 -12 -96 -130 4 -62 -124 74 -98 74 -98 50 20 50 20 -86 -6 -86 -6 -62 -124 1 0x1.0p-2 2 4 -96 -130 40 -104 40 -104 16 14 50 20 -86 -6 -86 -6 -62 -124 8 -0x1.e7dcb81cac084p5 -0x1.e64207f280f82p6 -0x1.9be58a1581063p5 -0x1.a3b185f5e0ba2p6 -0x1.9be58a1581063p5 -0x1.a3b185f5e0ba2p6 -0x1.4fee5c0e56042p5 -0x1.612103f9407c1p6 -0x1.4fee5c0e56042p5 -0x1.612103f9407c1p6 -0x1.03f72e072b021p5 -0x1.1e9081fca03ep6 -0x1.03f72e072b021p5 -0x1.1e9081fca03ep6 -0x1.7p4 -0x1.b8p5 -0x1.7p4 -0x1.b8p5 -0x1.b02347e353f7cp3 -0x1.32defc06bf84p5 -0x1.b02347e353f7cp3 -0x1.32defc06bf84p5 -0x1.008d1f8d4fdfp2 -0x1.5b7bf01afe0f8p4 -0x1.008d1f8d4fdfp2 -0x1.5b7bf01afe0f8p4 0x1.5f2c50ac0831p2 -0x1.44e7a0a1f45fp2 0x1.5f2c50ac0831p2 -0x1.44e7a0a1f45fp2 0x1.df72e072b0214p3 0x1.72103f9407c08p3
DOORGENERAL 4 -4 -49 86 -23 86 -23 62 25 62 25 -28 -1 -28 -1 -4 -49 4 86 -23 176 3 176 3 152 51 152 51 62 25 62 25 86 -23 1 0x1.cp2 1 4 86 -23 176 3 86 -23 62 25 152 51 62 25 62 25 86 -23 1 0x1.47e67ac0c40a3p6 -0x1.de67ac0c40a36p3 0x1.0819853f3bf5cp6 0x1.0f33d6062051cp4
DOORGENERAL 4 -52 -18 86 -8 86 -8 68 34 68 34 -70 24 -70 24 -52 -18 4 68 34 206 44 206 44 188 86 188 86 50 76 50 76 68 34 0 0x1.cp1 0 4 68 34 206 44 86 -8 68 34 68 34 -70 24 50 76 68 34 1 0x1.1p6 0x1.1p5 0x1.1p6 0x1.1p5
DOORGENERAL 4 -44 -6 84 4 84 4 60 104 60 104 -68 94 -68 94 -44 -6 4 212 14 340 24 340 24 316 124 316 124 188 114 188 114 212 14 1 0x1.2p2 -1 0 0
DOORGENERAL 4 -69 -48 65 -28 65 -28 45 96 45 96 -89 76 -89 76 -69 -48 4 -36 -43 98 -23 98 -23 78 101 78 101 -56 81 -56 81 -36 -43 0 0x1.1p2 2 4 -36 -43 98 -23 65 -28 45 96 45 96 -89 76 -56 81 -36 -43 1 0x1.2000000000002p2 0x1.a8p4 0x1.2000000000002p2 0x1.a8p4
DOORGENERAL 4 -43 -18 103 2 103 2 83 82 83 82 -63 62 -63 62 -43 -18 4 103 2 249 22 249 22 229 102 229 102 83 82 83 82 103 2 0 0x1.0p-1 1 4 103 2 249 22 103 2 83 82 229 102 83 82 83 82 103 2 4 0x1.99931bda4f8a5p6 0x1.1b39096c1d6b8p2 0x1.86c98ded27c52p6 0x1.7367212d83ad6p4 0x1.86c98ded27c52p6 0x1.7367212d83ad6p4 0x1.74p6 0x1.4ffffffffffffp5 0x1.74p6 0x1.4ffffffffffffp5 0x1.61367212d83aep6 0x1.e64c6f693e292p5 0x1.61367212d83aep6 0x1.e64c6f693e292p5 0x1.4e6ce425b075bp6 0x1.3e4c6f693e294p6
DOORGENERAL 4 -51 -138 73 -122 73 -122 53 -18 53 -18 -71 -34 -71 -34 -51 -138 4 53 -18 177 -2 177 -2 157 102 157 102 33 86 33 86 53 -18 0 0x1.0p2 0 4 53 -18 177 -2 73 -122 53 -18 53 -18 -71 -34 33 86 53 -18 1 0x1.a8p5 -0x1.2p4 0x1.a8p5 -0x1.2p4
DOORGENERAL 4 -49 16 23 32 23 32 9 84 9 84 -63 68 -63 68 -49 16 4 95 48 167 64 167 64 153 116 153 116 81 100 81 100 95 48 0 0x1.1p2 -1 0 0
DOORGENERAL 4 -88 -53 -28 -45 -28 -45 -48 3 -48 3 -108 -5 -108 -5 -88 -53 4 -73 -51 -13 -43 -13 -43 -33 5 -33 5 -93 -3 -93 -3 -73 -51 1 0x1.0p3 2 4 -73 -51 -13 -43 -28 -45 -48 3 -33 5 -93 -3 -93 -3 -73 -51 1 -0x1.f8b3a71066d3fp5 -0x1.8d6d4979a74f7p5 -0x1.2f4c58ef992c1p5 -0x1.7292b68658b09p5
DOORGENERAL 4 -119 -19 -9 5 -9 5 -33 95 -33 95 -143 71 -143 71 -119 -19 4 -9 5 101 29 101 29 77 119 77 119 -33 95 -33 95 -9 5 0 0x1.0p-1 1 4 -9 5 101 29 -9 5 -33 95 77 119 -33 95 -33 95 -9 5 4 -0x1.349cee5b7c959p3 0x1.da98fbae2661dp2 -0x1.ea4e772dbe4adp3 0x1.cb531f75c4cc3p4 -0x1.ea4e772dbe4adp3 0x1.cb531f75c4cc3p4 -0x1.5p4 0x1.9p5 -0x1.5p4 0x1.9p5 -0x1.aad8c46920daap4 0x1.1d2b38228eccep6 -0x1.aad8c46920daap4 0x1.1d2b38228eccep6 -0x1.02d8c46920daap5 0x1.725670451d99ep6
DOORGENERAL 4 -32 -17 88 1 88 1 80 83 80 83 -40 65 -40 65 -32 -17 4 80 83 200 101 200 101 192 183 192 183 72 165 72 165 80 83 0 0x1.ep2 0 4 80 83 200 101 88 1 80 83 80 83 -40 65 72 165 80 83 1 0x1.4p6 0x1.4cp6 0x1.4p6 0x1.4cp6
DOORGENERAL 4 47 -32 99 -14 99 -14 89 80 89 80 37 62 37 62 47 -32 4 151 4 203 22 203 22 193 116 193 116 141 98 141 98 151 4 0 0x1.4p1 -1 0 0
DOORGENERAL 4 -84 -10 2 4 2 4 -22 118 -22 118 -108 104 -108 104 -84 -10 4 -63 -7 23 7 23 7 -1 121 -1 121 -87 107 -87 107 -63 -7 0 0x1.8p1 2 4 -84 -10 2 4 2 4 -22 118 -1 121 -87 107 -87 107 -63 -7 1 -0x1.54p5 0x1.bcp5 -0x1.54p5 0x1.bcp5
DOORGENERAL 4 21 -67 99 -41 99 -41 77 1 77 1 -1 -25 -1 -25 21 -67 4 99 -41 177 -15 177 -15 155 27 155 27 77 1 77 1 99 -41 0 0x1.3p3 1 4 99 -41 177 -15 99 -41 77 1 155 27 77 1 77 1 99 -41 1 0x1.76a7da878ba3p6 -0x1.ed01ca96b5f3cp4 0x1.49582578745dp6 -0x1.25fc6ad294188p3
DOORGENERAL 4 -45 -102 21 -82 21 -82 -1 42 -1 42 -67 22 -67 22 -45 -102 4 -1 42 65 62 65 62 43 186 43 186 -23 166 -23 166 -1 42 0 0x1.8p1 0 4 -1 42 65 62 21 -82 -1 42 -1 42 -67 22 -23 166 -1 42 1 -0x1.0p0 0x1.5p5 -0x1.0p0 0x1.5p5
DOORGENERAL 4 -2 49 86 55 86 55 74 105 74 105 -14 99 -14 99 -2 49 4 174 61 262 67 262 67 250 117 250 117 162 111 162 111 174 61 0 0x1.1p2 -1 0 0
DOORGENERAL 4 -100 -127 12 -111 12 -111 -14 -9 -14 -9 -126 -25 -126 -25 -100 -127 4 -72 -123 40 -107 40 -107 14 -5 14 -5 -98 -21 -98 -21 -72 -123 0 0x1.ep2 2 4 -72 -123 40 -107 12 -111 -14 -9 14 -5 -98 -21 -98 -21 -72 -123 1 -0x1.58p5 -0x1.08p6 -0x1.58p5 -0x1.08p6
DOORGENERAL 4 0 -85 52 -69 52 -69 28 33 28 33 -24 17 -24 17 0 -85 4 52 -69 104 -53 104 -53 80 49 80 49 28 33 28 33 52 -69 0 0x1.2p1 1 4 52 -69 104 -53 52 -69 28 33 80 49 28 33 28 33 52 -69 3 0x1.9836710f45239p5 -0x1.0373b04072eb9p6 0x1.5d677b05170bep5 -0x1.0cf7cad5a1f25p5 0x1.5d677b05170bep5 -0x1.0cf7cad5a1f25p5 0x1.229884fae8f42p5 -0x1.308352a5e0d8p1 0x1.229884fae8f42p5 -0x1.308352a5e0d8p1 0x1.cf931de175b8ep4 0x1.cdcec101cbae8p4
DOORGENERAL 4 -7 -106 133 -84 133 -84 109 10 109 10 -31 -12 -31 -12 -7 -106 4 109 10 249 32 249 32 225 126 225 126 85 104 85 104 109 10 0 0x1.3p3 0 4 109 10 249 32 133 -84 109 10 109 10 -31 -12 85 104 109 10 1 0x1.b4p6 0x1.4p3 0x1.b4p6 0x1.4p3
DOORGENERAL 4 -56 -40 0 -30 0 -30 -24 76 -24 76 -80 66 -80 66 -56 -40 4 56 -20 112 -10 112 -10 88 96 88 96 32 86 32 86 56 -20 0 0x1.fp2 -1 0 0
DOORGENERAL 4 35 -94 127 -68 127 -68 107 -6 107 -6 15 -32 15 -32 35 -94 4 58 -88 150 -62 150 -62 130 0 130 0 38 -26 38 -26 58 -88 1 0x1.bp2 2 4 35 -94 127 -68 127 -68 107 -6 130 0 38 -26 38 -26 58 -88 2 0x1.f32e83ab76cd7p5 -0x1.4042a8fc381c1p6 0x1.4ap6 -0x1.78p5 0x1.4ap6 -0x1.78p5 0x1.9a68be2a44994p6 -0x1.bdeab81e3f1f8p3
DOORGENERAL 4 -82 -90 64 -82 64 -82 56 40 56 40 -90 32 -90 32 -82 -90 4 64 -82 210 -74 210 -74 202 48 202 48 56 40 56 40 64 -82 1 0x0.0p0 1 4 64 -82 210 -74 64 -82 56 40 202 48 56 40 56 40 64 -82 7 0x1.fef3fc45b2173p5 -0x1.400463936df0dp6 0x1.f61bfd565aa2ep5 -0x1.f92ad764e6337p5 0x1.f61bfd565aa2ep5 -0x1.f92ad764e6337p5 0x1.ed43fe67032e8p5 -0x1.724ce7a2f0854p5 0x1.ed43fe67032e8p5 -0x1.724ce7a2f0854p5 0x1.e46bff77abba3p5 -0x1.d6ddefc1f5ae2p4 0x1.e46bff77abba3p5 -0x1.d6ddefc1f5ae2p4 0x1.db9400885445dp5 -0x1.9244207c14a38p3 0x1.db9400885445dp5 -0x1.9244207c14a38p3 0x1.d2bc0198fcd18p5 0x1.12673d17842ap2 0x1.d2bc0198fcd18p5 0x1.12673d17842ap2 0x1.c9e402a9a55d2p5 0x1.5255aec9cc67p4 0x1.c9e402a9a55d2p5 0x1.5255aec9cc67p4 0x1.c10c03ba4de8dp5 0x1.3008c726dbe1ap5
DOORGENERAL 4 -88 -28 44 -6 44 -6 32 94 32 94 -100 72 -100 72 -88 -28 4 32 94 164 116 164 116 152 216 152 216 20 194 20 194 32 94 1 0x1.4p1 0 4 32 94 164 116 44 -6 32 94 32 94 -100 72 20 194 32 94 1 0x1.0p5 0x1.78p6 0x1.0p5 0x1.78p6
DOORGENERAL 4 -86 -86 60 -72 60 -72 46 10 46 10 -100 -4 -100 -4 -86 -86 4 206 -58 352 -44 352 -44 338 38 338 38 192 24 192 24 206 -58 1 0x1.0p-2 -1 0 0
DOORGENERAL 4 -95 19 17 41 17 41 -5 95 -5 95 -117 73 -117 73 -95 19 4 -67 24 45 46 45 46 23 100 23 100 -89 78 -89 78 -67 24 0 0x1.28p3 2 4 -95 19 17 41 17 41 -5 95 23 100 -89 78 -89 78 -67 24 1 -0x1.2p5 0x1.dcp5 -0x1.2p5 0x1.dcp5
DOORGENERAL 4 -115 -113 -5 -95 -5 -95 -15 9 -15 9 -125 -9 -125 -9 -115 -113 4 -5 -95 105 -77 105 -77 95 27 95 27 -15 9 -15 9 -5 -95 1 0x1.cp1 1 4 -5 -95 105 -77 -5 -95 -15 9 95 27 -15 9 -15 9 -5 -95 2 -0x1.61b0d61d7e34cp2 -0x1.6619db39a12a8p6 -0x1.4p3 -0x1.58p5 -0x1.4p3 -0x1.58p5 -0x1.cf2794f140e5ap3 0x1.c33b6734255p1
DOORGENERAL 4 30 -38 114 -30 114 -30 104 82 104 82 20 74 20 74 30 -38 4 104 82 188 90 188 90 178 202 178 202 94 194 94 194 104 82 1 0x1.0p2 0 4 104 82 188 90 114 -30 104 82 104 82 20 74 94 194 104 82 1 0x1.ap6 0x1.48p6 0x1.ap6 0x1.48p6
DOORGENERAL 4 -22 -33 40 -27 40 -27 20 59 20 59 -42 53 -42 53 -22 -33 4 102 -21 164 -15 164 -15 144 71 144 71 82 65 82 65 102 -21 0 0x1.4p2 -1 0 0
DOORGENERAL 4 10 -25 106 -11 106 -11 86 117 86 117 -10 103 -10 103 10 -25 4 34 -22 130 -8 130 -8 110 120 110 120 14 106 14 106 34 -22 0 0x1.5p2 2 4 10 -25 106 -11 106 -11 86 117 110 120 14 106 14 106 34 -22 1 0x1.ep5 0x1.7cp5 0x1.ep5 0x1.7cp5
DOORGENERAL 4 -45 -93 11 -79 11 -79 5 31 5 31 -51 17 -51 17 -45 -93 4 11 -79 67 -65 67 -65 61 45 61 45 5 31 5 31 11 -79 0 0x1.bp2 1 4 11 -79 67 -65 11 -79 5 31 61 45 5 31 5 31 11 -79 2 0x1.50bffc317fd71p3 -0x1.190d4c9c1a4cfp6 0x1.0p3 -0x1.8000000000004p4 0x1.0p3 -0x1.8000000000004p4 0x1.5e80079d0051dp2 0x1.6435327069338p4
DOORGENERAL 4 18 -92 110 -80 110 -80 92 -10 92 -10 0 -22 0 -22 18 -92 4 92 -10 184 2 184 2 166 72 166 72 74 60 74 60 92 -10 0 0x1.7p2 0 4 92 -10 184 2 110 -80 92 -10 92 -10 0 -22 74 60 92 -10 1 0x1.7p6 -0x1.4p3 0x1.7p6 -0x1.4p3
DOORGENERAL 4 -114 -53 8 -33 8 -33 -10 9 -10 9 -132 -11 -132 -11 -114 -53 4 130 -13 252 7 252 7 234 49 234 49 112 29 112 29 130 -13 1 0x1.cp1 -1 0 0
DOORGENERAL 4 -32 -21 54 -11 54 -11 34 37 34 37 -52 27 -52 27 -32 -21 4 -11 -19 75 -9 75 -9 55 39 55 39 -31 29 -31 29 -11 -19 0 0x1.8p2 2 4 -32 -21 54 -11 54 -11 34 37 55 39 -31 29 -31 29 -11 -19 1 0x1.7p3 0x1.2p3 0x1.7p3 0x1.2p3
DOORGENERAL 4 19 -11 119 -1 119 -1 93 91 93 91 -7 81 -7 81 19 -11 4 119 -1 219 9 219 9 193 101 193 101 93 91 93 91 119 -1 0 0x1.3p3 1 4 119 -1 219 9 119 -1 93 91 193 101 93 91 93 91 119 -1 1 0x1.cf7d6f2eb546ep6 0x1.42213e8708298p3 0x1.808290d14ab92p6 0x1.3fbbd82f1efadp6
DOORGENERAL 4 -6 -49 142 -27 142 -27 134 89 134 89 -14 67 -14 67 -6 -49 4 134 89 282 111 282 111 274 227 274 227 126 205 126 205 134 89 0 0x1.4p2 0 4 134 89 282 111 142 -27 134 89 134 89 -14 67 126 205 134 89 1 0x1.0cp7 0x1.64p6 0x1.0cp7 0x1.64p6
DOORGENERAL 4 -92 -27 -14 -17 -14 -17 -22 55 -22 55 -100 45 -100 45 -92 -27 4 64 -7 142 3 142 3 134 75 134 75 56 65 56 65 64 -7 0 0x1.6p1 -1 0 0
DOORGENERAL 4 -111 -97 -19 -79 -19 -79 -37 -7 -37 -7 -129 -25 -129 -25 -111 -97 4 -88 -93 4 -75 4 -75 -14 -3 -14 -3 -106 -21 -106 -21 -88 -93 0 0x1.cp2 2 4 -111 -97 -19 -79 -19 -79 -37 -7 -14 -3 -106 -21 -106 -21 -88 -93 1 -0x1.f4p5 -0x1.8ffffffffffffp5 -0x1.f4p5 -0x1.8ffffffffffffp5
DOORGENERAL 4 -26 -41 86 -15 86 -15 74 69 74 69 -38 43 -38 43 -26 -41 4 86 -15 198 11 198 11 186 95 186 95 74 69 74 69 86 -15 1 0x1.ap1 1 4 86 -15 198 11 86 -15 74 69 186 95 74 69 74 69 86 -15 2 0x1.5507b8028c19cp6 -0x1.39b0408ea5a22p3 0x1.4p6 0x1.affffffffffffp4 0x1.4p6 0x1.affffffffffffp4 0x1.2af847fd73e64p6 0x1.fe6c1023a9688p5
DOORGENERAL 4 21 -144 135 -118 135 -118 109 -10 109 -10 -5 -36 -5 -36 21 -144 4 109 -10 223 16 223 16 197 124 197 124 83 98 83 98 109 -10 0 0x1.4p0 0 4 109 -10 223 16 135 -118 109 -10 109 -10 -5 -36 83 98 109 -10 1 0x1.b4p6 -0x1.4p3 0x1.b4p6 -0x1.4p3
DOORGENERAL 4 -82 -105 -32 -81 -32 -81 -38 -23 -38 -23 -88 -47 -88 -47 -82 -105 4 18 -57 68 -33 68 -33 62 25 62 25 12 1 12 1 18 -57 1 0x1.fp2 -1 0 0
DOORGENERAL 4 -46 -56 68 -32 68 -32 42 20 42 20 -72 -4 -72 -4 -46 -56 4 -18 -50 96 -26 96 -26 70 26 70 26 -44 2 -44 2 -18 -50 1 0x1.cp1 2 4 -18 -50 96 -26 68 -32 42 20 42 20 -72 -4 -44 2 -18 -50 3 0x1.f57fdb0e3956cp5 -0x1.e50672ef8a23p4 0x1.ce553cb42639ep4 -0x1.41acd0fa8361p4 0x1.ce553cb42639ep4 -0x1.41acd0fa8361p4 -0x1.3954f2d098e7p2 -0x1.3ca65e0af93ep3 -0x1.3954f2d098e7p2 -0x1.3ca65e0af93ep3 -0x1.357fdb0e3956cp5 0x1.419cbbe288cp-2
DOORGENERAL 4 -78 -12 60 -2 60 -2 40 38 40 38 -98 28 -98 28 -78 -12 4 60 -2 198 8 198 8 178 48 178 48 40 38 40 38 60 -2 0 0x1.2p2 1 4 60 -2 198 8 60 -2 40 38 178 48 40 38 40 38 60 -2 1 0x1.c8beb14f540ecp5 0x1.e829d6157e28p1 0x1.57414eb0abf14p5 0x1.017d629ea81d8p5
DOORGENERAL 4 -38 -32 46 -12 46 -12 26 30 26 30 -58 10 -58 10 -38 -32 4 26 30 110 50 110 50 90 92 90 92 6 72 6 72 26 30 0 0x1.1p3 0 4 26 30 110 50 46 -12 26 30 26 30 -58 10 6 72 26 30 1 0x1.ap4 0x1.ep4 0x1.ap4 0x1.ep4
DOORGENERAL 4 -40 -131 102 -123 102 -123 84 -11 84 -11 -58 -19 -58 -19 -40 -131 4 244 -115 386 -107 386 -107 368 5 368 5 226 -3 226 -3 244 -115 0 0x1.38p3 -1 0 0
DOORGENERAL 4 -109 -55 -25 -35 -25 -35 -31 5 -31 5 -115 -15 -115 -15 -109 -55 4 -88 -50 -4 -30 -4 -30 -10 10 -10 10 -94 -10 -94 -10 -88 -50 1 0x1.18p3 2 4 -88 -50 -4 -30 -25 -35 -31 5 -10 10 -94 -10 -94 -10 -88 -50 1 -0x1.362b59646ef96p6 -0x1.7c14a478f7e48p5 -0x1.1ba94d37220d4p5 -0x1.2beb5b87081b8p5
DOORGENERAL 4 -64 -115 34 -93 34 -93 12 23 12 23 -86 1 -86 1 -64 -115 4 34 -93 132 -71 132 -71 110 45 110 45 12 23 12 23 34 -93 1 0x1.1p3 1 4 34 -93 132 -71 34 -93 12 23 110 45 12 23 12 23 34 -93 2 0x1.005914c741c6ap5 -0x1.4abc4e0d50518p6 0x1.7p4 -0x1.18p5 0x1.7p4 -0x1.18p5 0x1.be9bace2f8e56p3 0x1.95e2706a828cp3
DOORGENERAL 4 28 -105 120 -87 120 -87 96 -3 96 -3 4 -21 4 -21 28 -105 4 96 -3 188 15 188 15 164 99 164 99 72 81 72 81 96 -3 0 0x1.6p2 0 4 96 -3 188 15 120 -87 96 -3 96 -3 4 -21 72 81 96 -3 1 0x1.8p6 -0x1.8p1 0x1.8p6 -0x1.8p1
DOORGENERAL 4 21 -72 151 -56 151 -56 129 34 129 34 -1 18 -1 18 21 -72 4 281 -40 411 -24 411 -24 389 66 389 66 259 50 259 50 281 -40 0 0x1.0p-2 -1 0 0
DOORGENERAL 4 -17 11 121 27 121 27 115 95 115 95 -23 79 -23 79 -17 11 4 17 15 155 31 155 31 149 99 149 99 11 83 11 83 17 15 1 0x1.1p2 2 4 17 15 155 31 121 27 115 95 115 95 -23 79 11 83 17 15 2 0x1.cdb112f76b49fp6 0x1.de374385033b1p4 0x1.08p6 0x1.b8p5 0x1.08p6 0x1.b8p5 0x1.093bb42252d88p4 0x1.40722f1ebf313p6
DOORGENERAL 4 41 21 119 47 119 47 97 115 97 115 19 89 19 89 41 21 4 119 47 197 73 197 73 175 141 175 141 97 115 97 115 119 47 1 0x1.cp0 1 4 119 47 197 73 119 47 97 115 175 141 97 115 97 115 119 47 2 0x1.d761f858bc7acp6 0x1.948b1809fe7d6p5 0x1.bp6 0x1.44p6 0x1.bp6 0x1.44p6 0x1.889e07a743854p6 0x1.bdba73fb00c15p6
DOORGENERAL 4 40 1 116 25 116 25 102 69 102 69 26 45 26 45 40 1 4 102 69 178 93 178 93 164 137 164 137 88 113 88 113 102 69 1 0x1.5p2 0 4 102 69 178 93 116 25 102 69 102 69 26 45 88 113 102 69 1 0x1.98p6 0x1.14p6 0x1.98p6 0x1.14p6
DOORGENERAL 4 -83 -70 55 -44 55 -44 49 44 49 44 -89 18 -89 18 -83 -70 4 193 -18 331 8 331 8 325 96 325 96 187 70 187 70 193 -18 1 0x1.4p2 -1 0 0
DOORGENERAL 4 -96 -7 6 5 6 5 -10 119 -10 119 -112 107 -112 107 -96 -7 4 -71 -4 31 8 31 8 15 122 15 122 -87 110 -87 110 -71 -4 0 0x1.8p1 2 4 -71 -4 31 8 6 5 -10 119 -10 119 -112 107 -87 110 -71 -4 1 -0x1.44p5 0x1.ccp5 -0x1.44p5 0x1.ccp5
DOORGENERAL 4 -33 -90 37 -68 37 -68 11 6 11 6 -59 -16 -59 -16 -33 -90 4 37 -68 107 -46 107 -46 81 28 81 28 11 6 11 6 37 -68 1 0x1.3p3 1 4 37 -68 107 -46 37 -68 11 6 81 28 11 6 11 6 37 -68 1 0x1.0980d7832f31p5 -0x1.c933a0755eedep5 0x1.d9fca1f3433c2p3 -0x1.3662fc550891p2
DOORGENERAL 4 29 -79 131 -59 131 -59 123 39 123 39 21 19 21 19 29 -79 4 123 39 225 59 225 59 217 157 217 157 115 137 115 137 123 39 1 0x1.4p3 0 4 123 39 225 59 131 -59 123 39 123 39 21 19 115 137 123 39 1 0x1.ecp6 0x1.38p5 0x1.ecp6 0x1.38p5
DOORGENERAL 4 -110 -144 36 -118 36 -118 30 4 30 4 -116 -22 -116 -22 -110 -144 4 182 -92 328 -66 328 -66 322 56 322 56 176 30 176 30 182 -92 1 0x1.cp0 -1 0 0
DOORGENERAL 4 -95 -15 53 7 53 7 33 85 33 85 -115 63 -115 63 -95 -15 4 -58 -10 90 12 90 12 70 90 70 90 -78 68 -78 68 -58 -10 0 0x1.7p2 2 4 -95 -15 53 7 53 7 33 85 70 90 -78 68 -78 68 -58 -10 1 -0x1.9p3 0x1.2cp5 -0x1.9p3 0x1.2cp5
DOORGENERAL 4 -55 -33 59 -25 59 -25 41 59 41 59 -73 51 -73 51 -55 -33 4 59 -25 173 -17 173 -17 155 67 155 67 41 59 41 59 59 -25 1 0x1.fp2 1 4 59 -25 173 -17 59 -25 41 59 155 67 41 59 41 59 59 -25 1 0x1.c7a81f872a897p5 -0x1.eeecf7306f5aep3 0x1.5857e078d5769p5 0x1.8bbb3dcc1bd6cp5
DOORGENERAL 4 -28 -80 82 -54 82 -54 64 -4 64 -4 -46 -30 -46 -30 -28 -80 4 64 -4 174 22 174 22 156 72 156 72 46 46 46 46 64 -4 1 0x1.2p1 0 4 64 -4 174 22 82 -54 64 -4 64 -4 -46 -30 46 46 64 -4 1 0x1.0p6 -0x1.0p2 0x1.0p6 -0x1.0p2
DOORGENERAL 4 -86 -34 52 -24 52 -24 44 98 44 98 -94 88 -94 88 -86 -34 4 190 -14 328 -4 328 -4 320 118 320 118 182 108 182 108 190 -14 1 0x1.cp1 -1 0 0
DOORGENERAL 4 -131 11 3 19 3 19 -21 109 -21 109 -155 101 -155 101 -131 11 4 -98 13 36 21 36 21 12 111 12 111 -122 103 -122 103 -98 13 0 0x1.18p3 2 4 -98 13 36 21 3 19 -21 109 -21 109 -155 101 -122 103 -98 13 1 -0x1.dcp5 0x1.e8p5 -0x1.dcp5 0x1.e8p5
DOORGENERAL 4 -57 -131 63 -109 63 -109 51 -23 51 -23 -69 -45 -69 -45 -57 -131 4 63 -109 183 -87 183 -87 171 -1 171 -1 51 -23 51 -23 63 -109 0 0x1.cp2 1 4 63 -109 183 -87 63 -109 51 -23 171 -1 51 -23 51 -23 63 -109 1 0x1.ee0cc54f343cbp5 -0x1.90586db125d96p6 0x1.a1f33ab0cbc35p5 -0x1.fe9e493b689a8p4
DOORGENERAL 4 -43 -30 11 -4 11 -4 -7 124 -7 124 -61 98 -61 98 -43 -30 4 -7 124 47 150 47 150 29 278 29 278 -25 252 -25 252 -7 124 1 0x1.4p0 0 4 -7 124 47 150 11 -4 -7 124 -7 124 -61 98 -25 252 -7 124 1 -0x1.cp2 0x1.fp6 -0x1.cp2 0x1.fp6
DOORGENERAL 4 -126 8 -18 26 -18 26 -28 68 -28 68 -136 50 -136 50 -126 8 4 90 44 198 62 198 62 188 104 188 104 80 86 80 86 90 44 0 0x1.dp2 -1 0 0
DOORGENERAL 4 -83 -44 -31 -26 -31 -26 -47 62 -47 62 -99 44 -99 44 -83 -44 4 -70 -40 -18 -22 -18 -22 -34 66 -34 66 -86 48 -86 48 -70 -40 1 0x1.1p2 2 4 -83 -44 -31 -26 -31 -26 -47 62 -34 66 -86 48 -86 48 -70 -40 2 -0x1.12c149ce002ebp6 -0x1.0b805f02bd696p5 -0x1.d4p5 0x1.6p3 -0x1.d4p5 0x1.6p3 -0x1.827d6c63ffa2ap5 0x1.bb805f02bd697p5
DOORGENERAL 4 4 -94 104 -74 104 -74 86 -10 86 -10 -14 -30 -14 -30 4 -94 4 104 -74 204 -54 204 -54 186 10 186 10 86 -10 86 -10 104 -74 0 0x1.1p3 1 4 104 -74 204 -54 104 -74 86 -10 186 10 86 -10 86 -10 104 -74 1 0x1.94a0f18cf32bep6 -0x1.ff23277888546p5 0x1.635f0e730cd42p6 -0x1.41b9b10eef574p4
DOORGENERAL 4 -35 -41 33 -27 33 -27 13 45 13 45 -55 31 -55 31 -35 -41 4 13 45 81 59 81 59 61 131 61 131 -7 117 -7 117 13 45 0 0x1.8p2 0 4 13 45 81 59 33 -27 13 45 13 45 -55 31 -7 117 13 45 1 0x1.ap3 0x1.68p5 0x1.ap3 0x1.68p5
DOORGENERAL 4 -114 -117 -32 -99 -32 -99 -42 -29 -42 -29 -124 -47 -124 -47 -114 -117 4 50 -81 132 -63 132 -63 122 7 122 7 40 -11 40 -11 50 -81 1 0x1.8p2 -1 0 0
DOORGENERAL 4 -49 -14 17 -6 17 -6 -1 106 -1 106 -67 98 -67 98 -49 -14 4 -33 -12 33 -4 33 -4 15 108 15 108 -51 100 -51 100 -33 -12 1 0x1.8p2 2 4 -33 -12 33 -4 17 -6 -1 106 -1 106 -67 98 -51 100 -33 -12 2 0x1.95622bc0a745ap3 0x1.952b9c4a1038p-1 -0x1.0ffffffffffffp4 0x1.78p5 -0x1.0ffffffffffffp4 0x1.78p5 -0x1.75588af029d16p5 0x1.74d5a8c76bdf9p6
DOORGENERAL 4 -120 -153 -28 -127 -28 -127 -38 3 -38 3 -130 -23 -130 -23 -120 -153 4 -28 -127 64 -101 64 -101 54 29 54 29 -38 3 -38 3 -28 -127 1 0x1.1p3 1 4 -28 -127 64 -101 -28 -127 -38 3 54 29 -38 3 -38 3 -28 -127 2 -0x1.cce2902257d83p4 -0x1.d21fab9062815p6 -0x1.08p5 -0x1.efffffffffffep5 -0x1.08p5 -0x1.efffffffffffep5 -0x1.298eb7eed413ep5 -0x1.de0546f9d7eap2
DOORGENERAL 4 13 -40 79 -32 79 -32 59 14 59 14 -7 6 -7 6 13 -40 4 59 14 125 22 125 22 105 68 105 68 39 60 39 60 59 14 0 0x1.1p2 0 4 59 14 125 22 79 -32 59 14 59 14 -7 6 39 60 59 14 1 0x1.d8p5 0x1.cp3 0x1.d8p5 0x1.cp3
DOORGENERAL 4 0 -87 102 -81 102 -81 92 -1 92 -1 -10 -7 -10 -7 0 -87 4 204 -75 306 -69 306 -69 296 11 296 11 194 5 194 5 204 -75 1 0x1.bp2 -1 0 0
DOORGENERAL 4 -105 13 45 33 45 33 33 141 33 141 -117 121 -117 121 -105 13 4 -68 18 82 38 82 38 70 146 70 146 -80 126 -80 126 -68 18 1 0x1.6p1 2 4 -68 18 82 38 45 33 33 141 33 141 -117 121 -80 126 -68 18 4 0x1.4970a0588dafep5 0x1.1f307a75b4b66p5 0x1.7ae140b11b5f8p3 0x1.cd983d3ada5b3p5 0x1.7ae140b11b5f8p3 0x1.cd983d3ada5b3p5 -0x1.1800000000004p4 0x1.3ep6 -0x1.1800000000004p4 0x1.3ep6 -0x1.76b8502c46d8p5 0x1.9533e16292d27p6 -0x1.76b8502c46d8p5 0x1.9533e16292d27p6 -0x1.30b8502c46d8p6 0x1.ec67c2c525a4dp6
DOORGENERAL 4 -74 -3 -14 3 -14 3 -20 61 -20 61 -80 55 -80 55 -74 -3 4 -14 3 46 9 46 9 40 67 40 67 -20 61 -20 61 -14 3 1 0x1.0p-2 1 4 -14 3 46 9 -14 3 -20 61 40 67 -20 61 -20 61 -14 3 3 -0x1.c768a31c72491p3 0x1.4f3c517b4c2f2p2 -0x1.013c1b2f68618p4 0x1.714506ca46594p4 -0x1.013c1b2f68618p4 0x1.714506ca46594p4 -0x1.1ec3e4d0979e8p4 0x1.475d7c9adcd36p5 -0x1.1ec3e4d0979e8p4 0x1.475d7c9adcd36p5 -0x1.3c4bae71c6db8p4 0x1.d61875d0967a2p5
DOORGENERAL 4 42 -88 128 -64 128 -64 116 -6 116 -6 30 -30 30 -30 42 -88 4 116 -6 202 18 202 18 190 76 190 76 104 52 104 52 116 -6 0 0x1.ep1 0 4 116 -6 202 18 128 -64 116 -6 116 -6 30 -30 104 52 116 -6 1 0x1.dp6 -0x1.8p2 0x1.dp6 -0x1.8p2
DOORGENERAL 4 -39 -111 101 -85 101 -85 83 13 83 13 -57 -13 -57 -13 -39 -111 4 241 -59 381 -33 381 -33 363 65 363 65 223 39 223 39 241 -59 1 0x1.6p2 -1 0 0
DOORGENERAL 4 -3 -105 105 -85 105 -85 79 -41 79 -41 -29 -61 -29 -61 -3 -105 4 24 -100 132 -80 132 -80 106 -36 106 -36 -2 -56 -2 -56 24 -100 1 0x1.28p3 2 4 24 -100 132 -80 105 -85 79 -41 106 -36 -2 -56 -2 -56 24 -100 1 0x1.187ed140c9d22p5 -0x1.87ce54ebc7631p6 0x1.77c0975f9b16fp6 -0x1.5c31ab14389cfp6
DOORGENERAL 4 -126 -76 -2 -58 -2 -58 -12 -2 -12 -2 -136 -20 -136 -20 -126 -76 4 -2 -58 122 -40 122 -40 112 16 112 16 -12 -2 -12 -2 -2 -58 1 0x1.0p1 1 4 -2 -58 122 -40 -2 -58 -12 -2 112 16 -12 -2 -12 -2 -2 -58 2 -0x1.5a013b0675e5bp1 -0x1.b07f91bdbd22dp5 -0x1.cp2 -0x1.ep4 -0x1.cp2 -0x1.ep4 -0x1.697fb13e6286ap3 -0x1.7c03721216e98p2
DOORGENERAL 4 30 -137 140 -115 140 -115 118 -1 118 -1 8 -23 8 -23 30 -137 4 118 -1 228 21 228 21 206 135 206 135 96 113 96 113 118 -1 1 0x1.fp2 0 4 118 -1 228 21 140 -115 118 -1 118 -1 8 -23 96 113 118 -1 1 0x1.d8p6 -0x1.0p0 0x1.d8p6 -0x1.0p0
DOORGENERAL 4 1 -141 101 -121 101 -121 79 -17 79 -17 -21 -37 -21 -37 1 -141 4 201 -101 301 -81 301 -81 279 23 279 23 179 3 179 3 201 -101 0 0x1.3p2 -1 0 0
DOORGENERAL 4 16 -107 140 -95 140 -95 116 5 116 5 -8 -7 -8 -7 16 -107 4 47 -104 171 -92 171 -92 147 8 147 8 23 -4 23 -4 47 -104 1 0x1.5p2 2 4 47 -104 171 -92 140 -95 116 5 147 8 23 -4 23 -4 47 -104 2 0x1.b1baf4fe0901p5 -0x1.9d34e3a12098cp6 0x1.76p6 -0x1.8ep6 0x1.76p6 -0x1.8ep6 0x1.099142c07dbfcp7 -0x1.7ecb1c5edf674p6
DOORGENERAL 4 -60 -133 -6 -115 -6 -115 -18 -25 -18 -25 -72 -43 -72 -43 -60 -133 4 -6 -115 48 -97 48 -97 36 -7 36 -7 -18 -25 -18 -25 -6 -115 1 0x1.0p-1 1 4 -6 -115 48 -97 -6 -115 -18 -25 36 -7 -18 -25 -18 -25 -6 -115 4 -0x1.95256d0cb1611p2 -0x1.c21674e20cda8p6 -0x1.25495b432c584p3 -0x1.6d0b3a71066d4p6 -0x1.25495b432c584p3 -0x1.6d0b3a71066d4p6 -0x1.8p3 -0x1.18p6 -0x1.8p3 -0x1.18p6 -0x1.dab6a4bcd3a7cp3 -0x1.85e98b1df3258p5 -0x1.dab6a4bcd3a7cp3 -0x1.85e98b1df3258p5 -0x1.1ab6a4bcd3a7cp4 -0x1.b7a62c77cc96p4
DOORGENERAL 4 -113 -27 1 -9 1 -9 -11 67 -11 67 -125 49 -125 49 -113 -27 4 -11 67 103 85 103 85 91 161 91 161 -23 143 -23 143 -11 67 0 0x1.0p3 0 4 -11 67 103 85 1 -9 -11 67 -11 67 -125 49 -23 143 -11 67 1 -0x1.6p3 0x1.0cp6 -0x1.6p3 0x1.0cp6
DOORGENERAL 4 -53 -113 73 -97 73 -97 63 -13 63 -13 -63 -29 -63 -29 -53 -113 4 199 -81 325 -65 325 -65 315 19 315 19 189 3 189 3 199 -81 0 0x1.cp2 -1 0 0
DOORGENERAL 4 7 -133 87 -111 87 -111 79 9 79 9 -1 -13 -1 -13 7 -133 4 27 -128 107 -106 107 -106 99 14 99 14 19 -8 19 -8 27 -128 1 0x1.2p1 2 4 7 -133 87 -111 87 -111 79 9 99 14 19 -8 19 -8 27 -128 4 0x1.c7c91513db6ddp4 -0x1.ee28ceeec07fep6 0x1.45f24544f6db7p5 -0x1.6e146777603ffp6 0x1.45f24544f6db7p5 -0x1.6e146777603ffp6 0x1.a8p5 -0x1.dcp5 0x1.a8p5 -0x1.dcp5 0x1.0506dd5d84924p6 -0x1.b7ae62227f004p4 0x1.0506dd5d84924p6 -0x1.b7ae62227f004p4 0x1.360dbabb09248p6 0x1.228ceeec07ffp2
DOORGENERAL 4 -98 -48 28 -24 28 -24 10 76 10 76 -116 52 -116 52 -98 -48 4 28 -24 154 0 154 0 136 100 136 100 10 76 10 76 28 -24 1 0x1.1p2 1 4 28 -24 154 0 28 -24 10 76 136 100 10 76 10 76 28 -24 2 0x1.ae48e21c38c26p4 -0x1.1d94e82b0270dp4 0x1.3p4 0x1.9ffffffffffffp4 0x1.3p4 0x1.9ffffffffffffp4 0x1.636e3bc78e7b4p3 0x1.17653a0ac09c3p6
DOORGENERAL 4 -84 5 -4 31 -4 31 -16 155 -16 155 -96 129 -96 129 -84 5 4 -16 155 64 181 64 181 52 305 52 305 -28 279 -28 279 -16 155 1 0x1.9p2 0 4 -16 155 64 181 -4 31 -16 155 -16 155 -96 129 -28 279 -16 155 1 -0x1.0p4 0x1.36p7 -0x1.0p4 0x1.36p7
DOORGENERAL 4 -129 -126 1 -100 1 -100 -21 -2 -21 -2 -151 -28 -151 -28 -129 -126 4 131 -74 261 -48 261 -48 239 50 239 50 109 24 109 24 131 -74 0 0x1.0p1 -1 0 0
DOORGENERAL 4 9 -115 139 -103 139 -103 125 -35 125 -35 -5 -47 -5 -47 9 -115 4 41 -112 171 -100 171 -100 157 -32 157 -32 27 -44 27 -44 41 -112 1 0x1.8p2 2 4 41 -112 171 -100 139 -103 125 -35 125 -35 -5 -47 27 -44 41 -112 2 0x1.07d239a5d679ep7 -0x1.8ceba6dbe0315p6 0x1.4cp6 -0x1.26p6 0x1.4cp6 -0x1.26p6 0x1.10b71968a618ap5 -0x1.7e28b2483f9d7p5
DOORGENERAL 4 -21 15 31 29 31 29 17 121 17 121 -35 107 -35 107 -21 15 4 31 29 83 43 83 43 69 135 69 135 17 121 17 121 31 29 1 0x1.38p3 1 4 31 29 83 43 31 29 17 121 69 135 17 121 17 121 31 29 1 0x1.d3b7870ec3aap4 0x1.44ee1faaead18p5 0x1.2c4878f13c56p4 0x1.b588f02a8a974p6
DOORGENERAL 4 -76 -141 72 -123 72 -123 52 -11 52 -11 -96 -29 -96 -29 -76 -141 4 52 -11 200 7 200 7 180 119 180 119 32 101 32 101 52 -11 1 0x1.3p2 0 4 52 -11 200 7 72 -123 52 -11 52 -11 -96 -29 32 101 52 -11 1 0x1.ap5 -0x1.6p3 0x1.ap5 -0x1.6p3
DOORGENERAL 4 18 -136 148 -126 148 -126 132 -12 132 -12 2 -22 2 -22 18 -136 4 278 -116 408 -106 408 -106 392 8 392 8 262 -2 262 -2 278 -116 1 0x1.ep1 -1 0 0
DOORGENERAL 4 -73 -57 53 -31 53 -31 45 67 45 67 -81 41 -81 41 -73 -57 4 -42 -51 84 -25 84 -25 76 73 76 73 -50 47 -50 47 -42 -51 1 0x1.38p3 2 4 -73 -57 53 -31 53 -31 45 67 76 73 -50 47 -50 47 -42 -51 2 -0x1.1834c0026b1bep5 -0x1.496a7632fa75dp5 0x1.8p0 0x1.0000000000004p3 0x1.8p0 0x1.0000000000004p3 0x1.3034c0026b1bfp5 0x1.c96a7632fa75fp5
DOORGENERAL 4 -120 -85 -10 -63 -10 -63 -34 51 -34 51 -144 29 -144 29 -120 -85 4 -10 -63 100 -41 100 -41 76 73 76 73 -34 51 -34 51 -10 -63 1 0x1.dp2 1 4 -10 -63 100 -41 -10 -63 -34 51 76 73 -34 51 -34 51 -10 -63 2 -0x1.7cfaa6744bb87p3 -0x1.af965a55e615p5 -0x1.6p4 -0x1.8p2 -0x1.6p4 -0x1.8p2 -0x1.00c15662ed11ep5 0x1.4f965a55e615p5
DOORGENERAL 4 -39 -56 53 -36 53 -36 47 28 47 28 -45 8 -45 8 -39 -56 4 47 28 139 48 139 48 133 112 133 112 41 92 41 92 47 28 1 0x1.8p-1 0 4 47 28 139 48 53 -36 47 28 47 28 -45 8 41 92 47 28 1 0x1.78p5 0x1.cp4 0x1.78p5 0x1.cp4
DOORGENERAL 4 32 -134 148 -114 148 -114 126 6 126 6 10 -14 10 -14 32 -134 4 264 -94 380 -74 380 -74 358 46 358 46 242 26 242 26 264 -94 0 0x1.7p2 -1 0 0
DOORGENERAL 4 -68 -27 60 -17 60 -17 34 69 34 69 -94 59 -94 59 -68 -27 4 -36 -25 92 -15 92 -15 66 71 66 71 -62 61 -62 61 -36 -25 1 0x1.cp0 2 4 -68 -27 60 -17 60 -17 34 69 66 71 -62 61 -62 61 -36 -25 4 -0x1.0f1835500a451p5 -0x1.5850ba06aaaf4p4 -0x1.171835500a451p4 0x1.ebd17e55543p-3 -0x1.171835500a451p4 0x1.ebd17e55543p-3 -0x1.0p0 0x1.6p4 -0x1.0p0 0x1.6p4 0x1.ee306aa0148ap3 0x1.5e142e81aaabcp5 0x1.ee306aa0148ap3 0x1.5e142e81aaabcp5 0x1.fe306aa0148a2p4 0x1.06142e81aaabdp6
DOORGENERAL 4 -105 -16 -29 -2 -29 -2 -47 108 -47 108 -123 94 -123 94 -105 -16 4 -29 -2 47 12 47 12 29 122 29 122 -47 108 -47 108 -29 -2 0 0x1.1p2 1 4 -29 -2 47 12 -29 -2 -47 108 29 122 -47 108 -47 108 -29 -2 2 -0x1.e0261b7adf43ap4 0x1.0abff510dfca4p2 -0x1.3p5 0x1.a7ffffffffffep5 -0x1.3p5 0x1.a7ffffffffffep5 -0x1.6fecf242905e3p5 0x1.975400aef2035p6
DOORGENERAL 4 -1 -81 63 -69 63 -69 37 -23 37 -23 -27 -35 -27 -35 -1 -81 4 37 -23 101 -11 101 -11 75 35 75 35 11 23 11 23 37 -23 1 0x1.2p1 0 4 37 -23 101 -11 63 -69 37 -23 37 -23 -27 -35 11 23 37 -23 1 0x1.28p5 -0x1.7p4 0x1.28p5 -0x1.7p4
DOORGENERAL 4 -37 -50 25 -26 25 -26 5 82 5 82 -57 58 -57 58 -37 -50 4 87 -2 149 22 149 22 129 130 129 130 67 106 67 106 87 -2 0 0x1.9p2 -1 0 0
DOORGENERAL 4 -19 -116 115 -98 115 -98 99 8 99 8 -35 -10 -35 -10 -19 -116 4 14 -112 148 -94 148 -94 132 12 132 12 -2 -6 -2 -6 14 -112 1 0x1.8p1 2 4 -19 -116 115 -98 115 -98 99 8 132 12 -2 -6 -2 -6 14 -112 3 0x1.0d7b4e5fd3041p4 -0x1.ae0798d27d7cap6 0x1.5a3f37baa32b6p5 -0x1.1a02884629d44p6 0x1.5a3f37baa32b6p5 -0x1.1a02884629d44p6 0x1.16e06422ae6a6p6 -0x1.0bfaef73ac57ap5 0x1.16e06422ae6a6p6 -0x1.0bfaef73ac57ap5 0x1.80a12c680b3fp6 0x1.c0f31a4faf94p1
DOORGENERAL 4 -5 -72 141 -52 141 -52 119 4 119 4 -27 -16 -27 -16 -5 -72 4 141 -52 287 -32 287 -32 265 24 265 24 119 4 119 4 141 -52 0 0x1.cp0 1 4 141 -52 287 -32 141 -52 119 4 265 24 119 4 119 4 141 -52 2 0x1.1741f28bc089dp7 -0x1.8413d41a911ddp5 0x1.04p7 -0x1.8p4 0x1.04p7 -0x1.8p4 0x1.e17c1ae87eec7p6 0x1.04f506a44774p-1
DOORGENERAL 4 -30 -80 92 -70 92 -70 76 16 76 16 -46 6 -46 6 -30 -80 4 76 16 198 26 198 26 182 112 182 112 60 102 60 102 76 16 0 0x1.bp2 0 4 76 16 198 26 92 -70 76 16 76 16 -46 6 60 102 76 16 1 0x1.3p6 0x1.0p4 0x1.3p6 0x1.0p4
DOORGENERAL 4 -112 -93 -32 -67 -32 -67 -38 -17 -38 -17 -118 -43 -118 -43 -112 -93 4 48 -41 128 -15 128 -15 122 35 122 35 42 9 42 9 48 -41 1 0x1.fp2 -1 0 0
DOORGENERAL 4 24 -70 104 -56 104 -56 92 -16 92 -16 12 -30 12 -30 24 -70 4 44 -67 124 -53 124 -53 112 -13 112 -13 32 -27 32 -27 44 -67 0 0x1.0p0 2 4 24 -70 104 -56 104 -56 92 -16 112 -13 32 -27 32 -27 44 -67 1 0x1.1p6 -0x1.4cp5 0x1.1p6 -0x1.4cp5
DOORGENERAL 4 -107 -26 -13 -12 -13 -12 -37 44 -37 44 -131 30 -131 30 -107 -26 4 -13 -12 81 2 81 2 57 58 57 58 -37 44 -37 44 -13 -12 0 0x1.ep2 1 4 -13 -12 81 2 -13 -12 -37 44 57 58 -37 44 -37 44 -13 -12 1 -0x1.0be0301024707p4 -0x1.a251d4280277cp1 -0x1.0a0fe7f7edc7cp5 0x1.1a251d4280278p5
DOORGENERAL 4 -102 -25 -14 -9 -14 -9 -32 117 -32 117 -120 101 -120 101 -102 -25 4 -32 117 56 133 56 133 38 259 38 259 -50 243 -50 243 -32 117 0 0x1.7p2 0 4 -32 117 56 133 -14 -9 -32 117 -32 117 -120 101 -50 243 -32 117 1 -0x1.0p5 0x1.d4p6 -0x1.0p5 0x1.d4p6
DOORGENERAL 4 -83 15 -27 25 -27 25 -37 119 -37 119 -93 109 -93 109 -83 15 4 29 35 85 45 85 45 75 139 75 139 19 129 19 129 29 35 0 0x1.0p-1 -1 0 0
DOORGENERAL 4 23 8 83 22 83 22 77 130 77 130 17 116 17 116 23 8 4 38 11 98 25 98 25 92 133 92 133 32 119 32 119 38 11 0 0x1.8p-1 2 4 23 8 83 22 83 22 77 130 92 133 32 119 32 119 38 11 1 0x1.ccp5 0x1.1ap6 0x1.ccp5 0x1.1ap6
DOORGENERAL 4 -9 -42 41 -36 41 -36 21 58 21 58 -29 52 -29 52 -9 -42 4 41 -36 91 -30 91 -30 71 64 71 64 21 58 21 58 41 -36 0 0x1.ep1 1 4 41 -36 91 -30 41 -36 21 58 71 64 21 58 21 58 41 -36 2 0x1.3e6d530a7ce37p5 -0x1.e603a62f62c08p4 0x1.fp4 0x1.6p3 0x1.fp4 0x1.6p3 0x1.632559eb06391p4 0x1.a301d317b1604p5
DOORGENERAL 4 -103 -149 -41 -127 -41 -127 -49 3 -49 3 -111 -19 -111 -19 -103 -149 4 -49 3 13 25 13 25 5 155 5 155 -57 133 -57 133 -49 3 1 0x1.7p2 0 4 -49 3 13 25 -41 -127 -49 3 -49 3 -111 -19 -57 133 -49 3 1 -0x1.88p5 0x1.8p1 -0x1.88p5 0x1.8p1
DOORGENERAL 4 -44 -103 104 -93 104 -93 82 -1 82 -1 -66 -11 -66 -11 -44 -103 4 252 -83 400 -73 400 -73 378 19 378 19 230 9 230 9 252 -83 1 0x1.4p3 -1 0 0
DOORGENERAL 4 -96 -97 28 -87 28 -87 8 13 8 13 -116 3 -116 3 -96 -97 4 -65 -95 59 -85 59 -85 39 15 39 15 -85 5 -85 5 -65 -95 0 0x1.bp2 2 4 -96 -97 28 -87 28 -87 8 13 39 15 -85 5 -85 5 -65 -95 1 -0x1.c8p4 -0x1.48p5 -0x1.c8p4 -0x1.48p5
DOORGENERAL 4 -64 38 -14 46 -14 46 -34 104 -34 104 -84 96 -84 96 -64 38 4 -14 46 36 54 36 54 16 112 16 112 -34 104 -34 104 -14 46 0 0x1.0p-1 1 4 -14 46 36 54 -14 46 -34 104 16 112 -34 104 -34 104 -14 46 3 -0x1.da144a08a49a5p3 0x1.82e84f4644231p5 -0x1.4f0361ac1b6f1p4 0x1.087c0d3660b08p6 -0x1.4f0361ac1b6f1p4 0x1.087c0d3660b08p6 -0x1.b0fc9e53e491p4 0x1.4f83f2c99f4f8p6 -0x1.b0fc9e53e491p4 0x1.4f83f2c99f4f8p6 -0x1.097aed7dd6d97p5 0x1.968bd85cddee8p6
DOORGENERAL 4 -2 -6 142 6 142 6 116 72 116 72 -28 60 -28 60 -2 -6 4 116 72 260 84 260 84 234 150 234 150 90 138 90 138 116 72 1 0x1.bp2 0 4 116 72 260 84 142 6 116 72 116 72 -28 60 90 138 116 72 1 0x1.dp6 0x1.2p6 0x1.dp6 0x1.2p6
DOORGENERAL 4 -2 16 134 34 134 34 120 86 120 86 -16 68 -16 68 -2 16 4 270 52 406 70 406 70 392 122 392 122 256 104 256 104 270 52 1 0x1.ep1 -1 0 0
DOORGENERAL 4 -91 -29 49 -11 49 -11 43 83 43 83 -97 65 -97 65 -91 -29 4 -56 -25 84 -7 84 -7 78 87 78 87 -62 69 -62 69 -56 -25 1 0x1.bp2 2 4 -91 -29 49 -11 49 -11 43 83 78 87 -62 69 -62 69 -56 -25 2 -0x1.90b30c73ffb0fp5 -0x1.2154721ac0368p4 -0x1.ap2 0x1.dp4 -0x1.ap2 0x1.dp4 0x1.28b30c73ffb0fp5 0x1.30551c86b00dap6
DOORGENERAL 4 -7 1 121 23 121 23 103 87 103 87 -25 65 -25 65 -7 1 4 121 23 249 45 249 45 231 109 231 109 103 87 103 87 121 23 1 0x1.cp1 1 4 121 23 249 45 121 23 103 87 231 109 103 87 103 87 121 23 2 0x1.de0b2931732f6p6 0x1.c4b699b27d5e8p4 0x1.cp6 0x1.b8p5 0x1.cp6 0x1.b8p5 0x1.a1f4d6ce8cd0ap6 0x1.46d2599360a86p6
DOORGENERAL 4 -15 -34 39 -14 39 -14 15 60 15 60 -39 40 -39 40 -15 -34 4 15 60 69 80 69 80 45 154 45 154 -9 134 -9 134 15 60 1 0x1.8p1 0 4 15 60 69 80 39 -14 15 60 15 60 -39 40 -9 134 15 60 1 0x1.ep3 0x1.ep5 0x1.ep3 0x1.ep5
DOORGENERAL 4 0 -61 70 -37 70 -37 50 33 50 33 -20 9 -20 9 0 -61 4 140 -13 210 11 210 11 190 81 190 81 120 57 120 57 140 -13 0 0x1.2p3 -1 0 0
DOORGENERAL 4 -85 -48 5 -36 5 -36 -17 54 -17 54 -107 42 -107 42 -85 -48 4 -63 -45 27 -33 27 -33 5 57 5 57 -85 45 -85 45 -63 -45 1 0x1.1p3 2 4 -63 -45 27 -33 5 -36 -17 54 -17 54 -107 42 -85 45 -63 -45 2 -0x1.69904944b1d62p1 -0x1.cea88166ed794p4 -0x1.4p5 0x1.2p2 -0x1.4p5 0x1.2p2 -0x1.34b37db5da715p6 0x1.2f5440b376bcap5
DOORGENERAL 4 -81 -92 -5 -78 -5 -78 -31 6 -31 6 -107 -8 -107 -8 -81 -92 4 -5 -78 71 -64 71 -64 45 20 45 20 -31 6 -31 6 -5 -78 0 0x1.7p2 1 4 -5 -78 71 -64 -5 -78 -31 6 45 20 -31 6 -31 6 -5 -78 2 -0x1.d2a8bcafac552p2 -0x1.1a62d9e65fa9ep6 -0x1.2p4 -0x1.2p5 -0x1.2p4 -0x1.2p5 -0x1.cb55d0d414eacp4 -0x1.674986681588p0
DOORGENERAL 4 -126 -34 14 -24 14 -24 2 106 2 106 -138 96 -138 96 -126 -34 4 2 106 142 116 142 116 130 246 130 246 -10 236 -10 236 2 106 1 0x1.8p-1 0 4 2 106 142 116 14 -24 2 106 2 106 -138 96 -10 236 2 106 1 0x1.0p1 0x1.a8p6 0x1.0p1 0x1.a8p6
DOORGENERAL 4 -41 -32 55 -16 55 -16 47 78 47 78 -49 62 -49 62 -41 -32 4 151 0 247 16 247 16 239 110 239 110 143 94 143 94 151 0 1 0x1.cp2 -1 0 0
DOORGENERAL 4 -84 -35 -16 -19 -16 -19 -34 21 -34 21 -102 5 -102 5 -84 -35 4 -67 -31 1 -15 1 -15 -17 25 -17 25 -85 9 -85 9 -67 -31 0 0x1.28p3 2 4 -67 -31 1 -15 -16 -19 -34 21 -17 25 -85 9 -85 9 -67 -31 1 -0x1.94p5 -0x1.4p2 -0x1.94p5 -0x1.4p2
DOORGENERAL 4 -66 -109 74 -95 74 -95 66 -1 66 -1 -74 -15 -74 -15 -66 -109 4 74 -95 214 -81 214 -81 206 13 206 13 66 -1 66 -1 74 -95 0 0x1.ap2 1 4 74 -95 214 -81 74 -95 66 -1 206 13 66 -1 66 -1 74 -95 2 0x1.251de6fb92991p6 -0x1.5a1f5a0bfa868p6 0x1.18p6 -0x1.8p5 0x1.18p6 -0x1.8p5 0x1.0ae219046d66fp6 -0x1.2f052fa02bccp3
DOORGENERAL 4 -35 -88 77 -80 77 -80 51 -10 51 -10 -61 -18 -61 -18 -35 -88 4 51 -10 163 -2 163 -2 137 68 137 68 25 60 25 60 51 -10 0 0x1.3p3 0 4 51 -10 163 -2 77 -80 51 -10 51 -10 -61 -18 25 60 51 -10 1 0x1.98p5 -0x1.4p3 0x1.98p5 -0x1.4p3
DOORGENERAL 4 -110 -138 14 -126 14 -126 -2 -2 -2 -2 -126 -14 -126 -14 -110 -138 4 138 -114 262 -102 262 -102 246 22 246 22 122 10 122 10 138 -114 1 0x1.8p0 -1 0 0
DOORGENERAL 4 -98 40 40 62 40 62 22 102 22 102 -116 80 -116 80 -98 40 4 -64 45 74 67 74 67 56 107 56 107 -82 85 -82 85 -64 45 1 0x1.38p3 2 4 -98 40 40 62 40 62 22 102 56 107 -82 85 -82 85 -64 45 1 -0x1.b2a250fe16632p5 0x1.9e6be5e5a2411p5 0x1.8a8943f8598c8p3 0x1.7cca0d0d2edf8p6
DOORGENERAL 4 -39 -42 47 -30 47 -30 25 84 25 84 -61 72 -61 72 -39 -42 4 47 -30 133 -18 133 -18 111 96 111 96 25 84 25 84 47 -30 1 0x1.ap2 1 4 47 -30 133 -18 47 -30 25 84 111 96 25 84 25 84 47 -30 2 0x1.6b1d6c508c965p5 -0x1.5a76bf9fdf8a2p4 0x1.2p5 0x1.b000000000002p4 0x1.2p5 0x1.b000000000002p4 0x1.a9c5275ee6d35p4 0x1.2e9dafe7f7e29p6
DOORGENERAL 4 -98 34 14 46 14 46 2 88 2 88 -110 76 -110 76 -98 34 4 2 88 114 100 114 100 102 142 102 142 -10 130 -10 130 2 88 0 0x1.4p1 0 4 2 88 114 100 14 46 2 88 2 88 -110 76 -10 130 2 88 1 0x1.0p1 0x1.6p6 0x1.0p1 0x1.6p6
DOORGENERAL 4 -14 -139 82 -117 82 -117 60 -13 60 -13 -36 -35 -36 -35 -14 -139 4 178 -95 274 -73 274 -73 252 31 252 31 156 9 156 9 178 -95 0 0x1.cp2 -1 0 0
DOORGENERAL 4 -102 35 48 53 48 53 32 99 32 99 -118 81 -118 81 -102 35 4 -65 39 85 57 85 57 69 103 69 103 -81 85 -81 85 -65 39 0 0x1.ep2 2 4 -102 35 48 53 48 53 32 99 69 103 -81 85 -81 85 -65 39 1 -0x1.08p4 0x1.14p6 -0x1.08p4 0x1.14p6
DOORGENERAL 4 57 -94 113 -68 113 -68 93 34 93 34 37 8 37 8 57 -94 4 113 -68 169 -42 169 -42 149 60 149 60 93 34 93 34 113 -68 0 0x1.cp0 1 4 113 -68 169 -42 113 -68 93 34 149 60 93 34 93 34 113 -68 3 0x1.c11d20e376e3p6 -0x1.0147c154de528p6 0x1.a85f0af67cf65p6 -0x1.062fd6389437p5 0x1.a85f0af67cf65p6 -0x1.062fd6389437p5 0x1.8fa0f5098309bp6 -0x1.3a0538ed7922p0 0x1.8fa0f5098309bp6 -0x1.3a0538ed7922p0 0x1.76e2df1c891dp6 0x1.e51f05537949cp4
DOORGENERAL 4 22 15 150 23 150 23 132 77 132 77 4 69 4 69 22 15 4 132 77 260 85 260 85 242 139 242 139 114 131 114 131 132 77 0 0x1.8p0 0 4 132 77 260 85 150 23 132 77 132 77 4 69 114 131 132 77 1 0x1.08p7 0x1.34p6 0x1.08p7 0x1.34p6
DOORGENERAL 4 -56 -27 84 -13 84 -13 58 89 58 89 -82 75 -82 75 -56 -27 4 224 1 364 15 364 15 338 117 338 117 198 103 198 103 224 1 0 0x1.2p1 -1 0 0
DOORGENERAL 4 -31 -19 79 -5 79 -5 65 67 65 67 -45 53 -45 53 -31 -19 4 -4 -16 106 -2 106 -2 92 70 92 70 -18 56 -18 56 -4 -16 0 0x1.8p1 2 4 -31 -19 79 -5 79 -5 65 67 92 70 -18 56 -18 56 -4 -16 1 0x1.e8p4 0x1.98p4 0x1.e8p4 0x1.98p4
DOORGENERAL 4 39 -83 127 -61 127 -61 111 57 111 57 23 35 23 35 39 -83 4 127 -61 215 -39 215 -39 199 79 199 79 111 57 111 57 127 -61 0 0x1.8p0 1 4 127 -61 215 -39 127 -61 111 57 199 79 111 57 111 57 127 -61 4 0x1.fa1e70cae75p6 -0x1.cc40ffb0d3dc6p5 0x1.eb0f386573a8p6 -0x1.dc40ffb0d3dc6p4 0x1.eb0f386573a8p6 -0x1.dc40ffb0d3dc6p4 0x1.dcp6 -0x1.0p1 0x1.dcp6 -0x1.0p1 0x1.ccf0c79a8c58p6 0x1.9c40ffb0d3dc4p4 0x1.ccf0c79a8c58p6 0x1.9c40ffb0d3dc4p4 0x1.bde18f3518bp6 0x1.ac40ffb0d3dc6p5
DOORGENERAL 4 -4 -35 122 -15 122 -15 106 87 106 87 -20 67 -20 67 -4 -35 4 106 87 232 107 232 107 216 209 216 209 90 189 90 189 106 87 1 0x1.6p2 0 4 106 87 232 107 122 -15 106 87 106 87 -20 67 90 189 106 87 1 0x1.a8p6 0x1.5cp6 0x1.a8p6 0x1.5cp6
DOORGENERAL 4 -76 -46 38 -32 38 -32 22 80 22 80 -92 66 -92 66 -76 -46 4 152 -18 266 -4 266 -4 250 108 250 108 136 94 136 94 152 -18 0 0x0.0p0 -1 0 0
DOORGENERAL 4 -31 19 115 45 115 45 93 97 93 97 -53 71 -53 71 -31 19 4 5 25 151 51 151 51 129 103 129 103 -17 77 -17 77 5 25 0 0x1.8p1 2 4 -31 19 115 45 115 45 93 97 129 103 -17 77 -17 77 5 25 1 0x1.88p5 0x1.e8p5 0x1.88p5 0x1.e8p5
DOORGENERAL 4 -70 -97 48 -81 48 -81 28 -17 28 -17 -90 -33 -90 -33 -70 -97 4 48 -81 166 -65 166 -65 146 -1 146 -1 28 -17 28 -17 48 -81 1 0x1.0p1 1 4 48 -81 166 -65 48 -81 28 -17 146 -1 28 -17 28 -17 48 -81 2 0x1.7674880068871p5 -0x1.34ba7333da71bp6 0x1.3p5 -0x1.88p5 0x1.3p5 -0x1.88p5 0x1.d316efff2ef1ep4 -0x1.4d16333096396p4
DOORGENERAL 4 36 -93 116 -77 116 -77 92 25 92 25 12 9 12 9 36 -93 4 92 25 172 41 172 41 148 143 148 143 68 127 68 127 92 25 0 0x1.38p3 0 4 92 25 172 41 116 -77 92 25 92 25 12 9 68 127 92 25 1 0x1.7p6 0x1.9p4 0x1.7p6 0x1.9p4
DOORGENERAL 4 -43 -81 41 -69 41 -69 33 -11 33 -11 -51 -23 -51 -23 -43 -81 4 125 -57 209 -45 209 -45 201 13 201 13 117 1 117 1 125 -57 0 0x1.4p2 -1 0 0
DOORGENERAL 4 -94 -11 8 -3 8 -3 -10 71 -10 71 -112 63 -112 63 -94 -11 4 -69 -9 33 -1 33 -1 15 73 15 73 -87 65 -87 65 -69 -9 1 0x1.38p3 2 4 -69 -9 33 -1 8 -3 -10 71 -10 71 -112 63 -87 65 -69 -9 1 -0x1.9123f0cfd833p0 0x1.efc8a639bc6d6p1 -0x1.35bb703cc09f2p6 0x1.d103759c64393p5
DOORGENERAL 4 -12 -20 118 -10 118 -10 96 78 96 78 -34 68 -34 68 -12 -20 4 118 -10 248 0 248 0 226 88 226 88 96 78 96 78 118 -10 0 0x1.1p2 1 4 118 -10 248 0 118 -10 96 78 226 88 96 78 96 78 118 -10 2 0x1.d1efc5a1c6d9dp6 -0x1.f7e2d0e36ce64p1 0x1.acp6 0x1.1p5 0x1.acp6 0x1.1p5 0x1.86103a5e39263p6 0x1.1fbf16871b673p6
DOORGENERAL 4 19 28 105 44 105 44 99 102 99 102 13 86 13 86 19 28 4 99 102 185 118 185 118 179 176 179 176 93 160 93 160 99 102 0 0x1.0p3 0 4 99 102 185 118 105 44 99 102 99 102 13 86 93 160 99 102 1 0x1.8cp6 0x1.98p6 0x1.8cp6 0x1.98p6
DOORGENERAL 4 -117 -48 -1 -26 -1 -26 -27 100 -27 100 -143 78 -143 78 -117 -48 4 115 -4 231 18 231 18 205 144 205 144 89 122 89 122 115 -4 1 0x1.ap2 -1 0 0
DOORGENERAL 4 -116 -36 -10 -30 -10 -30 -32 26 -32 26 -138 20 -138 20 -116 -36 4 -90 -35 16 -29 16 -29 -6 27 -6 27 -112 21 -112 21 -90 -35 1 0x1.bp2 2 4 -116 -36 -10 -30 -10 -30 -32 26 -6 27 -112 21 -112 21 -90 -35 1 -0x1.505652f649542p6 -0x1.c433125a5d1eep4 -0x1.2f535a136d57bp5 0x1.3433125a5d1eep4
DOORGENERAL 4 -19 -26 77 -2 77 -2 71 114 71 114 -25 90 -25 90 -19 -26 4 77 -2 173 22 173 22 167 138 167 138 71 114 71 114 77 -2 1 0x1.28p3 1 4 77 -2 173 22 77 -2 71 114 167 138 71 114 71 114 77 -2 2 0x1.31aceef457a6dp6 0x1.2784f70b0b354p3 0x1.28p6 0x1.cp5 0x1.28p6 0x1.cp5 0x1.1e53110ba8593p6 0x1.9b0f611e9e996p6
DOORGENERAL 4 -28 -117 24 -101 24 -101 18 -33 18 -33 -34 -49 -34 -49 -28 -117 4 18 -33 70 -17 70 -17 64 51 64 51 12 35 12 35 18 -33 0 0x1.ep2 0 4 18 -33 70 -17 24 -101 18 -33 18 -33 -34 -49 12 35 18 -33 1 0x1.2p4 -0x1.08p5 0x1.2p4 -0x1.08p5
DOORGENERAL 4 27 -34 97 -14 97 -14 85 32 85 32 15 12 15 12 27 -34 4 167 6 237 26 237 26 225 72 225 72 155 52 155 52 167 6 1 0x1.cp0 -1 0 0
DOORGENERAL 4 -39 -126 81 -118 81 -118 75 6 75 6 -45 -2 -45 -2 -39 -126 4 -9 -124 111 -116 111 -116 105 8 105 8 -15 0 -15 0 -9 -124 1 0x1.18p3 2 4 -9 -124 111 -116 81 -118 75 6 105 8 -15 0 -15 0 -9 -124 1 0x1.b9e79dfc5ac6p0 -0x1.ed23c23c453d2p6 0x1.191861880e94ep6 -0x1.dadc3dc3bac2ep6
DOORGENERAL 4 16 -52 156 -42 156 -42 144 2 144 2 4 -8 4 -8 16 -52 4 156 -42 296 -32 296 -32 284 12 284 12 144 2 144 2 156 -42 1 0x1.3p2 1 4 156 -42 296 -32 156 -42 144 2 284 12 144 2 144 2 156 -42 1 0x1.3472aa8f120bdp7 -0x1.1be71add08ad6p5 0x1.238d5570edf43p7 -0x1.20c72917ba95p2
DOORGENERAL 4 -63 -91 13 -75 13 -75 -7 -19 -7 -19 -83 -35 -83 -35 -63 -91 4 -7 -19 69 -3 69 -3 49 53 49 53 -27 37 -27 37 -7 -19 0 0x1.0p-2 0 4 -7 -19 69 -3 13 -75 -7 -19 -7 -19 -83 -35 -27 37 -7 -19 1 -0x1.cp2 -0x1.3p4 -0x1.cp2 -0x1.3p4
DOORGENERAL 4 -49 -78 33 -62 33 -62 25 60 25 60 -57 44 -57 44 -49 -78 4 115 -46 197 -30 197 -30 189 92 189 92 107 76 107 76 115 -46 1 0x1.28p3 -1 0 0
DOORGENERAL 4 -133 -25 9 -1 9 -1 -17 57 -17 57 -159 33 -159 33 -133 -25 4 -98 -19 44 5 44 5 18 63 18 63 -124 39 -124 39 -98 -19 1 0x1.2p3 2 4 -98 -19 44 5 9 -1 -17 57 -17 57 -159 33 -124 39 -98 -19 2 -0x1.9274604bc1e8p0 0x1.1e4e5324dcb68p1 -0x1.cbfffffffffffp5 0x1.3000000000001p4 -0x1.cbfffffffffffp5 0x1.3000000000001p4 -0x1.c5b62e7ed0f85p6 0x1.1e1b1acdb234ap5
DOORGENERAL 4 -120 -21 14 -5 14 -5 -12 55 -12 55 -146 39 -146 39 -120 -21 4 14 -5 148 11 148 11 122 71 122 71 -12 55 -12 55 14 -5 1 0x1.0p-2 1 4 14 -5 148 11 14 -5 -12 55 122 71 -12 55 -12 55 14 -5 3 0x1.a35f4cb9c36e6p3 -0x1.77be7577a9847p1 0x1.423f887bd79eep2 0x1.f60576360735p3 0x1.423f887bd79eep2 0x1.f60576360735p3 -0x1.847f10f7af3ep1 0x1.127ea2727e32dp5 -0x1.847f10f7af3ep1 0x1.127ea2727e32dp5 -0x1.635f4cb9c36e6p3 0x1.a77be7577a985p5
DOORGENERAL 4 -16 -50 54 -38 54 -38 28 2 28 2 -42 -10 -42 -10 -16 -50 4 28 2 98 14 98 14 72 54 72 54 2 42 2 42 28 2 0 0x1.8p2 0 4 28 2 98 14 54 -38 28 2 28 2 -42 -10 2 42 28 2 1 0x1.cp4 0x1.0p1 0x1.cp4 0x1.0p1
DOORGENERAL 4 -84 -134 62 -108 62 -108 44 12 44 12 -102 -14 -102 -14 -84 -134 4 208 -82 354 -56 354 -56 336 64 336 64 190 38 190 38 208 -82 0 0x1.dp2 -1 0 0
DOORGENERAL 4 -104 -52 -14 -38 -14 -38 -26 90 -26 90 -116 76 -116 76 -104 -52 4 -82 -49 8 -35 8 -35 -4 93 -4 93 -94 79 -94 79 -82 -49 0 0x1.4p1 2 4 -104 -52 -14 -38 -14 -38 -26 90 -4 93 -94 79 -94 79 -82 -49 1 -0x1.bp5 0x1.48p4 -0x1.bp5 0x1.48p4
DOORGENERAL 4 -74 -73 -10 -47 -10 -47 -24 -3 -24 -3 -88 -29 -88 -29 -74 -73 4 -10 -47 54 -21 54 -21 40 23 40 23 -24 -3 -24 -3 -10 -47 1 0x1.0p2 1 4 -10 -47 54 -21 -10 -47 -24 -3 40 23 -24 -3 -24 -3 -10 -47 1 -0x1.7a3710f00628cp3 -0x1.4a4272b11fbb6p5 -0x1.62e47787fcebap4 -0x1.16f6353b81128p3
DOORGENERAL 4 -72 -65 24 -47 24 -47 2 49 2 49 -94 31 -94 31 -72 -65 4 2 49 98 67 98 67 76 163 76 163 -20 145 -20 145 2 49 1 0x1.cp1 0 4 2 49 98 67 24 -47 2 49 2 49 -94 31 -20 145 2 49 1 0x1.0p1 0x1.88p5 0x1.0p1 0x1.88p5
DOORGENERAL 4 20 -56 126 -46 126 -46 116 48 116 48 10 38 10 38 20 -56 4 232 -36 338 -26 338 -26 328 68 328 68 222 58 222 58 232 -36 1 0x1.8p0 -1 0 0
DOORGENERAL 4 -18 -17 50 5 50 5 42 115 42 115 -26 93 -26 93 -18 -17 4 -1 -12 67 10 67 10 59 120 59 120 -9 98 -9 98 -1 -12 0 0x1.2p2 2 4 -18 -17 50 5 50 5 42 115 59 120 -9 98 -9 98 -1 -12 1 0x1.48p4 0x1.9cp5 0x1.48p4 0x1.9cp5
DOORGENERAL 4 -147 -41 -3 -23 -3 -23 -11 55 -11 55 -155 37 -155 37 -147 -41 4 -3 -23 141 -5 141 -5 133 73 133 73 -11 55 -11 55 -3 -23 0 0x1.4p3 1 4 -3 -23 141 -5 -3 -23 -11 55 133 73 -11 55 -11 55 -3 -23 1 -0x1.0e5bb0f1b1698p2 -0x1.62010165bf1dcp3 -0x1.38d22787274b4p3 0x1.588040596fc78p5
DOORGENERAL 4 18 -17 70 3 70 3 52 101 52 101 0 81 0 81 18 -17 4 52 101 104 121 104 121 86 219 86 219 34 199 34 199 52 101 1 0x1.1p3 0 4 52 101 104 121 70 3 52 101 52 101 0 81 34 199 52 101 1 0x1.ap5 0x1.94p6 0x1.ap5 0x1.94p6
DOORGENERAL 4 -45 50 49 56 49 56 41 96 41 96 -53 90 -53 90 -45 50 4 143 62 237 68 237 68 229 108 229 108 135 102 135 102 143 62 1 0x1.1p2 -1 0 0
DOORGENERAL 4 -62 -43 28 -25 28 -25 12 77 12 77 -78 59 -78 59 -62 -43 4 -40 -39 50 -21 50 -21 34 81 34 81 -56 63 -56 63 -40 -39 0 0x1.8p1 2 4 -62 -43 28 -25 28 -25 12 77 34 81 -56 63 -56 63 -40 -39 1 -0x1.cp3 0x1.3p4 -0x1.cp3 0x1.3p4
DOORGENERAL 4 -29 4 41 24 41 24 15 132 15 132 -55 112 -55 112 -29 4 4 41 24 111 44 111 44 85 152 85 152 15 132 15 132 41 24 1 0x1.cp0 1 4 41 24 111 44 41 24 15 132 85 152 15 132 15 132 41 24 3 0x1.40fa776dd682cp5 0x1.ba555ae5a7731p4 0x1.00537d249cd64p5 0x1.e9b8e47b9be88p5 0x1.00537d249cd64p5 0x1.e9b8e47b9be88p5 0x1.7f5905b6c6538p4 0x1.7b238dc2320bcp6 0x1.7f5905b6c6538p4 0x1.7b238dc2320bcp6 0x1.fc162248a5f52p3 0x1.00b554a34b11ap7
DOORGENERAL 4 22 -57 76 -39 76 -39 70 55 70 55 16 37 16 37 22 -57 4 70 55 124 73 124 73 118 167 118 167 64 149 64 149 70 55 1 0x1.ap2 0 4 70 55 124 73 76 -39 70 55 70 55 16 37 64 149 70 55 1 0x1.18p6 0x1.b8p5 0x1.18p6 0x1.b8p5
DOORGENERAL 4 -82 2 12 12 12 12 2 66 2 66 -92 56 -92 56 -82 2 4 106 22 200 32 200 32 190 86 190 86 96 76 96 76 106 22 0 0x1.fp2 -1 0 0
DOORGENERAL 4 29 -144 101 -126 101 -126 85 -6 85 -6 13 -24 13 -24 29 -144 4 47 -140 119 -122 119 -122 103 -2 103 -2 31 -20 31 -20 47 -140 1 0x1.8p2 2 4 29 -144 101 -126 101 -126 85 -6 103 -2 31 -20 31 -20 47 -140 2 0x1.891e03d1bdcecp5 -0x1.07a6cb49b3e38p7 0x1.08p6 -0x1.24p6 0x1.08p6 -0x1.24p6 0x1.4b70fe172118ap6 -0x1.c5934b64c1c78p3
DOORGENERAL 4 -90 -17 18 -5 18 -5 8 93 8 93 -100 81 -100 81 -90 -17 4 18 -5 126 7 126 7 116 105 116 105 8 93 8 93 18 -5 0 0x1.ep1 1 4 18 -5 126 7 18 -5 8 93 116 105 8 93 8 93 18 -5 2 0x1.16a9264d7d86p4 0x1.70caaddfd5798p-1 0x1.ap3 0x1.6p5 0x1.ap3 0x1.6p5 0x1.12adb36504f4p3 0x1.5d1e6aa440551p6
DOORGENERAL 4 -99 -55 17 -37 17 -37 3 43 3 43 -113 25 -113 25 -99 -55 4 3 43 119 61 119 61 105 141 105 141 -11 123 -11 123 3 43 0 0x1.4p0 0 4 3 43 119 61 17 -37 3 43 3 43 -113 25 -11 123 3 43 1 0x1.8p1 0x1.58p5 0x1.8p1 0x1.58p5
DOORGENERAL 4 -54 18 96 24 96 24 80 140 80 140 -70 134 -70 134 -54 18 4 246 30 396 36 396 36 380 152 380 152 230 146 230 146 246 30 0 0x1.fp2 -1 0 0
DOORGENERAL 4 -87 13 37 25 37 25 23 71 23 71 -101 59 -101 59 -87 13 4 -56 16 68 28 68 28 54 74 54 74 -70 62 -70 62 -56 16 1 0x1.dp2 2 4 -56 16 68 28 37 25 23 71 54 74 -70 62 -70 62 -56 16 2 -0x1.765816df324e3p5 0x1.0e4187f5d53b3p4 -0x1.2fffffffffffcp3 0x1.48p4 -0x1.2fffffffffffcp3 0x1.48p4 0x1.bcb02dbe649c8p4 0x1.81be780a2ac4dp4
DOORGENERAL 4 -61 -102 39 -86 39 -86 25 -34 25 -34 -75 -50 -75 -50 -61 -102 4 39 -86 139 -70 139 -70 125 -18 125 -18 25 -34 25 -34 39 -86 1 0x1.0p1 1 4 39 -86 139 -70 39 -86 25 -34 125 -18 25 -34 25 -34 39 -86 2 0x1.2fae4c1c36d7fp5 -0x1.488cd67d8a6c8p6 0x1.fffffffffffffp4 -0x1.ep5 0x1.fffffffffffffp4 -0x1.ep5 0x1.a0a367c792501p4 -0x1.2ee65304eb27p5
DOORGENERAL 4 -12 -98 38 -78 38 -78 24 -30 24 -30 -26 -50 -26 -50 -12 -98 4 24 -30 74 -10 74 -10 60 38 60 38 10 18 10 18 24 -30 0 0x1.8p-1 0 4 24 -30 74 -10 38 -78 24 -30 24 -30 -26 -50 10 18 24 -30 1 0x1.8p4 -0x1.ep4 0x1.8p4 -0x1.ep4
DOORGENERAL 4 20 11 152 21 152 21 130 147 130 147 -2 137 -2 137 20 11 4 284 31 416 41 416 41 394 167 394 167 262 157 262 157 284 31 0 0x1.cp2 -1 0 0
DOORGENERAL 4 -43 -36 27 -30 27 -30 17 42 17 42 -53 36 -53 36 -43 -36 4 -26 -35 44 -29 44 -29 34 43 34 43 -36 37 -36 37 -26 -35 0 0x1.18p3 2 4 -43 -36 27 -30 27 -30 17 42 34 43 -36 37 -36 37 -26 -35 1 -0x1.2p2 0x1.cp1 -0x1.2p2 0x1.cp1
DOORGENERAL 4 -108 -41 -4 -35 -4 -35 -30 17 -30 17 -134 11 -134 11 -108 -41 4 -4 -35 100 -29 100 -29 74 23 74 23 -30 17 -30 17 -4 -35 0 0x1.9p2 1 4 -4 -35 100 -29 -4 -35 -30 17 74 23 -30 17 -30 17 -4 -35 1 -0x1.ec20f79f6f6a4p2 -0x1.b9ef8430484aep4 -0x1.a4f7c21824257p4 0x1.33df08609095cp3
DOORGENERAL 4 -84 26 10 44 10 44 -14 108 -14 108 -108 90 -108 90 -84 26 4 -14 108 80 126 80 126 56 190 56 190 -38 172 -38 172 -14 108 0 0x1.ep2 0 4 -14 108 80 126 10 44 -14 108 -14 108 -108 90 -38 172 -14 108 1 -0x1.cp3 0x1.bp6 -0x1.cp3 0x1.bp6
DOORGENERAL 4 -58 -51 56 -45 56 -45 32 59 32 59 -82 53 -82 53 -58 -51 4 170 -39 284 -33 284 -33 260 71 260 71 146 65 146 65 170 -39 1 0x1.ep1 -1 0 0
DOORGENERAL 4 3 -37 93 -19 93 -19 87 67 87 67 -3 49 -3 49 3 -37 4 25 -33 115 -15 115 -15 109 71 109 71 19 53 19 53 25 -33 1 0x1.ep1 2 4 3 -37 93 -19 93 -19 87 67 109 71 19 53 19 53 25 -33 3 0x1.c058c571774f4p4 -0x1.bbb072e36c52bp4 0x1.756420e83e8d2p5 0x1.0b7ecda189ce8p1 0x1.756420e83e8d2p5 0x1.0b7ecda189ce8p1 0x1.054def8be0b96p6 0x1.fe90264bcec65p4 0x1.054def8be0b96p6 0x1.fe90264bcec65p4 0x1.4fe9cea3a22c2p6 0x1.edd83971b6296p5
DOORGENERAL 4 -103 -45 11 -37 11 -37 1 15 1 15 -113 7 -113 7 -103 -45 4 11 -37 125 -29 125 -29 115 23 115 23 1 15 1 15 11 -37 1 0x1.2p1 1 4 11 -37 125 -29 11 -37 1 15 115 23 1 15 1 15 11 -37 2 0x1.465116d20df39p3 -0x1.069c9daaabbcap5 0x1.8p2 -0x1.6000000000002p3 0x1.8p2 -0x1.6000000000002p3 0x1.cd77496f90638p0 0x1.5a7276aaaef24p3
DOORGENERAL 4 -96 -105 4 -87 4 -87 -6 -45 -6 -45 -106 -63 -106 -63 -96 -105 4 -6 -45 94 -27 94 -27 84 15 84 15 -16 -3 -16 -3 -6 -45 0 0x1.2p1 0 4 -6 -45 94 -27 4 -87 -6 -45 -6 -45 -106 -63 -16 -3 -6 -45 1 -0x1.8p2 -0x1.68p5 -0x1.8p2 -0x1.68p5
DOORGENERAL 4 -36 -49 36 -41 36 -41 28 73 28 73 -44 65 -44 65 -36 -49 4 108 -33 180 -25 180 -25 172 89 172 89 100 81 100 81 108 -33 0 0x1.cp1 -1 0 0
DOORGENERAL 4 -46 -99 98 -83 98 -83 88 -27 88 -27 -56 -43 -56 -43 -46 -99 4 -10 -95 134 -79 134 -79 124 -23 124 -23 -20 -39 -20 -39 -10 -95 0 0x1.cp0 2 4 -10 -95 134 -79 98 -83 88 -27 124 -23 -20 -39 -20 -39 -10 -95 1 0x1.38p5 -0x1.e8p5 0x1.38p5 -0x1.e8p5
DOORGENERAL 4 9 -32 151 -6 151 -6 129 122 129 122 -13 96 -13 96 9 -32 4 151 -6 293 20 293 20 271 148 271 148 129 122 129 122 151 -6 1 0x1.8p-1 1 4 151 -6 293 20 151 -6 129 122 271 148 129 122 129 122 151 -6 5 0x1.2d117f466e3ddp7 -0x1.a51637e62b612p1 0x1.24a4192a42251p7 0x1.539e55685658dp4 0x1.24a4192a42251p7 0x1.539e55685658dp4 0x1.1c36b30e160c6p7 0x1.6defb8e6b90eep5 0x1.1c36b30e160c6p7 0x1.6defb8e6b90eep5 0x1.13c94cf1e9f3ap7 0x1.1908238ca378ap6 0x1.13c94cf1e9f3ap7 0x1.1908238ca378ap6 0x1.0b5be6d5bddafp7 0x1.7b186aa5ea69ep6 0x1.0b5be6d5bddafp7 0x1.7b186aa5ea69ep6 0x1.02ee80b991c23p7 0x1.dd28b1bf315b1p6
DOORGENERAL 4 -97 23 -13 37 -13 37 -39 115 -39 115 -123 101 -123 101 -97 23 4 -39 115 45 129 45 129 19 207 19 207 -65 193 -65 193 -39 115 1 0x1.2p1 0 4 -39 115 45 129 -13 37 -39 115 -39 115 -123 101 -65 193 -39 115 1 -0x1.38p5 0x1.ccp6 -0x1.38p5 0x1.ccp6
DOORGENERAL 4 -17 -51 131 -39 131 -39 107 27 107 27 -41 15 -41 15 -17 -51 4 279 -27 427 -15 427 -15 403 51 403 51 255 39 255 39 279 -27 1 0x1.8p0 -1 0 0
DOORGENERAL 4 -109 -31 -29 -25 -29 -25 -35 101 -35 101 -115 95 -115 95 -109 -31 4 -89 -30 -9 -24 -9 -24 -15 102 -15 102 -95 96 -95 96 -89 -30 1 0x1.3p3 2 4 -109 -31 -29 -25 -29 -25 -35 101 -15 102 -95 96 -95 96 -89 -30 2 -0x1.526faabe76ef5p6 -0x1.2e20597f51a26p4 -0x1.fp5 0x1.1bfffffffffffp5 -0x1.fp5 0x1.1bfffffffffffp5 -0x1.3b20aa8312215p5 0x1.6788165fd4689p6
DOORGENERAL 4 -82 -14 -20 2 -20 2 -26 98 -26 98 -88 82 -88 82 -82 -14 4 -20 2 42 18 42 18 36 114 36 114 -26 98 -26 98 -20 2 0 0x1.6p2 1 4 -20 2 42 18 -20 2 -26 98 36 114 -26 98 -26 98 -20 2 2 -0x1.477c42cdaa0b3p4 0x1.2f8859b541652p3 -0x1.7p4 0x1.9p5 -0x1.7p4 0x1.9p5 -0x1.9883bd3255f4ep4 0x1.6a0ef4c957d36p6
DOORGENERAL 4 53 -111 113 -89 113 -89 105 35 105 35 45 13 45 13 53 -111 4 105 35 165 57 165 57 157 181 157 181 97 159 97 159 105 35 0 0x1.6p2 0 4 105 35 165 57 113 -89 105 35 105 35 45 13 97 159 105 35 1 0x1.a4p6 0x1.18p5 0x1.a4p6 0x1.18p5
DOORGENERAL 4 -57 -23 65 -17 65 -17 51 85 51 85 -71 79 -71 79 -57 -23 4 187 -11 309 -5 309 -5 295 97 295 97 173 91 173 91 187 -11 1 0x1.4p2 -1 0 0
DOORGENERAL 4 -4 11 130 25 130 25 118 73 118 73 -16 59 -16 59 -4 11 4 29 14 163 28 163 28 151 76 151 76 17 62 17 62 29 14 1 0x1.7p2 2 4 -4 11 130 25 130 25 118 73 151 76 17 62 17 62 29 14 2 0x1.1b132020a916p5 0x1.2aabd53e39dddp4 0x1.26p6 0x1.5cp5 0x1.26p6 0x1.5cp5 0x1.be766fefab75p6 0x1.11550ab071888p6
DOORGENERAL 4 -116 -22 -18 -8 -18 -8 -36 64 -36 64 -134 50 -134 50 -116 -22 4 -18 -8 80 6 80 6 62 78 62 78 -36 64 -36 64 -18 -8 1 0x1.ep2 1 4 -18 -8 80 6 -18 -8 -36 64 62 78 -36 64 -36 64 -18 -8 1 -0x1.44dd8bd67a2ffp4 0x1.3762f59e8bfc8p0 -0x1.0d913a14c2e8p5 0x1.b644e8530ba02p5
DOORGENERAL 4 -20 -39 116 -27 116 -27 100 83 100 83 -36 71 -36 71 -20 -39 4 100 83 236 95 236 95 220 205 220 205 84 193 84 193 100 83 0 0x1.0p2 0 4 100 83 236 95 116 -27 100 83 100 83 -36 71 84 193 100 83 1 0x1.9p6 0x1.4cp6 0x1.9p6 0x1.4cp6
DOORGENERAL 4 -17 -125 95 -101 95 -101 87 9 87 9 -25 -15 -25 -15 -17 -125 4 207 -77 319 -53 319 -53 311 57 311 57 199 33 199 33 207 -77 0 0x1.8p-1 -1 0 0
DOORGENERAL 4 -73 -42 41 -36 41 -36 23 78 23 78 -91 72 -91 72 -73 -42 4 -45 -41 69 -35 69 -35 51 79 51 79 -63 73 -63 73 -45 -41 0 0x1.1p2 2 4 -73 -42 41 -36 41 -36 23 78 51 79 -63 73 -63 73 -45 -41 1 -0x1.6p3 0x1.28p4 -0x1.6p3 0x1.28p4
DOORGENERAL 4 -6 -47 102 -27 102 -27 92 91 92 91 -16 71 -16 71 -6 -47 4 102 -27 210 -7 210 -7 200 111 200 111 92 91 92 91 102 -27 0 0x1.ap1 1 4 102 -27 210 -7 102 -27 92 91 200 111 92 91 92 91 102 -27 3 0x1.963a08b58471ap6 -0x1.5c4cce446b5a6p4 0x1.8a13583c817b3p6 0x1.c277767d0dc38p3 0x1.8a13583c817b3p6 0x1.c277767d0dc38p3 0x1.7deca7c37e84dp6 0x1.8f622260bc8efp5 0x1.7deca7c37e84dp6 0x1.8f622260bc8efp5 0x1.71c5f74a7b8e6p6 0x1.571333911ad69p6
DOORGENERAL 4 28 26 86 38 86 38 74 120 74 120 16 108 16 108 28 26 4 74 120 132 132 132 132 120 214 120 214 62 202 62 202 74 120 0 0x1.0p-2 0 4 74 120 132 132 86 38 74 120 74 120 16 108 62 202 74 120 1 0x1.28p6 0x1.ep6 0x1.28p6 0x1.ep6
DOORGENERAL 4 -11 -70 81 -44 81 -44 61 64 61 64 -31 38 -31 38 -11 -70 4 173 -18 265 8 265 8 245 116 245 116 153 90 153 90 173 -18 0 0x1.0p0 -1 0 0
DOORGENERAL 4 -20 -16 130 -10 130 -10 116 100 116 100 -34 94 -34 94 -20 -16 4 17 -15 167 -9 167 -9 153 101 153 101 3 95 3 95 17 -15 1 0x1.0p-2 2 4 -20 -16 130 -10 130 -10 116 100 153 101 3 95 3 95 17 -15 7 0x1.26a4b80b6c4ap4 -0x1.9a5ff9e10ada1p3 0x1.013ad40414639p5 0x1.7dc9360f4eb54p1 0x1.013ad40414639p5 0x1.7dc9360f4eb54p1 0x1.6f234c0272a22p5 0x1.2ca24a74591a6p4 0x1.6f234c0272a22p5 0x1.2ca24a74591a6p4 0x1.dd0bc400d0e0cp5 0x1.14c5b713642f1p5 0x1.dd0bc400d0e0cp5 0x1.14c5b713642f1p5 0x1.257a1dff978fap6 0x1.933a48ec9bd0ep5 0x1.257a1dff978fap6 0x1.933a48ec9bd0ep5 0x1.5c6e59fec6aefp6 0x1.08d76d62e9b96p6 0x1.5c6e59fec6aefp6 0x1.08d76d62e9b96p6 0x1.936295fdf5ce4p6 0x1.4811b64f858a5p6 0x1.936295fdf5ce4p6 0x1.4811b64f858a5p6 0x1.ca56d1fd24ed9p6 0x1.874bff3c215b4p6
DOORGENERAL 4 -85 33 3 51 3 51 -19 105 -19 105 -107 87 -107 87 -85 33 4 3 51 91 69 91 69 69 123 69 123 -19 105 -19 105 3 51 1 0x1.8p1 1 4 3 51 91 69 3 51 -19 105 69 123 -19 105 -19 105 3 51 2 0x1.1d0f5b2087789p0 0x1.bd0b2f8e3b6d5p5 -0x1.0000000000001p3 0x1.38p6 -0x1.0000000000001p3 0x1.38p6 -0x1.11d0f5b208779p4 0x1.917a6838e2496p6
DOORGENERAL 4 -95 -43 11 -23 11 -23 -11 29 -11 29 -117 9 -117 9 -95 -43 4 -11 29 95 49 95 49 73 101 73 101 -33 81 -33 81 -11 29 1 0x1.cp2 0 4 -11 29 95 49 11 -23 -11 29 -11 29 -117 9 -33 81 -11 29 1 -0x1.6p3 0x1.dp4 -0x1.6p3 0x1.dp4
DOORGENERAL 4 -130 17 16 39 16 39 -2 99 -2 99 -148 77 -148 77 -130 17 4 162 61 308 83 308 83 290 143 290 143 144 121 144 121 162 61 0 0x1.7p2 -1 0 0
DOORGENERAL 4 -129 -57 -11 -37 -11 -37 -17 71 -17 71 -135 51 -135 51 -129 -57 4 -100 -52 18 -32 18 -32 12 76 12 76 -106 56 -106 56 -100 -52 0 0x1.08p3 2 4 -100 -52 18 -32 -11 -37 -17 71 -17 71 -135 51 -106 56 -100 -52 1 -0x1.d4p5 0x1.3p3 -0x1.d4p5 0x1.3p3
DOORGENERAL 4 3 -46 75 -36 75 -36 57 78 57 78 -15 68 -15 68 3 -46 4 75 -36 147 -26 147 -26 129 88 129 88 57 78 57 78 75 -36 1 0x1.ap2 1 4 75 -36 147 -26 75 -36 57 78 129 88 57 78 57 78 75 -36 2 0x1.26b280736022ep6 -0x1.b9aa0b6ad8c96p4 0x1.08p6 0x1.5p4 0x1.08p6 0x1.5p4 0x1.d29aff193fba3p5 0x1.166a82dab6326p6
DOORGENERAL 4 10 -20 148 6 148 6 134 136 134 136 -4 110 -4 110 10 -20 4 134 136 272 162 272 162 258 292 258 292 120 266 120 266 134 136 1 0x1.0p1 0 4 134 136 272 162 148 6 134 136 134 136 -4 110 120 266 134 136 1 0x1.0cp7 0x1.1p7 0x1.0cp7 0x1.1p7
DOORGENERAL 4 14 -29 146 -5 146 -5 128 79 128 79 -4 55 -4 55 14 -29 4 278 19 410 43 410 43 392 127 392 127 260 103 260 103 278 19 0 0x1.dp2 -1 0 0
DOORGENERAL 4 -65 8 19 22 19 22 3 112 3 112 -81 98 -81 98 -65 8 4 -44 11 40 25 40 25 24 115 24 115 -60 101 -60 101 -44 11 1 0x1.1p2 2 4 -65 8 19 22 19 22 3 112 24 115 -60 101 -60 101 -44 11 2 -0x1.4b5d1a1a3273ep5 0x1.123778a052211p4 -0x1.48p4 0x1.ecp5 -0x1.48p4 0x1.ecp5 0x1.ae8d0d1939fp-2 0x1.a77221d7eb77bp6
DOORGENERAL 4 -60 -100 18 -78 18 -78 -6 -16 -6 -16 -84 -38 -84 -38 -60 -100 4 18 -78 96 -56 96 -56 72 6 72 6 -6 -16 -6 -16 18 -78 0 0x1.0p-1 1 4 18 -78 96 -56 18 -78 -6 -16 72 6 -6 -16 -6 -16 18 -78 3 0x1.118f6b9eaaa16p4 -0x1.2eaca02bce32ep6 0x1.365f9d1471c0fp3 -0x1.c473157289774p5 0x1.365f9d1471c0fp3 -0x1.c473157289774p5 0x1.26818bae38fc8p1 -0x1.2b8cea8d7688bp5 0x1.26818bae38fc8p1 -0x1.2b8cea8d7688bp5 -0x1.463dae7aaa854p2 -0x1.254d7f50c7348p4
DOORGENERAL 4 -34 -41 62 -35 62 -35 46 19 46 19 -50 13 -50 13 -34 -41 4 46 19 142 25 142 25 126 79 126 79 30 73 30 73 46 19 0 0x1.9p2 0 4 46 19 142 25 62 -35 46 19 46 19 -50 13 30 73 46 19 1 0x1.7p5 0x1.3p4 0x1.7p5 0x1.3p4
DOORGENERAL 4 26 -83 146 -71 146 -71 120 -27 120 -27 0 -39 0 -39 26 -83 4 266 -59 386 -47 386 -47 360 -3 360 -3 240 -15 240 -15 266 -59 0 0x1.6p1 -1 0 0
DOORGENERAL 4 -47 29 89 43 89 43 77 99 77 99 -59 85 -59 85 -47 29 4 -13 32 123 46 123 46 111 102 111 102 -25 88 -25 88 -13 32 1 0x1.1p3 2 4 -47 29 89 43 89 43 77 99 111 102 -25 88 -25 88 -13 32 2 -0x1.286d2544166dep2 0x1.35860b64ed996p5 0x1.0p5 0x1.06p6 0x1.0p5 0x1.06p6 0x1.1286d2544166ep6 0x1.713cfa4d89335p6
DOORGENERAL 4 52 -131 124 -111 124 -111 100 13 100 13 28 -7 28 -7 52 -131 4 124 -111 196 -91 196 -91 172 33 172 33 100 13 100 13 124 -111 1 0x1.cp2 1 4 124 -111 196 -91 124 -111 100 13 172 33 100 13 100 13 124 -111 2 0x1.e928c2136ff03p6 -0x1.98a7eab9c258ep6 0x1.cp6 -0x1.88p5 0x1.cp6 -0x1.88p5 0x1.96d73dec900fep6 0x1.0a7eab9c258ep2
DOORGENERAL 4 -51 -34 43 -12 43 -12 25 84 25 84 -69 62 -69 62 -51 -34 4 25 84 119 106 119 106 101 202 101 202 7 180 7 180 25 84 0 0x1.08p3 0 4 25 84 119 106 43 -12 25 84 25 84 -69 62 7 180 25 84 1 0x1.9p4 0x1.5p6 0x1.9p4 0x1.5p6
DOORGENERAL 4 -54 -135 32 -117 32 -117 8 1 8 1 -78 -17 -78 -17 -54 -135 4 118 -99 204 -81 204 -81 180 37 180 37 94 19 94 19 118 -99 1 0x1.18p3 -1 0 0
DOORGENERAL 4 5 27 55 37 55 37 31 95 31 95 -19 85 -19 85 5 27 4 17 29 67 39 67 39 43 97 43 97 -7 87 -7 87 17 29 0 0x1.0p2 2 4 5 27 55 37 55 37 31 95 43 97 -7 87 -7 87 17 29 1 0x1.8p4 0x1.fp5 0x1.8p4 0x1.fp5
DOORGENERAL 4 -8 19 60 27 60 27 38 71 38 71 -30 63 -30 63 -8 19 4 60 27 128 35 128 35 106 79 106 79 38 71 38 71 60 27 0 0x1.2p3 1 4 60 27 128 35 60 27 38 71 106 79 38 71 38 71 60 27 1 0x1.b8a52c101818fp5 0x1.26b5a7dfcfce1p5 0x1.575ad3efe7e7p5 0x1.e94a58203031fp5
DOORGENERAL 4 6 -39 80 -25 80 -25 66 65 66 65 -8 51 -8 51 6 -39 4 66 65 140 79 140 79 126 169 126 169 52 155 52 155 66 65 1 0x1.8p0 0 4 66 65 140 79 80 -25 66 65 66 65 -8 51 52 155 66 65 1 0x1.08p6 0x1.04p6 0x1.08p6 0x1.04p6
DOORGENERAL 4 18 -19 154 5 154 5 128 99 128 99 -8 75 -8 75 18 -19 4 290 29 426 53 426 53 400 147 400 147 264 123 264 123 290 29 0 0x1.ep1 -1 0 0
DOORGENERAL 4 -88 -55 44 -37 44 -37 20 53 20 53 -112 35 -112 35 -88 -55 4 -55 -51 77 -33 77 -33 53 57 53 57 -79 39 -79 39 -55 -51 0 0x1.2p1 2 4 -88 -55 44 -37 44 -37 20 53 53 57 -79 39 -79 39 -55 -51 1 -0x1.18p4 0x1.0p0 -0x1.18p4 0x1.0p0
DOORGENERAL 4 -82 -44 -28 -26 -28 -26 -50 20 -50 20 -104 2 -104 2 -82 -44 4 -28 -26 26 -8 26 -8 4 38 4 38 -50 20 -50 20 -28 -26 0 0x1.4p3 1 4 -28 -26 26 -8 -28 -26 -50 20 4 38 -50 20 -50 20 -28 -26 1 -0x1.096b7346f99c8p5 -0x1.e59498f4356efp3 -0x1.66948cb906638p5 0x1.259498f4356fp3
DOORGENERAL 4 -43 45 75 51 75 51 53 115 53 115 -65 109 -65 109 -43 45 4 53 115 171 121 171 121 149 185 149 185 31 179 31 179 53 115 1 0x1.ap1 0 4 53 115 171 121 75 51 53 115 53 115 -65 109 31 179 53 115 1 0x1.a8p5 0x1.ccp6 0x1.a8p5 0x1.ccp6
DOORGENERAL 4 46 -45 108 -31 108 -31 90 57 90 57 28 43 28 43 46 -45 4 170 -17 232 -3 232 -3 214 85 214 85 152 71 152 71 170 -17 1 0x1.ep1 -1 0 0
DOORGENERAL 4 -96 6 24 20 24 20 10 116 10 116 -110 102 -110 102 -96 6 4 -66 9 54 23 54 23 40 119 40 119 -80 105 -80 105 -66 9 0 0x0.0p0 2 4 -96 6 24 20 24 20 10 116 40 119 -80 105 -80 105 -66 9 1 -0x1.cp4 0x1.f4p5 -0x1.cp4 0x1.f4p5
DOORGENERAL 4 -76 -4 68 18 68 18 60 148 60 148 -84 126 -84 126 -76 -4 4 68 18 212 40 212 40 204 170 204 170 60 148 60 148 68 18 1 0x1.4p3 1 4 68 18 212 40 68 18 60 148 204 170 60 148 60 148 68 18 2 0x1.0d0d3e3fb3fbcp6 0x1.dfa331d34d148p4 0x1.0p6 0x1.4cp6 0x1.0p6 0x1.4cp6 0x1.e5e5838098088p5 0x1.100b99c5965d7p7
DOORGENERAL 4 -93 -59 -17 -37 -17 -37 -29 11 -29 11 -105 -11 -105 -11 -93 -59 4 -29 11 47 33 47 33 35 81 35 81 -41 59 -41 59 -29 11 0 0x1.6p2 0 4 -29 11 47 33 -17 -37 -29 11 -29 11 -105 -11 -41 59 -29 11 1 -0x1.dp4 0x1.6p3 -0x1.dp4 0x1.6p3
DOORGENERAL 4 -55 -67 17 -43 17 -43 3 77 3 77 -69 53 -69 53 -55 -67 4 89 -19 161 5 161 5 147 125 147 125 75 101 75 101 89 -19 1 0x1.ep1 -1 0 0
