CUT -935 466 -602 536 -935 466 -602 536 4 -935 466 -602 466 -935 466 -935 536 -602 466 -602 536 -935 536 -602 536
CUT -578 82 105 375 134 288 766 453 1 -578 82 105 375
CUT -546 935 184 1098 978 -743 1360 -582 1 -546 935 184 1098
CUT 689 -204 1479 448 173 914 254 1376 1 689 -204 1479 448
CUT 265 326 703 423 265 326 703 423 4 265 326 703 326 265 326 265 423 703 326 703 423 265 423 703 423
CUT 179 171 253 223 -441 -548 334 16 1 179 171 253 223
CUT 861 -215 1561 433 -966 -114 -856 402 1 861 -215 1561 433
CUT 789 12 1222 96 385 -221 972 184 4 789 12 972 12 789 12 789 96 972 12 1222 96 789 96 972 96
CUT 917 752 1436 1233 917 752 1436 1233 4 917 752 1436 752 917 752 917 1233 1436 752 1436 1233 917 1233 1436 1233
CUT -860 -840 -262 -321 664 520 1257 1020 1 -860 -840 -262 -321
CUT -867 -728 -530 -645 185 -274 967 407 1 -867 -728 -530 -645
CUT -757 690 -401 1430 612 161 847 465 1 -757 690 -401 1430
CUT -118 -957 191 -724 -118 -957 191 -724 4 -118 -957 191 -957 -118 -957 -118 -724 191 -957 191 -724 -118 -724 191 -724
CUT -995 198 -351 778 -637 -489 47 -255 1 -995 198 -351 778
CUT 256 798 845 999 787 604 935 1233 4 787 798 845 798 256 798 787 999 845 798 845 999 787 999 845 999
CUT 914 -408 1140 359 992 -808 1765 -389 4 992 -408 1140 -408 914 -408 992 -389 1140 -408 1140 -389 914 -389 1140 359
CUT 710 -362 729 51 710 -362 729 51 4 710 -362 729 -362 710 -362 710 51 729 -362 729 51 710 51 729 51
CUT 488 -664 1167 -586 -243 -156 23 286 1 488 -664 1167 -586
CUT 973 268 1231 825 -8 188 298 264 1 973 268 1231 825
CUT -526 913 -175 1210 -11 365 770 798 1 -526 913 -175 1210
CUT -599 -646 62 -228 -599 -646 62 -228 4 -599 -646 62 -646 -599 -646 -599 -228 62 -646 62 -228 -599 -228 62 -228
CUT -14 -877 134 -644 424 419 1032 1035 1 -14 -877 134 -644
CUT 491 3 785 294 -506 809 163 1595 1 491 3 785 294
CUT -62 730 562 800 739 16 921 335 1 -62 730 562 800
CUT 339 -763 739 -480 339 -763 739 -480 4 339 -763 739 -763 339 -763 339 -480 739 -763 739 -480 339 -480 739 -480
CUT -733 778 -639 1540 879 903 1521 1150 1 -733 778 -639 1540
CUT -398 -192 -161 336 -25 -116 113 439 1 -398 -192 -161 336
CUT 921 -378 1153 289 -514 -614 212 -85 1 921 -378 1153 289
CUT 38 866 61 942 38 866 61 942 4 38 866 61 866 38 866 38 942 61 866 61 942 38 942 61 942
CUT 635 -327 789 220 551 -789 1227 -744 1 635 -327 789 220
CUT 54 273 384 776 -71 88 708 306 4 54 273 384 273 54 273 54 306 384 273 384 306 54 306 384 776
CUT -561 -768 -213 -213 959 -924 1182 -785 1 -561 -768 -213 -213
CUT -481 798 -194 1527 -481 798 -194 1527 4 -481 798 -194 798 -481 798 -481 1527 -194 798 -194 1527 -481 1527 -194 1527
CUT -360 -384 -270 -21 -512 452 26 1104 1 -360 -384 -270 -21
CUT 212 -322 261 186 -820 -421 -319 -161 1 212 -322 261 186
CUT -335 -671 -16 -325 269 183 500 391 1 -335 -671 -16 -325
CUT 944 -947 1227 -652 944 -947 1227 -652 4 944 -947 1227 -947 944 -947 944 -652 1227 -947 1227 -652 944 -652 1227 -652
CUT -469 887 288 1002 17 -855 809 -190 1 -469 887 288 1002
CUT 307 667 330 1246 118 -912 242 -835 1 307 667 330 1246
CUT -7 -292 223 -183 -482 725 -66 1434 1 -7 -292 223 -183
CUT -702 -278 -223 -253 -702 -278 -223 -253 4 -702 -278 -223 -278 -702 -278 -702 -253 -223 -278 -223 -253 -702 -253 -223 -253
CUT -315 399 353 1072 -316 19 246 426 4 -315 399 246 399 -315 399 -315 426 246 399 353 426 -315 426 353 1072
CUT -13 -106 226 647 -820 -708 -256 -619 1 -13 -106 226 647
CUT -378 -984 -87 -945 510 538 1053 648 1 -378 -984 -87 -945
CUT -751 489 -623 892 -751 489 -623 892 4 -751 489 -623 489 -751 489 -751 892 -623 489 -623 892 -751 892 -623 892
CUT -472 973 13 1637 723 -565 1006 183 1 -472 973 13 1637
CUT 991 66 1772 427 265 -532 473 -393 1 991 66 1772 427
CUT -784 -11 -611 33 137 328 449 695 1 -784 -11 -611 33
CUT -63 528 50 1034 -63 528 50 1034 4 -63 528 50 528 -63 528 -63 1034 50 528 50 1034 -63 1034 50 1034
CUT 483 264 1031 644 -767 254 -86 376 1 483 264 1031 644
CUT 364 96 370 879 627 -216 729 -111 1 364 96 370 879
CUT 880 -605 1509 -61 125 316 476 712 1 880 -605 1509 -61
CUT -857 638 -210 1262 -857 638 -210 1262 4 -857 638 -210 638 -857 638 -857 1262 -210 638 -210 1262 -857 1262 -210 1262
CUT 697 -750 1157 -221 -898 692 -148 794 1 697 -750 1157 -221
CUT -96 -800 558 -697 261 660 270 1161 1 -96 -800 558 -697
CUT 410 -520 1035 192 -564 -741 -396 -349 1 410 -520 1035 192
CUT 305 -920 518 -572 305 -920 518 -572 4 305 -920 518 -920 305 -920 305 -572 518 -920 518 -572 305 -572 518 -572
CUT 703 -943 1232 -563 -340 -750 236 -378 1 703 -943 1232 -563
CUT -525 881 -374 1159 -29 625 591 644 1 -525 881 -374 1159
CUT 209 806 838 1197 -757 -256 -430 8 1 209 806 838 1197
CUT 675 315 882 826 675 315 882 826 4 675 315 882 315 675 315 675 826 882 315 882 826 675 826 882 826
CUT -130 667 486 827 -606 -561 147 -170 1 -130 667 486 827
CUT 545 853 825 1492 -391 -289 221 8 1 545 853 825 1492
CUT -854 -536 -674 -119 -296 56 40 744 1 -854 -536 -674 -119
CUT 765 339 1447 466 765 339 1447 466 4 765 339 1447 339 765 339 765 466 1447 339 1447 466 765 466 1447 466
CUT -672 -153 -636 -55 505 -984 847 -564 1 -672 -153 -636 -55
CUT -158 -918 -156 -400 -325 -216 321 385 1 -158 -918 -156 -400
CUT 622 -81 1040 618 608 1000 1366 1068 1 622 -81 1040 618
CUT 729 -183 1107 424 729 -183 1107 424 4 729 -183 1107 -183 729 -183 729 424 1107 -183 1107 424 729 424 1107 424
CUT -974 520 -821 780 651 -107 1038 292 1 -974 520 -821 780
CUT -563 217 152 233 -275 -494 465 -421 1 -563 217 152 233
CUT 476 224 1200 983 58 854 521 1309 4 476 224 521 854 476 854 476 983 521 224 1200 983 476 983 521 983
CUT 233 251 698 318 233 251 698 318 4 233 251 698 251 233 251 233 318 698 251 698 318 233 318 698 318
CUT 583 -631 931 -43 -485 -320 167 332 1 583 -631 931 -43
CUT 265 553 848 873 -56 485 315 608 4 265 553 315 553 265 553 265 608 315 553 848 873 265 608 315 873
CUT -452 851 -7 1583 -963 -727 -182 -280 1 -452 851 -7 1583
CUT 836 152 1257 647 836 152 1257 647 4 836 152 1257 152 836 152 836 647 1257 152 1257 647 836 647 1257 647
CUT -158 -244 514 -214 349 346 386 825 1 -158 -244 514 -214
CUT -342 -578 -334 -488 184 923 671 1710 1 -342 -578 -334 -488
CUT 298 803 603 1230 -460 216 -358 294 1 298 803 603 1230
CUT 959 -170 1129 510 959 -170 1129 510 4 959 -170 1129 -170 959 -170 959 510 1129 -170 1129 510 959 510 1129 510
CUT 776 657 1346 781 568 292 762 655 1 776 657 1346 781
CUT 300 -899 752 -865 -952 -434 -932 5 1 300 -899 752 -865
CUT 292 -677 617 69 834 -422 1102 -333 1 292 -677 617 69
CUT 697 -44 1452 517 697 -44 1452 517 4 697 -44 1452 -44 697 -44 697 517 1452 -44 1452 517 697 517 1452 517
CUT -37 -649 760 -29 849 -256 936 246 1 -37 -649 760 -29
CUT 521 19 632 560 905 945 1559 1242 1 521 19 632 560
CUT -1 904 364 963 -725 -331 -129 -40 1 -1 904 364 963
CUT -986 -163 -422 172 -986 -163 -422 172 4 -986 -163 -422 -163 -986 -163 -986 172 -422 -163 -422 172 -986 172 -422 172
CUT 437 -854 627 -741 872 921 1023 1243 1 437 -854 627 -741
CUT -861 61 -97 427 -848 676 -72 1042 1 -861 61 -97 427
CUT -136 988 371 1441 698 588 1036 862 1 -136 988 371 1441
CUT 543 -288 705 260 543 -288 705 260 4 543 -288 705 -288 543 -288 543 260 705 -288 705 260 543 260 705 260
CUT -119 -495 -71 -192 439 397 879 608 1 -119 -495 -71 -192
CUT 970 719 1737 1448 525 946 933 1340 1 970 719 1737 1448
CUT -284 -804 233 -187 -755 -455 7 33 4 -284 -804 233 -455 -284 -455 -284 -187 7 -455 233 -187 -284 -187 7 -187
CUT -353 516 -145 1242 -353 516 -145 1242 4 -353 516 -145 516 -353 516 -353 1242 -145 516 -145 1242 -353 1242 -145 1242
CUT 845 312 1012 387 779 684 951 1371 1 845 312 1012 387
CUT -904 3 -731 102 -789 736 -581 769 1 -904 3 -731 102
CUT -781 -521 -46 -412 -546 -1 -514 713 1 -781 -521 -46 -412
CUT 336 -324 514 324 336 -324 514 324 4 336 -324 514 -324 336 -324 336 324 514 -324 514 324 336 324 514 324
CUT 213 -541 941 -437 132 446 492 662 1 213 -541 941 -437
CUT 489 -683 643 -540 241 3 695 761 1 489 -683 643 -540
CUT -14 -442 654 -326 -565 -381 227 -34 4 -14 -442 227 -381 -14 -381 -14 -326 227 -442 654 -326 -14 -326 227 -326
CUT 987 -60 1720 3 987 -60 1720 3 4 987 -60 1720 -60 987 -60 987 3 1720 -60 1720 3 987 3 1720 3
CUT 701 327 1075 753 -919 389 -598 633 1 701 327 1075 753
CUT 150 -919 622 -438 231 -81 819 157 1 150 -919 622 -438
CUT 756 -257 1092 385 -697 48 -164 273 1 756 -257 1092 385
CUT 684 430 817 1068 684 430 817 1068 4 684 430 817 430 684 430 684 1068 817 430 817 1068 684 1068 817 1068
CUT -645 368 80 613 157 903 326 1067 1 -645 368 80 613
CUT -495 559 46 844 735 637 1494 810 1 -495 559 46 844
CUT 884 -960 1060 -580 -836 618 -663 1352 1 884 -960 1060 -580
CUT 828 759 1080 1472 828 759 1080 1472 4 828 759 1080 759 828 759 828 1472 1080 759 1080 1472 828 1472 1080 1472
CUT 328 472 690 1158 -826 15 -805 510 1 328 472 690 1158
CUT -681 -28 -12 460 -831 893 -99 1364 1 -681 -28 -12 460
CUT -443 -696 -268 -627 -330 308 -247 587 1 -443 -696 -268 -627
CUT -527 -642 169 -62 -527 -642 169 -62 4 -527 -642 169 -642 -527 -642 -527 -62 169 -642 169 -62 -527 -62 169 -62
CUT 426 109 1107 613 -248 231 97 383 1 426 109 1107 613
CUT -710 160 -540 549 579 -872 1136 -216 1 -710 160 -540 549
CUT 8 4 330 645 -535 -578 -285 174 1 8 4 330 645
CUT 26 645 231 1017 26 645 231 1017 4 26 645 231 645 26 645 26 1017 231 645 231 1017 26 1017 231 1017
CUT 29 -308 738 -124 12 577 501 899 1 29 -308 738 -124
CUT -467 761 -120 785 -805 -433 -710 -86 1 -467 761 -120 785
CUT 333 -509 841 -361 -340 -245 323 -72 1 333 -509 841 -361
CUT -867 -251 -853 257 -867 -251 -853 257 4 -867 -251 -853 -251 -867 -251 -867 257 -853 -251 -853 257 -867 257 -853 257
CUT 812 936 1566 1368 -895 840 -327 1626 1 812 936 1566 1368
CUT 258 -541 931 137 157 693 898 786 1 258 -541 931 137
CUT 630 423 1095 746 -596 452 -565 501 1 630 423 1095 746
CUT 711 268 1366 748 711 268 1366 748 4 711 268 1366 268 711 268 711 748 1366 268 1366 748 711 748 1366 748
CUT -960 -445 -732 41 -289 151 -197 451 1 -960 -445 -732 41
CUT -202 11 -120 221 594 -431 1287 171 1 -202 11 -120 221
CUT 987 -523 1041 -250 -854 358 -466 744 1 987 -523 1041 -250
CUT -849 955 -428 1087 -849 955 -428 1087 4 -849 955 -428 955 -849 955 -849 1087 -428 955 -428 1087 -849 1087 -428 1087
CUT 109 175 125 460 -749 -470 -709 -163 1 109 175 125 460
CUT -478 -455 -444 57 -479 -977 -189 -731 1 -478 -455 -444 57
CUT -893 -107 -607 311 -984 -350 -605 -188 1 -893 -107 -607 311
CUT 17 520 116 885 17 520 116 885 4 17 520 116 520 17 520 17 885 116 520 116 885 17 885 116 885
CUT 671 -860 713 -578 628 -131 643 202 1 671 -860 713 -578
CUT -497 643 19 1303 -869 -235 -102 -183 1 -497 643 19 1303
CUT 568 -160 1206 539 660 140 684 417 4 568 -160 684 140 568 140 660 417 684 -160 1206 539 568 417 684 539
CUT 558 -406 748 -152 558 -406 748 -152 4 558 -406 748 -406 558 -406 558 -152 748 -406 748 -152 558 -152 748 -152
CUT 0 207 5 270 -762 123 -531 407 1 0 207 5 270
CUT -463 -202 221 521 858 26 1212 243 1 -463 -202 221 521
CUT -623 508 -166 1243 -255 430 -81 431 1 -623 508 -166 1243
CUT 189 147 230 782 189 147 230 782 4 189 147 230 147 189 147 189 782 230 147 230 782 189 782 230 782
CUT 939 338 1344 580 838 490 1128 591 4 939 338 1128 490 939 490 939 580 1128 338 1344 580 939 580 1128 580
CUT 250 -669 489 35 -261 -717 120 -548 1 250 -669 489 35
CUT -832 46 -109 800 813 202 1152 786 1 -832 46 -109 800
CUT -115 937 229 1394 -115 937 229 1394 4 -115 937 229 937 -115 937 -115 1394 229 937 229 1394 -115 1394 229 1394
CUT -357 -490 73 141 359 -879 412 -419 1 -357 -490 73 141
CUT 881 -759 1361 -632 680 358 814 1038 1 881 -759 1361 -632
CUT 702 -802 1423 -138 -77 -676 173 -277 1 702 -802 1423 -138
CUT 868 -10 900 33 868 -10 900 33 4 868 -10 900 -10 868 -10 868 33 900 -10 900 33 868 33 900 33
CUT -861 400 -760 1024 451 -616 983 -500 1 -861 400 -760 1024
CUT 722 -386 1477 243 104 -395 311 111 1 722 -386 1477 243
CUT 430 122 1220 528 523 -982 1185 -508 1 430 122 1220 528
CUT -234 214 -22 795 -234 214 -22 795 4 -234 214 -22 214 -234 214 -234 795 -22 214 -22 795 -234 795 -22 795
CUT -781 520 -575 939 -122 -229 153 -163 1 -781 520 -575 939
CUT 106 -584 295 60 -926 378 -273 988 1 106 -584 295 60
CUT -177 -630 6 -583 882 926 1455 971 1 -177 -630 6 -583
CUT -474 48 -209 459 -474 48 -209 459 4 -474 48 -209 48 -474 48 -474 459 -209 48 -209 459 -474 459 -209 459
CUT 597 901 1105 1048 968 790 1326 1328 4 968 901 1105 901 597 901 968 1048 1105 901 1105 1048 968 1048 1105 1048
CUT -936 951 -342 1321 -432 -311 324 142 1 -936 951 -342 1321
CUT -895 920 -600 959 989 -429 1086 -2 1 -895 920 -600 959
CUT -328 -993 42 -591 -328 -993 42 -591 4 -328 -993 42 -993 -328 -993 -328 -591 42 -993 42 -591 -328 -591 42 -591
CUT 755 338 790 1111 -196 738 413 1442 1 755 338 790 1111
CUT -692 728 -16 1467 234 -299 450 -4 1 -692 728 -16 1467
CUT 165 930 575 933 998 -131 1246 663 1 165 930 575 933
CUT 534 726 1177 1443 534 726 1177 1443 4 534 726 1177 726 534 726 534 1443 1177 726 1177 1443 534 1443 1177 1443
CUT -650 187 -498 470 -742 455 -654 671 1 -650 187 -498 470
CUT 538 394 611 643 -269 847 64 1339 1 538 394 611 643
CUT 791 334 1052 628 35 -246 151 518 1 791 334 1052 628
CUT -271 -886 2 -166 -271 -886 2 -166 4 -271 -886 2 -886 -271 -886 -271 -166 2 -886 2 -166 -271 -166 2 -166
CUT 900 -176 1106 555 297 54 903 379 4 900 -176 1106 54 900 54 900 379 903 54 1106 555 900 379 903 555
CUT -359 327 14 929 690 -864 1432 -361 1 -359 327 14 929
CUT -140 -193 463 51 -771 -778 7 -213 1 -140 -193 463 51
CUT 821 6 1316 742 821 6 1316 742 4 821 6 1316 6 821 6 821 742 1316 6 1316 742 821 742 1316 742
CUT -550 -445 -397 -85 -514 -669 -377 -49 4 -514 -445 -397 -445 -550 -445 -514 -85 -397 -445 -397 -85 -514 -85 -397 -85
CUT -445 -31 -130 43 -774 -916 -77 -551 1 -445 -31 -130 43
CUT -620 -310 101 59 856 720 1446 1467 1 -620 -310 101 59
CUT -650 -293 72 379 -650 -293 72 379 4 -650 -293 72 -293 -650 -293 -650 379 72 -293 72 379 -650 379 72 379
CUT 751 -37 1117 610 -563 -322 -488 -81 1 751 -37 1117 610
CUT -110 -762 481 -143 411 135 1172 890 1 -110 -762 481 -143
CUT 404 79 878 497 -52 584 448 1192 1 404 79 878 497
CUT 598 -85 1315 479 598 -85 1315 479 4 598 -85 1315 -85 598 -85 598 479 1315 -85 1315 479 598 479 1315 479
CUT -242 -633 174 -414 -133 -100 565 116 1 -242 -633 174 -414
CUT -770 916 -700 1015 213 -587 750 -321 1 -770 916 -700 1015
CUT 674 70 1261 464 915 -145 1475 200 4 915 70 1261 70 674 70 915 200 1261 70 1261 200 674 200 1261 464
CUT -398 657 326 1297 -398 657 326 1297 4 -398 657 326 657 -398 657 -398 1297 326 657 326 1297 -398 1297 326 1297
CUT 290 -933 1030 -637 -595 -666 -43 -533 1 290 -933 1030 -637
CUT 313 -331 972 458 -411 393 -44 450 1 313 -331 972 458
CUT 134 -159 317 78 -514 -760 147 -606 1 134 -159 317 78
CUT 918 -407 1042 178 918 -407 1042 178 4 918 -407 1042 -407 918 -407 918 178 1042 -407 1042 178 918 178 1042 178
CUT -194 -879 139 -637 461 856 663 1427 1 -194 -879 139 -637
CUT 197 -833 400 -572 -506 -339 -301 -209 1 197 -833 400 -572
CUT -488 -309 170 347 -85 -321 68 230 4 -85 -309 68 -309 -488 -309 -85 347 68 -309 170 230 -85 230 170 347
CUT -712 -876 -239 -186 -712 -876 -239 -186 4 -712 -876 -239 -876 -712 -876 -712 -186 -239 -876 -239 -186 -712 -186 -239 -186
CUT -342 818 377 880 147 517 423 1092 4 147 818 377 818 -342 818 147 880 377 818 377 880 147 880 377 880
CUT 885 -848 1302 -792 283 75 867 502 1 885 -848 1302 -792
CUT 321 995 818 1464 -51 -510 635 -410 1 321 995 818 1464
CUT -828 307 -575 562 -828 307 -575 562 4 -828 307 -575 307 -828 307 -828 562 -575 307 -575 562 -828 562 -575 562
CUT -855 786 -600 1377 -165 -26 469 411 1 -855 786 -600 1377
CUT 257 376 266 489 -658 -902 -286 -657 1 257 376 266 489
CUT -509 352 -438 483 -72 251 386 367 1 -509 352 -438 483
CUT 305 -553 751 -340 305 -553 751 -340 4 305 -553 751 -553 305 -553 305 -340 751 -553 751 -340 305 -340 751 -340
CUT -302 239 -189 472 -120 215 88 792 1 -302 239 -189 472
CUT -308 -483 420 273 -442 -240 -437 343 1 -308 -483 420 273
CUT 975 996 1527 1119 -333 -530 338 -374 1 975 996 1527 1119
CUT 93 -477 589 281 93 -477 589 281 4 93 -477 589 -477 93 -477 93 281 589 -477 589 281 93 281 589 281
CUT 428 -133 707 172 -140 -842 222 -484 1 428 -133 707 172
CUT -14 -717 243 -40 935 -312 1174 12 1 -14 -717 243 -40
CUT -909 924 -324 1375 574 -911 1056 -207 1 -909 924 -324 1375
CUT -824 728 -114 1249 -824 728 -114 1249 4 -824 728 -114 728 -824 728 -824 1249 -114 728 -114 1249 -824 1249 -114 1249
CUT 684 -151 692 306 -458 -964 113 -731 1 684 -151 692 306
CUT -709 480 84 905 -106 764 124 1355 4 -106 480 84 764 -709 480 -106 905 84 764 84 905 -106 905 84 905
CUT 838 764 1475 1529 -890 -523 -562 -232 1 838 764 1475 1529
CUT 923 483 1551 594 923 483 1551 594 4 923 483 1551 483 923 483 923 594 1551 483 1551 594 923 594 1551 594
CUT 205 -693 386 -126 -639 -377 -614 -363 1 205 -693 386 -126
CUT -844 621 -601 1328 -695 -939 -442 -798 1 -844 621 -601 1328
CUT 623 -544 776 -80 374 119 473 418 1 623 -544 776 -80
CUT -137 -507 -58 19 -137 -507 -58 19 4 -137 -507 -58 -507 -137 -507 -137 19 -58 -507 -58 19 -137 19 -58 19
CUT 295 -913 699 -754 519 -964 958 -619 4 519 -913 699 -913 295 -913 519 -754 699 -913 699 -754 519 -754 699 -754
CUT 773 497 1512 520 -458 -576 64 66 1 773 497 1512 520
CUT 181 -341 613 -248 -769 -205 -505 -147 1 181 -341 613 -248
CUT -591 -961 27 -473 -591 -961 27 -473 4 -591 -961 27 -961 -591 -961 -591 -473 27 -961 27 -473 -591 -473 27 -473
CUT 113 -230 745 349 -744 158 -96 204 1 113 -230 745 349
CUT -879 609 -177 1131 230 319 742 1041 1 -879 609 -177 1131
CUT 683 -553 1314 -191 713 -523 1235 202 4 683 -553 1235 -523 683 -523 713 -191 1235 -553 1314 -191 713 -191 1235 -191
CUT 948 296 1453 716 948 296 1453 716 4 948 296 1453 296 948 296 948 716 1453 296 1453 716 948 716 1453 716
CUT -206 122 232 195 -802 -47 -289 33 1 -206 122 232 195
CUT 441 247 656 406 -498 207 32 719 1 441 247 656 406
CUT -642 -67 -481 599 606 910 893 1326 1 -642 -67 -481 599
CUT 202 18 731 533 202 18 731 533 4 202 18 731 18 202 18 202 533 731 18 731 533 202 533 731 533
CUT -658 -794 -337 -646 -132 654 467 1394 1 -658 -794 -337 -646
CUT 18 631 501 721 -731 -5 -486 652 1 18 631 501 721
CUT 105 -155 331 566 -917 146 -123 336 1 105 -155 331 566
CUT 112 -637 534 -434 112 -637 534 -434 4 112 -637 534 -637 112 -637 112 -434 534 -637 534 -434 112 -434 534 -434
CUT 790 949 1188 990 597 483 1169 1009 4 790 949 1169 949 790 949 790 990 1169 949 1188 990 790 990 1169 990
CUT 218 46 719 589 428 -355 490 70 4 428 46 490 46 218 46 428 70 490 46 719 70 218 70 719 589
CUT 158 42 269 798 -564 549 -102 1273 1 158 42 269 798
CUT 293 -48 1039 207 293 -48 1039 207 4 293 -48 1039 -48 293 -48 293 207 1039 -48 1039 207 293 207 1039 207
CUT 598 -755 870 -520 842 699 1263 973 1 598 -755 870 -520
CUT 813 -948 910 -321 773 426 1316 502 1 813 -948 910 -321
CUT 965 979 1504 1689 44 963 61 1738 1 965 979 1504 1689
CUT -772 421 -80 680 -772 421 -80 680 4 -772 421 -80 421 -772 421 -772 680 -80 421 -80 680 -772 680 -80 680
CUT 624 -470 651 -56 568 625 606 1060 1 624 -470 651 -56
CUT -226 -345 346 0 -62 229 527 962 1 -226 -345 346 0
CUT 903 107 1058 310 -526 -875 -473 -371 1 903 107 1058 310
CUT -40 869 173 1601 -40 869 173 1601 4 -40 869 173 869 -40 869 -40 1601 173 869 173 1601 -40 1601 173 1601
CUT -871 211 -867 633 -96 -558 83 104 1 -871 211 -867 633
CUT 170 -92 931 -71 -951 941 -283 1615 1 170 -92 931 -71
CUT 425 -888 491 -337 -95 -188 433 -142 1 425 -888 491 -337
CUT -848 -654 -621 -193 -848 -654 -621 -193 4 -848 -654 -621 -654 -848 -654 -848 -193 -621 -654 -621 -193 -848 -193 -621 -193
CUT 803 -323 1505 197 883 407 1522 695 1 803 -323 1505 197
CUT -961 -415 -468 -51 -811 -874 -171 -269 4 -811 -415 -468 -415 -961 -415 -811 -269 -468 -415 -468 -269 -961 -269 -468 -51
CUT 154 436 254 883 355 -443 599 -400 1 154 436 254 883
AREA -1000 -1000 1000 1000 16 479 -86 825 83 167 318 603 329 -151 -713 -17 -97 65 345 211 689 -276 572 77 919 99 568 214 1338 -391 -730 111 -669 310 -713 747 -391 105 737 401 1464 295 649 848 997 -40 -738 415 -138 -339 432 32 782 -316 902 444 993 -710 -368 -287 -241 663 -847 1159 -489 813 -645 1595 -515 42 663 -1000 1000 -847 24869 479 -1000 663 -713 16845 747 -489 1000 -391 26654 479 -391 1000 -86 22702 -151 -1000 -17 -738 -3473 -151 -738 -40 -730 -3679 -391 -1000 -151 -730 -9266 -1000 -1000 -391 -669 -22379 -1000 -669 -151 -368 -18343 -1000 -368 -710 -241 -26809 -287 -368 -151 -241 -7093 -1000 -241 -151 318 -17786 -17 -1000 111 -738 588 111 -1000 479 -738 8276 415 -738 479 -713 13132 415 -391 479 -138 13593 -17 -138 479 318 7251 -151 -97 -17 318 -2493 65 318 167 345 3928 -276 318 65 432 -2880 32 432 65 572 2021 -339 318 -276 432 -9142 -1000 318 -339 1000 -20080 -339 782 -276 902 -8675 -339 902 -316 1000 -9186 -316 993 -276 1000 -8179 -276 993 65 1000 -2258 77 689 99 902 3524 77 993 99 1000 3725 65 993 77 1000 3198 167 329 211 345 6196 211 329 214 568 7052 214 329 479 649 11246 214 649 295 689 8574 214 689 295 737 8618 401 997 479 1000 14639 825 -86 1000 83 28302 479 83 603 318 16972 603 83 1000 329 25068 479 329 1000 649 23429 848 649 1000 1000 29469 479 997 848 1000 21583
AREA -1000 -1000 1000 1000 6 -212 513 -205 1224 391 -147 665 10 62 688 149 971 405 466 954 1247 -764 575 -644 1066 -939 281 -495 721 17 391 -1000 1000 -147 21003 -1000 -1000 391 281 -9783 -1000 281 -939 513 -29642 -495 281 391 513 -1215 665 -147 1000 10 25755 391 10 1000 466 21814 391 466 405 513 12828 954 466 1000 513 30777 -1000 513 -939 721 -29422 -1000 721 -764 1000 -26481 -495 513 -212 1000 -10186 -644 721 -495 1000 -16778 62 513 149 688 3887 -205 513 62 1000 -1444 149 513 405 1000 9344 954 513 1000 1000 31044 62 971 149 1000 4272
AREA -1000 -1000 1000 1000 5 -473 -624 -399 -76 -501 -627 276 -76 556 -795 1308 -216 -636 -468 85 -399 816 667 1093 988 13 -473 -1000 -399 -627 -14329 -501 -1000 -473 -627 -15910 -1000 -1000 -501 -468 -23984 -1000 -468 -636 -76 -25630 -636 -399 -501 -76 -17845 -399 -1000 276 -627 -2704 556 -1000 1000 -795 23221 276 -1000 556 -76 12358 556 -216 1000 -76 23972 816 -76 1000 667 28444 -399 -76 816 1000 6941 816 988 1000 1000 29142 -1000 -76 -399 1000 -21207
AREA -1000 -1000 1000 1000 13 -709 779 71 1128 -987 960 -747 1373 736 599 1456 1142 -986 740 -802 1347 -42 -723 85 7 -565 -270 -409 -178 403 777 597 1184 127 -986 313 -203 -849 -780 -726 -409 599 -764 832 -438 308 519 1019 1154 195 425 893 840 -294 810 213 1274 29 736 -1000 1000 -764 26026 832 -764 1000 -438 27795 736 -438 1000 425 26902 893 425 1000 519 29829 -42 -1000 85 -723 -179 -1000 -1000 -726 -780 -27643 -1000 -780 -849 -270 -29169 -726 -1000 -42 -270 -12539 -849 -409 -726 -270 -24736 -1000 -270 -565 -178 -24466 -409 -270 -42 -178 -7199 -1000 -178 -42 740 -15870 127 -1000 313 -986 5827 85 -1000 127 -203 2685 599 -1000 736 -764 19826 313 -1000 599 -438 13417 313 -438 736 7 16060 85 -203 313 7 6071 -42 7 736 425 10973 -42 425 195 519 2859 -42 519 195 740 3017 -1000 740 -986 779 -30023 -802 740 195 779 -8633 -1000 779 -986 960 -29913 -802 779 -709 960 -22535 -1000 960 -987 1000 -29803 -747 960 -709 1000 -21588 71 779 195 810 4918 213 840 308 1000 9011
AREA -1000 -1000 1000 1000 10 379 -821 647 -313 674 -91 1094 127 -256 -568 -49 -487 922 -175 1589 -171 -14 696 240 1100 -303 37 -293 567 391 462 1190 754 -846 -359 -755 44 -457 -417 132 78 -645 191 -350 607 28 379 -1000 647 -821 14993 -256 -1000 379 -568 1138 -1000 -1000 -256 -487 -20211 -49 -568 379 -487 4588 -303 -487 -293 -417 -9690 -846 -487 -755 -359 -25223 -1000 -487 -846 44 -28834 -457 -487 -303 -417 -12232 -755 -487 -457 44 -19007 -1000 44 -457 78 -22507 -645 78 -303 191 -14559 -1000 78 -645 696 -25095 -350 191 -303 607 -9707 -645 607 -303 696 -14042 -293 -487 132 -417 -2932 132 -487 379 78 7732 -293 78 379 696 1720 -303 567 -293 696 -8606 -1000 696 -14 1000 -14869 240 696 379 1000 10458 647 -1000 1000 -313 24888 922 -313 1000 -175 29547 674 -313 922 -91 24536 922 -171 1000 -91 29660 379 -313 674 127 16244 379 127 1000 462 21685 379 462 391 754 12543 379 754 1000 1000 22267
AREA -1000 -1000 1000 1000 3 275 970 381 1351 -394 -112 -271 565 -402 730 67 861 11 -1000 -1000 -271 -112 -20241 -1000 -112 -394 730 -21298 -1000 730 -402 970 -20881 -402 861 -394 970 -11422 -271 -1000 1000 730 11180 67 730 1000 970 17404 -271 861 67 970 -2246 -394 565 -271 730 -9644 -394 861 -271 970 -9376 -1000 970 275 1000 -10237 381 970 1000 1000 22406
AREA -1000 -1000 1000 1000 0 1 -1000 -1000 1000 1000 0
AREA -1000 -1000 1000 1000 5 422 -15 637 84 -82 -508 255 -222 -751 604 -101 1214 -874 -593 -712 113 -999 340 -645 812 16 422 -1000 1000 -15 21534 -82 -1000 422 -508 4516 -1000 -1000 -712 -593 -27332 -1000 -593 -874 -222 -29454 -712 -1000 -82 -222 -12918 255 -508 422 -222 10144 -1000 -222 -874 113 -29101 -712 -222 -645 340 -20959 -645 -222 422 604 -3250 -1000 113 -712 340 -26309 -1000 340 -999 604 -30497 -1000 604 -999 812 -30261 -1000 812 -751 1000 -26219 -101 604 422 1000 5793 637 -15 1000 84 25424 422 84 1000 1000 22583
AREA -1000 -1000 1000 1000 0 1 -1000 -1000 1000 1000 0
AREA -1000 -1000 1000 1000 5 364 376 1152 429 465 563 842 819 969 363 1002 933 -895 108 -785 594 740 -103 772 294 15 969 -1000 1000 363 30217 -1000 -1000 -785 108 -28098 -1000 108 -895 376 -29115 740 -1000 969 -103 25954 -785 -1000 740 376 -994 772 -103 969 376 27138 740 294 772 376 23771 -1000 376 -895 594 -28872 -785 376 364 1000 -5822 -1000 594 -785 1000 -26855 364 429 842 563 19189 364 563 465 819 13556 842 429 969 819 28710 364 819 969 1000 21587 969 933 1000 1000 31502
AREA -1000 -1000 1000 1000 5 -760 -803 -731 -678 693 -835 1315 -273 239 89 623 811 49 42 753 733 115 -985 508 -906 16 -760 -1000 -731 -803 -23996 -1000 -1000 -760 -678 -28119 693 -1000 1000 -835 25340 115 -1000 508 -985 8680 -731 -1000 115 -906 -10501 508 -1000 693 -906 17678 -731 -906 693 42 -1021 -731 42 49 89 -10505 -731 89 49 1000 -10026 49 733 239 1000 5331 623 733 693 811 21170 239 811 693 1000 15352 693 -273 1000 42 26142 753 42 1000 733 27575 693 733 1000 1000 27124 -1000 -678 -731 1000 -26654
AREA -1000 -1000 1000 1000 14 -774 62 -10 836 -475 -605 238 -192 839 -38 1150 21 564 -761 613 -579 -89 -879 529 -391 931 719 1557 1458 545 982 597 1527 96 285 879 758 981 -937 1668 -667 -820 366 -781 1103 -571 27 -333 34 301 -671 416 -617 -446 -576 160 56 -497 90 -237 476 31 -89 -1000 238 -879 1386 -475 -1000 -89 -605 -9544 -1000 -1000 -475 27 -23333 -1000 27 -571 62 -24290 -571 34 -475 62 -16165 564 -1000 613 -761 17379 238 -1000 564 -879 11492 529 -879 564 -579 16228 981 -1000 1000 -937 29753 613 -1000 981 -579 23918 981 -667 1000 -579 30098 529 -579 1000 -38 23407 238 -391 529 -38 11690 238 -38 839 62 16721 839 21 1000 62 28562 -475 -192 -446 27 -14342 160 -192 238 62 6104 -333 56 160 62 -2607 -475 34 -446 62 -14212 -446 56 -333 62 -12000 -1000 62 -774 366 -27283 -1000 366 -820 1000 -27527 -781 366 -774 1000 -23404 931 62 1000 719 30337 -10 62 931 285 14465 -10 285 96 758 1855 879 285 931 758 28577 -10 758 931 982 15161 -10 982 545 1000 9299 597 982 931 1000 24675 -774 836 -10 1000 -11234
AREA -1000 -1000 1000 1000 5 275 -821 530 -501 53 -786 282 -491 155 928 612 1270 -947 665 -357 942 -103 -384 625 -249 16 275 -1000 530 -821 11583 53 -1000 275 -786 4191 -1000 -1000 53 -501 -15413 530 -1000 1000 -501 22965 -1000 -501 53 -491 -15159 282 -501 1000 -491 19375 -1000 -491 -357 665 -20931 -1000 665 -947 928 -29366 -103 -491 625 -384 7654 -357 -491 -103 -249 -7500 625 -491 1000 -249 24833 -357 -249 1000 928 10322 -1000 928 -947 942 -29228 -357 928 155 1000 -2167 -1000 942 -357 1000 -20047 612 928 1000 1000 25950
AREA -1000 -1000 1000 1000 15 121 -159 780 626 -350 389 402 511 -440 485 20 1075 -942 -196 -277 -112 613 -519 762 204 801 485 1589 791 33 -321 813 30 251 -352 888 -213 -774 900 -267 1462 512 -175 985 -23 -43 -76 617 547 792 -841 1201 -51 262 898 1050 1533 461 -79 1027 529 -472 -829 -311 -130 21 792 -1000 1000 -841 26856 613 -1000 792 -519 21034 121 -1000 613 -352 10701 121 -352 251 -321 5430 762 -519 792 -352 23652 33 -1000 121 -321 1727 -472 -1000 -311 -829 -13035 -1000 -1000 -472 -196 -23414 -311 -1000 33 -196 -4907 -1000 -196 -942 -112 -30255 -277 -196 33 -112 -3936 -43 -112 33 -76 -249 -1000 -112 -43 389 -16012 -440 389 -350 485 -11808 -1000 389 -440 900 -21675 -1000 900 -774 1000 -26547 20 547 121 1000 2975 780 529 801 626 25099 121 626 801 898 15053 121 898 262 1000 6901 801 791 1000 898 28776
AREA -1000 -1000 1000 1000 4 885 703 1421 1327 590 -128 1352 360 -371 -503 395 250 -636 433 -636 1178 8 885 -1000 1000 -128 28669 885 360 1000 703 29765 590 -1000 885 -128 22314 -371 -1000 590 -503 2659 -1000 -1000 -371 250 -21610 395 -503 590 250 15157 -1000 250 590 1000 -5730 590 360 885 1000 23558
AREA -1000 -1000 1000 1000 8 -368 92 115 632 61 -133 828 83 309 -794 794 -366 -225 -172 157 98 -913 626 -289 779 235 -365 959 240 878 -644 1571 -180 -735 -522 -441 -41 26 309 -1000 794 -794 16215 61 -1000 309 -365 5053 61 -365 235 -172 4320 157 -172 235 -133 5924 794 -1000 1000 -644 26985 794 -644 878 -366 25411 309 -366 878 -365 18049 959 -180 1000 -133 30224 -1000 -1000 -441 -522 -23081 -1000 -522 -735 -172 -27224 -441 -1000 61 -172 -6476 -1000 -172 -735 92 -26917 -441 -172 -225 92 -10363 -735 -41 -441 92 -18202 959 -133 1000 92 30360 157 83 235 92 6164 -1000 92 -368 626 -20845 -1000 626 -913 779 -28933 -1000 779 -368 1000 -20314 157 92 235 98 6171 959 92 1000 98 30475 115 98 235 240 5594 959 98 1000 240 30549 115 240 1000 1000 17918 -289 632 115 1000 -1881 -368 779 -289 1000 -9278
AREA -1000 -1000 1000 1000 2 575 427 1292 1218 -164 -86 359 416 5 575 -1000 1000 427 24142 -1000 -1000 575 -86 -7115 -1000 -86 -164 1000 -17585 359 -86 575 416 14642 -164 416 575 1000 7094
AREA -1000 -1000 1000 1000 3 -203 129 13 382 99 536 600 579 339 -375 859 245 11 339 -1000 1000 -375 20083 -1000 -1000 339 129 -10665 859 -375 1000 129 28707 -1000 129 -203 1000 -18066 13 129 339 536 5789 859 129 1000 245 29017 339 245 1000 536 21161 13 536 99 579 2294 600 536 1000 579 25358 13 579 1000 1000 16507 -203 382 13 1000 -2254
AREA -1000 -1000 1000 1000 9 -883 -978 -100 -963 80 -879 208 -822 -396 444 157 1077 -761 -152 -484 -93 853 -963 1285 -597 353 -394 715 -2 -211 -873 487 -787 -78 -763 113 -61 -511 457 -93 924 25 -883 -1000 -100 -978 -16210 -1000 -1000 -883 -963 -30152 -100 -1000 1000 -963 12969 80 -963 208 -879 3543 -211 -963 80 -873 -2933 -1000 -963 -211 -822 -19647 208 -963 487 -873 9870 487 -963 853 -822 19878 -1000 -822 -484 -152 -23489 -1000 -152 -761 -93 -27402 487 -822 853 -787 19966 353 -787 853 -394 18103 -484 -822 -211 -787 -11561 -78 -787 113 -763 -217 -484 -787 -78 -61 -9135 113 -787 353 -61 6799 -484 -61 353 444 -1823 715 -394 853 -2 24106 353 -2 853 444 18914 853 -597 1000 444 28661 -1000 -93 -484 444 -22826 -511 444 -396 457 -13592 -1000 444 -511 1000 -22683 -511 924 -396 1000 -13081 157 444 1000 1000 18671
AREA -1000 -1000 1000 1000 2 -673 145 -493 796 -630 -558 -180 -361 8 -1000 -1000 -493 -558 -23905 -1000 -558 -630 -361 -25724 -1000 -361 -493 145 -23234 -1000 145 -673 1000 -25343 -493 -1000 -180 -558 -11195 -180 -1000 1000 -361 12030 -493 -361 1000 1000 8194 -673 796 -493 1000 -17175
AREA -1000 -1000 1000 1000 14 -619 -248 31 -33 -613 998 -352 1184 -894 -603 -222 -432 949 -819 1452 -467 1 888 560 1268 626 242 817 334 -369 264 -165 776 -137 -89 522 250 -178 -35 430 438 235 36 870 601 -477 455 229 891 87 768 488 1113 -987 537 -605 735 -421 -800 220 -700 35 -421 -1000 31 -800 -6945 -1000 -1000 -421 -603 -22811 -421 -700 31 -603 -6696 -1000 -603 -894 -432 -29874 -222 -603 31 -248 -3370 -1000 -432 -222 -248 -19281 -1000 -248 -619 -33 -25219 949 -1000 1000 -819 29316 31 -1000 220 -800 3006 220 -1000 949 -89 17591 31 -700 220 -89 3512 522 -89 949 -33 22755 949 -467 1000 -33 29975 -369 -33 -352 264 -11044 -477 -33 -369 455 -12902 -1000 -33 -477 537 -22626 -1000 537 -987 735 -30147 -605 537 -477 735 -16135 -1000 735 -477 998 -22011 -477 891 -369 998 -12168 -369 891 -352 998 -10215 -1000 998 -613 1000 -23987 626 -33 870 36 23190 870 -33 1000 242 29090 -352 -33 -178 264 -8099 522 -33 626 36 17796 -165 438 235 455 1532 229 455 235 768 7804 235 601 626 768 14046 488 768 626 888 18095 870 242 1000 334 29273 870 334 1000 601 29453 626 601 1000 888 25948 -352 891 1 1000 -4479 560 888 1000 1000 25124
AREA -1000 -1000 1000 1000 0 1 -1000 -1000 1000 1000 0
AREA -1000 -1000 1000 1000 11 976 564 1113 740 38 -588 158 -262 -103 -454 -27 337 -493 215 261 717 -958 -872 -884 -519 -185 308 86 1007 -928 -899 -523 -636 340 375 702 730 -715 895 -589 1086 229 483 644 508 -364 -228 -79 178 27 976 -1000 1000 564 30410 38 -1000 158 -588 2244 -103 -1000 38 -454 -1719 -1000 -1000 -884 -899 -30151 -1000 -899 -928 -872 -30769 -1000 -872 -958 -519 -31044 -884 -1000 -523 -899 -22742 -523 -1000 -103 -262 -10334 -884 -636 -523 -262 -22242 -1000 -519 -884 -262 -29592 -27 -454 38 -262 -172 158 -1000 976 -262 16946 -364 -262 -103 -228 -7468 -493 -262 -364 215 -13291 -364 178 -103 215 -7026 -1000 -262 -493 895 -22809 -1000 895 -715 1000 -25619 -589 895 -493 1000 -15823 -493 717 -185 1000 -9650 -27 -262 261 215 3604 261 -262 976 375 19246 261 375 340 483 9760 261 508 340 730 9950 702 375 976 1000 26697 261 730 702 1000 15807 86 717 261 1000 6253 976 740 1000 1000 31498
AREA -1000 -1000 1000 1000 17 -330 797 340 1461 611 659 920 1080 3 545 309 1154 763 688 793 888 234 719 628 1280 773 -332 1074 -48 513 -55 1274 272 868 -282 893 422 -602 438 15 779 877 -108 1471 507 855 -945 1335 -596 444 -964 798 -335 196 627 802 680 -25 -304 565 -273 426 774 1125 969 624 10 676 153 97 319 140 321 33 855 -1000 1000 -945 27796 773 -1000 798 -964 23384 798 -1000 855 -596 24839 798 -596 1000 -332 27405 773 -335 798 -332 24033 513 -1000 773 -964 18951 513 -335 565 -304 16390 565 -335 773 -273 20435 513 -273 773 -55 19769 444 -1000 513 -964 13867 -25 -1000 444 -304 5858 -1000 -1000 -25 438 -16153 -25 -273 444 319 6533 -25 319 97 438 1495 140 319 444 438 9431 97 321 140 438 4069 444 -335 513 -304 14530 444 -273 513 438 14932 -1000 438 -602 545 -24339 15 438 513 545 8676 513 272 773 545 20342 773 272 868 422 25798 773 422 877 545 26059 877 507 1000 545 29635 -1000 545 -602 659 -24229 309 545 802 627 17822 802 545 1000 659 28533 -1000 659 -602 797 -24103 -602 779 3 797 -8481 309 680 611 719 14960 920 659 1000 774 30477 -1000 797 -330 1000 -19716 920 969 1000 1000 30745
AREA -1000 -1000 1000 1000 13 -139 -76 339 640 284 290 951 918 -704 718 -392 1087 -337 -157 -165 -11 272 245 523 537 -617 474 155 919 324 -976 987 -721 -857 -472 -245 -335 -48 -324 222 -4 -846 286 -335 467 -842 759 -693 779 -295 -907 147 -291 38 -961 695 -755 33 -295 -1000 -165 -907 -8083 -1000 -1000 -295 -472 -20793 -1000 -472 -857 -335 -29171 -1000 -335 -295 -157 -20303 -295 -291 -165 -157 -7354 -1000 -157 -337 -76 -20824 324 -1000 1000 -976 19534 38 -1000 147 -961 1903 -165 -1000 38 -907 -2906 147 -1000 324 -961 6336 147 -755 324 -721 6578 987 -976 1000 -721 29966 147 -721 222 -324 5213 -165 -291 -48 -76 -3469 222 -721 1000 -76 18543 -1000 -76 -337 -11 -20751 -165 -76 -139 -11 -4755 -1000 -11 -139 286 -17501 -1000 286 -846 474 -28233 -335 286 -139 474 -6967 -846 467 -335 474 -17819 -1000 474 -617 718 -24452 -842 718 -704 759 -23224 -1000 718 -842 779 -27802 -1000 779 -704 1000 -25522 -392 919 -139 1000 -7255 339 -76 523 245 13446 523 -76 1000 290 23729 951 290 1000 918 30860 339 918 1000 1000 21729 155 640 284 1000 7640 -139 919 155 1000 1208 284 918 339 1000 10631
AREA -1000 -1000 1000 1000 4 757 260 937 992 919 887 1540 1632 397 -601 578 0 -302 -116 462 254 10 757 -1000 1000 260 26879 397 -1000 757 -601 17087 -1000 -1000 397 -116 -9889 -1000 -116 -302 254 -20112 -1000 254 397 1000 -8704 578 -601 757 0 20408 462 0 757 254 19037 397 254 757 1000 18514 937 260 1000 887 30613 757 992 919 1000 26974
AREA -1000 -1000 1000 1000 2 175 -732 181 -78 438 -387 935 364 8 175 -1000 181 -732 4652 -1000 -1000 175 1000 -12772 181 -1000 1000 -387 17628 181 -387 438 -78 9378 935 -387 1000 -78 29776 175 -78 438 364 9660 935 -78 1000 364 30151 175 364 1000 1000 18910
AREA -1000 -1000 1000 1000 10 -684 793 -509 1120 -998 342 -753 822 -73 331 -73 586 -410 238 8 452 -3 835 433 1486 -821 386 -539 842 306 928 743 1102 958 -179 1596 215 174 644 563 868 483 -462 970 -362 23 -1000 -1000 -753 342 -27485 -1000 342 -998 793 -30401 958 -1000 1000 -462 29618 970 -462 1000 -362 30123 958 -362 1000 -179 30079 483 -1000 958 -462 21620 -753 -1000 483 238 -4566 483 -362 958 238 22289 958 215 1000 238 30576 -753 238 -410 386 -17699 -539 386 -410 793 -14104 8 238 563 644 9307 8 644 174 793 3540 563 238 1000 793 24758 -410 452 8 793 -5608 -1000 793 -998 822 -30161 -1000 822 -821 1000 -27299 -821 842 -684 1000 -22391 -3 793 174 835 3480 -509 793 -3 1000 -7039 563 793 743 928 21104 433 868 563 928 16336 743 793 1000 1000 27929
AREA -1000 -1000 1000 1000 4 256 -141 423 94 645 -294 883 -18 331 43 586 517 -356 346 -271 383 14 256 -1000 1000 -294 18821 256 -294 645 -141 13764 883 -294 1000 -141 28985 -1000 -1000 256 346 -11859 -1000 346 -356 1000 -20345 -271 346 256 383 148 -356 383 256 1000 -858 423 -141 645 43 16505 586 43 645 94 19165 883 -141 1000 94 29179 645 -18 883 94 23722 256 94 331 517 9420 586 94 1000 517 24889 256 517 1000 1000 20227
AREA -1000 -1000 1000 1000 11 749 -561 1429 -343 30 -910 773 -361 647 -398 682 -284 207 -272 819 305 792 -413 986 -279 650 -528 1049 -230 -656 754 -172 929 125 789 228 1382 283 -911 433 -455 796 -399 1198 -101 -300 -809 351 -91 20 749 -1000 773 -910 22636 773 -1000 1000 -561 26717 283 -1000 433 -911 10143 30 -1000 283 -910 3912 433 -1000 749 -910 17366 -300 -1000 30 -809 -5089 -1000 -1000 -300 -361 -20830 351 -361 647 -272 15153 -1000 -361 -300 -91 -20376 -1000 -91 207 754 -11944 -1000 754 -656 1000 -24791 125 754 207 789 5918 -172 754 125 1000 164 -656 929 -172 1000 -11869 207 305 647 789 13784 228 789 647 1000 14473 647 -284 650 -272 19841 647 305 749 1000 22291 819 -101 1000 305 28312 749 305 1000 1000 27778
AREA -1000 -1000 1000 1000 0 1 -1000 -1000 1000 1000 0
AREA -1000 -1000 1000 1000 1 707 597 1339 650 3 707 -1000 1000 597 26273 -1000 -1000 707 1000 -4526 707 650 1000 1000 27299
AREA -1000 -1000 1000 1000 9 -659 -399 94 105 -360 -9 -161 189 215 25 619 780 -426 -474 -172 206 -611 -309 158 208 -668 230 -373 907 -120 -939 574 -547 25 775 572 1290 -84 -670 -16 99 25 -120 -1000 94 -939 -1372 -426 -1000 -120 -474 -9200 -120 -547 -84 -474 -3672 -16 -547 94 -474 699 -1000 -1000 -426 -399 -22802 -172 -474 -84 -399 -4404 -16 -474 94 -399 773 -1000 -399 -659 105 -25846 94 -1000 158 -939 2937 94 -547 158 -309 3478 158 -1000 574 -939 10377 574 -1000 1000 -547 23624 158 -547 1000 25 17688 158 25 215 208 5914 94 208 215 775 5297 619 25 1000 1000 25623 572 780 619 1000 19366 -1000 105 -611 189 -24808 -1000 189 -611 206 -24757 -1000 206 -611 208 -24748 -668 208 -373 230 -15901 -1000 208 -668 1000 -25250 -373 208 94 775 -3817 -373 775 25 1000 -4506 -668 907 -373 1000 -15166
AREA -1000 -1000 1000 1000 1 989 -350 1041 139 3 989 -1000 1000 -350 30170 -1000 -1000 989 1000 -155 989 139 1000 1000 31415
AREA -1000 -1000 1000 1000 11 656 -345 935 -203 133 706 784 1487 -106 865 -60 1556 -848 -398 -202 163 835 550 1315 1155 -669 -385 -180 -15 -136 282 174 669 21 170 728 262 -817 -519 -249 145 -457 -925 95 -452 51 -329 422 222 29 656 -1000 1000 -345 24996 -457 -1000 -202 -925 -11161 -1000 -1000 -457 -519 -23327 -1000 -519 -817 -398 -28606 -249 -452 -202 -398 -7400 -1000 -398 -848 163 -28761 -202 -1000 -180 -925 -6883 -202 -452 -180 -385 -6339 -180 -1000 95 -925 -2264 95 -1000 656 -452 10930 51 -452 422 -329 6957 -180 -452 51 170 -2125 422 -452 656 170 16568 -180 170 21 282 -2223 21 262 656 282 10781 -180 282 -136 706 -4404 174 282 656 706 13359 -136 669 174 706 1277 -202 -15 -180 706 -5575 -1000 163 -202 706 -18196 -106 706 -60 865 -1787 -1000 706 -106 1000 -16290 -60 706 133 1000 2000 935 -345 1000 -203 29734 656 -203 1000 170 25652 728 170 1000 262 27000 656 262 1000 550 26074 656 550 835 706 23754 784 706 835 1000 25963
AREA -1000 -1000 1000 1000 4 -818 -979 -74 -868 -282 -533 190 -407 730 -386 1087 158 -774 619 -316 842 12 -818 -1000 -74 -979 -14815 -1000 -1000 -818 -868 -29113 -74 -1000 1000 -868 13419 -282 -868 190 -533 -2126 -1000 -868 -282 -407 -20508 190 -868 1000 -407 17808 730 -407 1000 -386 26419 -1000 -407 -316 619 -20292 -1000 619 -774 1000 -26687 -316 -407 730 1000 6714 -774 842 -316 1000 -15974 730 158 1000 1000 27394
AREA -1000 -1000 1000 1000 9 -707 326 -630 961 -458 -781 295 -747 589 -954 1290 -171 922 399 1493 1042 -960 871 -890 1469 864 117 1428 664 292 557 565 1177 471 29 734 424 855 258 1104 953 22 -1000 -1000 -630 326 -25602 -1000 326 -707 871 -25844 -1000 871 -960 1000 -29444 -890 871 -707 1000 -23802 -630 -1000 295 -781 -6067 -630 -781 -458 -747 -17628 589 -1000 1000 -954 23668 295 -1000 589 -747 12829 471 -747 589 29 16071 -630 -747 471 557 -2544 471 424 589 557 16921 -630 557 292 1000 -4460 565 557 589 1000 18666 589 -171 734 29 20451 734 -171 1000 117 26850 734 117 864 258 24957 734 258 855 399 24974 734 399 855 424 25057 589 424 855 664 22926 589 664 855 1000 23214 855 953 922 1000 28536 -707 961 -630 1000 -19727
AREA -1000 -1000 1000 1000 8 700 -308 1195 -104 -476 244 -54 1007 959 943 1226 1579 108 -644 895 -416 732 -724 1122 -663 587 95 974 646 -339 227 445 509 -936 306 -326 952 21 700 -1000 1000 -724 25488 700 -724 732 -644 21512 732 -663 1000 -644 26193 895 -644 1000 -416 28858 700 -416 1000 -308 25988 108 -1000 700 -644 11702 -1000 -1000 108 227 -14212 -1000 227 -339 244 -20503 108 -416 700 95 12364 108 95 445 227 8748 445 95 587 244 16166 -936 244 -476 306 -21611 -1000 244 -936 1000 -29386 -936 952 -476 1000 -20910 445 244 587 509 16373 -54 509 587 1000 9032 587 646 700 1000 20787 700 -104 1000 95 26346 974 95 1000 646 30968 700 646 1000 943 27145 700 943 959 1000 26702
AREA -1000 -1000 1000 1000 3 -960 681 -773 1043 -624 -791 -395 -607 -27 -465 499 -312 9 -1000 -1000 -773 681 -27625 -1000 681 -960 1000 -29539 -773 -1000 -395 -791 -18999 -773 -791 -624 -607 -22337 -395 -1000 1000 -607 8590 -27 -607 499 -465 6780 -773 -607 -27 -312 -12859 499 -607 1000 -312 22791 -773 -312 1000 1000 3878
AREA -1000 -1000 1000 1000 4 773 906 1280 944 -344 58 -301 583 67 850 563 1169 651 146 1334 560 11 -1000 -1000 -301 58 -20621 -1000 58 -344 906 -20350 -301 -1000 1000 146 10423 -301 146 651 850 5923 651 560 1000 850 26311 -301 850 67 906 -2749 563 850 1000 906 25120 -344 583 -301 906 -9237 -1000 906 67 1000 -13493 563 906 773 1000 21661 773 944 1000 1000 28469
AREA -1000 -1000 1000 1000 14 419 -645 857 -142 -111 -33 635 297 131 -60 236 148 724 -252 1268 -226 901 -470 1006 305 348 254 732 1040 -66 9 212 741 257 392 416 409 432 781 790 1575 -566 517 -437 1155 -348 -322 291 243 -419 400 58 827 -427 -184 269 310 686 812 1098 1280 30 419 -1000 1000 -645 21188 131 -1000 419 -322 7864 291 -322 419 -60 10814 -1000 -1000 131 -322 -14115 -427 -322 -348 -184 -12250 -1000 -322 -427 -33 -22280 291 -60 419 -33 10959 -419 310 -348 400 -11518 -1000 -33 -427 517 -21861 -427 310 -419 517 -12699 -348 310 -111 400 -6744 -1000 517 -566 1000 -23514 -437 517 -419 827 -12596 -437 827 -111 1000 -7580 -111 310 -66 400 -2373 269 297 348 310 9883 212 310 348 392 9031 212 392 257 409 7686 212 409 348 741 9255 58 741 348 1000 7164 -111 827 58 1000 108 857 -645 1000 -470 28242 857 -470 901 -252 26888 857 -226 901 -142 27065 419 -142 635 -33 16250 635 -142 901 254 23864 732 254 901 297 25603 732 297 901 305 25628 732 305 1000 781 27389 790 781 1000 812 28542
AREA -1000 -1000 1000 1000 15 468 395 479 1098 -434 -624 332 -136 -788 886 -83 1508 849 -375 1515 339 -502 161 -426 931 735 391 1312 1079 139 -652 478 -235 157 -955 564 -162 -731 931 -405 982 -77 -941 604 -391 -940 130 -203 230 -666 482 -585 574 -939 190 -163 573 -319 -563 -208 -500 388 -972 431 -376 33 468 -1000 478 -955 13686 478 -1000 564 -955 15174 564 -1000 604 -941 17134 604 -1000 1000 -375 24175 564 -391 604 -375 17721 564 -375 849 -235 21612 564 -235 849 -162 21719 468 -162 849 391 20544 468 391 735 395 19055 849 339 1000 391 29040 388 -1000 431 -972 11724 139 -1000 388 -955 7207 431 -1000 468 -955 12973 139 -955 157 -941 3640 -77 -1000 139 -941 -9 -434 -1000 -77 -624 -8717 -1000 -1000 -434 -136 -22795 332 -162 468 -136 12251 -502 -136 -426 130 -14387 -1000 -136 -502 130 -23284 -1000 130 -940 230 -29890 -1000 230 -939 573 -29637 -1000 573 -666 886 -25093 -585 573 -502 574 -16259 -666 574 -502 886 -17374 -426 -136 -203 130 -9737 -203 -136 -163 190 -5646 -163 -136 468 886 5118 -203 573 -163 886 -4943 -426 573 -203 886 -9004 -1000 886 -788 1000 -26771 -83 886 468 1000 6926 479 395 735 1000 19515
AREA -1000 -1000 1000 1000 4 -773 596 -237 1352 -142 -170 452 590 -791 -467 -359 -435 681 725 1174 1422 10 -142 -1000 1000 -170 12714 -1000 -1000 -142 -467 -18434 -1000 -467 -791 -435 -28196 -359 -467 -142 -435 -8201 -1000 -435 -142 596 -17620 452 -170 1000 596 22719 -142 590 452 596 5398 -1000 596 -773 1000 -26668 681 596 1000 725 26732 -237 596 681 1000 7680
AREA -1000 -1000 1000 1000 1 -278 659 -100 1439 3 -1000 -1000 1000 659 -170 -1000 659 -278 1000 -18979 -100 659 1000 1000 14780
AREA -1000 -1000 1000 1000 16 851 834 1599 1514 -851 114 -92 859 529 517 1054 1205 357 -669 999 -238 953 482 1415 1004 -179 882 -83 1165 662 815 1448 1007 -906 247 -403 1017 820 699 1253 1438 949 -694 1077 45 152 -38 461 616 264 293 524 1002 61 99 565 491 57 514 217 575 -934 -899 -543 -323 -752 167 -463 302 31 851 -1000 1000 -694 27859 851 -694 949 -669 27219 851 -238 949 45 27804 851 45 1000 482 28970 851 482 953 517 28462 357 -1000 851 -669 17890 152 -1000 357 -38 7386 -1000 -1000 -543 -899 -24850 -1000 -899 -934 -323 -30588 -543 -1000 152 99 -6495 -1000 -323 -543 99 -24013 -1000 99 61 114 -14432 357 -238 461 -38 12541 461 -238 851 99 20267 565 99 851 114 22055 -1000 114 -851 247 -28494 -1000 247 -906 1000 -28919 565 114 851 517 22264 529 491 565 517 17461 -92 114 61 514 -151 -92 514 57 616 38 57 575 61 616 2425 61 491 152 514 3820 61 575 152 616 3913 524 491 529 616 16891 -92 616 264 882 3415 524 616 529 882 17086 -83 882 264 1000 3762 524 882 529 1000 17278 -179 859 -92 882 -3314 -403 859 -179 1000 -8091
AREA -1000 -1000 1000 1000 9 944 -69 1441 71 -588 -583 -162 -458 71 347 804 486 -228 673 307 1046 95 -411 595 -260 568 432 576 789 650 99 790 791 308 -482 918 -234 533 -252 1276 268 24 944 -1000 1000 -252 29506 -1000 -1000 -162 -583 -18802 -1000 -583 -588 -458 -25134 -162 -1000 944 -482 11380 -162 -482 308 -458 1793 918 -482 944 -458 28391 71 -458 308 -411 5456 71 -411 95 -260 2238 918 -458 944 -260 28502 918 -260 944 -252 28605 71 -260 308 -234 5643 71 -234 533 347 9419 533 268 650 347 18660 790 268 944 347 27185 -1000 -458 71 673 -14276 -1000 673 -228 1000 -18197 804 347 944 486 27511 71 486 307 673 6439 307 486 568 1000 14321 576 486 650 791 19642 790 486 944 791 27516 576 791 944 1000 24456 568 789 576 1000 18627 944 268 1000 1000 30766
AREA -1000 -1000 1000 1000 7 991 517 1725 973 415 -498 601 -196 -739 -374 -125 13 70 -584 154 -458 -41 790 571 1365 662 393 1144 1010 29 217 73 886 16 991 -1000 1000 393 30573 415 -1000 991 -498 21044 70 -1000 415 -584 6741 -1000 -1000 70 -374 -15102 154 -584 415 -374 8356 70 -458 154 -374 3056 -1000 -374 -739 13 -27119 -125 -374 415 13 4315 -41 13 73 217 611 -41 217 29 790 318 73 13 415 790 7966 -1000 13 -41 1000 -15613 601 -498 991 -196 24329 415 -196 991 393 21892 415 393 662 790 17301 571 790 662 1000 20022
AREA -1000 -1000 1000 1000 4 632 -26 1291 657 538 -506 593 173 -266 -188 500 -186 633 849 1245 1194 10 632 -1000 1000 -26 24783 538 -1000 632 -506 17382 -1000 -1000 538 -188 -7755 -1000 -188 -266 -186 -19810 500 -188 538 -186 15902 -1000 -186 538 1000 -6754 593 -506 632 173 18837 538 173 632 1000 18722 632 657 1000 849 26049 632 849 633 1000 20548
AREA -1000 -1000 1000 1000 6 -360 -783 150 -647 -656 -564 -321 -288 -990 724 -858 1437 669 186 831 214 -749 217 -1 507 -59 -931 127 -265 20 -59 -1000 150 -931 461 -360 -1000 -59 -783 -7370 127 -931 150 -783 3452 -1000 -1000 -360 -647 -21903 150 -1000 1000 -647 17002 -656 -647 -321 -564 -15733 -1000 -647 -656 -288 -26135 669 -647 1000 186 25655 -321 -647 -59 -265 -6346 127 -647 669 217 12123 -321 -265 127 217 -3031 -1 217 669 1000 10963 -321 507 -1 1000 -4237 831 186 1000 214 28596 669 214 1000 1000 26492 -1000 -288 -321 217 -20495 -1000 217 -749 724 -26623 -749 507 -321 724 -15969 -1000 724 -990 1000 -29983 -858 724 -321 1000 -17397
AREA -1000 -1000 1000 1000 11 563 268 1005 467 759 241 1035 322 -517 -400 191 -307 692 -632 1485 -462 579 693 640 926 -30 -517 293 -76 371 531 864 772 -105 -421 525 184 -195 581 -33 1253 -309 -366 395 202 676 -196 734 90 31 563 -1000 1000 -632 23426 563 -632 692 -462 18921 563 -462 734 -196 19790 563 -196 676 90 19167 734 -462 1000 241 26767 563 90 734 241 20285 563 241 759 268 20746 -30 -1000 563 -517 7519 -105 -1000 -30 -421 -2787 -1000 -1000 -105 -400 -17812 293 -517 563 -421 12799 525 -421 563 -400 16454 -1000 -400 -517 -307 -23851 525 -400 563 -307 16511 -1000 -307 -309 -76 -20465 525 -307 563 -76 16673 525 -76 563 184 16918 395 184 563 202 15042 371 202 563 531 14844 -195 202 -105 581 -4258 -1000 -76 -309 202 -20211 -1000 202 -195 1000 -17906 -105 202 -33 581 -1747 -33 202 371 1000 5840 371 772 563 1000 15363 563 467 640 531 19161 563 772 579 926 18550 640 467 864 531 23811 864 467 1000 772 29512 640 772 1000 1000 26306 563 926 640 1000 19625
AREA -1000 -1000 1000 1000 13 558 -534 730 -426 -354 -368 -168 155 -179 -154 -18 -29 -206 -125 210 -48 505 -933 790 -678 -546 893 -159 1002 -426 -83 -225 272 85 232 873 923 94 522 817 800 164 -925 748 -477 599 833 797 1376 -952 -746 -323 -443 -688 -672 -478 -356 34 558 -1000 790 -933 19928 790 -1000 1000 -534 26978 748 -678 790 -534 23233 -354 -1000 -168 -746 -8964 -323 -746 -168 -368 -8152 -354 -443 -323 -368 -10883 -1000 -1000 -354 -746 -21860 -1000 -746 -952 -443 -30850 -1000 -443 -688 -83 -26427 -478 -443 -354 -356 -13295 -688 -356 -354 -83 -16370 -1000 -83 -426 155 -22067 505 -1000 558 -933 15526 164 -1000 505 -925 9423 -168 -1000 164 -154 -639 164 -477 505 -154 10070 505 -477 558 -154 16177 -18 -154 210 -125 2837 210 -154 558 155 11905 -18 -48 210 155 3030 -168 -29 -18 155 -2820 -1000 155 -426 272 -21889 85 155 558 232 10176 -225 155 85 893 -1646 -1000 272 -225 893 -18389 -1000 893 -546 1000 -23016 -159 893 85 1000 -200 85 923 558 1000 10944 748 -534 1000 -426 26614 730 -477 748 -426 22458 558 -426 1000 232 24052 873 232 1000 1000 29663 558 923 599 1000 18911 797 923 873 1000 26847
AREA -1000 -1000 1000 1000 13 791 52 1325 468 859 161 933 673 -365 -853 -10 -316 35 54 575 795 523 -216 811 407 -652 625 -652 910 -618 -925 -249 -370 488 -774 840 -115 834 70 948 558 -952 -528 -540 179 258 -699 765 -231 567 -922 1320 -384 -238 -235 368 66 29 791 -1000 1000 -922 26815 840 -384 1000 -216 28220 840 -216 1000 -115 28355 811 -115 1000 52 28055 -365 -1000 -249 -925 -10479 -249 -1000 -10 -853 -4925 -618 -1000 -365 -925 -16183 -1000 -1000 -618 -528 -25843 -1000 -528 -952 -316 -30678 -540 -370 -365 -316 -14355 567 -1000 791 -922 20088 488 -1000 567 -774 15481 -10 -1000 488 -699 6560 -10 -699 258 -316 3337 35 -316 258 -235 4282 368 -231 488 54 13180 488 -115 523 54 15656 -1000 -316 -952 179 -30324 -238 -316 35 -235 -3406 -540 -316 -238 179 -12127 -238 66 35 179 -3008 -1000 179 35 1000 -14352 575 407 791 1000 21877 35 795 575 1000 10353 791 468 834 558 25716 791 558 859 673 26191 948 468 1000 558 30707 933 558 1000 673 30593 791 673 1000 1000 28613
AREA -1000 -1000 1000 1000 14 760 -14 1552 267 -317 811 8 1485 749 634 1502 770 587 -773 1129 -117 -418 -765 -315 -199 -595 -581 -581 -300 -795 490 -138 592 -271 348 461 636 -286 64 -230 809 -313 -992 135 -880 -85 350 191 1045 925 531 1091 978 -587 247 199 649 -219 78 -16 827 40 760 -1000 1000 -773 26394 760 -117 1000 -14 27215 749 -1000 760 -773 22519 749 -117 760 634 23664 587 -1000 749 -773 19822 -418 -1000 -315 -765 -12228 -1000 -1000 -418 -581 -22769 -1000 -581 -595 -199 -25097 -581 -581 -418 -199 -15859 -595 -300 -581 -199 -18477 -315 -1000 135 -992 -3786 -315 -992 -313 -880 -10670 135 -1000 587 -880 10251 -315 -880 587 -199 3677 -271 -199 -138 64 -6391 -230 64 -138 78 -5633 -230 78 -219 247 -6781 -286 -199 -271 64 -8685 -1000 -199 -286 247 -19909 -1000 247 -587 490 -24214 -1000 490 -795 592 -27266 -138 -199 -16 78 -2447 -16 -199 587 247 8890 199 247 587 348 12481 461 348 587 636 16736 199 636 587 811 12907 191 649 199 811 6775 -1000 592 -587 811 -23881 -587 649 -286 811 -12786 -286 809 -271 811 -7808 -230 649 -219 811 -6214 -271 809 -230 811 -6940 587 -117 749 811 21055 749 770 760 811 24196 -1000 811 -317 1000 -19492 191 811 760 1000 15662 760 267 1000 531 27679 760 531 925 634 26716 760 770 925 1000 27018 925 978 1000 1000 30842
AREA -1000 -1000 1000 1000 4 -479 -283 105 305 -417 -640 -61 -565 -180 -870 187 -216 -424 894 111 1332 11 -180 -1000 105 -870 -2082 -417 -1000 -180 -640 -10058 -1000 -1000 -417 -283 -22589 -417 -565 -180 -283 -9662 -1000 -283 -479 305 -22898 105 -1000 187 -870 3591 187 -1000 1000 -216 17806 105 -216 1000 894 17482 111 894 1000 1000 18183 -1000 305 105 894 -13257 -1000 894 -424 1000 -21125
AREA -1000 -1000 1000 1000 5 -796 548 -160 1258 825 -519 1037 -368 532 694 643 1335 -8 -573 594 121 70 -765 554 -459 12 825 -1000 1000 -519 27544 -8 -1000 554 -765 7581 -8 -765 70 -573 292 554 -1000 825 -573 20604 -1000 -1000 -8 548 -15850 594 -573 825 121 21784 -8 121 825 548 13014 825 -368 1000 548 28393 -1000 548 -796 1000 -27064 532 548 643 694 18849 -160 548 532 1000 6540 643 548 1000 1000 26256
AREA -1000 -1000 1000 1000 8 -814 -433 -562 322 280 -602 499 -145 373 393 647 995 73 350 259 985 24 60 466 199 218 -839 479 -714 675 -435 1364 -126 836 -871 1523 -505 26 -1000 -1000 -562 -433 -24927 -1000 -433 -814 322 -28172 280 -1000 499 -839 11171 479 -839 499 -714 14383 280 -714 499 -602 11432 218 -1000 280 -839 6800 -562 -1000 218 -145 -5904 218 -714 280 -145 7290 836 -1000 1000 -871 27523 499 -1000 836 -435 19991 836 -505 1000 -435 27988 499 -435 675 -145 17907 373 -145 466 60 12978 466 -145 675 -126 17566 466 -126 1000 393 22857 373 199 466 393 13316 73 -145 373 60 6871 73 199 373 350 7188 24 -145 73 60 1477 -562 -145 24 199 -8312 -562 199 73 1000 -6964 259 350 373 1000 10471 73 985 259 1000 6139 647 393 1000 1000 26241 373 995 647 1000 16808 -1000 322 -562 1000 -23550
AREA -1000 -1000 1000 1000 0 1 -1000 -1000 1000 1000 0
AREA -1000 -1000 1000 1000 0 1 -1000 -1000 1000 1000 0
AREA -1000 -1000 1000 1000 2 429 -186 913 265 965 110 1192 906 6 429 -1000 1000 -186 21572 -1000 -1000 429 1000 -8835 913 -186 1000 110 29629 913 110 965 265 29297 429 265 965 1000 22240 965 906 1000 1000 31426
AREA -1000 -1000 1000 1000 14 463 -187 692 22 500 297 960 329 -589 -238 137 -19 488 -933 583 -196 -772 765 -502 1249 -650 -237 -438 450 721 771 1363 1223 869 -673 1033 -573 283 358 1048 398 -250 -557 454 -545 482 -238 554 -35 149 388 586 746 -907 -193 -520 604 -966 -485 -701 -101 37 463 -1000 583 -933 15247 463 -933 488 -238 14171 463 -238 482 -187 14451 583 -1000 1000 -673 23716 583 -673 869 -573 21883 583 -573 1000 -187 24172 554 -196 583 -187 17448 -250 -1000 463 -557 2539 -1000 -1000 -250 -485 -20117 -1000 -485 -966 -238 -30834 -701 -485 -250 -238 -15086 454 -557 463 -545 13678 -250 -545 463 -238 2926 -650 -238 -589 -237 -19426 -701 -238 -650 -193 -21140 -1000 -238 -966 -101 -30642 -1000 -101 -907 -19 -29603 137 -238 463 -19 9172 -1000 -19 -907 604 -29250 -1000 604 -650 765 -24890 -520 450 -502 604 -15314 -650 604 -502 765 -17171 -1000 765 -772 1000 -26583 283 -19 463 358 11733 149 -19 283 388 6881 -438 -19 149 1000 -3973 149 746 283 1000 7569 283 746 463 1000 12436 -502 450 -438 1000 -13845 692 -187 1000 22 26144 463 22 1000 297 22852 463 297 500 329 15255 960 297 1000 329 30693 463 329 1000 358 23036 586 398 1000 771 25168 463 746 586 771 17034 463 771 721 1000 19238
AREA -1000 -1000 1000 1000 8 44 518 299 836 756 620 1138 1266 -352 874 -188 1041 364 -805 959 -442 -435 901 159 1477 645 -558 1162 -527 219 -128 537 409 333 -699 666 -379 20 364 -1000 1000 -805 20240 219 -1000 364 -699 8203 219 -699 333 -379 8017 219 -379 364 -128 8799 -1000 -1000 219 518 -12331 219 409 364 518 9516 959 -805 1000 -558 29699 959 -527 1000 -442 29896 364 -379 537 -128 13728 666 -442 1000 -379 25413 537 -379 1000 518 23909 364 409 537 518 14445 -352 518 44 874 -4078 -435 518 -352 901 -11473 -1000 518 -435 1000 -21468 -188 874 44 901 -1344 756 518 1000 620 27787 299 518 756 1000 17127 44 836 159 901 4031 159 836 299 1000 8017
AREA -1000 -1000 1000 1000 16 -703 902 -208 1615 -851 -276 -412 -160 -903 -39 -608 707 737 855 1305 1025 -538 172 88 234 -823 -78 -153 564 580 -465 974 -78 -751 722 -189 1492 893 -619 1646 -52 522 661 1069 1096 -716 -266 -118 -77 -677 478 -376 956 -726 309 -102 622 469 11 617 573 635 -989 1373 -494 207 422 278 449 34 -1000 -1000 -412 -276 -22524 -1000 -276 -851 -160 -28893 -412 -1000 -153 -266 -9375 635 -1000 1000 -989 24364 580 -1000 635 -619 18039 580 -619 635 -465 18306 635 -494 893 -465 23205 -153 -1000 580 -266 6001 469 -266 580 11 16148 -118 -266 469 172 5409 -153 -77 -118 172 -4137 580 -78 617 11 18536 617 -78 893 172 23452 893 -52 1000 172 29417 88 172 469 422 8946 88 422 207 449 5024 278 422 469 449 12030 88 449 469 661 9204 617 172 1000 661 25496 469 573 617 661 17450 88 661 522 855 10213 -153 234 -102 309 -3665 -102 234 88 564 182 -376 622 -189 722 -8070 -102 564 88 622 376 -189 622 88 855 -811 -189 855 522 902 6056 -823 -160 -716 -78 -23958 -1000 -160 -823 -39 -28340 -1000 -39 -903 707 -29147 -751 707 -677 722 -21419 -1000 707 -751 902 -26320 -1000 902 -751 1000 -26174 -189 902 522 1000 6128
AREA -1000 -1000 1000 1000 6 -54 193 81 217 -743 -239 -635 307 486 298 658 834 798 -251 1076 397 -896 -867 -505 -157 352 -914 1006 -687 20 -1000 -1000 -635 -867 -26260 -1000 -867 -896 -239 -29941 -1000 -239 -896 -157 -29586 -1000 -157 -743 193 -26983 798 -1000 1000 -914 26912 798 -687 1000 -251 27400 -635 -1000 -505 -867 -18603 352 -1000 798 -914 16868 -505 -1000 352 -687 -3199 -505 -687 798 193 4310 -635 -157 -505 193 -17652 -1000 193 -743 307 -26751 -635 193 -54 307 -10414 -1000 307 -54 1000 -15683 486 193 658 298 17978 81 193 486 1000 9401 658 193 798 397 22863 658 397 1000 1000 26398 486 834 658 1000 18649 -54 217 81 1000 1043
AREA -1000 -1000 1000 1000 16 -318 660 10 1209 615 -72 1334 643 -384 -424 -34 -248 442 10 540 683 -735 -841 -379 -390 -468 999 182 1384 257 829 813 1601 237 -439 830 74 -362 77 60 345 278 -147 529 567 985 113 1555 725 453 227 938 538 768 50 1034 506 -651 497 -326 775 -143 584 644 976 -833 -859 -403 -502 33 615 -1000 1000 -439 24329 830 -439 1000 -72 28110 -384 -1000 -379 -841 -12731 -379 -1000 -34 -424 -7098 -735 -1000 -384 -859 -18258 -403 -859 -384 -841 -13033 -833 -1000 -735 -859 -25233 -1000 -1000 -833 -502 -29147 -1000 -502 -735 -248 -27252 -735 -390 -384 -248 -17648 -34 -1000 615 -439 8302 -34 -439 237 -248 2819 -362 -248 237 77 -2007 -1000 -248 -362 497 -20986 -1000 497 -651 660 -24996 60 77 237 345 4830 -362 345 -326 497 -10243 -326 345 237 584 -899 -326 584 -143 660 -6632 237 74 278 567 8319 237 567 442 584 11116 540 74 615 227 18069 540 538 615 584 18479 644 643 985 660 25917 -326 660 -318 775 -9264 -468 775 -318 999 -11296 -1000 660 -651 1000 -24745 -651 775 -468 1000 -16441 10 976 257 999 5142 182 999 257 1000 7820 644 660 813 829 23344 813 660 985 725 28562 813 725 1000 1000 28980
AREA -1000 -1000 1000 1000 0 1 -1000 -1000 1000 1000 0
AREA -1000 -1000 1000 1000 16 263 175 517 359 -849 254 -381 362 334 -178 774 589 -483 397 -55 621 -10 734 350 952 356 -102 908 525 412 715 847 896 -407 -447 176 139 -503 165 111 293 503 155 1230 295 91 426 886 597 -383 745 -370 908 776 305 1309 984 565 -26 830 544 -378 -67 326 680 777 356 798 611 33 263 -1000 1000 -178 19003 263 -178 334 -67 9147 326 -67 334 175 10284 774 -178 908 -102 25931 908 -178 1000 155 29563 -407 -1000 263 -447 -2955 -1000 -1000 -407 165 -22210 -1000 165 -503 254 -23071 176 -447 263 -67 6563 -407 139 -378 165 -12000 -1000 254 -849 362 -28336 -381 293 -378 397 -11404 -10 680 263 734 4644 -381 621 -378 680 -11098 -381 680 -370 745 -10912 -370 680 -10 1000 -5050 -381 908 -370 1000 -10671 -10 952 263 1000 4913 -483 362 -381 397 -13012 -1000 362 -483 1000 -22290 -483 621 -381 745 -12709 -483 745 -383 1000 -12550 -383 908 -381 1000 -10888 908 295 1000 305 29874 326 359 334 426 10623 326 597 350 680 11117 263 680 350 734 10224 350 597 776 715 18109 350 715 412 896 12617 847 984 1000 1000 29636 350 896 776 1000 18401 776 984 847 1000 26164 263 952 350 1000 10493
AREA -1000 -1000 1000 1000 9 -459 928 258 1313 956 -269 1118 10 951 525 1596 1146 -552 300 204 784 -602 -883 19 -703 925 -185 1414 -16 352 286 898 1085 -924 881 -870 1030 218 904 669 1049 22 956 -1000 1000 -269 29684 951 -1000 956 -185 28982 951 -16 956 525 29829 -602 -1000 19 -883 -9962 -1000 -1000 -602 -703 -25682 19 -1000 951 -703 14184 925 -703 951 -185 28634 352 -703 925 286 19601 -1000 -703 352 300 -10245 898 286 925 300 28565 925 -16 951 300 29220 -1000 300 -552 881 -23465 -1000 881 -924 928 -28917 -870 881 -552 928 -21136 204 300 352 904 9220 204 904 218 928 7457 898 300 951 928 29289 -552 784 204 928 -4538 956 10 1000 525 30586 -1000 928 -924 1000 -28858 -870 928 -459 1000 -19620 898 928 951 1000 29639
AREA -1000 -1000 1000 1000 7 -417 867 -81 1323 -538 624 174 1232 561 130 1037 832 -866 -752 -839 -299 -287 899 150 1027 410 -467 533 -216 190 -681 976 -539 18 561 -1000 1000 -681 23371 976 -681 1000 -539 30018 561 -539 1000 130 24007 -1000 -1000 -839 -752 -29365 -1000 -752 -866 -299 -29448 410 -1000 561 -681 14226 410 -539 561 -467 14563 190 -1000 410 -681 8460 -839 -1000 190 -539 -10813 -839 -539 410 624 -6591 533 -467 561 -216 16616 410 -216 561 624 15270 -1000 -299 -839 624 -28326 -1000 624 -538 867 -23093 174 624 561 867 12154 561 832 1000 867 25061 -1000 867 -538 1000 -22905 174 867 1000 1000 19131
AREA -1000 -1000 1000 1000 15 -621 834 -121 1387 -381 -287 29 73 -900 -298 -498 -36 45 647 468 1109 -34 -191 713 -173 649 260 789 944 -309 -147 465 604 -444 -141 182 162 -323 463 408 1049 522 -41 1019 168 217 298 848 481 658 -906 809 -661 -785 -276 -188 420 300 585 1036 1105 -27 -16 458 389 26 -1000 -1000 29 -298 -15684 -1000 -298 -900 -287 -29742 -498 -298 29 -287 -7546 -1000 -287 -900 -36 -29611 -498 -287 -381 -276 -13890 -1000 -36 -785 73 -27633 658 -1000 809 -906 21801 29 -1000 658 -191 10069 809 -1000 1000 -661 27225 658 -661 1000 -191 25273 713 -191 1000 -173 26385 649 -173 1000 -41 25468 649 168 1000 260 25789 29 -173 465 -147 7497 465 -173 649 -41 17160 465 -41 522 168 15378 465 168 649 298 17500 465 481 649 585 17800 789 260 848 298 25668 848 260 1000 481 29015 789 481 1000 585 28278 -1000 73 -785 162 -27534 -323 420 -309 463 -9354 -1000 162 -785 420 -27361 -1000 420 -323 834 -19864 -1000 834 -621 1000 -24193
AREA -1000 -1000 1000 1000 1 494 136 974 496 4 494 -1000 1000 136 22725 -1000 -1000 494 1000 -7843 974 136 1000 496 30913 494 496 1000 1000 23905
AREA -1000 -1000 1000 1000 2 405 -958 604 -313 -216 587 54 610 7 405 -1000 604 -958 14676 -1000 -1000 405 587 -9413 -1000 587 -216 1000 -18054 54 587 405 610 7729 -216 610 405 1000 3750 604 -1000 1000 -313 24206 405 -313 1000 1000 22137
AREA -1000 -1000 1000 1000 15 660 951 703 1639 985 324 1189 969 -761 69 -252 100 817 353 1468 860 -377 -929 178 -587 -464 160 -123 541 -51 569 458 1209 577 250 939 895 -993 -584 -813 -400 -514 -652 -227 -460 -126 27 -15 296 -350 693 72 1347 21 -361 566 214 351 286 363 861 897 -854 1342 -375 44 985 -1000 1000 -854 29856 985 -375 1000 324 30758 -377 -1000 -252 -929 -10698 -514 -1000 -377 -652 -14621 -1000 -1000 -514 -587 -24260 -993 -587 -813 -584 -28578 -1000 -587 -993 -400 -31369 -813 -587 -514 -460 -21076 -813 -460 -252 69 -16687 -1000 -400 -813 69 -28251 -1000 69 -761 100 -27195 -252 -1000 178 -929 -2111 897 -1000 985 -854 28244 178 -1000 897 -587 15885 -227 -587 -123 -460 -5948 -252 -460 -123 27 -6013 -252 27 -126 160 -5765 -123 -587 -15 27 -2419 -15 -587 566 -361 8082 -15 -361 21 250 38 566 -587 897 -375 22211 566 -375 985 250 23994 21 214 566 250 9346 351 250 363 286 11335 -15 250 351 353 5510 363 250 577 353 14872 -123 296 -15 353 -1814 939 250 985 353 30124 -123 353 351 569 3995 363 353 458 569 13202 -123 569 -51 693 -2066 458 353 577 951 16710 577 895 817 951 22530 -252 541 -123 693 -5180 939 860 985 895 30700 817 895 985 951 28854 -464 100 -252 160 -10968 -1000 100 -464 951 -22166 -464 541 -252 693 -10481 -464 693 -350 951 -11795 -1000 951 -350 1000 -19949 458 951 660 1000 18305 703 951 985 1000 27140 985 969 1000 1000 31768
AREA -1000 -1000 1000 1000 9 -695 -500 -385 -275 302 -75 1088 532 -897 498 -375 928 992 -449 1550 -2 881 -823 1393 -190 -295 -686 53 21 -415 716 178 1178 -151 -134 317 156 625 -82 731 114 20 -1000 -1000 -385 -500 -22202 -1000 -500 -695 -275 -26644 992 -1000 1000 -823 29965 881 -1000 992 -823 28136 -385 -1000 53 -686 -5989 -385 -686 -295 -75 -10920 53 -1000 881 -134 13910 625 -134 731 -82 20910 317 -134 625 -75 14497 731 -134 881 -75 24882 881 -190 992 -75 28915 -385 -75 -375 498 -11568 -375 -75 -295 21 -10412 -375 21 -151 156 -8064 -375 156 302 716 -680 178 716 302 1000 8298 302 532 1000 1000 20947 -1000 -275 -385 498 -21340 -1000 498 -897 1000 -28639 -897 928 -415 1000 -19372
AREA -1000 -1000 1000 1000 6 725 -436 1366 -64 -431 -723 -246 -306 87 50 193 754 -894 -912 -454 -241 385 739 599 1503 590 75 898 600 19 725 -1000 1000 -436 26035 -431 -1000 -246 -723 -11339 -894 -1000 -431 -912 -21478 -1000 -1000 -894 -306 -30010 -454 -912 -431 -306 -14311 -246 -1000 725 -306 6787 87 -306 193 50 4212 -1000 -306 -894 -241 -29630 -454 -306 87 -241 -5946 -1000 -241 87 1000 -13756 590 -306 725 75 20283 193 -306 590 739 12369 590 600 725 739 21068 193 739 385 1000 9829 599 739 725 1000 21392 87 754 193 1000 5217 725 -64 1000 75 26759 898 75 1000 600 29757 725 600 1000 1000 27553
AREA -1000 -1000 1000 1000 5 812 -873 940 -521 586 172 1126 900 423 -82 781 481 348 -281 412 494 763 318 1126 499 13 812 -1000 1000 -873 27150 586 -1000 812 -82 21128 781 -82 812 172 24752 423 -1000 586 -82 15114 348 -1000 423 -281 11326 -1000 -1000 348 1000 -10106 412 -281 423 494 13065 348 494 423 1000 12713 423 481 586 1000 16396 586 900 812 1000 22619 940 -873 1000 -521 29373 812 -521 1000 172 27912 812 900 1000 1000 29036
AREA -1000 -1000 1000 1000 5 -744 274 -609 340 553 562 1233 811 985 602 1273 1255 840 786 1618 1016 804 -633 1591 -226 8 -1000 -1000 -609 274 -25287 -1000 274 -744 340 -26725 804 -1000 1000 -633 27146 -609 -1000 804 562 2819 804 -226 1000 562 28130 -609 562 553 1000 -87 553 811 840 1000 22513 -1000 340 -609 1000 -24254
AREA -1000 -1000 1000 1000 2 -4 -104 292 548 -227 671 203 860 8 -4 -1000 1000 -104 14886 -1000 -1000 -4 671 -15726 -1000 671 -227 1000 -18167 -227 860 -4 1000 -2635 292 -104 1000 1000 20474 -4 548 292 671 5074 203 671 292 860 8454 -4 860 292 1000 5394
AREA -1000 -1000 1000 1000 17 -142 879 -4 976 -922 876 -312 1307 244 -122 992 562 -412 928 123 1272 90 729 154 997 199 -394 737 277 -579 205 186 435 472 -726 901 -643 784 -538 1558 -220 371 -646 660 -133 -606 144 -312 620 601 659 935 877 591 -701 1058 -530 -670 -935 -488 -535 400 -896 957 -299 -13 222 90 406 -409 23 196 543 41 400 -1000 1000 -896 20752 244 -1000 400 -726 9119 957 -896 1000 -726 29538 371 -726 400 -646 11280 244 -726 371 -643 8864 957 -726 1000 -701 29636 244 -643 371 -394 9030 737 -299 784 -220 23332 737 -220 1000 -122 26768 199 -1000 244 -394 6185 -670 -1000 -488 -935 -18916 -1000 -1000 -670 -535 -26652 -488 -1000 199 23 -4952 -488 23 -409 144 -13804 196 23 199 144 6222 -1000 -535 -488 144 -23259 -1000 144 -606 205 -24718 196 144 199 205 6313 -1000 205 -606 729 -24426 -606 620 -579 729 -17677 196 205 199 435 6458 196 435 199 543 6627 -312 543 199 729 -1100 -579 620 -312 729 -13120 199 277 244 729 7385 -1000 729 90 876 -13302 154 729 244 876 6972 992 -122 1000 562 31096 601 562 1000 659 25442 244 562 601 876 13832 935 659 1000 876 30776 -1000 876 -922 879 -28913 -312 876 90 879 -2563 154 876 601 879 12596 935 876 1000 879 30886 601 877 935 879 24686 -1000 879 -922 1000 -28851 -312 879 -142 928 -6133 -4 879 90 928 2237 154 879 1000 1000 18827 123 997 154 1000 5308
AREA -1000 -1000 1000 1000 4 -878 937 -262 1496 341 117 1096 379 -623 -685 -341 -614 89 525 802 921 12 341 -1000 1000 117 20360 -623 -1000 -341 -685 -15784 -1000 -1000 -623 -614 -25948 -341 -1000 341 -614 -807 -1000 -614 341 525 -10243 -1000 525 89 937 -13374 89 921 341 937 7594 341 379 802 525 18184 802 379 1000 937 28589 341 921 802 937 18661 -1000 937 -878 1000 -28140 -262 937 1000 1000 12408
AREA -1000 -1000 1000 1000 0 1 -1000 -1000 1000 1000 0
AREA -1000 -1000 1000 1000 17 534 860 1233 1643 561 220 1245 986 498 -707 698 -126 905 -762 1148 -226 -762 -122 -184 254 -238 -238 256 363 480 -635 1060 -12 -205 440 77 525 866 43 990 676 800 365 932 404 -34 -392 358 201 112 -490 158 -146 -871 -112 -621 681 -441 112 238 711 -467 -416 -255 -416 -662 878 -544 1101 -481 -214 -469 8 34 561 -1000 698 -707 18677 698 -1000 1000 -762 25438 698 -762 905 -635 24164 866 -12 1000 43 28939 561 -12 866 220 22238 990 43 1000 220 30977 498 -1000 561 -707 15577 480 -1000 498 -635 14342 -34 -1000 480 -490 6168 -34 -490 112 -392 768 158 -490 480 -392 9448 -1000 -1000 -34 -238 -16646 358 -392 480 -238 12674 -481 -238 -469 -214 -14951 -1000 -238 -481 -122 -23120 -469 -238 -238 -122 -11123 358 -238 480 -122 12809 -871 -122 -762 -112 -25413 -1000 -122 -871 254 -28919 358 -122 480 -12 12922 358 -12 498 201 13363 256 201 498 363 11969 238 363 498 860 12020 77 711 238 860 5684 -184 711 77 860 -857 -1000 254 -871 681 -28517 -621 254 -441 860 -15904 -441 711 -238 860 -9723 -1000 681 -621 860 -24339 -238 711 -184 860 -5755 498 -12 561 860 16854 -662 860 -544 878 -17824 -1000 860 -662 1000 -24831 -544 860 534 1000 775
AREA -1000 -1000 1000 1000 0 1 -1000 -1000 1000 1000 0
AREA -1000 -1000 1000 1000 13 34 902 763 1372 415 -440 1178 317 861 -275 1540 265 586 685 1133 1307 144 137 618 816 322 460 1030 766 -906 384 -391 673 -854 -152 -781 -108 -211 -906 100 -481 175 -737 432 -381 -282 35 19 158 137 573 739 1110 -792 -654 5 -193 24 415 -1000 432 -737 12276 432 -1000 1000 -440 21476 144 -1000 415 -737 7812 144 -737 175 -381 4401 144 -381 415 137 8558 -1000 -1000 -781 -654 -28417 -1000 -654 -792 -152 -28179 -792 -193 -781 -152 -24538 -1000 -152 -854 -108 -28867 -211 -1000 144 -906 -1976 -781 -1000 -211 -654 -16203 100 -906 144 -481 3089 5 -481 144 -193 1988 -781 -193 144 35 -9937 -781 35 -282 384 -16251 19 35 144 158 2639 -282 158 144 384 -1868 -1000 -108 -781 384 -27452 -1000 384 -906 673 -29014 137 384 144 573 4850 -391 384 137 902 -3294 -1000 673 -391 902 -20757 618 317 1000 460 25468 -1000 902 34 1000 -14022
AREA -1000 -1000 1000 1000 0 1 -1000 -1000 1000 1000 0
AREA -1000 -1000 1000 1000 8 -206 -978 456 -196 82 555 91 981 -409 680 280 1020 -484 383 -11 404 940 754 1332 1032 274 -826 297 -335 64 -832 612 -67 545 -596 704 -514 17 -206 -1000 456 -978 2886 -1000 -1000 -206 -196 -19291 456 -1000 612 -832 15638 612 -1000 1000 -596 24188 704 -596 1000 -514 25857 612 -514 1000 -196 24631 82 -67 91 555 2941 -1000 -196 64 383 -14414 64 -67 82 383 2421 -1000 383 -484 680 -22470 -11 383 82 404 1510 -484 404 82 680 -5689 -1000 680 -409 1000 -20984 612 -196 1000 -67 24855 91 -67 1000 680 17233 940 680 1000 754 30787 280 680 940 1000 19750
AREA -1000 -1000 1000 1000 13 511 -812 1049 -18 44 -533 677 -353 108 -403 344 39 589 182 839 489 162 586 442 1379 49 96 298 665 -33 118 431 435 -889 -250 -149 -211 -513 975 78 994 -688 -378 -606 -251 746 -594 995 -171 -801 440 -315 1120 -19 -403 10 148 36 511 -1000 1000 -812 22530 44 -1000 511 -533 7852 -1000 -1000 -606 -378 -25582 -1000 -378 -688 -353 -26529 -606 -1000 44 -403 -9412 -606 -403 -19 -353 -10050 10 -403 44 -353 459 49 -353 108 96 2321 -33 -353 -19 118 -923 10 -353 49 118 813 -889 -353 -688 -250 -24729 -606 -353 -149 -250 -11988 -688 -251 -606 -250 -20307 -1000 -353 -889 -211 -29546 -149 -353 -33 -211 -3103 -1000 -211 -33 440 -15881 -1000 440 -801 975 -27192 -315 440 -33 975 -4686 -1000 975 -801 1000 -26912 -315 994 -33 1000 -4397 -33 435 49 975 953 -33 994 49 1000 1245 49 665 108 975 3269 78 975 108 1000 3871 49 994 78 1000 2981 344 -353 511 39 13111 108 39 298 96 6361 298 39 431 118 11394 431 39 511 435 14838 298 435 511 586 13066 108 665 162 1000 5018 442 586 511 1000 15580 511 -18 1000 182 23518 511 182 589 489 17386 839 182 1000 489 28856 511 489 1000 1000 24181
AREA -1000 -1000 1000 1000 15 366 -381 504 -84 603 -253 1022 455 -328 -909 5 -444 -640 -633 -305 -513 682 -551 1160 -547 -653 460 -269 1163 782 -21 1016 660 -391 -512 387 -490 -706 -795 -385 -505 857 -314 1217 439 685 595 896 729 -201 -368 -150 -240 732 999 786 1491 -923 670 -594 1097 644 -978 897 -592 37 644 -1000 897 -978 22912 366 -1000 644 -551 14880 897 -1000 1000 -551 28644 644 -592 897 -551 23330 366 -551 387 -512 11156 387 -551 682 -381 16119 366 -490 387 -381 11252 682 -547 1000 -381 25607 -328 -1000 5 -909 -5945 -706 -1000 -328 -795 -16924 -1000 -1000 -706 -633 -27259 -385 -795 -328 -633 -11750 -1000 -633 -706 -444 -26981 -706 -505 -640 -444 -21337 -385 -513 -328 -512 -11548 -640 -505 -391 -444 -16439 -391 -490 -328 -444 -11596 5 -1000 366 -512 5010 5 -490 366 -444 5299 -201 -444 -150 -368 -5831 -1000 -444 -201 460 -18592 -150 -444 366 -240 3006 -201 -240 366 460 2683 -1000 460 -653 670 -25041 -1000 670 -923 1000 -28956 -269 460 366 1000 2249 857 -381 1000 -314 28452 504 -381 857 -253 20794 504 -253 603 -84 17006 366 -84 603 455 15221 685 455 782 595 23279 366 455 685 1000 17034 685 729 782 999 23618 685 999 732 1000 22979 896 660 1000 729 30083 782 729 1000 999 28485 786 999 1000 1000 28683
AREA -1000 -1000 1000 1000 1 135 -817 575 -792 4 135 -1000 575 -817 10097 -1000 -1000 135 -792 -14288 575 -1000 1000 -792 23532 -1000 -792 1000 1000 104
AREA -1000 -1000 1000 1000 5 367 -608 1053 -230 -248 -125 -226 666 -798 -425 -209 1 -309 -694 149 20 351 -630 909 -267 17 367 -1000 1000 -630 20389 909 -630 1000 -608 28986 -309 -1000 -209 -694 -8876 -1000 -1000 -309 -425 -20986 -1000 -425 -798 -125 -28144 -209 -1000 367 -694 1602 351 -694 367 -630 10467 149 -694 351 -125 7341 351 -267 367 -125 10933 -1000 -125 -798 1 -27931 -1000 1 -309 20 -20263 -1000 20 -248 1000 -18834 149 -125 367 1 7936 149 1 367 20 8009 -226 20 367 1000 2711 -248 666 -226 1000 -6514 367 -230 1000 1000 21589
AREA -1000 -1000 1000 1000 3 985 -229 1566 128 -790 -920 -211 -502 54 577 801 1138 8 985 -1000 1000 -229 30169 -790 -1000 -211 -920 -16460 -1000 -1000 -790 -502 -28496 -211 -1000 985 -502 11246 -1000 -502 985 577 -179 -1000 577 54 1000 -13874 801 577 985 1000 28472 985 128 1000 1000 31347
AREA -1000 -1000 1000 1000 12 593 212 686 606 644 149 784 330 343 864 761 1358 -335 -379 270 309 -932 -307 -679 -241 -144 270 150 610 133 446 515 1238 573 -787 1327 -536 612 -779 953 -140 179 465 891 711 151 853 363 1554 -62 -616 502 170 29 593 -1000 1000 -787 23814 593 -536 612 -140 18355 953 -536 1000 -140 29949 593 -140 1000 149 24712 593 149 644 212 19370 784 149 1000 212 27833 573 -1000 593 -787 17180 -335 -1000 573 -616 2881 -335 -616 -62 -379 -6635 502 -616 573 -379 16181 573 -536 593 -379 17616 -1000 -1000 -335 -307 -21330 -1000 -307 -932 -241 -30220 -679 -307 -335 -241 -15991 -1000 -241 -335 864 -20365 502 -379 593 170 16884 270 170 593 309 13632 -335 309 -144 610 -6949 150 309 593 446 11910 515 446 593 465 17630 515 711 593 864 17962 -335 610 133 864 -2394 -1000 864 133 1000 -12491 784 212 1000 330 27923 686 330 1000 465 26531 891 465 1000 606 29862 891 606 1000 711 29985 593 711 1000 864 25495 761 864 1000 1000 28243
AREA -1000 -1000 1000 1000 9 636 316 1008 402 -231 103 495 336 -191 261 448 512 -611 -120 -546 277 -804 26 -465 196 -155 159 115 464 -741 -608 -100 -150 -156 -713 277 -624 115 -373 515 187 28 636 -1000 1000 316 25016 -1000 -1000 -546 -608 -24767 -1000 -608 -741 -120 -27334 -741 -150 -546 -120 -20068 -804 -120 -611 26 -21964 -1000 -120 -804 103 -27970 -546 -1000 -465 -608 -16459 -546 -150 -465 26 -15717 -156 -1000 -100 -713 -4824 -465 -1000 -156 -608 -10414 -156 -624 -100 -608 -4584 -100 -1000 277 -713 1903 277 -1000 636 -624 13355 -100 -624 636 -373 7810 -100 -373 115 103 113 515 -373 636 103 17721 -465 -150 -100 103 -8765 -1000 103 -804 277 -27772 -804 196 -611 277 -21680 -465 103 -231 277 -10598 -546 196 -465 277 -15418 -1000 277 -231 1000 -18426 515 103 636 187 18001 495 187 636 336 17808 -231 336 -191 512 -6117 448 336 636 512 17226 -231 512 636 1000 7049 636 402 1000 1000 26059
AREA -1000 -1000 1000 1000 15 503 637 790 1071 855 225 1406 938 -264 869 -123 1207 -959 -607 -309 159 259 919 705 1691 769 -67 1477 268 238 92 271 352 -801 -63 -267 660 270 -584 323 -303 513 -618 1266 -507 301 660 859 1224 436 -395 811 -345 -557 316 -287 843 -788 -70 -630 364 -645 204 -633 603 33 855 -1000 1000 -618 27959 855 -507 1000 -67 28481 -1000 -1000 -309 -607 -21077 -1000 -607 -959 159 -30573 769 -1000 855 -618 24363 769 -507 855 -395 24721 811 -395 855 -345 25453 769 -345 855 -67 24966 -309 -1000 -267 -63 -9459 270 -1000 323 -584 8415 -267 -1000 270 92 -392 323 -1000 769 -618 16117 323 -618 513 -507 12396 436 -507 769 -395 18242 323 -507 436 -345 11354 323 -345 769 92 16800 270 -303 323 92 9102 -267 92 238 637 -69 271 92 769 637 16485 238 352 271 637 8400 769 268 855 637 25625 -1000 159 -801 637 -27502 -264 637 -123 869 -5230 -1000 637 -801 660 -27251 -267 637 -264 660 -7566 -1000 660 -557 1000 -23288 -287 660 -264 843 -7773 -557 843 -264 1000 -11788 301 637 503 660 13111 259 637 301 919 9458 -123 637 259 1000 2927 790 637 855 660 26162 859 938 1000 1000 29799
AREA -1000 -1000 1000 1000 4 308 -847 421 -698 489 -719 556 -193 895 -965 1338 -459 179 -778 247 -667 14 308 -1000 421 -847 10392 179 -1000 308 -778 6675 -1000 -1000 179 -698 -13559 247 -778 308 -698 7880 421 -1000 556 -719 14300 421 -719 489 -698 13397 895 -1000 1000 -965 28406 556 -1000 895 -698 21657 -1000 -698 179 -667 -13392 247 -698 489 -667 10726 -1000 -667 489 1000 -7738 556 -698 895 -193 22061 895 -459 1000 -193 29062 489 -193 1000 1000 23499
AREA -1000 -1000 1000 1000 2 82 -332 260 -74 564 472 709 969 7 82 -1000 260 -332 4635 -1000 -1000 82 1000 -14229 260 -1000 1000 -74 18993 82 -74 1000 472 16970 82 472 564 1000 10749 709 472 1000 1000 27241 564 969 709 1000 20732
AREA -1000 -1000 1000 1000 14 -340 18 -61 48 627 -900 698 -206 414 23 615 426 -837 -935 -686 -669 982 873 1581 1388 -509 570 247 901 -515 29 -8 417 -238 606 546 1211 75 -168 374 372 843 532 1310 1099 592 -497 1284 -335 602 -962 922 -480 782 -272 910 496 -316 -989 -263 -803 39 -837 -1000 -686 -935 -24558 -1000 -1000 -837 -669 -29292 -316 -1000 -263 -989 -9953 -686 -1000 -316 -669 -16365 -263 -1000 -61 -669 -5856 -316 -803 -263 -669 -9695 -1000 -669 -61 18 -16755 -515 18 -340 29 -13213 -1000 18 -515 48 -23434 627 -1000 698 -962 19572 592 -1000 627 -962 17929 592 -962 602 -497 17778 -61 -1000 592 -206 7643 592 -335 627 -206 18640 698 -1000 922 -962 24129 922 -1000 1000 -497 29043 782 -335 910 -272 25923 698 -335 782 -206 22670 910 -335 1000 -206 29335 414 -206 615 23 15874 -61 -206 -8 29 -1142 75 -206 374 -168 6788 -8 -206 75 426 1164 374 -206 414 372 12297 75 372 414 426 7994 -61 417 -8 426 -632 615 -206 782 426 21779 910 -206 1000 426 29715 982 426 1000 532 31200 -61 426 247 570 3381 247 426 546 606 12823 910 426 982 532 29805 843 496 910 532 27701 546 426 782 496 21045 546 496 843 1000 22293 -1000 48 -515 570 -23158 -515 417 -61 570 -8434 -1000 570 -509 1000 -22589 -509 901 -238 1000 -10612
AREA -1000 -1000 1000 1000 8 -179 -42 -96 351 -42 577 609 934 -439 639 -206 1431 995 515 1335 966 -885 966 -564 1503 -366 -706 185 -444 -64 801 206 1054 -629 119 -495 883 23 -366 -1000 -96 -706 -8014 -1000 -1000 -366 -42 -21694 -366 -444 -96 -42 -7404 -629 -42 -495 119 -17383 -1000 -42 -629 639 -24935 -495 -42 -179 639 -10148 -1000 639 -629 966 -24431 -495 639 -439 883 -13716 -629 883 -439 966 -15629 -1000 966 -885 1000 -28219 -564 966 -439 1000 -14548 -206 639 -179 1000 -5132 -96 -1000 185 -706 542 185 -1000 1000 -444 17661 -96 -444 1000 515 14048 -96 515 995 577 14496 -96 577 -42 801 -1450 -96 801 -64 934 -1612 609 577 995 1000 25651 995 966 1000 1000 31921 -96 934 -64 1000 -1513 206 934 609 1000 13615 -179 351 -96 1000 -3571
AREA -1000 -1000 1000 1000 4 518 -533 1252 -365 133 -878 898 -213 291 -805 324 -65 -744 -242 -222 226 13 518 -1000 1000 -878 22590 898 -878 1000 -533 28714 133 -1000 518 -878 9167 -1000 -1000 133 -242 -14044 -1000 -242 -744 -213 -27259 -222 -242 133 -213 -1591 -1000 -213 -744 226 -27025 -222 -213 291 226 1092 -1000 226 291 1000 -10361 324 -213 518 -65 12912 291 -65 518 1000 13023 898 -365 1000 -213 29130 518 -213 1000 1000 23923
AREA -1000 -1000 1000 1000 3 546 87 953 326 872 753 1194 819 -38 -953 428 -841 9 546 -1000 1000 87 23507 -38 -1000 428 -953 5069 -1000 -1000 -38 -841 -17009 428 -1000 546 -841 14177 -1000 -841 546 1000 -6957 953 87 1000 326 30494 546 326 1000 753 24503 546 753 872 1000 22856 872 819 1000 1000 29926
AREA -1000 -1000 1000 1000 4 -254 -977 215 -806 -317 979 342 1033 -763 727 -136 1399 278 -188 527 -139 11 -254 -1000 215 -977 -1577 -1000 -1000 -254 -806 -20340 215 -1000 1000 -806 17945 278 -806 1000 -188 19312 -1000 -806 278 727 -11230 527 -188 1000 -139 23521 278 -139 1000 727 20103 -1000 727 -763 979 -26458 -136 727 1000 979 14245 -1000 979 -763 1000 -26321 342 979 1000 1000 21791
AREA -1000 -1000 1000 1000 17 -482 656 159 1257 -695 848 -337 1201 965 805 1587 1092 -610 186 -346 329 587 -669 840 -27 265 818 774 1312 437 -809 712 -564 59 -29 725 50 956 -199 1253 240 959 90 1416 778 -234 428 -130 894 -582 240 -448 485 889 -464 1286 -248 559 968 1260 1271 -685 -677 -104 -286 231 9 245 31 -416 -553 -111 -549 32 -1000 -1000 -346 -677 -21701 -1000 -677 -685 -286 -26583 -1000 -286 -346 186 -20913 -1000 186 -610 656 -24534 587 -1000 712 -809 19246 712 -1000 1000 -669 25702 437 -1000 587 -809 14968 -346 -1000 -104 -677 -7813 -104 -1000 437 -564 4395 -104 -564 587 -29 7206 -346 -286 -104 -29 -7132 -346 -29 59 50 -4422 -346 50 -130 428 -7139 -346 428 -234 656 -8448 -130 50 587 656 7452 840 -669 1000 -464 27954 840 -464 889 -199 26484 889 -248 1000 -199 29072 840 -199 956 -27 27725 725 -27 956 50 26083 587 50 956 240 24077 587 240 959 656 24411 -610 329 -582 485 -18069 -448 329 -346 485 -11900 -610 485 -346 656 -14247 -695 656 -482 848 -17476 -1000 656 -695 1000 -25429 965 778 1000 805 31265 159 656 774 818 15214 159 818 265 1000 7481 774 656 959 778 27594 774 778 965 968 27843
AREA -1000 -1000 1000 1000 4 -866 11 -338 165 -527 270 146 380 -977 442 -199 795 997 -286 1373 -222 14 -1000 -1000 -338 11 -21233 -1000 11 -866 165 -28835 997 -1000 1000 -286 30326 -338 -1000 997 270 9865 997 -222 1000 270 30993 146 270 1000 1000 18398 -338 380 -199 442 -7897 -199 380 146 1000 -116 -338 795 -199 1000 -7410 -527 165 -338 270 -13174 -1000 165 -527 380 -23380 -1000 380 -338 442 -20328 -1000 442 -977 795 -30009 -1000 795 -338 1000 -19841
AREA -1000 -1000 1000 1000 7 -65 724 -41 1349 892 728 1328 1136 -523 -967 -328 -340 770 774 1466 1078 -968 249 -573 656 813 -743 938 -160 -667 167 30 597 17 -523 -1000 -328 -967 -14158 -1000 -1000 -523 -340 -24261 813 -1000 1000 -743 27246 -328 -1000 813 167 7117 30 167 813 724 13528 -328 597 30 724 -3958 938 -743 1000 -160 29588 813 -160 1000 724 28399 -1000 -340 -328 167 -20670 -1000 167 -667 249 -25615 -1000 249 -968 656 -30051 -573 597 -328 724 -13289 -1000 656 -573 724 -23676 -1000 724 -65 1000 -15630 892 724 1000 728 30052 770 724 892 774 26510 -41 724 770 1000 12177
AREA -1000 -1000 1000 1000 17 126 414 898 638 53 411 218 1202 -479 860 -374 1094 -300 -964 -138 -593 490 358 924 789 -921 -232 -915 -219 134 -318 888 388 686 249 1432 691 -740 438 -329 639 -93 -471 103 -280 -491 849 -215 1162 -881 -22 -816 766 -304 -980 -46 -727 -651 -809 31 -69 -891 -234 -762 357 415 440 736 515 -491 -261 -129 -232 44 -300 -1000 -138 -980 -7779 -304 -1000 -300 -980 -10352 -651 -1000 -304 -809 -15691 -1000 -1000 -651 -593 -26371 -138 -1000 -46 -980 -3842 -46 -1000 103 -809 -5 31 -809 103 -727 1309 31 -727 103 -471 1478 103 -1000 1000 -318 16453 103 -318 134 -280 3390 31 -280 134 -69 2399 -138 -69 134 358 83 888 -318 1000 249 29230 -138 358 134 411 323 134 388 490 411 10072 -1000 -593 -915 -232 -30079 -1000 -232 -921 -219 -29985 -915 -593 -816 -234 -27228 -915 -234 -891 -22 -28121 -915 -22 -891 357 -27825 -915 357 -881 411 -27454 -816 -593 -651 -234 -23136 -762 -234 -651 -69 -22037 -762 -69 -138 411 -13779 -816 357 -762 411 -24075 -1000 -219 -915 411 -29571 -1000 411 -881 414 -28727 -816 411 53 414 -11398 218 411 490 414 11387 -479 414 -329 438 -12098 -329 414 53 849 -3646 -215 849 53 860 -1656 -479 639 -329 849 -11780 -740 414 -479 438 -18453 -1000 414 -881 639 -28613 -816 414 -740 639 -23591 -491 639 -479 849 -14291 -1000 639 -881 766 -28437 -816 639 -491 1000 -19423 -1000 766 -816 1000 -27265 -215 860 53 1000 -1581 218 638 490 1000 11793 924 691 1000 789 30562 490 789 1000 1000 23990
AREA -1000 -1000 1000 1000 14 -586 820 44 900 -71 900 638 1392 -108 257 602 570 -681 -260 -433 40 -442 200 115 327 374 -357 496 372 214 -885 772 -473 -399 -810 -239 -735 -30 -801 66 -459 -62 974 -46 1426 -559 815 -323 874 -619 -413 -423 -367 -122 201 432 461 169 182 656 343 38 -1000 -1000 -433 -413 -22902 -1000 -413 -619 -260 -25415 -619 -367 -433 -260 -16619 -1000 -260 -681 257 -26041 374 -1000 772 -885 16821 772 -1000 1000 -357 26788 374 -473 772 -357 17348 214 -1000 374 -885 8172 -433 -1000 -239 -810 -11321 -433 -810 -399 -735 -13668 -30 -1000 214 -801 1952 -239 -1000 -30 -473 -4890 66 -801 214 -473 3703 -433 -735 -239 -473 -11020 -433 -473 -30 -459 -7627 66 -473 374 -459 6354 -433 -459 -423 -413 -13704 -423 -459 374 182 -882 -423 182 169 200 -3746 -433 -367 -423 200 -13351 496 -357 1000 182 23101 656 182 1000 200 25859 115 200 169 201 4603 656 200 1000 257 25897 -442 40 -433 200 -13427 -681 40 -442 257 -17242 -1000 257 -442 815 -21815 -1000 815 -559 820 -23331 -442 327 -122 461 -8348 -442 461 -108 815 -7887 -323 815 -108 820 -5847 656 257 1000 343 25968 602 343 1000 820 25413 -108 570 602 820 8352 -1000 820 -586 1000 -23673 44 820 638 900 11431 638 820 1000 1000 26299 -586 900 -71 1000 -9218
AREA -1000 -1000 1000 1000 17 -249 -970 -198 -174 -361 399 306 798 383 440 725 928 531 794 1274 908 -412 -796 7 -112 54 395 623 727 -814 879 -18 1615 -998 -736 -376 -49 -838 -676 -91 58 940 -833 1082 -114 -60 -503 232 13 -164 -353 167 -159 819 -331 1082 229 180 51 309 113 -458 -596 274 -50 -200 -620 46 -207 187 921 722 1461 39 -249 -1000 -198 -970 -7898 -412 -1000 -249 -796 -11128 -1000 -1000 -412 -736 -22754 -1000 -736 -998 -174 -31424 -198 -1000 7 -796 -3843 940 -1000 1000 -833 29154 7 -1000 232 -620 2910 46 -620 232 -596 3701 232 -1000 274 -596 7045 274 -1000 940 -331 18152 274 -331 309 -50 8862 232 -50 309 51 8402 309 -331 819 395 17516 232 113 309 395 8655 819 229 940 395 27592 180 13 232 51 6418 7 13 180 113 2977 7 113 232 395 3974 940 229 1000 395 30382 7 395 54 399 1358 623 395 1000 399 25569 -91 -50 -60 13 -2343 -91 13 7 58 -1266 -198 58 7 399 -2716 623 399 725 440 21314 306 727 383 921 11519 725 399 1000 794 27350 725 908 1000 1000 27707 722 928 725 1000 23408 -198 798 -18 879 -2509 187 798 306 921 8517 -18 798 187 1000 3534 -361 58 -198 399 -8420 -1000 -174 -998 -112 -31112 -1000 -112 -998 -49 -31049 -1000 -49 -838 58 -28484 -1000 58 -361 879 -20611 -1000 879 -814 1000 -27177 -361 798 -198 879 -7810
AREA -1000 -1000 1000 1000 11 292 136 607 238 289 85 326 704 171 454 833 468 -840 58 -583 586 -670 369 -433 877 -408 -306 -62 371 -85 842 237 1636 -386 -793 184 -464 582 213 765 930 921 781 1607 930 221 -58 785 185 38 292 -1000 1000 -58 19497 785 -58 1000 85 27697 785 85 1000 136 27794 289 -1000 292 -58 8492 -386 -1000 289 -793 -2384 -1000 -1000 -386 -306 -22136 184 -793 289 -464 6719 -386 -464 289 -306 -1873 -1000 -306 -408 58 -21948 221 -306 289 -58 7723 -62 -306 221 58 2356 -1000 58 -840 454 -28264 -583 58 -433 369 -15534 -433 58 -408 371 -12805 -62 58 221 454 2736 221 185 289 454 8225 -433 371 -62 454 -7244 -1000 454 -840 586 -28000 -433 454 171 842 -3413 -433 842 -85 1000 -7108 -583 877 -433 1000 -14809 -1000 586 -670 1000 -25092 -670 877 -583 1000 -18467 171 468 289 842 7785 237 842 289 1000 9074 289 704 292 1000 9873 607 185 765 213 21465 785 136 1000 238 27870 765 185 785 238 24237 326 238 582 454 14420 765 238 1000 454 27719 833 454 1000 468 28888 326 468 582 1000 14808 765 468 1000 781 27998 765 781 921 1000 27024 921 930 1000 1000 30756 582 930 765 1000 21859 292 704 326 1000 10431
AREA -1000 -1000 1000 1000 14 -737 -983 -643 -877 691 -626 1432 115 138 692 793 1038 -273 957 -157 1209 -819 -574 -66 -455 -304 -936 28 -582 829 -459 1314 -219 36 28 57 129 932 -622 1546 -456 329 -155 888 142 194 440 236 740 567 853 1034 1366 914 -23 1489 112 -834 -573 -491 215 28 -737 -1000 -643 -983 -22381 -1000 -1000 -737 -877 -27846 -304 -1000 28 -936 -5246 -643 -1000 -304 -877 -15601 28 -1000 1000 -877 14996 691 -877 1000 -626 25475 -1000 -877 -304 -574 -20937 -304 -582 -66 -574 -6313 -834 -574 -819 -573 -26179 -1000 -574 -834 -455 -28941 28 -877 691 -455 10494 -66 -582 28 -455 -1107 36 -455 57 28 1244 -1000 -455 -834 215 -28547 -491 -455 36 692 -6918 -1000 215 -491 692 -22641 57 -455 691 -155 11289 57 -155 329 142 5977 57 142 236 440 4848 57 440 194 692 4472 236 142 691 692 14801 36 129 57 692 1868 -273 692 -157 957 -5840 -1000 692 -273 1000 -18870 -157 692 138 1000 567 888 115 1000 142 29393 691 142 1000 692 26643 793 692 1000 853 28580
AREA -1000 -1000 1000 1000 1 491 -991 1241 -786 3 491 -1000 1000 -991 22131 -1000 -1000 491 -786 -8767 -1000 -786 1000 1000 107
AREA -1000 -1000 1000 1000 16 -255 -705 335 -659 -934 923 -848 1139 660 -31 717 243 -73 898 289 900 -215 282 366 1042 -417 -796 152 -392 293 584 502 652 966 251 1732 358 -734 161 -635 703 -598 -120 134 143 400 116 731 353 -145 -848 -113 -805 993 323 1766 895 -822 853 -402 1165 -691 591 -478 870 247 -982 798 -289 44 -255 -1000 -113 -848 -6628 -255 -848 -145 -796 -7022 247 -1000 335 -982 8030 -113 -1000 247 -796 1179 -145 -805 -113 -796 -4799 152 -796 247 -705 5450 -417 -1000 -255 -796 -11314 -1000 -1000 -417 -659 -22777 335 -1000 798 -982 16586 798 -1000 1000 -659 27040 -1000 -659 -848 923 -28512 -1000 923 -934 1000 -29015 798 -659 1000 -289 27395 660 -289 1000 -31 25570 -848 -659 -417 -392 -20117 152 -659 247 -392 5675 -848 -392 -635 161 -23086 -848 161 -734 282 -24299 -635 -392 134 -120 -8006 -635 -120 -598 143 -19084 134 -392 247 -289 5581 134 -289 660 116 12221 134 116 400 282 8476 -635 143 134 282 -7537 -848 282 -734 703 -24028 -635 282 -215 591 -12738 -478 591 -215 853 -10004 -402 853 -215 898 -8672 -848 703 -691 853 -23061 -848 853 -822 898 -25009 366 282 400 353 12191 366 353 660 584 16372 502 584 660 652 18629 366 652 660 898 16678 -848 898 -822 1000 -24936 -402 898 -215 1000 -8599 366 898 660 1000 16852 717 -31 731 116 22487 731 -31 1000 243 26952 966 243 1000 251 30720 731 243 966 358 26620 660 353 731 358 21932 660 358 993 1000 26316 993 895 1000 1000 31855
AREA -1000 -1000 1000 1000 3 -90 855 85 1505 -395 654 -66 1355 -641 -242 -16 367 8 -1000 -1000 -16 -242 -16369 -1000 -242 -641 654 -25214 -16 -1000 1000 654 15079 -641 367 -16 654 -9657 -1000 654 -395 855 -20852 -66 654 1000 855 15232 -1000 855 -395 1000 -20679 85 855 1000 1000 17761
AREA -1000 -1000 1000 1000 15 -773 977 -69 1127 492 -12 602 410 -323 -862 -193 -712 -968 -675 -791 -165 -508 -258 173 291 699 -9 706 331 -932 137 -751 911 733 -130 993 -103 -954 -69 -793 39 -729 18 -226 106 -695 15 -213 748 313 602 932 1085 -177 -837 372 -371 95 -536 289 -276 -403 749 -1 1121 44 492 -1000 1000 -130 22561 492 -130 733 -12 18932 993 -130 1000 -103 30791 733 -103 1000 -12 26820 -323 -1000 -193 -862 -8929 -1000 -1000 -323 -712 -21347 -193 -1000 492 -837 3732 -193 -837 -177 -712 -6509 372 -837 492 -712 12618 -1000 -712 -791 -675 -28438 -1000 -675 -968 -165 -30924 -791 -712 -177 -258 -15489 372 -712 492 -258 12907 -177 -371 95 -258 -1585 289 -371 372 -258 9947 95 -276 289 -258 5685 -791 -258 -508 15 -20240 -791 15 -695 18 -23016 -791 18 -729 137 -23482 -729 106 -695 137 -21950 -751 137 -695 291 -22199 173 -258 492 291 10340 -751 291 -695 748 -21893 313 291 492 602 12940 -213 291 313 749 2070 -1 749 313 977 5699 -403 748 -213 749 -8799 -751 748 -403 977 -17024 -791 911 -751 977 -22957 -1000 -165 -791 -69 -27862 -1000 -69 -954 39 -30302 -793 -69 -791 39 -24567 -1000 39 -791 137 -27657 -1000 137 -932 977 -29389 -932 911 -791 977 -25747 699 -12 706 -9 21783 602 -12 699 410 20380 706 -12 1000 410 26642 699 331 706 410 22164 492 410 1000 602 23632 932 602 1000 977 30736 -1000 977 -773 1000 -26477 -1 977 313 1000 5825 932 977 1000 1000 30935
AREA -1000 -1000 1000 1000 16 603 -425 1265 -40 113 -648 625 -297 -819 -84 -717 281 -870 203 -226 981 38 398 506 1129 516 -134 1123 209 857 56 1097 167 -21 -679 271 -366 -481 -697 -355 -161 -765 -686 -358 91 929 233 1299 852 -795 433 -494 477 -58 -619 506 -126 -880 -642 -288 -49 -833 384 -772 967 -576 766 -39 1391 34 603 -1000 625 -648 18210 625 -1000 1000 -425 24491 113 -1000 271 -679 5113 271 -1000 603 -648 12723 -21 -1000 113 -679 587 -481 -1000 -355 -697 -13806 -1000 -1000 -481 -686 -23783 -880 -686 -765 -642 -26146 -1000 -686 -880 -297 -29631 -355 -1000 -21 -642 -6649 -288 -642 -21 -619 -5404 -288 -619 -58 -297 -5821 -1000 -297 -880 -84 -29330 -1000 -84 -880 -49 -29206 -1000 -49 -819 203 -28102 -1000 203 -870 281 -28743 -288 -297 -226 -161 -8196 -288 -161 -226 -49 -8072 -358 -49 -226 203 -8975 -717 91 -358 203 -16500 516 -297 603 -134 17145 -226 -297 -58 -126 -4613 506 -297 516 -126 15630 -226 -126 516 398 4631 516 209 603 398 17664 -226 398 38 766 -2332 -39 766 38 1000 883 506 398 603 1000 17904 -717 981 -576 1000 -19035 -1000 281 -870 1000 -28344 -870 981 -717 1000 -23592 929 209 1000 233 30136 603 209 929 1000 24351 929 852 1000 1000 30841
AREA -1000 -1000 1000 1000 9 628 -464 1125 -388 -297 -732 230 -281 948 -205 1117 588 533 -100 685 111 -248 -909 322 -836 -256 -442 -158 -180 10 -237 322 159 -127 -93 495 631 -108 -592 596 131 25 628 -1000 1000 -464 24502 -297 -1000 230 -909 -1977 -297 -909 -248 -836 -9304 -297 -836 230 -732 -1807 -1000 -1000 -297 -281 -20728 230 -1000 322 -909 7602 322 -1000 628 -836 13807 230 -836 628 -592 12585 596 -592 628 -281 18536 596 -281 628 -100 18782 -1000 -281 -256 -180 -19698 -158 -281 -108 -180 -4353 -127 -180 -108 -93 -3763 -1000 -180 -127 1000 -17043 -127 631 10 1000 -982 495 131 533 159 16079 495 159 533 631 16329 10 631 533 1000 9248 596 111 628 131 19093 533 131 628 1000 18577 948 -388 1000 -205 29898 628 -388 948 -100 24184 685 -100 948 111 25333 628 111 948 588 24778 628 588 1000 1000 26028
AREA -1000 -1000 1000 1000 6 12 30 260 572 -733 -685 -428 -458 509 812 715 1169 977 -754 1102 -170 -426 -180 10 -96 750 -573 1084 208 15 -1000 -1000 -428 -685 -22976 -1000 -685 -733 -458 -27417 977 -1000 1000 -754 29782 -428 -1000 10 -180 -7069 -428 -180 -426 -96 -13375 750 -1000 977 -573 25998 10 -1000 750 30 11295 -428 -96 10 30 -6512 -1000 -458 -428 30 -22348 -1000 30 12 1000 -14799 260 30 750 208 15774 260 208 1000 812 20040 260 812 509 1000 12841 715 812 1000 1000 27504 12 572 260 1000 5002
AREA -1000 -1000 1000 1000 11 460 987 1045 1004 403 -801 934 -241 -479 -411 253 252 -695 -746 -255 -675 -918 -77 -314 687 126 -774 720 -672 194 -235 824 262 128 419 849 1058 -331 -25 -316 671 692 -262 947 82 -628 -862 -46 -151 26 403 -1000 1000 -801 20862 -695 -1000 -255 -862 -15656 -695 -862 -628 -746 -21295 -1000 -1000 -695 -411 -26962 126 -1000 403 -774 7328 -255 -1000 -46 -862 -5581 -46 -1000 126 -411 535 126 -672 403 -411 7674 -695 -675 -628 -411 -21034 -1000 -411 -628 -77 -25478 -628 -151 -479 -77 -17257 -1000 -77 -918 252 -29641 253 -411 403 -235 9845 -1000 252 -918 687 -29259 -314 252 194 262 -1603 128 262 403 419 8587 -314 262 128 987 -2258 -1000 687 -314 987 -19530 934 -801 1000 -262 29446 947 -262 1000 -241 29943 403 -241 692 -235 16750 947 -241 1000 82 30115 824 82 1000 262 28444 403 262 1000 419 22103 849 419 1000 987 29378 -1000 987 128 1000 -12522
AREA -1000 -1000 1000 1000 10 778 505 879 1271 923 2 1279 151 -76 683 260 750 -520 -328 -479 -158 589 -946 1246 -626 -618 228 -521 479 -935 220 -625 372 619 -428 1204 -356 940 -698 1352 -514 0 -479 463 -132 28 778 -1000 1000 -946 26586 778 -626 940 -428 26102 940 -514 1000 -428 29599 778 -356 1000 2 27382 778 2 923 151 26458 778 151 1000 505 27887 -1000 -1000 -479 -328 -23573 -1000 -328 -520 -158 -23803 589 -1000 778 -946 20231 -479 -1000 589 -626 892 619 -626 778 -428 21142 0 -626 463 -479 6640 -479 -626 0 -132 -7788 463 -626 619 -132 16392 -479 -132 619 683 2446 619 -356 778 683 21833 -1000 -158 -479 220 -22878 -1000 220 -935 228 -29753 -625 220 -479 228 -16888 -1000 228 -935 372 -29677 -625 228 -618 372 -18951 -1000 372 -618 683 -24551 -521 228 -479 479 -15146 -618 479 -479 683 -16407 -1000 683 -76 1000 -15836 260 683 778 1000 16931 -76 750 260 1000 3727 879 505 1000 1000 29893
AREA -1000 -1000 1000 1000 1 -840 -988 -690 -380 4 -840 -1000 -690 -988 -24709 -1000 -1000 -840 -380 -29210 -690 -1000 1000 1000 4805 -1000 -380 -690 1000 -25885
AREA -1000 -1000 1000 1000 5 -925 -92 -229 297 105 178 565 228 318 959 339 1104 -921 182 -754 361 -560 -429 -285 302 15 -1000 -1000 -229 -429 -19748 -1000 -429 -560 -92 -24440 -285 -429 -229 -92 -8227 -1000 -92 -925 297 -29719 -229 -1000 1000 178 11555 -229 178 105 228 -1719 565 178 1000 228 24476 -229 228 1000 959 12560 -229 959 318 1000 2375 339 959 1000 1000 21750 -1000 297 -921 361 -29431 -754 297 -560 361 -20038 -285 297 -229 302 -7667 -560 302 -229 361 -11882 -1000 361 -229 1000 -18353
AREA -1000 -1000 1000 1000 9 -17 -845 108 -715 -294 897 492 1075 -83 49 -62 557 347 -539 760 -470 -337 -84 455 660 -933 663 -357 1212 965 739 1665 1208 522 -44 1312 402 -308 534 -128 535 22 -17 -1000 108 -845 504 -1000 -1000 -17 -715 -16605 108 -1000 1000 -715 16317 -83 -715 -62 -84 -2631 -337 -715 -83 -84 -6909 -1000 -715 -337 663 -20734 -1000 663 -933 897 -29166 -357 663 -337 897 -9977 -337 660 -83 897 -5731 347 -715 760 -539 16547 -62 -715 347 -470 3841 760 -715 1000 -470 26688 -62 -470 455 -84 5830 455 -470 1000 -44 22311 455 -44 522 402 15338 455 402 1000 739 23139 455 739 965 897 22828 -62 660 455 897 6886 -83 660 -62 897 -1453 -1000 897 -933 1000 -28997 -357 897 -294 1000 -9126 492 897 965 1000 23548
AREA -1000 -1000 1000 1000 0 1 -1000 -1000 1000 1000 0
AREA -1000 -1000 1000 1000 7 833 -265 1121 -259 263 576 629 890 -954 647 -598 1150 -744 -598 -346 -494 819 694 1283 1449 521 -28 1084 320 -333 266 253 689 19 833 -1000 1000 -265 27795 -1000 -1000 -346 -598 -21662 -1000 -598 -744 -494 -27578 -346 -1000 833 -28 7050 -346 -28 521 266 2847 -346 266 -333 576 -10088 253 266 521 576 12418 521 320 833 576 21435 -1000 -494 -346 576 -20822 -1000 576 -598 647 -24157 -1000 647 -954 1000 -29463 -598 576 -333 689 -13782 253 576 263 689 8631 -598 689 263 1000 -4332 819 576 833 694 26241 629 576 819 1000 23232 263 890 629 1000 14771 833 -259 1000 -28 28284 833 320 1000 694 28934
AREA -1000 -1000 1000 1000 3 -674 364 -263 813 -12 -874 53 -707 615 158 1139 780 9 -12 -1000 53 -874 -286 -1000 -1000 -12 -707 -16539 53 -1000 1000 -707 15484 615 -707 1000 158 24774 -1000 -707 615 364 -6123 -1000 364 -674 1000 -25265 -263 364 615 1000 6138 615 780 1000 1000 25938 -674 813 -263 1000 -13601
AREA -1000 -1000 1000 1000 14 706 -623 1488 152 -780 -277 -479 456 -20 954 166 1207 -153 32 368 493 -468 33 -232 596 -519 67 -509 259 90 699 344 1413 -686 -142 -191 617 -151 864 528 1365 -442 -668 345 42 226 -487 856 -142 382 -39 744 13 64 755 724 1024 -757 597 -82 1165 23 706 -1000 1000 -623 25632 -1000 -1000 -479 -277 -23547 -1000 -277 -780 456 -27500 -479 -1000 -191 -668 -11219 -479 -668 -442 -142 -14665 -191 -1000 345 -668 1553 345 -1000 706 -487 15563 345 -142 706 -39 16216 345 -39 382 32 11281 382 13 706 32 16887 -191 42 -153 493 -5064 368 32 706 493 16910 90 493 344 699 7323 -191 493 -82 597 -3671 -82 493 90 617 679 64 617 90 755 3073 -82 617 64 864 462 344 493 706 755 16899 -757 456 -686 597 -21824 -1000 456 -757 617 -26681 -1000 617 -757 1000 -26409 706 152 1000 755 26897 724 755 1000 1000 27600
AREA -1000 -1000 1000 1000 7 839 60 1121 477 164 -689 737 -29 571 632 695 1099 622 211 1420 381 -732 -848 -541 -154 -736 829 -22 1199 744 324 1227 677 16 839 -1000 1000 60 28050 164 -1000 839 -689 14718 -732 -1000 -541 -848 -20640 -1000 -1000 -732 -154 -27423 -541 -1000 164 -154 -6405 -1000 -154 164 829 -12620 -1000 829 -736 1000 -25993 -22 829 164 1000 3116 737 -689 839 -29 24069 622 -29 839 211 22752 164 -29 622 632 12485 622 381 744 632 21680 164 632 571 1000 12224 695 632 744 677 22975 695 677 839 1000 24616 839 677 1000 1000 29359
AREA -1000 -1000 1000 1000 6 172 -519 800 158 -685 -270 -84 264 592 424 1265 692 -856 101 -460 216 -53 -343 95 288 -224 -606 -46 1 18 172 -1000 1000 -519 17407 -53 -1000 172 -606 1057 -46 -606 172 -343 1479 -224 -1000 -53 -606 -5081 -1000 -1000 -224 -270 -19607 95 -343 172 -270 3848 -1000 -270 -685 101 -26186 -1000 101 -856 264 -28585 -856 216 -685 264 -23630 -84 1 -53 264 -1975 95 -270 172 264 4151 -1000 264 -53 1000 -15674 95 264 172 288 4430 -53 288 172 1000 2504 800 -519 1000 158 27720 592 158 1000 424 24967 172 158 592 1000 12421 592 692 1000 1000 25522
AREA -1000 -1000 1000 1000 2 970 -201 989 250 -958 221 -256 626 7 970 -1000 1000 -201 29935 -1000 -1000 -256 221 -19857 -1000 221 -958 626 -29925 -256 -1000 970 1000 11067 -1000 626 -256 1000 -18655 989 -201 1000 250 30870 970 250 1000 1000 31160
AREA -1000 -1000 1000 1000 1 -522 927 4 1318 3 -1000 -1000 1000 927 -36 -1000 927 -522 1000 -22627 4 927 1000 1000 16526
AREA -1000 -1000 1000 1000 5 199 -821 199 -327 175 60 824 691 -725 720 -301 1274 111 129 396 703 674 414 917 998 12 175 -1000 1000 60 17758 -1000 -1000 175 129 -13207 -1000 129 111 720 -13339 111 703 175 720 5145 -1000 720 -725 1000 -25862 -301 720 175 1000 -1093 824 60 1000 414 28509 917 414 1000 691 30282 396 691 674 1000 17431 917 691 1000 1000 30575 674 998 917 1000 25675 175 703 396 1000 9718
AREA -1000 -1000 1000 1000 17 213 -183 217 446 -258 -745 124 -268 -201 -37 -43 -21 865 565 1583 1034 -92 -70 653 645 -632 -42 -375 580 -823 -908 -714 -212 -799 -131 -562 65 -522 -746 274 -540 -939 -144 -410 582 200 -10 378 345 911 -227 1061 257 -900 -727 -624 -582 -29 -47 240 98 305 733 452 754 940 436 1057 821 524 410 948 645 44 213 -1000 274 -746 6691 274 -1000 1000 -227 19134 274 -227 911 -183 18178 213 -540 274 -183 7203 -258 -1000 213 -746 -1555 -823 -1000 -714 -908 -24762 -1000 -1000 -823 -727 -29104 -1000 -727 -900 -582 -30104 -1000 -582 -823 -268 -28666 -714 -1000 -258 -746 -15939 -714 -746 -624 -727 -21475 -624 -746 -522 -540 -18406 -714 -582 -624 -540 -21300 -714 -540 -258 -268 -15470 124 -540 213 -268 4835 -201 -268 -43 -70 -3951 -201 -70 -92 -37 -4579 -632 -268 -562 -144 -18713 -562 -268 -410 -144 -15272 -410 -268 -201 -42 -9610 -1000 -268 -823 -212 -28481 -714 -268 -632 -212 -21103 -799 -212 -632 -144 -22343 -1000 -212 -799 -144 -28047 -1000 -144 -939 -21 -30121 -375 -42 -201 -21 -8959 -43 -268 213 -70 2466 -1000 -21 -939 65 -30017 -1000 65 -939 580 -29716 -375 -21 -92 580 -6943 -1000 580 -939 582 -29458 -410 580 -92 582 -7200 -1000 582 -92 1000 -16135 -92 645 213 1000 2714 217 -183 653 -70 13359 653 -183 911 257 24279 940 257 1000 410 30404 948 410 1000 436 30617 653 257 940 410 25041 217 645 452 733 11074 217 733 305 754 8835 452 645 865 1000 21252 217 754 452 1000 11262 213 645 217 1000 7488
AREA -1000 -1000 1000 1000 2 -932 -368 -264 15 -135 583 428 1303 6 -1000 -1000 -264 -368 -20276 -1000 -368 -932 15 -30122 -264 -1000 1000 583 11200 -264 583 -135 1000 -5377 428 583 1000 1000 22926 -1000 15 -264 1000 -19084
AREA -1000 -1000 1000 1000 3 818 -89 1150 280 -278 -453 72 -206 193 -450 360 -51 10 818 -1000 1000 -89 27635 -278 -1000 72 -453 -3919 -1000 -1000 -278 -206 -20412 72 -1000 818 -450 13070 72 -450 193 -206 3795 360 -450 818 -206 17931 -1000 -206 193 1000 -12096 360 -206 818 -51 18131 193 -51 818 1000 16161 818 280 1000 1000 28819
AREA -1000 -1000 1000 1000 8 -571 -775 -83 -374 -115 919 651 1459 425 -845 691 -790 940 627 1252 660 -157 -117 281 -73 -3 508 69 805 -991 -794 -551 -295 412 -634 486 -102 25 -571 -1000 -551 -794 -18288 -551 -1000 -83 -775 -10714 -1000 -1000 -571 -794 -25232 -1000 -794 -991 -374 -31429 425 -1000 691 -845 16376 412 -1000 425 -634 12172 -83 -1000 412 -374 4428 691 -1000 1000 -790 25331 425 -790 486 -634 13424 486 -790 1000 -374 22451 940 -374 1000 627 30197 -157 -374 281 -117 1677 -1000 -374 -991 -295 -31179 -551 -374 -157 -73 -11197 -1000 -295 -551 -73 -24209 281 -374 412 -73 10534 486 -374 940 -73 21880 412 -102 486 -73 13832 -3 -73 69 508 1241 -1000 -73 -3 919 -15108 69 -73 940 919 16078 -3 805 69 919 1885 940 660 1000 919 30860 -1000 919 -115 1000 -16307 651 919 1000 1000 26566
AREA -1000 -1000 1000 1000 6 213 691 909 1132 364 69 376 234 -845 785 -571 977 -483 -460 -222 146 550 -177 1065 341 -521 986 -238 1081 16 364 -1000 1000 -177 20554 364 -177 550 69 14113 -1000 -1000 -222 -460 -19671 -1000 -460 -483 146 -23128 -222 -1000 364 691 2047 -1000 146 -222 691 -18522 376 69 550 341 14558 376 341 1000 691 21844 364 234 376 691 11933 -845 691 -571 785 -21210 -1000 691 -845 1000 -27736 -571 691 -238 986 -11685 -571 986 -521 1000 -15933 -238 691 213 1000 474 -845 977 -571 1000 -20959 909 691 1000 1000 30451
AREA -1000 -1000 1000 1000 2 192 310 358 415 -213 954 -186 997 7 -1000 -1000 1000 310 -345 -213 310 192 954 322 -1000 310 -213 1000 -18131 -186 954 192 1000 1070 -213 997 -186 1000 -5170 358 310 1000 1000 21704 192 415 358 1000 9233
AREA -1000 -1000 1000 1000 9 -517 805 -423 1373 106 -891 577 -424 -127 303 624 813 620 464 995 921 -734 324 -389 574 795 165 1448 483 -31 119 22 913 409 851 527 1234 705 -735 1492 -291 25 106 -1000 577 -891 9657 -1000 -1000 106 -424 -14569 577 -1000 1000 -735 23592 577 -735 705 -424 19292 795 -291 1000 165 27775 -127 -424 22 119 -1764 -127 119 -31 303 -2238 22 -424 705 303 11224 705 -291 795 303 23256 -1000 -424 -127 324 -17503 -1000 324 -734 805 -26312 -389 324 -127 805 -7433 -734 574 -389 805 -16701 624 303 795 464 22394 995 483 1000 805 31582 -1000 805 -517 1000 -22595 -423 805 -127 1000 -7622 995 805 1000 921 31801 624 921 1000 1000 26133 -127 813 -31 1000 -1542 409 813 527 851 15340 22 813 409 1000 7603 527 813 620 1000 18701 -31 913 22 1000 833 620 921 624 1000 20243
AREA -1000 -1000 1000 1000 3 143 -100 764 568 -51 -394 606 221 63 532 857 991 11 143 -1000 1000 -394 17035 606 -394 1000 -100 24646 -51 -1000 143 -394 729 -1000 -1000 -51 1000 -16275 -51 221 143 532 1803 -51 532 63 1000 952 63 991 143 1000 4189 764 -100 1000 532 27558 857 532 1000 568 29349 857 568 1000 1000 29583 143 991 857 1000 16496
AREA -1000 -1000 1000 1000 10 885 -824 1158 -413 -950 -416 -636 136 -301 985 -101 1310 307 -299 576 121 -297 -845 421 -120 336 445 707 1230 933 -730 1427 -423 -492 907 -135 1579 33 -790 191 -399 -847 181 -169 441 23 885 -1000 1000 -824 28321 -1000 -1000 -636 -416 -26066 -1000 -416 -950 136 -30365 307 -1000 421 -845 10362 421 -1000 885 -299 19594 -297 -1000 307 -845 -767 -636 -1000 -297 -120 -15006 -636 -120 -169 181 -12431 -169 -120 307 907 2533 -636 441 -169 907 -11788 -636 907 -492 985 -16538 -135 907 307 985 3612 576 -299 885 121 22572 307 121 885 445 18759 307 445 336 985 10697 707 445 885 985 25391 -636 985 -492 1000 -16491 -101 985 336 1000 4651 707 985 885 1000 25669 -847 136 -636 181 -22812 -1000 136 -847 441 -28324 -1000 441 -636 1000 -24637 885 -413 1000 1000 29527
AREA -1000 -1000 1000 1000 13 872 422 1670 897 981 338 1221 618 -605 -144 72 21 167 548 835 1148 144 921 827 1068 -120 -7 264 311 -573 998 -442 1509 761 728 1328 1136 -707 328 -292 741 13 -965 522 -693 -61 849 408 1100 -884 859 -355 1028 65 -452 319 -98 26 872 -1000 1000 338 28685 872 338 981 422 29117 13 -1000 522 -965 7326 -1000 -1000 13 -144 -15855 522 -1000 872 -693 20761 13 -693 319 -452 4574 13 -452 65 -144 911 319 -693 872 -144 18058 -1000 -144 -605 21 -24923 72 -98 264 -7 5156 319 -144 872 21 18415 264 -98 319 21 9014 264 21 872 548 17893 167 311 264 548 7126 144 311 167 849 5416 -1000 21 -120 328 -17185 -1000 328 -707 859 -25849 -1000 859 -884 998 -28273 -292 328 -120 741 -5851 -707 741 -355 859 -15661 -355 741 -120 998 -6477 -1000 998 -884 1000 -28203 -355 998 -120 1000 -6348 -120 311 144 849 952 -120 849 -61 1000 -1865 835 548 872 728 27112
AREA -1000 -1000 1000 1000 6 396 -311 494 -307 -780 900 -600 1128 198 -701 726 -563 435 363 545 595 43 514 304 1301 -409 973 268 1143 17 396 -1000 1000 -701 20788 726 -701 1000 -311 26247 396 -563 726 -311 16954 198 -1000 396 -701 8357 -1000 -1000 198 -563 -13212 -1000 -563 396 514 -9386 -1000 514 43 900 -14111 304 514 396 900 11557 -1000 900 -780 1000 -26640 -409 900 43 973 -4736 -600 900 -409 1000 -14674 304 900 396 1000 11800 494 -311 1000 -307 22848 396 -307 1000 363 21666 396 363 435 595 13375 545 363 1000 1000 24645 396 595 545 1000 15399
AREA -1000 -1000 1000 1000 10 454 -597 1143 -12 387 560 703 712 -69 -755 -31 -283 -520 837 -166 1442 -214 280 402 983 458 -1 1243 642 -639 -347 -353 168 -66 574 -48 1111 180 417 885 430 -79 -693 49 -637 26 454 -1000 1000 -597 21739 -69 -1000 -31 -755 -2427 -79 -1000 -69 -693 -3140 -1000 -1000 -79 -347 -17382 -79 -637 -69 -347 -2786 -1000 -347 -639 280 -25422 -353 -347 -69 280 -6574 -639 168 -353 280 -15152 -1000 280 -214 560 -18397 -31 -1000 49 -693 -567 49 -1000 454 -283 7171 -31 -637 49 -283 -181 -69 -283 454 280 5982 402 280 454 417 13617 402 430 454 560 13763 -520 560 -214 837 -10678 -1000 560 -520 1000 -22780 -166 983 -66 1000 -2604 -48 983 387 1000 6262 402 712 454 1000 14124 387 983 402 1000 13237 454 -12 1000 -1 22531 454 -1 458 417 14344 454 430 458 560 14631 703 642 1000 1000 27233 454 712 703 1000 18805
AREA -1000 -1000 1000 1000 10 501 -345 746 447 -570 -948 -439 -845 668 805 725 1215 644 -599 1195 -520 691 -760 919 -290 -753 828 -248 1164 936 766 1298 1047 210 -163 302 64 -54 176 82 807 431 380 1193 604 26 501 -1000 1000 -760 22401 501 -760 691 -599 17797 919 -760 1000 -599 29081 501 -599 644 -520 17204 501 -520 691 -345 18044 919 -520 1000 -345 29328 -570 -1000 -439 -948 -16598 -1000 -1000 -570 -845 -25257 -439 -1000 501 -845 39 210 -845 501 -163 10532 -1000 -845 210 176 -12579 -1000 176 -54 828 -15835 82 176 210 828 5028 -54 807 82 828 1252 302 -163 501 64 12413 210 64 501 380 11258 210 380 431 604 10443 210 604 501 828 11752 -1000 828 -753 1000 -26242 -248 828 501 1000 4851 919 -345 1000 -290 29443 746 -290 1000 380 27108 936 604 1000 766 30693 501 604 936 805 22994 501 805 668 1000 19038 725 805 936 1000 26664
AREA -1000 -1000 1000 1000 5 -599 411 140 1152 -156 636 -54 957 379 661 653 1115 287 -883 1042 -160 -524 246 -368 410 10 287 -1000 1000 -883 19023 -1000 -1000 287 246 -11413 -1000 246 -524 411 -23293 -368 246 287 411 -911 -524 410 -368 411 -13415 287 -160 1000 411 20090 -1000 411 -599 1000 -24063 140 411 653 661 12843 140 661 379 1000 8891 653 411 1000 1000 26343
AREA -1000 -1000 1000 1000 11 282 971 482 981 -114 -795 624 -492 -416 123 -391 833 257 -504 989 -146 -511 -447 87 -216 929 -687 1226 29 641 993 683 1054 723 -91 1452 183 53 -932 625 -632 511 12 822 554 -894 -617 -116 -129 30 53 -1000 624 -932 9543 -114 -1000 53 -795 -1827 -1000 -1000 -114 -617 -18075 -1000 -617 -894 -492 -29911 -116 -617 -114 -492 -4119 624 -1000 625 -932 18409 625 -1000 1000 -687 24360 625 -687 929 -504 23492 624 -632 625 -504 18807 -1000 -492 -894 -129 -29667 -1000 -129 -511 123 -23408 -511 -129 -391 123 -13984 -1000 123 -416 971 -21401 -116 -492 87 -447 -903 87 -492 257 -146 5013 -116 -216 87 -146 -615 723 -146 929 -91 25488 511 -146 723 12 19060 -116 -146 511 -129 6001 -391 -129 511 971 2281 511 554 723 971 19890 822 183 929 554 27525 723 554 929 971 26369 929 183 1000 971 30492 -416 833 -391 971 -11591 -1000 971 282 1000 -10143 641 971 683 993 21504 482 971 641 1000 18408 683 971 1000 1000 27088 282 981 482 1000 12833
AREA -1000 -1000 1000 1000 17 899 194 1127 982 322 114 443 428 -794 219 -653 901 464 217 1160 600 120 528 875 1078 167 -927 502 -145 398 -504 977 -333 -907 -53 -846 114 -961 122 -648 704 396 243 763 551 -512 -854 -441 -393 -840 293 -289 813 -336 87 -195 536 -400 -348 -23 -218 301 -762 1071 19 -88 31 -80 263 -738 -610 -473 -124 48 899 -1000 1000 -762 28569 899 19 1000 194 29557 322 -1000 502 -927 11809 502 -1000 899 -762 20850 502 19 899 114 21798 322 19 502 114 12839 167 -1000 322 -927 6632 -1000 -1000 -846 -53 -29139 -1000 -53 -907 114 -29512 -512 -1000 -441 -854 -15683 -846 -1000 -512 -610 -21854 -846 -610 -738 -393 -25053 -441 -1000 167 -348 -4921 -441 -348 -400 -218 -13303 -23 -348 167 -218 1949 -88 -218 167 31 1147 -441 -218 -88 87 -8249 -80 31 167 87 1423 -441 87 -336 122 -11923 -195 87 -88 122 -4266 -80 87 167 122 1469 -846 -393 -738 -124 -24810 -473 -393 -441 -124 -14425 -846 -124 -441 122 -19934 -648 122 -336 219 -15081 -195 122 -88 219 -4200 -80 122 167 219 1535 -961 114 -846 122 -27875 -1000 114 -961 219 -30213 167 -145 301 19 7191 167 19 322 219 7714 -1000 219 -961 704 -29918 -1000 704 -840 813 -27761 -1000 813 -794 1000 -26900 120 219 322 528 7225 -648 219 -336 293 -14996 -195 219 -88 263 -4130 -80 219 120 263 861 -195 263 120 536 -747 -289 536 120 1000 -1836 -648 813 -289 1000 -13601 -653 813 -648 1000 -19243 -794 901 -653 1000 -21462 443 114 899 217 20967 443 217 464 243 14304 322 428 396 528 11607 875 600 899 1000 28297 899 982 1000 1000 30441
AREA -1000 -1000 1000 1000 14 -66 324 76 963 -497 257 -167 655 -244 860 -197 1399 766 -604 769 -24 -988 -888 -524 -484 521 -804 556 -487 389 306 806 1079 -149 -907 -14 -525 -112 -182 461 -169 493 530 579 639 -726 -222 -240 -210 -999 778 -678 860 -823 900 -267 901 83 304 629 360 43 766 -1000 1000 -604 26571 -1000 -1000 -524 -888 -24566 -1000 -888 -988 -484 -31500 521 -1000 556 -804 15807 -149 -1000 -14 -907 -3464 -524 -1000 -149 -525 -11178 -14 -1000 521 -525 7112 -112 -525 521 -182 6002 -524 -525 -112 -222 -10231 -240 -222 -112 -169 -5651 -524 -210 -240 -169 -12031 461 -182 521 -169 15046 -524 -169 521 257 13 556 -1000 766 -487 19748 521 -487 766 257 19849 -726 -484 -524 -222 -19728 -1000 -484 -726 -210 -27100 -1000 -210 -524 257 -23598 769 -604 1000 -24 27121 766 -24 1000 257 27490 -1000 257 -497 324 -22897 389 257 629 304 16060 629 257 806 306 22540 83 257 389 304 7597 -167 257 83 324 -1011 806 257 1000 324 28284 -1000 324 -497 778 -22637 -1000 778 -999 860 -30150 -678 778 -497 900 -17358 -678 901 -497 1000 -17246 -823 860 -678 900 -22370 -1000 860 -823 1000 -27311 -823 901 -678 1000 -22299 -167 324 -66 655 -3106 -244 655 -66 860 -4047 -497 655 -244 900 -10692 -267 900 -244 901 -7004 -497 901 -244 1000 -10519 -197 860 -66 1000 -3131 76 324 83 360 2822 76 360 389 1000 7903 806 324 1000 1000 28655 -66 963 76 1000 1137
AREA -1000 -1000 1000 1000 17 -739 385 15 737 894 992 1322 1451 487 -766 971 -517 -418 -767 -133 -695 985 -454 1239 -438 82 -169 524 151 295 -455 913 111 569 141 1072 615 360 -529 1148 231 -386 2 -347 218 -611 -958 -187 -418 872 688 1130 1253 -17 749 774 1423 -780 55 -267 286 365 -872 895 -194 -348 -663 32 -91 -699 -861 -206 -355 39 487 -1000 1000 -872 22128 895 -872 1000 -766 28569 -418 -1000 -187 -958 -10341 -187 -1000 -133 -767 -5843 -611 -1000 -418 -958 -16913 -699 -1000 -611 -861 -21235 -1000 -1000 -699 -695 -27166 365 -1000 487 -872 12270 -133 -1000 365 -695 2749 360 -695 365 -529 10641 82 -695 360 -455 6276 82 -455 295 -169 5547 -1000 -695 -699 -418 -26875 -187 -695 32 -663 -3066 32 -695 82 -418 1211 -1000 -418 -699 -355 -26705 -1000 -355 -348 2 -21070 32 -418 82 -91 1513 -348 -91 82 2 -4167 -780 2 -386 55 -18044 -1000 2 -780 385 -27396 -780 286 -386 385 -17737 -347 2 -267 55 -9488 -267 2 82 385 -2658 -347 286 -267 385 -9181 -386 286 -347 385 -11010 82 151 360 385 7119 360 231 487 385 13452 971 -766 1000 -529 29919 524 231 569 385 17265 487 231 524 385 15994 -1000 385 -739 737 -26378 894 615 1000 688 30009 15 385 569 749 9619 872 615 894 688 28025 569 615 872 749 23033 774 749 872 1000 26388 -17 737 15 749 712 -1000 737 -17 1000 -14879
AREA -1000 -1000 1000 1000 11 -814 858 -688 1117 882 -105 960 469 -356 50 269 172 -127 647 331 798 -462 13 -381 440 -195 -486 269 -115 -447 752 344 1108 206 789 810 1141 872 -558 890 -299 186 923 863 1464 144 -654 736 -52 32 882 -1000 1000 -558 28392 890 -558 1000 -299 28867 882 -299 1000 -105 28969 -1000 -1000 -381 13 -21883 -1000 13 -462 50 -22629 144 -1000 269 -654 5590 -381 -1000 144 -486 -4401 -381 -486 -195 50 -9146 872 -1000 882 -558 26408 269 -1000 872 -654 16874 736 -654 872 50 24622 269 -52 736 50 15592 872 -299 882 50 27063 -195 -115 144 50 -807 144 -52 269 50 6416 -1000 50 -462 172 -22550 -381 50 -356 172 -11297 269 50 882 172 17967 -127 172 331 647 3572 -1000 172 -462 858 -22146 -381 172 -127 440 -7568 -462 440 -127 752 -8518 -462 752 -447 858 -13269 331 172 882 752 19279 344 752 810 789 18658 810 752 882 858 27031 960 -105 1000 469 30562 882 469 1000 858 29835 -1000 858 -814 1000 -27188 -688 858 -447 1000 -16648 810 858 863 923 26838 863 858 1000 1000 29821
AREA -1000 -1000 1000 1000 0 1 -1000 -1000 1000 1000 0
AREA -1000 -1000 1000 1000 9 -16 -931 205 -554 427 574 964 749 -293 534 64 869 930 -778 1365 -498 -719 -419 -299 -312 822 -289 1381 -247 -496 -890 59 -158 762 913 1236 1567 -428 608 -186 1364 22 -16 -1000 205 -931 1980 -496 -1000 -16 -890 -8881 -1000 -1000 -496 -554 -23965 930 -1000 1000 -778 29026 205 -1000 930 -554 16831 427 -554 930 -498 20523 822 -498 1000 -289 27848 427 -498 822 -247 19003 427 -247 1000 574 22298 -719 -554 -496 -419 -19303 -1000 -554 -719 -312 -27062 59 -554 427 -312 7100 -1000 -312 -496 -158 -23423 59 -312 427 -158 7298 -1000 -158 427 534 -8678 -428 534 -293 608 -10589 -1000 534 -428 1000 -21367 64 534 427 1000 8393 -186 869 64 1000 -956 964 574 1000 749 31104 762 749 1000 913 28142 427 749 762 1000 19320
AREA -1000 -1000 1000 1000 1 -636 -2 -208 737 4 -1000 -1000 -208 -2 -19225 -1000 -2 -636 1000 -24859 -208 -1000 1000 1000 12276 -636 737 -208 1000 -12213
AREA -1000 -1000 1000 1000 13 -439 -120 -144 111 -775 -336 -121 119 -420 119 -47 735 -463 -901 -159 -809 -88 -75 366 550 352 -327 969 -155 263 -932 344 -463 192 -127 789 45 91 675 800 700 -711 -567 -545 138 461 726 1176 1067 -222 -260 174 -160 497 -121 1143 247 37 -463 -1000 -144 -901 -10343 -1000 -1000 -463 -567 -23444 -1000 -567 -711 -336 -26956 -545 -567 -463 -336 -16075 -159 -901 -144 -809 -5536 -463 -809 -144 -336 -9965 -1000 -336 -775 -120 -27725 -1000 -120 -775 111 -27501 -144 -1000 -121 -336 -4760 263 -1000 344 -932 8458 -121 -1000 263 -327 1538 344 -1000 1000 -327 20169 263 -463 344 -327 9029 192 -327 352 -127 8205 -121 -327 192 -260 823 174 -260 192 -160 5463 -121 -160 192 -75 999 969 -327 1000 -155 30294 352 -155 789 -127 17560 789 -155 1000 -121 27607 -121 -75 -88 119 -3202 366 45 497 119 13474 366 119 497 247 13575 366 247 1000 675 21634 800 675 1000 700 28588 461 700 1000 726 23374 366 700 461 1000 13684 91 550 366 675 7712 -47 550 91 700 1307 -47 700 366 1000 5810 -121 735 -47 1000 -1736 -144 735 -121 1000 -3224 -1000 111 -775 119 -27382 -1000 119 -711 138 -26376 -545 119 -420 138 -14813 -1000 138 -420 1000 -21441 -420 735 -144 1000 -7874
AREA -1000 -1000 1000 1000 10 -146 -904 -116 -735 -290 987 453 1607 -302 774 -194 1155 -891 -317 -821 -54 -158 276 61 740 165 639 306 1413 -482 -179 -54 468 509 -427 841 258 -456 917 -183 1321 -486 97 -224 491 28 -146 -1000 -116 -904 -5013 -1000 -1000 -146 -735 -18630 -116 -1000 1000 -735 12835 -1000 -735 -821 -317 -28736 -1000 -317 -891 -54 -29480 -821 -735 -54 -179 -14004 -486 -179 -482 97 -15045 -821 -179 -486 276 -20194 509 -735 1000 -427 22824 -54 -735 509 276 6839 841 -427 1000 276 28476 509 258 841 276 21192 -821 276 -486 774 -19718 -486 491 -482 774 -14371 -224 468 -158 491 -5441 -482 491 -158 774 -9287 61 276 306 639 6162 61 639 165 774 4210 306 276 1000 774 20768 -158 740 61 774 -731 -1000 -54 -821 774 -27850 -456 774 -302 917 -10903 -1000 774 -456 987 -21687 -194 774 -183 917 -4982 -183 774 165 987 602 306 774 1000 987 21124 -1000 987 -456 1000 -21574 453 987 1000 1000 23531
AREA -1000 -1000 1000 1000 6 -199 -532 331 -246 -14 197 710 483 -292 -902 128 -276 858 -203 1096 -170 -768 -814 -709 -505 -768 39 -125 261 18 -199 -1000 128 -902 -2036 128 -1000 331 -532 6364 -292 -1000 -199 -902 -8546 -768 -1000 -709 -814 -23785 -1000 -1000 -768 -505 -28156 -709 -1000 -292 -246 -16123 -1000 -505 -709 -246 -26849 -292 -276 -199 -246 -7856 331 -1000 1000 -246 20023 858 -246 1000 -203 28575 -14 -246 858 197 13058 858 -170 1000 197 28813 -1000 -246 -14 39 -15820 -1000 39 -768 261 -27254 -125 39 -14 261 -1989 -1000 261 -14 1000 -15086 710 197 1000 483 26845 -14 483 1000 1000 16025
AREA -1000 -1000 1000 1000 0 1 -1000 -1000 1000 1000 0
AREA -1000 -1000 1000 1000 17 -625 737 -109 1432 518 597 829 619 -667 860 -568 924 424 550 483 1090 325 999 757 1463 823 40 866 629 -138 -125 380 236 688 242 1463 476 -471 505 -157 1303 175 -5 953 35 309 -901 401 -432 -799 -533 -630 119 244 -964 362 -513 991 -983 1712 -905 65 -425 650 170 138 -735 468 -38 817 843 965 1482 50 991 -1000 1000 -983 29885 823 -1000 991 -905 27165 823 -905 1000 -5 27817 953 -5 1000 40 30305 823 35 953 40 27566 309 -1000 362 -964 9434 362 -1000 401 -901 10892 -1000 -1000 -630 -533 -26031 -1000 -533 -799 -125 -28198 244 -1000 309 -964 7605 65 -1000 244 -735 3938 65 -735 138 -425 2582 -630 -1000 65 -125 -9304 401 -1000 468 -735 12618 468 -1000 823 -425 19314 650 -425 823 -125 22572 -1000 -125 -799 119 -27872 -630 -125 -138 505 -11714 -1000 119 -630 505 -24953 -1000 505 -471 550 -22257 -157 505 -138 550 -4029 650 -125 823 -5 22782 650 35 823 242 22986 380 170 650 242 16171 380 242 688 550 16950 688 476 823 550 23949 -138 236 380 550 4144 866 40 1000 242 29064 866 476 1000 550 29436 -1000 550 -471 597 -22211 -157 550 424 597 4728 483 550 823 597 20817 866 550 1000 597 29497 -1000 597 -471 737 -22118 -157 597 424 737 4821 483 597 518 737 16198 866 597 1000 737 29590 829 629 866 737 26971 518 619 823 737 21479 823 629 829 737 26289 -667 737 -625 860 -19227 -1000 737 -667 1000 -24954 -667 924 -625 1000 -19064 325 737 424 999 12493 -109 737 325 1000 4217 817 737 1000 843 28969 483 737 817 999 21018 965 843 1000 999 31394 757 999 817 1000 25397 965 999 1000 1000 31473
AREA -1000 -1000 1000 1000 2 -315 -627 -242 -233 973 336 1441 598 6 -315 -1000 -242 -627 -9431 -1000 -1000 -315 -233 -20983 -242 -1000 1000 336 11417 -242 336 973 1000 12014 973 598 1000 1000 31396 -1000 -233 -242 1000 -18867
AREA -1000 -1000 1000 1000 11 -413 290 -369 919 -15 -119 719 213 -218 -782 -107 -67 -390 103 358 402 521 432 623 1202 -306 -570 426 -61 154 796 739 1185 -301 -849 -6 -589 -592 809 79 1131 -637 -390 114 290 689 439 1159 636 24 -1000 -1000 -369 -390 -21899 -1000 -390 -637 103 -25501 -1000 103 -637 290 -25161 -1000 290 -413 809 -21336 -1000 809 -592 1000 -23771 -369 -1000 -107 -849 -8302 -369 -849 -301 -782 -11200 -369 -782 -301 -570 -11061 -301 -589 -218 -570 -8608 -369 -570 -306 -390 -10927 -107 -1000 -6 -849 -2660 -6 -1000 426 -570 5725 -107 -589 -6 -570 -2315 426 -1000 1000 -119 21544 719 -119 1000 213 26707 358 213 623 432 15544 358 432 521 796 14254 623 213 1000 439 25498 623 439 689 636 20874 623 636 1000 796 25888 739 796 1000 1000 27868 154 402 358 796 8535 -369 402 154 809 -2711 79 809 154 1000 4532
AREA -1000 -1000 1000 1000 6 16 -428 382 -172 -986 342 -762 346 398 775 496 1113 201 -588 271 -94 -252 569 338 727 -884 -285 -873 333 20 16 -1000 382 -588 5375 16 -588 201 -428 2871 271 -588 382 -428 9629 -1000 -1000 -873 -285 -29658 -1000 -285 -884 -172 -29430 -873 -1000 16 -172 -13854 382 -1000 1000 -172 20835 -1000 -172 -884 342 -29117 -873 -172 -762 342 -25242 -884 333 -873 342 -26880 -1000 342 -986 346 -30439 398 -172 1000 775 21971 -762 -172 201 -94 -8813 271 -172 398 -94 10252 -762 -94 398 569 -5404 -762 569 -252 1000 -14932 338 569 398 727 12056 -252 727 398 1000 3127 496 775 1000 1000 24076 -1000 346 -762 1000 -26638
AREA -1000 -1000 1000 1000 10 -995 -157 -215 -154 -77 400 295 1053 -853 464 -282 557 256 -478 738 -122 -244 -34 531 550 -28 725 550 849 -654 236 -460 535 11 784 618 1406 -573 -864 -481 -483 -931 -417 -904 -95 27 -573 -1000 -481 -864 -17269 -1000 -1000 -573 -417 -25074 -1000 -417 -931 -157 -30202 -904 -417 -573 -157 -23165 -481 -1000 -215 -483 -11529 -573 -483 -215 -157 -12534 -1000 -157 -995 -154 -31062 -215 -1000 1000 -478 11444 -215 -478 256 -122 351 738 -478 1000 -122 26639 -215 -122 531 -34 4820 531 -122 1000 400 23885 -215 550 -77 1000 -3751 531 400 550 725 17334 550 400 1000 784 24617 618 784 1000 1000 25971 295 550 531 725 13441 -244 -154 -215 -34 -7193 -1000 -154 -931 -95 -30039 -904 -154 -244 236 -17753 -1000 -95 -904 236 -29441 -1000 236 -654 464 -25287 -460 236 -244 464 -10562 -1000 464 -853 557 -28195 -282 464 -244 557 -7642 -244 550 -215 557 -6545 -1000 557 -215 1000 -18038
AREA -1000 -1000 1000 1000 7 -304 329 473 1058 -224 15 -12 34 -639 -523 -149 23 -592 380 -161 723 304 709 703 935 -388 502 -208 623 848 -409 1544 -23 15 -1000 -1000 -149 -523 -18555 -1000 -523 -639 15 -25643 848 -1000 1000 -409 27940 -149 -1000 848 15 10358 848 -23 1000 15 28640 -1000 15 -639 329 -25217 -639 23 -224 329 -13185 -12 15 1000 329 15486 -224 34 -12 329 -3476 -592 329 -304 380 -13533 -1000 329 -592 1000 -24011 -592 723 -304 1000 -13026 473 329 1000 709 23366 703 709 1000 1000 27267 473 935 703 1000 19196
AREA -1000 -1000 1000 1000 4 613 584 1315 1332 64 75 113 462 -511 468 -109 1168 -24 156 435 258 11 613 -1000 1000 584 24809 -1000 -1000 613 75 -6445 -24 75 64 156 736 -511 75 -24 468 -8005 -24 258 64 468 983 -1000 75 -511 1000 -22867 -109 468 64 1000 52 113 75 435 156 8610 435 75 613 258 16411 113 258 613 462 11613 64 462 613 1000 11240
AREA -1000 -1000 1000 1000 15 -266 -794 -95 -111 957 -402 1495 325 -168 4 -105 400 -384 -919 -178 -194 226 -928 961 -675 87 -805 427 -66 -468 756 -94 1447 -109 272 559 758 -783 244 -450 940 729 -133 982 445 -163 205 433 865 807 -45 1555 452 1 662 570 1244 -818 -924 -431 -628 -946 -290 -164 455 37 -266 -1000 -178 -919 -7841 -178 -1000 -95 -794 -5113 -384 -1000 -266 -919 -11034 -818 -1000 -384 -924 -19593 -1000 -1000 -818 -628 -28993 -431 -924 -384 -628 -13393 -1000 -628 -384 -290 -21911 -1000 -290 -946 -111 -30363 957 -1000 1000 -928 29385 961 -928 1000 -675 29610 957 -675 1000 -402 29811 226 -1000 957 -928 17388 -95 -1000 226 -805 1144 -95 -805 87 -675 -864 -95 -675 87 -111 -517 427 -675 957 -133 21048 427 -133 729 -111 17796 -164 -111 -105 4 -4207 -1000 -111 -946 244 -30096 -1000 244 -946 455 -29813 -1000 455 -783 756 -27015 -450 455 -168 756 -8973 -1000 756 -783 1000 -26743 -783 940 -468 1000 -18405 -105 -111 87 -66 -367 427 -111 729 -66 17830 -105 -66 -94 205 -2999 -94 -66 559 205 7293 433 205 559 272 15615 559 -66 729 445 20154 559 445 807 452 21622 559 452 570 662 18072 570 452 957 1000 24410 -94 865 1 1000 -493 -164 400 -163 455 -4625 -168 455 -163 756 -4509 957 452 1000 1000 31075
AREA -1000 -1000 1000 1000 15 556 -23 963 378 339 -429 1124 146 -540 122 -373 528 -314 -550 -77 75 460 -347 679 387 725 -231 793 -218 40 517 473 650 -100 36 118 180 282 -311 282 96 883 -962 1469 -378 822 381 1040 496 -60 903 686 1083 -220 -462 301 157 637 -261 809 -61 -99 -661 464 -308 30 883 -1000 1000 -962 28221 556 -1000 883 -429 21606 339 -1000 556 -661 13058 464 -661 556 -429 15265 -314 -1000 339 -661 -427 -314 -661 -99 -550 -6991 -1000 -1000 -314 122 -20806 301 -308 339 36 9784 301 36 339 122 9999 -314 75 -220 122 -8178 -1000 122 -540 528 -23545 301 122 339 180 10071 118 157 301 180 6679 40 180 339 517 6239 -373 122 -220 180 -9025 -220 157 -100 180 -4791 -373 180 40 903 -4604 -373 903 -60 1000 -5744 40 650 339 903 6667 -1000 528 -373 1000 -20502 339 146 460 387 12667 339 387 556 517 14340 473 517 556 650 16549 339 650 556 903 14665 963 146 1000 378 30704 822 378 1000 381 28621 679 378 822 387 23664 556 387 822 496 21801 556 496 1000 903 24818 686 903 1000 1000 27085
AREA -1000 -1000 1000 1000 7 -292 -355 162 -171 796 -635 967 -85 79 672 627 676 -329 165 199 765 65 -64 269 523 -884 278 -747 740 515 42 922 144 25 -292 -1000 162 -355 -2692 -1000 -1000 -292 -171 -20611 796 -1000 1000 -635 27021 162 -1000 796 -171 14264 967 -635 1000 -171 30101 79 -171 199 -64 4192 199 -171 269 -64 7137 515 -171 796 42 20272 269 -171 515 144 12139 269 144 796 672 16931 199 523 269 672 7852 65 -171 79 -64 2115 -329 -171 65 165 -4095 -1000 -171 -329 278 -20530 -1000 278 -884 740 -28693 -747 278 -329 1000 -16039 -1000 740 -747 1000 -26193 -329 765 79 1000 -2992 627 672 796 676 22746 199 676 796 1000 16276 79 765 199 1000 5192 967 -171 1000 -85 30376 796 -85 1000 42 27817 922 42 1000 144 29884 796 144 1000 1000 28410
AREA -1000 -1000 1000 1000 1 -575 -199 -388 499 4 -1000 -1000 -388 -199 -22113 -1000 -199 -575 499 -24247 -388 -1000 1000 1000 9486 -1000 499 -388 1000 -20764
AREA -1000 -1000 1000 1000 7 731 -82 998 316 -12 250 737 291 161 558 505 1095 349 790 789 1016 429 -468 665 -88 248 -954 354 -946 698 -331 731 -254 17 731 -1000 1000 -82 26305 429 -1000 731 -468 17246 248 -1000 354 -954 8354 -1000 -1000 248 250 -12031 354 -1000 429 -946 11179 248 -946 429 250 10161 665 -468 731 -331 21239 665 -331 698 -254 20850 665 -254 731 -88 21467 429 -88 731 250 18061 -1000 250 -12 1000 -15061 -12 291 731 558 11585 -12 558 161 1000 3104 505 558 731 790 19832 998 -82 1000 316 31086 731 316 1000 790 27399 789 790 1000 1000 28640
AREA -1000 -1000 1000 1000 16 -843 388 -377 1179 47 -460 841 -91 962 537 986 608 -902 518 -665 1280 -158 -246 391 -173 657 762 1179 1088 -700 405 -569 1147 -315 881 -109 1603 -559 936 -154 1283 229 -328 564 -318 -267 993 267 1398 -268 -422 212 -408 -586 -808 -430 -50 65 -882 556 -740 350 -830 535 -464 -988 530 -230 1120 29 47 -1000 556 -882 8421 47 -882 65 -740 925 556 -1000 1000 -460 23388 47 -740 350 -460 5569 535 -740 556 -460 16326 350 -464 535 -460 13271 -158 -1000 47 -422 -2416 -158 -408 47 -246 -2032 -268 -1000 -158 -422 -7314 -586 -1000 -268 -808 -14141 -1000 -1000 -586 -408 -25287 -430 -808 -268 -408 -11427 -1000 -408 -586 -50 -24812 -430 -408 -158 -50 -9343 -1000 -50 -158 388 -17780 -158 -173 47 388 -1597 841 -460 1000 -91 28276 47 -91 1000 388 16393 -1000 388 -843 518 -28098 -1000 518 -902 530 -28957 -1000 530 -988 1000 -30049 962 388 1000 537 30874 657 388 962 762 25685 -377 388 -109 530 -7074 -230 530 -109 881 -4533 -109 388 657 993 9185 267 993 657 1000 15319 986 537 1000 608 31356 962 608 1000 762 31096
AREA -1000 -1000 1000 1000 4 -22 222 267 493 -666 478 -632 1263 336 -495 535 -33 -809 190 -151 927 12 336 -1000 1000 -495 19961 -1000 -1000 336 190 -10697 -1000 190 -809 222 -27818 -151 190 336 222 3089 535 -495 1000 222 23672 336 -33 535 222 13611 -1000 222 -809 1000 -27413 -809 927 -666 1000 -21883 -151 222 -22 1000 -2055 -632 927 -151 1000 -11157 267 222 1000 1000 20265 -22 493 267 1000 4560
AREA -1000 -1000 1000 1000 8 480 430 901 728 851 -550 1236 -3 528 324 830 439 538 -589 1184 -415 418 624 1036 770 89 810 360 951 76 -486 83 -363 -610 129 -314 429 21 480 -1000 1000 -589 22146 480 -589 538 -550 15210 480 -550 538 -415 15297 480 -415 851 -3 20437 480 -3 1000 324 23101 480 324 528 430 16001 830 324 1000 430 28742 76 -1000 480 -486 7875 -1000 -1000 76 129 -14757 -1000 129 -610 624 -24578 -314 129 76 624 -3312 -610 429 -314 624 -13795 83 -486 480 -363 8318 76 -363 480 624 8749 89 624 418 810 8591 -1000 624 89 1000 -13293 360 810 418 1000 12964 89 951 360 1000 7951 418 770 480 1000 14804 901 430 1000 624 30008 480 770 1000 1000 23825
AREA -1000 -1000 1000 1000 5 -215 972 429 1538 -34 -91 507 356 180 656 187 960 564 -875 1059 -713 -263 855 214 1634 12 564 -1000 1000 -875 23305 -34 -1000 564 -713 7359 -34 -713 1000 -91 14571 -1000 -1000 -34 855 -16099 -1000 855 -263 972 -18647 507 -91 1000 356 23507 -34 356 187 656 2893 -34 656 180 855 3019 187 356 214 855 6837 214 356 1000 972 19481 -1000 972 -263 1000 -18575 429 972 1000 1000 23151
AREA -1000 -1000 1000 1000 17 854 -961 1194 -445 -301 240 -283 490 587 -996 1039 -543 -532 618 -493 1061 -295 648 338 1403 830 -687 1350 -179 819 819 1385 1373 429 -705 921 -502 -971 -774 -915 -15 224 357 516 619 -954 -463 -934 140 839 913 1411 943 -179 73 329 81 758 -724 911 -509 -657 23 -121 409 -36 -939 342 -517 -404 289 -165 575 37 854 -1000 1000 -996 27739 587 -1000 854 -996 21353 429 -1000 587 -705 14896 -1000 -1000 -915 -774 -30554 -1000 -774 -971 -15 -30929 -36 -1000 342 -939 3774 -915 -1000 -36 23 -15213 342 -1000 429 -517 11208 -36 -517 429 23 5860 -915 23 -657 73 -24318 -121 23 429 73 4822 -915 73 -657 240 -24209 329 73 429 81 11826 -121 81 429 240 4935 -1000 -15 -954 140 -30224 -934 -15 -915 140 -28581 -1000 140 -915 240 -29477 429 -502 587 240 15617 587 -502 830 -179 21639 587 -179 854 240 22382 -532 409 -404 618 -13994 -404 575 -301 618 -10315 -1000 240 -657 409 -25343 -1000 409 -532 1000 -23041 -493 618 -301 1000 -11498 224 240 338 357 9010 -121 240 224 648 2056 -165 409 -121 575 -3941 -283 575 -121 648 -5650 224 619 338 648 9345 338 240 516 357 13536 516 240 854 819 21765 338 619 516 819 13956 338 819 819 1000 18859 -301 575 -283 648 -8440 -301 648 -295 1000 -8414 854 -179 1000 819 29057
AREA -1000 -1000 1000 1000 0 1 -1000 -1000 1000 1000 0
AREA -1000 -1000 1000 1000 7 77 690 857 1115 -923 -552 -337 53 -91 -102 203 400 639 503 1359 663 -400 -59 387 664 -751 -982 -617 -388 -600 -325 121 296 17 -751 -1000 -617 -982 -22195 -1000 -1000 -751 -552 -27901 -617 -1000 -337 -552 -15563 -1000 -552 -923 53 -30040 -337 -1000 121 -325 -4010 121 -1000 1000 -102 16840 203 -102 387 -59 9065 387 -102 1000 503 21715 387 503 639 690 16500 203 664 387 690 9822 639 663 1000 690 26097 -337 664 203 690 -1400 -1000 53 -600 690 -24428 -600 296 -400 690 -15007 -400 664 -337 690 -10731 -1000 690 77 1000 -13446 857 690 1000 1000 29644
AREA -1000 -1000 1000 1000 5 640 883 935 1365 709 551 1207 730 -379 791 -70 885 861 462 1100 476 -175 -926 -121 -173 14 709 -1000 1000 462 26236 709 462 861 551 24842 861 476 1000 551 29375 -175 -1000 -121 -926 -5551 -1000 -1000 -175 -173 -18783 -121 -1000 709 -173 8528 -1000 -173 709 791 -4186 -1000 791 -379 883 -20522 -70 791 709 883 10757 709 730 1000 883 27312 -1000 883 -379 1000 -20417 -70 883 640 1000 9777 -379 885 -70 1000 -6001 935 883 1000 1000 30950
AREA -1000 -1000 1000 1000 13 142 -89 806 190 384 892 748 1108 750 -565 1397 -32 889 973 943 1092 -983 688 -462 1270 -11 32 168 540 -655 829 -74 882 806 385 904 484 -441 231 261 261 -337 958 391 1302 -931 207 -786 349 -139 873 572 1507 155 84 942 729 28 750 -1000 1000 -565 26343 142 -1000 750 -89 13282 -1000 -1000 142 32 -13783 -441 32 -11 231 -6874 -1000 32 -786 207 -27563 -1000 207 -931 349 -29637 -786 32 -441 688 -18643 -1000 349 -786 688 -27164 -441 261 -11 688 -6531 -11 540 142 688 2660 -1000 688 -983 1000 -29877 -462 688 -74 829 -7549 -74 688 142 873 1835 -337 882 -139 958 -6458 -462 882 -337 1000 -11428 806 -32 1000 84 28019 942 84 1000 190 30238 942 190 1000 385 30389 168 729 806 873 15898 572 873 806 892 22242 942 385 1000 484 30536 942 484 1000 729 30708 806 729 1000 892 28804 142 540 155 729 5254 142 729 168 873 5606 889 892 1000 973 30228 748 892 889 1000 26335 943 973 1000 1000 31119
AREA -1000 -1000 1000 1000 2 -290 311 -7 724 -581 369 -78 955 7 -1000 -1000 1000 311 -344 -581 311 -290 369 -13145 -1000 311 -581 1000 -23834 -581 955 -290 1000 -12507 -7 311 1000 1000 16063 -78 724 -7 1000 -440 -290 955 -78 1000 -4726
AREA -1000 -1000 1000 1000 6 -839 478 -807 1277 -669 664 63 787 933 648 1283 1172 -59 -503 407 -168 19 -485 781 -451 -197 925 -172 1509 14 -1000 -1000 -807 478 -28254 -1000 478 -839 1000 -27750 933 -1000 1000 648 29801 -59 -1000 407 -503 4643 -807 -1000 -59 -168 -14007 407 -1000 933 -485 20028 781 -485 933 -451 26099 407 -451 933 -168 20461 -807 -168 933 664 2201 -807 664 -669 787 -22152 63 664 933 1000 16270 -197 787 -172 925 -4848 -807 787 -197 1000 -14668 -172 787 63 1000 -780
AREA -1000 -1000 1000 1000 3 -790 -946 -333 -511 -205 -38 40 520 1 15 426 743 10 -790 -1000 -333 -946 -18364 -1000 -1000 -790 -511 -28500 -333 -1000 1000 -511 9599 -205 -511 40 -38 -2816 -1000 -511 -205 1000 -18417 40 -511 426 15 6975 426 -511 1000 1000 22348 40 743 426 1000 8095 -205 520 1 743 -2530 -205 743 40 1000 -1670
AREA -1000 -1000 1000 1000 13 -800 612 -357 987 -691 323 -530 368 -659 -612 129 -273 813 684 1218 1440 737 -215 790 -25 633 971 1291 1305 509 89 910 515 -872 -917 -531 -583 504 839 722 901 726 126 775 185 -959 191 -423 432 -885 -446 -673 -434 -588 866 2 1388 35 -872 -1000 -530 -917 -22689 -1000 -1000 -872 -612 -29822 -531 -917 -530 -612 -17194 -1000 -612 -872 -583 -29613 -1000 -583 -659 -446 -26213 -1000 -446 -885 -434 -29642 -673 -446 -659 -434 -21086 -1000 -434 -659 -273 -26052 -1000 -273 -530 191 -23756 -1000 191 -959 323 -30092 -1000 323 -959 432 -29971 -1000 432 -691 612 -25673 -530 -1000 129 -612 -7006 129 -1000 1000 -273 16879 737 -273 790 -215 23440 509 -273 737 89 19221 -530 -273 -423 191 -14797 -423 -273 509 612 1503 -530 432 -423 612 -14234 509 515 737 612 19877 790 -273 1000 -25 27596 737 -25 1000 89 26971 910 89 1000 515 29907 737 515 1000 612 27503 -691 432 -530 612 -18388 -1000 612 -800 1000 -27094 813 612 1000 684 28765 633 612 813 839 23139 722 839 813 971 24713 633 901 722 971 21954 504 612 633 839 18365 -357 612 2 866 -4748 2 612 504 1000 8649 504 901 633 1000 18590 -800 987 -588 1000 -20520
AREA -1000 -1000 1000 1000 0 1 -1000 -1000 1000 1000 0
AREA -1000 -1000 1000 1000 4 833 871 1361 1582 910 906 1454 1608 87 219 587 958 -575 -463 -284 176 9 -1000 -1000 -284 -463 -20633 -1000 -463 -575 219 -24519 -284 -1000 1000 219 10708 -575 176 -284 219 -13101 -1000 219 87 871 -13591 587 219 1000 871 25159 -1000 871 87 1000 -13200 587 871 833 1000 22946 87 958 587 1000 11426
AREA -1000 -1000 1000 1000 2 -614 -337 -510 -168 -333 386 -165 1082 6 -1000 -1000 -510 -337 -24073 -1000 -337 -614 -168 -25269 -510 -1000 1000 386 7288 -510 386 -333 1000 -12358 -165 386 1000 1000 13651 -1000 -168 -510 1000 -22989
AREA -1000 -1000 1000 1000 12 -833 884 -568 1336 380 -309 481 -27 -744 -169 49 150 -616 -792 -246 -713 -315 -188 28 54 -789 -36 -659 6 626 -411 718 -151 -708 360 -592 888 -806 -994 -522 -660 941 -738 1294 -612 479 -339 516 327 -267 545 -241 1217 35 941 -1000 1000 -738 29232 380 -1000 941 -411 19786 941 -612 1000 -411 29590 479 -411 516 -339 15063 380 -411 479 -309 12970 516 -411 626 -309 17341 718 -411 1000 -309 26269 -616 -1000 -522 -994 -18636 -522 -1000 -246 -792 -12800 -806 -1000 -616 -994 -23038 -1000 -1000 -806 -713 -28849 -246 -1000 380 -188 1483 28 -188 380 -169 6146 -315 -713 -246 -188 -9130 -1000 -713 -806 -660 -28679 -522 -713 -315 -660 -13644 -1000 -660 -315 -169 -20781 -789 -169 -744 -36 -23848 -1000 -169 -789 150 -27723 -789 6 -744 150 -23668 49 -169 380 150 6656 -708 150 -592 360 -19895 -1000 150 -708 884 -25957 -592 150 -241 545 -12548 -592 545 -267 884 -12584 -241 150 380 884 2687 516 -309 626 -27 17533 718 -309 1000 -27 26461 626 -151 718 -27 20743 380 -27 479 327 13480 516 -27 1000 327 23648 380 327 1000 884 21996 -1000 884 -833 1000 -27454 -568 884 -267 1000 -11985 -241 884 1000 1000 12722
AREA -1000 -1000 1000 1000 6 -353 -171 -187 482 -170 -933 392 -693 543 841 993 1123 634 -956 1279 -364 -346 -969 371 -664 601 405 1205 1173 14 -346 -1000 -187 -969 -9230 -1000 -1000 -346 -171 -21448 -346 -664 -187 -171 -8663 -1000 -171 -353 1000 -20541 -187 -1000 392 -969 2209 371 -969 392 -933 10891 634 -1000 1000 -956 24349 392 -1000 634 -693 15057 371 -693 634 -664 14915 -187 -664 634 -364 6430 601 -364 1000 405 24852 -187 -364 601 841 6656 -187 841 543 1000 6439 -353 482 -187 1000 -7629
AREA -1000 -1000 1000 1000 17 412 869 1003 1057 -171 418 447 538 -960 -574 -164 -171 -269 -831 373 -321 -528 -662 -357 -263 -408 182 80 436 -605 -100 -487 230 -327 -380 -67 -355 549 90 904 790 759 -738 897 -498 -271 717 -204 1166 844 -536 898 17 891 810 1034 1473 -900 -564 -374 -266 409 346 805 758 -770 564 -221 848 154 -182 160 317 42 -269 -1000 -164 -831 -7611 -528 -1000 -269 -662 -13169 -1000 -1000 -528 -574 -24471 -357 -662 -269 -574 -10321 -1000 -574 -960 -171 -30752 -164 -1000 373 -831 2340 759 -1000 1000 -738 26411 373 -1000 759 -321 16886 897 -738 1000 -536 28782 898 -536 1000 -498 28902 759 -498 844 -321 24453 898 -498 1000 -321 29010 -164 -321 80 182 -1371 549 -321 844 90 21492 898 -321 1000 90 29304 844 17 898 90 27055 80 -321 160 -182 3469 80 -182 154 346 3709 160 -321 549 346 11018 154 317 160 346 5199 80 346 409 418 7977 904 90 1000 418 29766 -408 -171 -164 182 -8860 -605 -171 -487 -100 -17061 -1000 -171 -605 418 -24738 -487 -171 -408 230 -13827 -605 230 -408 418 -15362 -770 418 -408 564 -17768 -1000 418 -770 869 -26791 -770 848 -408 869 -17400 -408 436 -171 564 -8459 -221 564 -171 717 -5435 -408 848 -271 869 -9650 -204 717 -171 869 -5004 447 758 549 869 16252 904 418 1000 810 30126 891 790 904 810 28638 549 790 891 869 23150 -171 538 409 869 4393 409 758 447 869 14082 -1000 869 -271 1000 -18750 -204 869 412 1000 4159
AREA -1000 -1000 1000 1000 12 -846 -882 -390 -823 631 54 791 467 -476 195 -383 847 558 -24 1237 178 576 371 808 815 -509 758 -205 923 -52 671 485 1017 692 177 1177 371 -846 416 -650 1100 -665 -828 -263 -303 516 -979 833 -735 -135 311 541 355 34 -846 -1000 -390 -882 -20099 -1000 -1000 -846 -823 -29524 -390 -1000 -263 -828 -11020 516 -1000 833 -979 19936 -263 -1000 516 -823 3026 833 -1000 1000 -823 27516 833 -823 1000 -735 27648 631 -735 1000 -24 24917 558 -735 631 -24 18066 -1000 -823 -665 -303 -26355 -263 -823 516 -735 3158 -263 -735 558 195 4318 -1000 -303 -263 195 -19615 558 178 631 195 18632 -1000 195 -476 416 -22572 -1000 416 -846 758 -28026 -650 416 -476 758 -16866 -1000 758 -846 1000 -27734 -650 758 -509 1000 -17070 -509 923 -476 1000 -14290 576 195 631 371 19007 -383 195 -205 758 -8637 -205 195 576 311 6019 -205 311 -135 355 -4937 541 311 576 355 17662 -205 355 576 671 6279 -205 671 -52 1000 -3132 485 671 576 1000 17297 -383 923 -205 1000 -8152 576 815 631 1000 19632 -476 923 -383 1000 -12337 808 371 1000 467 28443 808 467 1000 1000 28758 631 815 808 1000 23228
AREA -1000 -1000 1000 1000 15 230 -633 372 -209 668 786 763 1424 -618 -286 -541 -182 -249 -443 -119 271 224 25 963 73 -831 539 -727 639 -104 -320 -49 441 -827 380 -284 577 960 853 1070 1024 599 -512 870 -138 784 608 1492 962 332 856 968 1003 223 230 753 943 -104 773 122 1457 -753 419 -234 996 40 230 -1000 372 -633 8515 -1000 -1000 -541 -286 -24513 -1000 -286 -618 -182 -25313 -541 -1000 230 -443 -5526 -541 -443 -249 -182 -12557 -119 -443 -49 -320 -2985 -119 -320 -104 -182 -3692 -49 -443 230 -182 2509 -1000 -182 -249 380 -19245 -1000 380 -827 539 -27843 -284 380 -249 419 -7846 -1000 539 -831 639 -27776 -727 996 -249 1000 -14130 -1000 639 -753 1000 -26336 -753 996 -727 1000 -21942 224 -182 230 25 6959 -119 -182 -104 271 -3396 -49 -182 224 230 2752 -49 230 223 271 2948 224 73 230 230 7189 -249 271 -104 419 -5111 -234 419 -104 441 -4809 -49 271 223 441 3053 -234 441 223 773 452 -234 773 -104 1000 -4352 -249 996 -234 1000 -6473 122 773 223 1000 6250 223 943 230 1000 8009 372 -1000 1000 -512 20510 372 -512 599 -209 14706 870 -512 1000 -209 28625 230 -209 599 25 12773 870 -209 1000 -138 28812 599 -138 1000 25 24744 963 25 1000 73 30491 784 73 1000 608 27993 230 73 784 230 15869 753 230 784 786 24347 230 943 332 1000 9683 763 786 784 856 24815
AREA -1000 -1000 1000 1000 12 151 -136 534 291 640 960 1147 1087 -528 452 -113 750 209 -963 234 -183 86 -822 197 -279 -470 252 -453 441 367 1000 790 1238 444 -506 805 -297 576 31 750 709 -472 897 291 983 -69 797 56 1309 -679 -846 -501 -141 36 209 -1000 234 -963 5901 151 -1000 209 -822 4669 197 -822 209 -279 5743 151 -279 209 -136 5373 234 -1000 1000 -506 18374 234 -506 444 -136 10188 805 -506 1000 -136 27672 444 -297 805 -136 19159 209 -183 234 -136 6723 86 -1000 151 -822 2778 -679 -1000 -501 -846 -19213 -1000 -1000 -679 -141 -26579 -501 -1000 86 252 -6791 -1000 -141 -501 252 -23194 -1000 252 -470 452 -22433 -453 252 86 452 -5321 -470 441 -453 452 -13844 86 -279 151 452 3776 -1000 452 -528 1000 -22958 -113 452 151 797 1214 -113 797 -69 897 -1974 56 797 151 897 4071 -113 983 -69 1000 -1829 56 983 151 1000 4216 -528 750 -113 897 -9096 -528 897 -472 1000 -14551 -472 983 -113 1000 -8060 534 -136 750 31 19850 534 31 576 291 17366 750 -136 1000 291 27203 151 291 576 897 11878 291 897 576 960 14383 750 291 1000 709 27625 576 709 1000 960 25263 291 960 640 1000 15426 151 983 291 1000 7843
AREA -1000 -1000 1000 1000 4 929 -204 1024 346 -553 -30 137 727 -752 -991 -256 -756 972 915 1535 1182 10 929 -1000 1000 -204 29313 -752 -1000 -256 -991 -16619 -1000 -1000 -752 -756 -28034 -256 -1000 929 -30 9932 -1000 -756 -256 -30 -19861 -1000 -30 -553 1000 -23571 137 -30 929 1000 17008 -553 727 137 1000 -5584 929 346 1000 915 30546 929 915 972 1000 30439
AREA -1000 -1000 1000 1000 3 942 -979 1467 -355 709 0 932 456 -530 -986 -428 -497 9 942 -1000 1000 -979 29112 709 -1000 942 0 25106 -530 -1000 -428 -986 -15842 -1000 -1000 -530 -497 -24463 -428 -1000 709 -497 3623 -1000 -497 709 1000 -4243 932 0 942 456 29275 709 456 942 1000 26334 942 -355 1000 1000 30424
AREA -1000 -1000 1000 1000 15 -787 194 -513 752 845 -432 906 268 -877 -25 -600 686 100 858 856 1602 -117 760 169 1072 -450 -53 242 -22 443 -319 880 235 -652 711 -565 1313 13 -525 267 -20 -26 -696 573 16 -873 -646 -597 -402 -910 57 -361 64 474 -289 1192 186 -367 -777 -101 0 197 838 929 1446 40 -1000 -1000 -513 -646 -24259 -1000 -646 -873 -402 -29540 -597 -646 -513 -402 -17729 -1000 -402 -513 -25 -23649 -910 -25 -877 57 -27667 -1000 -25 -910 64 -29585 -1000 64 -877 194 -28949 -600 -25 -513 57 -17220 -600 64 -513 194 -17107 -1000 194 -877 752 -28605 -877 686 -787 752 -25073 845 -1000 1000 -432 27897 443 -1000 845 -696 19116 573 -696 845 -319 21472 13 -1000 443 -696 6220 -26 -1000 13 -696 -1034 -513 -1000 -26 -777 -9227 -513 -777 -367 -53 -14055 -101 -777 -26 -53 -2368 -513 -53 -450 -22 -14948 -513 -22 -367 -20 -13661 -101 -22 -26 -20 -1974 -513 -20 -367 16 -13642 -101 -20 -26 16 -1955 -367 0 -101 16 -7246 -513 16 -361 57 -13510 -361 16 443 760 1659 -513 64 -361 760 -13135 443 235 845 760 20462 -513 760 -117 858 -8956 169 760 845 838 16516 169 838 197 858 6521 -513 858 -117 1000 -8836 906 -432 1000 -289 29183 906 186 1000 268 29770 845 268 1000 838 29166 929 838 1000 858 30763 929 858 1000 1000 30844 -1000 752 -652 1000 -24730 -565 752 -513 1000 -15833
AREA -1000 -1000 1000 1000 0 1 -1000 -1000 1000 1000 0
AREA -1000 -1000 1000 1000 1 604 -359 1170 195 3 604 -1000 1000 -359 24183 -1000 -1000 604 1000 -6138 604 195 1000 1000 25460
AREA -1000 -1000 1000 1000 7 -392 763 -272 1258 -29 -933 248 -781 -549 221 -88 516 -1 306 556 346 824 -943 1313 -487 -128 727 -102 1512 957 -375 1532 -278 19 -29 -1000 248 -933 2444 -1000 -1000 -29 -781 -16824 824 -1000 1000 -943 27301 248 -1000 824 -781 15726 -1000 -781 -88 221 -17144 -1000 221 -549 763 -23502 -88 -781 824 306 11171 957 -487 1000 -375 29918 824 -487 957 -278 27239 824 -278 1000 306 28286 -88 306 -1 346 -1038 556 306 1000 763 24653 -88 346 556 763 7809 -128 516 -88 727 -2726 -549 516 -128 763 -9838 -102 727 -88 763 -2200 -1000 763 -392 1000 -20694 -272 763 -128 1000 -5318 -102 763 1000 1000 14801
AREA -1000 -1000 1000 1000 1 -999 -418 -577 -104 4 -1000 -1000 -577 -418 -25137 -1000 -418 -999 -104 -31230 -577 -1000 1000 1000 6572 -1000 -104 -577 1000 -23980
AREA -1000 -1000 1000 1000 6 -442 -972 -154 -667 82 -824 430 -433 453 648 542 779 -484 880 -49 1524 511 539 1124 1281 -927 -630 -735 50 17 -442 -1000 -154 -972 -10224 -1000 -1000 -442 -667 -23184 82 -1000 430 -824 7024 -154 -1000 82 -667 -1949 430 -1000 1000 -667 21332 -927 -667 -735 -630 -26409 -1000 -667 -927 -433 -30403 -735 -667 82 -433 -10656 430 -667 1000 -433 21615 453 -433 1000 539 22590 453 539 511 648 15536 -1000 -433 -927 50 -30044 -735 -433 453 880 -4147 -1000 50 -735 880 -26412 -1000 880 -484 1000 -22062 -49 880 453 1000 7202 453 779 511 1000 15832
AREA -1000 -1000 1000 1000 15 -160 -532 407 -182 42 51 422 450 43 -675 457 -240 -300 516 170 746 -368 613 -98 686 58 33 782 514 535 134 856 510 -645 -34 -133 576 -128 517 157 991 396 -786 504 -264 -205 533 -122 767 -202 -20 363 491 -572 -187 -32 -86 -820 -57 -50 590 550 745 802 948 41 396 -1000 407 -786 11569 -160 -1000 396 -675 2821 -160 -675 43 -532 -2401 -1000 -1000 -160 -187 -18573 -1000 -187 -572 -182 -24550 407 -1000 457 -786 12499 457 -1000 504 -786 14018 504 -1000 1000 -182 22721 457 -264 504 -182 14688 407 -240 457 -182 13181 42 -182 422 -20 7091 363 -20 422 33 12190 -300 -86 -133 -57 -6767 -32 -182 42 -20 54 -133 -86 -32 -57 -2613 -50 -57 -32 -20 -1309 -50 491 42 516 380 -645 -182 -572 -57 -18967 -572 -86 -300 -57 -13587 -820 -182 -645 -57 -22811 -1000 -182 -820 613 -27994 -820 590 -645 613 -22090 -645 590 -300 613 -14030 -1000 613 -368 1000 -20397 -368 686 -300 1000 -9511 -300 746 -205 767 -7055 -300 767 -128 1000 -5750 -128 991 42 1000 -337 422 -182 782 33 18588 782 -182 1000 134 27597 856 134 1000 514 29092 782 510 856 514 25901 422 514 1000 745 22671 422 745 550 1000 15939 802 745 1000 1000 28804 550 948 802 1000 21930 42 491 58 516 2054 58 514 170 516 4049 170 514 422 746 9806 157 746 422 1000 9863 42 991 157 1000 4096
AREA -1000 -1000 1000 1000 8 472 664 995 1119 -626 -338 -244 289 -49 815 516 1070 46 -517 750 49 363 -619 380 -281 -718 12 -533 92 961 -266 1200 -86 235 162 666 954 18 -1000 -1000 -244 -338 -19951 -1000 -338 -626 12 -25366 -1000 12 -718 289 -26478 -718 92 -626 289 -20641 363 -1000 380 -619 10723 -244 -1000 363 -517 1102 380 -1000 1000 -517 20632 -244 -517 46 49 -3303 750 -517 1000 -266 26734 750 -266 961 49 26428 961 -86 1000 49 30393 235 49 666 162 14087 -244 49 235 664 233 666 49 1000 664 26180 -1000 289 -244 664 -18805 -49 664 235 815 3623 -1000 664 -49 1000 -15412 995 664 1000 1000 31770
AREA -1000 -1000 1000 1000 14 -500 367 -66 1067 -294 801 379 1047 357 742 696 1192 -578 435 -299 1062 -256 -953 -71 -831 -376 -108 232 490 -251 220 389 770 -322 -716 314 -428 223 -837 571 -235 -717 -433 -7 308 737 156 861 917 -125 797 -43 1416 264 558 275 970 267 81 1050 92 33 -256 -1000 -71 -953 -6029 -1000 -1000 -256 -831 -20383 223 -1000 571 -837 11389 -71 -1000 223 -831 1441 571 -1000 1000 -831 23451 -322 -831 223 -716 -2292 -1000 -831 -322 -433 -21123 -1000 -433 -717 -108 -26868 -7 -428 223 -108 3080 223 -235 232 -108 6897 -1000 -108 -717 367 -26468 -717 308 -376 367 -16588 571 -831 1000 -235 23833 737 -235 1000 81 26862 737 92 1000 156 27063 314 -235 737 81 16229 314 92 737 220 16462 861 156 1000 220 29049 232 -235 314 81 8386 232 81 267 92 7837 232 92 314 220 8619 389 220 737 367 17747 861 220 1000 367 29155 -578 367 -500 435 -16308 -1000 367 -578 1000 -23775 -66 770 -43 797 -890 -43 770 264 801 4227 275 770 357 801 10582 389 367 737 742 18008 861 367 1000 742 29416 696 742 737 917 23057 861 742 1000 1000 29732 696 917 861 1000 25108
AREA -1000 -1000 1000 1000 13 -645 -782 -26 -623 -728 31 -585 285 479 -20 576 503 638 -503 944 21 -388 -109 71 496 -839 -601 -421 -164 273 572 826 1036 -414 -843 -189 -45 978 -1000 1566 -929 -555 -532 20 -379 -279 -260 511 -116 -665 401 -88 561 643 -829 991 -635 42 -414 -1000 -189 -843 -10252 -645 -1000 -414 -782 -17290 -189 -1000 -26 -782 -4208 -1000 -1000 -645 -623 -26293 643 -1000 978 -829 24227 -26 -1000 643 -623 8768 643 -635 978 -623 24512 978 -929 1000 -829 29780 991 -829 1000 -635 30144 978 -635 1000 -623 30030 -839 -623 -585 -601 -22684 -1000 -623 -839 -164 -28882 -1000 -164 -585 31 -24618 -1000 31 -728 285 -26626 638 -623 1000 -503 24826 479 -623 638 -260 16888 511 -260 638 -20 17685 479 -116 511 -20 15277 944 -503 1000 -20 29871 -585 -623 -421 -601 -16205 -421 -623 -414 -532 -13504 -421 -379 -414 -109 -13171 -189 -623 20 -532 -3181 20 -623 479 -260 7309 20 -116 479 -109 7638 -189 -379 20 -260 -2923 -189 -116 20 -109 -2716 -585 -164 -421 -109 -15729 -585 -109 -414 -45 -15546 -585 -45 -388 401 -14888 71 -109 479 496 8719 273 496 479 572 12190 -88 496 273 561 3412 -585 561 273 1000 -4055 576 -20 638 21 18818 944 -20 1000 21 30133 576 21 1000 503 24690 479 503 826 572 20781 826 503 1000 1000 29055 -665 285 -585 401 -19032 -1000 285 -665 561 -25369 -1000 561 -585 1000 -23771
AREA -1000 -1000 1000 1000 8 843 371 1572 1073 -461 -568 179 -354 -659 -270 -354 255 494 -253 1250 -56 189 396 224 915 688 989 1287 1282 -547 -14 -275 560 -644 -237 1 -205 20 843 -1000 1000 -253 27956 843 -56 1000 371 28740 -461 -1000 179 -568 -5155 -1000 -1000 -461 -354 -23307 179 -1000 843 -354 15164 -659 -354 -354 -270 -15998 -1000 -354 -659 255 -25748 494 -354 843 -253 20436 -354 -354 1 -237 -5751 1 -354 494 -56 7483 -354 -205 1 -56 -5586 189 -56 224 396 6587 -354 -56 -275 -14 -9769 -275 -56 189 1000 -861 -354 560 -275 1000 -8954 224 -56 843 989 17021 224 989 688 1000 15131 189 915 224 1000 7375 -1000 255 -547 1000 -23335 -547 560 -354 1000 -13170
AREA -1000 -1000 1000 1000 10 712 459 1391 782 -109 199 246 815 -924 287 -164 300 773 642 837 1386 671 -729 1258 -454 597 474 955 1156 416 40 697 458 -731 -787 -272 -528 544 -394 960 -70 100 70 806 648 24 712 -1000 1000 -729 25672 712 -454 1000 -394 26112 960 -394 1000 -70 30148 712 -70 806 70 23529 806 -70 1000 459 28188 671 -1000 712 -729 20588 416 -1000 671 -394 16167 416 -394 544 40 14703 544 -70 671 40 18833 -731 -1000 -272 -787 -16424 -1000 -1000 -731 -528 -27579 -272 -1000 416 -528 1468 100 -528 416 70 7769 -1000 -528 100 199 -14114 671 -454 712 -394 21028 671 -70 712 40 21437 697 40 712 70 21910 -1000 199 -109 287 -16931 -1000 287 -924 300 -29528 -164 287 -109 300 -3922 -1000 300 -109 1000 -16524 246 648 597 1000 13906 -109 815 246 1000 3047 955 782 1000 1000 31209
AREA -1000 -1000 1000 1000 8 381 417 1145 1092 619 -250 1113 422 -989 -376 -725 375 -195 216 -56 317 -441 579 358 1139 594 -961 774 -697 -696 -817 -389 -108 474 -33 825 138 21 619 -1000 774 -961 20627 774 -1000 1000 -697 26649 619 -697 1000 -250 24637 -1000 -1000 -725 -376 -27410 -1000 -376 -989 375 -30814 594 -1000 619 -961 17837 -725 -1000 -389 -817 -18175 -725 -817 -696 -108 -22472 -389 -1000 594 -33 2677 -389 -33 474 216 1425 474 138 594 216 16731 -725 -108 -389 216 -17213 594 -697 619 -33 18452 594 138 619 216 18994 -725 216 -195 417 -13943 -56 216 619 417 9059 -195 317 -56 417 -3508 -1000 375 -725 417 -26326 -441 417 381 579 -432 -1000 417 -441 1000 -21611 358 579 381 1000 12260
AREA -1000 -1000 1000 1000 14 200 -533 648 -17 -848 605 -370 1093 -318 178 -27 626 443 -192 832 470 -647 691 29 806 -771 789 -363 1062 557 -409 1110 358 100 213 770 991 -602 -290 -237 172 837 964 1141 1277 682 -959 1123 -743 636 -226 1144 255 -114 866 25 1053 -825 701 -666 1451 25 682 -1000 1000 -959 25092 200 -1000 682 -533 12905 682 -743 1000 -533 25433 -1000 -1000 200 -290 -13045 -1000 -290 -602 178 -24887 -237 -290 200 178 -614 -602 172 -237 178 -12814 -1000 178 -318 605 -20037 100 178 200 213 4846 -27 178 100 605 1539 -1000 605 -848 1000 -27841 -370 605 -318 626 -10048 -27 605 100 626 1763 -370 626 29 691 -4611 29 626 100 806 2731 -114 806 25 866 -528 -363 806 -114 1000 -6475 25 806 100 1000 2856 100 991 200 1000 5646 648 -533 1000 -409 25073 200 -17 443 213 10080 832 358 1000 470 28810 770 470 1000 964 28152 770 964 837 1000 25906 200 991 770 1000 16031
AREA -1000 -1000 1000 1000 13 640 -162 995 427 -683 180 -20 769 963 453 1093 603 -462 -511 48 -225 -10 -730 364 -358 104 716 244 1071 603 -642 1186 21 -349 407 -133 1201 -21 250 210 689 508 -717 763 -333 -610 -88 80 467 -585 174 -223 773 -793 -469 -267 -265 30 640 -1000 1000 -717 24562 763 -717 1000 -642 26663 -10 -1000 48 -730 -276 -462 -1000 -10 -511 -8071 -1000 -1000 -462 -469 -23395 -1000 -469 -793 -88 -28054 -793 -265 -462 -88 -19613 -1000 -88 -610 180 -24909 48 -1000 364 -730 5521 364 -1000 640 -717 14704 364 -717 508 -642 12837 364 -642 508 -358 13016 48 -358 508 -333 8273 48 -333 80 -88 1774 80 -333 603 180 10526 603 21 640 180 19383 -462 -225 48 -88 -6573 -1000 180 -683 1000 -25481 80 180 210 250 4710 210 180 640 716 13623 -20 689 210 716 3648 -20 716 104 1000 2160 244 716 640 1000 14560 -683 769 -585 773 -18883 -683 773 -349 1000 -15109 -133 769 -20 1000 -1471 995 21 1000 427 31162 963 427 1000 453 30882 640 427 963 603 25377 640 603 1000 1000 26222
AREA -1000 -1000 1000 1000 0 1 -1000 -1000 1000 1000 0
AREA -1000 -1000 1000 1000 4 -432 553 271 842 -778 -85 -234 462 -952 -417 -590 -196 -704 -154 -526 159 12 -1000 -1000 -234 -417 -19835 -1000 -417 -952 -196 -30562 -590 -417 -526 -154 -17583 -526 -417 -234 -85 -12031 -704 -196 -590 -154 -20232 -1000 -196 -704 -85 -26552 -1000 -85 -778 553 -27325 -234 -1000 1000 553 11650 -778 462 -234 553 -15178 -1000 553 -432 1000 -21419 271 553 1000 1000 20493 -432 842 271 1000 -1559
AREA -1000 -1000 1000 1000 13 -547 387 221 631 939 -606 987 116 -130 -592 107 -540 -129 -796 269 -262 -79 573 201 692 -578 325 38 649 -175 -746 26 -106 730 394 991 1047 867 -370 987 8 757 -671 1525 -150 553 704 1210 1308 -532 -878 -430 -595 -44 -370 614 370 32 939 -1000 1000 -671 29235 -130 -1000 107 -796 -1239 -130 -796 -129 -746 -4770 -175 -1000 -130 -746 -5585 -532 -1000 -430 -878 -15850 -1000 -1000 -532 -540 -24516 -430 -1000 -175 -540 -10132 -532 -595 -430 -540 -15478 107 -1000 269 -796 4930 757 -1000 939 -671 25453 269 -1000 757 -540 15133 -1000 -540 -175 325 -18304 -175 -106 -129 325 -4602 -1000 325 -578 387 -24103 269 -540 757 -370 15448 614 -370 757 -150 21006 614 -150 867 387 23090 269 370 614 387 14081 867 8 939 387 28191 -129 -106 -44 325 -2556 38 370 269 387 5153 987 -150 1000 116 30797 939 116 1000 387 30322 -1000 387 -578 1000 -23765 -578 649 -547 1000 -16597 730 387 991 394 27082 553 387 730 704 20448 221 387 553 1000 12691 991 387 1000 704 31422 -547 649 -79 1000 -8878 201 631 221 692 7203 -79 692 221 1000 3047
AREA -1000 -1000 1000 1000 17 -897 123 -338 842 -923 506 -894 1120 555 -898 840 -199 471 -83 1105 347 -394 907 27 932 761 -276 1395 -259 440 866 873 1480 -591 183 -363 764 517 -478 733 -34 -212 -769 470 -132 995 -83 1274 169 -709 981 -574 1767 -692 550 36 938 558 612 1137 1250 968 7 1364 64 197 225 400 285 65 449 371 927 37 -1000 -1000 -338 123 -21177 -1000 123 -897 506 -29073 -1000 506 -923 842 -29117 555 -1000 840 -898 20689 517 -1000 555 -478 15877 -338 -1000 517 -769 1906 -338 -769 -212 -199 -9009 470 -769 517 -199 14830 840 -1000 1000 -276 27882 840 -259 1000 -199 28291 471 -199 517 -83 15173 733 -199 1000 -83 26736 -338 -199 -212 -132 -8690 470 -199 471 -132 14436 197 -132 471 225 10401 -338 -132 197 449 -2011 -338 449 65 550 -3716 400 225 471 285 13771 197 285 471 449 10721 371 449 471 550 13551 36 550 65 866 2289 371 550 471 866 13759 36 866 65 907 2468 371 866 440 907 13473 36 907 65 927 2498 371 907 440 927 13503 36 927 440 1000 8342 27 938 36 1000 1961 -338 938 27 1000 -3836 471 347 1000 612 23296 471 612 558 866 16704 -1000 842 -923 1000 -28870 -709 842 -692 938 -20810 -709 938 -574 981 -18911 -894 842 -709 1000 -23910 -574 938 -394 1000 -14035 -394 938 -338 1000 -10377
AREA -1000 -1000 1000 1000 15 873 433 1554 956 762 -330 1140 -39 -716 -78 -295 546 -419 20 307 562 -151 746 27 1541 634 413 1046 780 -5 -977 654 -702 722 588 1355 1275 -57 -189 565 -137 419 -214 510 221 -444 -485 -306 -397 314 -537 1036 -467 -226 -405 47 283 -399 -629 -381 -35 397 505 604 1091 41 873 -1000 1000 -537 28279 873 -467 1000 -330 28649 873 -39 1000 413 29234 762 -1000 873 -537 24590 762 -467 873 -330 24960 -444 -1000 -295 -629 -12253 -444 -629 -399 -485 -13608 -381 -629 -295 -485 -11035 -1000 -1000 -444 -78 -22921 -306 -485 -295 -397 -9741 -444 -397 -399 -78 -13288 -381 -397 -295 -78 -10715 -1000 -78 -716 546 -26364 -5 -1000 654 -977 9087 -295 -1000 -5 -702 -5501 654 -1000 762 -702 21097 419 -702 762 -537 17702 419 -467 762 -214 17981 314 -702 419 -537 10758 -295 -702 314 -405 -243 -295 -405 -226 -189 -8357 47 -405 314 -189 5314 314 -467 419 -189 11049 510 -214 762 -189 19515 -295 -189 -226 20 -8144 565 -189 762 20 20500 47 -137 419 20 7165 510 -137 565 20 16620 307 20 419 221 11374 510 20 762 413 19933 307 221 510 413 12996 307 413 634 505 15060 307 505 397 1000 11665 604 505 634 1000 19942 634 780 722 1000 21908 -295 562 27 746 -3500 -295 746 -151 1000 -6040 27 562 307 1000 5958 -1000 546 -419 1000 -21206 -419 562 -295 1000 -10286 762 -39 873 413 25545
AREA -1000 -1000 1000 1000 11 863 195 981 318 -337 -411 409 -397 410 592 488 632 -613 -960 -243 -277 -126 -987 305 -794 537 -433 789 -201 -407 663 242 1440 208 290 876 587 48 529 213 1290 397 -143 909 -135 248 727 735 976 39 863 -1000 1000 -143 28321 909 -143 1000 -135 29466 863 -135 1000 195 28922 -337 -1000 -243 -960 -9970 -126 -1000 305 -987 1797 -243 -1000 -126 -794 -6601 305 -1000 863 -433 17388 305 -433 537 -411 12629 789 -433 863 -411 25184 -243 -794 305 -411 359 -613 -1000 -337 -960 -15705 -1000 -1000 -613 -397 -25684 409 -411 537 -397 14259 789 -411 863 -397 25202 410 -397 537 -201 14395 789 -397 863 -201 25307 410 -201 863 -143 19575 410 -135 863 290 19825 410 587 863 592 20337 -1000 -397 -613 -277 -25323 -243 -397 410 -277 2267 397 -277 410 -143 12314 208 -277 397 -135 9187 208 -135 410 290 9657 48 -277 208 529 4094 -1000 -277 48 663 -14563 213 587 410 663 10297 -1000 663 -407 1000 -20961 242 663 410 727 10801 242 727 248 976 8447 242 976 410 1000 11094 488 592 863 727 21616 735 727 863 1000 25633 488 976 735 1000 19960 410 632 488 727 14599 410 976 488 1000 14907 981 195 1000 318 30978 876 318 1000 587 29531 863 587 1000 1000 29686
AREA -1000 -1000 1000 1000 11 -455 442 -376 986 -196 -776 512 -78 -319 -809 -70 -658 985 -656 1761 -561 747 -605 928 -513 389 -853 648 -572 543 657 706 870 873 30 1487 424 -861 -1 -521 340 544 65 597 835 139 -104 280 -51 32 -196 -1000 -70 -809 -5027 389 -1000 512 -853 13055 -70 -1000 389 -776 4072 -319 -1000 -196 -809 -8871 -1000 -1000 -319 -658 -21258 -1000 -658 -196 -1 -18867 -1000 -1 -861 442 -28609 -521 -1 -196 442 -10877 -861 340 -521 442 -21030 985 -1000 1000 -656 29955 512 -1000 648 -853 17054 648 -1000 985 -605 24525 648 -605 747 -561 21055 512 -572 648 -561 17414 928 -605 985 -561 29084 512 -561 747 -513 18993 928 -561 1000 -513 29347 512 -513 1000 -78 23141 873 -78 1000 30 29023 544 -78 597 65 17695 -196 -78 139 -51 -932 280 -78 544 -51 12708 -196 -51 544 442 5590 597 -78 873 442 22967 873 424 1000 442 29480 -1000 442 -455 1000 -21816 543 442 544 657 17414 597 442 706 657 20762 -376 442 543 1000 3325 706 442 1000 1000 27164 543 870 706 1000 20310 -455 986 -376 1000 -11872
AREA -1000 -1000 1000 1000 9 -65 -120 181 41 -469 -294 -27 98 -795 -17 -80 156 949 -866 1033 -743 -707 -6 -153 572 823 -825 977 -93 -452 739 295 783 -14 -661 34 -661 -949 -172 -584 -119 25 -65 -1000 -27 -294 -2073 949 -1000 1000 -866 29292 823 -1000 949 -825 26554 -27 -1000 823 -120 11778 977 -743 1000 -120 30228 -1000 -1000 -65 -294 -17139 -1000 -294 -469 -172 -22987 -1000 -172 -949 -119 -30339 -584 -172 -469 -17 -16400 -1000 -119 -584 -17 -24620 -1000 -17 -795 41 -27795 181 -120 823 41 15523 977 -120 1000 -93 30553 823 -93 1000 41 28246 -1000 41 -795 98 -27737 -27 41 295 739 4544 295 41 1000 1000 20609 -27 783 295 1000 5046 -1000 98 -795 156 -27680 -80 98 -27 156 -1516 -1000 156 -707 572 -26079 -153 156 -27 572 -2426 -452 572 -27 739 -6753 -1000 572 -452 1000 -21720 -452 783 -27 1000 -6517
AREA -1000 -1000 1000 1000 15 527 -190 840 -133 267 -452 438 73 50 -675 177 -238 6 -339 387 229 86 644 319 1188 944 -687 1294 -86 302 -538 994 -337 -134 -914 346 -652 -375 -973 99 -181 503 -32 689 -19 799 223 1147 529 777 385 1132 1142 -967 -953 -718 -389 869 176 1208 305 360 392 923 669 38 944 -1000 1000 -687 29289 527 -1000 944 -538 22047 527 -337 944 -190 22553 267 -1000 346 -914 8560 346 -1000 527 -538 12778 267 -652 346 -538 8922 267 -538 302 -452 8340 50 -1000 99 -973 1339 99 -1000 267 -914 4716 6 -1000 50 -973 -118 -134 -1000 6 -973 -2970 -375 -1000 -134 -973 -8860 -1000 -1000 -718 -953 -27605 -1000 -953 -967 -389 -31144 -718 -1000 -375 -238 -17545 -1000 -389 -718 -238 -26942 177 -652 267 -339 6387 -1000 -238 -375 -181 -21506 -1000 -181 6 1000 -14997 6 229 267 644 4684 6 644 86 1000 2248 438 -337 527 -32 14789 438 -32 503 -19 14576 438 -19 527 73 15000 387 73 527 229 14318 267 229 527 392 12618 267 392 360 644 10252 319 644 360 669 11197 319 669 527 1000 13948 840 -190 944 -133 27491 527 -133 944 -86 22707 527 -86 689 -32 18789 689 -86 1000 -19 26143 799 -19 1000 176 27979 799 176 869 223 26054 527 -19 799 385 20736 527 385 777 392 20601 527 669 777 1000 21047
AREA -1000 -1000 1000 1000 4 55 70 196 595 294 675 524 1395 -407 -891 -294 -701 -356 -226 143 10 13 -407 -1000 -294 -891 -11795 -1000 -1000 -407 -701 -22643 -294 -1000 143 -226 -2938 143 -1000 1000 70 17267 -294 10 143 70 -2285 -356 -701 -294 -226 -10538 -1000 -701 -356 70 -21333 -356 10 -294 70 -10035 -1000 70 55 1000 -14097 196 70 1000 675 18911 196 675 294 1000 8433 524 675 1000 1000 24460 55 595 196 1000 4704
AREA -1000 -1000 1000 1000 1 -991 -23 -475 215 4 -1000 -1000 -475 -23 -23358 -1000 -23 -991 215 -30749 -475 -1000 1000 1000 8153 -1000 215 -475 1000 -22239
AREA -1000 -1000 1000 1000 5 -946 50 -726 450 790 283 1066 446 -45 812 389 860 -655 349 -210 380 -36 465 272 1261 15 -1000 -1000 -726 50 -27228 -1000 50 -946 450 -29913 790 -1000 1000 283 27387 -726 -1000 790 349 667 -726 349 -655 380 -21025 -36 349 272 465 4065 -210 349 -36 812 -3232 272 349 790 812 17042 -726 380 -210 812 -13912 -726 812 -45 1000 -11029 389 812 790 1000 19196 -45 860 -36 1000 -310 272 860 389 1000 11191 790 446 1000 1000 28468 -1000 450 -726 1000 -26028
AREA -1000 -1000 1000 1000 7 -777 -810 -502 -128 65 -18 316 205 251 -482 842 -106 -985 125 -322 780 945 883 1526 1339 236 -794 871 -624 -59 -851 16 -664 22 -777 -1000 -502 -810 -20714 -1000 -1000 -777 -128 -28092 251 -1000 1000 -794 18509 871 -794 1000 -624 28307 251 -624 1000 -482 18853 236 -1000 251 -794 6667 -59 -1000 16 -851 -1576 -502 -1000 -59 -664 -9512 16 -1000 236 -664 3074 -502 -664 236 -18 -4464 236 -624 251 -18 7243 842 -482 1000 -18 28301 251 -106 842 -18 16895 -502 -18 -322 125 -12718 -322 -18 65 205 -3874 316 -18 1000 205 20492 945 205 1000 883 30707 -322 205 945 1000 10275 -502 780 -322 1000 -11882 -1000 -128 -502 125 -23282 -1000 125 -985 780 -30299 -1000 780 -502 1000 -22391
AREA -1000 -1000 1000 1000 16 532 -732 586 -566 123 -983 326 -323 112 719 804 1371 26 971 106 1226 -589 -715 -111 -215 -515 -142 180 462 -213 912 -46 1075 139 -624 341 -302 -319 445 225 719 -520 -175 -476 428 960 519 1391 817 759 531 946 724 -649 641 -370 1001 392 698 1175 1339 -11 558 201 1127 156 -804 339 -73 38 532 -1000 586 -732 16463 123 -1000 326 -983 5984 -589 -1000 123 -715 -8080 -1000 -1000 -589 -566 -25397 -111 -715 123 -566 -454 326 -1000 532 -804 12397 339 -804 532 -624 12802 341 -624 532 -566 12952 586 -1000 1000 -566 23800 -1000 -566 -589 -323 -25058 -111 -566 123 -323 -258 341 -566 1000 -323 20357 112 -323 139 -302 3594 112 -302 156 -142 3932 341 -323 1000 -302 20489 180 -73 225 445 6479 339 -302 1000 519 20879 225 -73 339 519 8965 759 519 946 531 26968 225 519 759 698 15861 225 698 392 719 10288 946 519 960 698 30152 -1000 -323 -589 -215 -24883 -111 -323 112 -215 -238 -515 -215 -476 -175 -15540 -476 -215 112 -142 -5820 -520 -215 -515 -175 -16222 -1000 -215 -520 462 -23436 -520 428 -515 462 -15582 -213 719 -11 912 -2656 -649 462 -319 641 -14452 -1000 462 -649 971 -24827 -370 641 -319 971 -9858 -319 719 -213 971 -7401 -46 912 -11 971 74 -1000 971 -649 1000 -24558 -370 971 -213 1000 -8035 -46 971 -11 1000 118
AREA -1000 -1000 1000 1000 6 105 -797 487 -253 -393 332 -202 599 183 -571 480 -57 684 785 1340 1291 490 134 1000 772 -424 -205 189 -109 17 105 -1000 487 -797 8278 -1000 -1000 105 -253 -14483 487 -1000 1000 -253 22438 -393 -253 -202 -205 -9436 -393 -109 -202 332 -9095 -424 -253 -393 -205 -12877 -1000 -253 -424 -109 -22253 -1000 -109 -393 1000 -21130 -202 -253 183 -205 -508 -202 -109 183 -57 -362 480 -253 1000 -57 22785 684 -57 1000 134 26141 684 772 1000 785 26881 490 -57 684 134 18236 -202 -57 490 1000 4936 490 772 684 1000 19083 -393 599 -202 1000 -8407
AREA -1000 -1000 1000 1000 13 744 694 1282 1429 543 292 990 1087 -75 -663 505 -371 -361 466 315 1126 -624 -460 -28 -162 -654 590 54 736 388 -679 978 -547 825 827 1400 1534 782 20 1293 25 -113 -909 46 -539 -35 -270 122 215 -425 712 334 983 171 -196 821 -105 34 744 -1000 1000 -679 26193 978 -679 1000 -547 30046 744 -547 1000 -196 26661 821 -196 1000 20 28153 744 -105 821 20 24231 744 20 782 25 23676 744 25 1000 292 27191 990 292 1000 694 31338 543 -1000 744 -679 19125 543 -547 744 -196 19593 543 -105 744 292 20058 388 -1000 543 -679 13607 -75 -1000 46 -909 -1388 46 -1000 388 -663 5896 -113 -1000 -75 -909 -3868 -1000 -1000 -113 -460 -17966 -113 -539 -75 -460 -3413 -1000 -460 -624 -371 -25587 505 -547 543 -371 15785 -1000 -371 -624 -162 -25438 -28 -371 122 -270 1137 122 -371 543 -196 10040 122 -196 171 -162 4378 -1000 -162 -35 466 -15875 122 -162 171 -105 4424 122 -105 543 466 10504 -35 215 122 466 1705 -654 466 -361 590 -15189 -1000 466 -654 1000 -24904 -654 736 -425 1000 -15841 -425 983 -361 1000 -11191 315 466 543 712 13888 334 712 543 1000 14465 315 983 334 1000 11067
AREA -1000 -1000 1000 1000 4 -763 -907 -654 -323 645 499 937 934 339 -342 433 329 -60 462 95 872 14 -763 -1000 -654 -907 -22901 -1000 -1000 -763 -323 -27972 339 -1000 1000 -342 20099 -654 -1000 339 462 -5136 -654 462 -60 499 -10586 95 462 339 499 7208 433 -342 1000 499 22306 339 329 433 499 12380 -654 499 -60 1000 -10317 95 499 645 1000 12220 -60 872 95 1000 1494 937 499 1000 934 30756 645 934 1000 1000 26480 -1000 -323 -654 1000 -25298
AREA -1000 -1000 1000 1000 6 -779 309 -658 386 816 -705 1317 -354 -762 -690 -315 -348 -434 -80 -241 618 140 -967 607 -305 -160 -195 183 237 20 -1000 -1000 -658 -690 -26544 -1000 -690 -762 -348 -27830 -1000 -348 -658 309 -25718 -1000 309 -779 386 -27211 816 -1000 1000 -705 27296 -658 -1000 -315 -690 -15911 140 -1000 607 -967 10611 -315 -1000 140 -348 -3371 607 -1000 816 -348 21398 -658 -348 -241 -80 -14133 -658 -80 -434 618 -16657 -241 -348 140 -305 -1876 607 -348 816 -305 21746 -241 -305 183 -195 -1149 -241 -195 -160 237 -6179 183 -305 816 237 15466 -241 237 816 1000 9547 -658 618 -241 1000 -13110 816 -354 1000 1000 28471 -1000 386 -658 1000 -25006
AREA -1000 -1000 1000 1000 11 437 -641 879 -554 -944 -932 -847 -290 373 -353 1016 292 -769 552 -131 1119 -693 -917 -18 -165 -686 -971 -101 -690 -324 -679 25 12 779 -535 1378 41 -203 548 -130 693 610 988 690 1577 -181 -884 24 -249 28 437 -1000 1000 -641 21469 -1000 -1000 -847 -932 -29579 -1000 -932 -944 -554 -30875 -693 -1000 -101 -971 -13292 -693 -971 -686 -917 -22303 -101 -1000 -18 -917 -2787 -847 -1000 -693 -554 -24647 -18 -1000 25 -884 -818 24 -884 25 -679 -6 25 -1000 437 -554 6384 879 -641 1000 -554 28543 -1000 -554 -944 -290 -30554 779 -554 1000 -535 27046 373 -554 779 -353 17403 -847 -554 -693 -165 -24229 25 -554 373 -165 5810 -847 -165 -324 12 -18211 25 -165 373 12 6093 -203 12 373 548 2915 -847 12 -203 552 -15993 -130 548 373 552 4332 -847 552 -769 1000 -24272 -130 552 373 1000 4558 -131 693 -130 1000 -3183 373 292 1000 988 21937 373 988 610 1000 16246 690 988 1000 1000 27189 -1000 -290 -847 1000 -28258
AREA -1000 -1000 1000 1000 12 -1000 949 -731 1474 382 614 455 1332 -512 711 -491 1510 340 -69 786 341 -282 -710 -278 -60 -35 -337 579 439 24 614 381 804 840 -213 896 -41 -764 -155 -240 526 -737 -299 -44 470 450 -219 760 450 -134 810 643 1355 36 340 -1000 1000 -337 20102 840 -337 1000 -213 28245 579 -337 840 -219 21732 760 -219 840 -69 24656 896 -213 1000 -69 29247 -282 -1000 -278 -710 -9535 -1000 -1000 -282 -299 -20520 -1000 -299 -737 -155 -27135 -1000 -155 -764 614 -27112 -764 526 -282 614 -15643 -278 -1000 340 -337 293 -278 -337 -240 -299 -8347 -240 -337 -35 -299 -4565 -44 -299 -35 -60 -1388 -44 -60 -35 470 -1004 -240 470 -35 614 -3705 -282 526 -240 614 -7521 -35 439 340 614 5270 786 -69 840 -41 25148 896 -69 1000 -41 29333 786 -41 1000 341 27833 760 341 1000 614 27758 579 450 760 614 21302 340 439 450 450 12690 340 450 579 614 14792 -512 614 -491 711 -14868 -1000 614 -512 949 -22654 -134 614 24 810 -993 -491 614 -134 949 -8890 381 614 382 804 12551 24 804 382 810 7100 455 614 643 810 17731 643 614 1000 949 26264 -731 949 -512 1000 -18276 -491 949 -134 1000 -8697 643 949 1000 1000 26457
AREA -1000 -1000 1000 1000 16 47 545 253 558 634 -449 866 263 582 -585 1335 -336 771 -281 1463 -270 -122 890 484 1184 193 238 616 307 -280 779 407 1441 543 -749 994 -160 358 -302 388 87 -218 -384 242 -299 350 526 744 1048 279 126 736 580 -826 936 -264 1469 -820 781 -433 789 326 -686 989 -157 796 183 1536 720 37 634 -1000 1000 -749 24453 994 -749 1000 -585 30240 582 -1000 634 -749 17974 543 -1000 582 -749 16579 358 -1000 543 -686 13138 326 -1000 358 -686 9759 -218 -1000 326 -384 982 -1000 -1000 -218 238 -19260 242 -384 326 -299 8463 279 -299 326 -157 9165 279 -157 358 126 9874 -218 -299 279 238 931 388 -157 543 126 14431 358 87 388 126 11670 543 -157 582 126 17438 -1000 238 193 545 -12101 193 307 279 526 7733 193 526 279 545 7852 582 -157 634 126 18833 994 -336 1000 -281 30599 994 -270 1000 -160 30692 989 -160 1000 -157 30687 866 -157 1000 183 28936 736 263 796 526 24141 744 526 796 545 24406 -122 545 47 779 -485 -280 545 -122 779 -5569 -1000 545 -280 781 -19177 -1000 781 -820 936 -27351 -433 781 -280 936 -10177 -820 789 -433 936 -18543 -1000 936 -826 1000 -27335 253 545 279 580 8809 253 580 350 779 10042 744 545 796 720 24503 744 720 1000 1000 27892 47 558 253 779 5319
AREA -1000 -1000 1000 1000 0 1 -1000 -1000 1000 1000 0
AREA -1000 -1000 1000 1000 17 -257 -277 306 431 343 -591 498 -433 454 -426 693 244 606 891 1378 1443 -143 -445 224 -325 329 483 870 810 482 -294 545 113 784 810 1203 1478 -452 -950 -198 -464 835 -137 1160 -90 368 709 1130 866 -751 -190 -492 566 9 363 192 806 -638 783 116 1145 258 516 586 1009 -367 215 359 270 -611 -884 -239 -589 37 343 -1000 498 -591 12256 -257 -1000 -198 -950 -8012 -198 -1000 343 -445 1541 -257 -464 -198 -445 -7491 -257 -445 -143 -277 -6561 224 -445 343 -277 8443 -143 -325 224 -277 970 498 -1000 1000 -426 22506 693 -426 1000 -277 25906 454 -433 498 -426 14327 343 -433 454 -277 12014 -452 -1000 -257 -950 -11949 -611 -1000 -452 -884 -17403 -1000 -1000 -611 -464 -25687 -611 -589 -452 -464 -16987 -1000 -464 -257 -190 -19795 -1000 -190 -751 566 -26937 -492 -190 -257 215 -11581 -492 215 -367 270 -13056 -492 270 -257 566 -11176 -638 566 -257 783 -13182 -1000 566 -638 1000 -24606 306 -277 454 215 11749 359 215 454 244 12847 835 -277 1000 -137 28251 693 -277 835 -90 23501 693 -90 1000 244 26334 359 244 1000 483 21444 306 270 359 483 10700 306 483 329 516 10358 870 483 1000 709 29581 586 866 784 891 22114 586 891 606 1000 19422 -257 431 9 783 -3237 192 431 306 516 8193 192 516 258 806 7636 116 806 258 1000 6700
AREA -1000 -1000 1000 1000 15 -21 734 122 1464 705 46 840 624 539 -146 808 247 -224 342 -42 957 853 -625 1227 -13 174 -296 790 134 895 -156 1561 170 -685 -245 -180 -25 -199 -666 -19 85 627 -576 1026 -266 286 -689 325 43 -676 -899 -72 -605 486 759 678 1479 -825 -341 -30 161 -532 714 132 729 41 705 -1000 1000 -625 25631 705 -625 853 -576 23549 790 -266 853 -146 25276 808 -146 853 -13 25682 808 -13 895 46 26429 539 -1000 705 -576 18494 539 -576 627 -296 17637 174 -1000 539 -689 10223 174 -689 286 -296 6638 325 -689 539 -296 12900 -199 -1000 -72 -899 -5134 -72 -1000 174 -666 748 -676 -1000 -199 -899 -14496 -1000 -1000 -676 -605 -26780 -1000 -605 -199 -341 -19042 -1000 -341 -825 -245 -28565 -19 -666 174 -245 1963 -1000 -245 -825 -25 -28407 -19 -245 174 -25 2283 -1000 -25 -825 161 -28204 -1000 161 -199 342 -18317 -19 -25 174 85 2448 -30 85 174 342 2446 -199 161 -30 342 -3282 174 134 539 342 11305 -532 342 -224 714 -11190 -1000 342 -532 734 -23208 -532 729 -224 734 -10986 -42 342 132 714 1923 132 342 539 734 10954 -42 729 132 734 2127 539 247 705 734 19773 840 46 895 170 27016 840 170 1000 734 28972 705 624 840 734 24642 -1000 734 -224 1000 -18105 -42 734 -21 957 -115 -224 957 -21 1000 -2803 486 734 678 759 18789 122 734 486 1000 10291 678 734 1000 1000 26876
AREA -1000 -1000 1000 1000 0 1 -1000 -1000 1000 1000 0
AREA -1000 -1000 1000 1000 12 487 -346 662 199 -569 312 -364 622 -179 -873 530 -322 77 164 104 307 443 438 1188 691 170 22 580 479 -677 -9 -355 728 63 -382 408 -124 -606 -759 -299 -468 -137 413 -12 839 -774 568 -593 1274 456 871 750 1355 32 487 -1000 530 -873 14843 530 -1000 1000 -346 23042 -179 -1000 487 -873 3838 -606 -1000 -179 -759 -13031 -1000 -1000 -606 -468 -25627 -299 -759 -179 -468 -8022 -1000 -468 -179 -9 -18497 -1000 -9 -677 312 -25826 -355 -9 -179 312 -8125 408 -322 487 -124 13665 170 -124 487 22 10148 -179 -322 63 -124 -2021 -179 -124 170 164 -104 -179 164 77 312 -1343 104 164 170 312 4485 77 307 104 312 3131 -1000 312 -677 568 -25538 -1000 568 -774 1000 -26713 -593 728 -569 1000 -17147 -137 312 -12 413 -1931 -355 312 -137 1000 -6970 -12 312 170 1000 3105 -137 839 -12 1000 -1374 -364 728 -355 1000 -10265 170 479 443 1000 10257 443 691 487 871 15196 443 871 456 1000 14886 -569 728 -364 1000 -13582 662 -346 1000 199 25688 580 199 1000 438 24809 487 691 750 871 19970 750 691 1000 1000 27971
AREA -1000 -1000 1000 1000 8 -950 -222 -388 354 590 669 1169 1241 -785 -422 -57 -16 465 71 574 199 -942 364 -483 592 -650 598 -463 1279 -6 398 79 1106 -276 877 -158 1642 21 -1000 -1000 -388 -422 -22225 -1000 -422 -785 -222 -27974 -1000 -222 -950 354 -30159 -388 -1000 -57 -422 -7593 -57 -1000 1000 71 14168 -57 71 79 398 576 -57 398 -6 669 -427 79 71 465 669 8802 574 71 1000 199 24532 465 199 1000 669 23157 -388 -16 -57 669 -6555 -388 669 -6 877 -5334 -388 877 -276 1000 -9353 -158 877 -6 1000 -1603 79 669 590 1000 11220 -942 354 -483 364 -21713 -1000 354 -942 592 -29628 -483 354 -388 592 -13012 -650 592 -463 598 -16641 -1000 592 -650 1000 -24779 -463 592 -388 1000 -12379
AREA -1000 -1000 1000 1000 14 -296 -773 84 -636 122 114 427 420 -839 409 -361 456 -145 406 368 1034 -651 -623 -74 -107 569 -826 909 -63 889 -71 1283 608 -225 -892 -71 -203 -434 183 -266 945 462 -817 669 -113 74 -206 154 -46 592 -802 1383 -653 -174 540 441 666 150 708 536 1154 39 -296 -1000 -71 -892 -6619 -296 -892 -225 -773 -8892 -71 -1000 84 -773 -669 -1000 -1000 -296 -636 -20906 569 -1000 1000 -826 23422 462 -1000 569 -817 15088 84 -1000 462 -636 7645 909 -826 1000 -802 28791 909 -653 1000 -636 28961 122 -636 462 -206 8631 154 -206 462 114 9502 122 -46 154 114 4312 462 -113 569 114 15997 909 -636 1000 -71 29252 569 -63 889 114 22625 -651 -636 -225 -623 -14207 -1000 -636 -651 -107 -25946 -71 -636 122 -206 385 -71 -206 74 -107 -94 -74 -203 -71 -107 -2387 -434 -107 -266 183 -10812 -1000 -107 -434 406 -22077 -266 -107 74 -46 -3052 -266 -46 122 406 -2052 -1000 406 -434 409 -21819 -266 406 -145 409 -5947 -1000 409 -839 456 -28056 -266 409 -145 456 -5922 -1000 456 -434 1000 -21499 -174 456 -145 540 -4431 -266 456 -174 666 -6259 -266 666 -145 1000 -5522 -434 945 -266 1000 -9877 427 114 889 420 20665 368 420 441 540 13035 441 420 536 708 15723 536 420 889 1000 22813 368 666 441 708 13242 889 608 1000 1000 30099
AREA -1000 -1000 1000 1000 12 -558 262 -145 960 -194 370 10 827 -491 604 -69 1401 29 -489 110 -204 452 -155 1160 250 -651 -904 -232 -667 576 287 805 966 -691 -352 -284 -204 54 770 751 1077 58 713 544 720 -970 -147 -697 577 -429 -946 -195 -412 32 29 -1000 110 -489 1426 -429 -1000 -232 -946 -11203 -651 -1000 -429 -904 -17692 -1000 -1000 -651 -667 -26408 -232 -1000 -195 -946 -7576 -195 -1000 29 -667 -3406 -1000 -667 -429 -352 -22643 -195 -667 29 -352 -3082 -429 -412 -195 -352 -10054 -1000 -352 -691 -204 -26473 -284 -352 29 -204 -4215 -1000 -204 -697 -147 -26463 -1000 -147 -970 262 -30477 -697 -204 29 262 -10325 110 -1000 1000 -155 16628 110 -155 452 262 8765 452 250 1000 262 22762 29 -204 110 262 2199 -1000 262 -970 577 -30115 -697 262 -558 577 -19017 -1000 577 -558 1000 -23360 -145 262 10 370 -1761 576 262 805 287 21696 10 262 576 713 9571 10 713 58 720 1771 544 713 576 720 18077 10 720 576 770 9828 10 770 54 1000 1877 805 262 1000 1000 28624 751 966 805 1000 25101 -69 827 10 1000 15 -558 960 -491 1000 -15264
AREA -1000 -1000 1000 1000 0 1 -1000 -1000 1000 1000 0
AREA -1000 -1000 1000 1000 7 923 167 1366 924 846 -260 859 22 349 614 454 987 402 -6 765 327 929 -971 1046 -428 573 -219 760 139 -868 -796 -713 -407 19 923 -1000 1000 -971 28837 923 -971 929 -428 28007 923 -428 1000 167 29692 846 -1000 923 -260 26805 402 -1000 846 -219 18735 402 -219 573 -6 15016 760 -219 846 -6 24781 -1000 -1000 -713 -796 -27434 -1000 -796 -868 -407 -29555 -713 -1000 402 614 -4998 -1000 -407 -713 614 -26432 765 -6 846 327 25147 402 327 846 614 19815 -1000 614 349 1000 -9268 454 614 846 1000 20957 349 987 454 1000 13456 859 -260 923 22 27502 846 22 923 1000 27946 923 924 1000 1000 30784
AREA -1000 -1000 1000 1000 7 -653 973 -250 1670 -573 -705 -185 83 47 133 191 847 32 343 643 751 -203 -684 277 -121 975 84 1378 632 841 -648 1626 140 19 -573 -1000 -185 -705 -12601 -1000 -1000 -573 83 -24824 -185 -1000 277 -684 584 841 -1000 1000 -648 27727 277 -1000 841 84 16871 277 84 841 133 17438 -185 -121 277 133 1432 32 133 47 343 1478 -185 133 32 751 -1914 -185 751 47 973 -1277 191 133 643 343 13165 643 133 841 140 23139 643 140 975 632 25465 643 632 1000 973 26285 191 751 643 973 13789 47 847 191 973 4599 -1000 83 -185 973 -17824 -1000 973 -653 1000 -24619 -250 973 1000 1000 12612
AREA -1000 -1000 1000 1000 9 49 -627 340 -172 40 -721 313 -653 53 247 756 666 655 -453 1023 79 456 -237 1074 413 -923 -722 -514 -35 795 -199 1165 33 -99 -874 497 -323 916 77 1406 212 19 49 -1000 340 -874 5108 40 -1000 49 -874 458 -1000 -1000 -514 -722 -24328 -1000 -722 -923 -172 -30238 -99 -1000 40 -874 -1836 -514 -1000 -99 -172 -10072 -99 -323 40 -172 -1146 40 -323 49 -172 1148 340 -1000 497 -874 12052 497 -1000 1000 -453 22493 497 -453 655 -237 17511 340 -323 497 -237 12709 340 -237 456 -172 12134 53 -172 456 247 7943 -1000 -172 -923 -35 -29894 -514 -172 53 -35 -7233 -1000 -35 53 1000 -14180 756 413 1000 666 27758 53 666 1000 1000 17170
AREA -1000 -1000 1000 1000 0 1 -1000 -1000 1000 1000 0
AREA -1000 -1000 1000 1000 7 224 -893 424 -790 166 -376 730 -159 499 750 1003 1496 963 -386 1222 344 -15 296 716 533 -82 -825 116 -198 186 477 351 1014 20 224 -1000 424 -893 9098 -82 -1000 224 -825 1289 -1000 -1000 -82 -790 -17666 116 -825 224 -790 4463 424 -1000 1000 -790 21177 963 -790 1000 -386 29854 166 -790 963 -376 16932 -1000 -790 -82 296 -17018 116 -790 166 -198 3877 -82 -198 166 296 1351 -1000 296 -15 1000 -15069 -15 533 166 1000 3123 730 -376 963 -159 25990 166 -159 963 296 17584 716 296 963 750 26563 166 533 186 750 6098 351 533 716 750 17196 963 344 1000 750 30989 166 750 186 1000 6331 351 750 499 1000 14050
AREA -1000 -1000 1000 1000 11 -52 -135 87 619 869 926 1385 942 -298 -826 490 -611 -476 -653 -240 -524 87 100 160 558 858 -924 1013 -352 339 936 1124 1197 -911 888 -332 1436 -561 -603 -341 -313 -451 268 223 841 -388 -161 382 159 32 -52 -1000 87 -826 -355 -52 -611 87 -161 172 -298 -1000 -52 -826 -6338 -476 -1000 -298 -653 -12823 -1000 -1000 -476 -611 -23683 -561 -611 -476 -603 -16665 -1000 -611 -561 -524 -24747 -240 -611 -52 -524 -5093 -1000 -524 -561 -313 -24598 -341 -524 -52 -313 -6494 -388 -313 -52 -161 -7057 -1000 -313 -388 268 -21536 -388 159 -52 268 -6606 -1000 268 -451 888 -21897 -451 841 -52 888 -6916 -1000 888 -911 1000 -28661 -332 888 -52 1000 -5008 87 -1000 490 -826 8046 858 -1000 1000 -924 27837 490 -1000 858 -611 20089 87 -611 160 -161 3458 160 -611 858 -352 15298 160 -352 223 -161 5696 160 159 223 268 6166 223 -352 382 -161 9137 382 -352 1000 159 21325 223 159 1000 926 19515 160 841 223 926 6836 87 841 160 926 4728 339 926 869 936 19655 87 926 339 1000 7566 -52 841 87 1000 1479
AREA -1000 -1000 1000 1000 14 439 -343 1157 -150 -140 -616 594 -512 1000 -577 1448 -344 952 -860 1046 -537 747 -902 809 -147 -165 -371 -66 -12 418 -623 469 -436 -273 584 34 1178 -660 843 -230 893 -380 -492 -359 112 893 514 1533 552 737 -999 851 -464 159 -47 858 368 -786 483 -410 1107 40 439 -1000 594 -623 15216 469 -623 594 -616 15873 952 -1000 1000 -860 29326 747 -1000 809 -999 23119 737 -1000 747 -999 22003 594 -1000 737 -343 19975 737 -464 747 -343 22599 809 -1000 851 -999 24731 851 -1000 952 -464 27230 809 -464 952 -343 26908 952 -537 1000 -343 29816 469 -512 594 -343 16065 439 -436 469 -343 13685 418 -1000 439 -623 12488 -140 -1000 418 -616 3501 -1000 -1000 -140 -512 -18426 -165 -512 -66 -371 -4006 -380 -512 -359 -492 -11941 -1000 -512 -380 -12 -21652 -359 -512 -165 -12 -8384 -66 -512 418 -47 5177 -66 -47 159 -12 1428 418 -436 439 -47 13058 -273 -12 159 584 -1481 159 368 439 584 9745 -1000 -12 -380 112 -21340 -359 -12 -273 112 -9746 -1000 112 -273 483 -19418 -1000 483 -786 843 -27020 -410 483 -273 843 -9908 -1000 843 -786 1000 -26761 -410 893 -273 1000 -9624 34 584 439 1000 8139 439 -150 747 -147 18235 809 -150 1000 -147 27907 439 -147 858 -47 20022 858 -147 1000 368 28910 439 368 1000 514 22761 439 514 893 1000 21403 893 552 1000 1000 30133
AREA -1000 -1000 1000 1000 17 -957 -453 -928 34 -142 -136 416 141 563 -113 1296 150 -430 683 -158 1456 -169 344 586 819 499 598 516 1347 130 255 497 647 367 987 372 1455 486 -997 1056 -735 -65 -148 154 253 815 57 1158 309 -527 619 -437 1338 -388 776 -320 879 -667 -275 -182 22 -633 -688 127 3 -934 189 -333 299 16 -73 180 87 39 -1000 -1000 -928 -453 -30610 -1000 -453 -957 34 -30527 486 -1000 1000 -997 22035 -65 -1000 127 -688 117 127 -1000 486 -148 8943 -928 -1000 -65 -688 -16220 -928 -688 -633 -275 -24661 -928 -275 -667 -136 -24912 154 -148 486 -136 9778 486 -735 1000 -136 22598 -928 -136 -667 141 -24704 -182 3 -142 22 -5009 -667 22 -142 141 -12442 563 -136 1000 -113 24118 416 -136 563 141 15193 -169 141 -158 344 -4810 -928 141 -333 189 -19365 -333 141 -169 299 -7561 -928 299 -169 619 -16529 -928 619 -527 683 -21886 -437 619 -169 683 -8742 -928 683 -527 1000 -21695 -437 683 -430 1000 -12581 154 141 563 255 11327 130 253 154 255 4656 -158 141 -65 344 -3198 -65 253 130 344 1322 497 255 563 344 16730 367 819 499 987 14326 -158 819 367 1000 4165 372 987 499 1000 14510 516 819 563 1000 17650 563 150 586 344 18072 586 150 815 309 21961 586 309 1000 1000 25238 563 819 586 1000 18735 -1000 34 -928 189 -29772 -1000 189 -934 299 -29733 -1000 299 -928 1000 -29234
AREA -1000 -1000 1000 1000 11 -170 -560 211 81 -439 344 -249 988 868 -702 1038 -395 98 -650 434 -62 -853 249 -126 707 -190 611 79 938 83 -180 558 280 -708 -192 -43 118 466 -901 1104 -607 -65 -581 431 -31 -211 370 263 901 30 -170 -1000 211 -650 -174 -65 -650 98 -581 -88 -170 -650 -65 -560 -4232 -1000 -1000 -170 -192 -18731 -1000 -192 -708 81 -26529 868 -1000 1000 -901 28004 211 -1000 434 -650 9188 434 -1000 868 -901 19231 434 -901 466 -607 13196 434 -607 868 -180 19788 558 -180 868 81 22054 868 -395 1000 81 28797 -439 118 -249 249 -10480 -1000 81 -708 249 -26309 -708 118 -439 249 -17579 -1000 249 -853 707 -28228 -1000 707 -439 1000 -21435 -249 118 -126 249 -5613 -43 81 79 118 658 -126 118 79 370 -469 79 81 83 280 2692 558 81 1000 280 24330 79 280 263 370 5626 263 280 1000 1000 20232 79 901 263 1000 6252 -126 938 79 1000 256 -249 707 -211 938 -6307 -211 901 -190 938 -5280 -249 938 -126 1000 -4828 -439 988 -249 1000 -9670
AREA -1000 -1000 1000 1000 4 -460 870 31 935 896 -681 1460 -100 947 468 1498 886 -866 801 -427 875 11 896 -1000 1000 -681 28548 -1000 -1000 896 801 -1711 -1000 801 -866 870 -28087 -427 801 896 870 8121 896 -100 1000 468 29572 896 468 947 870 29251 -1000 870 -866 1000 -27988 -866 875 -460 1000 -19615 31 870 947 1000 16094 947 886 1000 1000 31137 -460 935 31 1000 -5666
AREA -1000 -1000 1000 1000 17 -403 -819 366 -648 244 -283 497 236 948 -761 1313 -345 -272 437 358 908 -153 -603 0 14 -673 -257 -17 48 398 -953 1061 -767 -111 936 664 1703 -475 -92 -382 70 486 451 1024 488 -23 280 493 352 589 883 1206 1362 819 584 1398 1079 77 -792 388 -466 665 -293 753 -273 -992 -247 -824 146 -924 -179 -733 249 47 -403 -1000 366 -819 -1467 -1000 -1000 -403 -648 -22555 948 -1000 1000 -953 29218 948 -767 1000 -761 29430 366 -1000 948 -953 19391 366 -953 398 -792 10970 388 -792 398 -767 11404 388 -767 948 -648 20001 388 -648 497 -466 13176 244 -466 497 -283 11127 -153 -648 0 -603 -2981 -1000 -648 -153 -257 -18308 -1000 -257 -824 -247 -28524 -1000 -247 -992 48 -30975 -824 -257 -673 -179 -23406 -733 -179 -673 48 -21858 -1000 48 -992 146 -30779 -733 48 -475 437 -18481 -824 249 -733 437 -23775 -1000 146 -924 249 -29624 -1000 249 -824 437 -27929 -382 48 -153 70 -8218 -475 70 -153 437 -9480 0 -648 77 -466 652 0 -466 244 14 3556 -17 14 244 48 3565 -153 48 244 280 1590 -153 280 -23 437 -2369 -23 352 244 437 3836 -1000 437 -272 1000 -18997 -111 908 244 936 2999 -272 908 -111 1000 -4967 497 -648 948 -345 21917 665 -345 753 -293 21660 497 -345 665 -273 17702 753 -345 1000 -273 26878 497 -273 1000 236 23201 244 236 358 280 9589 244 352 358 437 9726 358 236 493 280 13464 493 236 1000 451 23501 358 352 493 451 13608 358 451 486 488 13552 819 488 1000 584 28746 358 488 819 883 18945 358 883 589 936 15604 244 908 358 936 10253
AREA -1000 -1000 1000 1000 6 501 833 1259 1365 756 218 829 813 -914 -673 -642 -113 333 939 705 961 -378 -435 413 -92 -171 84 -58 277 16 756 -1000 1000 218 26827 -1000 -1000 -642 -673 -26287 -1000 -673 -914 -113 -30060 -642 -1000 756 -435 1050 -642 -435 -378 -92 -16073 413 -435 756 -92 17872 -171 -92 -58 84 -3538 -642 -92 -171 277 -12493 -58 -92 756 833 11190 -642 277 -58 833 -10295 -1000 -113 -642 833 -25091 829 218 1000 833 28891 756 813 829 833 25406 333 833 501 939 13813 -1000 833 333 1000 -9406 333 961 501 1000 13908
AREA -1000 -1000 1000 1000 17 317 -316 332 282 -83 654 200 758 444 -243 782 413 909 644 1101 1413 -374 -664 -236 -203 823 -709 1362 -56 59 863 113 876 480 423 650 542 84 -670 695 -452 -952 -653 -763 -22 -600 215 -516 926 308 -737 587 43 705 -556 1276 -153 -181 931 86 1478 -77 -245 463 144 -662 -547 137 236 -6 -189 586 146 44 823 -1000 1000 -709 27418 317 -1000 823 -737 16802 587 -737 823 -670 21152 695 -670 823 -556 22916 695 -556 705 -452 21196 587 -452 705 -316 19642 -374 -1000 -236 -664 -10287 -1000 -1000 -763 -653 -28137 -1000 -653 -952 -203 -30684 -763 -1000 -374 -547 -18381 -763 -547 -662 -203 -22447 308 -1000 317 -737 8835 -236 -1000 308 -670 281 -236 -670 84 -547 -2964 137 -452 308 -245 6565 -1000 -203 -952 -22 -30368 -763 -203 -662 215 -22066 -763 215 -662 236 -21846 -763 236 -600 654 -20666 137 146 308 236 7104 -516 236 308 654 -2779 308 146 317 654 10103 -1000 -22 -763 654 -26995 -1000 654 -600 1000 -23973 -181 654 -83 931 -3299 -516 654 -181 1000 -9961 -600 926 -516 1000 -16335 200 654 317 758 8735 59 758 113 863 3477 -83 758 59 931 473 113 758 317 1000 7544 59 876 113 931 3570 86 931 113 1000 4066 587 -316 705 -243 19747 332 146 444 282 12242 782 -153 823 -56 24789 782 -56 1000 282 27734 317 282 444 413 12159 782 282 1000 413 27969 909 413 1000 644 30134 480 413 650 423 17933 317 413 480 542 12847 650 413 909 542 24658 317 542 909 1000 19774
AREA -1000 -1000 1000 1000 5 -547 -312 -531 -125 646 -439 978 -390 196 612 659 1120 49 -938 116 -399 273 -708 366 -687 15 -1000 -1000 -531 -312 -24371 -1000 -312 -547 -125 -24181 646 -1000 1000 -439 24794 49 -1000 116 -938 1604 -531 -1000 49 -390 -8166 116 -1000 646 -708 10957 116 -708 273 -687 5348 366 -708 646 -687 14989 116 -687 646 -390 11273 49 -399 116 -390 2179 978 -439 1000 -390 30245 -531 -390 1000 612 7396 -531 612 196 1000 -4371 659 612 1000 1000 26536 -1000 -125 -531 1000 -23277
AREA -1000 -1000 1000 1000 4 699 -13 1342 248 269 -762 568 -45 -371 553 308 637 83 569 758 767 14 699 -1000 1000 -13 25844 269 -1000 699 -762 14123 -1000 -1000 269 553 -11538 -1000 553 -371 1000 -20458 -371 637 83 1000 -3645 83 767 269 1000 6340 568 -762 699 -45 19251 269 -45 699 553 15258 308 553 699 569 16185 308 767 699 1000 16508 269 767 308 1000 9843 699 248 1000 569 26759 758 569 1000 1000 28034 699 767 758 1000 23483
AREA -1000 -1000 1000 1000 1 -202 -920 209 -744 4 -202 -1000 209 -920 -836 -1000 -1000 -202 -744 -19503 209 -1000 1000 -744 17883 -1000 -744 1000 1000 128
AREA -1000 -1000 1000 1000 17 716 -894 760 -461 360 -483 641 205 -723 749 -134 906 637 939 1048 1203 524 3 652 795 37 981 66 1192 320 481 352 558 -771 -926 -72 -276 -516 -650 274 -152 -243 583 140 1015 -149 749 587 787 -300 908 221 957 863 982 1163 1323 -446 612 -342 905 -219 -328 514 137 -594 -476 109 -80 488 572 1037 756 36 716 -1000 760 -894 21931 360 -1000 716 -483 15937 -771 -1000 -72 -926 -14014 -1000 -1000 -771 -276 -28073 -72 -1000 360 -650 3639 274 -650 360 -328 9338 -1000 -276 -594 -152 -24921 -1000 -152 -594 -80 -24823 -1000 -80 -219 481 -18678 -219 137 360 481 2510 -243 481 140 583 -1049 -446 481 -243 612 -10117 -1000 481 -446 749 -21798 -342 612 -243 749 -8371 140 481 320 749 7745 352 481 360 558 11556 320 558 360 749 11194 -1000 749 -723 1000 -25816 140 787 221 908 6459 221 787 360 1000 9915 140 957 221 1000 6590 -300 906 -243 908 -7494 -723 906 -300 1000 -14888 -300 957 -243 1000 -7422 641 -483 716 3 20809 652 3 716 205 21308 360 205 524 572 14091 360 572 488 749 13805 360 787 524 939 14565 652 205 716 572 21593 652 756 716 795 21980 524 795 716 939 20087 360 939 637 1000 16439 760 -1000 1000 -461 26550 716 -461 1000 572 26654 716 756 1000 939 27446
AREA -1000 -1000 1000 1000 3 -884 416 -99 473 -302 100 -187 194 295 -286 911 -30 10 -1000 -1000 -187 100 -18833 -1000 100 -302 416 -19923 -187 -1000 1000 -286 11974 -187 -286 295 416 1739 911 -286 1000 -30 29478 295 -30 1000 416 20281 -302 194 -187 416 -7259 -1000 416 -884 473 -28757 -99 416 1000 1000 14689 -1000 473 -99 1000 -16282
AREA -1000 -1000 1000 1000 6 -602 523 -341 782 -784 972 -763 1400 115 533 626 1052 301 32 1093 785 717 390 1488 444 1 -832 557 -436 13 301 -1000 557 -832 12383 557 -1000 1000 -436 23431 301 -436 1000 32 19979 1 -1000 301 -832 3765 -1000 -1000 1 523 -15707 1 -436 301 523 4725 -1000 523 -602 972 -24083 -1000 972 -784 1000 -26666 -763 972 -602 1000 -20156 115 523 301 533 6976 -341 523 115 1000 -2741 626 785 1000 1000 26096 -602 782 -341 1000 -13710
AREA -1000 -1000 1000 1000 3 -368 196 -291 480 329 72 472 232 383 412 576 819 10 -1000 -1000 -291 196 -20397 -1000 196 -368 1000 -20606 -291 -1000 1000 72 10541 -291 72 329 232 741 472 72 1000 232 22968 383 232 576 412 15202 -291 232 383 1000 2042 576 232 1000 1000 25044 383 819 576 1000 15790 -368 480 -291 1000 -9459
PAGES -1000 -1000 1000 1000 354 -1000 -1000 -1000 1000 36 -1000 -1000 -666 -666 -31412673 -666 -1000 -332 -666 -21141505 -332 -1000 2 -666 -10870337 2 -1000 336 -666 -599169 336 -1000 670 -666 9671999 670 -1000 1000 -666 19939323 -1000 -666 -666 -332 -31081345 -666 -666 -332 -332 -20810177 -332 -666 2 -332 -10539009 2 -666 336 -332 -267841 336 -666 670 -332 10003327 670 -666 1000 -332 20270651 -1000 -332 -666 2 -30750017 -666 -332 -332 2 -20478849 -332 -332 2 2 -10207681 2 -332 336 2 63487 336 -332 670 2 10334655 670 -332 1000 2 20601979 -1000 2 -666 336 -30418689 -666 2 -332 336 -20147521 -332 2 2 336 -9876353 2 2 336 336 394815 336 2 670 336 10665983 670 2 1000 336 20933307 -1000 336 -666 670 -30087361 -666 336 -332 670 -19816193 -332 336 2 670 -9545025 2 336 336 670 726143 336 336 670 670 10997311 670 336 1000 670 21264635 -1000 670 -666 1000 -29756157 -666 670 -332 1000 -19484989 -332 670 2 1000 -9213821 2 670 336 1000 1057347 336 670 670 1000 11328515 670 670 1000 1000 21595839 0
PAGES -1000 -1000 1000 1000 189 1100 1100 1200 1200 121 -1000 -1000 -818 -818 -31563457 -818 -1000 -636 -818 -25966593 -636 -1000 -454 -818 -20369729 -454 -1000 -272 -818 -14772865 -272 -1000 -90 -818 -9176001 -90 -1000 92 -818 -3579137 92 -1000 274 -818 2017727 274 -1000 456 -818 7614591 456 -1000 638 -818 13211455 638 -1000 820 -818 18808319 820 -1000 1000 -818 24403261 -1000 -818 -818 -636 -31382913 -818 -818 -636 -636 -25786049 -636 -818 -454 -636 -20189185 -454 -818 -272 -636 -14592321 -272 -818 -90 -636 -8995457 -90 -818 92 -636 -3398593 92 -818 274 -636 2198271 274 -818 456 -636 7795135 456 -818 638 -636 13391999 638 -818 820 -636 18988863 820 -818 1000 -636 24583805 -1000 -636 -818 -454 -31202369 -818 -636 -636 -454 -25605505 -636 -636 -454 -454 -20008641 -454 -636 -272 -454 -14411777 -272 -636 -90 -454 -8814913 -90 -636 92 -454 -3218049 92 -636 274 -454 2378815 274 -636 456 -454 7975679 456 -636 638 -454 13572543 638 -636 820 -454 19169407 820 -636 1000 -454 24764349 -1000 -454 -818 -272 -31021825 -818 -454 -636 -272 -25424961 -636 -454 -454 -272 -19828097 -454 -454 -272 -272 -14231233 -272 -454 -90 -272 -8634369 -90 -454 92 -272 -3037505 92 -454 274 -272 2559359 274 -454 456 -272 8156223 456 -454 638 -272 13753087 638 -454 820 -272 19349951 820 -454 1000 -272 24944893 -1000 -272 -818 -90 -30841281 -818 -272 -636 -90 -25244417 -636 -272 -454 -90 -19647553 -454 -272 -272 -90 -14050689 -272 -272 -90 -90 -8453825 -90 -272 92 -90 -2856961 92 -272 274 -90 2739903 274 -272 456 -90 8336767 456 -272 638 -90 13933631 638 -272 820 -90 19530495 820 -272 1000 -90 25125437 -1000 -90 -818 92 -30660737 -818 -90 -636 92 -25063873 -636 -90 -454 92 -19467009 -454 -90 -272 92 -13870145 -272 -90 -90 92 -8273281 -90 -90 92 92 -2676417 92 -90 274 92 2920447 274 -90 456 92 8517311 456 -90 638 92 14114175 638 -90 820 92 19711039 820 -90 1000 92 25305981 -1000 92 -818 274 -30480193 -818 92 -636 274 -24883329 -636 92 -454 274 -19286465 -454 92 -272 274 -13689601 -272 92 -90 274 -8092737 -90 92 92 274 -2495873 92 92 274 274 3100991 274 92 456 274 8697855 456 92 638 274 14294719 638 92 820 274 19891583 820 92 1000 274 25486525 -1000 274 -818 456 -30299649 -818 274 -636 456 -24702785 -636 274 -454 456 -19105921 -454 274 -272 456 -13509057 -272 274 -90 456 -7912193 -90 274 92 456 -2315329 92 274 274 456 3281535 274 274 456 456 8878399 456 274 638 456 14475263 638 274 820 456 20072127 820 274 1000 456 25667069 -1000 456 -818 638 -30119105 -818 456 -636 638 -24522241 -636 456 -454 638 -18925377 -454 456 -272 638 -13328513 -272 456 -90 638 -7731649 -90 456 92 638 -2134785 92 456 274 638 3462079 274 456 456 638 9058943 456 456 638 638 14655807 638 456 820 638 20252671 820 456 1000 638 25847613 -1000 638 -818 820 -29938561 -818 638 -636 820 -24341697 -636 638 -454 820 -18744833 -454 638 -272 820 -13147969 -272 638 -90 820 -7551105 -90 638 92 820 -1954241 92 638 274 820 3642623 274 638 456 820 9239487 456 638 638 820 14836351 638 638 820 820 20433215 820 638 1000 820 26028157 -1000 820 -818 1000 -29758079 -818 820 -636 1000 -24161215 -636 820 -454 1000 -18564351 -454 820 -272 1000 -12967487 -272 820 -90 1000 -7370623 -90 820 92 1000 -1773759 92 820 274 1000 3823105 274 820 456 1000 9419969 456 820 638 1000 15016833 638 820 820 1000 20613697 820 820 1000 1000 26208639 0
PAGES -1000 -1000 1000 1000 611 718 692 1275 754 16 -1000 -1000 -500 -500 -31248001 -500 -1000 0 -500 -15872001 0 -1000 500 -500 -496001 500 -1000 1000 -500 14879999 -1000 -500 -500 0 -30752001 -500 -500 0 0 -15376001 0 -500 500 0 -1 500 -500 1000 0 15375999 -1000 0 -500 500 -30256001 -500 0 0 500 -14880001 0 0 500 500 495999 500 0 1000 500 15871999 -1000 500 -500 1000 -29760001 -500 500 0 1000 -14384001 0 500 500 1000 991999 500 500 1000 1000 16367999 1 500 500 1000 1000
PAGES -1000 -1000 1000 1000 411 754 -753 1127 -609 25 -1000 -1000 -600 -600 -31347201 -600 -1000 -200 -600 -19046401 -200 -1000 200 -600 -6745601 200 -1000 600 -600 5555199 600 -1000 1000 -600 17855999 -1000 -600 -600 -200 -30950401 -600 -600 -200 -200 -18649601 -200 -600 200 -200 -6348801 200 -600 600 -200 5951999 600 -600 1000 -200 18252799 -1000 -200 -600 200 -30553601 -600 -200 -200 200 -18252801 -200 -200 200 200 -5952001 200 -200 600 200 6348799 600 -200 1000 200 18649599 -1000 200 -600 600 -30156801 -600 200 -200 600 -17856001 -200 200 200 600 -5555201 200 200 600 600 6745599 600 200 1000 600 19046399 -1000 600 -600 1000 -29760001 -600 600 -200 1000 -17459201 -200 600 200 1000 -5158401 200 600 600 1000 7142399 600 600 1000 1000 19443199 1 600 -1000 1000 -600
PAGES -1000 -1000 1000 1000 542 -1000 -1000 -1000 1000 16 -1000 -1000 -500 -500 -31248001 -500 -1000 0 -500 -15872001 0 -1000 500 -500 -496001 500 -1000 1000 -500 14879999 -1000 -500 -500 0 -30752001 -500 -500 0 0 -15376001 0 -500 500 0 -1 500 -500 1000 0 15375999 -1000 0 -500 500 -30256001 -500 0 0 500 -14880001 0 0 500 500 495999 500 0 1000 500 15871999 -1000 500 -500 1000 -29760001 -500 500 0 1000 -14384001 0 500 500 1000 991999 500 500 1000 1000 16367999 0
PAGES -1000 -1000 1000 1000 374 1100 1100 1200 1200 36 -1000 -1000 -666 -666 -31412673 -666 -1000 -332 -666 -21141505 -332 -1000 2 -666 -10870337 2 -1000 336 -666 -599169 336 -1000 670 -666 9671999 670 -1000 1000 -666 19939323 -1000 -666 -666 -332 -31081345 -666 -666 -332 -332 -20810177 -332 -666 2 -332 -10539009 2 -666 336 -332 -267841 336 -666 670 -332 10003327 670 -666 1000 -332 20270651 -1000 -332 -666 2 -30750017 -666 -332 -332 2 -20478849 -332 -332 2 2 -10207681 2 -332 336 2 63487 336 -332 670 2 10334655 670 -332 1000 2 20601979 -1000 2 -666 336 -30418689 -666 2 -332 336 -20147521 -332 2 2 336 -9876353 2 2 336 336 394815 336 2 670 336 10665983 670 2 1000 336 20933307 -1000 336 -666 670 -30087361 -666 336 -332 670 -19816193 -332 336 2 670 -9545025 2 336 336 670 726143 336 336 670 670 10997311 670 336 1000 670 21264635 -1000 670 -666 1000 -29756157 -666 670 -332 1000 -19484989 -332 670 2 1000 -9213821 2 670 336 1000 1057347 336 670 670 1000 11328515 670 670 1000 1000 21595839 0
PAGES -1000 -1000 1000 1000 650 -365 -554 326 57 16 -1000 -1000 -500 -500 -31248001 -500 -1000 0 -500 -15872001 0 -1000 500 -500 -496001 500 -1000 1000 -500 14879999 -1000 -500 -500 0 -30752001 -500 -500 0 0 -15376001 0 -500 500 0 -1 500 -500 1000 0 15375999 -1000 0 -500 500 -30256001 -500 0 0 500 -14880001 0 0 500 500 495999 500 0 1000 500 15871999 -1000 500 -500 1000 -29760001 -500 500 0 1000 -14384001 0 500 500 1000 991999 500 500 1000 1000 16367999 6 -500 -1000 0 -500 0 -1000 500 -500 -500 -500 0 0 0 -500 500 0 -500 0 0 500 0 0 500 500
PAGES -1000 -1000 1000 1000 312 319 -181 1100 341 49 -1000 -1000 -714 -714 -31460289 -714 -1000 -428 -714 -22665217 -428 -1000 -142 -714 -13870145 -142 -1000 144 -714 -5075073 144 -1000 430 -714 3719999 430 -1000 716 -714 12515071 716 -1000 1000 -714 21308221 -1000 -714 -714 -428 -31176577 -714 -714 -428 -428 -22381505 -428 -714 -142 -428 -13586433 -142 -714 144 -428 -4791361 144 -714 430 -428 4003711 430 -714 716 -428 12798783 716 -714 1000 -428 21591933 -1000 -428 -714 -142 -30892865 -714 -428 -428 -142 -22097793 -428 -428 -142 -142 -13302721 -142 -428 144 -142 -4507649 144 -428 430 -142 4287423 430 -428 716 -142 13082495 716 -428 1000 -142 21875645 -1000 -142 -714 144 -30609153 -714 -142 -428 144 -21814081 -428 -142 -142 144 -13019009 -142 -142 144 144 -4223937 144 -142 430 144 4571135 430 -142 716 144 13366207 716 -142 1000 144 22159357 -1000 144 -714 430 -30325441 -714 144 -428 430 -21530369 -428 144 -142 430 -12735297 -142 144 144 430 -3940225 144 144 430 430 4854847 430 144 716 430 13649919 716 144 1000 430 22443069 -1000 430 -714 716 -30041729 -714 430 -428 716 -21246657 -428 430 -142 716 -12451585 -142 430 144 716 -3656513 144 430 430 716 5138559 430 430 716 716 13933631 716 430 1000 716 22726781 -1000 716 -714 1000 -29758079 -714 716 -428 1000 -20963007 -428 716 -142 1000 -12167935 -142 716 144 1000 -3372863 144 716 430 1000 5422209 430 716 716 1000 14217281 716 716 1000 1000 23010431 9 144 -428 430 -142 430 -428 716 -142 716 -428 1000 -142 144 -142 430 144 430 -142 716 144 716 -142 1000 144 144 144 430 430 430 144 716 430 716 144 1000 430
PAGES -1000 -1000 1000 1000 408 -1000 -1000 -1000 1000 25 -1000 -1000 -600 -600 -31347201 -600 -1000 -200 -600 -19046401 -200 -1000 200 -600 -6745601 200 -1000 600 -600 5555199 600 -1000 1000 -600 17855999 -1000 -600 -600 -200 -30950401 -600 -600 -200 -200 -18649601 -200 -600 200 -200 -6348801 200 -600 600 -200 5951999 600 -600 1000 -200 18252799 -1000 -200 -600 200 -30553601 -600 -200 -200 200 -18252801 -200 -200 200 200 -5952001 200 -200 600 200 6348799 600 -200 1000 200 18649599 -1000 200 -600 600 -30156801 -600 200 -200 600 -17856001 -200 200 200 600 -5555201 200 200 600 600 6745599 600 200 1000 600 19046399 -1000 600 -600 1000 -29760001 -600 600 -200 1000 -17459201 -200 600 200 1000 -5158401 200 600 600 1000 7142399 600 600 1000 1000 19443199 0
PAGES -1000 -1000 1000 1000 500 1100 1100 1200 1200 16 -1000 -1000 -500 -500 -31248001 -500 -1000 0 -500 -15872001 0 -1000 500 -500 -496001 500 -1000 1000 -500 14879999 -1000 -500 -500 0 -30752001 -500 -500 0 0 -15376001 0 -500 500 0 -1 500 -500 1000 0 15375999 -1000 0 -500 500 -30256001 -500 0 0 500 -14880001 0 0 500 500 495999 500 0 1000 500 15871999 -1000 500 -500 1000 -29760001 -500 500 0 1000 -14384001 0 500 500 1000 991999 500 500 1000 1000 16367999 0
PAGES -1000 -1000 1000 1000 121 74 -950 271 -417 289 -1000 -1000 -882 -882 -31626945 -882 -1000 -764 -882 -27998209 -764 -1000 -646 -882 -24369473 -646 -1000 -528 -882 -20740737 -528 -1000 -410 -882 -17112001 -410 -1000 -292 -882 -13483265 -292 -1000 -174 -882 -9854529 -174 -1000 -56 -882 -6225793 -56 -1000 62 -882 -2597057 62 -1000 180 -882 1031679 180 -1000 298 -882 4660415 298 -1000 416 -882 8289151 416 -1000 534 -882 11917887 534 -1000 652 -882 15546623 652 -1000 770 -882 19175359 770 -1000 888 -882 22804095 888 -1000 1000 -882 26427065 -1000 -882 -882 -764 -31509889 -882 -882 -764 -764 -27881153 -764 -882 -646 -764 -24252417 -646 -882 -528 -764 -20623681 -528 -882 -410 -764 -16994945 -410 -882 -292 -764 -13366209 -292 -882 -174 -764 -9737473 -174 -882 -56 -764 -6108737 -56 -882 62 -764 -2480001 62 -882 180 -764 1148735 180 -882 298 -764 4777471 298 -882 416 -764 8406207 416 -882 534 -764 12034943 534 -882 652 -764 15663679 652 -882 770 -764 19292415 770 -882 888 -764 22921151 888 -882 1000 -764 26544121 -1000 -764 -882 -646 -31392833 -882 -764 -764 -646 -27764097 -764 -764 -646 -646 -24135361 -646 -764 -528 -646 -20506625 -528 -764 -410 -646 -16877889 -410 -764 -292 -646 -13249153 -292 -764 -174 -646 -9620417 -174 -764 -56 -646 -5991681 -56 -764 62 -646 -2362945 62 -764 180 -646 1265791 180 -764 298 -646 4894527 298 -764 416 -646 8523263 416 -764 534 -646 12151999 534 -764 652 -646 15780735 652 -764 770 -646 19409471 770 -764 888 -646 23038207 888 -764 1000 -646 26661177 -1000 -646 -882 -528 -31275777 -882 -646 -764 -528 -27647041 -764 -646 -646 -528 -24018305 -646 -646 -528 -528 -20389569 -528 -646 -410 -528 -16760833 -410 -646 -292 -528 -13132097 -292 -646 -174 -528 -9503361 -174 -646 -56 -528 -5874625 -56 -646 62 -528 -2245889 62 -646 180 -528 1382847 180 -646 298 -528 5011583 298 -646 416 -528 8640319 416 -646 534 -528 12269055 534 -646 652 -528 15897791 652 -646 770 -528 19526527 770 -646 888 -528 23155263 888 -646 1000 -528 26778233 -1000 -528 -882 -410 -31158721 -882 -528 -764 -410 -27529985 -764 -528 -646 -410 -23901249 -646 -528 -528 -410 -20272513 -528 -528 -410 -410 -16643777 -410 -528 -292 -410 -13015041 -292 -528 -174 -410 -9386305 -174 -528 -56 -410 -5757569 -56 -528 62 -410 -2128833 62 -528 180 -410 1499903 180 -528 298 -410 5128639 298 -528 416 -410 8757375 416 -528 534 -410 12386111 534 -528 652 -410 16014847 652 -528 770 -410 19643583 770 -528 888 -410 23272319 888 -528 1000 -410 26895289 -1000 -410 -882 -292 -31041665 -882 -410 -764 -292 -27412929 -764 -410 -646 -292 -23784193 -646 -410 -528 -292 -20155457 -528 -410 -410 -292 -16526721 -410 -410 -292 -292 -12897985 -292 -410 -174 -292 -9269249 -174 -410 -56 -292 -5640513 -56 -410 62 -292 -2011777 62 -410 180 -292 1616959 180 -410 298 -292 5245695 298 -410 416 -292 8874431 416 -410 534 -292 12503167 534 -410 652 -292 16131903 652 -410 770 -292 19760639 770 -410 888 -292 23389375 888 -410 1000 -292 27012345 -1000 -292 -882 -174 -30924609 -882 -292 -764 -174 -27295873 -764 -292 -646 -174 -23667137 -646 -292 -528 -174 -20038401 -528 -292 -410 -174 -16409665 -410 -292 -292 -174 -12780929 -292 -292 -174 -174 -9152193 -174 -292 -56 -174 -5523457 -56 -292 62 -174 -1894721 62 -292 180 -174 1734015 180 -292 298 -174 5362751 298 -292 416 -174 8991487 416 -292 534 -174 12620223 534 -292 652 -174 16248959 652 -292 770 -174 19877695 770 -292 888 -174 23506431 888 -292 1000 -174 27129401 -1000 -174 -882 -56 -30807553 -882 -174 -764 -56 -27178817 -764 -174 -646 -56 -23550081 -646 -174 -528 -56 -19921345 -528 -174 -410 -56 -16292609 -410 -174 -292 -56 -12663873 -292 -174 -174 -56 -9035137 -174 -174 -56 -56 -5406401 -56 -174 62 -56 -1777665 62 -174 180 -56 1851071 180 -174 298 -56 5479807 298 -174 416 -56 9108543 416 -174 534 -56 12737279 534 -174 652 -56 16366015 652 -174 770 -56 19994751 770 -174 888 -56 23623487 888 -174 1000 -56 27246457 -1000 -56 -882 62 -30690497 -882 -56 -764 62 -27061761 -764 -56 -646 62 -23433025 -646 -56 -528 62 -19804289 -528 -56 -410 62 -16175553 -410 -56 -292 62 -12546817 -292 -56 -174 62 -8918081 -174 -56 -56 62 -5289345 -56 -56 62 62 -1660609 62 -56 180 62 1968127 180 -56 298 62 5596863 298 -56 416 62 9225599 416 -56 534 62 12854335 534 -56 652 62 16483071 652 -56 770 62 20111807 770 -56 888 62 23740543 888 -56 1000 62 27363513 -1000 62 -882 180 -30573441 -882 62 -764 180 -26944705 -764 62 -646 180 -23315969 -646 62 -528 180 -19687233 -528 62 -410 180 -16058497 -410 62 -292 180 -12429761 -292 62 -174 180 -8801025 -174 62 -56 180 -5172289 -56 62 62 180 -1543553 62 62 180 180 2085183 180 62 298 180 5713919 298 62 416 180 9342655 416 62 534 180 12971391 534 62 652 180 16600127 652 62 770 180 20228863 770 62 888 180 23857599 888 62 1000 180 27480569 -1000 180 -882 298 -30456385 -882 180 -764 298 -26827649 -764 180 -646 298 -23198913 -646 180 -528 298 -19570177 -528 180 -410 298 -15941441 -410 180 -292 298 -12312705 -292 180 -174 298 -8683969 -174 180 -56 298 -5055233 -56 180 62 298 -1426497 62 180 180 298 2202239 180 180 298 298 5830975 298 180 416 298 9459711 416 180 534 298 13088447 534 180 652 298 16717183 652 180 770 298 20345919 770 180 888 298 23974655 888 180 1000 298 27597625 -1000 298 -882 416 -30339329 -882 298 -764 416 -26710593 -764 298 -646 416 -23081857 -646 298 -528 416 -19453121 -528 298 -410 416 -15824385 -410 298 -292 416 -12195649 -292 298 -174 416 -8566913 -174 298 -56 416 -4938177 -56 298 62 416 -1309441 62 298 180 416 2319295 180 298 298 416 5948031 298 298 416 416 9576767 416 298 534 416 13205503 534 298 652 416 16834239 652 298 770 416 20462975 770 298 888 416 24091711 888 298 1000 416 27714681 -1000 416 -882 534 -30222273 -882 416 -764 534 -26593537 -764 416 -646 534 -22964801 -646 416 -528 534 -19336065 -528 416 -410 534 -15707329 -410 416 -292 534 -12078593 -292 416 -174 534 -8449857 -174 416 -56 534 -4821121 -56 416 62 534 -1192385 62 416 180 534 2436351 180 416 298 534 6065087 298 416 416 534 9693823 416 416 534 534 13322559 534 416 652 534 16951295 652 416 770 534 20580031 770 416 888 534 24208767 888 416 1000 534 27831737 -1000 534 -882 652 -30105217 -882 534 -764 652 -26476481 -764 534 -646 652 -22847745 -646 534 -528 652 -19219009 -528 534 -410 652 -15590273 -410 534 -292 652 -11961537 -292 534 -174 652 -8332801 -174 534 -56 652 -4704065 -56 534 62 652 -1075329 62 534 180 652 2553407 180 534 298 652 6182143 298 534 416 652 9810879 416 534 534 652 13439615 534 534 652 652 17068351 652 534 770 652 20697087 770 534 888 652 24325823 888 534 1000 652 27948793 -1000 652 -882 770 -29988161 -882 652 -764 770 -26359425 -764 652 -646 770 -22730689 -646 652 -528 770 -19101953 -528 652 -410 770 -15473217 -410 652 -292 770 -11844481 -292 652 -174 770 -8215745 -174 652 -56 770 -4587009 -56 652 62 770 -958273 62 652 180 770 2670463 180 652 298 770 6299199 298 652 416 770 9927935 416 652 534 770 13556671 534 652 652 770 17185407 652 652 770 770 20814143 770 652 888 770 24442879 888 652 1000 770 28065849 -1000 770 -882 888 -29871105 -882 770 -764 888 -26242369 -764 770 -646 888 -22613633 -646 770 -528 888 -18984897 -528 770 -410 888 -15356161 -410 770 -292 888 -11727425 -292 770 -174 888 -8098689 -174 770 -56 888 -4469953 -56 770 62 888 -841217 62 770 180 888 2787519 180 770 298 888 6416255 298 770 416 888 10044991 416 770 534 888 13673727 534 770 652 888 17302463 652 770 770 888 20931199 770 770 888 888 24559935 888 770 1000 888 28182905 -1000 888 -882 1000 -29754235 -882 888 -764 1000 -26125499 -764 888 -646 1000 -22496763 -646 888 -528 1000 -18868027 -528 888 -410 1000 -15239291 -410 888 -292 1000 -11610555 -292 888 -174 1000 -7981819 -174 888 -56 1000 -4353083 -56 888 62 1000 -724347 62 888 180 1000 2904389 180 888 298 1000 6533125 298 888 416 1000 10161861 416 888 534 1000 13790597 534 888 652 1000 17419333 652 888 770 1000 21048069 770 888 888 1000 24676805 888 888 1000 1000 28299775 10 62 -1000 180 -882 180 -1000 298 -882 62 -882 180 -764 180 -882 298 -764 62 -764 180 -646 180 -764 298 -646 62 -646 180 -528 180 -646 298 -528 62 -528 180 -410 180 -528 298 -410
PAGES -1000 -1000 1000 1000 355 -555 -341 -288 -259 36 -1000 -1000 -666 -666 -31412673 -666 -1000 -332 -666 -21141505 -332 -1000 2 -666 -10870337 2 -1000 336 -666 -599169 336 -1000 670 -666 9671999 670 -1000 1000 -666 19939323 -1000 -666 -666 -332 -31081345 -666 -666 -332 -332 -20810177 -332 -666 2 -332 -10539009 2 -666 336 -332 -267841 336 -666 670 -332 10003327 670 -666 1000 -332 20270651 -1000 -332 -666 2 -30750017 -666 -332 -332 2 -20478849 -332 -332 2 2 -10207681 2 -332 336 2 63487 336 -332 670 2 10334655 670 -332 1000 2 20601979 -1000 2 -666 336 -30418689 -666 2 -332 336 -20147521 -332 2 2 336 -9876353 2 2 336 336 394815 336 2 670 336 10665983 670 2 1000 336 20933307 -1000 336 -666 670 -30087361 -666 336 -332 670 -19816193 -332 336 2 670 -9545025 2 336 336 670 726143 336 336 670 670 10997311 670 336 1000 670 21264635 -1000 670 -666 1000 -29756157 -666 670 -332 1000 -19484989 -332 670 2 1000 -9213821 2 670 336 1000 1057347 336 670 670 1000 11328515 670 670 1000 1000 21595839 4 -666 -666 -332 -332 -332 -666 2 -332 -666 -332 -332 2 -332 -332 2 2
PAGES -1000 -1000 1000 1000 660 -1000 -1000 -1000 1000 16 -1000 -1000 -500 -500 -31248001 -500 -1000 0 -500 -15872001 0 -1000 500 -500 -496001 500 -1000 1000 -500 14879999 -1000 -500 -500 0 -30752001 -500 -500 0 0 -15376001 0 -500 500 0 -1 500 -500 1000 0 15375999 -1000 0 -500 500 -30256001 -500 0 0 500 -14880001 0 0 500 500 495999 500 0 1000 500 15871999 -1000 500 -500 1000 -29760001 -500 500 0 1000 -14384001 0 500 500 1000 991999 500 500 1000 1000 16367999 0
PAGES -1000 -1000 1000 1000 239 1100 1100 1200 1200 81 -1000 -1000 -777 -777 -31522785 -777 -1000 -554 -777 -24665089 -554 -1000 -331 -777 -17807393 -331 -1000 -108 -777 -10949697 -108 -1000 115 -777 -4092001 115 -1000 338 -777 2765695 338 -1000 561 -777 9623391 561 -1000 784 -777 16481087 784 -1000 1000 -777 23332056 -1000 -777 -777 -554 -31301569 -777 -777 -554 -554 -24443873 -554 -777 -331 -554 -17586177 -331 -777 -108 -554 -10728481 -108 -777 115 -554 -3870785 115 -777 338 -554 2986911 338 -777 561 -554 9844607 561 -777 784 -554 16702303 784 -777 1000 -554 23553272 -1000 -554 -777 -331 -31080353 -777 -554 -554 -331 -24222657 -554 -554 -331 -331 -17364961 -331 -554 -108 -331 -10507265 -108 -554 115 -331 -3649569 115 -554 338 -331 3208127 338 -554 561 -331 10065823 561 -554 784 -331 16923519 784 -554 1000 -331 23774488 -1000 -331 -777 -108 -30859137 -777 -331 -554 -108 -24001441 -554 -331 -331 -108 -17143745 -331 -331 -108 -108 -10286049 -108 -331 115 -108 -3428353 115 -331 338 -108 3429343 338 -331 561 -108 10287039 561 -331 784 -108 17144735 784 -331 1000 -108 23995704 -1000 -108 -777 115 -30637921 -777 -108 -554 115 -23780225 -554 -108 -331 115 -16922529 -331 -108 -108 115 -10064833 -108 -108 115 115 -3207137 115 -108 338 115 3650559 338 -108 561 115 10508255 561 -108 784 115 17365951 784 -108 1000 115 24216920 -1000 115 -777 338 -30416705 -777 115 -554 338 -23559009 -554 115 -331 338 -16701313 -331 115 -108 338 -9843617 -108 115 115 338 -2985921 115 115 338 338 3871775 338 115 561 338 10729471 561 115 784 338 17587167 784 115 1000 338 24438136 -1000 338 -777 561 -30195489 -777 338 -554 561 -23337793 -554 338 -331 561 -16480097 -331 338 -108 561 -9622401 -108 338 115 561 -2764705 115 338 338 561 4092991 338 338 561 561 10950687 561 338 784 561 17808383 784 338 1000 561 24659352 -1000 561 -777 784 -29974273 -777 561 -554 784 -23116577 -554 561 -331 784 -16258881 -331 561 -108 784 -9401185 -108 561 115 784 -2543489 115 561 338 784 4314207 338 561 561 784 11171903 561 561 784 784 18029599 784 561 1000 784 24880568 -1000 784 -777 1000 -29753274 -777 784 -554 1000 -22895578 -554 784 -331 1000 -16037882 -331 784 -108 1000 -9180186 -108 784 115 1000 -2322490 115 784 338 1000 4535206 338 784 561 1000 11392902 561 784 784 1000 18250598 784 784 1000 1000 25101567 0
PAGES -1000 -1000 1000 1000 742 -458 538 -118 818 9 -1000 -1000 -333 -333 -31082337 -333 -1000 334 -333 -10570753 334 -1000 1000 -333 9939870 -1000 -333 -333 334 -30420673 -333 -333 334 334 -9909089 334 -333 1000 334 10601534 -1000 334 -333 1000 -29759040 -333 334 334 1000 -9247456 334 334 1000 1000 11263167 2 -1000 334 -333 1000 -333 334 334 1000
PAGES -1000 -1000 1000 1000 386 -926 193 -805 731 36 -1000 -1000 -666 -666 -31412673 -666 -1000 -332 -666 -21141505 -332 -1000 2 -666 -10870337 2 -1000 336 -666 -599169 336 -1000 670 -666 9671999 670 -1000 1000 -666 19939323 -1000 -666 -666 -332 -31081345 -666 -666 -332 -332 -20810177 -332 -666 2 -332 -10539009 2 -666 336 -332 -267841 336 -666 670 -332 10003327 670 -666 1000 -332 20270651 -1000 -332 -666 2 -30750017 -666 -332 -332 2 -20478849 -332 -332 2 2 -10207681 2 -332 336 2 63487 336 -332 670 2 10334655 670 -332 1000 2 20601979 -1000 2 -666 336 -30418689 -666 2 -332 336 -20147521 -332 2 2 336 -9876353 2 2 336 336 394815 336 2 670 336 10665983 670 2 1000 336 20933307 -1000 336 -666 670 -30087361 -666 336 -332 670 -19816193 -332 336 2 670 -9545025 2 336 336 670 726143 336 336 670 670 10997311 670 336 1000 670 21264635 -1000 670 -666 1000 -29756157 -666 670 -332 1000 -19484989 -332 670 2 1000 -9213821 2 670 336 1000 1057347 336 670 670 1000 11328515 670 670 1000 1000 21595839 3 -1000 2 -666 336 -1000 336 -666 670 -1000 670 -666 1000
PAGES -1000 -1000 1000 1000 671 -1000 -1000 -1000 1000 9 -1000 -1000 -333 -333 -31082337 -333 -1000 334 -333 -10570753 334 -1000 1000 -333 9939870 -1000 -333 -333 334 -30420673 -333 -333 334 334 -9909089 334 -333 1000 334 10601534 -1000 334 -333 1000 -29759040 -333 334 334 1000 -9247456 334 334 1000 1000 11263167 0
PAGES -1000 -1000 1000 1000 344 1100 1100 1200 1200 36 -1000 -1000 -666 -666 -31412673 -666 -1000 -332 -666 -21141505 -332 -1000 2 -666 -10870337 2 -1000 336 -666 -599169 336 -1000 670 -666 9671999 670 -1000 1000 -666 19939323 -1000 -666 -666 -332 -31081345 -666 -666 -332 -332 -20810177 -332 -666 2 -332 -10539009 2 -666 336 -332 -267841 336 -666 670 -332 10003327 670 -666 1000 -332 20270651 -1000 -332 -666 2 -30750017 -666 -332 -332 2 -20478849 -332 -332 2 2 -10207681 2 -332 336 2 63487 336 -332 670 2 10334655 670 -332 1000 2 20601979 -1000 2 -666 336 -30418689 -666 2 -332 336 -20147521 -332 2 2 336 -9876353 2 2 336 336 394815 336 2 670 336 10665983 670 2 1000 336 20933307 -1000 336 -666 670 -30087361 -666 336 -332 670 -19816193 -332 336 2 670 -9545025 2 336 336 670 726143 336 336 670 670 10997311 670 336 1000 670 21264635 -1000 670 -666 1000 -29756157 -666 670 -332 1000 -19484989 -332 670 2 1000 -9213821 2 670 336 1000 1057347 336 670 670 1000 11328515 670 670 1000 1000 21595839 0
PAGES -1000 -1000 1000 1000 361 -785 691 -607 1041 36 -1000 -1000 -666 -666 -31412673 -666 -1000 -332 -666 -21141505 -332 -1000 2 -666 -10870337 2 -1000 336 -666 -599169 336 -1000 670 -666 9671999 670 -1000 1000 -666 19939323 -1000 -666 -666 -332 -31081345 -666 -666 -332 -332 -20810177 -332 -666 2 -332 -10539009 2 -666 336 -332 -267841 336 -666 670 -332 10003327 670 -666 1000 -332 20270651 -1000 -332 -666 2 -30750017 -666 -332 -332 2 -20478849 -332 -332 2 2 -10207681 2 -332 336 2 63487 336 -332 670 2 10334655 670 -332 1000 2 20601979 -1000 2 -666 336 -30418689 -666 2 -332 336 -20147521 -332 2 2 336 -9876353 2 2 336 336 394815 336 2 670 336 10665983 670 2 1000 336 20933307 -1000 336 -666 670 -30087361 -666 336 -332 670 -19816193 -332 336 2 670 -9545025 2 336 336 670 726143 336 336 670 670 10997311 670 336 1000 670 21264635 -1000 670 -666 1000 -29756157 -666 670 -332 1000 -19484989 -332 670 2 1000 -9213821 2 670 336 1000 1057347 336 670 670 1000 11328515 670 670 1000 1000 21595839 2 -1000 670 -666 1000 -666 670 -332 1000
PAGES -1000 -1000 1000 1000 414 236 452 945 984 25 -1000 -1000 -600 -600 -31347201 -600 -1000 -200 -600 -19046401 -200 -1000 200 -600 -6745601 200 -1000 600 -600 5555199 600 -1000 1000 -600 17855999 -1000 -600 -600 -200 -30950401 -600 -600 -200 -200 -18649601 -200 -600 200 -200 -6348801 200 -600 600 -200 5951999 600 -600 1000 -200 18252799 -1000 -200 -600 200 -30553601 -600 -200 -200 200 -18252801 -200 -200 200 200 -5952001 200 -200 600 200 6348799 600 -200 1000 200 18649599 -1000 200 -600 600 -30156801 -600 200 -200 600 -17856001 -200 200 200 600 -5555201 200 200 600 600 6745599 600 200 1000 600 19046399 -1000 600 -600 1000 -29760001 -600 600 -200 1000 -17459201 -200 600 200 1000 -5158401 200 600 600 1000 7142399 600 600 1000 1000 19443199 4 200 200 600 600 600 200 1000 600 200 600 600 1000 600 600 1000 1000
PAGES -1000 -1000 1000 1000 440 -1000 -1000 -1000 1000 25 -1000 -1000 -600 -600 -31347201 -600 -1000 -200 -600 -19046401 -200 -1000 200 -600 -6745601 200 -1000 600 -600 5555199 600 -1000 1000 -600 17855999 -1000 -600 -600 -200 -30950401 -600 -600 -200 -200 -18649601 -200 -600 200 -200 -6348801 200 -600 600 -200 5951999 600 -600 1000 -200 18252799 -1000 -200 -600 200 -30553601 -600 -200 -200 200 -18252801 -200 -200 200 200 -5952001 200 -200 600 200 6348799 600 -200 1000 200 18649599 -1000 200 -600 600 -30156801 -600 200 -200 600 -17856001 -200 200 200 600 -5555201 200 200 600 600 6745599 600 200 1000 600 19046399 -1000 600 -600 1000 -29760001 -600 600 -200 1000 -17459201 -200 600 200 1000 -5158401 200 600 600 1000 7142399 600 600 1000 1000 19443199 0
PAGES -1000 -1000 1000 1000 495 1100 1100 1200 1200 25 -1000 -1000 -600 -600 -31347201 -600 -1000 -200 -600 -19046401 -200 -1000 200 -600 -6745601 200 -1000 600 -600 5555199 600 -1000 1000 -600 17855999 -1000 -600 -600 -200 -30950401 -600 -600 -200 -200 -18649601 -200 -600 200 -200 -6348801 200 -600 600 -200 5951999 600 -600 1000 -200 18252799 -1000 -200 -600 200 -30553601 -600 -200 -200 200 -18252801 -200 -200 200 200 -5952001 200 -200 600 200 6348799 600 -200 1000 200 18649599 -1000 200 -600 600 -30156801 -600 200 -200 600 -17856001 -200 200 200 600 -5555201 200 200 600 600 6745599 600 200 1000 600 19046399 -1000 600 -600 1000 -29760001 -600 600 -200 1000 -17459201 -200 600 200 1000 -5158401 200 600 600 1000 7142399 600 600 1000 1000 19443199 0
PAGES -1000 -1000 1000 1000 582 773 661 1313 1435 16 -1000 -1000 -500 -500 -31248001 -500 -1000 0 -500 -15872001 0 -1000 500 -500 -496001 500 -1000 1000 -500 14879999 -1000 -500 -500 0 -30752001 -500 -500 0 0 -15376001 0 -500 500 0 -1 500 -500 1000 0 15375999 -1000 0 -500 500 -30256001 -500 0 0 500 -14880001 0 0 500 500 495999 500 0 1000 500 15871999 -1000 500 -500 1000 -29760001 -500 500 0 1000 -14384001 0 500 500 1000 991999 500 500 1000 1000 16367999 1 500 500 1000 1000
PAGES -1000 -1000 1000 1000 291 337 -822 956 -812 49 -1000 -1000 -714 -714 -31460289 -714 -1000 -428 -714 -22665217 -428 -1000 -142 -714 -13870145 -142 -1000 144 -714 -5075073 144 -1000 430 -714 3719999 430 -1000 716 -714 12515071 716 -1000 1000 -714 21308221 -1000 -714 -714 -428 -31176577 -714 -714 -428 -428 -22381505 -428 -714 -142 -428 -13586433 -142 -714 144 -428 -4791361 144 -714 430 -428 4003711 430 -714 716 -428 12798783 716 -714 1000 -428 21591933 -1000 -428 -714 -142 -30892865 -714 -428 -428 -142 -22097793 -428 -428 -142 -142 -13302721 -142 -428 144 -142 -4507649 144 -428 430 -142 4287423 430 -428 716 -142 13082495 716 -428 1000 -142 21875645 -1000 -142 -714 144 -30609153 -714 -142 -428 144 -21814081 -428 -142 -142 144 -13019009 -142 -142 144 144 -4223937 144 -142 430 144 4571135 430 -142 716 144 13366207 716 -142 1000 144 22159357 -1000 144 -714 430 -30325441 -714 144 -428 430 -21530369 -428 144 -142 430 -12735297 -142 144 144 430 -3940225 144 144 430 430 4854847 430 144 716 430 13649919 716 144 1000 430 22443069 -1000 430 -714 716 -30041729 -714 430 -428 716 -21246657 -428 430 -142 716 -12451585 -142 430 144 716 -3656513 144 430 430 716 5138559 430 430 716 716 13933631 716 430 1000 716 22726781 -1000 716 -714 1000 -29758079 -714 716 -428 1000 -20963007 -428 716 -142 1000 -12167935 -142 716 144 1000 -3372863 144 716 430 1000 5422209 430 716 716 1000 14217281 716 716 1000 1000 23010431 3 144 -1000 430 -714 430 -1000 716 -714 716 -1000 1000 -714
PAGES -1000 -1000 1000 1000 440 -1000 -1000 -1000 1000 25 -1000 -1000 -600 -600 -31347201 -600 -1000 -200 -600 -19046401 -200 -1000 200 -600 -6745601 200 -1000 600 -600 5555199 600 -1000 1000 -600 17855999 -1000 -600 -600 -200 -30950401 -600 -600 -200 -200 -18649601 -200 -600 200 -200 -6348801 200 -600 600 -200 5951999 600 -600 1000 -200 18252799 -1000 -200 -600 200 -30553601 -600 -200 -200 200 -18252801 -200 -200 200 200 -5952001 200 -200 600 200 6348799 600 -200 1000 200 18649599 -1000 200 -600 600 -30156801 -600 200 -200 600 -17856001 -200 200 200 600 -5555201 200 200 600 600 6745599 600 200 1000 600 19046399 -1000 600 -600 1000 -29760001 -600 600 -200 1000 -17459201 -200 600 200 1000 -5158401 200 600 600 1000 7142399 600 600 1000 1000 19443199 0
PAGES -1000 -1000 1000 1000 410 1100 1100 1200 1200 25 -1000 -1000 -600 -600 -31347201 -600 -1000 -200 -600 -19046401 -200 -1000 200 -600 -6745601 200 -1000 600 -600 5555199 600 -1000 1000 -600 17855999 -1000 -600 -600 -200 -30950401 -600 -600 -200 -200 -18649601 -200 -600 200 -200 -6348801 200 -600 600 -200 5951999 600 -600 1000 -200 18252799 -1000 -200 -600 200 -30553601 -600 -200 -200 200 -18252801 -200 -200 200 200 -5952001 200 -200 600 200 6348799 600 -200 1000 200 18649599 -1000 200 -600 600 -30156801 -600 200 -200 600 -17856001 -200 200 200 600 -5555201 200 200 600 600 6745599 600 200 1000 600 19046399 -1000 600 -600 1000 -29760001 -600 600 -200 1000 -17459201 -200 600 200 1000 -5158401 200 600 600 1000 7142399 600 600 1000 1000 19443199 0
PAGES -1000 -1000 1000 1000 119 -766 -433 -477 -270 289 -1000 -1000 -882 -882 -31626945 -882 -1000 -764 -882 -27998209 -764 -1000 -646 -882 -24369473 -646 -1000 -528 -882 -20740737 -528 -1000 -410 -882 -17112001 -410 -1000 -292 -882 -13483265 -292 -1000 -174 -882 -9854529 -174 -1000 -56 -882 -6225793 -56 -1000 62 -882 -2597057 62 -1000 180 -882 1031679 180 -1000 298 -882 4660415 298 -1000 416 -882 8289151 416 -1000 534 -882 11917887 534 -1000 652 -882 15546623 652 -1000 770 -882 19175359 770 -1000 888 -882 22804095 888 -1000 1000 -882 26427065 -1000 -882 -882 -764 -31509889 -882 -882 -764 -764 -27881153 -764 -882 -646 -764 -24252417 -646 -882 -528 -764 -20623681 -528 -882 -410 -764 -16994945 -410 -882 -292 -764 -13366209 -292 -882 -174 -764 -9737473 -174 -882 -56 -764 -6108737 -56 -882 62 -764 -2480001 62 -882 180 -764 1148735 180 -882 298 -764 4777471 298 -882 416 -764 8406207 416 -882 534 -764 12034943 534 -882 652 -764 15663679 652 -882 770 -764 19292415 770 -882 888 -764 22921151 888 -882 1000 -764 26544121 -1000 -764 -882 -646 -31392833 -882 -764 -764 -646 -27764097 -764 -764 -646 -646 -24135361 -646 -764 -528 -646 -20506625 -528 -764 -410 -646 -16877889 -410 -764 -292 -646 -13249153 -292 -764 -174 -646 -9620417 -174 -764 -56 -646 -5991681 -56 -764 62 -646 -2362945 62 -764 180 -646 1265791 180 -764 298 -646 4894527 298 -764 416 -646 8523263 416 -764 534 -646 12151999 534 -764 652 -646 15780735 652 -764 770 -646 19409471 770 -764 888 -646 23038207 888 -764 1000 -646 26661177 -1000 -646 -882 -528 -31275777 -882 -646 -764 -528 -27647041 -764 -646 -646 -528 -24018305 -646 -646 -528 -528 -20389569 -528 -646 -410 -528 -16760833 -410 -646 -292 -528 -13132097 -292 -646 -174 -528 -9503361 -174 -646 -56 -528 -5874625 -56 -646 62 -528 -2245889 62 -646 180 -528 1382847 180 -646 298 -528 5011583 298 -646 416 -528 8640319 416 -646 534 -528 12269055 534 -646 652 -528 15897791 652 -646 770 -528 19526527 770 -646 888 -528 23155263 888 -646 1000 -528 26778233 -1000 -528 -882 -410 -31158721 -882 -528 -764 -410 -27529985 -764 -528 -646 -410 -23901249 -646 -528 -528 -410 -20272513 -528 -528 -410 -410 -16643777 -410 -528 -292 -410 -13015041 -292 -528 -174 -410 -9386305 -174 -528 -56 -410 -5757569 -56 -528 62 -410 -2128833 62 -528 180 -410 1499903 180 -528 298 -410 5128639 298 -528 416 -410 8757375 416 -528 534 -410 12386111 534 -528 652 -410 16014847 652 -528 770 -410 19643583 770 -528 888 -410 23272319 888 -528 1000 -410 26895289 -1000 -410 -882 -292 -31041665 -882 -410 -764 -292 -27412929 -764 -410 -646 -292 -23784193 -646 -410 -528 -292 -20155457 -528 -410 -410 -292 -16526721 -410 -410 -292 -292 -12897985 -292 -410 -174 -292 -9269249 -174 -410 -56 -292 -5640513 -56 -410 62 -292 -2011777 62 -410 180 -292 1616959 180 -410 298 -292 5245695 298 -410 416 -292 8874431 416 -410 534 -292 12503167 534 -410 652 -292 16131903 652 -410 770 -292 19760639 770 -410 888 -292 23389375 888 -410 1000 -292 27012345 -1000 -292 -882 -174 -30924609 -882 -292 -764 -174 -27295873 -764 -292 -646 -174 -23667137 -646 -292 -528 -174 -20038401 -528 -292 -410 -174 -16409665 -410 -292 -292 -174 -12780929 -292 -292 -174 -174 -9152193 -174 -292 -56 -174 -5523457 -56 -292 62 -174 -1894721 62 -292 180 -174 1734015 180 -292 298 -174 5362751 298 -292 416 -174 8991487 416 -292 534 -174 12620223 534 -292 652 -174 16248959 652 -292 770 -174 19877695 770 -292 888 -174 23506431 888 -292 1000 -174 27129401 -1000 -174 -882 -56 -30807553 -882 -174 -764 -56 -27178817 -764 -174 -646 -56 -23550081 -646 -174 -528 -56 -19921345 -528 -174 -410 -56 -16292609 -410 -174 -292 -56 -12663873 -292 -174 -174 -56 -9035137 -174 -174 -56 -56 -5406401 -56 -174 62 -56 -1777665 62 -174 180 -56 1851071 180 -174 298 -56 5479807 298 -174 416 -56 9108543 416 -174 534 -56 12737279 534 -174 652 -56 16366015 652 -174 770 -56 19994751 770 -174 888 -56 23623487 888 -174 1000 -56 27246457 -1000 -56 -882 62 -30690497 -882 -56 -764 62 -27061761 -764 -56 -646 62 -23433025 -646 -56 -528 62 -19804289 -528 -56 -410 62 -16175553 -410 -56 -292 62 -12546817 -292 -56 -174 62 -8918081 -174 -56 -56 62 -5289345 -56 -56 62 62 -1660609 62 -56 180 62 1968127 180 -56 298 62 5596863 298 -56 416 62 9225599 416 -56 534 62 12854335 534 -56 652 62 16483071 652 -56 770 62 20111807 770 -56 888 62 23740543 888 -56 1000 62 27363513 -1000 62 -882 180 -30573441 -882 62 -764 180 -26944705 -764 62 -646 180 -23315969 -646 62 -528 180 -19687233 -528 62 -410 180 -16058497 -410 62 -292 180 -12429761 -292 62 -174 180 -8801025 -174 62 -56 180 -5172289 -56 62 62 180 -1543553 62 62 180 180 2085183 180 62 298 180 5713919 298 62 416 180 9342655 416 62 534 180 12971391 534 62 652 180 16600127 652 62 770 180 20228863 770 62 888 180 23857599 888 62 1000 180 27480569 -1000 180 -882 298 -30456385 -882 180 -764 298 -26827649 -764 180 -646 298 -23198913 -646 180 -528 298 -19570177 -528 180 -410 298 -15941441 -410 180 -292 298 -12312705 -292 180 -174 298 -8683969 -174 180 -56 298 -5055233 -56 180 62 298 -1426497 62 180 180 298 2202239 180 180 298 298 5830975 298 180 416 298 9459711 416 180 534 298 13088447 534 180 652 298 16717183 652 180 770 298 20345919 770 180 888 298 23974655 888 180 1000 298 27597625 -1000 298 -882 416 -30339329 -882 298 -764 416 -26710593 -764 298 -646 416 -23081857 -646 298 -528 416 -19453121 -528 298 -410 416 -15824385 -410 298 -292 416 -12195649 -292 298 -174 416 -8566913 -174 298 -56 416 -4938177 -56 298 62 416 -1309441 62 298 180 416 2319295 180 298 298 416 5948031 298 298 416 416 9576767 416 298 534 416 13205503 534 298 652 416 16834239 652 298 770 416 20462975 770 298 888 416 24091711 888 298 1000 416 27714681 -1000 416 -882 534 -30222273 -882 416 -764 534 -26593537 -764 416 -646 534 -22964801 -646 416 -528 534 -19336065 -528 416 -410 534 -15707329 -410 416 -292 534 -12078593 -292 416 -174 534 -8449857 -174 416 -56 534 -4821121 -56 416 62 534 -1192385 62 416 180 534 2436351 180 416 298 534 6065087 298 416 416 534 9693823 416 416 534 534 13322559 534 416 652 534 16951295 652 416 770 534 20580031 770 416 888 534 24208767 888 416 1000 534 27831737 -1000 534 -882 652 -30105217 -882 534 -764 652 -26476481 -764 534 -646 652 -22847745 -646 534 -528 652 -19219009 -528 534 -410 652 -15590273 -410 534 -292 652 -11961537 -292 534 -174 652 -8332801 -174 534 -56 652 -4704065 -56 534 62 652 -1075329 62 534 180 652 2553407 180 534 298 652 6182143 298 534 416 652 9810879 416 534 534 652 13439615 534 534 652 652 17068351 652 534 770 652 20697087 770 534 888 652 24325823 888 534 1000 652 27948793 -1000 652 -882 770 -29988161 -882 652 -764 770 -26359425 -764 652 -646 770 -22730689 -646 652 -528 770 -19101953 -528 652 -410 770 -15473217 -410 652 -292 770 -11844481 -292 652 -174 770 -8215745 -174 652 -56 770 -4587009 -56 652 62 770 -958273 62 652 180 770 2670463 180 652 298 770 6299199 298 652 416 770 9927935 416 652 534 770 13556671 534 652 652 770 17185407 652 652 770 770 20814143 770 652 888 770 24442879 888 652 1000 770 28065849 -1000 770 -882 888 -29871105 -882 770 -764 888 -26242369 -764 770 -646 888 -22613633 -646 770 -528 888 -18984897 -528 770 -410 888 -15356161 -410 770 -292 888 -11727425 -292 770 -174 888 -8098689 -174 770 -56 888 -4469953 -56 770 62 888 -841217 62 770 180 888 2787519 180 770 298 888 6416255 298 770 416 888 10044991 416 770 534 888 13673727 534 770 652 888 17302463 652 770 770 888 20931199 770 770 888 888 24559935 888 770 1000 888 28182905 -1000 888 -882 1000 -29754235 -882 888 -764 1000 -26125499 -764 888 -646 1000 -22496763 -646 888 -528 1000 -18868027 -528 888 -410 1000 -15239291 -410 888 -292 1000 -11610555 -292 888 -174 1000 -7981819 -174 888 -56 1000 -4353083 -56 888 62 1000 -724347 62 888 180 1000 2904389 180 888 298 1000 6533125 298 888 416 1000 10161861 416 888 534 1000 13790597 534 888 652 1000 17419333 652 888 770 1000 21048069 770 888 888 1000 24676805 888 888 1000 1000 28299775 12 -882 -528 -764 -410 -764 -528 -646 -410 -646 -528 -528 -410 -528 -528 -410 -410 -882 -410 -764 -292 -764 -410 -646 -292 -646 -410 -528 -292 -528 -410 -410 -292 -882 -292 -764 -174 -764 -292 -646 -174 -646 -292 -528 -174 -528 -292 -410 -174
PAGES -1000 -1000 1000 1000 419 -350 22 -143 208 25 -1000 -1000 -600 -600 -31347201 -600 -1000 -200 -600 -19046401 -200 -1000 200 -600 -6745601 200 -1000 600 -600 5555199 600 -1000 1000 -600 17855999 -1000 -600 -600 -200 -30950401 -600 -600 -200 -200 -18649601 -200 -600 200 -200 -6348801 200 -600 600 -200 5951999 600 -600 1000 -200 18252799 -1000 -200 -600 200 -30553601 -600 -200 -200 200 -18252801 -200 -200 200 200 -5952001 200 -200 600 200 6348799 600 -200 1000 200 18649599 -1000 200 -600 600 -30156801 -600 200 -200 600 -17856001 -200 200 200 600 -5555201 200 200 600 600 6745599 600 200 1000 600 19046399 -1000 600 -600 1000 -29760001 -600 600 -200 1000 -17459201 -200 600 200 1000 -5158401 200 600 600 1000 7142399 600 600 1000 1000 19443199 4 -600 -200 -200 200 -200 -200 200 200 -600 200 -200 600 -200 200 200 600
PAGES -1000 -1000 1000 1000 718 -1000 -1000 -1000 1000 9 -1000 -1000 -333 -333 -31082337 -333 -1000 334 -333 -10570753 334 -1000 1000 -333 9939870 -1000 -333 -333 334 -30420673 -333 -333 334 334 -9909089 334 -333 1000 334 10601534 -1000 334 -333 1000 -29759040 -333 334 334 1000 -9247456 334 334 1000 1000 11263167 0
PAGES -1000 -1000 1000 1000 590 1100 1100 1200 1200 16 -1000 -1000 -500 -500 -31248001 -500 -1000 0 -500 -15872001 0 -1000 500 -500 -496001 500 -1000 1000 -500 14879999 -1000 -500 -500 0 -30752001 -500 -500 0 0 -15376001 0 -500 500 0 -1 500 -500 1000 0 15375999 -1000 0 -500 500 -30256001 -500 0 0 500 -14880001 0 0 500 500 495999 500 0 1000 500 15871999 -1000 500 -500 1000 -29760001 -500 500 0 1000 -14384001 0 500 500 1000 991999 500 500 1000 1000 16367999 0
PAGES -1000 -1000 1000 1000 403 437 401 999 683 25 -1000 -1000 -600 -600 -31347201 -600 -1000 -200 -600 -19046401 -200 -1000 200 -600 -6745601 200 -1000 600 -600 5555199 600 -1000 1000 -600 17855999 -1000 -600 -600 -200 -30950401 -600 -600 -200 -200 -18649601 -200 -600 200 -200 -6348801 200 -600 600 -200 5951999 600 -600 1000 -200 18252799 -1000 -200 -600 200 -30553601 -600 -200 -200 200 -18252801 -200 -200 200 200 -5952001 200 -200 600 200 6348799 600 -200 1000 200 18649599 -1000 200 -600 600 -30156801 -600 200 -200 600 -17856001 -200 200 200 600 -5555201 200 200 600 600 6745599 600 200 1000 600 19046399 -1000 600 -600 1000 -29760001 -600 600 -200 1000 -17459201 -200 600 200 1000 -5158401 200 600 600 1000 7142399 600 600 1000 1000 19443199 4 200 200 600 600 600 200 1000 600 200 600 600 1000 600 600 1000 1000
PAGES -1000 -1000 1000 1000 128 487 712 588 758 256 -1000 -1000 -875 -875 -31620001 -875 -1000 -750 -875 -27776001 -750 -1000 -625 -875 -23932001 -625 -1000 -500 -875 -20088001 -500 -1000 -375 -875 -16244001 -375 -1000 -250 -875 -12400001 -250 -1000 -125 -875 -8556001 -125 -1000 0 -875 -4712001 0 -1000 125 -875 -868001 125 -1000 250 -875 2975999 250 -1000 375 -875 6819999 375 -1000 500 -875 10663999 500 -1000 625 -875 14507999 625 -1000 750 -875 18351999 750 -1000 875 -875 22195999 875 -1000 1000 -875 26039999 -1000 -875 -875 -750 -31496001 -875 -875 -750 -750 -27652001 -750 -875 -625 -750 -23808001 -625 -875 -500 -750 -19964001 -500 -875 -375 -750 -16120001 -375 -875 -250 -750 -12276001 -250 -875 -125 -750 -8432001 -125 -875 0 -750 -4588001 0 -875 125 -750 -744001 125 -875 250 -750 3099999 250 -875 375 -750 6943999 375 -875 500 -750 10787999 500 -875 625 -750 14631999 625 -875 750 -750 18475999 750 -875 875 -750 22319999 875 -875 1000 -750 26163999 -1000 -750 -875 -625 -31372001 -875 -750 -750 -625 -27528001 -750 -750 -625 -625 -23684001 -625 -750 -500 -625 -19840001 -500 -750 -375 -625 -15996001 -375 -750 -250 -625 -12152001 -250 -750 -125 -625 -8308001 -125 -750 0 -625 -4464001 0 -750 125 -625 -620001 125 -750 250 -625 3223999 250 -750 375 -625 7067999 375 -750 500 -625 10911999 500 -750 625 -625 14755999 625 -750 750 -625 18599999 750 -750 875 -625 22443999 875 -750 1000 -625 26287999 -1000 -625 -875 -500 -31248001 -875 -625 -750 -500 -27404001 -750 -625 -625 -500 -23560001 -625 -625 -500 -500 -19716001 -500 -625 -375 -500 -15872001 -375 -625 -250 -500 -12028001 -250 -625 -125 -500 -8184001 -125 -625 0 -500 -4340001 0 -625 125 -500 -496001 125 -625 250 -500 3347999 250 -625 375 -500 7191999 375 -625 500 -500 11035999 500 -625 625 -500 14879999 625 -625 750 -500 18723999 750 -625 875 -500 22567999 875 -625 1000 -500 26411999 -1000 -500 -875 -375 -31124001 -875 -500 -750 -375 -27280001 -750 -500 -625 -375 -23436001 -625 -500 -500 -375 -19592001 -500 -500 -375 -375 -15748001 -375 -500 -250 -375 -11904001 -250 -500 -125 -375 -8060001 -125 -500 0 -375 -4216001 0 -500 125 -375 -372001 125 -500 250 -375 3471999 250 -500 375 -375 7315999 375 -500 500 -375 11159999 500 -500 625 -375 15003999 625 -500 750 -375 18847999 750 -500 875 -375 22691999 875 -500 1000 -375 26535999 -1000 -375 -875 -250 -31000001 -875 -375 -750 -250 -27156001 -750 -375 -625 -250 -23312001 -625 -375 -500 -250 -19468001 -500 -375 -375 -250 -15624001 -375 -375 -250 -250 -11780001 -250 -375 -125 -250 -7936001 -125 -375 0 -250 -4092001 0 -375 125 -250 -248001 125 -375 250 -250 3595999 250 -375 375 -250 7439999 375 -375 500 -250 11283999 500 -375 625 -250 15127999 625 -375 750 -250 18971999 750 -375 875 -250 22815999 875 -375 1000 -250 26659999 -1000 -250 -875 -125 -30876001 -875 -250 -750 -125 -27032001 -750 -250 -625 -125 -23188001 -625 -250 -500 -125 -19344001 -500 -250 -375 -125 -15500001 -375 -250 -250 -125 -11656001 -250 -250 -125 -125 -7812001 -125 -250 0 -125 -3968001 0 -250 125 -125 -124001 125 -250 250 -125 3719999 250 -250 375 -125 7563999 375 -250 500 -125 11407999 500 -250 625 -125 15251999 625 -250 750 -125 19095999 750 -250 875 -125 22939999 875 -250 1000 -125 26783999 -1000 -125 -875 0 -30752001 -875 -125 -750 0 -26908001 -750 -125 -625 0 -23064001 -625 -125 -500 0 -19220001 -500 -125 -375 0 -15376001 -375 -125 -250 0 -11532001 -250 -125 -125 0 -7688001 -125 -125 0 0 -3844001 0 -125 125 0 -1 125 -125 250 0 3843999 250 -125 375 0 7687999 375 -125 500 0 11531999 500 -125 625 0 15375999 625 -125 750 0 19219999 750 -125 875 0 23063999 875 -125 1000 0 26907999 -1000 0 -875 125 -30628001 -875 0 -750 125 -26784001 -750 0 -625 125 -22940001 -625 0 -500 125 -19096001 -500 0 -375 125 -15252001 -375 0 -250 125 -11408001 -250 0 -125 125 -7564001 -125 0 0 125 -3720001 0 0 125 125 123999 125 0 250 125 3967999 250 0 375 125 7811999 375 0 500 125 11655999 500 0 625 125 15499999 625 0 750 125 19343999 750 0 875 125 23187999 875 0 1000 125 27031999 -1000 125 -875 250 -30504001 -875 125 -750 250 -26660001 -750 125 -625 250 -22816001 -625 125 -500 250 -18972001 -500 125 -375 250 -15128001 -375 125 -250 250 -11284001 -250 125 -125 250 -7440001 -125 125 0 250 -3596001 0 125 125 250 247999 125 125 250 250 4091999 250 125 375 250 7935999 375 125 500 250 11779999 500 125 625 250 15623999 625 125 750 250 19467999 750 125 875 250 23311999 875 125 1000 250 27155999 -1000 250 -875 375 -30380001 -875 250 -750 375 -26536001 -750 250 -625 375 -22692001 -625 250 -500 375 -18848001 -500 250 -375 375 -15004001 -375 250 -250 375 -11160001 -250 250 -125 375 -7316001 -125 250 0 375 -3472001 0 250 125 375 371999 125 250 250 375 4215999 250 250 375 375 8059999 375 250 500 375 11903999 500 250 625 375 15747999 625 250 750 375 19591999 750 250 875 375 23435999 875 250 1000 375 27279999 -1000 375 -875 500 -30256001 -875 375 -750 500 -26412001 -750 375 -625 500 -22568001 -625 375 -500 500 -18724001 -500 375 -375 500 -14880001 -375 375 -250 500 -11036001 -250 375 -125 500 -7192001 -125 375 0 500 -3348001 0 375 125 500 495999 125 375 250 500 4339999 250 375 375 500 8183999 375 375 500 500 12027999 500 375 625 500 15871999 625 375 750 500 19715999 750 375 875 500 23559999 875 375 1000 500 27403999 -1000 500 -875 625 -30132001 -875 500 -750 625 -26288001 -750 500 -625 625 -22444001 -625 500 -500 625 -18600001 -500 500 -375 625 -14756001 -375 500 -250 625 -10912001 -250 500 -125 625 -7068001 -125 500 0 625 -3224001 0 500 125 625 619999 125 500 250 625 4463999 250 500 375 625 8307999 375 500 500 625 12151999 500 500 625 625 15995999 625 500 750 625 19839999 750 500 875 625 23683999 875 500 1000 625 27527999 -1000 625 -875 750 -30008001 -875 625 -750 750 -26164001 -750 625 -625 750 -22320001 -625 625 -500 750 -18476001 -500 625 -375 750 -14632001 -375 625 -250 750 -10788001 -250 625 -125 750 -6944001 -125 625 0 750 -3100001 0 625 125 750 743999 125 625 250 750 4587999 250 625 375 750 8431999 375 625 500 750 12275999 500 625 625 750 16119999 625 625 750 750 19963999 750 625 875 750 23807999 875 625 1000 750 27651999 -1000 750 -875 875 -29884001 -875 750 -750 875 -26040001 -750 750 -625 875 -22196001 -625 750 -500 875 -18352001 -500 750 -375 875 -14508001 -375 750 -250 875 -10664001 -250 750 -125 875 -6820001 -125 750 0 875 -2976001 0 750 125 875 867999 125 750 250 875 4711999 250 750 375 875 8555999 375 750 500 875 12399999 500 750 625 875 16243999 625 750 750 875 20087999 750 750 875 875 23931999 875 750 1000 875 27775999 -1000 875 -875 1000 -29760001 -875 875 -750 1000 -25916001 -750 875 -625 1000 -22072001 -625 875 -500 1000 -18228001 -500 875 -375 1000 -14384001 -375 875 -250 1000 -10540001 -250 875 -125 1000 -6696001 -125 875 0 1000 -2852001 0 875 125 1000 991999 125 875 250 1000 4835999 250 875 375 1000 8679999 375 875 500 1000 12523999 500 875 625 1000 16367999 625 875 750 1000 20211999 750 875 875 1000 24055999 875 875 1000 1000 27899999 4 375 625 500 750 500 625 625 750 375 750 500 875 500 750 625 875
PAGES -1000 -1000 1000 1000 384 -1000 -1000 -1000 1000 36 -1000 -1000 -666 -666 -31412673 -666 -1000 -332 -666 -21141505 -332 -1000 2 -666 -10870337 2 -1000 336 -666 -599169 336 -1000 670 -666 9671999 670 -1000 1000 -666 19939323 -1000 -666 -666 -332 -31081345 -666 -666 -332 -332 -20810177 -332 -666 2 -332 -10539009 2 -666 336 -332 -267841 336 -666 670 -332 10003327 670 -666 1000 -332 20270651 -1000 -332 -666 2 -30750017 -666 -332 -332 2 -20478849 -332 -332 2 2 -10207681 2 -332 336 2 63487 336 -332 670 2 10334655 670 -332 1000 2 20601979 -1000 2 -666 336 -30418689 -666 2 -332 336 -20147521 -332 2 2 336 -9876353 2 2 336 336 394815 336 2 670 336 10665983 670 2 1000 336 20933307 -1000 336 -666 670 -30087361 -666 336 -332 670 -19816193 -332 336 2 670 -9545025 2 336 336 670 726143 336 336 670 670 10997311 670 336 1000 670 21264635 -1000 670 -666 1000 -29756157 -666 670 -332 1000 -19484989 -332 670 2 1000 -9213821 2 670 336 1000 1057347 336 670 670 1000 11328515 670 670 1000 1000 21595839 0
PAGES -1000 -1000 1000 1000 214 1100 1100 1200 1200 100 -1000 -1000 -800 -800 -31545601 -800 -1000 -600 -800 -25395201 -600 -1000 -400 -800 -19244801 -400 -1000 -200 -800 -13094401 -200 -1000 0 -800 -6944001 0 -1000 200 -800 -793601 200 -1000 400 -800 5356799 400 -1000 600 -800 11507199 600 -1000 800 -800 17657599 800 -1000 1000 -800 23807999 -1000 -800 -800 -600 -31347201 -800 -800 -600 -600 -25196801 -600 -800 -400 -600 -19046401 -400 -800 -200 -600 -12896001 -200 -800 0 -600 -6745601 0 -800 200 -600 -595201 200 -800 400 -600 5555199 400 -800 600 -600 11705599 600 -800 800 -600 17855999 800 -800 1000 -600 24006399 -1000 -600 -800 -400 -31148801 -800 -600 -600 -400 -24998401 -600 -600 -400 -400 -18848001 -400 -600 -200 -400 -12697601 -200 -600 0 -400 -6547201 0 -600 200 -400 -396801 200 -600 400 -400 5753599 400 -600 600 -400 11903999 600 -600 800 -400 18054399 800 -600 1000 -400 24204799 -1000 -400 -800 -200 -30950401 -800 -400 -600 -200 -24800001 -600 -400 -400 -200 -18649601 -400 -400 -200 -200 -12499201 -200 -400 0 -200 -6348801 0 -400 200 -200 -198401 200 -400 400 -200 5951999 400 -400 600 -200 12102399 600 -400 800 -200 18252799 800 -400 1000 -200 24403199 -1000 -200 -800 0 -30752001 -800 -200 -600 0 -24601601 -600 -200 -400 0 -18451201 -400 -200 -200 0 -12300801 -200 -200 0 0 -6150401 0 -200 200 0 -1 200 -200 400 0 6150399 400 -200 600 0 12300799 600 -200 800 0 18451199 800 -200 1000 0 24601599 -1000 0 -800 200 -30553601 -800 0 -600 200 -24403201 -600 0 -400 200 -18252801 -400 0 -200 200 -12102401 -200 0 0 200 -5952001 0 0 200 200 198399 200 0 400 200 6348799 400 0 600 200 12499199 600 0 800 200 18649599 800 0 1000 200 24799999 -1000 200 -800 400 -30355201 -800 200 -600 400 -24204801 -600 200 -400 400 -18054401 -400 200 -200 400 -11904001 -200 200 0 400 -5753601 0 200 200 400 396799 200 200 400 400 6547199 400 200 600 400 12697599 600 200 800 400 18847999 800 200 1000 400 24998399 -1000 400 -800 600 -30156801 -800 400 -600 600 -24006401 -600 400 -400 600 -17856001 -400 400 -200 600 -11705601 -200 400 0 600 -5555201 0 400 200 600 595199 200 400 400 600 6745599 400 400 600 600 12895999 600 400 800 600 19046399 800 400 1000 600 25196799 -1000 600 -800 800 -29958401 -800 600 -600 800 -23808001 -600 600 -400 800 -17657601 -400 600 -200 800 -11507201 -200 600 0 800 -5356801 0 600 200 800 793599 200 600 400 800 6943999 400 600 600 800 13094399 600 600 800 800 19244799 800 600 1000 800 25395199 -1000 800 -800 1000 -29760001 -800 800 -600 1000 -23609601 -600 800 -400 1000 -17459201 -400 800 -200 1000 -11308801 -200 800 0 1000 -5158401 0 800 200 1000 991999 200 800 400 1000 7142399 400 800 600 1000 13292799 600 800 800 1000 19443199 800 800 1000 1000 25593599 0
PAGES -1000 -1000 1000 1000 681 852 291 1271 876 9 -1000 -1000 -333 -333 -31082337 -333 -1000 334 -333 -10570753 334 -1000 1000 -333 9939870 -1000 -333 -333 334 -30420673 -333 -333 334 334 -9909089 334 -333 1000 334 10601534 -1000 334 -333 1000 -29759040 -333 334 334 1000 -9247456 334 334 1000 1000 11263167 2 334 -333 1000 334 334 334 1000 1000
PAGES -1000 -1000 1000 1000 672 628 168 772 928 9 -1000 -1000 -333 -333 -31082337 -333 -1000 334 -333 -10570753 334 -1000 1000 -333 9939870 -1000 -333 -333 334 -30420673 -333 -333 334 334 -9909089 334 -333 1000 334 10601534 -1000 334 -333 1000 -29759040 -333 334 334 1000 -9247456 334 334 1000 1000 11263167 2 334 -333 1000 334 334 334 1000 1000
PAGES -1000 -1000 1000 1000 174 -1000 -1000 -1000 1000 144 -1000 -1000 -833 -833 -31578337 -833 -1000 -666 -833 -26442753 -666 -1000 -499 -833 -21307169 -499 -1000 -332 -833 -16171585 -332 -1000 -165 -833 -11036001 -165 -1000 2 -833 -5900417 2 -1000 169 -833 -764833 169 -1000 336 -833 4370751 336 -1000 503 -833 9506335 503 -1000 670 -833 14641919 670 -1000 837 -833 19777503 837 -1000 1000 -833 24909243 -1000 -833 -833 -666 -31412673 -833 -833 -666 -666 -26277089 -666 -833 -499 -666 -21141505 -499 -833 -332 -666 -16005921 -332 -833 -165 -666 -10870337 -165 -833 2 -666 -5734753 2 -833 169 -666 -599169 169 -833 336 -666 4536415 336 -833 503 -666 9671999 503 -833 670 -666 14807583 670 -833 837 -666 19943167 837 -833 1000 -666 25074907 -1000 -666 -833 -499 -31247009 -833 -666 -666 -499 -26111425 -666 -666 -499 -499 -20975841 -499 -666 -332 -499 -15840257 -332 -666 -165 -499 -10704673 -165 -666 2 -499 -5569089 2 -666 169 -499 -433505 169 -666 336 -499 4702079 336 -666 503 -499 9837663 503 -666 670 -499 14973247 670 -666 837 -499 20108831 837 -666 1000 -499 25240571 -1000 -499 -833 -332 -31081345 -833 -499 -666 -332 -25945761 -666 -499 -499 -332 -20810177 -499 -499 -332 -332 -15674593 -332 -499 -165 -332 -10539009 -165 -499 2 -332 -5403425 2 -499 169 -332 -267841 169 -499 336 -332 4867743 336 -499 503 -332 10003327 503 -499 670 -332 15138911 670 -499 837 -332 20274495 837 -499 1000 -332 25406235 -1000 -332 -833 -165 -30915681 -833 -332 -666 -165 -25780097 -666 -332 -499 -165 -20644513 -499 -332 -332 -165 -15508929 -332 -332 -165 -165 -10373345 -165 -332 2 -165 -5237761 2 -332 169 -165 -102177 169 -332 336 -165 5033407 336 -332 503 -165 10168991 503 -332 670 -165 15304575 670 -332 837 -165 20440159 837 -332 1000 -165 25571899 -1000 -165 -833 2 -30750017 -833 -165 -666 2 -25614433 -666 -165 -499 2 -20478849 -499 -165 -332 2 -15343265 -332 -165 -165 2 -10207681 -165 -165 2 2 -5072097 2 -165 169 2 63487 169 -165 336 2 5199071 336 -165 503 2 10334655 503 -165 670 2 15470239 670 -165 837 2 20605823 837 -165 1000 2 25737563 -1000 2 -833 169 -30584353 -833 2 -666 169 -25448769 -666 2 -499 169 -20313185 -499 2 -332 169 -15177601 -332 2 -165 169 -10042017 -165 2 2 169 -4906433 2 2 169 169 229151 169 2 336 169 5364735 336 2 503 169 10500319 503 2 670 169 15635903 670 2 837 169 20771487 837 2 1000 169 25903227 -1000 169 -833 336 -30418689 -833 169 -666 336 -25283105 -666 169 -499 336 -20147521 -499 169 -332 336 -15011937 -332 169 -165 336 -9876353 -165 169 2 336 -4740769 2 169 169 336 394815 169 169 336 336 5530399 336 169 503 336 10665983 503 169 670 336 15801567 670 169 837 336 20937151 837 169 1000 336 26068891 -1000 336 -833 503 -30253025 -833 336 -666 503 -25117441 -666 336 -499 503 -19981857 -499 336 -332 503 -14846273 -332 336 -165 503 -9710689 -165 336 2 503 -4575105 2 336 169 503 560479 169 336 336 503 5696063 336 336 503 503 10831647 503 336 670 503 15967231 670 336 837 503 21102815 837 336 1000 503 26234555 -1000 503 -833 670 -30087361 -833 503 -666 670 -24951777 -666 503 -499 670 -19816193 -499 503 -332 670 -14680609 -332 503 -165 670 -9545025 -165 503 2 670 -4409441 2 503 169 670 726143 169 503 336 670 5861727 336 503 503 670 10997311 503 503 670 670 16132895 670 503 837 670 21268479 837 503 1000 670 26400219 -1000 670 -833 837 -29921697 -833 670 -666 837 -24786113 -666 670 -499 837 -19650529 -499 670 -332 837 -14514945 -332 670 -165 837 -9379361 -165 670 2 837 -4243777 2 670 169 837 891807 169 670 336 837 6027391 336 670 503 837 11162975 503 670 670 837 16298559 670 670 837 837 21434143 837 670 1000 837 26565883 -1000 837 -833 1000 -29756157 -833 837 -666 1000 -24620573 -666 837 -499 1000 -19484989 -499 837 -332 1000 -14349405 -332 837 -165 1000 -9213821 -165 837 2 1000 -4078237 2 837 169 1000 1057347 169 837 336 1000 6192931 336 837 503 1000 11328515 503 837 670 1000 16464099 670 837 837 1000 21599683 837 837 1000 1000 26731423 0
PAGES -1000 -1000 1000 1000 176 1100 1100 1200 1200 144 -1000 -1000 -833 -833 -31578337 -833 -1000 -666 -833 -26442753 -666 -1000 -499 -833 -21307169 -499 -1000 -332 -833 -16171585 -332 -1000 -165 -833 -11036001 -165 -1000 2 -833 -5900417 2 -1000 169 -833 -764833 169 -1000 336 -833 4370751 336 -1000 503 -833 9506335 503 -1000 670 -833 14641919 670 -1000 837 -833 19777503 837 -1000 1000 -833 24909243 -1000 -833 -833 -666 -31412673 -833 -833 -666 -666 -26277089 -666 -833 -499 -666 -21141505 -499 -833 -332 -666 -16005921 -332 -833 -165 -666 -10870337 -165 -833 2 -666 -5734753 2 -833 169 -666 -599169 169 -833 336 -666 4536415 336 -833 503 -666 9671999 503 -833 670 -666 14807583 670 -833 837 -666 19943167 837 -833 1000 -666 25074907 -1000 -666 -833 -499 -31247009 -833 -666 -666 -499 -26111425 -666 -666 -499 -499 -20975841 -499 -666 -332 -499 -15840257 -332 -666 -165 -499 -10704673 -165 -666 2 -499 -5569089 2 -666 169 -499 -433505 169 -666 336 -499 4702079 336 -666 503 -499 9837663 503 -666 670 -499 14973247 670 -666 837 -499 20108831 837 -666 1000 -499 25240571 -1000 -499 -833 -332 -31081345 -833 -499 -666 -332 -25945761 -666 -499 -499 -332 -20810177 -499 -499 -332 -332 -15674593 -332 -499 -165 -332 -10539009 -165 -499 2 -332 -5403425 2 -499 169 -332 -267841 169 -499 336 -332 4867743 336 -499 503 -332 10003327 503 -499 670 -332 15138911 670 -499 837 -332 20274495 837 -499 1000 -332 25406235 -1000 -332 -833 -165 -30915681 -833 -332 -666 -165 -25780097 -666 -332 -499 -165 -20644513 -499 -332 -332 -165 -15508929 -332 -332 -165 -165 -10373345 -165 -332 2 -165 -5237761 2 -332 169 -165 -102177 169 -332 336 -165 5033407 336 -332 503 -165 10168991 503 -332 670 -165 15304575 670 -332 837 -165 20440159 837 -332 1000 -165 25571899 -1000 -165 -833 2 -30750017 -833 -165 -666 2 -25614433 -666 -165 -499 2 -20478849 -499 -165 -332 2 -15343265 -332 -165 -165 2 -10207681 -165 -165 2 2 -5072097 2 -165 169 2 63487 169 -165 336 2 5199071 336 -165 503 2 10334655 503 -165 670 2 15470239 670 -165 837 2 20605823 837 -165 1000 2 25737563 -1000 2 -833 169 -30584353 -833 2 -666 169 -25448769 -666 2 -499 169 -20313185 -499 2 -332 169 -15177601 -332 2 -165 169 -10042017 -165 2 2 169 -4906433 2 2 169 169 229151 169 2 336 169 5364735 336 2 503 169 10500319 503 2 670 169 15635903 670 2 837 169 20771487 837 2 1000 169 25903227 -1000 169 -833 336 -30418689 -833 169 -666 336 -25283105 -666 169 -499 336 -20147521 -499 169 -332 336 -15011937 -332 169 -165 336 -9876353 -165 169 2 336 -4740769 2 169 169 336 394815 169 169 336 336 5530399 336 169 503 336 10665983 503 169 670 336 15801567 670 169 837 336 20937151 837 169 1000 336 26068891 -1000 336 -833 503 -30253025 -833 336 -666 503 -25117441 -666 336 -499 503 -19981857 -499 336 -332 503 -14846273 -332 336 -165 503 -9710689 -165 336 2 503 -4575105 2 336 169 503 560479 169 336 336 503 5696063 336 336 503 503 10831647 503 336 670 503 15967231 670 336 837 503 21102815 837 336 1000 503 26234555 -1000 503 -833 670 -30087361 -833 503 -666 670 -24951777 -666 503 -499 670 -19816193 -499 503 -332 670 -14680609 -332 503 -165 670 -9545025 -165 503 2 670 -4409441 2 503 169 670 726143 169 503 336 670 5861727 336 503 503 670 10997311 503 503 670 670 16132895 670 503 837 670 21268479 837 503 1000 670 26400219 -1000 670 -833 837 -29921697 -833 670 -666 837 -24786113 -666 670 -499 837 -19650529 -499 670 -332 837 -14514945 -332 670 -165 837 -9379361 -165 670 2 837 -4243777 2 670 169 837 891807 169 670 336 837 6027391 336 670 503 837 11162975 503 670 670 837 16298559 670 670 837 837 21434143 837 670 1000 837 26565883 -1000 837 -833 1000 -29756157 -833 837 -666 1000 -24620573 -666 837 -499 1000 -19484989 -499 837 -332 1000 -14349405 -332 837 -165 1000 -9213821 -165 837 2 1000 -4078237 2 837 169 1000 1057347 169 837 336 1000 6192931 336 837 503 1000 11328515 503 837 670 1000 16464099 670 837 837 1000 21599683 837 837 1000 1000 26731423 0
PAGES -1000 -1000 1000 1000 300 -549 110 -40 847 49 -1000 -1000 -714 -714 -31460289 -714 -1000 -428 -714 -22665217 -428 -1000 -142 -714 -13870145 -142 -1000 144 -714 -5075073 144 -1000 430 -714 3719999 430 -1000 716 -714 12515071 716 -1000 1000 -714 21308221 -1000 -714 -714 -428 -31176577 -714 -714 -428 -428 -22381505 -428 -714 -142 -428 -13586433 -142 -714 144 -428 -4791361 144 -714 430 -428 4003711 430 -714 716 -428 12798783 716 -714 1000 -428 21591933 -1000 -428 -714 -142 -30892865 -714 -428 -428 -142 -22097793 -428 -428 -142 -142 -13302721 -142 -428 144 -142 -4507649 144 -428 430 -142 4287423 430 -428 716 -142 13082495 716 -428 1000 -142 21875645 -1000 -142 -714 144 -30609153 -714 -142 -428 144 -21814081 -428 -142 -142 144 -13019009 -142 -142 144 144 -4223937 144 -142 430 144 4571135 430 -142 716 144 13366207 716 -142 1000 144 22159357 -1000 144 -714 430 -30325441 -714 144 -428 430 -21530369 -428 144 -142 430 -12735297 -142 144 144 430 -3940225 144 144 430 430 4854847 430 144 716 430 13649919 716 144 1000 430 22443069 -1000 430 -714 716 -30041729 -714 430 -428 716 -21246657 -428 430 -142 716 -12451585 -142 430 144 716 -3656513 144 430 430 716 5138559 430 430 716 716 13933631 716 430 1000 716 22726781 -1000 716 -714 1000 -29758079 -714 716 -428 1000 -20963007 -428 716 -142 1000 -12167935 -142 716 144 1000 -3372863 144 716 430 1000 5422209 430 716 716 1000 14217281 716 716 1000 1000 23010431 12 -714 -142 -428 144 -428 -142 -142 144 -142 -142 144 144 -714 144 -428 430 -428 144 -142 430 -142 144 144 430 -714 430 -428 716 -428 430 -142 716 -142 430 144 716 -714 716 -428 1000 -428 716 -142 1000 -142 716 144 1000
PAGES -1000 -1000 1000 1000 483 831 94 1377 137 25 -1000 -1000 -600 -600 -31347201 -600 -1000 -200 -600 -19046401 -200 -1000 200 -600 -6745601 200 -1000 600 -600 5555199 600 -1000 1000 -600 17855999 -1000 -600 -600 -200 -30950401 -600 -600 -200 -200 -18649601 -200 -600 200 -200 -6348801 200 -600 600 -200 5951999 600 -600 1000 -200 18252799 -1000 -200 -600 200 -30553601 -600 -200 -200 200 -18252801 -200 -200 200 200 -5952001 200 -200 600 200 6348799 600 -200 1000 200 18649599 -1000 200 -600 600 -30156801 -600 200 -200 600 -17856001 -200 200 200 600 -5555201 200 200 600 600 6745599 600 200 1000 600 19046399 -1000 600 -600 1000 -29760001 -600 600 -200 1000 -17459201 -200 600 200 1000 -5158401 200 600 600 1000 7142399 600 600 1000 1000 19443199 1 600 -200 1000 200
PAGES -1000 -1000 1000 1000 252 -1000 -1000 -1000 1000 64 -1000 -1000 -750 -750 -31496001 -750 -1000 -500 -750 -23808001 -500 -1000 -250 -750 -16120001 -250 -1000 0 -750 -8432001 0 -1000 250 -750 -744001 250 -1000 500 -750 6943999 500 -1000 750 -750 14631999 750 -1000 1000 -750 22319999 -1000 -750 -750 -500 -31248001 -750 -750 -500 -500 -23560001 -500 -750 -250 -500 -15872001 -250 -750 0 -500 -8184001 0 -750 250 -500 -496001 250 -750 500 -500 7191999 500 -750 750 -500 14879999 750 -750 1000 -500 22567999 -1000 -500 -750 -250 -31000001 -750 -500 -500 -250 -23312001 -500 -500 -250 -250 -15624001 -250 -500 0 -250 -7936001 0 -500 250 -250 -248001 250 -500 500 -250 7439999 500 -500 750 -250 15127999 750 -500 1000 -250 22815999 -1000 -250 -750 0 -30752001 -750 -250 -500 0 -23064001 -500 -250 -250 0 -15376001 -250 -250 0 0 -7688001 0 -250 250 0 -1 250 -250 500 0 7687999 500 -250 750 0 15375999 750 -250 1000 0 23063999 -1000 0 -750 250 -30504001 -750 0 -500 250 -22816001 -500 0 -250 250 -15128001 -250 0 0 250 -7440001 0 0 250 250 247999 250 0 500 250 7935999 500 0 750 250 15623999 750 0 1000 250 23311999 -1000 250 -750 500 -30256001 -750 250 -500 500 -22568001 -500 250 -250 500 -14880001 -250 250 0 500 -7192001 0 250 250 500 495999 250 250 500 500 8183999 500 250 750 500 15871999 750 250 1000 500 23559999 -1000 500 -750 750 -30008001 -750 500 -500 750 -22320001 -500 500 -250 750 -14632001 -250 500 0 750 -6944001 0 500 250 750 743999 250 500 500 750 8431999 500 500 750 750 16119999 750 500 1000 750 23807999 -1000 750 -750 1000 -29760001 -750 750 -500 1000 -22072001 -500 750 -250 1000 -14384001 -250 750 0 1000 -6696001 0 750 250 1000 991999 250 750 500 1000 8679999 500 750 750 1000 16367999 750 750 1000 1000 24055999 0
PAGES -1000 -1000 1000 1000 620 1100 1100 1200 1200 16 -1000 -1000 -500 -500 -31248001 -500 -1000 0 -500 -15872001 0 -1000 500 -500 -496001 500 -1000 1000 -500 14879999 -1000 -500 -500 0 -30752001 -500 -500 0 0 -15376001 0 -500 500 0 -1 500 -500 1000 0 15375999 -1000 0 -500 500 -30256001 -500 0 0 500 -14880001 0 0 500 500 495999 500 0 1000 500 15871999 -1000 500 -500 1000 -29760001 -500 500 0 1000 -14384001 0 500 500 1000 991999 500 500 1000 1000 16367999 0
PAGES -1000 -1000 1000 1000 224 -769 -440 -282 248 81 -1000 -1000 -777 -777 -31522785 -777 -1000 -554 -777 -24665089 -554 -1000 -331 -777 -17807393 -331 -1000 -108 -777 -10949697 -108 -1000 115 -777 -4092001 115 -1000 338 -777 2765695 338 -1000 561 -777 9623391 561 -1000 784 -777 16481087 784 -1000 1000 -777 23332056 -1000 -777 -777 -554 -31301569 -777 -777 -554 -554 -24443873 -554 -777 -331 -554 -17586177 -331 -777 -108 -554 -10728481 -108 -777 115 -554 -3870785 115 -777 338 -554 2986911 338 -777 561 -554 9844607 561 -777 784 -554 16702303 784 -777 1000 -554 23553272 -1000 -554 -777 -331 -31080353 -777 -554 -554 -331 -24222657 -554 -554 -331 -331 -17364961 -331 -554 -108 -331 -10507265 -108 -554 115 -331 -3649569 115 -554 338 -331 3208127 338 -554 561 -331 10065823 561 -554 784 -331 16923519 784 -554 1000 -331 23774488 -1000 -331 -777 -108 -30859137 -777 -331 -554 -108 -24001441 -554 -331 -331 -108 -17143745 -331 -331 -108 -108 -10286049 -108 -331 115 -108 -3428353 115 -331 338 -108 3429343 338 -331 561 -108 10287039 561 -331 784 -108 17144735 784 -331 1000 -108 23995704 -1000 -108 -777 115 -30637921 -777 -108 -554 115 -23780225 -554 -108 -331 115 -16922529 -331 -108 -108 115 -10064833 -108 -108 115 115 -3207137 115 -108 338 115 3650559 338 -108 561 115 10508255 561 -108 784 115 17365951 784 -108 1000 115 24216920 -1000 115 -777 338 -30416705 -777 115 -554 338 -23559009 -554 115 -331 338 -16701313 -331 115 -108 338 -9843617 -108 115 115 338 -2985921 115 115 338 338 3871775 338 115 561 338 10729471 561 115 784 338 17587167 784 115 1000 338 24438136 -1000 338 -777 561 -30195489 -777 338 -554 561 -23337793 -554 338 -331 561 -16480097 -331 338 -108 561 -9622401 -108 338 115 561 -2764705 115 338 338 561 4092991 338 338 561 561 10950687 561 338 784 561 17808383 784 338 1000 561 24659352 -1000 561 -777 784 -29974273 -777 561 -554 784 -23116577 -554 561 -331 784 -16258881 -331 561 -108 784 -9401185 -108 561 115 784 -2543489 115 561 338 784 4314207 338 561 561 784 11171903 561 561 784 784 18029599 784 561 1000 784 24880568 -1000 784 -777 1000 -29753274 -777 784 -554 1000 -22895578 -554 784 -331 1000 -16037882 -331 784 -108 1000 -9180186 -108 784 115 1000 -2322490 115 784 338 1000 4535206 338 784 561 1000 11392902 561 784 784 1000 18250598 784 784 1000 1000 25101567 12 -777 -554 -554 -331 -554 -554 -331 -331 -331 -554 -108 -331 -777 -331 -554 -108 -554 -331 -331 -108 -331 -331 -108 -108 -777 -108 -554 115 -554 -108 -331 115 -331 -108 -108 115 -777 115 -554 338 -554 115 -331 338 -331 115 -108 338
PAGES -1000 -1000 1000 1000 251 -997 415 -607 1205 64 -1000 -1000 -750 -750 -31496001 -750 -1000 -500 -750 -23808001 -500 -1000 -250 -750 -16120001 -250 -1000 0 -750 -8432001 0 -1000 250 -750 -744001 250 -1000 500 -750 6943999 500 -1000 750 -750 14631999 750 -1000 1000 -750 22319999 -1000 -750 -750 -500 -31248001 -750 -750 -500 -500 -23560001 -500 -750 -250 -500 -15872001 -250 -750 0 -500 -8184001 0 -750 250 -500 -496001 250 -750 500 -500 7191999 500 -750 750 -500 14879999 750 -750 1000 -500 22567999 -1000 -500 -750 -250 -31000001 -750 -500 -500 -250 -23312001 -500 -500 -250 -250 -15624001 -250 -500 0 -250 -7936001 0 -500 250 -250 -248001 250 -500 500 -250 7439999 500 -500 750 -250 15127999 750 -500 1000 -250 22815999 -1000 -250 -750 0 -30752001 -750 -250 -500 0 -23064001 -500 -250 -250 0 -15376001 -250 -250 0 0 -7688001 0 -250 250 0 -1 250 -250 500 0 7687999 500 -250 750 0 15375999 750 -250 1000 0 23063999 -1000 0 -750 250 -30504001 -750 0 -500 250 -22816001 -500 0 -250 250 -15128001 -250 0 0 250 -7440001 0 0 250 250 247999 250 0 500 250 7935999 500 0 750 250 15623999 750 0 1000 250 23311999 -1000 250 -750 500 -30256001 -750 250 -500 500 -22568001 -500 250 -250 500 -14880001 -250 250 0 500 -7192001 0 250 250 500 495999 250 250 500 500 8183999 500 250 750 500 15871999 750 250 1000 500 23559999 -1000 500 -750 750 -30008001 -750 500 -500 750 -22320001 -500 500 -250 750 -14632001 -250 500 0 750 -6944001 0 500 250 750 743999 250 500 500 750 8431999 500 500 750 750 16119999 750 500 1000 750 23807999 -1000 750 -750 1000 -29760001 -750 750 -500 1000 -22072001 -500 750 -250 1000 -14384001 -250 750 0 1000 -6696001 0 750 250 1000 991999 250 750 500 1000 8679999 500 750 750 1000 16367999 750 750 1000 1000 24055999 6 -1000 250 -750 500 -750 250 -500 500 -1000 500 -750 750 -750 500 -500 750 -1000 750 -750 1000 -750 750 -500 1000
PAGES -1000 -1000 1000 1000 146 -1000 -1000 -1000 1000 196 -1000 -1000 -857 -857 -31602145 -857 -1000 -714 -857 -27204609 -714 -1000 -571 -857 -22807073 -571 -1000 -428 -857 -18409537 -428 -1000 -285 -857 -14012001 -285 -1000 -142 -857 -9614465 -142 -1000 1 -857 -5216929 1 -1000 144 -857 -819393 144 -1000 287 -857 3578143 287 -1000 430 -857 7975679 430 -1000 573 -857 12373215 573 -1000 716 -857 16770751 716 -1000 859 -857 21168287 859 -1000 1000 -857 25563901 -1000 -857 -857 -714 -31460289 -857 -857 -714 -714 -27062753 -714 -857 -571 -714 -22665217 -571 -857 -428 -714 -18267681 -428 -857 -285 -714 -13870145 -285 -857 -142 -714 -9472609 -142 -857 1 -714 -5075073 1 -857 144 -714 -677537 144 -857 287 -714 3719999 287 -857 430 -714 8117535 430 -857 573 -714 12515071 573 -857 716 -714 16912607 716 -857 859 -714 21310143 859 -857 1000 -714 25705757 -1000 -714 -857 -571 -31318433 -857 -714 -714 -571 -26920897 -714 -714 -571 -571 -22523361 -571 -714 -428 -571 -18125825 -428 -714 -285 -571 -13728289 -285 -714 -142 -571 -9330753 -142 -714 1 -571 -4933217 1 -714 144 -571 -535681 144 -714 287 -571 3861855 287 -714 430 -571 8259391 430 -714 573 -571 12656927 573 -714 716 -571 17054463 716 -714 859 -571 21451999 859 -714 1000 -571 25847613 -1000 -571 -857 -428 -31176577 -857 -571 -714 -428 -26779041 -714 -571 -571 -428 -22381505 -571 -571 -428 -428 -17983969 -428 -571 -285 -428 -13586433 -285 -571 -142 -428 -9188897 -142 -571 1 -428 -4791361 1 -571 144 -428 -393825 144 -571 287 -428 4003711 287 -571 430 -428 8401247 430 -571 573 -428 12798783 573 -571 716 -428 17196319 716 -571 859 -428 21593855 859 -571 1000 -428 25989469 -1000 -428 -857 -285 -31034721 -857 -428 -714 -285 -26637185 -714 -428 -571 -285 -22239649 -571 -428 -428 -285 -17842113 -428 -428 -285 -285 -13444577 -285 -428 -142 -285 -9047041 -142 -428 1 -285 -4649505 1 -428 144 -285 -251969 144 -428 287 -285 4145567 287 -428 430 -285 8543103 430 -428 573 -285 12940639 573 -428 716 -285 17338175 716 -428 859 -285 21735711 859 -428 1000 -285 26131325 -1000 -285 -857 -142 -30892865 -857 -285 -714 -142 -26495329 -714 -285 -571 -142 -22097793 -571 -285 -428 -142 -17700257 -428 -285 -285 -142 -13302721 -285 -285 -142 -142 -8905185 -142 -285 1 -142 -4507649 1 -285 144 -142 -110113 144 -285 287 -142 4287423 287 -285 430 -142 8684959 430 -285 573 -142 13082495 573 -285 716 -142 17480031 716 -285 859 -142 21877567 859 -285 1000 -142 26273181 -1000 -142 -857 1 -30751009 -857 -142 -714 1 -26353473 -714 -142 -571 1 -21955937 -571 -142 -428 1 -17558401 -428 -142 -285 1 -13160865 -285 -142 -142 1 -8763329 -142 -142 1 1 -4365793 1 -142 144 1 31743 144 -142 287 1 4429279 287 -142 430 1 8826815 430 -142 573 1 13224351 573 -142 716 1 17621887 716 -142 859 1 22019423 859 -142 1000 1 26415037 -1000 1 -857 144 -30609153 -857 1 -714 144 -26211617 -714 1 -571 144 -21814081 -571 1 -428 144 -17416545 -428 1 -285 144 -13019009 -285 1 -142 144 -8621473 -142 1 1 144 -4223937 1 1 144 144 173599 144 1 287 144 4571135 287 1 430 144 8968671 430 1 573 144 13366207 573 1 716 144 17763743 716 1 859 144 22161279 859 1 1000 144 26556893 -1000 144 -857 287 -30467297 -857 144 -714 287 -26069761 -714 144 -571 287 -21672225 -571 144 -428 287 -17274689 -428 144 -285 287 -12877153 -285 144 -142 287 -8479617 -142 144 1 287 -4082081 1 144 144 287 315455 144 144 287 287 4712991 287 144 430 287 9110527 430 144 573 287 13508063 573 144 716 287 17905599 716 144 859 287 22303135 859 144 1000 287 26698749 -1000 287 -857 430 -30325441 -857 287 -714 430 -25927905 -714 287 -571 430 -21530369 -571 287 -428 430 -17132833 -428 287 -285 430 -12735297 -285 287 -142 430 -8337761 -142 287 1 430 -3940225 1 287 144 430 457311 144 287 287 430 4854847 287 287 430 430 9252383 430 287 573 430 13649919 573 287 716 430 18047455 716 287 859 430 22444991 859 287 1000 430 26840605 -1000 430 -857 573 -30183585 -857 430 -714 573 -25786049 -714 430 -571 573 -21388513 -571 430 -428 573 -16990977 -428 430 -285 573 -12593441 -285 430 -142 573 -8195905 -142 430 1 573 -3798369 1 430 144 573 599167 144 430 287 573 4996703 287 430 430 573 9394239 430 430 573 573 13791775 573 430 716 573 18189311 716 430 859 573 22586847 859 430 1000 573 26982461 -1000 573 -857 716 -30041729 -857 573 -714 716 -25644193 -714 573 -571 716 -21246657 -571 573 -428 716 -16849121 -428 573 -285 716 -12451585 -285 573 -142 716 -8054049 -142 573 1 716 -3656513 1 573 144 716 741023 144 573 287 716 5138559 287 573 430 716 9536095 430 573 573 716 13933631 573 573 716 716 18331167 716 573 859 716 22728703 859 573 1000 716 27124317 -1000 716 -857 859 -29899873 -857 716 -714 859 -25502337 -714 716 -571 859 -21104801 -571 716 -428 859 -16707265 -428 716 -285 859 -12309729 -285 716 -142 859 -7912193 -142 716 1 859 -3514657 1 716 144 859 882879 144 716 287 859 5280415 287 716 430 859 9677951 430 716 573 859 14075487 573 716 716 859 18473023 716 716 859 859 22870559 859 716 1000 859 27266173 -1000 859 -857 1000 -29758079 -857 859 -714 1000 -25360543 -714 859 -571 1000 -20963007 -571 859 -428 1000 -16565471 -428 859 -285 1000 -12167935 -285 859 -142 1000 -7770399 -142 859 1 1000 -3372863 1 859 144 1000 1024673 144 859 287 1000 5422209 287 859 430 1000 9819745 430 859 573 1000 14217281 573 859 716 1000 18614817 716 859 859 1000 23012353 859 859 1000 1000 27407967 0
PAGES -1000 -1000 1000 1000 344 1100 1100 1200 1200 36 -1000 -1000 -666 -666 -31412673 -666 -1000 -332 -666 -21141505 -332 -1000 2 -666 -10870337 2 -1000 336 -666 -599169 336 -1000 670 -666 9671999 670 -1000 1000 -666 19939323 -1000 -666 -666 -332 -31081345 -666 -666 -332 -332 -20810177 -332 -666 2 -332 -10539009 2 -666 336 -332 -267841 336 -666 670 -332 10003327 670 -666 1000 -332 20270651 -1000 -332 -666 2 -30750017 -666 -332 -332 2 -20478849 -332 -332 2 2 -10207681 2 -332 336 2 63487 336 -332 670 2 10334655 670 -332 1000 2 20601979 -1000 2 -666 336 -30418689 -666 2 -332 336 -20147521 -332 2 2 336 -9876353 2 2 336 336 394815 336 2 670 336 10665983 670 2 1000 336 20933307 -1000 336 -666 670 -30087361 -666 336 -332 670 -19816193 -332 336 2 670 -9545025 2 336 336 670 726143 336 336 670 670 10997311 670 336 1000 670 21264635 -1000 670 -666 1000 -29756157 -666 670 -332 1000 -19484989 -332 670 2 1000 -9213821 2 670 336 1000 1057347 336 670 670 1000 11328515 670 670 1000 1000 21595839 0
PAGES -1000 -1000 1000 1000 511 -75 -943 511 -690 16 -1000 -1000 -500 -500 -31248001 -500 -1000 0 -500 -15872001 0 -1000 500 -500 -496001 500 -1000 1000 -500 14879999 -1000 -500 -500 0 -30752001 -500 -500 0 0 -15376001 0 -500 500 0 -1 500 -500 1000 0 15375999 -1000 0 -500 500 -30256001 -500 0 0 500 -14880001 0 0 500 500 495999 500 0 1000 500 15871999 -1000 500 -500 1000 -29760001 -500 500 0 1000 -14384001 0 500 500 1000 991999 500 500 1000 1000 16367999 3 -500 -1000 0 -500 0 -1000 500 -500 500 -1000 1000 -500
PAGES -1000 -1000 1000 1000 369 -174 663 74 1169 36 -1000 -1000 -666 -666 -31412673 -666 -1000 -332 -666 -21141505 -332 -1000 2 -666 -10870337 2 -1000 336 -666 -599169 336 -1000 670 -666 9671999 670 -1000 1000 -666 19939323 -1000 -666 -666 -332 -31081345 -666 -666 -332 -332 -20810177 -332 -666 2 -332 -10539009 2 -666 336 -332 -267841 336 -666 670 -332 10003327 670 -666 1000 -332 20270651 -1000 -332 -666 2 -30750017 -666 -332 -332 2 -20478849 -332 -332 2 2 -10207681 2 -332 336 2 63487 336 -332 670 2 10334655 670 -332 1000 2 20601979 -1000 2 -666 336 -30418689 -666 2 -332 336 -20147521 -332 2 2 336 -9876353 2 2 336 336 394815 336 2 670 336 10665983 670 2 1000 336 20933307 -1000 336 -666 670 -30087361 -666 336 -332 670 -19816193 -332 336 2 670 -9545025 2 336 336 670 726143 336 336 670 670 10997311 670 336 1000 670 21264635 -1000 670 -666 1000 -29756157 -666 670 -332 1000 -19484989 -332 670 2 1000 -9213821 2 670 336 1000 1057347 336 670 670 1000 11328515 670 670 1000 1000 21595839 4 -332 336 2 670 2 336 336 670 -332 670 2 1000 2 670 336 1000
PAGES -1000 -1000 1000 1000 444 -1000 -1000 -1000 1000 25 -1000 -1000 -600 -600 -31347201 -600 -1000 -200 -600 -19046401 -200 -1000 200 -600 -6745601 200 -1000 600 -600 5555199 600 -1000 1000 -600 17855999 -1000 -600 -600 -200 -30950401 -600 -600 -200 -200 -18649601 -200 -600 200 -200 -6348801 200 -600 600 -200 5951999 600 -600 1000 -200 18252799 -1000 -200 -600 200 -30553601 -600 -200 -200 200 -18252801 -200 -200 200 200 -5952001 200 -200 600 200 6348799 600 -200 1000 200 18649599 -1000 200 -600 600 -30156801 -600 200 -200 600 -17856001 -200 200 200 600 -5555201 200 200 600 600 6745599 600 200 1000 600 19046399 -1000 600 -600 1000 -29760001 -600 600 -200 1000 -17459201 -200 600 200 1000 -5158401 200 600 600 1000 7142399 600 600 1000 1000 19443199 0
PAGES -1000 -1000 1000 1000 738 1100 1100 1200 1200 9 -1000 -1000 -333 -333 -31082337 -333 -1000 334 -333 -10570753 334 -1000 1000 -333 9939870 -1000 -333 -333 334 -30420673 -333 -333 334 334 -9909089 334 -333 1000 334 10601534 -1000 334 -333 1000 -29759040 -333 334 334 1000 -9247456 334 334 1000 1000 11263167 0
PAGES -1000 -1000 1000 1000 597 722 -346 1011 310 16 -1000 -1000 -500 -500 -31248001 -500 -1000 0 -500 -15872001 0 -1000 500 -500 -496001 500 -1000 1000 -500 14879999 -1000 -500 -500 0 -30752001 -500 -500 0 0 -15376001 0 -500 500 0 -1 500 -500 1000 0 15375999 -1000 0 -500 500 -30256001 -500 0 0 500 -14880001 0 0 500 500 495999 500 0 1000 500 15871999 -1000 500 -500 1000 -29760001 -500 500 0 1000 -14384001 0 500 500 1000 991999 500 500 1000 1000 16367999 2 500 -500 1000 0 500 0 1000 500
PAGES -1000 -1000 1000 1000 73 -439 192 117 779 784 -1000 -1000 -928 -928 -31672577 -928 -1000 -856 -928 -29458433 -856 -1000 -784 -928 -27244289 -784 -1000 -712 -928 -25030145 -712 -1000 -640 -928 -22816001 -640 -1000 -568 -928 -20601857 -568 -1000 -496 -928 -18387713 -496 -1000 -424 -928 -16173569 -424 -1000 -352 -928 -13959425 -352 -1000 -280 -928 -11745281 -280 -1000 -208 -928 -9531137 -208 -1000 -136 -928 -7316993 -136 -1000 -64 -928 -5102849 -64 -1000 8 -928 -2888705 8 -1000 80 -928 -674561 80 -1000 152 -928 1539583 152 -1000 224 -928 3753727 224 -1000 296 -928 5967871 296 -1000 368 -928 8182015 368 -1000 440 -928 10396159 440 -1000 512 -928 12610303 512 -1000 584 -928 14824447 584 -1000 656 -928 17038591 656 -1000 728 -928 19252735 728 -1000 800 -928 21466879 800 -1000 872 -928 23681023 872 -1000 944 -928 25895167 944 -1000 1000 -928 28093935 -1000 -928 -928 -856 -31601153 -928 -928 -856 -856 -29387009 -856 -928 -784 -856 -27172865 -784 -928 -712 -856 -24958721 -712 -928 -640 -856 -22744577 -640 -928 -568 -856 -20530433 -568 -928 -496 -856 -18316289 -496 -928 -424 -856 -16102145 -424 -928 -352 -856 -13888001 -352 -928 -280 -856 -11673857 -280 -928 -208 -856 -9459713 -208 -928 -136 -856 -7245569 -136 -928 -64 -856 -5031425 -64 -928 8 -856 -2817281 8 -928 80 -856 -603137 80 -928 152 -856 1611007 152 -928 224 -856 3825151 224 -928 296 -856 6039295 296 -928 368 -856 8253439 368 -928 440 -856 10467583 440 -928 512 -856 12681727 512 -928 584 -856 14895871 584 -928 656 -856 17110015 656 -928 728 -856 19324159 728 -928 800 -856 21538303 800 -928 872 -856 23752447 872 -928 944 -856 25966591 944 -928 1000 -856 28165359 -1000 -856 -928 -784 -31529729 -928 -856 -856 -784 -29315585 -856 -856 -784 -784 -27101441 -784 -856 -712 -784 -24887297 -712 -856 -640 -784 -22673153 -640 -856 -568 -784 -20459009 -568 -856 -496 -784 -18244865 -496 -856 -424 -784 -16030721 -424 -856 -352 -784 -13816577 -352 -856 -280 -784 -11602433 -280 -856 -208 -784 -9388289 -208 -856 -136 -784 -7174145 -136 -856 -64 -784 -4960001 -64 -856 8 -784 -2745857 8 -856 80 -784 -531713 80 -856 152 -784 1682431 152 -856 224 -784 3896575 224 -856 296 -784 6110719 296 -856 368 -784 8324863 368 -856 440 -784 10539007 440 -856 512 -784 12753151 512 -856 584 -784 14967295 584 -856 656 -784 17181439 656 -856 728 -784 19395583 728 -856 800 -784 21609727 800 -856 872 -784 23823871 872 -856 944 -784 26038015 944 -856 1000 -784 28236783 -1000 -784 -928 -712 -31458305 -928 -784 -856 -712 -29244161 -856 -784 -784 -712 -27030017 -784 -784 -712 -712 -24815873 -712 -784 -640 -712 -22601729 -640 -784 -568 -712 -20387585 -568 -784 -496 -712 -18173441 -496 -784 -424 -712 -15959297 -424 -784 -352 -712 -13745153 -352 -784 -280 -712 -11531009 -280 -784 -208 -712 -9316865 -208 -784 -136 -712 -7102721 -136 -784 -64 -712 -4888577 -64 -784 8 -712 -2674433 8 -784 80 -712 -460289 80 -784 152 -712 1753855 152 -784 224 -712 3967999 224 -784 296 -712 6182143 296 -784 368 -712 8396287 368 -784 440 -712 10610431 440 -784 512 -712 12824575 512 -784 584 -712 15038719 584 -784 656 -712 17252863 656 -784 728 -712 19467007 728 -784 800 -712 21681151 800 -784 872 -712 23895295 872 -784 944 -712 26109439 944 -784 1000 -712 28308207 -1000 -712 -928 -640 -31386881 -928 -712 -856 -640 -29172737 -856 -712 -784 -640 -26958593 -784 -712 -712 -640 -24744449 -712 -712 -640 -640 -22530305 -640 -712 -568 -640 -20316161 -568 -712 -496 -640 -18102017 -496 -712 -424 -640 -15887873 -424 -712 -352 -640 -13673729 -352 -712 -280 -640 -11459585 -280 -712 -208 -640 -9245441 -208 -712 -136 -640 -7031297 -136 -712 -64 -640 -4817153 -64 -712 8 -640 -2603009 8 -712 80 -640 -388865 80 -712 152 -640 1825279 152 -712 224 -640 4039423 224 -712 296 -640 6253567 296 -712 368 -640 8467711 368 -712 440 -640 10681855 440 -712 512 -640 12895999 512 -712 584 -640 15110143 584 -712 656 -640 17324287 656 -712 728 -640 19538431 728 -712 800 -640 21752575 800 -712 872 -640 23966719 872 -712 944 -640 26180863 944 -712 1000 -640 28379631 -1000 -640 -928 -568 -31315457 -928 -640 -856 -568 -29101313 -856 -640 -784 -568 -26887169 -784 -640 -712 -568 -24673025 -712 -640 -640 -568 -22458881 -640 -640 -568 -568 -20244737 -568 -640 -496 -568 -18030593 -496 -640 -424 -568 -15816449 -424 -640 -352 -568 -13602305 -352 -640 -280 -568 -11388161 -280 -640 -208 -568 -9174017 -208 -640 -136 -568 -6959873 -136 -640 -64 -568 -4745729 -64 -640 8 -568 -2531585 8 -640 80 -568 -317441 80 -640 152 -568 1896703 152 -640 224 -568 4110847 224 -640 296 -568 6324991 296 -640 368 -568 8539135 368 -640 440 -568 10753279 440 -640 512 -568 12967423 512 -640 584 -568 15181567 584 -640 656 -568 17395711 656 -640 728 -568 19609855 728 -640 800 -568 21823999 800 -640 872 -568 24038143 872 -640 944 -568 26252287 944 -640 1000 -568 28451055 -1000 -568 -928 -496 -31244033 -928 -568 -856 -496 -29029889 -856 -568 -784 -496 -26815745 -784 -568 -712 -496 -24601601 -712 -568 -640 -496 -22387457 -640 -568 -568 -496 -20173313 -568 -568 -496 -496 -17959169 -496 -568 -424 -496 -15745025 -424 -568 -352 -496 -13530881 -352 -568 -280 -496 -11316737 -280 -568 -208 -496 -9102593 -208 -568 -136 -496 -6888449 -136 -568 -64 -496 -4674305 -64 -568 8 -496 -2460161 8 -568 80 -496 -246017 80 -568 152 -496 1968127 152 -568 224 -496 4182271 224 -568 296 -496 6396415 296 -568 368 -496 8610559 368 -568 440 -496 10824703 440 -568 512 -496 13038847 512 -568 584 -496 15252991 584 -568 656 -496 17467135 656 -568 728 -496 19681279 728 -568 800 -496 21895423 800 -568 872 -496 24109567 872 -568 944 -496 26323711 944 -568 1000 -496 28522479 -1000 -496 -928 -424 -31172609 -928 -496 -856 -424 -28958465 -856 -496 -784 -424 -26744321 -784 -496 -712 -424 -24530177 -712 -496 -640 -424 -22316033 -640 -496 -568 -424 -20101889 -568 -496 -496 -424 -17887745 -496 -496 -424 -424 -15673601 -424 -496 -352 -424 -13459457 -352 -496 -280 -424 -11245313 -280 -496 -208 -424 -9031169 -208 -496 -136 -424 -6817025 -136 -496 -64 -424 -4602881 -64 -496 8 -424 -2388737 8 -496 80 -424 -174593 80 -496 152 -424 2039551 152 -496 224 -424 4253695 224 -496 296 -424 6467839 296 -496 368 -424 8681983 368 -496 440 -424 10896127 440 -496 512 -424 13110271 512 -496 584 -424 15324415 584 -496 656 -424 17538559 656 -496 728 -424 19752703 728 -496 800 -424 21966847 800 -496 872 -424 24180991 872 -496 944 -424 26395135 944 -496 1000 -424 28593903 -1000 -424 -928 -352 -31101185 -928 -424 -856 -352 -28887041 -856 -424 -784 -352 -26672897 -784 -424 -712 -352 -24458753 -712 -424 -640 -352 -22244609 -640 -424 -568 -352 -20030465 -568 -424 -496 -352 -17816321 -496 -424 -424 -352 -15602177 -424 -424 -352 -352 -13388033 -352 -424 -280 -352 -11173889 -280 -424 -208 -352 -8959745 -208 -424 -136 -352 -6745601 -136 -424 -64 -352 -4531457 -64 -424 8 -352 -2317313 8 -424 80 -352 -103169 80 -424 152 -352 2110975 152 -424 224 -352 4325119 224 -424 296 -352 6539263 296 -424 368 -352 8753407 368 -424 440 -352 10967551 440 -424 512 -352 13181695 512 -424 584 -352 15395839 584 -424 656 -352 17609983 656 -424 728 -352 19824127 728 -424 800 -352 22038271 800 -424 872 -352 24252415 872 -424 944 -352 26466559 944 -424 1000 -352 28665327 -1000 -352 -928 -280 -31029761 -928 -352 -856 -280 -28815617 -856 -352 -784 -280 -26601473 -784 -352 -712 -280 -24387329 -712 -352 -640 -280 -22173185 -640 -352 -568 -280 -19959041 -568 -352 -496 -280 -17744897 -496 -352 -424 -280 -15530753 -424 -352 -352 -280 -13316609 -352 -352 -280 -280 -11102465 -280 -352 -208 -280 -8888321 -208 -352 -136 -280 -6674177 -136 -352 -64 -280 -4460033 -64 -352 8 -280 -2245889 8 -352 80 -280 -31745 80 -352 152 -280 2182399 152 -352 224 -280 4396543 224 -352 296 -280 6610687 296 -352 368 -280 8824831 368 -352 440 -280 11038975 440 -352 512 -280 13253119 512 -352 584 -280 15467263 584 -352 656 -280 17681407 656 -352 728 -280 19895551 728 -352 800 -280 22109695 800 -352 872 -280 24323839 872 -352 944 -280 26537983 944 -352 1000 -280 28736751 -1000 -280 -928 -208 -30958337 -928 -280 -856 -208 -28744193 -856 -280 -784 -208 -26530049 -784 -280 -712 -208 -24315905 -712 -280 -640 -208 -22101761 -640 -280 -568 -208 -19887617 -568 -280 -496 -208 -17673473 -496 -280 -424 -208 -15459329 -424 -280 -352 -208 -13245185 -352 -280 -280 -208 -11031041 -280 -280 -208 -208 -8816897 -208 -280 -136 -208 -6602753 -136 -280 -64 -208 -4388609 -64 -280 8 -208 -2174465 8 -280 80 -208 39679 80 -280 152 -208 2253823 152 -280 224 -208 4467967 224 -280 296 -208 6682111 296 -280 368 -208 8896255 368 -280 440 -208 11110399 440 -280 512 -208 13324543 512 -280 584 -208 15538687 584 -280 656 -208 17752831 656 -280 728 -208 19966975 728 -280 800 -208 22181119 800 -280 872 -208 24395263 872 -280 944 -208 26609407 944 -280 1000 -208 28808175 -1000 -208 -928 -136 -30886913 -928 -208 -856 -136 -28672769 -856 -208 -784 -136 -26458625 -784 -208 -712 -136 -24244481 -712 -208 -640 -136 -22030337 -640 -208 -568 -136 -19816193 -568 -208 -496 -136 -17602049 -496 -208 -424 -136 -15387905 -424 -208 -352 -136 -13173761 -352 -208 -280 -136 -10959617 -280 -208 -208 -136 -8745473 -208 -208 -136 -136 -6531329 -136 -208 -64 -136 -4317185 -64 -208 8 -136 -2103041 8 -208 80 -136 111103 80 -208 152 -136 2325247 152 -208 224 -136 4539391 224 -208 296 -136 6753535 296 -208 368 -136 8967679 368 -208 440 -136 11181823 440 -208 512 -136 13395967 512 -208 584 -136 15610111 584 -208 656 -136 17824255 656 -208 728 -136 20038399 728 -208 800 -136 22252543 800 -208 872 -136 24466687 872 -208 944 -136 26680831 944 -208 1000 -136 28879599 -1000 -136 -928 -64 -30815489 -928 -136 -856 -64 -28601345 -856 -136 -784 -64 -26387201 -784 -136 -712 -64 -24173057 -712 -136 -640 -64 -21958913 -640 -136 -568 -64 -19744769 -568 -136 -496 -64 -17530625 -496 -136 -424 -64 -15316481 -424 -136 -352 -64 -13102337 -352 -136 -280 -64 -10888193 -280 -136 -208 -64 -8674049 -208 -136 -136 -64 -6459905 -136 -136 -64 -64 -4245761 -64 -136 8 -64 -2031617 8 -136 80 -64 182527 80 -136 152 -64 2396671 152 -136 224 -64 4610815 224 -136 296 -64 6824959 296 -136 368 -64 9039103 368 -136 440 -64 11253247 440 -136 512 -64 13467391 512 -136 584 -64 15681535 584 -136 656 -64 17895679 656 -136 728 -64 20109823 728 -136 800 -64 22323967 800 -136 872 -64 24538111 872 -136 944 -64 26752255 944 -136 1000 -64 28951023 -1000 -64 -928 8 -30744065 -928 -64 -856 8 -28529921 -856 -64 -784 8 -26315777 -784 -64 -712 8 -24101633 -712 -64 -640 8 -21887489 -640 -64 -568 8 -19673345 -568 -64 -496 8 -17459201 -496 -64 -424 8 -15245057 -424 -64 -352 8 -13030913 -352 -64 -280 8 -10816769 -280 -64 -208 8 -8602625 -208 -64 -136 8 -6388481 -136 -64 -64 8 -4174337 -64 -64 8 8 -1960193 8 -64 80 8 253951 80 -64 152 8 2468095 152 -64 224 8 4682239 224 -64 296 8 6896383 296 -64 368 8 9110527 368 -64 440 8 11324671 440 -64 512 8 13538815 512 -64 584 8 15752959 584 -64 656 8 17967103 656 -64 728 8 20181247 728 -64 800 8 22395391 800 -64 872 8 24609535 872 -64 944 8 26823679 944 -64 1000 8 29022447 -1000 8 -928 80 -30672641 -928 8 -856 80 -28458497 -856 8 -784 80 -26244353 -784 8 -712 80 -24030209 -712 8 -640 80 -21816065 -640 8 -568 80 -19601921 -568 8 -496 80 -17387777 -496 8 -424 80 -15173633 -424 8 -352 80 -12959489 -352 8 -280 80 -10745345 -280 8 -208 80 -8531201 -208 8 -136 80 -6317057 -136 8 -64 80 -4102913 -64 8 8 80 -1888769 8 8 80 80 325375 80 8 152 80 2539519 152 8 224 80 4753663 224 8 296 80 6967807 296 8 368 80 9181951 368 8 440 80 11396095 440 8 512 80 13610239 512 8 584 80 15824383 584 8 656 80 18038527 656 8 728 80 20252671 728 8 800 80 22466815 800 8 872 80 24680959 872 8 944 80 26895103 944 8 1000 80 29093871 -1000 80 -928 152 -30601217 -928 80 -856 152 -28387073 -856 80 -784 152 -26172929 -784 80 -712 152 -23958785 -712 80 -640 152 -21744641 -640 80 -568 152 -19530497 -568 80 -496 152 -17316353 -496 80 -424 152 -15102209 -424 80 -352 152 -12888065 -352 80 -280 152 -10673921 -280 80 -208 152 -8459777 -208 80 -136 152 -6245633 -136 80 -64 152 -4031489 -64 80 8 152 -1817345 8 80 80 152 396799 80 80 152 152 2610943 152 80 224 152 4825087 224 80 296 152 7039231 296 80 368 152 9253375 368 80 440 152 11467519 440 80 512 152 13681663 512 80 584 152 15895807 584 80 656 152 18109951 656 80 728 152 20324095 728 80 800 152 22538239 800 80 872 152 24752383 872 80 944 152 26966527 944 80 1000 152 29165295 -1000 152 -928 224 -30529793 -928 152 -856 224 -28315649 -856 152 -784 224 -26101505 -784 152 -712 224 -23887361 -712 152 -640 224 -21673217 -640 152 -568 224 -19459073 -568 152 -496 224 -17244929 -496 152 -424 224 -15030785 -424 152 -352 224 -12816641 -352 152 -280 224 -10602497 -280 152 -208 224 -8388353 -208 152 -136 224 -6174209 -136 152 -64 224 -3960065 -64 152 8 224 -1745921 8 152 80 224 468223 80 152 152 224 2682367 152 152 224 224 4896511 224 152 296 224 7110655 296 152 368 224 9324799 368 152 440 224 11538943 440 152 512 224 13753087 512 152 584 224 15967231 584 152 656 224 18181375 656 152 728 224 20395519 728 152 800 224 22609663 800 152 872 224 24823807 872 152 944 224 27037951 944 152 1000 224 29236719 -1000 224 -928 296 -30458369 -928 224 -856 296 -28244225 -856 224 -784 296 -26030081 -784 224 -712 296 -23815937 -712 224 -640 296 -21601793 -640 224 -568 296 -19387649 -568 224 -496 296 -17173505 -496 224 -424 296 -14959361 -424 224 -352 296 -12745217 -352 224 -280 296 -10531073 -280 224 -208 296 -8316929 -208 224 -136 296 -6102785 -136 224 -64 296 -3888641 -64 224 8 296 -1674497 8 224 80 296 539647 80 224 152 296 2753791 152 224 224 296 4967935 224 224 296 296 7182079 296 224 368 296 9396223 368 224 440 296 11610367 440 224 512 296 13824511 512 224 584 296 16038655 584 224 656 296 18252799 656 224 728 296 20466943 728 224 800 296 22681087 800 224 872 296 24895231 872 224 944 296 27109375 944 224 1000 296 29308143 -1000 296 -928 368 -30386945 -928 296 -856 368 -28172801 -856 296 -784 368 -25958657 -784 296 -712 368 -23744513 -712 296 -640 368 -21530369 -640 296 -568 368 -19316225 -568 296 -496 368 -17102081 -496 296 -424 368 -14887937 -424 296 -352 368 -12673793 -352 296 -280 368 -10459649 -280 296 -208 368 -8245505 -208 296 -136 368 -6031361 -136 296 -64 368 -3817217 -64 296 8 368 -1603073 8 296 80 368 611071 80 296 152 368 2825215 152 296 224 368 5039359 224 296 296 368 7253503 296 296 368 368 9467647 368 296 440 368 11681791 440 296 512 368 13895935 512 296 584 368 16110079 584 296 656 368 18324223 656 296 728 368 20538367 728 296 800 368 22752511 800 296 872 368 24966655 872 296 944 368 27180799 944 296 1000 368 29379567 -1000 368 -928 440 -30315521 -928 368 -856 440 -28101377 -856 368 -784 440 -25887233 -784 368 -712 440 -23673089 -712 368 -640 440 -21458945 -640 368 -568 440 -19244801 -568 368 -496 440 -17030657 -496 368 -424 440 -14816513 -424 368 -352 440 -12602369 -352 368 -280 440 -10388225 -280 368 -208 440 -8174081 -208 368 -136 440 -5959937 -136 368 -64 440 -3745793 -64 368 8 440 -1531649 8 368 80 440 682495 80 368 152 440 2896639 152 368 224 440 5110783 224 368 296 440 7324927 296 368 368 440 9539071 368 368 440 440 11753215 440 368 512 440 13967359 512 368 584 440 16181503 584 368 656 440 18395647 656 368 728 440 20609791 728 368 800 440 22823935 800 368 872 440 25038079 872 368 944 440 27252223 944 368 1000 440 29450991 -1000 440 -928 512 -30244097 -928 440 -856 512 -28029953 -856 440 -784 512 -25815809 -784 440 -712 512 -23601665 -712 440 -640 512 -21387521 -640 440 -568 512 -19173377 -568 440 -496 512 -16959233 -496 440 -424 512 -14745089 -424 440 -352 512 -12530945 -352 440 -280 512 -10316801 -280 440 -208 512 -8102657 -208 440 -136 512 -5888513 -136 440 -64 512 -3674369 -64 440 8 512 -1460225 8 440 80 512 753919 80 440 152 512 2968063 152 440 224 512 5182207 224 440 296 512 7396351 296 440 368 512 9610495 368 440 440 512 11824639 440 440 512 512 14038783 512 440 584 512 16252927 584 440 656 512 18467071 656 440 728 512 20681215 728 440 800 512 22895359 800 440 872 512 25109503 872 440 944 512 27323647 944 440 1000 512 29522415 -1000 512 -928 584 -30172673 -928 512 -856 584 -27958529 -856 512 -784 584 -25744385 -784 512 -712 584 -23530241 -712 512 -640 584 -21316097 -640 512 -568 584 -19101953 -568 512 -496 584 -16887809 -496 512 -424 584 -14673665 -424 512 -352 584 -12459521 -352 512 -280 584 -10245377 -280 512 -208 584 -8031233 -208 512 -136 584 -5817089 -136 512 -64 584 -3602945 -64 512 8 584 -1388801 8 512 80 584 825343 80 512 152 584 3039487 152 512 224 584 5253631 224 512 296 584 7467775 296 512 368 584 9681919 368 512 440 584 11896063 440 512 512 584 14110207 512 512 584 584 16324351 584 512 656 584 18538495 656 512 728 584 20752639 728 512 800 584 22966783 800 512 872 584 25180927 872 512 944 584 27395071 944 512 1000 584 29593839 -1000 584 -928 656 -30101249 -928 584 -856 656 -27887105 -856 584 -784 656 -25672961 -784 584 -712 656 -23458817 -712 584 -640 656 -21244673 -640 584 -568 656 -19030529 -568 584 -496 656 -16816385 -496 584 -424 656 -14602241 -424 584 -352 656 -12388097 -352 584 -280 656 -10173953 -280 584 -208 656 -7959809 -208 584 -136 656 -5745665 -136 584 -64 656 -3531521 -64 584 8 656 -1317377 8 584 80 656 896767 80 584 152 656 3110911 152 584 224 656 5325055 224 584 296 656 7539199 296 584 368 656 9753343 368 584 440 656 11967487 440 584 512 656 14181631 512 584 584 656 16395775 584 584 656 656 18609919 656 584 728 656 20824063 728 584 800 656 23038207 800 584 872 656 25252351 872 584 944 656 27466495 944 584 1000 656 29665263 -1000 656 -928 728 -30029825 -928 656 -856 728 -27815681 -856 656 -784 728 -25601537 -784 656 -712 728 -23387393 -712 656 -640 728 -21173249 -640 656 -568 728 -18959105 -568 656 -496 728 -16744961 -496 656 -424 728 -14530817 -424 656 -352 728 -12316673 -352 656 -280 728 -10102529 -280 656 -208 728 -7888385 -208 656 -136 728 -5674241 -136 656 -64 728 -3460097 -64 656 8 728 -1245953 8 656 80 728 968191 80 656 152 728 3182335 152 656 224 728 5396479 224 656 296 728 7610623 296 656 368 728 9824767 368 656 440 728 12038911 440 656 512 728 14253055 512 656 584 728 16467199 584 656 656 728 18681343 656 656 728 728 20895487 728 656 800 728 23109631 800 656 872 728 25323775 872 656 944 728 27537919 944 656 1000 728 29736687 -1000 728 -928 800 -29958401 -928 728 -856 800 -27744257 -856 728 -784 800 -25530113 -784 728 -712 800 -23315969 -712 728 -640 800 -21101825 -640 728 -568 800 -18887681 -568 728 -496 800 -16673537 -496 728 -424 800 -14459393 -424 728 -352 800 -12245249 -352 728 -280 800 -10031105 -280 728 -208 800 -7816961 -208 728 -136 800 -5602817 -136 728 -64 800 -3388673 -64 728 8 800 -1174529 8 728 80 800 1039615 80 728 152 800 3253759 152 728 224 800 5467903 224 728 296 800 7682047 296 728 368 800 9896191 368 728 440 800 12110335 440 728 512 800 14324479 512 728 584 800 16538623 584 728 656 800 18752767 656 728 728 800 20966911 728 728 800 800 23181055 800 728 872 800 25395199 872 728 944 800 27609343 944 728 1000 800 29808111 -1000 800 -928 872 -29886977 -928 800 -856 872 -27672833 -856 800 -784 872 -25458689 -784 800 -712 872 -23244545 -712 800 -640 872 -21030401 -640 800 -568 872 -18816257 -568 800 -496 872 -16602113 -496 800 -424 872 -14387969 -424 800 -352 872 -12173825 -352 800 -280 872 -9959681 -280 800 -208 872 -7745537 -208 800 -136 872 -5531393 -136 800 -64 872 -3317249 -64 800 8 872 -1103105 8 800 80 872 1111039 80 800 152 872 3325183 152 800 224 872 5539327 224 800 296 872 7753471 296 800 368 872 9967615 368 800 440 872 12181759 440 800 512 872 14395903 512 800 584 872 16610047 584 800 656 872 18824191 656 800 728 872 21038335 728 800 800 872 23252479 800 800 872 872 25466623 872 800 944 872 27680767 944 800 1000 872 29879535 -1000 872 -928 944 -29815553 -928 872 -856 944 -27601409 -856 872 -784 944 -25387265 -784 872 -712 944 -23173121 -712 872 -640 944 -20958977 -640 872 -568 944 -18744833 -568 872 -496 944 -16530689 -496 872 -424 944 -14316545 -424 872 -352 944 -12102401 -352 872 -280 944 -9888257 -280 872 -208 944 -7674113 -208 872 -136 944 -5459969 -136 872 -64 944 -3245825 -64 872 8 944 -1031681 8 872 80 944 1182463 80 872 152 944 3396607 152 872 224 944 5610751 224 872 296 944 7824895 296 872 368 944 10039039 368 872 440 944 12253183 440 872 512 944 14467327 512 872 584 944 16681471 584 872 656 944 18895615 656 872 728 944 21109759 728 872 800 944 23323903 800 872 872 944 25538047 872 872 944 944 27752191 944 872 1000 944 29950959 -1000 944 -928 1000 -29744625 -928 944 -856 1000 -27530481 -856 944 -784 1000 -25316337 -784 944 -712 1000 -23102193 -712 944 -640 1000 -20888049 -640 944 -568 1000 -18673905 -568 944 -496 1000 -16459761 -496 944 -424 1000 -14245617 -424 944 -352 1000 -12031473 -352 944 -280 1000 -9817329 -280 944 -208 1000 -7603185 -208 944 -136 1000 -5389041 -136 944 -64 1000 -3174897 -64 944 8 1000 -960753 8 944 80 1000 1253391 80 944 152 1000 3467535 152 944 224 1000 5681679 224 944 296 1000 7895823 296 944 368 1000 10109967 368 944 440 1000 12324111 440 944 512 1000 14538255 512 944 584 1000 16752399 584 944 656 1000 18966543 656 944 728 1000 21180687 728 944 800 1000 23394831 800 944 872 1000 25608975 872 944 944 1000 27823119 944 944 1000 1000 30021887 81 -496 152 -424 224 -424 152 -352 224 -352 152 -280 224 -280 152 -208 224 -208 152 -136 224 -136 152 -64 224 -64 152 8 224 8 152 80 224 80 152 152 224 -496 224 -424 296 -424 224 -352 296 -352 224 -280 296 -280 224 -208 296 -208 224 -136 296 -136 224 -64 296 -64 224 8 296 8 224 80 296 80 224 152 296 -496 296 -424 368 -424 296 -352 368 -352 296 -280 368 -280 296 -208 368 -208 296 -136 368 -136 296 -64 368 -64 296 8 368 8 296 80 368 80 296 152 368 -496 368 -424 440 -424 368 -352 440 -352 368 -280 440 -280 368 -208 440 -208 368 -136 440 -136 368 -64 440 -64 368 8 440 8 368 80 440 80 368 152 440 -496 440 -424 512 -424 440 -352 512 -352 440 -280 512 -280 440 -208 512 -208 440 -136 512 -136 440 -64 512 -64 440 8 512 8 440 80 512 80 440 152 512 -496 512 -424 584 -424 512 -352 584 -352 512 -280 584 -280 512 -208 584 -208 512 -136 584 -136 512 -64 584 -64 512 8 584 8 512 80 584 80 512 152 584 -496 584 -424 656 -424 584 -352 656 -352 584 -280 656 -280 584 -208 656 -208 584 -136 656 -136 584 -64 656 -64 584 8 656 8 584 80 656 80 584 152 656 -496 656 -424 728 -424 656 -352 728 -352 656 -280 728 -280 656 -208 728 -208 656 -136 728 -136 656 -64 728 -64 656 8 728 8 656 80 728 80 656 152 728 -496 728 -424 800 -424 728 -352 800 -352 728 -280 800 -280 728 -208 800 -208 728 -136 800 -136 728 -64 800 -64 728 8 800 8 728 80 800 80 728 152 800
PAGES -1000 -1000 1000 1000 107 -1000 -1000 -1000 1000 361 -1000 -1000 -894 -894 -31638849 -894 -1000 -788 -894 -28379137 -788 -1000 -682 -894 -25119425 -682 -1000 -576 -894 -21859713 -576 -1000 -470 -894 -18600001 -470 -1000 -364 -894 -15340289 -364 -1000 -258 -894 -12080577 -258 -1000 -152 -894 -8820865 -152 -1000 -46 -894 -5561153 -46 -1000 60 -894 -2301441 60 -1000 166 -894 958271 166 -1000 272 -894 4217983 272 -1000 378 -894 7477695 378 -1000 484 -894 10737407 484 -1000 590 -894 13997119 590 -1000 696 -894 17256831 696 -1000 802 -894 20516543 802 -1000 908 -894 23776255 908 -1000 1000 -894 27022513 -1000 -894 -894 -788 -31533697 -894 -894 -788 -788 -28273985 -788 -894 -682 -788 -25014273 -682 -894 -576 -788 -21754561 -576 -894 -470 -788 -18494849 -470 -894 -364 -788 -15235137 -364 -894 -258 -788 -11975425 -258 -894 -152 -788 -8715713 -152 -894 -46 -788 -5456001 -46 -894 60 -788 -2196289 60 -894 166 -788 1063423 166 -894 272 -788 4323135 272 -894 378 -788 7582847 378 -894 484 -788 10842559 484 -894 590 -788 14102271 590 -894 696 -788 17361983 696 -894 802 -788 20621695 802 -894 908 -788 23881407 908 -894 1000 -788 27127665 -1000 -788 -894 -682 -31428545 -894 -788 -788 -682 -28168833 -788 -788 -682 -682 -24909121 -682 -788 -576 -682 -21649409 -576 -788 -470 -682 -18389697 -470 -788 -364 -682 -15129985 -364 -788 -258 -682 -11870273 -258 -788 -152 -682 -8610561 -152 -788 -46 -682 -5350849 -46 -788 60 -682 -2091137 60 -788 166 -682 1168575 166 -788 272 -682 4428287 272 -788 378 -682 7687999 378 -788 484 -682 10947711 484 -788 590 -682 14207423 590 -788 696 -682 17467135 696 -788 802 -682 20726847 802 -788 908 -682 23986559 908 -788 1000 -682 27232817 -1000 -682 -894 -576 -31323393 -894 -682 -788 -576 -28063681 -788 -682 -682 -576 -24803969 -682 -682 -576 -576 -21544257 -576 -682 -470 -576 -18284545 -470 -682 -364 -576 -15024833 -364 -682 -258 -576 -11765121 -258 -682 -152 -576 -8505409 -152 -682 -46 -576 -5245697 -46 -682 60 -576 -1985985 60 -682 166 -576 1273727 166 -682 272 -576 4533439 272 -682 378 -576 7793151 378 -682 484 -576 11052863 484 -682 590 -576 14312575 590 -682 696 -576 17572287 696 -682 802 -576 20831999 802 -682 908 -576 24091711 908 -682 1000 -576 27337969 -1000 -576 -894 -470 -31218241 -894 -576 -788 -470 -27958529 -788 -576 -682 -470 -24698817 -682 -576 -576 -470 -21439105 -576 -576 -470 -470 -18179393 -470 -576 -364 -470 -14919681 -364 -576 -258 -470 -11659969 -258 -576 -152 -470 -8400257 -152 -576 -46 -470 -5140545 -46 -576 60 -470 -1880833 60 -576 166 -470 1378879 166 -576 272 -470 4638591 272 -576 378 -470 7898303 378 -576 484 -470 11158015 484 -576 590 -470 14417727 590 -576 696 -470 17677439 696 -576 802 -470 20937151 802 -576 908 -470 24196863 908 -576 1000 -470 27443121 -1000 -470 -894 -364 -31113089 -894 -470 -788 -364 -27853377 -788 -470 -682 -364 -24593665 -682 -470 -576 -364 -21333953 -576 -470 -470 -364 -18074241 -470 -470 -364 -364 -14814529 -364 -470 -258 -364 -11554817 -258 -470 -152 -364 -8295105 -152 -470 -46 -364 -5035393 -46 -470 60 -364 -1775681 60 -470 166 -364 1484031 166 -470 272 -364 4743743 272 -470 378 -364 8003455 378 -470 484 -364 11263167 484 -470 590 -364 14522879 590 -470 696 -364 17782591 696 -470 802 -364 21042303 802 -470 908 -364 24302015 908 -470 1000 -364 27548273 -1000 -364 -894 -258 -31007937 -894 -364 -788 -258 -27748225 -788 -364 -682 -258 -24488513 -682 -364 -576 -258 -21228801 -576 -364 -470 -258 -17969089 -470 -364 -364 -258 -14709377 -364 -364 -258 -258 -11449665 -258 -364 -152 -258 -8189953 -152 -364 -46 -258 -4930241 -46 -364 60 -258 -1670529 60 -364 166 -258 1589183 166 -364 272 -258 4848895 272 -364 378 -258 8108607 378 -364 484 -258 11368319 484 -364 590 -258 14628031 590 -364 696 -258 17887743 696 -364 802 -258 21147455 802 -364 908 -258 24407167 908 -364 1000 -258 27653425 -1000 -258 -894 -152 -30902785 -894 -258 -788 -152 -27643073 -788 -258 -682 -152 -24383361 -682 -258 -576 -152 -21123649 -576 -258 -470 -152 -17863937 -470 -258 -364 -152 -14604225 -364 -258 -258 -152 -11344513 -258 -258 -152 -152 -8084801 -152 -258 -46 -152 -4825089 -46 -258 60 -152 -1565377 60 -258 166 -152 1694335 166 -258 272 -152 4954047 272 -258 378 -152 8213759 378 -258 484 -152 11473471 484 -258 590 -152 14733183 590 -258 696 -152 17992895 696 -258 802 -152 21252607 802 -258 908 -152 24512319 908 -258 1000 -152 27758577 -1000 -152 -894 -46 -30797633 -894 -152 -788 -46 -27537921 -788 -152 -682 -46 -24278209 -682 -152 -576 -46 -21018497 -576 -152 -470 -46 -17758785 -470 -152 -364 -46 -14499073 -364 -152 -258 -46 -11239361 -258 -152 -152 -46 -7979649 -152 -152 -46 -46 -4719937 -46 -152 60 -46 -1460225 60 -152 166 -46 1799487 166 -152 272 -46 5059199 272 -152 378 -46 8318911 378 -152 484 -46 11578623 484 -152 590 -46 14838335 590 -152 696 -46 18098047 696 -152 802 -46 21357759 802 -152 908 -46 24617471 908 -152 1000 -46 27863729 -1000 -46 -894 60 -30692481 -894 -46 -788 60 -27432769 -788 -46 -682 60 -24173057 -682 -46 -576 60 -20913345 -576 -46 -470 60 -17653633 -470 -46 -364 60 -14393921 -364 -46 -258 60 -11134209 -258 -46 -152 60 -7874497 -152 -46 -46 60 -4614785 -46 -46 60 60 -1355073 60 -46 166 60 1904639 166 -46 272 60 5164351 272 -46 378 60 8424063 378 -46 484 60 11683775 484 -46 590 60 14943487 590 -46 696 60 18203199 696 -46 802 60 21462911 802 -46 908 60 24722623 908 -46 1000 60 27968881 -1000 60 -894 166 -30587329 -894 60 -788 166 -27327617 -788 60 -682 166 -24067905 -682 60 -576 166 -20808193 -576 60 -470 166 -17548481 -470 60 -364 166 -14288769 -364 60 -258 166 -11029057 -258 60 -152 166 -7769345 -152 60 -46 166 -4509633 -46 60 60 166 -1249921 60 60 166 166 2009791 166 60 272 166 5269503 272 60 378 166 8529215 378 60 484 166 11788927 484 60 590 166 15048639 590 60 696 166 18308351 696 60 802 166 21568063 802 60 908 166 24827775 908 60 1000 166 28074033 -1000 166 -894 272 -30482177 -894 166 -788 272 -27222465 -788 166 -682 272 -23962753 -682 166 -576 272 -20703041 -576 166 -470 272 -17443329 -470 166 -364 272 -14183617 -364 166 -258 272 -10923905 -258 166 -152 272 -7664193 -152 166 -46 272 -4404481 -46 166 60 272 -1144769 60 166 166 272 2114943 166 166 272 272 5374655 272 166 378 272 8634367 378 166 484 272 11894079 484 166 590 272 15153791 590 166 696 272 18413503 696 166 802 272 21673215 802 166 908 272 24932927 908 166 1000 272 28179185 -1000 272 -894 378 -30377025 -894 272 -788 378 -27117313 -788 272 -682 378 -23857601 -682 272 -576 378 -20597889 -576 272 -470 378 -17338177 -470 272 -364 378 -14078465 -364 272 -258 378 -10818753 -258 272 -152 378 -7559041 -152 272 -46 378 -4299329 -46 272 60 378 -1039617 60 272 166 378 2220095 166 272 272 378 5479807 272 272 378 378 8739519 378 272 484 378 11999231 484 272 590 378 15258943 590 272 696 378 18518655 696 272 802 378 21778367 802 272 908 378 25038079 908 272 1000 378 28284337 -1000 378 -894 484 -30271873 -894 378 -788 484 -27012161 -788 378 -682 484 -23752449 -682 378 -576 484 -20492737 -576 378 -470 484 -17233025 -470 378 -364 484 -13973313 -364 378 -258 484 -10713601 -258 378 -152 484 -7453889 -152 378 -46 484 -4194177 -46 378 60 484 -934465 60 378 166 484 2325247 166 378 272 484 5584959 272 378 378 484 8844671 378 378 484 484 12104383 484 378 590 484 15364095 590 378 696 484 18623807 696 378 802 484 21883519 802 378 908 484 25143231 908 378 1000 484 28389489 -1000 484 -894 590 -30166721 -894 484 -788 590 -26907009 -788 484 -682 590 -23647297 -682 484 -576 590 -20387585 -576 484 -470 590 -17127873 -470 484 -364 590 -13868161 -364 484 -258 590 -10608449 -258 484 -152 590 -7348737 -152 484 -46 590 -4089025 -46 484 60 590 -829313 60 484 166 590 2430399 166 484 272 590 5690111 272 484 378 590 8949823 378 484 484 590 12209535 484 484 590 590 15469247 590 484 696 590 18728959 696 484 802 590 21988671 802 484 908 590 25248383 908 484 1000 590 28494641 -1000 590 -894 696 -30061569 -894 590 -788 696 -26801857 -788 590 -682 696 -23542145 -682 590 -576 696 -20282433 -576 590 -470 696 -17022721 -470 590 -364 696 -13763009 -364 590 -258 696 -10503297 -258 590 -152 696 -7243585 -152 590 -46 696 -3983873 -46 590 60 696 -724161 60 590 166 696 2535551 166 590 272 696 5795263 272 590 378 696 9054975 378 590 484 696 12314687 484 590 590 696 15574399 590 590 696 696 18834111 696 590 802 696 22093823 802 590 908 696 25353535 908 590 1000 696 28599793 -1000 696 -894 802 -29956417 -894 696 -788 802 -26696705 -788 696 -682 802 -23436993 -682 696 -576 802 -20177281 -576 696 -470 802 -16917569 -470 696 -364 802 -13657857 -364 696 -258 802 -10398145 -258 696 -152 802 -7138433 -152 696 -46 802 -3878721 -46 696 60 802 -619009 60 696 166 802 2640703 166 696 272 802 5900415 272 696 378 802 9160127 378 696 484 802 12419839 484 696 590 802 15679551 590 696 696 802 18939263 696 696 802 802 22198975 802 696 908 802 25458687 908 696 1000 802 28704945 -1000 802 -894 908 -29851265 -894 802 -788 908 -26591553 -788 802 -682 908 -23331841 -682 802 -576 908 -20072129 -576 802 -470 908 -16812417 -470 802 -364 908 -13552705 -364 802 -258 908 -10292993 -258 802 -152 908 -7033281 -152 802 -46 908 -3773569 -46 802 60 908 -513857 60 802 166 908 2745855 166 802 272 908 6005567 272 802 378 908 9265279 378 802 484 908 12524991 484 802 590 908 15784703 590 802 696 908 19044415 696 802 802 908 22304127 802 802 908 908 25563839 908 802 1000 908 28810097 -1000 908 -894 1000 -29746547 -894 908 -788 1000 -26486835 -788 908 -682 1000 -23227123 -682 908 -576 1000 -19967411 -576 908 -470 1000 -16707699 -470 908 -364 1000 -13447987 -364 908 -258 1000 -10188275 -258 908 -152 1000 -6928563 -152 908 -46 1000 -3668851 -46 908 60 1000 -409139 60 908 166 1000 2850573 166 908 272 1000 6110285 272 908 378 1000 9369997 378 908 484 1000 12629709 484 908 590 1000 15889421 590 908 696 1000 19149133 696 908 802 1000 22408845 802 908 908 1000 25668557 908 908 1000 1000 28914815 0
PAGES -1000 -1000 1000 1000 477 1100 1100 1200 1200 25 -1000 -1000 -600 -600 -31347201 -600 -1000 -200 -600 -19046401 -200 -1000 200 -600 -6745601 200 -1000 600 -600 5555199 600 -1000 1000 -600 17855999 -1000 -600 -600 -200 -30950401 -600 -600 -200 -200 -18649601 -200 -600 200 -200 -6348801 200 -600 600 -200 5951999 600 -600 1000 -200 18252799 -1000 -200 -600 200 -30553601 -600 -200 -200 200 -18252801 -200 -200 200 200 -5952001 200 -200 600 200 6348799 600 -200 1000 200 18649599 -1000 200 -600 600 -30156801 -600 200 -200 600 -17856001 -200 200 200 600 -5555201 200 200 600 600 6745599 600 200 1000 600 19046399 -1000 600 -600 1000 -29760001 -600 600 -200 1000 -17459201 -200 600 200 1000 -5158401 200 600 600 1000 7142399 600 600 1000 1000 19443199 0
PAGES -1000 -1000 1000 1000 689 -578 477 -31 1066 9 -1000 -1000 -333 -333 -31082337 -333 -1000 334 -333 -10570753 334 -1000 1000 -333 9939870 -1000 -333 -333 334 -30420673 -333 -333 334 334 -9909089 334 -333 1000 334 10601534 -1000 334 -333 1000 -29759040 -333 334 334 1000 -9247456 334 334 1000 1000 11263167 2 -1000 334 -333 1000 -333 334 334 1000
PAGES -1000 -1000 1000 1000 113 944 271 1380 851 324 -1000 -1000 -888 -888 -31632897 -888 -1000 -776 -888 -28188673 -776 -1000 -664 -888 -24744449 -664 -1000 -552 -888 -21300225 -552 -1000 -440 -888 -17856001 -440 -1000 -328 -888 -14411777 -328 -1000 -216 -888 -10967553 -216 -1000 -104 -888 -7523329 -104 -1000 8 -888 -4079105 8 -1000 120 -888 -634881 120 -1000 232 -888 2809343 232 -1000 344 -888 6253567 344 -1000 456 -888 9697791 456 -1000 568 -888 13142015 568 -1000 680 -888 16586239 680 -1000 792 -888 20030463 792 -1000 904 -888 23474687 904 -1000 1000 -888 26903535 -1000 -888 -888 -776 -31521793 -888 -888 -776 -776 -28077569 -776 -888 -664 -776 -24633345 -664 -888 -552 -776 -21189121 -552 -888 -440 -776 -17744897 -440 -888 -328 -776 -14300673 -328 -888 -216 -776 -10856449 -216 -888 -104 -776 -7412225 -104 -888 8 -776 -3968001 8 -888 120 -776 -523777 120 -888 232 -776 2920447 232 -888 344 -776 6364671 344 -888 456 -776 9808895 456 -888 568 -776 13253119 568 -888 680 -776 16697343 680 -888 792 -776 20141567 792 -888 904 -776 23585791 904 -888 1000 -776 27014639 -1000 -776 -888 -664 -31410689 -888 -776 -776 -664 -27966465 -776 -776 -664 -664 -24522241 -664 -776 -552 -664 -21078017 -552 -776 -440 -664 -17633793 -440 -776 -328 -664 -14189569 -328 -776 -216 -664 -10745345 -216 -776 -104 -664 -7301121 -104 -776 8 -664 -3856897 8 -776 120 -664 -412673 120 -776 232 -664 3031551 232 -776 344 -664 6475775 344 -776 456 -664 9919999 456 -776 568 -664 13364223 568 -776 680 -664 16808447 680 -776 792 -664 20252671 792 -776 904 -664 23696895 904 -776 1000 -664 27125743 -1000 -664 -888 -552 -31299585 -888 -664 -776 -552 -27855361 -776 -664 -664 -552 -24411137 -664 -664 -552 -552 -20966913 -552 -664 -440 -552 -17522689 -440 -664 -328 -552 -14078465 -328 -664 -216 -552 -10634241 -216 -664 -104 -552 -7190017 -104 -664 8 -552 -3745793 8 -664 120 -552 -301569 120 -664 232 -552 3142655 232 -664 344 -552 6586879 344 -664 456 -552 10031103 456 -664 568 -552 13475327 568 -664 680 -552 16919551 680 -664 792 -552 20363775 792 -664 904 -552 23807999 904 -664 1000 -552 27236847 -1000 -552 -888 -440 -31188481 -888 -552 -776 -440 -27744257 -776 -552 -664 -440 -24300033 -664 -552 -552 -440 -20855809 -552 -552 -440 -440 -17411585 -440 -552 -328 -440 -13967361 -328 -552 -216 -440 -10523137 -216 -552 -104 -440 -7078913 -104 -552 8 -440 -3634689 8 -552 120 -440 -190465 120 -552 232 -440 3253759 232 -552 344 -440 6697983 344 -552 456 -440 10142207 456 -552 568 -440 13586431 568 -552 680 -440 17030655 680 -552 792 -440 20474879 792 -552 904 -440 23919103 904 -552 1000 -440 27347951 -1000 -440 -888 -328 -31077377 -888 -440 -776 -328 -27633153 -776 -440 -664 -328 -24188929 -664 -440 -552 -328 -20744705 -552 -440 -440 -328 -17300481 -440 -440 -328 -328 -13856257 -328 -440 -216 -328 -10412033 -216 -440 -104 -328 -6967809 -104 -440 8 -328 -3523585 8 -440 120 -328 -79361 120 -440 232 -328 3364863 232 -440 344 -328 6809087 344 -440 456 -328 10253311 456 -440 568 -328 13697535 568 -440 680 -328 17141759 680 -440 792 -328 20585983 792 -440 904 -328 24030207 904 -440 1000 -328 27459055 -1000 -328 -888 -216 -30966273 -888 -328 -776 -216 -27522049 -776 -328 -664 -216 -24077825 -664 -328 -552 -216 -20633601 -552 -328 -440 -216 -17189377 -440 -328 -328 -216 -13745153 -328 -328 -216 -216 -10300929 -216 -328 -104 -216 -6856705 -104 -328 8 -216 -3412481 8 -328 120 -216 31743 120 -328 232 -216 3475967 232 -328 344 -216 6920191 344 -328 456 -216 10364415 456 -328 568 -216 13808639 568 -328 680 -216 17252863 680 -328 792 -216 20697087 792 -328 904 -216 24141311 904 -328 1000 -216 27570159 -1000 -216 -888 -104 -30855169 -888 -216 -776 -104 -27410945 -776 -216 -664 -104 -23966721 -664 -216 -552 -104 -20522497 -552 -216 -440 -104 -17078273 -440 -216 -328 -104 -13634049 -328 -216 -216 -104 -10189825 -216 -216 -104 -104 -6745601 -104 -216 8 -104 -3301377 8 -216 120 -104 142847 120 -216 232 -104 3587071 232 -216 344 -104 7031295 344 -216 456 -104 10475519 456 -216 568 -104 13919743 568 -216 680 -104 17363967 680 -216 792 -104 20808191 792 -216 904 -104 24252415 904 -216 1000 -104 27681263 -1000 -104 -888 8 -30744065 -888 -104 -776 8 -27299841 -776 -104 -664 8 -23855617 -664 -104 -552 8 -20411393 -552 -104 -440 8 -16967169 -440 -104 -328 8 -13522945 -328 -104 -216 8 -10078721 -216 -104 -104 8 -6634497 -104 -104 8 8 -3190273 8 -104 120 8 253951 120 -104 232 8 3698175 232 -104 344 8 7142399 344 -104 456 8 10586623 456 -104 568 8 14030847 568 -104 680 8 17475071 680 -104 792 8 20919295 792 -104 904 8 24363519 904 -104 1000 8 27792367 -1000 8 -888 120 -30632961 -888 8 -776 120 -27188737 -776 8 -664 120 -23744513 -664 8 -552 120 -20300289 -552 8 -440 120 -16856065 -440 8 -328 120 -13411841 -328 8 -216 120 -9967617 -216 8 -104 120 -6523393 -104 8 8 120 -3079169 8 8 120 120 365055 120 8 232 120 3809279 232 8 344 120 7253503 344 8 456 120 10697727 456 8 568 120 14141951 568 8 680 120 17586175 680 8 792 120 21030399 792 8 904 120 24474623 904 8 1000 120 27903471 -1000 120 -888 232 -30521857 -888 120 -776 232 -27077633 -776 120 -664 232 -23633409 -664 120 -552 232 -20189185 -552 120 -440 232 -16744961 -440 120 -328 232 -13300737 -328 120 -216 232 -9856513 -216 120 -104 232 -6412289 -104 120 8 232 -2968065 8 120 120 232 476159 120 120 232 232 3920383 232 120 344 232 7364607 344 120 456 232 10808831 456 120 568 232 14253055 568 120 680 232 17697279 680 120 792 232 21141503 792 120 904 232 24585727 904 120 1000 232 28014575 -1000 232 -888 344 -30410753 -888 232 -776 344 -26966529 -776 232 -664 344 -23522305 -664 232 -552 344 -20078081 -552 232 -440 344 -16633857 -440 232 -328 344 -13189633 -328 232 -216 344 -9745409 -216 232 -104 344 -6301185 -104 232 8 344 -2856961 8 232 120 344 587263 120 232 232 344 4031487 232 232 344 344 7475711 344 232 456 344 10919935 456 232 568 344 14364159 568 232 680 344 17808383 680 232 792 344 21252607 792 232 904 344 24696831 904 232 1000 344 28125679 -1000 344 -888 456 -30299649 -888 344 -776 456 -26855425 -776 344 -664 456 -23411201 -664 344 -552 456 -19966977 -552 344 -440 456 -16522753 -440 344 -328 456 -13078529 -328 344 -216 456 -9634305 -216 344 -104 456 -6190081 -104 344 8 456 -2745857 8 344 120 456 698367 120 344 232 456 4142591 232 344 344 456 7586815 344 344 456 456 11031039 456 344 568 456 14475263 568 344 680 456 17919487 680 344 792 456 21363711 792 344 904 456 24807935 904 344 1000 456 28236783 -1000 456 -888 568 -30188545 -888 456 -776 568 -26744321 -776 456 -664 568 -23300097 -664 456 -552 568 -19855873 -552 456 -440 568 -16411649 -440 456 -328 568 -12967425 -328 456 -216 568 -9523201 -216 456 -104 568 -6078977 -104 456 8 568 -2634753 8 456 120 568 809471 120 456 232 568 4253695 232 456 344 568 7697919 344 456 456 568 11142143 456 456 568 568 14586367 568 456 680 568 18030591 680 456 792 568 21474815 792 456 904 568 24919039 904 456 1000 568 28347887 -1000 568 -888 680 -30077441 -888 568 -776 680 -26633217 -776 568 -664 680 -23188993 -664 568 -552 680 -19744769 -552 568 -440 680 -16300545 -440 568 -328 680 -12856321 -328 568 -216 680 -9412097 -216 568 -104 680 -5967873 -104 568 8 680 -2523649 8 568 120 680 920575 120 568 232 680 4364799 232 568 344 680 7809023 344 568 456 680 11253247 456 568 568 680 14697471 568 568 680 680 18141695 680 568 792 680 21585919 792 568 904 680 25030143 904 568 1000 680 28458991 -1000 680 -888 792 -29966337 -888 680 -776 792 -26522113 -776 680 -664 792 -23077889 -664 680 -552 792 -19633665 -552 680 -440 792 -16189441 -440 680 -328 792 -12745217 -328 680 -216 792 -9300993 -216 680 -104 792 -5856769 -104 680 8 792 -2412545 8 680 120 792 1031679 120 680 232 792 4475903 232 680 344 792 7920127 344 680 456 792 11364351 456 680 568 792 14808575 568 680 680 792 18252799 680 680 792 792 21697023 792 680 904 792 25141247 904 680 1000 792 28570095 -1000 792 -888 904 -29855233 -888 792 -776 904 -26411009 -776 792 -664 904 -22966785 -664 792 -552 904 -19522561 -552 792 -440 904 -16078337 -440 792 -328 904 -12634113 -328 792 -216 904 -9189889 -216 792 -104 904 -5745665 -104 792 8 904 -2301441 8 792 120 904 1142783 120 792 232 904 4587007 232 792 344 904 8031231 344 792 456 904 11475455 456 792 568 904 14919679 568 792 680 904 18363903 680 792 792 904 21808127 792 792 904 904 25252351 904 792 1000 904 28681199 -1000 904 -888 1000 -29744625 -888 904 -776 1000 -26300401 -776 904 -664 1000 -22856177 -664 904 -552 1000 -19411953 -552 904 -440 1000 -15967729 -440 904 -328 1000 -12523505 -328 904 -216 1000 -9079281 -216 904 -104 1000 -5635057 -104 904 8 1000 -2190833 8 904 120 1000 1253391 120 904 232 1000 4697615 232 904 344 1000 8141839 344 904 456 1000 11586063 456 904 568 1000 15030287 568 904 680 1000 18474511 680 904 792 1000 21918735 792 904 904 1000 25362959 904 904 1000 1000 28791807 6 904 232 1000 344 904 344 1000 456 904 456 1000 568 904 568 1000 680 904 680 1000 792 904 792 1000 904
PAGES -1000 -1000 1000 1000 756 -1000 -1000 -1000 1000 9 -1000 -1000 -333 -333 -31082337 -333 -1000 334 -333 -10570753 334 -1000 1000 -333 9939870 -1000 -333 -333 334 -30420673 -333 -333 334 334 -9909089 334 -333 1000 334 10601534 -1000 334 -333 1000 -29759040 -333 334 334 1000 -9247456 334 334 1000 1000 11263167 0
PAGES -1000 -1000 1000 1000 470 1100 1100 1200 1200 25 -1000 -1000 -600 -600 -31347201 -600 -1000 -200 -600 -19046401 -200 -1000 200 -600 -6745601 200 -1000 600 -600 5555199 600 -1000 1000 -600 17855999 -1000 -600 -600 -200 -30950401 -600 -600 -200 -200 -18649601 -200 -600 200 -200 -6348801 200 -600 600 -200 5951999 600 -600 1000 -200 18252799 -1000 -200 -600 200 -30553601 -600 -200 -200 200 -18252801 -200 -200 200 200 -5952001 200 -200 600 200 6348799 600 -200 1000 200 18649599 -1000 200 -600 600 -30156801 -600 200 -200 600 -17856001 -200 200 200 600 -5555201 200 200 600 600 6745599 600 200 1000 600 19046399 -1000 600 -600 1000 -29760001 -600 600 -200 1000 -17459201 -200 600 200 1000 -5158401 200 600 600 1000 7142399 600 600 1000 1000 19443199 0
PAGES -1000 -1000 1000 1000 373 -652 147 -229 720 36 -1000 -1000 -666 -666 -31412673 -666 -1000 -332 -666 -21141505 -332 -1000 2 -666 -10870337 2 -1000 336 -666 -599169 336 -1000 670 -666 9671999 670 -1000 1000 -666 19939323 -1000 -666 -666 -332 -31081345 -666 -666 -332 -332 -20810177 -332 -666 2 -332 -10539009 2 -666 336 -332 -267841 336 -666 670 -332 10003327 670 -666 1000 -332 20270651 -1000 -332 -666 2 -30750017 -666 -332 -332 2 -20478849 -332 -332 2 2 -10207681 2 -332 336 2 63487 336 -332 670 2 10334655 670 -332 1000 2 20601979 -1000 2 -666 336 -30418689 -666 2 -332 336 -20147521 -332 2 2 336 -9876353 2 2 336 336 394815 336 2 670 336 10665983 670 2 1000 336 20933307 -1000 336 -666 670 -30087361 -666 336 -332 670 -19816193 -332 336 2 670 -9545025 2 336 336 670 726143 336 336 670 670 10997311 670 336 1000 670 21264635 -1000 670 -666 1000 -29756157 -666 670 -332 1000 -19484989 -332 670 2 1000 -9213821 2 670 336 1000 1057347 336 670 670 1000 11328515 670 670 1000 1000 21595839 6 -666 2 -332 336 -332 2 2 336 -666 336 -332 670 -332 336 2 670 -666 670 -332 1000 -332 670 2 1000
PAGES -1000 -1000 1000 1000 103 333 156 644 607 400 -1000 -1000 -900 -900 -31644801 -900 -1000 -800 -900 -28569601 -800 -1000 -700 -900 -25494401 -700 -1000 -600 -900 -22419201 -600 -1000 -500 -900 -19344001 -500 -1000 -400 -900 -16268801 -400 -1000 -300 -900 -13193601 -300 -1000 -200 -900 -10118401 -200 -1000 -100 -900 -7043201 -100 -1000 0 -900 -3968001 0 -1000 100 -900 -892801 100 -1000 200 -900 2182399 200 -1000 300 -900 5257599 300 -1000 400 -900 8332799 400 -1000 500 -900 11407999 500 -1000 600 -900 14483199 600 -1000 700 -900 17558399 700 -1000 800 -900 20633599 800 -1000 900 -900 23708799 900 -1000 1000 -900 26783999 -1000 -900 -900 -800 -31545601 -900 -900 -800 -800 -28470401 -800 -900 -700 -800 -25395201 -700 -900 -600 -800 -22320001 -600 -900 -500 -800 -19244801 -500 -900 -400 -800 -16169601 -400 -900 -300 -800 -13094401 -300 -900 -200 -800 -10019201 -200 -900 -100 -800 -6944001 -100 -900 0 -800 -3868801 0 -900 100 -800 -793601 100 -900 200 -800 2281599 200 -900 300 -800 5356799 300 -900 400 -800 8431999 400 -900 500 -800 11507199 500 -900 600 -800 14582399 600 -900 700 -800 17657599 700 -900 800 -800 20732799 800 -900 900 -800 23807999 900 -900 1000 -800 26883199 -1000 -800 -900 -700 -31446401 -900 -800 -800 -700 -28371201 -800 -800 -700 -700 -25296001 -700 -800 -600 -700 -22220801 -600 -800 -500 -700 -19145601 -500 -800 -400 -700 -16070401 -400 -800 -300 -700 -12995201 -300 -800 -200 -700 -9920001 -200 -800 -100 -700 -6844801 -100 -800 0 -700 -3769601 0 -800 100 -700 -694401 100 -800 200 -700 2380799 200 -800 300 -700 5455999 300 -800 400 -700 8531199 400 -800 500 -700 11606399 500 -800 600 -700 14681599 600 -800 700 -700 17756799 700 -800 800 -700 20831999 800 -800 900 -700 23907199 900 -800 1000 -700 26982399 -1000 -700 -900 -600 -31347201 -900 -700 -800 -600 -28272001 -800 -700 -700 -600 -25196801 -700 -700 -600 -600 -22121601 -600 -700 -500 -600 -19046401 -500 -700 -400 -600 -15971201 -400 -700 -300 -600 -12896001 -300 -700 -200 -600 -9820801 -200 -700 -100 -600 -6745601 -100 -700 0 -600 -3670401 0 -700 100 -600 -595201 100 -700 200 -600 2479999 200 -700 300 -600 5555199 300 -700 400 -600 8630399 400 -700 500 -600 11705599 500 -700 600 -600 14780799 600 -700 700 -600 17855999 700 -700 800 -600 20931199 800 -700 900 -600 24006399 900 -700 1000 -600 27081599 -1000 -600 -900 -500 -31248001 -900 -600 -800 -500 -28172801 -800 -600 -700 -500 -25097601 -700 -600 -600 -500 -22022401 -600 -600 -500 -500 -18947201 -500 -600 -400 -500 -15872001 -400 -600 -300 -500 -12796801 -300 -600 -200 -500 -9721601 -200 -600 -100 -500 -6646401 -100 -600 0 -500 -3571201 0 -600 100 -500 -496001 100 -600 200 -500 2579199 200 -600 300 -500 5654399 300 -600 400 -500 8729599 400 -600 500 -500 11804799 500 -600 600 -500 14879999 600 -600 700 -500 17955199 700 -600 800 -500 21030399 800 -600 900 -500 24105599 900 -600 1000 -500 27180799 -1000 -500 -900 -400 -31148801 -900 -500 -800 -400 -28073601 -800 -500 -700 -400 -24998401 -700 -500 -600 -400 -21923201 -600 -500 -500 -400 -18848001 -500 -500 -400 -400 -15772801 -400 -500 -300 -400 -12697601 -300 -500 -200 -400 -9622401 -200 -500 -100 -400 -6547201 -100 -500 0 -400 -3472001 0 -500 100 -400 -396801 100 -500 200 -400 2678399 200 -500 300 -400 5753599 300 -500 400 -400 8828799 400 -500 500 -400 11903999 500 -500 600 -400 14979199 600 -500 700 -400 18054399 700 -500 800 -400 21129599 800 -500 900 -400 24204799 900 -500 1000 -400 27279999 -1000 -400 -900 -300 -31049601 -900 -400 -800 -300 -27974401 -800 -400 -700 -300 -24899201 -700 -400 -600 -300 -21824001 -600 -400 -500 -300 -18748801 -500 -400 -400 -300 -15673601 -400 -400 -300 -300 -12598401 -300 -400 -200 -300 -9523201 -200 -400 -100 -300 -6448001 -100 -400 0 -300 -3372801 0 -400 100 -300 -297601 100 -400 200 -300 2777599 200 -400 300 -300 5852799 300 -400 400 -300 8927999 400 -400 500 -300 12003199 500 -400 600 -300 15078399 600 -400 700 -300 18153599 700 -400 800 -300 21228799 800 -400 900 -300 24303999 900 -400 1000 -300 27379199 -1000 -300 -900 -200 -30950401 -900 -300 -800 -200 -27875201 -800 -300 -700 -200 -24800001 -700 -300 -600 -200 -21724801 -600 -300 -500 -200 -18649601 -500 -300 -400 -200 -15574401 -400 -300 -300 -200 -12499201 -300 -300 -200 -200 -9424001 -200 -300 -100 -200 -6348801 -100 -300 0 -200 -3273601 0 -300 100 -200 -198401 100 -300 200 -200 2876799 200 -300 300 -200 5951999 300 -300 400 -200 9027199 400 -300 500 -200 12102399 500 -300 600 -200 15177599 600 -300 700 -200 18252799 700 -300 800 -200 21327999 800 -300 900 -200 24403199 900 -300 1000 -200 27478399 -1000 -200 -900 -100 -30851201 -900 -200 -800 -100 -27776001 -800 -200 -700 -100 -24700801 -700 -200 -600 -100 -21625601 -600 -200 -500 -100 -18550401 -500 -200 -400 -100 -15475201 -400 -200 -300 -100 -12400001 -300 -200 -200 -100 -9324801 -200 -200 -100 -100 -6249601 -100 -200 0 -100 -3174401 0 -200 100 -100 -99201 100 -200 200 -100 2975999 200 -200 300 -100 6051199 300 -200 400 -100 9126399 400 -200 500 -100 12201599 500 -200 600 -100 15276799 600 -200 700 -100 18351999 700 -200 800 -100 21427199 800 -200 900 -100 24502399 900 -200 1000 -100 27577599 -1000 -100 -900 0 -30752001 -900 -100 -800 0 -27676801 -800 -100 -700 0 -24601601 -700 -100 -600 0 -21526401 -600 -100 -500 0 -18451201 -500 -100 -400 0 -15376001 -400 -100 -300 0 -12300801 -300 -100 -200 0 -9225601 -200 -100 -100 0 -6150401 -100 -100 0 0 -3075201 0 -100 100 0 -1 100 -100 200 0 3075199 200 -100 300 0 6150399 300 -100 400 0 9225599 400 -100 500 0 12300799 500 -100 600 0 15375999 600 -100 700 0 18451199 700 -100 800 0 21526399 800 -100 900 0 24601599 900 -100 1000 0 27676799 -1000 0 -900 100 -30652801 -900 0 -800 100 -27577601 -800 0 -700 100 -24502401 -700 0 -600 100 -21427201 -600 0 -500 100 -18352001 -500 0 -400 100 -15276801 -400 0 -300 100 -12201601 -300 0 -200 100 -9126401 -200 0 -100 100 -6051201 -100 0 0 100 -2976001 0 0 100 100 99199 100 0 200 100 3174399 200 0 300 100 6249599 300 0 400 100 9324799 400 0 500 100 12399999 500 0 600 100 15475199 600 0 700 100 18550399 700 0 800 100 21625599 800 0 900 100 24700799 900 0 1000 100 27775999 -1000 100 -900 200 -30553601 -900 100 -800 200 -27478401 -800 100 -700 200 -24403201 -700 100 -600 200 -21328001 -600 100 -500 200 -18252801 -500 100 -400 200 -15177601 -400 100 -300 200 -12102401 -300 100 -200 200 -9027201 -200 100 -100 200 -5952001 -100 100 0 200 -2876801 0 100 100 200 198399 100 100 200 200 3273599 200 100 300 200 6348799 300 100 400 200 9423999 400 100 500 200 12499199 500 100 600 200 15574399 600 100 700 200 18649599 700 100 800 200 21724799 800 100 900 200 24799999 900 100 1000 200 27875199 -1000 200 -900 300 -30454401 -900 200 -800 300 -27379201 -800 200 -700 300 -24304001 -700 200 -600 300 -21228801 -600 200 -500 300 -18153601 -500 200 -400 300 -15078401 -400 200 -300 300 -12003201 -300 200 -200 300 -8928001 -200 200 -100 300 -5852801 -100 200 0 300 -2777601 0 200 100 300 297599 100 200 200 300 3372799 200 200 300 300 6447999 300 200 400 300 9523199 400 200 500 300 12598399 500 200 600 300 15673599 600 200 700 300 18748799 700 200 800 300 21823999 800 200 900 300 24899199 900 200 1000 300 27974399 -1000 300 -900 400 -30355201 -900 300 -800 400 -27280001 -800 300 -700 400 -24204801 -700 300 -600 400 -21129601 -600 300 -500 400 -18054401 -500 300 -400 400 -14979201 -400 300 -300 400 -11904001 -300 300 -200 400 -8828801 -200 300 -100 400 -5753601 -100 300 0 400 -2678401 0 300 100 400 396799 100 300 200 400 3471999 200 300 300 400 6547199 300 300 400 400 9622399 400 300 500 400 12697599 500 300 600 400 15772799 600 300 700 400 18847999 700 300 800 400 21923199 800 300 900 400 24998399 900 300 1000 400 28073599 -1000 400 -900 500 -30256001 -900 400 -800 500 -27180801 -800 400 -700 500 -24105601 -700 400 -600 500 -21030401 -600 400 -500 500 -17955201 -500 400 -400 500 -14880001 -400 400 -300 500 -11804801 -300 400 -200 500 -8729601 -200 400 -100 500 -5654401 -100 400 0 500 -2579201 0 400 100 500 495999 100 400 200 500 3571199 200 400 300 500 6646399 300 400 400 500 9721599 400 400 500 500 12796799 500 400 600 500 15871999 600 400 700 500 18947199 700 400 800 500 22022399 800 400 900 500 25097599 900 400 1000 500 28172799 -1000 500 -900 600 -30156801 -900 500 -800 600 -27081601 -800 500 -700 600 -24006401 -700 500 -600 600 -20931201 -600 500 -500 600 -17856001 -500 500 -400 600 -14780801 -400 500 -300 600 -11705601 -300 500 -200 600 -8630401 -200 500 -100 600 -5555201 -100 500 0 600 -2480001 0 500 100 600 595199 100 500 200 600 3670399 200 500 300 600 6745599 300 500 400 600 9820799 400 500 500 600 12895999 500 500 600 600 15971199 600 500 700 600 19046399 700 500 800 600 22121599 800 500 900 600 25196799 900 500 1000 600 28271999 -1000 600 -900 700 -30057601 -900 600 -800 700 -26982401 -800 600 -700 700 -23907201 -700 600 -600 700 -20832001 -600 600 -500 700 -17756801 -500 600 -400 700 -14681601 -400 600 -300 700 -11606401 -300 600 -200 700 -8531201 -200 600 -100 700 -5456001 -100 600 0 700 -2380801 0 600 100 700 694399 100 600 200 700 3769599 200 600 300 700 6844799 300 600 400 700 9919999 400 600 500 700 12995199 500 600 600 700 16070399 600 600 700 700 19145599 700 600 800 700 22220799 800 600 900 700 25295999 900 600 1000 700 28371199 -1000 700 -900 800 -29958401 -900 700 -800 800 -26883201 -800 700 -700 800 -23808001 -700 700 -600 800 -20732801 -600 700 -500 800 -17657601 -500 700 -400 800 -14582401 -400 700 -300 800 -11507201 -300 700 -200 800 -8432001 -200 700 -100 800 -5356801 -100 700 0 800 -2281601 0 700 100 800 793599 100 700 200 800 3868799 200 700 300 800 6943999 300 700 400 800 10019199 400 700 500 800 13094399 500 700 600 800 16169599 600 700 700 800 19244799 700 700 800 800 22319999 800 700 900 800 25395199 900 700 1000 800 28470399 -1000 800 -900 900 -29859201 -900 800 -800 900 -26784001 -800 800 -700 900 -23708801 -700 800 -600 900 -20633601 -600 800 -500 900 -17558401 -500 800 -400 900 -14483201 -400 800 -300 900 -11408001 -300 800 -200 900 -8332801 -200 800 -100 900 -5257601 -100 800 0 900 -2182401 0 800 100 900 892799 100 800 200 900 3967999 200 800 300 900 7043199 300 800 400 900 10118399 400 800 500 900 13193599 500 800 600 900 16268799 600 800 700 900 19343999 700 800 800 900 22419199 800 800 900 900 25494399 900 800 1000 900 28569599 -1000 900 -900 1000 -29760001 -900 900 -800 1000 -26684801 -800 900 -700 1000 -23609601 -700 900 -600 1000 -20534401 -600 900 -500 1000 -17459201 -500 900 -400 1000 -14384001 -400 900 -300 1000 -11308801 -300 900 -200 1000 -8233601 -200 900 -100 1000 -5158401 -100 900 0 1000 -2083201 0 900 100 1000 991999 100 900 200 1000 4067199 200 900 300 1000 7142399 300 900 400 1000 10217599 400 900 500 1000 13292799 500 900 600 1000 16367999 600 900 700 1000 19443199 700 900 800 1000 22518399 800 900 900 1000 25593599 900 900 1000 1000 28668799 24 300 100 400 200 400 100 500 200 500 100 600 200 600 100 700 200 300 200 400 300 400 200 500 300 500 200 600 300 600 200 700 300 300 300 400 400 400 300 500 400 500 300 600 400 600 300 700 400 300 400 400 500 400 400 500 500 500 400 600 500 600 400 700 500 300 500 400 600 400 500 500 600 500 500 600 600 600 500 700 600 300 600 400 700 400 600 500 700 500 600 600 700 600 600 700 700
PAGES -1000 -1000 1000 1000 456 -1000 -1000 -1000 1000 25 -1000 -1000 -600 -600 -31347201 -600 -1000 -200 -600 -19046401 -200 -1000 200 -600 -6745601 200 -1000 600 -600 5555199 600 -1000 1000 -600 17855999 -1000 -600 -600 -200 -30950401 -600 -600 -200 -200 -18649601 -200 -600 200 -200 -6348801 200 -600 600 -200 5951999 600 -600 1000 -200 18252799 -1000 -200 -600 200 -30553601 -600 -200 -200 200 -18252801 -200 -200 200 200 -5952001 200 -200 600 200 6348799 600 -200 1000 200 18649599 -1000 200 -600 600 -30156801 -600 200 -200 600 -17856001 -200 200 200 600 -5555201 200 200 600 600 6745599 600 200 1000 600 19046399 -1000 600 -600 1000 -29760001 -600 600 -200 1000 -17459201 -200 600 200 1000 -5158401 200 600 600 1000 7142399 600 600 1000 1000 19443199 0
PAGES -1000 -1000 1000 1000 515 1100 1100 1200 1200 16 -1000 -1000 -500 -500 -31248001 -500 -1000 0 -500 -15872001 0 -1000 500 -500 -496001 500 -1000 1000 -500 14879999 -1000 -500 -500 0 -30752001 -500 -500 0 0 -15376001 0 -500 500 0 -1 500 -500 1000 0 15375999 -1000 0 -500 500 -30256001 -500 0 0 500 -14880001 0 0 500 500 495999 500 0 1000 500 15871999 -1000 500 -500 1000 -29760001 -500 500 0 1000 -14384001 0 500 500 1000 991999 500 500 1000 1000 16367999 0
PAGES -1000 -1000 1000 1000 417 -285 305 474 859 25 -1000 -1000 -600 -600 -31347201 -600 -1000 -200 -600 -19046401 -200 -1000 200 -600 -6745601 200 -1000 600 -600 5555199 600 -1000 1000 -600 17855999 -1000 -600 -600 -200 -30950401 -600 -600 -200 -200 -18649601 -200 -600 200 -200 -6348801 200 -600 600 -200 5951999 600 -600 1000 -200 18252799 -1000 -200 -600 200 -30553601 -600 -200 -200 200 -18252801 -200 -200 200 200 -5952001 200 -200 600 200 6348799 600 -200 1000 200 18649599 -1000 200 -600 600 -30156801 -600 200 -200 600 -17856001 -200 200 200 600 -5555201 200 200 600 600 6745599 600 200 1000 600 19046399 -1000 600 -600 1000 -29760001 -600 600 -200 1000 -17459201 -200 600 200 1000 -5158401 200 600 600 1000 7142399 600 600 1000 1000 19443199 6 -600 200 -200 600 -200 200 200 600 200 200 600 600 -600 600 -200 1000 -200 600 200 1000 200 600 600 1000
PAGES -1000 -1000 1000 1000 124 497 49 561 309 289 -1000 -1000 -882 -882 -31626945 -882 -1000 -764 -882 -27998209 -764 -1000 -646 -882 -24369473 -646 -1000 -528 -882 -20740737 -528 -1000 -410 -882 -17112001 -410 -1000 -292 -882 -13483265 -292 -1000 -174 -882 -9854529 -174 -1000 -56 -882 -6225793 -56 -1000 62 -882 -2597057 62 -1000 180 -882 1031679 180 -1000 298 -882 4660415 298 -1000 416 -882 8289151 416 -1000 534 -882 11917887 534 -1000 652 -882 15546623 652 -1000 770 -882 19175359 770 -1000 888 -882 22804095 888 -1000 1000 -882 26427065 -1000 -882 -882 -764 -31509889 -882 -882 -764 -764 -27881153 -764 -882 -646 -764 -24252417 -646 -882 -528 -764 -20623681 -528 -882 -410 -764 -16994945 -410 -882 -292 -764 -13366209 -292 -882 -174 -764 -9737473 -174 -882 -56 -764 -6108737 -56 -882 62 -764 -2480001 62 -882 180 -764 1148735 180 -882 298 -764 4777471 298 -882 416 -764 8406207 416 -882 534 -764 12034943 534 -882 652 -764 15663679 652 -882 770 -764 19292415 770 -882 888 -764 22921151 888 -882 1000 -764 26544121 -1000 -764 -882 -646 -31392833 -882 -764 -764 -646 -27764097 -764 -764 -646 -646 -24135361 -646 -764 -528 -646 -20506625 -528 -764 -410 -646 -16877889 -410 -764 -292 -646 -13249153 -292 -764 -174 -646 -9620417 -174 -764 -56 -646 -5991681 -56 -764 62 -646 -2362945 62 -764 180 -646 1265791 180 -764 298 -646 4894527 298 -764 416 -646 8523263 416 -764 534 -646 12151999 534 -764 652 -646 15780735 652 -764 770 -646 19409471 770 -764 888 -646 23038207 888 -764 1000 -646 26661177 -1000 -646 -882 -528 -31275777 -882 -646 -764 -528 -27647041 -764 -646 -646 -528 -24018305 -646 -646 -528 -528 -20389569 -528 -646 -410 -528 -16760833 -410 -646 -292 -528 -13132097 -292 -646 -174 -528 -9503361 -174 -646 -56 -528 -5874625 -56 -646 62 -528 -2245889 62 -646 180 -528 1382847 180 -646 298 -528 5011583 298 -646 416 -528 8640319 416 -646 534 -528 12269055 534 -646 652 -528 15897791 652 -646 770 -528 19526527 770 -646 888 -528 23155263 888 -646 1000 -528 26778233 -1000 -528 -882 -410 -31158721 -882 -528 -764 -410 -27529985 -764 -528 -646 -410 -23901249 -646 -528 -528 -410 -20272513 -528 -528 -410 -410 -16643777 -410 -528 -292 -410 -13015041 -292 -528 -174 -410 -9386305 -174 -528 -56 -410 -5757569 -56 -528 62 -410 -2128833 62 -528 180 -410 1499903 180 -528 298 -410 5128639 298 -528 416 -410 8757375 416 -528 534 -410 12386111 534 -528 652 -410 16014847 652 -528 770 -410 19643583 770 -528 888 -410 23272319 888 -528 1000 -410 26895289 -1000 -410 -882 -292 -31041665 -882 -410 -764 -292 -27412929 -764 -410 -646 -292 -23784193 -646 -410 -528 -292 -20155457 -528 -410 -410 -292 -16526721 -410 -410 -292 -292 -12897985 -292 -410 -174 -292 -9269249 -174 -410 -56 -292 -5640513 -56 -410 62 -292 -2011777 62 -410 180 -292 1616959 180 -410 298 -292 5245695 298 -410 416 -292 8874431 416 -410 534 -292 12503167 534 -410 652 -292 16131903 652 -410 770 -292 19760639 770 -410 888 -292 23389375 888 -410 1000 -292 27012345 -1000 -292 -882 -174 -30924609 -882 -292 -764 -174 -27295873 -764 -292 -646 -174 -23667137 -646 -292 -528 -174 -20038401 -528 -292 -410 -174 -16409665 -410 -292 -292 -174 -12780929 -292 -292 -174 -174 -9152193 -174 -292 -56 -174 -5523457 -56 -292 62 -174 -1894721 62 -292 180 -174 1734015 180 -292 298 -174 5362751 298 -292 416 -174 8991487 416 -292 534 -174 12620223 534 -292 652 -174 16248959 652 -292 770 -174 19877695 770 -292 888 -174 23506431 888 -292 1000 -174 27129401 -1000 -174 -882 -56 -30807553 -882 -174 -764 -56 -27178817 -764 -174 -646 -56 -23550081 -646 -174 -528 -56 -19921345 -528 -174 -410 -56 -16292609 -410 -174 -292 -56 -12663873 -292 -174 -174 -56 -9035137 -174 -174 -56 -56 -5406401 -56 -174 62 -56 -1777665 62 -174 180 -56 1851071 180 -174 298 -56 5479807 298 -174 416 -56 9108543 416 -174 534 -56 12737279 534 -174 652 -56 16366015 652 -174 770 -56 19994751 770 -174 888 -56 23623487 888 -174 1000 -56 27246457 -1000 -56 -882 62 -30690497 -882 -56 -764 62 -27061761 -764 -56 -646 62 -23433025 -646 -56 -528 62 -19804289 -528 -56 -410 62 -16175553 -410 -56 -292 62 -12546817 -292 -56 -174 62 -8918081 -174 -56 -56 62 -5289345 -56 -56 62 62 -1660609 62 -56 180 62 1968127 180 -56 298 62 5596863 298 -56 416 62 9225599 416 -56 534 62 12854335 534 -56 652 62 16483071 652 -56 770 62 20111807 770 -56 888 62 23740543 888 -56 1000 62 27363513 -1000 62 -882 180 -30573441 -882 62 -764 180 -26944705 -764 62 -646 180 -23315969 -646 62 -528 180 -19687233 -528 62 -410 180 -16058497 -410 62 -292 180 -12429761 -292 62 -174 180 -8801025 -174 62 -56 180 -5172289 -56 62 62 180 -1543553 62 62 180 180 2085183 180 62 298 180 5713919 298 62 416 180 9342655 416 62 534 180 12971391 534 62 652 180 16600127 652 62 770 180 20228863 770 62 888 180 23857599 888 62 1000 180 27480569 -1000 180 -882 298 -30456385 -882 180 -764 298 -26827649 -764 180 -646 298 -23198913 -646 180 -528 298 -19570177 -528 180 -410 298 -15941441 -410 180 -292 298 -12312705 -292 180 -174 298 -8683969 -174 180 -56 298 -5055233 -56 180 62 298 -1426497 62 180 180 298 2202239 180 180 298 298 5830975 298 180 416 298 9459711 416 180 534 298 13088447 534 180 652 298 16717183 652 180 770 298 20345919 770 180 888 298 23974655 888 180 1000 298 27597625 -1000 298 -882 416 -30339329 -882 298 -764 416 -26710593 -764 298 -646 416 -23081857 -646 298 -528 416 -19453121 -528 298 -410 416 -15824385 -410 298 -292 416 -12195649 -292 298 -174 416 -8566913 -174 298 -56 416 -4938177 -56 298 62 416 -1309441 62 298 180 416 2319295 180 298 298 416 5948031 298 298 416 416 9576767 416 298 534 416 13205503 534 298 652 416 16834239 652 298 770 416 20462975 770 298 888 416 24091711 888 298 1000 416 27714681 -1000 416 -882 534 -30222273 -882 416 -764 534 -26593537 -764 416 -646 534 -22964801 -646 416 -528 534 -19336065 -528 416 -410 534 -15707329 -410 416 -292 534 -12078593 -292 416 -174 534 -8449857 -174 416 -56 534 -4821121 -56 416 62 534 -1192385 62 416 180 534 2436351 180 416 298 534 6065087 298 416 416 534 9693823 416 416 534 534 13322559 534 416 652 534 16951295 652 416 770 534 20580031 770 416 888 534 24208767 888 416 1000 534 27831737 -1000 534 -882 652 -30105217 -882 534 -764 652 -26476481 -764 534 -646 652 -22847745 -646 534 -528 652 -19219009 -528 534 -410 652 -15590273 -410 534 -292 652 -11961537 -292 534 -174 652 -8332801 -174 534 -56 652 -4704065 -56 534 62 652 -1075329 62 534 180 652 2553407 180 534 298 652 6182143 298 534 416 652 9810879 416 534 534 652 13439615 534 534 652 652 17068351 652 534 770 652 20697087 770 534 888 652 24325823 888 534 1000 652 27948793 -1000 652 -882 770 -29988161 -882 652 -764 770 -26359425 -764 652 -646 770 -22730689 -646 652 -528 770 -19101953 -528 652 -410 770 -15473217 -410 652 -292 770 -11844481 -292 652 -174 770 -8215745 -174 652 -56 770 -4587009 -56 652 62 770 -958273 62 652 180 770 2670463 180 652 298 770 6299199 298 652 416 770 9927935 416 652 534 770 13556671 534 652 652 770 17185407 652 652 770 770 20814143 770 652 888 770 24442879 888 652 1000 770 28065849 -1000 770 -882 888 -29871105 -882 770 -764 888 -26242369 -764 770 -646 888 -22613633 -646 770 -528 888 -18984897 -528 770 -410 888 -15356161 -410 770 -292 888 -11727425 -292 770 -174 888 -8098689 -174 770 -56 888 -4469953 -56 770 62 888 -841217 62 770 180 888 2787519 180 770 298 888 6416255 298 770 416 888 10044991 416 770 534 888 13673727 534 770 652 888 17302463 652 770 770 888 20931199 770 770 888 888 24559935 888 770 1000 888 28182905 -1000 888 -882 1000 -29754235 -882 888 -764 1000 -26125499 -764 888 -646 1000 -22496763 -646 888 -528 1000 -18868027 -528 888 -410 1000 -15239291 -410 888 -292 1000 -11610555 -292 888 -174 1000 -7981819 -174 888 -56 1000 -4353083 -56 888 62 1000 -724347 62 888 180 1000 2904389 180 888 298 1000 6533125 298 888 416 1000 10161861 416 888 534 1000 13790597 534 888 652 1000 17419333 652 888 770 1000 21048069 770 888 888 1000 24676805 888 888 1000 1000 28299775 8 416 -56 534 62 534 -56 652 62 416 62 534 180 534 62 652 180 416 180 534 298 534 180 652 298 416 298 534 416 534 298 652 416
PAGES -1000 -1000 1000 1000 337 -1000 -1000 -1000 1000 36 -1000 -1000 -666 -666 -31412673 -666 -1000 -332 -666 -21141505 -332 -1000 2 -666 -10870337 2 -1000 336 -666 -599169 336 -1000 670 -666 9671999 670 -1000 1000 -666 19939323 -1000 -666 -666 -332 -31081345 -666 -666 -332 -332 -20810177 -332 -666 2 -332 -10539009 2 -666 336 -332 -267841 336 -666 670 -332 10003327 670 -666 1000 -332 20270651 -1000 -332 -666 2 -30750017 -666 -332 -332 2 -20478849 -332 -332 2 2 -10207681 2 -332 336 2 63487 336 -332 670 2 10334655 670 -332 1000 2 20601979 -1000 2 -666 336 -30418689 -666 2 -332 336 -20147521 -332 2 2 336 -9876353 2 2 336 336 394815 336 2 670 336 10665983 670 2 1000 336 20933307 -1000 336 -666 670 -30087361 -666 336 -332 670 -19816193 -332 336 2 670 -9545025 2 336 336 670 726143 336 336 670 670 10997311 670 336 1000 670 21264635 -1000 670 -666 1000 -29756157 -666 670 -332 1000 -19484989 -332 670 2 1000 -9213821 2 670 336 1000 1057347 336 670 670 1000 11328515 670 670 1000 1000 21595839 0
PAGES -1000 -1000 1000 1000 406 1100 1100 1200 1200 25 -1000 -1000 -600 -600 -31347201 -600 -1000 -200 -600 -19046401 -200 -1000 200 -600 -6745601 200 -1000 600 -600 5555199 600 -1000 1000 -600 17855999 -1000 -600 -600 -200 -30950401 -600 -600 -200 -200 -18649601 -200 -600 200 -200 -6348801 200 -600 600 -200 5951999 600 -600 1000 -200 18252799 -1000 -200 -600 200 -30553601 -600 -200 -200 200 -18252801 -200 -200 200 200 -5952001 200 -200 600 200 6348799 600 -200 1000 200 18649599 -1000 200 -600 600 -30156801 -600 200 -200 600 -17856001 -200 200 200 600 -5555201 200 200 600 600 6745599 600 200 1000 600 19046399 -1000 600 -600 1000 -29760001 -600 600 -200 1000 -17459201 -200 600 200 1000 -5158401 200 600 600 1000 7142399 600 600 1000 1000 19443199 0
PAGES -1000 -1000 1000 1000 372 -70 379 106 799 36 -1000 -1000 -666 -666 -31412673 -666 -1000 -332 -666 -21141505 -332 -1000 2 -666 -10870337 2 -1000 336 -666 -599169 336 -1000 670 -666 9671999 670 -1000 1000 -666 19939323 -1000 -666 -666 -332 -31081345 -666 -666 -332 -332 -20810177 -332 -666 2 -332 -10539009 2 -666 336 -332 -267841 336 -666 670 -332 10003327 670 -666 1000 -332 20270651 -1000 -332 -666 2 -30750017 -666 -332 -332 2 -20478849 -332 -332 2 2 -10207681 2 -332 336 2 63487 336 -332 670 2 10334655 670 -332 1000 2 20601979 -1000 2 -666 336 -30418689 -666 2 -332 336 -20147521 -332 2 2 336 -9876353 2 2 336 336 394815 336 2 670 336 10665983 670 2 1000 336 20933307 -1000 336 -666 670 -30087361 -666 336 -332 670 -19816193 -332 336 2 670 -9545025 2 336 336 670 726143 336 336 670 670 10997311 670 336 1000 670 21264635 -1000 670 -666 1000 -29756157 -666 670 -332 1000 -19484989 -332 670 2 1000 -9213821 2 670 336 1000 1057347 336 670 670 1000 11328515 670 670 1000 1000 21595839 4 -332 336 2 670 2 336 336 670 -332 670 2 1000 2 670 336 1000
PAGES -1000 -1000 1000 1000 278 60 -306 81 -56 64 -1000 -1000 -750 -750 -31496001 -750 -1000 -500 -750 -23808001 -500 -1000 -250 -750 -16120001 -250 -1000 0 -750 -8432001 0 -1000 250 -750 -744001 250 -1000 500 -750 6943999 500 -1000 750 -750 14631999 750 -1000 1000 -750 22319999 -1000 -750 -750 -500 -31248001 -750 -750 -500 -500 -23560001 -500 -750 -250 -500 -15872001 -250 -750 0 -500 -8184001 0 -750 250 -500 -496001 250 -750 500 -500 7191999 500 -750 750 -500 14879999 750 -750 1000 -500 22567999 -1000 -500 -750 -250 -31000001 -750 -500 -500 -250 -23312001 -500 -500 -250 -250 -15624001 -250 -500 0 -250 -7936001 0 -500 250 -250 -248001 250 -500 500 -250 7439999 500 -500 750 -250 15127999 750 -500 1000 -250 22815999 -1000 -250 -750 0 -30752001 -750 -250 -500 0 -23064001 -500 -250 -250 0 -15376001 -250 -250 0 0 -7688001 0 -250 250 0 -1 250 -250 500 0 7687999 500 -250 750 0 15375999 750 -250 1000 0 23063999 -1000 0 -750 250 -30504001 -750 0 -500 250 -22816001 -500 0 -250 250 -15128001 -250 0 0 250 -7440001 0 0 250 250 247999 250 0 500 250 7935999 500 0 750 250 15623999 750 0 1000 250 23311999 -1000 250 -750 500 -30256001 -750 250 -500 500 -22568001 -500 250 -250 500 -14880001 -250 250 0 500 -7192001 0 250 250 500 495999 250 250 500 500 8183999 500 250 750 500 15871999 750 250 1000 500 23559999 -1000 500 -750 750 -30008001 -750 500 -500 750 -22320001 -500 500 -250 750 -14632001 -250 500 0 750 -6944001 0 500 250 750 743999 250 500 500 750 8431999 500 500 750 750 16119999 750 500 1000 750 23807999 -1000 750 -750 1000 -29760001 -750 750 -500 1000 -22072001 -500 750 -250 1000 -14384001 -250 750 0 1000 -6696001 0 750 250 1000 991999 250 750 500 1000 8679999 500 750 750 1000 16367999 750 750 1000 1000 24055999 2 0 -500 250 -250 0 -250 250 0
PAGES -1000 -1000 1000 1000 284 -1000 -1000 -1000 1000 64 -1000 -1000 -750 -750 -31496001 -750 -1000 -500 -750 -23808001 -500 -1000 -250 -750 -16120001 -250 -1000 0 -750 -8432001 0 -1000 250 -750 -744001 250 -1000 500 -750 6943999 500 -1000 750 -750 14631999 750 -1000 1000 -750 22319999 -1000 -750 -750 -500 -31248001 -750 -750 -500 -500 -23560001 -500 -750 -250 -500 -15872001 -250 -750 0 -500 -8184001 0 -750 250 -500 -496001 250 -750 500 -500 7191999 500 -750 750 -500 14879999 750 -750 1000 -500 22567999 -1000 -500 -750 -250 -31000001 -750 -500 -500 -250 -23312001 -500 -500 -250 -250 -15624001 -250 -500 0 -250 -7936001 0 -500 250 -250 -248001 250 -500 500 -250 7439999 500 -500 750 -250 15127999 750 -500 1000 -250 22815999 -1000 -250 -750 0 -30752001 -750 -250 -500 0 -23064001 -500 -250 -250 0 -15376001 -250 -250 0 0 -7688001 0 -250 250 0 -1 250 -250 500 0 7687999 500 -250 750 0 15375999 750 -250 1000 0 23063999 -1000 0 -750 250 -30504001 -750 0 -500 250 -22816001 -500 0 -250 250 -15128001 -250 0 0 250 -7440001 0 0 250 250 247999 250 0 500 250 7935999 500 0 750 250 15623999 750 0 1000 250 23311999 -1000 250 -750 500 -30256001 -750 250 -500 500 -22568001 -500 250 -250 500 -14880001 -250 250 0 500 -7192001 0 250 250 500 495999 250 250 500 500 8183999 500 250 750 500 15871999 750 250 1000 500 23559999 -1000 500 -750 750 -30008001 -750 500 -500 750 -22320001 -500 500 -250 750 -14632001 -250 500 0 750 -6944001 0 500 250 750 743999 250 500 500 750 8431999 500 500 750 750 16119999 750 500 1000 750 23807999 -1000 750 -750 1000 -29760001 -750 750 -500 1000 -22072001 -500 750 -250 1000 -14384001 -250 750 0 1000 -6696001 0 750 250 1000 991999 250 750 500 1000 8679999 500 750 750 1000 16367999 750 750 1000 1000 24055999 0
PAGES -1000 -1000 1000 1000 388 1100 1100 1200 1200 36 -1000 -1000 -666 -666 -31412673 -666 -1000 -332 -666 -21141505 -332 -1000 2 -666 -10870337 2 -1000 336 -666 -599169 336 -1000 670 -666 9671999 670 -1000 1000 -666 19939323 -1000 -666 -666 -332 -31081345 -666 -666 -332 -332 -20810177 -332 -666 2 -332 -10539009 2 -666 336 -332 -267841 336 -666 670 -332 10003327 670 -666 1000 -332 20270651 -1000 -332 -666 2 -30750017 -666 -332 -332 2 -20478849 -332 -332 2 2 -10207681 2 -332 336 2 63487 336 -332 670 2 10334655 670 -332 1000 2 20601979 -1000 2 -666 336 -30418689 -666 2 -332 336 -20147521 -332 2 2 336 -9876353 2 2 336 336 394815 336 2 670 336 10665983 670 2 1000 336 20933307 -1000 336 -666 670 -30087361 -666 336 -332 670 -19816193 -332 336 2 670 -9545025 2 336 336 670 726143 336 336 670 670 10997311 670 336 1000 670 21264635 -1000 670 -666 1000 -29756157 -666 670 -332 1000 -19484989 -332 670 2 1000 -9213821 2 670 336 1000 1057347 336 670 670 1000 11328515 670 670 1000 1000 21595839 0
PAGES -1000 -1000 1000 1000 376 -312 -149 -66 -17 36 -1000 -1000 -666 -666 -31412673 -666 -1000 -332 -666 -21141505 -332 -1000 2 -666 -10870337 2 -1000 336 -666 -599169 336 -1000 670 -666 9671999 670 -1000 1000 -666 19939323 -1000 -666 -666 -332 -31081345 -666 -666 -332 -332 -20810177 -332 -666 2 -332 -10539009 2 -666 336 -332 -267841 336 -666 670 -332 10003327 670 -666 1000 -332 20270651 -1000 -332 -666 2 -30750017 -666 -332 -332 2 -20478849 -332 -332 2 2 -10207681 2 -332 336 2 63487 336 -332 670 2 10334655 670 -332 1000 2 20601979 -1000 2 -666 336 -30418689 -666 2 -332 336 -20147521 -332 2 2 336 -9876353 2 2 336 336 394815 336 2 670 336 10665983 670 2 1000 336 20933307 -1000 336 -666 670 -30087361 -666 336 -332 670 -19816193 -332 336 2 670 -9545025 2 336 336 670 726143 336 336 670 670 10997311 670 336 1000 670 21264635 -1000 670 -666 1000 -29756157 -666 670 -332 1000 -19484989 -332 670 2 1000 -9213821 2 670 336 1000 1057347 336 670 670 1000 11328515 670 670 1000 1000 21595839 1 -332 -332 2 2
PAGES -1000 -1000 1000 1000 121 977 610 1520 1163 289 -1000 -1000 -882 -882 -31626945 -882 -1000 -764 -882 -27998209 -764 -1000 -646 -882 -24369473 -646 -1000 -528 -882 -20740737 -528 -1000 -410 -882 -17112001 -410 -1000 -292 -882 -13483265 -292 -1000 -174 -882 -9854529 -174 -1000 -56 -882 -6225793 -56 -1000 62 -882 -2597057 62 -1000 180 -882 1031679 180 -1000 298 -882 4660415 298 -1000 416 -882 8289151 416 -1000 534 -882 11917887 534 -1000 652 -882 15546623 652 -1000 770 -882 19175359 770 -1000 888 -882 22804095 888 -1000 1000 -882 26427065 -1000 -882 -882 -764 -31509889 -882 -882 -764 -764 -27881153 -764 -882 -646 -764 -24252417 -646 -882 -528 -764 -20623681 -528 -882 -410 -764 -16994945 -410 -882 -292 -764 -13366209 -292 -882 -174 -764 -9737473 -174 -882 -56 -764 -6108737 -56 -882 62 -764 -2480001 62 -882 180 -764 1148735 180 -882 298 -764 4777471 298 -882 416 -764 8406207 416 -882 534 -764 12034943 534 -882 652 -764 15663679 652 -882 770 -764 19292415 770 -882 888 -764 22921151 888 -882 1000 -764 26544121 -1000 -764 -882 -646 -31392833 -882 -764 -764 -646 -27764097 -764 -764 -646 -646 -24135361 -646 -764 -528 -646 -20506625 -528 -764 -410 -646 -16877889 -410 -764 -292 -646 -13249153 -292 -764 -174 -646 -9620417 -174 -764 -56 -646 -5991681 -56 -764 62 -646 -2362945 62 -764 180 -646 1265791 180 -764 298 -646 4894527 298 -764 416 -646 8523263 416 -764 534 -646 12151999 534 -764 652 -646 15780735 652 -764 770 -646 19409471 770 -764 888 -646 23038207 888 -764 1000 -646 26661177 -1000 -646 -882 -528 -31275777 -882 -646 -764 -528 -27647041 -764 -646 -646 -528 -24018305 -646 -646 -528 -528 -20389569 -528 -646 -410 -528 -16760833 -410 -646 -292 -528 -13132097 -292 -646 -174 -528 -9503361 -174 -646 -56 -528 -5874625 -56 -646 62 -528 -2245889 62 -646 180 -528 1382847 180 -646 298 -528 5011583 298 -646 416 -528 8640319 416 -646 534 -528 12269055 534 -646 652 -528 15897791 652 -646 770 -528 19526527 770 -646 888 -528 23155263 888 -646 1000 -528 26778233 -1000 -528 -882 -410 -31158721 -882 -528 -764 -410 -27529985 -764 -528 -646 -410 -23901249 -646 -528 -528 -410 -20272513 -528 -528 -410 -410 -16643777 -410 -528 -292 -410 -13015041 -292 -528 -174 -410 -9386305 -174 -528 -56 -410 -5757569 -56 -528 62 -410 -2128833 62 -528 180 -410 1499903 180 -528 298 -410 5128639 298 -528 416 -410 8757375 416 -528 534 -410 12386111 534 -528 652 -410 16014847 652 -528 770 -410 19643583 770 -528 888 -410 23272319 888 -528 1000 -410 26895289 -1000 -410 -882 -292 -31041665 -882 -410 -764 -292 -27412929 -764 -410 -646 -292 -23784193 -646 -410 -528 -292 -20155457 -528 -410 -410 -292 -16526721 -410 -410 -292 -292 -12897985 -292 -410 -174 -292 -9269249 -174 -410 -56 -292 -5640513 -56 -410 62 -292 -2011777 62 -410 180 -292 1616959 180 -410 298 -292 5245695 298 -410 416 -292 8874431 416 -410 534 -292 12503167 534 -410 652 -292 16131903 652 -410 770 -292 19760639 770 -410 888 -292 23389375 888 -410 1000 -292 27012345 -1000 -292 -882 -174 -30924609 -882 -292 -764 -174 -27295873 -764 -292 -646 -174 -23667137 -646 -292 -528 -174 -20038401 -528 -292 -410 -174 -16409665 -410 -292 -292 -174 -12780929 -292 -292 -174 -174 -9152193 -174 -292 -56 -174 -5523457 -56 -292 62 -174 -1894721 62 -292 180 -174 1734015 180 -292 298 -174 5362751 298 -292 416 -174 8991487 416 -292 534 -174 12620223 534 -292 652 -174 16248959 652 -292 770 -174 19877695 770 -292 888 -174 23506431 888 -292 1000 -174 27129401 -1000 -174 -882 -56 -30807553 -882 -174 -764 -56 -27178817 -764 -174 -646 -56 -23550081 -646 -174 -528 -56 -19921345 -528 -174 -410 -56 -16292609 -410 -174 -292 -56 -12663873 -292 -174 -174 -56 -9035137 -174 -174 -56 -56 -5406401 -56 -174 62 -56 -1777665 62 -174 180 -56 1851071 180 -174 298 -56 5479807 298 -174 416 -56 9108543 416 -174 534 -56 12737279 534 -174 652 -56 16366015 652 -174 770 -56 19994751 770 -174 888 -56 23623487 888 -174 1000 -56 27246457 -1000 -56 -882 62 -30690497 -882 -56 -764 62 -27061761 -764 -56 -646 62 -23433025 -646 -56 -528 62 -19804289 -528 -56 -410 62 -16175553 -410 -56 -292 62 -12546817 -292 -56 -174 62 -8918081 -174 -56 -56 62 -5289345 -56 -56 62 62 -1660609 62 -56 180 62 1968127 180 -56 298 62 5596863 298 -56 416 62 9225599 416 -56 534 62 12854335 534 -56 652 62 16483071 652 -56 770 62 20111807 770 -56 888 62 23740543 888 -56 1000 62 27363513 -1000 62 -882 180 -30573441 -882 62 -764 180 -26944705 -764 62 -646 180 -23315969 -646 62 -528 180 -19687233 -528 62 -410 180 -16058497 -410 62 -292 180 -12429761 -292 62 -174 180 -8801025 -174 62 -56 180 -5172289 -56 62 62 180 -1543553 62 62 180 180 2085183 180 62 298 180 5713919 298 62 416 180 9342655 416 62 534 180 12971391 534 62 652 180 16600127 652 62 770 180 20228863 770 62 888 180 23857599 888 62 1000 180 27480569 -1000 180 -882 298 -30456385 -882 180 -764 298 -26827649 -764 180 -646 298 -23198913 -646 180 -528 298 -19570177 -528 180 -410 298 -15941441 -410 180 -292 298 -12312705 -292 180 -174 298 -8683969 -174 180 -56 298 -5055233 -56 180 62 298 -1426497 62 180 180 298 2202239 180 180 298 298 5830975 298 180 416 298 9459711 416 180 534 298 13088447 534 180 652 298 16717183 652 180 770 298 20345919 770 180 888 298 23974655 888 180 1000 298 27597625 -1000 298 -882 416 -30339329 -882 298 -764 416 -26710593 -764 298 -646 416 -23081857 -646 298 -528 416 -19453121 -528 298 -410 416 -15824385 -410 298 -292 416 -12195649 -292 298 -174 416 -8566913 -174 298 -56 416 -4938177 -56 298 62 416 -1309441 62 298 180 416 2319295 180 298 298 416 5948031 298 298 416 416 9576767 416 298 534 416 13205503 534 298 652 416 16834239 652 298 770 416 20462975 770 298 888 416 24091711 888 298 1000 416 27714681 -1000 416 -882 534 -30222273 -882 416 -764 534 -26593537 -764 416 -646 534 -22964801 -646 416 -528 534 -19336065 -528 416 -410 534 -15707329 -410 416 -292 534 -12078593 -292 416 -174 534 -8449857 -174 416 -56 534 -4821121 -56 416 62 534 -1192385 62 416 180 534 2436351 180 416 298 534 6065087 298 416 416 534 9693823 416 416 534 534 13322559 534 416 652 534 16951295 652 416 770 534 20580031 770 416 888 534 24208767 888 416 1000 534 27831737 -1000 534 -882 652 -30105217 -882 534 -764 652 -26476481 -764 534 -646 652 -22847745 -646 534 -528 652 -19219009 -528 534 -410 652 -15590273 -410 534 -292 652 -11961537 -292 534 -174 652 -8332801 -174 534 -56 652 -4704065 -56 534 62 652 -1075329 62 534 180 652 2553407 180 534 298 652 6182143 298 534 416 652 9810879 416 534 534 652 13439615 534 534 652 652 17068351 652 534 770 652 20697087 770 534 888 652 24325823 888 534 1000 652 27948793 -1000 652 -882 770 -29988161 -882 652 -764 770 -26359425 -764 652 -646 770 -22730689 -646 652 -528 770 -19101953 -528 652 -410 770 -15473217 -410 652 -292 770 -11844481 -292 652 -174 770 -8215745 -174 652 -56 770 -4587009 -56 652 62 770 -958273 62 652 180 770 2670463 180 652 298 770 6299199 298 652 416 770 9927935 416 652 534 770 13556671 534 652 652 770 17185407 652 652 770 770 20814143 770 652 888 770 24442879 888 652 1000 770 28065849 -1000 770 -882 888 -29871105 -882 770 -764 888 -26242369 -764 770 -646 888 -22613633 -646 770 -528 888 -18984897 -528 770 -410 888 -15356161 -410 770 -292 888 -11727425 -292 770 -174 888 -8098689 -174 770 -56 888 -4469953 -56 770 62 888 -841217 62 770 180 888 2787519 180 770 298 888 6416255 298 770 416 888 10044991 416 770 534 888 13673727 534 770 652 888 17302463 652 770 770 888 20931199 770 770 888 888 24559935 888 770 1000 888 28182905 -1000 888 -882 1000 -29754235 -882 888 -764 1000 -26125499 -764 888 -646 1000 -22496763 -646 888 -528 1000 -18868027 -528 888 -410 1000 -15239291 -410 888 -292 1000 -11610555 -292 888 -174 1000 -7981819 -174 888 -56 1000 -4353083 -56 888 62 1000 -724347 62 888 180 1000 2904389 180 888 298 1000 6533125 298 888 416 1000 10161861 416 888 534 1000 13790597 534 888 652 1000 17419333 652 888 770 1000 21048069 770 888 888 1000 24676805 888 888 1000 1000 28299775 4 888 534 1000 652 888 652 1000 770 888 770 1000 888 888 888 1000 1000
PAGES -1000 -1000 1000 1000 624 -1000 -1000 -1000 1000 16 -1000 -1000 -500 -500 -31248001 -500 -1000 0 -500 -15872001 0 -1000 500 -500 -496001 500 -1000 1000 -500 14879999 -1000 -500 -500 0 -30752001 -500 -500 0 0 -15376001 0 -500 500 0 -1 500 -500 1000 0 15375999 -1000 0 -500 500 -30256001 -500 0 0 500 -14880001 0 0 500 500 495999 500 0 1000 500 15871999 -1000 500 -500 1000 -29760001 -500 500 0 1000 -14384001 0 500 500 1000 991999 500 500 1000 1000 16367999 0
PAGES -1000 -1000 1000 1000 741 1100 1100 1200 1200 9 -1000 -1000 -333 -333 -31082337 -333 -1000 334 -333 -10570753 334 -1000 1000 -333 9939870 -1000 -333 -333 334 -30420673 -333 -333 334 334 -9909089 334 -333 1000 334 10601534 -1000 334 -333 1000 -29759040 -333 334 334 1000 -9247456 334 334 1000 1000 11263167 0
PAGES -1000 -1000 1000 1000 469 -423 129 14 364 25 -1000 -1000 -600 -600 -31347201 -600 -1000 -200 -600 -19046401 -200 -1000 200 -600 -6745601 200 -1000 600 -600 5555199 600 -1000 1000 -600 17855999 -1000 -600 -600 -200 -30950401 -600 -600 -200 -200 -18649601 -200 -600 200 -200 -6348801 200 -600 600 -200 5951999 600 -600 1000 -200 18252799 -1000 -200 -600 200 -30553601 -600 -200 -200 200 -18252801 -200 -200 200 200 -5952001 200 -200 600 200 6348799 600 -200 1000 200 18649599 -1000 200 -600 600 -30156801 -600 200 -200 600 -17856001 -200 200 200 600 -5555201 200 200 600 600 6745599 600 200 1000 600 19046399 -1000 600 -600 1000 -29760001 -600 600 -200 1000 -17459201 -200 600 200 1000 -5158401 200 600 600 1000 7142399 600 600 1000 1000 19443199 4 -600 -200 -200 200 -200 -200 200 200 -600 200 -200 600 -200 200 200 600
PAGES -1000 -1000 1000 1000 498 -58 68 18 196 25 -1000 -1000 -600 -600 -31347201 -600 -1000 -200 -600 -19046401 -200 -1000 200 -600 -6745601 200 -1000 600 -600 5555199 600 -1000 1000 -600 17855999 -1000 -600 -600 -200 -30950401 -600 -600 -200 -200 -18649601 -200 -600 200 -200 -6348801 200 -600 600 -200 5951999 600 -600 1000 -200 18252799 -1000 -200 -600 200 -30553601 -600 -200 -200 200 -18252801 -200 -200 200 200 -5952001 200 -200 600 200 6348799 600 -200 1000 200 18649599 -1000 200 -600 600 -30156801 -600 200 -200 600 -17856001 -200 200 200 600 -5555201 200 200 600 600 6745599 600 200 1000 600 19046399 -1000 600 -600 1000 -29760001 -600 600 -200 1000 -17459201 -200 600 200 1000 -5158401 200 600 600 1000 7142399 600 600 1000 1000 19443199 1 -200 -200 200 200
PAGES -1000 -1000 1000 1000 628 -1000 -1000 -1000 1000 16 -1000 -1000 -500 -500 -31248001 -500 -1000 0 -500 -15872001 0 -1000 500 -500 -496001 500 -1000 1000 -500 14879999 -1000 -500 -500 0 -30752001 -500 -500 0 0 -15376001 0 -500 500 0 -1 500 -500 1000 0 15375999 -1000 0 -500 500 -30256001 -500 0 0 500 -14880001 0 0 500 500 495999 500 0 1000 500 15871999 -1000 500 -500 1000 -29760001 -500 500 0 1000 -14384001 0 500 500 1000 991999 500 500 1000 1000 16367999 0
PAGES -1000 -1000 1000 1000 164 1100 1100 1200 1200 169 -1000 -1000 -846 -846 -31591233 -846 -1000 -692 -846 -26855425 -692 -1000 -538 -846 -22119617 -538 -1000 -384 -846 -17383809 -384 -1000 -230 -846 -12648001 -230 -1000 -76 -846 -7912193 -76 -1000 78 -846 -3176385 78 -1000 232 -846 1559423 232 -1000 386 -846 6295231 386 -1000 540 -846 11031039 540 -1000 694 -846 15766847 694 -1000 848 -846 20502655 848 -1000 1000 -846 25236541 -1000 -846 -846 -692 -31438465 -846 -846 -692 -692 -26702657 -692 -846 -538 -692 -21966849 -538 -846 -384 -692 -17231041 -384 -846 -230 -692 -12495233 -230 -846 -76 -692 -7759425 -76 -846 78 -692 -3023617 78 -846 232 -692 1712191 232 -846 386 -692 6447999 386 -846 540 -692 11183807 540 -846 694 -692 15919615 694 -846 848 -692 20655423 848 -846 1000 -692 25389309 -1000 -692 -846 -538 -31285697 -846 -692 -692 -538 -26549889 -692 -692 -538 -538 -21814081 -538 -692 -384 -538 -17078273 -384 -692 -230 -538 -12342465 -230 -692 -76 -538 -7606657 -76 -692 78 -538 -2870849 78 -692 232 -538 1864959 232 -692 386 -538 6600767 386 -692 540 -538 11336575 540 -692 694 -538 16072383 694 -692 848 -538 20808191 848 -692 1000 -538 25542077 -1000 -538 -846 -384 -31132929 -846 -538 -692 -384 -26397121 -692 -538 -538 -384 -21661313 -538 -538 -384 -384 -16925505 -384 -538 -230 -384 -12189697 -230 -538 -76 -384 -7453889 -76 -538 78 -384 -2718081 78 -538 232 -384 2017727 232 -538 386 -384 6753535 386 -538 540 -384 11489343 540 -538 694 -384 16225151 694 -538 848 -384 20960959 848 -538 1000 -384 25694845 -1000 -384 -846 -230 -30980161 -846 -384 -692 -230 -26244353 -692 -384 -538 -230 -21508545 -538 -384 -384 -230 -16772737 -384 -384 -230 -230 -12036929 -230 -384 -76 -230 -7301121 -76 -384 78 -230 -2565313 78 -384 232 -230 2170495 232 -384 386 -230 6906303 386 -384 540 -230 11642111 540 -384 694 -230 16377919 694 -384 848 -230 21113727 848 -384 1000 -230 25847613 -1000 -230 -846 -76 -30827393 -846 -230 -692 -76 -26091585 -692 -230 -538 -76 -21355777 -538 -230 -384 -76 -16619969 -384 -230 -230 -76 -11884161 -230 -230 -76 -76 -7148353 -76 -230 78 -76 -2412545 78 -230 232 -76 2323263 232 -230 386 -76 7059071 386 -230 540 -76 11794879 540 -230 694 -76 16530687 694 -230 848 -76 21266495 848 -230 1000 -76 26000381 -1000 -76 -846 78 -30674625 -846 -76 -692 78 -25938817 -692 -76 -538 78 -21203009 -538 -76 -384 78 -16467201 -384 -76 -230 78 -11731393 -230 -76 -76 78 -6995585 -76 -76 78 78 -2259777 78 -76 232 78 2476031 232 -76 386 78 7211839 386 -76 540 78 11947647 540 -76 694 78 16683455 694 -76 848 78 21419263 848 -76 1000 78 26153149 -1000 78 -846 232 -30521857 -846 78 -692 232 -25786049 -692 78 -538 232 -21050241 -538 78 -384 232 -16314433 -384 78 -230 232 -11578625 -230 78 -76 232 -6842817 -76 78 78 232 -2107009 78 78 232 232 2628799 232 78 386 232 7364607 386 78 540 232 12100415 540 78 694 232 16836223 694 78 848 232 21572031 848 78 1000 232 26305917 -1000 232 -846 386 -30369089 -846 232 -692 386 -25633281 -692 232 -538 386 -20897473 -538 232 -384 386 -16161665 -384 232 -230 386 -11425857 -230 232 -76 386 -6690049 -76 232 78 386 -1954241 78 232 232 386 2781567 232 232 386 386 7517375 386 232 540 386 12253183 540 232 694 386 16988991 694 232 848 386 21724799 848 232 1000 386 26458685 -1000 386 -846 540 -30216321 -846 386 -692 540 -25480513 -692 386 -538 540 -20744705 -538 386 -384 540 -16008897 -384 386 -230 540 -11273089 -230 386 -76 540 -6537281 -76 386 78 540 -1801473 78 386 232 540 2934335 232 386 386 540 7670143 386 386 540 540 12405951 540 386 694 540 17141759 694 386 848 540 21877567 848 386 1000 540 26611453 -1000 540 -846 694 -30063553 -846 540 -692 694 -25327745 -692 540 -538 694 -20591937 -538 540 -384 694 -15856129 -384 540 -230 694 -11120321 -230 540 -76 694 -6384513 -76 540 78 694 -1648705 78 540 232 694 3087103 232 540 386 694 7822911 386 540 540 694 12558719 540 540 694 694 17294527 694 540 848 694 22030335 848 540 1000 694 26764221 -1000 694 -846 848 -29910785 -846 694 -692 848 -25174977 -692 694 -538 848 -20439169 -538 694 -384 848 -15703361 -384 694 -230 848 -10967553 -230 694 -76 848 -6231745 -76 694 78 848 -1495937 78 694 232 848 3239871 232 694 386 848 7975679 386 694 540 848 12711487 540 694 694 848 17447295 694 694 848 848 22183103 848 694 1000 848 26916989 -1000 848 -846 1000 -29758079 -846 848 -692 1000 -25022271 -692 848 -538 1000 -20286463 -538 848 -384 1000 -15550655 -384 848 -230 1000 -10814847 -230 848 -76 1000 -6079039 -76 848 78 1000 -1343231 78 848 232 1000 3392577 232 848 386 1000 8128385 386 848 540 1000 12864193 540 848 694 1000 17600001 694 848 848 1000 22335809 848 848 1000 1000 27069695 0
PAGES -1000 -1000 1000 1000 626 -567 -451 124 5 16 -1000 -1000 -500 -500 -31248001 -500 -1000 0 -500 -15872001 0 -1000 500 -500 -496001 500 -1000 1000 -500 14879999 -1000 -500 -500 0 -30752001 -500 -500 0 0 -15376001 0 -500 500 0 -1 500 -500 1000 0 15375999 -1000 0 -500 500 -30256001 -500 0 0 500 -14880001 0 0 500 500 495999 500 0 1000 500 15871999 -1000 500 -500 1000 -29760001 -500 500 0 1000 -14384001 0 500 500 1000 991999 500 500 1000 1000 16367999 6 -1000 -500 -500 0 -500 -500 0 0 0 -500 500 0 -1000 0 -500 500 -500 0 0 500 0 0 500 500
PAGES -1000 -1000 1000 1000 652 -886 -843 -424 -408 16 -1000 -1000 -500 -500 -31248001 -500 -1000 0 -500 -15872001 0 -1000 500 -500 -496001 500 -1000 1000 -500 14879999 -1000 -500 -500 0 -30752001 -500 -500 0 0 -15376001 0 -500 500 0 -1 500 -500 1000 0 15375999 -1000 0 -500 500 -30256001 -500 0 0 500 -14880001 0 0 500 500 495999 500 0 1000 500 15871999 -1000 500 -500 1000 -29760001 -500 500 0 1000 -14384001 0 500 500 1000 991999 500 500 1000 1000 16367999 4 -1000 -1000 -500 -500 -500 -1000 0 -500 -1000 -500 -500 0 -500 -500 0 0
PAGES -1000 -1000 1000 1000 653 -1000 -1000 -1000 1000 16 -1000 -1000 -500 -500 -31248001 -500 -1000 0 -500 -15872001 0 -1000 500 -500 -496001 500 -1000 1000 -500 14879999 -1000 -500 -500 0 -30752001 -500 -500 0 0 -15376001 0 -500 500 0 -1 500 -500 1000 0 15375999 -1000 0 -500 500 -30256001 -500 0 0 500 -14880001 0 0 500 500 495999 500 0 1000 500 15871999 -1000 500 -500 1000 -29760001 -500 500 0 1000 -14384001 0 500 500 1000 991999 500 500 1000 1000 16367999 0
PAGES -1000 -1000 1000 1000 109 1100 1100 1200 1200 361 -1000 -1000 -894 -894 -31638849 -894 -1000 -788 -894 -28379137 -788 -1000 -682 -894 -25119425 -682 -1000 -576 -894 -21859713 -576 -1000 -470 -894 -18600001 -470 -1000 -364 -894 -15340289 -364 -1000 -258 -894 -12080577 -258 -1000 -152 -894 -8820865 -152 -1000 -46 -894 -5561153 -46 -1000 60 -894 -2301441 60 -1000 166 -894 958271 166 -1000 272 -894 4217983 272 -1000 378 -894 7477695 378 -1000 484 -894 10737407 484 -1000 590 -894 13997119 590 -1000 696 -894 17256831 696 -1000 802 -894 20516543 802 -1000 908 -894 23776255 908 -1000 1000 -894 27022513 -1000 -894 -894 -788 -31533697 -894 -894 -788 -788 -28273985 -788 -894 -682 -788 -25014273 -682 -894 -576 -788 -21754561 -576 -894 -470 -788 -18494849 -470 -894 -364 -788 -15235137 -364 -894 -258 -788 -11975425 -258 -894 -152 -788 -8715713 -152 -894 -46 -788 -5456001 -46 -894 60 -788 -2196289 60 -894 166 -788 1063423 166 -894 272 -788 4323135 272 -894 378 -788 7582847 378 -894 484 -788 10842559 484 -894 590 -788 14102271 590 -894 696 -788 17361983 696 -894 802 -788 20621695 802 -894 908 -788 23881407 908 -894 1000 -788 27127665 -1000 -788 -894 -682 -31428545 -894 -788 -788 -682 -28168833 -788 -788 -682 -682 -24909121 -682 -788 -576 -682 -21649409 -576 -788 -470 -682 -18389697 -470 -788 -364 -682 -15129985 -364 -788 -258 -682 -11870273 -258 -788 -152 -682 -8610561 -152 -788 -46 -682 -5350849 -46 -788 60 -682 -2091137 60 -788 166 -682 1168575 166 -788 272 -682 4428287 272 -788 378 -682 7687999 378 -788 484 -682 10947711 484 -788 590 -682 14207423 590 -788 696 -682 17467135 696 -788 802 -682 20726847 802 -788 908 -682 23986559 908 -788 1000 -682 27232817 -1000 -682 -894 -576 -31323393 -894 -682 -788 -576 -28063681 -788 -682 -682 -576 -24803969 -682 -682 -576 -576 -21544257 -576 -682 -470 -576 -18284545 -470 -682 -364 -576 -15024833 -364 -682 -258 -576 -11765121 -258 -682 -152 -576 -8505409 -152 -682 -46 -576 -5245697 -46 -682 60 -576 -1985985 60 -682 166 -576 1273727 166 -682 272 -576 4533439 272 -682 378 -576 7793151 378 -682 484 -576 11052863 484 -682 590 -576 14312575 590 -682 696 -576 17572287 696 -682 802 -576 20831999 802 -682 908 -576 24091711 908 -682 1000 -576 27337969 -1000 -576 -894 -470 -31218241 -894 -576 -788 -470 -27958529 -788 -576 -682 -470 -24698817 -682 -576 -576 -470 -21439105 -576 -576 -470 -470 -18179393 -470 -576 -364 -470 -14919681 -364 -576 -258 -470 -11659969 -258 -576 -152 -470 -8400257 -152 -576 -46 -470 -5140545 -46 -576 60 -470 -1880833 60 -576 166 -470 1378879 166 -576 272 -470 4638591 272 -576 378 -470 7898303 378 -576 484 -470 11158015 484 -576 590 -470 14417727 590 -576 696 -470 17677439 696 -576 802 -470 20937151 802 -576 908 -470 24196863 908 -576 1000 -470 27443121 -1000 -470 -894 -364 -31113089 -894 -470 -788 -364 -27853377 -788 -470 -682 -364 -24593665 -682 -470 -576 -364 -21333953 -576 -470 -470 -364 -18074241 -470 -470 -364 -364 -14814529 -364 -470 -258 -364 -11554817 -258 -470 -152 -364 -8295105 -152 -470 -46 -364 -5035393 -46 -470 60 -364 -1775681 60 -470 166 -364 1484031 166 -470 272 -364 4743743 272 -470 378 -364 8003455 378 -470 484 -364 11263167 484 -470 590 -364 14522879 590 -470 696 -364 17782591 696 -470 802 -364 21042303 802 -470 908 -364 24302015 908 -470 1000 -364 27548273 -1000 -364 -894 -258 -31007937 -894 -364 -788 -258 -27748225 -788 -364 -682 -258 -24488513 -682 -364 -576 -258 -21228801 -576 -364 -470 -258 -17969089 -470 -364 -364 -258 -14709377 -364 -364 -258 -258 -11449665 -258 -364 -152 -258 -8189953 -152 -364 -46 -258 -4930241 -46 -364 60 -258 -1670529 60 -364 166 -258 1589183 166 -364 272 -258 4848895 272 -364 378 -258 8108607 378 -364 484 -258 11368319 484 -364 590 -258 14628031 590 -364 696 -258 17887743 696 -364 802 -258 21147455 802 -364 908 -258 24407167 908 -364 1000 -258 27653425 -1000 -258 -894 -152 -30902785 -894 -258 -788 -152 -27643073 -788 -258 -682 -152 -24383361 -682 -258 -576 -152 -21123649 -576 -258 -470 -152 -17863937 -470 -258 -364 -152 -14604225 -364 -258 -258 -152 -11344513 -258 -258 -152 -152 -8084801 -152 -258 -46 -152 -4825089 -46 -258 60 -152 -1565377 60 -258 166 -152 1694335 166 -258 272 -152 4954047 272 -258 378 -152 8213759 378 -258 484 -152 11473471 484 -258 590 -152 14733183 590 -258 696 -152 17992895 696 -258 802 -152 21252607 802 -258 908 -152 24512319 908 -258 1000 -152 27758577 -1000 -152 -894 -46 -30797633 -894 -152 -788 -46 -27537921 -788 -152 -682 -46 -24278209 -682 -152 -576 -46 -21018497 -576 -152 -470 -46 -17758785 -470 -152 -364 -46 -14499073 -364 -152 -258 -46 -11239361 -258 -152 -152 -46 -7979649 -152 -152 -46 -46 -4719937 -46 -152 60 -46 -1460225 60 -152 166 -46 1799487 166 -152 272 -46 5059199 272 -152 378 -46 8318911 378 -152 484 -46 11578623 484 -152 590 -46 14838335 590 -152 696 -46 18098047 696 -152 802 -46 21357759 802 -152 908 -46 24617471 908 -152 1000 -46 27863729 -1000 -46 -894 60 -30692481 -894 -46 -788 60 -27432769 -788 -46 -682 60 -24173057 -682 -46 -576 60 -20913345 -576 -46 -470 60 -17653633 -470 -46 -364 60 -14393921 -364 -46 -258 60 -11134209 -258 -46 -152 60 -7874497 -152 -46 -46 60 -4614785 -46 -46 60 60 -1355073 60 -46 166 60 1904639 166 -46 272 60 5164351 272 -46 378 60 8424063 378 -46 484 60 11683775 484 -46 590 60 14943487 590 -46 696 60 18203199 696 -46 802 60 21462911 802 -46 908 60 24722623 908 -46 1000 60 27968881 -1000 60 -894 166 -30587329 -894 60 -788 166 -27327617 -788 60 -682 166 -24067905 -682 60 -576 166 -20808193 -576 60 -470 166 -17548481 -470 60 -364 166 -14288769 -364 60 -258 166 -11029057 -258 60 -152 166 -7769345 -152 60 -46 166 -4509633 -46 60 60 166 -1249921 60 60 166 166 2009791 166 60 272 166 5269503 272 60 378 166 8529215 378 60 484 166 11788927 484 60 590 166 15048639 590 60 696 166 18308351 696 60 802 166 21568063 802 60 908 166 24827775 908 60 1000 166 28074033 -1000 166 -894 272 -30482177 -894 166 -788 272 -27222465 -788 166 -682 272 -23962753 -682 166 -576 272 -20703041 -576 166 -470 272 -17443329 -470 166 -364 272 -14183617 -364 166 -258 272 -10923905 -258 166 -152 272 -7664193 -152 166 -46 272 -4404481 -46 166 60 272 -1144769 60 166 166 272 2114943 166 166 272 272 5374655 272 166 378 272 8634367 378 166 484 272 11894079 484 166 590 272 15153791 590 166 696 272 18413503 696 166 802 272 21673215 802 166 908 272 24932927 908 166 1000 272 28179185 -1000 272 -894 378 -30377025 -894 272 -788 378 -27117313 -788 272 -682 378 -23857601 -682 272 -576 378 -20597889 -576 272 -470 378 -17338177 -470 272 -364 378 -14078465 -364 272 -258 378 -10818753 -258 272 -152 378 -7559041 -152 272 -46 378 -4299329 -46 272 60 378 -1039617 60 272 166 378 2220095 166 272 272 378 5479807 272 272 378 378 8739519 378 272 484 378 11999231 484 272 590 378 15258943 590 272 696 378 18518655 696 272 802 378 21778367 802 272 908 378 25038079 908 272 1000 378 28284337 -1000 378 -894 484 -30271873 -894 378 -788 484 -27012161 -788 378 -682 484 -23752449 -682 378 -576 484 -20492737 -576 378 -470 484 -17233025 -470 378 -364 484 -13973313 -364 378 -258 484 -10713601 -258 378 -152 484 -7453889 -152 378 -46 484 -4194177 -46 378 60 484 -934465 60 378 166 484 2325247 166 378 272 484 5584959 272 378 378 484 8844671 378 378 484 484 12104383 484 378 590 484 15364095 590 378 696 484 18623807 696 378 802 484 21883519 802 378 908 484 25143231 908 378 1000 484 28389489 -1000 484 -894 590 -30166721 -894 484 -788 590 -26907009 -788 484 -682 590 -23647297 -682 484 -576 590 -20387585 -576 484 -470 590 -17127873 -470 484 -364 590 -13868161 -364 484 -258 590 -10608449 -258 484 -152 590 -7348737 -152 484 -46 590 -4089025 -46 484 60 590 -829313 60 484 166 590 2430399 166 484 272 590 5690111 272 484 378 590 8949823 378 484 484 590 12209535 484 484 590 590 15469247 590 484 696 590 18728959 696 484 802 590 21988671 802 484 908 590 25248383 908 484 1000 590 28494641 -1000 590 -894 696 -30061569 -894 590 -788 696 -26801857 -788 590 -682 696 -23542145 -682 590 -576 696 -20282433 -576 590 -470 696 -17022721 -470 590 -364 696 -13763009 -364 590 -258 696 -10503297 -258 590 -152 696 -7243585 -152 590 -46 696 -3983873 -46 590 60 696 -724161 60 590 166 696 2535551 166 590 272 696 5795263 272 590 378 696 9054975 378 590 484 696 12314687 484 590 590 696 15574399 590 590 696 696 18834111 696 590 802 696 22093823 802 590 908 696 25353535 908 590 1000 696 28599793 -1000 696 -894 802 -29956417 -894 696 -788 802 -26696705 -788 696 -682 802 -23436993 -682 696 -576 802 -20177281 -576 696 -470 802 -16917569 -470 696 -364 802 -13657857 -364 696 -258 802 -10398145 -258 696 -152 802 -7138433 -152 696 -46 802 -3878721 -46 696 60 802 -619009 60 696 166 802 2640703 166 696 272 802 5900415 272 696 378 802 9160127 378 696 484 802 12419839 484 696 590 802 15679551 590 696 696 802 18939263 696 696 802 802 22198975 802 696 908 802 25458687 908 696 1000 802 28704945 -1000 802 -894 908 -29851265 -894 802 -788 908 -26591553 -788 802 -682 908 -23331841 -682 802 -576 908 -20072129 -576 802 -470 908 -16812417 -470 802 -364 908 -13552705 -364 802 -258 908 -10292993 -258 802 -152 908 -7033281 -152 802 -46 908 -3773569 -46 802 60 908 -513857 60 802 166 908 2745855 166 802 272 908 6005567 272 802 378 908 9265279 378 802 484 908 12524991 484 802 590 908 15784703 590 802 696 908 19044415 696 802 802 908 22304127 802 802 908 908 25563839 908 802 1000 908 28810097 -1000 908 -894 1000 -29746547 -894 908 -788 1000 -26486835 -788 908 -682 1000 -23227123 -682 908 -576 1000 -19967411 -576 908 -470 1000 -16707699 -470 908 -364 1000 -13447987 -364 908 -258 1000 -10188275 -258 908 -152 1000 -6928563 -152 908 -46 1000 -3668851 -46 908 60 1000 -409139 60 908 166 1000 2850573 166 908 272 1000 6110285 272 908 378 1000 9369997 378 908 484 1000 12629709 484 908 590 1000 15889421 590 908 696 1000 19149133 696 908 802 1000 22408845 802 908 908 1000 25668557 908 908 1000 1000 28914815 0
PAGES -1000 -1000 1000 1000 608 963 4 1493 24 16 -1000 -1000 -500 -500 -31248001 -500 -1000 0 -500 -15872001 0 -1000 500 -500 -496001 500 -1000 1000 -500 14879999 -1000 -500 -500 0 -30752001 -500 -500 0 0 -15376001 0 -500 500 0 -1 500 -500 1000 0 15375999 -1000 0 -500 500 -30256001 -500 0 0 500 -14880001 0 0 500 500 495999 500 0 1000 500 15871999 -1000 500 -500 1000 -29760001 -500 500 0 1000 -14384001 0 500 500 1000 991999 500 500 1000 1000 16367999 1 500 0 1000 500
PAGES -1000 -1000 1000 1000 315 972 811 1708 896 49 -1000 -1000 -714 -714 -31460289 -714 -1000 -428 -714 -22665217 -428 -1000 -142 -714 -13870145 -142 -1000 144 -714 -5075073 144 -1000 430 -714 3719999 430 -1000 716 -714 12515071 716 -1000 1000 -714 21308221 -1000 -714 -714 -428 -31176577 -714 -714 -428 -428 -22381505 -428 -714 -142 -428 -13586433 -142 -714 144 -428 -4791361 144 -714 430 -428 4003711 430 -714 716 -428 12798783 716 -714 1000 -428 21591933 -1000 -428 -714 -142 -30892865 -714 -428 -428 -142 -22097793 -428 -428 -142 -142 -13302721 -142 -428 144 -142 -4507649 144 -428 430 -142 4287423 430 -428 716 -142 13082495 716 -428 1000 -142 21875645 -1000 -142 -714 144 -30609153 -714 -142 -428 144 -21814081 -428 -142 -142 144 -13019009 -142 -142 144 144 -4223937 144 -142 430 144 4571135 430 -142 716 144 13366207 716 -142 1000 144 22159357 -1000 144 -714 430 -30325441 -714 144 -428 430 -21530369 -428 144 -142 430 -12735297 -142 144 144 430 -3940225 144 144 430 430 4854847 430 144 716 430 13649919 716 144 1000 430 22443069 -1000 430 -714 716 -30041729 -714 430 -428 716 -21246657 -428 430 -142 716 -12451585 -142 430 144 716 -3656513 144 430 430 716 5138559 430 430 716 716 13933631 716 430 1000 716 22726781 -1000 716 -714 1000 -29758079 -714 716 -428 1000 -20963007 -428 716 -142 1000 -12167935 -142 716 144 1000 -3372863 144 716 430 1000 5422209 430 716 716 1000 14217281 716 716 1000 1000 23010431 1 716 716 1000 1000
PAGES -1000 -1000 1000 1000 279 -1000 -1000 -1000 1000 64 -1000 -1000 -750 -750 -31496001 -750 -1000 -500 -750 -23808001 -500 -1000 -250 -750 -16120001 -250 -1000 0 -750 -8432001 0 -1000 250 -750 -744001 250 -1000 500 -750 6943999 500 -1000 750 -750 14631999 750 -1000 1000 -750 22319999 -1000 -750 -750 -500 -31248001 -750 -750 -500 -500 -23560001 -500 -750 -250 -500 -15872001 -250 -750 0 -500 -8184001 0 -750 250 -500 -496001 250 -750 500 -500 7191999 500 -750 750 -500 14879999 750 -750 1000 -500 22567999 -1000 -500 -750 -250 -31000001 -750 -500 -500 -250 -23312001 -500 -500 -250 -250 -15624001 -250 -500 0 -250 -7936001 0 -500 250 -250 -248001 250 -500 500 -250 7439999 500 -500 750 -250 15127999 750 -500 1000 -250 22815999 -1000 -250 -750 0 -30752001 -750 -250 -500 0 -23064001 -500 -250 -250 0 -15376001 -250 -250 0 0 -7688001 0 -250 250 0 -1 250 -250 500 0 7687999 500 -250 750 0 15375999 750 -250 1000 0 23063999 -1000 0 -750 250 -30504001 -750 0 -500 250 -22816001 -500 0 -250 250 -15128001 -250 0 0 250 -7440001 0 0 250 250 247999 250 0 500 250 7935999 500 0 750 250 15623999 750 0 1000 250 23311999 -1000 250 -750 500 -30256001 -750 250 -500 500 -22568001 -500 250 -250 500 -14880001 -250 250 0 500 -7192001 0 250 250 500 495999 250 250 500 500 8183999 500 250 750 500 15871999 750 250 1000 500 23559999 -1000 500 -750 750 -30008001 -750 500 -500 750 -22320001 -500 500 -250 750 -14632001 -250 500 0 750 -6944001 0 500 250 750 743999 250 500 500 750 8431999 500 500 750 750 16119999 750 500 1000 750 23807999 -1000 750 -750 1000 -29760001 -750 750 -500 1000 -22072001 -500 750 -250 1000 -14384001 -250 750 0 1000 -6696001 0 750 250 1000 991999 250 750 500 1000 8679999 500 750 750 1000 16367999 750 750 1000 1000 24055999 0
PAGES -1000 -1000 1000 1000 243 1100 1100 1200 1200 81 -1000 -1000 -777 -777 -31522785 -777 -1000 -554 -777 -24665089 -554 -1000 -331 -777 -17807393 -331 -1000 -108 -777 -10949697 -108 -1000 115 -777 -4092001 115 -1000 338 -777 2765695 338 -1000 561 -777 9623391 561 -1000 784 -777 16481087 784 -1000 1000 -777 23332056 -1000 -777 -777 -554 -31301569 -777 -777 -554 -554 -24443873 -554 -777 -331 -554 -17586177 -331 -777 -108 -554 -10728481 -108 -777 115 -554 -3870785 115 -777 338 -554 2986911 338 -777 561 -554 9844607 561 -777 784 -554 16702303 784 -777 1000 -554 23553272 -1000 -554 -777 -331 -31080353 -777 -554 -554 -331 -24222657 -554 -554 -331 -331 -17364961 -331 -554 -108 -331 -10507265 -108 -554 115 -331 -3649569 115 -554 338 -331 3208127 338 -554 561 -331 10065823 561 -554 784 -331 16923519 784 -554 1000 -331 23774488 -1000 -331 -777 -108 -30859137 -777 -331 -554 -108 -24001441 -554 -331 -331 -108 -17143745 -331 -331 -108 -108 -10286049 -108 -331 115 -108 -3428353 115 -331 338 -108 3429343 338 -331 561 -108 10287039 561 -331 784 -108 17144735 784 -331 1000 -108 23995704 -1000 -108 -777 115 -30637921 -777 -108 -554 115 -23780225 -554 -108 -331 115 -16922529 -331 -108 -108 115 -10064833 -108 -108 115 115 -3207137 115 -108 338 115 3650559 338 -108 561 115 10508255 561 -108 784 115 17365951 784 -108 1000 115 24216920 -1000 115 -777 338 -30416705 -777 115 -554 338 -23559009 -554 115 -331 338 -16701313 -331 115 -108 338 -9843617 -108 115 115 338 -2985921 115 115 338 338 3871775 338 115 561 338 10729471 561 115 784 338 17587167 784 115 1000 338 24438136 -1000 338 -777 561 -30195489 -777 338 -554 561 -23337793 -554 338 -331 561 -16480097 -331 338 -108 561 -9622401 -108 338 115 561 -2764705 115 338 338 561 4092991 338 338 561 561 10950687 561 338 784 561 17808383 784 338 1000 561 24659352 -1000 561 -777 784 -29974273 -777 561 -554 784 -23116577 -554 561 -331 784 -16258881 -331 561 -108 784 -9401185 -108 561 115 784 -2543489 115 561 338 784 4314207 338 561 561 784 11171903 561 561 784 784 18029599 784 561 1000 784 24880568 -1000 784 -777 1000 -29753274 -777 784 -554 1000 -22895578 -554 784 -331 1000 -16037882 -331 784 -108 1000 -9180186 -108 784 115 1000 -2322490 115 784 338 1000 4535206 338 784 561 1000 11392902 561 784 784 1000 18250598 784 784 1000 1000 25101567 0
PAGES -1000 -1000 1000 1000 471 909 -989 1199 -385 25 -1000 -1000 -600 -600 -31347201 -600 -1000 -200 -600 -19046401 -200 -1000 200 -600 -6745601 200 -1000 600 -600 5555199 600 -1000 1000 -600 17855999 -1000 -600 -600 -200 -30950401 -600 -600 -200 -200 -18649601 -200 -600 200 -200 -6348801 200 -600 600 -200 5951999 600 -600 1000 -200 18252799 -1000 -200 -600 200 -30553601 -600 -200 -200 200 -18252801 -200 -200 200 200 -5952001 200 -200 600 200 6348799 600 -200 1000 200 18649599 -1000 200 -600 600 -30156801 -600 200 -200 600 -17856001 -200 200 200 600 -5555201 200 200 600 600 6745599 600 200 1000 600 19046399 -1000 600 -600 1000 -29760001 -600 600 -200 1000 -17459201 -200 600 200 1000 -5158401 200 600 600 1000 7142399 600 600 1000 1000 19443199 2 600 -1000 1000 -600 600 -600 1000 -200
PAGES -1000 -1000 1000 1000 513 -459 301 218 928 16 -1000 -1000 -500 -500 -31248001 -500 -1000 0 -500 -15872001 0 -1000 500 -500 -496001 500 -1000 1000 -500 14879999 -1000 -500 -500 0 -30752001 -500 -500 0 0 -15376001 0 -500 500 0 -1 500 -500 1000 0 15375999 -1000 0 -500 500 -30256001 -500 0 0 500 -14880001 0 0 500 500 495999 500 0 1000 500 15871999 -1000 500 -500 1000 -29760001 -500 500 0 1000 -14384001 0 500 500 1000 991999 500 500 1000 1000 16367999 4 -500 0 0 500 0 0 500 500 -500 500 0 1000 0 500 500 1000
PAGES -1000 -1000 1000 1000 453 -1000 -1000 -1000 1000 25 -1000 -1000 -600 -600 -31347201 -600 -1000 -200 -600 -19046401 -200 -1000 200 -600 -6745601 200 -1000 600 -600 5555199 600 -1000 1000 -600 17855999 -1000 -600 -600 -200 -30950401 -600 -600 -200 -200 -18649601 -200 -600 200 -200 -6348801 200 -600 600 -200 5951999 600 -600 1000 -200 18252799 -1000 -200 -600 200 -30553601 -600 -200 -200 200 -18252801 -200 -200 200 200 -5952001 200 -200 600 200 6348799 600 -200 1000 200 18649599 -1000 200 -600 600 -30156801 -600 200 -200 600 -17856001 -200 200 200 600 -5555201 200 200 600 600 6745599 600 200 1000 600 19046399 -1000 600 -600 1000 -29760001 -600 600 -200 1000 -17459201 -200 600 200 1000 -5158401 200 600 600 1000 7142399 600 600 1000 1000 19443199 0
PAGES -1000 -1000 1000 1000 752 1100 1100 1200 1200 9 -1000 -1000 -333 -333 -31082337 -333 -1000 334 -333 -10570753 334 -1000 1000 -333 9939870 -1000 -333 -333 334 -30420673 -333 -333 334 334 -9909089 334 -333 1000 334 10601534 -1000 334 -333 1000 -29759040 -333 334 334 1000 -9247456 334 334 1000 1000 11263167 0
PAGES -1000 -1000 1000 1000 671 883 -221 1303 158 9 -1000 -1000 -333 -333 -31082337 -333 -1000 334 -333 -10570753 334 -1000 1000 -333 9939870 -1000 -333 -333 334 -30420673 -333 -333 334 334 -9909089 334 -333 1000 334 10601534 -1000 334 -333 1000 -29759040 -333 334 334 1000 -9247456 334 334 1000 1000 11263167 1 334 -333 1000 334
PAGES -1000 -1000 1000 1000 196 655 -82 1340 538 121 -1000 -1000 -818 -818 -31563457 -818 -1000 -636 -818 -25966593 -636 -1000 -454 -818 -20369729 -454 -1000 -272 -818 -14772865 -272 -1000 -90 -818 -9176001 -90 -1000 92 -818 -3579137 92 -1000 274 -818 2017727 274 -1000 456 -818 7614591 456 -1000 638 -818 13211455 638 -1000 820 -818 18808319 820 -1000 1000 -818 24403261 -1000 -818 -818 -636 -31382913 -818 -818 -636 -636 -25786049 -636 -818 -454 -636 -20189185 -454 -818 -272 -636 -14592321 -272 -818 -90 -636 -8995457 -90 -818 92 -636 -3398593 92 -818 274 -636 2198271 274 -818 456 -636 7795135 456 -818 638 -636 13391999 638 -818 820 -636 18988863 820 -818 1000 -636 24583805 -1000 -636 -818 -454 -31202369 -818 -636 -636 -454 -25605505 -636 -636 -454 -454 -20008641 -454 -636 -272 -454 -14411777 -272 -636 -90 -454 -8814913 -90 -636 92 -454 -3218049 92 -636 274 -454 2378815 274 -636 456 -454 7975679 456 -636 638 -454 13572543 638 -636 820 -454 19169407 820 -636 1000 -454 24764349 -1000 -454 -818 -272 -31021825 -818 -454 -636 -272 -25424961 -636 -454 -454 -272 -19828097 -454 -454 -272 -272 -14231233 -272 -454 -90 -272 -8634369 -90 -454 92 -272 -3037505 92 -454 274 -272 2559359 274 -454 456 -272 8156223 456 -454 638 -272 13753087 638 -454 820 -272 19349951 820 -454 1000 -272 24944893 -1000 -272 -818 -90 -30841281 -818 -272 -636 -90 -25244417 -636 -272 -454 -90 -19647553 -454 -272 -272 -90 -14050689 -272 -272 -90 -90 -8453825 -90 -272 92 -90 -2856961 92 -272 274 -90 2739903 274 -272 456 -90 8336767 456 -272 638 -90 13933631 638 -272 820 -90 19530495 820 -272 1000 -90 25125437 -1000 -90 -818 92 -30660737 -818 -90 -636 92 -25063873 -636 -90 -454 92 -19467009 -454 -90 -272 92 -13870145 -272 -90 -90 92 -8273281 -90 -90 92 92 -2676417 92 -90 274 92 2920447 274 -90 456 92 8517311 456 -90 638 92 14114175 638 -90 820 92 19711039 820 -90 1000 92 25305981 -1000 92 -818 274 -30480193 -818 92 -636 274 -24883329 -636 92 -454 274 -19286465 -454 92 -272 274 -13689601 -272 92 -90 274 -8092737 -90 92 92 274 -2495873 92 92 274 274 3100991 274 92 456 274 8697855 456 92 638 274 14294719 638 92 820 274 19891583 820 92 1000 274 25486525 -1000 274 -818 456 -30299649 -818 274 -636 456 -24702785 -636 274 -454 456 -19105921 -454 274 -272 456 -13509057 -272 274 -90 456 -7912193 -90 274 92 456 -2315329 92 274 274 456 3281535 274 274 456 456 8878399 456 274 638 456 14475263 638 274 820 456 20072127 820 274 1000 456 25667069 -1000 456 -818 638 -30119105 -818 456 -636 638 -24522241 -636 456 -454 638 -18925377 -454 456 -272 638 -13328513 -272 456 -90 638 -7731649 -90 456 92 638 -2134785 92 456 274 638 3462079 274 456 456 638 9058943 456 456 638 638 14655807 638 456 820 638 20252671 820 456 1000 638 25847613 -1000 638 -818 820 -29938561 -818 638 -636 820 -24341697 -636 638 -454 820 -18744833 -454 638 -272 820 -13147969 -272 638 -90 820 -7551105 -90 638 92 820 -1954241 92 638 274 820 3642623 274 638 456 820 9239487 456 638 638 820 14836351 638 638 820 820 20433215 820 638 1000 820 26028157 -1000 820 -818 1000 -29758079 -818 820 -636 1000 -24161215 -636 820 -454 1000 -18564351 -454 820 -272 1000 -12967487 -272 820 -90 1000 -7370623 -90 820 92 1000 -1773759 92 820 274 1000 3823105 274 820 456 1000 9419969 456 820 638 1000 15016833 638 820 820 1000 20613697 820 820 1000 1000 26208639 8 638 -90 820 92 820 -90 1000 92 638 92 820 274 820 92 1000 274 638 274 820 456 820 274 1000 456 638 456 820 638 820 456 1000 638
PAGES -1000 -1000 1000 1000 435 -1000 -1000 -1000 1000 25 -1000 -1000 -600 -600 -31347201 -600 -1000 -200 -600 -19046401 -200 -1000 200 -600 -6745601 200 -1000 600 -600 5555199 600 -1000 1000 -600 17855999 -1000 -600 -600 -200 -30950401 -600 -600 -200 -200 -18649601 -200 -600 200 -200 -6348801 200 -600 600 -200 5951999 600 -600 1000 -200 18252799 -1000 -200 -600 200 -30553601 -600 -200 -200 200 -18252801 -200 -200 200 200 -5952001 200 -200 600 200 6348799 600 -200 1000 200 18649599 -1000 200 -600 600 -30156801 -600 200 -200 600 -17856001 -200 200 200 600 -5555201 200 200 600 600 6745599 600 200 1000 600 19046399 -1000 600 -600 1000 -29760001 -600 600 -200 1000 -17459201 -200 600 200 1000 -5158401 200 600 600 1000 7142399 600 600 1000 1000 19443199 0
PAGES -1000 -1000 1000 1000 236 1100 1100 1200 1200 81 -1000 -1000 -777 -777 -31522785 -777 -1000 -554 -777 -24665089 -554 -1000 -331 -777 -17807393 -331 -1000 -108 -777 -10949697 -108 -1000 115 -777 -4092001 115 -1000 338 -777 2765695 338 -1000 561 -777 9623391 561 -1000 784 -777 16481087 784 -1000 1000 -777 23332056 -1000 -777 -777 -554 -31301569 -777 -777 -554 -554 -24443873 -554 -777 -331 -554 -17586177 -331 -777 -108 -554 -10728481 -108 -777 115 -554 -3870785 115 -777 338 -554 2986911 338 -777 561 -554 9844607 561 -777 784 -554 16702303 784 -777 1000 -554 23553272 -1000 -554 -777 -331 -31080353 -777 -554 -554 -331 -24222657 -554 -554 -331 -331 -17364961 -331 -554 -108 -331 -10507265 -108 -554 115 -331 -3649569 115 -554 338 -331 3208127 338 -554 561 -331 10065823 561 -554 784 -331 16923519 784 -554 1000 -331 23774488 -1000 -331 -777 -108 -30859137 -777 -331 -554 -108 -24001441 -554 -331 -331 -108 -17143745 -331 -331 -108 -108 -10286049 -108 -331 115 -108 -3428353 115 -331 338 -108 3429343 338 -331 561 -108 10287039 561 -331 784 -108 17144735 784 -331 1000 -108 23995704 -1000 -108 -777 115 -30637921 -777 -108 -554 115 -23780225 -554 -108 -331 115 -16922529 -331 -108 -108 115 -10064833 -108 -108 115 115 -3207137 115 -108 338 115 3650559 338 -108 561 115 10508255 561 -108 784 115 17365951 784 -108 1000 115 24216920 -1000 115 -777 338 -30416705 -777 115 -554 338 -23559009 -554 115 -331 338 -16701313 -331 115 -108 338 -9843617 -108 115 115 338 -2985921 115 115 338 338 3871775 338 115 561 338 10729471 561 115 784 338 17587167 784 115 1000 338 24438136 -1000 338 -777 561 -30195489 -777 338 -554 561 -23337793 -554 338 -331 561 -16480097 -331 338 -108 561 -9622401 -108 338 115 561 -2764705 115 338 338 561 4092991 338 338 561 561 10950687 561 338 784 561 17808383 784 338 1000 561 24659352 -1000 561 -777 784 -29974273 -777 561 -554 784 -23116577 -554 561 -331 784 -16258881 -331 561 -108 784 -9401185 -108 561 115 784 -2543489 115 561 338 784 4314207 338 561 561 784 11171903 561 561 784 784 18029599 784 561 1000 784 24880568 -1000 784 -777 1000 -29753274 -777 784 -554 1000 -22895578 -554 784 -331 1000 -16037882 -331 784 -108 1000 -9180186 -108 784 115 1000 -2322490 115 784 338 1000 4535206 338 784 561 1000 11392902 561 784 784 1000 18250598 784 784 1000 1000 25101567 0
PAGES -1000 -1000 1000 1000 715 579 573 1052 605 9 -1000 -1000 -333 -333 -31082337 -333 -1000 334 -333 -10570753 334 -1000 1000 -333 9939870 -1000 -333 -333 334 -30420673 -333 -333 334 334 -9909089 334 -333 1000 334 10601534 -1000 334 -333 1000 -29759040 -333 334 334 1000 -9247456 334 334 1000 1000 11263167 1 334 334 1000 1000
PAGES -1000 -1000 1000 1000 399 908 668 1120 713 36 -1000 -1000 -666 -666 -31412673 -666 -1000 -332 -666 -21141505 -332 -1000 2 -666 -10870337 2 -1000 336 -666 -599169 336 -1000 670 -666 9671999 670 -1000 1000 -666 19939323 -1000 -666 -666 -332 -31081345 -666 -666 -332 -332 -20810177 -332 -666 2 -332 -10539009 2 -666 336 -332 -267841 336 -666 670 -332 10003327 670 -666 1000 -332 20270651 -1000 -332 -666 2 -30750017 -666 -332 -332 2 -20478849 -332 -332 2 2 -10207681 2 -332 336 2 63487 336 -332 670 2 10334655 670 -332 1000 2 20601979 -1000 2 -666 336 -30418689 -666 2 -332 336 -20147521 -332 2 2 336 -9876353 2 2 336 336 394815 336 2 670 336 10665983 670 2 1000 336 20933307 -1000 336 -666 670 -30087361 -666 336 -332 670 -19816193 -332 336 2 670 -9545025 2 336 336 670 726143 336 336 670 670 10997311 670 336 1000 670 21264635 -1000 670 -666 1000 -29756157 -666 670 -332 1000 -19484989 -332 670 2 1000 -9213821 2 670 336 1000 1057347 336 670 670 1000 11328515 670 670 1000 1000 21595839 2 670 336 1000 670 670 670 1000 1000
PAGES -1000 -1000 1000 1000 484 -1000 -1000 -1000 1000 25 -1000 -1000 -600 -600 -31347201 -600 -1000 -200 -600 -19046401 -200 -1000 200 -600 -6745601 200 -1000 600 -600 5555199 600 -1000 1000 -600 17855999 -1000 -600 -600 -200 -30950401 -600 -600 -200 -200 -18649601 -200 -600 200 -200 -6348801 200 -600 600 -200 5951999 600 -600 1000 -200 18252799 -1000 -200 -600 200 -30553601 -600 -200 -200 200 -18252801 -200 -200 200 200 -5952001 200 -200 600 200 6348799 600 -200 1000 200 18649599 -1000 200 -600 600 -30156801 -600 200 -200 600 -17856001 -200 200 200 600 -5555201 200 200 600 600 6745599 600 200 1000 600 19046399 -1000 600 -600 1000 -29760001 -600 600 -200 1000 -17459201 -200 600 200 1000 -5158401 200 600 600 1000 7142399 600 600 1000 1000 19443199 0
PAGES -1000 -1000 1000 1000 485 1100 1100 1200 1200 25 -1000 -1000 -600 -600 -31347201 -600 -1000 -200 -600 -19046401 -200 -1000 200 -600 -6745601 200 -1000 600 -600 5555199 600 -1000 1000 -600 17855999 -1000 -600 -600 -200 -30950401 -600 -600 -200 -200 -18649601 -200 -600 200 -200 -6348801 200 -600 600 -200 5951999 600 -600 1000 -200 18252799 -1000 -200 -600 200 -30553601 -600 -200 -200 200 -18252801 -200 -200 200 200 -5952001 200 -200 600 200 6348799 600 -200 1000 200 18649599 -1000 200 -600 600 -30156801 -600 200 -200 600 -17856001 -200 200 200 600 -5555201 200 200 600 600 6745599 600 200 1000 600 19046399 -1000 600 -600 1000 -29760001 -600 600 -200 1000 -17459201 -200 600 200 1000 -5158401 200 600 600 1000 7142399 600 600 1000 1000 19443199 0
PAGES -1000 -1000 1000 1000 745 366 964 535 1591 9 -1000 -1000 -333 -333 -31082337 -333 -1000 334 -333 -10570753 334 -1000 1000 -333 9939870 -1000 -333 -333 334 -30420673 -333 -333 334 334 -9909089 334 -333 1000 334 10601534 -1000 334 -333 1000 -29759040 -333 334 334 1000 -9247456 334 334 1000 1000 11263167 1 334 334 1000 1000
PAGES -1000 -1000 1000 1000 277 100 600 876 962 64 -1000 -1000 -750 -750 -31496001 -750 -1000 -500 -750 -23808001 -500 -1000 -250 -750 -16120001 -250 -1000 0 -750 -8432001 0 -1000 250 -750 -744001 250 -1000 500 -750 6943999 500 -1000 750 -750 14631999 750 -1000 1000 -750 22319999 -1000 -750 -750 -500 -31248001 -750 -750 -500 -500 -23560001 -500 -750 -250 -500 -15872001 -250 -750 0 -500 -8184001 0 -750 250 -500 -496001 250 -750 500 -500 7191999 500 -750 750 -500 14879999 750 -750 1000 -500 22567999 -1000 -500 -750 -250 -31000001 -750 -500 -500 -250 -23312001 -500 -500 -250 -250 -15624001 -250 -500 0 -250 -7936001 0 -500 250 -250 -248001 250 -500 500 -250 7439999 500 -500 750 -250 15127999 750 -500 1000 -250 22815999 -1000 -250 -750 0 -30752001 -750 -250 -500 0 -23064001 -500 -250 -250 0 -15376001 -250 -250 0 0 -7688001 0 -250 250 0 -1 250 -250 500 0 7687999 500 -250 750 0 15375999 750 -250 1000 0 23063999 -1000 0 -750 250 -30504001 -750 0 -500 250 -22816001 -500 0 -250 250 -15128001 -250 0 0 250 -7440001 0 0 250 250 247999 250 0 500 250 7935999 500 0 750 250 15623999 750 0 1000 250 23311999 -1000 250 -750 500 -30256001 -750 250 -500 500 -22568001 -500 250 -250 500 -14880001 -250 250 0 500 -7192001 0 250 250 500 495999 250 250 500 500 8183999 500 250 750 500 15871999 750 250 1000 500 23559999 -1000 500 -750 750 -30008001 -750 500 -500 750 -22320001 -500 500 -250 750 -14632001 -250 500 0 750 -6944001 0 500 250 750 743999 250 500 500 750 8431999 500 500 750 750 16119999 750 500 1000 750 23807999 -1000 750 -750 1000 -29760001 -750 750 -500 1000 -22072001 -500 750 -250 1000 -14384001 -250 750 0 1000 -6696001 0 750 250 1000 991999 250 750 500 1000 8679999 500 750 750 1000 16367999 750 750 1000 1000 24055999 8 0 500 250 750 250 500 500 750 500 500 750 750 750 500 1000 750 0 750 250 1000 250 750 500 1000 500 750 750 1000 750 750 1000 1000
PAGES -1000 -1000 1000 1000 346 -1000 -1000 -1000 1000 36 -1000 -1000 -666 -666 -31412673 -666 -1000 -332 -666 -21141505 -332 -1000 2 -666 -10870337 2 -1000 336 -666 -599169 336 -1000 670 -666 9671999 670 -1000 1000 -666 19939323 -1000 -666 -666 -332 -31081345 -666 -666 -332 -332 -20810177 -332 -666 2 -332 -10539009 2 -666 336 -332 -267841 336 -666 670 -332 10003327 670 -666 1000 -332 20270651 -1000 -332 -666 2 -30750017 -666 -332 -332 2 -20478849 -332 -332 2 2 -10207681 2 -332 336 2 63487 336 -332 670 2 10334655 670 -332 1000 2 20601979 -1000 2 -666 336 -30418689 -666 2 -332 336 -20147521 -332 2 2 336 -9876353 2 2 336 336 394815 336 2 670 336 10665983 670 2 1000 336 20933307 -1000 336 -666 670 -30087361 -666 336 -332 670 -19816193 -332 336 2 670 -9545025 2 336 336 670 726143 336 336 670 670 10997311 670 336 1000 670 21264635 -1000 670 -666 1000 -29756157 -666 670 -332 1000 -19484989 -332 670 2 1000 -9213821 2 670 336 1000 1057347 336 670 670 1000 11328515 670 670 1000 1000 21595839 0
PAGES -1000 -1000 1000 1000 157 1100 1100 1200 1200 169 -1000 -1000 -846 -846 -31591233 -846 -1000 -692 -846 -26855425 -692 -1000 -538 -846 -22119617 -538 -1000 -384 -846 -17383809 -384 -1000 -230 -846 -12648001 -230 -1000 -76 -846 -7912193 -76 -1000 78 -846 -3176385 78 -1000 232 -846 1559423 232 -1000 386 -846 6295231 386 -1000 540 -846 11031039 540 -1000 694 -846 15766847 694 -1000 848 -846 20502655 848 -1000 1000 -846 25236541 -1000 -846 -846 -692 -31438465 -846 -846 -692 -692 -26702657 -692 -846 -538 -692 -21966849 -538 -846 -384 -692 -17231041 -384 -846 -230 -692 -12495233 -230 -846 -76 -692 -7759425 -76 -846 78 -692 -3023617 78 -846 232 -692 1712191 232 -846 386 -692 6447999 386 -846 540 -692 11183807 540 -846 694 -692 15919615 694 -846 848 -692 20655423 848 -846 1000 -692 25389309 -1000 -692 -846 -538 -31285697 -846 -692 -692 -538 -26549889 -692 -692 -538 -538 -21814081 -538 -692 -384 -538 -17078273 -384 -692 -230 -538 -12342465 -230 -692 -76 -538 -7606657 -76 -692 78 -538 -2870849 78 -692 232 -538 1864959 232 -692 386 -538 6600767 386 -692 540 -538 11336575 540 -692 694 -538 16072383 694 -692 848 -538 20808191 848 -692 1000 -538 25542077 -1000 -538 -846 -384 -31132929 -846 -538 -692 -384 -26397121 -692 -538 -538 -384 -21661313 -538 -538 -384 -384 -16925505 -384 -538 -230 -384 -12189697 -230 -538 -76 -384 -7453889 -76 -538 78 -384 -2718081 78 -538 232 -384 2017727 232 -538 386 -384 6753535 386 -538 540 -384 11489343 540 -538 694 -384 16225151 694 -538 848 -384 20960959 848 -538 1000 -384 25694845 -1000 -384 -846 -230 -30980161 -846 -384 -692 -230 -26244353 -692 -384 -538 -230 -21508545 -538 -384 -384 -230 -16772737 -384 -384 -230 -230 -12036929 -230 -384 -76 -230 -7301121 -76 -384 78 -230 -2565313 78 -384 232 -230 2170495 232 -384 386 -230 6906303 386 -384 540 -230 11642111 540 -384 694 -230 16377919 694 -384 848 -230 21113727 848 -384 1000 -230 25847613 -1000 -230 -846 -76 -30827393 -846 -230 -692 -76 -26091585 -692 -230 -538 -76 -21355777 -538 -230 -384 -76 -16619969 -384 -230 -230 -76 -11884161 -230 -230 -76 -76 -7148353 -76 -230 78 -76 -2412545 78 -230 232 -76 2323263 232 -230 386 -76 7059071 386 -230 540 -76 11794879 540 -230 694 -76 16530687 694 -230 848 -76 21266495 848 -230 1000 -76 26000381 -1000 -76 -846 78 -30674625 -846 -76 -692 78 -25938817 -692 -76 -538 78 -21203009 -538 -76 -384 78 -16467201 -384 -76 -230 78 -11731393 -230 -76 -76 78 -6995585 -76 -76 78 78 -2259777 78 -76 232 78 2476031 232 -76 386 78 7211839 386 -76 540 78 11947647 540 -76 694 78 16683455 694 -76 848 78 21419263 848 -76 1000 78 26153149 -1000 78 -846 232 -30521857 -846 78 -692 232 -25786049 -692 78 -538 232 -21050241 -538 78 -384 232 -16314433 -384 78 -230 232 -11578625 -230 78 -76 232 -6842817 -76 78 78 232 -2107009 78 78 232 232 2628799 232 78 386 232 7364607 386 78 540 232 12100415 540 78 694 232 16836223 694 78 848 232 21572031 848 78 1000 232 26305917 -1000 232 -846 386 -30369089 -846 232 -692 386 -25633281 -692 232 -538 386 -20897473 -538 232 -384 386 -16161665 -384 232 -230 386 -11425857 -230 232 -76 386 -6690049 -76 232 78 386 -1954241 78 232 232 386 2781567 232 232 386 386 7517375 386 232 540 386 12253183 540 232 694 386 16988991 694 232 848 386 21724799 848 232 1000 386 26458685 -1000 386 -846 540 -30216321 -846 386 -692 540 -25480513 -692 386 -538 540 -20744705 -538 386 -384 540 -16008897 -384 386 -230 540 -11273089 -230 386 -76 540 -6537281 -76 386 78 540 -1801473 78 386 232 540 2934335 232 386 386 540 7670143 386 386 540 540 12405951 540 386 694 540 17141759 694 386 848 540 21877567 848 386 1000 540 26611453 -1000 540 -846 694 -30063553 -846 540 -692 694 -25327745 -692 540 -538 694 -20591937 -538 540 -384 694 -15856129 -384 540 -230 694 -11120321 -230 540 -76 694 -6384513 -76 540 78 694 -1648705 78 540 232 694 3087103 232 540 386 694 7822911 386 540 540 694 12558719 540 540 694 694 17294527 694 540 848 694 22030335 848 540 1000 694 26764221 -1000 694 -846 848 -29910785 -846 694 -692 848 -25174977 -692 694 -538 848 -20439169 -538 694 -384 848 -15703361 -384 694 -230 848 -10967553 -230 694 -76 848 -6231745 -76 694 78 848 -1495937 78 694 232 848 3239871 232 694 386 848 7975679 386 694 540 848 12711487 540 694 694 848 17447295 694 694 848 848 22183103 848 694 1000 848 26916989 -1000 848 -846 1000 -29758079 -846 848 -692 1000 -25022271 -692 848 -538 1000 -20286463 -538 848 -384 1000 -15550655 -384 848 -230 1000 -10814847 -230 848 -76 1000 -6079039 -76 848 78 1000 -1343231 78 848 232 1000 3392577 232 848 386 1000 8128385 386 848 540 1000 12864193 540 848 694 1000 17600001 694 848 848 1000 22335809 848 848 1000 1000 27069695 0
PAGES -1000 -1000 1000 1000 587 588 -867 668 -468 16 -1000 -1000 -500 -500 -31248001 -500 -1000 0 -500 -15872001 0 -1000 500 -500 -496001 500 -1000 1000 -500 14879999 -1000 -500 -500 0 -30752001 -500 -500 0 0 -15376001 0 -500 500 0 -1 500 -500 1000 0 15375999 -1000 0 -500 500 -30256001 -500 0 0 500 -14880001 0 0 500 500 495999 500 0 1000 500 15871999 -1000 500 -500 1000 -29760001 -500 500 0 1000 -14384001 0 500 500 1000 991999 500 500 1000 1000 16367999 2 500 -1000 1000 -500 500 -500 1000 0
PAGES -1000 -1000 1000 1000 631 -71 -782 32 -23 16 -1000 -1000 -500 -500 -31248001 -500 -1000 0 -500 -15872001 0 -1000 500 -500 -496001 500 -1000 1000 -500 14879999 -1000 -500 -500 0 -30752001 -500 -500 0 0 -15376001 0 -500 500 0 -1 500 -500 1000 0 15375999 -1000 0 -500 500 -30256001 -500 0 0 500 -14880001 0 0 500 500 495999 500 0 1000 500 15871999 -1000 500 -500 1000 -29760001 -500 500 0 1000 -14384001 0 500 500 1000 991999 500 500 1000 1000 16367999 4 -500 -1000 0 -500 0 -1000 500 -500 -500 -500 0 0 0 -500 500 0
PAGES -1000 -1000 1000 1000 476 -1000 -1000 -1000 1000 25 -1000 -1000 -600 -600 -31347201 -600 -1000 -200 -600 -19046401 -200 -1000 200 -600 -6745601 200 -1000 600 -600 5555199 600 -1000 1000 -600 17855999 -1000 -600 -600 -200 -30950401 -600 -600 -200 -200 -18649601 -200 -600 200 -200 -6348801 200 -600 600 -200 5951999 600 -600 1000 -200 18252799 -1000 -200 -600 200 -30553601 -600 -200 -200 200 -18252801 -200 -200 200 200 -5952001 200 -200 600 200 6348799 600 -200 1000 200 18649599 -1000 200 -600 600 -30156801 -600 200 -200 600 -17856001 -200 200 200 600 -5555201 200 200 600 600 6745599 600 200 1000 600 19046399 -1000 600 -600 1000 -29760001 -600 600 -200 1000 -17459201 -200 600 200 1000 -5158401 200 600 600 1000 7142399 600 600 1000 1000 19443199 0
PAGES -1000 -1000 1000 1000 278 1100 1100 1200 1200 64 -1000 -1000 -750 -750 -31496001 -750 -1000 -500 -750 -23808001 -500 -1000 -250 -750 -16120001 -250 -1000 0 -750 -8432001 0 -1000 250 -750 -744001 250 -1000 500 -750 6943999 500 -1000 750 -750 14631999 750 -1000 1000 -750 22319999 -1000 -750 -750 -500 -31248001 -750 -750 -500 -500 -23560001 -500 -750 -250 -500 -15872001 -250 -750 0 -500 -8184001 0 -750 250 -500 -496001 250 -750 500 -500 7191999 500 -750 750 -500 14879999 750 -750 1000 -500 22567999 -1000 -500 -750 -250 -31000001 -750 -500 -500 -250 -23312001 -500 -500 -250 -250 -15624001 -250 -500 0 -250 -7936001 0 -500 250 -250 -248001 250 -500 500 -250 7439999 500 -500 750 -250 15127999 750 -500 1000 -250 22815999 -1000 -250 -750 0 -30752001 -750 -250 -500 0 -23064001 -500 -250 -250 0 -15376001 -250 -250 0 0 -7688001 0 -250 250 0 -1 250 -250 500 0 7687999 500 -250 750 0 15375999 750 -250 1000 0 23063999 -1000 0 -750 250 -30504001 -750 0 -500 250 -22816001 -500 0 -250 250 -15128001 -250 0 0 250 -7440001 0 0 250 250 247999 250 0 500 250 7935999 500 0 750 250 15623999 750 0 1000 250 23311999 -1000 250 -750 500 -30256001 -750 250 -500 500 -22568001 -500 250 -250 500 -14880001 -250 250 0 500 -7192001 0 250 250 500 495999 250 250 500 500 8183999 500 250 750 500 15871999 750 250 1000 500 23559999 -1000 500 -750 750 -30008001 -750 500 -500 750 -22320001 -500 500 -250 750 -14632001 -250 500 0 750 -6944001 0 500 250 750 743999 250 500 500 750 8431999 500 500 750 750 16119999 750 500 1000 750 23807999 -1000 750 -750 1000 -29760001 -750 750 -500 1000 -22072001 -500 750 -250 1000 -14384001 -250 750 0 1000 -6696001 0 750 250 1000 991999 250 750 500 1000 8679999 500 750 750 1000 16367999 750 750 1000 1000 24055999 0
PAGES -1000 -1000 1000 1000 725 997 141 1290 857 9 -1000 -1000 -333 -333 -31082337 -333 -1000 334 -333 -10570753 334 -1000 1000 -333 9939870 -1000 -333 -333 334 -30420673 -333 -333 334 334 -9909089 334 -333 1000 334 10601534 -1000 334 -333 1000 -29759040 -333 334 334 1000 -9247456 334 334 1000 1000 11263167 2 334 -333 1000 334 334 334 1000 1000
PAGES -1000 -1000 1000 1000 202 572 969 1086 1646 100 -1000 -1000 -800 -800 -31545601 -800 -1000 -600 -800 -25395201 -600 -1000 -400 -800 -19244801 -400 -1000 -200 -800 -13094401 -200 -1000 0 -800 -6944001 0 -1000 200 -800 -793601 200 -1000 400 -800 5356799 400 -1000 600 -800 11507199 600 -1000 800 -800 17657599 800 -1000 1000 -800 23807999 -1000 -800 -800 -600 -31347201 -800 -800 -600 -600 -25196801 -600 -800 -400 -600 -19046401 -400 -800 -200 -600 -12896001 -200 -800 0 -600 -6745601 0 -800 200 -600 -595201 200 -800 400 -600 5555199 400 -800 600 -600 11705599 600 -800 800 -600 17855999 800 -800 1000 -600 24006399 -1000 -600 -800 -400 -31148801 -800 -600 -600 -400 -24998401 -600 -600 -400 -400 -18848001 -400 -600 -200 -400 -12697601 -200 -600 0 -400 -6547201 0 -600 200 -400 -396801 200 -600 400 -400 5753599 400 -600 600 -400 11903999 600 -600 800 -400 18054399 800 -600 1000 -400 24204799 -1000 -400 -800 -200 -30950401 -800 -400 -600 -200 -24800001 -600 -400 -400 -200 -18649601 -400 -400 -200 -200 -12499201 -200 -400 0 -200 -6348801 0 -400 200 -200 -198401 200 -400 400 -200 5951999 400 -400 600 -200 12102399 600 -400 800 -200 18252799 800 -400 1000 -200 24403199 -1000 -200 -800 0 -30752001 -800 -200 -600 0 -24601601 -600 -200 -400 0 -18451201 -400 -200 -200 0 -12300801 -200 -200 0 0 -6150401 0 -200 200 0 -1 200 -200 400 0 6150399 400 -200 600 0 12300799 600 -200 800 0 18451199 800 -200 1000 0 24601599 -1000 0 -800 200 -30553601 -800 0 -600 200 -24403201 -600 0 -400 200 -18252801 -400 0 -200 200 -12102401 -200 0 0 200 -5952001 0 0 200 200 198399 200 0 400 200 6348799 400 0 600 200 12499199 600 0 800 200 18649599 800 0 1000 200 24799999 -1000 200 -800 400 -30355201 -800 200 -600 400 -24204801 -600 200 -400 400 -18054401 -400 200 -200 400 -11904001 -200 200 0 400 -5753601 0 200 200 400 396799 200 200 400 400 6547199 400 200 600 400 12697599 600 200 800 400 18847999 800 200 1000 400 24998399 -1000 400 -800 600 -30156801 -800 400 -600 600 -24006401 -600 400 -400 600 -17856001 -400 400 -200 600 -11705601 -200 400 0 600 -5555201 0 400 200 600 595199 200 400 400 600 6745599 400 400 600 600 12895999 600 400 800 600 19046399 800 400 1000 600 25196799 -1000 600 -800 800 -29958401 -800 600 -600 800 -23808001 -600 600 -400 800 -17657601 -400 600 -200 800 -11507201 -200 600 0 800 -5356801 0 600 200 800 793599 200 600 400 800 6943999 400 600 600 800 13094399 600 600 800 800 19244799 800 600 1000 800 25395199 -1000 800 -800 1000 -29760001 -800 800 -600 1000 -23609601 -600 800 -400 1000 -17459201 -400 800 -200 1000 -11308801 -200 800 0 1000 -5158401 0 800 200 1000 991999 200 800 400 1000 7142399 400 800 600 1000 13292799 600 800 800 1000 19443199 800 800 1000 1000 25593599 3 400 800 600 1000 600 800 800 1000 800 800 1000 1000
PAGES -1000 -1000 1000 1000 258 -1000 -1000 -1000 1000 64 -1000 -1000 -750 -750 -31496001 -750 -1000 -500 -750 -23808001 -500 -1000 -250 -750 -16120001 -250 -1000 0 -750 -8432001 0 -1000 250 -750 -744001 250 -1000 500 -750 6943999 500 -1000 750 -750 14631999 750 -1000 1000 -750 22319999 -1000 -750 -750 -500 -31248001 -750 -750 -500 -500 -23560001 -500 -750 -250 -500 -15872001 -250 -750 0 -500 -8184001 0 -750 250 -500 -496001 250 -750 500 -500 7191999 500 -750 750 -500 14879999 750 -750 1000 -500 22567999 -1000 -500 -750 -250 -31000001 -750 -500 -500 -250 -23312001 -500 -500 -250 -250 -15624001 -250 -500 0 -250 -7936001 0 -500 250 -250 -248001 250 -500 500 -250 7439999 500 -500 750 -250 15127999 750 -500 1000 -250 22815999 -1000 -250 -750 0 -30752001 -750 -250 -500 0 -23064001 -500 -250 -250 0 -15376001 -250 -250 0 0 -7688001 0 -250 250 0 -1 250 -250 500 0 7687999 500 -250 750 0 15375999 750 -250 1000 0 23063999 -1000 0 -750 250 -30504001 -750 0 -500 250 -22816001 -500 0 -250 250 -15128001 -250 0 0 250 -7440001 0 0 250 250 247999 250 0 500 250 7935999 500 0 750 250 15623999 750 0 1000 250 23311999 -1000 250 -750 500 -30256001 -750 250 -500 500 -22568001 -500 250 -250 500 -14880001 -250 250 0 500 -7192001 0 250 250 500 495999 250 250 500 500 8183999 500 250 750 500 15871999 750 250 1000 500 23559999 -1000 500 -750 750 -30008001 -750 500 -500 750 -22320001 -500 500 -250 750 -14632001 -250 500 0 750 -6944001 0 500 250 750 743999 250 500 500 750 8431999 500 500 750 750 16119999 750 500 1000 750 23807999 -1000 750 -750 1000 -29760001 -750 750 -500 1000 -22072001 -500 750 -250 1000 -14384001 -250 750 0 1000 -6696001 0 750 250 1000 991999 250 750 500 1000 8679999 500 750 750 1000 16367999 750 750 1000 1000 24055999 0
PAGES -1000 -1000 1000 1000 635 1100 1100 1200 1200 16 -1000 -1000 -500 -500 -31248001 -500 -1000 0 -500 -15872001 0 -1000 500 -500 -496001 500 -1000 1000 -500 14879999 -1000 -500 -500 0 -30752001 -500 -500 0 0 -15376001 0 -500 500 0 -1 500 -500 1000 0 15375999 -1000 0 -500 500 -30256001 -500 0 0 500 -14880001 0 0 500 500 495999 500 0 1000 500 15871999 -1000 500 -500 1000 -29760001 -500 500 0 1000 -14384001 0 500 500 1000 991999 500 500 1000 1000 16367999 0
PAGES -1000 -1000 1000 1000 233 541 832 992 1052 81 -1000 -1000 -777 -777 -31522785 -777 -1000 -554 -777 -24665089 -554 -1000 -331 -777 -17807393 -331 -1000 -108 -777 -10949697 -108 -1000 115 -777 -4092001 115 -1000 338 -777 2765695 338 -1000 561 -777 9623391 561 -1000 784 -777 16481087 784 -1000 1000 -777 23332056 -1000 -777 -777 -554 -31301569 -777 -777 -554 -554 -24443873 -554 -777 -331 -554 -17586177 -331 -777 -108 -554 -10728481 -108 -777 115 -554 -3870785 115 -777 338 -554 2986911 338 -777 561 -554 9844607 561 -777 784 -554 16702303 784 -777 1000 -554 23553272 -1000 -554 -777 -331 -31080353 -777 -554 -554 -331 -24222657 -554 -554 -331 -331 -17364961 -331 -554 -108 -331 -10507265 -108 -554 115 -331 -3649569 115 -554 338 -331 3208127 338 -554 561 -331 10065823 561 -554 784 -331 16923519 784 -554 1000 -331 23774488 -1000 -331 -777 -108 -30859137 -777 -331 -554 -108 -24001441 -554 -331 -331 -108 -17143745 -331 -331 -108 -108 -10286049 -108 -331 115 -108 -3428353 115 -331 338 -108 3429343 338 -331 561 -108 10287039 561 -331 784 -108 17144735 784 -331 1000 -108 23995704 -1000 -108 -777 115 -30637921 -777 -108 -554 115 -23780225 -554 -108 -331 115 -16922529 -331 -108 -108 115 -10064833 -108 -108 115 115 -3207137 115 -108 338 115 3650559 338 -108 561 115 10508255 561 -108 784 115 17365951 784 -108 1000 115 24216920 -1000 115 -777 338 -30416705 -777 115 -554 338 -23559009 -554 115 -331 338 -16701313 -331 115 -108 338 -9843617 -108 115 115 338 -2985921 115 115 338 338 3871775 338 115 561 338 10729471 561 115 784 338 17587167 784 115 1000 338 24438136 -1000 338 -777 561 -30195489 -777 338 -554 561 -23337793 -554 338 -331 561 -16480097 -331 338 -108 561 -9622401 -108 338 115 561 -2764705 115 338 338 561 4092991 338 338 561 561 10950687 561 338 784 561 17808383 784 338 1000 561 24659352 -1000 561 -777 784 -29974273 -777 561 -554 784 -23116577 -554 561 -331 784 -16258881 -331 561 -108 784 -9401185 -108 561 115 784 -2543489 115 561 338 784 4314207 338 561 561 784 11171903 561 561 784 784 18029599 784 561 1000 784 24880568 -1000 784 -777 1000 -29753274 -777 784 -554 1000 -22895578 -554 784 -331 1000 -16037882 -331 784 -108 1000 -9180186 -108 784 115 1000 -2322490 115 784 338 1000 4535206 338 784 561 1000 11392902 561 784 784 1000 18250598 784 784 1000 1000 25101567 3 338 784 561 1000 561 784 784 1000 784 784 1000 1000
PAGES -1000 -1000 1000 1000 636 683 260 1453 925 16 -1000 -1000 -500 -500 -31248001 -500 -1000 0 -500 -15872001 0 -1000 500 -500 -496001 500 -1000 1000 -500 14879999 -1000 -500 -500 0 -30752001 -500 -500 0 0 -15376001 0 -500 500 0 -1 500 -500 1000 0 15375999 -1000 0 -500 500 -30256001 -500 0 0 500 -14880001 0 0 500 500 495999 500 0 1000 500 15871999 -1000 500 -500 1000 -29760001 -500 500 0 1000 -14384001 0 500 500 1000 991999 500 500 1000 1000 16367999 2 500 0 1000 500 500 500 1000 1000
PAGES -1000 -1000 1000 1000 115 -1000 -1000 -1000 1000 324 -1000 -1000 -888 -888 -31632897 -888 -1000 -776 -888 -28188673 -776 -1000 -664 -888 -24744449 -664 -1000 -552 -888 -21300225 -552 -1000 -440 -888 -17856001 -440 -1000 -328 -888 -14411777 -328 -1000 -216 -888 -10967553 -216 -1000 -104 -888 -7523329 -104 -1000 8 -888 -4079105 8 -1000 120 -888 -634881 120 -1000 232 -888 2809343 232 -1000 344 -888 6253567 344 -1000 456 -888 9697791 456 -1000 568 -888 13142015 568 -1000 680 -888 16586239 680 -1000 792 -888 20030463 792 -1000 904 -888 23474687 904 -1000 1000 -888 26903535 -1000 -888 -888 -776 -31521793 -888 -888 -776 -776 -28077569 -776 -888 -664 -776 -24633345 -664 -888 -552 -776 -21189121 -552 -888 -440 -776 -17744897 -440 -888 -328 -776 -14300673 -328 -888 -216 -776 -10856449 -216 -888 -104 -776 -7412225 -104 -888 8 -776 -3968001 8 -888 120 -776 -523777 120 -888 232 -776 2920447 232 -888 344 -776 6364671 344 -888 456 -776 9808895 456 -888 568 -776 13253119 568 -888 680 -776 16697343 680 -888 792 -776 20141567 792 -888 904 -776 23585791 904 -888 1000 -776 27014639 -1000 -776 -888 -664 -31410689 -888 -776 -776 -664 -27966465 -776 -776 -664 -664 -24522241 -664 -776 -552 -664 -21078017 -552 -776 -440 -664 -17633793 -440 -776 -328 -664 -14189569 -328 -776 -216 -664 -10745345 -216 -776 -104 -664 -7301121 -104 -776 8 -664 -3856897 8 -776 120 -664 -412673 120 -776 232 -664 3031551 232 -776 344 -664 6475775 344 -776 456 -664 9919999 456 -776 568 -664 13364223 568 -776 680 -664 16808447 680 -776 792 -664 20252671 792 -776 904 -664 23696895 904 -776 1000 -664 27125743 -1000 -664 -888 -552 -31299585 -888 -664 -776 -552 -27855361 -776 -664 -664 -552 -24411137 -664 -664 -552 -552 -20966913 -552 -664 -440 -552 -17522689 -440 -664 -328 -552 -14078465 -328 -664 -216 -552 -10634241 -216 -664 -104 -552 -7190017 -104 -664 8 -552 -3745793 8 -664 120 -552 -301569 120 -664 232 -552 3142655 232 -664 344 -552 6586879 344 -664 456 -552 10031103 456 -664 568 -552 13475327 568 -664 680 -552 16919551 680 -664 792 -552 20363775 792 -664 904 -552 23807999 904 -664 1000 -552 27236847 -1000 -552 -888 -440 -31188481 -888 -552 -776 -440 -27744257 -776 -552 -664 -440 -24300033 -664 -552 -552 -440 -20855809 -552 -552 -440 -440 -17411585 -440 -552 -328 -440 -13967361 -328 -552 -216 -440 -10523137 -216 -552 -104 -440 -7078913 -104 -552 8 -440 -3634689 8 -552 120 -440 -190465 120 -552 232 -440 3253759 232 -552 344 -440 6697983 344 -552 456 -440 10142207 456 -552 568 -440 13586431 568 -552 680 -440 17030655 680 -552 792 -440 20474879 792 -552 904 -440 23919103 904 -552 1000 -440 27347951 -1000 -440 -888 -328 -31077377 -888 -440 -776 -328 -27633153 -776 -440 -664 -328 -24188929 -664 -440 -552 -328 -20744705 -552 -440 -440 -328 -17300481 -440 -440 -328 -328 -13856257 -328 -440 -216 -328 -10412033 -216 -440 -104 -328 -6967809 -104 -440 8 -328 -3523585 8 -440 120 -328 -79361 120 -440 232 -328 3364863 232 -440 344 -328 6809087 344 -440 456 -328 10253311 456 -440 568 -328 13697535 568 -440 680 -328 17141759 680 -440 792 -328 20585983 792 -440 904 -328 24030207 904 -440 1000 -328 27459055 -1000 -328 -888 -216 -30966273 -888 -328 -776 -216 -27522049 -776 -328 -664 -216 -24077825 -664 -328 -552 -216 -20633601 -552 -328 -440 -216 -17189377 -440 -328 -328 -216 -13745153 -328 -328 -216 -216 -10300929 -216 -328 -104 -216 -6856705 -104 -328 8 -216 -3412481 8 -328 120 -216 31743 120 -328 232 -216 3475967 232 -328 344 -216 6920191 344 -328 456 -216 10364415 456 -328 568 -216 13808639 568 -328 680 -216 17252863 680 -328 792 -216 20697087 792 -328 904 -216 24141311 904 -328 1000 -216 27570159 -1000 -216 -888 -104 -30855169 -888 -216 -776 -104 -27410945 -776 -216 -664 -104 -23966721 -664 -216 -552 -104 -20522497 -552 -216 -440 -104 -17078273 -440 -216 -328 -104 -13634049 -328 -216 -216 -104 -10189825 -216 -216 -104 -104 -6745601 -104 -216 8 -104 -3301377 8 -216 120 -104 142847 120 -216 232 -104 3587071 232 -216 344 -104 7031295 344 -216 456 -104 10475519 456 -216 568 -104 13919743 568 -216 680 -104 17363967 680 -216 792 -104 20808191 792 -216 904 -104 24252415 904 -216 1000 -104 27681263 -1000 -104 -888 8 -30744065 -888 -104 -776 8 -27299841 -776 -104 -664 8 -23855617 -664 -104 -552 8 -20411393 -552 -104 -440 8 -16967169 -440 -104 -328 8 -13522945 -328 -104 -216 8 -10078721 -216 -104 -104 8 -6634497 -104 -104 8 8 -3190273 8 -104 120 8 253951 120 -104 232 8 3698175 232 -104 344 8 7142399 344 -104 456 8 10586623 456 -104 568 8 14030847 568 -104 680 8 17475071 680 -104 792 8 20919295 792 -104 904 8 24363519 904 -104 1000 8 27792367 -1000 8 -888 120 -30632961 -888 8 -776 120 -27188737 -776 8 -664 120 -23744513 -664 8 -552 120 -20300289 -552 8 -440 120 -16856065 -440 8 -328 120 -13411841 -328 8 -216 120 -9967617 -216 8 -104 120 -6523393 -104 8 8 120 -3079169 8 8 120 120 365055 120 8 232 120 3809279 232 8 344 120 7253503 344 8 456 120 10697727 456 8 568 120 14141951 568 8 680 120 17586175 680 8 792 120 21030399 792 8 904 120 24474623 904 8 1000 120 27903471 -1000 120 -888 232 -30521857 -888 120 -776 232 -27077633 -776 120 -664 232 -23633409 -664 120 -552 232 -20189185 -552 120 -440 232 -16744961 -440 120 -328 232 -13300737 -328 120 -216 232 -9856513 -216 120 -104 232 -6412289 -104 120 8 232 -2968065 8 120 120 232 476159 120 120 232 232 3920383 232 120 344 232 7364607 344 120 456 232 10808831 456 120 568 232 14253055 568 120 680 232 17697279 680 120 792 232 21141503 792 120 904 232 24585727 904 120 1000 232 28014575 -1000 232 -888 344 -30410753 -888 232 -776 344 -26966529 -776 232 -664 344 -23522305 -664 232 -552 344 -20078081 -552 232 -440 344 -16633857 -440 232 -328 344 -13189633 -328 232 -216 344 -9745409 -216 232 -104 344 -6301185 -104 232 8 344 -2856961 8 232 120 344 587263 120 232 232 344 4031487 232 232 344 344 7475711 344 232 456 344 10919935 456 232 568 344 14364159 568 232 680 344 17808383 680 232 792 344 21252607 792 232 904 344 24696831 904 232 1000 344 28125679 -1000 344 -888 456 -30299649 -888 344 -776 456 -26855425 -776 344 -664 456 -23411201 -664 344 -552 456 -19966977 -552 344 -440 456 -16522753 -440 344 -328 456 -13078529 -328 344 -216 456 -9634305 -216 344 -104 456 -6190081 -104 344 8 456 -2745857 8 344 120 456 698367 120 344 232 456 4142591 232 344 344 456 7586815 344 344 456 456 11031039 456 344 568 456 14475263 568 344 680 456 17919487 680 344 792 456 21363711 792 344 904 456 24807935 904 344 1000 456 28236783 -1000 456 -888 568 -30188545 -888 456 -776 568 -26744321 -776 456 -664 568 -23300097 -664 456 -552 568 -19855873 -552 456 -440 568 -16411649 -440 456 -328 568 -12967425 -328 456 -216 568 -9523201 -216 456 -104 568 -6078977 -104 456 8 568 -2634753 8 456 120 568 809471 120 456 232 568 4253695 232 456 344 568 7697919 344 456 456 568 11142143 456 456 568 568 14586367 568 456 680 568 18030591 680 456 792 568 21474815 792 456 904 568 24919039 904 456 1000 568 28347887 -1000 568 -888 680 -30077441 -888 568 -776 680 -26633217 -776 568 -664 680 -23188993 -664 568 -552 680 -19744769 -552 568 -440 680 -16300545 -440 568 -328 680 -12856321 -328 568 -216 680 -9412097 -216 568 -104 680 -5967873 -104 568 8 680 -2523649 8 568 120 680 920575 120 568 232 680 4364799 232 568 344 680 7809023 344 568 456 680 11253247 456 568 568 680 14697471 568 568 680 680 18141695 680 568 792 680 21585919 792 568 904 680 25030143 904 568 1000 680 28458991 -1000 680 -888 792 -29966337 -888 680 -776 792 -26522113 -776 680 -664 792 -23077889 -664 680 -552 792 -19633665 -552 680 -440 792 -16189441 -440 680 -328 792 -12745217 -328 680 -216 792 -9300993 -216 680 -104 792 -5856769 -104 680 8 792 -2412545 8 680 120 792 1031679 120 680 232 792 4475903 232 680 344 792 7920127 344 680 456 792 11364351 456 680 568 792 14808575 568 680 680 792 18252799 680 680 792 792 21697023 792 680 904 792 25141247 904 680 1000 792 28570095 -1000 792 -888 904 -29855233 -888 792 -776 904 -26411009 -776 792 -664 904 -22966785 -664 792 -552 904 -19522561 -552 792 -440 904 -16078337 -440 792 -328 904 -12634113 -328 792 -216 904 -9189889 -216 792 -104 904 -5745665 -104 792 8 904 -2301441 8 792 120 904 1142783 120 792 232 904 4587007 232 792 344 904 8031231 344 792 456 904 11475455 456 792 568 904 14919679 568 792 680 904 18363903 680 792 792 904 21808127 792 792 904 904 25252351 904 792 1000 904 28681199 -1000 904 -888 1000 -29744625 -888 904 -776 1000 -26300401 -776 904 -664 1000 -22856177 -664 904 -552 1000 -19411953 -552 904 -440 1000 -15967729 -440 904 -328 1000 -12523505 -328 904 -216 1000 -9079281 -216 904 -104 1000 -5635057 -104 904 8 1000 -2190833 8 904 120 1000 1253391 120 904 232 1000 4697615 232 904 344 1000 8141839 344 904 456 1000 11586063 456 904 568 1000 15030287 568 904 680 1000 18474511 680 904 792 1000 21918735 792 904 904 1000 25362959 904 904 1000 1000 28791807 0
PAGES -1000 -1000 1000 1000 660 1100 1100 1200 1200 16 -1000 -1000 -500 -500 -31248001 -500 -1000 0 -500 -15872001 0 -1000 500 -500 -496001 500 -1000 1000 -500 14879999 -1000 -500 -500 0 -30752001 -500 -500 0 0 -15376001 0 -500 500 0 -1 500 -500 1000 0 15375999 -1000 0 -500 500 -30256001 -500 0 0 500 -14880001 0 0 500 500 495999 500 0 1000 500 15871999 -1000 500 -500 1000 -29760001 -500 500 0 1000 -14384001 0 500 500 1000 991999 500 500 1000 1000 16367999 0
PAGES -1000 -1000 1000 1000 744 -259 507 -202 682 9 -1000 -1000 -333 -333 -31082337 -333 -1000 334 -333 -10570753 334 -1000 1000 -333 9939870 -1000 -333 -333 334 -30420673 -333 -333 334 334 -9909089 334 -333 1000 334 10601534 -1000 334 -333 1000 -29759040 -333 334 334 1000 -9247456 334 334 1000 1000 11263167 1 -333 334 334 1000
PAGES -1000 -1000 1000 1000 692 -476 -488 41 -257 9 -1000 -1000 -333 -333 -31082337 -333 -1000 334 -333 -10570753 334 -1000 1000 -333 9939870 -1000 -333 -333 334 -30420673 -333 -333 334 334 -9909089 334 -333 1000 334 10601534 -1000 334 -333 1000 -29759040 -333 334 334 1000 -9247456 334 334 1000 1000 11263167 4 -1000 -1000 -333 -333 -333 -1000 334 -333 -1000 -333 -333 334 -333 -333 334 334
PAGES -1000 -1000 1000 1000 507 -1000 -1000 -1000 1000 16 -1000 -1000 -500 -500 -31248001 -500 -1000 0 -500 -15872001 0 -1000 500 -500 -496001 500 -1000 1000 -500 14879999 -1000 -500 -500 0 -30752001 -500 -500 0 0 -15376001 0 -500 500 0 -1 500 -500 1000 0 15375999 -1000 0 -500 500 -30256001 -500 0 0 500 -14880001 0 0 500 500 495999 500 0 1000 500 15871999 -1000 500 -500 1000 -29760001 -500 500 0 1000 -14384001 0 500 500 1000 991999 500 500 1000 1000 16367999 0
PAGES -1000 -1000 1000 1000 716 1100 1100 1200 1200 9 -1000 -1000 -333 -333 -31082337 -333 -1000 334 -333 -10570753 334 -1000 1000 -333 9939870 -1000 -333 -333 334 -30420673 -333 -333 334 334 -9909089 334 -333 1000 334 10601534 -1000 334 -333 1000 -29759040 -333 334 334 1000 -9247456 334 334 1000 1000 11263167 0
PAGES -1000 -1000 1000 1000 731 601 -617 1382 -372 9 -1000 -1000 -333 -333 -31082337 -333 -1000 334 -333 -10570753 334 -1000 1000 -333 9939870 -1000 -333 -333 334 -30420673 -333 -333 334 334 -9909089 334 -333 1000 334 10601534 -1000 334 -333 1000 -29759040 -333 334 334 1000 -9247456 334 334 1000 1000 11263167 1 334 -1000 1000 -333
PAGES -1000 -1000 1000 1000 138 -966 -862 -514 -146 225 -1000 -1000 -866 -866 -31611073 -866 -1000 -732 -866 -27490305 -732 -1000 -598 -866 -23369537 -598 -1000 -464 -866 -19248769 -464 -1000 -330 -866 -15128001 -330 -1000 -196 -866 -11007233 -196 -1000 -62 -866 -6886465 -62 -1000 72 -866 -2765697 72 -1000 206 -866 1355071 206 -1000 340 -866 5475839 340 -1000 474 -866 9596607 474 -1000 608 -866 13717375 608 -1000 742 -866 17838143 742 -1000 876 -866 21958911 876 -1000 1000 -866 26070069 -1000 -866 -866 -732 -31478145 -866 -866 -732 -732 -27357377 -732 -866 -598 -732 -23236609 -598 -866 -464 -732 -19115841 -464 -866 -330 -732 -14995073 -330 -866 -196 -732 -10874305 -196 -866 -62 -732 -6753537 -62 -866 72 -732 -2632769 72 -866 206 -732 1487999 206 -866 340 -732 5608767 340 -866 474 -732 9729535 474 -866 608 -732 13850303 608 -866 742 -732 17971071 742 -866 876 -732 22091839 876 -866 1000 -732 26202997 -1000 -732 -866 -598 -31345217 -866 -732 -732 -598 -27224449 -732 -732 -598 -598 -23103681 -598 -732 -464 -598 -18982913 -464 -732 -330 -598 -14862145 -330 -732 -196 -598 -10741377 -196 -732 -62 -598 -6620609 -62 -732 72 -598 -2499841 72 -732 206 -598 1620927 206 -732 340 -598 5741695 340 -732 474 -598 9862463 474 -732 608 -598 13983231 608 -732 742 -598 18103999 742 -732 876 -598 22224767 876 -732 1000 -598 26335925 -1000 -598 -866 -464 -31212289 -866 -598 -732 -464 -27091521 -732 -598 -598 -464 -22970753 -598 -598 -464 -464 -18849985 -464 -598 -330 -464 -14729217 -330 -598 -196 -464 -10608449 -196 -598 -62 -464 -6487681 -62 -598 72 -464 -2366913 72 -598 206 -464 1753855 206 -598 340 -464 5874623 340 -598 474 -464 9995391 474 -598 608 -464 14116159 608 -598 742 -464 18236927 742 -598 876 -464 22357695 876 -598 1000 -464 26468853 -1000 -464 -866 -330 -31079361 -866 -464 -732 -330 -26958593 -732 -464 -598 -330 -22837825 -598 -464 -464 -330 -18717057 -464 -464 -330 -330 -14596289 -330 -464 -196 -330 -10475521 -196 -464 -62 -330 -6354753 -62 -464 72 -330 -2233985 72 -464 206 -330 1886783 206 -464 340 -330 6007551 340 -464 474 -330 10128319 474 -464 608 -330 14249087 608 -464 742 -330 18369855 742 -464 876 -330 22490623 876 -464 1000 -330 26601781 -1000 -330 -866 -196 -30946433 -866 -330 -732 -196 -26825665 -732 -330 -598 -196 -22704897 -598 -330 -464 -196 -18584129 -464 -330 -330 -196 -14463361 -330 -330 -196 -196 -10342593 -196 -330 -62 -196 -6221825 -62 -330 72 -196 -2101057 72 -330 206 -196 2019711 206 -330 340 -196 6140479 340 -330 474 -196 10261247 474 -330 608 -196 14382015 608 -330 742 -196 18502783 742 -330 876 -196 22623551 876 -330 1000 -196 26734709 -1000 -196 -866 -62 -30813505 -866 -196 -732 -62 -26692737 -732 -196 -598 -62 -22571969 -598 -196 -464 -62 -18451201 -464 -196 -330 -62 -14330433 -330 -196 -196 -62 -10209665 -196 -196 -62 -62 -6088897 -62 -196 72 -62 -1968129 72 -196 206 -62 2152639 206 -196 340 -62 6273407 340 -196 474 -62 10394175 474 -196 608 -62 14514943 608 -196 742 -62 18635711 742 -196 876 -62 22756479 876 -196 1000 -62 26867637 -1000 -62 -866 72 -30680577 -866 -62 -732 72 -26559809 -732 -62 -598 72 -22439041 -598 -62 -464 72 -18318273 -464 -62 -330 72 -14197505 -330 -62 -196 72 -10076737 -196 -62 -62 72 -5955969 -62 -62 72 72 -1835201 72 -62 206 72 2285567 206 -62 340 72 6406335 340 -62 474 72 10527103 474 -62 608 72 14647871 608 -62 742 72 18768639 742 -62 876 72 22889407 876 -62 1000 72 27000565 -1000 72 -866 206 -30547649 -866 72 -732 206 -26426881 -732 72 -598 206 -22306113 -598 72 -464 206 -18185345 -464 72 -330 206 -14064577 -330 72 -196 206 -9943809 -196 72 -62 206 -5823041 -62 72 72 206 -1702273 72 72 206 206 2418495 206 72 340 206 6539263 340 72 474 206 10660031 474 72 608 206 14780799 608 72 742 206 18901567 742 72 876 206 23022335 876 72 1000 206 27133493 -1000 206 -866 340 -30414721 -866 206 -732 340 -26293953 -732 206 -598 340 -22173185 -598 206 -464 340 -18052417 -464 206 -330 340 -13931649 -330 206 -196 340 -9810881 -196 206 -62 340 -5690113 -62 206 72 340 -1569345 72 206 206 340 2551423 206 206 340 340 6672191 340 206 474 340 10792959 474 206 608 340 14913727 608 206 742 340 19034495 742 206 876 340 23155263 876 206 1000 340 27266421 -1000 340 -866 474 -30281793 -866 340 -732 474 -26161025 -732 340 -598 474 -22040257 -598 340 -464 474 -17919489 -464 340 -330 474 -13798721 -330 340 -196 474 -9677953 -196 340 -62 474 -5557185 -62 340 72 474 -1436417 72 340 206 474 2684351 206 340 340 474 6805119 340 340 474 474 10925887 474 340 608 474 15046655 608 340 742 474 19167423 742 340 876 474 23288191 876 340 1000 474 27399349 -1000 474 -866 608 -30148865 -866 474 -732 608 -26028097 -732 474 -598 608 -21907329 -598 474 -464 608 -17786561 -464 474 -330 608 -13665793 -330 474 -196 608 -9545025 -196 474 -62 608 -5424257 -62 474 72 608 -1303489 72 474 206 608 2817279 206 474 340 608 6938047 340 474 474 608 11058815 474 474 608 608 15179583 608 474 742 608 19300351 742 474 876 608 23421119 876 474 1000 608 27532277 -1000 608 -866 742 -30015937 -866 608 -732 742 -25895169 -732 608 -598 742 -21774401 -598 608 -464 742 -17653633 -464 608 -330 742 -13532865 -330 608 -196 742 -9412097 -196 608 -62 742 -5291329 -62 608 72 742 -1170561 72 608 206 742 2950207 206 608 340 742 7070975 340 608 474 742 11191743 474 608 608 742 15312511 608 608 742 742 19433279 742 608 876 742 23554047 876 608 1000 742 27665205 -1000 742 -866 876 -29883009 -866 742 -732 876 -25762241 -732 742 -598 876 -21641473 -598 742 -464 876 -17520705 -464 742 -330 876 -13399937 -330 742 -196 876 -9279169 -196 742 -62 876 -5158401 -62 742 72 876 -1037633 72 742 206 876 3083135 206 742 340 876 7203903 340 742 474 876 11324671 474 742 608 876 15445439 608 742 742 876 19566207 742 742 876 876 23686975 876 742 1000 876 27798133 -1000 876 -866 1000 -29750391 -866 876 -732 1000 -25629623 -732 876 -598 1000 -21508855 -598 876 -464 1000 -17388087 -464 876 -330 1000 -13267319 -330 876 -196 1000 -9146551 -196 876 -62 1000 -5025783 -62 876 72 1000 -905015 72 876 206 1000 3215753 206 876 340 1000 7336521 340 876 474 1000 11457289 474 876 608 1000 15578057 608 876 742 1000 19698825 742 876 876 1000 23819593 876 876 1000 1000 27930751 24 -1000 -866 -866 -732 -866 -866 -732 -732 -732 -866 -598 -732 -598 -866 -464 -732 -1000 -732 -866 -598 -866 -732 -732 -598 -732 -732 -598 -598 -598 -732 -464 -598 -1000 -598 -866 -464 -866 -598 -732 -464 -732 -598 -598 -464 -598 -598 -464 -464 -1000 -464 -866 -330 -866 -464 -732 -330 -732 -464 -598 -330 -598 -464 -464 -330 -1000 -330 -866 -196 -866 -330 -732 -196 -732 -330 -598 -196 -598 -330 -464 -196 -1000 -196 -866 -62 -866 -196 -732 -62 -732 -196 -598 -62 -598 -196 -464 -62
PAGES -1000 -1000 1000 1000 176 -1000 -1000 -1000 1000 144 -1000 -1000 -833 -833 -31578337 -833 -1000 -666 -833 -26442753 -666 -1000 -499 -833 -21307169 -499 -1000 -332 -833 -16171585 -332 -1000 -165 -833 -11036001 -165 -1000 2 -833 -5900417 2 -1000 169 -833 -764833 169 -1000 336 -833 4370751 336 -1000 503 -833 9506335 503 -1000 670 -833 14641919 670 -1000 837 -833 19777503 837 -1000 1000 -833 24909243 -1000 -833 -833 -666 -31412673 -833 -833 -666 -666 -26277089 -666 -833 -499 -666 -21141505 -499 -833 -332 -666 -16005921 -332 -833 -165 -666 -10870337 -165 -833 2 -666 -5734753 2 -833 169 -666 -599169 169 -833 336 -666 4536415 336 -833 503 -666 9671999 503 -833 670 -666 14807583 670 -833 837 -666 19943167 837 -833 1000 -666 25074907 -1000 -666 -833 -499 -31247009 -833 -666 -666 -499 -26111425 -666 -666 -499 -499 -20975841 -499 -666 -332 -499 -15840257 -332 -666 -165 -499 -10704673 -165 -666 2 -499 -5569089 2 -666 169 -499 -433505 169 -666 336 -499 4702079 336 -666 503 -499 9837663 503 -666 670 -499 14973247 670 -666 837 -499 20108831 837 -666 1000 -499 25240571 -1000 -499 -833 -332 -31081345 -833 -499 -666 -332 -25945761 -666 -499 -499 -332 -20810177 -499 -499 -332 -332 -15674593 -332 -499 -165 -332 -10539009 -165 -499 2 -332 -5403425 2 -499 169 -332 -267841 169 -499 336 -332 4867743 336 -499 503 -332 10003327 503 -499 670 -332 15138911 670 -499 837 -332 20274495 837 -499 1000 -332 25406235 -1000 -332 -833 -165 -30915681 -833 -332 -666 -165 -25780097 -666 -332 -499 -165 -20644513 -499 -332 -332 -165 -15508929 -332 -332 -165 -165 -10373345 -165 -332 2 -165 -5237761 2 -332 169 -165 -102177 169 -332 336 -165 5033407 336 -332 503 -165 10168991 503 -332 670 -165 15304575 670 -332 837 -165 20440159 837 -332 1000 -165 25571899 -1000 -165 -833 2 -30750017 -833 -165 -666 2 -25614433 -666 -165 -499 2 -20478849 -499 -165 -332 2 -15343265 -332 -165 -165 2 -10207681 -165 -165 2 2 -5072097 2 -165 169 2 63487 169 -165 336 2 5199071 336 -165 503 2 10334655 503 -165 670 2 15470239 670 -165 837 2 20605823 837 -165 1000 2 25737563 -1000 2 -833 169 -30584353 -833 2 -666 169 -25448769 -666 2 -499 169 -20313185 -499 2 -332 169 -15177601 -332 2 -165 169 -10042017 -165 2 2 169 -4906433 2 2 169 169 229151 169 2 336 169 5364735 336 2 503 169 10500319 503 2 670 169 15635903 670 2 837 169 20771487 837 2 1000 169 25903227 -1000 169 -833 336 -30418689 -833 169 -666 336 -25283105 -666 169 -499 336 -20147521 -499 169 -332 336 -15011937 -332 169 -165 336 -9876353 -165 169 2 336 -4740769 2 169 169 336 394815 169 169 336 336 5530399 336 169 503 336 10665983 503 169 670 336 15801567 670 169 837 336 20937151 837 169 1000 336 26068891 -1000 336 -833 503 -30253025 -833 336 -666 503 -25117441 -666 336 -499 503 -19981857 -499 336 -332 503 -14846273 -332 336 -165 503 -9710689 -165 336 2 503 -4575105 2 336 169 503 560479 169 336 336 503 5696063 336 336 503 503 10831647 503 336 670 503 15967231 670 336 837 503 21102815 837 336 1000 503 26234555 -1000 503 -833 670 -30087361 -833 503 -666 670 -24951777 -666 503 -499 670 -19816193 -499 503 -332 670 -14680609 -332 503 -165 670 -9545025 -165 503 2 670 -4409441 2 503 169 670 726143 169 503 336 670 5861727 336 503 503 670 10997311 503 503 670 670 16132895 670 503 837 670 21268479 837 503 1000 670 26400219 -1000 670 -833 837 -29921697 -833 670 -666 837 -24786113 -666 670 -499 837 -19650529 -499 670 -332 837 -14514945 -332 670 -165 837 -9379361 -165 670 2 837 -4243777 2 670 169 837 891807 169 670 336 837 6027391 336 670 503 837 11162975 503 670 670 837 16298559 670 670 837 837 21434143 837 670 1000 837 26565883 -1000 837 -833 1000 -29756157 -833 837 -666 1000 -24620573 -666 837 -499 1000 -19484989 -499 837 -332 1000 -14349405 -332 837 -165 1000 -9213821 -165 837 2 1000 -4078237 2 837 169 1000 1057347 169 837 336 1000 6192931 336 837 503 1000 11328515 503 837 670 1000 16464099 670 837 837 1000 21599683 837 837 1000 1000 26731423 0
PAGES -1000 -1000 1000 1000 156 1100 1100 1200 1200 169 -1000 -1000 -846 -846 -31591233 -846 -1000 -692 -846 -26855425 -692 -1000 -538 -846 -22119617 -538 -1000 -384 -846 -17383809 -384 -1000 -230 -846 -12648001 -230 -1000 -76 -846 -7912193 -76 -1000 78 -846 -3176385 78 -1000 232 -846 1559423 232 -1000 386 -846 6295231 386 -1000 540 -846 11031039 540 -1000 694 -846 15766847 694 -1000 848 -846 20502655 848 -1000 1000 -846 25236541 -1000 -846 -846 -692 -31438465 -846 -846 -692 -692 -26702657 -692 -846 -538 -692 -21966849 -538 -846 -384 -692 -17231041 -384 -846 -230 -692 -12495233 -230 -846 -76 -692 -7759425 -76 -846 78 -692 -3023617 78 -846 232 -692 1712191 232 -846 386 -692 6447999 386 -846 540 -692 11183807 540 -846 694 -692 15919615 694 -846 848 -692 20655423 848 -846 1000 -692 25389309 -1000 -692 -846 -538 -31285697 -846 -692 -692 -538 -26549889 -692 -692 -538 -538 -21814081 -538 -692 -384 -538 -17078273 -384 -692 -230 -538 -12342465 -230 -692 -76 -538 -7606657 -76 -692 78 -538 -2870849 78 -692 232 -538 1864959 232 -692 386 -538 6600767 386 -692 540 -538 11336575 540 -692 694 -538 16072383 694 -692 848 -538 20808191 848 -692 1000 -538 25542077 -1000 -538 -846 -384 -31132929 -846 -538 -692 -384 -26397121 -692 -538 -538 -384 -21661313 -538 -538 -384 -384 -16925505 -384 -538 -230 -384 -12189697 -230 -538 -76 -384 -7453889 -76 -538 78 -384 -2718081 78 -538 232 -384 2017727 232 -538 386 -384 6753535 386 -538 540 -384 11489343 540 -538 694 -384 16225151 694 -538 848 -384 20960959 848 -538 1000 -384 25694845 -1000 -384 -846 -230 -30980161 -846 -384 -692 -230 -26244353 -692 -384 -538 -230 -21508545 -538 -384 -384 -230 -16772737 -384 -384 -230 -230 -12036929 -230 -384 -76 -230 -7301121 -76 -384 78 -230 -2565313 78 -384 232 -230 2170495 232 -384 386 -230 6906303 386 -384 540 -230 11642111 540 -384 694 -230 16377919 694 -384 848 -230 21113727 848 -384 1000 -230 25847613 -1000 -230 -846 -76 -30827393 -846 -230 -692 -76 -26091585 -692 -230 -538 -76 -21355777 -538 -230 -384 -76 -16619969 -384 -230 -230 -76 -11884161 -230 -230 -76 -76 -7148353 -76 -230 78 -76 -2412545 78 -230 232 -76 2323263 232 -230 386 -76 7059071 386 -230 540 -76 11794879 540 -230 694 -76 16530687 694 -230 848 -76 21266495 848 -230 1000 -76 26000381 -1000 -76 -846 78 -30674625 -846 -76 -692 78 -25938817 -692 -76 -538 78 -21203009 -538 -76 -384 78 -16467201 -384 -76 -230 78 -11731393 -230 -76 -76 78 -6995585 -76 -76 78 78 -2259777 78 -76 232 78 2476031 232 -76 386 78 7211839 386 -76 540 78 11947647 540 -76 694 78 16683455 694 -76 848 78 21419263 848 -76 1000 78 26153149 -1000 78 -846 232 -30521857 -846 78 -692 232 -25786049 -692 78 -538 232 -21050241 -538 78 -384 232 -16314433 -384 78 -230 232 -11578625 -230 78 -76 232 -6842817 -76 78 78 232 -2107009 78 78 232 232 2628799 232 78 386 232 7364607 386 78 540 232 12100415 540 78 694 232 16836223 694 78 848 232 21572031 848 78 1000 232 26305917 -1000 232 -846 386 -30369089 -846 232 -692 386 -25633281 -692 232 -538 386 -20897473 -538 232 -384 386 -16161665 -384 232 -230 386 -11425857 -230 232 -76 386 -6690049 -76 232 78 386 -1954241 78 232 232 386 2781567 232 232 386 386 7517375 386 232 540 386 12253183 540 232 694 386 16988991 694 232 848 386 21724799 848 232 1000 386 26458685 -1000 386 -846 540 -30216321 -846 386 -692 540 -25480513 -692 386 -538 540 -20744705 -538 386 -384 540 -16008897 -384 386 -230 540 -11273089 -230 386 -76 540 -6537281 -76 386 78 540 -1801473 78 386 232 540 2934335 232 386 386 540 7670143 386 386 540 540 12405951 540 386 694 540 17141759 694 386 848 540 21877567 848 386 1000 540 26611453 -1000 540 -846 694 -30063553 -846 540 -692 694 -25327745 -692 540 -538 694 -20591937 -538 540 -384 694 -15856129 -384 540 -230 694 -11120321 -230 540 -76 694 -6384513 -76 540 78 694 -1648705 78 540 232 694 3087103 232 540 386 694 7822911 386 540 540 694 12558719 540 540 694 694 17294527 694 540 848 694 22030335 848 540 1000 694 26764221 -1000 694 -846 848 -29910785 -846 694 -692 848 -25174977 -692 694 -538 848 -20439169 -538 694 -384 848 -15703361 -384 694 -230 848 -10967553 -230 694 -76 848 -6231745 -76 694 78 848 -1495937 78 694 232 848 3239871 232 694 386 848 7975679 386 694 540 848 12711487 540 694 694 848 17447295 694 694 848 848 22183103 848 694 1000 848 26916989 -1000 848 -846 1000 -29758079 -846 848 -692 1000 -25022271 -692 848 -538 1000 -20286463 -538 848 -384 1000 -15550655 -384 848 -230 1000 -10814847 -230 848 -76 1000 -6079039 -76 848 78 1000 -1343231 78 848 232 1000 3392577 232 848 386 1000 8128385 386 848 540 1000 12864193 540 848 694 1000 17600001 694 848 848 1000 22335809 848 848 1000 1000 27069695 0
PAGES -1000 -1000 1000 1000 578 920 -878 1155 -239 16 -1000 -1000 -500 -500 -31248001 -500 -1000 0 -500 -15872001 0 -1000 500 -500 -496001 500 -1000 1000 -500 14879999 -1000 -500 -500 0 -30752001 -500 -500 0 0 -15376001 0 -500 500 0 -1 500 -500 1000 0 15375999 -1000 0 -500 500 -30256001 -500 0 0 500 -14880001 0 0 500 500 495999 500 0 1000 500 15871999 -1000 500 -500 1000 -29760001 -500 500 0 1000 -14384001 0 500 500 1000 991999 500 500 1000 1000 16367999 2 500 -1000 1000 -500 500 -500 1000 0
PAGES -1000 -1000 1000 1000 485 -682 676 -54 1421 25 -1000 -1000 -600 -600 -31347201 -600 -1000 -200 -600 -19046401 -200 -1000 200 -600 -6745601 200 -1000 600 -600 5555199 600 -1000 1000 -600 17855999 -1000 -600 -600 -200 -30950401 -600 -600 -200 -200 -18649601 -200 -600 200 -200 -6348801 200 -600 600 -200 5951999 600 -600 1000 -200 18252799 -1000 -200 -600 200 -30553601 -600 -200 -200 200 -18252801 -200 -200 200 200 -5952001 200 -200 600 200 6348799 600 -200 1000 200 18649599 -1000 200 -600 600 -30156801 -600 200 -200 600 -17856001 -200 200 200 600 -5555201 200 200 600 600 6745599 600 200 1000 600 19046399 -1000 600 -600 1000 -29760001 -600 600 -200 1000 -17459201 -200 600 200 1000 -5158401 200 600 600 1000 7142399 600 600 1000 1000 19443199 3 -1000 600 -600 1000 -600 600 -200 1000 -200 600 200 1000
PAGES -1000 -1000 1000 1000 236 -1000 -1000 -1000 1000 81 -1000 -1000 -777 -777 -31522785 -777 -1000 -554 -777 -24665089 -554 -1000 -331 -777 -17807393 -331 -1000 -108 -777 -10949697 -108 -1000 115 -777 -4092001 115 -1000 338 -777 2765695 338 -1000 561 -777 9623391 561 -1000 784 -777 16481087 784 -1000 1000 -777 23332056 -1000 -777 -777 -554 -31301569 -777 -777 -554 -554 -24443873 -554 -777 -331 -554 -17586177 -331 -777 -108 -554 -10728481 -108 -777 115 -554 -3870785 115 -777 338 -554 2986911 338 -777 561 -554 9844607 561 -777 784 -554 16702303 784 -777 1000 -554 23553272 -1000 -554 -777 -331 -31080353 -777 -554 -554 -331 -24222657 -554 -554 -331 -331 -17364961 -331 -554 -108 -331 -10507265 -108 -554 115 -331 -3649569 115 -554 338 -331 3208127 338 -554 561 -331 10065823 561 -554 784 -331 16923519 784 -554 1000 -331 23774488 -1000 -331 -777 -108 -30859137 -777 -331 -554 -108 -24001441 -554 -331 -331 -108 -17143745 -331 -331 -108 -108 -10286049 -108 -331 115 -108 -3428353 115 -331 338 -108 3429343 338 -331 561 -108 10287039 561 -331 784 -108 17144735 784 -331 1000 -108 23995704 -1000 -108 -777 115 -30637921 -777 -108 -554 115 -23780225 -554 -108 -331 115 -16922529 -331 -108 -108 115 -10064833 -108 -108 115 115 -3207137 115 -108 338 115 3650559 338 -108 561 115 10508255 561 -108 784 115 17365951 784 -108 1000 115 24216920 -1000 115 -777 338 -30416705 -777 115 -554 338 -23559009 -554 115 -331 338 -16701313 -331 115 -108 338 -9843617 -108 115 115 338 -2985921 115 115 338 338 3871775 338 115 561 338 10729471 561 115 784 338 17587167 784 115 1000 338 24438136 -1000 338 -777 561 -30195489 -777 338 -554 561 -23337793 -554 338 -331 561 -16480097 -331 338 -108 561 -9622401 -108 338 115 561 -2764705 115 338 338 561 4092991 338 338 561 561 10950687 561 338 784 561 17808383 784 338 1000 561 24659352 -1000 561 -777 784 -29974273 -777 561 -554 784 -23116577 -554 561 -331 784 -16258881 -331 561 -108 784 -9401185 -108 561 115 784 -2543489 115 561 338 784 4314207 338 561 561 784 11171903 561 561 784 784 18029599 784 561 1000 784 24880568 -1000 784 -777 1000 -29753274 -777 784 -554 1000 -22895578 -554 784 -331 1000 -16037882 -331 784 -108 1000 -9180186 -108 784 115 1000 -2322490 115 784 338 1000 4535206 338 784 561 1000 11392902 561 784 784 1000 18250598 784 784 1000 1000 25101567 0
PAGES -1000 -1000 1000 1000 305 1100 1100 1200 1200 49 -1000 -1000 -714 -714 -31460289 -714 -1000 -428 -714 -22665217 -428 -1000 -142 -714 -13870145 -142 -1000 144 -714 -5075073 144 -1000 430 -714 3719999 430 -1000 716 -714 12515071 716 -1000 1000 -714 21308221 -1000 -714 -714 -428 -31176577 -714 -714 -428 -428 -22381505 -428 -714 -142 -428 -13586433 -142 -714 144 -428 -4791361 144 -714 430 -428 4003711 430 -714 716 -428 12798783 716 -714 1000 -428 21591933 -1000 -428 -714 -142 -30892865 -714 -428 -428 -142 -22097793 -428 -428 -142 -142 -13302721 -142 -428 144 -142 -4507649 144 -428 430 -142 4287423 430 -428 716 -142 13082495 716 -428 1000 -142 21875645 -1000 -142 -714 144 -30609153 -714 -142 -428 144 -21814081 -428 -142 -142 144 -13019009 -142 -142 144 144 -4223937 144 -142 430 144 4571135 430 -142 716 144 13366207 716 -142 1000 144 22159357 -1000 144 -714 430 -30325441 -714 144 -428 430 -21530369 -428 144 -142 430 -12735297 -142 144 144 430 -3940225 144 144 430 430 4854847 430 144 716 430 13649919 716 144 1000 430 22443069 -1000 430 -714 716 -30041729 -714 430 -428 716 -21246657 -428 430 -142 716 -12451585 -142 430 144 716 -3656513 144 430 430 716 5138559 430 430 716 716 13933631 716 430 1000 716 22726781 -1000 716 -714 1000 -29758079 -714 716 -428 1000 -20963007 -428 716 -142 1000 -12167935 -142 716 144 1000 -3372863 144 716 430 1000 5422209 430 716 716 1000 14217281 716 716 1000 1000 23010431 0
PAGES -1000 -1000 1000 1000 651 -400 139 284 494 16 -1000 -1000 -500 -500 -31248001 -500 -1000 0 -500 -15872001 0 -1000 500 -500 -496001 500 -1000 1000 -500 14879999 -1000 -500 -500 0 -30752001 -500 -500 0 0 -15376001 0 -500 500 0 -1 500 -500 1000 0 15375999 -1000 0 -500 500 -30256001 -500 0 0 500 -14880001 0 0 500 500 495999 500 0 1000 500 15871999 -1000 500 -500 1000 -29760001 -500 500 0 1000 -14384001 0 500 500 1000 991999 500 500 1000 1000 16367999 2 -500 0 0 500 0 0 500 500
PAGES -1000 -1000 1000 1000 421 -316 171 395 296 25 -1000 -1000 -600 -600 -31347201 -600 -1000 -200 -600 -19046401 -200 -1000 200 -600 -6745601 200 -1000 600 -600 5555199 600 -1000 1000 -600 17855999 -1000 -600 -600 -200 -30950401 -600 -600 -200 -200 -18649601 -200 -600 200 -200 -6348801 200 -600 600 -200 5951999 600 -600 1000 -200 18252799 -1000 -200 -600 200 -30553601 -600 -200 -200 200 -18252801 -200 -200 200 200 -5952001 200 -200 600 200 6348799 600 -200 1000 200 18649599 -1000 200 -600 600 -30156801 -600 200 -200 600 -17856001 -200 200 200 600 -5555201 200 200 600 600 6745599 600 200 1000 600 19046399 -1000 600 -600 1000 -29760001 -600 600 -200 1000 -17459201 -200 600 200 1000 -5158401 200 600 600 1000 7142399 600 600 1000 1000 19443199 6 -600 -200 -200 200 -200 -200 200 200 200 -200 600 200 -600 200 -200 600 -200 200 200 600 200 200 600 600
PAGES -1000 -1000 1000 1000 358 -1000 -1000 -1000 1000 36 -1000 -1000 -666 -666 -31412673 -666 -1000 -332 -666 -21141505 -332 -1000 2 -666 -10870337 2 -1000 336 -666 -599169 336 -1000 670 -666 9671999 670 -1000 1000 -666 19939323 -1000 -666 -666 -332 -31081345 -666 -666 -332 -332 -20810177 -332 -666 2 -332 -10539009 2 -666 336 -332 -267841 336 -666 670 -332 10003327 670 -666 1000 -332 20270651 -1000 -332 -666 2 -30750017 -666 -332 -332 2 -20478849 -332 -332 2 2 -10207681 2 -332 336 2 63487 336 -332 670 2 10334655 670 -332 1000 2 20601979 -1000 2 -666 336 -30418689 -666 2 -332 336 -20147521 -332 2 2 336 -9876353 2 2 336 336 394815 336 2 670 336 10665983 670 2 1000 336 20933307 -1000 336 -666 670 -30087361 -666 336 -332 670 -19816193 -332 336 2 670 -9545025 2 336 336 670 726143 336 336 670 670 10997311 670 336 1000 670 21264635 -1000 670 -666 1000 -29756157 -666 670 -332 1000 -19484989 -332 670 2 1000 -9213821 2 670 336 1000 1057347 336 670 670 1000 11328515 670 670 1000 1000 21595839 0
PAGES -1000 -1000 1000 1000 222 1100 1100 1200 1200 100 -1000 -1000 -800 -800 -31545601 -800 -1000 -600 -800 -25395201 -600 -1000 -400 -800 -19244801 -400 -1000 -200 -800 -13094401 -200 -1000 0 -800 -6944001 0 -1000 200 -800 -793601 200 -1000 400 -800 5356799 400 -1000 600 -800 11507199 600 -1000 800 -800 17657599 800 -1000 1000 -800 23807999 -1000 -800 -800 -600 -31347201 -800 -800 -600 -600 -25196801 -600 -800 -400 -600 -19046401 -400 -800 -200 -600 -12896001 -200 -800 0 -600 -6745601 0 -800 200 -600 -595201 200 -800 400 -600 5555199 400 -800 600 -600 11705599 600 -800 800 -600 17855999 800 -800 1000 -600 24006399 -1000 -600 -800 -400 -31148801 -800 -600 -600 -400 -24998401 -600 -600 -400 -400 -18848001 -400 -600 -200 -400 -12697601 -200 -600 0 -400 -6547201 0 -600 200 -400 -396801 200 -600 400 -400 5753599 400 -600 600 -400 11903999 600 -600 800 -400 18054399 800 -600 1000 -400 24204799 -1000 -400 -800 -200 -30950401 -800 -400 -600 -200 -24800001 -600 -400 -400 -200 -18649601 -400 -400 -200 -200 -12499201 -200 -400 0 -200 -6348801 0 -400 200 -200 -198401 200 -400 400 -200 5951999 400 -400 600 -200 12102399 600 -400 800 -200 18252799 800 -400 1000 -200 24403199 -1000 -200 -800 0 -30752001 -800 -200 -600 0 -24601601 -600 -200 -400 0 -18451201 -400 -200 -200 0 -12300801 -200 -200 0 0 -6150401 0 -200 200 0 -1 200 -200 400 0 6150399 400 -200 600 0 12300799 600 -200 800 0 18451199 800 -200 1000 0 24601599 -1000 0 -800 200 -30553601 -800 0 -600 200 -24403201 -600 0 -400 200 -18252801 -400 0 -200 200 -12102401 -200 0 0 200 -5952001 0 0 200 200 198399 200 0 400 200 6348799 400 0 600 200 12499199 600 0 800 200 18649599 800 0 1000 200 24799999 -1000 200 -800 400 -30355201 -800 200 -600 400 -24204801 -600 200 -400 400 -18054401 -400 200 -200 400 -11904001 -200 200 0 400 -5753601 0 200 200 400 396799 200 200 400 400 6547199 400 200 600 400 12697599 600 200 800 400 18847999 800 200 1000 400 24998399 -1000 400 -800 600 -30156801 -800 400 -600 600 -24006401 -600 400 -400 600 -17856001 -400 400 -200 600 -11705601 -200 400 0 600 -5555201 0 400 200 600 595199 200 400 400 600 6745599 400 400 600 600 12895999 600 400 800 600 19046399 800 400 1000 600 25196799 -1000 600 -800 800 -29958401 -800 600 -600 800 -23808001 -600 600 -400 800 -17657601 -400 600 -200 800 -11507201 -200 600 0 800 -5356801 0 600 200 800 793599 200 600 400 800 6943999 400 600 600 800 13094399 600 600 800 800 19244799 800 600 1000 800 25395199 -1000 800 -800 1000 -29760001 -800 800 -600 1000 -23609601 -600 800 -400 1000 -17459201 -400 800 -200 1000 -11308801 -200 800 0 1000 -5158401 0 800 200 1000 991999 200 800 400 1000 7142399 400 800 600 1000 13292799 600 800 800 1000 19443199 800 800 1000 1000 25593599 0
PAGES -1000 -1000 1000 1000 708 -990 -419 -283 55 9 -1000 -1000 -333 -333 -31082337 -333 -1000 334 -333 -10570753 334 -1000 1000 -333 9939870 -1000 -333 -333 334 -30420673 -333 -333 334 334 -9909089 334 -333 1000 334 10601534 -1000 334 -333 1000 -29759040 -333 334 334 1000 -9247456 334 334 1000 1000 11263167 4 -1000 -1000 -333 -333 -333 -1000 334 -333 -1000 -333 -333 334 -333 -333 334 334
PAGES -1000 -1000 1000 1000 189 341 -632 419 -62 121 -1000 -1000 -818 -818 -31563457 -818 -1000 -636 -818 -25966593 -636 -1000 -454 -818 -20369729 -454 -1000 -272 -818 -14772865 -272 -1000 -90 -818 -9176001 -90 -1000 92 -818 -3579137 92 -1000 274 -818 2017727 274 -1000 456 -818 7614591 456 -1000 638 -818 13211455 638 -1000 820 -818 18808319 820 -1000 1000 -818 24403261 -1000 -818 -818 -636 -31382913 -818 -818 -636 -636 -25786049 -636 -818 -454 -636 -20189185 -454 -818 -272 -636 -14592321 -272 -818 -90 -636 -8995457 -90 -818 92 -636 -3398593 92 -818 274 -636 2198271 274 -818 456 -636 7795135 456 -818 638 -636 13391999 638 -818 820 -636 18988863 820 -818 1000 -636 24583805 -1000 -636 -818 -454 -31202369 -818 -636 -636 -454 -25605505 -636 -636 -454 -454 -20008641 -454 -636 -272 -454 -14411777 -272 -636 -90 -454 -8814913 -90 -636 92 -454 -3218049 92 -636 274 -454 2378815 274 -636 456 -454 7975679 456 -636 638 -454 13572543 638 -636 820 -454 19169407 820 -636 1000 -454 24764349 -1000 -454 -818 -272 -31021825 -818 -454 -636 -272 -25424961 -636 -454 -454 -272 -19828097 -454 -454 -272 -272 -14231233 -272 -454 -90 -272 -8634369 -90 -454 92 -272 -3037505 92 -454 274 -272 2559359 274 -454 456 -272 8156223 456 -454 638 -272 13753087 638 -454 820 -272 19349951 820 -454 1000 -272 24944893 -1000 -272 -818 -90 -30841281 -818 -272 -636 -90 -25244417 -636 -272 -454 -90 -19647553 -454 -272 -272 -90 -14050689 -272 -272 -90 -90 -8453825 -90 -272 92 -90 -2856961 92 -272 274 -90 2739903 274 -272 456 -90 8336767 456 -272 638 -90 13933631 638 -272 820 -90 19530495 820 -272 1000 -90 25125437 -1000 -90 -818 92 -30660737 -818 -90 -636 92 -25063873 -636 -90 -454 92 -19467009 -454 -90 -272 92 -13870145 -272 -90 -90 92 -8273281 -90 -90 92 92 -2676417 92 -90 274 92 2920447 274 -90 456 92 8517311 456 -90 638 92 14114175 638 -90 820 92 19711039 820 -90 1000 92 25305981 -1000 92 -818 274 -30480193 -818 92 -636 274 -24883329 -636 92 -454 274 -19286465 -454 92 -272 274 -13689601 -272 92 -90 274 -8092737 -90 92 92 274 -2495873 92 92 274 274 3100991 274 92 456 274 8697855 456 92 638 274 14294719 638 92 820 274 19891583 820 92 1000 274 25486525 -1000 274 -818 456 -30299649 -818 274 -636 456 -24702785 -636 274 -454 456 -19105921 -454 274 -272 456 -13509057 -272 274 -90 456 -7912193 -90 274 92 456 -2315329 92 274 274 456 3281535 274 274 456 456 8878399 456 274 638 456 14475263 638 274 820 456 20072127 820 274 1000 456 25667069 -1000 456 -818 638 -30119105 -818 456 -636 638 -24522241 -636 456 -454 638 -18925377 -454 456 -272 638 -13328513 -272 456 -90 638 -7731649 -90 456 92 638 -2134785 92 456 274 638 3462079 274 456 456 638 9058943 456 456 638 638 14655807 638 456 820 638 20252671 820 456 1000 638 25847613 -1000 638 -818 820 -29938561 -818 638 -636 820 -24341697 -636 638 -454 820 -18744833 -454 638 -272 820 -13147969 -272 638 -90 820 -7551105 -90 638 92 820 -1954241 92 638 274 820 3642623 274 638 456 820 9239487 456 638 638 820 14836351 638 638 820 820 20433215 820 638 1000 820 26028157 -1000 820 -818 1000 -29758079 -818 820 -636 1000 -24161215 -636 820 -454 1000 -18564351 -454 820 -272 1000 -12967487 -272 820 -90 1000 -7370623 -90 820 92 1000 -1773759 92 820 274 1000 3823105 274 820 456 1000 9419969 456 820 638 1000 15016833 638 820 820 1000 20613697 820 820 1000 1000 26208639 4 274 -636 456 -454 274 -454 456 -272 274 -272 456 -90 274 -90 456 92
PAGES -1000 -1000 1000 1000 294 -1000 -1000 -1000 1000 49 -1000 -1000 -714 -714 -31460289 -714 -1000 -428 -714 -22665217 -428 -1000 -142 -714 -13870145 -142 -1000 144 -714 -5075073 144 -1000 430 -714 3719999 430 -1000 716 -714 12515071 716 -1000 1000 -714 21308221 -1000 -714 -714 -428 -31176577 -714 -714 -428 -428 -22381505 -428 -714 -142 -428 -13586433 -142 -714 144 -428 -4791361 144 -714 430 -428 4003711 430 -714 716 -428 12798783 716 -714 1000 -428 21591933 -1000 -428 -714 -142 -30892865 -714 -428 -428 -142 -22097793 -428 -428 -142 -142 -13302721 -142 -428 144 -142 -4507649 144 -428 430 -142 4287423 430 -428 716 -142 13082495 716 -428 1000 -142 21875645 -1000 -142 -714 144 -30609153 -714 -142 -428 144 -21814081 -428 -142 -142 144 -13019009 -142 -142 144 144 -4223937 144 -142 430 144 4571135 430 -142 716 144 13366207 716 -142 1000 144 22159357 -1000 144 -714 430 -30325441 -714 144 -428 430 -21530369 -428 144 -142 430 -12735297 -142 144 144 430 -3940225 144 144 430 430 4854847 430 144 716 430 13649919 716 144 1000 430 22443069 -1000 430 -714 716 -30041729 -714 430 -428 716 -21246657 -428 430 -142 716 -12451585 -142 430 144 716 -3656513 144 430 430 716 5138559 430 430 716 716 13933631 716 430 1000 716 22726781 -1000 716 -714 1000 -29758079 -714 716 -428 1000 -20963007 -428 716 -142 1000 -12167935 -142 716 144 1000 -3372863 144 716 430 1000 5422209 430 716 716 1000 14217281 716 716 1000 1000 23010431 0
PAGES -1000 -1000 1000 1000 87 1100 1100 1200 1200 529 -1000 -1000 -913 -913 -31657697 -913 -1000 -826 -913 -28982273 -826 -1000 -739 -913 -26306849 -739 -1000 -652 -913 -23631425 -652 -1000 -565 -913 -20956001 -565 -1000 -478 -913 -18280577 -478 -1000 -391 -913 -15605153 -391 -1000 -304 -913 -12929729 -304 -1000 -217 -913 -10254305 -217 -1000 -130 -913 -7578881 -130 -1000 -43 -913 -4903457 -43 -1000 44 -913 -2228033 44 -1000 131 -913 447391 131 -1000 218 -913 3122815 218 -1000 305 -913 5798239 305 -1000 392 -913 8473663 392 -1000 479 -913 11149087 479 -1000 566 -913 13824511 566 -1000 653 -913 16499935 653 -1000 740 -913 19175359 740 -1000 827 -913 21850783 827 -1000 914 -913 24526207 914 -1000 1000 -913 27200670 -1000 -913 -913 -826 -31571393 -913 -913 -826 -826 -28895969 -826 -913 -739 -826 -26220545 -739 -913 -652 -826 -23545121 -652 -913 -565 -826 -20869697 -565 -913 -478 -826 -18194273 -478 -913 -391 -826 -15518849 -391 -913 -304 -826 -12843425 -304 -913 -217 -826 -10168001 -217 -913 -130 -826 -7492577 -130 -913 -43 -826 -4817153 -43 -913 44 -826 -2141729 44 -913 131 -826 533695 131 -913 218 -826 3209119 218 -913 305 -826 5884543 305 -913 392 -826 8559967 392 -913 479 -826 11235391 479 -913 566 -826 13910815 566 -913 653 -826 16586239 653 -913 740 -826 19261663 740 -913 827 -826 21937087 827 -913 914 -826 24612511 914 -913 1000 -826 27286974 -1000 -826 -913 -739 -31485089 -913 -826 -826 -739 -28809665 -826 -826 -739 -739 -26134241 -739 -826 -652 -739 -23458817 -652 -826 -565 -739 -20783393 -565 -826 -478 -739 -18107969 -478 -826 -391 -739 -15432545 -391 -826 -304 -739 -12757121 -304 -826 -217 -739 -10081697 -217 -826 -130 -739 -7406273 -130 -826 -43 -739 -4730849 -43 -826 44 -739 -2055425 44 -826 131 -739 619999 131 -826 218 -739 3295423 218 -826 305 -739 5970847 305 -826 392 -739 8646271 392 -826 479 -739 11321695 479 -826 566 -739 13997119 566 -826 653 -739 16672543 653 -826 740 -739 19347967 740 -826 827 -739 22023391 827 -826 914 -739 24698815 914 -826 1000 -739 27373278 -1000 -739 -913 -652 -31398785 -913 -739 -826 -652 -28723361 -826 -739 -739 -652 -26047937 -739 -739 -652 -652 -23372513 -652 -739 -565 -652 -20697089 -565 -739 -478 -652 -18021665 -478 -739 -391 -652 -15346241 -391 -739 -304 -652 -12670817 -304 -739 -217 -652 -9995393 -217 -739 -130 -652 -7319969 -130 -739 -43 -652 -4644545 -43 -739 44 -652 -1969121 44 -739 131 -652 706303 131 -739 218 -652 3381727 218 -739 305 -652 6057151 305 -739 392 -652 8732575 392 -739 479 -652 11407999 479 -739 566 -652 14083423 566 -739 653 -652 16758847 653 -739 740 -652 19434271 740 -739 827 -652 22109695 827 -739 914 -652 24785119 914 -739 1000 -652 27459582 -1000 -652 -913 -565 -31312481 -913 -652 -826 -565 -28637057 -826 -652 -739 -565 -25961633 -739 -652 -652 -565 -23286209 -652 -652 -565 -565 -20610785 -565 -652 -478 -565 -17935361 -478 -652 -391 -565 -15259937 -391 -652 -304 -565 -12584513 -304 -652 -217 -565 -9909089 -217 -652 -130 -565 -7233665 -130 -652 -43 -565 -4558241 -43 -652 44 -565 -1882817 44 -652 131 -565 792607 131 -652 218 -565 3468031 218 -652 305 -565 6143455 305 -652 392 -565 8818879 392 -652 479 -565 11494303 479 -652 566 -565 14169727 566 -652 653 -565 16845151 653 -652 740 -565 19520575 740 -652 827 -565 22195999 827 -652 914 -565 24871423 914 -652 1000 -565 27545886 -1000 -565 -913 -478 -31226177 -913 -565 -826 -478 -28550753 -826 -565 -739 -478 -25875329 -739 -565 -652 -478 -23199905 -652 -565 -565 -478 -20524481 -565 -565 -478 -478 -17849057 -478 -565 -391 -478 -15173633 -391 -565 -304 -478 -12498209 -304 -565 -217 -478 -9822785 -217 -565 -130 -478 -7147361 -130 -565 -43 -478 -4471937 -43 -565 44 -478 -1796513 44 -565 131 -478 878911 131 -565 218 -478 3554335 218 -565 305 -478 6229759 305 -565 392 -478 8905183 392 -565 479 -478 11580607 479 -565 566 -478 14256031 566 -565 653 -478 16931455 653 -565 740 -478 19606879 740 -565 827 -478 22282303 827 -565 914 -478 24957727 914 -565 1000 -478 27632190 -1000 -478 -913 -391 -31139873 -913 -478 -826 -391 -28464449 -826 -478 -739 -391 -25789025 -739 -478 -652 -391 -23113601 -652 -478 -565 -391 -20438177 -565 -478 -478 -391 -17762753 -478 -478 -391 -391 -15087329 -391 -478 -304 -391 -12411905 -304 -478 -217 -391 -9736481 -217 -478 -130 -391 -7061057 -130 -478 -43 -391 -4385633 -43 -478 44 -391 -1710209 44 -478 131 -391 965215 131 -478 218 -391 3640639 218 -478 305 -391 6316063 305 -478 392 -391 8991487 392 -478 479 -391 11666911 479 -478 566 -391 14342335 566 -478 653 -391 17017759 653 -478 740 -391 19693183 740 -478 827 -391 22368607 827 -478 914 -391 25044031 914 -478 1000 -391 27718494 -1000 -391 -913 -304 -31053569 -913 -391 -826 -304 -28378145 -826 -391 -739 -304 -25702721 -739 -391 -652 -304 -23027297 -652 -391 -565 -304 -20351873 -565 -391 -478 -304 -17676449 -478 -391 -391 -304 -15001025 -391 -391 -304 -304 -12325601 -304 -391 -217 -304 -9650177 -217 -391 -130 -304 -6974753 -130 -391 -43 -304 -4299329 -43 -391 44 -304 -1623905 44 -391 131 -304 1051519 131 -391 218 -304 3726943 218 -391 305 -304 6402367 305 -391 392 -304 9077791 392 -391 479 -304 11753215 479 -391 566 -304 14428639 566 -391 653 -304 17104063 653 -391 740 -304 19779487 740 -391 827 -304 22454911 827 -391 914 -304 25130335 914 -391 1000 -304 27804798 -1000 -304 -913 -217 -30967265 -913 -304 -826 -217 -28291841 -826 -304 -739 -217 -25616417 -739 -304 -652 -217 -22940993 -652 -304 -565 -217 -20265569 -565 -304 -478 -217 -17590145 -478 -304 -391 -217 -14914721 -391 -304 -304 -217 -12239297 -304 -304 -217 -217 -9563873 -217 -304 -130 -217 -6888449 -130 -304 -43 -217 -4213025 -43 -304 44 -217 -1537601 44 -304 131 -217 1137823 131 -304 218 -217 3813247 218 -304 305 -217 6488671 305 -304 392 -217 9164095 392 -304 479 -217 11839519 479 -304 566 -217 14514943 566 -304 653 -217 17190367 653 -304 740 -217 19865791 740 -304 827 -217 22541215 827 -304 914 -217 25216639 914 -304 1000 -217 27891102 -1000 -217 -913 -130 -30880961 -913 -217 -826 -130 -28205537 -826 -217 -739 -130 -25530113 -739 -217 -652 -130 -22854689 -652 -217 -565 -130 -20179265 -565 -217 -478 -130 -17503841 -478 -217 -391 -130 -14828417 -391 -217 -304 -130 -12152993 -304 -217 -217 -130 -9477569 -217 -217 -130 -130 -6802145 -130 -217 -43 -130 -4126721 -43 -217 44 -130 -1451297 44 -217 131 -130 1224127 131 -217 218 -130 3899551 218 -217 305 -130 6574975 305 -217 392 -130 9250399 392 -217 479 -130 11925823 479 -217 566 -130 14601247 566 -217 653 -130 17276671 653 -217 740 -130 19952095 740 -217 827 -130 22627519 827 -217 914 -130 25302943 914 -217 1000 -130 27977406 -1000 -130 -913 -43 -30794657 -913 -130 -826 -43 -28119233 -826 -130 -739 -43 -25443809 -739 -130 -652 -43 -22768385 -652 -130 -565 -43 -20092961 -565 -130 -478 -43 -17417537 -478 -130 -391 -43 -14742113 -391 -130 -304 -43 -12066689 -304 -130 -217 -43 -9391265 -217 -130 -130 -43 -6715841 -130 -130 -43 -43 -4040417 -43 -130 44 -43 -1364993 44 -130 131 -43 1310431 131 -130 218 -43 3985855 218 -130 305 -43 6661279 305 -130 392 -43 9336703 392 -130 479 -43 12012127 479 -130 566 -43 14687551 566 -130 653 -43 17362975 653 -130 740 -43 20038399 740 -130 827 -43 22713823 827 -130 914 -43 25389247 914 -130 1000 -43 28063710 -1000 -43 -913 44 -30708353 -913 -43 -826 44 -28032929 -826 -43 -739 44 -25357505 -739 -43 -652 44 -22682081 -652 -43 -565 44 -20006657 -565 -43 -478 44 -17331233 -478 -43 -391 44 -14655809 -391 -43 -304 44 -11980385 -304 -43 -217 44 -9304961 -217 -43 -130 44 -6629537 -130 -43 -43 44 -3954113 -43 -43 44 44 -1278689 44 -43 131 44 1396735 131 -43 218 44 4072159 218 -43 305 44 6747583 305 -43 392 44 9423007 392 -43 479 44 12098431 479 -43 566 44 14773855 566 -43 653 44 17449279 653 -43 740 44 20124703 740 -43 827 44 22800127 827 -43 914 44 25475551 914 -43 1000 44 28150014 -1000 44 -913 131 -30622049 -913 44 -826 131 -27946625 -826 44 -739 131 -25271201 -739 44 -652 131 -22595777 -652 44 -565 131 -19920353 -565 44 -478 131 -17244929 -478 44 -391 131 -14569505 -391 44 -304 131 -11894081 -304 44 -217 131 -9218657 -217 44 -130 131 -6543233 -130 44 -43 131 -3867809 -43 44 44 131 -1192385 44 44 131 131 1483039 131 44 218 131 4158463 218 44 305 131 6833887 305 44 392 131 9509311 392 44 479 131 12184735 479 44 566 131 14860159 566 44 653 131 17535583 653 44 740 131 20211007 740 44 827 131 22886431 827 44 914 131 25561855 914 44 1000 131 28236318 -1000 131 -913 218 -30535745 -913 131 -826 218 -27860321 -826 131 -739 218 -25184897 -739 131 -652 218 -22509473 -652 131 -565 218 -19834049 -565 131 -478 218 -17158625 -478 131 -391 218 -14483201 -391 131 -304 218 -11807777 -304 131 -217 218 -9132353 -217 131 -130 218 -6456929 -130 131 -43 218 -3781505 -43 131 44 218 -1106081 44 131 131 218 1569343 131 131 218 218 4244767 218 131 305 218 6920191 305 131 392 218 9595615 392 131 479 218 12271039 479 131 566 218 14946463 566 131 653 218 17621887 653 131 740 218 20297311 740 131 827 218 22972735 827 131 914 218 25648159 914 131 1000 218 28322622 -1000 218 -913 305 -30449441 -913 218 -826 305 -27774017 -826 218 -739 305 -25098593 -739 218 -652 305 -22423169 -652 218 -565 305 -19747745 -565 218 -478 305 -17072321 -478 218 -391 305 -14396897 -391 218 -304 305 -11721473 -304 218 -217 305 -9046049 -217 218 -130 305 -6370625 -130 218 -43 305 -3695201 -43 218 44 305 -1019777 44 218 131 305 1655647 131 218 218 305 4331071 218 218 305 305 7006495 305 218 392 305 9681919 392 218 479 305 12357343 479 218 566 305 15032767 566 218 653 305 17708191 653 218 740 305 20383615 740 218 827 305 23059039 827 218 914 305 25734463 914 218 1000 305 28408926 -1000 305 -913 392 -30363137 -913 305 -826 392 -27687713 -826 305 -739 392 -25012289 -739 305 -652 392 -22336865 -652 305 -565 392 -19661441 -565 305 -478 392 -16986017 -478 305 -391 392 -14310593 -391 305 -304 392 -11635169 -304 305 -217 392 -8959745 -217 305 -130 392 -6284321 -130 305 -43 392 -3608897 -43 305 44 392 -933473 44 305 131 392 1741951 131 305 218 392 4417375 218 305 305 392 7092799 305 305 392 392 9768223 392 305 479 392 12443647 479 305 566 392 15119071 566 305 653 392 17794495 653 305 740 392 20469919 740 305 827 392 23145343 827 305 914 392 25820767 914 305 1000 392 28495230 -1000 392 -913 479 -30276833 -913 392 -826 479 -27601409 -826 392 -739 479 -24925985 -739 392 -652 479 -22250561 -652 392 -565 479 -19575137 -565 392 -478 479 -16899713 -478 392 -391 479 -14224289 -391 392 -304 479 -11548865 -304 392 -217 479 -8873441 -217 392 -130 479 -6198017 -130 392 -43 479 -3522593 -43 392 44 479 -847169 44 392 131 479 1828255 131 392 218 479 4503679 218 392 305 479 7179103 305 392 392 479 9854527 392 392 479 479 12529951 479 392 566 479 15205375 566 392 653 479 17880799 653 392 740 479 20556223 740 392 827 479 23231647 827 392 914 479 25907071 914 392 1000 479 28581534 -1000 479 -913 566 -30190529 -913 479 -826 566 -27515105 -826 479 -739 566 -24839681 -739 479 -652 566 -22164257 -652 479 -565 566 -19488833 -565 479 -478 566 -16813409 -478 479 -391 566 -14137985 -391 479 -304 566 -11462561 -304 479 -217 566 -8787137 -217 479 -130 566 -6111713 -130 479 -43 566 -3436289 -43 479 44 566 -760865 44 479 131 566 1914559 131 479 218 566 4589983 218 479 305 566 7265407 305 479 392 566 9940831 392 479 479 566 12616255 479 479 566 566 15291679 566 479 653 566 17967103 653 479 740 566 20642527 740 479 827 566 23317951 827 479 914 566 25993375 914 479 1000 566 28667838 -1000 566 -913 653 -30104225 -913 566 -826 653 -27428801 -826 566 -739 653 -24753377 -739 566 -652 653 -22077953 -652 566 -565 653 -19402529 -565 566 -478 653 -16727105 -478 566 -391 653 -14051681 -391 566 -304 653 -11376257 -304 566 -217 653 -8700833 -217 566 -130 653 -6025409 -130 566 -43 653 -3349985 -43 566 44 653 -674561 44 566 131 653 2000863 131 566 218 653 4676287 218 566 305 653 7351711 305 566 392 653 10027135 392 566 479 653 12702559 479 566 566 653 15377983 566 566 653 653 18053407 653 566 740 653 20728831 740 566 827 653 23404255 827 566 914 653 26079679 914 566 1000 653 28754142 -1000 653 -913 740 -30017921 -913 653 -826 740 -27342497 -826 653 -739 740 -24667073 -739 653 -652 740 -21991649 -652 653 -565 740 -19316225 -565 653 -478 740 -16640801 -478 653 -391 740 -13965377 -391 653 -304 740 -11289953 -304 653 -217 740 -8614529 -217 653 -130 740 -5939105 -130 653 -43 740 -3263681 -43 653 44 740 -588257 44 653 131 740 2087167 131 653 218 740 4762591 218 653 305 740 7438015 305 653 392 740 10113439 392 653 479 740 12788863 479 653 566 740 15464287 566 653 653 740 18139711 653 653 740 740 20815135 740 653 827 740 23490559 827 653 914 740 26165983 914 653 1000 740 28840446 -1000 740 -913 827 -29931617 -913 740 -826 827 -27256193 -826 740 -739 827 -24580769 -739 740 -652 827 -21905345 -652 740 -565 827 -19229921 -565 740 -478 827 -16554497 -478 740 -391 827 -13879073 -391 740 -304 827 -11203649 -304 740 -217 827 -8528225 -217 740 -130 827 -5852801 -130 740 -43 827 -3177377 -43 740 44 827 -501953 44 740 131 827 2173471 131 740 218 827 4848895 218 740 305 827 7524319 305 740 392 827 10199743 392 740 479 827 12875167 479 740 566 827 15550591 566 740 653 827 18226015 653 740 740 827 20901439 740 740 827 827 23576863 827 740 914 827 26252287 914 740 1000 827 28926750 -1000 827 -913 914 -29845313 -913 827 -826 914 -27169889 -826 827 -739 914 -24494465 -739 827 -652 914 -21819041 -652 827 -565 914 -19143617 -565 827 -478 914 -16468193 -478 827 -391 914 -13792769 -391 827 -304 914 -11117345 -304 827 -217 914 -8441921 -217 827 -130 914 -5766497 -130 827 -43 914 -3091073 -43 827 44 914 -415649 44 827 131 914 2259775 131 827 218 914 4935199 218 827 305 914 7610623 305 827 392 914 10286047 392 827 479 914 12961471 479 827 566 914 15636895 566 827 653 914 18312319 653 827 740 914 20987743 740 827 827 914 23663167 827 827 914 914 26338591 914 827 1000 914 29013054 -1000 914 -913 1000 -29759040 -913 914 -826 1000 -27083616 -826 914 -739 1000 -24408192 -739 914 -652 1000 -21732768 -652 914 -565 1000 -19057344 -565 914 -478 1000 -16381920 -478 914 -391 1000 -13706496 -391 914 -304 1000 -11031072 -304 914 -217 1000 -8355648 -217 914 -130 1000 -5680224 -130 914 -43 1000 -3004800 -43 914 44 1000 -329376 44 914 131 1000 2346048 131 914 218 1000 5021472 218 914 305 1000 7696896 305 914 392 1000 10372320 392 914 479 1000 13047744 479 914 566 1000 15723168 566 914 653 1000 18398592 653 914 740 1000 21074016 740 914 827 1000 23749440 827 914 914 1000 26424864 914 914 1000 1000 29099327 0
PAGES -1000 -1000 1000 1000 71 666 -427 667 284 841 -1000 -1000 -931 -931 -31675553 -931 -1000 -862 -931 -29553665 -862 -1000 -793 -931 -27431777 -793 -1000 -724 -931 -25309889 -724 -1000 -655 -931 -23188001 -655 -1000 -586 -931 -21066113 -586 -1000 -517 -931 -18944225 -517 -1000 -448 -931 -16822337 -448 -1000 -379 -931 -14700449 -379 -1000 -310 -931 -12578561 -310 -1000 -241 -931 -10456673 -241 -1000 -172 -931 -8334785 -172 -1000 -103 -931 -6212897 -103 -1000 -34 -931 -4091009 -34 -1000 35 -931 -1969121 35 -1000 104 -931 152767 104 -1000 173 -931 2274655 173 -1000 242 -931 4396543 242 -1000 311 -931 6518431 311 -1000 380 -931 8640319 380 -1000 449 -931 10762207 449 -1000 518 -931 12884095 518 -1000 587 -931 15005983 587 -1000 656 -931 17127871 656 -1000 725 -931 19249759 725 -1000 794 -931 21371647 794 -1000 863 -931 23493535 863 -1000 932 -931 25615423 932 -1000 1000 -931 27736350 -1000 -931 -931 -862 -31607105 -931 -931 -862 -862 -29485217 -862 -931 -793 -862 -27363329 -793 -931 -724 -862 -25241441 -724 -931 -655 -862 -23119553 -655 -931 -586 -862 -20997665 -586 -931 -517 -862 -18875777 -517 -931 -448 -862 -16753889 -448 -931 -379 -862 -14632001 -379 -931 -310 -862 -12510113 -310 -931 -241 -862 -10388225 -241 -931 -172 -862 -8266337 -172 -931 -103 -862 -6144449 -103 -931 -34 -862 -4022561 -34 -931 35 -862 -1900673 35 -931 104 -862 221215 104 -931 173 -862 2343103 173 -931 242 -862 4464991 242 -931 311 -862 6586879 311 -931 380 -862 8708767 380 -931 449 -862 10830655 449 -931 518 -862 12952543 518 -931 587 -862 15074431 587 -931 656 -862 17196319 656 -931 725 -862 19318207 725 -931 794 -862 21440095 794 -931 863 -862 23561983 863 -931 932 -862 25683871 932 -931 1000 -862 27804798 -1000 -862 -931 -793 -31538657 -931 -862 -862 -793 -29416769 -862 -862 -793 -793 -27294881 -793 -862 -724 -793 -25172993 -724 -862 -655 -793 -23051105 -655 -862 -586 -793 -20929217 -586 -862 -517 -793 -18807329 -517 -862 -448 -793 -16685441 -448 -862 -379 -793 -14563553 -379 -862 -310 -793 -12441665 -310 -862 -241 -793 -10319777 -241 -862 -172 -793 -8197889 -172 -862 -103 -793 -6076001 -103 -862 -34 -793 -3954113 -34 -862 35 -793 -1832225 35 -862 104 -793 289663 104 -862 173 -793 2411551 173 -862 242 -793 4533439 242 -862 311 -793 6655327 311 -862 380 -793 8777215 380 -862 449 -793 10899103 449 -862 518 -793 13020991 518 -862 587 -793 15142879 587 -862 656 -793 17264767 656 -862 725 -793 19386655 725 -862 794 -793 21508543 794 -862 863 -793 23630431 863 -862 932 -793 25752319 932 -862 1000 -793 27873246 -1000 -793 -931 -724 -31470209 -931 -793 -862 -724 -29348321 -862 -793 -793 -724 -27226433 -793 -793 -724 -724 -25104545 -724 -793 -655 -724 -22982657 -655 -793 -586 -724 -20860769 -586 -793 -517 -724 -18738881 -517 -793 -448 -724 -16616993 -448 -793 -379 -724 -14495105 -379 -793 -310 -724 -12373217 -310 -793 -241 -724 -10251329 -241 -793 -172 -724 -8129441 -172 -793 -103 -724 -6007553 -103 -793 -34 -724 -3885665 -34 -793 35 -724 -1763777 35 -793 104 -724 358111 104 -793 173 -724 2479999 173 -793 242 -724 4601887 242 -793 311 -724 6723775 311 -793 380 -724 8845663 380 -793 449 -724 10967551 449 -793 518 -724 13089439 518 -793 587 -724 15211327 587 -793 656 -724 17333215 656 -793 725 -724 19455103 725 -793 794 -724 21576991 794 -793 863 -724 23698879 863 -793 932 -724 25820767 932 -793 1000 -724 27941694 -1000 -724 -931 -655 -31401761 -931 -724 -862 -655 -29279873 -862 -724 -793 -655 -27157985 -793 -724 -724 -655 -25036097 -724 -724 -655 -655 -22914209 -655 -724 -586 -655 -20792321 -586 -724 -517 -655 -18670433 -517 -724 -448 -655 -16548545 -448 -724 -379 -655 -14426657 -379 -724 -310 -655 -12304769 -310 -724 -241 -655 -10182881 -241 -724 -172 -655 -8060993 -172 -724 -103 -655 -5939105 -103 -724 -34 -655 -3817217 -34 -724 35 -655 -1695329 35 -724 104 -655 426559 104 -724 173 -655 2548447 173 -724 242 -655 4670335 242 -724 311 -655 6792223 311 -724 380 -655 8914111 380 -724 449 -655 11035999 449 -724 518 -655 13157887 518 -724 587 -655 15279775 587 -724 656 -655 17401663 656 -724 725 -655 19523551 725 -724 794 -655 21645439 794 -724 863 -655 23767327 863 -724 932 -655 25889215 932 -724 1000 -655 28010142 -1000 -655 -931 -586 -31333313 -931 -655 -862 -586 -29211425 -862 -655 -793 -586 -27089537 -793 -655 -724 -586 -24967649 -724 -655 -655 -586 -22845761 -655 -655 -586 -586 -20723873 -586 -655 -517 -586 -18601985 -517 -655 -448 -586 -16480097 -448 -655 -379 -586 -14358209 -379 -655 -310 -586 -12236321 -310 -655 -241 -586 -10114433 -241 -655 -172 -586 -7992545 -172 -655 -103 -586 -5870657 -103 -655 -34 -586 -3748769 -34 -655 35 -586 -1626881 35 -655 104 -586 495007 104 -655 173 -586 2616895 173 -655 242 -586 4738783 242 -655 311 -586 6860671 311 -655 380 -586 8982559 380 -655 449 -586 11104447 449 -655 518 -586 13226335 518 -655 587 -586 15348223 587 -655 656 -586 17470111 656 -655 725 -586 19591999 725 -655 794 -586 21713887 794 -655 863 -586 23835775 863 -655 932 -586 25957663 932 -655 1000 -586 28078590 -1000 -586 -931 -517 -31264865 -931 -586 -862 -517 -29142977 -862 -586 -793 -517 -27021089 -793 -586 -724 -517 -24899201 -724 -586 -655 -517 -22777313 -655 -586 -586 -517 -20655425 -586 -586 -517 -517 -18533537 -517 -586 -448 -517 -16411649 -448 -586 -379 -517 -14289761 -379 -586 -310 -517 -12167873 -310 -586 -241 -517 -10045985 -241 -586 -172 -517 -7924097 -172 -586 -103 -517 -5802209 -103 -586 -34 -517 -3680321 -34 -586 35 -517 -1558433 35 -586 104 -517 563455 104 -586 173 -517 2685343 173 -586 242 -517 4807231 242 -586 311 -517 6929119 311 -586 380 -517 9051007 380 -586 449 -517 11172895 449 -586 518 -517 13294783 518 -586 587 -517 15416671 587 -586 656 -517 17538559 656 -586 725 -517 19660447 725 -586 794 -517 21782335 794 -586 863 -517 23904223 863 -586 932 -517 26026111 932 -586 1000 -517 28147038 -1000 -517 -931 -448 -31196417 -931 -517 -862 -448 -29074529 -862 -517 -793 -448 -26952641 -793 -517 -724 -448 -24830753 -724 -517 -655 -448 -22708865 -655 -517 -586 -448 -20586977 -586 -517 -517 -448 -18465089 -517 -517 -448 -448 -16343201 -448 -517 -379 -448 -14221313 -379 -517 -310 -448 -12099425 -310 -517 -241 -448 -9977537 -241 -517 -172 -448 -7855649 -172 -517 -103 -448 -5733761 -103 -517 -34 -448 -3611873 -34 -517 35 -448 -1489985 35 -517 104 -448 631903 104 -517 173 -448 2753791 173 -517 242 -448 4875679 242 -517 311 -448 6997567 311 -517 380 -448 9119455 380 -517 449 -448 11241343 449 -517 518 -448 13363231 518 -517 587 -448 15485119 587 -517 656 -448 17607007 656 -517 725 -448 19728895 725 -517 794 -448 21850783 794 -517 863 -448 23972671 863 -517 932 -448 26094559 932 -517 1000 -448 28215486 -1000 -448 -931 -379 -31127969 -931 -448 -862 -379 -29006081 -862 -448 -793 -379 -26884193 -793 -448 -724 -379 -24762305 -724 -448 -655 -379 -22640417 -655 -448 -586 -379 -20518529 -586 -448 -517 -379 -18396641 -517 -448 -448 -379 -16274753 -448 -448 -379 -379 -14152865 -379 -448 -310 -379 -12030977 -310 -448 -241 -379 -9909089 -241 -448 -172 -379 -7787201 -172 -448 -103 -379 -5665313 -103 -448 -34 -379 -3543425 -34 -448 35 -379 -1421537 35 -448 104 -379 700351 104 -448 173 -379 2822239 173 -448 242 -379 4944127 242 -448 311 -379 7066015 311 -448 380 -379 9187903 380 -448 449 -379 11309791 449 -448 518 -379 13431679 518 -448 587 -379 15553567 587 -448 656 -379 17675455 656 -448 725 -379 19797343 725 -448 794 -379 21919231 794 -448 863 -379 24041119 863 -448 932 -379 26163007 932 -448 1000 -379 28283934 -1000 -379 -931 -310 -31059521 -931 -379 -862 -310 -28937633 -862 -379 -793 -310 -26815745 -793 -379 -724 -310 -24693857 -724 -379 -655 -310 -22571969 -655 -379 -586 -310 -20450081 -586 -379 -517 -310 -18328193 -517 -379 -448 -310 -16206305 -448 -379 -379 -310 -14084417 -379 -379 -310 -310 -11962529 -310 -379 -241 -310 -9840641 -241 -379 -172 -310 -7718753 -172 -379 -103 -310 -5596865 -103 -379 -34 -310 -3474977 -34 -379 35 -310 -1353089 35 -379 104 -310 768799 104 -379 173 -310 2890687 173 -379 242 -310 5012575 242 -379 311 -310 7134463 311 -379 380 -310 9256351 380 -379 449 -310 11378239 449 -379 518 -310 13500127 518 -379 587 -310 15622015 587 -379 656 -310 17743903 656 -379 725 -310 19865791 725 -379 794 -310 21987679 794 -379 863 -310 24109567 863 -379 932 -310 26231455 932 -379 1000 -310 28352382 -1000 -310 -931 -241 -30991073 -931 -310 -862 -241 -28869185 -862 -310 -793 -241 -26747297 -793 -310 -724 -241 -24625409 -724 -310 -655 -241 -22503521 -655 -310 -586 -241 -20381633 -586 -310 -517 -241 -18259745 -517 -310 -448 -241 -16137857 -448 -310 -379 -241 -14015969 -379 -310 -310 -241 -11894081 -310 -310 -241 -241 -9772193 -241 -310 -172 -241 -7650305 -172 -310 -103 -241 -5528417 -103 -310 -34 -241 -3406529 -34 -310 35 -241 -1284641 35 -310 104 -241 837247 104 -310 173 -241 2959135 173 -310 242 -241 5081023 242 -310 311 -241 7202911 311 -310 380 -241 9324799 380 -310 449 -241 11446687 449 -310 518 -241 13568575 518 -310 587 -241 15690463 587 -310 656 -241 17812351 656 -310 725 -241 19934239 725 -310 794 -241 22056127 794 -310 863 -241 24178015 863 -310 932 -241 26299903 932 -310 1000 -241 28420830 -1000 -241 -931 -172 -30922625 -931 -241 -862 -172 -28800737 -862 -241 -793 -172 -26678849 -793 -241 -724 -172 -24556961 -724 -241 -655 -172 -22435073 -655 -241 -586 -172 -20313185 -586 -241 -517 -172 -18191297 -517 -241 -448 -172 -16069409 -448 -241 -379 -172 -13947521 -379 -241 -310 -172 -11825633 -310 -241 -241 -172 -9703745 -241 -241 -172 -172 -7581857 -172 -241 -103 -172 -5459969 -103 -241 -34 -172 -3338081 -34 -241 35 -172 -1216193 35 -241 104 -172 905695 104 -241 173 -172 3027583 173 -241 242 -172 5149471 242 -241 311 -172 7271359 311 -241 380 -172 9393247 380 -241 449 -172 11515135 449 -241 518 -172 13637023 518 -241 587 -172 15758911 587 -241 656 -172 17880799 656 -241 725 -172 20002687 725 -241 794 -172 22124575 794 -241 863 -172 24246463 863 -241 932 -172 26368351 932 -241 1000 -172 28489278 -1000 -172 -931 -103 -30854177 -931 -172 -862 -103 -28732289 -862 -172 -793 -103 -26610401 -793 -172 -724 -103 -24488513 -724 -172 -655 -103 -22366625 -655 -172 -586 -103 -20244737 -586 -172 -517 -103 -18122849 -517 -172 -448 -103 -16000961 -448 -172 -379 -103 -13879073 -379 -172 -310 -103 -11757185 -310 -172 -241 -103 -9635297 -241 -172 -172 -103 -7513409 -172 -172 -103 -103 -5391521 -103 -172 -34 -103 -3269633 -34 -172 35 -103 -1147745 35 -172 104 -103 974143 104 -172 173 -103 3096031 173 -172 242 -103 5217919 242 -172 311 -103 7339807 311 -172 380 -103 9461695 380 -172 449 -103 11583583 449 -172 518 -103 13705471 518 -172 587 -103 15827359 587 -172 656 -103 17949247 656 -172 725 -103 20071135 725 -172 794 -103 22193023 794 -172 863 -103 24314911 863 -172 932 -103 26436799 932 -172 1000 -103 28557726 -1000 -103 -931 -34 -30785729 -931 -103 -862 -34 -28663841 -862 -103 -793 -34 -26541953 -793 -103 -724 -34 -24420065 -724 -103 -655 -34 -22298177 -655 -103 -586 -34 -20176289 -586 -103 -517 -34 -18054401 -517 -103 -448 -34 -15932513 -448 -103 -379 -34 -13810625 -379 -103 -310 -34 -11688737 -310 -103 -241 -34 -9566849 -241 -103 -172 -34 -7444961 -172 -103 -103 -34 -5323073 -103 -103 -34 -34 -3201185 -34 -103 35 -34 -1079297 35 -103 104 -34 1042591 104 -103 173 -34 3164479 173 -103 242 -34 5286367 242 -103 311 -34 7408255 311 -103 380 -34 9530143 380 -103 449 -34 11652031 449 -103 518 -34 13773919 518 -103 587 -34 15895807 587 -103 656 -34 18017695 656 -103 725 -34 20139583 725 -103 794 -34 22261471 794 -103 863 -34 24383359 863 -103 932 -34 26505247 932 -103 1000 -34 28626174 -1000 -34 -931 35 -30717281 -931 -34 -862 35 -28595393 -862 -34 -793 35 -26473505 -793 -34 -724 35 -24351617 -724 -34 -655 35 -22229729 -655 -34 -586 35 -20107841 -586 -34 -517 35 -17985953 -517 -34 -448 35 -15864065 -448 -34 -379 35 -13742177 -379 -34 -310 35 -11620289 -310 -34 -241 35 -9498401 -241 -34 -172 35 -7376513 -172 -34 -103 35 -5254625 -103 -34 -34 35 -3132737 -34 -34 35 35 -1010849 35 -34 104 35 1111039 104 -34 173 35 3232927 173 -34 242 35 5354815 242 -34 311 35 7476703 311 -34 380 35 9598591 380 -34 449 35 11720479 449 -34 518 35 13842367 518 -34 587 35 15964255 587 -34 656 35 18086143 656 -34 725 35 20208031 725 -34 794 35 22329919 794 -34 863 35 24451807 863 -34 932 35 26573695 932 -34 1000 35 28694622 -1000 35 -931 104 -30648833 -931 35 -862 104 -28526945 -862 35 -793 104 -26405057 -793 35 -724 104 -24283169 -724 35 -655 104 -22161281 -655 35 -586 104 -20039393 -586 35 -517 104 -17917505 -517 35 -448 104 -15795617 -448 35 -379 104 -13673729 -379 35 -310 104 -11551841 -310 35 -241 104 -9429953 -241 35 -172 104 -7308065 -172 35 -103 104 -5186177 -103 35 -34 104 -3064289 -34 35 35 104 -942401 35 35 104 104 1179487 104 35 173 104 3301375 173 35 242 104 5423263 242 35 311 104 7545151 311 35 380 104 9667039 380 35 449 104 11788927 449 35 518 104 13910815 518 35 587 104 16032703 587 35 656 104 18154591 656 35 725 104 20276479 725 35 794 104 22398367 794 35 863 104 24520255 863 35 932 104 26642143 932 35 1000 104 28763070 -1000 104 -931 173 -30580385 -931 104 -862 173 -28458497 -862 104 -793 173 -26336609 -793 104 -724 173 -24214721 -724 104 -655 173 -22092833 -655 104 -586 173 -19970945 -586 104 -517 173 -17849057 -517 104 -448 173 -15727169 -448 104 -379 173 -13605281 -379 104 -310 173 -11483393 -310 104 -241 173 -9361505 -241 104 -172 173 -7239617 -172 104 -103 173 -5117729 -103 104 -34 173 -2995841 -34 104 35 173 -873953 35 104 104 173 1247935 104 104 173 173 3369823 173 104 242 173 5491711 242 104 311 173 7613599 311 104 380 173 9735487 380 104 449 173 11857375 449 104 518 173 13979263 518 104 587 173 16101151 587 104 656 173 18223039 656 104 725 173 20344927 725 104 794 173 22466815 794 104 863 173 24588703 863 104 932 173 26710591 932 104 1000 173 28831518 -1000 173 -931 242 -30511937 -931 173 -862 242 -28390049 -862 173 -793 242 -26268161 -793 173 -724 242 -24146273 -724 173 -655 242 -22024385 -655 173 -586 242 -19902497 -586 173 -517 242 -17780609 -517 173 -448 242 -15658721 -448 173 -379 242 -13536833 -379 173 -310 242 -11414945 -310 173 -241 242 -9293057 -241 173 -172 242 -7171169 -172 173 -103 242 -5049281 -103 173 -34 242 -2927393 -34 173 35 242 -805505 35 173 104 242 1316383 104 173 173 242 3438271 173 173 242 242 5560159 242 173 311 242 7682047 311 173 380 242 9803935 380 173 449 242 11925823 449 173 518 242 14047711 518 173 587 242 16169599 587 173 656 242 18291487 656 173 725 242 20413375 725 173 794 242 22535263 794 173 863 242 24657151 863 173 932 242 26779039 932 173 1000 242 28899966 -1000 242 -931 311 -30443489 -931 242 -862 311 -28321601 -862 242 -793 311 -26199713 -793 242 -724 311 -24077825 -724 242 -655 311 -21955937 -655 242 -586 311 -19834049 -586 242 -517 311 -17712161 -517 242 -448 311 -15590273 -448 242 -379 311 -13468385 -379 242 -310 311 -11346497 -310 242 -241 311 -9224609 -241 242 -172 311 -7102721 -172 242 -103 311 -4980833 -103 242 -34 311 -2858945 -34 242 35 311 -737057 35 242 104 311 1384831 104 242 173 311 3506719 173 242 242 311 5628607 242 242 311 311 7750495 311 242 380 311 9872383 380 242 449 311 11994271 449 242 518 311 14116159 518 242 587 311 16238047 587 242 656 311 18359935 656 242 725 311 20481823 725 242 794 311 22603711 794 242 863 311 24725599 863 242 932 311 26847487 932 242 1000 311 28968414 -1000 311 -931 380 -30375041 -931 311 -862 380 -28253153 -862 311 -793 380 -26131265 -793 311 -724 380 -24009377 -724 311 -655 380 -21887489 -655 311 -586 380 -19765601 -586 311 -517 380 -17643713 -517 311 -448 380 -15521825 -448 311 -379 380 -13399937 -379 311 -310 380 -11278049 -310 311 -241 380 -9156161 -241 311 -172 380 -7034273 -172 311 -103 380 -4912385 -103 311 -34 380 -2790497 -34 311 35 380 -668609 35 311 104 380 1453279 104 311 173 380 3575167 173 311 242 380 5697055 242 311 311 380 7818943 311 311 380 380 9940831 380 311 449 380 12062719 449 311 518 380 14184607 518 311 587 380 16306495 587 311 656 380 18428383 656 311 725 380 20550271 725 311 794 380 22672159 794 311 863 380 24794047 863 311 932 380 26915935 932 311 1000 380 29036862 -1000 380 -931 449 -30306593 -931 380 -862 449 -28184705 -862 380 -793 449 -26062817 -793 380 -724 449 -23940929 -724 380 -655 449 -21819041 -655 380 -586 449 -19697153 -586 380 -517 449 -17575265 -517 380 -448 449 -15453377 -448 380 -379 449 -13331489 -379 380 -310 449 -11209601 -310 380 -241 449 -9087713 -241 380 -172 449 -6965825 -172 380 -103 449 -4843937 -103 380 -34 449 -2722049 -34 380 35 449 -600161 35 380 104 449 1521727 104 380 173 449 3643615 173 380 242 449 5765503 242 380 311 449 7887391 311 380 380 449 10009279 380 380 449 449 12131167 449 380 518 449 14253055 518 380 587 449 16374943 587 380 656 449 18496831 656 380 725 449 20618719 725 380 794 449 22740607 794 380 863 449 24862495 863 380 932 449 26984383 932 380 1000 449 29105310 -1000 449 -931 518 -30238145 -931 449 -862 518 -28116257 -862 449 -793 518 -25994369 -793 449 -724 518 -23872481 -724 449 -655 518 -21750593 -655 449 -586 518 -19628705 -586 449 -517 518 -17506817 -517 449 -448 518 -15384929 -448 449 -379 518 -13263041 -379 449 -310 518 -11141153 -310 449 -241 518 -9019265 -241 449 -172 518 -6897377 -172 449 -103 518 -4775489 -103 449 -34 518 -2653601 -34 449 35 518 -531713 35 449 104 518 1590175 104 449 173 518 3712063 173 449 242 518 5833951 242 449 311 518 7955839 311 449 380 518 10077727 380 449 449 518 12199615 449 449 518 518 14321503 518 449 587 518 16443391 587 449 656 518 18565279 656 449 725 518 20687167 725 449 794 518 22809055 794 449 863 518 24930943 863 449 932 518 27052831 932 449 1000 518 29173758 -1000 518 -931 587 -30169697 -931 518 -862 587 -28047809 -862 518 -793 587 -25925921 -793 518 -724 587 -23804033 -724 518 -655 587 -21682145 -655 518 -586 587 -19560257 -586 518 -517 587 -17438369 -517 518 -448 587 -15316481 -448 518 -379 587 -13194593 -379 518 -310 587 -11072705 -310 518 -241 587 -8950817 -241 518 -172 587 -6828929 -172 518 -103 587 -4707041 -103 518 -34 587 -2585153 -34 518 35 587 -463265 35 518 104 587 1658623 104 518 173 587 3780511 173 518 242 587 5902399 242 518 311 587 8024287 311 518 380 587 10146175 380 518 449 587 12268063 449 518 518 587 14389951 518 518 587 587 16511839 587 518 656 587 18633727 656 518 725 587 20755615 725 518 794 587 22877503 794 518 863 587 24999391 863 518 932 587 27121279 932 518 1000 587 29242206 -1000 587 -931 656 -30101249 -931 587 -862 656 -27979361 -862 587 -793 656 -25857473 -793 587 -724 656 -23735585 -724 587 -655 656 -21613697 -655 587 -586 656 -19491809 -586 587 -517 656 -17369921 -517 587 -448 656 -15248033 -448 587 -379 656 -13126145 -379 587 -310 656 -11004257 -310 587 -241 656 -8882369 -241 587 -172 656 -6760481 -172 587 -103 656 -4638593 -103 587 -34 656 -2516705 -34 587 35 656 -394817 35 587 104 656 1727071 104 587 173 656 3848959 173 587 242 656 5970847 242 587 311 656 8092735 311 587 380 656 10214623 380 587 449 656 12336511 449 587 518 656 14458399 518 587 587 656 16580287 587 587 656 656 18702175 656 587 725 656 20824063 725 587 794 656 22945951 794 587 863 656 25067839 863 587 932 656 27189727 932 587 1000 656 29310654 -1000 656 -931 725 -30032801 -931 656 -862 725 -27910913 -862 656 -793 725 -25789025 -793 656 -724 725 -23667137 -724 656 -655 725 -21545249 -655 656 -586 725 -19423361 -586 656 -517 725 -17301473 -517 656 -448 725 -15179585 -448 656 -379 725 -13057697 -379 656 -310 725 -10935809 -310 656 -241 725 -8813921 -241 656 -172 725 -6692033 -172 656 -103 725 -4570145 -103 656 -34 725 -2448257 -34 656 35 725 -326369 35 656 104 725 1795519 104 656 173 725 3917407 173 656 242 725 6039295 242 656 311 725 8161183 311 656 380 725 10283071 380 656 449 725 12404959 449 656 518 725 14526847 518 656 587 725 16648735 587 656 656 725 18770623 656 656 725 725 20892511 725 656 794 725 23014399 794 656 863 725 25136287 863 656 932 725 27258175 932 656 1000 725 29379102 -1000 725 -931 794 -29964353 -931 725 -862 794 -27842465 -862 725 -793 794 -25720577 -793 725 -724 794 -23598689 -724 725 -655 794 -21476801 -655 725 -586 794 -19354913 -586 725 -517 794 -17233025 -517 725 -448 794 -15111137 -448 725 -379 794 -12989249 -379 725 -310 794 -10867361 -310 725 -241 794 -8745473 -241 725 -172 794 -6623585 -172 725 -103 794 -4501697 -103 725 -34 794 -2379809 -34 725 35 794 -257921 35 725 104 794 1863967 104 725 173 794 3985855 173 725 242 794 6107743 242 725 311 794 8229631 311 725 380 794 10351519 380 725 449 794 12473407 449 725 518 794 14595295 518 725 587 794 16717183 587 725 656 794 18839071 656 725 725 794 20960959 725 725 794 794 23082847 794 725 863 794 25204735 863 725 932 794 27326623 932 725 1000 794 29447550 -1000 794 -931 863 -29895905 -931 794 -862 863 -27774017 -862 794 -793 863 -25652129 -793 794 -724 863 -23530241 -724 794 -655 863 -21408353 -655 794 -586 863 -19286465 -586 794 -517 863 -17164577 -517 794 -448 863 -15042689 -448 794 -379 863 -12920801 -379 794 -310 863 -10798913 -310 794 -241 863 -8677025 -241 794 -172 863 -6555137 -172 794 -103 863 -4433249 -103 794 -34 863 -2311361 -34 794 35 863 -189473 35 794 104 863 1932415 104 794 173 863 4054303 173 794 242 863 6176191 242 794 311 863 8298079 311 794 380 863 10419967 380 794 449 863 12541855 449 794 518 863 14663743 518 794 587 863 16785631 587 794 656 863 18907519 656 794 725 863 21029407 725 794 794 863 23151295 794 794 863 863 25273183 863 794 932 863 27395071 932 794 1000 863 29515998 -1000 863 -931 932 -29827457 -931 863 -862 932 -27705569 -862 863 -793 932 -25583681 -793 863 -724 932 -23461793 -724 863 -655 932 -21339905 -655 863 -586 932 -19218017 -586 863 -517 932 -17096129 -517 863 -448 932 -14974241 -448 863 -379 932 -12852353 -379 863 -310 932 -10730465 -310 863 -241 932 -8608577 -241 863 -172 932 -6486689 -172 863 -103 932 -4364801 -103 863 -34 932 -2242913 -34 863 35 932 -121025 35 863 104 932 2000863 104 863 173 932 4122751 173 863 242 932 6244639 242 863 311 932 8366527 311 863 380 932 10488415 380 863 449 932 12610303 449 863 518 932 14732191 518 863 587 932 16854079 587 863 656 932 18975967 656 863 725 932 21097855 725 863 794 932 23219743 794 863 863 932 25341631 863 863 932 932 27463519 932 863 1000 932 29584446 -1000 932 -931 1000 -29759040 -931 932 -862 1000 -27637152 -862 932 -793 1000 -25515264 -793 932 -724 1000 -23393376 -724 932 -655 1000 -21271488 -655 932 -586 1000 -19149600 -586 932 -517 1000 -17027712 -517 932 -448 1000 -14905824 -448 932 -379 1000 -12783936 -379 932 -310 1000 -10662048 -310 932 -241 1000 -8540160 -241 932 -172 1000 -6418272 -172 932 -103 1000 -4296384 -103 932 -34 1000 -2174496 -34 932 35 1000 -52608 35 932 104 1000 2069280 104 932 173 1000 4191168 173 932 242 1000 6313056 242 932 311 1000 8434944 311 932 380 1000 10556832 380 932 449 1000 12678720 449 932 518 1000 14800608 518 932 587 1000 16922496 587 932 656 1000 19044384 656 932 725 1000 21166272 725 932 794 1000 23288160 794 932 863 1000 25410048 863 932 932 1000 27531936 932 932 1000 1000 29652863 11 656 -448 725 -379 656 -379 725 -310 656 -310 725 -241 656 -241 725 -172 656 -172 725 -103 656 -103 725 -34 656 -34 725 35 656 35 725 104 656 104 725 173 656 173 725 242 656 242 725 311
PAGES -1000 -1000 1000 1000 112 -330 697 -301 1282 324 -1000 -1000 -888 -888 -31632897 -888 -1000 -776 -888 -28188673 -776 -1000 -664 -888 -24744449 -664 -1000 -552 -888 -21300225 -552 -1000 -440 -888 -17856001 -440 -1000 -328 -888 -14411777 -328 -1000 -216 -888 -10967553 -216 -1000 -104 -888 -7523329 -104 -1000 8 -888 -4079105 8 -1000 120 -888 -634881 120 -1000 232 -888 2809343 232 -1000 344 -888 6253567 344 -1000 456 -888 9697791 456 -1000 568 -888 13142015 568 -1000 680 -888 16586239 680 -1000 792 -888 20030463 792 -1000 904 -888 23474687 904 -1000 1000 -888 26903535 -1000 -888 -888 -776 -31521793 -888 -888 -776 -776 -28077569 -776 -888 -664 -776 -24633345 -664 -888 -552 -776 -21189121 -552 -888 -440 -776 -17744897 -440 -888 -328 -776 -14300673 -328 -888 -216 -776 -10856449 -216 -888 -104 -776 -7412225 -104 -888 8 -776 -3968001 8 -888 120 -776 -523777 120 -888 232 -776 2920447 232 -888 344 -776 6364671 344 -888 456 -776 9808895 456 -888 568 -776 13253119 568 -888 680 -776 16697343 680 -888 792 -776 20141567 792 -888 904 -776 23585791 904 -888 1000 -776 27014639 -1000 -776 -888 -664 -31410689 -888 -776 -776 -664 -27966465 -776 -776 -664 -664 -24522241 -664 -776 -552 -664 -21078017 -552 -776 -440 -664 -17633793 -440 -776 -328 -664 -14189569 -328 -776 -216 -664 -10745345 -216 -776 -104 -664 -7301121 -104 -776 8 -664 -3856897 8 -776 120 -664 -412673 120 -776 232 -664 3031551 232 -776 344 -664 6475775 344 -776 456 -664 9919999 456 -776 568 -664 13364223 568 -776 680 -664 16808447 680 -776 792 -664 20252671 792 -776 904 -664 23696895 904 -776 1000 -664 27125743 -1000 -664 -888 -552 -31299585 -888 -664 -776 -552 -27855361 -776 -664 -664 -552 -24411137 -664 -664 -552 -552 -20966913 -552 -664 -440 -552 -17522689 -440 -664 -328 -552 -14078465 -328 -664 -216 -552 -10634241 -216 -664 -104 -552 -7190017 -104 -664 8 -552 -3745793 8 -664 120 -552 -301569 120 -664 232 -552 3142655 232 -664 344 -552 6586879 344 -664 456 -552 10031103 456 -664 568 -552 13475327 568 -664 680 -552 16919551 680 -664 792 -552 20363775 792 -664 904 -552 23807999 904 -664 1000 -552 27236847 -1000 -552 -888 -440 -31188481 -888 -552 -776 -440 -27744257 -776 -552 -664 -440 -24300033 -664 -552 -552 -440 -20855809 -552 -552 -440 -440 -17411585 -440 -552 -328 -440 -13967361 -328 -552 -216 -440 -10523137 -216 -552 -104 -440 -7078913 -104 -552 8 -440 -3634689 8 -552 120 -440 -190465 120 -552 232 -440 3253759 232 -552 344 -440 6697983 344 -552 456 -440 10142207 456 -552 568 -440 13586431 568 -552 680 -440 17030655 680 -552 792 -440 20474879 792 -552 904 -440 23919103 904 -552 1000 -440 27347951 -1000 -440 -888 -328 -31077377 -888 -440 -776 -328 -27633153 -776 -440 -664 -328 -24188929 -664 -440 -552 -328 -20744705 -552 -440 -440 -328 -17300481 -440 -440 -328 -328 -13856257 -328 -440 -216 -328 -10412033 -216 -440 -104 -328 -6967809 -104 -440 8 -328 -3523585 8 -440 120 -328 -79361 120 -440 232 -328 3364863 232 -440 344 -328 6809087 344 -440 456 -328 10253311 456 -440 568 -328 13697535 568 -440 680 -328 17141759 680 -440 792 -328 20585983 792 -440 904 -328 24030207 904 -440 1000 -328 27459055 -1000 -328 -888 -216 -30966273 -888 -328 -776 -216 -27522049 -776 -328 -664 -216 -24077825 -664 -328 -552 -216 -20633601 -552 -328 -440 -216 -17189377 -440 -328 -328 -216 -13745153 -328 -328 -216 -216 -10300929 -216 -328 -104 -216 -6856705 -104 -328 8 -216 -3412481 8 -328 120 -216 31743 120 -328 232 -216 3475967 232 -328 344 -216 6920191 344 -328 456 -216 10364415 456 -328 568 -216 13808639 568 -328 680 -216 17252863 680 -328 792 -216 20697087 792 -328 904 -216 24141311 904 -328 1000 -216 27570159 -1000 -216 -888 -104 -30855169 -888 -216 -776 -104 -27410945 -776 -216 -664 -104 -23966721 -664 -216 -552 -104 -20522497 -552 -216 -440 -104 -17078273 -440 -216 -328 -104 -13634049 -328 -216 -216 -104 -10189825 -216 -216 -104 -104 -6745601 -104 -216 8 -104 -3301377 8 -216 120 -104 142847 120 -216 232 -104 3587071 232 -216 344 -104 7031295 344 -216 456 -104 10475519 456 -216 568 -104 13919743 568 -216 680 -104 17363967 680 -216 792 -104 20808191 792 -216 904 -104 24252415 904 -216 1000 -104 27681263 -1000 -104 -888 8 -30744065 -888 -104 -776 8 -27299841 -776 -104 -664 8 -23855617 -664 -104 -552 8 -20411393 -552 -104 -440 8 -16967169 -440 -104 -328 8 -13522945 -328 -104 -216 8 -10078721 -216 -104 -104 8 -6634497 -104 -104 8 8 -3190273 8 -104 120 8 253951 120 -104 232 8 3698175 232 -104 344 8 7142399 344 -104 456 8 10586623 456 -104 568 8 14030847 568 -104 680 8 17475071 680 -104 792 8 20919295 792 -104 904 8 24363519 904 -104 1000 8 27792367 -1000 8 -888 120 -30632961 -888 8 -776 120 -27188737 -776 8 -664 120 -23744513 -664 8 -552 120 -20300289 -552 8 -440 120 -16856065 -440 8 -328 120 -13411841 -328 8 -216 120 -9967617 -216 8 -104 120 -6523393 -104 8 8 120 -3079169 8 8 120 120 365055 120 8 232 120 3809279 232 8 344 120 7253503 344 8 456 120 10697727 456 8 568 120 14141951 568 8 680 120 17586175 680 8 792 120 21030399 792 8 904 120 24474623 904 8 1000 120 27903471 -1000 120 -888 232 -30521857 -888 120 -776 232 -27077633 -776 120 -664 232 -23633409 -664 120 -552 232 -20189185 -552 120 -440 232 -16744961 -440 120 -328 232 -13300737 -328 120 -216 232 -9856513 -216 120 -104 232 -6412289 -104 120 8 232 -2968065 8 120 120 232 476159 120 120 232 232 3920383 232 120 344 232 7364607 344 120 456 232 10808831 456 120 568 232 14253055 568 120 680 232 17697279 680 120 792 232 21141503 792 120 904 232 24585727 904 120 1000 232 28014575 -1000 232 -888 344 -30410753 -888 232 -776 344 -26966529 -776 232 -664 344 -23522305 -664 232 -552 344 -20078081 -552 232 -440 344 -16633857 -440 232 -328 344 -13189633 -328 232 -216 344 -9745409 -216 232 -104 344 -6301185 -104 232 8 344 -2856961 8 232 120 344 587263 120 232 232 344 4031487 232 232 344 344 7475711 344 232 456 344 10919935 456 232 568 344 14364159 568 232 680 344 17808383 680 232 792 344 21252607 792 232 904 344 24696831 904 232 1000 344 28125679 -1000 344 -888 456 -30299649 -888 344 -776 456 -26855425 -776 344 -664 456 -23411201 -664 344 -552 456 -19966977 -552 344 -440 456 -16522753 -440 344 -328 456 -13078529 -328 344 -216 456 -9634305 -216 344 -104 456 -6190081 -104 344 8 456 -2745857 8 344 120 456 698367 120 344 232 456 4142591 232 344 344 456 7586815 344 344 456 456 11031039 456 344 568 456 14475263 568 344 680 456 17919487 680 344 792 456 21363711 792 344 904 456 24807935 904 344 1000 456 28236783 -1000 456 -888 568 -30188545 -888 456 -776 568 -26744321 -776 456 -664 568 -23300097 -664 456 -552 568 -19855873 -552 456 -440 568 -16411649 -440 456 -328 568 -12967425 -328 456 -216 568 -9523201 -216 456 -104 568 -6078977 -104 456 8 568 -2634753 8 456 120 568 809471 120 456 232 568 4253695 232 456 344 568 7697919 344 456 456 568 11142143 456 456 568 568 14586367 568 456 680 568 18030591 680 456 792 568 21474815 792 456 904 568 24919039 904 456 1000 568 28347887 -1000 568 -888 680 -30077441 -888 568 -776 680 -26633217 -776 568 -664 680 -23188993 -664 568 -552 680 -19744769 -552 568 -440 680 -16300545 -440 568 -328 680 -12856321 -328 568 -216 680 -9412097 -216 568 -104 680 -5967873 -104 568 8 680 -2523649 8 568 120 680 920575 120 568 232 680 4364799 232 568 344 680 7809023 344 568 456 680 11253247 456 568 568 680 14697471 568 568 680 680 18141695 680 568 792 680 21585919 792 568 904 680 25030143 904 568 1000 680 28458991 -1000 680 -888 792 -29966337 -888 680 -776 792 -26522113 -776 680 -664 792 -23077889 -664 680 -552 792 -19633665 -552 680 -440 792 -16189441 -440 680 -328 792 -12745217 -328 680 -216 792 -9300993 -216 680 -104 792 -5856769 -104 680 8 792 -2412545 8 680 120 792 1031679 120 680 232 792 4475903 232 680 344 792 7920127 344 680 456 792 11364351 456 680 568 792 14808575 568 680 680 792 18252799 680 680 792 792 21697023 792 680 904 792 25141247 904 680 1000 792 28570095 -1000 792 -888 904 -29855233 -888 792 -776 904 -26411009 -776 792 -664 904 -22966785 -664 792 -552 904 -19522561 -552 792 -440 904 -16078337 -440 792 -328 904 -12634113 -328 792 -216 904 -9189889 -216 792 -104 904 -5745665 -104 792 8 904 -2301441 8 792 120 904 1142783 120 792 232 904 4587007 232 792 344 904 8031231 344 792 456 904 11475455 456 792 568 904 14919679 568 792 680 904 18363903 680 792 792 904 21808127 792 792 904 904 25252351 904 792 1000 904 28681199 -1000 904 -888 1000 -29744625 -888 904 -776 1000 -26300401 -776 904 -664 1000 -22856177 -664 904 -552 1000 -19411953 -552 904 -440 1000 -15967729 -440 904 -328 1000 -12523505 -328 904 -216 1000 -9079281 -216 904 -104 1000 -5635057 -104 904 8 1000 -2190833 8 904 120 1000 1253391 120 904 232 1000 4697615 232 904 344 1000 8141839 344 904 456 1000 11586063 456 904 568 1000 15030287 568 904 680 1000 18474511 680 904 792 1000 21918735 792 904 904 1000 25362959 904 904 1000 1000 28791807 6 -440 680 -328 792 -328 680 -216 792 -440 792 -328 904 -328 792 -216 904 -440 904 -328 1000 -328 904 -216 1000
PAGES -1000 -1000 1000 1000 386 -1000 -1000 -1000 1000 36 -1000 -1000 -666 -666 -31412673 -666 -1000 -332 -666 -21141505 -332 -1000 2 -666 -10870337 2 -1000 336 -666 -599169 336 -1000 670 -666 9671999 670 -1000 1000 -666 19939323 -1000 -666 -666 -332 -31081345 -666 -666 -332 -332 -20810177 -332 -666 2 -332 -10539009 2 -666 336 -332 -267841 336 -666 670 -332 10003327 670 -666 1000 -332 20270651 -1000 -332 -666 2 -30750017 -666 -332 -332 2 -20478849 -332 -332 2 2 -10207681 2 -332 336 2 63487 336 -332 670 2 10334655 670 -332 1000 2 20601979 -1000 2 -666 336 -30418689 -666 2 -332 336 -20147521 -332 2 2 336 -9876353 2 2 336 336 394815 336 2 670 336 10665983 670 2 1000 336 20933307 -1000 336 -666 670 -30087361 -666 336 -332 670 -19816193 -332 336 2 670 -9545025 2 336 336 670 726143 336 336 670 670 10997311 670 336 1000 670 21264635 -1000 670 -666 1000 -29756157 -666 670 -332 1000 -19484989 -332 670 2 1000 -9213821 2 670 336 1000 1057347 336 670 670 1000 11328515 670 670 1000 1000 21595839 0
PAGES -1000 -1000 1000 1000 82 1100 1100 1200 1200 625 -1000 -1000 -920 -920 -31664641 -920 -1000 -840 -920 -29204481 -840 -1000 -760 -920 -26744321 -760 -1000 -680 -920 -24284161 -680 -1000 -600 -920 -21824001 -600 -1000 -520 -920 -19363841 -520 -1000 -440 -920 -16903681 -440 -1000 -360 -920 -14443521 -360 -1000 -280 -920 -11983361 -280 -1000 -200 -920 -9523201 -200 -1000 -120 -920 -7063041 -120 -1000 -40 -920 -4602881 -40 -1000 40 -920 -2142721 40 -1000 120 -920 317439 120 -1000 200 -920 2777599 200 -1000 280 -920 5237759 280 -1000 360 -920 7697919 360 -1000 440 -920 10158079 440 -1000 520 -920 12618239 520 -1000 600 -920 15078399 600 -1000 680 -920 17538559 680 -1000 760 -920 19998719 760 -1000 840 -920 22458879 840 -1000 920 -920 24919039 920 -1000 1000 -920 27379199 -1000 -920 -920 -840 -31585281 -920 -920 -840 -840 -29125121 -840 -920 -760 -840 -26664961 -760 -920 -680 -840 -24204801 -680 -920 -600 -840 -21744641 -600 -920 -520 -840 -19284481 -520 -920 -440 -840 -16824321 -440 -920 -360 -840 -14364161 -360 -920 -280 -840 -11904001 -280 -920 -200 -840 -9443841 -200 -920 -120 -840 -6983681 -120 -920 -40 -840 -4523521 -40 -920 40 -840 -2063361 40 -920 120 -840 396799 120 -920 200 -840 2856959 200 -920 280 -840 5317119 280 -920 360 -840 7777279 360 -920 440 -840 10237439 440 -920 520 -840 12697599 520 -920 600 -840 15157759 600 -920 680 -840 17617919 680 -920 760 -840 20078079 760 -920 840 -840 22538239 840 -920 920 -840 24998399 920 -920 1000 -840 27458559 -1000 -840 -920 -760 -31505921 -920 -840 -840 -760 -29045761 -840 -840 -760 -760 -26585601 -760 -840 -680 -760 -24125441 -680 -840 -600 -760 -21665281 -600 -840 -520 -760 -19205121 -520 -840 -440 -760 -16744961 -440 -840 -360 -760 -14284801 -360 -840 -280 -760 -11824641 -280 -840 -200 -760 -9364481 -200 -840 -120 -760 -6904321 -120 -840 -40 -760 -4444161 -40 -840 40 -760 -1984001 40 -840 120 -760 476159 120 -840 200 -760 2936319 200 -840 280 -760 5396479 280 -840 360 -760 7856639 360 -840 440 -760 10316799 440 -840 520 -760 12776959 520 -840 600 -760 15237119 600 -840 680 -760 17697279 680 -840 760 -760 20157439 760 -840 840 -760 22617599 840 -840 920 -760 25077759 920 -840 1000 -760 27537919 -1000 -760 -920 -680 -31426561 -920 -760 -840 -680 -28966401 -840 -760 -760 -680 -26506241 -760 -760 -680 -680 -24046081 -680 -760 -600 -680 -21585921 -600 -760 -520 -680 -19125761 -520 -760 -440 -680 -16665601 -440 -760 -360 -680 -14205441 -360 -760 -280 -680 -11745281 -280 -760 -200 -680 -9285121 -200 -760 -120 -680 -6824961 -120 -760 -40 -680 -4364801 -40 -760 40 -680 -1904641 40 -760 120 -680 555519 120 -760 200 -680 3015679 200 -760 280 -680 5475839 280 -760 360 -680 7935999 360 -760 440 -680 10396159 440 -760 520 -680 12856319 520 -760 600 -680 15316479 600 -760 680 -680 17776639 680 -760 760 -680 20236799 760 -760 840 -680 22696959 840 -760 920 -680 25157119 920 -760 1000 -680 27617279 -1000 -680 -920 -600 -31347201 -920 -680 -840 -600 -28887041 -840 -680 -760 -600 -26426881 -760 -680 -680 -600 -23966721 -680 -680 -600 -600 -21506561 -600 -680 -520 -600 -19046401 -520 -680 -440 -600 -16586241 -440 -680 -360 -600 -14126081 -360 -680 -280 -600 -11665921 -280 -680 -200 -600 -9205761 -200 -680 -120 -600 -6745601 -120 -680 -40 -600 -4285441 -40 -680 40 -600 -1825281 40 -680 120 -600 634879 120 -680 200 -600 3095039 200 -680 280 -600 5555199 280 -680 360 -600 8015359 360 -680 440 -600 10475519 440 -680 520 -600 12935679 520 -680 600 -600 15395839 600 -680 680 -600 17855999 680 -680 760 -600 20316159 760 -680 840 -600 22776319 840 -680 920 -600 25236479 920 -680 1000 -600 27696639 -1000 -600 -920 -520 -31267841 -920 -600 -840 -520 -28807681 -840 -600 -760 -520 -26347521 -760 -600 -680 -520 -23887361 -680 -600 -600 -520 -21427201 -600 -600 -520 -520 -18967041 -520 -600 -440 -520 -16506881 -440 -600 -360 -520 -14046721 -360 -600 -280 -520 -11586561 -280 -600 -200 -520 -9126401 -200 -600 -120 -520 -6666241 -120 -600 -40 -520 -4206081 -40 -600 40 -520 -1745921 40 -600 120 -520 714239 120 -600 200 -520 3174399 200 -600 280 -520 5634559 280 -600 360 -520 8094719 360 -600 440 -520 10554879 440 -600 520 -520 13015039 520 -600 600 -520 15475199 600 -600 680 -520 17935359 680 -600 760 -520 20395519 760 -600 840 -520 22855679 840 -600 920 -520 25315839 920 -600 1000 -520 27775999 -1000 -520 -920 -440 -31188481 -920 -520 -840 -440 -28728321 -840 -520 -760 -440 -26268161 -760 -520 -680 -440 -23808001 -680 -520 -600 -440 -21347841 -600 -520 -520 -440 -18887681 -520 -520 -440 -440 -16427521 -440 -520 -360 -440 -13967361 -360 -520 -280 -440 -11507201 -280 -520 -200 -440 -9047041 -200 -520 -120 -440 -6586881 -120 -520 -40 -440 -4126721 -40 -520 40 -440 -1666561 40 -520 120 -440 793599 120 -520 200 -440 3253759 200 -520 280 -440 5713919 280 -520 360 -440 8174079 360 -520 440 -440 10634239 440 -520 520 -440 13094399 520 -520 600 -440 15554559 600 -520 680 -440 18014719 680 -520 760 -440 20474879 760 -520 840 -440 22935039 840 -520 920 -440 25395199 920 -520 1000 -440 27855359 -1000 -440 -920 -360 -31109121 -920 -440 -840 -360 -28648961 -840 -440 -760 -360 -26188801 -760 -440 -680 -360 -23728641 -680 -440 -600 -360 -21268481 -600 -440 -520 -360 -18808321 -520 -440 -440 -360 -16348161 -440 -440 -360 -360 -13888001 -360 -440 -280 -360 -11427841 -280 -440 -200 -360 -8967681 -200 -440 -120 -360 -6507521 -120 -440 -40 -360 -4047361 -40 -440 40 -360 -1587201 40 -440 120 -360 872959 120 -440 200 -360 3333119 200 -440 280 -360 5793279 280 -440 360 -360 8253439 360 -440 440 -360 10713599 440 -440 520 -360 13173759 520 -440 600 -360 15633919 600 -440 680 -360 18094079 680 -440 760 -360 20554239 760 -440 840 -360 23014399 840 -440 920 -360 25474559 920 -440 1000 -360 27934719 -1000 -360 -920 -280 -31029761 -920 -360 -840 -280 -28569601 -840 -360 -760 -280 -26109441 -760 -360 -680 -280 -23649281 -680 -360 -600 -280 -21189121 -600 -360 -520 -280 -18728961 -520 -360 -440 -280 -16268801 -440 -360 -360 -280 -13808641 -360 -360 -280 -280 -11348481 -280 -360 -200 -280 -8888321 -200 -360 -120 -280 -6428161 -120 -360 -40 -280 -3968001 -40 -360 40 -280 -1507841 40 -360 120 -280 952319 120 -360 200 -280 3412479 200 -360 280 -280 5872639 280 -360 360 -280 8332799 360 -360 440 -280 10792959 440 -360 520 -280 13253119 520 -360 600 -280 15713279 600 -360 680 -280 18173439 680 -360 760 -280 20633599 760 -360 840 -280 23093759 840 -360 920 -280 25553919 920 -360 1000 -280 28014079 -1000 -280 -920 -200 -30950401 -920 -280 -840 -200 -28490241 -840 -280 -760 -200 -26030081 -760 -280 -680 -200 -23569921 -680 -280 -600 -200 -21109761 -600 -280 -520 -200 -18649601 -520 -280 -440 -200 -16189441 -440 -280 -360 -200 -13729281 -360 -280 -280 -200 -11269121 -280 -280 -200 -200 -8808961 -200 -280 -120 -200 -6348801 -120 -280 -40 -200 -3888641 -40 -280 40 -200 -1428481 40 -280 120 -200 1031679 120 -280 200 -200 3491839 200 -280 280 -200 5951999 280 -280 360 -200 8412159 360 -280 440 -200 10872319 440 -280 520 -200 13332479 520 -280 600 -200 15792639 600 -280 680 -200 18252799 680 -280 760 -200 20712959 760 -280 840 -200 23173119 840 -280 920 -200 25633279 920 -280 1000 -200 28093439 -1000 -200 -920 -120 -30871041 -920 -200 -840 -120 -28410881 -840 -200 -760 -120 -25950721 -760 -200 -680 -120 -23490561 -680 -200 -600 -120 -21030401 -600 -200 -520 -120 -18570241 -520 -200 -440 -120 -16110081 -440 -200 -360 -120 -13649921 -360 -200 -280 -120 -11189761 -280 -200 -200 -120 -8729601 -200 -200 -120 -120 -6269441 -120 -200 -40 -120 -3809281 -40 -200 40 -120 -1349121 40 -200 120 -120 1111039 120 -200 200 -120 3571199 200 -200 280 -120 6031359 280 -200 360 -120 8491519 360 -200 440 -120 10951679 440 -200 520 -120 13411839 520 -200 600 -120 15871999 600 -200 680 -120 18332159 680 -200 760 -120 20792319 760 -200 840 -120 23252479 840 -200 920 -120 25712639 920 -200 1000 -120 28172799 -1000 -120 -920 -40 -30791681 -920 -120 -840 -40 -28331521 -840 -120 -760 -40 -25871361 -760 -120 -680 -40 -23411201 -680 -120 -600 -40 -20951041 -600 -120 -520 -40 -18490881 -520 -120 -440 -40 -16030721 -440 -120 -360 -40 -13570561 -360 -120 -280 -40 -11110401 -280 -120 -200 -40 -8650241 -200 -120 -120 -40 -6190081 -120 -120 -40 -40 -3729921 -40 -120 40 -40 -1269761 40 -120 120 -40 1190399 120 -120 200 -40 3650559 200 -120 280 -40 6110719 280 -120 360 -40 8570879 360 -120 440 -40 11031039 440 -120 520 -40 13491199 520 -120 600 -40 15951359 600 -120 680 -40 18411519 680 -120 760 -40 20871679 760 -120 840 -40 23331839 840 -120 920 -40 25791999 920 -120 1000 -40 28252159 -1000 -40 -920 40 -30712321 -920 -40 -840 40 -28252161 -840 -40 -760 40 -25792001 -760 -40 -680 40 -23331841 -680 -40 -600 40 -20871681 -600 -40 -520 40 -18411521 -520 -40 -440 40 -15951361 -440 -40 -360 40 -13491201 -360 -40 -280 40 -11031041 -280 -40 -200 40 -8570881 -200 -40 -120 40 -6110721 -120 -40 -40 40 -3650561 -40 -40 40 40 -1190401 40 -40 120 40 1269759 120 -40 200 40 3729919 200 -40 280 40 6190079 280 -40 360 40 8650239 360 -40 440 40 11110399 440 -40 520 40 13570559 520 -40 600 40 16030719 600 -40 680 40 18490879 680 -40 760 40 20951039 760 -40 840 40 23411199 840 -40 920 40 25871359 920 -40 1000 40 28331519 -1000 40 -920 120 -30632961 -920 40 -840 120 -28172801 -840 40 -760 120 -25712641 -760 40 -680 120 -23252481 -680 40 -600 120 -20792321 -600 40 -520 120 -18332161 -520 40 -440 120 -15872001 -440 40 -360 120 -13411841 -360 40 -280 120 -10951681 -280 40 -200 120 -8491521 -200 40 -120 120 -6031361 -120 40 -40 120 -3571201 -40 40 40 120 -1111041 40 40 120 120 1349119 120 40 200 120 3809279 200 40 280 120 6269439 280 40 360 120 8729599 360 40 440 120 11189759 440 40 520 120 13649919 520 40 600 120 16110079 600 40 680 120 18570239 680 40 760 120 21030399 760 40 840 120 23490559 840 40 920 120 25950719 920 40 1000 120 28410879 -1000 120 -920 200 -30553601 -920 120 -840 200 -28093441 -840 120 -760 200 -25633281 -760 120 -680 200 -23173121 -680 120 -600 200 -20712961 -600 120 -520 200 -18252801 -520 120 -440 200 -15792641 -440 120 -360 200 -13332481 -360 120 -280 200 -10872321 -280 120 -200 200 -8412161 -200 120 -120 200 -5952001 -120 120 -40 200 -3491841 -40 120 40 200 -1031681 40 120 120 200 1428479 120 120 200 200 3888639 200 120 280 200 6348799 280 120 360 200 8808959 360 120 440 200 11269119 440 120 520 200 13729279 520 120 600 200 16189439 600 120 680 200 18649599 680 120 760 200 21109759 760 120 840 200 23569919 840 120 920 200 26030079 920 120 1000 200 28490239 -1000 200 -920 280 -30474241 -920 200 -840 280 -28014081 -840 200 -760 280 -25553921 -760 200 -680 280 -23093761 -680 200 -600 280 -20633601 -600 200 -520 280 -18173441 -520 200 -440 280 -15713281 -440 200 -360 280 -13253121 -360 200 -280 280 -10792961 -280 200 -200 280 -8332801 -200 200 -120 280 -5872641 -120 200 -40 280 -3412481 -40 200 40 280 -952321 40 200 120 280 1507839 120 200 200 280 3967999 200 200 280 280 6428159 280 200 360 280 8888319 360 200 440 280 11348479 440 200 520 280 13808639 520 200 600 280 16268799 600 200 680 280 18728959 680 200 760 280 21189119 760 200 840 280 23649279 840 200 920 280 26109439 920 200 1000 280 28569599 -1000 280 -920 360 -30394881 -920 280 -840 360 -27934721 -840 280 -760 360 -25474561 -760 280 -680 360 -23014401 -680 280 -600 360 -20554241 -600 280 -520 360 -18094081 -520 280 -440 360 -15633921 -440 280 -360 360 -13173761 -360 280 -280 360 -10713601 -280 280 -200 360 -8253441 -200 280 -120 360 -5793281 -120 280 -40 360 -3333121 -40 280 40 360 -872961 40 280 120 360 1587199 120 280 200 360 4047359 200 280 280 360 6507519 280 280 360 360 8967679 360 280 440 360 11427839 440 280 520 360 13887999 520 280 600 360 16348159 600 280 680 360 18808319 680 280 760 360 21268479 760 280 840 360 23728639 840 280 920 360 26188799 920 280 1000 360 28648959 -1000 360 -920 440 -30315521 -920 360 -840 440 -27855361 -840 360 -760 440 -25395201 -760 360 -680 440 -22935041 -680 360 -600 440 -20474881 -600 360 -520 440 -18014721 -520 360 -440 440 -15554561 -440 360 -360 440 -13094401 -360 360 -280 440 -10634241 -280 360 -200 440 -8174081 -200 360 -120 440 -5713921 -120 360 -40 440 -3253761 -40 360 40 440 -793601 40 360 120 440 1666559 120 360 200 440 4126719 200 360 280 440 6586879 280 360 360 440 9047039 360 360 440 440 11507199 440 360 520 440 13967359 520 360 600 440 16427519 600 360 680 440 18887679 680 360 760 440 21347839 760 360 840 440 23807999 840 360 920 440 26268159 920 360 1000 440 28728319 -1000 440 -920 520 -30236161 -920 440 -840 520 -27776001 -840 440 -760 520 -25315841 -760 440 -680 520 -22855681 -680 440 -600 520 -20395521 -600 440 -520 520 -17935361 -520 440 -440 520 -15475201 -440 440 -360 520 -13015041 -360 440 -280 520 -10554881 -280 440 -200 520 -8094721 -200 440 -120 520 -5634561 -120 440 -40 520 -3174401 -40 440 40 520 -714241 40 440 120 520 1745919 120 440 200 520 4206079 200 440 280 520 6666239 280 440 360 520 9126399 360 440 440 520 11586559 440 440 520 520 14046719 520 440 600 520 16506879 600 440 680 520 18967039 680 440 760 520 21427199 760 440 840 520 23887359 840 440 920 520 26347519 920 440 1000 520 28807679 -1000 520 -920 600 -30156801 -920 520 -840 600 -27696641 -840 520 -760 600 -25236481 -760 520 -680 600 -22776321 -680 520 -600 600 -20316161 -600 520 -520 600 -17856001 -520 520 -440 600 -15395841 -440 520 -360 600 -12935681 -360 520 -280 600 -10475521 -280 520 -200 600 -8015361 -200 520 -120 600 -5555201 -120 520 -40 600 -3095041 -40 520 40 600 -634881 40 520 120 600 1825279 120 520 200 600 4285439 200 520 280 600 6745599 280 520 360 600 9205759 360 520 440 600 11665919 440 520 520 600 14126079 520 520 600 600 16586239 600 520 680 600 19046399 680 520 760 600 21506559 760 520 840 600 23966719 840 520 920 600 26426879 920 520 1000 600 28887039 -1000 600 -920 680 -30077441 -920 600 -840 680 -27617281 -840 600 -760 680 -25157121 -760 600 -680 680 -22696961 -680 600 -600 680 -20236801 -600 600 -520 680 -17776641 -520 600 -440 680 -15316481 -440 600 -360 680 -12856321 -360 600 -280 680 -10396161 -280 600 -200 680 -7936001 -200 600 -120 680 -5475841 -120 600 -40 680 -3015681 -40 600 40 680 -555521 40 600 120 680 1904639 120 600 200 680 4364799 200 600 280 680 6824959 280 600 360 680 9285119 360 600 440 680 11745279 440 600 520 680 14205439 520 600 600 680 16665599 600 600 680 680 19125759 680 600 760 680 21585919 760 600 840 680 24046079 840 600 920 680 26506239 920 600 1000 680 28966399 -1000 680 -920 760 -29998081 -920 680 -840 760 -27537921 -840 680 -760 760 -25077761 -760 680 -680 760 -22617601 -680 680 -600 760 -20157441 -600 680 -520 760 -17697281 -520 680 -440 760 -15237121 -440 680 -360 760 -12776961 -360 680 -280 760 -10316801 -280 680 -200 760 -7856641 -200 680 -120 760 -5396481 -120 680 -40 760 -2936321 -40 680 40 760 -476161 40 680 120 760 1983999 120 680 200 760 4444159 200 680 280 760 6904319 280 680 360 760 9364479 360 680 440 760 11824639 440 680 520 760 14284799 520 680 600 760 16744959 600 680 680 760 19205119 680 680 760 760 21665279 760 680 840 760 24125439 840 680 920 760 26585599 920 680 1000 760 29045759 -1000 760 -920 840 -29918721 -920 760 -840 840 -27458561 -840 760 -760 840 -24998401 -760 760 -680 840 -22538241 -680 760 -600 840 -20078081 -600 760 -520 840 -17617921 -520 760 -440 840 -15157761 -440 760 -360 840 -12697601 -360 760 -280 840 -10237441 -280 760 -200 840 -7777281 -200 760 -120 840 -5317121 -120 760 -40 840 -2856961 -40 760 40 840 -396801 40 760 120 840 2063359 120 760 200 840 4523519 200 760 280 840 6983679 280 760 360 840 9443839 360 760 440 840 11903999 440 760 520 840 14364159 520 760 600 840 16824319 600 760 680 840 19284479 680 760 760 840 21744639 760 760 840 840 24204799 840 760 920 840 26664959 920 760 1000 840 29125119 -1000 840 -920 920 -29839361 -920 840 -840 920 -27379201 -840 840 -760 920 -24919041 -760 840 -680 920 -22458881 -680 840 -600 920 -19998721 -600 840 -520 920 -17538561 -520 840 -440 920 -15078401 -440 840 -360 920 -12618241 -360 840 -280 920 -10158081 -280 840 -200 920 -7697921 -200 840 -120 920 -5237761 -120 840 -40 920 -2777601 -40 840 40 920 -317441 40 840 120 920 2142719 120 840 200 920 4602879 200 840 280 920 7063039 280 840 360 920 9523199 360 840 440 920 11983359 440 840 520 920 14443519 520 840 600 920 16903679 600 840 680 920 19363839 680 840 760 920 21823999 760 840 840 920 24284159 840 840 920 920 26744319 920 840 1000 920 29204479 -1000 920 -920 1000 -29760001 -920 920 -840 1000 -27299841 -840 920 -760 1000 -24839681 -760 920 -680 1000 -22379521 -680 920 -600 1000 -19919361 -600 920 -520 1000 -17459201 -520 920 -440 1000 -14999041 -440 920 -360 1000 -12538881 -360 920 -280 1000 -10078721 -280 920 -200 1000 -7618561 -200 920 -120 1000 -5158401 -120 920 -40 1000 -2698241 -40 920 40 1000 -238081 40 920 120 1000 2222079 120 920 200 1000 4682239 200 920 280 1000 7142399 280 920 360 1000 9602559 360 920 440 1000 12062719 440 920 520 1000 14522879 520 920 600 1000 16983039 600 920 680 1000 19443199 680 920 760 1000 21903359 760 920 840 1000 24363519 840 920 920 1000 26823679 920 920 1000 1000 29283839 0
PAGES -1000 -1000 1000 1000 704 -802 -198 -537 432 9 -1000 -1000 -333 -333 -31082337 -333 -1000 334 -333 -10570753 334 -1000 1000 -333 9939870 -1000 -333 -333 334 -30420673 -333 -333 334 334 -9909089 334 -333 1000 334 10601534 -1000 334 -333 1000 -29759040 -333 334 334 1000 -9247456 334 334 1000 1000 11263167 2 -1000 -333 -333 334 -1000 334 -333 1000
PAGES -1000 -1000 1000 1000 192 -208 913 539 1257 121 -1000 -1000 -818 -818 -31563457 -818 -1000 -636 -818 -25966593 -636 -1000 -454 -818 -20369729 -454 -1000 -272 -818 -14772865 -272 -1000 -90 -818 -9176001 -90 -1000 92 -818 -3579137 92 -1000 274 -818 2017727 274 -1000 456 -818 7614591 456 -1000 638 -818 13211455 638 -1000 820 -818 18808319 820 -1000 1000 -818 24403261 -1000 -818 -818 -636 -31382913 -818 -818 -636 -636 -25786049 -636 -818 -454 -636 -20189185 -454 -818 -272 -636 -14592321 -272 -818 -90 -636 -8995457 -90 -818 92 -636 -3398593 92 -818 274 -636 2198271 274 -818 456 -636 7795135 456 -818 638 -636 13391999 638 -818 820 -636 18988863 820 -818 1000 -636 24583805 -1000 -636 -818 -454 -31202369 -818 -636 -636 -454 -25605505 -636 -636 -454 -454 -20008641 -454 -636 -272 -454 -14411777 -272 -636 -90 -454 -8814913 -90 -636 92 -454 -3218049 92 -636 274 -454 2378815 274 -636 456 -454 7975679 456 -636 638 -454 13572543 638 -636 820 -454 19169407 820 -636 1000 -454 24764349 -1000 -454 -818 -272 -31021825 -818 -454 -636 -272 -25424961 -636 -454 -454 -272 -19828097 -454 -454 -272 -272 -14231233 -272 -454 -90 -272 -8634369 -90 -454 92 -272 -3037505 92 -454 274 -272 2559359 274 -454 456 -272 8156223 456 -454 638 -272 13753087 638 -454 820 -272 19349951 820 -454 1000 -272 24944893 -1000 -272 -818 -90 -30841281 -818 -272 -636 -90 -25244417 -636 -272 -454 -90 -19647553 -454 -272 -272 -90 -14050689 -272 -272 -90 -90 -8453825 -90 -272 92 -90 -2856961 92 -272 274 -90 2739903 274 -272 456 -90 8336767 456 -272 638 -90 13933631 638 -272 820 -90 19530495 820 -272 1000 -90 25125437 -1000 -90 -818 92 -30660737 -818 -90 -636 92 -25063873 -636 -90 -454 92 -19467009 -454 -90 -272 92 -13870145 -272 -90 -90 92 -8273281 -90 -90 92 92 -2676417 92 -90 274 92 2920447 274 -90 456 92 8517311 456 -90 638 92 14114175 638 -90 820 92 19711039 820 -90 1000 92 25305981 -1000 92 -818 274 -30480193 -818 92 -636 274 -24883329 -636 92 -454 274 -19286465 -454 92 -272 274 -13689601 -272 92 -90 274 -8092737 -90 92 92 274 -2495873 92 92 274 274 3100991 274 92 456 274 8697855 456 92 638 274 14294719 638 92 820 274 19891583 820 92 1000 274 25486525 -1000 274 -818 456 -30299649 -818 274 -636 456 -24702785 -636 274 -454 456 -19105921 -454 274 -272 456 -13509057 -272 274 -90 456 -7912193 -90 274 92 456 -2315329 92 274 274 456 3281535 274 274 456 456 8878399 456 274 638 456 14475263 638 274 820 456 20072127 820 274 1000 456 25667069 -1000 456 -818 638 -30119105 -818 456 -636 638 -24522241 -636 456 -454 638 -18925377 -454 456 -272 638 -13328513 -272 456 -90 638 -7731649 -90 456 92 638 -2134785 92 456 274 638 3462079 274 456 456 638 9058943 456 456 638 638 14655807 638 456 820 638 20252671 820 456 1000 638 25847613 -1000 638 -818 820 -29938561 -818 638 -636 820 -24341697 -636 638 -454 820 -18744833 -454 638 -272 820 -13147969 -272 638 -90 820 -7551105 -90 638 92 820 -1954241 92 638 274 820 3642623 274 638 456 820 9239487 456 638 638 820 14836351 638 638 820 820 20433215 820 638 1000 820 26028157 -1000 820 -818 1000 -29758079 -818 820 -636 1000 -24161215 -636 820 -454 1000 -18564351 -454 820 -272 1000 -12967487 -272 820 -90 1000 -7370623 -90 820 92 1000 -1773759 92 820 274 1000 3823105 274 820 456 1000 9419969 456 820 638 1000 15016833 638 820 820 1000 20613697 820 820 1000 1000 26208639 5 -272 820 -90 1000 -90 820 92 1000 92 820 274 1000 274 820 456 1000 456 820 638 1000
PAGES -1000 -1000 1000 1000 487 -1000 -1000 -1000 1000 25 -1000 -1000 -600 -600 -31347201 -600 -1000 -200 -600 -19046401 -200 -1000 200 -600 -6745601 200 -1000 600 -600 5555199 600 -1000 1000 -600 17855999 -1000 -600 -600 -200 -30950401 -600 -600 -200 -200 -18649601 -200 -600 200 -200 -6348801 200 -600 600 -200 5951999 600 -600 1000 -200 18252799 -1000 -200 -600 200 -30553601 -600 -200 -200 200 -18252801 -200 -200 200 200 -5952001 200 -200 600 200 6348799 600 -200 1000 200 18649599 -1000 200 -600 600 -30156801 -600 200 -200 600 -17856001 -200 200 200 600 -5555201 200 200 600 600 6745599 600 200 1000 600 19046399 -1000 600 -600 1000 -29760001 -600 600 -200 1000 -17459201 -200 600 200 1000 -5158401 200 600 600 1000 7142399 600 600 1000 1000 19443199 0
PAGES -1000 -1000 1000 1000 223 1100 1100 1200 1200 81 -1000 -1000 -777 -777 -31522785 -777 -1000 -554 -777 -24665089 -554 -1000 -331 -777 -17807393 -331 -1000 -108 -777 -10949697 -108 -1000 115 -777 -4092001 115 -1000 338 -777 2765695 338 -1000 561 -777 9623391 561 -1000 784 -777 16481087 784 -1000 1000 -777 23332056 -1000 -777 -777 -554 -31301569 -777 -777 -554 -554 -24443873 -554 -777 -331 -554 -17586177 -331 -777 -108 -554 -10728481 -108 -777 115 -554 -3870785 115 -777 338 -554 2986911 338 -777 561 -554 9844607 561 -777 784 -554 16702303 784 -777 1000 -554 23553272 -1000 -554 -777 -331 -31080353 -777 -554 -554 -331 -24222657 -554 -554 -331 -331 -17364961 -331 -554 -108 -331 -10507265 -108 -554 115 -331 -3649569 115 -554 338 -331 3208127 338 -554 561 -331 10065823 561 -554 784 -331 16923519 784 -554 1000 -331 23774488 -1000 -331 -777 -108 -30859137 -777 -331 -554 -108 -24001441 -554 -331 -331 -108 -17143745 -331 -331 -108 -108 -10286049 -108 -331 115 -108 -3428353 115 -331 338 -108 3429343 338 -331 561 -108 10287039 561 -331 784 -108 17144735 784 -331 1000 -108 23995704 -1000 -108 -777 115 -30637921 -777 -108 -554 115 -23780225 -554 -108 -331 115 -16922529 -331 -108 -108 115 -10064833 -108 -108 115 115 -3207137 115 -108 338 115 3650559 338 -108 561 115 10508255 561 -108 784 115 17365951 784 -108 1000 115 24216920 -1000 115 -777 338 -30416705 -777 115 -554 338 -23559009 -554 115 -331 338 -16701313 -331 115 -108 338 -9843617 -108 115 115 338 -2985921 115 115 338 338 3871775 338 115 561 338 10729471 561 115 784 338 17587167 784 115 1000 338 24438136 -1000 338 -777 561 -30195489 -777 338 -554 561 -23337793 -554 338 -331 561 -16480097 -331 338 -108 561 -9622401 -108 338 115 561 -2764705 115 338 338 561 4092991 338 338 561 561 10950687 561 338 784 561 17808383 784 338 1000 561 24659352 -1000 561 -777 784 -29974273 -777 561 -554 784 -23116577 -554 561 -331 784 -16258881 -331 561 -108 784 -9401185 -108 561 115 784 -2543489 115 561 338 784 4314207 338 561 561 784 11171903 561 561 784 784 18029599 784 561 1000 784 24880568 -1000 784 -777 1000 -29753274 -777 784 -554 1000 -22895578 -554 784 -331 1000 -16037882 -331 784 -108 1000 -9180186 -108 784 115 1000 -2322490 115 784 338 1000 4535206 338 784 561 1000 11392902 561 784 784 1000 18250598 784 784 1000 1000 25101567 0
PAGES -1000 -1000 1000 1000 247 678 8 693 710 81 -1000 -1000 -777 -777 -31522785 -777 -1000 -554 -777 -24665089 -554 -1000 -331 -777 -17807393 -331 -1000 -108 -777 -10949697 -108 -1000 115 -777 -4092001 115 -1000 338 -777 2765695 338 -1000 561 -777 9623391 561 -1000 784 -777 16481087 784 -1000 1000 -777 23332056 -1000 -777 -777 -554 -31301569 -777 -777 -554 -554 -24443873 -554 -777 -331 -554 -17586177 -331 -777 -108 -554 -10728481 -108 -777 115 -554 -3870785 115 -777 338 -554 2986911 338 -777 561 -554 9844607 561 -777 784 -554 16702303 784 -777 1000 -554 23553272 -1000 -554 -777 -331 -31080353 -777 -554 -554 -331 -24222657 -554 -554 -331 -331 -17364961 -331 -554 -108 -331 -10507265 -108 -554 115 -331 -3649569 115 -554 338 -331 3208127 338 -554 561 -331 10065823 561 -554 784 -331 16923519 784 -554 1000 -331 23774488 -1000 -331 -777 -108 -30859137 -777 -331 -554 -108 -24001441 -554 -331 -331 -108 -17143745 -331 -331 -108 -108 -10286049 -108 -331 115 -108 -3428353 115 -331 338 -108 3429343 338 -331 561 -108 10287039 561 -331 784 -108 17144735 784 -331 1000 -108 23995704 -1000 -108 -777 115 -30637921 -777 -108 -554 115 -23780225 -554 -108 -331 115 -16922529 -331 -108 -108 115 -10064833 -108 -108 115 115 -3207137 115 -108 338 115 3650559 338 -108 561 115 10508255 561 -108 784 115 17365951 784 -108 1000 115 24216920 -1000 115 -777 338 -30416705 -777 115 -554 338 -23559009 -554 115 -331 338 -16701313 -331 115 -108 338 -9843617 -108 115 115 338 -2985921 115 115 338 338 3871775 338 115 561 338 10729471 561 115 784 338 17587167 784 115 1000 338 24438136 -1000 338 -777 561 -30195489 -777 338 -554 561 -23337793 -554 338 -331 561 -16480097 -331 338 -108 561 -9622401 -108 338 115 561 -2764705 115 338 338 561 4092991 338 338 561 561 10950687 561 338 784 561 17808383 784 338 1000 561 24659352 -1000 561 -777 784 -29974273 -777 561 -554 784 -23116577 -554 561 -331 784 -16258881 -331 561 -108 784 -9401185 -108 561 115 784 -2543489 115 561 338 784 4314207 338 561 561 784 11171903 561 561 784 784 18029599 784 561 1000 784 24880568 -1000 784 -777 1000 -29753274 -777 784 -554 1000 -22895578 -554 784 -331 1000 -16037882 -331 784 -108 1000 -9180186 -108 784 115 1000 -2322490 115 784 338 1000 4535206 338 784 561 1000 11392902 561 784 784 1000 18250598 784 784 1000 1000 25101567 4 561 -108 784 115 561 115 784 338 561 338 784 561 561 561 784 784
PAGES -1000 -1000 1000 1000 740 -728 -525 -643 -269 9 -1000 -1000 -333 -333 -31082337 -333 -1000 334 -333 -10570753 334 -1000 1000 -333 9939870 -1000 -333 -333 334 -30420673 -333 -333 334 334 -9909089 334 -333 1000 334 10601534 -1000 334 -333 1000 -29759040 -333 334 334 1000 -9247456 334 334 1000 1000 11263167 2 -1000 -1000 -333 -333 -1000 -333 -333 334
PAGES -1000 -1000 1000 1000 441 -1000 -1000 -1000 1000 25 -1000 -1000 -600 -600 -31347201 -600 -1000 -200 -600 -19046401 -200 -1000 200 -600 -6745601 200 -1000 600 -600 5555199 600 -1000 1000 -600 17855999 -1000 -600 -600 -200 -30950401 -600 -600 -200 -200 -18649601 -200 -600 200 -200 -6348801 200 -600 600 -200 5951999 600 -600 1000 -200 18252799 -1000 -200 -600 200 -30553601 -600 -200 -200 200 -18252801 -200 -200 200 200 -5952001 200 -200 600 200 6348799 600 -200 1000 200 18649599 -1000 200 -600 600 -30156801 -600 200 -200 600 -17856001 -200 200 200 600 -5555201 200 200 600 600 6745599 600 200 1000 600 19046399 -1000 600 -600 1000 -29760001 -600 600 -200 1000 -17459201 -200 600 200 1000 -5158401 200 600 600 1000 7142399 600 600 1000 1000 19443199 0
PAGES -1000 -1000 1000 1000 145 1100 1100 1200 1200 196 -1000 -1000 -857 -857 -31602145 -857 -1000 -714 -857 -27204609 -714 -1000 -571 -857 -22807073 -571 -1000 -428 -857 -18409537 -428 -1000 -285 -857 -14012001 -285 -1000 -142 -857 -9614465 -142 -1000 1 -857 -5216929 1 -1000 144 -857 -819393 144 -1000 287 -857 3578143 287 -1000 430 -857 7975679 430 -1000 573 -857 12373215 573 -1000 716 -857 16770751 716 -1000 859 -857 21168287 859 -1000 1000 -857 25563901 -1000 -857 -857 -714 -31460289 -857 -857 -714 -714 -27062753 -714 -857 -571 -714 -22665217 -571 -857 -428 -714 -18267681 -428 -857 -285 -714 -13870145 -285 -857 -142 -714 -9472609 -142 -857 1 -714 -5075073 1 -857 144 -714 -677537 144 -857 287 -714 3719999 287 -857 430 -714 8117535 430 -857 573 -714 12515071 573 -857 716 -714 16912607 716 -857 859 -714 21310143 859 -857 1000 -714 25705757 -1000 -714 -857 -571 -31318433 -857 -714 -714 -571 -26920897 -714 -714 -571 -571 -22523361 -571 -714 -428 -571 -18125825 -428 -714 -285 -571 -13728289 -285 -714 -142 -571 -9330753 -142 -714 1 -571 -4933217 1 -714 144 -571 -535681 144 -714 287 -571 3861855 287 -714 430 -571 8259391 430 -714 573 -571 12656927 573 -714 716 -571 17054463 716 -714 859 -571 21451999 859 -714 1000 -571 25847613 -1000 -571 -857 -428 -31176577 -857 -571 -714 -428 -26779041 -714 -571 -571 -428 -22381505 -571 -571 -428 -428 -17983969 -428 -571 -285 -428 -13586433 -285 -571 -142 -428 -9188897 -142 -571 1 -428 -4791361 1 -571 144 -428 -393825 144 -571 287 -428 4003711 287 -571 430 -428 8401247 430 -571 573 -428 12798783 573 -571 716 -428 17196319 716 -571 859 -428 21593855 859 -571 1000 -428 25989469 -1000 -428 -857 -285 -31034721 -857 -428 -714 -285 -26637185 -714 -428 -571 -285 -22239649 -571 -428 -428 -285 -17842113 -428 -428 -285 -285 -13444577 -285 -428 -142 -285 -9047041 -142 -428 1 -285 -4649505 1 -428 144 -285 -251969 144 -428 287 -285 4145567 287 -428 430 -285 8543103 430 -428 573 -285 12940639 573 -428 716 -285 17338175 716 -428 859 -285 21735711 859 -428 1000 -285 26131325 -1000 -285 -857 -142 -30892865 -857 -285 -714 -142 -26495329 -714 -285 -571 -142 -22097793 -571 -285 -428 -142 -17700257 -428 -285 -285 -142 -13302721 -285 -285 -142 -142 -8905185 -142 -285 1 -142 -4507649 1 -285 144 -142 -110113 144 -285 287 -142 4287423 287 -285 430 -142 8684959 430 -285 573 -142 13082495 573 -285 716 -142 17480031 716 -285 859 -142 21877567 859 -285 1000 -142 26273181 -1000 -142 -857 1 -30751009 -857 -142 -714 1 -26353473 -714 -142 -571 1 -21955937 -571 -142 -428 1 -17558401 -428 -142 -285 1 -13160865 -285 -142 -142 1 -8763329 -142 -142 1 1 -4365793 1 -142 144 1 31743 144 -142 287 1 4429279 287 -142 430 1 8826815 430 -142 573 1 13224351 573 -142 716 1 17621887 716 -142 859 1 22019423 859 -142 1000 1 26415037 -1000 1 -857 144 -30609153 -857 1 -714 144 -26211617 -714 1 -571 144 -21814081 -571 1 -428 144 -17416545 -428 1 -285 144 -13019009 -285 1 -142 144 -8621473 -142 1 1 144 -4223937 1 1 144 144 173599 144 1 287 144 4571135 287 1 430 144 8968671 430 1 573 144 13366207 573 1 716 144 17763743 716 1 859 144 22161279 859 1 1000 144 26556893 -1000 144 -857 287 -30467297 -857 144 -714 287 -26069761 -714 144 -571 287 -21672225 -571 144 -428 287 -17274689 -428 144 -285 287 -12877153 -285 144 -142 287 -8479617 -142 144 1 287 -4082081 1 144 144 287 315455 144 144 287 287 4712991 287 144 430 287 9110527 430 144 573 287 13508063 573 144 716 287 17905599 716 144 859 287 22303135 859 144 1000 287 26698749 -1000 287 -857 430 -30325441 -857 287 -714 430 -25927905 -714 287 -571 430 -21530369 -571 287 -428 430 -17132833 -428 287 -285 430 -12735297 -285 287 -142 430 -8337761 -142 287 1 430 -3940225 1 287 144 430 457311 144 287 287 430 4854847 287 287 430 430 9252383 430 287 573 430 13649919 573 287 716 430 18047455 716 287 859 430 22444991 859 287 1000 430 26840605 -1000 430 -857 573 -30183585 -857 430 -714 573 -25786049 -714 430 -571 573 -21388513 -571 430 -428 573 -16990977 -428 430 -285 573 -12593441 -285 430 -142 573 -8195905 -142 430 1 573 -3798369 1 430 144 573 599167 144 430 287 573 4996703 287 430 430 573 9394239 430 430 573 573 13791775 573 430 716 573 18189311 716 430 859 573 22586847 859 430 1000 573 26982461 -1000 573 -857 716 -30041729 -857 573 -714 716 -25644193 -714 573 -571 716 -21246657 -571 573 -428 716 -16849121 -428 573 -285 716 -12451585 -285 573 -142 716 -8054049 -142 573 1 716 -3656513 1 573 144 716 741023 144 573 287 716 5138559 287 573 430 716 9536095 430 573 573 716 13933631 573 573 716 716 18331167 716 573 859 716 22728703 859 573 1000 716 27124317 -1000 716 -857 859 -29899873 -857 716 -714 859 -25502337 -714 716 -571 859 -21104801 -571 716 -428 859 -16707265 -428 716 -285 859 -12309729 -285 716 -142 859 -7912193 -142 716 1 859 -3514657 1 716 144 859 882879 144 716 287 859 5280415 287 716 430 859 9677951 430 716 573 859 14075487 573 716 716 859 18473023 716 716 859 859 22870559 859 716 1000 859 27266173 -1000 859 -857 1000 -29758079 -857 859 -714 1000 -25360543 -714 859 -571 1000 -20963007 -571 859 -428 1000 -16565471 -428 859 -285 1000 -12167935 -285 859 -142 1000 -7770399 -142 859 1 1000 -3372863 1 859 144 1000 1024673 144 859 287 1000 5422209 287 859 430 1000 9819745 430 859 573 1000 14217281 573 859 716 1000 18614817 716 859 859 1000 23012353 859 859 1000 1000 27407967 0
PAGES -1000 -1000 1000 1000 503 197 700 398 1248 16 -1000 -1000 -500 -500 -31248001 -500 -1000 0 -500 -15872001 0 -1000 500 -500 -496001 500 -1000 1000 -500 14879999 -1000 -500 -500 0 -30752001 -500 -500 0 0 -15376001 0 -500 500 0 -1 500 -500 1000 0 15375999 -1000 0 -500 500 -30256001 -500 0 0 500 -14880001 0 0 500 500 495999 500 0 1000 500 15871999 -1000 500 -500 1000 -29760001 -500 500 0 1000 -14384001 0 500 500 1000 991999 500 500 1000 1000 16367999 1 0 500 500 1000
PAGES -1000 -1000 1000 1000 348 -448 14 190 546 36 -1000 -1000 -666 -666 -31412673 -666 -1000 -332 -666 -21141505 -332 -1000 2 -666 -10870337 2 -1000 336 -666 -599169 336 -1000 670 -666 9671999 670 -1000 1000 -666 19939323 -1000 -666 -666 -332 -31081345 -666 -666 -332 -332 -20810177 -332 -666 2 -332 -10539009 2 -666 336 -332 -267841 336 -666 670 -332 10003327 670 -666 1000 -332 20270651 -1000 -332 -666 2 -30750017 -666 -332 -332 2 -20478849 -332 -332 2 2 -10207681 2 -332 336 2 63487 336 -332 670 2 10334655 670 -332 1000 2 20601979 -1000 2 -666 336 -30418689 -666 2 -332 336 -20147521 -332 2 2 336 -9876353 2 2 336 336 394815 336 2 670 336 10665983 670 2 1000 336 20933307 -1000 336 -666 670 -30087361 -666 336 -332 670 -19816193 -332 336 2 670 -9545025 2 336 336 670 726143 336 336 670 670 10997311 670 336 1000 670 21264635 -1000 670 -666 1000 -29756157 -666 670 -332 1000 -19484989 -332 670 2 1000 -9213821 2 670 336 1000 1057347 336 670 670 1000 11328515 670 670 1000 1000 21595839 6 -666 2 -332 336 -332 2 2 336 2 2 336 336 -666 336 -332 670 -332 336 2 670 2 336 336 670
PAGES -1000 -1000 1000 1000 484 -1000 -1000 -1000 1000 25 -1000 -1000 -600 -600 -31347201 -600 -1000 -200 -600 -19046401 -200 -1000 200 -600 -6745601 200 -1000 600 -600 5555199 600 -1000 1000 -600 17855999 -1000 -600 -600 -200 -30950401 -600 -600 -200 -200 -18649601 -200 -600 200 -200 -6348801 200 -600 600 -200 5951999 600 -600 1000 -200 18252799 -1000 -200 -600 200 -30553601 -600 -200 -200 200 -18252801 -200 -200 200 200 -5952001 200 -200 600 200 6348799 600 -200 1000 200 18649599 -1000 200 -600 600 -30156801 -600 200 -200 600 -17856001 -200 200 200 600 -5555201 200 200 600 600 6745599 600 200 1000 600 19046399 -1000 600 -600 1000 -29760001 -600 600 -200 1000 -17459201 -200 600 200 1000 -5158401 200 600 600 1000 7142399 600 600 1000 1000 19443199 0
PAGES -1000 -1000 1000 1000 568 1100 1100 1200 1200 16 -1000 -1000 -500 -500 -31248001 -500 -1000 0 -500 -15872001 0 -1000 500 -500 -496001 500 -1000 1000 -500 14879999 -1000 -500 -500 0 -30752001 -500 -500 0 0 -15376001 0 -500 500 0 -1 500 -500 1000 0 15375999 -1000 0 -500 500 -30256001 -500 0 0 500 -14880001 0 0 500 500 495999 500 0 1000 500 15871999 -1000 500 -500 1000 -29760001 -500 500 0 1000 -14384001 0 500 500 1000 991999 500 500 1000 1000 16367999 0
PAGES -1000 -1000 1000 1000 110 791 984 1552 1269 361 -1000 -1000 -894 -894 -31638849 -894 -1000 -788 -894 -28379137 -788 -1000 -682 -894 -25119425 -682 -1000 -576 -894 -21859713 -576 -1000 -470 -894 -18600001 -470 -1000 -364 -894 -15340289 -364 -1000 -258 -894 -12080577 -258 -1000 -152 -894 -8820865 -152 -1000 -46 -894 -5561153 -46 -1000 60 -894 -2301441 60 -1000 166 -894 958271 166 -1000 272 -894 4217983 272 -1000 378 -894 7477695 378 -1000 484 -894 10737407 484 -1000 590 -894 13997119 590 -1000 696 -894 17256831 696 -1000 802 -894 20516543 802 -1000 908 -894 23776255 908 -1000 1000 -894 27022513 -1000 -894 -894 -788 -31533697 -894 -894 -788 -788 -28273985 -788 -894 -682 -788 -25014273 -682 -894 -576 -788 -21754561 -576 -894 -470 -788 -18494849 -470 -894 -364 -788 -15235137 -364 -894 -258 -788 -11975425 -258 -894 -152 -788 -8715713 -152 -894 -46 -788 -5456001 -46 -894 60 -788 -2196289 60 -894 166 -788 1063423 166 -894 272 -788 4323135 272 -894 378 -788 7582847 378 -894 484 -788 10842559 484 -894 590 -788 14102271 590 -894 696 -788 17361983 696 -894 802 -788 20621695 802 -894 908 -788 23881407 908 -894 1000 -788 27127665 -1000 -788 -894 -682 -31428545 -894 -788 -788 -682 -28168833 -788 -788 -682 -682 -24909121 -682 -788 -576 -682 -21649409 -576 -788 -470 -682 -18389697 -470 -788 -364 -682 -15129985 -364 -788 -258 -682 -11870273 -258 -788 -152 -682 -8610561 -152 -788 -46 -682 -5350849 -46 -788 60 -682 -2091137 60 -788 166 -682 1168575 166 -788 272 -682 4428287 272 -788 378 -682 7687999 378 -788 484 -682 10947711 484 -788 590 -682 14207423 590 -788 696 -682 17467135 696 -788 802 -682 20726847 802 -788 908 -682 23986559 908 -788 1000 -682 27232817 -1000 -682 -894 -576 -31323393 -894 -682 -788 -576 -28063681 -788 -682 -682 -576 -24803969 -682 -682 -576 -576 -21544257 -576 -682 -470 -576 -18284545 -470 -682 -364 -576 -15024833 -364 -682 -258 -576 -11765121 -258 -682 -152 -576 -8505409 -152 -682 -46 -576 -5245697 -46 -682 60 -576 -1985985 60 -682 166 -576 1273727 166 -682 272 -576 4533439 272 -682 378 -576 7793151 378 -682 484 -576 11052863 484 -682 590 -576 14312575 590 -682 696 -576 17572287 696 -682 802 -576 20831999 802 -682 908 -576 24091711 908 -682 1000 -576 27337969 -1000 -576 -894 -470 -31218241 -894 -576 -788 -470 -27958529 -788 -576 -682 -470 -24698817 -682 -576 -576 -470 -21439105 -576 -576 -470 -470 -18179393 -470 -576 -364 -470 -14919681 -364 -576 -258 -470 -11659969 -258 -576 -152 -470 -8400257 -152 -576 -46 -470 -5140545 -46 -576 60 -470 -1880833 60 -576 166 -470 1378879 166 -576 272 -470 4638591 272 -576 378 -470 7898303 378 -576 484 -470 11158015 484 -576 590 -470 14417727 590 -576 696 -470 17677439 696 -576 802 -470 20937151 802 -576 908 -470 24196863 908 -576 1000 -470 27443121 -1000 -470 -894 -364 -31113089 -894 -470 -788 -364 -27853377 -788 -470 -682 -364 -24593665 -682 -470 -576 -364 -21333953 -576 -470 -470 -364 -18074241 -470 -470 -364 -364 -14814529 -364 -470 -258 -364 -11554817 -258 -470 -152 -364 -8295105 -152 -470 -46 -364 -5035393 -46 -470 60 -364 -1775681 60 -470 166 -364 1484031 166 -470 272 -364 4743743 272 -470 378 -364 8003455 378 -470 484 -364 11263167 484 -470 590 -364 14522879 590 -470 696 -364 17782591 696 -470 802 -364 21042303 802 -470 908 -364 24302015 908 -470 1000 -364 27548273 -1000 -364 -894 -258 -31007937 -894 -364 -788 -258 -27748225 -788 -364 -682 -258 -24488513 -682 -364 -576 -258 -21228801 -576 -364 -470 -258 -17969089 -470 -364 -364 -258 -14709377 -364 -364 -258 -258 -11449665 -258 -364 -152 -258 -8189953 -152 -364 -46 -258 -4930241 -46 -364 60 -258 -1670529 60 -364 166 -258 1589183 166 -364 272 -258 4848895 272 -364 378 -258 8108607 378 -364 484 -258 11368319 484 -364 590 -258 14628031 590 -364 696 -258 17887743 696 -364 802 -258 21147455 802 -364 908 -258 24407167 908 -364 1000 -258 27653425 -1000 -258 -894 -152 -30902785 -894 -258 -788 -152 -27643073 -788 -258 -682 -152 -24383361 -682 -258 -576 -152 -21123649 -576 -258 -470 -152 -17863937 -470 -258 -364 -152 -14604225 -364 -258 -258 -152 -11344513 -258 -258 -152 -152 -8084801 -152 -258 -46 -152 -4825089 -46 -258 60 -152 -1565377 60 -258 166 -152 1694335 166 -258 272 -152 4954047 272 -258 378 -152 8213759 378 -258 484 -152 11473471 484 -258 590 -152 14733183 590 -258 696 -152 17992895 696 -258 802 -152 21252607 802 -258 908 -152 24512319 908 -258 1000 -152 27758577 -1000 -152 -894 -46 -30797633 -894 -152 -788 -46 -27537921 -788 -152 -682 -46 -24278209 -682 -152 -576 -46 -21018497 -576 -152 -470 -46 -17758785 -470 -152 -364 -46 -14499073 -364 -152 -258 -46 -11239361 -258 -152 -152 -46 -7979649 -152 -152 -46 -46 -4719937 -46 -152 60 -46 -1460225 60 -152 166 -46 1799487 166 -152 272 -46 5059199 272 -152 378 -46 8318911 378 -152 484 -46 11578623 484 -152 590 -46 14838335 590 -152 696 -46 18098047 696 -152 802 -46 21357759 802 -152 908 -46 24617471 908 -152 1000 -46 27863729 -1000 -46 -894 60 -30692481 -894 -46 -788 60 -27432769 -788 -46 -682 60 -24173057 -682 -46 -576 60 -20913345 -576 -46 -470 60 -17653633 -470 -46 -364 60 -14393921 -364 -46 -258 60 -11134209 -258 -46 -152 60 -7874497 -152 -46 -46 60 -4614785 -46 -46 60 60 -1355073 60 -46 166 60 1904639 166 -46 272 60 5164351 272 -46 378 60 8424063 378 -46 484 60 11683775 484 -46 590 60 14943487 590 -46 696 60 18203199 696 -46 802 60 21462911 802 -46 908 60 24722623 908 -46 1000 60 27968881 -1000 60 -894 166 -30587329 -894 60 -788 166 -27327617 -788 60 -682 166 -24067905 -682 60 -576 166 -20808193 -576 60 -470 166 -17548481 -470 60 -364 166 -14288769 -364 60 -258 166 -11029057 -258 60 -152 166 -7769345 -152 60 -46 166 -4509633 -46 60 60 166 -1249921 60 60 166 166 2009791 166 60 272 166 5269503 272 60 378 166 8529215 378 60 484 166 11788927 484 60 590 166 15048639 590 60 696 166 18308351 696 60 802 166 21568063 802 60 908 166 24827775 908 60 1000 166 28074033 -1000 166 -894 272 -30482177 -894 166 -788 272 -27222465 -788 166 -682 272 -23962753 -682 166 -576 272 -20703041 -576 166 -470 272 -17443329 -470 166 -364 272 -14183617 -364 166 -258 272 -10923905 -258 166 -152 272 -7664193 -152 166 -46 272 -4404481 -46 166 60 272 -1144769 60 166 166 272 2114943 166 166 272 272 5374655 272 166 378 272 8634367 378 166 484 272 11894079 484 166 590 272 15153791 590 166 696 272 18413503 696 166 802 272 21673215 802 166 908 272 24932927 908 166 1000 272 28179185 -1000 272 -894 378 -30377025 -894 272 -788 378 -27117313 -788 272 -682 378 -23857601 -682 272 -576 378 -20597889 -576 272 -470 378 -17338177 -470 272 -364 378 -14078465 -364 272 -258 378 -10818753 -258 272 -152 378 -7559041 -152 272 -46 378 -4299329 -46 272 60 378 -1039617 60 272 166 378 2220095 166 272 272 378 5479807 272 272 378 378 8739519 378 272 484 378 11999231 484 272 590 378 15258943 590 272 696 378 18518655 696 272 802 378 21778367 802 272 908 378 25038079 908 272 1000 378 28284337 -1000 378 -894 484 -30271873 -894 378 -788 484 -27012161 -788 378 -682 484 -23752449 -682 378 -576 484 -20492737 -576 378 -470 484 -17233025 -470 378 -364 484 -13973313 -364 378 -258 484 -10713601 -258 378 -152 484 -7453889 -152 378 -46 484 -4194177 -46 378 60 484 -934465 60 378 166 484 2325247 166 378 272 484 5584959 272 378 378 484 8844671 378 378 484 484 12104383 484 378 590 484 15364095 590 378 696 484 18623807 696 378 802 484 21883519 802 378 908 484 25143231 908 378 1000 484 28389489 -1000 484 -894 590 -30166721 -894 484 -788 590 -26907009 -788 484 -682 590 -23647297 -682 484 -576 590 -20387585 -576 484 -470 590 -17127873 -470 484 -364 590 -13868161 -364 484 -258 590 -10608449 -258 484 -152 590 -7348737 -152 484 -46 590 -4089025 -46 484 60 590 -829313 60 484 166 590 2430399 166 484 272 590 5690111 272 484 378 590 8949823 378 484 484 590 12209535 484 484 590 590 15469247 590 484 696 590 18728959 696 484 802 590 21988671 802 484 908 590 25248383 908 484 1000 590 28494641 -1000 590 -894 696 -30061569 -894 590 -788 696 -26801857 -788 590 -682 696 -23542145 -682 590 -576 696 -20282433 -576 590 -470 696 -17022721 -470 590 -364 696 -13763009 -364 590 -258 696 -10503297 -258 590 -152 696 -7243585 -152 590 -46 696 -3983873 -46 590 60 696 -724161 60 590 166 696 2535551 166 590 272 696 5795263 272 590 378 696 9054975 378 590 484 696 12314687 484 590 590 696 15574399 590 590 696 696 18834111 696 590 802 696 22093823 802 590 908 696 25353535 908 590 1000 696 28599793 -1000 696 -894 802 -29956417 -894 696 -788 802 -26696705 -788 696 -682 802 -23436993 -682 696 -576 802 -20177281 -576 696 -470 802 -16917569 -470 696 -364 802 -13657857 -364 696 -258 802 -10398145 -258 696 -152 802 -7138433 -152 696 -46 802 -3878721 -46 696 60 802 -619009 60 696 166 802 2640703 166 696 272 802 5900415 272 696 378 802 9160127 378 696 484 802 12419839 484 696 590 802 15679551 590 696 696 802 18939263 696 696 802 802 22198975 802 696 908 802 25458687 908 696 1000 802 28704945 -1000 802 -894 908 -29851265 -894 802 -788 908 -26591553 -788 802 -682 908 -23331841 -682 802 -576 908 -20072129 -576 802 -470 908 -16812417 -470 802 -364 908 -13552705 -364 802 -258 908 -10292993 -258 802 -152 908 -7033281 -152 802 -46 908 -3773569 -46 802 60 908 -513857 60 802 166 908 2745855 166 802 272 908 6005567 272 802 378 908 9265279 378 802 484 908 12524991 484 802 590 908 15784703 590 802 696 908 19044415 696 802 802 908 22304127 802 802 908 908 25563839 908 802 1000 908 28810097 -1000 908 -894 1000 -29746547 -894 908 -788 1000 -26486835 -788 908 -682 1000 -23227123 -682 908 -576 1000 -19967411 -576 908 -470 1000 -16707699 -470 908 -364 1000 -13447987 -364 908 -258 1000 -10188275 -258 908 -152 1000 -6928563 -152 908 -46 1000 -3668851 -46 908 60 1000 -409139 60 908 166 1000 2850573 166 908 272 1000 6110285 272 908 378 1000 9369997 378 908 484 1000 12629709 484 908 590 1000 15889421 590 908 696 1000 19149133 696 908 802 1000 22408845 802 908 908 1000 25668557 908 908 1000 1000 28914815 3 696 908 802 1000 802 908 908 1000 908 908 1000 1000
PAGES -1000 -1000 1000 1000 217 570 883 1198 1046 100 -1000 -1000 -800 -800 -31545601 -800 -1000 -600 -800 -25395201 -600 -1000 -400 -800 -19244801 -400 -1000 -200 -800 -13094401 -200 -1000 0 -800 -6944001 0 -1000 200 -800 -793601 200 -1000 400 -800 5356799 400 -1000 600 -800 11507199 600 -1000 800 -800 17657599 800 -1000 1000 -800 23807999 -1000 -800 -800 -600 -31347201 -800 -800 -600 -600 -25196801 -600 -800 -400 -600 -19046401 -400 -800 -200 -600 -12896001 -200 -800 0 -600 -6745601 0 -800 200 -600 -595201 200 -800 400 -600 5555199 400 -800 600 -600 11705599 600 -800 800 -600 17855999 800 -800 1000 -600 24006399 -1000 -600 -800 -400 -31148801 -800 -600 -600 -400 -24998401 -600 -600 -400 -400 -18848001 -400 -600 -200 -400 -12697601 -200 -600 0 -400 -6547201 0 -600 200 -400 -396801 200 -600 400 -400 5753599 400 -600 600 -400 11903999 600 -600 800 -400 18054399 800 -600 1000 -400 24204799 -1000 -400 -800 -200 -30950401 -800 -400 -600 -200 -24800001 -600 -400 -400 -200 -18649601 -400 -400 -200 -200 -12499201 -200 -400 0 -200 -6348801 0 -400 200 -200 -198401 200 -400 400 -200 5951999 400 -400 600 -200 12102399 600 -400 800 -200 18252799 800 -400 1000 -200 24403199 -1000 -200 -800 0 -30752001 -800 -200 -600 0 -24601601 -600 -200 -400 0 -18451201 -400 -200 -200 0 -12300801 -200 -200 0 0 -6150401 0 -200 200 0 -1 200 -200 400 0 6150399 400 -200 600 0 12300799 600 -200 800 0 18451199 800 -200 1000 0 24601599 -1000 0 -800 200 -30553601 -800 0 -600 200 -24403201 -600 0 -400 200 -18252801 -400 0 -200 200 -12102401 -200 0 0 200 -5952001 0 0 200 200 198399 200 0 400 200 6348799 400 0 600 200 12499199 600 0 800 200 18649599 800 0 1000 200 24799999 -1000 200 -800 400 -30355201 -800 200 -600 400 -24204801 -600 200 -400 400 -18054401 -400 200 -200 400 -11904001 -200 200 0 400 -5753601 0 200 200 400 396799 200 200 400 400 6547199 400 200 600 400 12697599 600 200 800 400 18847999 800 200 1000 400 24998399 -1000 400 -800 600 -30156801 -800 400 -600 600 -24006401 -600 400 -400 600 -17856001 -400 400 -200 600 -11705601 -200 400 0 600 -5555201 0 400 200 600 595199 200 400 400 600 6745599 400 400 600 600 12895999 600 400 800 600 19046399 800 400 1000 600 25196799 -1000 600 -800 800 -29958401 -800 600 -600 800 -23808001 -600 600 -400 800 -17657601 -400 600 -200 800 -11507201 -200 600 0 800 -5356801 0 600 200 800 793599 200 600 400 800 6943999 400 600 600 800 13094399 600 600 800 800 19244799 800 600 1000 800 25395199 -1000 800 -800 1000 -29760001 -800 800 -600 1000 -23609601 -600 800 -400 1000 -17459201 -400 800 -200 1000 -11308801 -200 800 0 1000 -5158401 0 800 200 1000 991999 200 800 400 1000 7142399 400 800 600 1000 13292799 600 800 800 1000 19443199 800 800 1000 1000 25593599 3 400 800 600 1000 600 800 800 1000 800 800 1000 1000
PAGES -1000 -1000 1000 1000 292 -1000 -1000 -1000 1000 49 -1000 -1000 -714 -714 -31460289 -714 -1000 -428 -714 -22665217 -428 -1000 -142 -714 -13870145 -142 -1000 144 -714 -5075073 144 -1000 430 -714 3719999 430 -1000 716 -714 12515071 716 -1000 1000 -714 21308221 -1000 -714 -714 -428 -31176577 -714 -714 -428 -428 -22381505 -428 -714 -142 -428 -13586433 -142 -714 144 -428 -4791361 144 -714 430 -428 4003711 430 -714 716 -428 12798783 716 -714 1000 -428 21591933 -1000 -428 -714 -142 -30892865 -714 -428 -428 -142 -22097793 -428 -428 -142 -142 -13302721 -142 -428 144 -142 -4507649 144 -428 430 -142 4287423 430 -428 716 -142 13082495 716 -428 1000 -142 21875645 -1000 -142 -714 144 -30609153 -714 -142 -428 144 -21814081 -428 -142 -142 144 -13019009 -142 -142 144 144 -4223937 144 -142 430 144 4571135 430 -142 716 144 13366207 716 -142 1000 144 22159357 -1000 144 -714 430 -30325441 -714 144 -428 430 -21530369 -428 144 -142 430 -12735297 -142 144 144 430 -3940225 144 144 430 430 4854847 430 144 716 430 13649919 716 144 1000 430 22443069 -1000 430 -714 716 -30041729 -714 430 -428 716 -21246657 -428 430 -142 716 -12451585 -142 430 144 716 -3656513 144 430 430 716 5138559 430 430 716 716 13933631 716 430 1000 716 22726781 -1000 716 -714 1000 -29758079 -714 716 -428 1000 -20963007 -428 716 -142 1000 -12167935 -142 716 144 1000 -3372863 144 716 430 1000 5422209 430 716 716 1000 14217281 716 716 1000 1000 23010431 0
PAGES -1000 -1000 1000 1000 694 1100 1100 1200 1200 9 -1000 -1000 -333 -333 -31082337 -333 -1000 334 -333 -10570753 334 -1000 1000 -333 9939870 -1000 -333 -333 334 -30420673 -333 -333 334 334 -9909089 334 -333 1000 334 10601534 -1000 334 -333 1000 -29759040 -333 334 334 1000 -9247456 334 334 1000 1000 11263167 0
PAGES -1000 -1000 1000 1000 473 601 -992 1386 -529 25 -1000 -1000 -600 -600 -31347201 -600 -1000 -200 -600 -19046401 -200 -1000 200 -600 -6745601 200 -1000 600 -600 5555199 600 -1000 1000 -600 17855999 -1000 -600 -600 -200 -30950401 -600 -600 -200 -200 -18649601 -200 -600 200 -200 -6348801 200 -600 600 -200 5951999 600 -600 1000 -200 18252799 -1000 -200 -600 200 -30553601 -600 -200 -200 200 -18252801 -200 -200 200 200 -5952001 200 -200 600 200 6348799 600 -200 1000 200 18649599 -1000 200 -600 600 -30156801 -600 200 -200 600 -17856001 -200 200 200 600 -5555201 200 200 600 600 6745599 600 200 1000 600 19046399 -1000 600 -600 1000 -29760001 -600 600 -200 1000 -17459201 -200 600 200 1000 -5158401 200 600 600 1000 7142399 600 600 1000 1000 19443199 2 600 -1000 1000 -600 600 -600 1000 -200
PAGES -1000 -1000 1000 1000 582 -910 -454 -253 -374 16 -1000 -1000 -500 -500 -31248001 -500 -1000 0 -500 -15872001 0 -1000 500 -500 -496001 500 -1000 1000 -500 14879999 -1000 -500 -500 0 -30752001 -500 -500 0 0 -15376001 0 -500 500 0 -1 500 -500 1000 0 15375999 -1000 0 -500 500 -30256001 -500 0 0 500 -14880001 0 0 500 500 495999 500 0 1000 500 15871999 -1000 500 -500 1000 -29760001 -500 500 0 1000 -14384001 0 500 500 1000 991999 500 500 1000 1000 16367999 2 -1000 -500 -500 0 -500 -500 0 0
PAGES -1000 -1000 1000 1000 432 -1000 -1000 -1000 1000 25 -1000 -1000 -600 -600 -31347201 -600 -1000 -200 -600 -19046401 -200 -1000 200 -600 -6745601 200 -1000 600 -600 5555199 600 -1000 1000 -600 17855999 -1000 -600 -600 -200 -30950401 -600 -600 -200 -200 -18649601 -200 -600 200 -200 -6348801 200 -600 600 -200 5951999 600 -600 1000 -200 18252799 -1000 -200 -600 200 -30553601 -600 -200 -200 200 -18252801 -200 -200 200 200 -5952001 200 -200 600 200 6348799 600 -200 1000 200 18649599 -1000 200 -600 600 -30156801 -600 200 -200 600 -17856001 -200 200 200 600 -5555201 200 200 600 600 6745599 600 200 1000 600 19046399 -1000 600 -600 1000 -29760001 -600 600 -200 1000 -17459201 -200 600 200 1000 -5158401 200 600 600 1000 7142399 600 600 1000 1000 19443199 0
PAGES -1000 -1000 1000 1000 366 1100 1100 1200 1200 36 -1000 -1000 -666 -666 -31412673 -666 -1000 -332 -666 -21141505 -332 -1000 2 -666 -10870337 2 -1000 336 -666 -599169 336 -1000 670 -666 9671999 670 -1000 1000 -666 19939323 -1000 -666 -666 -332 -31081345 -666 -666 -332 -332 -20810177 -332 -666 2 -332 -10539009 2 -666 336 -332 -267841 336 -666 670 -332 10003327 670 -666 1000 -332 20270651 -1000 -332 -666 2 -30750017 -666 -332 -332 2 -20478849 -332 -332 2 2 -10207681 2 -332 336 2 63487 336 -332 670 2 10334655 670 -332 1000 2 20601979 -1000 2 -666 336 -30418689 -666 2 -332 336 -20147521 -332 2 2 336 -9876353 2 2 336 336 394815 336 2 670 336 10665983 670 2 1000 336 20933307 -1000 336 -666 670 -30087361 -666 336 -332 670 -19816193 -332 336 2 670 -9545025 2 336 336 670 726143 336 336 670 670 10997311 670 336 1000 670 21264635 -1000 670 -666 1000 -29756157 -666 670 -332 1000 -19484989 -332 670 2 1000 -9213821 2 670 336 1000 1057347 336 670 670 1000 11328515 670 670 1000 1000 21595839 0
PAGES -1000 -1000 1000 1000 632 -46 167 87 668 16 -1000 -1000 -500 -500 -31248001 -500 -1000 0 -500 -15872001 0 -1000 500 -500 -496001 500 -1000 1000 -500 14879999 -1000 -500 -500 0 -30752001 -500 -500 0 0 -15376001 0 -500 500 0 -1 500 -500 1000 0 15375999 -1000 0 -500 500 -30256001 -500 0 0 500 -14880001 0 0 500 500 495999 500 0 1000 500 15871999 -1000 500 -500 1000 -29760001 -500 500 0 1000 -14384001 0 500 500 1000 991999 500 500 1000 1000 16367999 4 -500 0 0 500 0 0 500 500 -500 500 0 1000 0 500 500 1000
PAGES -1000 -1000 1000 1000 221 -891 493 -575 1237 100 -1000 -1000 -800 -800 -31545601 -800 -1000 -600 -800 -25395201 -600 -1000 -400 -800 -19244801 -400 -1000 -200 -800 -13094401 -200 -1000 0 -800 -6944001 0 -1000 200 -800 -793601 200 -1000 400 -800 5356799 400 -1000 600 -800 11507199 600 -1000 800 -800 17657599 800 -1000 1000 -800 23807999 -1000 -800 -800 -600 -31347201 -800 -800 -600 -600 -25196801 -600 -800 -400 -600 -19046401 -400 -800 -200 -600 -12896001 -200 -800 0 -600 -6745601 0 -800 200 -600 -595201 200 -800 400 -600 5555199 400 -800 600 -600 11705599 600 -800 800 -600 17855999 800 -800 1000 -600 24006399 -1000 -600 -800 -400 -31148801 -800 -600 -600 -400 -24998401 -600 -600 -400 -400 -18848001 -400 -600 -200 -400 -12697601 -200 -600 0 -400 -6547201 0 -600 200 -400 -396801 200 -600 400 -400 5753599 400 -600 600 -400 11903999 600 -600 800 -400 18054399 800 -600 1000 -400 24204799 -1000 -400 -800 -200 -30950401 -800 -400 -600 -200 -24800001 -600 -400 -400 -200 -18649601 -400 -400 -200 -200 -12499201 -200 -400 0 -200 -6348801 0 -400 200 -200 -198401 200 -400 400 -200 5951999 400 -400 600 -200 12102399 600 -400 800 -200 18252799 800 -400 1000 -200 24403199 -1000 -200 -800 0 -30752001 -800 -200 -600 0 -24601601 -600 -200 -400 0 -18451201 -400 -200 -200 0 -12300801 -200 -200 0 0 -6150401 0 -200 200 0 -1 200 -200 400 0 6150399 400 -200 600 0 12300799 600 -200 800 0 18451199 800 -200 1000 0 24601599 -1000 0 -800 200 -30553601 -800 0 -600 200 -24403201 -600 0 -400 200 -18252801 -400 0 -200 200 -12102401 -200 0 0 200 -5952001 0 0 200 200 198399 200 0 400 200 6348799 400 0 600 200 12499199 600 0 800 200 18649599 800 0 1000 200 24799999 -1000 200 -800 400 -30355201 -800 200 -600 400 -24204801 -600 200 -400 400 -18054401 -400 200 -200 400 -11904001 -200 200 0 400 -5753601 0 200 200 400 396799 200 200 400 400 6547199 400 200 600 400 12697599 600 200 800 400 18847999 800 200 1000 400 24998399 -1000 400 -800 600 -30156801 -800 400 -600 600 -24006401 -600 400 -400 600 -17856001 -400 400 -200 600 -11705601 -200 400 0 600 -5555201 0 400 200 600 595199 200 400 400 600 6745599 400 400 600 600 12895999 600 400 800 600 19046399 800 400 1000 600 25196799 -1000 600 -800 800 -29958401 -800 600 -600 800 -23808001 -600 600 -400 800 -17657601 -400 600 -200 800 -11507201 -200 600 0 800 -5356801 0 600 200 800 793599 200 600 400 800 6943999 400 600 600 800 13094399 600 600 800 800 19244799 800 600 1000 800 25395199 -1000 800 -800 1000 -29760001 -800 800 -600 1000 -23609601 -600 800 -400 1000 -17459201 -400 800 -200 1000 -11308801 -200 800 0 1000 -5158401 0 800 200 1000 991999 200 800 400 1000 7142399 400 800 600 1000 13292799 600 800 800 1000 19443199 800 800 1000 1000 25593599 9 -1000 400 -800 600 -800 400 -600 600 -600 400 -400 600 -1000 600 -800 800 -800 600 -600 800 -600 600 -400 800 -1000 800 -800 1000 -800 800 -600 1000 -600 800 -400 1000
PAGES -1000 -1000 1000 1000 470 -1000 -1000 -1000 1000 25 -1000 -1000 -600 -600 -31347201 -600 -1000 -200 -600 -19046401 -200 -1000 200 -600 -6745601 200 -1000 600 -600 5555199 600 -1000 1000 -600 17855999 -1000 -600 -600 -200 -30950401 -600 -600 -200 -200 -18649601 -200 -600 200 -200 -6348801 200 -600 600 -200 5951999 600 -600 1000 -200 18252799 -1000 -200 -600 200 -30553601 -600 -200 -200 200 -18252801 -200 -200 200 200 -5952001 200 -200 600 200 6348799 600 -200 1000 200 18649599 -1000 200 -600 600 -30156801 -600 200 -200 600 -17856001 -200 200 200 600 -5555201 200 200 600 600 6745599 600 200 1000 600 19046399 -1000 600 -600 1000 -29760001 -600 600 -200 1000 -17459201 -200 600 200 1000 -5158401 200 600 600 1000 7142399 600 600 1000 1000 19443199 0
PAGES -1000 -1000 1000 1000 606 1100 1100 1200 1200 16 -1000 -1000 -500 -500 -31248001 -500 -1000 0 -500 -15872001 0 -1000 500 -500 -496001 500 -1000 1000 -500 14879999 -1000 -500 -500 0 -30752001 -500 -500 0 0 -15376001 0 -500 500 0 -1 500 -500 1000 0 15375999 -1000 0 -500 500 -30256001 -500 0 0 500 -14880001 0 0 500 500 495999 500 0 1000 500 15871999 -1000 500 -500 1000 -29760001 -500 500 0 1000 -14384001 0 500 500 1000 991999 500 500 1000 1000 16367999 0
PAGES -1000 -1000 1000 1000 352 240 -933 735 -744 36 -1000 -1000 -666 -666 -31412673 -666 -1000 -332 -666 -21141505 -332 -1000 2 -666 -10870337 2 -1000 336 -666 -599169 336 -1000 670 -666 9671999 670 -1000 1000 -666 19939323 -1000 -666 -666 -332 -31081345 -666 -666 -332 -332 -20810177 -332 -666 2 -332 -10539009 2 -666 336 -332 -267841 336 -666 670 -332 10003327 670 -666 1000 -332 20270651 -1000 -332 -666 2 -30750017 -666 -332 -332 2 -20478849 -332 -332 2 2 -10207681 2 -332 336 2 63487 336 -332 670 2 10334655 670 -332 1000 2 20601979 -1000 2 -666 336 -30418689 -666 2 -332 336 -20147521 -332 2 2 336 -9876353 2 2 336 336 394815 336 2 670 336 10665983 670 2 1000 336 20933307 -1000 336 -666 670 -30087361 -666 336 -332 670 -19816193 -332 336 2 670 -9545025 2 336 336 670 726143 336 336 670 670 10997311 670 336 1000 670 21264635 -1000 670 -666 1000 -29756157 -666 670 -332 1000 -19484989 -332 670 2 1000 -9213821 2 670 336 1000 1057347 336 670 670 1000 11328515 670 670 1000 1000 21595839 3 2 -1000 336 -666 336 -1000 670 -666 670 -1000 1000 -666
PAGES -1000 -1000 1000 1000 566 -434 651 -199 844 16 -1000 -1000 -500 -500 -31248001 -500 -1000 0 -500 -15872001 0 -1000 500 -500 -496001 500 -1000 1000 -500 14879999 -1000 -500 -500 0 -30752001 -500 -500 0 0 -15376001 0 -500 500 0 -1 500 -500 1000 0 15375999 -1000 0 -500 500 -30256001 -500 0 0 500 -14880001 0 0 500 500 495999 500 0 1000 500 15871999 -1000 500 -500 1000 -29760001 -500 500 0 1000 -14384001 0 500 500 1000 991999 500 500 1000 1000 16367999 1 -500 500 0 1000
PAGES -1000 -1000 1000 1000 566 -1000 -1000 -1000 1000 16 -1000 -1000 -500 -500 -31248001 -500 -1000 0 -500 -15872001 0 -1000 500 -500 -496001 500 -1000 1000 -500 14879999 -1000 -500 -500 0 -30752001 -500 -500 0 0 -15376001 0 -500 500 0 -1 500 -500 1000 0 15375999 -1000 0 -500 500 -30256001 -500 0 0 500 -14880001 0 0 500 500 495999 500 0 1000 500 15871999 -1000 500 -500 1000 -29760001 -500 500 0 1000 -14384001 0 500 500 1000 991999 500 500 1000 1000 16367999 0
PAGES -1000 -1000 1000 1000 162 1100 1100 1200 1200 169 -1000 -1000 -846 -846 -31591233 -846 -1000 -692 -846 -26855425 -692 -1000 -538 -846 -22119617 -538 -1000 -384 -846 -17383809 -384 -1000 -230 -846 -12648001 -230 -1000 -76 -846 -7912193 -76 -1000 78 -846 -3176385 78 -1000 232 -846 1559423 232 -1000 386 -846 6295231 386 -1000 540 -846 11031039 540 -1000 694 -846 15766847 694 -1000 848 -846 20502655 848 -1000 1000 -846 25236541 -1000 -846 -846 -692 -31438465 -846 -846 -692 -692 -26702657 -692 -846 -538 -692 -21966849 -538 -846 -384 -692 -17231041 -384 -846 -230 -692 -12495233 -230 -846 -76 -692 -7759425 -76 -846 78 -692 -3023617 78 -846 232 -692 1712191 232 -846 386 -692 6447999 386 -846 540 -692 11183807 540 -846 694 -692 15919615 694 -846 848 -692 20655423 848 -846 1000 -692 25389309 -1000 -692 -846 -538 -31285697 -846 -692 -692 -538 -26549889 -692 -692 -538 -538 -21814081 -538 -692 -384 -538 -17078273 -384 -692 -230 -538 -12342465 -230 -692 -76 -538 -7606657 -76 -692 78 -538 -2870849 78 -692 232 -538 1864959 232 -692 386 -538 6600767 386 -692 540 -538 11336575 540 -692 694 -538 16072383 694 -692 848 -538 20808191 848 -692 1000 -538 25542077 -1000 -538 -846 -384 -31132929 -846 -538 -692 -384 -26397121 -692 -538 -538 -384 -21661313 -538 -538 -384 -384 -16925505 -384 -538 -230 -384 -12189697 -230 -538 -76 -384 -7453889 -76 -538 78 -384 -2718081 78 -538 232 -384 2017727 232 -538 386 -384 6753535 386 -538 540 -384 11489343 540 -538 694 -384 16225151 694 -538 848 -384 20960959 848 -538 1000 -384 25694845 -1000 -384 -846 -230 -30980161 -846 -384 -692 -230 -26244353 -692 -384 -538 -230 -21508545 -538 -384 -384 -230 -16772737 -384 -384 -230 -230 -12036929 -230 -384 -76 -230 -7301121 -76 -384 78 -230 -2565313 78 -384 232 -230 2170495 232 -384 386 -230 6906303 386 -384 540 -230 11642111 540 -384 694 -230 16377919 694 -384 848 -230 21113727 848 -384 1000 -230 25847613 -1000 -230 -846 -76 -30827393 -846 -230 -692 -76 -26091585 -692 -230 -538 -76 -21355777 -538 -230 -384 -76 -16619969 -384 -230 -230 -76 -11884161 -230 -230 -76 -76 -7148353 -76 -230 78 -76 -2412545 78 -230 232 -76 2323263 232 -230 386 -76 7059071 386 -230 540 -76 11794879 540 -230 694 -76 16530687 694 -230 848 -76 21266495 848 -230 1000 -76 26000381 -1000 -76 -846 78 -30674625 -846 -76 -692 78 -25938817 -692 -76 -538 78 -21203009 -538 -76 -384 78 -16467201 -384 -76 -230 78 -11731393 -230 -76 -76 78 -6995585 -76 -76 78 78 -2259777 78 -76 232 78 2476031 232 -76 386 78 7211839 386 -76 540 78 11947647 540 -76 694 78 16683455 694 -76 848 78 21419263 848 -76 1000 78 26153149 -1000 78 -846 232 -30521857 -846 78 -692 232 -25786049 -692 78 -538 232 -21050241 -538 78 -384 232 -16314433 -384 78 -230 232 -11578625 -230 78 -76 232 -6842817 -76 78 78 232 -2107009 78 78 232 232 2628799 232 78 386 232 7364607 386 78 540 232 12100415 540 78 694 232 16836223 694 78 848 232 21572031 848 78 1000 232 26305917 -1000 232 -846 386 -30369089 -846 232 -692 386 -25633281 -692 232 -538 386 -20897473 -538 232 -384 386 -16161665 -384 232 -230 386 -11425857 -230 232 -76 386 -6690049 -76 232 78 386 -1954241 78 232 232 386 2781567 232 232 386 386 7517375 386 232 540 386 12253183 540 232 694 386 16988991 694 232 848 386 21724799 848 232 1000 386 26458685 -1000 386 -846 540 -30216321 -846 386 -692 540 -25480513 -692 386 -538 540 -20744705 -538 386 -384 540 -16008897 -384 386 -230 540 -11273089 -230 386 -76 540 -6537281 -76 386 78 540 -1801473 78 386 232 540 2934335 232 386 386 540 7670143 386 386 540 540 12405951 540 386 694 540 17141759 694 386 848 540 21877567 848 386 1000 540 26611453 -1000 540 -846 694 -30063553 -846 540 -692 694 -25327745 -692 540 -538 694 -20591937 -538 540 -384 694 -15856129 -384 540 -230 694 -11120321 -230 540 -76 694 -6384513 -76 540 78 694 -1648705 78 540 232 694 3087103 232 540 386 694 7822911 386 540 540 694 12558719 540 540 694 694 17294527 694 540 848 694 22030335 848 540 1000 694 26764221 -1000 694 -846 848 -29910785 -846 694 -692 848 -25174977 -692 694 -538 848 -20439169 -538 694 -384 848 -15703361 -384 694 -230 848 -10967553 -230 694 -76 848 -6231745 -76 694 78 848 -1495937 78 694 232 848 3239871 232 694 386 848 7975679 386 694 540 848 12711487 540 694 694 848 17447295 694 694 848 848 22183103 848 694 1000 848 26916989 -1000 848 -846 1000 -29758079 -846 848 -692 1000 -25022271 -692 848 -538 1000 -20286463 -538 848 -384 1000 -15550655 -384 848 -230 1000 -10814847 -230 848 -76 1000 -6079039 -76 848 78 1000 -1343231 78 848 232 1000 3392577 232 848 386 1000 8128385 386 848 540 1000 12864193 540 848 694 1000 17600001 694 848 848 1000 22335809 848 848 1000 1000 27069695 0
PAGES -1000 -1000 1000 1000 506 807 198 836 853 16 -1000 -1000 -500 -500 -31248001 -500 -1000 0 -500 -15872001 0 -1000 500 -500 -496001 500 -1000 1000 -500 14879999 -1000 -500 -500 0 -30752001 -500 -500 0 0 -15376001 0 -500 500 0 -1 500 -500 1000 0 15375999 -1000 0 -500 500 -30256001 -500 0 0 500 -14880001 0 0 500 500 495999 500 0 1000 500 15871999 -1000 500 -500 1000 -29760001 -500 500 0 1000 -14384001 0 500 500 1000 991999 500 500 1000 1000 16367999 2 500 0 1000 500 500 500 1000 1000
PAGES -1000 -1000 1000 1000 513 829 949 1380 1479 16 -1000 -1000 -500 -500 -31248001 -500 -1000 0 -500 -15872001 0 -1000 500 -500 -496001 500 -1000 1000 -500 14879999 -1000 -500 -500 0 -30752001 -500 -500 0 0 -15376001 0 -500 500 0 -1 500 -500 1000 0 15375999 -1000 0 -500 500 -30256001 -500 0 0 500 -14880001 0 0 500 500 495999 500 0 1000 500 15871999 -1000 500 -500 1000 -29760001 -500 500 0 1000 -14384001 0 500 500 1000 991999 500 500 1000 1000 16367999 1 500 500 1000 1000
PAGES -1000 -1000 1000 1000 673 -1000 -1000 -1000 1000 9 -1000 -1000 -333 -333 -31082337 -333 -1000 334 -333 -10570753 334 -1000 1000 -333 9939870 -1000 -333 -333 334 -30420673 -333 -333 334 334 -9909089 334 -333 1000 334 10601534 -1000 334 -333 1000 -29759040 -333 334 334 1000 -9247456 334 334 1000 1000 11263167 0
PAGES -1000 -1000 1000 1000 282 1100 1100 1200 1200 64 -1000 -1000 -750 -750 -31496001 -750 -1000 -500 -750 -23808001 -500 -1000 -250 -750 -16120001 -250 -1000 0 -750 -8432001 0 -1000 250 -750 -744001 250 -1000 500 -750 6943999 500 -1000 750 -750 14631999 750 -1000 1000 -750 22319999 -1000 -750 -750 -500 -31248001 -750 -750 -500 -500 -23560001 -500 -750 -250 -500 -15872001 -250 -750 0 -500 -8184001 0 -750 250 -500 -496001 250 -750 500 -500 7191999 500 -750 750 -500 14879999 750 -750 1000 -500 22567999 -1000 -500 -750 -250 -31000001 -750 -500 -500 -250 -23312001 -500 -500 -250 -250 -15624001 -250 -500 0 -250 -7936001 0 -500 250 -250 -248001 250 -500 500 -250 7439999 500 -500 750 -250 15127999 750 -500 1000 -250 22815999 -1000 -250 -750 0 -30752001 -750 -250 -500 0 -23064001 -500 -250 -250 0 -15376001 -250 -250 0 0 -7688001 0 -250 250 0 -1 250 -250 500 0 7687999 500 -250 750 0 15375999 750 -250 1000 0 23063999 -1000 0 -750 250 -30504001 -750 0 -500 250 -22816001 -500 0 -250 250 -15128001 -250 0 0 250 -7440001 0 0 250 250 247999 250 0 500 250 7935999 500 0 750 250 15623999 750 0 1000 250 23311999 -1000 250 -750 500 -30256001 -750 250 -500 500 -22568001 -500 250 -250 500 -14880001 -250 250 0 500 -7192001 0 250 250 500 495999 250 250 500 500 8183999 500 250 750 500 15871999 750 250 1000 500 23559999 -1000 500 -750 750 -30008001 -750 500 -500 750 -22320001 -500 500 -250 750 -14632001 -250 500 0 750 -6944001 0 500 250 750 743999 250 500 500 750 8431999 500 500 750 750 16119999 750 500 1000 750 23807999 -1000 750 -750 1000 -29760001 -750 750 -500 1000 -22072001 -500 750 -250 1000 -14384001 -250 750 0 1000 -6696001 0 750 250 1000 991999 250 750 500 1000 8679999 500 750 750 1000 16367999 750 750 1000 1000 24055999 0
PAGES -1000 -1000 1000 1000 626 -491 834 -21 1135 16 -1000 -1000 -500 -500 -31248001 -500 -1000 0 -500 -15872001 0 -1000 500 -500 -496001 500 -1000 1000 -500 14879999 -1000 -500 -500 0 -30752001 -500 -500 0 0 -15376001 0 -500 500 0 -1 500 -500 1000 0 15375999 -1000 0 -500 500 -30256001 -500 0 0 500 -14880001 0 0 500 500 495999 500 0 1000 500 15871999 -1000 500 -500 1000 -29760001 -500 500 0 1000 -14384001 0 500 500 1000 991999 500 500 1000 1000 16367999 1 -500 500 0 1000
PAGES -1000 -1000 1000 1000 517 -398 6 -129 148 16 -1000 -1000 -500 -500 -31248001 -500 -1000 0 -500 -15872001 0 -1000 500 -500 -496001 500 -1000 1000 -500 14879999 -1000 -500 -500 0 -30752001 -500 -500 0 0 -15376001 0 -500 500 0 -1 500 -500 1000 0 15375999 -1000 0 -500 500 -30256001 -500 0 0 500 -14880001 0 0 500 500 495999 500 0 1000 500 15871999 -1000 500 -500 1000 -29760001 -500 500 0 1000 -14384001 0 500 500 1000 991999 500 500 1000 1000 16367999 1 -500 0 0 500
PAGES -1000 -1000 1000 1000 501 -1000 -1000 -1000 1000 16 -1000 -1000 -500 -500 -31248001 -500 -1000 0 -500 -15872001 0 -1000 500 -500 -496001 500 -1000 1000 -500 14879999 -1000 -500 -500 0 -30752001 -500 -500 0 0 -15376001 0 -500 500 0 -1 500 -500 1000 0 15375999 -1000 0 -500 500 -30256001 -500 0 0 500 -14880001 0 0 500 500 495999 500 0 1000 500 15871999 -1000 500 -500 1000 -29760001 -500 500 0 1000 -14384001 0 500 500 1000 991999 500 500 1000 1000 16367999 0
PAGES -1000 -1000 1000 1000 106 1100 1100 1200 1200 361 -1000 -1000 -894 -894 -31638849 -894 -1000 -788 -894 -28379137 -788 -1000 -682 -894 -25119425 -682 -1000 -576 -894 -21859713 -576 -1000 -470 -894 -18600001 -470 -1000 -364 -894 -15340289 -364 -1000 -258 -894 -12080577 -258 -1000 -152 -894 -8820865 -152 -1000 -46 -894 -5561153 -46 -1000 60 -894 -2301441 60 -1000 166 -894 958271 166 -1000 272 -894 4217983 272 -1000 378 -894 7477695 378 -1000 484 -894 10737407 484 -1000 590 -894 13997119 590 -1000 696 -894 17256831 696 -1000 802 -894 20516543 802 -1000 908 -894 23776255 908 -1000 1000 -894 27022513 -1000 -894 -894 -788 -31533697 -894 -894 -788 -788 -28273985 -788 -894 -682 -788 -25014273 -682 -894 -576 -788 -21754561 -576 -894 -470 -788 -18494849 -470 -894 -364 -788 -15235137 -364 -894 -258 -788 -11975425 -258 -894 -152 -788 -8715713 -152 -894 -46 -788 -5456001 -46 -894 60 -788 -2196289 60 -894 166 -788 1063423 166 -894 272 -788 4323135 272 -894 378 -788 7582847 378 -894 484 -788 10842559 484 -894 590 -788 14102271 590 -894 696 -788 17361983 696 -894 802 -788 20621695 802 -894 908 -788 23881407 908 -894 1000 -788 27127665 -1000 -788 -894 -682 -31428545 -894 -788 -788 -682 -28168833 -788 -788 -682 -682 -24909121 -682 -788 -576 -682 -21649409 -576 -788 -470 -682 -18389697 -470 -788 -364 -682 -15129985 -364 -788 -258 -682 -11870273 -258 -788 -152 -682 -8610561 -152 -788 -46 -682 -5350849 -46 -788 60 -682 -2091137 60 -788 166 -682 1168575 166 -788 272 -682 4428287 272 -788 378 -682 7687999 378 -788 484 -682 10947711 484 -788 590 -682 14207423 590 -788 696 -682 17467135 696 -788 802 -682 20726847 802 -788 908 -682 23986559 908 -788 1000 -682 27232817 -1000 -682 -894 -576 -31323393 -894 -682 -788 -576 -28063681 -788 -682 -682 -576 -24803969 -682 -682 -576 -576 -21544257 -576 -682 -470 -576 -18284545 -470 -682 -364 -576 -15024833 -364 -682 -258 -576 -11765121 -258 -682 -152 -576 -8505409 -152 -682 -46 -576 -5245697 -46 -682 60 -576 -1985985 60 -682 166 -576 1273727 166 -682 272 -576 4533439 272 -682 378 -576 7793151 378 -682 484 -576 11052863 484 -682 590 -576 14312575 590 -682 696 -576 17572287 696 -682 802 -576 20831999 802 -682 908 -576 24091711 908 -682 1000 -576 27337969 -1000 -576 -894 -470 -31218241 -894 -576 -788 -470 -27958529 -788 -576 -682 -470 -24698817 -682 -576 -576 -470 -21439105 -576 -576 -470 -470 -18179393 -470 -576 -364 -470 -14919681 -364 -576 -258 -470 -11659969 -258 -576 -152 -470 -8400257 -152 -576 -46 -470 -5140545 -46 -576 60 -470 -1880833 60 -576 166 -470 1378879 166 -576 272 -470 4638591 272 -576 378 -470 7898303 378 -576 484 -470 11158015 484 -576 590 -470 14417727 590 -576 696 -470 17677439 696 -576 802 -470 20937151 802 -576 908 -470 24196863 908 -576 1000 -470 27443121 -1000 -470 -894 -364 -31113089 -894 -470 -788 -364 -27853377 -788 -470 -682 -364 -24593665 -682 -470 -576 -364 -21333953 -576 -470 -470 -364 -18074241 -470 -470 -364 -364 -14814529 -364 -470 -258 -364 -11554817 -258 -470 -152 -364 -8295105 -152 -470 -46 -364 -5035393 -46 -470 60 -364 -1775681 60 -470 166 -364 1484031 166 -470 272 -364 4743743 272 -470 378 -364 8003455 378 -470 484 -364 11263167 484 -470 590 -364 14522879 590 -470 696 -364 17782591 696 -470 802 -364 21042303 802 -470 908 -364 24302015 908 -470 1000 -364 27548273 -1000 -364 -894 -258 -31007937 -894 -364 -788 -258 -27748225 -788 -364 -682 -258 -24488513 -682 -364 -576 -258 -21228801 -576 -364 -470 -258 -17969089 -470 -364 -364 -258 -14709377 -364 -364 -258 -258 -11449665 -258 -364 -152 -258 -8189953 -152 -364 -46 -258 -4930241 -46 -364 60 -258 -1670529 60 -364 166 -258 1589183 166 -364 272 -258 4848895 272 -364 378 -258 8108607 378 -364 484 -258 11368319 484 -364 590 -258 14628031 590 -364 696 -258 17887743 696 -364 802 -258 21147455 802 -364 908 -258 24407167 908 -364 1000 -258 27653425 -1000 -258 -894 -152 -30902785 -894 -258 -788 -152 -27643073 -788 -258 -682 -152 -24383361 -682 -258 -576 -152 -21123649 -576 -258 -470 -152 -17863937 -470 -258 -364 -152 -14604225 -364 -258 -258 -152 -11344513 -258 -258 -152 -152 -8084801 -152 -258 -46 -152 -4825089 -46 -258 60 -152 -1565377 60 -258 166 -152 1694335 166 -258 272 -152 4954047 272 -258 378 -152 8213759 378 -258 484 -152 11473471 484 -258 590 -152 14733183 590 -258 696 -152 17992895 696 -258 802 -152 21252607 802 -258 908 -152 24512319 908 -258 1000 -152 27758577 -1000 -152 -894 -46 -30797633 -894 -152 -788 -46 -27537921 -788 -152 -682 -46 -24278209 -682 -152 -576 -46 -21018497 -576 -152 -470 -46 -17758785 -470 -152 -364 -46 -14499073 -364 -152 -258 -46 -11239361 -258 -152 -152 -46 -7979649 -152 -152 -46 -46 -4719937 -46 -152 60 -46 -1460225 60 -152 166 -46 1799487 166 -152 272 -46 5059199 272 -152 378 -46 8318911 378 -152 484 -46 11578623 484 -152 590 -46 14838335 590 -152 696 -46 18098047 696 -152 802 -46 21357759 802 -152 908 -46 24617471 908 -152 1000 -46 27863729 -1000 -46 -894 60 -30692481 -894 -46 -788 60 -27432769 -788 -46 -682 60 -24173057 -682 -46 -576 60 -20913345 -576 -46 -470 60 -17653633 -470 -46 -364 60 -14393921 -364 -46 -258 60 -11134209 -258 -46 -152 60 -7874497 -152 -46 -46 60 -4614785 -46 -46 60 60 -1355073 60 -46 166 60 1904639 166 -46 272 60 5164351 272 -46 378 60 8424063 378 -46 484 60 11683775 484 -46 590 60 14943487 590 -46 696 60 18203199 696 -46 802 60 21462911 802 -46 908 60 24722623 908 -46 1000 60 27968881 -1000 60 -894 166 -30587329 -894 60 -788 166 -27327617 -788 60 -682 166 -24067905 -682 60 -576 166 -20808193 -576 60 -470 166 -17548481 -470 60 -364 166 -14288769 -364 60 -258 166 -11029057 -258 60 -152 166 -7769345 -152 60 -46 166 -4509633 -46 60 60 166 -1249921 60 60 166 166 2009791 166 60 272 166 5269503 272 60 378 166 8529215 378 60 484 166 11788927 484 60 590 166 15048639 590 60 696 166 18308351 696 60 802 166 21568063 802 60 908 166 24827775 908 60 1000 166 28074033 -1000 166 -894 272 -30482177 -894 166 -788 272 -27222465 -788 166 -682 272 -23962753 -682 166 -576 272 -20703041 -576 166 -470 272 -17443329 -470 166 -364 272 -14183617 -364 166 -258 272 -10923905 -258 166 -152 272 -7664193 -152 166 -46 272 -4404481 -46 166 60 272 -1144769 60 166 166 272 2114943 166 166 272 272 5374655 272 166 378 272 8634367 378 166 484 272 11894079 484 166 590 272 15153791 590 166 696 272 18413503 696 166 802 272 21673215 802 166 908 272 24932927 908 166 1000 272 28179185 -1000 272 -894 378 -30377025 -894 272 -788 378 -27117313 -788 272 -682 378 -23857601 -682 272 -576 378 -20597889 -576 272 -470 378 -17338177 -470 272 -364 378 -14078465 -364 272 -258 378 -10818753 -258 272 -152 378 -7559041 -152 272 -46 378 -4299329 -46 272 60 378 -1039617 60 272 166 378 2220095 166 272 272 378 5479807 272 272 378 378 8739519 378 272 484 378 11999231 484 272 590 378 15258943 590 272 696 378 18518655 696 272 802 378 21778367 802 272 908 378 25038079 908 272 1000 378 28284337 -1000 378 -894 484 -30271873 -894 378 -788 484 -27012161 -788 378 -682 484 -23752449 -682 378 -576 484 -20492737 -576 378 -470 484 -17233025 -470 378 -364 484 -13973313 -364 378 -258 484 -10713601 -258 378 -152 484 -7453889 -152 378 -46 484 -4194177 -46 378 60 484 -934465 60 378 166 484 2325247 166 378 272 484 5584959 272 378 378 484 8844671 378 378 484 484 12104383 484 378 590 484 15364095 590 378 696 484 18623807 696 378 802 484 21883519 802 378 908 484 25143231 908 378 1000 484 28389489 -1000 484 -894 590 -30166721 -894 484 -788 590 -26907009 -788 484 -682 590 -23647297 -682 484 -576 590 -20387585 -576 484 -470 590 -17127873 -470 484 -364 590 -13868161 -364 484 -258 590 -10608449 -258 484 -152 590 -7348737 -152 484 -46 590 -4089025 -46 484 60 590 -829313 60 484 166 590 2430399 166 484 272 590 5690111 272 484 378 590 8949823 378 484 484 590 12209535 484 484 590 590 15469247 590 484 696 590 18728959 696 484 802 590 21988671 802 484 908 590 25248383 908 484 1000 590 28494641 -1000 590 -894 696 -30061569 -894 590 -788 696 -26801857 -788 590 -682 696 -23542145 -682 590 -576 696 -20282433 -576 590 -470 696 -17022721 -470 590 -364 696 -13763009 -364 590 -258 696 -10503297 -258 590 -152 696 -7243585 -152 590 -46 696 -3983873 -46 590 60 696 -724161 60 590 166 696 2535551 166 590 272 696 5795263 272 590 378 696 9054975 378 590 484 696 12314687 484 590 590 696 15574399 590 590 696 696 18834111 696 590 802 696 22093823 802 590 908 696 25353535 908 590 1000 696 28599793 -1000 696 -894 802 -29956417 -894 696 -788 802 -26696705 -788 696 -682 802 -23436993 -682 696 -576 802 -20177281 -576 696 -470 802 -16917569 -470 696 -364 802 -13657857 -364 696 -258 802 -10398145 -258 696 -152 802 -7138433 -152 696 -46 802 -3878721 -46 696 60 802 -619009 60 696 166 802 2640703 166 696 272 802 5900415 272 696 378 802 9160127 378 696 484 802 12419839 484 696 590 802 15679551 590 696 696 802 18939263 696 696 802 802 22198975 802 696 908 802 25458687 908 696 1000 802 28704945 -1000 802 -894 908 -29851265 -894 802 -788 908 -26591553 -788 802 -682 908 -23331841 -682 802 -576 908 -20072129 -576 802 -470 908 -16812417 -470 802 -364 908 -13552705 -364 802 -258 908 -10292993 -258 802 -152 908 -7033281 -152 802 -46 908 -3773569 -46 802 60 908 -513857 60 802 166 908 2745855 166 802 272 908 6005567 272 802 378 908 9265279 378 802 484 908 12524991 484 802 590 908 15784703 590 802 696 908 19044415 696 802 802 908 22304127 802 802 908 908 25563839 908 802 1000 908 28810097 -1000 908 -894 1000 -29746547 -894 908 -788 1000 -26486835 -788 908 -682 1000 -23227123 -682 908 -576 1000 -19967411 -576 908 -470 1000 -16707699 -470 908 -364 1000 -13447987 -364 908 -258 1000 -10188275 -258 908 -152 1000 -6928563 -152 908 -46 1000 -3668851 -46 908 60 1000 -409139 60 908 166 1000 2850573 166 908 272 1000 6110285 272 908 378 1000 9369997 378 908 484 1000 12629709 484 908 590 1000 15889421 590 908 696 1000 19149133 696 908 802 1000 22408845 802 908 908 1000 25668557 908 908 1000 1000 28914815 0
PAGES -1000 -1000 1000 1000 244 451 523 589 1084 81 -1000 -1000 -777 -777 -31522785 -777 -1000 -554 -777 -24665089 -554 -1000 -331 -777 -17807393 -331 -1000 -108 -777 -10949697 -108 -1000 115 -777 -4092001 115 -1000 338 -777 2765695 338 -1000 561 -777 9623391 561 -1000 784 -777 16481087 784 -1000 1000 -777 23332056 -1000 -777 -777 -554 -31301569 -777 -777 -554 -554 -24443873 -554 -777 -331 -554 -17586177 -331 -777 -108 -554 -10728481 -108 -777 115 -554 -3870785 115 -777 338 -554 2986911 338 -777 561 -554 9844607 561 -777 784 -554 16702303 784 -777 1000 -554 23553272 -1000 -554 -777 -331 -31080353 -777 -554 -554 -331 -24222657 -554 -554 -331 -331 -17364961 -331 -554 -108 -331 -10507265 -108 -554 115 -331 -3649569 115 -554 338 -331 3208127 338 -554 561 -331 10065823 561 -554 784 -331 16923519 784 -554 1000 -331 23774488 -1000 -331 -777 -108 -30859137 -777 -331 -554 -108 -24001441 -554 -331 -331 -108 -17143745 -331 -331 -108 -108 -10286049 -108 -331 115 -108 -3428353 115 -331 338 -108 3429343 338 -331 561 -108 10287039 561 -331 784 -108 17144735 784 -331 1000 -108 23995704 -1000 -108 -777 115 -30637921 -777 -108 -554 115 -23780225 -554 -108 -331 115 -16922529 -331 -108 -108 115 -10064833 -108 -108 115 115 -3207137 115 -108 338 115 3650559 338 -108 561 115 10508255 561 -108 784 115 17365951 784 -108 1000 115 24216920 -1000 115 -777 338 -30416705 -777 115 -554 338 -23559009 -554 115 -331 338 -16701313 -331 115 -108 338 -9843617 -108 115 115 338 -2985921 115 115 338 338 3871775 338 115 561 338 10729471 561 115 784 338 17587167 784 115 1000 338 24438136 -1000 338 -777 561 -30195489 -777 338 -554 561 -23337793 -554 338 -331 561 -16480097 -331 338 -108 561 -9622401 -108 338 115 561 -2764705 115 338 338 561 4092991 338 338 561 561 10950687 561 338 784 561 17808383 784 338 1000 561 24659352 -1000 561 -777 784 -29974273 -777 561 -554 784 -23116577 -554 561 -331 784 -16258881 -331 561 -108 784 -9401185 -108 561 115 784 -2543489 115 561 338 784 4314207 338 561 561 784 11171903 561 561 784 784 18029599 784 561 1000 784 24880568 -1000 784 -777 1000 -29753274 -777 784 -554 1000 -22895578 -554 784 -331 1000 -16037882 -331 784 -108 1000 -9180186 -108 784 115 1000 -2322490 115 784 338 1000 4535206 338 784 561 1000 11392902 561 784 784 1000 18250598 784 784 1000 1000 25101567 6 338 338 561 561 561 338 784 561 338 561 561 784 561 561 784 784 338 784 561 1000 561 784 784 1000
PAGES -1000 -1000 1000 1000 481 274 -814 318 -115 25 -1000 -1000 -600 -600 -31347201 -600 -1000 -200 -600 -19046401 -200 -1000 200 -600 -6745601 200 -1000 600 -600 5555199 600 -1000 1000 -600 17855999 -1000 -600 -600 -200 -30950401 -600 -600 -200 -200 -18649601 -200 -600 200 -200 -6348801 200 -600 600 -200 5951999 600 -600 1000 -200 18252799 -1000 -200 -600 200 -30553601 -600 -200 -200 200 -18252801 -200 -200 200 200 -5952001 200 -200 600 200 6348799 600 -200 1000 200 18649599 -1000 200 -600 600 -30156801 -600 200 -200 600 -17856001 -200 200 200 600 -5555201 200 200 600 600 6745599 600 200 1000 600 19046399 -1000 600 -600 1000 -29760001 -600 600 -200 1000 -17459201 -200 600 200 1000 -5158401 200 600 600 1000 7142399 600 600 1000 1000 19443199 3 200 -1000 600 -600 200 -600 600 -200 200 -200 600 200
PAGES -1000 -1000 1000 1000 300 -1000 -1000 -1000 1000 49 -1000 -1000 -714 -714 -31460289 -714 -1000 -428 -714 -22665217 -428 -1000 -142 -714 -13870145 -142 -1000 144 -714 -5075073 144 -1000 430 -714 3719999 430 -1000 716 -714 12515071 716 -1000 1000 -714 21308221 -1000 -714 -714 -428 -31176577 -714 -714 -428 -428 -22381505 -428 -714 -142 -428 -13586433 -142 -714 144 -428 -4791361 144 -714 430 -428 4003711 430 -714 716 -428 12798783 716 -714 1000 -428 21591933 -1000 -428 -714 -142 -30892865 -714 -428 -428 -142 -22097793 -428 -428 -142 -142 -13302721 -142 -428 144 -142 -4507649 144 -428 430 -142 4287423 430 -428 716 -142 13082495 716 -428 1000 -142 21875645 -1000 -142 -714 144 -30609153 -714 -142 -428 144 -21814081 -428 -142 -142 144 -13019009 -142 -142 144 144 -4223937 144 -142 430 144 4571135 430 -142 716 144 13366207 716 -142 1000 144 22159357 -1000 144 -714 430 -30325441 -714 144 -428 430 -21530369 -428 144 -142 430 -12735297 -142 144 144 430 -3940225 144 144 430 430 4854847 430 144 716 430 13649919 716 144 1000 430 22443069 -1000 430 -714 716 -30041729 -714 430 -428 716 -21246657 -428 430 -142 716 -12451585 -142 430 144 716 -3656513 144 430 430 716 5138559 430 430 716 716 13933631 716 430 1000 716 22726781 -1000 716 -714 1000 -29758079 -714 716 -428 1000 -20963007 -428 716 -142 1000 -12167935 -142 716 144 1000 -3372863 144 716 430 1000 5422209 430 716 716 1000 14217281 716 716 1000 1000 23010431 0
PAGES -1000 -1000 1000 1000 626 1100 1100 1200 1200 16 -1000 -1000 -500 -500 -31248001 -500 -1000 0 -500 -15872001 0 -1000 500 -500 -496001 500 -1000 1000 -500 14879999 -1000 -500 -500 0 -30752001 -500 -500 0 0 -15376001 0 -500 500 0 -1 500 -500 1000 0 15375999 -1000 0 -500 500 -30256001 -500 0 0 500 -14880001 0 0 500 500 495999 500 0 1000 500 15871999 -1000 500 -500 1000 -29760001 -500 500 0 1000 -14384001 0 500 500 1000 991999 500 500 1000 1000 16367999 0
PAGES -1000 -1000 1000 1000 257 -584 -217 -497 -162 64 -1000 -1000 -750 -750 -31496001 -750 -1000 -500 -750 -23808001 -500 -1000 -250 -750 -16120001 -250 -1000 0 -750 -8432001 0 -1000 250 -750 -744001 250 -1000 500 -750 6943999 500 -1000 750 -750 14631999 750 -1000 1000 -750 22319999 -1000 -750 -750 -500 -31248001 -750 -750 -500 -500 -23560001 -500 -750 -250 -500 -15872001 -250 -750 0 -500 -8184001 0 -750 250 -500 -496001 250 -750 500 -500 7191999 500 -750 750 -500 14879999 750 -750 1000 -500 22567999 -1000 -500 -750 -250 -31000001 -750 -500 -500 -250 -23312001 -500 -500 -250 -250 -15624001 -250 -500 0 -250 -7936001 0 -500 250 -250 -248001 250 -500 500 -250 7439999 500 -500 750 -250 15127999 750 -500 1000 -250 22815999 -1000 -250 -750 0 -30752001 -750 -250 -500 0 -23064001 -500 -250 -250 0 -15376001 -250 -250 0 0 -7688001 0 -250 250 0 -1 250 -250 500 0 7687999 500 -250 750 0 15375999 750 -250 1000 0 23063999 -1000 0 -750 250 -30504001 -750 0 -500 250 -22816001 -500 0 -250 250 -15128001 -250 0 0 250 -7440001 0 0 250 250 247999 250 0 500 250 7935999 500 0 750 250 15623999 750 0 1000 250 23311999 -1000 250 -750 500 -30256001 -750 250 -500 500 -22568001 -500 250 -250 500 -14880001 -250 250 0 500 -7192001 0 250 250 500 495999 250 250 500 500 8183999 500 250 750 500 15871999 750 250 1000 500 23559999 -1000 500 -750 750 -30008001 -750 500 -500 750 -22320001 -500 500 -250 750 -14632001 -250 500 0 750 -6944001 0 500 250 750 743999 250 500 500 750 8431999 500 500 750 750 16119999 750 500 1000 750 23807999 -1000 750 -750 1000 -29760001 -750 750 -500 1000 -22072001 -500 750 -250 1000 -14384001 -250 750 0 1000 -6696001 0 750 250 1000 991999 250 750 500 1000 8679999 500 750 750 1000 16367999 750 750 1000 1000 24055999 2 -750 -250 -500 0 -500 -250 -250 0
PAGES -1000 -1000 1000 1000 239 -891 435 -844 643 81 -1000 -1000 -777 -777 -31522785 -777 -1000 -554 -777 -24665089 -554 -1000 -331 -777 -17807393 -331 -1000 -108 -777 -10949697 -108 -1000 115 -777 -4092001 115 -1000 338 -777 2765695 338 -1000 561 -777 9623391 561 -1000 784 -777 16481087 784 -1000 1000 -777 23332056 -1000 -777 -777 -554 -31301569 -777 -777 -554 -554 -24443873 -554 -777 -331 -554 -17586177 -331 -777 -108 -554 -10728481 -108 -777 115 -554 -3870785 115 -777 338 -554 2986911 338 -777 561 -554 9844607 561 -777 784 -554 16702303 784 -777 1000 -554 23553272 -1000 -554 -777 -331 -31080353 -777 -554 -554 -331 -24222657 -554 -554 -331 -331 -17364961 -331 -554 -108 -331 -10507265 -108 -554 115 -331 -3649569 115 -554 338 -331 3208127 338 -554 561 -331 10065823 561 -554 784 -331 16923519 784 -554 1000 -331 23774488 -1000 -331 -777 -108 -30859137 -777 -331 -554 -108 -24001441 -554 -331 -331 -108 -17143745 -331 -331 -108 -108 -10286049 -108 -331 115 -108 -3428353 115 -331 338 -108 3429343 338 -331 561 -108 10287039 561 -331 784 -108 17144735 784 -331 1000 -108 23995704 -1000 -108 -777 115 -30637921 -777 -108 -554 115 -23780225 -554 -108 -331 115 -16922529 -331 -108 -108 115 -10064833 -108 -108 115 115 -3207137 115 -108 338 115 3650559 338 -108 561 115 10508255 561 -108 784 115 17365951 784 -108 1000 115 24216920 -1000 115 -777 338 -30416705 -777 115 -554 338 -23559009 -554 115 -331 338 -16701313 -331 115 -108 338 -9843617 -108 115 115 338 -2985921 115 115 338 338 3871775 338 115 561 338 10729471 561 115 784 338 17587167 784 115 1000 338 24438136 -1000 338 -777 561 -30195489 -777 338 -554 561 -23337793 -554 338 -331 561 -16480097 -331 338 -108 561 -9622401 -108 338 115 561 -2764705 115 338 338 561 4092991 338 338 561 561 10950687 561 338 784 561 17808383 784 338 1000 561 24659352 -1000 561 -777 784 -29974273 -777 561 -554 784 -23116577 -554 561 -331 784 -16258881 -331 561 -108 784 -9401185 -108 561 115 784 -2543489 115 561 338 784 4314207 338 561 561 784 11171903 561 561 784 784 18029599 784 561 1000 784 24880568 -1000 784 -777 1000 -29753274 -777 784 -554 1000 -22895578 -554 784 -331 1000 -16037882 -331 784 -108 1000 -9180186 -108 784 115 1000 -2322490 115 784 338 1000 4535206 338 784 561 1000 11392902 561 784 784 1000 18250598 784 784 1000 1000 25101567 2 -1000 338 -777 561 -1000 561 -777 784
PAGES -1000 -1000 1000 1000 763 -1000 -1000 -1000 1000 9 -1000 -1000 -333 -333 -31082337 -333 -1000 334 -333 -10570753 334 -1000 1000 -333 9939870 -1000 -333 -333 334 -30420673 -333 -333 334 334 -9909089 334 -333 1000 334 10601534 -1000 334 -333 1000 -29759040 -333 334 334 1000 -9247456 334 334 1000 1000 11263167 0
PAGES -1000 -1000 1000 1000 540 1100 1100 1200 1200 16 -1000 -1000 -500 -500 -31248001 -500 -1000 0 -500 -15872001 0 -1000 500 -500 -496001 500 -1000 1000 -500 14879999 -1000 -500 -500 0 -30752001 -500 -500 0 0 -15376001 0 -500 500 0 -1 500 -500 1000 0 15375999 -1000 0 -500 500 -30256001 -500 0 0 500 -14880001 0 0 500 500 495999 500 0 1000 500 15871999 -1000 500 -500 1000 -29760001 -500 500 0 1000 -14384001 0 500 500 1000 991999 500 500 1000 1000 16367999 0
PAGES -1000 -1000 1000 1000 261 -709 -824 -621 -609 64 -1000 -1000 -750 -750 -31496001 -750 -1000 -500 -750 -23808001 -500 -1000 -250 -750 -16120001 -250 -1000 0 -750 -8432001 0 -1000 250 -750 -744001 250 -1000 500 -750 6943999 500 -1000 750 -750 14631999 750 -1000 1000 -750 22319999 -1000 -750 -750 -500 -31248001 -750 -750 -500 -500 -23560001 -500 -750 -250 -500 -15872001 -250 -750 0 -500 -8184001 0 -750 250 -500 -496001 250 -750 500 -500 7191999 500 -750 750 -500 14879999 750 -750 1000 -500 22567999 -1000 -500 -750 -250 -31000001 -750 -500 -500 -250 -23312001 -500 -500 -250 -250 -15624001 -250 -500 0 -250 -7936001 0 -500 250 -250 -248001 250 -500 500 -250 7439999 500 -500 750 -250 15127999 750 -500 1000 -250 22815999 -1000 -250 -750 0 -30752001 -750 -250 -500 0 -23064001 -500 -250 -250 0 -15376001 -250 -250 0 0 -7688001 0 -250 250 0 -1 250 -250 500 0 7687999 500 -250 750 0 15375999 750 -250 1000 0 23063999 -1000 0 -750 250 -30504001 -750 0 -500 250 -22816001 -500 0 -250 250 -15128001 -250 0 0 250 -7440001 0 0 250 250 247999 250 0 500 250 7935999 500 0 750 250 15623999 750 0 1000 250 23311999 -1000 250 -750 500 -30256001 -750 250 -500 500 -22568001 -500 250 -250 500 -14880001 -250 250 0 500 -7192001 0 250 250 500 495999 250 250 500 500 8183999 500 250 750 500 15871999 750 250 1000 500 23559999 -1000 500 -750 750 -30008001 -750 500 -500 750 -22320001 -500 500 -250 750 -14632001 -250 500 0 750 -6944001 0 500 250 750 743999 250 500 500 750 8431999 500 500 750 750 16119999 750 500 1000 750 23807999 -1000 750 -750 1000 -29760001 -750 750 -500 1000 -22072001 -500 750 -250 1000 -14384001 -250 750 0 1000 -6696001 0 750 250 1000 991999 250 750 500 1000 8679999 500 750 750 1000 16367999 750 750 1000 1000 24055999 2 -750 -1000 -500 -750 -750 -750 -500 -500
PAGES -1000 -1000 1000 1000 737 958 752 1655 1309 9 -1000 -1000 -333 -333 -31082337 -333 -1000 334 -333 -10570753 334 -1000 1000 -333 9939870 -1000 -333 -333 334 -30420673 -333 -333 334 334 -9909089 334 -333 1000 334 10601534 -1000 334 -333 1000 -29759040 -333 334 334 1000 -9247456 334 334 1000 1000 11263167 1 334 334 1000 1000
PAGES -1000 -1000 1000 1000 477 -1000 -1000 -1000 1000 25 -1000 -1000 -600 -600 -31347201 -600 -1000 -200 -600 -19046401 -200 -1000 200 -600 -6745601 200 -1000 600 -600 5555199 600 -1000 1000 -600 17855999 -1000 -600 -600 -200 -30950401 -600 -600 -200 -200 -18649601 -200 -600 200 -200 -6348801 200 -600 600 -200 5951999 600 -600 1000 -200 18252799 -1000 -200 -600 200 -30553601 -600 -200 -200 200 -18252801 -200 -200 200 200 -5952001 200 -200 600 200 6348799 600 -200 1000 200 18649599 -1000 200 -600 600 -30156801 -600 200 -200 600 -17856001 -200 200 200 600 -5555201 200 200 600 600 6745599 600 200 1000 600 19046399 -1000 600 -600 1000 -29760001 -600 600 -200 1000 -17459201 -200 600 200 1000 -5158401 200 600 600 1000 7142399 600 600 1000 1000 19443199 0
PAGES -1000 -1000 1000 1000 369 1100 1100 1200 1200 36 -1000 -1000 -666 -666 -31412673 -666 -1000 -332 -666 -21141505 -332 -1000 2 -666 -10870337 2 -1000 336 -666 -599169 336 -1000 670 -666 9671999 670 -1000 1000 -666 19939323 -1000 -666 -666 -332 -31081345 -666 -666 -332 -332 -20810177 -332 -666 2 -332 -10539009 2 -666 336 -332 -267841 336 -666 670 -332 10003327 670 -666 1000 -332 20270651 -1000 -332 -666 2 -30750017 -666 -332 -332 2 -20478849 -332 -332 2 2 -10207681 2 -332 336 2 63487 336 -332 670 2 10334655 670 -332 1000 2 20601979 -1000 2 -666 336 -30418689 -666 2 -332 336 -20147521 -332 2 2 336 -9876353 2 2 336 336 394815 336 2 670 336 10665983 670 2 1000 336 20933307 -1000 336 -666 670 -30087361 -666 336 -332 670 -19816193 -332 336 2 670 -9545025 2 336 336 670 726143 336 336 670 670 10997311 670 336 1000 670 21264635 -1000 670 -666 1000 -29756157 -666 670 -332 1000 -19484989 -332 670 2 1000 -9213821 2 670 336 1000 1057347 336 670 670 1000 11328515 670 670 1000 1000 21595839 0
PAGES -1000 -1000 1000 1000 694 57 -111 195 511 9 -1000 -1000 -333 -333 -31082337 -333 -1000 334 -333 -10570753 334 -1000 1000 -333 9939870 -1000 -333 -333 334 -30420673 -333 -333 334 334 -9909089 334 -333 1000 334 10601534 -1000 334 -333 1000 -29759040 -333 334 334 1000 -9247456 334 334 1000 1000 11263167 2 -333 -333 334 334 -333 334 334 1000
PAGES -1000 -1000 1000 1000 243 -579 -606 -252 -588 81 -1000 -1000 -777 -777 -31522785 -777 -1000 -554 -777 -24665089 -554 -1000 -331 -777 -17807393 -331 -1000 -108 -777 -10949697 -108 -1000 115 -777 -4092001 115 -1000 338 -777 2765695 338 -1000 561 -777 9623391 561 -1000 784 -777 16481087 784 -1000 1000 -777 23332056 -1000 -777 -777 -554 -31301569 -777 -777 -554 -554 -24443873 -554 -777 -331 -554 -17586177 -331 -777 -108 -554 -10728481 -108 -777 115 -554 -3870785 115 -777 338 -554 2986911 338 -777 561 -554 9844607 561 -777 784 -554 16702303 784 -777 1000 -554 23553272 -1000 -554 -777 -331 -31080353 -777 -554 -554 -331 -24222657 -554 -554 -331 -331 -17364961 -331 -554 -108 -331 -10507265 -108 -554 115 -331 -3649569 115 -554 338 -331 3208127 338 -554 561 -331 10065823 561 -554 784 -331 16923519 784 -554 1000 -331 23774488 -1000 -331 -777 -108 -30859137 -777 -331 -554 -108 -24001441 -554 -331 -331 -108 -17143745 -331 -331 -108 -108 -10286049 -108 -331 115 -108 -3428353 115 -331 338 -108 3429343 338 -331 561 -108 10287039 561 -331 784 -108 17144735 784 -331 1000 -108 23995704 -1000 -108 -777 115 -30637921 -777 -108 -554 115 -23780225 -554 -108 -331 115 -16922529 -331 -108 -108 115 -10064833 -108 -108 115 115 -3207137 115 -108 338 115 3650559 338 -108 561 115 10508255 561 -108 784 115 17365951 784 -108 1000 115 24216920 -1000 115 -777 338 -30416705 -777 115 -554 338 -23559009 -554 115 -331 338 -16701313 -331 115 -108 338 -9843617 -108 115 115 338 -2985921 115 115 338 338 3871775 338 115 561 338 10729471 561 115 784 338 17587167 784 115 1000 338 24438136 -1000 338 -777 561 -30195489 -777 338 -554 561 -23337793 -554 338 -331 561 -16480097 -331 338 -108 561 -9622401 -108 338 115 561 -2764705 115 338 338 561 4092991 338 338 561 561 10950687 561 338 784 561 17808383 784 338 1000 561 24659352 -1000 561 -777 784 -29974273 -777 561 -554 784 -23116577 -554 561 -331 784 -16258881 -331 561 -108 784 -9401185 -108 561 115 784 -2543489 115 561 338 784 4314207 338 561 561 784 11171903 561 561 784 784 18029599 784 561 1000 784 24880568 -1000 784 -777 1000 -29753274 -777 784 -554 1000 -22895578 -554 784 -331 1000 -16037882 -331 784 -108 1000 -9180186 -108 784 115 1000 -2322490 115 784 338 1000 4535206 338 784 561 1000 11392902 561 784 784 1000 18250598 784 784 1000 1000 25101567 3 -777 -777 -554 -554 -554 -777 -331 -554 -331 -777 -108 -554
PAGES -1000 -1000 1000 1000 365 -1000 -1000 -1000 1000 36 -1000 -1000 -666 -666 -31412673 -666 -1000 -332 -666 -21141505 -332 -1000 2 -666 -10870337 2 -1000 336 -666 -599169 336 -1000 670 -666 9671999 670 -1000 1000 -666 19939323 -1000 -666 -666 -332 -31081345 -666 -666 -332 -332 -20810177 -332 -666 2 -332 -10539009 2 -666 336 -332 -267841 336 -666 670 -332 10003327 670 -666 1000 -332 20270651 -1000 -332 -666 2 -30750017 -666 -332 -332 2 -20478849 -332 -332 2 2 -10207681 2 -332 336 2 63487 336 -332 670 2 10334655 670 -332 1000 2 20601979 -1000 2 -666 336 -30418689 -666 2 -332 336 -20147521 -332 2 2 336 -9876353 2 2 336 336 394815 336 2 670 336 10665983 670 2 1000 336 20933307 -1000 336 -666 670 -30087361 -666 336 -332 670 -19816193 -332 336 2 670 -9545025 2 336 336 670 726143 336 336 670 670 10997311 670 336 1000 670 21264635 -1000 670 -666 1000 -29756157 -666 670 -332 1000 -19484989 -332 670 2 1000 -9213821 2 670 336 1000 1057347 336 670 670 1000 11328515 670 670 1000 1000 21595839 0
PAGES -1000 -1000 1000 1000 143 1100 1100 1200 1200 196 -1000 -1000 -857 -857 -31602145 -857 -1000 -714 -857 -27204609 -714 -1000 -571 -857 -22807073 -571 -1000 -428 -857 -18409537 -428 -1000 -285 -857 -14012001 -285 -1000 -142 -857 -9614465 -142 -1000 1 -857 -5216929 1 -1000 144 -857 -819393 144 -1000 287 -857 3578143 287 -1000 430 -857 7975679 430 -1000 573 -857 12373215 573 -1000 716 -857 16770751 716 -1000 859 -857 21168287 859 -1000 1000 -857 25563901 -1000 -857 -857 -714 -31460289 -857 -857 -714 -714 -27062753 -714 -857 -571 -714 -22665217 -571 -857 -428 -714 -18267681 -428 -857 -285 -714 -13870145 -285 -857 -142 -714 -9472609 -142 -857 1 -714 -5075073 1 -857 144 -714 -677537 144 -857 287 -714 3719999 287 -857 430 -714 8117535 430 -857 573 -714 12515071 573 -857 716 -714 16912607 716 -857 859 -714 21310143 859 -857 1000 -714 25705757 -1000 -714 -857 -571 -31318433 -857 -714 -714 -571 -26920897 -714 -714 -571 -571 -22523361 -571 -714 -428 -571 -18125825 -428 -714 -285 -571 -13728289 -285 -714 -142 -571 -9330753 -142 -714 1 -571 -4933217 1 -714 144 -571 -535681 144 -714 287 -571 3861855 287 -714 430 -571 8259391 430 -714 573 -571 12656927 573 -714 716 -571 17054463 716 -714 859 -571 21451999 859 -714 1000 -571 25847613 -1000 -571 -857 -428 -31176577 -857 -571 -714 -428 -26779041 -714 -571 -571 -428 -22381505 -571 -571 -428 -428 -17983969 -428 -571 -285 -428 -13586433 -285 -571 -142 -428 -9188897 -142 -571 1 -428 -4791361 1 -571 144 -428 -393825 144 -571 287 -428 4003711 287 -571 430 -428 8401247 430 -571 573 -428 12798783 573 -571 716 -428 17196319 716 -571 859 -428 21593855 859 -571 1000 -428 25989469 -1000 -428 -857 -285 -31034721 -857 -428 -714 -285 -26637185 -714 -428 -571 -285 -22239649 -571 -428 -428 -285 -17842113 -428 -428 -285 -285 -13444577 -285 -428 -142 -285 -9047041 -142 -428 1 -285 -4649505 1 -428 144 -285 -251969 144 -428 287 -285 4145567 287 -428 430 -285 8543103 430 -428 573 -285 12940639 573 -428 716 -285 17338175 716 -428 859 -285 21735711 859 -428 1000 -285 26131325 -1000 -285 -857 -142 -30892865 -857 -285 -714 -142 -26495329 -714 -285 -571 -142 -22097793 -571 -285 -428 -142 -17700257 -428 -285 -285 -142 -13302721 -285 -285 -142 -142 -8905185 -142 -285 1 -142 -4507649 1 -285 144 -142 -110113 144 -285 287 -142 4287423 287 -285 430 -142 8684959 430 -285 573 -142 13082495 573 -285 716 -142 17480031 716 -285 859 -142 21877567 859 -285 1000 -142 26273181 -1000 -142 -857 1 -30751009 -857 -142 -714 1 -26353473 -714 -142 -571 1 -21955937 -571 -142 -428 1 -17558401 -428 -142 -285 1 -13160865 -285 -142 -142 1 -8763329 -142 -142 1 1 -4365793 1 -142 144 1 31743 144 -142 287 1 4429279 287 -142 430 1 8826815 430 -142 573 1 13224351 573 -142 716 1 17621887 716 -142 859 1 22019423 859 -142 1000 1 26415037 -1000 1 -857 144 -30609153 -857 1 -714 144 -26211617 -714 1 -571 144 -21814081 -571 1 -428 144 -17416545 -428 1 -285 144 -13019009 -285 1 -142 144 -8621473 -142 1 1 144 -4223937 1 1 144 144 173599 144 1 287 144 4571135 287 1 430 144 8968671 430 1 573 144 13366207 573 1 716 144 17763743 716 1 859 144 22161279 859 1 1000 144 26556893 -1000 144 -857 287 -30467297 -857 144 -714 287 -26069761 -714 144 -571 287 -21672225 -571 144 -428 287 -17274689 -428 144 -285 287 -12877153 -285 144 -142 287 -8479617 -142 144 1 287 -4082081 1 144 144 287 315455 144 144 287 287 4712991 287 144 430 287 9110527 430 144 573 287 13508063 573 144 716 287 17905599 716 144 859 287 22303135 859 144 1000 287 26698749 -1000 287 -857 430 -30325441 -857 287 -714 430 -25927905 -714 287 -571 430 -21530369 -571 287 -428 430 -17132833 -428 287 -285 430 -12735297 -285 287 -142 430 -8337761 -142 287 1 430 -3940225 1 287 144 430 457311 144 287 287 430 4854847 287 287 430 430 9252383 430 287 573 430 13649919 573 287 716 430 18047455 716 287 859 430 22444991 859 287 1000 430 26840605 -1000 430 -857 573 -30183585 -857 430 -714 573 -25786049 -714 430 -571 573 -21388513 -571 430 -428 573 -16990977 -428 430 -285 573 -12593441 -285 430 -142 573 -8195905 -142 430 1 573 -3798369 1 430 144 573 599167 144 430 287 573 4996703 287 430 430 573 9394239 430 430 573 573 13791775 573 430 716 573 18189311 716 430 859 573 22586847 859 430 1000 573 26982461 -1000 573 -857 716 -30041729 -857 573 -714 716 -25644193 -714 573 -571 716 -21246657 -571 573 -428 716 -16849121 -428 573 -285 716 -12451585 -285 573 -142 716 -8054049 -142 573 1 716 -3656513 1 573 144 716 741023 144 573 287 716 5138559 287 573 430 716 9536095 430 573 573 716 13933631 573 573 716 716 18331167 716 573 859 716 22728703 859 573 1000 716 27124317 -1000 716 -857 859 -29899873 -857 716 -714 859 -25502337 -714 716 -571 859 -21104801 -571 716 -428 859 -16707265 -428 716 -285 859 -12309729 -285 716 -142 859 -7912193 -142 716 1 859 -3514657 1 716 144 859 882879 144 716 287 859 5280415 287 716 430 859 9677951 430 716 573 859 14075487 573 716 716 859 18473023 716 716 859 859 22870559 859 716 1000 859 27266173 -1000 859 -857 1000 -29758079 -857 859 -714 1000 -25360543 -714 859 -571 1000 -20963007 -571 859 -428 1000 -16565471 -428 859 -285 1000 -12167935 -285 859 -142 1000 -7770399 -142 859 1 1000 -3372863 1 859 144 1000 1024673 144 859 287 1000 5422209 287 859 430 1000 9819745 430 859 573 1000 14217281 573 859 716 1000 18614817 716 859 859 1000 23012353 859 859 1000 1000 27407967 0
PAGES -1000 -1000 1000 1000 402 -44 -135 587 148 25 -1000 -1000 -600 -600 -31347201 -600 -1000 -200 -600 -19046401 -200 -1000 200 -600 -6745601 200 -1000 600 -600 5555199 600 -1000 1000 -600 17855999 -1000 -600 -600 -200 -30950401 -600 -600 -200 -200 -18649601 -200 -600 200 -200 -6348801 200 -600 600 -200 5951999 600 -600 1000 -200 18252799 -1000 -200 -600 200 -30553601 -600 -200 -200 200 -18252801 -200 -200 200 200 -5952001 200 -200 600 200 6348799 600 -200 1000 200 18649599 -1000 200 -600 600 -30156801 -600 200 -200 600 -17856001 -200 200 200 600 -5555201 200 200 600 600 6745599 600 200 1000 600 19046399 -1000 600 -600 1000 -29760001 -600 600 -200 1000 -17459201 -200 600 200 1000 -5158401 200 600 600 1000 7142399 600 600 1000 1000 19443199 2 -200 -200 200 200 200 -200 600 200
PAGES -1000 -1000 1000 1000 704 -239 916 264 1558 9 -1000 -1000 -333 -333 -31082337 -333 -1000 334 -333 -10570753 334 -1000 1000 -333 9939870 -1000 -333 -333 334 -30420673 -333 -333 334 334 -9909089 334 -333 1000 334 10601534 -1000 334 -333 1000 -29759040 -333 334 334 1000 -9247456 334 334 1000 1000 11263167 1 -333 334 334 1000
PAGES -1000 -1000 1000 1000 136 -1000 -1000 -1000 1000 225 -1000 -1000 -866 -866 -31611073 -866 -1000 -732 -866 -27490305 -732 -1000 -598 -866 -23369537 -598 -1000 -464 -866 -19248769 -464 -1000 -330 -866 -15128001 -330 -1000 -196 -866 -11007233 -196 -1000 -62 -866 -6886465 -62 -1000 72 -866 -2765697 72 -1000 206 -866 1355071 206 -1000 340 -866 5475839 340 -1000 474 -866 9596607 474 -1000 608 -866 13717375 608 -1000 742 -866 17838143 742 -1000 876 -866 21958911 876 -1000 1000 -866 26070069 -1000 -866 -866 -732 -31478145 -866 -866 -732 -732 -27357377 -732 -866 -598 -732 -23236609 -598 -866 -464 -732 -19115841 -464 -866 -330 -732 -14995073 -330 -866 -196 -732 -10874305 -196 -866 -62 -732 -6753537 -62 -866 72 -732 -2632769 72 -866 206 -732 1487999 206 -866 340 -732 5608767 340 -866 474 -732 9729535 474 -866 608 -732 13850303 608 -866 742 -732 17971071 742 -866 876 -732 22091839 876 -866 1000 -732 26202997 -1000 -732 -866 -598 -31345217 -866 -732 -732 -598 -27224449 -732 -732 -598 -598 -23103681 -598 -732 -464 -598 -18982913 -464 -732 -330 -598 -14862145 -330 -732 -196 -598 -10741377 -196 -732 -62 -598 -6620609 -62 -732 72 -598 -2499841 72 -732 206 -598 1620927 206 -732 340 -598 5741695 340 -732 474 -598 9862463 474 -732 608 -598 13983231 608 -732 742 -598 18103999 742 -732 876 -598 22224767 876 -732 1000 -598 26335925 -1000 -598 -866 -464 -31212289 -866 -598 -732 -464 -27091521 -732 -598 -598 -464 -22970753 -598 -598 -464 -464 -18849985 -464 -598 -330 -464 -14729217 -330 -598 -196 -464 -10608449 -196 -598 -62 -464 -6487681 -62 -598 72 -464 -2366913 72 -598 206 -464 1753855 206 -598 340 -464 5874623 340 -598 474 -464 9995391 474 -598 608 -464 14116159 608 -598 742 -464 18236927 742 -598 876 -464 22357695 876 -598 1000 -464 26468853 -1000 -464 -866 -330 -31079361 -866 -464 -732 -330 -26958593 -732 -464 -598 -330 -22837825 -598 -464 -464 -330 -18717057 -464 -464 -330 -330 -14596289 -330 -464 -196 -330 -10475521 -196 -464 -62 -330 -6354753 -62 -464 72 -330 -2233985 72 -464 206 -330 1886783 206 -464 340 -330 6007551 340 -464 474 -330 10128319 474 -464 608 -330 14249087 608 -464 742 -330 18369855 742 -464 876 -330 22490623 876 -464 1000 -330 26601781 -1000 -330 -866 -196 -30946433 -866 -330 -732 -196 -26825665 -732 -330 -598 -196 -22704897 -598 -330 -464 -196 -18584129 -464 -330 -330 -196 -14463361 -330 -330 -196 -196 -10342593 -196 -330 -62 -196 -6221825 -62 -330 72 -196 -2101057 72 -330 206 -196 2019711 206 -330 340 -196 6140479 340 -330 474 -196 10261247 474 -330 608 -196 14382015 608 -330 742 -196 18502783 742 -330 876 -196 22623551 876 -330 1000 -196 26734709 -1000 -196 -866 -62 -30813505 -866 -196 -732 -62 -26692737 -732 -196 -598 -62 -22571969 -598 -196 -464 -62 -18451201 -464 -196 -330 -62 -14330433 -330 -196 -196 -62 -10209665 -196 -196 -62 -62 -6088897 -62 -196 72 -62 -1968129 72 -196 206 -62 2152639 206 -196 340 -62 6273407 340 -196 474 -62 10394175 474 -196 608 -62 14514943 608 -196 742 -62 18635711 742 -196 876 -62 22756479 876 -196 1000 -62 26867637 -1000 -62 -866 72 -30680577 -866 -62 -732 72 -26559809 -732 -62 -598 72 -22439041 -598 -62 -464 72 -18318273 -464 -62 -330 72 -14197505 -330 -62 -196 72 -10076737 -196 -62 -62 72 -5955969 -62 -62 72 72 -1835201 72 -62 206 72 2285567 206 -62 340 72 6406335 340 -62 474 72 10527103 474 -62 608 72 14647871 608 -62 742 72 18768639 742 -62 876 72 22889407 876 -62 1000 72 27000565 -1000 72 -866 206 -30547649 -866 72 -732 206 -26426881 -732 72 -598 206 -22306113 -598 72 -464 206 -18185345 -464 72 -330 206 -14064577 -330 72 -196 206 -9943809 -196 72 -62 206 -5823041 -62 72 72 206 -1702273 72 72 206 206 2418495 206 72 340 206 6539263 340 72 474 206 10660031 474 72 608 206 14780799 608 72 742 206 18901567 742 72 876 206 23022335 876 72 1000 206 27133493 -1000 206 -866 340 -30414721 -866 206 -732 340 -26293953 -732 206 -598 340 -22173185 -598 206 -464 340 -18052417 -464 206 -330 340 -13931649 -330 206 -196 340 -9810881 -196 206 -62 340 -5690113 -62 206 72 340 -1569345 72 206 206 340 2551423 206 206 340 340 6672191 340 206 474 340 10792959 474 206 608 340 14913727 608 206 742 340 19034495 742 206 876 340 23155263 876 206 1000 340 27266421 -1000 340 -866 474 -30281793 -866 340 -732 474 -26161025 -732 340 -598 474 -22040257 -598 340 -464 474 -17919489 -464 340 -330 474 -13798721 -330 340 -196 474 -9677953 -196 340 -62 474 -5557185 -62 340 72 474 -1436417 72 340 206 474 2684351 206 340 340 474 6805119 340 340 474 474 10925887 474 340 608 474 15046655 608 340 742 474 19167423 742 340 876 474 23288191 876 340 1000 474 27399349 -1000 474 -866 608 -30148865 -866 474 -732 608 -26028097 -732 474 -598 608 -21907329 -598 474 -464 608 -17786561 -464 474 -330 608 -13665793 -330 474 -196 608 -9545025 -196 474 -62 608 -5424257 -62 474 72 608 -1303489 72 474 206 608 2817279 206 474 340 608 6938047 340 474 474 608 11058815 474 474 608 608 15179583 608 474 742 608 19300351 742 474 876 608 23421119 876 474 1000 608 27532277 -1000 608 -866 742 -30015937 -866 608 -732 742 -25895169 -732 608 -598 742 -21774401 -598 608 -464 742 -17653633 -464 608 -330 742 -13532865 -330 608 -196 742 -9412097 -196 608 -62 742 -5291329 -62 608 72 742 -1170561 72 608 206 742 2950207 206 608 340 742 7070975 340 608 474 742 11191743 474 608 608 742 15312511 608 608 742 742 19433279 742 608 876 742 23554047 876 608 1000 742 27665205 -1000 742 -866 876 -29883009 -866 742 -732 876 -25762241 -732 742 -598 876 -21641473 -598 742 -464 876 -17520705 -464 742 -330 876 -13399937 -330 742 -196 876 -9279169 -196 742 -62 876 -5158401 -62 742 72 876 -1037633 72 742 206 876 3083135 206 742 340 876 7203903 340 742 474 876 11324671 474 742 608 876 15445439 608 742 742 876 19566207 742 742 876 876 23686975 876 742 1000 876 27798133 -1000 876 -866 1000 -29750391 -866 876 -732 1000 -25629623 -732 876 -598 1000 -21508855 -598 876 -464 1000 -17388087 -464 876 -330 1000 -13267319 -330 876 -196 1000 -9146551 -196 876 -62 1000 -5025783 -62 876 72 1000 -905015 72 876 206 1000 3215753 206 876 340 1000 7336521 340 876 474 1000 11457289 474 876 608 1000 15578057 608 876 742 1000 19698825 742 876 876 1000 23819593 876 876 1000 1000 27930751 0
PAGES -1000 -1000 1000 1000 685 1100 1100 1200 1200 9 -1000 -1000 -333 -333 -31082337 -333 -1000 334 -333 -10570753 334 -1000 1000 -333 9939870 -1000 -333 -333 334 -30420673 -333 -333 334 334 -9909089 334 -333 1000 334 10601534 -1000 334 -333 1000 -29759040 -333 334 334 1000 -9247456 334 334 1000 1000 11263167 0
PAGES -1000 -1000 1000 1000 118 -901 856 -129 1401 289 -1000 -1000 -882 -882 -31626945 -882 -1000 -764 -882 -27998209 -764 -1000 -646 -882 -24369473 -646 -1000 -528 -882 -20740737 -528 -1000 -410 -882 -17112001 -410 -1000 -292 -882 -13483265 -292 -1000 -174 -882 -9854529 -174 -1000 -56 -882 -6225793 -56 -1000 62 -882 -2597057 62 -1000 180 -882 1031679 180 -1000 298 -882 4660415 298 -1000 416 -882 8289151 416 -1000 534 -882 11917887 534 -1000 652 -882 15546623 652 -1000 770 -882 19175359 770 -1000 888 -882 22804095 888 -1000 1000 -882 26427065 -1000 -882 -882 -764 -31509889 -882 -882 -764 -764 -27881153 -764 -882 -646 -764 -24252417 -646 -882 -528 -764 -20623681 -528 -882 -410 -764 -16994945 -410 -882 -292 -764 -13366209 -292 -882 -174 -764 -9737473 -174 -882 -56 -764 -6108737 -56 -882 62 -764 -2480001 62 -882 180 -764 1148735 180 -882 298 -764 4777471 298 -882 416 -764 8406207 416 -882 534 -764 12034943 534 -882 652 -764 15663679 652 -882 770 -764 19292415 770 -882 888 -764 22921151 888 -882 1000 -764 26544121 -1000 -764 -882 -646 -31392833 -882 -764 -764 -646 -27764097 -764 -764 -646 -646 -24135361 -646 -764 -528 -646 -20506625 -528 -764 -410 -646 -16877889 -410 -764 -292 -646 -13249153 -292 -764 -174 -646 -9620417 -174 -764 -56 -646 -5991681 -56 -764 62 -646 -2362945 62 -764 180 -646 1265791 180 -764 298 -646 4894527 298 -764 416 -646 8523263 416 -764 534 -646 12151999 534 -764 652 -646 15780735 652 -764 770 -646 19409471 770 -764 888 -646 23038207 888 -764 1000 -646 26661177 -1000 -646 -882 -528 -31275777 -882 -646 -764 -528 -27647041 -764 -646 -646 -528 -24018305 -646 -646 -528 -528 -20389569 -528 -646 -410 -528 -16760833 -410 -646 -292 -528 -13132097 -292 -646 -174 -528 -9503361 -174 -646 -56 -528 -5874625 -56 -646 62 -528 -2245889 62 -646 180 -528 1382847 180 -646 298 -528 5011583 298 -646 416 -528 8640319 416 -646 534 -528 12269055 534 -646 652 -528 15897791 652 -646 770 -528 19526527 770 -646 888 -528 23155263 888 -646 1000 -528 26778233 -1000 -528 -882 -410 -31158721 -882 -528 -764 -410 -27529985 -764 -528 -646 -410 -23901249 -646 -528 -528 -410 -20272513 -528 -528 -410 -410 -16643777 -410 -528 -292 -410 -13015041 -292 -528 -174 -410 -9386305 -174 -528 -56 -410 -5757569 -56 -528 62 -410 -2128833 62 -528 180 -410 1499903 180 -528 298 -410 5128639 298 -528 416 -410 8757375 416 -528 534 -410 12386111 534 -528 652 -410 16014847 652 -528 770 -410 19643583 770 -528 888 -410 23272319 888 -528 1000 -410 26895289 -1000 -410 -882 -292 -31041665 -882 -410 -764 -292 -27412929 -764 -410 -646 -292 -23784193 -646 -410 -528 -292 -20155457 -528 -410 -410 -292 -16526721 -410 -410 -292 -292 -12897985 -292 -410 -174 -292 -9269249 -174 -410 -56 -292 -5640513 -56 -410 62 -292 -2011777 62 -410 180 -292 1616959 180 -410 298 -292 5245695 298 -410 416 -292 8874431 416 -410 534 -292 12503167 534 -410 652 -292 16131903 652 -410 770 -292 19760639 770 -410 888 -292 23389375 888 -410 1000 -292 27012345 -1000 -292 -882 -174 -30924609 -882 -292 -764 -174 -27295873 -764 -292 -646 -174 -23667137 -646 -292 -528 -174 -20038401 -528 -292 -410 -174 -16409665 -410 -292 -292 -174 -12780929 -292 -292 -174 -174 -9152193 -174 -292 -56 -174 -5523457 -56 -292 62 -174 -1894721 62 -292 180 -174 1734015 180 -292 298 -174 5362751 298 -292 416 -174 8991487 416 -292 534 -174 12620223 534 -292 652 -174 16248959 652 -292 770 -174 19877695 770 -292 888 -174 23506431 888 -292 1000 -174 27129401 -1000 -174 -882 -56 -30807553 -882 -174 -764 -56 -27178817 -764 -174 -646 -56 -23550081 -646 -174 -528 -56 -19921345 -528 -174 -410 -56 -16292609 -410 -174 -292 -56 -12663873 -292 -174 -174 -56 -9035137 -174 -174 -56 -56 -5406401 -56 -174 62 -56 -1777665 62 -174 180 -56 1851071 180 -174 298 -56 5479807 298 -174 416 -56 9108543 416 -174 534 -56 12737279 534 -174 652 -56 16366015 652 -174 770 -56 19994751 770 -174 888 -56 23623487 888 -174 1000 -56 27246457 -1000 -56 -882 62 -30690497 -882 -56 -764 62 -27061761 -764 -56 -646 62 -23433025 -646 -56 -528 62 -19804289 -528 -56 -410 62 -16175553 -410 -56 -292 62 -12546817 -292 -56 -174 62 -8918081 -174 -56 -56 62 -5289345 -56 -56 62 62 -1660609 62 -56 180 62 1968127 180 -56 298 62 5596863 298 -56 416 62 9225599 416 -56 534 62 12854335 534 -56 652 62 16483071 652 -56 770 62 20111807 770 -56 888 62 23740543 888 -56 1000 62 27363513 -1000 62 -882 180 -30573441 -882 62 -764 180 -26944705 -764 62 -646 180 -23315969 -646 62 -528 180 -19687233 -528 62 -410 180 -16058497 -410 62 -292 180 -12429761 -292 62 -174 180 -8801025 -174 62 -56 180 -5172289 -56 62 62 180 -1543553 62 62 180 180 2085183 180 62 298 180 5713919 298 62 416 180 9342655 416 62 534 180 12971391 534 62 652 180 16600127 652 62 770 180 20228863 770 62 888 180 23857599 888 62 1000 180 27480569 -1000 180 -882 298 -30456385 -882 180 -764 298 -26827649 -764 180 -646 298 -23198913 -646 180 -528 298 -19570177 -528 180 -410 298 -15941441 -410 180 -292 298 -12312705 -292 180 -174 298 -8683969 -174 180 -56 298 -5055233 -56 180 62 298 -1426497 62 180 180 298 2202239 180 180 298 298 5830975 298 180 416 298 9459711 416 180 534 298 13088447 534 180 652 298 16717183 652 180 770 298 20345919 770 180 888 298 23974655 888 180 1000 298 27597625 -1000 298 -882 416 -30339329 -882 298 -764 416 -26710593 -764 298 -646 416 -23081857 -646 298 -528 416 -19453121 -528 298 -410 416 -15824385 -410 298 -292 416 -12195649 -292 298 -174 416 -8566913 -174 298 -56 416 -4938177 -56 298 62 416 -1309441 62 298 180 416 2319295 180 298 298 416 5948031 298 298 416 416 9576767 416 298 534 416 13205503 534 298 652 416 16834239 652 298 770 416 20462975 770 298 888 416 24091711 888 298 1000 416 27714681 -1000 416 -882 534 -30222273 -882 416 -764 534 -26593537 -764 416 -646 534 -22964801 -646 416 -528 534 -19336065 -528 416 -410 534 -15707329 -410 416 -292 534 -12078593 -292 416 -174 534 -8449857 -174 416 -56 534 -4821121 -56 416 62 534 -1192385 62 416 180 534 2436351 180 416 298 534 6065087 298 416 416 534 9693823 416 416 534 534 13322559 534 416 652 534 16951295 652 416 770 534 20580031 770 416 888 534 24208767 888 416 1000 534 27831737 -1000 534 -882 652 -30105217 -882 534 -764 652 -26476481 -764 534 -646 652 -22847745 -646 534 -528 652 -19219009 -528 534 -410 652 -15590273 -410 534 -292 652 -11961537 -292 534 -174 652 -8332801 -174 534 -56 652 -4704065 -56 534 62 652 -1075329 62 534 180 652 2553407 180 534 298 652 6182143 298 534 416 652 9810879 416 534 534 652 13439615 534 534 652 652 17068351 652 534 770 652 20697087 770 534 888 652 24325823 888 534 1000 652 27948793 -1000 652 -882 770 -29988161 -882 652 -764 770 -26359425 -764 652 -646 770 -22730689 -646 652 -528 770 -19101953 -528 652 -410 770 -15473217 -410 652 -292 770 -11844481 -292 652 -174 770 -8215745 -174 652 -56 770 -4587009 -56 652 62 770 -958273 62 652 180 770 2670463 180 652 298 770 6299199 298 652 416 770 9927935 416 652 534 770 13556671 534 652 652 770 17185407 652 652 770 770 20814143 770 652 888 770 24442879 888 652 1000 770 28065849 -1000 770 -882 888 -29871105 -882 770 -764 888 -26242369 -764 770 -646 888 -22613633 -646 770 -528 888 -18984897 -528 770 -410 888 -15356161 -410 770 -292 888 -11727425 -292 770 -174 888 -8098689 -174 770 -56 888 -4469953 -56 770 62 888 -841217 62 770 180 888 2787519 180 770 298 888 6416255 298 770 416 888 10044991 416 770 534 888 13673727 534 770 652 888 17302463 652 770 770 888 20931199 770 770 888 888 24559935 888 770 1000 888 28182905 -1000 888 -882 1000 -29754235 -882 888 -764 1000 -26125499 -764 888 -646 1000 -22496763 -646 888 -528 1000 -18868027 -528 888 -410 1000 -15239291 -410 888 -292 1000 -11610555 -292 888 -174 1000 -7981819 -174 888 -56 1000 -4353083 -56 888 62 1000 -724347 62 888 180 1000 2904389 180 888 298 1000 6533125 298 888 416 1000 10161861 416 888 534 1000 13790597 534 888 652 1000 17419333 652 888 770 1000 21048069 770 888 888 1000 24676805 888 888 1000 1000 28299775 16 -1000 770 -882 888 -882 770 -764 888 -764 770 -646 888 -646 770 -528 888 -528 770 -410 888 -410 770 -292 888 -292 770 -174 888 -174 770 -56 888 -1000 888 -882 1000 -882 888 -764 1000 -764 888 -646 1000 -646 888 -528 1000 -528 888 -410 1000 -410 888 -292 1000 -292 888 -174 1000 -174 888 -56 1000
PAGES -1000 -1000 1000 1000 480 -272 -199 339 -54 25 -1000 -1000 -600 -600 -31347201 -600 -1000 -200 -600 -19046401 -200 -1000 200 -600 -6745601 200 -1000 600 -600 5555199 600 -1000 1000 -600 17855999 -1000 -600 -600 -200 -30950401 -600 -600 -200 -200 -18649601 -200 -600 200 -200 -6348801 200 -600 600 -200 5951999 600 -600 1000 -200 18252799 -1000 -200 -600 200 -30553601 -600 -200 -200 200 -18252801 -200 -200 200 200 -5952001 200 -200 600 200 6348799 600 -200 1000 200 18649599 -1000 200 -600 600 -30156801 -600 200 -200 600 -17856001 -200 200 200 600 -5555201 200 200 600 600 6745599 600 200 1000 600 19046399 -1000 600 -600 1000 -29760001 -600 600 -200 1000 -17459201 -200 600 200 1000 -5158401 200 600 600 1000 7142399 600 600 1000 1000 19443199 3 -600 -200 -200 200 -200 -200 200 200 200 -200 600 200
PAGES -1000 -1000 1000 1000 248 -1000 -1000 -1000 1000 81 -1000 -1000 -777 -777 -31522785 -777 -1000 -554 -777 -24665089 -554 -1000 -331 -777 -17807393 -331 -1000 -108 -777 -10949697 -108 -1000 115 -777 -4092001 115 -1000 338 -777 2765695 338 -1000 561 -777 9623391 561 -1000 784 -777 16481087 784 -1000 1000 -777 23332056 -1000 -777 -777 -554 -31301569 -777 -777 -554 -554 -24443873 -554 -777 -331 -554 -17586177 -331 -777 -108 -554 -10728481 -108 -777 115 -554 -3870785 115 -777 338 -554 2986911 338 -777 561 -554 9844607 561 -777 784 -554 16702303 784 -777 1000 -554 23553272 -1000 -554 -777 -331 -31080353 -777 -554 -554 -331 -24222657 -554 -554 -331 -331 -17364961 -331 -554 -108 -331 -10507265 -108 -554 115 -331 -3649569 115 -554 338 -331 3208127 338 -554 561 -331 10065823 561 -554 784 -331 16923519 784 -554 1000 -331 23774488 -1000 -331 -777 -108 -30859137 -777 -331 -554 -108 -24001441 -554 -331 -331 -108 -17143745 -331 -331 -108 -108 -10286049 -108 -331 115 -108 -3428353 115 -331 338 -108 3429343 338 -331 561 -108 10287039 561 -331 784 -108 17144735 784 -331 1000 -108 23995704 -1000 -108 -777 115 -30637921 -777 -108 -554 115 -23780225 -554 -108 -331 115 -16922529 -331 -108 -108 115 -10064833 -108 -108 115 115 -3207137 115 -108 338 115 3650559 338 -108 561 115 10508255 561 -108 784 115 17365951 784 -108 1000 115 24216920 -1000 115 -777 338 -30416705 -777 115 -554 338 -23559009 -554 115 -331 338 -16701313 -331 115 -108 338 -9843617 -108 115 115 338 -2985921 115 115 338 338 3871775 338 115 561 338 10729471 561 115 784 338 17587167 784 115 1000 338 24438136 -1000 338 -777 561 -30195489 -777 338 -554 561 -23337793 -554 338 -331 561 -16480097 -331 338 -108 561 -9622401 -108 338 115 561 -2764705 115 338 338 561 4092991 338 338 561 561 10950687 561 338 784 561 17808383 784 338 1000 561 24659352 -1000 561 -777 784 -29974273 -777 561 -554 784 -23116577 -554 561 -331 784 -16258881 -331 561 -108 784 -9401185 -108 561 115 784 -2543489 115 561 338 784 4314207 338 561 561 784 11171903 561 561 784 784 18029599 784 561 1000 784 24880568 -1000 784 -777 1000 -29753274 -777 784 -554 1000 -22895578 -554 784 -331 1000 -16037882 -331 784 -108 1000 -9180186 -108 784 115 1000 -2322490 115 784 338 1000 4535206 338 784 561 1000 11392902 561 784 784 1000 18250598 784 784 1000 1000 25101567 0
PAGES -1000 -1000 1000 1000 315 1100 1100 1200 1200 49 -1000 -1000 -714 -714 -31460289 -714 -1000 -428 -714 -22665217 -428 -1000 -142 -714 -13870145 -142 -1000 144 -714 -5075073 144 -1000 430 -714 3719999 430 -1000 716 -714 12515071 716 -1000 1000 -714 21308221 -1000 -714 -714 -428 -31176577 -714 -714 -428 -428 -22381505 -428 -714 -142 -428 -13586433 -142 -714 144 -428 -4791361 144 -714 430 -428 4003711 430 -714 716 -428 12798783 716 -714 1000 -428 21591933 -1000 -428 -714 -142 -30892865 -714 -428 -428 -142 -22097793 -428 -428 -142 -142 -13302721 -142 -428 144 -142 -4507649 144 -428 430 -142 4287423 430 -428 716 -142 13082495 716 -428 1000 -142 21875645 -1000 -142 -714 144 -30609153 -714 -142 -428 144 -21814081 -428 -142 -142 144 -13019009 -142 -142 144 144 -4223937 144 -142 430 144 4571135 430 -142 716 144 13366207 716 -142 1000 144 22159357 -1000 144 -714 430 -30325441 -714 144 -428 430 -21530369 -428 144 -142 430 -12735297 -142 144 144 430 -3940225 144 144 430 430 4854847 430 144 716 430 13649919 716 144 1000 430 22443069 -1000 430 -714 716 -30041729 -714 430 -428 716 -21246657 -428 430 -142 716 -12451585 -142 430 144 716 -3656513 144 430 430 716 5138559 430 430 716 716 13933631 716 430 1000 716 22726781 -1000 716 -714 1000 -29758079 -714 716 -428 1000 -20963007 -428 716 -142 1000 -12167935 -142 716 144 1000 -3372863 144 716 430 1000 5422209 430 716 716 1000 14217281 716 716 1000 1000 23010431 0
PAGES -1000 -1000 1000 1000 455 -357 753 -143 1150 25 -1000 -1000 -600 -600 -31347201 -600 -1000 -200 -600 -19046401 -200 -1000 200 -600 -6745601 200 -1000 600 -600 5555199 600 -1000 1000 -600 17855999 -1000 -600 -600 -200 -30950401 -600 -600 -200 -200 -18649601 -200 -600 200 -200 -6348801 200 -600 600 -200 5951999 600 -600 1000 -200 18252799 -1000 -200 -600 200 -30553601 -600 -200 -200 200 -18252801 -200 -200 200 200 -5952001 200 -200 600 200 6348799 600 -200 1000 200 18649599 -1000 200 -600 600 -30156801 -600 200 -200 600 -17856001 -200 200 200 600 -5555201 200 200 600 600 6745599 600 200 1000 600 19046399 -1000 600 -600 1000 -29760001 -600 600 -200 1000 -17459201 -200 600 200 1000 -5158401 200 600 600 1000 7142399 600 600 1000 1000 19443199 2 -600 600 -200 1000 -200 600 200 1000
PAGES -1000 -1000 1000 1000 498 72 -901 529 -413 25 -1000 -1000 -600 -600 -31347201 -600 -1000 -200 -600 -19046401 -200 -1000 200 -600 -6745601 200 -1000 600 -600 5555199 600 -1000 1000 -600 17855999 -1000 -600 -600 -200 -30950401 -600 -600 -200 -200 -18649601 -200 -600 200 -200 -6348801 200 -600 600 -200 5951999 600 -600 1000 -200 18252799 -1000 -200 -600 200 -30553601 -600 -200 -200 200 -18252801 -200 -200 200 200 -5952001 200 -200 600 200 6348799 600 -200 1000 200 18649599 -1000 200 -600 600 -30156801 -600 200 -200 600 -17856001 -200 200 200 600 -5555201 200 200 600 600 6745599 600 200 1000 600 19046399 -1000 600 -600 1000 -29760001 -600 600 -200 1000 -17459201 -200 600 200 1000 -5158401 200 600 600 1000 7142399 600 600 1000 1000 19443199 4 -200 -1000 200 -600 200 -1000 600 -600 -200 -600 200 -200 200 -600 600 -200
PAGES -1000 -1000 1000 1000 290 -1000 -1000 -1000 1000 49 -1000 -1000 -714 -714 -31460289 -714 -1000 -428 -714 -22665217 -428 -1000 -142 -714 -13870145 -142 -1000 144 -714 -5075073 144 -1000 430 -714 3719999 430 -1000 716 -714 12515071 716 -1000 1000 -714 21308221 -1000 -714 -714 -428 -31176577 -714 -714 -428 -428 -22381505 -428 -714 -142 -428 -13586433 -142 -714 144 -428 -4791361 144 -714 430 -428 4003711 430 -714 716 -428 12798783 716 -714 1000 -428 21591933 -1000 -428 -714 -142 -30892865 -714 -428 -428 -142 -22097793 -428 -428 -142 -142 -13302721 -142 -428 144 -142 -4507649 144 -428 430 -142 4287423 430 -428 716 -142 13082495 716 -428 1000 -142 21875645 -1000 -142 -714 144 -30609153 -714 -142 -428 144 -21814081 -428 -142 -142 144 -13019009 -142 -142 144 144 -4223937 144 -142 430 144 4571135 430 -142 716 144 13366207 716 -142 1000 144 22159357 -1000 144 -714 430 -30325441 -714 144 -428 430 -21530369 -428 144 -142 430 -12735297 -142 144 144 430 -3940225 144 144 430 430 4854847 430 144 716 430 13649919 716 144 1000 430 22443069 -1000 430 -714 716 -30041729 -714 430 -428 716 -21246657 -428 430 -142 716 -12451585 -142 430 144 716 -3656513 144 430 430 716 5138559 430 430 716 716 13933631 716 430 1000 716 22726781 -1000 716 -714 1000 -29758079 -714 716 -428 1000 -20963007 -428 716 -142 1000 -12167935 -142 716 144 1000 -3372863 144 716 430 1000 5422209 430 716 716 1000 14217281 716 716 1000 1000 23010431 0
PAGES -1000 -1000 1000 1000 242 1100 1100 1200 1200 81 -1000 -1000 -777 -777 -31522785 -777 -1000 -554 -777 -24665089 -554 -1000 -331 -777 -17807393 -331 -1000 -108 -777 -10949697 -108 -1000 115 -777 -4092001 115 -1000 338 -777 2765695 338 -1000 561 -777 9623391 561 -1000 784 -777 16481087 784 -1000 1000 -777 23332056 -1000 -777 -777 -554 -31301569 -777 -777 -554 -554 -24443873 -554 -777 -331 -554 -17586177 -331 -777 -108 -554 -10728481 -108 -777 115 -554 -3870785 115 -777 338 -554 2986911 338 -777 561 -554 9844607 561 -777 784 -554 16702303 784 -777 1000 -554 23553272 -1000 -554 -777 -331 -31080353 -777 -554 -554 -331 -24222657 -554 -554 -331 -331 -17364961 -331 -554 -108 -331 -10507265 -108 -554 115 -331 -3649569 115 -554 338 -331 3208127 338 -554 561 -331 10065823 561 -554 784 -331 16923519 784 -554 1000 -331 23774488 -1000 -331 -777 -108 -30859137 -777 -331 -554 -108 -24001441 -554 -331 -331 -108 -17143745 -331 -331 -108 -108 -10286049 -108 -331 115 -108 -3428353 115 -331 338 -108 3429343 338 -331 561 -108 10287039 561 -331 784 -108 17144735 784 -331 1000 -108 23995704 -1000 -108 -777 115 -30637921 -777 -108 -554 115 -23780225 -554 -108 -331 115 -16922529 -331 -108 -108 115 -10064833 -108 -108 115 115 -3207137 115 -108 338 115 3650559 338 -108 561 115 10508255 561 -108 784 115 17365951 784 -108 1000 115 24216920 -1000 115 -777 338 -30416705 -777 115 -554 338 -23559009 -554 115 -331 338 -16701313 -331 115 -108 338 -9843617 -108 115 115 338 -2985921 115 115 338 338 3871775 338 115 561 338 10729471 561 115 784 338 17587167 784 115 1000 338 24438136 -1000 338 -777 561 -30195489 -777 338 -554 561 -23337793 -554 338 -331 561 -16480097 -331 338 -108 561 -9622401 -108 338 115 561 -2764705 115 338 338 561 4092991 338 338 561 561 10950687 561 338 784 561 17808383 784 338 1000 561 24659352 -1000 561 -777 784 -29974273 -777 561 -554 784 -23116577 -554 561 -331 784 -16258881 -331 561 -108 784 -9401185 -108 561 115 784 -2543489 115 561 338 784 4314207 338 561 561 784 11171903 561 561 784 784 18029599 784 561 1000 784 24880568 -1000 784 -777 1000 -29753274 -777 784 -554 1000 -22895578 -554 784 -331 1000 -16037882 -331 784 -108 1000 -9180186 -108 784 115 1000 -2322490 115 784 338 1000 4535206 338 784 561 1000 11392902 561 784 784 1000 18250598 784 784 1000 1000 25101567 0
PAGES -1000 -1000 1000 1000 422 143 -12 271 585 25 -1000 -1000 -600 -600 -31347201 -600 -1000 -200 -600 -19046401 -200 -1000 200 -600 -6745601 200 -1000 600 -600 5555199 600 -1000 1000 -600 17855999 -1000 -600 -600 -200 -30950401 -600 -600 -200 -200 -18649601 -200 -600 200 -200 -6348801 200 -600 600 -200 5951999 600 -600 1000 -200 18252799 -1000 -200 -600 200 -30553601 -600 -200 -200 200 -18252801 -200 -200 200 200 -5952001 200 -200 600 200 6348799 600 -200 1000 200 18649599 -1000 200 -600 600 -30156801 -600 200 -200 600 -17856001 -200 200 200 600 -5555201 200 200 600 600 6745599 600 200 1000 600 19046399 -1000 600 -600 1000 -29760001 -600 600 -200 1000 -17459201 -200 600 200 1000 -5158401 200 600 600 1000 7142399 600 600 1000 1000 19443199 4 -200 -200 200 200 200 -200 600 200 -200 200 200 600 200 200 600 600
PAGES -1000 -1000 1000 1000 467 254 -93 1031 286 25 -1000 -1000 -600 -600 -31347201 -600 -1000 -200 -600 -19046401 -200 -1000 200 -600 -6745601 200 -1000 600 -600 5555199 600 -1000 1000 -600 17855999 -1000 -600 -600 -200 -30950401 -600 -600 -200 -200 -18649601 -200 -600 200 -200 -6348801 200 -600 600 -200 5951999 600 -600 1000 -200 18252799 -1000 -200 -600 200 -30553601 -600 -200 -200 200 -18252801 -200 -200 200 200 -5952001 200 -200 600 200 6348799 600 -200 1000 200 18649599 -1000 200 -600 600 -30156801 -600 200 -200 600 -17856001 -200 200 200 600 -5555201 200 200 600 600 6745599 600 200 1000 600 19046399 -1000 600 -600 1000 -29760001 -600 600 -200 1000 -17459201 -200 600 200 1000 -5158401 200 600 600 1000 7142399 600 600 1000 1000 19443199 4 200 -200 600 200 600 -200 1000 200 200 200 600 600 600 200 1000 600
PAGES -1000 -1000 1000 1000 631 -1000 -1000 -1000 1000 16 -1000 -1000 -500 -500 -31248001 -500 -1000 0 -500 -15872001 0 -1000 500 -500 -496001 500 -1000 1000 -500 14879999 -1000 -500 -500 0 -30752001 -500 -500 0 0 -15376001 0 -500 500 0 -1 500 -500 1000 0 15375999 -1000 0 -500 500 -30256001 -500 0 0 500 -14880001 0 0 500 500 495999 500 0 1000 500 15871999 -1000 500 -500 1000 -29760001 -500 500 0 1000 -14384001 0 500 500 1000 991999 500 500 1000 1000 16367999 0
PAGES -1000 -1000 1000 1000 592 1100 1100 1200 1200 16 -1000 -1000 -500 -500 -31248001 -500 -1000 0 -500 -15872001 0 -1000 500 -500 -496001 500 -1000 1000 -500 14879999 -1000 -500 -500 0 -30752001 -500 -500 0 0 -15376001 0 -500 500 0 -1 500 -500 1000 0 15375999 -1000 0 -500 500 -30256001 -500 0 0 500 -14880001 0 0 500 500 495999 500 0 1000 500 15871999 -1000 500 -500 1000 -29760001 -500 500 0 1000 -14384001 0 500 500 1000 991999 500 500 1000 1000 16367999 0
PAGES -1000 -1000 1000 1000 512 -90 590 46 1000 16 -1000 -1000 -500 -500 -31248001 -500 -1000 0 -500 -15872001 0 -1000 500 -500 -496001 500 -1000 1000 -500 14879999 -1000 -500 -500 0 -30752001 -500 -500 0 0 -15376001 0 -500 500 0 -1 500 -500 1000 0 15375999 -1000 0 -500 500 -30256001 -500 0 0 500 -14880001 0 0 500 500 495999 500 0 1000 500 15871999 -1000 500 -500 1000 -29760001 -500 500 0 1000 -14384001 0 500 500 1000 991999 500 500 1000 1000 16367999 2 -500 500 0 1000 0 500 500 1000
PAGES -1000 -1000 1000 1000 727 -893 -327 -561 -263 9 -1000 -1000 -333 -333 -31082337 -333 -1000 334 -333 -10570753 334 -1000 1000 -333 9939870 -1000 -333 -333 334 -30420673 -333 -333 334 334 -9909089 334 -333 1000 334 10601534 -1000 334 -333 1000 -29759040 -333 334 334 1000 -9247456 334 334 1000 1000 11263167 1 -1000 -333 -333 334
PAGES -1000 -1000 1000 1000 551 -1000 -1000 -1000 1000 16 -1000 -1000 -500 -500 -31248001 -500 -1000 0 -500 -15872001 0 -1000 500 -500 -496001 500 -1000 1000 -500 14879999 -1000 -500 -500 0 -30752001 -500 -500 0 0 -15376001 0 -500 500 0 -1 500 -500 1000 0 15375999 -1000 0 -500 500 -30256001 -500 0 0 500 -14880001 0 0 500 500 495999 500 0 1000 500 15871999 -1000 500 -500 1000 -29760001 -500 500 0 1000 -14384001 0 500 500 1000 991999 500 500 1000 1000 16367999 0
PAGES -1000 -1000 1000 1000 576 1100 1100 1200 1200 16 -1000 -1000 -500 -500 -31248001 -500 -1000 0 -500 -15872001 0 -1000 500 -500 -496001 500 -1000 1000 -500 14879999 -1000 -500 -500 0 -30752001 -500 -500 0 0 -15376001 0 -500 500 0 -1 500 -500 1000 0 15375999 -1000 0 -500 500 -30256001 -500 0 0 500 -14880001 0 0 500 500 495999 500 0 1000 500 15871999 -1000 500 -500 1000 -29760001 -500 500 0 1000 -14384001 0 500 500 1000 991999 500 500 1000 1000 16367999 0
PAGES -1000 -1000 1000 1000 756 -470 54 -382 322 9 -1000 -1000 -333 -333 -31082337 -333 -1000 334 -333 -10570753 334 -1000 1000 -333 9939870 -1000 -333 -333 334 -30420673 -333 -333 334 334 -9909089 334 -333 1000 334 10601534 -1000 334 -333 1000 -29759040 -333 334 334 1000 -9247456 334 334 1000 1000 11263167 1 -1000 -333 -333 334
PAGES -1000 -1000 1000 1000 262 783 100 813 629 64 -1000 -1000 -750 -750 -31496001 -750 -1000 -500 -750 -23808001 -500 -1000 -250 -750 -16120001 -250 -1000 0 -750 -8432001 0 -1000 250 -750 -744001 250 -1000 500 -750 6943999 500 -1000 750 -750 14631999 750 -1000 1000 -750 22319999 -1000 -750 -750 -500 -31248001 -750 -750 -500 -500 -23560001 -500 -750 -250 -500 -15872001 -250 -750 0 -500 -8184001 0 -750 250 -500 -496001 250 -750 500 -500 7191999 500 -750 750 -500 14879999 750 -750 1000 -500 22567999 -1000 -500 -750 -250 -31000001 -750 -500 -500 -250 -23312001 -500 -500 -250 -250 -15624001 -250 -500 0 -250 -7936001 0 -500 250 -250 -248001 250 -500 500 -250 7439999 500 -500 750 -250 15127999 750 -500 1000 -250 22815999 -1000 -250 -750 0 -30752001 -750 -250 -500 0 -23064001 -500 -250 -250 0 -15376001 -250 -250 0 0 -7688001 0 -250 250 0 -1 250 -250 500 0 7687999 500 -250 750 0 15375999 750 -250 1000 0 23063999 -1000 0 -750 250 -30504001 -750 0 -500 250 -22816001 -500 0 -250 250 -15128001 -250 0 0 250 -7440001 0 0 250 250 247999 250 0 500 250 7935999 500 0 750 250 15623999 750 0 1000 250 23311999 -1000 250 -750 500 -30256001 -750 250 -500 500 -22568001 -500 250 -250 500 -14880001 -250 250 0 500 -7192001 0 250 250 500 495999 250 250 500 500 8183999 500 250 750 500 15871999 750 250 1000 500 23559999 -1000 500 -750 750 -30008001 -750 500 -500 750 -22320001 -500 500 -250 750 -14632001 -250 500 0 750 -6944001 0 500 250 750 743999 250 500 500 750 8431999 500 500 750 750 16119999 750 500 1000 750 23807999 -1000 750 -750 1000 -29760001 -750 750 -500 1000 -22072001 -500 750 -250 1000 -14384001 -250 750 0 1000 -6696001 0 750 250 1000 991999 250 750 500 1000 8679999 500 750 750 1000 16367999 750 750 1000 1000 24055999 3 750 0 1000 250 750 250 1000 500 750 500 1000 750
PAGES -1000 -1000 1000 1000 382 -1000 -1000 -1000 1000 36 -1000 -1000 -666 -666 -31412673 -666 -1000 -332 -666 -21141505 -332 -1000 2 -666 -10870337 2 -1000 336 -666 -599169 336 -1000 670 -666 9671999 670 -1000 1000 -666 19939323 -1000 -666 -666 -332 -31081345 -666 -666 -332 -332 -20810177 -332 -666 2 -332 -10539009 2 -666 336 -332 -267841 336 -666 670 -332 10003327 670 -666 1000 -332 20270651 -1000 -332 -666 2 -30750017 -666 -332 -332 2 -20478849 -332 -332 2 2 -10207681 2 -332 336 2 63487 336 -332 670 2 10334655 670 -332 1000 2 20601979 -1000 2 -666 336 -30418689 -666 2 -332 336 -20147521 -332 2 2 336 -9876353 2 2 336 336 394815 336 2 670 336 10665983 670 2 1000 336 20933307 -1000 336 -666 670 -30087361 -666 336 -332 670 -19816193 -332 336 2 670 -9545025 2 336 336 670 726143 336 336 670 670 10997311 670 336 1000 670 21264635 -1000 670 -666 1000 -29756157 -666 670 -332 1000 -19484989 -332 670 2 1000 -9213821 2 670 336 1000 1057347 336 670 670 1000 11328515 670 670 1000 1000 21595839 0
PAGES -1000 -1000 1000 1000 763 1100 1100 1200 1200 9 -1000 -1000 -333 -333 -31082337 -333 -1000 334 -333 -10570753 334 -1000 1000 -333 9939870 -1000 -333 -333 334 -30420673 -333 -333 334 334 -9909089 334 -333 1000 334 10601534 -1000 334 -333 1000 -29759040 -333 334 334 1000 -9247456 334 334 1000 1000 11263167 0
PAGES -1000 -1000 1000 1000 561 -512 871 65 911 16 -1000 -1000 -500 -500 -31248001 -500 -1000 0 -500 -15872001 0 -1000 500 -500 -496001 500 -1000 1000 -500 14879999 -1000 -500 -500 0 -30752001 -500 -500 0 0 -15376001 0 -500 500 0 -1 500 -500 1000 0 15375999 -1000 0 -500 500 -30256001 -500 0 0 500 -14880001 0 0 500 500 495999 500 0 1000 500 15871999 -1000 500 -500 1000 -29760001 -500 500 0 1000 -14384001 0 500 500 1000 991999 500 500 1000 1000 16367999 3 -1000 500 -500 1000 -500 500 0 1000 0 500 500 1000
PAGES -1000 -1000 1000 1000 491 -681 446 -306 730 25 -1000 -1000 -600 -600 -31347201 -600 -1000 -200 -600 -19046401 -200 -1000 200 -600 -6745601 200 -1000 600 -600 5555199 600 -1000 1000 -600 17855999 -1000 -600 -600 -200 -30950401 -600 -600 -200 -200 -18649601 -200 -600 200 -200 -6348801 200 -600 600 -200 5951999 600 -600 1000 -200 18252799 -1000 -200 -600 200 -30553601 -600 -200 -200 200 -18252801 -200 -200 200 200 -5952001 200 -200 600 200 6348799 600 -200 1000 200 18649599 -1000 200 -600 600 -30156801 -600 200 -200 600 -17856001 -200 200 200 600 -5555201 200 200 600 600 6745599 600 200 1000 600 19046399 -1000 600 -600 1000 -29760001 -600 600 -200 1000 -17459201 -200 600 200 1000 -5158401 200 600 600 1000 7142399 600 600 1000 1000 19443199 4 -1000 200 -600 600 -600 200 -200 600 -1000 600 -600 1000 -600 600 -200 1000
PAGES -1000 -1000 1000 1000 500 -1000 -1000 -1000 1000 16 -1000 -1000 -500 -500 -31248001 -500 -1000 0 -500 -15872001 0 -1000 500 -500 -496001 500 -1000 1000 -500 14879999 -1000 -500 -500 0 -30752001 -500 -500 0 0 -15376001 0 -500 500 0 -1 500 -500 1000 0 15375999 -1000 0 -500 500 -30256001 -500 0 0 500 -14880001 0 0 500 500 495999 500 0 1000 500 15871999 -1000 500 -500 1000 -29760001 -500 500 0 1000 -14384001 0 500 500 1000 991999 500 500 1000 1000 16367999 0
PAGES -1000 -1000 1000 1000 514 1100 1100 1200 1200 16 -1000 -1000 -500 -500 -31248001 -500 -1000 0 -500 -15872001 0 -1000 500 -500 -496001 500 -1000 1000 -500 14879999 -1000 -500 -500 0 -30752001 -500 -500 0 0 -15376001 0 -500 500 0 -1 500 -500 1000 0 15375999 -1000 0 -500 500 -30256001 -500 0 0 500 -14880001 0 0 500 500 495999 500 0 1000 500 15871999 -1000 500 -500 1000 -29760001 -500 500 0 1000 -14384001 0 500 500 1000 991999 500 500 1000 1000 16367999 0
PAGES -1000 -1000 1000 1000 286 765 -389 902 -356 49 -1000 -1000 -714 -714 -31460289 -714 -1000 -428 -714 -22665217 -428 -1000 -142 -714 -13870145 -142 -1000 144 -714 -5075073 144 -1000 430 -714 3719999 430 -1000 716 -714 12515071 716 -1000 1000 -714 21308221 -1000 -714 -714 -428 -31176577 -714 -714 -428 -428 -22381505 -428 -714 -142 -428 -13586433 -142 -714 144 -428 -4791361 144 -714 430 -428 4003711 430 -714 716 -428 12798783 716 -714 1000 -428 21591933 -1000 -428 -714 -142 -30892865 -714 -428 -428 -142 -22097793 -428 -428 -142 -142 -13302721 -142 -428 144 -142 -4507649 144 -428 430 -142 4287423 430 -428 716 -142 13082495 716 -428 1000 -142 21875645 -1000 -142 -714 144 -30609153 -714 -142 -428 144 -21814081 -428 -142 -142 144 -13019009 -142 -142 144 144 -4223937 144 -142 430 144 4571135 430 -142 716 144 13366207 716 -142 1000 144 22159357 -1000 144 -714 430 -30325441 -714 144 -428 430 -21530369 -428 144 -142 430 -12735297 -142 144 144 430 -3940225 144 144 430 430 4854847 430 144 716 430 13649919 716 144 1000 430 22443069 -1000 430 -714 716 -30041729 -714 430 -428 716 -21246657 -428 430 -142 716 -12451585 -142 430 144 716 -3656513 144 430 430 716 5138559 430 430 716 716 13933631 716 430 1000 716 22726781 -1000 716 -714 1000 -29758079 -714 716 -428 1000 -20963007 -428 716 -142 1000 -12167935 -142 716 144 1000 -3372863 144 716 430 1000 5422209 430 716 716 1000 14217281 716 716 1000 1000 23010431 1 716 -428 1000 -142
PAGES -1000 -1000 1000 1000 396 -558 260 -339 1002 36 -1000 -1000 -666 -666 -31412673 -666 -1000 -332 -666 -21141505 -332 -1000 2 -666 -10870337 2 -1000 336 -666 -599169 336 -1000 670 -666 9671999 670 -1000 1000 -666 19939323 -1000 -666 -666 -332 -31081345 -666 -666 -332 -332 -20810177 -332 -666 2 -332 -10539009 2 -666 336 -332 -267841 336 -666 670 -332 10003327 670 -666 1000 -332 20270651 -1000 -332 -666 2 -30750017 -666 -332 -332 2 -20478849 -332 -332 2 2 -10207681 2 -332 336 2 63487 336 -332 670 2 10334655 670 -332 1000 2 20601979 -1000 2 -666 336 -30418689 -666 2 -332 336 -20147521 -332 2 2 336 -9876353 2 2 336 336 394815 336 2 670 336 10665983 670 2 1000 336 20933307 -1000 336 -666 670 -30087361 -666 336 -332 670 -19816193 -332 336 2 670 -9545025 2 336 336 670 726143 336 336 670 670 10997311 670 336 1000 670 21264635 -1000 670 -666 1000 -29756157 -666 670 -332 1000 -19484989 -332 670 2 1000 -9213821 2 670 336 1000 1057347 336 670 670 1000 11328515 670 670 1000 1000 21595839 3 -666 2 -332 336 -666 336 -332 670 -666 670 -332 1000
PAGES -1000 -1000 1000 1000 452 -1000 -1000 -1000 1000 25 -1000 -1000 -600 -600 -31347201 -600 -1000 -200 -600 -19046401 -200 -1000 200 -600 -6745601 200 -1000 600 -600 5555199 600 -1000 1000 -600 17855999 -1000 -600 -600 -200 -30950401 -600 -600 -200 -200 -18649601 -200 -600 200 -200 -6348801 200 -600 600 -200 5951999 600 -600 1000 -200 18252799 -1000 -200 -600 200 -30553601 -600 -200 -200 200 -18252801 -200 -200 200 200 -5952001 200 -200 600 200 6348799 600 -200 1000 200 18649599 -1000 200 -600 600 -30156801 -600 200 -200 600 -17856001 -200 200 200 600 -5555201 200 200 600 600 6745599 600 200 1000 600 19046399 -1000 600 -600 1000 -29760001 -600 600 -200 1000 -17459201 -200 600 200 1000 -5158401 200 600 600 1000 7142399 600 600 1000 1000 19443199 0
PAGES -1000 -1000 1000 1000 605 1100 1100 1200 1200 16 -1000 -1000 -500 -500 -31248001 -500 -1000 0 -500 -15872001 0 -1000 500 -500 -496001 500 -1000 1000 -500 14879999 -1000 -500 -500 0 -30752001 -500 -500 0 0 -15376001 0 -500 500 0 -1 500 -500 1000 0 15375999 -1000 0 -500 500 -30256001 -500 0 0 500 -14880001 0 0 500 500 495999 500 0 1000 500 15871999 -1000 500 -500 1000 -29760001 -500 500 0 1000 -14384001 0 500 500 1000 991999 500 500 1000 1000 16367999 0
PAGES -1000 -1000 1000 1000 485 -825 -724 -514 -124 25 -1000 -1000 -600 -600 -31347201 -600 -1000 -200 -600 -19046401 -200 -1000 200 -600 -6745601 200 -1000 600 -600 5555199 600 -1000 1000 -600 17855999 -1000 -600 -600 -200 -30950401 -600 -600 -200 -200 -18649601 -200 -600 200 -200 -6348801 200 -600 600 -200 5951999 600 -600 1000 -200 18252799 -1000 -200 -600 200 -30553601 -600 -200 -200 200 -18252801 -200 -200 200 200 -5952001 200 -200 600 200 6348799 600 -200 1000 200 18649599 -1000 200 -600 600 -30156801 -600 200 -200 600 -17856001 -200 200 200 600 -5555201 200 200 600 600 6745599 600 200 1000 600 19046399 -1000 600 -600 1000 -29760001 -600 600 -200 1000 -17459201 -200 600 200 1000 -5158401 200 600 600 1000 7142399 600 600 1000 1000 19443199 6 -1000 -1000 -600 -600 -600 -1000 -200 -600 -1000 -600 -600 -200 -600 -600 -200 -200 -1000 -200 -600 200 -600 -200 -200 200
PAGES -1000 -1000 1000 1000 745 398 -133 842 249 9 -1000 -1000 -333 -333 -31082337 -333 -1000 334 -333 -10570753 334 -1000 1000 -333 9939870 -1000 -333 -333 334 -30420673 -333 -333 334 334 -9909089 334 -333 1000 334 10601534 -1000 334 -333 1000 -29759040 -333 334 334 1000 -9247456 334 334 1000 1000 11263167 1 334 -333 1000 334
PAGES -1000 -1000 1000 1000 705 -1000 -1000 -1000 1000 9 -1000 -1000 -333 -333 -31082337 -333 -1000 334 -333 -10570753 334 -1000 1000 -333 9939870 -1000 -333 -333 334 -30420673 -333 -333 334 334 -9909089 334 -333 1000 334 10601534 -1000 334 -333 1000 -29759040 -333 334 334 1000 -9247456 334 334 1000 1000 11263167 0
PAGES -1000 -1000 1000 1000 303 1100 1100 1200 1200 49 -1000 -1000 -714 -714 -31460289 -714 -1000 -428 -714 -22665217 -428 -1000 -142 -714 -13870145 -142 -1000 144 -714 -5075073 144 -1000 430 -714 3719999 430 -1000 716 -714 12515071 716 -1000 1000 -714 21308221 -1000 -714 -714 -428 -31176577 -714 -714 -428 -428 -22381505 -428 -714 -142 -428 -13586433 -142 -714 144 -428 -4791361 144 -714 430 -428 4003711 430 -714 716 -428 12798783 716 -714 1000 -428 21591933 -1000 -428 -714 -142 -30892865 -714 -428 -428 -142 -22097793 -428 -428 -142 -142 -13302721 -142 -428 144 -142 -4507649 144 -428 430 -142 4287423 430 -428 716 -142 13082495 716 -428 1000 -142 21875645 -1000 -142 -714 144 -30609153 -714 -142 -428 144 -21814081 -428 -142 -142 144 -13019009 -142 -142 144 144 -4223937 144 -142 430 144 4571135 430 -142 716 144 13366207 716 -142 1000 144 22159357 -1000 144 -714 430 -30325441 -714 144 -428 430 -21530369 -428 144 -142 430 -12735297 -142 144 144 430 -3940225 144 144 430 430 4854847 430 144 716 430 13649919 716 144 1000 430 22443069 -1000 430 -714 716 -30041729 -714 430 -428 716 -21246657 -428 430 -142 716 -12451585 -142 430 144 716 -3656513 144 430 430 716 5138559 430 430 716 716 13933631 716 430 1000 716 22726781 -1000 716 -714 1000 -29758079 -714 716 -428 1000 -20963007 -428 716 -142 1000 -12167935 -142 716 144 1000 -3372863 144 716 430 1000 5422209 430 716 716 1000 14217281 716 716 1000 1000 23010431 0
PAGES -1000 -1000 1000 1000 278 836 -778 1400 -770 64 -1000 -1000 -750 -750 -31496001 -750 -1000 -500 -750 -23808001 -500 -1000 -250 -750 -16120001 -250 -1000 0 -750 -8432001 0 -1000 250 -750 -744001 250 -1000 500 -750 6943999 500 -1000 750 -750 14631999 750 -1000 1000 -750 22319999 -1000 -750 -750 -500 -31248001 -750 -750 -500 -500 -23560001 -500 -750 -250 -500 -15872001 -250 -750 0 -500 -8184001 0 -750 250 -500 -496001 250 -750 500 -500 7191999 500 -750 750 -500 14879999 750 -750 1000 -500 22567999 -1000 -500 -750 -250 -31000001 -750 -500 -500 -250 -23312001 -500 -500 -250 -250 -15624001 -250 -500 0 -250 -7936001 0 -500 250 -250 -248001 250 -500 500 -250 7439999 500 -500 750 -250 15127999 750 -500 1000 -250 22815999 -1000 -250 -750 0 -30752001 -750 -250 -500 0 -23064001 -500 -250 -250 0 -15376001 -250 -250 0 0 -7688001 0 -250 250 0 -1 250 -250 500 0 7687999 500 -250 750 0 15375999 750 -250 1000 0 23063999 -1000 0 -750 250 -30504001 -750 0 -500 250 -22816001 -500 0 -250 250 -15128001 -250 0 0 250 -7440001 0 0 250 250 247999 250 0 500 250 7935999 500 0 750 250 15623999 750 0 1000 250 23311999 -1000 250 -750 500 -30256001 -750 250 -500 500 -22568001 -500 250 -250 500 -14880001 -250 250 0 500 -7192001 0 250 250 500 495999 250 250 500 500 8183999 500 250 750 500 15871999 750 250 1000 500 23559999 -1000 500 -750 750 -30008001 -750 500 -500 750 -22320001 -500 500 -250 750 -14632001 -250 500 0 750 -6944001 0 500 250 750 743999 250 500 500 750 8431999 500 500 750 750 16119999 750 500 1000 750 23807999 -1000 750 -750 1000 -29760001 -750 750 -500 1000 -22072001 -500 750 -250 1000 -14384001 -250 750 0 1000 -6696001 0 750 250 1000 991999 250 750 500 1000 8679999 500 750 750 1000 16367999 750 750 1000 1000 24055999 1 750 -1000 1000 -750
PAGES -1000 -1000 1000 1000 303 713 676 802 1090 49 -1000 -1000 -714 -714 -31460289 -714 -1000 -428 -714 -22665217 -428 -1000 -142 -714 -13870145 -142 -1000 144 -714 -5075073 144 -1000 430 -714 3719999 430 -1000 716 -714 12515071 716 -1000 1000 -714 21308221 -1000 -714 -714 -428 -31176577 -714 -714 -428 -428 -22381505 -428 -714 -142 -428 -13586433 -142 -714 144 -428 -4791361 144 -714 430 -428 4003711 430 -714 716 -428 12798783 716 -714 1000 -428 21591933 -1000 -428 -714 -142 -30892865 -714 -428 -428 -142 -22097793 -428 -428 -142 -142 -13302721 -142 -428 144 -142 -4507649 144 -428 430 -142 4287423 430 -428 716 -142 13082495 716 -428 1000 -142 21875645 -1000 -142 -714 144 -30609153 -714 -142 -428 144 -21814081 -428 -142 -142 144 -13019009 -142 -142 144 144 -4223937 144 -142 430 144 4571135 430 -142 716 144 13366207 716 -142 1000 144 22159357 -1000 144 -714 430 -30325441 -714 144 -428 430 -21530369 -428 144 -142 430 -12735297 -142 144 144 430 -3940225 144 144 430 430 4854847 430 144 716 430 13649919 716 144 1000 430 22443069 -1000 430 -714 716 -30041729 -714 430 -428 716 -21246657 -428 430 -142 716 -12451585 -142 430 144 716 -3656513 144 430 430 716 5138559 430 430 716 716 13933631 716 430 1000 716 22726781 -1000 716 -714 1000 -29758079 -714 716 -428 1000 -20963007 -428 716 -142 1000 -12167935 -142 716 144 1000 -3372863 144 716 430 1000 5422209 430 716 716 1000 14217281 716 716 1000 1000 23010431 4 430 430 716 716 716 430 1000 716 430 716 716 1000 716 716 1000 1000
PAGES -1000 -1000 1000 1000 669 -1000 -1000 -1000 1000 9 -1000 -1000 -333 -333 -31082337 -333 -1000 334 -333 -10570753 334 -1000 1000 -333 9939870 -1000 -333 -333 334 -30420673 -333 -333 334 334 -9909089 334 -333 1000 334 10601534 -1000 334 -333 1000 -29759040 -333 334 334 1000 -9247456 334 334 1000 1000 11263167 0
PAGES -1000 -1000 1000 1000 185 1100 1100 1200 1200 121 -1000 -1000 -818 -818 -31563457 -818 -1000 -636 -818 -25966593 -636 -1000 -454 -818 -20369729 -454 -1000 -272 -818 -14772865 -272 -1000 -90 -818 -9176001 -90 -1000 92 -818 -3579137 92 -1000 274 -818 2017727 274 -1000 456 -818 7614591 456 -1000 638 -818 13211455 638 -1000 820 -818 18808319 820 -1000 1000 -818 24403261 -1000 -818 -818 -636 -31382913 -818 -818 -636 -636 -25786049 -636 -818 -454 -636 -20189185 -454 -818 -272 -636 -14592321 -272 -818 -90 -636 -8995457 -90 -818 92 -636 -3398593 92 -818 274 -636 2198271 274 -818 456 -636 7795135 456 -818 638 -636 13391999 638 -818 820 -636 18988863 820 -818 1000 -636 24583805 -1000 -636 -818 -454 -31202369 -818 -636 -636 -454 -25605505 -636 -636 -454 -454 -20008641 -454 -636 -272 -454 -14411777 -272 -636 -90 -454 -8814913 -90 -636 92 -454 -3218049 92 -636 274 -454 2378815 274 -636 456 -454 7975679 456 -636 638 -454 13572543 638 -636 820 -454 19169407 820 -636 1000 -454 24764349 -1000 -454 -818 -272 -31021825 -818 -454 -636 -272 -25424961 -636 -454 -454 -272 -19828097 -454 -454 -272 -272 -14231233 -272 -454 -90 -272 -8634369 -90 -454 92 -272 -3037505 92 -454 274 -272 2559359 274 -454 456 -272 8156223 456 -454 638 -272 13753087 638 -454 820 -272 19349951 820 -454 1000 -272 24944893 -1000 -272 -818 -90 -30841281 -818 -272 -636 -90 -25244417 -636 -272 -454 -90 -19647553 -454 -272 -272 -90 -14050689 -272 -272 -90 -90 -8453825 -90 -272 92 -90 -2856961 92 -272 274 -90 2739903 274 -272 456 -90 8336767 456 -272 638 -90 13933631 638 -272 820 -90 19530495 820 -272 1000 -90 25125437 -1000 -90 -818 92 -30660737 -818 -90 -636 92 -25063873 -636 -90 -454 92 -19467009 -454 -90 -272 92 -13870145 -272 -90 -90 92 -8273281 -90 -90 92 92 -2676417 92 -90 274 92 2920447 274 -90 456 92 8517311 456 -90 638 92 14114175 638 -90 820 92 19711039 820 -90 1000 92 25305981 -1000 92 -818 274 -30480193 -818 92 -636 274 -24883329 -636 92 -454 274 -19286465 -454 92 -272 274 -13689601 -272 92 -90 274 -8092737 -90 92 92 274 -2495873 92 92 274 274 3100991 274 92 456 274 8697855 456 92 638 274 14294719 638 92 820 274 19891583 820 92 1000 274 25486525 -1000 274 -818 456 -30299649 -818 274 -636 456 -24702785 -636 274 -454 456 -19105921 -454 274 -272 456 -13509057 -272 274 -90 456 -7912193 -90 274 92 456 -2315329 92 274 274 456 3281535 274 274 456 456 8878399 456 274 638 456 14475263 638 274 820 456 20072127 820 274 1000 456 25667069 -1000 456 -818 638 -30119105 -818 456 -636 638 -24522241 -636 456 -454 638 -18925377 -454 456 -272 638 -13328513 -272 456 -90 638 -7731649 -90 456 92 638 -2134785 92 456 274 638 3462079 274 456 456 638 9058943 456 456 638 638 14655807 638 456 820 638 20252671 820 456 1000 638 25847613 -1000 638 -818 820 -29938561 -818 638 -636 820 -24341697 -636 638 -454 820 -18744833 -454 638 -272 820 -13147969 -272 638 -90 820 -7551105 -90 638 92 820 -1954241 92 638 274 820 3642623 274 638 456 820 9239487 456 638 638 820 14836351 638 638 820 820 20433215 820 638 1000 820 26028157 -1000 820 -818 1000 -29758079 -818 820 -636 1000 -24161215 -636 820 -454 1000 -18564351 -454 820 -272 1000 -12967487 -272 820 -90 1000 -7370623 -90 820 92 1000 -1773759 92 820 274 1000 3823105 274 820 456 1000 9419969 456 820 638 1000 15016833 638 820 820 1000 20613697 820 820 1000 1000 26208639 0
PAGES -1000 -1000 1000 1000 438 846 -914 1296 -399 25 -1000 -1000 -600 -600 -31347201 -600 -1000 -200 -600 -19046401 -200 -1000 200 -600 -6745601 200 -1000 600 -600 5555199 600 -1000 1000 -600 17855999 -1000 -600 -600 -200 -30950401 -600 -600 -200 -200 -18649601 -200 -600 200 -200 -6348801 200 -600 600 -200 5951999 600 -600 1000 -200 18252799 -1000 -200 -600 200 -30553601 -600 -200 -200 200 -18252801 -200 -200 200 200 -5952001 200 -200 600 200 6348799 600 -200 1000 200 18649599 -1000 200 -600 600 -30156801 -600 200 -200 600 -17856001 -200 200 200 600 -5555201 200 200 600 600 6745599 600 200 1000 600 19046399 -1000 600 -600 1000 -29760001 -600 600 -200 1000 -17459201 -200 600 200 1000 -5158401 200 600 600 1000 7142399 600 600 1000 1000 19443199 2 600 -1000 1000 -600 600 -600 1000 -200
PAGES -1000 -1000 1000 1000 706 902 912 1483 974 9 -1000 -1000 -333 -333 -31082337 -333 -1000 334 -333 -10570753 334 -1000 1000 -333 9939870 -1000 -333 -333 334 -30420673 -333 -333 334 334 -9909089 334 -333 1000 334 10601534 -1000 334 -333 1000 -29759040 -333 334 334 1000 -9247456 334 334 1000 1000 11263167 1 334 334 1000 1000
PAGES -1000 -1000 1000 1000 659 -1000 -1000 -1000 1000 16 -1000 -1000 -500 -500 -31248001 -500 -1000 0 -500 -15872001 0 -1000 500 -500 -496001 500 -1000 1000 -500 14879999 -1000 -500 -500 0 -30752001 -500 -500 0 0 -15376001 0 -500 500 0 -1 500 -500 1000 0 15375999 -1000 0 -500 500 -30256001 -500 0 0 500 -14880001 0 0 500 500 495999 500 0 1000 500 15871999 -1000 500 -500 1000 -29760001 -500 500 0 1000 -14384001 0 500 500 1000 991999 500 500 1000 1000 16367999 0
PAGES -1000 -1000 1000 1000 113 1100 1100 1200 1200 324 -1000 -1000 -888 -888 -31632897 -888 -1000 -776 -888 -28188673 -776 -1000 -664 -888 -24744449 -664 -1000 -552 -888 -21300225 -552 -1000 -440 -888 -17856001 -440 -1000 -328 -888 -14411777 -328 -1000 -216 -888 -10967553 -216 -1000 -104 -888 -7523329 -104 -1000 8 -888 -4079105 8 -1000 120 -888 -634881 120 -1000 232 -888 2809343 232 -1000 344 -888 6253567 344 -1000 456 -888 9697791 456 -1000 568 -888 13142015 568 -1000 680 -888 16586239 680 -1000 792 -888 20030463 792 -1000 904 -888 23474687 904 -1000 1000 -888 26903535 -1000 -888 -888 -776 -31521793 -888 -888 -776 -776 -28077569 -776 -888 -664 -776 -24633345 -664 -888 -552 -776 -21189121 -552 -888 -440 -776 -17744897 -440 -888 -328 -776 -14300673 -328 -888 -216 -776 -10856449 -216 -888 -104 -776 -7412225 -104 -888 8 -776 -3968001 8 -888 120 -776 -523777 120 -888 232 -776 2920447 232 -888 344 -776 6364671 344 -888 456 -776 9808895 456 -888 568 -776 13253119 568 -888 680 -776 16697343 680 -888 792 -776 20141567 792 -888 904 -776 23585791 904 -888 1000 -776 27014639 -1000 -776 -888 -664 -31410689 -888 -776 -776 -664 -27966465 -776 -776 -664 -664 -24522241 -664 -776 -552 -664 -21078017 -552 -776 -440 -664 -17633793 -440 -776 -328 -664 -14189569 -328 -776 -216 -664 -10745345 -216 -776 -104 -664 -7301121 -104 -776 8 -664 -3856897 8 -776 120 -664 -412673 120 -776 232 -664 3031551 232 -776 344 -664 6475775 344 -776 456 -664 9919999 456 -776 568 -664 13364223 568 -776 680 -664 16808447 680 -776 792 -664 20252671 792 -776 904 -664 23696895 904 -776 1000 -664 27125743 -1000 -664 -888 -552 -31299585 -888 -664 -776 -552 -27855361 -776 -664 -664 -552 -24411137 -664 -664 -552 -552 -20966913 -552 -664 -440 -552 -17522689 -440 -664 -328 -552 -14078465 -328 -664 -216 -552 -10634241 -216 -664 -104 -552 -7190017 -104 -664 8 -552 -3745793 8 -664 120 -552 -301569 120 -664 232 -552 3142655 232 -664 344 -552 6586879 344 -664 456 -552 10031103 456 -664 568 -552 13475327 568 -664 680 -552 16919551 680 -664 792 -552 20363775 792 -664 904 -552 23807999 904 -664 1000 -552 27236847 -1000 -552 -888 -440 -31188481 -888 -552 -776 -440 -27744257 -776 -552 -664 -440 -24300033 -664 -552 -552 -440 -20855809 -552 -552 -440 -440 -17411585 -440 -552 -328 -440 -13967361 -328 -552 -216 -440 -10523137 -216 -552 -104 -440 -7078913 -104 -552 8 -440 -3634689 8 -552 120 -440 -190465 120 -552 232 -440 3253759 232 -552 344 -440 6697983 344 -552 456 -440 10142207 456 -552 568 -440 13586431 568 -552 680 -440 17030655 680 -552 792 -440 20474879 792 -552 904 -440 23919103 904 -552 1000 -440 27347951 -1000 -440 -888 -328 -31077377 -888 -440 -776 -328 -27633153 -776 -440 -664 -328 -24188929 -664 -440 -552 -328 -20744705 -552 -440 -440 -328 -17300481 -440 -440 -328 -328 -13856257 -328 -440 -216 -328 -10412033 -216 -440 -104 -328 -6967809 -104 -440 8 -328 -3523585 8 -440 120 -328 -79361 120 -440 232 -328 3364863 232 -440 344 -328 6809087 344 -440 456 -328 10253311 456 -440 568 -328 13697535 568 -440 680 -328 17141759 680 -440 792 -328 20585983 792 -440 904 -328 24030207 904 -440 1000 -328 27459055 -1000 -328 -888 -216 -30966273 -888 -328 -776 -216 -27522049 -776 -328 -664 -216 -24077825 -664 -328 -552 -216 -20633601 -552 -328 -440 -216 -17189377 -440 -328 -328 -216 -13745153 -328 -328 -216 -216 -10300929 -216 -328 -104 -216 -6856705 -104 -328 8 -216 -3412481 8 -328 120 -216 31743 120 -328 232 -216 3475967 232 -328 344 -216 6920191 344 -328 456 -216 10364415 456 -328 568 -216 13808639 568 -328 680 -216 17252863 680 -328 792 -216 20697087 792 -328 904 -216 24141311 904 -328 1000 -216 27570159 -1000 -216 -888 -104 -30855169 -888 -216 -776 -104 -27410945 -776 -216 -664 -104 -23966721 -664 -216 -552 -104 -20522497 -552 -216 -440 -104 -17078273 -440 -216 -328 -104 -13634049 -328 -216 -216 -104 -10189825 -216 -216 -104 -104 -6745601 -104 -216 8 -104 -3301377 8 -216 120 -104 142847 120 -216 232 -104 3587071 232 -216 344 -104 7031295 344 -216 456 -104 10475519 456 -216 568 -104 13919743 568 -216 680 -104 17363967 680 -216 792 -104 20808191 792 -216 904 -104 24252415 904 -216 1000 -104 27681263 -1000 -104 -888 8 -30744065 -888 -104 -776 8 -27299841 -776 -104 -664 8 -23855617 -664 -104 -552 8 -20411393 -552 -104 -440 8 -16967169 -440 -104 -328 8 -13522945 -328 -104 -216 8 -10078721 -216 -104 -104 8 -6634497 -104 -104 8 8 -3190273 8 -104 120 8 253951 120 -104 232 8 3698175 232 -104 344 8 7142399 344 -104 456 8 10586623 456 -104 568 8 14030847 568 -104 680 8 17475071 680 -104 792 8 20919295 792 -104 904 8 24363519 904 -104 1000 8 27792367 -1000 8 -888 120 -30632961 -888 8 -776 120 -27188737 -776 8 -664 120 -23744513 -664 8 -552 120 -20300289 -552 8 -440 120 -16856065 -440 8 -328 120 -13411841 -328 8 -216 120 -9967617 -216 8 -104 120 -6523393 -104 8 8 120 -3079169 8 8 120 120 365055 120 8 232 120 3809279 232 8 344 120 7253503 344 8 456 120 10697727 456 8 568 120 14141951 568 8 680 120 17586175 680 8 792 120 21030399 792 8 904 120 24474623 904 8 1000 120 27903471 -1000 120 -888 232 -30521857 -888 120 -776 232 -27077633 -776 120 -664 232 -23633409 -664 120 -552 232 -20189185 -552 120 -440 232 -16744961 -440 120 -328 232 -13300737 -328 120 -216 232 -9856513 -216 120 -104 232 -6412289 -104 120 8 232 -2968065 8 120 120 232 476159 120 120 232 232 3920383 232 120 344 232 7364607 344 120 456 232 10808831 456 120 568 232 14253055 568 120 680 232 17697279 680 120 792 232 21141503 792 120 904 232 24585727 904 120 1000 232 28014575 -1000 232 -888 344 -30410753 -888 232 -776 344 -26966529 -776 232 -664 344 -23522305 -664 232 -552 344 -20078081 -552 232 -440 344 -16633857 -440 232 -328 344 -13189633 -328 232 -216 344 -9745409 -216 232 -104 344 -6301185 -104 232 8 344 -2856961 8 232 120 344 587263 120 232 232 344 4031487 232 232 344 344 7475711 344 232 456 344 10919935 456 232 568 344 14364159 568 232 680 344 17808383 680 232 792 344 21252607 792 232 904 344 24696831 904 232 1000 344 28125679 -1000 344 -888 456 -30299649 -888 344 -776 456 -26855425 -776 344 -664 456 -23411201 -664 344 -552 456 -19966977 -552 344 -440 456 -16522753 -440 344 -328 456 -13078529 -328 344 -216 456 -9634305 -216 344 -104 456 -6190081 -104 344 8 456 -2745857 8 344 120 456 698367 120 344 232 456 4142591 232 344 344 456 7586815 344 344 456 456 11031039 456 344 568 456 14475263 568 344 680 456 17919487 680 344 792 456 21363711 792 344 904 456 24807935 904 344 1000 456 28236783 -1000 456 -888 568 -30188545 -888 456 -776 568 -26744321 -776 456 -664 568 -23300097 -664 456 -552 568 -19855873 -552 456 -440 568 -16411649 -440 456 -328 568 -12967425 -328 456 -216 568 -9523201 -216 456 -104 568 -6078977 -104 456 8 568 -2634753 8 456 120 568 809471 120 456 232 568 4253695 232 456 344 568 7697919 344 456 456 568 11142143 456 456 568 568 14586367 568 456 680 568 18030591 680 456 792 568 21474815 792 456 904 568 24919039 904 456 1000 568 28347887 -1000 568 -888 680 -30077441 -888 568 -776 680 -26633217 -776 568 -664 680 -23188993 -664 568 -552 680 -19744769 -552 568 -440 680 -16300545 -440 568 -328 680 -12856321 -328 568 -216 680 -9412097 -216 568 -104 680 -5967873 -104 568 8 680 -2523649 8 568 120 680 920575 120 568 232 680 4364799 232 568 344 680 7809023 344 568 456 680 11253247 456 568 568 680 14697471 568 568 680 680 18141695 680 568 792 680 21585919 792 568 904 680 25030143 904 568 1000 680 28458991 -1000 680 -888 792 -29966337 -888 680 -776 792 -26522113 -776 680 -664 792 -23077889 -664 680 -552 792 -19633665 -552 680 -440 792 -16189441 -440 680 -328 792 -12745217 -328 680 -216 792 -9300993 -216 680 -104 792 -5856769 -104 680 8 792 -2412545 8 680 120 792 1031679 120 680 232 792 4475903 232 680 344 792 7920127 344 680 456 792 11364351 456 680 568 792 14808575 568 680 680 792 18252799 680 680 792 792 21697023 792 680 904 792 25141247 904 680 1000 792 28570095 -1000 792 -888 904 -29855233 -888 792 -776 904 -26411009 -776 792 -664 904 -22966785 -664 792 -552 904 -19522561 -552 792 -440 904 -16078337 -440 792 -328 904 -12634113 -328 792 -216 904 -9189889 -216 792 -104 904 -5745665 -104 792 8 904 -2301441 8 792 120 904 1142783 120 792 232 904 4587007 232 792 344 904 8031231 344 792 456 904 11475455 456 792 568 904 14919679 568 792 680 904 18363903 680 792 792 904 21808127 792 792 904 904 25252351 904 792 1000 904 28681199 -1000 904 -888 1000 -29744625 -888 904 -776 1000 -26300401 -776 904 -664 1000 -22856177 -664 904 -552 1000 -19411953 -552 904 -440 1000 -15967729 -440 904 -328 1000 -12523505 -328 904 -216 1000 -9079281 -216 904 -104 1000 -5635057 -104 904 8 1000 -2190833 8 904 120 1000 1253391 120 904 232 1000 4697615 232 904 344 1000 8141839 344 904 456 1000 11586063 456 904 568 1000 15030287 568 904 680 1000 18474511 680 904 792 1000 21918735 792 904 904 1000 25362959 904 904 1000 1000 28791807 0
PAGES -1000 -1000 1000 1000 724 383 -282 697 504 9 -1000 -1000 -333 -333 -31082337 -333 -1000 334 -333 -10570753 334 -1000 1000 -333 9939870 -1000 -333 -333 334 -30420673 -333 -333 334 334 -9909089 334 -333 1000 334 10601534 -1000 334 -333 1000 -29759040 -333 334 334 1000 -9247456 334 334 1000 1000 11263167 2 334 -333 1000 334 334 334 1000 1000
PAGES -1000 -1000 1000 1000 448 608 -263 806 203 25 -1000 -1000 -600 -600 -31347201 -600 -1000 -200 -600 -19046401 -200 -1000 200 -600 -6745601 200 -1000 600 -600 5555199 600 -1000 1000 -600 17855999 -1000 -600 -600 -200 -30950401 -600 -600 -200 -200 -18649601 -200 -600 200 -200 -6348801 200 -600 600 -200 5951999 600 -600 1000 -200 18252799 -1000 -200 -600 200 -30553601 -600 -200 -200 200 -18252801 -200 -200 200 200 -5952001 200 -200 600 200 6348799 600 -200 1000 200 18649599 -1000 200 -600 600 -30156801 -600 200 -200 600 -17856001 -200 200 200 600 -5555201 200 200 600 600 6745599 600 200 1000 600 19046399 -1000 600 -600 1000 -29760001 -600 600 -200 1000 -17459201 -200 600 200 1000 -5158401 200 600 600 1000 7142399 600 600 1000 1000 19443199 3 600 -600 1000 -200 600 -200 1000 200 600 200 1000 600
PAGES -1000 -1000 1000 1000 104 -1000 -1000 -1000 1000 400 -1000 -1000 -900 -900 -31644801 -900 -1000 -800 -900 -28569601 -800 -1000 -700 -900 -25494401 -700 -1000 -600 -900 -22419201 -600 -1000 -500 -900 -19344001 -500 -1000 -400 -900 -16268801 -400 -1000 -300 -900 -13193601 -300 -1000 -200 -900 -10118401 -200 -1000 -100 -900 -7043201 -100 -1000 0 -900 -3968001 0 -1000 100 -900 -892801 100 -1000 200 -900 2182399 200 -1000 300 -900 5257599 300 -1000 400 -900 8332799 400 -1000 500 -900 11407999 500 -1000 600 -900 14483199 600 -1000 700 -900 17558399 700 -1000 800 -900 20633599 800 -1000 900 -900 23708799 900 -1000 1000 -900 26783999 -1000 -900 -900 -800 -31545601 -900 -900 -800 -800 -28470401 -800 -900 -700 -800 -25395201 -700 -900 -600 -800 -22320001 -600 -900 -500 -800 -19244801 -500 -900 -400 -800 -16169601 -400 -900 -300 -800 -13094401 -300 -900 -200 -800 -10019201 -200 -900 -100 -800 -6944001 -100 -900 0 -800 -3868801 0 -900 100 -800 -793601 100 -900 200 -800 2281599 200 -900 300 -800 5356799 300 -900 400 -800 8431999 400 -900 500 -800 11507199 500 -900 600 -800 14582399 600 -900 700 -800 17657599 700 -900 800 -800 20732799 800 -900 900 -800 23807999 900 -900 1000 -800 26883199 -1000 -800 -900 -700 -31446401 -900 -800 -800 -700 -28371201 -800 -800 -700 -700 -25296001 -700 -800 -600 -700 -22220801 -600 -800 -500 -700 -19145601 -500 -800 -400 -700 -16070401 -400 -800 -300 -700 -12995201 -300 -800 -200 -700 -9920001 -200 -800 -100 -700 -6844801 -100 -800 0 -700 -3769601 0 -800 100 -700 -694401 100 -800 200 -700 2380799 200 -800 300 -700 5455999 300 -800 400 -700 8531199 400 -800 500 -700 11606399 500 -800 600 -700 14681599 600 -800 700 -700 17756799 700 -800 800 -700 20831999 800 -800 900 -700 23907199 900 -800 1000 -700 26982399 -1000 -700 -900 -600 -31347201 -900 -700 -800 -600 -28272001 -800 -700 -700 -600 -25196801 -700 -700 -600 -600 -22121601 -600 -700 -500 -600 -19046401 -500 -700 -400 -600 -15971201 -400 -700 -300 -600 -12896001 -300 -700 -200 -600 -9820801 -200 -700 -100 -600 -6745601 -100 -700 0 -600 -3670401 0 -700 100 -600 -595201 100 -700 200 -600 2479999 200 -700 300 -600 5555199 300 -700 400 -600 8630399 400 -700 500 -600 11705599 500 -700 600 -600 14780799 600 -700 700 -600 17855999 700 -700 800 -600 20931199 800 -700 900 -600 24006399 900 -700 1000 -600 27081599 -1000 -600 -900 -500 -31248001 -900 -600 -800 -500 -28172801 -800 -600 -700 -500 -25097601 -700 -600 -600 -500 -22022401 -600 -600 -500 -500 -18947201 -500 -600 -400 -500 -15872001 -400 -600 -300 -500 -12796801 -300 -600 -200 -500 -9721601 -200 -600 -100 -500 -6646401 -100 -600 0 -500 -3571201 0 -600 100 -500 -496001 100 -600 200 -500 2579199 200 -600 300 -500 5654399 300 -600 400 -500 8729599 400 -600 500 -500 11804799 500 -600 600 -500 14879999 600 -600 700 -500 17955199 700 -600 800 -500 21030399 800 -600 900 -500 24105599 900 -600 1000 -500 27180799 -1000 -500 -900 -400 -31148801 -900 -500 -800 -400 -28073601 -800 -500 -700 -400 -24998401 -700 -500 -600 -400 -21923201 -600 -500 -500 -400 -18848001 -500 -500 -400 -400 -15772801 -400 -500 -300 -400 -12697601 -300 -500 -200 -400 -9622401 -200 -500 -100 -400 -6547201 -100 -500 0 -400 -3472001 0 -500 100 -400 -396801 100 -500 200 -400 2678399 200 -500 300 -400 5753599 300 -500 400 -400 8828799 400 -500 500 -400 11903999 500 -500 600 -400 14979199 600 -500 700 -400 18054399 700 -500 800 -400 21129599 800 -500 900 -400 24204799 900 -500 1000 -400 27279999 -1000 -400 -900 -300 -31049601 -900 -400 -800 -300 -27974401 -800 -400 -700 -300 -24899201 -700 -400 -600 -300 -21824001 -600 -400 -500 -300 -18748801 -500 -400 -400 -300 -15673601 -400 -400 -300 -300 -12598401 -300 -400 -200 -300 -9523201 -200 -400 -100 -300 -6448001 -100 -400 0 -300 -3372801 0 -400 100 -300 -297601 100 -400 200 -300 2777599 200 -400 300 -300 5852799 300 -400 400 -300 8927999 400 -400 500 -300 12003199 500 -400 600 -300 15078399 600 -400 700 -300 18153599 700 -400 800 -300 21228799 800 -400 900 -300 24303999 900 -400 1000 -300 27379199 -1000 -300 -900 -200 -30950401 -900 -300 -800 -200 -27875201 -800 -300 -700 -200 -24800001 -700 -300 -600 -200 -21724801 -600 -300 -500 -200 -18649601 -500 -300 -400 -200 -15574401 -400 -300 -300 -200 -12499201 -300 -300 -200 -200 -9424001 -200 -300 -100 -200 -6348801 -100 -300 0 -200 -3273601 0 -300 100 -200 -198401 100 -300 200 -200 2876799 200 -300 300 -200 5951999 300 -300 400 -200 9027199 400 -300 500 -200 12102399 500 -300 600 -200 15177599 600 -300 700 -200 18252799 700 -300 800 -200 21327999 800 -300 900 -200 24403199 900 -300 1000 -200 27478399 -1000 -200 -900 -100 -30851201 -900 -200 -800 -100 -27776001 -800 -200 -700 -100 -24700801 -700 -200 -600 -100 -21625601 -600 -200 -500 -100 -18550401 -500 -200 -400 -100 -15475201 -400 -200 -300 -100 -12400001 -300 -200 -200 -100 -9324801 -200 -200 -100 -100 -6249601 -100 -200 0 -100 -3174401 0 -200 100 -100 -99201 100 -200 200 -100 2975999 200 -200 300 -100 6051199 300 -200 400 -100 9126399 400 -200 500 -100 12201599 500 -200 600 -100 15276799 600 -200 700 -100 18351999 700 -200 800 -100 21427199 800 -200 900 -100 24502399 900 -200 1000 -100 27577599 -1000 -100 -900 0 -30752001 -900 -100 -800 0 -27676801 -800 -100 -700 0 -24601601 -700 -100 -600 0 -21526401 -600 -100 -500 0 -18451201 -500 -100 -400 0 -15376001 -400 -100 -300 0 -12300801 -300 -100 -200 0 -9225601 -200 -100 -100 0 -6150401 -100 -100 0 0 -3075201 0 -100 100 0 -1 100 -100 200 0 3075199 200 -100 300 0 6150399 300 -100 400 0 9225599 400 -100 500 0 12300799 500 -100 600 0 15375999 600 -100 700 0 18451199 700 -100 800 0 21526399 800 -100 900 0 24601599 900 -100 1000 0 27676799 -1000 0 -900 100 -30652801 -900 0 -800 100 -27577601 -800 0 -700 100 -24502401 -700 0 -600 100 -21427201 -600 0 -500 100 -18352001 -500 0 -400 100 -15276801 -400 0 -300 100 -12201601 -300 0 -200 100 -9126401 -200 0 -100 100 -6051201 -100 0 0 100 -2976001 0 0 100 100 99199 100 0 200 100 3174399 200 0 300 100 6249599 300 0 400 100 9324799 400 0 500 100 12399999 500 0 600 100 15475199 600 0 700 100 18550399 700 0 800 100 21625599 800 0 900 100 24700799 900 0 1000 100 27775999 -1000 100 -900 200 -30553601 -900 100 -800 200 -27478401 -800 100 -700 200 -24403201 -700 100 -600 200 -21328001 -600 100 -500 200 -18252801 -500 100 -400 200 -15177601 -400 100 -300 200 -12102401 -300 100 -200 200 -9027201 -200 100 -100 200 -5952001 -100 100 0 200 -2876801 0 100 100 200 198399 100 100 200 200 3273599 200 100 300 200 6348799 300 100 400 200 9423999 400 100 500 200 12499199 500 100 600 200 15574399 600 100 700 200 18649599 700 100 800 200 21724799 800 100 900 200 24799999 900 100 1000 200 27875199 -1000 200 -900 300 -30454401 -900 200 -800 300 -27379201 -800 200 -700 300 -24304001 -700 200 -600 300 -21228801 -600 200 -500 300 -18153601 -500 200 -400 300 -15078401 -400 200 -300 300 -12003201 -300 200 -200 300 -8928001 -200 200 -100 300 -5852801 -100 200 0 300 -2777601 0 200 100 300 297599 100 200 200 300 3372799 200 200 300 300 6447999 300 200 400 300 9523199 400 200 500 300 12598399 500 200 600 300 15673599 600 200 700 300 18748799 700 200 800 300 21823999 800 200 900 300 24899199 900 200 1000 300 27974399 -1000 300 -900 400 -30355201 -900 300 -800 400 -27280001 -800 300 -700 400 -24204801 -700 300 -600 400 -21129601 -600 300 -500 400 -18054401 -500 300 -400 400 -14979201 -400 300 -300 400 -11904001 -300 300 -200 400 -8828801 -200 300 -100 400 -5753601 -100 300 0 400 -2678401 0 300 100 400 396799 100 300 200 400 3471999 200 300 300 400 6547199 300 300 400 400 9622399 400 300 500 400 12697599 500 300 600 400 15772799 600 300 700 400 18847999 700 300 800 400 21923199 800 300 900 400 24998399 900 300 1000 400 28073599 -1000 400 -900 500 -30256001 -900 400 -800 500 -27180801 -800 400 -700 500 -24105601 -700 400 -600 500 -21030401 -600 400 -500 500 -17955201 -500 400 -400 500 -14880001 -400 400 -300 500 -11804801 -300 400 -200 500 -8729601 -200 400 -100 500 -5654401 -100 400 0 500 -2579201 0 400 100 500 495999 100 400 200 500 3571199 200 400 300 500 6646399 300 400 400 500 9721599 400 400 500 500 12796799 500 400 600 500 15871999 600 400 700 500 18947199 700 400 800 500 22022399 800 400 900 500 25097599 900 400 1000 500 28172799 -1000 500 -900 600 -30156801 -900 500 -800 600 -27081601 -800 500 -700 600 -24006401 -700 500 -600 600 -20931201 -600 500 -500 600 -17856001 -500 500 -400 600 -14780801 -400 500 -300 600 -11705601 -300 500 -200 600 -8630401 -200 500 -100 600 -5555201 -100 500 0 600 -2480001 0 500 100 600 595199 100 500 200 600 3670399 200 500 300 600 6745599 300 500 400 600 9820799 400 500 500 600 12895999 500 500 600 600 15971199 600 500 700 600 19046399 700 500 800 600 22121599 800 500 900 600 25196799 900 500 1000 600 28271999 -1000 600 -900 700 -30057601 -900 600 -800 700 -26982401 -800 600 -700 700 -23907201 -700 600 -600 700 -20832001 -600 600 -500 700 -17756801 -500 600 -400 700 -14681601 -400 600 -300 700 -11606401 -300 600 -200 700 -8531201 -200 600 -100 700 -5456001 -100 600 0 700 -2380801 0 600 100 700 694399 100 600 200 700 3769599 200 600 300 700 6844799 300 600 400 700 9919999 400 600 500 700 12995199 500 600 600 700 16070399 600 600 700 700 19145599 700 600 800 700 22220799 800 600 900 700 25295999 900 600 1000 700 28371199 -1000 700 -900 800 -29958401 -900 700 -800 800 -26883201 -800 700 -700 800 -23808001 -700 700 -600 800 -20732801 -600 700 -500 800 -17657601 -500 700 -400 800 -14582401 -400 700 -300 800 -11507201 -300 700 -200 800 -8432001 -200 700 -100 800 -5356801 -100 700 0 800 -2281601 0 700 100 800 793599 100 700 200 800 3868799 200 700 300 800 6943999 300 700 400 800 10019199 400 700 500 800 13094399 500 700 600 800 16169599 600 700 700 800 19244799 700 700 800 800 22319999 800 700 900 800 25395199 900 700 1000 800 28470399 -1000 800 -900 900 -29859201 -900 800 -800 900 -26784001 -800 800 -700 900 -23708801 -700 800 -600 900 -20633601 -600 800 -500 900 -17558401 -500 800 -400 900 -14483201 -400 800 -300 900 -11408001 -300 800 -200 900 -8332801 -200 800 -100 900 -5257601 -100 800 0 900 -2182401 0 800 100 900 892799 100 800 200 900 3967999 200 800 300 900 7043199 300 800 400 900 10118399 400 800 500 900 13193599 500 800 600 900 16268799 600 800 700 900 19343999 700 800 800 900 22419199 800 800 900 900 25494399 900 800 1000 900 28569599 -1000 900 -900 1000 -29760001 -900 900 -800 1000 -26684801 -800 900 -700 1000 -23609601 -700 900 -600 1000 -20534401 -600 900 -500 1000 -17459201 -500 900 -400 1000 -14384001 -400 900 -300 1000 -11308801 -300 900 -200 1000 -8233601 -200 900 -100 1000 -5158401 -100 900 0 1000 -2083201 0 900 100 1000 991999 100 900 200 1000 4067199 200 900 300 1000 7142399 300 900 400 1000 10217599 400 900 500 1000 13292799 500 900 600 1000 16367999 600 900 700 1000 19443199 700 900 800 1000 22518399 800 900 900 1000 25593599 900 900 1000 1000 28668799 0
PAGES -1000 -1000 1000 1000 499 1100 1100 1200 1200 25 -1000 -1000 -600 -600 -31347201 -600 -1000 -200 -600 -19046401 -200 -1000 200 -600 -6745601 200 -1000 600 -600 5555199 600 -1000 1000 -600 17855999 -1000 -600 -600 -200 -30950401 -600 -600 -200 -200 -18649601 -200 -600 200 -200 -6348801 200 -600 600 -200 5951999 600 -600 1000 -200 18252799 -1000 -200 -600 200 -30553601 -600 -200 -200 200 -18252801 -200 -200 200 200 -5952001 200 -200 600 200 6348799 600 -200 1000 200 18649599 -1000 200 -600 600 -30156801 -600 200 -200 600 -17856001 -200 200 200 600 -5555201 200 200 600 600 6745599 600 200 1000 600 19046399 -1000 600 -600 1000 -29760001 -600 600 -200 1000 -17459201 -200 600 200 1000 -5158401 200 600 600 1000 7142399 600 600 1000 1000 19443199 0
PAGES -1000 -1000 1000 1000 151 -91 310 354 755 196 -1000 -1000 -857 -857 -31602145 -857 -1000 -714 -857 -27204609 -714 -1000 -571 -857 -22807073 -571 -1000 -428 -857 -18409537 -428 -1000 -285 -857 -14012001 -285 -1000 -142 -857 -9614465 -142 -1000 1 -857 -5216929 1 -1000 144 -857 -819393 144 -1000 287 -857 3578143 287 -1000 430 -857 7975679 430 -1000 573 -857 12373215 573 -1000 716 -857 16770751 716 -1000 859 -857 21168287 859 -1000 1000 -857 25563901 -1000 -857 -857 -714 -31460289 -857 -857 -714 -714 -27062753 -714 -857 -571 -714 -22665217 -571 -857 -428 -714 -18267681 -428 -857 -285 -714 -13870145 -285 -857 -142 -714 -9472609 -142 -857 1 -714 -5075073 1 -857 144 -714 -677537 144 -857 287 -714 3719999 287 -857 430 -714 8117535 430 -857 573 -714 12515071 573 -857 716 -714 16912607 716 -857 859 -714 21310143 859 -857 1000 -714 25705757 -1000 -714 -857 -571 -31318433 -857 -714 -714 -571 -26920897 -714 -714 -571 -571 -22523361 -571 -714 -428 -571 -18125825 -428 -714 -285 -571 -13728289 -285 -714 -142 -571 -9330753 -142 -714 1 -571 -4933217 1 -714 144 -571 -535681 144 -714 287 -571 3861855 287 -714 430 -571 8259391 430 -714 573 -571 12656927 573 -714 716 -571 17054463 716 -714 859 -571 21451999 859 -714 1000 -571 25847613 -1000 -571 -857 -428 -31176577 -857 -571 -714 -428 -26779041 -714 -571 -571 -428 -22381505 -571 -571 -428 -428 -17983969 -428 -571 -285 -428 -13586433 -285 -571 -142 -428 -9188897 -142 -571 1 -428 -4791361 1 -571 144 -428 -393825 144 -571 287 -428 4003711 287 -571 430 -428 8401247 430 -571 573 -428 12798783 573 -571 716 -428 17196319 716 -571 859 -428 21593855 859 -571 1000 -428 25989469 -1000 -428 -857 -285 -31034721 -857 -428 -714 -285 -26637185 -714 -428 -571 -285 -22239649 -571 -428 -428 -285 -17842113 -428 -428 -285 -285 -13444577 -285 -428 -142 -285 -9047041 -142 -428 1 -285 -4649505 1 -428 144 -285 -251969 144 -428 287 -285 4145567 287 -428 430 -285 8543103 430 -428 573 -285 12940639 573 -428 716 -285 17338175 716 -428 859 -285 21735711 859 -428 1000 -285 26131325 -1000 -285 -857 -142 -30892865 -857 -285 -714 -142 -26495329 -714 -285 -571 -142 -22097793 -571 -285 -428 -142 -17700257 -428 -285 -285 -142 -13302721 -285 -285 -142 -142 -8905185 -142 -285 1 -142 -4507649 1 -285 144 -142 -110113 144 -285 287 -142 4287423 287 -285 430 -142 8684959 430 -285 573 -142 13082495 573 -285 716 -142 17480031 716 -285 859 -142 21877567 859 -285 1000 -142 26273181 -1000 -142 -857 1 -30751009 -857 -142 -714 1 -26353473 -714 -142 -571 1 -21955937 -571 -142 -428 1 -17558401 -428 -142 -285 1 -13160865 -285 -142 -142 1 -8763329 -142 -142 1 1 -4365793 1 -142 144 1 31743 144 -142 287 1 4429279 287 -142 430 1 8826815 430 -142 573 1 13224351 573 -142 716 1 17621887 716 -142 859 1 22019423 859 -142 1000 1 26415037 -1000 1 -857 144 -30609153 -857 1 -714 144 -26211617 -714 1 -571 144 -21814081 -571 1 -428 144 -17416545 -428 1 -285 144 -13019009 -285 1 -142 144 -8621473 -142 1 1 144 -4223937 1 1 144 144 173599 144 1 287 144 4571135 287 1 430 144 8968671 430 1 573 144 13366207 573 1 716 144 17763743 716 1 859 144 22161279 859 1 1000 144 26556893 -1000 144 -857 287 -30467297 -857 144 -714 287 -26069761 -714 144 -571 287 -21672225 -571 144 -428 287 -17274689 -428 144 -285 287 -12877153 -285 144 -142 287 -8479617 -142 144 1 287 -4082081 1 144 144 287 315455 144 144 287 287 4712991 287 144 430 287 9110527 430 144 573 287 13508063 573 144 716 287 17905599 716 144 859 287 22303135 859 144 1000 287 26698749 -1000 287 -857 430 -30325441 -857 287 -714 430 -25927905 -714 287 -571 430 -21530369 -571 287 -428 430 -17132833 -428 287 -285 430 -12735297 -285 287 -142 430 -8337761 -142 287 1 430 -3940225 1 287 144 430 457311 144 287 287 430 4854847 287 287 430 430 9252383 430 287 573 430 13649919 573 287 716 430 18047455 716 287 859 430 22444991 859 287 1000 430 26840605 -1000 430 -857 573 -30183585 -857 430 -714 573 -25786049 -714 430 -571 573 -21388513 -571 430 -428 573 -16990977 -428 430 -285 573 -12593441 -285 430 -142 573 -8195905 -142 430 1 573 -3798369 1 430 144 573 599167 144 430 287 573 4996703 287 430 430 573 9394239 430 430 573 573 13791775 573 430 716 573 18189311 716 430 859 573 22586847 859 430 1000 573 26982461 -1000 573 -857 716 -30041729 -857 573 -714 716 -25644193 -714 573 -571 716 -21246657 -571 573 -428 716 -16849121 -428 573 -285 716 -12451585 -285 573 -142 716 -8054049 -142 573 1 716 -3656513 1 573 144 716 741023 144 573 287 716 5138559 287 573 430 716 9536095 430 573 573 716 13933631 573 573 716 716 18331167 716 573 859 716 22728703 859 573 1000 716 27124317 -1000 716 -857 859 -29899873 -857 716 -714 859 -25502337 -714 716 -571 859 -21104801 -571 716 -428 859 -16707265 -428 716 -285 859 -12309729 -285 716 -142 859 -7912193 -142 716 1 859 -3514657 1 716 144 859 882879 144 716 287 859 5280415 287 716 430 859 9677951 430 716 573 859 14075487 573 716 716 859 18473023 716 716 859 859 22870559 859 716 1000 859 27266173 -1000 859 -857 1000 -29758079 -857 859 -714 1000 -25360543 -714 859 -571 1000 -20963007 -571 859 -428 1000 -16565471 -428 859 -285 1000 -12167935 -285 859 -142 1000 -7770399 -142 859 1 1000 -3372863 1 859 144 1000 1024673 144 859 287 1000 5422209 287 859 430 1000 9819745 430 859 573 1000 14217281 573 859 716 1000 18614817 716 859 859 1000 23012353 859 859 1000 1000 27407967 16 -142 287 1 430 1 287 144 430 144 287 287 430 287 287 430 430 -142 430 1 573 1 430 144 573 144 430 287 573 287 430 430 573 -142 573 1 716 1 573 144 716 144 573 287 716 287 573 430 716 -142 716 1 859 1 716 144 859 144 716 287 859 287 716 430 859
PAGES -1000 -1000 1000 1000 589 -194 -886 85 -564 16 -1000 -1000 -500 -500 -31248001 -500 -1000 0 -500 -15872001 0 -1000 500 -500 -496001 500 -1000 1000 -500 14879999 -1000 -500 -500 0 -30752001 -500 -500 0 0 -15376001 0 -500 500 0 -1 500 -500 1000 0 15375999 -1000 0 -500 500 -30256001 -500 0 0 500 -14880001 0 0 500 500 495999 500 0 1000 500 15871999 -1000 500 -500 1000 -29760001 -500 500 0 1000 -14384001 0 500 500 1000 991999 500 500 1000 1000 16367999 2 -500 -1000 0 -500 0 -1000 500 -500
PAGES -1000 -1000 1000 1000 214 -1000 -1000 -1000 1000 100 -1000 -1000 -800 -800 -31545601 -800 -1000 -600 -800 -25395201 -600 -1000 -400 -800 -19244801 -400 -1000 -200 -800 -13094401 -200 -1000 0 -800 -6944001 0 -1000 200 -800 -793601 200 -1000 400 -800 5356799 400 -1000 600 -800 11507199 600 -1000 800 -800 17657599 800 -1000 1000 -800 23807999 -1000 -800 -800 -600 -31347201 -800 -800 -600 -600 -25196801 -600 -800 -400 -600 -19046401 -400 -800 -200 -600 -12896001 -200 -800 0 -600 -6745601 0 -800 200 -600 -595201 200 -800 400 -600 5555199 400 -800 600 -600 11705599 600 -800 800 -600 17855999 800 -800 1000 -600 24006399 -1000 -600 -800 -400 -31148801 -800 -600 -600 -400 -24998401 -600 -600 -400 -400 -18848001 -400 -600 -200 -400 -12697601 -200 -600 0 -400 -6547201 0 -600 200 -400 -396801 200 -600 400 -400 5753599 400 -600 600 -400 11903999 600 -600 800 -400 18054399 800 -600 1000 -400 24204799 -1000 -400 -800 -200 -30950401 -800 -400 -600 -200 -24800001 -600 -400 -400 -200 -18649601 -400 -400 -200 -200 -12499201 -200 -400 0 -200 -6348801 0 -400 200 -200 -198401 200 -400 400 -200 5951999 400 -400 600 -200 12102399 600 -400 800 -200 18252799 800 -400 1000 -200 24403199 -1000 -200 -800 0 -30752001 -800 -200 -600 0 -24601601 -600 -200 -400 0 -18451201 -400 -200 -200 0 -12300801 -200 -200 0 0 -6150401 0 -200 200 0 -1 200 -200 400 0 6150399 400 -200 600 0 12300799 600 -200 800 0 18451199 800 -200 1000 0 24601599 -1000 0 -800 200 -30553601 -800 0 -600 200 -24403201 -600 0 -400 200 -18252801 -400 0 -200 200 -12102401 -200 0 0 200 -5952001 0 0 200 200 198399 200 0 400 200 6348799 400 0 600 200 12499199 600 0 800 200 18649599 800 0 1000 200 24799999 -1000 200 -800 400 -30355201 -800 200 -600 400 -24204801 -600 200 -400 400 -18054401 -400 200 -200 400 -11904001 -200 200 0 400 -5753601 0 200 200 400 396799 200 200 400 400 6547199 400 200 600 400 12697599 600 200 800 400 18847999 800 200 1000 400 24998399 -1000 400 -800 600 -30156801 -800 400 -600 600 -24006401 -600 400 -400 600 -17856001 -400 400 -200 600 -11705601 -200 400 0 600 -5555201 0 400 200 600 595199 200 400 400 600 6745599 400 400 600 600 12895999 600 400 800 600 19046399 800 400 1000 600 25196799 -1000 600 -800 800 -29958401 -800 600 -600 800 -23808001 -600 600 -400 800 -17657601 -400 600 -200 800 -11507201 -200 600 0 800 -5356801 0 600 200 800 793599 200 600 400 800 6943999 400 600 600 800 13094399 600 600 800 800 19244799 800 600 1000 800 25395199 -1000 800 -800 1000 -29760001 -800 800 -600 1000 -23609601 -600 800 -400 1000 -17459201 -400 800 -200 1000 -11308801 -200 800 0 1000 -5158401 0 800 200 1000 991999 200 800 400 1000 7142399 400 800 600 1000 13292799 600 800 800 1000 19443199 800 800 1000 1000 25593599 0
PAGES -1000 -1000 1000 1000 266 1100 1100 1200 1200 64 -1000 -1000 -750 -750 -31496001 -750 -1000 -500 -750 -23808001 -500 -1000 -250 -750 -16120001 -250 -1000 0 -750 -8432001 0 -1000 250 -750 -744001 250 -1000 500 -750 6943999 500 -1000 750 -750 14631999 750 -1000 1000 -750 22319999 -1000 -750 -750 -500 -31248001 -750 -750 -500 -500 -23560001 -500 -750 -250 -500 -15872001 -250 -750 0 -500 -8184001 0 -750 250 -500 -496001 250 -750 500 -500 7191999 500 -750 750 -500 14879999 750 -750 1000 -500 22567999 -1000 -500 -750 -250 -31000001 -750 -500 -500 -250 -23312001 -500 -500 -250 -250 -15624001 -250 -500 0 -250 -7936001 0 -500 250 -250 -248001 250 -500 500 -250 7439999 500 -500 750 -250 15127999 750 -500 1000 -250 22815999 -1000 -250 -750 0 -30752001 -750 -250 -500 0 -23064001 -500 -250 -250 0 -15376001 -250 -250 0 0 -7688001 0 -250 250 0 -1 250 -250 500 0 7687999 500 -250 750 0 15375999 750 -250 1000 0 23063999 -1000 0 -750 250 -30504001 -750 0 -500 250 -22816001 -500 0 -250 250 -15128001 -250 0 0 250 -7440001 0 0 250 250 247999 250 0 500 250 7935999 500 0 750 250 15623999 750 0 1000 250 23311999 -1000 250 -750 500 -30256001 -750 250 -500 500 -22568001 -500 250 -250 500 -14880001 -250 250 0 500 -7192001 0 250 250 500 495999 250 250 500 500 8183999 500 250 750 500 15871999 750 250 1000 500 23559999 -1000 500 -750 750 -30008001 -750 500 -500 750 -22320001 -500 500 -250 750 -14632001 -250 500 0 750 -6944001 0 500 250 750 743999 250 500 500 750 8431999 500 500 750 750 16119999 750 500 1000 750 23807999 -1000 750 -750 1000 -29760001 -750 750 -500 1000 -22072001 -500 750 -250 1000 -14384001 -250 750 0 1000 -6696001 0 750 250 1000 991999 250 750 500 1000 8679999 500 750 750 1000 16367999 750 750 1000 1000 24055999 0
PAGES -1000 -1000 1000 1000 610 220 842 249 945 16 -1000 -1000 -500 -500 -31248001 -500 -1000 0 -500 -15872001 0 -1000 500 -500 -496001 500 -1000 1000 -500 14879999 -1000 -500 -500 0 -30752001 -500 -500 0 0 -15376001 0 -500 500 0 -1 500 -500 1000 0 15375999 -1000 0 -500 500 -30256001 -500 0 0 500 -14880001 0 0 500 500 495999 500 0 1000 500 15871999 -1000 500 -500 1000 -29760001 -500 500 0 1000 -14384001 0 500 500 1000 991999 500 500 1000 1000 16367999 1 0 500 500 1000
PAGES -1000 -1000 1000 1000 459 145 875 830 1139 25 -1000 -1000 -600 -600 -31347201 -600 -1000 -200 -600 -19046401 -200 -1000 200 -600 -6745601 200 -1000 600 -600 5555199 600 -1000 1000 -600 17855999 -1000 -600 -600 -200 -30950401 -600 -600 -200 -200 -18649601 -200 -600 200 -200 -6348801 200 -600 600 -200 5951999 600 -600 1000 -200 18252799 -1000 -200 -600 200 -30553601 -600 -200 -200 200 -18252801 -200 -200 200 200 -5952001 200 -200 600 200 6348799 600 -200 1000 200 18649599 -1000 200 -600 600 -30156801 -600 200 -200 600 -17856001 -200 200 200 600 -5555201 200 200 600 600 6745599 600 200 1000 600 19046399 -1000 600 -600 1000 -29760001 -600 600 -200 1000 -17459201 -200 600 200 1000 -5158401 200 600 600 1000 7142399 600 600 1000 1000 19443199 3 -200 600 200 1000 200 600 600 1000 600 600 1000 1000
PAGES -1000 -1000 1000 1000 426 -1000 -1000 -1000 1000 25 -1000 -1000 -600 -600 -31347201 -600 -1000 -200 -600 -19046401 -200 -1000 200 -600 -6745601 200 -1000 600 -600 5555199 600 -1000 1000 -600 17855999 -1000 -600 -600 -200 -30950401 -600 -600 -200 -200 -18649601 -200 -600 200 -200 -6348801 200 -600 600 -200 5951999 600 -600 1000 -200 18252799 -1000 -200 -600 200 -30553601 -600 -200 -200 200 -18252801 -200 -200 200 200 -5952001 200 -200 600 200 6348799 600 -200 1000 200 18649599 -1000 200 -600 600 -30156801 -600 200 -200 600 -17856001 -200 200 200 600 -5555201 200 200 600 600 6745599 600 200 1000 600 19046399 -1000 600 -600 1000 -29760001 -600 600 -200 1000 -17459201 -200 600 200 1000 -5158401 200 600 600 1000 7142399 600 600 1000 1000 19443199 0
PAGES -1000 -1000 1000 1000 449 1100 1100 1200 1200 25 -1000 -1000 -600 -600 -31347201 -600 -1000 -200 -600 -19046401 -200 -1000 200 -600 -6745601 200 -1000 600 -600 5555199 600 -1000 1000 -600 17855999 -1000 -600 -600 -200 -30950401 -600 -600 -200 -200 -18649601 -200 -600 200 -200 -6348801 200 -600 600 -200 5951999 600 -600 1000 -200 18252799 -1000 -200 -600 200 -30553601 -600 -200 -200 200 -18252801 -200 -200 200 200 -5952001 200 -200 600 200 6348799 600 -200 1000 200 18649599 -1000 200 -600 600 -30156801 -600 200 -200 600 -17856001 -200 200 200 600 -5555201 200 200 600 600 6745599 600 200 1000 600 19046399 -1000 600 -600 1000 -29760001 -600 600 -200 1000 -17459201 -200 600 200 1000 -5158401 200 600 600 1000 7142399 600 600 1000 1000 19443199 0
PAGES -1000 -1000 1000 1000 473 -861 -557 -536 -281 25 -1000 -1000 -600 -600 -31347201 -600 -1000 -200 -600 -19046401 -200 -1000 200 -600 -6745601 200 -1000 600 -600 5555199 600 -1000 1000 -600 17855999 -1000 -600 -600 -200 -30950401 -600 -600 -200 -200 -18649601 -200 -600 200 -200 -6348801 200 -600 600 -200 5951999 600 -600 1000 -200 18252799 -1000 -200 -600 200 -30553601 -600 -200 -200 200 -18252801 -200 -200 200 200 -5952001 200 -200 600 200 6348799 600 -200 1000 200 18649599 -1000 200 -600 600 -30156801 -600 200 -200 600 -17856001 -200 200 200 600 -5555201 200 200 600 600 6745599 600 200 1000 600 19046399 -1000 600 -600 1000 -29760001 -600 600 -200 1000 -17459201 -200 600 200 1000 -5158401 200 600 600 1000 7142399 600 600 1000 1000 19443199 2 -1000 -600 -600 -200 -600 -600 -200 -200
PAGES -1000 -1000 1000 1000 602 38 -744 184 -419 16 -1000 -1000 -500 -500 -31248001 -500 -1000 0 -500 -15872001 0 -1000 500 -500 -496001 500 -1000 1000 -500 14879999 -1000 -500 -500 0 -30752001 -500 -500 0 0 -15376001 0 -500 500 0 -1 500 -500 1000 0 15375999 -1000 0 -500 500 -30256001 -500 0 0 500 -14880001 0 0 500 500 495999 500 0 1000 500 15871999 -1000 500 -500 1000 -29760001 -500 500 0 1000 -14384001 0 500 500 1000 991999 500 500 1000 1000 16367999 2 0 -1000 500 -500 0 -500 500 0
PAGES -1000 -1000 1000 1000 180 -1000 -1000 -1000 1000 144 -1000 -1000 -833 -833 -31578337 -833 -1000 -666 -833 -26442753 -666 -1000 -499 -833 -21307169 -499 -1000 -332 -833 -16171585 -332 -1000 -165 -833 -11036001 -165 -1000 2 -833 -5900417 2 -1000 169 -833 -764833 169 -1000 336 -833 4370751 336 -1000 503 -833 9506335 503 -1000 670 -833 14641919 670 -1000 837 -833 19777503 837 -1000 1000 -833 24909243 -1000 -833 -833 -666 -31412673 -833 -833 -666 -666 -26277089 -666 -833 -499 -666 -21141505 -499 -833 -332 -666 -16005921 -332 -833 -165 -666 -10870337 -165 -833 2 -666 -5734753 2 -833 169 -666 -599169 169 -833 336 -666 4536415 336 -833 503 -666 9671999 503 -833 670 -666 14807583 670 -833 837 -666 19943167 837 -833 1000 -666 25074907 -1000 -666 -833 -499 -31247009 -833 -666 -666 -499 -26111425 -666 -666 -499 -499 -20975841 -499 -666 -332 -499 -15840257 -332 -666 -165 -499 -10704673 -165 -666 2 -499 -5569089 2 -666 169 -499 -433505 169 -666 336 -499 4702079 336 -666 503 -499 9837663 503 -666 670 -499 14973247 670 -666 837 -499 20108831 837 -666 1000 -499 25240571 -1000 -499 -833 -332 -31081345 -833 -499 -666 -332 -25945761 -666 -499 -499 -332 -20810177 -499 -499 -332 -332 -15674593 -332 -499 -165 -332 -10539009 -165 -499 2 -332 -5403425 2 -499 169 -332 -267841 169 -499 336 -332 4867743 336 -499 503 -332 10003327 503 -499 670 -332 15138911 670 -499 837 -332 20274495 837 -499 1000 -332 25406235 -1000 -332 -833 -165 -30915681 -833 -332 -666 -165 -25780097 -666 -332 -499 -165 -20644513 -499 -332 -332 -165 -15508929 -332 -332 -165 -165 -10373345 -165 -332 2 -165 -5237761 2 -332 169 -165 -102177 169 -332 336 -165 5033407 336 -332 503 -165 10168991 503 -332 670 -165 15304575 670 -332 837 -165 20440159 837 -332 1000 -165 25571899 -1000 -165 -833 2 -30750017 -833 -165 -666 2 -25614433 -666 -165 -499 2 -20478849 -499 -165 -332 2 -15343265 -332 -165 -165 2 -10207681 -165 -165 2 2 -5072097 2 -165 169 2 63487 169 -165 336 2 5199071 336 -165 503 2 10334655 503 -165 670 2 15470239 670 -165 837 2 20605823 837 -165 1000 2 25737563 -1000 2 -833 169 -30584353 -833 2 -666 169 -25448769 -666 2 -499 169 -20313185 -499 2 -332 169 -15177601 -332 2 -165 169 -10042017 -165 2 2 169 -4906433 2 2 169 169 229151 169 2 336 169 5364735 336 2 503 169 10500319 503 2 670 169 15635903 670 2 837 169 20771487 837 2 1000 169 25903227 -1000 169 -833 336 -30418689 -833 169 -666 336 -25283105 -666 169 -499 336 -20147521 -499 169 -332 336 -15011937 -332 169 -165 336 -9876353 -165 169 2 336 -4740769 2 169 169 336 394815 169 169 336 336 5530399 336 169 503 336 10665983 503 169 670 336 15801567 670 169 837 336 20937151 837 169 1000 336 26068891 -1000 336 -833 503 -30253025 -833 336 -666 503 -25117441 -666 336 -499 503 -19981857 -499 336 -332 503 -14846273 -332 336 -165 503 -9710689 -165 336 2 503 -4575105 2 336 169 503 560479 169 336 336 503 5696063 336 336 503 503 10831647 503 336 670 503 15967231 670 336 837 503 21102815 837 336 1000 503 26234555 -1000 503 -833 670 -30087361 -833 503 -666 670 -24951777 -666 503 -499 670 -19816193 -499 503 -332 670 -14680609 -332 503 -165 670 -9545025 -165 503 2 670 -4409441 2 503 169 670 726143 169 503 336 670 5861727 336 503 503 670 10997311 503 503 670 670 16132895 670 503 837 670 21268479 837 503 1000 670 26400219 -1000 670 -833 837 -29921697 -833 670 -666 837 -24786113 -666 670 -499 837 -19650529 -499 670 -332 837 -14514945 -332 670 -165 837 -9379361 -165 670 2 837 -4243777 2 670 169 837 891807 169 670 336 837 6027391 336 670 503 837 11162975 503 670 670 837 16298559 670 670 837 837 21434143 837 670 1000 837 26565883 -1000 837 -833 1000 -29756157 -833 837 -666 1000 -24620573 -666 837 -499 1000 -19484989 -499 837 -332 1000 -14349405 -332 837 -165 1000 -9213821 -165 837 2 1000 -4078237 2 837 169 1000 1057347 169 837 336 1000 6192931 336 837 503 1000 11328515 503 837 670 1000 16464099 670 837 837 1000 21599683 837 837 1000 1000 26731423 0
PAGES -1000 -1000 1000 1000 325 1100 1100 1200 1200 49 -1000 -1000 -714 -714 -31460289 -714 -1000 -428 -714 -22665217 -428 -1000 -142 -714 -13870145 -142 -1000 144 -714 -5075073 144 -1000 430 -714 3719999 430 -1000 716 -714 12515071 716 -1000 1000 -714 21308221 -1000 -714 -714 -428 -31176577 -714 -714 -428 -428 -22381505 -428 -714 -142 -428 -13586433 -142 -714 144 -428 -4791361 144 -714 430 -428 4003711 430 -714 716 -428 12798783 716 -714 1000 -428 21591933 -1000 -428 -714 -142 -30892865 -714 -428 -428 -142 -22097793 -428 -428 -142 -142 -13302721 -142 -428 144 -142 -4507649 144 -428 430 -142 4287423 430 -428 716 -142 13082495 716 -428 1000 -142 21875645 -1000 -142 -714 144 -30609153 -714 -142 -428 144 -21814081 -428 -142 -142 144 -13019009 -142 -142 144 144 -4223937 144 -142 430 144 4571135 430 -142 716 144 13366207 716 -142 1000 144 22159357 -1000 144 -714 430 -30325441 -714 144 -428 430 -21530369 -428 144 -142 430 -12735297 -142 144 144 430 -3940225 144 144 430 430 4854847 430 144 716 430 13649919 716 144 1000 430 22443069 -1000 430 -714 716 -30041729 -714 430 -428 716 -21246657 -428 430 -142 716 -12451585 -142 430 144 716 -3656513 144 430 430 716 5138559 430 430 716 716 13933631 716 430 1000 716 22726781 -1000 716 -714 1000 -29758079 -714 716 -428 1000 -20963007 -428 716 -142 1000 -12167935 -142 716 144 1000 -3372863 144 716 430 1000 5422209 430 716 716 1000 14217281 716 716 1000 1000 23010431 0
PAGES -1000 -1000 1000 1000 388 -581 -601 -385 -47 36 -1000 -1000 -666 -666 -31412673 -666 -1000 -332 -666 -21141505 -332 -1000 2 -666 -10870337 2 -1000 336 -666 -599169 336 -1000 670 -666 9671999 670 -1000 1000 -666 19939323 -1000 -666 -666 -332 -31081345 -666 -666 -332 -332 -20810177 -332 -666 2 -332 -10539009 2 -666 336 -332 -267841 336 -666 670 -332 10003327 670 -666 1000 -332 20270651 -1000 -332 -666 2 -30750017 -666 -332 -332 2 -20478849 -332 -332 2 2 -10207681 2 -332 336 2 63487 336 -332 670 2 10334655 670 -332 1000 2 20601979 -1000 2 -666 336 -30418689 -666 2 -332 336 -20147521 -332 2 2 336 -9876353 2 2 336 336 394815 336 2 670 336 10665983 670 2 1000 336 20933307 -1000 336 -666 670 -30087361 -666 336 -332 670 -19816193 -332 336 2 670 -9545025 2 336 336 670 726143 336 336 670 670 10997311 670 336 1000 670 21264635 -1000 670 -666 1000 -29756157 -666 670 -332 1000 -19484989 -332 670 2 1000 -9213821 2 670 336 1000 1057347 336 670 670 1000 11328515 670 670 1000 1000 21595839 2 -666 -666 -332 -332 -666 -332 -332 2
PAGES -1000 -1000 1000 1000 509 981 997 1094 1250 16 -1000 -1000 -500 -500 -31248001 -500 -1000 0 -500 -15872001 0 -1000 500 -500 -496001 500 -1000 1000 -500 14879999 -1000 -500 -500 0 -30752001 -500 -500 0 0 -15376001 0 -500 500 0 -1 500 -500 1000 0 15375999 -1000 0 -500 500 -30256001 -500 0 0 500 -14880001 0 0 500 500 495999 500 0 1000 500 15871999 -1000 500 -500 1000 -29760001 -500 500 0 1000 -14384001 0 500 500 1000 991999 500 500 1000 1000 16367999 1 500 500 1000 1000
PAGES -1000 -1000 1000 1000 676 -1000 -1000 -1000 1000 9 -1000 -1000 -333 -333 -31082337 -333 -1000 334 -333 -10570753 334 -1000 1000 -333 9939870 -1000 -333 -333 334 -30420673 -333 -333 334 334 -9909089 334 -333 1000 334 10601534 -1000 334 -333 1000 -29759040 -333 334 334 1000 -9247456 334 334 1000 1000 11263167 0
PAGES -1000 -1000 1000 1000 207 1100 1100 1200 1200 100 -1000 -1000 -800 -800 -31545601 -800 -1000 -600 -800 -25395201 -600 -1000 -400 -800 -19244801 -400 -1000 -200 -800 -13094401 -200 -1000 0 -800 -6944001 0 -1000 200 -800 -793601 200 -1000 400 -800 5356799 400 -1000 600 -800 11507199 600 -1000 800 -800 17657599 800 -1000 1000 -800 23807999 -1000 -800 -800 -600 -31347201 -800 -800 -600 -600 -25196801 -600 -800 -400 -600 -19046401 -400 -800 -200 -600 -12896001 -200 -800 0 -600 -6745601 0 -800 200 -600 -595201 200 -800 400 -600 5555199 400 -800 600 -600 11705599 600 -800 800 -600 17855999 800 -800 1000 -600 24006399 -1000 -600 -800 -400 -31148801 -800 -600 -600 -400 -24998401 -600 -600 -400 -400 -18848001 -400 -600 -200 -400 -12697601 -200 -600 0 -400 -6547201 0 -600 200 -400 -396801 200 -600 400 -400 5753599 400 -600 600 -400 11903999 600 -600 800 -400 18054399 800 -600 1000 -400 24204799 -1000 -400 -800 -200 -30950401 -800 -400 -600 -200 -24800001 -600 -400 -400 -200 -18649601 -400 -400 -200 -200 -12499201 -200 -400 0 -200 -6348801 0 -400 200 -200 -198401 200 -400 400 -200 5951999 400 -400 600 -200 12102399 600 -400 800 -200 18252799 800 -400 1000 -200 24403199 -1000 -200 -800 0 -30752001 -800 -200 -600 0 -24601601 -600 -200 -400 0 -18451201 -400 -200 -200 0 -12300801 -200 -200 0 0 -6150401 0 -200 200 0 -1 200 -200 400 0 6150399 400 -200 600 0 12300799 600 -200 800 0 18451199 800 -200 1000 0 24601599 -1000 0 -800 200 -30553601 -800 0 -600 200 -24403201 -600 0 -400 200 -18252801 -400 0 -200 200 -12102401 -200 0 0 200 -5952001 0 0 200 200 198399 200 0 400 200 6348799 400 0 600 200 12499199 600 0 800 200 18649599 800 0 1000 200 24799999 -1000 200 -800 400 -30355201 -800 200 -600 400 -24204801 -600 200 -400 400 -18054401 -400 200 -200 400 -11904001 -200 200 0 400 -5753601 0 200 200 400 396799 200 200 400 400 6547199 400 200 600 400 12697599 600 200 800 400 18847999 800 200 1000 400 24998399 -1000 400 -800 600 -30156801 -800 400 -600 600 -24006401 -600 400 -400 600 -17856001 -400 400 -200 600 -11705601 -200 400 0 600 -5555201 0 400 200 600 595199 200 400 400 600 6745599 400 400 600 600 12895999 600 400 800 600 19046399 800 400 1000 600 25196799 -1000 600 -800 800 -29958401 -800 600 -600 800 -23808001 -600 600 -400 800 -17657601 -400 600 -200 800 -11507201 -200 600 0 800 -5356801 0 600 200 800 793599 200 600 400 800 6943999 400 600 600 800 13094399 600 600 800 800 19244799 800 600 1000 800 25395199 -1000 800 -800 1000 -29760001 -800 800 -600 1000 -23609601 -600 800 -400 1000 -17459201 -400 800 -200 1000 -11308801 -200 800 0 1000 -5158401 0 800 200 1000 991999 200 800 400 1000 7142399 400 800 600 1000 13292799 600 800 800 1000 19443199 800 800 1000 1000 25593599 0
PAGES -1000 -1000 1000 1000 294 -684 30 -117 751 49 -1000 -1000 -714 -714 -31460289 -714 -1000 -428 -714 -22665217 -428 -1000 -142 -714 -13870145 -142 -1000 144 -714 -5075073 144 -1000 430 -714 3719999 430 -1000 716 -714 12515071 716 -1000 1000 -714 21308221 -1000 -714 -714 -428 -31176577 -714 -714 -428 -428 -22381505 -428 -714 -142 -428 -13586433 -142 -714 144 -428 -4791361 144 -714 430 -428 4003711 430 -714 716 -428 12798783 716 -714 1000 -428 21591933 -1000 -428 -714 -142 -30892865 -714 -428 -428 -142 -22097793 -428 -428 -142 -142 -13302721 -142 -428 144 -142 -4507649 144 -428 430 -142 4287423 430 -428 716 -142 13082495 716 -428 1000 -142 21875645 -1000 -142 -714 144 -30609153 -714 -142 -428 144 -21814081 -428 -142 -142 144 -13019009 -142 -142 144 144 -4223937 144 -142 430 144 4571135 430 -142 716 144 13366207 716 -142 1000 144 22159357 -1000 144 -714 430 -30325441 -714 144 -428 430 -21530369 -428 144 -142 430 -12735297 -142 144 144 430 -3940225 144 144 430 430 4854847 430 144 716 430 13649919 716 144 1000 430 22443069 -1000 430 -714 716 -30041729 -714 430 -428 716 -21246657 -428 430 -142 716 -12451585 -142 430 144 716 -3656513 144 430 430 716 5138559 430 430 716 716 13933631 716 430 1000 716 22726781 -1000 716 -714 1000 -29758079 -714 716 -428 1000 -20963007 -428 716 -142 1000 -12167935 -142 716 144 1000 -3372863 144 716 430 1000 5422209 430 716 716 1000 14217281 716 716 1000 1000 23010431 12 -714 -142 -428 144 -428 -142 -142 144 -142 -142 144 144 -714 144 -428 430 -428 144 -142 430 -142 144 144 430 -714 430 -428 716 -428 430 -142 716 -142 430 144 716 -714 716 -428 1000 -428 716 -142 1000 -142 716 144 1000
PAGES -1000 -1000 1000 1000 380 -811 525 -476 991 36 -1000 -1000 -666 -666 -31412673 -666 -1000 -332 -666 -21141505 -332 -1000 2 -666 -10870337 2 -1000 336 -666 -599169 336 -1000 670 -666 9671999 670 -1000 1000 -666 19939323 -1000 -666 -666 -332 -31081345 -666 -666 -332 -332 -20810177 -332 -666 2 -332 -10539009 2 -666 336 -332 -267841 336 -666 670 -332 10003327 670 -666 1000 -332 20270651 -1000 -332 -666 2 -30750017 -666 -332 -332 2 -20478849 -332 -332 2 2 -10207681 2 -332 336 2 63487 336 -332 670 2 10334655 670 -332 1000 2 20601979 -1000 2 -666 336 -30418689 -666 2 -332 336 -20147521 -332 2 2 336 -9876353 2 2 336 336 394815 336 2 670 336 10665983 670 2 1000 336 20933307 -1000 336 -666 670 -30087361 -666 336 -332 670 -19816193 -332 336 2 670 -9545025 2 336 336 670 726143 336 336 670 670 10997311 670 336 1000 670 21264635 -1000 670 -666 1000 -29756157 -666 670 -332 1000 -19484989 -332 670 2 1000 -9213821 2 670 336 1000 1057347 336 670 670 1000 11328515 670 670 1000 1000 21595839 4 -1000 336 -666 670 -666 336 -332 670 -1000 670 -666 1000 -666 670 -332 1000
PAGE_COST -200 -300 400 500 -832.0 -830.0 682.0 552.0 5.0 1.0 5604.0 1234.0 10042.137949589562
DRILL_COST -200 -300 400 500 -832.0 -830.0 1234.0 552.0 1 5.0 1.0 5604.0 4438.137949589562 10042.137949589562 -200.0 -300.0 3075201
PAGE_COST -200 -300 400 500 933.0 -365.0 875.0 525.0 2.0 5.0 6550.0 1400.0 9064.442012847685
DRILL_COST -200 -300 400 500 933.0 -365.0 875.0 525.0 0 2.0 5.0 6550.0 2514.442012847685 9064.442012847685 400.0 -300.0 3075201
PAGE_COST -200 -300 400 500 -822.0 365.0 952.0 781.0 2.0 2.0 5482.052535319231 1733.0 8459.052535319232
DRILL_COST -200 -300 400 500 -822.0 365.0 1733.0 781.0 1 2.0 2.0 5482.052535319231 2977.0 8459.052535319232 -200.0 365.0 3075201
PAGE_COST -200 -300 400 500 -552.0 -454.0 323.0 995.0 2.0 3.0 8183.520025025906 1318.0 10343.57703022211
DRILL_COST -200 -300 400 500 -552.0 -454.0 323.0 995.0 0 2.0 3.0 8183.520025025906 2160.057005196204 10343.57703022211 -200.0 -300.0 3075201
PAGE_COST -200 -300 400 500 268.0 722.0 641.0 541.0 4.0 2.0 5814.0 1182.0 7440.0
DRILL_COST -200 -300 400 500 268.0 722.0 1182.0 541.0 1 4.0 2.0 5814.0 1626.0 7440.0 268.0 500.0 3075201
PAGE_COST -200 -300 400 500 909.0 -917.0 370.0 732.0 2.0 1.0 3940.8120990476064 1102.0 6233.19565068128
DRILL_COST -200 -300 400 500 909.0 -917.0 370.0 732.0 0 2.0 1.0 3940.8120990476064 2292.383551633674 6233.19565068128 400.0 -300.0 3075201
PAGE_COST -200 -300 400 500 746.0 -549.0 872.0 920.0 1.0 3.0 5740.0 1792.0 8355.240548078142
DRILL_COST -200 -300 400 500 746.0 -549.0 1792.0 920.0 1 1.0 3.0 5740.0 2615.240548078142 8355.240548078142 400.0 -300.0 3075201
PAGE_COST -200 -300 400 500 314.0 352.0 519.0 91.0 1.0 3.0 3516.0 610.0 4126.0
DRILL_COST -200 -300 400 500 314.0 352.0 519.0 91.0 0 1.0 3.0 3516.0 610.0 4126.0 314.0 352.0 3075201
PAGE_COST -200 -300 400 500 663.0 -303.0 600.0 714.0 2.0 5.0 6928.0 1314.0 8768.213834861835
DRILL_COST -200 -300 400 500 663.0 -303.0 1314.0 714.0 1 2.0 5.0 6928.0 1840.2138348618364 8768.213834861835 400.0 -300.0 3075201
PAGE_COST -200 -300 400 500 478.0 -753.0 447.0 218.0 2.0 5.0 5936.0 665.0 8871.365829552586
DRILL_COST -200 -300 400 500 478.0 -753.0 447.0 218.0 0 2.0 5.0 5936.0 2935.3658295525856 8871.365829552586 400.0 -300.0 3075201
PAGE_COST -200 -300 400 500 -512.0 999.0 1.0 841.0 3.0 5.0 8382.0 842.0 11888.792862494194
DRILL_COST -200 -300 400 500 -512.0 999.0 842.0 841.0 1 3.0 5.0 8382.0 3506.7928624941937 11888.792862494194 -200.0 500.0 3075201
PAGE_COST -200 -300 400 500 236.0 292.0 109.0 735.0 5.0 2.0 6650.0 844.0 7494.0
DRILL_COST -200 -300 400 500 236.0 292.0 109.0 735.0 0 5.0 2.0 6650.0 844.0 7494.0 236.0 292.0 3075201
PAGE_COST -200 -300 400 500 636.0 520.0 301.0 609.0 2.0 5.0 5818.0 910.0 7210.476942454248
DRILL_COST -200 -300 400 500 636.0 520.0 910.0 609.0 1 2.0 5.0 5818.0 1392.4769424542483 7210.476942454248 400.0 500.0 3075201
PAGE_COST -200 -300 400 500 -245.0 -970.0 100.0 715.0 1.0 2.0 5099.019513592785 815.0 7254.774897695344
DRILL_COST -200 -300 400 500 -245.0 -970.0 100.0 715.0 0 1.0 2.0 5099.019513592785 2155.7553841025588 7254.774897695344 -200.0 -300.0 3075201
PAGE_COST -200 -300 400 500 694.0 -749.0 964.0 355.0 3.0 5.0 7810.0 1319.0 11541.042495479713
DRILL_COST -200 -300 400 500 694.0 -749.0 1319.0 355.0 1 3.0 5.0 7810.0 3731.0424954797127 11541.042495479713 400.0 -300.0 3075201
PAGE_COST -200 -300 400 500 -188.0 -483.0 275.0 357.0 2.0 5.0 7390.0 632.0 8937.0
DRILL_COST -200 -300 400 500 -188.0 -483.0 275.0 357.0 0 2.0 5.0 7390.0 1547.0 8937.0 -188.0 -300.0 3075201
PAGE_COST -200 -300 400 500 97.0 815.0 104.0 404.0 2.0 3.0 5711.0 508.0 7164.0
DRILL_COST -200 -300 400 500 97.0 815.0 508.0 404.0 1 2.0 3.0 5711.0 1453.0 7164.0 97.0 500.0 3075201
PAGE_COST -200 -300 400 500 -15.0 968.0 350.0 116.0 4.0 5.0 8247.0 466.0 11053.0
DRILL_COST -200 -300 400 500 -15.0 968.0 350.0 116.0 0 4.0 5.0 8247.0 2806.0 11053.0 -15.0 500.0 3075201
PAGE_COST -200 -300 400 500 -978.0 -526.0 814.0 17.0 2.0 5.0 6734.0 831.0 9488.027820911597
DRILL_COST -200 -300 400 500 -978.0 -526.0 831.0 17.0 1 2.0 5.0 6734.0 2754.027820911596 9488.027820911597 -200.0 -300.0 3075201
PAGE_COST -200 -300 400 500 871.0 149.0 652.0 74.0 2.0 4.0 5199.0 726.0 6867.0
DRILL_COST -200 -300 400 500 871.0 149.0 652.0 74.0 0 2.0 4.0 5199.0 1668.0 6867.0 400.0 149.0 3075201
PAGE_COST -200 -300 400 500 739.0 260.0 619.0 759.0 4.0 3.0 8058.0 1378.0 10792.0
DRILL_COST -200 -300 400 500 739.0 260.0 1378.0 759.0 1 4.0 3.0 8058.0 2734.0 10792.0 400.0 260.0 3075201
PAGE_COST -200 -300 400 500 856.0 -495.0 369.0 781.0 2.0 4.0 7062.0 1150.0 9412.059998500075
DRILL_COST -200 -300 400 500 856.0 -495.0 369.0 781.0 0 2.0 4.0 7062.0 2350.059998500075 9412.059998500075 400.0 -300.0 3075201
PAGE_COST -200 -300 400 500 163.0 761.0 686.0 40.0 4.0 5.0 7917.0 726.0 9948.0
DRILL_COST -200 -300 400 500 163.0 761.0 726.0 40.0 1 4.0 5.0 7917.0 2031.0 9948.0 163.0 500.0 3075201
PAGE_COST -200 -300 400 500 -336.0 -425.0 865.0 775.0 5.0 1.0 6050.0 1640.0 8381.393520363043
DRILL_COST -200 -300 400 500 -336.0 -425.0 865.0 775.0 0 5.0 1.0 6050.0 2331.3935203630417 8381.393520363043 -200.0 -300.0 3075201
PAGE_COST -200 -300 400 500 -35.0 -604.0 863.0 330.0 4.0 5.0 11100.0 1193.0 13813.0
DRILL_COST -200 -300 400 500 -35.0 -604.0 1193.0 330.0 1 4.0 5.0 11100.0 2713.0 13813.0 -35.0 -300.0 3075201
PAGE_COST -200 -300 400 500 -894.0 269.0 711.0 149.0 4.0 4.0 9422.0 860.0 13058.0
DRILL_COST -200 -300 400 500 -894.0 269.0 711.0 149.0 0 4.0 4.0 9422.0 3636.0 13058.0 -200.0 269.0 3075201
PAGE_COST -200 -300 400 500 -756.0 -384.0 388.0 289.0 4.0 2.0 7278.0 677.0 10185.336297512104
DRILL_COST -200 -300 400 500 -756.0 -384.0 677.0 289.0 1 4.0 2.0 7278.0 2907.336297512104 10185.336297512104 -200.0 -300.0 3075201
PAGE_COST -200 -300 400 500 550.0 -304.0 544.0 589.0 1.0 2.0 4870.318264754368 1133.0 6153.5314465993715
DRILL_COST -200 -300 400 500 550.0 -304.0 544.0 589.0 0 1.0 2.0 4870.318264754368 1283.2131818450032 6153.5314465993715 400.0 -300.0 3075201
PAGE_COST -200 -300 400 500 -863.0 -271.0 692.0 853.0 5.0 3.0 10577.0 1545.0 15437.0
DRILL_COST -200 -300 400 500 -863.0 -271.0 1545.0 853.0 1 5.0 3.0 10577.0 4860.0 15437.0 -200.0 -271.0 3075201
PAGE_COST -200 -300 400 500 -887.0 -710.0 496.0 329.0 1.0 3.0 5158.0 825.0 7391.853789433098
DRILL_COST -200 -300 400 500 -887.0 -710.0 496.0 329.0 0 1.0 3.0 5158.0 2233.853789433098 7391.853789433098 -200.0 -300.0 3075201
PAGE_COST -200 -300 400 500 -297.0 -705.0 379.0 14.0 2.0 2.0 6365.532185135819 393.0 7591.44034333815
DRILL_COST -200 -300 400 500 -297.0 -705.0 393.0 14.0 1 2.0 2.0 6365.532185135819 1225.9081582023314 7591.44034333815 -200.0 -300.0 3075201
PAGE_COST -200 -300 400 500 -103.0 -734.0 976.0 721.0 5.0 4.0 12154.0 1697.0 15587.0
DRILL_COST -200 -300 400 500 -103.0 -734.0 976.0 721.0 0 5.0 4.0 12154.0 3433.0 15587.0 -103.0 -300.0 3075201
PAGE_COST -200 -300 400 500 -180.0 -405.0 585.0 2.0 5.0 5.0 13204.0 587.0 14316.0
DRILL_COST -200 -300 400 500 -180.0 -405.0 587.0 2.0 1 5.0 5.0 13204.0 1112.0 14316.0 -180.0 -300.0 3075201
PAGE_COST -200 -300 400 500 468.0 857.0 57.0 654.0 1.0 1.0 2193.171219946131 711.0 3267.589711495474
DRILL_COST -200 -300 400 500 468.0 857.0 57.0 654.0 0 1.0 1.0 2193.171219946131 1074.4184915493431 3267.589711495474 400.0 500.0 3075201
PAGE_COST -200 -300 400 500 592.0 -366.0 838.0 105.0 4.0 5.0 8910.0 943.0 10688.897122856635
DRILL_COST -200 -300 400 500 592.0 -366.0 943.0 105.0 1 4.0 5.0 8910.0 1778.8971228566347 10688.897122856635 400.0 -300.0 3075201
PAGE_COST -200 -300 400 500 564.0 -435.0 841.0 225.0 2.0 2.0 5603.57029044876 1066.0 7094.404375710288
DRILL_COST -200 -300 400 500 564.0 -435.0 841.0 225.0 0 2.0 2.0 5603.57029044876 1490.8340852615288 7094.404375710288 400.0 -300.0 3075201
PAGE_COST -200 -300 400 500 725.0 151.0 78.0 71.0 2.0 1.0 3591.0 149.0 4390.0
DRILL_COST -200 -300 400 500 725.0 151.0 149.0 71.0 1 2.0 1.0 3591.0 799.0 4390.0 400.0 151.0 3075201
PAGE_COST -200 -300 400 500 -895.0 734.0 832.0 339.0 3.0 5.0 7378.0 1171.0 10939.841901924927
DRILL_COST -200 -300 400 500 -895.0 734.0 832.0 339.0 0 3.0 5.0 7378.0 3561.8419019249263 10939.841901924927 -200.0 500.0 3075201
PAGE_COST -200 -300 400 500 74.0 214.0 509.0 808.0 4.0 5.0 10686.0 1317.0 12003.0
DRILL_COST -200 -300 400 500 74.0 214.0 1317.0 808.0 1 4.0 5.0 10686.0 1317.0 12003.0 74.0 214.0 3075201
PAGE_COST -200 -300 400 500 -309.0 -619.0 727.0 318.0 4.0 5.0 11736.0 1045.0 14434.5177652508
DRILL_COST -200 -300 400 500 -309.0 -619.0 727.0 318.0 0 4.0 5.0 11736.0 2698.5177652508 14434.5177652508 -200.0 -300.0 3075201
PAGE_COST -200 -300 400 500 -484.0 -180.0 327.0 786.0 5.0 1.0 5952.0 1113.0 8485.0
DRILL_COST -200 -300 400 500 -484.0 -180.0 1113.0 786.0 1 5.0 1.0 5952.0 2533.0 8485.0 -200.0 -180.0 3075201
PAGE_COST -200 -300 400 500 891.0 -260.0 653.0 385.0 1.0 3.0 4630.0 1038.0 6159.0
DRILL_COST -200 -300 400 500 891.0 -260.0 653.0 385.0 0 1.0 3.0 4630.0 1529.0 6159.0 400.0 -260.0 3075201
PAGE_COST -200 -300 400 500 755.0 235.0 880.0 732.0 3.0 4.0 8029.0 1612.0 10706.0
DRILL_COST -200 -300 400 500 755.0 235.0 1612.0 732.0 1 3.0 4.0 8029.0 2677.0 10706.0 400.0 235.0 3075201
PAGE_COST -200 -300 400 500 -227.0 -784.0 718.0 793.0 1.0 5.0 6086.0 1511.0 10017.150615147744
DRILL_COST -200 -300 400 500 -227.0 -784.0 718.0 793.0 0 1.0 5.0 6086.0 3931.1506151477433 10017.150615147744 -200.0 -300.0 3075201
PAGE_COST -200 -300 400 500 -51.0 465.0 866.0 172.0 2.0 3.0 5465.0 1038.0 6503.0
DRILL_COST -200 -300 400 500 -51.0 465.0 1038.0 172.0 1 2.0 3.0 5465.0 1038.0 6503.0 -51.0 465.0 3075201
PAGE_COST -200 -300 400 500 724.0 555.0 66.0 963.0 4.0 2.0 6526.0 1029.0 8855.659832546542
DRILL_COST -200 -300 400 500 724.0 555.0 66.0 963.0 0 4.0 2.0 6526.0 2329.6598325465425 8855.659832546542 400.0 500.0 3075201
PAGE_COST -200 -300 400 500 -989.0 -976.0 633.0 134.0 4.0 3.0 9168.0 767.0 13686.4157327601
DRILL_COST -200 -300 400 500 -989.0 -976.0 767.0 134.0 1 4.0 3.0 9168.0 4518.415732760101 13686.4157327601 -200.0 -300.0 3075201
PAGE_COST -200 -300 400 500 -14.0 -842.0 582.0 311.0 4.0 3.0 8964.0 893.0 11483.0
DRILL_COST -200 -300 400 500 -14.0 -842.0 582.0 311.0 0 4.0 3.0 8964.0 2519.0 11483.0 -14.0 -300.0 3075201
PAGE_COST -200 -300 400 500 -818.0 -383.0 519.0 520.0 2.0 2.0 6365.532185135819 1039.0 8651.62961517086
DRILL_COST -200 -300 400 500 -818.0 -383.0 1039.0 520.0 1 2.0 2.0 6365.532185135819 2286.0974300350395 8651.62961517086 -200.0 -300.0 3075201
PAGE_COST -200 -300 400 500 -854.0 818.0 354.0 510.0 5.0 2.0 6220.0 864.0 10415.275431422626
DRILL_COST -200 -300 400 500 -854.0 818.0 354.0 510.0 0 5.0 2.0 6220.0 4195.275431422626 10415.275431422626 -200.0 500.0 3075201
PAGE_COST -200 -300 400 500 -324.0 650.0 140.0 985.0 4.0 5.0 10170.0 1125.0 12194.175177593332
DRILL_COST -200 -300 400 500 -324.0 650.0 1125.0 985.0 1 4.0 5.0 10170.0 2024.175177593332 12194.175177593332 -200.0 500.0 3075201
PAGE_COST -200 -300 400 500 -116.0 -673.0 983.0 773.0 5.0 3.0 10194.0 1756.0 13069.0
DRILL_COST -200 -300 400 500 -116.0 -673.0 983.0 773.0 0 5.0 3.0 10194.0 2875.0 13069.0 -116.0 -300.0 3075201
PAGE_COST -200 -300 400 500 507.0 984.0 918.0 225.0 2.0 2.0 4386.342439892262 1143.0 6520.715225477987
DRILL_COST -200 -300 400 500 507.0 984.0 1143.0 225.0 1 2.0 2.0 4386.342439892262 2134.372785585725 6520.715225477987 400.0 500.0 3075201
PAGE_COST -200 -300 400 500 436.0 398.0 188.0 147.0 5.0 4.0 8296.0 335.0 8811.0
DRILL_COST -200 -300 400 500 436.0 398.0 188.0 147.0 0 5.0 4.0 8296.0 515.0 8811.0 400.0 398.0 3075201
PAGE_COST -200 -300 400 500 -935.0 -370.0 89.0 60.0 1.0 2.0 4620.0 149.0 5517.214541425118
DRILL_COST -200 -300 400 500 -935.0 -370.0 149.0 60.0 1 1.0 2.0 4620.0 897.2145414251182 5517.214541425118 -200.0 -300.0 3075201
PAGE_COST -200 -300 400 500 -168.0 -391.0 69.0 452.0 3.0 4.0 9708.0 521.0 10593.0
DRILL_COST -200 -300 400 500 -168.0 -391.0 69.0 452.0 0 3.0 4.0 9708.0 885.0 10593.0 -168.0 -300.0 3075201
PAGE_COST -200 -300 400 500 -768.0 340.0 851.0 672.0 4.0 2.0 6864.0 1523.0 10659.0
DRILL_COST -200 -300 400 500 -768.0 340.0 1523.0 672.0 1 4.0 2.0 6864.0 3795.0 10659.0 -200.0 340.0 3075201
PAGE_COST -200 -300 400 500 901.0 890.0 503.0 809.0 2.0 3.0 5521.775076911409 1312.0 8374.198395353455
DRILL_COST -200 -300 400 500 901.0 890.0 503.0 809.0 0 2.0 3.0 5521.775076911409 2852.4233184420445 8374.198395353455 400.0 500.0 3075201
PAGE_COST -200 -300 400 500 18.0 3.0 191.0 70.0 1.0 5.0 4119.0 261.0 4380.0
DRILL_COST -200 -300 400 500 18.0 3.0 261.0 70.0 1 1.0 5.0 4119.0 261.0 4380.0 18.0 3.0 3075201
PAGE_COST -200 -300 400 500 381.0 -384.0 411.0 159.0 3.0 5.0 7475.0 570.0 8465.0
DRILL_COST -200 -300 400 500 381.0 -384.0 411.0 159.0 0 3.0 5.0 7475.0 990.0 8465.0 381.0 -300.0 3075201
PAGE_COST -200 -300 400 500 957.0 -315.0 812.0 564.0 3.0 2.0 6628.0 1376.0 9675.269278123666
DRILL_COST -200 -300 400 500 957.0 -315.0 1376.0 564.0 1 3.0 2.0 6628.0 3047.269278123666 9675.269278123666 400.0 -300.0 3075201
PAGE_COST -200 -300 400 500 198.0 373.0 205.0 140.0 2.0 3.0 5336.0 345.0 5681.0
DRILL_COST -200 -300 400 500 198.0 373.0 205.0 140.0 0 2.0 3.0 5336.0 345.0 5681.0 198.0 373.0 3075201
PAGE_COST -200 -300 400 500 -411.0 -110.0 865.0 448.0 5.0 3.0 9426.0 1313.0 11794.0
DRILL_COST -200 -300 400 500 -411.0 -110.0 1313.0 448.0 1 5.0 3.0 9426.0 2368.0 11794.0 -200.0 -110.0 3075201
PAGE_COST -200 -300 400 500 762.0 -348.0 146.0 841.0 5.0 4.0 10382.0 987.0 13189.15493845991
DRILL_COST -200 -300 400 500 762.0 -348.0 146.0 841.0 0 5.0 4.0 10382.0 2807.15493845991 13189.15493845991 400.0 -300.0 3075201
PAGE_COST -200 -300 400 500 706.0 -899.0 400.0 0.0 1.0 1.0 2801.78514522438 400.0 3874.4195184168298
DRILL_COST -200 -300 400 500 706.0 -899.0 400.0 0.0 1 1.0 1.0 2801.78514522438 1072.6343731924499 3874.4195184168298 400.0 -300.0 3075201
PAGE_COST -200 -300 400 500 -929.0 -80.0 491.0 186.0 1.0 5.0 4652.0 677.0 6058.0
DRILL_COST -200 -300 400 500 -929.0 -80.0 491.0 186.0 0 1.0 5.0 4652.0 1406.0 6058.0 -200.0 -80.0 3075201
PAGE_COST -200 -300 400 500 -643.0 -122.0 395.0 294.0 5.0 5.0 13398.0 689.0 16302.0
DRILL_COST -200 -300 400 500 -643.0 -122.0 689.0 294.0 1 5.0 5.0 13398.0 2904.0 16302.0 -200.0 -122.0 3075201
PAGE_COST -200 -300 400 500 -742.0 -201.0 994.0 825.0 3.0 2.0 7933.322380944821 1819.0 11378.32238094482
DRILL_COST -200 -300 400 500 -742.0 -201.0 994.0 825.0 0 3.0 2.0 7933.322380944821 3445.0 11378.32238094482 -200.0 -201.0 3075201
PAGE_COST -200 -300 400 500 499.0 881.0 400.0 306.0 1.0 4.0 3712.0 706.0 5945.212166007068
DRILL_COST -200 -300 400 500 499.0 881.0 706.0 306.0 1 1.0 4.0 3712.0 2233.212166007068 5945.212166007068 400.0 500.0 3075201
PAGE_COST -200 -300 400 500 -2.0 -83.0 447.0 345.0 5.0 4.0 10781.0 792.0 11573.0
DRILL_COST -200 -300 400 500 -2.0 -83.0 447.0 345.0 0 5.0 4.0 10781.0 792.0 11573.0 -2.0 -83.0 3075201
PAGE_COST -200 -300 400 500 -66.0 -323.0 445.0 359.0 4.0 4.0 11282.0 804.0 12178.0
DRILL_COST -200 -300 400 500 -66.0 -323.0 804.0 359.0 1 4.0 4.0 11282.0 896.0 12178.0 -66.0 -300.0 3075201
PAGE_COST -200 -300 400 500 995.0 77.0 589.0 830.0 4.0 1.0 5183.0 1419.0 8982.0
DRILL_COST -200 -300 400 500 995.0 77.0 589.0 830.0 0 4.0 1.0 5183.0 3799.0 8982.0 400.0 77.0 3075201
PAGE_COST -200 -300 400 500 -109.0 440.0 855.0 863.0 5.0 1.0 5395.0 1718.0 7113.0
DRILL_COST -200 -300 400 500 -109.0 440.0 1718.0 863.0 1 5.0 1.0 5395.0 1718.0 7113.0 -109.0 440.0 3075201
PAGE_COST -200 -300 400 500 604.0 561.0 15.0 306.0 4.0 1.0 3712.0 321.0 4851.2768480166105
DRILL_COST -200 -300 400 500 604.0 561.0 15.0 306.0 0 4.0 1.0 3712.0 1139.276848016611 4851.2768480166105 400.0 500.0 3075201
PAGE_COST -200 -300 400 500 405.0 197.0 877.0 241.0 4.0 5.0 8685.0 1118.0 9823.0
DRILL_COST -200 -300 400 500 405.0 197.0 1118.0 241.0 1 4.0 5.0 8685.0 1138.0 9823.0 400.0 197.0 3075201
PAGE_COST -200 -300 400 500 81.0 -533.0 258.0 780.0 2.0 4.0 7698.0 1038.0 9668.0
DRILL_COST -200 -300 400 500 81.0 -533.0 258.0 780.0 0 2.0 4.0 7698.0 1970.0 9668.0 81.0 -300.0 3075201
PAGE_COST -200 -300 400 500 -643.0 168.0 164.0 928.0 1.0 1.0 2862.9048185365855 1092.0 4397.9048185365855
DRILL_COST -200 -300 400 500 -643.0 168.0 1092.0 928.0 1 1.0 1.0 2862.9048185365855 1535.0 4397.9048185365855 -200.0 168.0 3075201
PAGE_COST -200 -300 400 500 -131.0 692.0 119.0 297.0 2.0 2.0 5211.971220181477 416.0 6011.971220181477
DRILL_COST -200 -300 400 500 -131.0 692.0 119.0 297.0 0 2.0 2.0 5211.971220181477 800.0 6011.971220181477 -131.0 500.0 3075201
PAGE_COST -200 -300 400 500 -181.0 753.0 136.0 655.0 5.0 3.0 7991.0 791.0 9541.0
DRILL_COST -200 -300 400 500 -181.0 753.0 791.0 655.0 1 5.0 3.0 7991.0 1550.0 9541.0 -181.0 500.0 3075201
PAGE_COST -200 -300 400 500 -882.0 473.0 223.0 941.0 1.0 5.0 5609.0 1164.0 7455.0
DRILL_COST -200 -300 400 500 -882.0 473.0 223.0 941.0 0 1.0 5.0 5609.0 1846.0 7455.0 -200.0 473.0 3075201
PAGE_COST -200 -300 400 500 148.0 -532.0 574.0 72.0 3.0 2.0 6148.0 646.0 7258.0
DRILL_COST -200 -300 400 500 148.0 -532.0 646.0 72.0 1 3.0 2.0 6148.0 1110.0 7258.0 148.0 -300.0 3075201
PAGE_COST -200 -300 400 500 -593.0 29.0 970.0 372.0 1.0 2.0 4514.350894646981 1342.0 6249.350894646981
DRILL_COST -200 -300 400 500 -593.0 29.0 970.0 372.0 0 1.0 2.0 4514.350894646981 1735.0 6249.350894646981 -200.0 29.0 3075201
PAGE_COST -200 -300 400 500 -879.0 322.0 104.0 724.0 3.0 1.0 5326.0 828.0 8191.0
DRILL_COST -200 -300 400 500 -879.0 322.0 828.0 724.0 1 3.0 1.0 5326.0 2865.0 8191.0 -200.0 322.0 3075201
PAGE_COST -200 -300 400 500 732.0 160.0 444.0 377.0 3.0 3.0 7315.080313981522 821.0 9132.080313981522
DRILL_COST -200 -300 400 500 732.0 160.0 444.0 377.0 0 3.0 3.0 7315.080313981522 1817.0 9132.080313981522 400.0 160.0 3075201
PAGE_COST -200 -300 400 500 521.0 -543.0 22.0 20.0 2.0 5.0 5540.0 42.0 6820.866013739985
DRILL_COST -200 -300 400 500 521.0 -543.0 42.0 20.0 1 2.0 5.0 5540.0 1280.8660137399847 6820.866013739985 400.0 -300.0 3075201
PAGE_COST -200 -300 400 500 361.0 279.0 758.0 536.0 2.0 1.0 3702.313465929107 1294.0 4996.313465929107
DRILL_COST -200 -300 400 500 361.0 279.0 758.0 536.0 0 2.0 1.0 3702.313465929107 1294.0 4996.313465929107 361.0 279.0 3075201
PAGE_COST -200 -300 400 500 -717.0 543.0 798.0 470.0 4.0 5.0 9140.0 1268.0 12487.14621900433
DRILL_COST -200 -300 400 500 -717.0 543.0 1268.0 470.0 1 4.0 5.0 9140.0 3347.14621900433 12487.14621900433 -200.0 500.0 3075201
PAGE_COST -200 -300 400 500 -57.0 -259.0 333.0 647.0 3.0 2.0 7648.108589710269 980.0 8628.10858971027
DRILL_COST -200 -300 400 500 -57.0 -259.0 333.0 647.0 0 3.0 2.0 7648.108589710269 980.0 8628.10858971027 -57.0 -259.0 3075201
PAGE_COST -200 -300 400 500 979.0 404.0 784.0 762.0 3.0 3.0 6779.74512795282 1546.0 10062.745127952821
DRILL_COST -200 -300 400 500 979.0 404.0 1546.0 762.0 1 3.0 3.0 6779.74512795282 3283.0 10062.745127952821 400.0 404.0 3075201
PAGE_COST -200 -300 400 500 -84.0 -49.0 50.0 408.0 2.0 1.0 4644.418693442701 458.0 5102.418693442701
DRILL_COST -200 -300 400 500 -84.0 -49.0 50.0 408.0 0 2.0 1.0 4644.418693442701 458.0 5102.418693442701 -84.0 -49.0 3075201
PAGE_COST -200 -300 400 500 -904.0 -594.0 808.0 236.0 1.0 3.0 4972.0 1044.0 7144.51229501499
DRILL_COST -200 -300 400 500 -904.0 -594.0 1044.0 236.0 1 1.0 3.0 4972.0 2172.51229501499 7144.51229501499 -200.0 -300.0 3075201
PAGE_COST -200 -300 400 500 790.0 557.0 39.0 170.0 5.0 3.0 6440.0 209.0 8606.48333326238
DRILL_COST -200 -300 400 500 790.0 557.0 39.0 170.0 0 5.0 3.0 6440.0 2166.4833332623803 8606.48333326238 400.0 500.0 3075201
PAGE_COST -200 -300 400 500 791.0 406.0 312.0 596.0 4.0 2.0 5980.0 908.0 8452.0
DRILL_COST -200 -300 400 500 791.0 406.0 908.0 596.0 1 4.0 2.0 5980.0 2472.0 8452.0 400.0 406.0 3075201
PAGE_COST -200 -300 400 500 644.0 -460.0 386.0 390.0 4.0 5.0 9480.0 776.0 11517.973058349504
DRILL_COST -200 -300 400 500 644.0 -460.0 386.0 390.0 0 4.0 5.0 9480.0 2037.9730583495038 11517.973058349504 400.0 -300.0 3075201
PAGE_COST -200 -300 400 500 -353.0 8.0 769.0 888.0 4.0 3.0 9952.0 1657.0 12221.0
DRILL_COST -200 -300 400 500 -353.0 8.0 1657.0 888.0 1 4.0 3.0 9952.0 2269.0 12221.0 -200.0 8.0 3075201
PAGE_COST -200 -300 400 500 -7.0 -864.0 137.0 110.0 2.0 5.0 6534.0 247.0 9601.0
DRILL_COST -200 -300 400 500 -7.0 -864.0 137.0 110.0 0 2.0 5.0 6534.0 3067.0 9601.0 -7.0 -300.0 3075201
PAGE_COST -200 -300 400 500 -591.0 921.0 255.0 787.0 3.0 3.0 7988.116173416609 1042.0 10753.803500050995
DRILL_COST -200 -300 400 500 -591.0 921.0 1042.0 787.0 1 3.0 3.0 7988.116173416609 2765.6873266343873 10753.803500050995 -200.0 500.0 3075201
PAGE_COST -200 -300 400 500 951.0 182.0 305.0 384.0 5.0 3.0 7386.0 689.0 10830.0
DRILL_COST -200 -300 400 500 951.0 182.0 305.0 384.0 0 5.0 3.0 7386.0 3444.0 10830.0 400.0 182.0 3075201
PAGE_COST -200 -300 400 500 98.0 -950.0 95.0 934.0 3.0 3.0 8953.682817701329 1029.0 11932.682817701329
DRILL_COST -200 -300 400 500 98.0 -950.0 1029.0 934.0 1 3.0 3.0 8953.682817701329 2979.0 11932.682817701329 98.0 -300.0 3075201
PAGE_COST -200 -300 400 500 -677.0 -729.0 75.0 33.0 4.0 1.0 4566.0 108.0 6629.63416824313
DRILL_COST -200 -300 400 500 -677.0 -729.0 75.0 33.0 0 4.0 1.0 4566.0 2063.6341682431303 6629.63416824313 -200.0 -300.0 3075201
PAGE_COST -200 -300 400 500 856.0 -111.0 438.0 300.0 2.0 2.0 5297.66778875384 738.0 6947.66778875384
DRILL_COST -200 -300 400 500 856.0 -111.0 738.0 300.0 1 2.0 2.0 5297.66778875384 1650.0 6947.66778875384 400.0 -111.0 3075201
PAGE_COST -200 -300 400 500 483.0 360.0 900.0 477.0 5.0 5.0 10594.0 1377.0 12386.0
DRILL_COST -200 -300 400 500 483.0 360.0 900.0 477.0 0 5.0 5.0 10594.0 1792.0 12386.0 400.0 360.0 3075201
PAGE_COST -200 -300 400 500 -747.0 463.0 687.0 436.0 1.0 5.0 4609.0 1123.0 6279.0
DRILL_COST -200 -300 400 500 -747.0 463.0 1123.0 436.0 1 1.0 5.0 4609.0 1670.0 6279.0 -200.0 463.0 3075201
PAGE_COST -200 -300 400 500 -735.0 982.0 577.0 956.0 5.0 4.0 10112.0 1533.0 14942.394274271732
DRILL_COST -200 -300 400 500 -735.0 982.0 577.0 956.0 0 5.0 4.0 10112.0 4830.394274271732 14942.394274271732 -200.0 500.0 3075201
PAGE_COST -200 -300 400 500 620.0 -444.0 552.0 647.0 2.0 4.0 6794.0 1199.0 8717.828255519886
DRILL_COST -200 -300 400 500 620.0 -444.0 1199.0 647.0 1 2.0 4.0 6794.0 1923.8282555198853 8717.828255519886 400.0 -300.0 3075201
PAGE_COST -200 -300 400 500 50.0 -321.0 653.0 655.0 5.0 2.0 7510.0 1308.0 8860.0
DRILL_COST -200 -300 400 500 50.0 -321.0 653.0 655.0 0 5.0 2.0 7510.0 1350.0 8860.0 50.0 -300.0 3075201
PAGE_COST -200 -300 400 500 -889.0 -824.0 410.0 329.0 1.0 3.0 5158.0 739.0 7613.363889156376
DRILL_COST -200 -300 400 500 -889.0 -824.0 739.0 329.0 1 1.0 3.0 5158.0 2455.363889156376 7613.363889156376 -200.0 -300.0 3075201
PAGE_COST -200 -300 400 500 -504.0 -589.0 423.0 952.0 5.0 3.0 10804.0 1375.0 13928.882567488457
DRILL_COST -200 -300 400 500 -504.0 -589.0 423.0 952.0 0 5.0 3.0 10804.0 3124.8825674884583 13928.882567488457 -200.0 -300.0 3075201
PAGE_COST -200 -300 400 500 169.0 -277.0 251.0 147.0 4.0 5.0 9895.0 398.0 10293.0
DRILL_COST -200 -300 400 500 169.0 -277.0 398.0 147.0 1 4.0 5.0 9895.0 398.0 10293.0 169.0 -277.0 3075201
PAGE_COST -200 -300 400 500 23.0 -479.0 284.0 215.0 4.0 1.0 4707.0 499.0 5385.0
DRILL_COST -200 -300 400 500 23.0 -479.0 284.0 215.0 0 4.0 1.0 4707.0 678.0 5385.0 23.0 -300.0 3075201
PAGE_COST -200 -300 400 500 -290.0 -764.0 794.0 199.0 1.0 2.0 4898.0 993.0 6823.354010019799
DRILL_COST -200 -300 400 500 -290.0 -764.0 993.0 199.0 1 1.0 2.0 4898.0 1925.3540100197993 6823.354010019799 -200.0 -300.0 3075201
PAGE_COST -200 -300 400 500 -984.0 -42.0 445.0 825.0 5.0 5.0 14060.0 1270.0 19250.0
DRILL_COST -200 -300 400 500 -984.0 -42.0 445.0 825.0 0 5.0 5.0 14060.0 5190.0 19250.0 -200.0 -42.0 3075201
PAGE_COST -200 -300 400 500 612.0 -624.0 78.0 244.0 5.0 3.0 7588.0 322.0 9348.187748522425
DRILL_COST -200 -300 400 500 612.0 -624.0 322.0 244.0 1 5.0 3.0 7588.0 1760.1877485224243 9348.187748522425 400.0 -300.0 3075201
PAGE_COST -200 -300 400 500 -335.0 7.0 189.0 988.0 1.0 5.0 6169.0 1177.0 7481.0
DRILL_COST -200 -300 400 500 -335.0 7.0 189.0 988.0 0 1.0 5.0 6169.0 1312.0 7481.0 -200.0 7.0 3075201
PAGE_COST -200 -300 400 500 -995.0 -855.0 75.0 953.0 3.0 5.0 10806.0 1028.0 15493.077752658448
DRILL_COST -200 -300 400 500 -995.0 -855.0 1028.0 953.0 1 3.0 5.0 10806.0 4687.077752658448 15493.077752658448 -200.0 -300.0 3075201
PAGE_COST -200 -300 400 500 774.0 -281.0 331.0 478.0 4.0 4.0 9637.0 809.0 11942.0
DRILL_COST -200 -300 400 500 774.0 -281.0 331.0 478.0 0 4.0 4.0 9637.0 2305.0 11942.0 400.0 -281.0 3075201
PAGE_COST -200 -300 400 500 -500.0 511.0 163.0 703.0 3.0 5.0 8106.0 866.0 9873.678989441365
DRILL_COST -200 -300 400 500 -500.0 511.0 866.0 703.0 1 3.0 5.0 8106.0 1767.6789894413644 9873.678989441365 -200.0 500.0 3075201
PAGE_COST -200 -300 400 500 -90.0 -164.0 143.0 693.0 3.0 1.0 5640.0 836.0 6476.0
DRILL_COST -200 -300 400 500 -90.0 -164.0 143.0 693.0 0 3.0 1.0 5640.0 836.0 6476.0 -90.0 -164.0 3075201
PAGE_COST -200 -300 400 500 -832.0 746.0 925.0 646.0 2.0 3.0 6293.647591023825 1571.0 9328.32105187498
DRILL_COST -200 -300 400 500 -832.0 746.0 1571.0 646.0 1 2.0 3.0 6293.647591023825 3034.673460851156 9328.32105187498 -200.0 500.0 3075201
PAGE_COST -200 -300 400 500 -660.0 36.0 636.0 447.0 4.0 4.0 10950.0 1083.0 13873.0
DRILL_COST -200 -300 400 500 -660.0 36.0 636.0 447.0 0 4.0 4.0 10950.0 2923.0 13873.0 -200.0 36.0 3075201
PAGE_COST -200 -300 400 500 825.0 -683.0 469.0 513.0 1.0 4.0 4926.0 982.0 7497.858169774901
DRILL_COST -200 -300 400 500 825.0 -683.0 982.0 513.0 1 1.0 4.0 4926.0 2571.8581697749014 7497.858169774901 400.0 -300.0 3075201
PAGE_COST -200 -300 400 500 152.0 -68.0 962.0 954.0 5.0 1.0 5824.0 1916.0 7740.0
DRILL_COST -200 -300 400 500 152.0 -68.0 962.0 954.0 0 5.0 1.0 5824.0 1916.0 7740.0 152.0 -68.0 3075201
PAGE_COST -200 -300 400 500 45.0 767.0 959.0 956.0 3.0 2.0 6587.732918083429 1915.0 9036.732918083428
DRILL_COST -200 -300 400 500 45.0 767.0 1915.0 956.0 1 3.0 2.0 6587.732918083429 2449.0 9036.732918083428 45.0 500.0 3075201
PAGE_COST -200 -300 400 500 610.0 233.0 429.0 647.0 4.0 4.0 9461.0 1076.0 11377.0
DRILL_COST -200 -300 400 500 610.0 233.0 429.0 647.0 0 4.0 4.0 9461.0 1916.0 11377.0 400.0 233.0 3075201
PAGE_COST -200 -300 400 500 -465.0 212.0 865.0 931.0 3.0 3.0 8504.851321451775 1796.0 11095.851321451775
DRILL_COST -200 -300 400 500 -465.0 212.0 1796.0 931.0 1 3.0 3.0 8504.851321451775 2591.0 11095.851321451775 -200.0 212.0 3075201
PAGE_COST -200 -300 400 500 -957.0 -713.0 311.0 631.0 3.0 1.0 5762.0 942.0 9012.248253546399
DRILL_COST -200 -300 400 500 -957.0 -713.0 311.0 631.0 0 3.0 1.0 5762.0 3250.2482535463987 9012.248253546399 -200.0 -300.0 3075201
PAGE_COST -200 -300 400 500 884.0 -846.0 357.0 974.0 3.0 2.0 6648.308055437865 1331.0 9796.10964064193
DRILL_COST -200 -300 400 500 884.0 -846.0 1331.0 974.0 1 3.0 2.0 6648.308055437865 3147.801585204064 9796.10964064193 400.0 -300.0 3075201
PAGE_COST -200 -300 400 500 -249.0 502.0 462.0 129.0 1.0 2.0 3720.2150475476546 591.0 4360.378041760782
DRILL_COST -200 -300 400 500 -249.0 502.0 462.0 129.0 0 1.0 2.0 3720.2150475476546 640.1629942131274 4360.378041760782 -200.0 500.0 3075201
PAGE_COST -200 -300 400 500 138.0 -707.0 967.0 217.0 5.0 1.0 4596.0 1184.0 6187.0
DRILL_COST -200 -300 400 500 138.0 -707.0 1184.0 217.0 1 5.0 1.0 4596.0 1591.0 6187.0 138.0 -300.0 3075201
PAGE_COST -200 -300 400 500 395.0 -212.0 122.0 306.0 4.0 1.0 4429.0 428.0 4857.0
DRILL_COST -200 -300 400 500 395.0 -212.0 122.0 306.0 0 4.0 1.0 4429.0 428.0 4857.0 395.0 -212.0 3075201
PAGE_COST -200 -300 400 500 -465.0 -964.0 889.0 832.0 2.0 4.0 8364.0 1721.0 12793.364081876733
DRILL_COST -200 -300 400 500 -465.0 -964.0 1721.0 832.0 1 2.0 4.0 8364.0 4429.364081876733 12793.364081876733 -200.0 -300.0 3075201
PAGE_COST -200 -300 400 500 -729.0 525.0 223.0 339.0 3.0 2.0 5878.0 562.0 8027.787454289773
DRILL_COST -200 -300 400 500 -729.0 525.0 223.0 339.0 0 3.0 2.0 5878.0 2149.7874542897735 8027.787454289773 -200.0 500.0 3075201
PAGE_COST -200 -300 400 500 721.0 997.0 673.0 119.0 5.0 5.0 9338.0 792.0 13088.251172568009
DRILL_COST -200 -300 400 500 721.0 997.0 792.0 119.0 1 5.0 5.0 9338.0 3750.2511725680088 13088.251172568009 400.0 500.0 3075201
PAGE_COST -200 -300 400 500 304.0 -529.0 634.0 81.0 5.0 2.0 5854.0 715.0 7027.0
DRILL_COST -200 -300 400 500 304.0 -529.0 634.0 81.0 0 5.0 2.0 5854.0 1173.0 7027.0 304.0 -300.0 3075201
PAGE_COST -200 -300 400 500 833.0 -868.0 500.0 575.0 1.0 3.0 5050.0 1075.0 7883.153861298834
DRILL_COST -200 -300 400 500 833.0 -868.0 1075.0 575.0 1 1.0 3.0 5050.0 2833.1538612988343 7883.153861298834 400.0 -300.0 3075201
PAGE_COST -200 -300 400 500 357.0 -862.0 842.0 350.0 5.0 3.0 7929.0 1192.0 10807.0
DRILL_COST -200 -300 400 500 357.0 -862.0 842.0 350.0 0 5.0 3.0 7929.0 2878.0 10807.0 357.0 -300.0 3075201
PAGE_COST -200 -300 400 500 -570.0 -414.0 658.0 211.0 2.0 3.0 7122.0 869.0 8806.207948930823
DRILL_COST -200 -300 400 500 -570.0 -414.0 869.0 211.0 1 2.0 3.0 7122.0 1684.2079489308235 8806.207948930823 -200.0 -300.0 3075201
PAGE_COST -200 -300 400 500 44.0 -940.0 574.0 174.0 2.0 4.0 6560.0 748.0 9868.0
DRILL_COST -200 -300 400 500 44.0 -940.0 574.0 174.0 0 2.0 4.0 6560.0 3308.0 9868.0 44.0 -300.0 3075201
PAGE_COST -200 -300 400 500 -408.0 -463.0 701.0 578.0 5.0 4.0 12256.0 1279.0 14762.478716719765
DRILL_COST -200 -300 400 500 -408.0 -463.0 1279.0 578.0 1 5.0 4.0 12256.0 2506.4787167197646 14762.478716719765 -200.0 -300.0 3075201
PAGE_COST -200 -300 400 500 -735.0 -390.0 646.0 797.0 1.0 3.0 6094.0 1443.0 8136.270389724037
DRILL_COST -200 -300 400 500 -735.0 -390.0 646.0 797.0 0 1.0 3.0 6094.0 2042.2703897240376 8136.270389724037 -200.0 -300.0 3075201
PAGE_COST -200 -300 400 500 324.0 -804.0 918.0 167.0 3.0 4.0 7662.0 1085.0 10763.0
DRILL_COST -200 -300 400 500 324.0 -804.0 1085.0 167.0 1 3.0 4.0 7662.0 3101.0 10763.0 324.0 -300.0 3075201
PAGE_COST -200 -300 400 500 98.0 -62.0 992.0 388.0 5.0 5.0 12348.0 1380.0 13728.0
DRILL_COST -200 -300 400 500 98.0 -62.0 992.0 388.0 0 5.0 5.0 12348.0 1380.0 13728.0 98.0 -62.0 3075201
PAGE_COST -200 -300 400 500 333.0 27.0 662.0 140.0 3.0 1.0 3920.0 802.0 4722.0
DRILL_COST -200 -300 400 500 333.0 27.0 802.0 140.0 1 3.0 1.0 3920.0 802.0 4722.0 333.0 27.0 3075201
PAGE_COST -200 -300 400 500 562.0 861.0 993.0 258.0 4.0 3.0 6616.0 1251.0 9129.059031899855
DRILL_COST -200 -300 400 500 562.0 861.0 993.0 258.0 0 4.0 3.0 6616.0 2513.059031899855 9129.059031899855 400.0 500.0 3075201
PAGE_COST -200 -300 400 500 878.0 -371.0 383.0 389.0 3.0 4.0 7878.0 772.0 10111.852249716092
DRILL_COST -200 -300 400 500 878.0 -371.0 772.0 389.0 1 3.0 4.0 7878.0 2233.852249716092 10111.852249716092 400.0 -300.0 3075201
PAGE_COST -200 -300 400 500 928.0 -639.0 28.0 999.0 1.0 3.0 5898.0 1027.0 8070.893974152932
DRILL_COST -200 -300 400 500 928.0 -639.0 28.0 999.0 0 1.0 3.0 5898.0 2172.893974152932 8070.893974152932 400.0 -300.0 3075201
PAGE_COST -200 -300 400 500 530.0 -753.0 301.0 144.0 5.0 5.0 10588.0 445.0 13389.4220759448
DRILL_COST -200 -300 400 500 530.0 -753.0 445.0 144.0 1 5.0 5.0 10588.0 2801.4220759448 13389.4220759448 400.0 -300.0 3075201
PAGE_COST -200 -300 400 500 -661.0 900.0 571.0 141.0 4.0 4.0 8482.0 712.0 11635.379937658208
DRILL_COST -200 -300 400 500 -661.0 900.0 571.0 141.0 0 4.0 4.0 8482.0 3153.3799376582087 11635.379937658208 -200.0 500.0 3075201
PAGE_COST -200 -300 400 500 -316.0 -654.0 412.0 585.0 1.0 2.0 5099.019513592785 997.0 6813.4594065454985
DRILL_COST -200 -300 400 500 -316.0 -654.0 997.0 585.0 1 1.0 2.0 5099.019513592785 1714.4398929527129 6813.4594065454985 -200.0 -300.0 3075201
PAGE_COST -200 -300 400 500 -724.0 349.0 800.0 568.0 4.0 3.0 8289.0 1368.0 11753.0
DRILL_COST -200 -300 400 500 -724.0 349.0 800.0 568.0 0 4.0 3.0 8289.0 3464.0 11753.0 -200.0 349.0 3075201
PAGE_COST -200 -300 400 500 -367.0 465.0 311.0 444.0 3.0 3.0 7693.0 755.0 8949.0
DRILL_COST -200 -300 400 500 -367.0 465.0 755.0 444.0 1 3.0 3.0 7693.0 1256.0 8949.0 -200.0 465.0 3075201
PAGE_COST -200 -300 400 500 -24.0 348.0 384.0 965.0 4.0 3.0 8910.0 1349.0 10259.0
DRILL_COST -200 -300 400 500 -24.0 348.0 384.0 965.0 0 4.0 3.0 8910.0 1349.0 10259.0 -24.0 348.0 3075201
PAGE_COST -200 -300 400 500 400.0 280.0 770.0 499.0 3.0 2.0 5905.387370867385 1269.0 7174.387370867385
DRILL_COST -200 -300 400 500 400.0 280.0 1269.0 499.0 1 3.0 2.0 5905.387370867385 1269.0 7174.387370867385 400.0 280.0 3075201
PAGE_COST -200 -300 400 500 633.0 -638.0 733.0 863.0 2.0 3.0 7226.0 1596.0 9937.953404045169
DRILL_COST -200 -300 400 500 633.0 -638.0 733.0 863.0 0 2.0 3.0 7226.0 2711.953404045169 9937.953404045169 400.0 -300.0 3075201
PAGE_COST -200 -300 400 500 227.0 -984.0 949.0 119.0 1.0 3.0 4311.0 1068.0 7431.0
DRILL_COST -200 -300 400 500 227.0 -984.0 1068.0 119.0 1 1.0 3.0 4311.0 3120.0 7431.0 227.0 -300.0 3075201
PAGE_COST -200 -300 400 500 -496.0 66.0 277.0 189.0 4.0 4.0 10314.0 466.0 11964.0
DRILL_COST -200 -300 400 500 -496.0 66.0 277.0 189.0 0 4.0 4.0 10314.0 1650.0 11964.0 -200.0 66.0 3075201
PAGE_COST -200 -300 400 500 324.0 -784.0 215.0 699.0 4.0 4.0 10402.0 914.0 13252.0
DRILL_COST -200 -300 400 500 324.0 -784.0 914.0 699.0 1 4.0 4.0 10402.0 2850.0 13252.0 324.0 -300.0 3075201
PAGE_COST -200 -300 400 500 -430.0 -66.0 363.0 848.0 3.0 2.0 7786.746689086528 1211.0 9687.746689086529
DRILL_COST -200 -300 400 500 -430.0 -66.0 363.0 848.0 0 3.0 2.0 7786.746689086528 1901.0 9687.746689086529 -200.0 -66.0 3075201
PAGE_COST -200 -300 400 500 693.0 750.0 882.0 467.0 2.0 5.0 5534.0 1349.0 8263.54192257968
DRILL_COST -200 -300 400 500 693.0 750.0 1349.0 467.0 1 2.0 5.0 5534.0 2729.5419225796804 8263.54192257968 400.0 500.0 3075201
PAGE_COST -200 -300 400 500 -620.0 854.0 473.0 456.0 2.0 5.0 6112.0 929.0 9000.209024070684
DRILL_COST -200 -300 400 500 -620.0 854.0 473.0 456.0 0 2.0 5.0 6112.0 2888.2090240706834 9000.209024070684 -200.0 500.0 3075201
PAGE_COST -200 -300 400 500 -740.0 155.0 40.0 4.0 2.0 3.0 5898.0 44.0 7022.0
DRILL_COST -200 -300 400 500 -740.0 155.0 44.0 4.0 1 2.0 3.0 5898.0 1124.0 7022.0 -200.0 155.0 3075201
PAGE_COST -200 -300 400 500 476.0 115.0 639.0 711.0 2.0 5.0 6507.0 1350.0 8009.0
DRILL_COST -200 -300 400 500 476.0 115.0 639.0 711.0 0 2.0 5.0 6507.0 1502.0 8009.0 400.0 115.0 3075201
PAGE_COST -200 -300 400 500 -493.0 -66.0 650.0 972.0 5.0 2.0 8276.0 1622.0 11363.0
DRILL_COST -200 -300 400 500 -493.0 -66.0 1622.0 972.0 1 5.0 2.0 8276.0 3087.0 11363.0 -200.0 -66.0 3075201
PAGE_COST -200 -300 400 500 525.0 905.0 572.0 774.0 2.0 2.0 4386.342439892262 1346.0 6580.045217993171
DRILL_COST -200 -300 400 500 525.0 905.0 572.0 774.0 0 2.0 2.0 4386.342439892262 2193.7027781009097 6580.045217993171 400.0 500.0 3075201
PAGE_COST -200 -300 400 500 865.0 527.0 609.0 698.0 2.0 4.0 5996.0 1307.0 8239.249966622163
DRILL_COST -200 -300 400 500 865.0 527.0 1307.0 698.0 1 2.0 4.0 5996.0 2243.2499666221624 8239.249966622163 400.0 500.0 3075201
PAGE_COST -200 -300 400 500 -233.0 946.0 527.0 37.0 2.0 5.0 5274.0 564.0 8068.976467827484
DRILL_COST -200 -300 400 500 -233.0 946.0 527.0 37.0 0 2.0 5.0 5274.0 2794.9764678274846 8068.976467827484 -200.0 500.0 3075201
PAGE_COST -200 -300 400 500 943.0 52.0 43.0 32.0 3.0 4.0 6812.0 75.0 8516.0
DRILL_COST -200 -300 400 500 943.0 52.0 75.0 32.0 1 3.0 4.0 6812.0 1704.0 8516.0 400.0 52.0 3075201
PAGE_COST -200 -300 400 500 929.0 -785.0 425.0 70.0 2.0 2.0 5603.57029044876 495.0 7533.932265700996
DRILL_COST -200 -300 400 500 929.0 -785.0 425.0 70.0 0 2.0 2.0 5603.57029044876 1930.3619752522359 7533.932265700996 400.0 -300.0 3075201
PAGE_COST -200 -300 400 500 -238.0 673.0 868.0 372.0 4.0 4.0 8944.0 1240.0 10892.497000699368
DRILL_COST -200 -300 400 500 -238.0 673.0 1240.0 372.0 1 4.0 4.0 8944.0 1948.4970006993678 10892.497000699368 -200.0 500.0 3075201
PAGE_COST -200 -300 400 500 -53.0 -446.0 435.0 905.0 3.0 1.0 6163.0 1340.0 7649.0
DRILL_COST -200 -300 400 500 -53.0 -446.0 435.0 905.0 0 3.0 1.0 6163.0 1486.0 7649.0 -53.0 -300.0 3075201
PAGE_COST -200 -300 400 500 -375.0 737.0 974.0 638.0 2.0 3.0 6293.647591023825 1612.0 8698.125350964128
DRILL_COST -200 -300 400 500 -375.0 737.0 1612.0 638.0 1 2.0 3.0 6293.647591023825 2404.477759940303 8698.125350964128 -200.0 500.0 3075201
PAGE_COST -200 -300 400 500 -211.0 -530.0 183.0 867.0 5.0 1.0 6234.0 1050.0 7520.48467180771
DRILL_COST -200 -300 400 500 -211.0 -530.0 183.0 867.0 0 5.0 1.0 6234.0 1286.4846718077092 7520.48467180771 -200.0 -300.0 3075201
PAGE_COST -200 -300 400 500 75.0 -294.0 950.0 979.0 1.0 3.0 6177.0 1929.0 8106.0
DRILL_COST -200 -300 400 500 75.0 -294.0 1929.0 979.0 1 1.0 3.0 6177.0 1929.0 8106.0 75.0 -294.0 3075201
PAGE_COST -200 -300 400 500 974.0 -953.0 956.0 376.0 1.0 3.0 4652.0 1332.0 8025.36155543304
DRILL_COST -200 -300 400 500 974.0 -953.0 956.0 376.0 0 1.0 3.0 4652.0 3373.36155543304 8025.36155543304 400.0 -300.0 3075201
PAGE_COST -200 -300 400 500 -840.0 -331.0 461.0 432.0 1.0 4.0 5364.0 893.0 6908.901833100659
DRILL_COST -200 -300 400 500 -840.0 -331.0 893.0 432.0 1 1.0 4.0 5364.0 1544.9018331006594 6908.901833100659 -200.0 -300.0 3075201
PAGE_COST -200 -300 400 500 330.0 -658.0 666.0 640.0 2.0 3.0 6920.0 1306.0 9300.0
DRILL_COST -200 -300 400 500 330.0 -658.0 666.0 640.0 0 2.0 3.0 6920.0 2380.0 9300.0 330.0 -300.0 3075201
PAGE_COST -200 -300 400 500 161.0 -284.0 960.0 482.0 5.0 2.0 6926.0 1442.0 8368.0
DRILL_COST -200 -300 400 500 161.0 -284.0 1442.0 482.0 1 5.0 2.0 6926.0 1442.0 8368.0 161.0 -284.0 3075201
PAGE_COST -200 -300 400 500 -421.0 636.0 271.0 950.0 2.0 4.0 7100.0 1221.0 9021.927956355003
DRILL_COST -200 -300 400 500 -421.0 636.0 271.0 950.0 0 2.0 4.0 7100.0 1921.9279563550022 9021.927956355003 -200.0 500.0 3075201
PAGE_COST -200 -300 400 500 974.0 -748.0 629.0 97.0 4.0 4.0 8894.0 726.0 12532.53841176387
DRILL_COST -200 -300 400 500 974.0 -748.0 726.0 97.0 1 4.0 4.0 8894.0 3638.538411763869 12532.53841176387 400.0 -300.0 3075201
PAGE_COST -200 -300 400 500 -806.0 -840.0 685.0 116.0 2.0 1.0 4732.0 801.0 6859.85492801587
DRILL_COST -200 -300 400 500 -806.0 -840.0 685.0 116.0 0 2.0 1.0 4732.0 2127.8549280158704 6859.85492801587 -200.0 -300.0 3075201
PAGE_COST -200 -300 400 500 291.0 746.0 634.0 940.0 1.0 1.0 2273.9131469781337 1574.0 4093.9131469781337
DRILL_COST -200 -300 400 500 291.0 746.0 1574.0 940.0 1 1.0 1.0 2273.9131469781337 1820.0 4093.9131469781337 291.0 500.0 3075201
PAGE_COST -200 -300 400 500 683.0 218.0 265.0 771.0 3.0 2.0 5978.469369328574 1036.0 7863.469369328574
DRILL_COST -200 -300 400 500 683.0 218.0 265.0 771.0 0 3.0 2.0 5978.469369328574 1885.0 7863.469369328574 400.0 218.0 3075201
PAGE_COST -200 -300 400 500 -266.0 -477.0 740.0 760.0 4.0 5.0 12620.0 1500.0 15043.537221772896
DRILL_COST -200 -300 400 500 -266.0 -477.0 1500.0 760.0 1 4.0 5.0 12620.0 2423.5372217728964 15043.537221772896 -200.0 -300.0 3075201
PAGE_COST -200 -300 400 500 -917.0 -137.0 738.0 863.0 5.0 5.0 14611.0 1601.0 19797.0
DRILL_COST -200 -300 400 500 -917.0 -137.0 738.0 863.0 0 5.0 5.0 14611.0 5186.0 19797.0 -200.0 -137.0 3075201
PAGE_COST -200 -300 400 500 857.0 -453.0 753.0 498.0 4.0 1.0 4896.0 1251.0 7981.391724795988
DRILL_COST -200 -300 400 500 857.0 -453.0 1251.0 498.0 1 4.0 1.0 4896.0 3085.391724795988 7981.391724795988 400.0 -300.0 3075201
PAGE_COST -200 -300 400 500 -561.0 207.0 843.0 120.0 5.0 1.0 4233.0 963.0 7001.0
DRILL_COST -200 -300 400 500 -561.0 207.0 843.0 120.0 0 5.0 1.0 4233.0 2768.0 7001.0 -200.0 207.0 3075201
PAGE_COST -200 -300 400 500 839.0 -360.0 26.0 987.0 1.0 4.0 5874.0 1013.0 7387.3208970251
DRILL_COST -200 -300 400 500 839.0 -360.0 1013.0 987.0 1 1.0 4.0 5874.0 1513.3208970250994 7387.3208970251 400.0 -300.0 3075201
PAGE_COST -200 -300 400 500 786.0 602.0 46.0 91.0 1.0 4.0 3282.0 137.0 3980.6582590864305
DRILL_COST -200 -300 400 500 786.0 602.0 46.0 91.0 0 1.0 4.0 3282.0 698.6582590864306 3980.6582590864305 400.0 500.0 3075201
PAGE_COST -200 -300 400 500 -137.0 -728.0 417.0 867.0 2.0 1.0 4853.563227155901 1284.0 6565.563227155901
DRILL_COST -200 -300 400 500 -137.0 -728.0 1284.0 867.0 1 2.0 1.0 4853.563227155901 1712.0 6565.563227155901 -137.0 -300.0 3075201
PAGE_COST -200 -300 400 500 98.0 -231.0 951.0 271.0 1.0 3.0 4675.0 1222.0 5897.0
DRILL_COST -200 -300 400 500 98.0 -231.0 951.0 271.0 0 1.0 3.0 4675.0 1222.0 5897.0 98.0 -231.0 3075201
PAGE_COST -200 -300 400 500 898.0 781.0 283.0 126.0 1.0 3.0 3352.0 409.0 4740.108267762049
DRILL_COST -200 -300 400 500 898.0 781.0 409.0 126.0 1 1.0 3.0 3352.0 1388.1082677620489 4740.108267762049 400.0 500.0 3075201
PAGE_COST -200 -300 400 500 367.0 176.0 313.0 269.0 2.0 3.0 5628.0 582.0 6210.0
DRILL_COST -200 -300 400 500 367.0 176.0 313.0 269.0 0 2.0 3.0 5628.0 582.0 6210.0 367.0 176.0 3075201
PAGE_COST -200 -300 400 500 921.0 -430.0 578.0 626.0 3.0 3.0 8352.0 1204.0 11166.921785810844
DRILL_COST -200 -300 400 500 921.0 -430.0 1204.0 626.0 1 3.0 3.0 8352.0 2814.921785810844 11166.921785810844 400.0 -300.0 3075201
PAGE_COST -200 -300 400 500 -646.0 777.0 128.0 775.0 3.0 4.0 8250.0 903.0 10890.212710061725
DRILL_COST -200 -300 400 500 -646.0 777.0 128.0 775.0 0 3.0 4.0 8250.0 2640.2127100617245 10890.212710061725 -200.0 500.0 3075201
PAGE_COST -200 -300 400 500 542.0 -66.0 874.0 786.0 2.0 3.0 6838.0 1660.0 8782.0
DRILL_COST -200 -300 400 500 542.0 -66.0 1660.0 786.0 1 2.0 3.0 6838.0 1944.0 8782.0 400.0 -66.0 3075201
PAGE_COST -200 -300 400 500 -530.0 -196.0 906.0 106.0 1.0 3.0 4608.0 1012.0 5950.0
DRILL_COST -200 -300 400 500 -530.0 -196.0 906.0 106.0 0 1.0 3.0 4608.0 1342.0 5950.0 -200.0 -196.0 3075201
PAGE_COST -200 -300 400 500 982.0 670.0 949.0 453.0 1.0 2.0 3400.0 1402.0 5476.035607368038
DRILL_COST -200 -300 400 500 982.0 670.0 1402.0 453.0 1 1.0 2.0 3400.0 2076.035607368038 5476.035607368038 400.0 500.0 3075201
PAGE_COST -200 -300 400 500 726.0 754.0 404.0 719.0 2.0 5.0 6038.0 1123.0 8588.586774945747
DRILL_COST -200 -300 400 500 726.0 754.0 404.0 719.0 0 2.0 5.0 6038.0 2550.5867749457475 8588.586774945747 400.0 500.0 3075201
PAGE_COST -200 -300 400 500 -158.0 -760.0 813.0 687.0 2.0 4.0 7990.0 1500.0 11330.0
DRILL_COST -200 -300 400 500 -158.0 -760.0 1500.0 687.0 1 2.0 4.0 7990.0 3340.0 11330.0 -158.0 -300.0 3075201
PAGE_COST -200 -300 400 500 -669.0 639.0 262.0 595.0 4.0 2.0 6390.0 857.0 9143.486224574279
DRILL_COST -200 -300 400 500 -669.0 639.0 262.0 595.0 0 4.0 2.0 6390.0 2753.4862245742784 9143.486224574279 -200.0 500.0 3075201
PAGE_COST -200 -300 400 500 -560.0 898.0 238.0 217.0 3.0 5.0 7134.0 455.0 9853.17755487506
DRILL_COST -200 -300 400 500 -560.0 898.0 455.0 217.0 1 3.0 5.0 7134.0 2719.177554875059 9853.17755487506 -200.0 500.0 3075201
PAGE_COST -200 -300 400 500 -561.0 327.0 435.0 687.0 3.0 4.0 8593.0 1122.0 10798.0
DRILL_COST -200 -300 400 500 -561.0 327.0 435.0 687.0 0 3.0 4.0 8593.0 2205.0 10798.0 -200.0 327.0 3075201
PAGE_COST -200 -300 400 500 314.0 873.0 982.0 107.0 3.0 3.0 6400.0 1089.0 8608.0
DRILL_COST -200 -300 400 500 314.0 873.0 1089.0 107.0 1 3.0 3.0 6400.0 2208.0 8608.0 314.0 500.0 3075201
PAGE_COST -200 -300 400 500 -453.0 337.0 353.0 946.0 4.0 5.0 10744.0 1299.0 13055.0
DRILL_COST -200 -300 400 500 -453.0 337.0 353.0 946.0 0 4.0 5.0 10744.0 2311.0 13055.0 -200.0 337.0 3075201
PAGE_COST -200 -300 400 500 257.0 117.0 291.0 31.0 3.0 5.0 7174.0 322.0 7496.0
DRILL_COST -200 -300 400 500 257.0 117.0 322.0 31.0 1 3.0 5.0 7174.0 322.0 7496.0 257.0 117.0 3075201
PAGE_COST -200 -300 400 500 -406.0 -239.0 824.0 307.0 4.0 2.0 7253.0 1131.0 9208.0
DRILL_COST -200 -300 400 500 -406.0 -239.0 824.0 307.0 0 4.0 2.0 7253.0 1955.0 9208.0 -200.0 -239.0 3075201
PAGE_COST -200 -300 400 500 -482.0 -318.0 767.0 177.0 2.0 5.0 7054.0 944.0 8569.13571066779
DRILL_COST -200 -300 400 500 -482.0 -318.0 944.0 177.0 1 2.0 5.0 7054.0 1515.1357106677888 8569.13571066779 -200.0 -300.0 3075201
PAGE_COST -200 -300 400 500 -224.0 -215.0 553.0 643.0 3.0 1.0 5701.0 1196.0 6969.0
DRILL_COST -200 -300 400 500 -224.0 -215.0 553.0 643.0 0 3.0 1.0 5701.0 1268.0 6969.0 -200.0 -215.0 3075201
PAGE_COST -200 -300 400 500 -274.0 787.0 650.0 730.0 5.0 3.0 8160.0 1380.0 10477.134462070411
DRILL_COST -200 -300 400 500 -274.0 787.0 1380.0 730.0 1 5.0 3.0 8160.0 2317.1344620704117 10477.134462070411 -200.0 500.0 3075201
PAGE_COST -200 -300 400 500 -77.0 295.0 365.0 624.0 5.0 1.0 5030.0 989.0 6019.0
DRILL_COST -200 -300 400 500 -77.0 295.0 365.0 624.0 0 5.0 1.0 5030.0 989.0 6019.0 -77.0 295.0 3075201
PAGE_COST -200 -300 400 500 -31.0 -24.0 140.0 612.0 1.0 5.0 5279.0 752.0 6031.0
DRILL_COST -200 -300 400 500 -31.0 -24.0 752.0 612.0 1 1.0 5.0 5279.0 752.0 6031.0 -31.0 -24.0 3075201
PAGE_COST -200 -300 400 500 932.0 -783.0 600.0 381.0 1.0 1.0 2801.78514522438 981.0 4501.334378053975
DRILL_COST -200 -300 400 500 932.0 -783.0 600.0 381.0 0 1.0 1.0 2801.78514522438 1699.5492328295954 4501.334378053975 400.0 -300.0 3075201
PAGE_COST -200 -300 400 500 -9.0 -793.0 645.0 175.0 1.0 1.0 3053.8632909807866 820.0 4366.863290980787
DRILL_COST -200 -300 400 500 -9.0 -793.0 820.0 175.0 1 1.0 1.0 3053.8632909807866 1313.0 4366.863290980787 -9.0 -300.0 3075201
PAGE_COST -200 -300 400 500 -878.0 -764.0 570.0 205.0 4.0 5.0 11510.0 775.0 15853.941579796454
DRILL_COST -200 -300 400 500 -878.0 -764.0 570.0 205.0 0 4.0 5.0 11510.0 4343.941579796453 15853.941579796454 -200.0 -300.0 3075201
PAGE_COST -200 -300 400 500 574.0 991.0 179.0 426.0 1.0 3.0 3952.0 605.0 6040.241382917831
DRILL_COST -200 -300 400 500 574.0 991.0 605.0 426.0 1 1.0 3.0 3952.0 2088.2413829178313 6040.241382917831 400.0 500.0 3075201
PAGE_COST -200 -300 400 500 996.0 836.0 769.0 782.0 4.0 3.0 7664.0 1551.0 11803.343099359125
DRILL_COST -200 -300 400 500 996.0 836.0 769.0 782.0 0 4.0 3.0 7664.0 4139.343099359125 11803.343099359125 400.0 500.0 3075201
PAGE_COST -200 -300 400 500 819.0 336.0 344.0 413.0 1.0 4.0 4090.0 757.0 5266.0
DRILL_COST -200 -300 400 500 819.0 336.0 757.0 413.0 1 1.0 4.0 4090.0 1176.0 5266.0 400.0 336.0 3075201
PAGE_COST -200 -300 400 500 -535.0 -43.0 638.0 459.0 2.0 1.0 4851.169858910323 1097.0 6618.169858910323
DRILL_COST -200 -300 400 500 -535.0 -43.0 638.0 459.0 0 2.0 1.0 4851.169858910323 1767.0 6618.169858910323 -200.0 -43.0 3075201
PAGE_COST -200 -300 400 500 12.0 639.0 654.0 842.0 4.0 1.0 5172.0 1496.0 6807.0
DRILL_COST -200 -300 400 500 12.0 639.0 1496.0 842.0 1 4.0 1.0 5172.0 1635.0 6807.0 12.0 500.0 3075201
PAGE_COST -200 -300 400 500 -267.0 48.0 785.0 731.0 2.0 1.0 4813.554196225487 1516.0 6463.554196225487
DRILL_COST -200 -300 400 500 -267.0 48.0 785.0 731.0 0 2.0 1.0 4813.554196225487 1650.0 6463.554196225487 -200.0 48.0 3075201
PAGE_COST -200 -300 400 500 -393.0 -930.0 936.0 795.0 2.0 2.0 6365.532185135819 1731.0 9414.331866422774
DRILL_COST -200 -300 400 500 -393.0 -930.0 1731.0 795.0 1 2.0 2.0 6365.532185135819 3048.799681286955 9414.331866422774 -200.0 -300.0 3075201
PAGE_COST -200 -300 400 500 274.0 105.0 682.0 518.0 1.0 2.0 4164.51389720337 1200.0 5364.51389720337
DRILL_COST -200 -300 400 500 274.0 105.0 682.0 518.0 0 1.0 2.0 4164.51389720337 1200.0 5364.51389720337 274.0 105.0 3075201
PAGE_COST -200 -300 400 500 -230.0 880.0 54.0 854.0 5.0 4.0 9908.0 908.0 12343.383383437178
DRILL_COST -200 -300 400 500 -230.0 880.0 908.0 854.0 1 5.0 4.0 9908.0 2435.3833834371776 12343.383383437178 -200.0 500.0 3075201
PAGE_COST -200 -300 400 500 -135.0 -603.0 79.0 463.0 2.0 4.0 7496.0 542.0 9250.0
DRILL_COST -200 -300 400 500 -135.0 -603.0 79.0 463.0 0 2.0 4.0 7496.0 1754.0 9250.0 -135.0 -300.0 3075201
PAGE_COST -200 -300 400 500 -194.0 -814.0 108.0 989.0 2.0 4.0 8666.0 1097.0 11819.0
DRILL_COST -200 -300 400 500 -194.0 -814.0 1097.0 989.0 1 2.0 4.0 8666.0 3153.0 11819.0 -194.0 -300.0 3075201
PAGE_COST -200 -300 400 500 -140.0 -448.0 724.0 235.0 2.0 2.0 6283.183906269178 959.0 7538.183906269178
DRILL_COST -200 -300 400 500 -140.0 -448.0 724.0 235.0 0 2.0 2.0 6283.183906269178 1255.0 7538.183906269178 -140.0 -300.0 3075201
PAGE_COST -200 -300 400 500 578.0 -930.0 592.0 635.0 3.0 3.0 8370.0 1227.0 11560.98981667421
DRILL_COST -200 -300 400 500 578.0 -930.0 1227.0 635.0 1 3.0 3.0 8370.0 3190.9898166742105 11560.98981667421 400.0 -300.0 3075201
PAGE_COST -200 -300 400 500 -535.0 -124.0 235.0 367.0 1.0 3.0 5058.0 602.0 5995.0
DRILL_COST -200 -300 400 500 -535.0 -124.0 235.0 367.0 0 1.0 3.0 5058.0 937.0 5995.0 -200.0 -124.0 3075201
PAGE_COST -200 -300 400 500 161.0 18.0 38.0 968.0 2.0 1.0 4178.038774353345 1006.0 5184.038774353345
DRILL_COST -200 -300 400 500 161.0 18.0 1006.0 968.0 1 2.0 1.0 4178.038774353345 1006.0 5184.038774353345 161.0 18.0 3075201
PAGE_COST -200 -300 400 500 -691.0 -787.0 248.0 40.0 1.0 2.0 4580.0 288.0 5958.759826909663
DRILL_COST -200 -300 400 500 -691.0 -787.0 248.0 40.0 0 1.0 2.0 4580.0 1378.7598269096638 5958.759826909663 -200.0 -300.0 3075201
PAGE_COST -200 -300 400 500 248.0 758.0 810.0 564.0 4.0 4.0 8880.0 1374.0 11286.0
DRILL_COST -200 -300 400 500 248.0 758.0 1374.0 564.0 1 4.0 4.0 8880.0 2406.0 11286.0 248.0 500.0 3075201
PAGE_COST -200 -300 400 500 715.0 545.0 568.0 781.0 1.0 1.0 2193.171219946131 1349.0 3860.3692714800773
DRILL_COST -200 -300 400 500 715.0 545.0 568.0 781.0 0 1.0 1.0 2193.171219946131 1667.1980515339465 3860.3692714800773 400.0 500.0 3075201
PAGE_COST -200 -300 400 500 -337.0 -125.0 594.0 658.0 4.0 2.0 7766.0 1252.0 9566.0
DRILL_COST -200 -300 400 500 -337.0 -125.0 1252.0 658.0 1 4.0 2.0 7766.0 1800.0 9566.0 -200.0 -125.0 3075201
PAGE_COST -200 -300 400 500 504.0 -891.0 15.0 560.0 1.0 4.0 5020.0 575.0 7961.2865422429295
DRILL_COST -200 -300 400 500 504.0 -891.0 15.0 560.0 0 1.0 4.0 5020.0 2941.2865422429295 7961.2865422429295 400.0 -300.0 3075201
PAGE_COST -200 -300 400 500 -374.0 327.0 77.0 803.0 1.0 3.0 5479.0 880.0 6533.0
DRILL_COST -200 -300 400 500 -374.0 327.0 880.0 803.0 1 1.0 3.0 5479.0 1054.0 6533.0 -200.0 327.0 3075201
PAGE_COST -200 -300 400 500 -484.0 -734.0 860.0 354.0 1.0 5.0 5208.0 1214.0 8610.505426084204
DRILL_COST -200 -300 400 500 -484.0 -734.0 860.0 354.0 0 1.0 5.0 5208.0 3402.5054260842035 8610.505426084204 -200.0 -300.0 3075201
PAGE_COST -200 -300 400 500 852.0 765.0 996.0 475.0 3.0 2.0 5550.0 1471.0 8476.896974376965
DRILL_COST -200 -300 400 500 852.0 765.0 1471.0 475.0 1 3.0 2.0 5550.0 2926.896974376965 8476.896974376965 400.0 500.0 3075201
PAGE_COST -200 -300 400 500 679.0 -690.0 227.0 5.0 1.0 5.0 3910.0 232.0 6111.858116718055
DRILL_COST -200 -300 400 500 679.0 -690.0 227.0 5.0 0 1.0 5.0 3910.0 2201.8581167180546 6111.858116718055 400.0 -300.0 3075201
PAGE_COST -200 -300 400 500 240.0 867.0 707.0 641.0 1.0 1.0 2312.487837805855 1348.0 4027.487837805855
DRILL_COST -200 -300 400 500 240.0 867.0 1348.0 641.0 1 1.0 1.0 2312.487837805855 1715.0 4027.487837805855 240.0 500.0 3075201
PAGE_COST -200 -300 400 500 37.0 79.0 822.0 475.0 5.0 3.0 8676.0 1297.0 9973.0
DRILL_COST -200 -300 400 500 37.0 79.0 822.0 475.0 0 5.0 3.0 8676.0 1297.0 9973.0 37.0 79.0 3075201
PAGE_COST -200 -300 400 500 693.0 460.0 764.0 743.0 1.0 1.0 2220.7206037680653 1507.0 4020.7206037680653
DRILL_COST -200 -300 400 500 693.0 460.0 1507.0 743.0 1 1.0 1.0 2220.7206037680653 1800.0 4020.7206037680653 400.0 460.0 3075201
PAGE_COST -200 -300 400 500 -616.0 337.0 639.0 124.0 3.0 4.0 7437.0 763.0 9448.0
DRILL_COST -200 -300 400 500 -616.0 337.0 639.0 124.0 0 3.0 4.0 7437.0 2011.0 9448.0 -200.0 337.0 3075201
PAGE_COST -200 -300 400 500 -628.0 -964.0 153.0 665.0 5.0 5.0 14630.0 818.0 19397.936708353693
DRILL_COST -200 -300 400 500 -628.0 -964.0 818.0 665.0 1 5.0 5.0 14630.0 4767.936708353693 19397.936708353693 -200.0 -300.0 3075201
PAGE_COST -200 -300 400 500 -439.0 -624.0 213.0 174.0 1.0 2.0 4848.0 387.0 5925.6699645995905
DRILL_COST -200 -300 400 500 -439.0 -624.0 213.0 174.0 0 1.0 2.0 4848.0 1077.669964599591 5925.6699645995905 -200.0 -300.0 3075201
PAGE_COST -200 -300 400 500 -512.0 -134.0 988.0 570.0 4.0 5.0 11876.0 1558.0 14682.0
DRILL_COST -200 -300 400 500 -512.0 -134.0 1558.0 570.0 1 4.0 5.0 11876.0 2806.0 14682.0 -200.0 -134.0 3075201
PAGE_COST -200 -300 400 500 -942.0 -119.0 218.0 454.0 4.0 3.0 9465.0 672.0 13105.0
DRILL_COST -200 -300 400 500 -942.0 -119.0 218.0 454.0 0 4.0 3.0 9465.0 3640.0 13105.0 -200.0 -119.0 3075201
PAGE_COST -200 -300 400 500 954.0 343.0 5.0 2.0 1.0 2.0 3261.0 7.0 3822.0
DRILL_COST -200 -300 400 500 954.0 343.0 7.0 2.0 1 1.0 2.0 3261.0 561.0 3822.0 400.0 343.0 3075201
PAGE_COST -200 -300 400 500 -460.0 -749.0 959.0 803.0 5.0 3.0 10506.0 1762.0 14140.006677338519
DRILL_COST -200 -300 400 500 -460.0 -749.0 959.0 803.0 0 5.0 3.0 10506.0 3634.006677338519 14140.006677338519 -200.0 -300.0 3075201
PAGE_COST -200 -300 400 500 895.0 934.0 487.0 636.0 2.0 2.0 4386.342439892262 1123.0 6825.976025974585
DRILL_COST -200 -300 400 500 895.0 934.0 1123.0 636.0 1 2.0 2.0 4386.342439892262 2439.6335860823237 6825.976025974585 400.0 500.0 3075201
PAGE_COST -200 -300 400 500 151.0 483.0 243.0 410.0 4.0 3.0 7220.0 653.0 7873.0
DRILL_COST -200 -300 400 500 151.0 483.0 243.0 410.0 0 4.0 3.0 7220.0 653.0 7873.0 151.0 483.0 3075201
PAGE_COST -200 -300 400 500 -512.0 333.0 456.0 51.0 5.0 3.0 7303.0 507.0 9370.0
DRILL_COST -200 -300 400 500 -512.0 333.0 507.0 51.0 1 5.0 3.0 7303.0 2067.0 9370.0 -200.0 333.0 3075201
PAGE_COST -200 -300 400 500 -468.0 212.0 374.0 564.0 2.0 3.0 6904.0 938.0 8378.0
DRILL_COST -200 -300 400 500 -468.0 212.0 374.0 564.0 0 2.0 3.0 6904.0 1474.0 8378.0 -200.0 212.0 3075201
PAGE_COST -200 -300 400 500 -731.0 16.0 467.0 699.0 5.0 5.0 13518.0 1166.0 17339.0
DRILL_COST -200 -300 400 500 -731.0 16.0 1166.0 699.0 1 5.0 5.0 13518.0 3821.0 17339.0 -200.0 16.0 3075201
PAGE_COST -200 -300 400 500 403.0 -995.0 157.0 228.0 5.0 3.0 7556.0 385.0 10026.053956136388
DRILL_COST -200 -300 400 500 403.0 -995.0 157.0 228.0 0 5.0 3.0 7556.0 2470.0539561363876 10026.053956136388 400.0 -300.0 3075201
PAGE_COST -200 -300 400 500 846.0 -154.0 987.0 349.0 4.0 3.0 7652.0 1336.0 10772.0
DRILL_COST -200 -300 400 500 846.0 -154.0 1336.0 349.0 1 4.0 3.0 7652.0 3120.0 10772.0 400.0 -154.0 3075201
PAGE_COST -200 -300 400 500 -990.0 179.0 186.0 134.0 3.0 5.0 7931.0 320.0 10621.0
DRILL_COST -200 -300 400 500 -990.0 179.0 186.0 134.0 0 3.0 5.0 7931.0 2690.0 10621.0 -200.0 179.0 3075201
