FANOUT 0 19 1 0 3 1 10000000 -25000000 1 1 1 1 30000000 -20000000 1 2 2 1 15000000 30000000 1 3 1 1 20000000 -10000000 1 4 0 1 15000000 0 2 0 1 1 10000000 -25000000 3 0 1 1 15000000 -20000000 3 1 0 0 -5000000 -10000000 3 2 2 0 -15000000 25000000 3 3 1 1 30000000 15000000 4 0 3 1 30000000 10000000 4 1 0 0 5000000 5000000 4 2 2 0 -15000000 30000000 4 3 2 1 5000000 0 4 4 1 1 20000000 -25000000 4 5 0 0 -20000000 15000000 4 6 1 1 -30000000 20000000 4 7 0 1 -25000000 -25000000 4 8 2 1 -10000000 -15000000 12 16 10 14 18 13 2 0 1 3 6 9 5
FANOUT 1 19 1 0 3 1 10000000 -25000000 1 1 1 1 30000000 -20000000 1 2 2 1 15000000 30000000 1 3 1 1 20000000 -10000000 1 4 0 1 15000000 0 2 0 1 1 10000000 -25000000 3 0 1 1 15000000 -20000000 3 1 0 0 -5000000 -10000000 3 2 2 0 -15000000 25000000 3 3 1 1 30000000 15000000 4 0 3 1 30000000 10000000 4 1 0 0 5000000 5000000 4 2 2 0 -15000000 30000000 4 3 2 1 5000000 0 4 4 1 1 20000000 -25000000 4 5 0 0 -20000000 15000000 4 6 1 1 -30000000 20000000 4 7 0 1 -25000000 -25000000 4 8 2 1 -10000000 -15000000 12 13 18 14 10 16 3 1 0 2 6 9 5
FANOUT 2 19 1 0 3 1 10000000 -25000000 1 1 1 1 30000000 -20000000 1 2 2 1 15000000 30000000 1 3 1 1 20000000 -10000000 1 4 0 1 15000000 0 2 0 1 1 10000000 -25000000 3 0 1 1 15000000 -20000000 3 1 0 0 -5000000 -10000000 3 2 2 0 -15000000 25000000 3 3 1 1 30000000 15000000 4 0 3 1 30000000 10000000 4 1 0 0 5000000 5000000 4 2 2 0 -15000000 30000000 4 3 2 1 5000000 0 4 4 1 1 20000000 -25000000 4 5 0 0 -20000000 15000000 4 6 1 1 -30000000 20000000 4 7 0 1 -25000000 -25000000 4 8 2 1 -10000000 -15000000 12 14 13 18 10 16 1 3 2 0 6 9 5
FANOUT 3 19 1 0 3 1 10000000 -25000000 1 1 1 1 30000000 -20000000 1 2 2 1 15000000 30000000 1 3 1 1 20000000 -10000000 1 4 0 1 15000000 0 2 0 1 1 10000000 -25000000 3 0 1 1 15000000 -20000000 3 1 0 0 -5000000 -10000000 3 2 2 0 -15000000 25000000 3 3 1 1 30000000 15000000 4 0 3 1 30000000 10000000 4 1 0 0 5000000 5000000 4 2 2 0 -15000000 30000000 4 3 2 1 5000000 0 4 4 1 1 20000000 -25000000 4 5 0 0 -20000000 15000000 4 6 1 1 -30000000 20000000 4 7 0 1 -25000000 -25000000 4 8 2 1 -10000000 -15000000 12 14 10 13 16 18 3 0 1 2 6 9 5
FANOUT 4 19 1 0 3 1 10000000 -25000000 1 1 1 1 30000000 -20000000 1 2 2 1 15000000 30000000 1 3 1 1 20000000 -10000000 1 4 0 1 15000000 0 2 0 1 1 10000000 -25000000 3 0 1 1 15000000 -20000000 3 1 0 0 -5000000 -10000000 3 2 2 0 -15000000 25000000 3 3 1 1 30000000 15000000 4 0 3 1 30000000 10000000 4 1 0 0 5000000 5000000 4 2 2 0 -15000000 30000000 4 3 2 1 5000000 0 4 4 1 1 20000000 -25000000 4 5 0 0 -20000000 15000000 4 6 1 1 -30000000 20000000 4 7 0 1 -25000000 -25000000 4 8 2 1 -10000000 -15000000 12 10 13 14 16 18 0 1 2 3 6 9 5
FANOUT 0 23 1 0 1 1 -25000000 10000000 1 1 1 0 20000000 30000000 1 2 0 1 5000000 -20000000 1 3 1 0 -20000000 5000000 2 0 2 1 -5000000 20000000 2 1 0 1 20000000 0 2 2 0 1 15000000 0 2 3 3 1 -20000000 -10000000 2 4 1 1 -5000000 -5000000 2 5 3 1 30000000 0 3 0 2 1 -10000000 -10000000 3 1 3 1 30000000 10000000 3 2 0 0 15000000 -10000000 3 3 0 1 10000000 25000000 4 0 3 1 20000000 -10000000 4 1 2 0 15000000 20000000 4 2 1 1 -20000000 10000000 4 3 2 0 25000000 5000000 4 4 3 1 -20000000 -20000000 4 5 1 0 10000000 10000000 4 6 1 1 -5000000 -20000000 4 7 2 1 20000000 -15000000 4 8 3 1 5000000 25000000 13 22 16 18 21 14 20 9 7 4 8 10 11 0
FANOUT 1 23 1 0 1 1 -25000000 10000000 1 1 1 0 20000000 30000000 1 2 0 1 5000000 -20000000 1 3 1 0 -20000000 5000000 2 0 2 1 -5000000 20000000 2 1 0 1 20000000 0 2 2 0 1 15000000 0 2 3 3 1 -20000000 -10000000 2 4 1 1 -5000000 -5000000 2 5 3 1 30000000 0 3 0 2 1 -10000000 -10000000 3 1 3 1 30000000 10000000 3 2 0 0 15000000 -10000000 3 3 0 1 10000000 25000000 4 0 3 1 20000000 -10000000 4 1 2 0 15000000 20000000 4 2 1 1 -20000000 10000000 4 3 2 0 25000000 5000000 4 4 3 1 -20000000 -20000000 4 5 1 0 10000000 10000000 4 6 1 1 -5000000 -20000000 4 7 2 1 20000000 -15000000 4 8 3 1 5000000 25000000 13 20 14 21 16 18 22 8 4 7 9 10 11 0
FANOUT 2 23 1 0 1 1 -25000000 10000000 1 1 1 0 20000000 30000000 1 2 0 1 5000000 -20000000 1 3 1 0 -20000000 5000000 2 0 2 1 -5000000 20000000 2 1 0 1 20000000 0 2 2 0 1 15000000 0 2 3 3 1 -20000000 -10000000 2 4 1 1 -5000000 -5000000 2 5 3 1 30000000 0 3 0 2 1 -10000000 -10000000 3 1 3 1 30000000 10000000 3 2 0 0 15000000 -10000000 3 3 0 1 10000000 25000000 4 0 3 1 20000000 -10000000 4 1 2 0 15000000 20000000 4 2 1 1 -20000000 10000000 4 3 2 0 25000000 5000000 4 4 3 1 -20000000 -20000000 4 5 1 0 10000000 10000000 4 6 1 1 -5000000 -20000000 4 7 2 1 20000000 -15000000 4 8 3 1 5000000 25000000 13 16 18 14 20 21 22 7 9 8 4 11 10 0
FANOUT 3 23 1 0 1 1 -25000000 10000000 1 1 1 0 20000000 30000000 1 2 0 1 5000000 -20000000 1 3 1 0 -20000000 5000000 2 0 2 1 -5000000 20000000 2 1 0 1 20000000 0 2 2 0 1 15000000 0 2 3 3 1 -20000000 -10000000 2 4 1 1 -5000000 -5000000 2 5 3 1 30000000 0 3 0 2 1 -10000000 -10000000 3 1 3 1 30000000 10000000 3 2 0 0 15000000 -10000000 3 3 0 1 10000000 25000000 4 0 3 1 20000000 -10000000 4 1 2 0 15000000 20000000 4 2 1 1 -20000000 10000000 4 3 2 0 25000000 5000000 4 4 3 1 -20000000 -20000000 4 5 1 0 10000000 10000000 4 6 1 1 -5000000 -20000000 4 7 2 1 20000000 -15000000 4 8 3 1 5000000 25000000 13 20 16 18 14 21 22 7 8 9 4 10 11 0
FANOUT 4 23 1 0 1 1 -25000000 10000000 1 1 1 0 20000000 30000000 1 2 0 1 5000000 -20000000 1 3 1 0 -20000000 5000000 2 0 2 1 -5000000 20000000 2 1 0 1 20000000 0 2 2 0 1 15000000 0 2 3 3 1 -20000000 -10000000 2 4 1 1 -5000000 -5000000 2 5 3 1 30000000 0 3 0 2 1 -10000000 -10000000 3 1 3 1 30000000 10000000 3 2 0 0 15000000 -10000000 3 3 0 1 10000000 25000000 4 0 3 1 20000000 -10000000 4 1 2 0 15000000 20000000 4 2 1 1 -20000000 10000000 4 3 2 0 25000000 5000000 4 4 3 1 -20000000 -20000000 4 5 1 0 10000000 10000000 4 6 1 1 -5000000 -20000000 4 7 2 1 20000000 -15000000 4 8 3 1 5000000 25000000 13 14 16 18 20 21 22 4 7 8 9 10 11 0
FANOUT 0 42 1 0 2 1 25000000 15000000 2 0 2 1 -10000000 10000000 2 1 0 0 15000000 -25000000 2 2 3 1 0 10000000 2 3 1 1 20000000 0 3 0 2 1 -30000000 -25000000 3 1 1 1 15000000 -5000000 3 2 0 0 30000000 0 3 3 0 0 25000000 -20000000 3 4 2 1 -30000000 -10000000 3 5 1 1 25000000 -20000000 3 6 1 1 -5000000 -30000000 4 0 1 1 -5000000 20000000 4 1 0 1 10000000 15000000 4 2 0 1 0 20000000 4 3 3 0 25000000 -10000000 4 4 3 1 15000000 -20000000 4 5 2 1 -5000000 -10000000 4 6 2 1 -30000000 25000000 4 7 2 1 20000000 -5000000 4 8 0 1 -20000000 -15000000 5 0 0 1 -10000000 15000000 5 1 0 1 -25000000 -15000000 5 2 0 1 30000000 5000000 5 3 1 0 20000000 30000000 6 0 1 1 -20000000 -10000000 6 1 0 1 10000000 20000000 6 2 2 1 0 -15000000 6 3 2 1 -20000000 30000000 6 4 3 0 5000000 15000000 6 5 3 1 15000000 -30000000 6 6 0 1 -30000000 -5000000 6 7 1 1 25000000 15000000 7 0 1 1 -5000000 -10000000 7 1 2 1 10000000 -30000000 7 2 0 1 -30000000 0 7 3 0 0 10000000 -25000000 7 4 1 1 5000000 10000000 7 5 2 1 -10000000 10000000 7 6 1 1 0 15000000 7 7 2 1 30000000 30000000 7 8 0 1 15000000 -10000000 25 40 34 33 38 39 37 10 9 5 6 11 18 16 19 12 17 28 30 32 25 27 4 1 3 0
FANOUT 1 42 1 0 2 1 25000000 15000000 2 0 2 1 -10000000 10000000 2 1 0 0 15000000 -25000000 2 2 3 1 0 10000000 2 3 1 1 20000000 0 3 0 2 1 -30000000 -25000000 3 1 1 1 15000000 -5000000 3 2 0 0 30000000 0 3 3 0 0 25000000 -20000000 3 4 2 1 -30000000 -10000000 3 5 1 1 25000000 -20000000 3 6 1 1 -5000000 -30000000 4 0 1 1 -5000000 20000000 4 1 0 1 10000000 15000000 4 2 0 1 0 20000000 4 3 3 0 25000000 -10000000 4 4 3 1 15000000 -20000000 4 5 2 1 -5000000 -10000000 4 6 2 1 -30000000 25000000 4 7 2 1 20000000 -5000000 4 8 0 1 -20000000 -15000000 5 0 0 1 -10000000 15000000 5 1 0 1 -25000000 -15000000 5 2 0 1 30000000 5000000 5 3 1 0 20000000 30000000 6 0 1 1 -20000000 -10000000 6 1 0 1 10000000 20000000 6 2 2 1 0 -15000000 6 3 2 1 -20000000 30000000 6 4 3 0 5000000 15000000 6 5 3 1 15000000 -30000000 6 6 0 1 -30000000 -5000000 6 7 1 1 25000000 15000000 7 0 1 1 -5000000 -10000000 7 1 2 1 10000000 -30000000 7 2 0 1 -30000000 0 7 3 0 0 10000000 -25000000 7 4 1 1 5000000 10000000 7 5 2 1 -10000000 10000000 7 6 1 1 0 15000000 7 7 2 1 30000000 30000000 7 8 0 1 15000000 -10000000 25 37 39 38 33 34 40 11 6 5 9 10 17 12 19 16 18 27 25 32 30 28 3 1 4 0
FANOUT 2 42 1 0 2 1 25000000 15000000 2 0 2 1 -10000000 10000000 2 1 0 0 15000000 -25000000 2 2 3 1 0 10000000 2 3 1 1 20000000 0 3 0 2 1 -30000000 -25000000 3 1 1 1 15000000 -5000000 3 2 0 0 30000000 0 3 3 0 0 25000000 -20000000 3 4 2 1 -30000000 -10000000 3 5 1 1 25000000 -20000000 3 6 1 1 -5000000 -30000000 4 0 1 1 -5000000 20000000 4 1 0 1 10000000 15000000 4 2 0 1 0 20000000 4 3 3 0 25000000 -10000000 4 4 3 1 15000000 -20000000 4 5 2 1 -5000000 -10000000 4 6 2 1 -30000000 25000000 4 7 2 1 20000000 -5000000 4 8 0 1 -20000000 -15000000 5 0 0 1 -10000000 15000000 5 1 0 1 -25000000 -15000000 5 2 0 1 30000000 5000000 5 3 1 0 20000000 30000000 6 0 1 1 -20000000 -10000000 6 1 0 1 10000000 20000000 6 2 2 1 0 -15000000 6 3 2 1 -20000000 30000000 6 4 3 0 5000000 15000000 6 5 3 1 15000000 -30000000 6 6 0 1 -30000000 -5000000 6 7 1 1 25000000 15000000 7 0 1 1 -5000000 -10000000 7 1 2 1 10000000 -30000000 7 2 0 1 -30000000 0 7 3 0 0 10000000 -25000000 7 4 1 1 5000000 10000000 7 5 2 1 -10000000 10000000 7 6 1 1 0 15000000 7 7 2 1 30000000 30000000 7 8 0 1 15000000 -10000000 25 38 37 39 33 40 34 6 5 9 10 11 12 17 16 18 19 27 30 28 25 32 1 3 4 0
FANOUT 3 42 1 0 2 1 25000000 15000000 2 0 2 1 -10000000 10000000 2 1 0 0 15000000 -25000000 2 2 3 1 0 10000000 2 3 1 1 20000000 0 3 0 2 1 -30000000 -25000000 3 1 1 1 15000000 -5000000 3 2 0 0 30000000 0 3 3 0 0 25000000 -20000000 3 4 2 1 -30000000 -10000000 3 5 1 1 25000000 -20000000 3 6 1 1 -5000000 -30000000 4 0 1 1 -5000000 20000000 4 1 0 1 10000000 15000000 4 2 0 1 0 20000000 4 3 3 0 25000000 -10000000 4 4 3 1 15000000 -20000000 4 5 2 1 -5000000 -10000000 4 6 2 1 -30000000 25000000 4 7 2 1 20000000 -5000000 4 8 0 1 -20000000 -15000000 5 0 0 1 -10000000 15000000 5 1 0 1 -25000000 -15000000 5 2 0 1 30000000 5000000 5 3 1 0 20000000 30000000 6 0 1 1 -20000000 -10000000 6 1 0 1 10000000 20000000 6 2 2 1 0 -15000000 6 3 2 1 -20000000 30000000 6 4 3 0 5000000 15000000 6 5 3 1 15000000 -30000000 6 6 0 1 -30000000 -5000000 6 7 1 1 25000000 15000000 7 0 1 1 -5000000 -10000000 7 1 2 1 10000000 -30000000 7 2 0 1 -30000000 0 7 3 0 0 10000000 -25000000 7 4 1 1 5000000 10000000 7 5 2 1 -10000000 10000000 7 6 1 1 0 15000000 7 7 2 1 30000000 30000000 7 8 0 1 15000000 -10000000 25 37 34 38 39 33 40 6 10 11 5 9 12 16 17 19 18 27 25 30 32 28 1 3 4 0
FANOUT 4 42 1 0 2 1 25000000 15000000 2 0 2 1 -10000000 10000000 2 1 0 0 15000000 -25000000 2 2 3 1 0 10000000 2 3 1 1 20000000 0 3 0 2 1 -30000000 -25000000 3 1 1 1 15000000 -5000000 3 2 0 0 30000000 0 3 3 0 0 25000000 -20000000 3 4 2 1 -30000000 -10000000 3 5 1 1 25000000 -20000000 3 6 1 1 -5000000 -30000000 4 0 1 1 -5000000 20000000 4 1 0 1 10000000 15000000 4 2 0 1 0 20000000 4 3 3 0 25000000 -10000000 4 4 3 1 15000000 -20000000 4 5 2 1 -5000000 -10000000 4 6 2 1 -30000000 25000000 4 7 2 1 20000000 -5000000 4 8 0 1 -20000000 -15000000 5 0 0 1 -10000000 15000000 5 1 0 1 -25000000 -15000000 5 2 0 1 30000000 5000000 5 3 1 0 20000000 30000000 6 0 1 1 -20000000 -10000000 6 1 0 1 10000000 20000000 6 2 2 1 0 -15000000 6 3 2 1 -20000000 30000000 6 4 3 0 5000000 15000000 6 5 3 1 15000000 -30000000 6 6 0 1 -30000000 -5000000 6 7 1 1 25000000 15000000 7 0 1 1 -5000000 -10000000 7 1 2 1 10000000 -30000000 7 2 0 1 -30000000 0 7 3 0 0 10000000 -25000000 7 4 1 1 5000000 10000000 7 5 2 1 -10000000 10000000 7 6 1 1 0 15000000 7 7 2 1 30000000 30000000 7 8 0 1 15000000 -10000000 25 33 34 37 38 39 40 5 6 9 10 11 12 16 17 18 19 25 27 28 30 32 1 3 4 0
FANOUT 0 22 1 0 3 1 25000000 -30000000 1 1 1 1 -10000000 -25000000 1 2 3 1 5000000 -5000000 2 0 1 1 20000000 -20000000 2 1 2 1 5000000 -25000000 2 2 3 1 25000000 -15000000 2 3 3 1 -5000000 30000000 3 0 2 1 10000000 30000000 3 1 2 1 -5000000 30000000 3 2 0 1 5000000 30000000 3 3 3 1 -10000000 0 3 4 3 1 30000000 25000000 3 5 1 1 5000000 25000000 3 6 2 1 -20000000 -10000000 3 7 2 1 -25000000 -30000000 4 0 3 1 -10000000 -20000000 4 1 2 1 -30000000 -15000000 4 2 2 1 -20000000 -20000000 4 3 1 1 5000000 25000000 4 4 2 1 -30000000 0 4 5 0 1 15000000 25000000 4 6 1 1 30000000 25000000 20 14 11 13 7 8 12 10 21 18 16 17 19 15 6 4 5 3 0 1 2
FANOUT 1 22 1 0 3 1 25000000 -30000000 1 1 1 1 -10000000 -25000000 1 2 3 1 5000000 -5000000 2 0 1 1 20000000 -20000000 2 1 2 1 5000000 -25000000 2 2 3 1 25000000 -15000000 2 3 3 1 -5000000 30000000 3 0 2 1 10000000 30000000 3 1 2 1 -5000000 30000000 3 2 0 1 5000000 30000000 3 3 3 1 -10000000 0 3 4 3 1 30000000 25000000 3 5 1 1 5000000 25000000 3 6 2 1 -20000000 -10000000 3 7 2 1 -25000000 -30000000 4 0 3 1 -10000000 -20000000 4 1 2 1 -30000000 -15000000 4 2 2 1 -20000000 -20000000 4 3 1 1 5000000 25000000 4 4 2 1 -30000000 0 4 5 0 1 15000000 25000000 4 6 1 1 30000000 25000000 20 10 12 8 7 13 11 14 15 19 17 16 18 21 3 5 4 6 2 1 0
FANOUT 2 22 1 0 3 1 25000000 -30000000 1 1 1 1 -10000000 -25000000 1 2 3 1 5000000 -5000000 2 0 1 1 20000000 -20000000 2 1 2 1 5000000 -25000000 2 2 3 1 25000000 -15000000 2 3 3 1 -5000000 30000000 3 0 2 1 10000000 30000000 3 1 2 1 -5000000 30000000 3 2 0 1 5000000 30000000 3 3 3 1 -10000000 0 3 4 3 1 30000000 25000000 3 5 1 1 5000000 25000000 3 6 2 1 -20000000 -10000000 3 7 2 1 -25000000 -30000000 4 0 3 1 -10000000 -20000000 4 1 2 1 -30000000 -15000000 4 2 2 1 -20000000 -20000000 4 3 1 1 5000000 25000000 4 4 2 1 -30000000 0 4 5 0 1 15000000 25000000 4 6 1 1 30000000 25000000 20 12 13 14 7 8 10 11 18 17 16 19 15 21 5 4 3 6 0 2 1
FANOUT 3 22 1 0 3 1 25000000 -30000000 1 1 1 1 -10000000 -25000000 1 2 3 1 5000000 -5000000 2 0 1 1 20000000 -20000000 2 1 2 1 5000000 -25000000 2 2 3 1 25000000 -15000000 2 3 3 1 -5000000 30000000 3 0 2 1 10000000 30000000 3 1 2 1 -5000000 30000000 3 2 0 1 5000000 30000000 3 3 3 1 -10000000 0 3 4 3 1 30000000 25000000 3 5 1 1 5000000 25000000 3 6 2 1 -20000000 -10000000 3 7 2 1 -25000000 -30000000 4 0 3 1 -10000000 -20000000 4 1 2 1 -30000000 -15000000 4 2 2 1 -20000000 -20000000 4 3 1 1 5000000 25000000 4 4 2 1 -30000000 0 4 5 0 1 15000000 25000000 4 6 1 1 30000000 25000000 20 13 7 8 10 12 14 11 15 17 16 18 19 21 4 6 3 5 1 0 2
FANOUT 4 22 1 0 3 1 25000000 -30000000 1 1 1 1 -10000000 -25000000 1 2 3 1 5000000 -5000000 2 0 1 1 20000000 -20000000 2 1 2 1 5000000 -25000000 2 2 3 1 25000000 -15000000 2 3 3 1 -5000000 30000000 3 0 2 1 10000000 30000000 3 1 2 1 -5000000 30000000 3 2 0 1 5000000 30000000 3 3 3 1 -10000000 0 3 4 3 1 30000000 25000000 3 5 1 1 5000000 25000000 3 6 2 1 -20000000 -10000000 3 7 2 1 -25000000 -30000000 4 0 3 1 -10000000 -20000000 4 1 2 1 -30000000 -15000000 4 2 2 1 -20000000 -20000000 4 3 1 1 5000000 25000000 4 4 2 1 -30000000 0 4 5 0 1 15000000 25000000 4 6 1 1 30000000 25000000 20 7 8 10 11 12 13 14 15 16 17 18 19 21 3 4 5 6 0 1 2
FANOUT 0 12 1 0 1 1 25000000 20000000 1 1 1 1 15000000 20000000 1 2 2 1 0 10000000 1 3 1 1 5000000 -30000000 2 0 3 1 15000000 -5000000 2 1 0 0 -15000000 30000000 2 2 0 1 15000000 -25000000 3 0 0 1 30000000 15000000 3 1 1 1 -5000000 15000000 3 2 2 1 -25000000 25000000 3 3 0 0 10000000 -25000000 3 4 2 1 10000000 -15000000 8 3 0 1 2 11 9 8 4
FANOUT 1 12 1 0 1 1 25000000 20000000 1 1 1 1 15000000 20000000 1 2 2 1 0 10000000 1 3 1 1 5000000 -30000000 2 0 3 1 15000000 -5000000 2 1 0 0 -15000000 30000000 2 2 0 1 15000000 -25000000 3 0 0 1 30000000 15000000 3 1 1 1 -5000000 15000000 3 2 2 1 -25000000 25000000 3 3 0 0 10000000 -25000000 3 4 2 1 10000000 -15000000 8 2 1 0 3 8 9 11 4
FANOUT 2 12 1 0 1 1 25000000 20000000 1 1 1 1 15000000 20000000 1 2 2 1 0 10000000 1 3 1 1 5000000 -30000000 2 0 3 1 15000000 -5000000 2 1 0 0 -15000000 30000000 2 2 0 1 15000000 -25000000 3 0 0 1 30000000 15000000 3 1 1 1 -5000000 15000000 3 2 2 1 -25000000 25000000 3 3 0 0 10000000 -25000000 3 4 2 1 10000000 -15000000 8 0 1 2 3 8 11 9 4
FANOUT 3 12 1 0 1 1 25000000 20000000 1 1 1 1 15000000 20000000 1 2 2 1 0 10000000 1 3 1 1 5000000 -30000000 2 0 3 1 15000000 -5000000 2 1 0 0 -15000000 30000000 2 2 0 1 15000000 -25000000 3 0 0 1 30000000 15000000 3 1 1 1 -5000000 15000000 3 2 2 1 -25000000 25000000 3 3 0 0 10000000 -25000000 3 4 2 1 10000000 -15000000 8 1 2 0 3 11 8 9 4
FANOUT 4 12 1 0 1 1 25000000 20000000 1 1 1 1 15000000 20000000 1 2 2 1 0 10000000 1 3 1 1 5000000 -30000000 2 0 3 1 15000000 -5000000 2 1 0 0 -15000000 30000000 2 2 0 1 15000000 -25000000 3 0 0 1 30000000 15000000 3 1 1 1 -5000000 15000000 3 2 2 1 -25000000 25000000 3 3 0 0 10000000 -25000000 3 4 2 1 10000000 -15000000 8 0 1 2 3 8 9 11 4
FANOUT 0 7 1 0 3 1 10000000 0 2 0 2 1 25000000 -15000000 2 1 1 1 -5000000 30000000 2 2 1 1 10000000 30000000 2 3 0 1 30000000 10000000 2 4 1 0 20000000 0 2 5 1 0 0 -10000000 4 1 2 3 0
FANOUT 1 7 1 0 3 1 10000000 0 2 0 2 1 25000000 -15000000 2 1 1 1 -5000000 30000000 2 2 1 1 10000000 30000000 2 3 0 1 30000000 10000000 2 4 1 0 20000000 0 2 5 1 0 0 -10000000 4 3 2 1 0
FANOUT 2 7 1 0 3 1 10000000 0 2 0 2 1 25000000 -15000000 2 1 1 1 -5000000 30000000 2 2 1 1 10000000 30000000 2 3 0 1 30000000 10000000 2 4 1 0 20000000 0 2 5 1 0 0 -10000000 4 2 3 1 0
FANOUT 3 7 1 0 3 1 10000000 0 2 0 2 1 25000000 -15000000 2 1 1 1 -5000000 30000000 2 2 1 1 10000000 30000000 2 3 0 1 30000000 10000000 2 4 1 0 20000000 0 2 5 1 0 0 -10000000 4 2 3 1 0
FANOUT 4 7 1 0 3 1 10000000 0 2 0 2 1 25000000 -15000000 2 1 1 1 -5000000 30000000 2 2 1 1 10000000 30000000 2 3 0 1 30000000 10000000 2 4 1 0 20000000 0 2 5 1 0 0 -10000000 4 1 2 3 0
FANOUT 0 43 1 0 0 1 10000000 0 1 1 0 1 10000000 -10000000 1 2 1 1 10000000 -10000000 1 3 0 0 -25000000 -20000000 1 4 0 1 15000000 -15000000 1 5 0 1 -5000000 -20000000 1 6 1 1 -10000000 -30000000 1 7 3 1 -10000000 -30000000 1 8 2 1 -30000000 -25000000 2 0 2 1 5000000 -20000000 2 1 3 0 0 -25000000 2 2 3 1 10000000 10000000 2 3 0 1 0 20000000 2 4 2 1 20000000 30000000 2 5 2 1 15000000 5000000 3 0 2 1 15000000 -10000000 3 1 0 1 20000000 20000000 3 2 0 0 -30000000 -10000000 3 3 1 1 -20000000 30000000 3 4 0 0 -20000000 15000000 3 5 2 1 -20000000 -5000000 4 0 2 0 15000000 -10000000 4 1 0 1 -30000000 10000000 4 2 2 1 -15000000 25000000 4 3 3 1 5000000 -20000000 4 4 2 1 5000000 -25000000 4 5 3 1 0 25000000 4 6 2 0 30000000 0 5 0 2 1 -5000000 -5000000 5 1 3 1 0 30000000 6 0 2 1 -15000000 10000000 6 1 3 0 -5000000 20000000 6 2 0 1 -15000000 15000000 6 3 2 1 -10000000 25000000 6 4 3 1 -10000000 15000000 6 5 0 1 -30000000 5000000 6 6 0 0 -15000000 -5000000 6 7 2 1 0 0 7 0 2 0 5000000 -15000000 7 1 2 1 30000000 -25000000 7 2 1 1 -5000000 -25000000 7 3 2 1 -20000000 -5000000 7 4 3 1 15000000 20000000 25 2 8 6 7 9 13 11 14 23 25 26 24 37 33 30 34 42 39 41 40 15 18 20 28 29
FANOUT 1 43 1 0 0 1 10000000 0 1 1 0 1 10000000 -10000000 1 2 1 1 10000000 -10000000 1 3 0 0 -25000000 -20000000 1 4 0 1 15000000 -15000000 1 5 0 1 -5000000 -20000000 1 6 1 1 -10000000 -30000000 1 7 3 1 -10000000 -30000000 1 8 2 1 -30000000 -25000000 2 0 2 1 5000000 -20000000 2 1 3 0 0 -25000000 2 2 3 1 10000000 10000000 2 3 0 1 0 20000000 2 4 2 1 20000000 30000000 2 5 2 1 15000000 5000000 3 0 2 1 15000000 -10000000 3 1 0 1 20000000 20000000 3 2 0 0 -30000000 -10000000 3 3 1 1 -20000000 30000000 3 4 0 0 -20000000 15000000 3 5 2 1 -20000000 -5000000 4 0 2 0 15000000 -10000000 4 1 0 1 -30000000 10000000 4 2 2 1 -15000000 25000000 4 3 3 1 5000000 -20000000 4 4 2 1 5000000 -25000000 4 5 3 1 0 25000000 4 6 2 0 30000000 0 5 0 2 1 -5000000 -5000000 5 1 3 1 0 30000000 6 0 2 1 -15000000 10000000 6 1 3 0 -5000000 20000000 6 2 0 1 -15000000 15000000 6 3 2 1 -10000000 25000000 6 4 3 1 -10000000 15000000 6 5 0 1 -30000000 5000000 6 6 0 0 -15000000 -5000000 6 7 2 1 0 0 7 0 2 0 5000000 -15000000 7 1 2 1 30000000 -25000000 7 2 1 1 -5000000 -25000000 7 3 2 1 -20000000 -5000000 7 4 3 1 15000000 20000000 25 6 7 8 2 14 11 13 9 24 26 25 23 34 30 33 37 40 41 39 42 20 18 15 28 29
FANOUT 2 43 1 0 0 1 10000000 0 1 1 0 1 10000000 -10000000 1 2 1 1 10000000 -10000000 1 3 0 0 -25000000 -20000000 1 4 0 1 15000000 -15000000 1 5 0 1 -5000000 -20000000 1 6 1 1 -10000000 -30000000 1 7 3 1 -10000000 -30000000 1 8 2 1 -30000000 -25000000 2 0 2 1 5000000 -20000000 2 1 3 0 0 -25000000 2 2 3 1 10000000 10000000 2 3 0 1 0 20000000 2 4 2 1 20000000 30000000 2 5 2 1 15000000 5000000 3 0 2 1 15000000 -10000000 3 1 0 1 20000000 20000000 3 2 0 0 -30000000 -10000000 3 3 1 1 -20000000 30000000 3 4 0 0 -20000000 15000000 3 5 2 1 -20000000 -5000000 4 0 2 0 15000000 -10000000 4 1 0 1 -30000000 10000000 4 2 2 1 -15000000 25000000 4 3 3 1 5000000 -20000000 4 4 2 1 5000000 -25000000 4 5 3 1 0 25000000 4 6 2 0 30000000 0 5 0 2 1 -5000000 -5000000 5 1 3 1 0 30000000 6 0 2 1 -15000000 10000000 6 1 3 0 -5000000 20000000 6 2 0 1 -15000000 15000000 6 3 2 1 -10000000 25000000 6 4 3 1 -10000000 15000000 6 5 0 1 -30000000 5000000 6 6 0 0 -15000000 -5000000 6 7 2 1 0 0 7 0 2 0 5000000 -15000000 7 1 2 1 30000000 -25000000 7 2 1 1 -5000000 -25000000 7 3 2 1 -20000000 -5000000 7 4 3 1 15000000 20000000 25 6 7 2 8 9 11 14 13 23 25 26 24 33 34 37 30 41 40 42 39 15 20 18 29 28
FANOUT 3 43 1 0 0 1 10000000 0 1 1 0 1 10000000 -10000000 1 2 1 1 10000000 -10000000 1 3 0 0 -25000000 -20000000 1 4 0 1 15000000 -15000000 1 5 0 1 -5000000 -20000000 1 6 1 1 -10000000 -30000000 1 7 3 1 -10000000 -30000000 1 8 2 1 -30000000 -25000000 2 0 2 1 5000000 -20000000 2 1 3 0 0 -25000000 2 2 3 1 10000000 10000000 2 3 0 1 0 20000000 2 4 2 1 20000000 30000000 2 5 2 1 15000000 5000000 3 0 2 1 15000000 -10000000 3 1 0 1 20000000 20000000 3 2 0 0 -30000000 -10000000 3 3 1 1 -20000000 30000000 3 4 0 0 -20000000 15000000 3 5 2 1 -20000000 -5000000 4 0 2 0 15000000 -10000000 4 1 0 1 -30000000 10000000 4 2 2 1 -15000000 25000000 4 3 3 1 5000000 -20000000 4 4 2 1 5000000 -25000000 4 5 3 1 0 25000000 4 6 2 0 30000000 0 5 0 2 1 -5000000 -5000000 5 1 3 1 0 30000000 6 0 2 1 -15000000 10000000 6 1 3 0 -5000000 20000000 6 2 0 1 -15000000 15000000 6 3 2 1 -10000000 25000000 6 4 3 1 -10000000 15000000 6 5 0 1 -30000000 5000000 6 6 0 0 -15000000 -5000000 6 7 2 1 0 0 7 0 2 0 5000000 -15000000 7 1 2 1 30000000 -25000000 7 2 1 1 -5000000 -25000000 7 3 2 1 -20000000 -5000000 7 4 3 1 15000000 20000000 25 2 6 7 8 9 11 14 13 24 25 23 26 30 34 37 33 40 42 41 39 15 18 20 28 29
FANOUT 4 43 1 0 0 1 10000000 0 1 1 0 1 10000000 -10000000 1 2 1 1 10000000 -10000000 1 3 0 0 -25000000 -20000000 1 4 0 1 15000000 -15000000 1 5 0 1 -5000000 -20000000 1 6 1 1 -10000000 -30000000 1 7 3 1 -10000000 -30000000 1 8 2 1 -30000000 -25000000 2 0 2 1 5000000 -20000000 2 1 3 0 0 -25000000 2 2 3 1 10000000 10000000 2 3 0 1 0 20000000 2 4 2 1 20000000 30000000 2 5 2 1 15000000 5000000 3 0 2 1 15000000 -10000000 3 1 0 1 20000000 20000000 3 2 0 0 -30000000 -10000000 3 3 1 1 -20000000 30000000 3 4 0 0 -20000000 15000000 3 5 2 1 -20000000 -5000000 4 0 2 0 15000000 -10000000 4 1 0 1 -30000000 10000000 4 2 2 1 -15000000 25000000 4 3 3 1 5000000 -20000000 4 4 2 1 5000000 -25000000 4 5 3 1 0 25000000 4 6 2 0 30000000 0 5 0 2 1 -5000000 -5000000 5 1 3 1 0 30000000 6 0 2 1 -15000000 10000000 6 1 3 0 -5000000 20000000 6 2 0 1 -15000000 15000000 6 3 2 1 -10000000 25000000 6 4 3 1 -10000000 15000000 6 5 0 1 -30000000 5000000 6 6 0 0 -15000000 -5000000 6 7 2 1 0 0 7 0 2 0 5000000 -15000000 7 1 2 1 30000000 -25000000 7 2 1 1 -5000000 -25000000 7 3 2 1 -20000000 -5000000 7 4 3 1 15000000 20000000 25 2 6 7 8 9 11 13 14 23 24 25 26 30 33 34 37 39 40 41 42 15 18 20 28 29
FANOUT 0 24 1 0 0 1 5000000 -30000000 1 1 0 0 -20000000 -10000000 1 2 0 1 -10000000 -30000000 1 3 3 0 -5000000 30000000 2 0 3 1 30000000 -10000000 2 1 3 0 10000000 -25000000 2 2 2 0 -10000000 30000000 2 3 0 1 20000000 0 2 4 2 1 25000000 -15000000 2 5 0 1 -30000000 20000000 3 0 0 1 -30000000 -5000000 3 1 3 1 -15000000 -15000000 3 2 0 0 -25000000 15000000 3 3 0 1 -20000000 20000000 3 4 2 1 10000000 15000000 3 5 1 1 -15000000 30000000 4 0 1 1 10000000 15000000 4 1 3 1 25000000 10000000 4 2 1 1 -5000000 20000000 4 3 0 1 30000000 0 4 4 0 1 -20000000 -20000000 5 0 0 0 -30000000 -15000000 5 1 1 1 5000000 -30000000 5 2 0 1 0 25000000 9 11 15 14 17 18 16 4 8 22
FANOUT 1 24 1 0 0 1 5000000 -30000000 1 1 0 0 -20000000 -10000000 1 2 0 1 -10000000 -30000000 1 3 3 0 -5000000 30000000 2 0 3 1 30000000 -10000000 2 1 3 0 10000000 -25000000 2 2 2 0 -10000000 30000000 2 3 0 1 20000000 0 2 4 2 1 25000000 -15000000 2 5 0 1 -30000000 20000000 3 0 0 1 -30000000 -5000000 3 1 3 1 -15000000 -15000000 3 2 0 0 -25000000 15000000 3 3 0 1 -20000000 20000000 3 4 2 1 10000000 15000000 3 5 1 1 -15000000 30000000 4 0 1 1 10000000 15000000 4 1 3 1 25000000 10000000 4 2 1 1 -5000000 20000000 4 3 0 1 30000000 0 4 4 0 1 -20000000 -20000000 5 0 0 0 -30000000 -15000000 5 1 1 1 5000000 -30000000 5 2 0 1 0 25000000 9 14 15 11 16 17 18 4 8 22
FANOUT 2 24 1 0 0 1 5000000 -30000000 1 1 0 0 -20000000 -10000000 1 2 0 1 -10000000 -30000000 1 3 3 0 -5000000 30000000 2 0 3 1 30000000 -10000000 2 1 3 0 10000000 -25000000 2 2 2 0 -10000000 30000000 2 3 0 1 20000000 0 2 4 2 1 25000000 -15000000 2 5 0 1 -30000000 20000000 3 0 0 1 -30000000 -5000000 3 1 3 1 -15000000 -15000000 3 2 0 0 -25000000 15000000 3 3 0 1 -20000000 20000000 3 4 2 1 10000000 15000000 3 5 1 1 -15000000 30000000 4 0 1 1 10000000 15000000 4 1 3 1 25000000 10000000 4 2 1 1 -5000000 20000000 4 3 0 1 30000000 0 4 4 0 1 -20000000 -20000000 5 0 0 0 -30000000 -15000000 5 1 1 1 5000000 -30000000 5 2 0 1 0 25000000 9 15 14 11 18 16 17 4 8 22
FANOUT 3 24 1 0 0 1 5000000 -30000000 1 1 0 0 -20000000 -10000000 1 2 0 1 -10000000 -30000000 1 3 3 0 -5000000 30000000 2 0 3 1 30000000 -10000000 2 1 3 0 10000000 -25000000 2 2 2 0 -10000000 30000000 2 3 0 1 20000000 0 2 4 2 1 25000000 -15000000 2 5 0 1 -30000000 20000000 3 0 0 1 -30000000 -5000000 3 1 3 1 -15000000 -15000000 3 2 0 0 -25000000 15000000 3 3 0 1 -20000000 20000000 3 4 2 1 10000000 15000000 3 5 1 1 -15000000 30000000 4 0 1 1 10000000 15000000 4 1 3 1 25000000 10000000 4 2 1 1 -5000000 20000000 4 3 0 1 30000000 0 4 4 0 1 -20000000 -20000000 5 0 0 0 -30000000 -15000000 5 1 1 1 5000000 -30000000 5 2 0 1 0 25000000 9 14 15 11 16 18 17 4 8 22
FANOUT 4 24 1 0 0 1 5000000 -30000000 1 1 0 0 -20000000 -10000000 1 2 0 1 -10000000 -30000000 1 3 3 0 -5000000 30000000 2 0 3 1 30000000 -10000000 2 1 3 0 10000000 -25000000 2 2 2 0 -10000000 30000000 2 3 0 1 20000000 0 2 4 2 1 25000000 -15000000 2 5 0 1 -30000000 20000000 3 0 0 1 -30000000 -5000000 3 1 3 1 -15000000 -15000000 3 2 0 0 -25000000 15000000 3 3 0 1 -20000000 20000000 3 4 2 1 10000000 15000000 3 5 1 1 -15000000 30000000 4 0 1 1 10000000 15000000 4 1 3 1 25000000 10000000 4 2 1 1 -5000000 20000000 4 3 0 1 30000000 0 4 4 0 1 -20000000 -20000000 5 0 0 0 -30000000 -15000000 5 1 1 1 5000000 -30000000 5 2 0 1 0 25000000 9 11 14 15 16 17 18 4 8 22
FANOUT 0 14 1 0 2 0 10000000 0 1 1 1 1 15000000 20000000 1 2 1 1 30000000 -5000000 1 3 3 1 5000000 20000000 1 4 1 1 30000000 -20000000 1 5 2 1 5000000 20000000 1 6 0 1 20000000 30000000 2 0 0 1 -30000000 0 2 1 2 0 5000000 30000000 2 2 2 1 -5000000 10000000 2 3 1 1 5000000 25000000 2 4 0 1 -25000000 -5000000 2 5 3 1 15000000 -30000000 2 6 3 1 -30000000 0 9 4 2 3 5 1 12 13 10 9
FANOUT 1 14 1 0 2 0 10000000 0 1 1 1 1 15000000 20000000 1 2 1 1 30000000 -5000000 1 3 3 1 5000000 20000000 1 4 1 1 30000000 -20000000 1 5 2 1 5000000 20000000 1 6 0 1 20000000 30000000 2 0 0 1 -30000000 0 2 1 2 0 5000000 30000000 2 2 2 1 -5000000 10000000 2 3 1 1 5000000 25000000 2 4 0 1 -25000000 -5000000 2 5 3 1 15000000 -30000000 2 6 3 1 -30000000 0 9 1 2 3 5 4 9 10 13 12
FANOUT 2 14 1 0 2 0 10000000 0 1 1 1 1 15000000 20000000 1 2 1 1 30000000 -5000000 1 3 3 1 5000000 20000000 1 4 1 1 30000000 -20000000 1 5 2 1 5000000 20000000 1 6 0 1 20000000 30000000 2 0 0 1 -30000000 0 2 1 2 0 5000000 30000000 2 2 2 1 -5000000 10000000 2 3 1 1 5000000 25000000 2 4 0 1 -25000000 -5000000 2 5 3 1 15000000 -30000000 2 6 3 1 -30000000 0 9 5 1 2 4 3 10 9 13 12
FANOUT 3 14 1 0 2 0 10000000 0 1 1 1 1 15000000 20000000 1 2 1 1 30000000 -5000000 1 3 3 1 5000000 20000000 1 4 1 1 30000000 -20000000 1 5 2 1 5000000 20000000 1 6 0 1 20000000 30000000 2 0 0 1 -30000000 0 2 1 2 0 5000000 30000000 2 2 2 1 -5000000 10000000 2 3 1 1 5000000 25000000 2 4 0 1 -25000000 -5000000 2 5 3 1 15000000 -30000000 2 6 3 1 -30000000 0 9 3 5 1 4 2 10 9 12 13
FANOUT 4 14 1 0 2 0 10000000 0 1 1 1 1 15000000 20000000 1 2 1 1 30000000 -5000000 1 3 3 1 5000000 20000000 1 4 1 1 30000000 -20000000 1 5 2 1 5000000 20000000 1 6 0 1 20000000 30000000 2 0 0 1 -30000000 0 2 1 2 0 5000000 30000000 2 2 2 1 -5000000 10000000 2 3 1 1 5000000 25000000 2 4 0 1 -25000000 -5000000 2 5 3 1 15000000 -30000000 2 6 3 1 -30000000 0 9 1 2 3 4 5 9 10 12 13
FANOUT 0 27 1 0 2 1 30000000 -20000000 1 1 2 1 5000000 10000000 1 2 3 0 -30000000 -10000000 1 3 3 0 -15000000 -5000000 1 4 0 1 -5000000 -10000000 1 5 2 1 5000000 -20000000 1 6 1 1 -30000000 20000000 1 7 3 1 -10000000 -10000000 2 0 3 1 5000000 -25000000 2 1 2 1 -10000000 -30000000 2 2 2 1 -15000000 -5000000 2 3 1 1 25000000 0 2 4 3 1 -5000000 0 2 5 2 1 15000000 0 3 0 3 1 -20000000 30000000 3 1 0 1 5000000 0 3 2 2 1 -20000000 20000000 4 0 2 1 20000000 25000000 4 1 1 1 10000000 0 4 2 2 1 20000000 -30000000 4 3 3 1 30000000 -30000000 4 4 2 1 5000000 10000000 4 5 0 0 0 10000000 4 6 3 1 20000000 30000000 4 7 2 0 10000000 20000000 5 0 3 1 15000000 10000000 5 1 2 0 0 -30000000 20 11 9 10 13 8 12 20 19 23 17 21 18 6 0 5 1 7 14 16 25
FANOUT 1 27 1 0 2 1 30000000 -20000000 1 1 2 1 5000000 10000000 1 2 3 0 -30000000 -10000000 1 3 3 0 -15000000 -5000000 1 4 0 1 -5000000 -10000000 1 5 2 1 5000000 -20000000 1 6 1 1 -30000000 20000000 1 7 3 1 -10000000 -10000000 2 0 3 1 5000000 -25000000 2 1 2 1 -10000000 -30000000 2 2 2 1 -15000000 -5000000 2 3 1 1 25000000 0 2 4 3 1 -5000000 0 2 5 2 1 15000000 0 3 0 3 1 -20000000 30000000 3 1 0 1 5000000 0 3 2 2 1 -20000000 20000000 4 0 2 1 20000000 25000000 4 1 1 1 10000000 0 4 2 2 1 20000000 -30000000 4 3 3 1 30000000 -30000000 4 4 2 1 5000000 10000000 4 5 0 0 0 10000000 4 6 3 1 20000000 30000000 4 7 2 0 10000000 20000000 5 0 3 1 15000000 10000000 5 1 2 0 0 -30000000 20 12 8 13 10 9 11 18 21 17 23 19 20 7 1 5 0 6 14 16 25
FANOUT 2 27 1 0 2 1 30000000 -20000000 1 1 2 1 5000000 10000000 1 2 3 0 -30000000 -10000000 1 3 3 0 -15000000 -5000000 1 4 0 1 -5000000 -10000000 1 5 2 1 5000000 -20000000 1 6 1 1 -30000000 20000000 1 7 3 1 -10000000 -10000000 2 0 3 1 5000000 -25000000 2 1 2 1 -10000000 -30000000 2 2 2 1 -15000000 -5000000 2 3 1 1 25000000 0 2 4 3 1 -5000000 0 2 5 2 1 15000000 0 3 0 3 1 -20000000 30000000 3 1 0 1 5000000 0 3 2 2 1 -20000000 20000000 4 0 2 1 20000000 25000000 4 1 1 1 10000000 0 4 2 2 1 20000000 -30000000 4 3 3 1 30000000 -30000000 4 4 2 1 5000000 10000000 4 5 0 0 0 10000000 4 6 3 1 20000000 30000000 4 7 2 0 10000000 20000000 5 0 3 1 15000000 10000000 5 1 2 0 0 -30000000 20 9 12 13 11 8 10 21 17 19 18 23 20 1 7 5 0 6 16 14 25
FANOUT 3 27 1 0 2 1 30000000 -20000000 1 1 2 1 5000000 10000000 1 2 3 0 -30000000 -10000000 1 3 3 0 -15000000 -5000000 1 4 0 1 -5000000 -10000000 1 5 2 1 5000000 -20000000 1 6 1 1 -30000000 20000000 1 7 3 1 -10000000 -10000000 2 0 3 1 5000000 -25000000 2 1 2 1 -10000000 -30000000 2 2 2 1 -15000000 -5000000 2 3 1 1 25000000 0 2 4 3 1 -5000000 0 2 5 2 1 15000000 0 3 0 3 1 -20000000 30000000 3 1 0 1 5000000 0 3 2 2 1 -20000000 20000000 4 0 2 1 20000000 25000000 4 1 1 1 10000000 0 4 2 2 1 20000000 -30000000 4 3 3 1 30000000 -30000000 4 4 2 1 5000000 10000000 4 5 0 0 0 10000000 4 6 3 1 20000000 30000000 4 7 2 0 10000000 20000000 5 0 3 1 15000000 10000000 5 1 2 0 0 -30000000 20 12 13 8 9 11 10 18 21 19 17 20 23 1 5 7 0 6 14 16 25
FANOUT 4 27 1 0 2 1 30000000 -20000000 1 1 2 1 5000000 10000000 1 2 3 0 -30000000 -10000000 1 3 3 0 -15000000 -5000000 1 4 0 1 -5000000 -10000000 1 5 2 1 5000000 -20000000 1 6 1 1 -30000000 20000000 1 7 3 1 -10000000 -10000000 2 0 3 1 5000000 -25000000 2 1 2 1 -10000000 -30000000 2 2 2 1 -15000000 -5000000 2 3 1 1 25000000 0 2 4 3 1 -5000000 0 2 5 2 1 15000000 0 3 0 3 1 -20000000 30000000 3 1 0 1 5000000 0 3 2 2 1 -20000000 20000000 4 0 2 1 20000000 25000000 4 1 1 1 10000000 0 4 2 2 1 20000000 -30000000 4 3 3 1 30000000 -30000000 4 4 2 1 5000000 10000000 4 5 0 0 0 10000000 4 6 3 1 20000000 30000000 4 7 2 0 10000000 20000000 5 0 3 1 15000000 10000000 5 1 2 0 0 -30000000 20 8 9 10 11 12 13 17 18 19 20 21 23 0 1 5 6 7 14 16 25
FANOUT 0 14 1 0 1 1 20000000 20000000 1 1 0 0 -20000000 15000000 1 2 1 1 -5000000 30000000 1 3 3 0 -25000000 15000000 2 0 0 1 -10000000 15000000 2 1 1 1 5000000 -5000000 3 0 1 1 0 -30000000 4 0 1 1 5000000 30000000 4 1 1 1 10000000 -10000000 4 2 1 1 -20000000 30000000 4 3 0 1 -25000000 -25000000 4 4 1 0 25000000 20000000 4 5 3 1 -5000000 10000000 5 0 1 1 20000000 -5000000 9 8 9 7 12 0 2 5 6 13
FANOUT 1 14 1 0 1 1 20000000 20000000 1 1 0 0 -20000000 15000000 1 2 1 1 -5000000 30000000 1 3 3 0 -25000000 15000000 2 0 0 1 -10000000 15000000 2 1 1 1 5000000 -5000000 3 0 1 1 0 -30000000 4 0 1 1 5000000 30000000 4 1 1 1 10000000 -10000000 4 2 1 1 -20000000 30000000 4 3 0 1 -25000000 -25000000 4 4 1 0 25000000 20000000 4 5 3 1 -5000000 10000000 5 0 1 1 20000000 -5000000 9 12 7 9 8 0 2 5 6 13
FANOUT 2 14 1 0 1 1 20000000 20000000 1 1 0 0 -20000000 15000000 1 2 1 1 -5000000 30000000 1 3 3 0 -25000000 15000000 2 0 0 1 -10000000 15000000 2 1 1 1 5000000 -5000000 3 0 1 1 0 -30000000 4 0 1 1 5000000 30000000 4 1 1 1 10000000 -10000000 4 2 1 1 -20000000 30000000 4 3 0 1 -25000000 -25000000 4 4 1 0 25000000 20000000 4 5 3 1 -5000000 10000000 5 0 1 1 20000000 -5000000 9 8 7 9 12 0 2 5 6 13
FANOUT 3 14 1 0 1 1 20000000 20000000 1 1 0 0 -20000000 15000000 1 2 1 1 -5000000 30000000 1 3 3 0 -25000000 15000000 2 0 0 1 -10000000 15000000 2 1 1 1 5000000 -5000000 3 0 1 1 0 -30000000 4 0 1 1 5000000 30000000 4 1 1 1 10000000 -10000000 4 2 1 1 -20000000 30000000 4 3 0 1 -25000000 -25000000 4 4 1 0 25000000 20000000 4 5 3 1 -5000000 10000000 5 0 1 1 20000000 -5000000 9 7 8 12 9 2 0 5 6 13
FANOUT 4 14 1 0 1 1 20000000 20000000 1 1 0 0 -20000000 15000000 1 2 1 1 -5000000 30000000 1 3 3 0 -25000000 15000000 2 0 0 1 -10000000 15000000 2 1 1 1 5000000 -5000000 3 0 1 1 0 -30000000 4 0 1 1 5000000 30000000 4 1 1 1 10000000 -10000000 4 2 1 1 -20000000 30000000 4 3 0 1 -25000000 -25000000 4 4 1 0 25000000 20000000 4 5 3 1 -5000000 10000000 5 0 1 1 20000000 -5000000 9 7 8 9 12 0 2 5 6 13
FANOUT 0 22 1 0 3 1 -15000000 0 1 1 3 1 -20000000 -20000000 1 2 1 1 -10000000 25000000 2 0 1 1 -5000000 -25000000 2 1 0 1 30000000 15000000 2 2 1 1 15000000 -10000000 2 3 2 0 10000000 0 2 4 3 1 -25000000 -5000000 2 5 3 1 -20000000 10000000 3 0 1 1 25000000 10000000 3 1 1 0 -15000000 0 3 2 3 1 -10000000 30000000 3 3 0 1 30000000 -5000000 4 0 2 1 15000000 20000000 4 1 1 1 30000000 20000000 5 0 2 0 15000000 10000000 5 1 1 1 15000000 0 5 2 3 1 0 -20000000 5 3 0 0 -5000000 -10000000 5 4 3 1 -15000000 -5000000 5 5 3 1 -20000000 25000000 5 6 3 1 -25000000 20000000 16 17 16 20 21 19 5 8 3 7 2 1 0 9 11 13 14
FANOUT 1 22 1 0 3 1 -15000000 0 1 1 3 1 -20000000 -20000000 1 2 1 1 -10000000 25000000 2 0 1 1 -5000000 -25000000 2 1 0 1 30000000 15000000 2 2 1 1 15000000 -10000000 2 3 2 0 10000000 0 2 4 3 1 -25000000 -5000000 2 5 3 1 -20000000 10000000 3 0 1 1 25000000 10000000 3 1 1 0 -15000000 0 3 2 3 1 -10000000 30000000 3 3 0 1 30000000 -5000000 4 0 2 1 15000000 20000000 4 1 1 1 30000000 20000000 5 0 2 0 15000000 10000000 5 1 1 1 15000000 0 5 2 3 1 0 -20000000 5 3 0 0 -5000000 -10000000 5 4 3 1 -15000000 -5000000 5 5 3 1 -20000000 25000000 5 6 3 1 -25000000 20000000 16 19 21 20 16 17 7 3 8 5 0 1 2 9 11 13 14
FANOUT 2 22 1 0 3 1 -15000000 0 1 1 3 1 -20000000 -20000000 1 2 1 1 -10000000 25000000 2 0 1 1 -5000000 -25000000 2 1 0 1 30000000 15000000 2 2 1 1 15000000 -10000000 2 3 2 0 10000000 0 2 4 3 1 -25000000 -5000000 2 5 3 1 -20000000 10000000 3 0 1 1 25000000 10000000 3 1 1 0 -15000000 0 3 2 3 1 -10000000 30000000 3 3 0 1 30000000 -5000000 4 0 2 1 15000000 20000000 4 1 1 1 30000000 20000000 5 0 2 0 15000000 10000000 5 1 1 1 15000000 0 5 2 3 1 0 -20000000 5 3 0 0 -5000000 -10000000 5 4 3 1 -15000000 -5000000 5 5 3 1 -20000000 25000000 5 6 3 1 -25000000 20000000 16 19 20 21 16 17 5 7 8 3 0 1 2 9 11 13 14
FANOUT 3 22 1 0 3 1 -15000000 0 1 1 3 1 -20000000 -20000000 1 2 1 1 -10000000 25000000 2 0 1 1 -5000000 -25000000 2 1 0 1 30000000 15000000 2 2 1 1 15000000 -10000000 2 3 2 0 10000000 0 2 4 3 1 -25000000 -5000000 2 5 3 1 -20000000 10000000 3 0 1 1 25000000 10000000 3 1 1 0 -15000000 0 3 2 3 1 -10000000 30000000 3 3 0 1 30000000 -5000000 4 0 2 1 15000000 20000000 4 1 1 1 30000000 20000000 5 0 2 0 15000000 10000000 5 1 1 1 15000000 0 5 2 3 1 0 -20000000 5 3 0 0 -5000000 -10000000 5 4 3 1 -15000000 -5000000 5 5 3 1 -20000000 25000000 5 6 3 1 -25000000 20000000 16 19 20 21 16 17 8 7 3 5 1 2 0 9 11 13 14
FANOUT 4 22 1 0 3 1 -15000000 0 1 1 3 1 -20000000 -20000000 1 2 1 1 -10000000 25000000 2 0 1 1 -5000000 -25000000 2 1 0 1 30000000 15000000 2 2 1 1 15000000 -10000000 2 3 2 0 10000000 0 2 4 3 1 -25000000 -5000000 2 5 3 1 -20000000 10000000 3 0 1 1 25000000 10000000 3 1 1 0 -15000000 0 3 2 3 1 -10000000 30000000 3 3 0 1 30000000 -5000000 4 0 2 1 15000000 20000000 4 1 1 1 30000000 20000000 5 0 2 0 15000000 10000000 5 1 1 1 15000000 0 5 2 3 1 0 -20000000 5 3 0 0 -5000000 -10000000 5 4 3 1 -15000000 -5000000 5 5 3 1 -20000000 25000000 5 6 3 1 -25000000 20000000 16 16 17 19 20 21 3 5 7 8 0 1 2 9 11 13 14
FANOUT 0 19 1 0 2 1 0 -30000000 1 1 1 1 -20000000 -15000000 1 2 2 1 -15000000 15000000 2 0 1 1 5000000 -15000000 2 1 1 1 -30000000 -5000000 2 2 3 0 -10000000 10000000 2 3 0 1 -10000000 -15000000 2 4 0 1 0 15000000 2 5 0 0 30000000 -10000000 3 0 2 1 -30000000 -5000000 3 1 0 1 -10000000 15000000 4 0 2 1 30000000 0 4 1 2 1 15000000 20000000 4 2 3 1 -30000000 -15000000 4 3 2 1 -25000000 25000000 4 4 3 1 25000000 -5000000 4 5 0 0 15000000 20000000 4 6 3 0 15000000 0 4 7 2 1 -5000000 -30000000 12 14 13 18 11 12 15 2 0 1 3 4 9
FANOUT 1 19 1 0 2 1 0 -30000000 1 1 1 1 -20000000 -15000000 1 2 2 1 -15000000 15000000 2 0 1 1 5000000 -15000000 2 1 1 1 -30000000 -5000000 2 2 3 0 -10000000 10000000 2 3 0 1 -10000000 -15000000 2 4 0 1 0 15000000 2 5 0 0 30000000 -10000000 3 0 2 1 -30000000 -5000000 3 1 0 1 -10000000 15000000 4 0 2 1 30000000 0 4 1 2 1 15000000 20000000 4 2 3 1 -30000000 -15000000 4 3 2 1 -25000000 25000000 4 4 3 1 25000000 -5000000 4 5 0 0 15000000 20000000 4 6 3 0 15000000 0 4 7 2 1 -5000000 -30000000 12 15 12 11 18 13 14 1 0 2 3 4 9
FANOUT 2 19 1 0 2 1 0 -30000000 1 1 1 1 -20000000 -15000000 1 2 2 1 -15000000 15000000 2 0 1 1 5000000 -15000000 2 1 1 1 -30000000 -5000000 2 2 3 0 -10000000 10000000 2 3 0 1 -10000000 -15000000 2 4 0 1 0 15000000 2 5 0 0 30000000 -10000000 3 0 2 1 -30000000 -5000000 3 1 0 1 -10000000 15000000 4 0 2 1 30000000 0 4 1 2 1 15000000 20000000 4 2 3 1 -30000000 -15000000 4 3 2 1 -25000000 25000000 4 4 3 1 25000000 -5000000 4 5 0 0 15000000 20000000 4 6 3 0 15000000 0 4 7 2 1 -5000000 -30000000 12 18 15 14 11 12 13 0 1 2 4 3 9
FANOUT 3 19 1 0 2 1 0 -30000000 1 1 1 1 -20000000 -15000000 1 2 2 1 -15000000 15000000 2 0 1 1 5000000 -15000000 2 1 1 1 -30000000 -5000000 2 2 3 0 -10000000 10000000 2 3 0 1 -10000000 -15000000 2 4 0 1 0 15000000 2 5 0 0 30000000 -10000000 3 0 2 1 -30000000 -5000000 3 1 0 1 -10000000 15000000 4 0 2 1 30000000 0 4 1 2 1 15000000 20000000 4 2 3 1 -30000000 -15000000 4 3 2 1 -25000000 25000000 4 4 3 1 25000000 -5000000 4 5 0 0 15000000 20000000 4 6 3 0 15000000 0 4 7 2 1 -5000000 -30000000 12 13 18 11 14 15 12 1 0 2 4 3 9
FANOUT 4 19 1 0 2 1 0 -30000000 1 1 1 1 -20000000 -15000000 1 2 2 1 -15000000 15000000 2 0 1 1 5000000 -15000000 2 1 1 1 -30000000 -5000000 2 2 3 0 -10000000 10000000 2 3 0 1 -10000000 -15000000 2 4 0 1 0 15000000 2 5 0 0 30000000 -10000000 3 0 2 1 -30000000 -5000000 3 1 0 1 -10000000 15000000 4 0 2 1 30000000 0 4 1 2 1 15000000 20000000 4 2 3 1 -30000000 -15000000 4 3 2 1 -25000000 25000000 4 4 3 1 25000000 -5000000 4 5 0 0 15000000 20000000 4 6 3 0 15000000 0 4 7 2 1 -5000000 -30000000 12 11 12 13 14 15 18 0 1 2 3 4 9
FANOUT 0 17 1 0 3 1 -30000000 10000000 1 1 0 1 30000000 -15000000 1 2 1 1 -15000000 -25000000 1 3 1 1 5000000 20000000 1 4 0 1 15000000 -10000000 1 5 2 1 -15000000 -20000000 1 6 2 1 -25000000 30000000 1 7 2 0 -15000000 -20000000 2 0 2 1 -25000000 -5000000 2 1 3 1 -25000000 -30000000 3 0 0 1 15000000 -10000000 3 1 2 1 15000000 -15000000 4 0 2 0 5000000 15000000 4 1 1 1 10000000 -25000000 4 2 2 1 -20000000 20000000 4 3 0 1 -25000000 -30000000 4 4 1 0 10000000 -20000000 10 6 2 3 5 0 8 9 13 14 11
FANOUT 1 17 1 0 3 1 -30000000 10000000 1 1 0 1 30000000 -15000000 1 2 1 1 -15000000 -25000000 1 3 1 1 5000000 20000000 1 4 0 1 15000000 -10000000 1 5 2 1 -15000000 -20000000 1 6 2 1 -25000000 30000000 1 7 2 0 -15000000 -20000000 2 0 2 1 -25000000 -5000000 2 1 3 1 -25000000 -30000000 3 0 0 1 15000000 -10000000 3 1 2 1 15000000 -15000000 4 0 2 0 5000000 15000000 4 1 1 1 10000000 -25000000 4 2 2 1 -20000000 20000000 4 3 0 1 -25000000 -30000000 4 4 1 0 10000000 -20000000 10 0 5 3 2 6 8 9 13 14 11
FANOUT 2 17 1 0 3 1 -30000000 10000000 1 1 0 1 30000000 -15000000 1 2 1 1 -15000000 -25000000 1 3 1 1 5000000 20000000 1 4 0 1 15000000 -10000000 1 5 2 1 -15000000 -20000000 1 6 2 1 -25000000 30000000 1 7 2 0 -15000000 -20000000 2 0 2 1 -25000000 -5000000 2 1 3 1 -25000000 -30000000 3 0 0 1 15000000 -10000000 3 1 2 1 15000000 -15000000 4 0 2 0 5000000 15000000 4 1 1 1 10000000 -25000000 4 2 2 1 -20000000 20000000 4 3 0 1 -25000000 -30000000 4 4 1 0 10000000 -20000000 10 5 6 2 0 3 8 9 13 14 11
FANOUT 3 17 1 0 3 1 -30000000 10000000 1 1 0 1 30000000 -15000000 1 2 1 1 -15000000 -25000000 1 3 1 1 5000000 20000000 1 4 0 1 15000000 -10000000 1 5 2 1 -15000000 -20000000 1 6 2 1 -25000000 30000000 1 7 2 0 -15000000 -20000000 2 0 2 1 -25000000 -5000000 2 1 3 1 -25000000 -30000000 3 0 0 1 15000000 -10000000 3 1 2 1 15000000 -15000000 4 0 2 0 5000000 15000000 4 1 1 1 10000000 -25000000 4 2 2 1 -20000000 20000000 4 3 0 1 -25000000 -30000000 4 4 1 0 10000000 -20000000 10 5 0 2 6 3 8 9 14 13 11
FANOUT 4 17 1 0 3 1 -30000000 10000000 1 1 0 1 30000000 -15000000 1 2 1 1 -15000000 -25000000 1 3 1 1 5000000 20000000 1 4 0 1 15000000 -10000000 1 5 2 1 -15000000 -20000000 1 6 2 1 -25000000 30000000 1 7 2 0 -15000000 -20000000 2 0 2 1 -25000000 -5000000 2 1 3 1 -25000000 -30000000 3 0 0 1 15000000 -10000000 3 1 2 1 15000000 -15000000 4 0 2 0 5000000 15000000 4 1 1 1 10000000 -25000000 4 2 2 1 -20000000 20000000 4 3 0 1 -25000000 -30000000 4 4 1 0 10000000 -20000000 10 0 2 3 5 6 8 9 13 14 11
FANOUT 0 15 1 0 1 1 -10000000 5000000 1 1 1 1 -10000000 -10000000 2 0 3 1 -10000000 10000000 2 1 2 0 15000000 20000000 3 0 2 1 -15000000 10000000 3 1 1 1 0 -5000000 3 2 0 1 10000000 -25000000 4 0 0 1 5000000 15000000 4 1 0 1 25000000 15000000 4 2 0 0 15000000 15000000 4 3 3 1 -15000000 5000000 4 4 2 1 -20000000 5000000 5 0 1 0 10000000 15000000 5 1 3 0 15000000 -10000000 5 2 2 1 0 15000000 8 0 1 4 5 10 11 2 14
FANOUT 1 15 1 0 1 1 -10000000 5000000 1 1 1 1 -10000000 -10000000 2 0 3 1 -10000000 10000000 2 1 2 0 15000000 20000000 3 0 2 1 -15000000 10000000 3 1 1 1 0 -5000000 3 2 0 1 10000000 -25000000 4 0 0 1 5000000 15000000 4 1 0 1 25000000 15000000 4 2 0 0 15000000 15000000 4 3 3 1 -15000000 5000000 4 4 2 1 -20000000 5000000 5 0 1 0 10000000 15000000 5 1 3 0 15000000 -10000000 5 2 2 1 0 15000000 8 0 1 4 5 10 11 2 14
FANOUT 2 15 1 0 1 1 -10000000 5000000 1 1 1 1 -10000000 -10000000 2 0 3 1 -10000000 10000000 2 1 2 0 15000000 20000000 3 0 2 1 -15000000 10000000 3 1 1 1 0 -5000000 3 2 0 1 10000000 -25000000 4 0 0 1 5000000 15000000 4 1 0 1 25000000 15000000 4 2 0 0 15000000 15000000 4 3 3 1 -15000000 5000000 4 4 2 1 -20000000 5000000 5 0 1 0 10000000 15000000 5 1 3 0 15000000 -10000000 5 2 2 1 0 15000000 8 1 0 4 5 10 11 2 14
FANOUT 3 15 1 0 1 1 -10000000 5000000 1 1 1 1 -10000000 -10000000 2 0 3 1 -10000000 10000000 2 1 2 0 15000000 20000000 3 0 2 1 -15000000 10000000 3 1 1 1 0 -5000000 3 2 0 1 10000000 -25000000 4 0 0 1 5000000 15000000 4 1 0 1 25000000 15000000 4 2 0 0 15000000 15000000 4 3 3 1 -15000000 5000000 4 4 2 1 -20000000 5000000 5 0 1 0 10000000 15000000 5 1 3 0 15000000 -10000000 5 2 2 1 0 15000000 8 0 1 4 5 10 11 2 14
FANOUT 4 15 1 0 1 1 -10000000 5000000 1 1 1 1 -10000000 -10000000 2 0 3 1 -10000000 10000000 2 1 2 0 15000000 20000000 3 0 2 1 -15000000 10000000 3 1 1 1 0 -5000000 3 2 0 1 10000000 -25000000 4 0 0 1 5000000 15000000 4 1 0 1 25000000 15000000 4 2 0 0 15000000 15000000 4 3 3 1 -15000000 5000000 4 4 2 1 -20000000 5000000 5 0 1 0 10000000 15000000 5 1 3 0 15000000 -10000000 5 2 2 1 0 15000000 8 0 1 4 5 10 11 2 14
FANOUT 0 31 1 0 2 1 5000000 -15000000 1 1 0 1 -25000000 -25000000 1 2 1 1 25000000 20000000 1 3 0 1 20000000 -15000000 1 4 0 0 -25000000 -5000000 1 5 3 1 -25000000 -30000000 1 6 3 1 0 15000000 1 7 3 1 10000000 -25000000 1 8 0 1 20000000 10000000 2 0 0 1 10000000 25000000 2 1 1 1 5000000 -15000000 2 2 3 1 -25000000 -10000000 2 3 1 1 30000000 15000000 2 4 2 1 -15000000 5000000 2 5 3 1 -10000000 20000000 2 6 2 1 -30000000 20000000 2 7 3 1 -10000000 -5000000 3 0 3 1 -15000000 -10000000 3 1 0 1 5000000 -5000000 3 2 1 1 -25000000 -20000000 3 3 2 1 20000000 -15000000 3 4 3 1 10000000 15000000 4 0 0 1 -15000000 -10000000 4 1 0 1 -30000000 -15000000 4 2 3 1 -10000000 -20000000 4 3 1 0 -20000000 -30000000 4 4 0 1 20000000 10000000 4 5 2 0 25000000 -15000000 4 6 2 0 -5000000 -5000000 5 0 0 0 -20000000 -25000000 5 1 3 1 -10000000 30000000 18 12 15 10 11 14 16 13 5 2 6 7 0 19 21 20 17 24 30
FANOUT 1 31 1 0 2 1 5000000 -15000000 1 1 0 1 -25000000 -25000000 1 2 1 1 25000000 20000000 1 3 0 1 20000000 -15000000 1 4 0 0 -25000000 -5000000 1 5 3 1 -25000000 -30000000 1 6 3 1 0 15000000 1 7 3 1 10000000 -25000000 1 8 0 1 20000000 10000000 2 0 0 1 10000000 25000000 2 1 1 1 5000000 -15000000 2 2 3 1 -25000000 -10000000 2 3 1 1 30000000 15000000 2 4 2 1 -15000000 5000000 2 5 3 1 -10000000 20000000 2 6 2 1 -30000000 20000000 2 7 3 1 -10000000 -5000000 3 0 3 1 -15000000 -10000000 3 1 0 1 5000000 -5000000 3 2 1 1 -25000000 -20000000 3 3 2 1 20000000 -15000000 3 4 3 1 10000000 15000000 4 0 0 1 -15000000 -10000000 4 1 0 1 -30000000 -15000000 4 2 3 1 -10000000 -20000000 4 3 1 0 -20000000 -30000000 4 4 0 1 20000000 10000000 4 5 2 0 25000000 -15000000 4 6 2 0 -5000000 -5000000 5 0 0 0 -20000000 -25000000 5 1 3 1 -10000000 30000000 18 13 16 14 11 10 15 12 0 7 6 2 5 17 20 19 21 24 30
FANOUT 2 31 1 0 2 1 5000000 -15000000 1 1 0 1 -25000000 -25000000 1 2 1 1 25000000 20000000 1 3 0 1 20000000 -15000000 1 4 0 0 -25000000 -5000000 1 5 3 1 -25000000 -30000000 1 6 3 1 0 15000000 1 7 3 1 10000000 -25000000 1 8 0 1 20000000 10000000 2 0 0 1 10000000 25000000 2 1 1 1 5000000 -15000000 2 2 3 1 -25000000 -10000000 2 3 1 1 30000000 15000000 2 4 2 1 -15000000 5000000 2 5 3 1 -10000000 20000000 2 6 2 1 -30000000 20000000 2 7 3 1 -10000000 -5000000 3 0 3 1 -15000000 -10000000 3 1 0 1 5000000 -5000000 3 2 1 1 -25000000 -20000000 3 3 2 1 20000000 -15000000 3 4 3 1 10000000 15000000 4 0 0 1 -15000000 -10000000 4 1 0 1 -30000000 -15000000 4 2 3 1 -10000000 -20000000 4 3 1 0 -20000000 -30000000 4 4 0 1 20000000 10000000 4 5 2 0 25000000 -15000000 4 6 2 0 -5000000 -5000000 5 0 0 0 -20000000 -25000000 5 1 3 1 -10000000 30000000 18 12 16 11 14 13 15 10 2 6 0 5 7 20 17 21 19 24 30
FANOUT 3 31 1 0 2 1 5000000 -15000000 1 1 0 1 -25000000 -25000000 1 2 1 1 25000000 20000000 1 3 0 1 20000000 -15000000 1 4 0 0 -25000000 -5000000 1 5 3 1 -25000000 -30000000 1 6 3 1 0 15000000 1 7 3 1 10000000 -25000000 1 8 0 1 20000000 10000000 2 0 0 1 10000000 25000000 2 1 1 1 5000000 -15000000 2 2 3 1 -25000000 -10000000 2 3 1 1 30000000 15000000 2 4 2 1 -15000000 5000000 2 5 3 1 -10000000 20000000 2 6 2 1 -30000000 20000000 2 7 3 1 -10000000 -5000000 3 0 3 1 -15000000 -10000000 3 1 0 1 5000000 -5000000 3 2 1 1 -25000000 -20000000 3 3 2 1 20000000 -15000000 3 4 3 1 10000000 15000000 4 0 0 1 -15000000 -10000000 4 1 0 1 -30000000 -15000000 4 2 3 1 -10000000 -20000000 4 3 1 0 -20000000 -30000000 4 4 0 1 20000000 10000000 4 5 2 0 25000000 -15000000 4 6 2 0 -5000000 -5000000 5 0 0 0 -20000000 -25000000 5 1 3 1 -10000000 30000000 18 11 16 10 13 14 12 15 0 6 5 7 2 17 19 20 21 24 30
FANOUT 4 31 1 0 2 1 5000000 -15000000 1 1 0 1 -25000000 -25000000 1 2 1 1 25000000 20000000 1 3 0 1 20000000 -15000000 1 4 0 0 -25000000 -5000000 1 5 3 1 -25000000 -30000000 1 6 3 1 0 15000000 1 7 3 1 10000000 -25000000 1 8 0 1 20000000 10000000 2 0 0 1 10000000 25000000 2 1 1 1 5000000 -15000000 2 2 3 1 -25000000 -10000000 2 3 1 1 30000000 15000000 2 4 2 1 -15000000 5000000 2 5 3 1 -10000000 20000000 2 6 2 1 -30000000 20000000 2 7 3 1 -10000000 -5000000 3 0 3 1 -15000000 -10000000 3 1 0 1 5000000 -5000000 3 2 1 1 -25000000 -20000000 3 3 2 1 20000000 -15000000 3 4 3 1 10000000 15000000 4 0 0 1 -15000000 -10000000 4 1 0 1 -30000000 -15000000 4 2 3 1 -10000000 -20000000 4 3 1 0 -20000000 -30000000 4 4 0 1 20000000 10000000 4 5 2 0 25000000 -15000000 4 6 2 0 -5000000 -5000000 5 0 0 0 -20000000 -25000000 5 1 3 1 -10000000 30000000 18 10 11 12 13 14 15 16 0 2 5 6 7 17 19 20 21 24 30
FANOUT 0 17 1 0 2 0 -5000000 -30000000 1 1 1 1 5000000 -25000000 1 2 3 1 -25000000 20000000 1 3 1 1 -20000000 25000000 1 4 3 1 -15000000 -30000000 1 5 0 1 30000000 15000000 1 6 2 0 20000000 25000000 1 7 3 1 -20000000 0 1 8 2 0 5000000 10000000 2 0 1 1 0 20000000 2 1 3 1 0 0 2 2 2 1 5000000 -25000000 2 3 2 1 20000000 -25000000 2 4 2 1 -30000000 30000000 3 0 1 0 0 -5000000 3 1 1 1 -10000000 0 3 2 3 1 20000000 0 12 1 4 3 2 7 13 12 11 9 10 15 16
FANOUT 1 17 1 0 2 0 -5000000 -30000000 1 1 1 1 5000000 -25000000 1 2 3 1 -25000000 20000000 1 3 1 1 -20000000 25000000 1 4 3 1 -15000000 -30000000 1 5 0 1 30000000 15000000 1 6 2 0 20000000 25000000 1 7 3 1 -20000000 0 1 8 2 0 5000000 10000000 2 0 1 1 0 20000000 2 1 3 1 0 0 2 2 2 1 5000000 -25000000 2 3 2 1 20000000 -25000000 2 4 2 1 -30000000 30000000 3 0 1 0 0 -5000000 3 1 1 1 -10000000 0 3 2 3 1 20000000 0 12 7 2 3 4 1 10 9 11 12 13 15 16
FANOUT 2 17 1 0 2 0 -5000000 -30000000 1 1 1 1 5000000 -25000000 1 2 3 1 -25000000 20000000 1 3 1 1 -20000000 25000000 1 4 3 1 -15000000 -30000000 1 5 0 1 30000000 15000000 1 6 2 0 20000000 25000000 1 7 3 1 -20000000 0 1 8 2 0 5000000 10000000 2 0 1 1 0 20000000 2 1 3 1 0 0 2 2 2 1 5000000 -25000000 2 3 2 1 20000000 -25000000 2 4 2 1 -30000000 30000000 3 0 1 0 0 -5000000 3 1 1 1 -10000000 0 3 2 3 1 20000000 0 12 7 1 2 3 4 11 12 10 9 13 15 16
FANOUT 3 17 1 0 2 0 -5000000 -30000000 1 1 1 1 5000000 -25000000 1 2 3 1 -25000000 20000000 1 3 1 1 -20000000 25000000 1 4 3 1 -15000000 -30000000 1 5 0 1 30000000 15000000 1 6 2 0 20000000 25000000 1 7 3 1 -20000000 0 1 8 2 0 5000000 10000000 2 0 1 1 0 20000000 2 1 3 1 0 0 2 2 2 1 5000000 -25000000 2 3 2 1 20000000 -25000000 2 4 2 1 -30000000 30000000 3 0 1 0 0 -5000000 3 1 1 1 -10000000 0 3 2 3 1 20000000 0 12 1 2 3 7 4 10 11 12 13 9 15 16
FANOUT 4 17 1 0 2 0 -5000000 -30000000 1 1 1 1 5000000 -25000000 1 2 3 1 -25000000 20000000 1 3 1 1 -20000000 25000000 1 4 3 1 -15000000 -30000000 1 5 0 1 30000000 15000000 1 6 2 0 20000000 25000000 1 7 3 1 -20000000 0 1 8 2 0 5000000 10000000 2 0 1 1 0 20000000 2 1 3 1 0 0 2 2 2 1 5000000 -25000000 2 3 2 1 20000000 -25000000 2 4 2 1 -30000000 30000000 3 0 1 0 0 -5000000 3 1 1 1 -10000000 0 3 2 3 1 20000000 0 12 1 2 3 4 7 9 10 11 12 13 15 16
FANOUT 0 40 1 0 0 1 0 0 1 1 3 1 -25000000 -5000000 1 2 2 1 -10000000 25000000 1 3 1 0 30000000 -10000000 1 4 0 0 -15000000 5000000 1 5 0 1 -10000000 5000000 1 6 3 1 10000000 0 2 0 1 1 25000000 -15000000 2 1 3 1 20000000 -15000000 3 0 0 1 -20000000 -5000000 3 1 1 0 0 -15000000 3 2 1 1 -10000000 25000000 3 3 1 1 15000000 5000000 3 4 3 1 -15000000 -15000000 3 5 1 1 -30000000 -20000000 4 0 1 1 25000000 30000000 4 1 0 1 20000000 10000000 4 2 3 1 5000000 -5000000 4 3 3 1 -15000000 25000000 4 4 1 1 -5000000 0 4 5 3 0 -20000000 -20000000 4 6 3 1 20000000 10000000 5 0 0 1 -25000000 -5000000 5 1 2 1 -20000000 10000000 5 2 3 1 10000000 -15000000 5 3 2 1 -10000000 -10000000 5 4 2 1 -25000000 20000000 5 5 3 0 -10000000 0 5 6 0 1 5000000 -20000000 5 7 0 1 15000000 -15000000 6 0 0 1 25000000 25000000 6 1 0 1 -30000000 15000000 7 0 3 1 -25000000 -15000000 7 1 0 1 0 0 7 2 1 1 25000000 20000000 7 3 2 0 0 20000000 7 4 1 1 -30000000 30000000 7 5 1 0 0 0 7 6 2 1 30000000 -15000000 7 7 1 1 -30000000 15000000 23 15 18 17 19 21 38 34 36 32 39 14 11 12 13 24 26 23 25 1 6 2 7 8
FANOUT 1 40 1 0 0 1 0 0 1 1 3 1 -25000000 -5000000 1 2 2 1 -10000000 25000000 1 3 1 0 30000000 -10000000 1 4 0 0 -15000000 5000000 1 5 0 1 -10000000 5000000 1 6 3 1 10000000 0 2 0 1 1 25000000 -15000000 2 1 3 1 20000000 -15000000 3 0 0 1 -20000000 -5000000 3 1 1 0 0 -15000000 3 2 1 1 -10000000 25000000 3 3 1 1 15000000 5000000 3 4 3 1 -15000000 -15000000 3 5 1 1 -30000000 -20000000 4 0 1 1 25000000 30000000 4 1 0 1 20000000 10000000 4 2 3 1 5000000 -5000000 4 3 3 1 -15000000 25000000 4 4 1 1 -5000000 0 4 5 3 0 -20000000 -20000000 4 6 3 1 20000000 10000000 5 0 0 1 -25000000 -5000000 5 1 2 1 -20000000 10000000 5 2 3 1 10000000 -15000000 5 3 2 1 -10000000 -10000000 5 4 2 1 -25000000 20000000 5 5 3 0 -10000000 0 5 6 0 1 5000000 -20000000 5 7 0 1 15000000 -15000000 6 0 0 1 25000000 25000000 6 1 0 1 -30000000 15000000 7 0 3 1 -25000000 -15000000 7 1 0 1 0 0 7 2 1 1 25000000 20000000 7 3 2 0 0 20000000 7 4 1 1 -30000000 30000000 7 5 1 0 0 0 7 6 2 1 30000000 -15000000 7 7 1 1 -30000000 15000000 23 21 19 17 18 15 39 32 36 34 38 13 12 11 14 25 23 26 24 2 6 1 7 8
FANOUT 2 40 1 0 0 1 0 0 1 1 3 1 -25000000 -5000000 1 2 2 1 -10000000 25000000 1 3 1 0 30000000 -10000000 1 4 0 0 -15000000 5000000 1 5 0 1 -10000000 5000000 1 6 3 1 10000000 0 2 0 1 1 25000000 -15000000 2 1 3 1 20000000 -15000000 3 0 0 1 -20000000 -5000000 3 1 1 0 0 -15000000 3 2 1 1 -10000000 25000000 3 3 1 1 15000000 5000000 3 4 3 1 -15000000 -15000000 3 5 1 1 -30000000 -20000000 4 0 1 1 25000000 30000000 4 1 0 1 20000000 10000000 4 2 3 1 5000000 -5000000 4 3 3 1 -15000000 25000000 4 4 1 1 -5000000 0 4 5 3 0 -20000000 -20000000 4 6 3 1 20000000 10000000 5 0 0 1 -25000000 -5000000 5 1 2 1 -20000000 10000000 5 2 3 1 10000000 -15000000 5 3 2 1 -10000000 -10000000 5 4 2 1 -25000000 20000000 5 5 3 0 -10000000 0 5 6 0 1 5000000 -20000000 5 7 0 1 15000000 -15000000 6 0 0 1 25000000 25000000 6 1 0 1 -30000000 15000000 7 0 3 1 -25000000 -15000000 7 1 0 1 0 0 7 2 1 1 25000000 20000000 7 3 2 0 0 20000000 7 4 1 1 -30000000 30000000 7 5 1 0 0 0 7 6 2 1 30000000 -15000000 7 7 1 1 -30000000 15000000 23 19 17 15 21 18 32 34 36 39 38 13 12 11 14 24 23 26 25 6 1 2 7 8
FANOUT 3 40 1 0 0 1 0 0 1 1 3 1 -25000000 -5000000 1 2 2 1 -10000000 25000000 1 3 1 0 30000000 -10000000 1 4 0 0 -15000000 5000000 1 5 0 1 -10000000 5000000 1 6 3 1 10000000 0 2 0 1 1 25000000 -15000000 2 1 3 1 20000000 -15000000 3 0 0 1 -20000000 -5000000 3 1 1 0 0 -15000000 3 2 1 1 -10000000 25000000 3 3 1 1 15000000 5000000 3 4 3 1 -15000000 -15000000 3 5 1 1 -30000000 -20000000 4 0 1 1 25000000 30000000 4 1 0 1 20000000 10000000 4 2 3 1 5000000 -5000000 4 3 3 1 -15000000 25000000 4 4 1 1 -5000000 0 4 5 3 0 -20000000 -20000000 4 6 3 1 20000000 10000000 5 0 0 1 -25000000 -5000000 5 1 2 1 -20000000 10000000 5 2 3 1 10000000 -15000000 5 3 2 1 -10000000 -10000000 5 4 2 1 -25000000 20000000 5 5 3 0 -10000000 0 5 6 0 1 5000000 -20000000 5 7 0 1 15000000 -15000000 6 0 0 1 25000000 25000000 6 1 0 1 -30000000 15000000 7 0 3 1 -25000000 -15000000 7 1 0 1 0 0 7 2 1 1 25000000 20000000 7 3 2 0 0 20000000 7 4 1 1 -30000000 30000000 7 5 1 0 0 0 7 6 2 1 30000000 -15000000 7 7 1 1 -30000000 15000000 23 17 18 19 21 15 32 39 34 36 38 13 11 12 14 23 26 24 25 6 1 2 8 7
FANOUT 4 40 1 0 0 1 0 0 1 1 3 1 -25000000 -5000000 1 2 2 1 -10000000 25000000 1 3 1 0 30000000 -10000000 1 4 0 0 -15000000 5000000 1 5 0 1 -10000000 5000000 1 6 3 1 10000000 0 2 0 1 1 25000000 -15000000 2 1 3 1 20000000 -15000000 3 0 0 1 -20000000 -5000000 3 1 1 0 0 -15000000 3 2 1 1 -10000000 25000000 3 3 1 1 15000000 5000000 3 4 3 1 -15000000 -15000000 3 5 1 1 -30000000 -20000000 4 0 1 1 25000000 30000000 4 1 0 1 20000000 10000000 4 2 3 1 5000000 -5000000 4 3 3 1 -15000000 25000000 4 4 1 1 -5000000 0 4 5 3 0 -20000000 -20000000 4 6 3 1 20000000 10000000 5 0 0 1 -25000000 -5000000 5 1 2 1 -20000000 10000000 5 2 3 1 10000000 -15000000 5 3 2 1 -10000000 -10000000 5 4 2 1 -25000000 20000000 5 5 3 0 -10000000 0 5 6 0 1 5000000 -20000000 5 7 0 1 15000000 -15000000 6 0 0 1 25000000 25000000 6 1 0 1 -30000000 15000000 7 0 3 1 -25000000 -15000000 7 1 0 1 0 0 7 2 1 1 25000000 20000000 7 3 2 0 0 20000000 7 4 1 1 -30000000 30000000 7 5 1 0 0 0 7 6 2 1 30000000 -15000000 7 7 1 1 -30000000 15000000 23 15 17 18 19 21 32 34 36 38 39 11 12 13 14 23 24 25 26 1 2 6 7 8
FANOUT 0 10 1 0 2 1 20000000 25000000 1 1 1 1 5000000 -15000000 1 2 0 0 -25000000 -10000000 1 3 3 1 -20000000 10000000 1 4 3 0 0 -10000000 2 0 0 0 30000000 -25000000 2 1 3 1 20000000 5000000 2 2 2 0 10000000 -10000000 2 3 1 1 -20000000 15000000 2 4 3 1 -30000000 10000000 6 0 1 3 6 9 8
FANOUT 1 10 1 0 2 1 20000000 25000000 1 1 1 1 5000000 -15000000 1 2 0 0 -25000000 -10000000 1 3 3 1 -20000000 10000000 1 4 3 0 0 -10000000 2 0 0 0 30000000 -25000000 2 1 3 1 20000000 5000000 2 2 2 0 10000000 -10000000 2 3 1 1 -20000000 15000000 2 4 3 1 -30000000 10000000 6 1 3 0 8 9 6
FANOUT 2 10 1 0 2 1 20000000 25000000 1 1 1 1 5000000 -15000000 1 2 0 0 -25000000 -10000000 1 3 3 1 -20000000 10000000 1 4 3 0 0 -10000000 2 0 0 0 30000000 -25000000 2 1 3 1 20000000 5000000 2 2 2 0 10000000 -10000000 2 3 1 1 -20000000 15000000 2 4 3 1 -30000000 10000000 6 3 0 1 9 6 8
FANOUT 3 10 1 0 2 1 20000000 25000000 1 1 1 1 5000000 -15000000 1 2 0 0 -25000000 -10000000 1 3 3 1 -20000000 10000000 1 4 3 0 0 -10000000 2 0 0 0 30000000 -25000000 2 1 3 1 20000000 5000000 2 2 2 0 10000000 -10000000 2 3 1 1 -20000000 15000000 2 4 3 1 -30000000 10000000 6 3 0 1 8 9 6
FANOUT 4 10 1 0 2 1 20000000 25000000 1 1 1 1 5000000 -15000000 1 2 0 0 -25000000 -10000000 1 3 3 1 -20000000 10000000 1 4 3 0 0 -10000000 2 0 0 0 30000000 -25000000 2 1 3 1 20000000 5000000 2 2 2 0 10000000 -10000000 2 3 1 1 -20000000 15000000 2 4 3 1 -30000000 10000000 6 0 1 3 6 8 9
FANOUT 0 1 1 0 3 1 -15000000 30000000 1 0
FANOUT 1 1 1 0 3 1 -15000000 30000000 1 0
FANOUT 2 1 1 0 3 1 -15000000 30000000 1 0
FANOUT 3 1 1 0 3 1 -15000000 30000000 1 0
FANOUT 4 1 1 0 3 1 -15000000 30000000 1 0
FANOUT 0 9 1 0 1 1 -5000000 -30000000 1 1 1 1 5000000 20000000 1 2 1 1 -25000000 -10000000 1 3 2 1 5000000 10000000 1 4 0 1 -10000000 -5000000 1 5 3 0 20000000 5000000 1 6 0 1 15000000 25000000 1 7 2 1 15000000 5000000 1 8 2 0 -20000000 -15000000 5 0 2 1 7 3
FANOUT 1 9 1 0 1 1 -5000000 -30000000 1 1 1 1 5000000 20000000 1 2 1 1 -25000000 -10000000 1 3 2 1 5000000 10000000 1 4 0 1 -10000000 -5000000 1 5 3 0 20000000 5000000 1 6 0 1 15000000 25000000 1 7 2 1 15000000 5000000 1 8 2 0 -20000000 -15000000 5 3 7 1 2 0
FANOUT 2 9 1 0 1 1 -5000000 -30000000 1 1 1 1 5000000 20000000 1 2 1 1 -25000000 -10000000 1 3 2 1 5000000 10000000 1 4 0 1 -10000000 -5000000 1 5 3 0 20000000 5000000 1 6 0 1 15000000 25000000 1 7 2 1 15000000 5000000 1 8 2 0 -20000000 -15000000 5 3 7 0 2 1
FANOUT 3 9 1 0 1 1 -5000000 -30000000 1 1 1 1 5000000 20000000 1 2 1 1 -25000000 -10000000 1 3 2 1 5000000 10000000 1 4 0 1 -10000000 -5000000 1 5 3 0 20000000 5000000 1 6 0 1 15000000 25000000 1 7 2 1 15000000 5000000 1 8 2 0 -20000000 -15000000 5 1 3 7 0 2
FANOUT 4 9 1 0 1 1 -5000000 -30000000 1 1 1 1 5000000 20000000 1 2 1 1 -25000000 -10000000 1 3 2 1 5000000 10000000 1 4 0 1 -10000000 -5000000 1 5 3 0 20000000 5000000 1 6 0 1 15000000 25000000 1 7 2 1 15000000 5000000 1 8 2 0 -20000000 -15000000 5 0 1 2 3 7
FANOUT 0 29 1 0 3 0 30000000 15000000 1 1 2 1 -20000000 5000000 1 2 0 1 10000000 -10000000 1 3 2 1 -20000000 -5000000 1 4 1 1 -20000000 10000000 1 5 0 0 20000000 30000000 2 0 1 1 10000000 30000000 3 0 1 1 0 -30000000 3 1 0 1 20000000 -15000000 3 2 0 1 -10000000 10000000 3 3 1 1 30000000 -20000000 3 4 2 1 -5000000 25000000 3 5 0 1 -10000000 25000000 3 6 1 1 -10000000 5000000 3 7 0 1 -25000000 -10000000 4 0 3 1 30000000 -20000000 5 0 3 1 -10000000 -5000000 5 1 1 1 -5000000 -30000000 5 2 1 1 -20000000 15000000 5 3 0 1 -25000000 30000000 5 4 3 1 -20000000 -20000000 5 5 3 0 30000000 -30000000 5 6 3 1 -10000000 -30000000 5 7 0 1 -10000000 5000000 5 8 2 1 10000000 25000000 6 0 0 1 0 -5000000 6 1 2 1 -25000000 10000000 6 2 1 0 -5000000 20000000 6 3 3 1 25000000 -20000000 17 24 18 17 22 20 16 11 10 7 13 3 4 1 26 28 6 15
FANOUT 1 29 1 0 3 0 30000000 15000000 1 1 2 1 -20000000 5000000 1 2 0 1 10000000 -10000000 1 3 2 1 -20000000 -5000000 1 4 1 1 -20000000 10000000 1 5 0 0 20000000 30000000 2 0 1 1 10000000 30000000 3 0 1 1 0 -30000000 3 1 0 1 20000000 -15000000 3 2 0 1 -10000000 10000000 3 3 1 1 30000000 -20000000 3 4 2 1 -5000000 25000000 3 5 0 1 -10000000 25000000 3 6 1 1 -10000000 5000000 3 7 0 1 -25000000 -10000000 4 0 3 1 30000000 -20000000 5 0 3 1 -10000000 -5000000 5 1 1 1 -5000000 -30000000 5 2 1 1 -20000000 15000000 5 3 0 1 -25000000 30000000 5 4 3 1 -20000000 -20000000 5 5 3 0 30000000 -30000000 5 6 3 1 -10000000 -30000000 5 7 0 1 -10000000 5000000 5 8 2 1 10000000 25000000 6 0 0 1 0 -5000000 6 1 2 1 -25000000 10000000 6 2 1 0 -5000000 20000000 6 3 3 1 25000000 -20000000 17 16 20 22 17 18 24 13 7 10 11 1 4 3 26 28 6 15
FANOUT 2 29 1 0 3 0 30000000 15000000 1 1 2 1 -20000000 5000000 1 2 0 1 10000000 -10000000 1 3 2 1 -20000000 -5000000 1 4 1 1 -20000000 10000000 1 5 0 0 20000000 30000000 2 0 1 1 10000000 30000000 3 0 1 1 0 -30000000 3 1 0 1 20000000 -15000000 3 2 0 1 -10000000 10000000 3 3 1 1 30000000 -20000000 3 4 2 1 -5000000 25000000 3 5 0 1 -10000000 25000000 3 6 1 1 -10000000 5000000 3 7 0 1 -25000000 -10000000 4 0 3 1 30000000 -20000000 5 0 3 1 -10000000 -5000000 5 1 1 1 -5000000 -30000000 5 2 1 1 -20000000 15000000 5 3 0 1 -25000000 30000000 5 4 3 1 -20000000 -20000000 5 5 3 0 30000000 -30000000 5 6 3 1 -10000000 -30000000 5 7 0 1 -10000000 5000000 5 8 2 1 10000000 25000000 6 0 0 1 0 -5000000 6 1 2 1 -25000000 10000000 6 2 1 0 -5000000 20000000 6 3 3 1 25000000 -20000000 17 17 18 20 22 24 16 7 13 11 10 4 1 3 28 26 6 15
FANOUT 3 29 1 0 3 0 30000000 15000000 1 1 2 1 -20000000 5000000 1 2 0 1 10000000 -10000000 1 3 2 1 -20000000 -5000000 1 4 1 1 -20000000 10000000 1 5 0 0 20000000 30000000 2 0 1 1 10000000 30000000 3 0 1 1 0 -30000000 3 1 0 1 20000000 -15000000 3 2 0 1 -10000000 10000000 3 3 1 1 30000000 -20000000 3 4 2 1 -5000000 25000000 3 5 0 1 -10000000 25000000 3 6 1 1 -10000000 5000000 3 7 0 1 -25000000 -10000000 4 0 3 1 30000000 -20000000 5 0 3 1 -10000000 -5000000 5 1 1 1 -5000000 -30000000 5 2 1 1 -20000000 15000000 5 3 0 1 -25000000 30000000 5 4 3 1 -20000000 -20000000 5 5 3 0 30000000 -30000000 5 6 3 1 -10000000 -30000000 5 7 0 1 -10000000 5000000 5 8 2 1 10000000 25000000 6 0 0 1 0 -5000000 6 1 2 1 -25000000 10000000 6 2 1 0 -5000000 20000000 6 3 3 1 25000000 -20000000 17 18 16 20 17 22 24 13 11 7 10 3 1 4 26 28 6 15
FANOUT 4 29 1 0 3 0 30000000 15000000 1 1 2 1 -20000000 5000000 1 2 0 1 10000000 -10000000 1 3 2 1 -20000000 -5000000 1 4 1 1 -20000000 10000000 1 5 0 0 20000000 30000000 2 0 1 1 10000000 30000000 3 0 1 1 0 -30000000 3 1 0 1 20000000 -15000000 3 2 0 1 -10000000 10000000 3 3 1 1 30000000 -20000000 3 4 2 1 -5000000 25000000 3 5 0 1 -10000000 25000000 3 6 1 1 -10000000 5000000 3 7 0 1 -25000000 -10000000 4 0 3 1 30000000 -20000000 5 0 3 1 -10000000 -5000000 5 1 1 1 -5000000 -30000000 5 2 1 1 -20000000 15000000 5 3 0 1 -25000000 30000000 5 4 3 1 -20000000 -20000000 5 5 3 0 30000000 -30000000 5 6 3 1 -10000000 -30000000 5 7 0 1 -10000000 5000000 5 8 2 1 10000000 25000000 6 0 0 1 0 -5000000 6 1 2 1 -25000000 10000000 6 2 1 0 -5000000 20000000 6 3 3 1 25000000 -20000000 17 16 17 18 20 22 24 7 10 11 13 1 3 4 26 28 6 15
FANOUT 0 9 1 0 2 1 -5000000 -10000000 1 1 3 1 -20000000 -10000000 1 2 0 1 -30000000 -20000000 1 3 0 1 0 30000000 1 4 1 1 -5000000 25000000 1 5 3 0 -20000000 -15000000 1 6 3 1 -15000000 25000000 1 7 2 1 10000000 -20000000 1 8 1 1 -30000000 10000000 6 7 4 6 8 1 0
FANOUT 1 9 1 0 2 1 -5000000 -10000000 1 1 3 1 -20000000 -10000000 1 2 0 1 -30000000 -20000000 1 3 0 1 0 30000000 1 4 1 1 -5000000 25000000 1 5 3 0 -20000000 -15000000 1 6 3 1 -15000000 25000000 1 7 2 1 10000000 -20000000 1 8 1 1 -30000000 10000000 6 0 1 8 6 4 7
FANOUT 2 9 1 0 2 1 -5000000 -10000000 1 1 3 1 -20000000 -10000000 1 2 0 1 -30000000 -20000000 1 3 0 1 0 30000000 1 4 1 1 -5000000 25000000 1 5 3 0 -20000000 -15000000 1 6 3 1 -15000000 25000000 1 7 2 1 10000000 -20000000 1 8 1 1 -30000000 10000000 6 1 0 7 4 8 6
FANOUT 3 9 1 0 2 1 -5000000 -10000000 1 1 3 1 -20000000 -10000000 1 2 0 1 -30000000 -20000000 1 3 0 1 0 30000000 1 4 1 1 -5000000 25000000 1 5 3 0 -20000000 -15000000 1 6 3 1 -15000000 25000000 1 7 2 1 10000000 -20000000 1 8 1 1 -30000000 10000000 6 0 1 4 6 7 8
FANOUT 4 9 1 0 2 1 -5000000 -10000000 1 1 3 1 -20000000 -10000000 1 2 0 1 -30000000 -20000000 1 3 0 1 0 30000000 1 4 1 1 -5000000 25000000 1 5 3 0 -20000000 -15000000 1 6 3 1 -15000000 25000000 1 7 2 1 10000000 -20000000 1 8 1 1 -30000000 10000000 6 0 1 4 6 7 8
FANOUT 0 24 1 0 2 1 -15000000 30000000 1 1 0 1 10000000 25000000 1 2 2 1 -10000000 0 1 3 2 0 5000000 15000000 1 4 2 1 -10000000 20000000 1 5 1 1 10000000 -30000000 1 6 1 0 -5000000 15000000 1 7 3 1 -30000000 5000000 1 8 2 0 -10000000 -25000000 2 0 0 1 -10000000 -5000000 2 1 3 1 5000000 30000000 2 2 1 1 30000000 25000000 2 3 0 1 -25000000 5000000 2 4 1 1 10000000 -15000000 2 5 1 0 15000000 10000000 2 6 0 1 10000000 30000000 2 7 3 1 -15000000 20000000 3 0 2 1 -30000000 0 3 1 1 0 -25000000 -15000000 4 0 3 1 -20000000 -15000000 4 1 0 0 -10000000 -10000000 4 2 1 1 30000000 -15000000 4 3 0 1 20000000 30000000 4 4 1 0 -20000000 15000000 12 5 0 7 4 2 13 11 16 10 19 21 17
FANOUT 1 24 1 0 2 1 -15000000 30000000 1 1 0 1 10000000 25000000 1 2 2 1 -10000000 0 1 3 2 0 5000000 15000000 1 4 2 1 -10000000 20000000 1 5 1 1 10000000 -30000000 1 6 1 0 -5000000 15000000 1 7 3 1 -30000000 5000000 1 8 2 0 -10000000 -25000000 2 0 0 1 -10000000 -5000000 2 1 3 1 5000000 30000000 2 2 1 1 30000000 25000000 2 3 0 1 -25000000 5000000 2 4 1 1 10000000 -15000000 2 5 1 0 15000000 10000000 2 6 0 1 10000000 30000000 2 7 3 1 -15000000 20000000 3 0 2 1 -30000000 0 3 1 1 0 -25000000 -15000000 4 0 3 1 -20000000 -15000000 4 1 0 0 -10000000 -10000000 4 2 1 1 30000000 -15000000 4 3 0 1 20000000 30000000 4 4 1 0 -20000000 15000000 12 2 4 7 0 5 10 16 11 13 19 21 17
FANOUT 2 24 1 0 2 1 -15000000 30000000 1 1 0 1 10000000 25000000 1 2 2 1 -10000000 0 1 3 2 0 5000000 15000000 1 4 2 1 -10000000 20000000 1 5 1 1 10000000 -30000000 1 6 1 0 -5000000 15000000 1 7 3 1 -30000000 5000000 1 8 2 0 -10000000 -25000000 2 0 0 1 -10000000 -5000000 2 1 3 1 5000000 30000000 2 2 1 1 30000000 25000000 2 3 0 1 -25000000 5000000 2 4 1 1 10000000 -15000000 2 5 1 0 15000000 10000000 2 6 0 1 10000000 30000000 2 7 3 1 -15000000 20000000 3 0 2 1 -30000000 0 3 1 1 0 -25000000 -15000000 4 0 3 1 -20000000 -15000000 4 1 0 0 -10000000 -10000000 4 2 1 1 30000000 -15000000 4 3 0 1 20000000 30000000 4 4 1 0 -20000000 15000000 12 0 4 5 2 7 13 11 16 10 21 19 17
FANOUT 3 24 1 0 2 1 -15000000 30000000 1 1 0 1 10000000 25000000 1 2 2 1 -10000000 0 1 3 2 0 5000000 15000000 1 4 2 1 -10000000 20000000 1 5 1 1 10000000 -30000000 1 6 1 0 -5000000 15000000 1 7 3 1 -30000000 5000000 1 8 2 0 -10000000 -25000000 2 0 0 1 -10000000 -5000000 2 1 3 1 5000000 30000000 2 2 1 1 30000000 25000000 2 3 0 1 -25000000 5000000 2 4 1 1 10000000 -15000000 2 5 1 0 15000000 10000000 2 6 0 1 10000000 30000000 2 7 3 1 -15000000 20000000 3 0 2 1 -30000000 0 3 1 1 0 -25000000 -15000000 4 0 3 1 -20000000 -15000000 4 1 0 0 -10000000 -10000000 4 2 1 1 30000000 -15000000 4 3 0 1 20000000 30000000 4 4 1 0 -20000000 15000000 12 4 0 2 5 7 10 13 16 11 19 21 17
FANOUT 4 24 1 0 2 1 -15000000 30000000 1 1 0 1 10000000 25000000 1 2 2 1 -10000000 0 1 3 2 0 5000000 15000000 1 4 2 1 -10000000 20000000 1 5 1 1 10000000 -30000000 1 6 1 0 -5000000 15000000 1 7 3 1 -30000000 5000000 1 8 2 0 -10000000 -25000000 2 0 0 1 -10000000 -5000000 2 1 3 1 5000000 30000000 2 2 1 1 30000000 25000000 2 3 0 1 -25000000 5000000 2 4 1 1 10000000 -15000000 2 5 1 0 15000000 10000000 2 6 0 1 10000000 30000000 2 7 3 1 -15000000 20000000 3 0 2 1 -30000000 0 3 1 1 0 -25000000 -15000000 4 0 3 1 -20000000 -15000000 4 1 0 0 -10000000 -10000000 4 2 1 1 30000000 -15000000 4 3 0 1 20000000 30000000 4 4 1 0 -20000000 15000000 12 0 2 4 5 7 10 11 13 16 19 21 17
FANOUT 0 11 1 0 2 1 0 15000000 1 1 1 1 -20000000 -30000000 1 2 1 1 20000000 -5000000 1 3 2 1 -20000000 0 1 4 3 1 -25000000 25000000 1 5 3 1 15000000 -20000000 1 6 2 1 -20000000 25000000 1 7 1 1 30000000 -15000000 1 8 0 1 30000000 -15000000 2 0 2 1 -30000000 5000000 2 1 2 0 5000000 0 9 7 1 4 6 5 2 3 0 9
FANOUT 1 11 1 0 2 1 0 15000000 1 1 1 1 -20000000 -30000000 1 2 1 1 20000000 -5000000 1 3 2 1 -20000000 0 1 4 3 1 -25000000 25000000 1 5 3 1 15000000 -20000000 1 6 2 1 -20000000 25000000 1 7 1 1 30000000 -15000000 1 8 0 1 30000000 -15000000 2 0 2 1 -30000000 5000000 2 1 2 0 5000000 0 9 0 3 2 5 6 4 1 7 9
FANOUT 2 11 1 0 2 1 0 15000000 1 1 1 1 -20000000 -30000000 1 2 1 1 20000000 -5000000 1 3 2 1 -20000000 0 1 4 3 1 -25000000 25000000 1 5 3 1 15000000 -20000000 1 6 2 1 -20000000 25000000 1 7 1 1 30000000 -15000000 1 8 0 1 30000000 -15000000 2 0 2 1 -30000000 5000000 2 1 2 0 5000000 0 9 3 2 7 0 6 1 4 5 9
FANOUT 3 11 1 0 2 1 0 15000000 1 1 1 1 -20000000 -30000000 1 2 1 1 20000000 -5000000 1 3 2 1 -20000000 0 1 4 3 1 -25000000 25000000 1 5 3 1 15000000 -20000000 1 6 2 1 -20000000 25000000 1 7 1 1 30000000 -15000000 1 8 0 1 30000000 -15000000 2 0 2 1 -30000000 5000000 2 1 2 0 5000000 0 9 2 5 7 3 4 6 0 1 9
FANOUT 4 11 1 0 2 1 0 15000000 1 1 1 1 -20000000 -30000000 1 2 1 1 20000000 -5000000 1 3 2 1 -20000000 0 1 4 3 1 -25000000 25000000 1 5 3 1 15000000 -20000000 1 6 2 1 -20000000 25000000 1 7 1 1 30000000 -15000000 1 8 0 1 30000000 -15000000 2 0 2 1 -30000000 5000000 2 1 2 0 5000000 0 9 0 1 2 3 4 5 6 7 9
FANOUT 0 28 1 0 3 1 -30000000 25000000 1 1 2 1 -25000000 -30000000 1 2 3 1 -20000000 -30000000 1 3 0 1 -20000000 5000000 1 4 2 0 -15000000 -15000000 1 5 3 1 5000000 5000000 1 6 0 1 -15000000 -20000000 1 7 3 0 25000000 -30000000 1 8 0 1 25000000 0 2 0 3 0 20000000 0 3 0 3 0 -5000000 10000000 3 1 1 1 25000000 25000000 3 2 3 1 20000000 -10000000 3 3 0 1 -30000000 -10000000 3 4 1 0 10000000 20000000 3 5 2 1 25000000 -20000000 3 6 2 0 -30000000 -25000000 3 7 1 1 30000000 0 3 8 0 1 5000000 10000000 4 0 3 1 -25000000 -30000000 4 1 2 1 10000000 -30000000 4 2 0 0 -15000000 25000000 4 3 0 0 -10000000 5000000 4 4 1 0 25000000 5000000 4 5 1 1 30000000 20000000 4 6 1 1 25000000 10000000 4 7 3 1 -30000000 25000000 5 0 2 1 -15000000 -25000000 14 26 19 24 20 25 0 5 1 2 11 15 12 17 27
FANOUT 1 28 1 0 3 1 -30000000 25000000 1 1 2 1 -25000000 -30000000 1 2 3 1 -20000000 -30000000 1 3 0 1 -20000000 5000000 1 4 2 0 -15000000 -15000000 1 5 3 1 5000000 5000000 1 6 0 1 -15000000 -20000000 1 7 3 0 25000000 -30000000 1 8 0 1 25000000 0 2 0 3 0 20000000 0 3 0 3 0 -5000000 10000000 3 1 1 1 25000000 25000000 3 2 3 1 20000000 -10000000 3 3 0 1 -30000000 -10000000 3 4 1 0 10000000 20000000 3 5 2 1 25000000 -20000000 3 6 2 0 -30000000 -25000000 3 7 1 1 30000000 0 3 8 0 1 5000000 10000000 4 0 3 1 -25000000 -30000000 4 1 2 1 10000000 -30000000 4 2 0 0 -15000000 25000000 4 3 0 0 -10000000 5000000 4 4 1 0 25000000 5000000 4 5 1 1 30000000 20000000 4 6 1 1 25000000 10000000 4 7 3 1 -30000000 25000000 5 0 2 1 -15000000 -25000000 14 25 20 24 19 26 2 1 5 0 17 12 15 11 27
FANOUT 2 28 1 0 3 1 -30000000 25000000 1 1 2 1 -25000000 -30000000 1 2 3 1 -20000000 -30000000 1 3 0 1 -20000000 5000000 1 4 2 0 -15000000 -15000000 1 5 3 1 5000000 5000000 1 6 0 1 -15000000 -20000000 1 7 3 0 25000000 -30000000 1 8 0 1 25000000 0 2 0 3 0 20000000 0 3 0 3 0 -5000000 10000000 3 1 1 1 25000000 25000000 3 2 3 1 20000000 -10000000 3 3 0 1 -30000000 -10000000 3 4 1 0 10000000 20000000 3 5 2 1 25000000 -20000000 3 6 2 0 -30000000 -25000000 3 7 1 1 30000000 0 3 8 0 1 5000000 10000000 4 0 3 1 -25000000 -30000000 4 1 2 1 10000000 -30000000 4 2 0 0 -15000000 25000000 4 3 0 0 -10000000 5000000 4 4 1 0 25000000 5000000 4 5 1 1 30000000 20000000 4 6 1 1 25000000 10000000 4 7 3 1 -30000000 25000000 5 0 2 1 -15000000 -25000000 14 26 19 25 24 20 0 2 1 5 11 17 12 15 27
FANOUT 3 28 1 0 3 1 -30000000 25000000 1 1 2 1 -25000000 -30000000 1 2 3 1 -20000000 -30000000 1 3 0 1 -20000000 5000000 1 4 2 0 -15000000 -15000000 1 5 3 1 5000000 5000000 1 6 0 1 -15000000 -20000000 1 7 3 0 25000000 -30000000 1 8 0 1 25000000 0 2 0 3 0 20000000 0 3 0 3 0 -5000000 10000000 3 1 1 1 25000000 25000000 3 2 3 1 20000000 -10000000 3 3 0 1 -30000000 -10000000 3 4 1 0 10000000 20000000 3 5 2 1 25000000 -20000000 3 6 2 0 -30000000 -25000000 3 7 1 1 30000000 0 3 8 0 1 5000000 10000000 4 0 3 1 -25000000 -30000000 4 1 2 1 10000000 -30000000 4 2 0 0 -15000000 25000000 4 3 0 0 -10000000 5000000 4 4 1 0 25000000 5000000 4 5 1 1 30000000 20000000 4 6 1 1 25000000 10000000 4 7 3 1 -30000000 25000000 5 0 2 1 -15000000 -25000000 14 19 24 25 20 26 1 2 0 5 17 11 12 15 27
FANOUT 4 28 1 0 3 1 -30000000 25000000 1 1 2 1 -25000000 -30000000 1 2 3 1 -20000000 -30000000 1 3 0 1 -20000000 5000000 1 4 2 0 -15000000 -15000000 1 5 3 1 5000000 5000000 1 6 0 1 -15000000 -20000000 1 7 3 0 25000000 -30000000 1 8 0 1 25000000 0 2 0 3 0 20000000 0 3 0 3 0 -5000000 10000000 3 1 1 1 25000000 25000000 3 2 3 1 20000000 -10000000 3 3 0 1 -30000000 -10000000 3 4 1 0 10000000 20000000 3 5 2 1 25000000 -20000000 3 6 2 0 -30000000 -25000000 3 7 1 1 30000000 0 3 8 0 1 5000000 10000000 4 0 3 1 -25000000 -30000000 4 1 2 1 10000000 -30000000 4 2 0 0 -15000000 25000000 4 3 0 0 -10000000 5000000 4 4 1 0 25000000 5000000 4 5 1 1 30000000 20000000 4 6 1 1 25000000 10000000 4 7 3 1 -30000000 25000000 5 0 2 1 -15000000 -25000000 14 19 20 24 25 26 0 1 2 5 11 12 15 17 27
FANOUT 0 4 1 0 1 0 -10000000 25000000 1 1 3 1 -20000000 -15000000 1 2 0 1 -30000000 20000000 1 3 2 1 15000000 -15000000 2 1 3
FANOUT 1 4 1 0 1 0 -10000000 25000000 1 1 3 1 -20000000 -15000000 1 2 0 1 -30000000 20000000 1 3 2 1 15000000 -15000000 2 1 3
FANOUT 2 4 1 0 1 0 -10000000 25000000 1 1 3 1 -20000000 -15000000 1 2 0 1 -30000000 20000000 1 3 2 1 15000000 -15000000 2 1 3
FANOUT 3 4 1 0 1 0 -10000000 25000000 1 1 3 1 -20000000 -15000000 1 2 0 1 -30000000 20000000 1 3 2 1 15000000 -15000000 2 1 3
FANOUT 4 4 1 0 1 0 -10000000 25000000 1 1 3 1 -20000000 -15000000 1 2 0 1 -30000000 20000000 1 3 2 1 15000000 -15000000 2 1 3
FANOUT 0 7 1 0 1 0 -20000000 -15000000 1 1 0 1 20000000 -15000000 1 2 3 1 0 20000000 1 3 2 1 0 15000000 1 4 0 1 20000000 0 1 5 1 1 10000000 -30000000 1 6 0 1 -5000000 0 3 5 2 3
FANOUT 1 7 1 0 1 0 -20000000 -15000000 1 1 0 1 20000000 -15000000 1 2 3 1 0 20000000 1 3 2 1 0 15000000 1 4 0 1 20000000 0 1 5 1 1 10000000 -30000000 1 6 0 1 -5000000 0 3 3 2 5
FANOUT 2 7 1 0 1 0 -20000000 -15000000 1 1 0 1 20000000 -15000000 1 2 3 1 0 20000000 1 3 2 1 0 15000000 1 4 0 1 20000000 0 1 5 1 1 10000000 -30000000 1 6 0 1 -5000000 0 3 5 2 3
FANOUT 3 7 1 0 1 0 -20000000 -15000000 1 1 0 1 20000000 -15000000 1 2 3 1 0 20000000 1 3 2 1 0 15000000 1 4 0 1 20000000 0 1 5 1 1 10000000 -30000000 1 6 0 1 -5000000 0 3 2 3 5
FANOUT 4 7 1 0 1 0 -20000000 -15000000 1 1 0 1 20000000 -15000000 1 2 3 1 0 20000000 1 3 2 1 0 15000000 1 4 0 1 20000000 0 1 5 1 1 10000000 -30000000 1 6 0 1 -5000000 0 3 2 3 5
FANOUT 0 15 1 0 2 1 -30000000 0 1 1 3 1 30000000 5000000 1 2 2 1 0 -25000000 1 3 2 1 -20000000 -25000000 1 4 3 0 20000000 -25000000 2 0 3 1 0 25000000 2 1 1 1 -5000000 -25000000 2 2 3 1 -10000000 30000000 2 3 0 0 30000000 30000000 2 4 3 1 -10000000 10000000 2 5 0 1 -15000000 0 2 6 2 1 5000000 -30000000 2 7 2 0 0 20000000 2 8 2 1 -25000000 -30000000 3 0 2 1 30000000 -20000000 11 7 13 11 5 6 9 1 0 3 2 14
FANOUT 1 15 1 0 2 1 -30000000 0 1 1 3 1 30000000 5000000 1 2 2 1 0 -25000000 1 3 2 1 -20000000 -25000000 1 4 3 0 20000000 -25000000 2 0 3 1 0 25000000 2 1 1 1 -5000000 -25000000 2 2 3 1 -10000000 30000000 2 3 0 0 30000000 30000000 2 4 3 1 -10000000 10000000 2 5 0 1 -15000000 0 2 6 2 1 5000000 -30000000 2 7 2 0 0 20000000 2 8 2 1 -25000000 -30000000 3 0 2 1 30000000 -20000000 11 9 6 5 11 13 7 2 3 0 1 14
FANOUT 2 15 1 0 2 1 -30000000 0 1 1 3 1 30000000 5000000 1 2 2 1 0 -25000000 1 3 2 1 -20000000 -25000000 1 4 3 0 20000000 -25000000 2 0 3 1 0 25000000 2 1 1 1 -5000000 -25000000 2 2 3 1 -10000000 30000000 2 3 0 0 30000000 30000000 2 4 3 1 -10000000 10000000 2 5 0 1 -15000000 0 2 6 2 1 5000000 -30000000 2 7 2 0 0 20000000 2 8 2 1 -25000000 -30000000 3 0 2 1 30000000 -20000000 11 11 13 5 7 9 6 2 3 0 1 14
FANOUT 3 15 1 0 2 1 -30000000 0 1 1 3 1 30000000 5000000 1 2 2 1 0 -25000000 1 3 2 1 -20000000 -25000000 1 4 3 0 20000000 -25000000 2 0 3 1 0 25000000 2 1 1 1 -5000000 -25000000 2 2 3 1 -10000000 30000000 2 3 0 0 30000000 30000000 2 4 3 1 -10000000 10000000 2 5 0 1 -15000000 0 2 6 2 1 5000000 -30000000 2 7 2 0 0 20000000 2 8 2 1 -25000000 -30000000 3 0 2 1 30000000 -20000000 11 6 5 7 9 11 13 2 3 0 1 14
FANOUT 4 15 1 0 2 1 -30000000 0 1 1 3 1 30000000 5000000 1 2 2 1 0 -25000000 1 3 2 1 -20000000 -25000000 1 4 3 0 20000000 -25000000 2 0 3 1 0 25000000 2 1 1 1 -5000000 -25000000 2 2 3 1 -10000000 30000000 2 3 0 0 30000000 30000000 2 4 3 1 -10000000 10000000 2 5 0 1 -15000000 0 2 6 2 1 5000000 -30000000 2 7 2 0 0 20000000 2 8 2 1 -25000000 -30000000 3 0 2 1 30000000 -20000000 11 5 6 7 9 11 13 0 1 2 3 14
FANOUT 0 10 1 0 0 1 5000000 -30000000 1 1 2 1 20000000 30000000 1 2 1 0 -10000000 20000000 2 0 3 1 10000000 25000000 2 1 3 1 15000000 10000000 2 2 2 1 10000000 5000000 2 3 2 1 30000000 5000000 2 4 0 1 -20000000 -5000000 2 5 3 1 -15000000 -5000000 2 6 3 1 25000000 -30000000 7 9 8 3 6 4 5 1
FANOUT 1 10 1 0 0 1 5000000 -30000000 1 1 2 1 20000000 30000000 1 2 1 0 -10000000 20000000 2 0 3 1 10000000 25000000 2 1 3 1 15000000 10000000 2 2 2 1 10000000 5000000 2 3 2 1 30000000 5000000 2 4 0 1 -20000000 -5000000 2 5 3 1 -15000000 -5000000 2 6 3 1 25000000 -30000000 7 5 4 6 3 8 9 1
FANOUT 2 10 1 0 0 1 5000000 -30000000 1 1 2 1 20000000 30000000 1 2 1 0 -10000000 20000000 2 0 3 1 10000000 25000000 2 1 3 1 15000000 10000000 2 2 2 1 10000000 5000000 2 3 2 1 30000000 5000000 2 4 0 1 -20000000 -5000000 2 5 3 1 -15000000 -5000000 2 6 3 1 25000000 -30000000 7 3 4 5 6 8 9 1
FANOUT 3 10 1 0 0 1 5000000 -30000000 1 1 2 1 20000000 30000000 1 2 1 0 -10000000 20000000 2 0 3 1 10000000 25000000 2 1 3 1 15000000 10000000 2 2 2 1 10000000 5000000 2 3 2 1 30000000 5000000 2 4 0 1 -20000000 -5000000 2 5 3 1 -15000000 -5000000 2 6 3 1 25000000 -30000000 7 3 4 5 6 8 9 1
FANOUT 4 10 1 0 0 1 5000000 -30000000 1 1 2 1 20000000 30000000 1 2 1 0 -10000000 20000000 2 0 3 1 10000000 25000000 2 1 3 1 15000000 10000000 2 2 2 1 10000000 5000000 2 3 2 1 30000000 5000000 2 4 0 1 -20000000 -5000000 2 5 3 1 -15000000 -5000000 2 6 3 1 25000000 -30000000 7 3 4 5 6 8 9 1
FANOUT 0 4 1 0 3 1 10000000 5000000 1 1 3 1 -10000000 -20000000 1 2 3 1 -10000000 -20000000 1 3 2 1 -10000000 -15000000 4 0 1 2 3
FANOUT 1 4 1 0 3 1 10000000 5000000 1 1 3 1 -10000000 -20000000 1 2 3 1 -10000000 -20000000 1 3 2 1 -10000000 -15000000 4 3 1 2 0
FANOUT 2 4 1 0 3 1 10000000 5000000 1 1 3 1 -10000000 -20000000 1 2 3 1 -10000000 -20000000 1 3 2 1 -10000000 -15000000 4 1 2 0 3
FANOUT 3 4 1 0 3 1 10000000 5000000 1 1 3 1 -10000000 -20000000 1 2 3 1 -10000000 -20000000 1 3 2 1 -10000000 -15000000 4 1 2 3 0
FANOUT 4 4 1 0 3 1 10000000 5000000 1 1 3 1 -10000000 -20000000 1 2 3 1 -10000000 -20000000 1 3 2 1 -10000000 -15000000 4 0 1 2 3
FANOUT 0 36 1 0 1 0 20000000 20000000 1 1 1 0 20000000 -15000000 1 2 2 1 -25000000 -25000000 1 3 1 1 30000000 -15000000 1 4 0 1 10000000 -30000000 1 5 3 1 -10000000 -30000000 1 6 0 0 -30000000 -5000000 2 0 2 1 20000000 25000000 2 1 1 1 -25000000 -15000000 2 2 1 1 -5000000 -15000000 3 0 2 0 -20000000 10000000 3 1 2 1 30000000 -30000000 4 0 2 1 25000000 -10000000 4 1 1 1 20000000 5000000 4 2 1 0 -25000000 -5000000 4 3 1 1 5000000 -30000000 4 4 0 1 10000000 -15000000 4 5 0 1 -25000000 -10000000 4 6 1 1 -15000000 -10000000 4 7 3 1 25000000 25000000 5 0 3 1 -25000000 10000000 5 1 3 1 -5000000 -30000000 5 2 1 1 30000000 -30000000 5 3 3 1 -5000000 -20000000 5 4 0 1 -30000000 -30000000 5 5 3 1 -10000000 -25000000 5 6 1 1 -25000000 -25000000 5 7 1 1 5000000 -30000000 5 8 2 1 25000000 5000000 6 0 1 1 15000000 25000000 6 1 1 1 -30000000 -10000000 7 0 0 0 0 -5000000 7 1 3 1 30000000 5000000 7 2 1 1 15000000 0 7 3 2 1 20000000 15000000 7 4 3 1 -20000000 5000000 26 20 28 22 26 27 21 25 23 19 18 15 12 13 35 32 34 33 3 2 5 7 8 9 29 30 11
FANOUT 1 36 1 0 1 0 20000000 20000000 1 1 1 0 20000000 -15000000 1 2 2 1 -25000000 -25000000 1 3 1 1 30000000 -15000000 1 4 0 1 10000000 -30000000 1 5 3 1 -10000000 -30000000 1 6 0 0 -30000000 -5000000 2 0 2 1 20000000 25000000 2 1 1 1 -25000000 -15000000 2 2 1 1 -5000000 -15000000 3 0 2 0 -20000000 10000000 3 1 2 1 30000000 -30000000 4 0 2 1 25000000 -10000000 4 1 1 1 20000000 5000000 4 2 1 0 -25000000 -5000000 4 3 1 1 5000000 -30000000 4 4 0 1 10000000 -15000000 4 5 0 1 -25000000 -10000000 4 6 1 1 -15000000 -10000000 4 7 3 1 25000000 25000000 5 0 3 1 -25000000 10000000 5 1 3 1 -5000000 -30000000 5 2 1 1 30000000 -30000000 5 3 3 1 -5000000 -20000000 5 4 0 1 -30000000 -30000000 5 5 3 1 -10000000 -25000000 5 6 1 1 -25000000 -25000000 5 7 1 1 5000000 -30000000 5 8 2 1 25000000 5000000 6 0 1 1 15000000 25000000 6 1 1 1 -30000000 -10000000 7 0 0 0 0 -5000000 7 1 3 1 30000000 5000000 7 2 1 1 15000000 0 7 3 2 1 20000000 15000000 7 4 3 1 -20000000 5000000 26 23 25 21 27 26 22 28 20 13 12 15 18 19 33 34 32 35 5 2 3 9 8 7 29 30 11
FANOUT 2 36 1 0 1 0 20000000 20000000 1 1 1 0 20000000 -15000000 1 2 2 1 -25000000 -25000000 1 3 1 1 30000000 -15000000 1 4 0 1 10000000 -30000000 1 5 3 1 -10000000 -30000000 1 6 0 0 -30000000 -5000000 2 0 2 1 20000000 25000000 2 1 1 1 -25000000 -15000000 2 2 1 1 -5000000 -15000000 3 0 2 0 -20000000 10000000 3 1 2 1 30000000 -30000000 4 0 2 1 25000000 -10000000 4 1 1 1 20000000 5000000 4 2 1 0 -25000000 -5000000 4 3 1 1 5000000 -30000000 4 4 0 1 10000000 -15000000 4 5 0 1 -25000000 -10000000 4 6 1 1 -15000000 -10000000 4 7 3 1 25000000 25000000 5 0 3 1 -25000000 10000000 5 1 3 1 -5000000 -30000000 5 2 1 1 30000000 -30000000 5 3 3 1 -5000000 -20000000 5 4 0 1 -30000000 -30000000 5 5 3 1 -10000000 -25000000 5 6 1 1 -25000000 -25000000 5 7 1 1 5000000 -30000000 5 8 2 1 25000000 5000000 6 0 1 1 15000000 25000000 6 1 1 1 -30000000 -10000000 7 0 0 0 0 -5000000 7 1 3 1 30000000 5000000 7 2 1 1 15000000 0 7 3 2 1 20000000 15000000 7 4 3 1 -20000000 5000000 26 27 21 25 20 23 26 28 22 15 13 18 12 19 33 35 34 32 5 3 2 8 7 9 29 30 11
FANOUT 3 36 1 0 1 0 20000000 20000000 1 1 1 0 20000000 -15000000 1 2 2 1 -25000000 -25000000 1 3 1 1 30000000 -15000000 1 4 0 1 10000000 -30000000 1 5 3 1 -10000000 -30000000 1 6 0 0 -30000000 -5000000 2 0 2 1 20000000 25000000 2 1 1 1 -25000000 -15000000 2 2 1 1 -5000000 -15000000 3 0 2 0 -20000000 10000000 3 1 2 1 30000000 -30000000 4 0 2 1 25000000 -10000000 4 1 1 1 20000000 5000000 4 2 1 0 -25000000 -5000000 4 3 1 1 5000000 -30000000 4 4 0 1 10000000 -15000000 4 5 0 1 -25000000 -10000000 4 6 1 1 -15000000 -10000000 4 7 3 1 25000000 25000000 5 0 3 1 -25000000 10000000 5 1 3 1 -5000000 -30000000 5 2 1 1 30000000 -30000000 5 3 3 1 -5000000 -20000000 5 4 0 1 -30000000 -30000000 5 5 3 1 -10000000 -25000000 5 6 1 1 -25000000 -25000000 5 7 1 1 5000000 -30000000 5 8 2 1 25000000 5000000 6 0 1 1 15000000 25000000 6 1 1 1 -30000000 -10000000 7 0 0 0 0 -5000000 7 1 3 1 30000000 5000000 7 2 1 1 15000000 0 7 3 2 1 20000000 15000000 7 4 3 1 -20000000 5000000 26 25 23 21 26 27 28 22 20 18 13 15 12 19 34 32 33 35 5 2 3 9 8 7 30 29 11
FANOUT 4 36 1 0 1 0 20000000 20000000 1 1 1 0 20000000 -15000000 1 2 2 1 -25000000 -25000000 1 3 1 1 30000000 -15000000 1 4 0 1 10000000 -30000000 1 5 3 1 -10000000 -30000000 1 6 0 0 -30000000 -5000000 2 0 2 1 20000000 25000000 2 1 1 1 -25000000 -15000000 2 2 1 1 -5000000 -15000000 3 0 2 0 -20000000 10000000 3 1 2 1 30000000 -30000000 4 0 2 1 25000000 -10000000 4 1 1 1 20000000 5000000 4 2 1 0 -25000000 -5000000 4 3 1 1 5000000 -30000000 4 4 0 1 10000000 -15000000 4 5 0 1 -25000000 -10000000 4 6 1 1 -15000000 -10000000 4 7 3 1 25000000 25000000 5 0 3 1 -25000000 10000000 5 1 3 1 -5000000 -30000000 5 2 1 1 30000000 -30000000 5 3 3 1 -5000000 -20000000 5 4 0 1 -30000000 -30000000 5 5 3 1 -10000000 -25000000 5 6 1 1 -25000000 -25000000 5 7 1 1 5000000 -30000000 5 8 2 1 25000000 5000000 6 0 1 1 15000000 25000000 6 1 1 1 -30000000 -10000000 7 0 0 0 0 -5000000 7 1 3 1 30000000 5000000 7 2 1 1 15000000 0 7 3 2 1 20000000 15000000 7 4 3 1 -20000000 5000000 26 20 21 22 23 25 26 27 28 12 13 15 18 19 32 33 34 35 2 3 5 7 8 9 29 30 11
FANOUT 0 18 1 0 2 1 -20000000 5000000 1 1 0 0 -5000000 30000000 1 2 3 1 -5000000 5000000 1 3 2 1 -25000000 -15000000 1 4 2 1 0 -25000000 1 5 1 1 20000000 -10000000 1 6 2 1 -5000000 15000000 2 0 2 1 10000000 -25000000 2 1 1 1 5000000 -5000000 2 2 3 1 30000000 -25000000 2 3 2 0 0 0 3 0 2 1 -5000000 15000000 4 0 1 1 -20000000 10000000 4 1 1 1 25000000 10000000 4 2 2 1 30000000 25000000 4 3 3 0 20000000 -15000000 4 4 0 1 -10000000 25000000 4 5 1 1 -20000000 -10000000 14 5 3 4 6 0 2 14 17 12 13 8 9 7 11
FANOUT 1 18 1 0 2 1 -20000000 5000000 1 1 0 0 -5000000 30000000 1 2 3 1 -5000000 5000000 1 3 2 1 -25000000 -15000000 1 4 2 1 0 -25000000 1 5 1 1 20000000 -10000000 1 6 2 1 -5000000 15000000 2 0 2 1 10000000 -25000000 2 1 1 1 5000000 -5000000 2 2 3 1 30000000 -25000000 2 3 2 0 0 0 3 0 2 1 -5000000 15000000 4 0 1 1 -20000000 10000000 4 1 1 1 25000000 10000000 4 2 2 1 30000000 25000000 4 3 3 0 20000000 -15000000 4 4 0 1 -10000000 25000000 4 5 1 1 -20000000 -10000000 14 2 0 6 4 3 5 13 12 17 14 7 9 8 11
FANOUT 2 18 1 0 2 1 -20000000 5000000 1 1 0 0 -5000000 30000000 1 2 3 1 -5000000 5000000 1 3 2 1 -25000000 -15000000 1 4 2 1 0 -25000000 1 5 1 1 20000000 -10000000 1 6 2 1 -5000000 15000000 2 0 2 1 10000000 -25000000 2 1 1 1 5000000 -5000000 2 2 3 1 30000000 -25000000 2 3 2 0 0 0 3 0 2 1 -5000000 15000000 4 0 1 1 -20000000 10000000 4 1 1 1 25000000 10000000 4 2 2 1 30000000 25000000 4 3 3 0 20000000 -15000000 4 4 0 1 -10000000 25000000 4 5 1 1 -20000000 -10000000 14 6 4 5 0 3 2 12 17 13 14 7 9 8 11
FANOUT 3 18 1 0 2 1 -20000000 5000000 1 1 0 0 -5000000 30000000 1 2 3 1 -5000000 5000000 1 3 2 1 -25000000 -15000000 1 4 2 1 0 -25000000 1 5 1 1 20000000 -10000000 1 6 2 1 -5000000 15000000 2 0 2 1 10000000 -25000000 2 1 1 1 5000000 -5000000 2 2 3 1 30000000 -25000000 2 3 2 0 0 0 3 0 2 1 -5000000 15000000 4 0 1 1 -20000000 10000000 4 1 1 1 25000000 10000000 4 2 2 1 30000000 25000000 4 3 3 0 20000000 -15000000 4 4 0 1 -10000000 25000000 4 5 1 1 -20000000 -10000000 14 0 2 6 5 3 4 12 17 13 14 7 8 9 11
FANOUT 4 18 1 0 2 1 -20000000 5000000 1 1 0 0 -5000000 30000000 1 2 3 1 -5000000 5000000 1 3 2 1 -25000000 -15000000 1 4 2 1 0 -25000000 1 5 1 1 20000000 -10000000 1 6 2 1 -5000000 15000000 2 0 2 1 10000000 -25000000 2 1 1 1 5000000 -5000000 2 2 3 1 30000000 -25000000 2 3 2 0 0 0 3 0 2 1 -5000000 15000000 4 0 1 1 -20000000 10000000 4 1 1 1 25000000 10000000 4 2 2 1 30000000 25000000 4 3 3 0 20000000 -15000000 4 4 0 1 -10000000 25000000 4 5 1 1 -20000000 -10000000 14 0 2 3 4 5 6 12 13 14 17 7 8 9 11
FANOUT 0 20 1 0 2 1 0 -30000000 1 1 3 0 0 -15000000 2 0 1 1 25000000 0 2 1 0 1 25000000 15000000 2 2 1 1 10000000 0 2 3 2 1 25000000 -25000000 2 4 3 1 -10000000 20000000 2 5 0 1 0 5000000 3 0 0 1 -10000000 -5000000 3 1 2 0 0 20000000 3 2 2 1 -5000000 0 4 0 1 1 -25000000 5000000 4 1 2 1 -25000000 -10000000 4 2 0 1 -10000000 10000000 4 3 3 1 -25000000 5000000 4 4 0 0 -20000000 -25000000 4 5 0 0 0 15000000 4 6 0 0 30000000 -20000000 5 0 1 1 -20000000 25000000 5 1 1 1 25000000 -15000000 11 6 5 2 4 12 11 14 18 19 0 10
FANOUT 1 20 1 0 2 1 0 -30000000 1 1 3 0 0 -15000000 2 0 1 1 25000000 0 2 1 0 1 25000000 15000000 2 2 1 1 10000000 0 2 3 2 1 25000000 -25000000 2 4 3 1 -10000000 20000000 2 5 0 1 0 5000000 3 0 0 1 -10000000 -5000000 3 1 2 0 0 20000000 3 2 2 1 -5000000 0 4 0 1 1 -25000000 5000000 4 1 2 1 -25000000 -10000000 4 2 0 1 -10000000 10000000 4 3 3 1 -25000000 5000000 4 4 0 0 -20000000 -25000000 4 5 0 0 0 15000000 4 6 0 0 30000000 -20000000 5 0 1 1 -20000000 25000000 5 1 1 1 25000000 -15000000 11 4 2 5 6 11 14 12 18 19 0 10
FANOUT 2 20 1 0 2 1 0 -30000000 1 1 3 0 0 -15000000 2 0 1 1 25000000 0 2 1 0 1 25000000 15000000 2 2 1 1 10000000 0 2 3 2 1 25000000 -25000000 2 4 3 1 -10000000 20000000 2 5 0 1 0 5000000 3 0 0 1 -10000000 -5000000 3 1 2 0 0 20000000 3 2 2 1 -5000000 0 4 0 1 1 -25000000 5000000 4 1 2 1 -25000000 -10000000 4 2 0 1 -10000000 10000000 4 3 3 1 -25000000 5000000 4 4 0 0 -20000000 -25000000 4 5 0 0 0 15000000 4 6 0 0 30000000 -20000000 5 0 1 1 -20000000 25000000 5 1 1 1 25000000 -15000000 11 2 4 6 5 11 14 12 19 18 0 10
FANOUT 3 20 1 0 2 1 0 -30000000 1 1 3 0 0 -15000000 2 0 1 1 25000000 0 2 1 0 1 25000000 15000000 2 2 1 1 10000000 0 2 3 2 1 25000000 -25000000 2 4 3 1 -10000000 20000000 2 5 0 1 0 5000000 3 0 0 1 -10000000 -5000000 3 1 2 0 0 20000000 3 2 2 1 -5000000 0 4 0 1 1 -25000000 5000000 4 1 2 1 -25000000 -10000000 4 2 0 1 -10000000 10000000 4 3 3 1 -25000000 5000000 4 4 0 0 -20000000 -25000000 4 5 0 0 0 15000000 4 6 0 0 30000000 -20000000 5 0 1 1 -20000000 25000000 5 1 1 1 25000000 -15000000 11 2 4 5 6 11 12 14 19 18 0 10
FANOUT 4 20 1 0 2 1 0 -30000000 1 1 3 0 0 -15000000 2 0 1 1 25000000 0 2 1 0 1 25000000 15000000 2 2 1 1 10000000 0 2 3 2 1 25000000 -25000000 2 4 3 1 -10000000 20000000 2 5 0 1 0 5000000 3 0 0 1 -10000000 -5000000 3 1 2 0 0 20000000 3 2 2 1 -5000000 0 4 0 1 1 -25000000 5000000 4 1 2 1 -25000000 -10000000 4 2 0 1 -10000000 10000000 4 3 3 1 -25000000 5000000 4 4 0 0 -20000000 -25000000 4 5 0 0 0 15000000 4 6 0 0 30000000 -20000000 5 0 1 1 -20000000 25000000 5 1 1 1 25000000 -15000000 11 2 4 5 6 11 12 14 18 19 0 10
FANOUT 0 2 1 0 3 1 0 -20000000 1 1 3 1 15000000 -10000000 2 0 1
FANOUT 1 2 1 0 3 1 0 -20000000 1 1 3 1 15000000 -10000000 2 0 1
FANOUT 2 2 1 0 3 1 0 -20000000 1 1 3 1 15000000 -10000000 2 0 1
FANOUT 3 2 1 0 3 1 0 -20000000 1 1 3 1 15000000 -10000000 2 0 1
FANOUT 4 2 1 0 3 1 0 -20000000 1 1 3 1 15000000 -10000000 2 0 1
FANOUT 0 13 1 0 3 1 -20000000 5000000 1 1 0 1 10000000 25000000 1 2 2 0 -15000000 -20000000 1 3 0 0 0 -5000000 1 4 1 1 5000000 -10000000 2 0 0 1 -30000000 -30000000 2 1 1 1 -15000000 -30000000 2 2 1 1 -5000000 25000000 2 3 3 1 -10000000 20000000 2 4 1 1 -15000000 5000000 2 5 2 1 -25000000 -25000000 2 6 2 1 -20000000 5000000 2 7 2 1 10000000 -10000000 9 6 7 10 12 8 11 9 0 4
FANOUT 1 13 1 0 3 1 -20000000 5000000 1 1 0 1 10000000 25000000 1 2 2 0 -15000000 -20000000 1 3 0 0 0 -5000000 1 4 1 1 5000000 -10000000 2 0 0 1 -30000000 -30000000 2 1 1 1 -15000000 -30000000 2 2 1 1 -5000000 25000000 2 3 3 1 -10000000 20000000 2 4 1 1 -15000000 5000000 2 5 2 1 -25000000 -25000000 2 6 2 1 -20000000 5000000 2 7 2 1 10000000 -10000000 9 9 11 8 12 7 10 6 0 4
FANOUT 2 13 1 0 3 1 -20000000 5000000 1 1 0 1 10000000 25000000 1 2 2 0 -15000000 -20000000 1 3 0 0 0 -5000000 1 4 1 1 5000000 -10000000 2 0 0 1 -30000000 -30000000 2 1 1 1 -15000000 -30000000 2 2 1 1 -5000000 25000000 2 3 3 1 -10000000 20000000 2 4 1 1 -15000000 5000000 2 5 2 1 -25000000 -25000000 2 6 2 1 -20000000 5000000 2 7 2 1 10000000 -10000000 9 10 8 7 9 11 12 6 0 4
FANOUT 3 13 1 0 3 1 -20000000 5000000 1 1 0 1 10000000 25000000 1 2 2 0 -15000000 -20000000 1 3 0 0 0 -5000000 1 4 1 1 5000000 -10000000 2 0 0 1 -30000000 -30000000 2 1 1 1 -15000000 -30000000 2 2 1 1 -5000000 25000000 2 3 3 1 -10000000 20000000 2 4 1 1 -15000000 5000000 2 5 2 1 -25000000 -25000000 2 6 2 1 -20000000 5000000 2 7 2 1 10000000 -10000000 9 8 9 11 6 7 10 12 0 4
FANOUT 4 13 1 0 3 1 -20000000 5000000 1 1 0 1 10000000 25000000 1 2 2 0 -15000000 -20000000 1 3 0 0 0 -5000000 1 4 1 1 5000000 -10000000 2 0 0 1 -30000000 -30000000 2 1 1 1 -15000000 -30000000 2 2 1 1 -5000000 25000000 2 3 3 1 -10000000 20000000 2 4 1 1 -15000000 5000000 2 5 2 1 -25000000 -25000000 2 6 2 1 -20000000 5000000 2 7 2 1 10000000 -10000000 9 6 7 8 9 10 11 12 0 4
FANOUT 0 32 1 0 1 0 -5000000 -20000000 1 1 3 1 -20000000 30000000 1 2 1 1 -15000000 -20000000 1 3 2 1 20000000 20000000 1 4 3 1 -20000000 30000000 1 5 0 1 -25000000 -20000000 2 0 3 0 10000000 -15000000 2 1 0 0 -15000000 -25000000 2 2 1 0 -20000000 10000000 2 3 1 1 -15000000 -15000000 2 4 0 1 20000000 0 3 0 1 1 15000000 -25000000 3 1 2 1 15000000 15000000 3 2 0 1 -20000000 -20000000 3 3 1 1 0 5000000 3 4 2 1 20000000 -30000000 4 0 0 0 25000000 -5000000 4 1 1 1 10000000 -10000000 4 2 2 1 10000000 10000000 4 3 1 1 30000000 -30000000 4 4 1 1 -20000000 -30000000 4 5 1 1 0 15000000 5 0 3 1 -25000000 15000000 5 1 0 1 -5000000 30000000 5 2 1 1 -20000000 -15000000 6 0 0 1 -20000000 5000000 6 1 0 1 30000000 15000000 6 2 1 1 -20000000 25000000 6 3 1 0 5000000 10000000 6 4 1 0 -15000000 20000000 6 5 0 1 -30000000 5000000 6 6 1 0 30000000 -25000000 17 20 19 21 18 17 2 3 1 4 12 15 14 11 22 24 9 27
FANOUT 1 32 1 0 1 0 -5000000 -20000000 1 1 3 1 -20000000 30000000 1 2 1 1 -15000000 -20000000 1 3 2 1 20000000 20000000 1 4 3 1 -20000000 30000000 1 5 0 1 -25000000 -20000000 2 0 3 0 10000000 -15000000 2 1 0 0 -15000000 -25000000 2 2 1 0 -20000000 10000000 2 3 1 1 -15000000 -15000000 2 4 0 1 20000000 0 3 0 1 1 15000000 -25000000 3 1 2 1 15000000 15000000 3 2 0 1 -20000000 -20000000 3 3 1 1 0 5000000 3 4 2 1 20000000 -30000000 4 0 0 0 25000000 -5000000 4 1 1 1 10000000 -10000000 4 2 2 1 10000000 10000000 4 3 1 1 30000000 -30000000 4 4 1 1 -20000000 -30000000 4 5 1 1 0 15000000 5 0 3 1 -25000000 15000000 5 1 0 1 -5000000 30000000 5 2 1 1 -20000000 -15000000 6 0 0 1 -20000000 5000000 6 1 0 1 30000000 15000000 6 2 1 1 -20000000 25000000 6 3 1 0 5000000 10000000 6 4 1 0 -15000000 20000000 6 5 0 1 -30000000 5000000 6 6 1 0 30000000 -25000000 17 17 18 21 19 20 1 4 3 2 11 14 15 12 22 24 9 27
FANOUT 2 32 1 0 1 0 -5000000 -20000000 1 1 3 1 -20000000 30000000 1 2 1 1 -15000000 -20000000 1 3 2 1 20000000 20000000 1 4 3 1 -20000000 30000000 1 5 0 1 -25000000 -20000000 2 0 3 0 10000000 -15000000 2 1 0 0 -15000000 -25000000 2 2 1 0 -20000000 10000000 2 3 1 1 -15000000 -15000000 2 4 0 1 20000000 0 3 0 1 1 15000000 -25000000 3 1 2 1 15000000 15000000 3 2 0 1 -20000000 -20000000 3 3 1 1 0 5000000 3 4 2 1 20000000 -30000000 4 0 0 0 25000000 -5000000 4 1 1 1 10000000 -10000000 4 2 2 1 10000000 10000000 4 3 1 1 30000000 -30000000 4 4 1 1 -20000000 -30000000 4 5 1 1 0 15000000 5 0 3 1 -25000000 15000000 5 1 0 1 -5000000 30000000 5 2 1 1 -20000000 -15000000 6 0 0 1 -20000000 5000000 6 1 0 1 30000000 15000000 6 2 1 1 -20000000 25000000 6 3 1 0 5000000 10000000 6 4 1 0 -15000000 20000000 6 5 0 1 -30000000 5000000 6 6 1 0 30000000 -25000000 17 19 18 21 20 17 1 4 2 3 12 14 11 15 24 22 9 27
FANOUT 3 32 1 0 1 0 -5000000 -20000000 1 1 3 1 -20000000 30000000 1 2 1 1 -15000000 -20000000 1 3 2 1 20000000 20000000 1 4 3 1 -20000000 30000000 1 5 0 1 -25000000 -20000000 2 0 3 0 10000000 -15000000 2 1 0 0 -15000000 -25000000 2 2 1 0 -20000000 10000000 2 3 1 1 -15000000 -15000000 2 4 0 1 20000000 0 3 0 1 1 15000000 -25000000 3 1 2 1 15000000 15000000 3 2 0 1 -20000000 -20000000 3 3 1 1 0 5000000 3 4 2 1 20000000 -30000000 4 0 0 0 25000000 -5000000 4 1 1 1 10000000 -10000000 4 2 2 1 10000000 10000000 4 3 1 1 30000000 -30000000 4 4 1 1 -20000000 -30000000 4 5 1 1 0 15000000 5 0 3 1 -25000000 15000000 5 1 0 1 -5000000 30000000 5 2 1 1 -20000000 -15000000 6 0 0 1 -20000000 5000000 6 1 0 1 30000000 15000000 6 2 1 1 -20000000 25000000 6 3 1 0 5000000 10000000 6 4 1 0 -15000000 20000000 6 5 0 1 -30000000 5000000 6 6 1 0 30000000 -25000000 17 18 17 20 21 19 1 2 4 3 12 14 11 15 22 24 9 27
FANOUT 4 32 1 0 1 0 -5000000 -20000000 1 1 3 1 -20000000 30000000 1 2 1 1 -15000000 -20000000 1 3 2 1 20000000 20000000 1 4 3 1 -20000000 30000000 1 5 0 1 -25000000 -20000000 2 0 3 0 10000000 -15000000 2 1 0 0 -15000000 -25000000 2 2 1 0 -20000000 10000000 2 3 1 1 -15000000 -15000000 2 4 0 1 20000000 0 3 0 1 1 15000000 -25000000 3 1 2 1 15000000 15000000 3 2 0 1 -20000000 -20000000 3 3 1 1 0 5000000 3 4 2 1 20000000 -30000000 4 0 0 0 25000000 -5000000 4 1 1 1 10000000 -10000000 4 2 2 1 10000000 10000000 4 3 1 1 30000000 -30000000 4 4 1 1 -20000000 -30000000 4 5 1 1 0 15000000 5 0 3 1 -25000000 15000000 5 1 0 1 -5000000 30000000 5 2 1 1 -20000000 -15000000 6 0 0 1 -20000000 5000000 6 1 0 1 30000000 15000000 6 2 1 1 -20000000 25000000 6 3 1 0 5000000 10000000 6 4 1 0 -15000000 20000000 6 5 0 1 -30000000 5000000 6 6 1 0 30000000 -25000000 17 17 18 19 20 21 1 2 3 4 11 12 14 15 22 24 9 27
FANOUT 0 17 1 0 2 1 -20000000 -25000000 1 1 1 1 -10000000 25000000 1 2 1 0 -5000000 10000000 1 3 1 1 -20000000 5000000 1 4 2 1 25000000 -20000000 1 5 1 0 15000000 0 1 6 1 1 10000000 5000000 1 7 3 1 10000000 -15000000 2 0 1 1 20000000 -10000000 2 1 3 1 -15000000 -10000000 2 2 2 1 30000000 -5000000 2 3 3 1 -15000000 10000000 3 0 2 1 -20000000 -15000000 3 1 0 1 15000000 -15000000 3 2 1 1 30000000 30000000 3 3 2 1 5000000 5000000 3 4 2 1 -25000000 15000000 14 1 4 0 3 7 6 10 11 9 8 14 12 16 15
FANOUT 1 17 1 0 2 1 -20000000 -25000000 1 1 1 1 -10000000 25000000 1 2 1 0 -5000000 10000000 1 3 1 1 -20000000 5000000 1 4 2 1 25000000 -20000000 1 5 1 0 15000000 0 1 6 1 1 10000000 5000000 1 7 3 1 10000000 -15000000 2 0 1 1 20000000 -10000000 2 1 3 1 -15000000 -10000000 2 2 2 1 30000000 -5000000 2 3 3 1 -15000000 10000000 3 0 2 1 -20000000 -15000000 3 1 0 1 15000000 -15000000 3 2 1 1 30000000 30000000 3 3 2 1 5000000 5000000 3 4 2 1 -25000000 15000000 14 6 7 3 0 4 1 8 9 11 10 15 16 12 14
FANOUT 2 17 1 0 2 1 -20000000 -25000000 1 1 1 1 -10000000 25000000 1 2 1 0 -5000000 10000000 1 3 1 1 -20000000 5000000 1 4 2 1 25000000 -20000000 1 5 1 0 15000000 0 1 6 1 1 10000000 5000000 1 7 3 1 10000000 -15000000 2 0 1 1 20000000 -10000000 2 1 3 1 -15000000 -10000000 2 2 2 1 30000000 -5000000 2 3 3 1 -15000000 10000000 3 0 2 1 -20000000 -15000000 3 1 0 1 15000000 -15000000 3 2 1 1 30000000 30000000 3 3 2 1 5000000 5000000 3 4 2 1 -25000000 15000000 14 6 0 1 3 4 7 8 10 9 11 12 15 16 14
FANOUT 3 17 1 0 2 1 -20000000 -25000000 1 1 1 1 -10000000 25000000 1 2 1 0 -5000000 10000000 1 3 1 1 -20000000 5000000 1 4 2 1 25000000 -20000000 1 5 1 0 15000000 0 1 6 1 1 10000000 5000000 1 7 3 1 10000000 -15000000 2 0 1 1 20000000 -10000000 2 1 3 1 -15000000 -10000000 2 2 2 1 30000000 -5000000 2 3 3 1 -15000000 10000000 3 0 2 1 -20000000 -15000000 3 1 0 1 15000000 -15000000 3 2 1 1 30000000 30000000 3 3 2 1 5000000 5000000 3 4 2 1 -25000000 15000000 14 3 4 6 7 0 1 8 9 11 10 12 16 15 14
FANOUT 4 17 1 0 2 1 -20000000 -25000000 1 1 1 1 -10000000 25000000 1 2 1 0 -5000000 10000000 1 3 1 1 -20000000 5000000 1 4 2 1 25000000 -20000000 1 5 1 0 15000000 0 1 6 1 1 10000000 5000000 1 7 3 1 10000000 -15000000 2 0 1 1 20000000 -10000000 2 1 3 1 -15000000 -10000000 2 2 2 1 30000000 -5000000 2 3 3 1 -15000000 10000000 3 0 2 1 -20000000 -15000000 3 1 0 1 15000000 -15000000 3 2 1 1 30000000 30000000 3 3 2 1 5000000 5000000 3 4 2 1 -25000000 15000000 14 0 1 3 4 6 7 8 9 10 11 12 14 15 16
FANOUT 0 23 1 0 3 1 -25000000 5000000 1 1 0 1 5000000 30000000 2 0 3 1 -30000000 -20000000 2 1 2 1 5000000 -30000000 2 2 0 0 25000000 -15000000 2 3 3 1 -25000000 20000000 2 4 2 1 0 -10000000 3 0 0 0 -10000000 0 3 1 3 1 -20000000 30000000 3 2 1 1 -30000000 -10000000 4 0 2 1 5000000 0 4 1 1 1 0 -25000000 4 2 3 0 10000000 -5000000 4 3 1 1 -30000000 -20000000 4 4 0 1 25000000 15000000 4 5 3 1 25000000 30000000 4 6 3 1 -25000000 20000000 4 7 0 1 -25000000 25000000 5 0 2 0 15000000 20000000 5 1 0 1 -25000000 -25000000 5 2 1 1 30000000 0 5 3 0 0 30000000 5000000 5 4 3 1 30000000 10000000 14 15 13 16 11 10 5 3 2 6 8 9 20 22 0
FANOUT 1 23 1 0 3 1 -25000000 5000000 1 1 0 1 5000000 30000000 2 0 3 1 -30000000 -20000000 2 1 2 1 5000000 -30000000 2 2 0 0 25000000 -15000000 2 3 3 1 -25000000 20000000 2 4 2 1 0 -10000000 3 0 0 0 -10000000 0 3 1 3 1 -20000000 30000000 3 2 1 1 -30000000 -10000000 4 0 2 1 5000000 0 4 1 1 1 0 -25000000 4 2 3 0 10000000 -5000000 4 3 1 1 -30000000 -20000000 4 4 0 1 25000000 15000000 4 5 3 1 25000000 30000000 4 6 3 1 -25000000 20000000 4 7 0 1 -25000000 25000000 5 0 2 0 15000000 20000000 5 1 0 1 -25000000 -25000000 5 2 1 1 30000000 0 5 3 0 0 30000000 5000000 5 4 3 1 30000000 10000000 14 10 11 16 13 15 6 2 3 5 8 9 20 22 0
FANOUT 2 23 1 0 3 1 -25000000 5000000 1 1 0 1 5000000 30000000 2 0 3 1 -30000000 -20000000 2 1 2 1 5000000 -30000000 2 2 0 0 25000000 -15000000 2 3 3 1 -25000000 20000000 2 4 2 1 0 -10000000 3 0 0 0 -10000000 0 3 1 3 1 -20000000 30000000 3 2 1 1 -30000000 -10000000 4 0 2 1 5000000 0 4 1 1 1 0 -25000000 4 2 3 0 10000000 -5000000 4 3 1 1 -30000000 -20000000 4 4 0 1 25000000 15000000 4 5 3 1 25000000 30000000 4 6 3 1 -25000000 20000000 4 7 0 1 -25000000 25000000 5 0 2 0 15000000 20000000 5 1 0 1 -25000000 -25000000 5 2 1 1 30000000 0 5 3 0 0 30000000 5000000 5 4 3 1 30000000 10000000 14 16 13 10 15 11 5 6 3 2 9 8 22 20 0
FANOUT 3 23 1 0 3 1 -25000000 5000000 1 1 0 1 5000000 30000000 2 0 3 1 -30000000 -20000000 2 1 2 1 5000000 -30000000 2 2 0 0 25000000 -15000000 2 3 3 1 -25000000 20000000 2 4 2 1 0 -10000000 3 0 0 0 -10000000 0 3 1 3 1 -20000000 30000000 3 2 1 1 -30000000 -10000000 4 0 2 1 5000000 0 4 1 1 1 0 -25000000 4 2 3 0 10000000 -5000000 4 3 1 1 -30000000 -20000000 4 4 0 1 25000000 15000000 4 5 3 1 25000000 30000000 4 6 3 1 -25000000 20000000 4 7 0 1 -25000000 25000000 5 0 2 0 15000000 20000000 5 1 0 1 -25000000 -25000000 5 2 1 1 30000000 0 5 3 0 0 30000000 5000000 5 4 3 1 30000000 10000000 14 16 11 13 10 15 5 2 6 3 9 8 20 22 0
FANOUT 4 23 1 0 3 1 -25000000 5000000 1 1 0 1 5000000 30000000 2 0 3 1 -30000000 -20000000 2 1 2 1 5000000 -30000000 2 2 0 0 25000000 -15000000 2 3 3 1 -25000000 20000000 2 4 2 1 0 -10000000 3 0 0 0 -10000000 0 3 1 3 1 -20000000 30000000 3 2 1 1 -30000000 -10000000 4 0 2 1 5000000 0 4 1 1 1 0 -25000000 4 2 3 0 10000000 -5000000 4 3 1 1 -30000000 -20000000 4 4 0 1 25000000 15000000 4 5 3 1 25000000 30000000 4 6 3 1 -25000000 20000000 4 7 0 1 -25000000 25000000 5 0 2 0 15000000 20000000 5 1 0 1 -25000000 -25000000 5 2 1 1 30000000 0 5 3 0 0 30000000 5000000 5 4 3 1 30000000 10000000 14 10 11 13 15 16 2 3 5 6 8 9 20 22 0
FANOUT 0 22 1 0 1 1 20000000 -30000000 1 1 2 1 -30000000 -30000000 1 2 0 1 10000000 0 2 0 2 1 15000000 -30000000 2 1 0 0 -30000000 0 3 0 0 1 5000000 25000000 3 1 2 1 10000000 5000000 3 2 2 1 30000000 -10000000 3 3 3 0 -25000000 25000000 3 4 1 0 10000000 -30000000 4 0 0 1 0 5000000 4 1 0 1 15000000 -20000000 4 2 0 1 15000000 -20000000 4 3 1 1 -10000000 -10000000 5 0 1 1 -10000000 -20000000 5 1 0 1 30000000 20000000 6 0 0 1 -20000000 10000000 6 1 3 1 20000000 5000000 6 2 0 1 25000000 10000000 6 3 1 1 -5000000 20000000 6 4 1 1 5000000 30000000 6 5 3 1 25000000 30000000 11 17 19 21 20 0 1 6 7 3 13 14
FANOUT 1 22 1 0 1 1 20000000 -30000000 1 1 2 1 -30000000 -30000000 1 2 0 1 10000000 0 2 0 2 1 15000000 -30000000 2 1 0 0 -30000000 0 3 0 0 1 5000000 25000000 3 1 2 1 10000000 5000000 3 2 2 1 30000000 -10000000 3 3 3 0 -25000000 25000000 3 4 1 0 10000000 -30000000 4 0 0 1 0 5000000 4 1 0 1 15000000 -20000000 4 2 0 1 15000000 -20000000 4 3 1 1 -10000000 -10000000 5 0 1 1 -10000000 -20000000 5 1 0 1 30000000 20000000 6 0 0 1 -20000000 10000000 6 1 3 1 20000000 5000000 6 2 0 1 25000000 10000000 6 3 1 1 -5000000 20000000 6 4 1 1 5000000 30000000 6 5 3 1 25000000 30000000 11 20 19 21 17 0 1 6 7 3 13 14
FANOUT 2 22 1 0 1 1 20000000 -30000000 1 1 2 1 -30000000 -30000000 1 2 0 1 10000000 0 2 0 2 1 15000000 -30000000 2 1 0 0 -30000000 0 3 0 0 1 5000000 25000000 3 1 2 1 10000000 5000000 3 2 2 1 30000000 -10000000 3 3 3 0 -25000000 25000000 3 4 1 0 10000000 -30000000 4 0 0 1 0 5000000 4 1 0 1 15000000 -20000000 4 2 0 1 15000000 -20000000 4 3 1 1 -10000000 -10000000 5 0 1 1 -10000000 -20000000 5 1 0 1 30000000 20000000 6 0 0 1 -20000000 10000000 6 1 3 1 20000000 5000000 6 2 0 1 25000000 10000000 6 3 1 1 -5000000 20000000 6 4 1 1 5000000 30000000 6 5 3 1 25000000 30000000 11 19 20 17 21 0 1 6 7 3 13 14
FANOUT 3 22 1 0 1 1 20000000 -30000000 1 1 2 1 -30000000 -30000000 1 2 0 1 10000000 0 2 0 2 1 15000000 -30000000 2 1 0 0 -30000000 0 3 0 0 1 5000000 25000000 3 1 2 1 10000000 5000000 3 2 2 1 30000000 -10000000 3 3 3 0 -25000000 25000000 3 4 1 0 10000000 -30000000 4 0 0 1 0 5000000 4 1 0 1 15000000 -20000000 4 2 0 1 15000000 -20000000 4 3 1 1 -10000000 -10000000 5 0 1 1 -10000000 -20000000 5 1 0 1 30000000 20000000 6 0 0 1 -20000000 10000000 6 1 3 1 20000000 5000000 6 2 0 1 25000000 10000000 6 3 1 1 -5000000 20000000 6 4 1 1 5000000 30000000 6 5 3 1 25000000 30000000 11 17 20 19 21 0 1 6 7 3 13 14
FANOUT 4 22 1 0 1 1 20000000 -30000000 1 1 2 1 -30000000 -30000000 1 2 0 1 10000000 0 2 0 2 1 15000000 -30000000 2 1 0 0 -30000000 0 3 0 0 1 5000000 25000000 3 1 2 1 10000000 5000000 3 2 2 1 30000000 -10000000 3 3 3 0 -25000000 25000000 3 4 1 0 10000000 -30000000 4 0 0 1 0 5000000 4 1 0 1 15000000 -20000000 4 2 0 1 15000000 -20000000 4 3 1 1 -10000000 -10000000 5 0 1 1 -10000000 -20000000 5 1 0 1 30000000 20000000 6 0 0 1 -20000000 10000000 6 1 3 1 20000000 5000000 6 2 0 1 25000000 10000000 6 3 1 1 -5000000 20000000 6 4 1 1 5000000 30000000 6 5 3 1 25000000 30000000 11 17 19 20 21 0 1 6 7 3 13 14
FANOUT 0 1 1 0 0 1 -5000000 20000000 0
FANOUT 1 1 1 0 0 1 -5000000 20000000 0
FANOUT 2 1 1 0 0 1 -5000000 20000000 0
FANOUT 3 1 1 0 0 1 -5000000 20000000 0
FANOUT 4 1 1 0 0 1 -5000000 20000000 0
FANOUT 0 23 1 0 2 0 10000000 20000000 1 1 1 1 25000000 15000000 1 2 0 1 -25000000 25000000 1 3 0 1 15000000 0 1 4 1 1 -5000000 -30000000 1 5 2 1 -25000000 0 2 0 1 1 -30000000 30000000 2 1 2 0 -15000000 -10000000 2 2 1 0 5000000 10000000 2 3 1 0 -20000000 0 2 4 3 1 10000000 -5000000 2 5 2 1 -15000000 15000000 2 6 2 1 -20000000 -15000000 2 7 0 1 -15000000 30000000 2 8 3 1 -20000000 -15000000 3 0 1 1 -5000000 15000000 3 1 2 1 -5000000 10000000 3 2 3 0 15000000 5000000 3 3 1 0 -15000000 -10000000 3 4 1 1 30000000 -30000000 3 5 0 1 -20000000 0 3 6 0 1 -30000000 15000000 3 7 0 0 -5000000 30000000 11 6 10 12 14 11 1 4 5 19 15 16
FANOUT 1 23 1 0 2 0 10000000 20000000 1 1 1 1 25000000 15000000 1 2 0 1 -25000000 25000000 1 3 0 1 15000000 0 1 4 1 1 -5000000 -30000000 1 5 2 1 -25000000 0 2 0 1 1 -30000000 30000000 2 1 2 0 -15000000 -10000000 2 2 1 0 5000000 10000000 2 3 1 0 -20000000 0 2 4 3 1 10000000 -5000000 2 5 2 1 -15000000 15000000 2 6 2 1 -20000000 -15000000 2 7 0 1 -15000000 30000000 2 8 3 1 -20000000 -15000000 3 0 1 1 -5000000 15000000 3 1 2 1 -5000000 10000000 3 2 3 0 15000000 5000000 3 3 1 0 -15000000 -10000000 3 4 1 1 30000000 -30000000 3 5 0 1 -20000000 0 3 6 0 1 -30000000 15000000 3 7 0 0 -5000000 30000000 11 11 12 14 10 6 5 4 1 16 15 19
FANOUT 2 23 1 0 2 0 10000000 20000000 1 1 1 1 25000000 15000000 1 2 0 1 -25000000 25000000 1 3 0 1 15000000 0 1 4 1 1 -5000000 -30000000 1 5 2 1 -25000000 0 2 0 1 1 -30000000 30000000 2 1 2 0 -15000000 -10000000 2 2 1 0 5000000 10000000 2 3 1 0 -20000000 0 2 4 3 1 10000000 -5000000 2 5 2 1 -15000000 15000000 2 6 2 1 -20000000 -15000000 2 7 0 1 -15000000 30000000 2 8 3 1 -20000000 -15000000 3 0 1 1 -5000000 15000000 3 1 2 1 -5000000 10000000 3 2 3 0 15000000 5000000 3 3 1 0 -15000000 -10000000 3 4 1 1 30000000 -30000000 3 5 0 1 -20000000 0 3 6 0 1 -30000000 15000000 3 7 0 0 -5000000 30000000 11 12 10 11 6 14 5 1 4 15 16 19
FANOUT 3 23 1 0 2 0 10000000 20000000 1 1 1 1 25000000 15000000 1 2 0 1 -25000000 25000000 1 3 0 1 15000000 0 1 4 1 1 -5000000 -30000000 1 5 2 1 -25000000 0 2 0 1 1 -30000000 30000000 2 1 2 0 -15000000 -10000000 2 2 1 0 5000000 10000000 2 3 1 0 -20000000 0 2 4 3 1 10000000 -5000000 2 5 2 1 -15000000 15000000 2 6 2 1 -20000000 -15000000 2 7 0 1 -15000000 30000000 2 8 3 1 -20000000 -15000000 3 0 1 1 -5000000 15000000 3 1 2 1 -5000000 10000000 3 2 3 0 15000000 5000000 3 3 1 0 -15000000 -10000000 3 4 1 1 30000000 -30000000 3 5 0 1 -20000000 0 3 6 0 1 -30000000 15000000 3 7 0 0 -5000000 30000000 11 11 12 14 6 10 5 1 4 15 16 19
FANOUT 4 23 1 0 2 0 10000000 20000000 1 1 1 1 25000000 15000000 1 2 0 1 -25000000 25000000 1 3 0 1 15000000 0 1 4 1 1 -5000000 -30000000 1 5 2 1 -25000000 0 2 0 1 1 -30000000 30000000 2 1 2 0 -15000000 -10000000 2 2 1 0 5000000 10000000 2 3 1 0 -20000000 0 2 4 3 1 10000000 -5000000 2 5 2 1 -15000000 15000000 2 6 2 1 -20000000 -15000000 2 7 0 1 -15000000 30000000 2 8 3 1 -20000000 -15000000 3 0 1 1 -5000000 15000000 3 1 2 1 -5000000 10000000 3 2 3 0 15000000 5000000 3 3 1 0 -15000000 -10000000 3 4 1 1 30000000 -30000000 3 5 0 1 -20000000 0 3 6 0 1 -30000000 15000000 3 7 0 0 -5000000 30000000 11 6 10 11 12 14 1 4 5 15 16 19
FANOUT 0 10 1 0 1 1 20000000 30000000 2 0 1 1 -5000000 10000000 2 1 1 1 -10000000 5000000 2 2 3 1 -30000000 25000000 2 3 0 1 -15000000 15000000 2 4 1 1 30000000 10000000 2 5 0 0 5000000 20000000 2 6 1 1 10000000 20000000 2 7 0 0 10000000 10000000 2 8 2 1 -10000000 0 7 5 3 7 9 2 1 0
FANOUT 1 10 1 0 1 1 20000000 30000000 2 0 1 1 -5000000 10000000 2 1 1 1 -10000000 5000000 2 2 3 1 -30000000 25000000 2 3 0 1 -15000000 15000000 2 4 1 1 30000000 10000000 2 5 0 0 5000000 20000000 2 6 1 1 10000000 20000000 2 7 0 0 10000000 10000000 2 8 2 1 -10000000 0 7 1 2 9 7 3 5 0
FANOUT 2 10 1 0 1 1 20000000 30000000 2 0 1 1 -5000000 10000000 2 1 1 1 -10000000 5000000 2 2 3 1 -30000000 25000000 2 3 0 1 -15000000 15000000 2 4 1 1 30000000 10000000 2 5 0 0 5000000 20000000 2 6 1 1 10000000 20000000 2 7 0 0 10000000 10000000 2 8 2 1 -10000000 0 7 1 2 7 5 3 9 0
FANOUT 3 10 1 0 1 1 20000000 30000000 2 0 1 1 -5000000 10000000 2 1 1 1 -10000000 5000000 2 2 3 1 -30000000 25000000 2 3 0 1 -15000000 15000000 2 4 1 1 30000000 10000000 2 5 0 0 5000000 20000000 2 6 1 1 10000000 20000000 2 7 0 0 10000000 10000000 2 8 2 1 -10000000 0 7 1 2 7 9 3 5 0
FANOUT 4 10 1 0 1 1 20000000 30000000 2 0 1 1 -5000000 10000000 2 1 1 1 -10000000 5000000 2 2 3 1 -30000000 25000000 2 3 0 1 -15000000 15000000 2 4 1 1 30000000 10000000 2 5 0 0 5000000 20000000 2 6 1 1 10000000 20000000 2 7 0 0 10000000 10000000 2 8 2 1 -10000000 0 7 1 2 3 5 7 9 0
FANOUT 0 26 1 0 2 1 -30000000 20000000 2 0 1 0 30000000 15000000 2 1 3 0 15000000 -30000000 2 2 2 1 -10000000 20000000 2 3 0 1 -25000000 15000000 2 4 1 0 20000000 15000000 3 0 0 1 0 -25000000 3 1 0 1 30000000 -15000000 3 2 2 1 15000000 -15000000 3 3 2 0 20000000 -25000000 3 4 3 1 10000000 25000000 3 5 0 1 -25000000 30000000 3 6 0 1 5000000 5000000 4 0 2 1 30000000 -20000000 4 1 2 1 30000000 -20000000 4 2 1 1 -20000000 30000000 4 3 2 0 25000000 -10000000 4 4 0 1 10000000 -30000000 4 5 1 1 30000000 0 5 0 0 1 15000000 -5000000 5 1 3 1 -5000000 5000000 6 0 3 1 -15000000 10000000 6 1 0 1 -20000000 -5000000 6 2 1 0 -5000000 20000000 6 3 0 1 0 30000000 6 4 2 1 5000000 -20000000 11 15 13 14 18 8 10 21 25 0 3 20
FANOUT 1 26 1 0 2 1 -30000000 20000000 2 0 1 0 30000000 15000000 2 1 3 0 15000000 -30000000 2 2 2 1 -10000000 20000000 2 3 0 1 -25000000 15000000 2 4 1 0 20000000 15000000 3 0 0 1 0 -25000000 3 1 0 1 30000000 -15000000 3 2 2 1 15000000 -15000000 3 3 2 0 20000000 -25000000 3 4 3 1 10000000 25000000 3 5 0 1 -25000000 30000000 3 6 0 1 5000000 5000000 4 0 2 1 30000000 -20000000 4 1 2 1 30000000 -20000000 4 2 1 1 -20000000 30000000 4 3 2 0 25000000 -10000000 4 4 0 1 10000000 -30000000 4 5 1 1 30000000 0 5 0 0 1 15000000 -5000000 5 1 3 1 -5000000 5000000 6 0 3 1 -15000000 10000000 6 1 0 1 -20000000 -5000000 6 2 1 0 -5000000 20000000 6 3 0 1 0 30000000 6 4 2 1 5000000 -20000000 11 18 13 14 15 8 10 21 25 0 3 20
FANOUT 2 26 1 0 2 1 -30000000 20000000 2 0 1 0 30000000 15000000 2 1 3 0 15000000 -30000000 2 2 2 1 -10000000 20000000 2 3 0 1 -25000000 15000000 2 4 1 0 20000000 15000000 3 0 0 1 0 -25000000 3 1 0 1 30000000 -15000000 3 2 2 1 15000000 -15000000 3 3 2 0 20000000 -25000000 3 4 3 1 10000000 25000000 3 5 0 1 -25000000 30000000 3 6 0 1 5000000 5000000 4 0 2 1 30000000 -20000000 4 1 2 1 30000000 -20000000 4 2 1 1 -20000000 30000000 4 3 2 0 25000000 -10000000 4 4 0 1 10000000 -30000000 4 5 1 1 30000000 0 5 0 0 1 15000000 -5000000 5 1 3 1 -5000000 5000000 6 0 3 1 -15000000 10000000 6 1 0 1 -20000000 -5000000 6 2 1 0 -5000000 20000000 6 3 0 1 0 30000000 6 4 2 1 5000000 -20000000 11 13 14 18 15 8 10 21 25 0 3 20
FANOUT 3 26 1 0 2 1 -30000000 20000000 2 0 1 0 30000000 15000000 2 1 3 0 15000000 -30000000 2 2 2 1 -10000000 20000000 2 3 0 1 -25000000 15000000 2 4 1 0 20000000 15000000 3 0 0 1 0 -25000000 3 1 0 1 30000000 -15000000 3 2 2 1 15000000 -15000000 3 3 2 0 20000000 -25000000 3 4 3 1 10000000 25000000 3 5 0 1 -25000000 30000000 3 6 0 1 5000000 5000000 4 0 2 1 30000000 -20000000 4 1 2 1 30000000 -20000000 4 2 1 1 -20000000 30000000 4 3 2 0 25000000 -10000000 4 4 0 1 10000000 -30000000 4 5 1 1 30000000 0 5 0 0 1 15000000 -5000000 5 1 3 1 -5000000 5000000 6 0 3 1 -15000000 10000000 6 1 0 1 -20000000 -5000000 6 2 1 0 -5000000 20000000 6 3 0 1 0 30000000 6 4 2 1 5000000 -20000000 11 13 14 15 18 8 10 21 25 0 3 20
FANOUT 4 26 1 0 2 1 -30000000 20000000 2 0 1 0 30000000 15000000 2 1 3 0 15000000 -30000000 2 2 2 1 -10000000 20000000 2 3 0 1 -25000000 15000000 2 4 1 0 20000000 15000000 3 0 0 1 0 -25000000 3 1 0 1 30000000 -15000000 3 2 2 1 15000000 -15000000 3 3 2 0 20000000 -25000000 3 4 3 1 10000000 25000000 3 5 0 1 -25000000 30000000 3 6 0 1 5000000 5000000 4 0 2 1 30000000 -20000000 4 1 2 1 30000000 -20000000 4 2 1 1 -20000000 30000000 4 3 2 0 25000000 -10000000 4 4 0 1 10000000 -30000000 4 5 1 1 30000000 0 5 0 0 1 15000000 -5000000 5 1 3 1 -5000000 5000000 6 0 3 1 -15000000 10000000 6 1 0 1 -20000000 -5000000 6 2 1 0 -5000000 20000000 6 3 0 1 0 30000000 6 4 2 1 5000000 -20000000 11 13 14 15 18 8 10 21 25 0 3 20
FANOUT 0 24 1 0 0 1 10000000 -5000000 1 1 1 1 15000000 25000000 2 0 3 1 -20000000 -5000000 2 1 3 1 0 -5000000 2 2 2 1 -10000000 -5000000 3 0 0 1 -25000000 -5000000 3 1 0 1 30000000 -5000000 3 2 2 1 25000000 0 3 3 2 0 5000000 20000000 3 4 2 1 15000000 20000000 3 5 1 1 0 0 3 6 0 1 30000000 10000000 3 7 0 1 -30000000 25000000 4 0 3 1 -20000000 25000000 4 1 3 1 20000000 15000000 4 2 3 1 30000000 -5000000 4 3 2 1 20000000 10000000 5 0 3 1 -10000000 -30000000 5 1 0 1 30000000 0 5 2 0 0 -10000000 -20000000 5 3 1 0 25000000 -25000000 5 4 3 1 20000000 -10000000 5 5 0 1 20000000 25000000 5 6 3 0 -25000000 25000000 13 13 15 14 16 2 3 4 10 7 9 17 21 1
FANOUT 1 24 1 0 0 1 10000000 -5000000 1 1 1 1 15000000 25000000 2 0 3 1 -20000000 -5000000 2 1 3 1 0 -5000000 2 2 2 1 -10000000 -5000000 3 0 0 1 -25000000 -5000000 3 1 0 1 30000000 -5000000 3 2 2 1 25000000 0 3 3 2 0 5000000 20000000 3 4 2 1 15000000 20000000 3 5 1 1 0 0 3 6 0 1 30000000 10000000 3 7 0 1 -30000000 25000000 4 0 3 1 -20000000 25000000 4 1 3 1 20000000 15000000 4 2 3 1 30000000 -5000000 4 3 2 1 20000000 10000000 5 0 3 1 -10000000 -30000000 5 1 0 1 30000000 0 5 2 0 0 -10000000 -20000000 5 3 1 0 25000000 -25000000 5 4 3 1 20000000 -10000000 5 5 0 1 20000000 25000000 5 6 3 0 -25000000 25000000 13 16 14 15 13 4 2 3 7 9 10 17 21 1
FANOUT 2 24 1 0 0 1 10000000 -5000000 1 1 1 1 15000000 25000000 2 0 3 1 -20000000 -5000000 2 1 3 1 0 -5000000 2 2 2 1 -10000000 -5000000 3 0 0 1 -25000000 -5000000 3 1 0 1 30000000 -5000000 3 2 2 1 25000000 0 3 3 2 0 5000000 20000000 3 4 2 1 15000000 20000000 3 5 1 1 0 0 3 6 0 1 30000000 10000000 3 7 0 1 -30000000 25000000 4 0 3 1 -20000000 25000000 4 1 3 1 20000000 15000000 4 2 3 1 30000000 -5000000 4 3 2 1 20000000 10000000 5 0 3 1 -10000000 -30000000 5 1 0 1 30000000 0 5 2 0 0 -10000000 -20000000 5 3 1 0 25000000 -25000000 5 4 3 1 20000000 -10000000 5 5 0 1 20000000 25000000 5 6 3 0 -25000000 25000000 13 13 15 16 14 2 3 4 9 7 10 21 17 1
FANOUT 3 24 1 0 0 1 10000000 -5000000 1 1 1 1 15000000 25000000 2 0 3 1 -20000000 -5000000 2 1 3 1 0 -5000000 2 2 2 1 -10000000 -5000000 3 0 0 1 -25000000 -5000000 3 1 0 1 30000000 -5000000 3 2 2 1 25000000 0 3 3 2 0 5000000 20000000 3 4 2 1 15000000 20000000 3 5 1 1 0 0 3 6 0 1 30000000 10000000 3 7 0 1 -30000000 25000000 4 0 3 1 -20000000 25000000 4 1 3 1 20000000 15000000 4 2 3 1 30000000 -5000000 4 3 2 1 20000000 10000000 5 0 3 1 -10000000 -30000000 5 1 0 1 30000000 0 5 2 0 0 -10000000 -20000000 5 3 1 0 25000000 -25000000 5 4 3 1 20000000 -10000000 5 5 0 1 20000000 25000000 5 6 3 0 -25000000 25000000 13 16 14 15 13 3 4 2 7 9 10 21 17 1
FANOUT 4 24 1 0 0 1 10000000 -5000000 1 1 1 1 15000000 25000000 2 0 3 1 -20000000 -5000000 2 1 3 1 0 -5000000 2 2 2 1 -10000000 -5000000 3 0 0 1 -25000000 -5000000 3 1 0 1 30000000 -5000000 3 2 2 1 25000000 0 3 3 2 0 5000000 20000000 3 4 2 1 15000000 20000000 3 5 1 1 0 0 3 6 0 1 30000000 10000000 3 7 0 1 -30000000 25000000 4 0 3 1 -20000000 25000000 4 1 3 1 20000000 15000000 4 2 3 1 30000000 -5000000 4 3 2 1 20000000 10000000 5 0 3 1 -10000000 -30000000 5 1 0 1 30000000 0 5 2 0 0 -10000000 -20000000 5 3 1 0 25000000 -25000000 5 4 3 1 20000000 -10000000 5 5 0 1 20000000 25000000 5 6 3 0 -25000000 25000000 13 13 14 15 16 2 3 4 7 9 10 17 21 1
FANOUT 0 15 1 0 3 1 25000000 20000000 1 1 2 1 15000000 15000000 1 2 0 0 20000000 25000000 2 0 3 1 -30000000 0 2 1 2 0 -30000000 0 2 2 1 0 -30000000 20000000 2 3 2 1 30000000 -5000000 2 4 2 1 20000000 -10000000 3 0 3 1 10000000 15000000 3 1 3 1 -15000000 -30000000 3 2 1 1 30000000 -10000000 4 0 2 1 20000000 -10000000 4 1 0 1 30000000 -5000000 4 2 2 1 -15000000 -20000000 4 3 0 1 0 -20000000 10 3 6 7 9 8 10 0 1 11 13
FANOUT 1 15 1 0 3 1 25000000 20000000 1 1 2 1 15000000 15000000 1 2 0 0 20000000 25000000 2 0 3 1 -30000000 0 2 1 2 0 -30000000 0 2 2 1 0 -30000000 20000000 2 3 2 1 30000000 -5000000 2 4 2 1 20000000 -10000000 3 0 3 1 10000000 15000000 3 1 3 1 -15000000 -30000000 3 2 1 1 30000000 -10000000 4 0 2 1 20000000 -10000000 4 1 0 1 30000000 -5000000 4 2 2 1 -15000000 -20000000 4 3 0 1 0 -20000000 10 7 6 3 10 8 9 0 1 11 13
FANOUT 2 15 1 0 3 1 25000000 20000000 1 1 2 1 15000000 15000000 1 2 0 0 20000000 25000000 2 0 3 1 -30000000 0 2 1 2 0 -30000000 0 2 2 1 0 -30000000 20000000 2 3 2 1 30000000 -5000000 2 4 2 1 20000000 -10000000 3 0 3 1 10000000 15000000 3 1 3 1 -15000000 -30000000 3 2 1 1 30000000 -10000000 4 0 2 1 20000000 -10000000 4 1 0 1 30000000 -5000000 4 2 2 1 -15000000 -20000000 4 3 0 1 0 -20000000 10 7 6 3 8 9 10 0 1 11 13
FANOUT 3 15 1 0 3 1 25000000 20000000 1 1 2 1 15000000 15000000 1 2 0 0 20000000 25000000 2 0 3 1 -30000000 0 2 1 2 0 -30000000 0 2 2 1 0 -30000000 20000000 2 3 2 1 30000000 -5000000 2 4 2 1 20000000 -10000000 3 0 3 1 10000000 15000000 3 1 3 1 -15000000 -30000000 3 2 1 1 30000000 -10000000 4 0 2 1 20000000 -10000000 4 1 0 1 30000000 -5000000 4 2 2 1 -15000000 -20000000 4 3 0 1 0 -20000000 10 6 7 3 10 8 9 0 1 11 13
FANOUT 4 15 1 0 3 1 25000000 20000000 1 1 2 1 15000000 15000000 1 2 0 0 20000000 25000000 2 0 3 1 -30000000 0 2 1 2 0 -30000000 0 2 2 1 0 -30000000 20000000 2 3 2 1 30000000 -5000000 2 4 2 1 20000000 -10000000 3 0 3 1 10000000 15000000 3 1 3 1 -15000000 -30000000 3 2 1 1 30000000 -10000000 4 0 2 1 20000000 -10000000 4 1 0 1 30000000 -5000000 4 2 2 1 -15000000 -20000000 4 3 0 1 0 -20000000 10 3 6 7 8 9 10 0 1 11 13
FANOUT 0 34 1 0 3 1 -10000000 10000000 1 1 0 1 5000000 25000000 1 2 2 1 20000000 -30000000 1 3 3 1 -15000000 -30000000 1 4 1 1 -20000000 -10000000 1 5 3 1 10000000 25000000 1 6 2 1 -5000000 -25000000 1 7 2 0 10000000 10000000 2 0 3 1 10000000 5000000 2 1 2 0 20000000 5000000 2 2 1 1 20000000 20000000 2 3 1 1 -20000000 -25000000 2 4 3 0 -20000000 -30000000 2 5 2 1 15000000 -15000000 2 6 3 1 20000000 20000000 3 0 0 0 0 25000000 3 1 2 1 30000000 20000000 3 2 0 1 0 0 3 3 1 1 -10000000 -20000000 3 4 0 1 10000000 30000000 3 5 3 1 -20000000 0 3 6 0 0 -5000000 10000000 3 7 2 1 0 20000000 4 0 0 1 20000000 -15000000 4 1 2 0 20000000 15000000 5 0 1 1 -5000000 15000000 5 1 1 0 5000000 -25000000 5 2 1 1 25000000 -30000000 5 3 1 1 15000000 25000000 6 0 0 1 -20000000 -15000000 6 1 0 1 -25000000 -15000000 6 2 0 1 -20000000 -5000000 6 3 3 1 -20000000 20000000 6 4 0 0 10000000 -25000000 19 5 2 3 0 4 6 11 10 14 13 8 16 18 20 22 27 28 25 32
FANOUT 1 34 1 0 3 1 -10000000 10000000 1 1 0 1 5000000 25000000 1 2 2 1 20000000 -30000000 1 3 3 1 -15000000 -30000000 1 4 1 1 -20000000 -10000000 1 5 3 1 10000000 25000000 1 6 2 1 -5000000 -25000000 1 7 2 0 10000000 10000000 2 0 3 1 10000000 5000000 2 1 2 0 20000000 5000000 2 2 1 1 20000000 20000000 2 3 1 1 -20000000 -25000000 2 4 3 0 -20000000 -30000000 2 5 2 1 15000000 -15000000 2 6 3 1 20000000 20000000 3 0 0 0 0 25000000 3 1 2 1 30000000 20000000 3 2 0 1 0 0 3 3 1 1 -10000000 -20000000 3 4 0 1 10000000 30000000 3 5 3 1 -20000000 0 3 6 0 0 -5000000 10000000 3 7 2 1 0 20000000 4 0 0 1 20000000 -15000000 4 1 2 0 20000000 15000000 5 0 1 1 -5000000 15000000 5 1 1 0 5000000 -25000000 5 2 1 1 25000000 -30000000 5 3 1 1 15000000 25000000 6 0 0 1 -20000000 -15000000 6 1 0 1 -25000000 -15000000 6 2 0 1 -20000000 -5000000 6 3 3 1 -20000000 20000000 6 4 0 0 10000000 -25000000 19 6 4 0 3 2 5 8 13 10 14 11 22 20 18 16 25 28 27 32
FANOUT 2 34 1 0 3 1 -10000000 10000000 1 1 0 1 5000000 25000000 1 2 2 1 20000000 -30000000 1 3 3 1 -15000000 -30000000 1 4 1 1 -20000000 -10000000 1 5 3 1 10000000 25000000 1 6 2 1 -5000000 -25000000 1 7 2 0 10000000 10000000 2 0 3 1 10000000 5000000 2 1 2 0 20000000 5000000 2 2 1 1 20000000 20000000 2 3 1 1 -20000000 -25000000 2 4 3 0 -20000000 -30000000 2 5 2 1 15000000 -15000000 2 6 3 1 20000000 20000000 3 0 0 0 0 25000000 3 1 2 1 30000000 20000000 3 2 0 1 0 0 3 3 1 1 -10000000 -20000000 3 4 0 1 10000000 30000000 3 5 3 1 -20000000 0 3 6 0 0 -5000000 10000000 3 7 2 1 0 20000000 4 0 0 1 20000000 -15000000 4 1 2 0 20000000 15000000 5 0 1 1 -5000000 15000000 5 1 1 0 5000000 -25000000 5 2 1 1 25000000 -30000000 5 3 1 1 15000000 25000000 6 0 0 1 -20000000 -15000000 6 1 0 1 -25000000 -15000000 6 2 0 1 -20000000 -5000000 6 3 3 1 -20000000 20000000 6 4 0 0 10000000 -25000000 19 3 5 0 4 2 6 10 11 14 13 8 16 18 20 22 28 27 25 32
FANOUT 3 34 1 0 3 1 -10000000 10000000 1 1 0 1 5000000 25000000 1 2 2 1 20000000 -30000000 1 3 3 1 -15000000 -30000000 1 4 1 1 -20000000 -10000000 1 5 3 1 10000000 25000000 1 6 2 1 -5000000 -25000000 1 7 2 0 10000000 10000000 2 0 3 1 10000000 5000000 2 1 2 0 20000000 5000000 2 2 1 1 20000000 20000000 2 3 1 1 -20000000 -25000000 2 4 3 0 -20000000 -30000000 2 5 2 1 15000000 -15000000 2 6 3 1 20000000 20000000 3 0 0 0 0 25000000 3 1 2 1 30000000 20000000 3 2 0 1 0 0 3 3 1 1 -10000000 -20000000 3 4 0 1 10000000 30000000 3 5 3 1 -20000000 0 3 6 0 0 -5000000 10000000 3 7 2 1 0 20000000 4 0 0 1 20000000 -15000000 4 1 2 0 20000000 15000000 5 0 1 1 -5000000 15000000 5 1 1 0 5000000 -25000000 5 2 1 1 25000000 -30000000 5 3 1 1 15000000 25000000 6 0 0 1 -20000000 -15000000 6 1 0 1 -25000000 -15000000 6 2 0 1 -20000000 -5000000 6 3 3 1 -20000000 20000000 6 4 0 0 10000000 -25000000 19 5 0 3 4 6 2 10 14 8 11 13 22 18 16 20 25 28 27 32
FANOUT 4 34 1 0 3 1 -10000000 10000000 1 1 0 1 5000000 25000000 1 2 2 1 20000000 -30000000 1 3 3 1 -15000000 -30000000 1 4 1 1 -20000000 -10000000 1 5 3 1 10000000 25000000 1 6 2 1 -5000000 -25000000 1 7 2 0 10000000 10000000 2 0 3 1 10000000 5000000 2 1 2 0 20000000 5000000 2 2 1 1 20000000 20000000 2 3 1 1 -20000000 -25000000 2 4 3 0 -20000000 -30000000 2 5 2 1 15000000 -15000000 2 6 3 1 20000000 20000000 3 0 0 0 0 25000000 3 1 2 1 30000000 20000000 3 2 0 1 0 0 3 3 1 1 -10000000 -20000000 3 4 0 1 10000000 30000000 3 5 3 1 -20000000 0 3 6 0 0 -5000000 10000000 3 7 2 1 0 20000000 4 0 0 1 20000000 -15000000 4 1 2 0 20000000 15000000 5 0 1 1 -5000000 15000000 5 1 1 0 5000000 -25000000 5 2 1 1 25000000 -30000000 5 3 1 1 15000000 25000000 6 0 0 1 -20000000 -15000000 6 1 0 1 -25000000 -15000000 6 2 0 1 -20000000 -5000000 6 3 3 1 -20000000 20000000 6 4 0 0 10000000 -25000000 19 0 2 3 4 5 6 8 10 11 13 14 16 18 20 22 25 27 28 32
FANOUT 0 7 1 0 1 1 15000000 -5000000 1 1 3 1 -15000000 15000000 1 2 0 1 15000000 5000000 1 3 2 1 5000000 -15000000 1 4 3 1 15000000 10000000 1 5 0 1 30000000 30000000 1 6 2 1 25000000 20000000 5 1 6 3 0 4
FANOUT 1 7 1 0 1 1 15000000 -5000000 1 1 3 1 -15000000 15000000 1 2 0 1 15000000 5000000 1 3 2 1 5000000 -15000000 1 4 3 1 15000000 10000000 1 5 0 1 30000000 30000000 1 6 2 1 25000000 20000000 5 4 0 3 6 1
FANOUT 2 7 1 0 1 1 15000000 -5000000 1 1 3 1 -15000000 15000000 1 2 0 1 15000000 5000000 1 3 2 1 5000000 -15000000 1 4 3 1 15000000 10000000 1 5 0 1 30000000 30000000 1 6 2 1 25000000 20000000 5 1 4 3 6 0
FANOUT 3 7 1 0 1 1 15000000 -5000000 1 1 3 1 -15000000 15000000 1 2 0 1 15000000 5000000 1 3 2 1 5000000 -15000000 1 4 3 1 15000000 10000000 1 5 0 1 30000000 30000000 1 6 2 1 25000000 20000000 5 0 4 3 6 1
FANOUT 4 7 1 0 1 1 15000000 -5000000 1 1 3 1 -15000000 15000000 1 2 0 1 15000000 5000000 1 3 2 1 5000000 -15000000 1 4 3 1 15000000 10000000 1 5 0 1 30000000 30000000 1 6 2 1 25000000 20000000 5 0 1 3 4 6
FANOUT 0 21 1 0 0 1 -10000000 20000000 2 0 1 0 15000000 -25000000 2 1 3 0 5000000 5000000 2 2 2 0 20000000 -15000000 2 3 2 1 15000000 15000000 2 4 0 1 -5000000 -25000000 2 5 1 1 -20000000 -30000000 2 6 1 1 20000000 20000000 3 0 1 1 -25000000 20000000 3 1 2 1 15000000 15000000 3 2 0 1 30000000 -20000000 3 3 1 1 -5000000 20000000 3 4 2 1 -25000000 -20000000 3 5 0 1 -30000000 5000000 4 0 2 1 -5000000 15000000 4 1 3 0 20000000 5000000 4 2 3 1 15000000 5000000 4 3 3 1 30000000 -15000000 4 4 2 1 0 -25000000 4 5 3 1 0 15000000 4 6 2 1 -10000000 -20000000 13 17 20 14 18 19 16 12 9 8 11 6 7 4
FANOUT 1 21 1 0 0 1 -10000000 20000000 2 0 1 0 15000000 -25000000 2 1 3 0 5000000 5000000 2 2 2 0 20000000 -15000000 2 3 2 1 15000000 15000000 2 4 0 1 -5000000 -25000000 2 5 1 1 -20000000 -30000000 2 6 1 1 20000000 20000000 3 0 1 1 -25000000 20000000 3 1 2 1 15000000 15000000 3 2 0 1 30000000 -20000000 3 3 1 1 -5000000 20000000 3 4 2 1 -25000000 -20000000 3 5 0 1 -30000000 5000000 4 0 2 1 -5000000 15000000 4 1 3 0 20000000 5000000 4 2 3 1 15000000 5000000 4 3 3 1 30000000 -15000000 4 4 2 1 0 -25000000 4 5 3 1 0 15000000 4 6 2 1 -10000000 -20000000 13 16 19 18 14 20 17 11 8 9 12 4 7 6
FANOUT 2 21 1 0 0 1 -10000000 20000000 2 0 1 0 15000000 -25000000 2 1 3 0 5000000 5000000 2 2 2 0 20000000 -15000000 2 3 2 1 15000000 15000000 2 4 0 1 -5000000 -25000000 2 5 1 1 -20000000 -30000000 2 6 1 1 20000000 20000000 3 0 1 1 -25000000 20000000 3 1 2 1 15000000 15000000 3 2 0 1 30000000 -20000000 3 3 1 1 -5000000 20000000 3 4 2 1 -25000000 -20000000 3 5 0 1 -30000000 5000000 4 0 2 1 -5000000 15000000 4 1 3 0 20000000 5000000 4 2 3 1 15000000 5000000 4 3 3 1 30000000 -15000000 4 4 2 1 0 -25000000 4 5 3 1 0 15000000 4 6 2 1 -10000000 -20000000 13 16 18 19 20 14 17 9 12 8 11 4 7 6
FANOUT 3 21 1 0 0 1 -10000000 20000000 2 0 1 0 15000000 -25000000 2 1 3 0 5000000 5000000 2 2 2 0 20000000 -15000000 2 3 2 1 15000000 15000000 2 4 0 1 -5000000 -25000000 2 5 1 1 -20000000 -30000000 2 6 1 1 20000000 20000000 3 0 1 1 -25000000 20000000 3 1 2 1 15000000 15000000 3 2 0 1 30000000 -20000000 3 3 1 1 -5000000 20000000 3 4 2 1 -25000000 -20000000 3 5 0 1 -30000000 5000000 4 0 2 1 -5000000 15000000 4 1 3 0 20000000 5000000 4 2 3 1 15000000 5000000 4 3 3 1 30000000 -15000000 4 4 2 1 0 -25000000 4 5 3 1 0 15000000 4 6 2 1 -10000000 -20000000 13 19 14 16 20 18 17 9 11 12 8 4 7 6
FANOUT 4 21 1 0 0 1 -10000000 20000000 2 0 1 0 15000000 -25000000 2 1 3 0 5000000 5000000 2 2 2 0 20000000 -15000000 2 3 2 1 15000000 15000000 2 4 0 1 -5000000 -25000000 2 5 1 1 -20000000 -30000000 2 6 1 1 20000000 20000000 3 0 1 1 -25000000 20000000 3 1 2 1 15000000 15000000 3 2 0 1 30000000 -20000000 3 3 1 1 -5000000 20000000 3 4 2 1 -25000000 -20000000 3 5 0 1 -30000000 5000000 4 0 2 1 -5000000 15000000 4 1 3 0 20000000 5000000 4 2 3 1 15000000 5000000 4 3 3 1 30000000 -15000000 4 4 2 1 0 -25000000 4 5 3 1 0 15000000 4 6 2 1 -10000000 -20000000 13 14 16 17 18 19 20 8 9 11 12 4 6 7
FANOUT 0 37 1 0 2 1 20000000 30000000 1 1 1 1 5000000 -25000000 1 2 2 0 -25000000 5000000 2 0 3 1 -15000000 5000000 2 1 1 1 -15000000 30000000 2 2 1 1 25000000 15000000 2 3 2 0 25000000 25000000 3 0 3 1 -15000000 15000000 3 1 3 1 5000000 -20000000 3 2 3 1 -30000000 15000000 3 3 1 0 -20000000 -5000000 3 4 2 1 20000000 5000000 3 5 3 1 -20000000 5000000 3 6 2 1 -20000000 0 3 7 3 1 -5000000 10000000 3 8 1 0 25000000 -20000000 4 0 3 0 -5000000 30000000 4 1 1 1 -15000000 10000000 4 2 0 1 -20000000 30000000 4 3 0 1 20000000 -25000000 4 4 2 1 -10000000 -5000000 4 5 2 1 -25000000 25000000 4 6 3 0 -25000000 25000000 4 7 0 1 -5000000 20000000 5 0 3 0 -5000000 -10000000 5 1 1 1 20000000 -20000000 5 2 2 1 -10000000 -30000000 5 3 2 0 -10000000 -10000000 5 4 1 1 5000000 0 5 5 1 1 -30000000 15000000 6 0 0 1 -25000000 10000000 6 1 2 1 -30000000 15000000 6 2 3 0 -20000000 -30000000 6 3 2 1 30000000 -25000000 6 4 2 0 -20000000 -20000000 7 0 1 1 20000000 20000000 7 1 0 0 10000000 -25000000 22 11 8 9 7 13 12 14 29 25 26 28 5 4 3 21 20 17 0 1 31 33 35
FANOUT 1 37 1 0 2 1 20000000 30000000 1 1 1 1 5000000 -25000000 1 2 2 0 -25000000 5000000 2 0 3 1 -15000000 5000000 2 1 1 1 -15000000 30000000 2 2 1 1 25000000 15000000 2 3 2 0 25000000 25000000 3 0 3 1 -15000000 15000000 3 1 3 1 5000000 -20000000 3 2 3 1 -30000000 15000000 3 3 1 0 -20000000 -5000000 3 4 2 1 20000000 5000000 3 5 3 1 -20000000 5000000 3 6 2 1 -20000000 0 3 7 3 1 -5000000 10000000 3 8 1 0 25000000 -20000000 4 0 3 0 -5000000 30000000 4 1 1 1 -15000000 10000000 4 2 0 1 -20000000 30000000 4 3 0 1 20000000 -25000000 4 4 2 1 -10000000 -5000000 4 5 2 1 -25000000 25000000 4 6 3 0 -25000000 25000000 4 7 0 1 -5000000 20000000 5 0 3 0 -5000000 -10000000 5 1 1 1 20000000 -20000000 5 2 2 1 -10000000 -30000000 5 3 2 0 -10000000 -10000000 5 4 1 1 5000000 0 5 5 1 1 -30000000 15000000 6 0 0 1 -25000000 10000000 6 1 2 1 -30000000 15000000 6 2 3 0 -20000000 -30000000 6 3 2 1 30000000 -25000000 6 4 2 0 -20000000 -20000000 7 0 1 1 20000000 20000000 7 1 0 0 10000000 -25000000 22 14 12 13 7 9 8 11 28 26 25 29 3 4 5 17 20 21 0 1 31 33 35
FANOUT 2 37 1 0 2 1 20000000 30000000 1 1 1 1 5000000 -25000000 1 2 2 0 -25000000 5000000 2 0 3 1 -15000000 5000000 2 1 1 1 -15000000 30000000 2 2 1 1 25000000 15000000 2 3 2 0 25000000 25000000 3 0 3 1 -15000000 15000000 3 1 3 1 5000000 -20000000 3 2 3 1 -30000000 15000000 3 3 1 0 -20000000 -5000000 3 4 2 1 20000000 5000000 3 5 3 1 -20000000 5000000 3 6 2 1 -20000000 0 3 7 3 1 -5000000 10000000 3 8 1 0 25000000 -20000000 4 0 3 0 -5000000 30000000 4 1 1 1 -15000000 10000000 4 2 0 1 -20000000 30000000 4 3 0 1 20000000 -25000000 4 4 2 1 -10000000 -5000000 4 5 2 1 -25000000 25000000 4 6 3 0 -25000000 25000000 4 7 0 1 -5000000 20000000 5 0 3 0 -5000000 -10000000 5 1 1 1 20000000 -20000000 5 2 2 1 -10000000 -30000000 5 3 2 0 -10000000 -10000000 5 4 1 1 5000000 0 5 5 1 1 -30000000 15000000 6 0 0 1 -25000000 10000000 6 1 2 1 -30000000 15000000 6 2 3 0 -20000000 -30000000 6 3 2 1 30000000 -25000000 6 4 2 0 -20000000 -20000000 7 0 1 1 20000000 20000000 7 1 0 0 10000000 -25000000 22 12 13 7 9 14 8 11 25 26 29 28 3 5 4 20 21 17 0 1 31 33 35
FANOUT 3 37 1 0 2 1 20000000 30000000 1 1 1 1 5000000 -25000000 1 2 2 0 -25000000 5000000 2 0 3 1 -15000000 5000000 2 1 1 1 -15000000 30000000 2 2 1 1 25000000 15000000 2 3 2 0 25000000 25000000 3 0 3 1 -15000000 15000000 3 1 3 1 5000000 -20000000 3 2 3 1 -30000000 15000000 3 3 1 0 -20000000 -5000000 3 4 2 1 20000000 5000000 3 5 3 1 -20000000 5000000 3 6 2 1 -20000000 0 3 7 3 1 -5000000 10000000 3 8 1 0 25000000 -20000000 4 0 3 0 -5000000 30000000 4 1 1 1 -15000000 10000000 4 2 0 1 -20000000 30000000 4 3 0 1 20000000 -25000000 4 4 2 1 -10000000 -5000000 4 5 2 1 -25000000 25000000 4 6 3 0 -25000000 25000000 4 7 0 1 -5000000 20000000 5 0 3 0 -5000000 -10000000 5 1 1 1 20000000 -20000000 5 2 2 1 -10000000 -30000000 5 3 2 0 -10000000 -10000000 5 4 1 1 5000000 0 5 5 1 1 -30000000 15000000 6 0 0 1 -25000000 10000000 6 1 2 1 -30000000 15000000 6 2 3 0 -20000000 -30000000 6 3 2 1 30000000 -25000000 6 4 2 0 -20000000 -20000000 7 0 1 1 20000000 20000000 7 1 0 0 10000000 -25000000 22 7 12 13 9 14 8 11 29 28 25 26 3 4 5 17 20 21 1 0 31 33 35
FANOUT 4 37 1 0 2 1 20000000 30000000 1 1 1 1 5000000 -25000000 1 2 2 0 -25000000 5000000 2 0 3 1 -15000000 5000000 2 1 1 1 -15000000 30000000 2 2 1 1 25000000 15000000 2 3 2 0 25000000 25000000 3 0 3 1 -15000000 15000000 3 1 3 1 5000000 -20000000 3 2 3 1 -30000000 15000000 3 3 1 0 -20000000 -5000000 3 4 2 1 20000000 5000000 3 5 3 1 -20000000 5000000 3 6 2 1 -20000000 0 3 7 3 1 -5000000 10000000 3 8 1 0 25000000 -20000000 4 0 3 0 -5000000 30000000 4 1 1 1 -15000000 10000000 4 2 0 1 -20000000 30000000 4 3 0 1 20000000 -25000000 4 4 2 1 -10000000 -5000000 4 5 2 1 -25000000 25000000 4 6 3 0 -25000000 25000000 4 7 0 1 -5000000 20000000 5 0 3 0 -5000000 -10000000 5 1 1 1 20000000 -20000000 5 2 2 1 -10000000 -30000000 5 3 2 0 -10000000 -10000000 5 4 1 1 5000000 0 5 5 1 1 -30000000 15000000 6 0 0 1 -25000000 10000000 6 1 2 1 -30000000 15000000 6 2 3 0 -20000000 -30000000 6 3 2 1 30000000 -25000000 6 4 2 0 -20000000 -20000000 7 0 1 1 20000000 20000000 7 1 0 0 10000000 -25000000 22 7 8 9 11 12 13 14 25 26 28 29 3 4 5 17 20 21 0 1 31 33 35
FANOUT 0 37 1 0 3 0 -25000000 -30000000 1 1 0 1 5000000 10000000 1 2 1 1 -15000000 0 1 3 2 1 20000000 -15000000 1 4 2 1 -20000000 15000000 1 5 1 1 -25000000 30000000 1 6 2 0 25000000 -15000000 1 7 3 1 -15000000 20000000 1 8 1 1 30000000 5000000 2 0 0 1 -25000000 5000000 2 1 1 0 30000000 20000000 2 2 1 0 -15000000 -10000000 2 3 1 1 15000000 20000000 2 4 1 1 -10000000 15000000 2 5 3 1 -10000000 -30000000 2 6 0 0 0 -5000000 2 7 1 1 30000000 -25000000 3 0 3 1 0 15000000 3 1 0 1 -25000000 30000000 3 2 1 1 0 10000000 3 3 1 0 25000000 0 3 4 3 1 0 25000000 3 5 2 1 20000000 20000000 3 6 1 0 -10000000 -25000000 4 0 2 1 -15000000 20000000 4 1 0 1 -25000000 5000000 4 2 2 0 0 -20000000 4 3 1 0 10000000 -20000000 4 4 0 1 -15000000 0 5 0 2 0 10000000 -25000000 5 1 2 0 10000000 30000000 5 2 0 1 0 -10000000 5 3 3 1 -15000000 20000000 5 4 0 1 30000000 -20000000 5 5 1 1 25000000 10000000 5 6 2 1 -5000000 0 5 7 3 1 15000000 -15000000 19 8 3 5 4 7 2 16 14 12 13 22 19 21 17 32 36 34 35 24
FANOUT 1 37 1 0 3 0 -25000000 -30000000 1 1 0 1 5000000 10000000 1 2 1 1 -15000000 0 1 3 2 1 20000000 -15000000 1 4 2 1 -20000000 15000000 1 5 1 1 -25000000 30000000 1 6 2 0 25000000 -15000000 1 7 3 1 -15000000 20000000 1 8 1 1 30000000 5000000 2 0 0 1 -25000000 5000000 2 1 1 0 30000000 20000000 2 2 1 0 -15000000 -10000000 2 3 1 1 15000000 20000000 2 4 1 1 -10000000 15000000 2 5 3 1 -10000000 -30000000 2 6 0 0 0 -5000000 2 7 1 1 30000000 -25000000 3 0 3 1 0 15000000 3 1 0 1 -25000000 30000000 3 2 1 1 0 10000000 3 3 1 0 25000000 0 3 4 3 1 0 25000000 3 5 2 1 20000000 20000000 3 6 1 0 -10000000 -25000000 4 0 2 1 -15000000 20000000 4 1 0 1 -25000000 5000000 4 2 2 0 0 -20000000 4 3 1 0 10000000 -20000000 4 4 0 1 -15000000 0 5 0 2 0 10000000 -25000000 5 1 2 0 10000000 30000000 5 2 0 1 0 -10000000 5 3 3 1 -15000000 20000000 5 4 0 1 30000000 -20000000 5 5 1 1 25000000 10000000 5 6 2 1 -5000000 0 5 7 3 1 15000000 -15000000 19 2 7 4 5 3 8 13 12 14 16 17 19 21 22 35 34 36 32 24
FANOUT 2 37 1 0 3 0 -25000000 -30000000 1 1 0 1 5000000 10000000 1 2 1 1 -15000000 0 1 3 2 1 20000000 -15000000 1 4 2 1 -20000000 15000000 1 5 1 1 -25000000 30000000 1 6 2 0 25000000 -15000000 1 7 3 1 -15000000 20000000 1 8 1 1 30000000 5000000 2 0 0 1 -25000000 5000000 2 1 1 0 30000000 20000000 2 2 1 0 -15000000 -10000000 2 3 1 1 15000000 20000000 2 4 1 1 -10000000 15000000 2 5 3 1 -10000000 -30000000 2 6 0 0 0 -5000000 2 7 1 1 30000000 -25000000 3 0 3 1 0 15000000 3 1 0 1 -25000000 30000000 3 2 1 1 0 10000000 3 3 1 0 25000000 0 3 4 3 1 0 25000000 3 5 2 1 20000000 20000000 3 6 1 0 -10000000 -25000000 4 0 2 1 -15000000 20000000 4 1 0 1 -25000000 5000000 4 2 2 0 0 -20000000 4 3 1 0 10000000 -20000000 4 4 0 1 -15000000 0 5 0 2 0 10000000 -25000000 5 1 2 0 10000000 30000000 5 2 0 1 0 -10000000 5 3 3 1 -15000000 20000000 5 4 0 1 30000000 -20000000 5 5 1 1 25000000 10000000 5 6 2 1 -5000000 0 5 7 3 1 15000000 -15000000 19 7 3 4 8 2 5 13 12 14 16 17 21 19 22 32 34 35 36 24
FANOUT 3 37 1 0 3 0 -25000000 -30000000 1 1 0 1 5000000 10000000 1 2 1 1 -15000000 0 1 3 2 1 20000000 -15000000 1 4 2 1 -20000000 15000000 1 5 1 1 -25000000 30000000 1 6 2 0 25000000 -15000000 1 7 3 1 -15000000 20000000 1 8 1 1 30000000 5000000 2 0 0 1 -25000000 5000000 2 1 1 0 30000000 20000000 2 2 1 0 -15000000 -10000000 2 3 1 1 15000000 20000000 2 4 1 1 -10000000 15000000 2 5 3 1 -10000000 -30000000 2 6 0 0 0 -5000000 2 7 1 1 30000000 -25000000 3 0 3 1 0 15000000 3 1 0 1 -25000000 30000000 3 2 1 1 0 10000000 3 3 1 0 25000000 0 3 4 3 1 0 25000000 3 5 2 1 20000000 20000000 3 6 1 0 -10000000 -25000000 4 0 2 1 -15000000 20000000 4 1 0 1 -25000000 5000000 4 2 2 0 0 -20000000 4 3 1 0 10000000 -20000000 4 4 0 1 -15000000 0 5 0 2 0 10000000 -25000000 5 1 2 0 10000000 30000000 5 2 0 1 0 -10000000 5 3 3 1 -15000000 20000000 5 4 0 1 30000000 -20000000 5 5 1 1 25000000 10000000 5 6 2 1 -5000000 0 5 7 3 1 15000000 -15000000 19 7 2 4 5 3 8 13 12 16 14 17 19 21 22 32 35 34 36 24
FANOUT 4 37 1 0 3 0 -25000000 -30000000 1 1 0 1 5000000 10000000 1 2 1 1 -15000000 0 1 3 2 1 20000000 -15000000 1 4 2 1 -20000000 15000000 1 5 1 1 -25000000 30000000 1 6 2 0 25000000 -15000000 1 7 3 1 -15000000 20000000 1 8 1 1 30000000 5000000 2 0 0 1 -25000000 5000000 2 1 1 0 30000000 20000000 2 2 1 0 -15000000 -10000000 2 3 1 1 15000000 20000000 2 4 1 1 -10000000 15000000 2 5 3 1 -10000000 -30000000 2 6 0 0 0 -5000000 2 7 1 1 30000000 -25000000 3 0 3 1 0 15000000 3 1 0 1 -25000000 30000000 3 2 1 1 0 10000000 3 3 1 0 25000000 0 3 4 3 1 0 25000000 3 5 2 1 20000000 20000000 3 6 1 0 -10000000 -25000000 4 0 2 1 -15000000 20000000 4 1 0 1 -25000000 5000000 4 2 2 0 0 -20000000 4 3 1 0 10000000 -20000000 4 4 0 1 -15000000 0 5 0 2 0 10000000 -25000000 5 1 2 0 10000000 30000000 5 2 0 1 0 -10000000 5 3 3 1 -15000000 20000000 5 4 0 1 30000000 -20000000 5 5 1 1 25000000 10000000 5 6 2 1 -5000000 0 5 7 3 1 15000000 -15000000 19 2 3 4 5 7 8 12 13 14 16 17 19 21 22 32 34 35 36 24
FANOUT 0 27 1 0 2 1 20000000 -5000000 1 1 3 1 -30000000 -25000000 1 2 0 1 25000000 -20000000 1 3 2 1 -5000000 10000000 2 0 2 1 -30000000 20000000 2 1 3 1 -5000000 -5000000 2 2 1 0 -5000000 -25000000 3 0 2 1 -10000000 30000000 3 1 2 1 -15000000 20000000 3 2 2 1 -25000000 -25000000 3 3 0 1 -30000000 -25000000 3 4 1 0 -30000000 30000000 3 5 0 1 10000000 -15000000 3 6 0 1 -10000000 -15000000 4 0 1 1 10000000 20000000 4 1 0 0 20000000 -5000000 4 2 2 0 -25000000 25000000 4 3 3 1 15000000 25000000 4 4 2 1 -30000000 25000000 4 5 0 1 30000000 10000000 4 6 2 1 25000000 25000000 4 7 1 1 15000000 0 5 0 2 0 -20000000 5000000 5 1 1 1 10000000 -30000000 5 2 1 1 -15000000 20000000 5 3 3 1 20000000 -5000000 5 4 0 1 -10000000 -30000000 16 18 21 20 17 14 1 0 3 9 7 8 24 23 25 4 5
FANOUT 1 27 1 0 2 1 20000000 -5000000 1 1 3 1 -30000000 -25000000 1 2 0 1 25000000 -20000000 1 3 2 1 -5000000 10000000 2 0 2 1 -30000000 20000000 2 1 3 1 -5000000 -5000000 2 2 1 0 -5000000 -25000000 3 0 2 1 -10000000 30000000 3 1 2 1 -15000000 20000000 3 2 2 1 -25000000 -25000000 3 3 0 1 -30000000 -25000000 3 4 1 0 -30000000 30000000 3 5 0 1 10000000 -15000000 3 6 0 1 -10000000 -15000000 4 0 1 1 10000000 20000000 4 1 0 0 20000000 -5000000 4 2 2 0 -25000000 25000000 4 3 3 1 15000000 25000000 4 4 2 1 -30000000 25000000 4 5 0 1 30000000 10000000 4 6 2 1 25000000 25000000 4 7 1 1 15000000 0 5 0 2 0 -20000000 5000000 5 1 1 1 10000000 -30000000 5 2 1 1 -15000000 20000000 5 3 3 1 20000000 -5000000 5 4 0 1 -10000000 -30000000 16 14 17 20 21 18 3 0 1 8 7 9 25 23 24 4 5
FANOUT 2 27 1 0 2 1 20000000 -5000000 1 1 3 1 -30000000 -25000000 1 2 0 1 25000000 -20000000 1 3 2 1 -5000000 10000000 2 0 2 1 -30000000 20000000 2 1 3 1 -5000000 -5000000 2 2 1 0 -5000000 -25000000 3 0 2 1 -10000000 30000000 3 1 2 1 -15000000 20000000 3 2 2 1 -25000000 -25000000 3 3 0 1 -30000000 -25000000 3 4 1 0 -30000000 30000000 3 5 0 1 10000000 -15000000 3 6 0 1 -10000000 -15000000 4 0 1 1 10000000 20000000 4 1 0 0 20000000 -5000000 4 2 2 0 -25000000 25000000 4 3 3 1 15000000 25000000 4 4 2 1 -30000000 25000000 4 5 0 1 30000000 10000000 4 6 2 1 25000000 25000000 4 7 1 1 15000000 0 5 0 2 0 -20000000 5000000 5 1 1 1 10000000 -30000000 5 2 1 1 -15000000 20000000 5 3 3 1 20000000 -5000000 5 4 0 1 -10000000 -30000000 16 18 14 21 17 20 3 0 1 7 8 9 23 24 25 4 5
FANOUT 3 27 1 0 2 1 20000000 -5000000 1 1 3 1 -30000000 -25000000 1 2 0 1 25000000 -20000000 1 3 2 1 -5000000 10000000 2 0 2 1 -30000000 20000000 2 1 3 1 -5000000 -5000000 2 2 1 0 -5000000 -25000000 3 0 2 1 -10000000 30000000 3 1 2 1 -15000000 20000000 3 2 2 1 -25000000 -25000000 3 3 0 1 -30000000 -25000000 3 4 1 0 -30000000 30000000 3 5 0 1 10000000 -15000000 3 6 0 1 -10000000 -15000000 4 0 1 1 10000000 20000000 4 1 0 0 20000000 -5000000 4 2 2 0 -25000000 25000000 4 3 3 1 15000000 25000000 4 4 2 1 -30000000 25000000 4 5 0 1 30000000 10000000 4 6 2 1 25000000 25000000 4 7 1 1 15000000 0 5 0 2 0 -20000000 5000000 5 1 1 1 10000000 -30000000 5 2 1 1 -15000000 20000000 5 3 3 1 20000000 -5000000 5 4 0 1 -10000000 -30000000 16 14 18 17 20 21 3 0 1 8 7 9 24 25 23 4 5
FANOUT 4 27 1 0 2 1 20000000 -5000000 1 1 3 1 -30000000 -25000000 1 2 0 1 25000000 -20000000 1 3 2 1 -5000000 10000000 2 0 2 1 -30000000 20000000 2 1 3 1 -5000000 -5000000 2 2 1 0 -5000000 -25000000 3 0 2 1 -10000000 30000000 3 1 2 1 -15000000 20000000 3 2 2 1 -25000000 -25000000 3 3 0 1 -30000000 -25000000 3 4 1 0 -30000000 30000000 3 5 0 1 10000000 -15000000 3 6 0 1 -10000000 -15000000 4 0 1 1 10000000 20000000 4 1 0 0 20000000 -5000000 4 2 2 0 -25000000 25000000 4 3 3 1 15000000 25000000 4 4 2 1 -30000000 25000000 4 5 0 1 30000000 10000000 4 6 2 1 25000000 25000000 4 7 1 1 15000000 0 5 0 2 0 -20000000 5000000 5 1 1 1 10000000 -30000000 5 2 1 1 -15000000 20000000 5 3 3 1 20000000 -5000000 5 4 0 1 -10000000 -30000000 16 14 17 18 20 21 0 1 3 7 8 9 23 24 25 4 5
FANOUT 0 15 1 0 3 1 25000000 -25000000 1 1 1 1 30000000 10000000 2 0 2 1 -5000000 20000000 2 1 2 1 -10000000 25000000 2 2 0 0 20000000 -10000000 3 0 2 0 0 25000000 3 1 2 0 -15000000 20000000 3 2 3 0 -20000000 5000000 3 3 1 1 -15000000 10000000 3 4 1 1 30000000 25000000 3 5 1 1 -10000000 -30000000 3 6 3 0 -20000000 10000000 3 7 3 1 -10000000 25000000 4 0 0 1 30000000 0 4 1 2 0 -5000000 -20000000 8 10 9 12 8 0 1 2 3
FANOUT 1 15 1 0 3 1 25000000 -25000000 1 1 1 1 30000000 10000000 2 0 2 1 -5000000 20000000 2 1 2 1 -10000000 25000000 2 2 0 0 20000000 -10000000 3 0 2 0 0 25000000 3 1 2 0 -15000000 20000000 3 2 3 0 -20000000 5000000 3 3 1 1 -15000000 10000000 3 4 1 1 30000000 25000000 3 5 1 1 -10000000 -30000000 3 6 3 0 -20000000 10000000 3 7 3 1 -10000000 25000000 4 0 0 1 30000000 0 4 1 2 0 -5000000 -20000000 8 8 12 9 10 0 1 2 3
FANOUT 2 15 1 0 3 1 25000000 -25000000 1 1 1 1 30000000 10000000 2 0 2 1 -5000000 20000000 2 1 2 1 -10000000 25000000 2 2 0 0 20000000 -10000000 3 0 2 0 0 25000000 3 1 2 0 -15000000 20000000 3 2 3 0 -20000000 5000000 3 3 1 1 -15000000 10000000 3 4 1 1 30000000 25000000 3 5 1 1 -10000000 -30000000 3 6 3 0 -20000000 10000000 3 7 3 1 -10000000 25000000 4 0 0 1 30000000 0 4 1 2 0 -5000000 -20000000 8 9 12 8 10 1 0 2 3
FANOUT 3 15 1 0 3 1 25000000 -25000000 1 1 1 1 30000000 10000000 2 0 2 1 -5000000 20000000 2 1 2 1 -10000000 25000000 2 2 0 0 20000000 -10000000 3 0 2 0 0 25000000 3 1 2 0 -15000000 20000000 3 2 3 0 -20000000 5000000 3 3 1 1 -15000000 10000000 3 4 1 1 30000000 25000000 3 5 1 1 -10000000 -30000000 3 6 3 0 -20000000 10000000 3 7 3 1 -10000000 25000000 4 0 0 1 30000000 0 4 1 2 0 -5000000 -20000000 8 8 12 9 10 1 0 2 3
FANOUT 4 15 1 0 3 1 25000000 -25000000 1 1 1 1 30000000 10000000 2 0 2 1 -5000000 20000000 2 1 2 1 -10000000 25000000 2 2 0 0 20000000 -10000000 3 0 2 0 0 25000000 3 1 2 0 -15000000 20000000 3 2 3 0 -20000000 5000000 3 3 1 1 -15000000 10000000 3 4 1 1 30000000 25000000 3 5 1 1 -10000000 -30000000 3 6 3 0 -20000000 10000000 3 7 3 1 -10000000 25000000 4 0 0 1 30000000 0 4 1 2 0 -5000000 -20000000 8 8 9 10 12 0 1 2 3
FANOUT 0 6 1 0 0 1 -20000000 -10000000 1 1 1 1 -10000000 -25000000 1 2 3 1 -10000000 30000000 1 3 2 1 0 -10000000 1 4 0 1 30000000 -30000000 1 5 1 0 0 -30000000 3 2 1 3
FANOUT 1 6 1 0 0 1 -20000000 -10000000 1 1 1 1 -10000000 -25000000 1 2 3 1 -10000000 30000000 1 3 2 1 0 -10000000 1 4 0 1 30000000 -30000000 1 5 1 0 0 -30000000 3 3 1 2
FANOUT 2 6 1 0 0 1 -20000000 -10000000 1 1 1 1 -10000000 -25000000 1 2 3 1 -10000000 30000000 1 3 2 1 0 -10000000 1 4 0 1 30000000 -30000000 1 5 1 0 0 -30000000 3 1 2 3
FANOUT 3 6 1 0 0 1 -20000000 -10000000 1 1 1 1 -10000000 -25000000 1 2 3 1 -10000000 30000000 1 3 2 1 0 -10000000 1 4 0 1 30000000 -30000000 1 5 1 0 0 -30000000 3 1 3 2
FANOUT 4 6 1 0 0 1 -20000000 -10000000 1 1 1 1 -10000000 -25000000 1 2 3 1 -10000000 30000000 1 3 2 1 0 -10000000 1 4 0 1 30000000 -30000000 1 5 1 0 0 -30000000 3 1 2 3
FANOUT 0 11 1 0 0 1 15000000 25000000 1 1 1 1 10000000 10000000 1 2 1 1 -25000000 25000000 1 3 2 1 20000000 -20000000 1 4 0 1 20000000 30000000 1 5 2 1 10000000 25000000 2 0 1 0 10000000 -20000000 3 0 1 1 30000000 5000000 3 1 0 1 -10000000 -20000000 3 2 3 1 -20000000 15000000 3 3 3 1 0 -10000000 7 3 2 5 1 7 9 10
FANOUT 1 11 1 0 0 1 15000000 25000000 1 1 1 1 10000000 10000000 1 2 1 1 -25000000 25000000 1 3 2 1 20000000 -20000000 1 4 0 1 20000000 30000000 1 5 2 1 10000000 25000000 2 0 1 0 10000000 -20000000 3 0 1 1 30000000 5000000 3 1 0 1 -10000000 -20000000 3 2 3 1 -20000000 15000000 3 3 3 1 0 -10000000 7 1 5 2 3 10 9 7
FANOUT 2 11 1 0 0 1 15000000 25000000 1 1 1 1 10000000 10000000 1 2 1 1 -25000000 25000000 1 3 2 1 20000000 -20000000 1 4 0 1 20000000 30000000 1 5 2 1 10000000 25000000 2 0 1 0 10000000 -20000000 3 0 1 1 30000000 5000000 3 1 0 1 -10000000 -20000000 3 2 3 1 -20000000 15000000 3 3 3 1 0 -10000000 7 1 2 3 5 7 9 10
FANOUT 3 11 1 0 0 1 15000000 25000000 1 1 1 1 10000000 10000000 1 2 1 1 -25000000 25000000 1 3 2 1 20000000 -20000000 1 4 0 1 20000000 30000000 1 5 2 1 10000000 25000000 2 0 1 0 10000000 -20000000 3 0 1 1 30000000 5000000 3 1 0 1 -10000000 -20000000 3 2 3 1 -20000000 15000000 3 3 3 1 0 -10000000 7 1 2 5 3 9 7 10
FANOUT 4 11 1 0 0 1 15000000 25000000 1 1 1 1 10000000 10000000 1 2 1 1 -25000000 25000000 1 3 2 1 20000000 -20000000 1 4 0 1 20000000 30000000 1 5 2 1 10000000 25000000 2 0 1 0 10000000 -20000000 3 0 1 1 30000000 5000000 3 1 0 1 -10000000 -20000000 3 2 3 1 -20000000 15000000 3 3 3 1 0 -10000000 7 1 2 3 5 7 9 10
FANOUT 0 10 1 0 2 1 15000000 10000000 1 1 3 1 10000000 20000000 1 2 3 1 -20000000 -5000000 1 3 3 1 -30000000 20000000 1 4 0 1 10000000 10000000 1 5 3 1 15000000 0 1 6 2 1 30000000 -30000000 1 7 2 1 30000000 15000000 2 0 2 1 10000000 20000000 2 1 3 1 15000000 15000000 9 6 3 2 7 1 0 5 8 9
FANOUT 1 10 1 0 2 1 15000000 10000000 1 1 3 1 10000000 20000000 1 2 3 1 -20000000 -5000000 1 3 3 1 -30000000 20000000 1 4 0 1 10000000 10000000 1 5 3 1 15000000 0 1 6 2 1 30000000 -30000000 1 7 2 1 30000000 15000000 2 0 2 1 10000000 20000000 2 1 3 1 15000000 15000000 9 5 0 1 7 2 3 6 8 9
FANOUT 2 10 1 0 2 1 15000000 10000000 1 1 3 1 10000000 20000000 1 2 3 1 -20000000 -5000000 1 3 3 1 -30000000 20000000 1 4 0 1 10000000 10000000 1 5 3 1 15000000 0 1 6 2 1 30000000 -30000000 1 7 2 1 30000000 15000000 2 0 2 1 10000000 20000000 2 1 3 1 15000000 15000000 9 1 0 5 7 2 3 6 9 8
FANOUT 3 10 1 0 2 1 15000000 10000000 1 1 3 1 10000000 20000000 1 2 3 1 -20000000 -5000000 1 3 3 1 -30000000 20000000 1 4 0 1 10000000 10000000 1 5 3 1 15000000 0 1 6 2 1 30000000 -30000000 1 7 2 1 30000000 15000000 2 0 2 1 10000000 20000000 2 1 3 1 15000000 15000000 9 0 1 5 7 2 3 6 9 8
FANOUT 4 10 1 0 2 1 15000000 10000000 1 1 3 1 10000000 20000000 1 2 3 1 -20000000 -5000000 1 3 3 1 -30000000 20000000 1 4 0 1 10000000 10000000 1 5 3 1 15000000 0 1 6 2 1 30000000 -30000000 1 7 2 1 30000000 15000000 2 0 2 1 10000000 20000000 2 1 3 1 15000000 15000000 9 0 1 2 3 5 6 7 8 9
FANOUT 0 16 1 0 0 1 -10000000 25000000 1 1 2 1 -20000000 -5000000 1 2 0 1 -15000000 -30000000 1 3 0 1 -5000000 -15000000 2 0 2 1 -5000000 -25000000 2 1 2 1 -20000000 -30000000 2 2 1 1 -30000000 10000000 2 3 1 1 -30000000 -15000000 3 0 2 1 -15000000 -5000000 3 1 0 0 -30000000 -20000000 3 2 3 0 30000000 10000000 3 3 2 0 -10000000 30000000 3 4 1 1 -25000000 30000000 3 5 2 1 20000000 30000000 3 6 1 0 25000000 -25000000 3 7 2 1 10000000 -30000000 9 6 4 5 7 15 12 13 8 1
FANOUT 1 16 1 0 0 1 -10000000 25000000 1 1 2 1 -20000000 -5000000 1 2 0 1 -15000000 -30000000 1 3 0 1 -5000000 -15000000 2 0 2 1 -5000000 -25000000 2 1 2 1 -20000000 -30000000 2 2 1 1 -30000000 10000000 2 3 1 1 -30000000 -15000000 3 0 2 1 -15000000 -5000000 3 1 0 0 -30000000 -20000000 3 2 3 0 30000000 10000000 3 3 2 0 -10000000 30000000 3 4 1 1 -25000000 30000000 3 5 2 1 20000000 30000000 3 6 1 0 25000000 -25000000 3 7 2 1 10000000 -30000000 9 7 5 4 6 8 12 13 15 1
FANOUT 2 16 1 0 0 1 -10000000 25000000 1 1 2 1 -20000000 -5000000 1 2 0 1 -15000000 -30000000 1 3 0 1 -5000000 -15000000 2 0 2 1 -5000000 -25000000 2 1 2 1 -20000000 -30000000 2 2 1 1 -30000000 10000000 2 3 1 1 -30000000 -15000000 3 0 2 1 -15000000 -5000000 3 1 0 0 -30000000 -20000000 3 2 3 0 30000000 10000000 3 3 2 0 -10000000 30000000 3 4 1 1 -25000000 30000000 3 5 2 1 20000000 30000000 3 6 1 0 25000000 -25000000 3 7 2 1 10000000 -30000000 9 4 5 6 7 8 15 12 13 1
FANOUT 3 16 1 0 0 1 -10000000 25000000 1 1 2 1 -20000000 -5000000 1 2 0 1 -15000000 -30000000 1 3 0 1 -5000000 -15000000 2 0 2 1 -5000000 -25000000 2 1 2 1 -20000000 -30000000 2 2 1 1 -30000000 10000000 2 3 1 1 -30000000 -15000000 3 0 2 1 -15000000 -5000000 3 1 0 0 -30000000 -20000000 3 2 3 0 30000000 10000000 3 3 2 0 -10000000 30000000 3 4 1 1 -25000000 30000000 3 5 2 1 20000000 30000000 3 6 1 0 25000000 -25000000 3 7 2 1 10000000 -30000000 9 7 4 5 6 8 15 12 13 1
FANOUT 4 16 1 0 0 1 -10000000 25000000 1 1 2 1 -20000000 -5000000 1 2 0 1 -15000000 -30000000 1 3 0 1 -5000000 -15000000 2 0 2 1 -5000000 -25000000 2 1 2 1 -20000000 -30000000 2 2 1 1 -30000000 10000000 2 3 1 1 -30000000 -15000000 3 0 2 1 -15000000 -5000000 3 1 0 0 -30000000 -20000000 3 2 3 0 30000000 10000000 3 3 2 0 -10000000 30000000 3 4 1 1 -25000000 30000000 3 5 2 1 20000000 30000000 3 6 1 0 25000000 -25000000 3 7 2 1 10000000 -30000000 9 4 5 6 7 8 12 13 15 1
FANOUT 0 36 1 0 1 1 10000000 -25000000 1 1 0 1 -30000000 15000000 1 2 3 0 30000000 10000000 1 3 3 1 0 -15000000 1 4 2 0 25000000 -20000000 1 5 0 1 -20000000 -30000000 2 0 2 1 -15000000 -30000000 2 1 3 1 0 10000000 2 2 2 1 5000000 10000000 2 3 3 1 30000000 -15000000 2 4 2 1 -10000000 -15000000 2 5 1 1 10000000 30000000 3 0 3 0 15000000 30000000 3 1 0 0 0 25000000 4 0 2 1 -30000000 -10000000 4 1 3 1 25000000 -25000000 4 2 1 0 -5000000 0 4 3 1 1 0 30000000 4 4 0 1 -10000000 -30000000 4 5 2 0 -30000000 -20000000 4 6 1 1 -15000000 5000000 4 7 2 1 -30000000 -25000000 4 8 1 1 10000000 10000000 5 0 3 1 20000000 0 5 1 0 1 5000000 30000000 5 2 2 1 -5000000 -10000000 5 3 1 1 15000000 30000000 5 4 1 1 15000000 30000000 5 5 2 1 -5000000 -10000000 5 6 3 1 30000000 -15000000 6 0 0 1 -20000000 -25000000 6 1 0 0 0 -25000000 6 2 3 1 -10000000 -30000000 6 3 0 1 0 -15000000 6 4 2 0 -30000000 -5000000 6 5 2 1 -5000000 25000000 22 6 11 9 10 7 8 15 17 21 14 22 20 29 26 27 25 28 23 0 3 32 35
FANOUT 1 36 1 0 1 1 10000000 -25000000 1 1 0 1 -30000000 15000000 1 2 3 0 30000000 10000000 1 3 3 1 0 -15000000 1 4 2 0 25000000 -20000000 1 5 0 1 -20000000 -30000000 2 0 2 1 -15000000 -30000000 2 1 3 1 0 10000000 2 2 2 1 5000000 10000000 2 3 3 1 30000000 -15000000 2 4 2 1 -10000000 -15000000 2 5 1 1 10000000 30000000 3 0 3 0 15000000 30000000 3 1 0 0 0 25000000 4 0 2 1 -30000000 -10000000 4 1 3 1 25000000 -25000000 4 2 1 0 -5000000 0 4 3 1 1 0 30000000 4 4 0 1 -10000000 -30000000 4 5 2 0 -30000000 -20000000 4 6 1 1 -15000000 5000000 4 7 2 1 -30000000 -25000000 4 8 1 1 10000000 10000000 5 0 3 1 20000000 0 5 1 0 1 5000000 30000000 5 2 2 1 -5000000 -10000000 5 3 1 1 15000000 30000000 5 4 1 1 15000000 30000000 5 5 2 1 -5000000 -10000000 5 6 3 1 30000000 -15000000 6 0 0 1 -20000000 -25000000 6 1 0 0 0 -25000000 6 2 3 1 -10000000 -30000000 6 3 0 1 0 -15000000 6 4 2 0 -30000000 -5000000 6 5 2 1 -5000000 25000000 22 8 7 10 9 11 6 20 22 14 21 17 15 23 25 28 26 27 29 0 3 32 35
FANOUT 2 36 1 0 1 1 10000000 -25000000 1 1 0 1 -30000000 15000000 1 2 3 0 30000000 10000000 1 3 3 1 0 -15000000 1 4 2 0 25000000 -20000000 1 5 0 1 -20000000 -30000000 2 0 2 1 -15000000 -30000000 2 1 3 1 0 10000000 2 2 2 1 5000000 10000000 2 3 3 1 30000000 -15000000 2 4 2 1 -10000000 -15000000 2 5 1 1 10000000 30000000 3 0 3 0 15000000 30000000 3 1 0 0 0 25000000 4 0 2 1 -30000000 -10000000 4 1 3 1 25000000 -25000000 4 2 1 0 -5000000 0 4 3 1 1 0 30000000 4 4 0 1 -10000000 -30000000 4 5 2 0 -30000000 -20000000 4 6 1 1 -15000000 5000000 4 7 2 1 -30000000 -25000000 4 8 1 1 10000000 10000000 5 0 3 1 20000000 0 5 1 0 1 5000000 30000000 5 2 2 1 -5000000 -10000000 5 3 1 1 15000000 30000000 5 4 1 1 15000000 30000000 5 5 2 1 -5000000 -10000000 5 6 3 1 30000000 -15000000 6 0 0 1 -20000000 -25000000 6 1 0 0 0 -25000000 6 2 3 1 -10000000 -30000000 6 3 0 1 0 -15000000 6 4 2 0 -30000000 -5000000 6 5 2 1 -5000000 25000000 22 9 11 10 6 8 7 14 21 17 15 20 22 25 26 27 28 29 23 3 0 32 35
FANOUT 3 36 1 0 1 1 10000000 -25000000 1 1 0 1 -30000000 15000000 1 2 3 0 30000000 10000000 1 3 3 1 0 -15000000 1 4 2 0 25000000 -20000000 1 5 0 1 -20000000 -30000000 2 0 2 1 -15000000 -30000000 2 1 3 1 0 10000000 2 2 2 1 5000000 10000000 2 3 3 1 30000000 -15000000 2 4 2 1 -10000000 -15000000 2 5 1 1 10000000 30000000 3 0 3 0 15000000 30000000 3 1 0 0 0 25000000 4 0 2 1 -30000000 -10000000 4 1 3 1 25000000 -25000000 4 2 1 0 -5000000 0 4 3 1 1 0 30000000 4 4 0 1 -10000000 -30000000 4 5 2 0 -30000000 -20000000 4 6 1 1 -15000000 5000000 4 7 2 1 -30000000 -25000000 4 8 1 1 10000000 10000000 5 0 3 1 20000000 0 5 1 0 1 5000000 30000000 5 2 2 1 -5000000 -10000000 5 3 1 1 15000000 30000000 5 4 1 1 15000000 30000000 5 5 2 1 -5000000 -10000000 5 6 3 1 30000000 -15000000 6 0 0 1 -20000000 -25000000 6 1 0 0 0 -25000000 6 2 3 1 -10000000 -30000000 6 3 0 1 0 -15000000 6 4 2 0 -30000000 -5000000 6 5 2 1 -5000000 25000000 22 7 10 11 8 6 9 17 22 15 20 21 14 23 25 28 26 27 29 3 0 35 32
FANOUT 4 36 1 0 1 1 10000000 -25000000 1 1 0 1 -30000000 15000000 1 2 3 0 30000000 10000000 1 3 3 1 0 -15000000 1 4 2 0 25000000 -20000000 1 5 0 1 -20000000 -30000000 2 0 2 1 -15000000 -30000000 2 1 3 1 0 10000000 2 2 2 1 5000000 10000000 2 3 3 1 30000000 -15000000 2 4 2 1 -10000000 -15000000 2 5 1 1 10000000 30000000 3 0 3 0 15000000 30000000 3 1 0 0 0 25000000 4 0 2 1 -30000000 -10000000 4 1 3 1 25000000 -25000000 4 2 1 0 -5000000 0 4 3 1 1 0 30000000 4 4 0 1 -10000000 -30000000 4 5 2 0 -30000000 -20000000 4 6 1 1 -15000000 5000000 4 7 2 1 -30000000 -25000000 4 8 1 1 10000000 10000000 5 0 3 1 20000000 0 5 1 0 1 5000000 30000000 5 2 2 1 -5000000 -10000000 5 3 1 1 15000000 30000000 5 4 1 1 15000000 30000000 5 5 2 1 -5000000 -10000000 5 6 3 1 30000000 -15000000 6 0 0 1 -20000000 -25000000 6 1 0 0 0 -25000000 6 2 3 1 -10000000 -30000000 6 3 0 1 0 -15000000 6 4 2 0 -30000000 -5000000 6 5 2 1 -5000000 25000000 22 6 7 8 9 10 11 14 15 17 20 21 22 23 25 26 27 28 29 0 3 32 35
FANOUT 0 35 1 0 2 0 20000000 -15000000 1 1 1 1 15000000 0 1 2 1 0 -5000000 -20000000 1 3 2 1 -15000000 15000000 1 4 1 0 5000000 -25000000 1 5 3 1 -30000000 -5000000 1 6 3 1 10000000 15000000 1 7 3 1 30000000 0 1 8 0 1 0 -20000000 2 0 0 1 30000000 15000000 2 1 3 1 15000000 -30000000 2 2 3 0 -20000000 -25000000 3 0 0 0 15000000 0 4 0 3 1 25000000 -30000000 5 0 3 1 15000000 5000000 5 1 3 1 -10000000 -25000000 5 2 2 1 0 -20000000 5 3 0 1 -25000000 5000000 5 4 1 0 -10000000 -30000000 6 0 2 1 -25000000 -10000000 6 1 3 1 -10000000 15000000 6 2 0 1 10000000 -5000000 6 3 2 0 -15000000 -25000000 6 4 0 1 20000000 -10000000 6 5 1 1 0 5000000 6 6 1 1 30000000 0 7 0 3 1 30000000 10000000 7 1 0 1 25000000 -30000000 7 2 2 1 30000000 -5000000 7 3 2 1 20000000 5000000 7 4 0 1 -5000000 20000000 7 5 0 1 -5000000 -20000000 7 6 2 1 10000000 -20000000 7 7 0 1 -25000000 10000000 7 8 2 1 20000000 0 19 5 7 3 1 6 32 26 28 29 34 25 19 20 24 14 15 16 10 13
FANOUT 1 35 1 0 2 0 20000000 -15000000 1 1 1 1 15000000 0 1 2 1 0 -5000000 -20000000 1 3 2 1 -15000000 15000000 1 4 1 0 5000000 -25000000 1 5 3 1 -30000000 -5000000 1 6 3 1 10000000 15000000 1 7 3 1 30000000 0 1 8 0 1 0 -20000000 2 0 0 1 30000000 15000000 2 1 3 1 15000000 -30000000 2 2 3 0 -20000000 -25000000 3 0 0 0 15000000 0 4 0 3 1 25000000 -30000000 5 0 3 1 15000000 5000000 5 1 3 1 -10000000 -25000000 5 2 2 1 0 -20000000 5 3 0 1 -25000000 5000000 5 4 1 0 -10000000 -30000000 6 0 2 1 -25000000 -10000000 6 1 3 1 -10000000 15000000 6 2 0 1 10000000 -5000000 6 3 2 0 -15000000 -25000000 6 4 0 1 20000000 -10000000 6 5 1 1 0 5000000 6 6 1 1 30000000 0 7 0 3 1 30000000 10000000 7 1 0 1 25000000 -30000000 7 2 2 1 30000000 -5000000 7 3 2 1 20000000 5000000 7 4 0 1 -5000000 20000000 7 5 0 1 -5000000 -20000000 7 6 2 1 10000000 -20000000 7 7 0 1 -25000000 10000000 7 8 2 1 20000000 0 19 6 1 3 7 5 34 29 28 26 32 24 20 19 25 16 15 14 10 13
FANOUT 2 35 1 0 2 0 20000000 -15000000 1 1 1 1 15000000 0 1 2 1 0 -5000000 -20000000 1 3 2 1 -15000000 15000000 1 4 1 0 5000000 -25000000 1 5 3 1 -30000000 -5000000 1 6 3 1 10000000 15000000 1 7 3 1 30000000 0 1 8 0 1 0 -20000000 2 0 0 1 30000000 15000000 2 1 3 1 15000000 -30000000 2 2 3 0 -20000000 -25000000 3 0 0 0 15000000 0 4 0 3 1 25000000 -30000000 5 0 3 1 15000000 5000000 5 1 3 1 -10000000 -25000000 5 2 2 1 0 -20000000 5 3 0 1 -25000000 5000000 5 4 1 0 -10000000 -30000000 6 0 2 1 -25000000 -10000000 6 1 3 1 -10000000 15000000 6 2 0 1 10000000 -5000000 6 3 2 0 -15000000 -25000000 6 4 0 1 20000000 -10000000 6 5 1 1 0 5000000 6 6 1 1 30000000 0 7 0 3 1 30000000 10000000 7 1 0 1 25000000 -30000000 7 2 2 1 30000000 -5000000 7 3 2 1 20000000 5000000 7 4 0 1 -5000000 20000000 7 5 0 1 -5000000 -20000000 7 6 2 1 10000000 -20000000 7 7 0 1 -25000000 10000000 7 8 2 1 20000000 0 19 7 6 1 5 3 29 34 26 32 28 25 24 19 20 15 16 14 10 13
FANOUT 3 35 1 0 2 0 20000000 -15000000 1 1 1 1 15000000 0 1 2 1 0 -5000000 -20000000 1 3 2 1 -15000000 15000000 1 4 1 0 5000000 -25000000 1 5 3 1 -30000000 -5000000 1 6 3 1 10000000 15000000 1 7 3 1 30000000 0 1 8 0 1 0 -20000000 2 0 0 1 30000000 15000000 2 1 3 1 15000000 -30000000 2 2 3 0 -20000000 -25000000 3 0 0 0 15000000 0 4 0 3 1 25000000 -30000000 5 0 3 1 15000000 5000000 5 1 3 1 -10000000 -25000000 5 2 2 1 0 -20000000 5 3 0 1 -25000000 5000000 5 4 1 0 -10000000 -30000000 6 0 2 1 -25000000 -10000000 6 1 3 1 -10000000 15000000 6 2 0 1 10000000 -5000000 6 3 2 0 -15000000 -25000000 6 4 0 1 20000000 -10000000 6 5 1 1 0 5000000 6 6 1 1 30000000 0 7 0 3 1 30000000 10000000 7 1 0 1 25000000 -30000000 7 2 2 1 30000000 -5000000 7 3 2 1 20000000 5000000 7 4 0 1 -5000000 20000000 7 5 0 1 -5000000 -20000000 7 6 2 1 10000000 -20000000 7 7 0 1 -25000000 10000000 7 8 2 1 20000000 0 19 1 7 6 3 5 29 34 26 28 32 25 24 20 19 14 16 15 10 13
FANOUT 4 35 1 0 2 0 20000000 -15000000 1 1 1 1 15000000 0 1 2 1 0 -5000000 -20000000 1 3 2 1 -15000000 15000000 1 4 1 0 5000000 -25000000 1 5 3 1 -30000000 -5000000 1 6 3 1 10000000 15000000 1 7 3 1 30000000 0 1 8 0 1 0 -20000000 2 0 0 1 30000000 15000000 2 1 3 1 15000000 -30000000 2 2 3 0 -20000000 -25000000 3 0 0 0 15000000 0 4 0 3 1 25000000 -30000000 5 0 3 1 15000000 5000000 5 1 3 1 -10000000 -25000000 5 2 2 1 0 -20000000 5 3 0 1 -25000000 5000000 5 4 1 0 -10000000 -30000000 6 0 2 1 -25000000 -10000000 6 1 3 1 -10000000 15000000 6 2 0 1 10000000 -5000000 6 3 2 0 -15000000 -25000000 6 4 0 1 20000000 -10000000 6 5 1 1 0 5000000 6 6 1 1 30000000 0 7 0 3 1 30000000 10000000 7 1 0 1 25000000 -30000000 7 2 2 1 30000000 -5000000 7 3 2 1 20000000 5000000 7 4 0 1 -5000000 20000000 7 5 0 1 -5000000 -20000000 7 6 2 1 10000000 -20000000 7 7 0 1 -25000000 10000000 7 8 2 1 20000000 0 19 1 3 5 6 7 26 28 29 32 34 19 20 24 25 14 15 16 10 13
FANOUT 0 35 1 0 1 1 0 30000000 1 1 2 1 -30000000 -10000000 1 2 0 1 -20000000 -25000000 1 3 2 1 30000000 10000000 1 4 0 0 10000000 10000000 1 5 1 1 -25000000 15000000 1 6 0 0 25000000 25000000 1 7 0 1 0 -15000000 1 8 2 1 0 10000000 2 0 0 0 10000000 15000000 3 0 0 1 -20000000 -25000000 3 1 1 1 30000000 20000000 3 2 1 1 25000000 30000000 3 3 2 1 0 15000000 3 4 2 0 -5000000 -30000000 3 5 1 1 -5000000 -20000000 3 6 1 1 5000000 -20000000 3 7 3 1 10000000 25000000 3 8 1 1 25000000 20000000 4 0 0 0 15000000 -25000000 4 1 1 1 10000000 -25000000 4 2 0 1 10000000 5000000 4 3 1 1 -5000000 -15000000 4 4 0 1 -5000000 15000000 4 5 2 1 10000000 -5000000 4 6 0 1 -25000000 5000000 4 7 1 1 -10000000 15000000 4 8 0 1 -15000000 -30000000 5 0 1 0 -25000000 0 5 1 2 1 30000000 -10000000 5 2 2 1 -25000000 -15000000 5 3 2 1 15000000 20000000 5 4 0 1 -10000000 -5000000 5 5 3 1 -25000000 5000000 5 6 2 1 -30000000 -15000000 21 15 16 12 11 18 17 13 3 1 5 0 8 29 31 34 30 33 26 20 22 24
FANOUT 1 35 1 0 1 1 0 30000000 1 1 2 1 -30000000 -10000000 1 2 0 1 -20000000 -25000000 1 3 2 1 30000000 10000000 1 4 0 0 10000000 10000000 1 5 1 1 -25000000 15000000 1 6 0 0 25000000 25000000 1 7 0 1 0 -15000000 1 8 2 1 0 10000000 2 0 0 0 10000000 15000000 3 0 0 1 -20000000 -25000000 3 1 1 1 30000000 20000000 3 2 1 1 25000000 30000000 3 3 2 1 0 15000000 3 4 2 0 -5000000 -30000000 3 5 1 1 -5000000 -20000000 3 6 1 1 5000000 -20000000 3 7 3 1 10000000 25000000 3 8 1 1 25000000 20000000 4 0 0 0 15000000 -25000000 4 1 1 1 10000000 -25000000 4 2 0 1 10000000 5000000 4 3 1 1 -5000000 -15000000 4 4 0 1 -5000000 15000000 4 5 2 1 10000000 -5000000 4 6 0 1 -25000000 5000000 4 7 1 1 -10000000 15000000 4 8 0 1 -15000000 -30000000 5 0 1 0 -25000000 0 5 1 2 1 30000000 -10000000 5 2 2 1 -25000000 -15000000 5 3 2 1 15000000 20000000 5 4 0 1 -10000000 -5000000 5 5 3 1 -25000000 5000000 5 6 2 1 -30000000 -15000000 21 13 17 18 11 12 16 15 8 0 5 1 3 33 30 34 31 29 24 22 20 26
FANOUT 2 35 1 0 1 1 0 30000000 1 1 2 1 -30000000 -10000000 1 2 0 1 -20000000 -25000000 1 3 2 1 30000000 10000000 1 4 0 0 10000000 10000000 1 5 1 1 -25000000 15000000 1 6 0 0 25000000 25000000 1 7 0 1 0 -15000000 1 8 2 1 0 10000000 2 0 0 0 10000000 15000000 3 0 0 1 -20000000 -25000000 3 1 1 1 30000000 20000000 3 2 1 1 25000000 30000000 3 3 2 1 0 15000000 3 4 2 0 -5000000 -30000000 3 5 1 1 -5000000 -20000000 3 6 1 1 5000000 -20000000 3 7 3 1 10000000 25000000 3 8 1 1 25000000 20000000 4 0 0 0 15000000 -25000000 4 1 1 1 10000000 -25000000 4 2 0 1 10000000 5000000 4 3 1 1 -5000000 -15000000 4 4 0 1 -5000000 15000000 4 5 2 1 10000000 -5000000 4 6 0 1 -25000000 5000000 4 7 1 1 -10000000 15000000 4 8 0 1 -15000000 -30000000 5 0 1 0 -25000000 0 5 1 2 1 30000000 -10000000 5 2 2 1 -25000000 -15000000 5 3 2 1 15000000 20000000 5 4 0 1 -10000000 -5000000 5 5 3 1 -25000000 5000000 5 6 2 1 -30000000 -15000000 21 11 13 15 18 16 12 17 1 8 5 0 3 30 34 31 29 33 22 20 26 24
FANOUT 3 35 1 0 1 1 0 30000000 1 1 2 1 -30000000 -10000000 1 2 0 1 -20000000 -25000000 1 3 2 1 30000000 10000000 1 4 0 0 10000000 10000000 1 5 1 1 -25000000 15000000 1 6 0 0 25000000 25000000 1 7 0 1 0 -15000000 1 8 2 1 0 10000000 2 0 0 0 10000000 15000000 3 0 0 1 -20000000 -25000000 3 1 1 1 30000000 20000000 3 2 1 1 25000000 30000000 3 3 2 1 0 15000000 3 4 2 0 -5000000 -30000000 3 5 1 1 -5000000 -20000000 3 6 1 1 5000000 -20000000 3 7 3 1 10000000 25000000 3 8 1 1 25000000 20000000 4 0 0 0 15000000 -25000000 4 1 1 1 10000000 -25000000 4 2 0 1 10000000 5000000 4 3 1 1 -5000000 -15000000 4 4 0 1 -5000000 15000000 4 5 2 1 10000000 -5000000 4 6 0 1 -25000000 5000000 4 7 1 1 -10000000 15000000 4 8 0 1 -15000000 -30000000 5 0 1 0 -25000000 0 5 1 2 1 30000000 -10000000 5 2 2 1 -25000000 -15000000 5 3 2 1 15000000 20000000 5 4 0 1 -10000000 -5000000 5 5 3 1 -25000000 5000000 5 6 2 1 -30000000 -15000000 21 17 13 18 11 12 16 15 8 0 3 1 5 31 30 33 34 29 22 26 20 24
FANOUT 4 35 1 0 1 1 0 30000000 1 1 2 1 -30000000 -10000000 1 2 0 1 -20000000 -25000000 1 3 2 1 30000000 10000000 1 4 0 0 10000000 10000000 1 5 1 1 -25000000 15000000 1 6 0 0 25000000 25000000 1 7 0 1 0 -15000000 1 8 2 1 0 10000000 2 0 0 0 10000000 15000000 3 0 0 1 -20000000 -25000000 3 1 1 1 30000000 20000000 3 2 1 1 25000000 30000000 3 3 2 1 0 15000000 3 4 2 0 -5000000 -30000000 3 5 1 1 -5000000 -20000000 3 6 1 1 5000000 -20000000 3 7 3 1 10000000 25000000 3 8 1 1 25000000 20000000 4 0 0 0 15000000 -25000000 4 1 1 1 10000000 -25000000 4 2 0 1 10000000 5000000 4 3 1 1 -5000000 -15000000 4 4 0 1 -5000000 15000000 4 5 2 1 10000000 -5000000 4 6 0 1 -25000000 5000000 4 7 1 1 -10000000 15000000 4 8 0 1 -15000000 -30000000 5 0 1 0 -25000000 0 5 1 2 1 30000000 -10000000 5 2 2 1 -25000000 -15000000 5 3 2 1 15000000 20000000 5 4 0 1 -10000000 -5000000 5 5 3 1 -25000000 5000000 5 6 2 1 -30000000 -15000000 21 11 12 13 15 16 17 18 0 1 3 5 8 29 30 31 33 34 20 22 24 26
FANOUT 0 39 1 0 0 1 10000000 -15000000 1 1 3 1 10000000 5000000 1 2 2 1 -25000000 -5000000 1 3 0 1 15000000 -25000000 1 4 1 1 15000000 -10000000 1 5 2 1 -10000000 20000000 1 6 1 1 10000000 10000000 1 7 1 0 0 15000000 1 8 1 1 -20000000 -5000000 2 0 2 1 30000000 -30000000 2 1 3 1 15000000 10000000 2 2 2 1 25000000 15000000 2 3 3 1 10000000 0 2 4 3 1 10000000 -20000000 3 0 3 1 30000000 25000000 3 1 2 1 -20000000 30000000 3 2 2 1 -10000000 20000000 3 3 3 1 25000000 -30000000 3 4 1 0 15000000 -25000000 3 5 3 1 0 25000000 3 6 0 0 15000000 20000000 3 7 2 1 30000000 -10000000 4 0 3 1 15000000 -30000000 4 1 3 1 0 -25000000 4 2 2 0 -25000000 0 4 3 2 1 30000000 30000000 4 4 1 1 -30000000 -20000000 4 5 2 1 -15000000 -25000000 4 6 0 1 -10000000 10000000 5 0 2 1 -5000000 -15000000 5 1 0 1 25000000 20000000 6 0 3 1 30000000 -30000000 6 1 0 0 -25000000 -25000000 7 0 0 1 -15000000 25000000 7 1 3 1 5000000 -20000000 7 2 0 1 -5000000 -25000000 7 3 0 1 -30000000 -5000000 7 4 0 1 -10000000 15000000 7 5 1 1 -10000000 -15000000 26 2 4 5 8 6 1 17 15 21 14 16 19 9 11 13 10 12 25 26 22 27 23 34 38 29 31
FANOUT 1 39 1 0 0 1 10000000 -15000000 1 1 3 1 10000000 5000000 1 2 2 1 -25000000 -5000000 1 3 0 1 15000000 -25000000 1 4 1 1 15000000 -10000000 1 5 2 1 -10000000 20000000 1 6 1 1 10000000 10000000 1 7 1 0 0 15000000 1 8 1 1 -20000000 -5000000 2 0 2 1 30000000 -30000000 2 1 3 1 15000000 10000000 2 2 2 1 25000000 15000000 2 3 3 1 10000000 0 2 4 3 1 10000000 -20000000 3 0 3 1 30000000 25000000 3 1 2 1 -20000000 30000000 3 2 2 1 -10000000 20000000 3 3 3 1 25000000 -30000000 3 4 1 0 15000000 -25000000 3 5 3 1 0 25000000 3 6 0 0 15000000 20000000 3 7 2 1 30000000 -10000000 4 0 3 1 15000000 -30000000 4 1 3 1 0 -25000000 4 2 2 0 -25000000 0 4 3 2 1 30000000 30000000 4 4 1 1 -30000000 -20000000 4 5 2 1 -15000000 -25000000 4 6 0 1 -10000000 10000000 5 0 2 1 -5000000 -15000000 5 1 0 1 25000000 20000000 6 0 3 1 30000000 -30000000 6 1 0 0 -25000000 -25000000 7 0 0 1 -15000000 25000000 7 1 3 1 5000000 -20000000 7 2 0 1 -5000000 -25000000 7 3 0 1 -30000000 -5000000 7 4 0 1 -10000000 15000000 7 5 1 1 -10000000 -15000000 26 1 6 8 5 4 2 19 16 14 21 15 17 12 10 13 11 9 23 27 22 26 25 34 38 29 31
FANOUT 2 39 1 0 0 1 10000000 -15000000 1 1 3 1 10000000 5000000 1 2 2 1 -25000000 -5000000 1 3 0 1 15000000 -25000000 1 4 1 1 15000000 -10000000 1 5 2 1 -10000000 20000000 1 6 1 1 10000000 10000000 1 7 1 0 0 15000000 1 8 1 1 -20000000 -5000000 2 0 2 1 30000000 -30000000 2 1 3 1 15000000 10000000 2 2 2 1 25000000 15000000 2 3 3 1 10000000 0 2 4 3 1 10000000 -20000000 3 0 3 1 30000000 25000000 3 1 2 1 -20000000 30000000 3 2 2 1 -10000000 20000000 3 3 3 1 25000000 -30000000 3 4 1 0 15000000 -25000000 3 5 3 1 0 25000000 3 6 0 0 15000000 20000000 3 7 2 1 30000000 -10000000 4 0 3 1 15000000 -30000000 4 1 3 1 0 -25000000 4 2 2 0 -25000000 0 4 3 2 1 30000000 30000000 4 4 1 1 -30000000 -20000000 4 5 2 1 -15000000 -25000000 4 6 0 1 -10000000 10000000 5 0 2 1 -5000000 -15000000 5 1 0 1 25000000 20000000 6 0 3 1 30000000 -30000000 6 1 0 0 -25000000 -25000000 7 0 0 1 -15000000 25000000 7 1 3 1 5000000 -20000000 7 2 0 1 -5000000 -25000000 7 3 0 1 -30000000 -5000000 7 4 0 1 -10000000 15000000 7 5 1 1 -10000000 -15000000 26 5 1 2 6 8 4 16 17 15 21 14 19 12 13 10 11 9 23 22 27 25 26 34 38 29 31
FANOUT 3 39 1 0 0 1 10000000 -15000000 1 1 3 1 10000000 5000000 1 2 2 1 -25000000 -5000000 1 3 0 1 15000000 -25000000 1 4 1 1 15000000 -10000000 1 5 2 1 -10000000 20000000 1 6 1 1 10000000 10000000 1 7 1 0 0 15000000 1 8 1 1 -20000000 -5000000 2 0 2 1 30000000 -30000000 2 1 3 1 15000000 10000000 2 2 2 1 25000000 15000000 2 3 3 1 10000000 0 2 4 3 1 10000000 -20000000 3 0 3 1 30000000 25000000 3 1 2 1 -20000000 30000000 3 2 2 1 -10000000 20000000 3 3 3 1 25000000 -30000000 3 4 1 0 15000000 -25000000 3 5 3 1 0 25000000 3 6 0 0 15000000 20000000 3 7 2 1 30000000 -10000000 4 0 3 1 15000000 -30000000 4 1 3 1 0 -25000000 4 2 2 0 -25000000 0 4 3 2 1 30000000 30000000 4 4 1 1 -30000000 -20000000 4 5 2 1 -15000000 -25000000 4 6 0 1 -10000000 10000000 5 0 2 1 -5000000 -15000000 5 1 0 1 25000000 20000000 6 0 3 1 30000000 -30000000 6 1 0 0 -25000000 -25000000 7 0 0 1 -15000000 25000000 7 1 3 1 5000000 -20000000 7 2 0 1 -5000000 -25000000 7 3 0 1 -30000000 -5000000 7 4 0 1 -10000000 15000000 7 5 1 1 -10000000 -15000000 26 4 1 6 8 2 5 17 16 19 21 14 15 13 10 11 12 9 22 23 27 26 25 34 38 29 31
FANOUT 4 39 1 0 0 1 10000000 -15000000 1 1 3 1 10000000 5000000 1 2 2 1 -25000000 -5000000 1 3 0 1 15000000 -25000000 1 4 1 1 15000000 -10000000 1 5 2 1 -10000000 20000000 1 6 1 1 10000000 10000000 1 7 1 0 0 15000000 1 8 1 1 -20000000 -5000000 2 0 2 1 30000000 -30000000 2 1 3 1 15000000 10000000 2 2 2 1 25000000 15000000 2 3 3 1 10000000 0 2 4 3 1 10000000 -20000000 3 0 3 1 30000000 25000000 3 1 2 1 -20000000 30000000 3 2 2 1 -10000000 20000000 3 3 3 1 25000000 -30000000 3 4 1 0 15000000 -25000000 3 5 3 1 0 25000000 3 6 0 0 15000000 20000000 3 7 2 1 30000000 -10000000 4 0 3 1 15000000 -30000000 4 1 3 1 0 -25000000 4 2 2 0 -25000000 0 4 3 2 1 30000000 30000000 4 4 1 1 -30000000 -20000000 4 5 2 1 -15000000 -25000000 4 6 0 1 -10000000 10000000 5 0 2 1 -5000000 -15000000 5 1 0 1 25000000 20000000 6 0 3 1 30000000 -30000000 6 1 0 0 -25000000 -25000000 7 0 0 1 -15000000 25000000 7 1 3 1 5000000 -20000000 7 2 0 1 -5000000 -25000000 7 3 0 1 -30000000 -5000000 7 4 0 1 -10000000 15000000 7 5 1 1 -10000000 -15000000 26 1 2 4 5 6 8 14 15 16 17 19 21 9 10 11 12 13 22 23 25 26 27 34 38 29 31
FANOUT 0 37 1 0 0 1 -20000000 -25000000 1 1 0 1 0 -30000000 1 2 2 1 -30000000 15000000 1 3 2 1 30000000 -15000000 1 4 2 1 30000000 20000000 1 5 1 1 -5000000 15000000 2 0 3 0 -10000000 -5000000 2 1 3 0 5000000 10000000 2 2 2 1 25000000 -10000000 2 3 2 1 20000000 0 2 4 3 1 20000000 10000000 2 5 1 1 10000000 -5000000 2 6 0 1 0 15000000 2 7 2 1 -15000000 0 2 8 3 1 -30000000 -5000000 3 0 3 1 10000000 -30000000 3 1 0 1 10000000 10000000 3 2 2 1 10000000 15000000 3 3 0 0 -10000000 -30000000 3 4 2 1 20000000 30000000 4 0 2 1 -15000000 -10000000 4 1 2 1 -15000000 -25000000 4 2 2 0 20000000 25000000 4 3 1 0 5000000 -15000000 4 4 3 1 -25000000 -30000000 4 5 1 1 0 20000000 5 0 2 0 15000000 30000000 5 1 0 1 -30000000 -25000000 5 2 2 1 -15000000 -5000000 5 3 0 1 0 20000000 5 4 0 1 25000000 5000000 6 0 2 1 5000000 -20000000 6 1 3 0 5000000 20000000 6 2 3 1 5000000 30000000 7 0 2 0 -30000000 20000000 7 1 3 1 -15000000 -20000000 7 2 0 1 -15000000 15000000 21 14 8 13 10 9 11 2 3 4 5 25 24 21 20 15 19 17 31 33 28 35
FANOUT 1 37 1 0 0 1 -20000000 -25000000 1 1 0 1 0 -30000000 1 2 2 1 -30000000 15000000 1 3 2 1 30000000 -15000000 1 4 2 1 30000000 20000000 1 5 1 1 -5000000 15000000 2 0 3 0 -10000000 -5000000 2 1 3 0 5000000 10000000 2 2 2 1 25000000 -10000000 2 3 2 1 20000000 0 2 4 3 1 20000000 10000000 2 5 1 1 10000000 -5000000 2 6 0 1 0 15000000 2 7 2 1 -15000000 0 2 8 3 1 -30000000 -5000000 3 0 3 1 10000000 -30000000 3 1 0 1 10000000 10000000 3 2 2 1 10000000 15000000 3 3 0 0 -10000000 -30000000 3 4 2 1 20000000 30000000 4 0 2 1 -15000000 -10000000 4 1 2 1 -15000000 -25000000 4 2 2 0 20000000 25000000 4 3 1 0 5000000 -15000000 4 4 3 1 -25000000 -30000000 4 5 1 1 0 20000000 5 0 2 0 15000000 30000000 5 1 0 1 -30000000 -25000000 5 2 2 1 -15000000 -5000000 5 3 0 1 0 20000000 5 4 0 1 25000000 5000000 6 0 2 1 5000000 -20000000 6 1 3 0 5000000 20000000 6 2 3 1 5000000 30000000 7 0 2 0 -30000000 20000000 7 1 3 1 -15000000 -20000000 7 2 0 1 -15000000 15000000 21 11 9 10 13 8 14 5 4 3 2 20 21 24 25 17 19 15 31 33 28 35
FANOUT 2 37 1 0 0 1 -20000000 -25000000 1 1 0 1 0 -30000000 1 2 2 1 -30000000 15000000 1 3 2 1 30000000 -15000000 1 4 2 1 30000000 20000000 1 5 1 1 -5000000 15000000 2 0 3 0 -10000000 -5000000 2 1 3 0 5000000 10000000 2 2 2 1 25000000 -10000000 2 3 2 1 20000000 0 2 4 3 1 20000000 10000000 2 5 1 1 10000000 -5000000 2 6 0 1 0 15000000 2 7 2 1 -15000000 0 2 8 3 1 -30000000 -5000000 3 0 3 1 10000000 -30000000 3 1 0 1 10000000 10000000 3 2 2 1 10000000 15000000 3 3 0 0 -10000000 -30000000 3 4 2 1 20000000 30000000 4 0 2 1 -15000000 -10000000 4 1 2 1 -15000000 -25000000 4 2 2 0 20000000 25000000 4 3 1 0 5000000 -15000000 4 4 3 1 -25000000 -30000000 4 5 1 1 0 20000000 5 0 2 0 15000000 30000000 5 1 0 1 -30000000 -25000000 5 2 2 1 -15000000 -5000000 5 3 0 1 0 20000000 5 4 0 1 25000000 5000000 6 0 2 1 5000000 -20000000 6 1 3 0 5000000 20000000 6 2 3 1 5000000 30000000 7 0 2 0 -30000000 20000000 7 1 3 1 -15000000 -20000000 7 2 0 1 -15000000 15000000 21 13 8 9 11 10 14 2 3 5 4 20 25 24 21 19 17 15 33 31 28 35
FANOUT 3 37 1 0 0 1 -20000000 -25000000 1 1 0 1 0 -30000000 1 2 2 1 -30000000 15000000 1 3 2 1 30000000 -15000000 1 4 2 1 30000000 20000000 1 5 1 1 -5000000 15000000 2 0 3 0 -10000000 -5000000 2 1 3 0 5000000 10000000 2 2 2 1 25000000 -10000000 2 3 2 1 20000000 0 2 4 3 1 20000000 10000000 2 5 1 1 10000000 -5000000 2 6 0 1 0 15000000 2 7 2 1 -15000000 0 2 8 3 1 -30000000 -5000000 3 0 3 1 10000000 -30000000 3 1 0 1 10000000 10000000 3 2 2 1 10000000 15000000 3 3 0 0 -10000000 -30000000 3 4 2 1 20000000 30000000 4 0 2 1 -15000000 -10000000 4 1 2 1 -15000000 -25000000 4 2 2 0 20000000 25000000 4 3 1 0 5000000 -15000000 4 4 3 1 -25000000 -30000000 4 5 1 1 0 20000000 5 0 2 0 15000000 30000000 5 1 0 1 -30000000 -25000000 5 2 2 1 -15000000 -5000000 5 3 0 1 0 20000000 5 4 0 1 25000000 5000000 6 0 2 1 5000000 -20000000 6 1 3 0 5000000 20000000 6 2 3 1 5000000 30000000 7 0 2 0 -30000000 20000000 7 1 3 1 -15000000 -20000000 7 2 0 1 -15000000 15000000 21 9 10 11 13 14 8 5 3 4 2 20 21 25 24 17 19 15 33 31 28 35
FANOUT 4 37 1 0 0 1 -20000000 -25000000 1 1 0 1 0 -30000000 1 2 2 1 -30000000 15000000 1 3 2 1 30000000 -15000000 1 4 2 1 30000000 20000000 1 5 1 1 -5000000 15000000 2 0 3 0 -10000000 -5000000 2 1 3 0 5000000 10000000 2 2 2 1 25000000 -10000000 2 3 2 1 20000000 0 2 4 3 1 20000000 10000000 2 5 1 1 10000000 -5000000 2 6 0 1 0 15000000 2 7 2 1 -15000000 0 2 8 3 1 -30000000 -5000000 3 0 3 1 10000000 -30000000 3 1 0 1 10000000 10000000 3 2 2 1 10000000 15000000 3 3 0 0 -10000000 -30000000 3 4 2 1 20000000 30000000 4 0 2 1 -15000000 -10000000 4 1 2 1 -15000000 -25000000 4 2 2 0 20000000 25000000 4 3 1 0 5000000 -15000000 4 4 3 1 -25000000 -30000000 4 5 1 1 0 20000000 5 0 2 0 15000000 30000000 5 1 0 1 -30000000 -25000000 5 2 2 1 -15000000 -5000000 5 3 0 1 0 20000000 5 4 0 1 25000000 5000000 6 0 2 1 5000000 -20000000 6 1 3 0 5000000 20000000 6 2 3 1 5000000 30000000 7 0 2 0 -30000000 20000000 7 1 3 1 -15000000 -20000000 7 2 0 1 -15000000 15000000 21 8 9 10 11 13 14 2 3 4 5 20 21 24 25 15 17 19 31 33 28 35
FANOUT 0 15 1 0 0 0 10000000 30000000 1 1 3 1 10000000 5000000 1 2 1 1 -5000000 -30000000 1 3 1 1 20000000 -15000000 1 4 0 1 -10000000 -15000000 1 5 0 1 -15000000 -5000000 2 0 2 0 0 0 2 1 1 1 -25000000 30000000 2 2 3 1 -25000000 0 2 3 3 1 -30000000 0 2 4 2 1 -20000000 -10000000 2 5 0 1 10000000 -25000000 3 0 2 1 25000000 -20000000 3 1 3 1 -25000000 25000000 4 0 1 1 -30000000 -15000000 10 7 10 9 8 2 1 3 12 13 14
FANOUT 1 15 1 0 0 0 10000000 30000000 1 1 3 1 10000000 5000000 1 2 1 1 -5000000 -30000000 1 3 1 1 20000000 -15000000 1 4 0 1 -10000000 -15000000 1 5 0 1 -15000000 -5000000 2 0 2 0 0 0 2 1 1 1 -25000000 30000000 2 2 3 1 -25000000 0 2 3 3 1 -30000000 0 2 4 2 1 -20000000 -10000000 2 5 0 1 10000000 -25000000 3 0 2 1 25000000 -20000000 3 1 3 1 -25000000 25000000 4 0 1 1 -30000000 -15000000 10 8 9 10 7 3 1 2 12 13 14
FANOUT 2 15 1 0 0 0 10000000 30000000 1 1 3 1 10000000 5000000 1 2 1 1 -5000000 -30000000 1 3 1 1 20000000 -15000000 1 4 0 1 -10000000 -15000000 1 5 0 1 -15000000 -5000000 2 0 2 0 0 0 2 1 1 1 -25000000 30000000 2 2 3 1 -25000000 0 2 3 3 1 -30000000 0 2 4 2 1 -20000000 -10000000 2 5 0 1 10000000 -25000000 3 0 2 1 25000000 -20000000 3 1 3 1 -25000000 25000000 4 0 1 1 -30000000 -15000000 10 8 9 10 7 2 3 1 13 12 14
FANOUT 3 15 1 0 0 0 10000000 30000000 1 1 3 1 10000000 5000000 1 2 1 1 -5000000 -30000000 1 3 1 1 20000000 -15000000 1 4 0 1 -10000000 -15000000 1 5 0 1 -15000000 -5000000 2 0 2 0 0 0 2 1 1 1 -25000000 30000000 2 2 3 1 -25000000 0 2 3 3 1 -30000000 0 2 4 2 1 -20000000 -10000000 2 5 0 1 10000000 -25000000 3 0 2 1 25000000 -20000000 3 1 3 1 -25000000 25000000 4 0 1 1 -30000000 -15000000 10 8 9 10 7 3 1 2 12 13 14
FANOUT 4 15 1 0 0 0 10000000 30000000 1 1 3 1 10000000 5000000 1 2 1 1 -5000000 -30000000 1 3 1 1 20000000 -15000000 1 4 0 1 -10000000 -15000000 1 5 0 1 -15000000 -5000000 2 0 2 0 0 0 2 1 1 1 -25000000 30000000 2 2 3 1 -25000000 0 2 3 3 1 -30000000 0 2 4 2 1 -20000000 -10000000 2 5 0 1 10000000 -25000000 3 0 2 1 25000000 -20000000 3 1 3 1 -25000000 25000000 4 0 1 1 -30000000 -15000000 10 7 8 9 10 1 2 3 12 13 14
FANOUT 0 8 1 0 0 1 -25000000 10000000 1 1 3 1 30000000 20000000 1 2 3 0 25000000 30000000 1 3 1 1 -5000000 10000000 1 4 1 1 20000000 -15000000 1 5 3 1 30000000 -10000000 1 6 3 1 -25000000 20000000 2 0 0 0 30000000 -10000000 5 6 1 5 4 3
FANOUT 1 8 1 0 0 1 -25000000 10000000 1 1 3 1 30000000 20000000 1 2 3 0 25000000 30000000 1 3 1 1 -5000000 10000000 1 4 1 1 20000000 -15000000 1 5 3 1 30000000 -10000000 1 6 3 1 -25000000 20000000 2 0 0 0 30000000 -10000000 5 3 4 1 5 6
FANOUT 2 8 1 0 0 1 -25000000 10000000 1 1 3 1 30000000 20000000 1 2 3 0 25000000 30000000 1 3 1 1 -5000000 10000000 1 4 1 1 20000000 -15000000 1 5 3 1 30000000 -10000000 1 6 3 1 -25000000 20000000 2 0 0 0 30000000 -10000000 5 1 5 3 4 6
FANOUT 3 8 1 0 0 1 -25000000 10000000 1 1 3 1 30000000 20000000 1 2 3 0 25000000 30000000 1 3 1 1 -5000000 10000000 1 4 1 1 20000000 -15000000 1 5 3 1 30000000 -10000000 1 6 3 1 -25000000 20000000 2 0 0 0 30000000 -10000000 5 4 5 1 3 6
FANOUT 4 8 1 0 0 1 -25000000 10000000 1 1 3 1 30000000 20000000 1 2 3 0 25000000 30000000 1 3 1 1 -5000000 10000000 1 4 1 1 20000000 -15000000 1 5 3 1 30000000 -10000000 1 6 3 1 -25000000 20000000 2 0 0 0 30000000 -10000000 5 1 3 4 5 6
FANOUT 0 31 1 0 1 0 5000000 25000000 1 1 1 1 -30000000 -5000000 1 2 1 1 20000000 -10000000 1 3 1 1 20000000 0 1 4 1 1 0 -10000000 1 5 0 1 -25000000 30000000 1 6 3 1 -20000000 0 1 7 3 1 15000000 25000000 2 0 1 1 30000000 -15000000 2 1 0 1 -20000000 5000000 2 2 2 0 -20000000 -15000000 2 3 1 1 -25000000 0 2 4 1 1 15000000 10000000 3 0 1 1 5000000 -15000000 3 1 1 1 -20000000 0 3 2 0 1 -10000000 -25000000 3 3 2 1 -30000000 20000000 3 4 0 1 15000000 0 3 5 3 1 -30000000 -25000000 3 6 2 1 20000000 15000000 4 0 0 1 -15000000 0 4 1 2 0 30000000 -30000000 5 0 3 1 0 -5000000 5 1 0 0 15000000 -10000000 5 2 1 1 -30000000 -15000000 5 3 0 1 20000000 5000000 5 4 2 1 -25000000 20000000 5 5 3 1 15000000 -15000000 5 6 3 1 10000000 25000000 5 7 2 1 25000000 10000000 5 8 3 0 10000000 -25000000 20 1 7 2 6 3 4 24 26 29 27 28 22 19 18 16 13 14 11 8 12
FANOUT 1 31 1 0 1 0 5000000 25000000 1 1 1 1 -30000000 -5000000 1 2 1 1 20000000 -10000000 1 3 1 1 20000000 0 1 4 1 1 0 -10000000 1 5 0 1 -25000000 30000000 1 6 3 1 -20000000 0 1 7 3 1 15000000 25000000 2 0 1 1 30000000 -15000000 2 1 0 1 -20000000 5000000 2 2 2 0 -20000000 -15000000 2 3 1 1 -25000000 0 2 4 1 1 15000000 10000000 3 0 1 1 5000000 -15000000 3 1 1 1 -20000000 0 3 2 0 1 -10000000 -25000000 3 3 2 1 -30000000 20000000 3 4 0 1 15000000 0 3 5 3 1 -30000000 -25000000 3 6 2 1 20000000 15000000 4 0 0 1 -15000000 0 4 1 2 0 30000000 -30000000 5 0 3 1 0 -5000000 5 1 0 0 15000000 -10000000 5 2 1 1 -30000000 -15000000 5 3 0 1 20000000 5000000 5 4 2 1 -25000000 20000000 5 5 3 1 15000000 -15000000 5 6 3 1 10000000 25000000 5 7 2 1 25000000 10000000 5 8 3 0 10000000 -25000000 20 4 3 6 2 7 1 22 27 28 29 26 24 14 13 16 18 19 12 8 11
FANOUT 2 31 1 0 1 0 5000000 25000000 1 1 1 1 -30000000 -5000000 1 2 1 1 20000000 -10000000 1 3 1 1 20000000 0 1 4 1 1 0 -10000000 1 5 0 1 -25000000 30000000 1 6 3 1 -20000000 0 1 7 3 1 15000000 25000000 2 0 1 1 30000000 -15000000 2 1 0 1 -20000000 5000000 2 2 2 0 -20000000 -15000000 2 3 1 1 -25000000 0 2 4 1 1 15000000 10000000 3 0 1 1 5000000 -15000000 3 1 1 1 -20000000 0 3 2 0 1 -10000000 -25000000 3 3 2 1 -30000000 20000000 3 4 0 1 15000000 0 3 5 3 1 -30000000 -25000000 3 6 2 1 20000000 15000000 4 0 0 1 -15000000 0 4 1 2 0 30000000 -30000000 5 0 3 1 0 -5000000 5 1 0 0 15000000 -10000000 5 2 1 1 -30000000 -15000000 5 3 0 1 20000000 5000000 5 4 2 1 -25000000 20000000 5 5 3 1 15000000 -15000000 5 6 3 1 10000000 25000000 5 7 2 1 25000000 10000000 5 8 3 0 10000000 -25000000 20 7 1 4 2 3 6 26 28 29 24 27 22 14 16 13 19 18 11 8 12
FANOUT 3 31 1 0 1 0 5000000 25000000 1 1 1 1 -30000000 -5000000 1 2 1 1 20000000 -10000000 1 3 1 1 20000000 0 1 4 1 1 0 -10000000 1 5 0 1 -25000000 30000000 1 6 3 1 -20000000 0 1 7 3 1 15000000 25000000 2 0 1 1 30000000 -15000000 2 1 0 1 -20000000 5000000 2 2 2 0 -20000000 -15000000 2 3 1 1 -25000000 0 2 4 1 1 15000000 10000000 3 0 1 1 5000000 -15000000 3 1 1 1 -20000000 0 3 2 0 1 -10000000 -25000000 3 3 2 1 -30000000 20000000 3 4 0 1 15000000 0 3 5 3 1 -30000000 -25000000 3 6 2 1 20000000 15000000 4 0 0 1 -15000000 0 4 1 2 0 30000000 -30000000 5 0 3 1 0 -5000000 5 1 0 0 15000000 -10000000 5 2 1 1 -30000000 -15000000 5 3 0 1 20000000 5000000 5 4 2 1 -25000000 20000000 5 5 3 1 15000000 -15000000 5 6 3 1 10000000 25000000 5 7 2 1 25000000 10000000 5 8 3 0 10000000 -25000000 20 3 1 2 4 6 7 27 24 29 22 28 26 19 13 14 18 16 11 12 8
FANOUT 4 31 1 0 1 0 5000000 25000000 1 1 1 1 -30000000 -5000000 1 2 1 1 20000000 -10000000 1 3 1 1 20000000 0 1 4 1 1 0 -10000000 1 5 0 1 -25000000 30000000 1 6 3 1 -20000000 0 1 7 3 1 15000000 25000000 2 0 1 1 30000000 -15000000 2 1 0 1 -20000000 5000000 2 2 2 0 -20000000 -15000000 2 3 1 1 -25000000 0 2 4 1 1 15000000 10000000 3 0 1 1 5000000 -15000000 3 1 1 1 -20000000 0 3 2 0 1 -10000000 -25000000 3 3 2 1 -30000000 20000000 3 4 0 1 15000000 0 3 5 3 1 -30000000 -25000000 3 6 2 1 20000000 15000000 4 0 0 1 -15000000 0 4 1 2 0 30000000 -30000000 5 0 3 1 0 -5000000 5 1 0 0 15000000 -10000000 5 2 1 1 -30000000 -15000000 5 3 0 1 20000000 5000000 5 4 2 1 -25000000 20000000 5 5 3 1 15000000 -15000000 5 6 3 1 10000000 25000000 5 7 2 1 25000000 10000000 5 8 3 0 10000000 -25000000 20 1 2 3 4 6 7 22 24 26 27 28 29 13 14 16 18 19 8 11 12
FANOUT 0 7 1 0 0 1 0 15000000 1 1 0 1 -25000000 15000000 1 2 0 0 -10000000 10000000 1 3 1 1 -10000000 20000000 1 4 0 1 -15000000 15000000 1 5 0 1 25000000 15000000 1 6 1 1 -15000000 -30000000 2 3 6
FANOUT 1 7 1 0 0 1 0 15000000 1 1 0 1 -25000000 15000000 1 2 0 0 -10000000 10000000 1 3 1 1 -10000000 20000000 1 4 0 1 -15000000 15000000 1 5 0 1 25000000 15000000 1 6 1 1 -15000000 -30000000 2 3 6
FANOUT 2 7 1 0 0 1 0 15000000 1 1 0 1 -25000000 15000000 1 2 0 0 -10000000 10000000 1 3 1 1 -10000000 20000000 1 4 0 1 -15000000 15000000 1 5 0 1 25000000 15000000 1 6 1 1 -15000000 -30000000 2 3 6
FANOUT 3 7 1 0 0 1 0 15000000 1 1 0 1 -25000000 15000000 1 2 0 0 -10000000 10000000 1 3 1 1 -10000000 20000000 1 4 0 1 -15000000 15000000 1 5 0 1 25000000 15000000 1 6 1 1 -15000000 -30000000 2 3 6
FANOUT 4 7 1 0 0 1 0 15000000 1 1 0 1 -25000000 15000000 1 2 0 0 -10000000 10000000 1 3 1 1 -10000000 20000000 1 4 0 1 -15000000 15000000 1 5 0 1 25000000 15000000 1 6 1 1 -15000000 -30000000 2 3 6
FANOUT 0 30 1 0 1 1 0 -25000000 1 1 2 1 15000000 -5000000 1 2 3 0 0 -5000000 1 3 0 1 -5000000 20000000 1 4 2 1 -15000000 10000000 1 5 1 0 25000000 10000000 1 6 0 1 -20000000 30000000 2 0 2 1 -20000000 -10000000 3 0 0 1 -20000000 -10000000 3 1 2 0 -20000000 -10000000 3 2 1 1 5000000 -15000000 3 3 3 1 -20000000 20000000 3 4 1 1 -5000000 30000000 3 5 1 1 15000000 0 3 6 1 0 15000000 0 4 0 3 1 10000000 -30000000 4 1 1 1 25000000 20000000 4 2 2 1 20000000 10000000 4 3 2 1 10000000 30000000 4 4 3 1 -15000000 20000000 4 5 0 1 -15000000 25000000 5 0 0 0 -15000000 -10000000 5 1 3 1 30000000 5000000 5 2 2 1 -20000000 15000000 5 3 0 1 15000000 10000000 5 4 0 1 -20000000 10000000 6 0 2 1 -20000000 10000000 7 0 3 1 30000000 25000000 7 1 1 1 25000000 5000000 7 2 3 1 10000000 20000000 19 15 19 18 16 17 10 11 12 13 4 0 1 29 28 27 22 23 7 26
FANOUT 1 30 1 0 1 1 0 -25000000 1 1 2 1 15000000 -5000000 1 2 3 0 0 -5000000 1 3 0 1 -5000000 20000000 1 4 2 1 -15000000 10000000 1 5 1 0 25000000 10000000 1 6 0 1 -20000000 30000000 2 0 2 1 -20000000 -10000000 3 0 0 1 -20000000 -10000000 3 1 2 0 -20000000 -10000000 3 2 1 1 5000000 -15000000 3 3 3 1 -20000000 20000000 3 4 1 1 -5000000 30000000 3 5 1 1 15000000 0 3 6 1 0 15000000 0 4 0 3 1 10000000 -30000000 4 1 1 1 25000000 20000000 4 2 2 1 20000000 10000000 4 3 2 1 10000000 30000000 4 4 3 1 -15000000 20000000 4 5 0 1 -15000000 25000000 5 0 0 0 -15000000 -10000000 5 1 3 1 30000000 5000000 5 2 2 1 -20000000 15000000 5 3 0 1 15000000 10000000 5 4 0 1 -20000000 10000000 6 0 2 1 -20000000 10000000 7 0 3 1 30000000 25000000 7 1 1 1 25000000 5000000 7 2 3 1 10000000 20000000 19 17 16 18 19 15 13 12 11 10 1 0 4 27 28 29 22 23 7 26
FANOUT 2 30 1 0 1 1 0 -25000000 1 1 2 1 15000000 -5000000 1 2 3 0 0 -5000000 1 3 0 1 -5000000 20000000 1 4 2 1 -15000000 10000000 1 5 1 0 25000000 10000000 1 6 0 1 -20000000 30000000 2 0 2 1 -20000000 -10000000 3 0 0 1 -20000000 -10000000 3 1 2 0 -20000000 -10000000 3 2 1 1 5000000 -15000000 3 3 3 1 -20000000 20000000 3 4 1 1 -5000000 30000000 3 5 1 1 15000000 0 3 6 1 0 15000000 0 4 0 3 1 10000000 -30000000 4 1 1 1 25000000 20000000 4 2 2 1 20000000 10000000 4 3 2 1 10000000 30000000 4 4 3 1 -15000000 20000000 4 5 0 1 -15000000 25000000 5 0 0 0 -15000000 -10000000 5 1 3 1 30000000 5000000 5 2 2 1 -20000000 15000000 5 3 0 1 15000000 10000000 5 4 0 1 -20000000 10000000 6 0 2 1 -20000000 10000000 7 0 3 1 30000000 25000000 7 1 1 1 25000000 5000000 7 2 3 1 10000000 20000000 19 19 16 17 18 15 13 11 10 12 4 0 1 28 27 29 23 22 7 26
FANOUT 3 30 1 0 1 1 0 -25000000 1 1 2 1 15000000 -5000000 1 2 3 0 0 -5000000 1 3 0 1 -5000000 20000000 1 4 2 1 -15000000 10000000 1 5 1 0 25000000 10000000 1 6 0 1 -20000000 30000000 2 0 2 1 -20000000 -10000000 3 0 0 1 -20000000 -10000000 3 1 2 0 -20000000 -10000000 3 2 1 1 5000000 -15000000 3 3 3 1 -20000000 20000000 3 4 1 1 -5000000 30000000 3 5 1 1 15000000 0 3 6 1 0 15000000 0 4 0 3 1 10000000 -30000000 4 1 1 1 25000000 20000000 4 2 2 1 20000000 10000000 4 3 2 1 10000000 30000000 4 4 3 1 -15000000 20000000 4 5 0 1 -15000000 25000000 5 0 0 0 -15000000 -10000000 5 1 3 1 30000000 5000000 5 2 2 1 -20000000 15000000 5 3 0 1 15000000 10000000 5 4 0 1 -20000000 10000000 6 0 2 1 -20000000 10000000 7 0 3 1 30000000 25000000 7 1 1 1 25000000 5000000 7 2 3 1 10000000 20000000 19 17 16 19 18 15 11 13 10 12 1 4 0 28 29 27 22 23 7 26
FANOUT 4 30 1 0 1 1 0 -25000000 1 1 2 1 15000000 -5000000 1 2 3 0 0 -5000000 1 3 0 1 -5000000 20000000 1 4 2 1 -15000000 10000000 1 5 1 0 25000000 10000000 1 6 0 1 -20000000 30000000 2 0 2 1 -20000000 -10000000 3 0 0 1 -20000000 -10000000 3 1 2 0 -20000000 -10000000 3 2 1 1 5000000 -15000000 3 3 3 1 -20000000 20000000 3 4 1 1 -5000000 30000000 3 5 1 1 15000000 0 3 6 1 0 15000000 0 4 0 3 1 10000000 -30000000 4 1 1 1 25000000 20000000 4 2 2 1 20000000 10000000 4 3 2 1 10000000 30000000 4 4 3 1 -15000000 20000000 4 5 0 1 -15000000 25000000 5 0 0 0 -15000000 -10000000 5 1 3 1 30000000 5000000 5 2 2 1 -20000000 15000000 5 3 0 1 15000000 10000000 5 4 0 1 -20000000 10000000 6 0 2 1 -20000000 10000000 7 0 3 1 30000000 25000000 7 1 1 1 25000000 5000000 7 2 3 1 10000000 20000000 19 15 16 17 18 19 10 11 12 13 0 1 4 27 28 29 22 23 7 26
FANOUT 0 11 1 0 0 1 -25000000 -20000000 2 0 2 1 5000000 -15000000 2 1 3 1 -20000000 -25000000 3 0 3 1 15000000 0 3 1 2 1 20000000 -5000000 3 2 2 1 0 20000000 3 3 2 1 5000000 30000000 3 4 1 1 0 -10000000 3 5 2 0 10000000 15000000 3 6 1 0 5000000 20000000 3 7 2 1 -25000000 -15000000 8 10 6 4 5 7 3 1 2
FANOUT 1 11 1 0 0 1 -25000000 -20000000 2 0 2 1 5000000 -15000000 2 1 3 1 -20000000 -25000000 3 0 3 1 15000000 0 3 1 2 1 20000000 -5000000 3 2 2 1 0 20000000 3 3 2 1 5000000 30000000 3 4 1 1 0 -10000000 3 5 2 0 10000000 15000000 3 6 1 0 5000000 20000000 3 7 2 1 -25000000 -15000000 8 3 7 5 4 6 10 1 2
FANOUT 2 11 1 0 0 1 -25000000 -20000000 2 0 2 1 5000000 -15000000 2 1 3 1 -20000000 -25000000 3 0 3 1 15000000 0 3 1 2 1 20000000 -5000000 3 2 2 1 0 20000000 3 3 2 1 5000000 30000000 3 4 1 1 0 -10000000 3 5 2 0 10000000 15000000 3 6 1 0 5000000 20000000 3 7 2 1 -25000000 -15000000 8 5 6 4 10 7 3 1 2
FANOUT 3 11 1 0 0 1 -25000000 -20000000 2 0 2 1 5000000 -15000000 2 1 3 1 -20000000 -25000000 3 0 3 1 15000000 0 3 1 2 1 20000000 -5000000 3 2 2 1 0 20000000 3 3 2 1 5000000 30000000 3 4 1 1 0 -10000000 3 5 2 0 10000000 15000000 3 6 1 0 5000000 20000000 3 7 2 1 -25000000 -15000000 8 3 4 7 5 6 10 1 2
FANOUT 4 11 1 0 0 1 -25000000 -20000000 2 0 2 1 5000000 -15000000 2 1 3 1 -20000000 -25000000 3 0 3 1 15000000 0 3 1 2 1 20000000 -5000000 3 2 2 1 0 20000000 3 3 2 1 5000000 30000000 3 4 1 1 0 -10000000 3 5 2 0 10000000 15000000 3 6 1 0 5000000 20000000 3 7 2 1 -25000000 -15000000 8 3 4 5 6 7 10 1 2
FANOUT 0 47 1 0 3 1 30000000 0 1 1 1 1 -5000000 -25000000 1 2 3 1 -15000000 -15000000 1 3 2 1 -15000000 0 1 4 2 0 20000000 30000000 2 0 1 1 -20000000 15000000 2 1 1 1 -30000000 -30000000 2 2 0 1 -25000000 -25000000 2 3 3 1 -25000000 30000000 2 4 0 1 -15000000 10000000 2 5 2 1 -15000000 15000000 2 6 2 1 5000000 20000000 2 7 3 0 0 -20000000 3 0 2 0 -30000000 -15000000 3 1 0 1 10000000 25000000 3 2 0 1 -30000000 -15000000 3 3 2 1 10000000 -10000000 3 4 0 1 25000000 30000000 3 5 3 0 -10000000 5000000 3 6 3 1 5000000 -20000000 3 7 0 1 15000000 15000000 3 8 2 1 -5000000 -5000000 4 0 0 1 5000000 -30000000 4 1 1 1 5000000 -10000000 4 2 1 1 -5000000 -10000000 4 3 3 1 -10000000 -20000000 4 4 3 1 20000000 25000000 4 5 3 0 5000000 -20000000 5 0 2 0 -30000000 20000000 5 1 1 1 -20000000 -15000000 5 2 3 1 -30000000 -5000000 5 3 0 1 5000000 20000000 5 4 1 1 15000000 -5000000 5 5 3 1 -25000000 -25000000 5 6 2 0 5000000 -15000000 5 7 2 1 25000000 0 5 8 0 1 10000000 -15000000 6 0 3 1 -10000000 -25000000 6 1 0 1 -20000000 20000000 6 2 2 1 10000000 -30000000 6 3 2 1 -20000000 25000000 6 4 3 1 15000000 -5000000 6 5 0 1 -5000000 -15000000 6 6 0 1 0 10000000 6 7 1 1 20000000 0 7 0 2 1 15000000 -25000000 7 1 3 0 -10000000 -5000000 27 6 11 8 5 10 35 30 33 32 29 40 39 37 44 41 0 3 1 2 26 25 24 23 21 19 16 45
FANOUT 1 47 1 0 3 1 30000000 0 1 1 1 1 -5000000 -25000000 1 2 3 1 -15000000 -15000000 1 3 2 1 -15000000 0 1 4 2 0 20000000 30000000 2 0 1 1 -20000000 15000000 2 1 1 1 -30000000 -30000000 2 2 0 1 -25000000 -25000000 2 3 3 1 -25000000 30000000 2 4 0 1 -15000000 10000000 2 5 2 1 -15000000 15000000 2 6 2 1 5000000 20000000 2 7 3 0 0 -20000000 3 0 2 0 -30000000 -15000000 3 1 0 1 10000000 25000000 3 2 0 1 -30000000 -15000000 3 3 2 1 10000000 -10000000 3 4 0 1 25000000 30000000 3 5 3 0 -10000000 5000000 3 6 3 1 5000000 -20000000 3 7 0 1 15000000 15000000 3 8 2 1 -5000000 -5000000 4 0 0 1 5000000 -30000000 4 1 1 1 5000000 -10000000 4 2 1 1 -5000000 -10000000 4 3 3 1 -10000000 -20000000 4 4 3 1 20000000 25000000 4 5 3 0 5000000 -20000000 5 0 2 0 -30000000 20000000 5 1 1 1 -20000000 -15000000 5 2 3 1 -30000000 -5000000 5 3 0 1 5000000 20000000 5 4 1 1 15000000 -5000000 5 5 3 1 -25000000 -25000000 5 6 2 0 5000000 -15000000 5 7 2 1 25000000 0 5 8 0 1 10000000 -15000000 6 0 3 1 -10000000 -25000000 6 1 0 1 -20000000 20000000 6 2 2 1 10000000 -30000000 6 3 2 1 -20000000 25000000 6 4 3 1 15000000 -5000000 6 5 0 1 -5000000 -15000000 6 6 0 1 0 10000000 6 7 1 1 20000000 0 7 0 2 1 15000000 -25000000 7 1 3 0 -10000000 -5000000 27 10 5 8 11 6 29 32 33 30 35 41 44 37 39 40 2 1 3 0 23 24 25 26 16 19 21 45
FANOUT 2 47 1 0 3 1 30000000 0 1 1 1 1 -5000000 -25000000 1 2 3 1 -15000000 -15000000 1 3 2 1 -15000000 0 1 4 2 0 20000000 30000000 2 0 1 1 -20000000 15000000 2 1 1 1 -30000000 -30000000 2 2 0 1 -25000000 -25000000 2 3 3 1 -25000000 30000000 2 4 0 1 -15000000 10000000 2 5 2 1 -15000000 15000000 2 6 2 1 5000000 20000000 2 7 3 0 0 -20000000 3 0 2 0 -30000000 -15000000 3 1 0 1 10000000 25000000 3 2 0 1 -30000000 -15000000 3 3 2 1 10000000 -10000000 3 4 0 1 25000000 30000000 3 5 3 0 -10000000 5000000 3 6 3 1 5000000 -20000000 3 7 0 1 15000000 15000000 3 8 2 1 -5000000 -5000000 4 0 0 1 5000000 -30000000 4 1 1 1 5000000 -10000000 4 2 1 1 -5000000 -10000000 4 3 3 1 -10000000 -20000000 4 4 3 1 20000000 25000000 4 5 3 0 5000000 -20000000 5 0 2 0 -30000000 20000000 5 1 1 1 -20000000 -15000000 5 2 3 1 -30000000 -5000000 5 3 0 1 5000000 20000000 5 4 1 1 15000000 -5000000 5 5 3 1 -25000000 -25000000 5 6 2 0 5000000 -15000000 5 7 2 1 25000000 0 5 8 0 1 10000000 -15000000 6 0 3 1 -10000000 -25000000 6 1 0 1 -20000000 20000000 6 2 2 1 10000000 -30000000 6 3 2 1 -20000000 25000000 6 4 3 1 15000000 -5000000 6 5 0 1 -5000000 -15000000 6 6 0 1 0 10000000 6 7 1 1 20000000 0 7 0 2 1 15000000 -25000000 7 1 3 0 -10000000 -5000000 27 10 6 11 5 8 32 33 29 30 35 37 39 44 40 41 2 3 1 0 25 23 24 26 19 16 21 45
FANOUT 3 47 1 0 3 1 30000000 0 1 1 1 1 -5000000 -25000000 1 2 3 1 -15000000 -15000000 1 3 2 1 -15000000 0 1 4 2 0 20000000 30000000 2 0 1 1 -20000000 15000000 2 1 1 1 -30000000 -30000000 2 2 0 1 -25000000 -25000000 2 3 3 1 -25000000 30000000 2 4 0 1 -15000000 10000000 2 5 2 1 -15000000 15000000 2 6 2 1 5000000 20000000 2 7 3 0 0 -20000000 3 0 2 0 -30000000 -15000000 3 1 0 1 10000000 25000000 3 2 0 1 -30000000 -15000000 3 3 2 1 10000000 -10000000 3 4 0 1 25000000 30000000 3 5 3 0 -10000000 5000000 3 6 3 1 5000000 -20000000 3 7 0 1 15000000 15000000 3 8 2 1 -5000000 -5000000 4 0 0 1 5000000 -30000000 4 1 1 1 5000000 -10000000 4 2 1 1 -5000000 -10000000 4 3 3 1 -10000000 -20000000 4 4 3 1 20000000 25000000 4 5 3 0 5000000 -20000000 5 0 2 0 -30000000 20000000 5 1 1 1 -20000000 -15000000 5 2 3 1 -30000000 -5000000 5 3 0 1 5000000 20000000 5 4 1 1 15000000 -5000000 5 5 3 1 -25000000 -25000000 5 6 2 0 5000000 -15000000 5 7 2 1 25000000 0 5 8 0 1 10000000 -15000000 6 0 3 1 -10000000 -25000000 6 1 0 1 -20000000 20000000 6 2 2 1 10000000 -30000000 6 3 2 1 -20000000 25000000 6 4 3 1 15000000 -5000000 6 5 0 1 -5000000 -15000000 6 6 0 1 0 10000000 6 7 1 1 20000000 0 7 0 2 1 15000000 -25000000 7 1 3 0 -10000000 -5000000 27 5 10 8 6 11 29 32 33 35 30 41 37 44 39 40 1 2 3 0 23 24 25 26 19 21 16 45
FANOUT 4 47 1 0 3 1 30000000 0 1 1 1 1 -5000000 -25000000 1 2 3 1 -15000000 -15000000 1 3 2 1 -15000000 0 1 4 2 0 20000000 30000000 2 0 1 1 -20000000 15000000 2 1 1 1 -30000000 -30000000 2 2 0 1 -25000000 -25000000 2 3 3 1 -25000000 30000000 2 4 0 1 -15000000 10000000 2 5 2 1 -15000000 15000000 2 6 2 1 5000000 20000000 2 7 3 0 0 -20000000 3 0 2 0 -30000000 -15000000 3 1 0 1 10000000 25000000 3 2 0 1 -30000000 -15000000 3 3 2 1 10000000 -10000000 3 4 0 1 25000000 30000000 3 5 3 0 -10000000 5000000 3 6 3 1 5000000 -20000000 3 7 0 1 15000000 15000000 3 8 2 1 -5000000 -5000000 4 0 0 1 5000000 -30000000 4 1 1 1 5000000 -10000000 4 2 1 1 -5000000 -10000000 4 3 3 1 -10000000 -20000000 4 4 3 1 20000000 25000000 4 5 3 0 5000000 -20000000 5 0 2 0 -30000000 20000000 5 1 1 1 -20000000 -15000000 5 2 3 1 -30000000 -5000000 5 3 0 1 5000000 20000000 5 4 1 1 15000000 -5000000 5 5 3 1 -25000000 -25000000 5 6 2 0 5000000 -15000000 5 7 2 1 25000000 0 5 8 0 1 10000000 -15000000 6 0 3 1 -10000000 -25000000 6 1 0 1 -20000000 20000000 6 2 2 1 10000000 -30000000 6 3 2 1 -20000000 25000000 6 4 3 1 15000000 -5000000 6 5 0 1 -5000000 -15000000 6 6 0 1 0 10000000 6 7 1 1 20000000 0 7 0 2 1 15000000 -25000000 7 1 3 0 -10000000 -5000000 27 5 6 8 10 11 29 30 32 33 35 37 39 40 41 44 0 1 2 3 23 24 25 26 16 19 21 45
FANOUT 0 29 1 0 0 1 -30000000 -25000000 1 1 3 1 -30000000 5000000 1 2 2 1 -25000000 30000000 1 3 0 1 -10000000 -15000000 1 4 2 1 15000000 0 1 5 2 1 -30000000 0 1 6 3 1 5000000 -5000000 1 7 0 1 10000000 -30000000 1 8 2 1 15000000 5000000 2 0 2 1 0 10000000 2 1 2 1 10000000 30000000 2 2 2 1 -15000000 -15000000 2 3 1 1 5000000 30000000 2 4 0 1 0 10000000 2 5 1 0 -25000000 0 2 6 2 1 -20000000 5000000 2 7 2 1 25000000 15000000 2 8 0 0 15000000 15000000 3 0 1 1 -15000000 30000000 3 1 2 1 -20000000 -15000000 3 2 2 1 10000000 -5000000 4 0 2 1 -5000000 -15000000 4 1 1 0 20000000 20000000 4 2 1 0 10000000 -25000000 4 3 1 1 25000000 -30000000 4 4 3 1 -30000000 -30000000 5 0 0 0 -10000000 -20000000 5 1 1 1 25000000 20000000 5 2 0 1 -10000000 -5000000 19 2 4 8 5 1 6 11 16 15 10 12 9 18 19 20 24 25 21 27
FANOUT 1 29 1 0 0 1 -30000000 -25000000 1 1 3 1 -30000000 5000000 1 2 2 1 -25000000 30000000 1 3 0 1 -10000000 -15000000 1 4 2 1 15000000 0 1 5 2 1 -30000000 0 1 6 3 1 5000000 -5000000 1 7 0 1 10000000 -30000000 1 8 2 1 15000000 5000000 2 0 2 1 0 10000000 2 1 2 1 10000000 30000000 2 2 2 1 -15000000 -15000000 2 3 1 1 5000000 30000000 2 4 0 1 0 10000000 2 5 1 0 -25000000 0 2 6 2 1 -20000000 5000000 2 7 2 1 25000000 15000000 2 8 0 0 15000000 15000000 3 0 1 1 -15000000 30000000 3 1 2 1 -20000000 -15000000 3 2 2 1 10000000 -5000000 4 0 2 1 -5000000 -15000000 4 1 1 0 20000000 20000000 4 2 1 0 10000000 -25000000 4 3 1 1 25000000 -30000000 4 4 3 1 -30000000 -30000000 5 0 0 0 -10000000 -20000000 5 1 1 1 25000000 20000000 5 2 0 1 -10000000 -5000000 19 6 1 5 8 4 2 9 12 10 15 16 11 20 19 18 21 25 24 27
FANOUT 2 29 1 0 0 1 -30000000 -25000000 1 1 3 1 -30000000 5000000 1 2 2 1 -25000000 30000000 1 3 0 1 -10000000 -15000000 1 4 2 1 15000000 0 1 5 2 1 -30000000 0 1 6 3 1 5000000 -5000000 1 7 0 1 10000000 -30000000 1 8 2 1 15000000 5000000 2 0 2 1 0 10000000 2 1 2 1 10000000 30000000 2 2 2 1 -15000000 -15000000 2 3 1 1 5000000 30000000 2 4 0 1 0 10000000 2 5 1 0 -25000000 0 2 6 2 1 -20000000 5000000 2 7 2 1 25000000 15000000 2 8 0 0 15000000 15000000 3 0 1 1 -15000000 30000000 3 1 2 1 -20000000 -15000000 3 2 2 1 10000000 -5000000 4 0 2 1 -5000000 -15000000 4 1 1 0 20000000 20000000 4 2 1 0 10000000 -25000000 4 3 1 1 25000000 -30000000 4 4 3 1 -30000000 -30000000 5 0 0 0 -10000000 -20000000 5 1 1 1 25000000 20000000 5 2 0 1 -10000000 -5000000 19 4 8 5 2 1 6 11 15 16 9 12 10 19 20 18 21 24 25 27
FANOUT 3 29 1 0 0 1 -30000000 -25000000 1 1 3 1 -30000000 5000000 1 2 2 1 -25000000 30000000 1 3 0 1 -10000000 -15000000 1 4 2 1 15000000 0 1 5 2 1 -30000000 0 1 6 3 1 5000000 -5000000 1 7 0 1 10000000 -30000000 1 8 2 1 15000000 5000000 2 0 2 1 0 10000000 2 1 2 1 10000000 30000000 2 2 2 1 -15000000 -15000000 2 3 1 1 5000000 30000000 2 4 0 1 0 10000000 2 5 1 0 -25000000 0 2 6 2 1 -20000000 5000000 2 7 2 1 25000000 15000000 2 8 0 0 15000000 15000000 3 0 1 1 -15000000 30000000 3 1 2 1 -20000000 -15000000 3 2 2 1 10000000 -5000000 4 0 2 1 -5000000 -15000000 4 1 1 0 20000000 20000000 4 2 1 0 10000000 -25000000 4 3 1 1 25000000 -30000000 4 4 3 1 -30000000 -30000000 5 0 0 0 -10000000 -20000000 5 1 1 1 25000000 20000000 5 2 0 1 -10000000 -5000000 19 8 4 6 5 1 2 9 15 16 10 11 12 19 20 18 21 25 24 27
FANOUT 4 29 1 0 0 1 -30000000 -25000000 1 1 3 1 -30000000 5000000 1 2 2 1 -25000000 30000000 1 3 0 1 -10000000 -15000000 1 4 2 1 15000000 0 1 5 2 1 -30000000 0 1 6 3 1 5000000 -5000000 1 7 0 1 10000000 -30000000 1 8 2 1 15000000 5000000 2 0 2 1 0 10000000 2 1 2 1 10000000 30000000 2 2 2 1 -15000000 -15000000 2 3 1 1 5000000 30000000 2 4 0 1 0 10000000 2 5 1 0 -25000000 0 2 6 2 1 -20000000 5000000 2 7 2 1 25000000 15000000 2 8 0 0 15000000 15000000 3 0 1 1 -15000000 30000000 3 1 2 1 -20000000 -15000000 3 2 2 1 10000000 -5000000 4 0 2 1 -5000000 -15000000 4 1 1 0 20000000 20000000 4 2 1 0 10000000 -25000000 4 3 1 1 25000000 -30000000 4 4 3 1 -30000000 -30000000 5 0 0 0 -10000000 -20000000 5 1 1 1 25000000 20000000 5 2 0 1 -10000000 -5000000 19 1 2 4 5 6 8 9 10 11 12 15 16 18 19 20 21 24 25 27
FANOUT 0 25 1 0 3 1 -10000000 5000000 2 0 0 1 -20000000 30000000 2 1 1 1 -30000000 -5000000 2 2 1 0 5000000 15000000 3 0 1 0 5000000 30000000 3 1 0 1 10000000 -30000000 3 2 0 1 -5000000 0 3 3 3 1 30000000 -25000000 3 4 0 1 -10000000 5000000 3 5 1 0 -30000000 10000000 3 6 1 1 0 15000000 4 0 1 1 5000000 30000000 4 1 0 0 30000000 0 4 2 2 0 0 5000000 4 3 0 1 -25000000 -20000000 4 4 2 1 30000000 -25000000 4 5 1 0 20000000 -15000000 5 0 3 1 15000000 0 5 1 3 0 -15000000 -30000000 5 2 2 1 -25000000 20000000 5 3 2 1 10000000 -15000000 5 4 3 1 -30000000 -25000000 5 5 3 0 -15000000 -5000000 5 6 3 1 20000000 -25000000 6 0 1 1 10000000 20000000 12 19 21 23 17 20 7 10 11 15 0 2 24
FANOUT 1 25 1 0 3 1 -10000000 5000000 2 0 0 1 -20000000 30000000 2 1 1 1 -30000000 -5000000 2 2 1 0 5000000 15000000 3 0 1 0 5000000 30000000 3 1 0 1 10000000 -30000000 3 2 0 1 -5000000 0 3 3 3 1 30000000 -25000000 3 4 0 1 -10000000 5000000 3 5 1 0 -30000000 10000000 3 6 1 1 0 15000000 4 0 1 1 5000000 30000000 4 1 0 0 30000000 0 4 2 2 0 0 5000000 4 3 0 1 -25000000 -20000000 4 4 2 1 30000000 -25000000 4 5 1 0 20000000 -15000000 5 0 3 1 15000000 0 5 1 3 0 -15000000 -30000000 5 2 2 1 -25000000 20000000 5 3 2 1 10000000 -15000000 5 4 3 1 -30000000 -25000000 5 5 3 0 -15000000 -5000000 5 6 3 1 20000000 -25000000 6 0 1 1 10000000 20000000 12 20 17 23 21 19 7 10 11 15 0 2 24
FANOUT 2 25 1 0 3 1 -10000000 5000000 2 0 0 1 -20000000 30000000 2 1 1 1 -30000000 -5000000 2 2 1 0 5000000 15000000 3 0 1 0 5000000 30000000 3 1 0 1 10000000 -30000000 3 2 0 1 -5000000 0 3 3 3 1 30000000 -25000000 3 4 0 1 -10000000 5000000 3 5 1 0 -30000000 10000000 3 6 1 1 0 15000000 4 0 1 1 5000000 30000000 4 1 0 0 30000000 0 4 2 2 0 0 5000000 4 3 0 1 -25000000 -20000000 4 4 2 1 30000000 -25000000 4 5 1 0 20000000 -15000000 5 0 3 1 15000000 0 5 1 3 0 -15000000 -30000000 5 2 2 1 -25000000 20000000 5 3 2 1 10000000 -15000000 5 4 3 1 -30000000 -25000000 5 5 3 0 -15000000 -5000000 5 6 3 1 20000000 -25000000 6 0 1 1 10000000 20000000 12 23 21 20 17 19 10 7 11 15 0 2 24
FANOUT 3 25 1 0 3 1 -10000000 5000000 2 0 0 1 -20000000 30000000 2 1 1 1 -30000000 -5000000 2 2 1 0 5000000 15000000 3 0 1 0 5000000 30000000 3 1 0 1 10000000 -30000000 3 2 0 1 -5000000 0 3 3 3 1 30000000 -25000000 3 4 0 1 -10000000 5000000 3 5 1 0 -30000000 10000000 3 6 1 1 0 15000000 4 0 1 1 5000000 30000000 4 1 0 0 30000000 0 4 2 2 0 0 5000000 4 3 0 1 -25000000 -20000000 4 4 2 1 30000000 -25000000 4 5 1 0 20000000 -15000000 5 0 3 1 15000000 0 5 1 3 0 -15000000 -30000000 5 2 2 1 -25000000 20000000 5 3 2 1 10000000 -15000000 5 4 3 1 -30000000 -25000000 5 5 3 0 -15000000 -5000000 5 6 3 1 20000000 -25000000 6 0 1 1 10000000 20000000 12 23 20 17 21 19 10 7 11 15 0 2 24
FANOUT 4 25 1 0 3 1 -10000000 5000000 2 0 0 1 -20000000 30000000 2 1 1 1 -30000000 -5000000 2 2 1 0 5000000 15000000 3 0 1 0 5000000 30000000 3 1 0 1 10000000 -30000000 3 2 0 1 -5000000 0 3 3 3 1 30000000 -25000000 3 4 0 1 -10000000 5000000 3 5 1 0 -30000000 10000000 3 6 1 1 0 15000000 4 0 1 1 5000000 30000000 4 1 0 0 30000000 0 4 2 2 0 0 5000000 4 3 0 1 -25000000 -20000000 4 4 2 1 30000000 -25000000 4 5 1 0 20000000 -15000000 5 0 3 1 15000000 0 5 1 3 0 -15000000 -30000000 5 2 2 1 -25000000 20000000 5 3 2 1 10000000 -15000000 5 4 3 1 -30000000 -25000000 5 5 3 0 -15000000 -5000000 5 6 3 1 20000000 -25000000 6 0 1 1 10000000 20000000 12 17 19 20 21 23 7 10 11 15 0 2 24
FANOUT 0 18 1 0 0 1 -25000000 -25000000 1 1 1 1 -30000000 -10000000 1 2 0 1 5000000 10000000 1 3 0 1 -30000000 -30000000 1 4 0 1 -20000000 15000000 1 5 3 1 -20000000 -30000000 1 6 0 1 -15000000 -25000000 1 7 2 1 20000000 -25000000 1 8 1 1 30000000 15000000 2 0 0 1 -20000000 10000000 2 1 1 1 -10000000 -5000000 2 2 0 0 20000000 15000000 2 3 1 1 30000000 15000000 2 4 2 1 25000000 -25000000 2 5 2 0 20000000 15000000 2 6 2 1 25000000 5000000 2 7 0 1 30000000 0 2 8 1 0 0 0 8 8 1 5 7 10 13 12 15
FANOUT 1 18 1 0 0 1 -25000000 -25000000 1 1 1 1 -30000000 -10000000 1 2 0 1 5000000 10000000 1 3 0 1 -30000000 -30000000 1 4 0 1 -20000000 15000000 1 5 3 1 -20000000 -30000000 1 6 0 1 -15000000 -25000000 1 7 2 1 20000000 -25000000 1 8 1 1 30000000 15000000 2 0 0 1 -20000000 10000000 2 1 1 1 -10000000 -5000000 2 2 0 0 20000000 15000000 2 3 1 1 30000000 15000000 2 4 2 1 25000000 -25000000 2 5 2 0 20000000 15000000 2 6 2 1 25000000 5000000 2 7 0 1 30000000 0 2 8 1 0 0 0 8 7 5 1 8 15 12 13 10
FANOUT 2 18 1 0 0 1 -25000000 -25000000 1 1 1 1 -30000000 -10000000 1 2 0 1 5000000 10000000 1 3 0 1 -30000000 -30000000 1 4 0 1 -20000000 15000000 1 5 3 1 -20000000 -30000000 1 6 0 1 -15000000 -25000000 1 7 2 1 20000000 -25000000 1 8 1 1 30000000 15000000 2 0 0 1 -20000000 10000000 2 1 1 1 -10000000 -5000000 2 2 0 0 20000000 15000000 2 3 1 1 30000000 15000000 2 4 2 1 25000000 -25000000 2 5 2 0 20000000 15000000 2 6 2 1 25000000 5000000 2 7 0 1 30000000 0 2 8 1 0 0 0 8 8 7 1 5 12 13 10 15
FANOUT 3 18 1 0 0 1 -25000000 -25000000 1 1 1 1 -30000000 -10000000 1 2 0 1 5000000 10000000 1 3 0 1 -30000000 -30000000 1 4 0 1 -20000000 15000000 1 5 3 1 -20000000 -30000000 1 6 0 1 -15000000 -25000000 1 7 2 1 20000000 -25000000 1 8 1 1 30000000 15000000 2 0 0 1 -20000000 10000000 2 1 1 1 -10000000 -5000000 2 2 0 0 20000000 15000000 2 3 1 1 30000000 15000000 2 4 2 1 25000000 -25000000 2 5 2 0 20000000 15000000 2 6 2 1 25000000 5000000 2 7 0 1 30000000 0 2 8 1 0 0 0 8 8 7 1 5 12 15 13 10
FANOUT 4 18 1 0 0 1 -25000000 -25000000 1 1 1 1 -30000000 -10000000 1 2 0 1 5000000 10000000 1 3 0 1 -30000000 -30000000 1 4 0 1 -20000000 15000000 1 5 3 1 -20000000 -30000000 1 6 0 1 -15000000 -25000000 1 7 2 1 20000000 -25000000 1 8 1 1 30000000 15000000 2 0 0 1 -20000000 10000000 2 1 1 1 -10000000 -5000000 2 2 0 0 20000000 15000000 2 3 1 1 30000000 15000000 2 4 2 1 25000000 -25000000 2 5 2 0 20000000 15000000 2 6 2 1 25000000 5000000 2 7 0 1 30000000 0 2 8 1 0 0 0 8 1 5 7 8 10 12 13 15
FANOUT 0 7 1 0 2 1 -20000000 5000000 1 1 1 0 -25000000 5000000 1 2 3 1 5000000 -20000000 1 3 2 1 -25000000 -10000000 1 4 3 1 -10000000 -10000000 1 5 3 1 0 25000000 1 6 3 1 25000000 -10000000 6 6 5 3 2 0 4
FANOUT 1 7 1 0 2 1 -20000000 5000000 1 1 1 0 -25000000 5000000 1 2 3 1 5000000 -20000000 1 3 2 1 -25000000 -10000000 1 4 3 1 -10000000 -10000000 1 5 3 1 0 25000000 1 6 3 1 25000000 -10000000 6 4 0 2 3 5 6
FANOUT 2 7 1 0 2 1 -20000000 5000000 1 1 1 0 -25000000 5000000 1 2 3 1 5000000 -20000000 1 3 2 1 -25000000 -10000000 1 4 3 1 -10000000 -10000000 1 5 3 1 0 25000000 1 6 3 1 25000000 -10000000 6 0 3 2 4 6 5
FANOUT 3 7 1 0 2 1 -20000000 5000000 1 1 1 0 -25000000 5000000 1 2 3 1 5000000 -20000000 1 3 2 1 -25000000 -10000000 1 4 3 1 -10000000 -10000000 1 5 3 1 0 25000000 1 6 3 1 25000000 -10000000 6 4 0 3 2 5 6
FANOUT 4 7 1 0 2 1 -20000000 5000000 1 1 1 0 -25000000 5000000 1 2 3 1 5000000 -20000000 1 3 2 1 -25000000 -10000000 1 4 3 1 -10000000 -10000000 1 5 3 1 0 25000000 1 6 3 1 25000000 -10000000 6 0 2 3 4 5 6
FANOUT 0 24 1 0 1 1 -25000000 -25000000 1 1 0 1 15000000 0 1 2 2 1 0 25000000 1 3 2 1 10000000 -15000000 1 4 3 1 -30000000 0 1 5 3 0 -15000000 -5000000 2 0 2 1 -30000000 5000000 2 1 2 1 -30000000 30000000 2 2 0 1 15000000 -25000000 2 3 1 1 5000000 -25000000 2 4 1 1 10000000 -25000000 2 5 0 0 -10000000 -30000000 2 6 3 1 30000000 -25000000 2 7 0 1 15000000 10000000 2 8 3 1 -25000000 -15000000 3 0 1 1 5000000 25000000 3 1 3 1 10000000 -30000000 3 2 1 1 5000000 25000000 4 0 1 1 10000000 0 4 1 0 0 -10000000 -30000000 5 0 1 0 5000000 20000000 5 1 1 1 25000000 30000000 5 2 3 1 -5000000 -5000000 5 3 3 1 10000000 25000000 17 7 12 6 10 9 14 2 0 3 4 16 15 17 22 21 23 18
FANOUT 1 24 1 0 1 1 -25000000 -25000000 1 1 0 1 15000000 0 1 2 2 1 0 25000000 1 3 2 1 10000000 -15000000 1 4 3 1 -30000000 0 1 5 3 0 -15000000 -5000000 2 0 2 1 -30000000 5000000 2 1 2 1 -30000000 30000000 2 2 0 1 15000000 -25000000 2 3 1 1 5000000 -25000000 2 4 1 1 10000000 -25000000 2 5 0 0 -10000000 -30000000 2 6 3 1 30000000 -25000000 2 7 0 1 15000000 10000000 2 8 3 1 -25000000 -15000000 3 0 1 1 5000000 25000000 3 1 3 1 10000000 -30000000 3 2 1 1 5000000 25000000 4 0 1 1 10000000 0 4 1 0 0 -10000000 -30000000 5 0 1 0 5000000 20000000 5 1 1 1 25000000 30000000 5 2 3 1 -5000000 -5000000 5 3 3 1 10000000 25000000 17 14 9 10 6 12 7 4 3 0 2 15 17 16 23 21 22 18
FANOUT 2 24 1 0 1 1 -25000000 -25000000 1 1 0 1 15000000 0 1 2 2 1 0 25000000 1 3 2 1 10000000 -15000000 1 4 3 1 -30000000 0 1 5 3 0 -15000000 -5000000 2 0 2 1 -30000000 5000000 2 1 2 1 -30000000 30000000 2 2 0 1 15000000 -25000000 2 3 1 1 5000000 -25000000 2 4 1 1 10000000 -25000000 2 5 0 0 -10000000 -30000000 2 6 3 1 30000000 -25000000 2 7 0 1 15000000 10000000 2 8 3 1 -25000000 -15000000 3 0 1 1 5000000 25000000 3 1 3 1 10000000 -30000000 3 2 1 1 5000000 25000000 4 0 1 1 10000000 0 4 1 0 0 -10000000 -30000000 5 0 1 0 5000000 20000000 5 1 1 1 25000000 30000000 5 2 3 1 -5000000 -5000000 5 3 3 1 10000000 25000000 17 9 10 14 12 6 7 4 0 2 3 15 17 16 22 21 23 18
FANOUT 3 24 1 0 1 1 -25000000 -25000000 1 1 0 1 15000000 0 1 2 2 1 0 25000000 1 3 2 1 10000000 -15000000 1 4 3 1 -30000000 0 1 5 3 0 -15000000 -5000000 2 0 2 1 -30000000 5000000 2 1 2 1 -30000000 30000000 2 2 0 1 15000000 -25000000 2 3 1 1 5000000 -25000000 2 4 1 1 10000000 -25000000 2 5 0 0 -10000000 -30000000 2 6 3 1 30000000 -25000000 2 7 0 1 15000000 10000000 2 8 3 1 -25000000 -15000000 3 0 1 1 5000000 25000000 3 1 3 1 10000000 -30000000 3 2 1 1 5000000 25000000 4 0 1 1 10000000 0 4 1 0 0 -10000000 -30000000 5 0 1 0 5000000 20000000 5 1 1 1 25000000 30000000 5 2 3 1 -5000000 -5000000 5 3 3 1 10000000 25000000 17 10 9 14 6 12 7 3 2 4 0 15 16 17 23 22 21 18
FANOUT 4 24 1 0 1 1 -25000000 -25000000 1 1 0 1 15000000 0 1 2 2 1 0 25000000 1 3 2 1 10000000 -15000000 1 4 3 1 -30000000 0 1 5 3 0 -15000000 -5000000 2 0 2 1 -30000000 5000000 2 1 2 1 -30000000 30000000 2 2 0 1 15000000 -25000000 2 3 1 1 5000000 -25000000 2 4 1 1 10000000 -25000000 2 5 0 0 -10000000 -30000000 2 6 3 1 30000000 -25000000 2 7 0 1 15000000 10000000 2 8 3 1 -25000000 -15000000 3 0 1 1 5000000 25000000 3 1 3 1 10000000 -30000000 3 2 1 1 5000000 25000000 4 0 1 1 10000000 0 4 1 0 0 -10000000 -30000000 5 0 1 0 5000000 20000000 5 1 1 1 25000000 30000000 5 2 3 1 -5000000 -5000000 5 3 3 1 10000000 25000000 17 6 7 9 10 12 14 0 2 3 4 15 16 17 21 22 23 18
FANOUT 0 19 1 0 3 1 -20000000 30000000 1 1 3 0 0 -25000000 1 2 0 1 -5000000 -20000000 1 3 2 1 5000000 10000000 2 0 2 1 -10000000 -10000000 2 1 2 0 -5000000 -15000000 2 2 2 1 -25000000 30000000 2 3 3 1 5000000 10000000 2 4 3 1 -20000000 -5000000 2 5 1 0 -25000000 -25000000 3 0 2 0 -20000000 0 3 1 1 0 0 20000000 3 2 3 0 -25000000 -20000000 3 3 1 0 5000000 30000000 3 4 3 1 0 -5000000 3 5 1 1 -20000000 25000000 3 6 1 1 -5000000 -20000000 3 7 1 1 30000000 0 3 8 2 1 -25000000 0 11 17 15 18 16 14 6 7 4 8 0 3
FANOUT 1 19 1 0 3 1 -20000000 30000000 1 1 3 0 0 -25000000 1 2 0 1 -5000000 -20000000 1 3 2 1 5000000 10000000 2 0 2 1 -10000000 -10000000 2 1 2 0 -5000000 -15000000 2 2 2 1 -25000000 30000000 2 3 3 1 5000000 10000000 2 4 3 1 -20000000 -5000000 2 5 1 0 -25000000 -25000000 3 0 2 0 -20000000 0 3 1 1 0 0 20000000 3 2 3 0 -25000000 -20000000 3 3 1 0 5000000 30000000 3 4 3 1 0 -5000000 3 5 1 1 -20000000 25000000 3 6 1 1 -5000000 -20000000 3 7 1 1 30000000 0 3 8 2 1 -25000000 0 11 14 16 18 15 17 8 4 7 6 0 3
FANOUT 2 19 1 0 3 1 -20000000 30000000 1 1 3 0 0 -25000000 1 2 0 1 -5000000 -20000000 1 3 2 1 5000000 10000000 2 0 2 1 -10000000 -10000000 2 1 2 0 -5000000 -15000000 2 2 2 1 -25000000 30000000 2 3 3 1 5000000 10000000 2 4 3 1 -20000000 -5000000 2 5 1 0 -25000000 -25000000 3 0 2 0 -20000000 0 3 1 1 0 0 20000000 3 2 3 0 -25000000 -20000000 3 3 1 0 5000000 30000000 3 4 3 1 0 -5000000 3 5 1 1 -20000000 25000000 3 6 1 1 -5000000 -20000000 3 7 1 1 30000000 0 3 8 2 1 -25000000 0 11 18 14 15 16 17 4 7 8 6 3 0
FANOUT 3 19 1 0 3 1 -20000000 30000000 1 1 3 0 0 -25000000 1 2 0 1 -5000000 -20000000 1 3 2 1 5000000 10000000 2 0 2 1 -10000000 -10000000 2 1 2 0 -5000000 -15000000 2 2 2 1 -25000000 30000000 2 3 3 1 5000000 10000000 2 4 3 1 -20000000 -5000000 2 5 1 0 -25000000 -25000000 3 0 2 0 -20000000 0 3 1 1 0 0 20000000 3 2 3 0 -25000000 -20000000 3 3 1 0 5000000 30000000 3 4 3 1 0 -5000000 3 5 1 1 -20000000 25000000 3 6 1 1 -5000000 -20000000 3 7 1 1 30000000 0 3 8 2 1 -25000000 0 11 14 15 16 18 17 4 8 6 7 0 3
FANOUT 4 19 1 0 3 1 -20000000 30000000 1 1 3 0 0 -25000000 1 2 0 1 -5000000 -20000000 1 3 2 1 5000000 10000000 2 0 2 1 -10000000 -10000000 2 1 2 0 -5000000 -15000000 2 2 2 1 -25000000 30000000 2 3 3 1 5000000 10000000 2 4 3 1 -20000000 -5000000 2 5 1 0 -25000000 -25000000 3 0 2 0 -20000000 0 3 1 1 0 0 20000000 3 2 3 0 -25000000 -20000000 3 3 1 0 5000000 30000000 3 4 3 1 0 -5000000 3 5 1 1 -20000000 25000000 3 6 1 1 -5000000 -20000000 3 7 1 1 30000000 0 3 8 2 1 -25000000 0 11 14 15 16 17 18 4 6 7 8 0 3
FANOUT 0 24 1 0 1 1 -25000000 30000000 2 0 1 1 0 -30000000 2 1 3 1 30000000 15000000 2 2 0 1 0 25000000 2 3 0 1 20000000 -5000000 2 4 1 0 20000000 25000000 2 5 0 0 10000000 -10000000 2 6 3 1 5000000 30000000 2 7 2 1 15000000 -20000000 3 0 0 1 5000000 -25000000 3 1 2 1 -15000000 -5000000 3 2 1 1 -5000000 10000000 3 3 0 1 -5000000 20000000 3 4 2 0 -5000000 -5000000 3 5 0 1 20000000 20000000 3 6 2 1 -10000000 10000000 3 7 3 1 30000000 -15000000 3 8 1 1 -15000000 -10000000 4 0 1 1 20000000 -20000000 5 0 1 1 -25000000 5000000 5 1 2 1 20000000 -20000000 5 2 2 1 5000000 5000000 5 3 0 1 -25000000 25000000 5 4 3 0 -10000000 -5000000 14 16 17 15 10 11 7 1 2 8 19 20 21 0 18
FANOUT 1 24 1 0 1 1 -25000000 30000000 2 0 1 1 0 -30000000 2 1 3 1 30000000 15000000 2 2 0 1 0 25000000 2 3 0 1 20000000 -5000000 2 4 1 0 20000000 25000000 2 5 0 0 10000000 -10000000 2 6 3 1 5000000 30000000 2 7 2 1 15000000 -20000000 3 0 0 1 5000000 -25000000 3 1 2 1 -15000000 -5000000 3 2 1 1 -5000000 10000000 3 3 0 1 -5000000 20000000 3 4 2 0 -5000000 -5000000 3 5 0 1 20000000 20000000 3 6 2 1 -10000000 10000000 3 7 3 1 30000000 -15000000 3 8 1 1 -15000000 -10000000 4 0 1 1 20000000 -20000000 5 0 1 1 -25000000 5000000 5 1 2 1 20000000 -20000000 5 2 2 1 5000000 5000000 5 3 0 1 -25000000 25000000 5 4 3 0 -10000000 -5000000 14 11 10 15 17 16 8 2 1 7 21 20 19 0 18
FANOUT 2 24 1 0 1 1 -25000000 30000000 2 0 1 1 0 -30000000 2 1 3 1 30000000 15000000 2 2 0 1 0 25000000 2 3 0 1 20000000 -5000000 2 4 1 0 20000000 25000000 2 5 0 0 10000000 -10000000 2 6 3 1 5000000 30000000 2 7 2 1 15000000 -20000000 3 0 0 1 5000000 -25000000 3 1 2 1 -15000000 -5000000 3 2 1 1 -5000000 10000000 3 3 0 1 -5000000 20000000 3 4 2 0 -5000000 -5000000 3 5 0 1 20000000 20000000 3 6 2 1 -10000000 10000000 3 7 3 1 30000000 -15000000 3 8 1 1 -15000000 -10000000 4 0 1 1 20000000 -20000000 5 0 1 1 -25000000 5000000 5 1 2 1 20000000 -20000000 5 2 2 1 5000000 5000000 5 3 0 1 -25000000 25000000 5 4 3 0 -10000000 -5000000 14 10 15 17 11 16 8 1 2 7 20 21 19 0 18
FANOUT 3 24 1 0 1 1 -25000000 30000000 2 0 1 1 0 -30000000 2 1 3 1 30000000 15000000 2 2 0 1 0 25000000 2 3 0 1 20000000 -5000000 2 4 1 0 20000000 25000000 2 5 0 0 10000000 -10000000 2 6 3 1 5000000 30000000 2 7 2 1 15000000 -20000000 3 0 0 1 5000000 -25000000 3 1 2 1 -15000000 -5000000 3 2 1 1 -5000000 10000000 3 3 0 1 -5000000 20000000 3 4 2 0 -5000000 -5000000 3 5 0 1 20000000 20000000 3 6 2 1 -10000000 10000000 3 7 3 1 30000000 -15000000 3 8 1 1 -15000000 -10000000 4 0 1 1 20000000 -20000000 5 0 1 1 -25000000 5000000 5 1 2 1 20000000 -20000000 5 2 2 1 5000000 5000000 5 3 0 1 -25000000 25000000 5 4 3 0 -10000000 -5000000 14 10 15 11 16 17 8 1 2 7 19 20 21 0 18
FANOUT 4 24 1 0 1 1 -25000000 30000000 2 0 1 1 0 -30000000 2 1 3 1 30000000 15000000 2 2 0 1 0 25000000 2 3 0 1 20000000 -5000000 2 4 1 0 20000000 25000000 2 5 0 0 10000000 -10000000 2 6 3 1 5000000 30000000 2 7 2 1 15000000 -20000000 3 0 0 1 5000000 -25000000 3 1 2 1 -15000000 -5000000 3 2 1 1 -5000000 10000000 3 3 0 1 -5000000 20000000 3 4 2 0 -5000000 -5000000 3 5 0 1 20000000 20000000 3 6 2 1 -10000000 10000000 3 7 3 1 30000000 -15000000 3 8 1 1 -15000000 -10000000 4 0 1 1 20000000 -20000000 5 0 1 1 -25000000 5000000 5 1 2 1 20000000 -20000000 5 2 2 1 5000000 5000000 5 3 0 1 -25000000 25000000 5 4 3 0 -10000000 -5000000 14 10 11 15 16 17 1 2 7 8 19 20 21 0 18
FANOUT 0 27 1 0 1 1 20000000 -30000000 1 1 0 0 15000000 -15000000 1 2 0 1 0 25000000 1 3 0 1 30000000 -5000000 1 4 0 1 -5000000 15000000 1 5 2 1 -15000000 15000000 1 6 1 0 -5000000 -10000000 2 0 0 1 25000000 25000000 2 1 2 0 -20000000 -5000000 2 2 2 1 -25000000 15000000 2 3 0 1 15000000 5000000 2 4 0 1 -25000000 20000000 3 0 0 0 -20000000 20000000 3 1 0 1 10000000 0 3 2 1 1 25000000 15000000 3 3 3 1 5000000 30000000 3 4 3 1 20000000 20000000 3 5 1 1 15000000 0 4 0 3 1 -5000000 -25000000 4 1 3 0 -20000000 -30000000 4 2 1 1 15000000 10000000 4 3 2 1 5000000 -15000000 4 4 2 1 -25000000 5000000 4 5 1 1 -30000000 0 4 6 0 1 -10000000 -30000000 4 7 1 1 -25000000 20000000 5 0 1 0 15000000 -5000000 13 20 25 18 21 23 22 15 17 14 16 0 5 9
FANOUT 1 27 1 0 1 1 20000000 -30000000 1 1 0 0 15000000 -15000000 1 2 0 1 0 25000000 1 3 0 1 30000000 -5000000 1 4 0 1 -5000000 15000000 1 5 2 1 -15000000 15000000 1 6 1 0 -5000000 -10000000 2 0 0 1 25000000 25000000 2 1 2 0 -20000000 -5000000 2 2 2 1 -25000000 15000000 2 3 0 1 15000000 5000000 2 4 0 1 -25000000 20000000 3 0 0 0 -20000000 20000000 3 1 0 1 10000000 0 3 2 1 1 25000000 15000000 3 3 3 1 5000000 30000000 3 4 3 1 20000000 20000000 3 5 1 1 15000000 0 4 0 3 1 -5000000 -25000000 4 1 3 0 -20000000 -30000000 4 2 1 1 15000000 10000000 4 3 2 1 5000000 -15000000 4 4 2 1 -25000000 5000000 4 5 1 1 -30000000 0 4 6 0 1 -10000000 -30000000 4 7 1 1 -25000000 20000000 5 0 1 0 15000000 -5000000 13 22 23 21 18 25 20 16 14 17 15 0 5 9
FANOUT 2 27 1 0 1 1 20000000 -30000000 1 1 0 0 15000000 -15000000 1 2 0 1 0 25000000 1 3 0 1 30000000 -5000000 1 4 0 1 -5000000 15000000 1 5 2 1 -15000000 15000000 1 6 1 0 -5000000 -10000000 2 0 0 1 25000000 25000000 2 1 2 0 -20000000 -5000000 2 2 2 1 -25000000 15000000 2 3 0 1 15000000 5000000 2 4 0 1 -25000000 20000000 3 0 0 0 -20000000 20000000 3 1 0 1 10000000 0 3 2 1 1 25000000 15000000 3 3 3 1 5000000 30000000 3 4 3 1 20000000 20000000 3 5 1 1 15000000 0 4 0 3 1 -5000000 -25000000 4 1 3 0 -20000000 -30000000 4 2 1 1 15000000 10000000 4 3 2 1 5000000 -15000000 4 4 2 1 -25000000 5000000 4 5 1 1 -30000000 0 4 6 0 1 -10000000 -30000000 4 7 1 1 -25000000 20000000 5 0 1 0 15000000 -5000000 13 20 22 18 23 25 21 17 14 15 16 5 0 9
FANOUT 3 27 1 0 1 1 20000000 -30000000 1 1 0 0 15000000 -15000000 1 2 0 1 0 25000000 1 3 0 1 30000000 -5000000 1 4 0 1 -5000000 15000000 1 5 2 1 -15000000 15000000 1 6 1 0 -5000000 -10000000 2 0 0 1 25000000 25000000 2 1 2 0 -20000000 -5000000 2 2 2 1 -25000000 15000000 2 3 0 1 15000000 5000000 2 4 0 1 -25000000 20000000 3 0 0 0 -20000000 20000000 3 1 0 1 10000000 0 3 2 1 1 25000000 15000000 3 3 3 1 5000000 30000000 3 4 3 1 20000000 20000000 3 5 1 1 15000000 0 4 0 3 1 -5000000 -25000000 4 1 3 0 -20000000 -30000000 4 2 1 1 15000000 10000000 4 3 2 1 5000000 -15000000 4 4 2 1 -25000000 5000000 4 5 1 1 -30000000 0 4 6 0 1 -10000000 -30000000 4 7 1 1 -25000000 20000000 5 0 1 0 15000000 -5000000 13 22 20 25 21 23 18 14 16 17 15 5 0 9
FANOUT 4 27 1 0 1 1 20000000 -30000000 1 1 0 0 15000000 -15000000 1 2 0 1 0 25000000 1 3 0 1 30000000 -5000000 1 4 0 1 -5000000 15000000 1 5 2 1 -15000000 15000000 1 6 1 0 -5000000 -10000000 2 0 0 1 25000000 25000000 2 1 2 0 -20000000 -5000000 2 2 2 1 -25000000 15000000 2 3 0 1 15000000 5000000 2 4 0 1 -25000000 20000000 3 0 0 0 -20000000 20000000 3 1 0 1 10000000 0 3 2 1 1 25000000 15000000 3 3 3 1 5000000 30000000 3 4 3 1 20000000 20000000 3 5 1 1 15000000 0 4 0 3 1 -5000000 -25000000 4 1 3 0 -20000000 -30000000 4 2 1 1 15000000 10000000 4 3 2 1 5000000 -15000000 4 4 2 1 -25000000 5000000 4 5 1 1 -30000000 0 4 6 0 1 -10000000 -30000000 4 7 1 1 -25000000 20000000 5 0 1 0 15000000 -5000000 13 18 20 21 22 23 25 14 15 16 17 0 5 9
FANOUT 0 41 1 0 1 0 25000000 15000000 1 1 1 1 -20000000 30000000 1 2 3 1 20000000 25000000 1 3 0 1 -5000000 10000000 1 4 1 0 -5000000 -25000000 2 0 1 1 20000000 5000000 2 1 1 0 15000000 -5000000 2 2 3 1 -5000000 15000000 2 3 1 1 20000000 0 2 4 2 1 30000000 -15000000 2 5 0 1 -5000000 -25000000 3 0 1 1 -15000000 -5000000 3 1 0 1 -20000000 15000000 3 2 3 1 5000000 0 3 3 0 1 25000000 15000000 3 4 1 1 10000000 -15000000 3 5 2 0 30000000 0 3 6 3 1 -25000000 -30000000 4 0 2 1 -25000000 0 4 1 2 1 -25000000 20000000 4 2 0 1 -20000000 -15000000 5 0 1 0 20000000 -15000000 5 1 2 1 5000000 -30000000 5 2 1 1 -15000000 25000000 5 3 2 1 -10000000 -20000000 5 4 2 1 25000000 -25000000 5 5 3 1 15000000 -10000000 5 6 3 1 -10000000 0 6 0 0 0 5000000 5000000 6 1 1 1 -15000000 -15000000 6 2 1 1 -15000000 30000000 6 3 0 1 -30000000 -30000000 6 4 3 1 -20000000 -25000000 6 5 1 1 15000000 0 6 6 3 1 20000000 -20000000 6 7 1 0 -30000000 -30000000 6 8 0 0 -25000000 -30000000 7 0 3 1 0 -20000000 7 1 1 1 5000000 -5000000 7 2 1 1 -20000000 0 7 3 0 1 -30000000 5000000 26 23 25 22 24 27 26 30 34 32 33 29 7 9 5 8 17 13 15 11 39 37 38 1 2 18 19
FANOUT 1 41 1 0 1 0 25000000 15000000 1 1 1 1 -20000000 30000000 1 2 3 1 20000000 25000000 1 3 0 1 -5000000 10000000 1 4 1 0 -5000000 -25000000 2 0 1 1 20000000 5000000 2 1 1 0 15000000 -5000000 2 2 3 1 -5000000 15000000 2 3 1 1 20000000 0 2 4 2 1 30000000 -15000000 2 5 0 1 -5000000 -25000000 3 0 1 1 -15000000 -5000000 3 1 0 1 -20000000 15000000 3 2 3 1 5000000 0 3 3 0 1 25000000 15000000 3 4 1 1 10000000 -15000000 3 5 2 0 30000000 0 3 6 3 1 -25000000 -30000000 4 0 2 1 -25000000 0 4 1 2 1 -25000000 20000000 4 2 0 1 -20000000 -15000000 5 0 1 0 20000000 -15000000 5 1 2 1 5000000 -30000000 5 2 1 1 -15000000 25000000 5 3 2 1 -10000000 -20000000 5 4 2 1 25000000 -25000000 5 5 3 1 15000000 -10000000 5 6 3 1 -10000000 0 6 0 0 0 5000000 5000000 6 1 1 1 -15000000 -15000000 6 2 1 1 -15000000 30000000 6 3 0 1 -30000000 -30000000 6 4 3 1 -20000000 -25000000 6 5 1 1 15000000 0 6 6 3 1 20000000 -20000000 6 7 1 0 -30000000 -30000000 6 8 0 0 -25000000 -30000000 7 0 3 1 0 -20000000 7 1 1 1 5000000 -5000000 7 2 1 1 -20000000 0 7 3 0 1 -30000000 5000000 26 26 24 27 22 25 23 29 33 32 34 30 8 5 9 7 11 15 13 17 38 37 39 1 2 18 19
FANOUT 2 41 1 0 1 0 25000000 15000000 1 1 1 1 -20000000 30000000 1 2 3 1 20000000 25000000 1 3 0 1 -5000000 10000000 1 4 1 0 -5000000 -25000000 2 0 1 1 20000000 5000000 2 1 1 0 15000000 -5000000 2 2 3 1 -5000000 15000000 2 3 1 1 20000000 0 2 4 2 1 30000000 -15000000 2 5 0 1 -5000000 -25000000 3 0 1 1 -15000000 -5000000 3 1 0 1 -20000000 15000000 3 2 3 1 5000000 0 3 3 0 1 25000000 15000000 3 4 1 1 10000000 -15000000 3 5 2 0 30000000 0 3 6 3 1 -25000000 -30000000 4 0 2 1 -25000000 0 4 1 2 1 -25000000 20000000 4 2 0 1 -20000000 -15000000 5 0 1 0 20000000 -15000000 5 1 2 1 5000000 -30000000 5 2 1 1 -15000000 25000000 5 3 2 1 -10000000 -20000000 5 4 2 1 25000000 -25000000 5 5 3 1 15000000 -10000000 5 6 3 1 -10000000 0 6 0 0 0 5000000 5000000 6 1 1 1 -15000000 -15000000 6 2 1 1 -15000000 30000000 6 3 0 1 -30000000 -30000000 6 4 3 1 -20000000 -25000000 6 5 1 1 15000000 0 6 6 3 1 20000000 -20000000 6 7 1 0 -30000000 -30000000 6 8 0 0 -25000000 -30000000 7 0 3 1 0 -20000000 7 1 1 1 5000000 -5000000 7 2 1 1 -20000000 0 7 3 0 1 -30000000 5000000 26 23 25 26 27 22 24 30 33 32 29 34 5 8 9 7 11 17 15 13 39 38 37 1 2 18 19
FANOUT 3 41 1 0 1 0 25000000 15000000 1 1 1 1 -20000000 30000000 1 2 3 1 20000000 25000000 1 3 0 1 -5000000 10000000 1 4 1 0 -5000000 -25000000 2 0 1 1 20000000 5000000 2 1 1 0 15000000 -5000000 2 2 3 1 -5000000 15000000 2 3 1 1 20000000 0 2 4 2 1 30000000 -15000000 2 5 0 1 -5000000 -25000000 3 0 1 1 -15000000 -5000000 3 1 0 1 -20000000 15000000 3 2 3 1 5000000 0 3 3 0 1 25000000 15000000 3 4 1 1 10000000 -15000000 3 5 2 0 30000000 0 3 6 3 1 -25000000 -30000000 4 0 2 1 -25000000 0 4 1 2 1 -25000000 20000000 4 2 0 1 -20000000 -15000000 5 0 1 0 20000000 -15000000 5 1 2 1 5000000 -30000000 5 2 1 1 -15000000 25000000 5 3 2 1 -10000000 -20000000 5 4 2 1 25000000 -25000000 5 5 3 1 15000000 -10000000 5 6 3 1 -10000000 0 6 0 0 0 5000000 5000000 6 1 1 1 -15000000 -15000000 6 2 1 1 -15000000 30000000 6 3 0 1 -30000000 -30000000 6 4 3 1 -20000000 -25000000 6 5 1 1 15000000 0 6 6 3 1 20000000 -20000000 6 7 1 0 -30000000 -30000000 6 8 0 0 -25000000 -30000000 7 0 3 1 0 -20000000 7 1 1 1 5000000 -5000000 7 2 1 1 -20000000 0 7 3 0 1 -30000000 5000000 26 26 27 24 22 23 25 29 34 33 30 32 8 5 9 7 15 13 11 17 38 37 39 1 2 18 19
FANOUT 4 41 1 0 1 0 25000000 15000000 1 1 1 1 -20000000 30000000 1 2 3 1 20000000 25000000 1 3 0 1 -5000000 10000000 1 4 1 0 -5000000 -25000000 2 0 1 1 20000000 5000000 2 1 1 0 15000000 -5000000 2 2 3 1 -5000000 15000000 2 3 1 1 20000000 0 2 4 2 1 30000000 -15000000 2 5 0 1 -5000000 -25000000 3 0 1 1 -15000000 -5000000 3 1 0 1 -20000000 15000000 3 2 3 1 5000000 0 3 3 0 1 25000000 15000000 3 4 1 1 10000000 -15000000 3 5 2 0 30000000 0 3 6 3 1 -25000000 -30000000 4 0 2 1 -25000000 0 4 1 2 1 -25000000 20000000 4 2 0 1 -20000000 -15000000 5 0 1 0 20000000 -15000000 5 1 2 1 5000000 -30000000 5 2 1 1 -15000000 25000000 5 3 2 1 -10000000 -20000000 5 4 2 1 25000000 -25000000 5 5 3 1 15000000 -10000000 5 6 3 1 -10000000 0 6 0 0 0 5000000 5000000 6 1 1 1 -15000000 -15000000 6 2 1 1 -15000000 30000000 6 3 0 1 -30000000 -30000000 6 4 3 1 -20000000 -25000000 6 5 1 1 15000000 0 6 6 3 1 20000000 -20000000 6 7 1 0 -30000000 -30000000 6 8 0 0 -25000000 -30000000 7 0 3 1 0 -20000000 7 1 1 1 5000000 -5000000 7 2 1 1 -20000000 0 7 3 0 1 -30000000 5000000 26 22 23 24 25 26 27 29 30 32 33 34 5 7 8 9 11 13 15 17 37 38 39 1 2 18 19
FANOUT 0 32 1 0 2 1 -30000000 -20000000 1 1 2 1 -30000000 0 1 2 1 1 5000000 10000000 1 3 0 1 5000000 30000000 2 0 0 1 10000000 15000000 2 1 3 0 -10000000 -20000000 2 2 2 0 5000000 5000000 2 3 3 0 -25000000 -5000000 2 4 2 0 -20000000 0 2 5 1 1 30000000 30000000 2 6 1 1 -25000000 -10000000 3 0 3 1 20000000 -15000000 4 0 3 1 -15000000 -20000000 4 1 3 1 25000000 30000000 4 2 0 1 -30000000 0 4 3 1 1 -10000000 -5000000 4 4 0 1 0 -10000000 4 5 3 1 -25000000 -30000000 4 6 1 0 -20000000 0 4 7 1 1 15000000 30000000 5 0 3 1 -5000000 20000000 5 1 0 1 15000000 -10000000 5 2 2 1 -25000000 10000000 5 3 2 1 20000000 -30000000 5 4 2 1 15000000 -15000000 5 5 3 1 5000000 -15000000 6 0 1 1 -10000000 -20000000 6 1 0 0 -5000000 -5000000 6 2 2 1 25000000 5000000 6 3 1 1 -15000000 20000000 6 4 3 1 -10000000 20000000 7 0 2 1 25000000 -30000000 21 13 17 19 12 15 22 23 20 24 25 28 26 29 30 2 0 1 9 10 11 31
FANOUT 1 32 1 0 2 1 -30000000 -20000000 1 1 2 1 -30000000 0 1 2 1 1 5000000 10000000 1 3 0 1 5000000 30000000 2 0 0 1 10000000 15000000 2 1 3 0 -10000000 -20000000 2 2 2 0 5000000 5000000 2 3 3 0 -25000000 -5000000 2 4 2 0 -20000000 0 2 5 1 1 30000000 30000000 2 6 1 1 -25000000 -10000000 3 0 3 1 20000000 -15000000 4 0 3 1 -15000000 -20000000 4 1 3 1 25000000 30000000 4 2 0 1 -30000000 0 4 3 1 1 -10000000 -5000000 4 4 0 1 0 -10000000 4 5 3 1 -25000000 -30000000 4 6 1 0 -20000000 0 4 7 1 1 15000000 30000000 5 0 3 1 -5000000 20000000 5 1 0 1 15000000 -10000000 5 2 2 1 -25000000 10000000 5 3 2 1 20000000 -30000000 5 4 2 1 15000000 -15000000 5 5 3 1 5000000 -15000000 6 0 1 1 -10000000 -20000000 6 1 0 0 -5000000 -5000000 6 2 2 1 25000000 5000000 6 3 1 1 -15000000 20000000 6 4 3 1 -10000000 20000000 7 0 2 1 25000000 -30000000 21 15 12 19 17 13 25 24 20 23 22 30 29 26 28 1 0 2 9 10 11 31
FANOUT 2 32 1 0 2 1 -30000000 -20000000 1 1 2 1 -30000000 0 1 2 1 1 5000000 10000000 1 3 0 1 5000000 30000000 2 0 0 1 10000000 15000000 2 1 3 0 -10000000 -20000000 2 2 2 0 5000000 5000000 2 3 3 0 -25000000 -5000000 2 4 2 0 -20000000 0 2 5 1 1 30000000 30000000 2 6 1 1 -25000000 -10000000 3 0 3 1 20000000 -15000000 4 0 3 1 -15000000 -20000000 4 1 3 1 25000000 30000000 4 2 0 1 -30000000 0 4 3 1 1 -10000000 -5000000 4 4 0 1 0 -10000000 4 5 3 1 -25000000 -30000000 4 6 1 0 -20000000 0 4 7 1 1 15000000 30000000 5 0 3 1 -5000000 20000000 5 1 0 1 15000000 -10000000 5 2 2 1 -25000000 10000000 5 3 2 1 20000000 -30000000 5 4 2 1 15000000 -15000000 5 5 3 1 5000000 -15000000 6 0 1 1 -10000000 -20000000 6 1 0 0 -5000000 -5000000 6 2 2 1 25000000 5000000 6 3 1 1 -15000000 20000000 6 4 3 1 -10000000 20000000 7 0 2 1 25000000 -30000000 21 12 15 17 19 13 20 23 22 25 24 30 26 28 29 1 0 2 10 9 11 31
FANOUT 3 32 1 0 2 1 -30000000 -20000000 1 1 2 1 -30000000 0 1 2 1 1 5000000 10000000 1 3 0 1 5000000 30000000 2 0 0 1 10000000 15000000 2 1 3 0 -10000000 -20000000 2 2 2 0 5000000 5000000 2 3 3 0 -25000000 -5000000 2 4 2 0 -20000000 0 2 5 1 1 30000000 30000000 2 6 1 1 -25000000 -10000000 3 0 3 1 20000000 -15000000 4 0 3 1 -15000000 -20000000 4 1 3 1 25000000 30000000 4 2 0 1 -30000000 0 4 3 1 1 -10000000 -5000000 4 4 0 1 0 -10000000 4 5 3 1 -25000000 -30000000 4 6 1 0 -20000000 0 4 7 1 1 15000000 30000000 5 0 3 1 -5000000 20000000 5 1 0 1 15000000 -10000000 5 2 2 1 -25000000 10000000 5 3 2 1 20000000 -30000000 5 4 2 1 15000000 -15000000 5 5 3 1 5000000 -15000000 6 0 1 1 -10000000 -20000000 6 1 0 0 -5000000 -5000000 6 2 2 1 25000000 5000000 6 3 1 1 -15000000 20000000 6 4 3 1 -10000000 20000000 7 0 2 1 25000000 -30000000 21 12 15 17 13 19 22 24 25 20 23 26 30 29 28 0 1 2 10 9 11 31
FANOUT 4 32 1 0 2 1 -30000000 -20000000 1 1 2 1 -30000000 0 1 2 1 1 5000000 10000000 1 3 0 1 5000000 30000000 2 0 0 1 10000000 15000000 2 1 3 0 -10000000 -20000000 2 2 2 0 5000000 5000000 2 3 3 0 -25000000 -5000000 2 4 2 0 -20000000 0 2 5 1 1 30000000 30000000 2 6 1 1 -25000000 -10000000 3 0 3 1 20000000 -15000000 4 0 3 1 -15000000 -20000000 4 1 3 1 25000000 30000000 4 2 0 1 -30000000 0 4 3 1 1 -10000000 -5000000 4 4 0 1 0 -10000000 4 5 3 1 -25000000 -30000000 4 6 1 0 -20000000 0 4 7 1 1 15000000 30000000 5 0 3 1 -5000000 20000000 5 1 0 1 15000000 -10000000 5 2 2 1 -25000000 10000000 5 3 2 1 20000000 -30000000 5 4 2 1 15000000 -15000000 5 5 3 1 5000000 -15000000 6 0 1 1 -10000000 -20000000 6 1 0 0 -5000000 -5000000 6 2 2 1 25000000 5000000 6 3 1 1 -15000000 20000000 6 4 3 1 -10000000 20000000 7 0 2 1 25000000 -30000000 21 12 13 15 17 19 20 22 23 24 25 26 28 29 30 0 1 2 9 10 11 31
FANOUT 0 7 1 0 1 1 5000000 -5000000 1 1 2 0 -25000000 -10000000 1 2 0 1 5000000 30000000 1 3 0 1 5000000 25000000 1 4 1 1 30000000 10000000 1 5 1 1 -15000000 -20000000 1 6 3 1 -5000000 -20000000 4 4 5 6 0
FANOUT 1 7 1 0 1 1 5000000 -5000000 1 1 2 0 -25000000 -10000000 1 2 0 1 5000000 30000000 1 3 0 1 5000000 25000000 1 4 1 1 30000000 10000000 1 5 1 1 -15000000 -20000000 1 6 3 1 -5000000 -20000000 4 0 6 5 4
FANOUT 2 7 1 0 1 1 5000000 -5000000 1 1 2 0 -25000000 -10000000 1 2 0 1 5000000 30000000 1 3 0 1 5000000 25000000 1 4 1 1 30000000 10000000 1 5 1 1 -15000000 -20000000 1 6 3 1 -5000000 -20000000 4 0 5 4 6
FANOUT 3 7 1 0 1 1 5000000 -5000000 1 1 2 0 -25000000 -10000000 1 2 0 1 5000000 30000000 1 3 0 1 5000000 25000000 1 4 1 1 30000000 10000000 1 5 1 1 -15000000 -20000000 1 6 3 1 -5000000 -20000000 4 6 0 5 4
FANOUT 4 7 1 0 1 1 5000000 -5000000 1 1 2 0 -25000000 -10000000 1 2 0 1 5000000 30000000 1 3 0 1 5000000 25000000 1 4 1 1 30000000 10000000 1 5 1 1 -15000000 -20000000 1 6 3 1 -5000000 -20000000 4 0 4 5 6
FANOUT 0 20 1 0 2 1 -15000000 -5000000 1 1 0 1 -5000000 -5000000 1 2 0 1 15000000 -25000000 1 3 3 0 30000000 -20000000 1 4 2 1 20000000 -25000000 1 5 3 0 5000000 -20000000 1 6 3 1 -5000000 -5000000 1 7 1 1 -30000000 -15000000 2 0 3 1 -5000000 30000000 2 1 1 1 -20000000 -5000000 2 2 2 1 0 -25000000 2 3 0 1 -25000000 -30000000 2 4 1 0 30000000 -20000000 2 5 0 1 -25000000 30000000 2 6 0 1 -15000000 15000000 2 7 2 1 -25000000 5000000 3 0 2 1 -30000000 5000000 3 1 3 1 25000000 25000000 3 2 1 1 25000000 -20000000 3 3 0 1 -15000000 20000000 11 4 7 0 6 8 10 15 9 16 18 17
FANOUT 1 20 1 0 2 1 -15000000 -5000000 1 1 0 1 -5000000 -5000000 1 2 0 1 15000000 -25000000 1 3 3 0 30000000 -20000000 1 4 2 1 20000000 -25000000 1 5 3 0 5000000 -20000000 1 6 3 1 -5000000 -5000000 1 7 1 1 -30000000 -15000000 2 0 3 1 -5000000 30000000 2 1 1 1 -20000000 -5000000 2 2 2 1 0 -25000000 2 3 0 1 -25000000 -30000000 2 4 1 0 30000000 -20000000 2 5 0 1 -25000000 30000000 2 6 0 1 -15000000 15000000 2 7 2 1 -25000000 5000000 3 0 2 1 -30000000 5000000 3 1 3 1 25000000 25000000 3 2 1 1 25000000 -20000000 3 3 0 1 -15000000 20000000 11 6 0 7 4 9 15 10 8 17 18 16
FANOUT 2 20 1 0 2 1 -15000000 -5000000 1 1 0 1 -5000000 -5000000 1 2 0 1 15000000 -25000000 1 3 3 0 30000000 -20000000 1 4 2 1 20000000 -25000000 1 5 3 0 5000000 -20000000 1 6 3 1 -5000000 -5000000 1 7 1 1 -30000000 -15000000 2 0 3 1 -5000000 30000000 2 1 1 1 -20000000 -5000000 2 2 2 1 0 -25000000 2 3 0 1 -25000000 -30000000 2 4 1 0 30000000 -20000000 2 5 0 1 -25000000 30000000 2 6 0 1 -15000000 15000000 2 7 2 1 -25000000 5000000 3 0 2 1 -30000000 5000000 3 1 3 1 25000000 25000000 3 2 1 1 25000000 -20000000 3 3 0 1 -15000000 20000000 11 0 7 6 4 15 9 10 8 16 18 17
FANOUT 3 20 1 0 2 1 -15000000 -5000000 1 1 0 1 -5000000 -5000000 1 2 0 1 15000000 -25000000 1 3 3 0 30000000 -20000000 1 4 2 1 20000000 -25000000 1 5 3 0 5000000 -20000000 1 6 3 1 -5000000 -5000000 1 7 1 1 -30000000 -15000000 2 0 3 1 -5000000 30000000 2 1 1 1 -20000000 -5000000 2 2 2 1 0 -25000000 2 3 0 1 -25000000 -30000000 2 4 1 0 30000000 -20000000 2 5 0 1 -25000000 30000000 2 6 0 1 -15000000 15000000 2 7 2 1 -25000000 5000000 3 0 2 1 -30000000 5000000 3 1 3 1 25000000 25000000 3 2 1 1 25000000 -20000000 3 3 0 1 -15000000 20000000 11 0 7 4 6 9 15 10 8 16 18 17
FANOUT 4 20 1 0 2 1 -15000000 -5000000 1 1 0 1 -5000000 -5000000 1 2 0 1 15000000 -25000000 1 3 3 0 30000000 -20000000 1 4 2 1 20000000 -25000000 1 5 3 0 5000000 -20000000 1 6 3 1 -5000000 -5000000 1 7 1 1 -30000000 -15000000 2 0 3 1 -5000000 30000000 2 1 1 1 -20000000 -5000000 2 2 2 1 0 -25000000 2 3 0 1 -25000000 -30000000 2 4 1 0 30000000 -20000000 2 5 0 1 -25000000 30000000 2 6 0 1 -15000000 15000000 2 7 2 1 -25000000 5000000 3 0 2 1 -30000000 5000000 3 1 3 1 25000000 25000000 3 2 1 1 25000000 -20000000 3 3 0 1 -15000000 20000000 11 0 4 6 7 8 9 10 15 16 17 18
FANOUT 0 29 1 0 0 1 0 -5000000 1 1 0 1 -15000000 0 1 2 3 0 -15000000 -15000000 1 3 0 1 0 25000000 1 4 1 0 -5000000 -5000000 1 5 0 1 -20000000 -20000000 1 6 0 1 25000000 5000000 1 7 2 1 0 -30000000 1 8 2 1 15000000 -15000000 2 0 2 1 -15000000 0 2 1 2 1 -20000000 10000000 2 2 1 1 15000000 20000000 2 3 0 1 0 -5000000 2 4 1 1 20000000 -30000000 3 0 0 1 5000000 -10000000 3 1 2 0 5000000 10000000 3 2 1 0 15000000 -15000000 3 3 1 1 15000000 -5000000 3 4 0 1 -10000000 -30000000 3 5 2 1 -10000000 -5000000 3 6 0 1 -20000000 -5000000 4 0 3 0 -15000000 15000000 4 1 2 1 30000000 30000000 4 2 3 1 -20000000 -25000000 4 3 2 1 -30000000 -15000000 4 4 3 1 0 -15000000 4 5 0 1 -5000000 25000000 4 6 1 1 25000000 -5000000 4 7 0 1 -15000000 -20000000 13 22 24 23 27 25 13 11 10 9 7 8 17 19
FANOUT 1 29 1 0 0 1 0 -5000000 1 1 0 1 -15000000 0 1 2 3 0 -15000000 -15000000 1 3 0 1 0 25000000 1 4 1 0 -5000000 -5000000 1 5 0 1 -20000000 -20000000 1 6 0 1 25000000 5000000 1 7 2 1 0 -30000000 1 8 2 1 15000000 -15000000 2 0 2 1 -15000000 0 2 1 2 1 -20000000 10000000 2 2 1 1 15000000 20000000 2 3 0 1 0 -5000000 2 4 1 1 20000000 -30000000 3 0 0 1 5000000 -10000000 3 1 2 0 5000000 10000000 3 2 1 0 15000000 -15000000 3 3 1 1 15000000 -5000000 3 4 0 1 -10000000 -30000000 3 5 2 1 -10000000 -5000000 3 6 0 1 -20000000 -5000000 4 0 3 0 -15000000 15000000 4 1 2 1 30000000 30000000 4 2 3 1 -20000000 -25000000 4 3 2 1 -30000000 -15000000 4 4 3 1 0 -15000000 4 5 0 1 -5000000 25000000 4 6 1 1 25000000 -5000000 4 7 0 1 -15000000 -20000000 13 25 27 23 24 22 9 10 11 13 7 8 17 19
FANOUT 2 29 1 0 0 1 0 -5000000 1 1 0 1 -15000000 0 1 2 3 0 -15000000 -15000000 1 3 0 1 0 25000000 1 4 1 0 -5000000 -5000000 1 5 0 1 -20000000 -20000000 1 6 0 1 25000000 5000000 1 7 2 1 0 -30000000 1 8 2 1 15000000 -15000000 2 0 2 1 -15000000 0 2 1 2 1 -20000000 10000000 2 2 1 1 15000000 20000000 2 3 0 1 0 -5000000 2 4 1 1 20000000 -30000000 3 0 0 1 5000000 -10000000 3 1 2 0 5000000 10000000 3 2 1 0 15000000 -15000000 3 3 1 1 15000000 -5000000 3 4 0 1 -10000000 -30000000 3 5 2 1 -10000000 -5000000 3 6 0 1 -20000000 -5000000 4 0 3 0 -15000000 15000000 4 1 2 1 30000000 30000000 4 2 3 1 -20000000 -25000000 4 3 2 1 -30000000 -15000000 4 4 3 1 0 -15000000 4 5 0 1 -5000000 25000000 4 6 1 1 25000000 -5000000 4 7 0 1 -15000000 -20000000 13 27 23 25 24 22 9 10 13 11 7 8 19 17
FANOUT 3 29 1 0 0 1 0 -5000000 1 1 0 1 -15000000 0 1 2 3 0 -15000000 -15000000 1 3 0 1 0 25000000 1 4 1 0 -5000000 -5000000 1 5 0 1 -20000000 -20000000 1 6 0 1 25000000 5000000 1 7 2 1 0 -30000000 1 8 2 1 15000000 -15000000 2 0 2 1 -15000000 0 2 1 2 1 -20000000 10000000 2 2 1 1 15000000 20000000 2 3 0 1 0 -5000000 2 4 1 1 20000000 -30000000 3 0 0 1 5000000 -10000000 3 1 2 0 5000000 10000000 3 2 1 0 15000000 -15000000 3 3 1 1 15000000 -5000000 3 4 0 1 -10000000 -30000000 3 5 2 1 -10000000 -5000000 3 6 0 1 -20000000 -5000000 4 0 3 0 -15000000 15000000 4 1 2 1 30000000 30000000 4 2 3 1 -20000000 -25000000 4 3 2 1 -30000000 -15000000 4 4 3 1 0 -15000000 4 5 0 1 -5000000 25000000 4 6 1 1 25000000 -5000000 4 7 0 1 -15000000 -20000000 13 25 27 22 23 24 9 10 13 11 8 7 17 19
FANOUT 4 29 1 0 0 1 0 -5000000 1 1 0 1 -15000000 0 1 2 3 0 -15000000 -15000000 1 3 0 1 0 25000000 1 4 1 0 -5000000 -5000000 1 5 0 1 -20000000 -20000000 1 6 0 1 25000000 5000000 1 7 2 1 0 -30000000 1 8 2 1 15000000 -15000000 2 0 2 1 -15000000 0 2 1 2 1 -20000000 10000000 2 2 1 1 15000000 20000000 2 3 0 1 0 -5000000 2 4 1 1 20000000 -30000000 3 0 0 1 5000000 -10000000 3 1 2 0 5000000 10000000 3 2 1 0 15000000 -15000000 3 3 1 1 15000000 -5000000 3 4 0 1 -10000000 -30000000 3 5 2 1 -10000000 -5000000 3 6 0 1 -20000000 -5000000 4 0 3 0 -15000000 15000000 4 1 2 1 30000000 30000000 4 2 3 1 -20000000 -25000000 4 3 2 1 -30000000 -15000000 4 4 3 1 0 -15000000 4 5 0 1 -5000000 25000000 4 6 1 1 25000000 -5000000 4 7 0 1 -15000000 -20000000 13 22 23 24 25 27 9 10 11 13 7 8 17 19
FANOUT 0 33 1 0 3 1 5000000 20000000 1 1 2 1 -10000000 25000000 1 2 1 1 10000000 30000000 1 3 0 1 10000000 -20000000 1 4 3 1 -10000000 -5000000 1 5 2 0 -30000000 10000000 1 6 2 1 -30000000 15000000 2 0 2 1 -20000000 20000000 2 1 2 1 15000000 25000000 2 2 3 0 5000000 -10000000 2 3 3 1 -5000000 -30000000 2 4 2 1 -20000000 25000000 3 0 0 1 0 5000000 3 1 0 1 15000000 20000000 3 2 1 1 -15000000 25000000 3 3 0 1 0 20000000 3 4 3 1 20000000 -20000000 3 5 1 0 10000000 -20000000 3 6 1 1 -30000000 -10000000 3 7 0 1 -10000000 5000000 3 8 2 1 20000000 5000000 4 0 0 1 -15000000 -25000000 4 1 2 1 -5000000 -15000000 4 2 2 0 -20000000 -5000000 5 0 1 1 -30000000 25000000 5 1 0 1 -10000000 -10000000 5 2 2 0 -25000000 -20000000 5 3 3 1 30000000 30000000 5 4 0 1 -25000000 5000000 5 5 0 0 10000000 0 5 6 0 0 5000000 10000000 5 7 1 0 -30000000 -15000000 5 8 3 1 -20000000 -15000000 17 6 4 2 0 1 10 8 11 7 18 16 14 20 27 32 24 22
FANOUT 1 33 1 0 3 1 5000000 20000000 1 1 2 1 -10000000 25000000 1 2 1 1 10000000 30000000 1 3 0 1 10000000 -20000000 1 4 3 1 -10000000 -5000000 1 5 2 0 -30000000 10000000 1 6 2 1 -30000000 15000000 2 0 2 1 -20000000 20000000 2 1 2 1 15000000 25000000 2 2 3 0 5000000 -10000000 2 3 3 1 -5000000 -30000000 2 4 2 1 -20000000 25000000 3 0 0 1 0 5000000 3 1 0 1 15000000 20000000 3 2 1 1 -15000000 25000000 3 3 0 1 0 20000000 3 4 3 1 20000000 -20000000 3 5 1 0 10000000 -20000000 3 6 1 1 -30000000 -10000000 3 7 0 1 -10000000 5000000 3 8 2 1 20000000 5000000 4 0 0 1 -15000000 -25000000 4 1 2 1 -5000000 -15000000 4 2 2 0 -20000000 -5000000 5 0 1 1 -30000000 25000000 5 1 0 1 -10000000 -10000000 5 2 2 0 -25000000 -20000000 5 3 3 1 30000000 30000000 5 4 0 1 -25000000 5000000 5 5 0 0 10000000 0 5 6 0 0 5000000 10000000 5 7 1 0 -30000000 -15000000 5 8 3 1 -20000000 -15000000 17 1 0 2 4 6 7 11 8 10 20 14 16 18 24 32 27 22
FANOUT 2 33 1 0 3 1 5000000 20000000 1 1 2 1 -10000000 25000000 1 2 1 1 10000000 30000000 1 3 0 1 10000000 -20000000 1 4 3 1 -10000000 -5000000 1 5 2 0 -30000000 10000000 1 6 2 1 -30000000 15000000 2 0 2 1 -20000000 20000000 2 1 2 1 15000000 25000000 2 2 3 0 5000000 -10000000 2 3 3 1 -5000000 -30000000 2 4 2 1 -20000000 25000000 3 0 0 1 0 5000000 3 1 0 1 15000000 20000000 3 2 1 1 -15000000 25000000 3 3 0 1 0 20000000 3 4 3 1 20000000 -20000000 3 5 1 0 10000000 -20000000 3 6 1 1 -30000000 -10000000 3 7 0 1 -10000000 5000000 3 8 2 1 20000000 5000000 4 0 0 1 -15000000 -25000000 4 1 2 1 -5000000 -15000000 4 2 2 0 -20000000 -5000000 5 0 1 1 -30000000 25000000 5 1 0 1 -10000000 -10000000 5 2 2 0 -25000000 -20000000 5 3 3 1 30000000 30000000 5 4 0 1 -25000000 5000000 5 5 0 0 10000000 0 5 6 0 0 5000000 10000000 5 7 1 0 -30000000 -15000000 5 8 3 1 -20000000 -15000000 17 6 1 4 2 0 7 11 8 10 18 14 16 20 32 24 27 22
FANOUT 3 33 1 0 3 1 5000000 20000000 1 1 2 1 -10000000 25000000 1 2 1 1 10000000 30000000 1 3 0 1 10000000 -20000000 1 4 3 1 -10000000 -5000000 1 5 2 0 -30000000 10000000 1 6 2 1 -30000000 15000000 2 0 2 1 -20000000 20000000 2 1 2 1 15000000 25000000 2 2 3 0 5000000 -10000000 2 3 3 1 -5000000 -30000000 2 4 2 1 -20000000 25000000 3 0 0 1 0 5000000 3 1 0 1 15000000 20000000 3 2 1 1 -15000000 25000000 3 3 0 1 0 20000000 3 4 3 1 20000000 -20000000 3 5 1 0 10000000 -20000000 3 6 1 1 -30000000 -10000000 3 7 0 1 -10000000 5000000 3 8 2 1 20000000 5000000 4 0 0 1 -15000000 -25000000 4 1 2 1 -5000000 -15000000 4 2 2 0 -20000000 -5000000 5 0 1 1 -30000000 25000000 5 1 0 1 -10000000 -10000000 5 2 2 0 -25000000 -20000000 5 3 3 1 30000000 30000000 5 4 0 1 -25000000 5000000 5 5 0 0 10000000 0 5 6 0 0 5000000 10000000 5 7 1 0 -30000000 -15000000 5 8 3 1 -20000000 -15000000 17 1 6 0 2 4 7 11 8 10 14 18 16 20 24 32 27 22
FANOUT 4 33 1 0 3 1 5000000 20000000 1 1 2 1 -10000000 25000000 1 2 1 1 10000000 30000000 1 3 0 1 10000000 -20000000 1 4 3 1 -10000000 -5000000 1 5 2 0 -30000000 10000000 1 6 2 1 -30000000 15000000 2 0 2 1 -20000000 20000000 2 1 2 1 15000000 25000000 2 2 3 0 5000000 -10000000 2 3 3 1 -5000000 -30000000 2 4 2 1 -20000000 25000000 3 0 0 1 0 5000000 3 1 0 1 15000000 20000000 3 2 1 1 -15000000 25000000 3 3 0 1 0 20000000 3 4 3 1 20000000 -20000000 3 5 1 0 10000000 -20000000 3 6 1 1 -30000000 -10000000 3 7 0 1 -10000000 5000000 3 8 2 1 20000000 5000000 4 0 0 1 -15000000 -25000000 4 1 2 1 -5000000 -15000000 4 2 2 0 -20000000 -5000000 5 0 1 1 -30000000 25000000 5 1 0 1 -10000000 -10000000 5 2 2 0 -25000000 -20000000 5 3 3 1 30000000 30000000 5 4 0 1 -25000000 5000000 5 5 0 0 10000000 0 5 6 0 0 5000000 10000000 5 7 1 0 -30000000 -15000000 5 8 3 1 -20000000 -15000000 17 0 1 2 4 6 7 8 10 11 14 16 18 20 24 27 32 22
FANOUT 0 20 1 0 2 1 -25000000 -25000000 1 1 1 1 15000000 -20000000 1 2 3 1 15000000 -15000000 1 3 0 1 -30000000 -10000000 1 4 3 1 5000000 0 2 0 2 1 15000000 -5000000 2 1 1 1 -5000000 -5000000 2 2 0 1 20000000 -15000000 2 3 1 1 -10000000 30000000 2 4 0 1 15000000 15000000 2 5 3 1 20000000 -25000000 3 0 3 1 -15000000 -15000000 3 1 0 1 -20000000 -10000000 3 2 1 1 -25000000 0 3 3 3 1 0 15000000 3 4 2 1 -5000000 -30000000 3 5 3 1 -5000000 5000000 3 6 0 0 -25000000 0 3 7 3 0 0 30000000 3 8 3 1 -5000000 -15000000 14 15 14 13 16 11 19 0 4 1 2 8 10 5 6
FANOUT 1 20 1 0 2 1 -25000000 -25000000 1 1 1 1 15000000 -20000000 1 2 3 1 15000000 -15000000 1 3 0 1 -30000000 -10000000 1 4 3 1 5000000 0 2 0 2 1 15000000 -5000000 2 1 1 1 -5000000 -5000000 2 2 0 1 20000000 -15000000 2 3 1 1 -10000000 30000000 2 4 0 1 15000000 15000000 2 5 3 1 20000000 -25000000 3 0 3 1 -15000000 -15000000 3 1 0 1 -20000000 -10000000 3 2 1 1 -25000000 0 3 3 3 1 0 15000000 3 4 2 1 -5000000 -30000000 3 5 3 1 -5000000 5000000 3 6 0 0 -25000000 0 3 7 3 0 0 30000000 3 8 3 1 -5000000 -15000000 14 19 11 16 13 14 15 2 1 4 0 5 6 10 8
FANOUT 2 20 1 0 2 1 -25000000 -25000000 1 1 1 1 15000000 -20000000 1 2 3 1 15000000 -15000000 1 3 0 1 -30000000 -10000000 1 4 3 1 5000000 0 2 0 2 1 15000000 -5000000 2 1 1 1 -5000000 -5000000 2 2 0 1 20000000 -15000000 2 3 1 1 -10000000 30000000 2 4 0 1 15000000 15000000 2 5 3 1 20000000 -25000000 3 0 3 1 -15000000 -15000000 3 1 0 1 -20000000 -10000000 3 2 1 1 -25000000 0 3 3 3 1 0 15000000 3 4 2 1 -5000000 -30000000 3 5 3 1 -5000000 5000000 3 6 0 0 -25000000 0 3 7 3 0 0 30000000 3 8 3 1 -5000000 -15000000 14 11 19 14 16 13 15 2 4 0 1 10 6 5 8
FANOUT 3 20 1 0 2 1 -25000000 -25000000 1 1 1 1 15000000 -20000000 1 2 3 1 15000000 -15000000 1 3 0 1 -30000000 -10000000 1 4 3 1 5000000 0 2 0 2 1 15000000 -5000000 2 1 1 1 -5000000 -5000000 2 2 0 1 20000000 -15000000 2 3 1 1 -10000000 30000000 2 4 0 1 15000000 15000000 2 5 3 1 20000000 -25000000 3 0 3 1 -15000000 -15000000 3 1 0 1 -20000000 -10000000 3 2 1 1 -25000000 0 3 3 3 1 0 15000000 3 4 2 1 -5000000 -30000000 3 5 3 1 -5000000 5000000 3 6 0 0 -25000000 0 3 7 3 0 0 30000000 3 8 3 1 -5000000 -15000000 14 19 11 16 14 15 13 4 2 1 0 6 5 10 8
FANOUT 4 20 1 0 2 1 -25000000 -25000000 1 1 1 1 15000000 -20000000 1 2 3 1 15000000 -15000000 1 3 0 1 -30000000 -10000000 1 4 3 1 5000000 0 2 0 2 1 15000000 -5000000 2 1 1 1 -5000000 -5000000 2 2 0 1 20000000 -15000000 2 3 1 1 -10000000 30000000 2 4 0 1 15000000 15000000 2 5 3 1 20000000 -25000000 3 0 3 1 -15000000 -15000000 3 1 0 1 -20000000 -10000000 3 2 1 1 -25000000 0 3 3 3 1 0 15000000 3 4 2 1 -5000000 -30000000 3 5 3 1 -5000000 5000000 3 6 0 0 -25000000 0 3 7 3 0 0 30000000 3 8 3 1 -5000000 -15000000 14 11 13 14 15 16 19 0 1 2 4 5 6 8 10
FANOUT 0 8 1 0 1 1 -5000000 10000000 1 1 2 1 -5000000 -5000000 1 2 0 1 -5000000 15000000 1 3 1 1 5000000 5000000 1 4 0 1 30000000 -15000000 1 5 3 1 -5000000 0 1 6 0 1 -25000000 15000000 1 7 1 0 10000000 10000000 4 0 1 3 5
FANOUT 1 8 1 0 1 1 -5000000 10000000 1 1 2 1 -5000000 -5000000 1 2 0 1 -5000000 15000000 1 3 1 1 5000000 5000000 1 4 0 1 30000000 -15000000 1 5 3 1 -5000000 0 1 6 0 1 -25000000 15000000 1 7 1 0 10000000 10000000 4 5 0 1 3
FANOUT 2 8 1 0 1 1 -5000000 10000000 1 1 2 1 -5000000 -5000000 1 2 0 1 -5000000 15000000 1 3 1 1 5000000 5000000 1 4 0 1 30000000 -15000000 1 5 3 1 -5000000 0 1 6 0 1 -25000000 15000000 1 7 1 0 10000000 10000000 4 3 0 1 5
FANOUT 3 8 1 0 1 1 -5000000 10000000 1 1 2 1 -5000000 -5000000 1 2 0 1 -5000000 15000000 1 3 1 1 5000000 5000000 1 4 0 1 30000000 -15000000 1 5 3 1 -5000000 0 1 6 0 1 -25000000 15000000 1 7 1 0 10000000 10000000 4 0 1 3 5
FANOUT 4 8 1 0 1 1 -5000000 10000000 1 1 2 1 -5000000 -5000000 1 2 0 1 -5000000 15000000 1 3 1 1 5000000 5000000 1 4 0 1 30000000 -15000000 1 5 3 1 -5000000 0 1 6 0 1 -25000000 15000000 1 7 1 0 10000000 10000000 4 0 1 3 5
FANOUT 0 10 1 0 0 0 0 10000000 1 1 0 0 -30000000 10000000 1 2 2 1 5000000 10000000 1 3 1 0 25000000 -25000000 1 4 0 1 -5000000 5000000 1 5 3 1 0 15000000 1 6 2 1 25000000 5000000 1 7 2 0 -15000000 0 2 0 0 1 -5000000 -20000000 2 1 3 1 15000000 -15000000 4 6 5 2 9
FANOUT 1 10 1 0 0 0 0 10000000 1 1 0 0 -30000000 10000000 1 2 2 1 5000000 10000000 1 3 1 0 25000000 -25000000 1 4 0 1 -5000000 5000000 1 5 3 1 0 15000000 1 6 2 1 25000000 5000000 1 7 2 0 -15000000 0 2 0 0 1 -5000000 -20000000 2 1 3 1 15000000 -15000000 4 2 5 6 9
FANOUT 2 10 1 0 0 0 0 10000000 1 1 0 0 -30000000 10000000 1 2 2 1 5000000 10000000 1 3 1 0 25000000 -25000000 1 4 0 1 -5000000 5000000 1 5 3 1 0 15000000 1 6 2 1 25000000 5000000 1 7 2 0 -15000000 0 2 0 0 1 -5000000 -20000000 2 1 3 1 15000000 -15000000 4 2 6 5 9
FANOUT 3 10 1 0 0 0 0 10000000 1 1 0 0 -30000000 10000000 1 2 2 1 5000000 10000000 1 3 1 0 25000000 -25000000 1 4 0 1 -5000000 5000000 1 5 3 1 0 15000000 1 6 2 1 25000000 5000000 1 7 2 0 -15000000 0 2 0 0 1 -5000000 -20000000 2 1 3 1 15000000 -15000000 4 2 5 6 9
FANOUT 4 10 1 0 0 0 0 10000000 1 1 0 0 -30000000 10000000 1 2 2 1 5000000 10000000 1 3 1 0 25000000 -25000000 1 4 0 1 -5000000 5000000 1 5 3 1 0 15000000 1 6 2 1 25000000 5000000 1 7 2 0 -15000000 0 2 0 0 1 -5000000 -20000000 2 1 3 1 15000000 -15000000 4 2 5 6 9
FANOUT 0 18 1 0 3 1 10000000 -10000000 1 1 0 1 -5000000 10000000 1 2 3 1 15000000 25000000 1 3 2 1 15000000 30000000 1 4 1 0 -20000000 -25000000 1 5 1 0 5000000 30000000 1 6 2 1 20000000 5000000 1 7 0 1 -10000000 -5000000 2 0 3 1 0 -25000000 2 1 0 1 -15000000 -25000000 2 2 1 1 15000000 -15000000 2 3 0 1 25000000 20000000 2 4 0 1 30000000 -10000000 2 5 3 1 5000000 25000000 2 6 1 1 -25000000 15000000 2 7 2 1 -25000000 25000000 2 8 3 1 -20000000 25000000 3 0 2 1 25000000 25000000 11 8 10 15 13 16 14 0 3 2 6 17
FANOUT 1 18 1 0 3 1 10000000 -10000000 1 1 0 1 -5000000 10000000 1 2 3 1 15000000 25000000 1 3 2 1 15000000 30000000 1 4 1 0 -20000000 -25000000 1 5 1 0 5000000 30000000 1 6 2 1 20000000 5000000 1 7 0 1 -10000000 -5000000 2 0 3 1 0 -25000000 2 1 0 1 -15000000 -25000000 2 2 1 1 15000000 -15000000 2 3 0 1 25000000 20000000 2 4 0 1 30000000 -10000000 2 5 3 1 5000000 25000000 2 6 1 1 -25000000 15000000 2 7 2 1 -25000000 25000000 2 8 3 1 -20000000 25000000 3 0 2 1 25000000 25000000 11 14 16 13 15 10 8 6 2 3 0 17
FANOUT 2 18 1 0 3 1 10000000 -10000000 1 1 0 1 -5000000 10000000 1 2 3 1 15000000 25000000 1 3 2 1 15000000 30000000 1 4 1 0 -20000000 -25000000 1 5 1 0 5000000 30000000 1 6 2 1 20000000 5000000 1 7 0 1 -10000000 -5000000 2 0 3 1 0 -25000000 2 1 0 1 -15000000 -25000000 2 2 1 1 15000000 -15000000 2 3 0 1 25000000 20000000 2 4 0 1 30000000 -10000000 2 5 3 1 5000000 25000000 2 6 1 1 -25000000 15000000 2 7 2 1 -25000000 25000000 2 8 3 1 -20000000 25000000 3 0 2 1 25000000 25000000 11 13 8 16 14 10 15 2 3 0 6 17
FANOUT 3 18 1 0 3 1 10000000 -10000000 1 1 0 1 -5000000 10000000 1 2 3 1 15000000 25000000 1 3 2 1 15000000 30000000 1 4 1 0 -20000000 -25000000 1 5 1 0 5000000 30000000 1 6 2 1 20000000 5000000 1 7 0 1 -10000000 -5000000 2 0 3 1 0 -25000000 2 1 0 1 -15000000 -25000000 2 2 1 1 15000000 -15000000 2 3 0 1 25000000 20000000 2 4 0 1 30000000 -10000000 2 5 3 1 5000000 25000000 2 6 1 1 -25000000 15000000 2 7 2 1 -25000000 25000000 2 8 3 1 -20000000 25000000 3 0 2 1 25000000 25000000 11 13 8 10 14 15 16 0 2 3 6 17
FANOUT 4 18 1 0 3 1 10000000 -10000000 1 1 0 1 -5000000 10000000 1 2 3 1 15000000 25000000 1 3 2 1 15000000 30000000 1 4 1 0 -20000000 -25000000 1 5 1 0 5000000 30000000 1 6 2 1 20000000 5000000 1 7 0 1 -10000000 -5000000 2 0 3 1 0 -25000000 2 1 0 1 -15000000 -25000000 2 2 1 1 15000000 -15000000 2 3 0 1 25000000 20000000 2 4 0 1 30000000 -10000000 2 5 3 1 5000000 25000000 2 6 1 1 -25000000 15000000 2 7 2 1 -25000000 25000000 2 8 3 1 -20000000 25000000 3 0 2 1 25000000 25000000 11 8 10 13 14 15 16 0 2 3 6 17
FANOUT 0 21 1 0 0 0 20000000 -10000000 1 1 3 1 5000000 15000000 1 2 2 1 -15000000 -25000000 1 3 2 1 -5000000 -30000000 1 4 3 1 -10000000 5000000 1 5 1 0 -20000000 5000000 2 0 1 1 30000000 -10000000 2 1 2 0 15000000 -15000000 2 2 3 0 25000000 15000000 2 3 3 1 -25000000 20000000 2 4 2 1 30000000 15000000 2 5 1 1 -15000000 -10000000 2 6 1 1 10000000 5000000 2 7 2 1 30000000 20000000 2 8 3 0 15000000 15000000 3 0 0 1 -10000000 -15000000 3 1 3 1 -20000000 -25000000 4 0 2 1 -5000000 -25000000 4 1 3 1 30000000 -25000000 4 2 1 0 30000000 -30000000 4 3 1 1 10000000 30000000 14 9 11 6 13 10 12 1 3 2 4 20 18 17 16
FANOUT 1 21 1 0 0 0 20000000 -10000000 1 1 3 1 5000000 15000000 1 2 2 1 -15000000 -25000000 1 3 2 1 -5000000 -30000000 1 4 3 1 -10000000 5000000 1 5 1 0 -20000000 5000000 2 0 1 1 30000000 -10000000 2 1 2 0 15000000 -15000000 2 2 3 0 25000000 15000000 2 3 3 1 -25000000 20000000 2 4 2 1 30000000 15000000 2 5 1 1 -15000000 -10000000 2 6 1 1 10000000 5000000 2 7 2 1 30000000 20000000 2 8 3 0 15000000 15000000 3 0 0 1 -10000000 -15000000 3 1 3 1 -20000000 -25000000 4 0 2 1 -5000000 -25000000 4 1 3 1 30000000 -25000000 4 2 1 0 30000000 -30000000 4 3 1 1 10000000 30000000 14 12 10 13 6 11 9 4 2 3 1 17 18 20 16
FANOUT 2 21 1 0 0 0 20000000 -10000000 1 1 3 1 5000000 15000000 1 2 2 1 -15000000 -25000000 1 3 2 1 -5000000 -30000000 1 4 3 1 -10000000 5000000 1 5 1 0 -20000000 5000000 2 0 1 1 30000000 -10000000 2 1 2 0 15000000 -15000000 2 2 3 0 25000000 15000000 2 3 3 1 -25000000 20000000 2 4 2 1 30000000 15000000 2 5 1 1 -15000000 -10000000 2 6 1 1 10000000 5000000 2 7 2 1 30000000 20000000 2 8 3 0 15000000 15000000 3 0 0 1 -10000000 -15000000 3 1 3 1 -20000000 -25000000 4 0 2 1 -5000000 -25000000 4 1 3 1 30000000 -25000000 4 2 1 0 30000000 -30000000 4 3 1 1 10000000 30000000 14 10 13 11 6 9 12 3 1 2 4 17 20 18 16
FANOUT 3 21 1 0 0 0 20000000 -10000000 1 1 3 1 5000000 15000000 1 2 2 1 -15000000 -25000000 1 3 2 1 -5000000 -30000000 1 4 3 1 -10000000 5000000 1 5 1 0 -20000000 5000000 2 0 1 1 30000000 -10000000 2 1 2 0 15000000 -15000000 2 2 3 0 25000000 15000000 2 3 3 1 -25000000 20000000 2 4 2 1 30000000 15000000 2 5 1 1 -15000000 -10000000 2 6 1 1 10000000 5000000 2 7 2 1 30000000 20000000 2 8 3 0 15000000 15000000 3 0 0 1 -10000000 -15000000 3 1 3 1 -20000000 -25000000 4 0 2 1 -5000000 -25000000 4 1 3 1 30000000 -25000000 4 2 1 0 30000000 -30000000 4 3 1 1 10000000 30000000 14 11 12 6 10 13 9 2 1 3 4 17 18 20 16
FANOUT 4 21 1 0 0 0 20000000 -10000000 1 1 3 1 5000000 15000000 1 2 2 1 -15000000 -25000000 1 3 2 1 -5000000 -30000000 1 4 3 1 -10000000 5000000 1 5 1 0 -20000000 5000000 2 0 1 1 30000000 -10000000 2 1 2 0 15000000 -15000000 2 2 3 0 25000000 15000000 2 3 3 1 -25000000 20000000 2 4 2 1 30000000 15000000 2 5 1 1 -15000000 -10000000 2 6 1 1 10000000 5000000 2 7 2 1 30000000 20000000 2 8 3 0 15000000 15000000 3 0 0 1 -10000000 -15000000 3 1 3 1 -20000000 -25000000 4 0 2 1 -5000000 -25000000 4 1 3 1 30000000 -25000000 4 2 1 0 30000000 -30000000 4 3 1 1 10000000 30000000 14 6 9 10 11 12 13 1 2 3 4 17 18 20 16
FANOUT 0 45 1 0 2 1 -30000000 5000000 1 1 1 1 -15000000 25000000 1 2 3 1 20000000 30000000 1 3 2 1 25000000 10000000 1 4 0 1 -15000000 10000000 1 5 2 1 15000000 -25000000 2 0 0 1 20000000 20000000 3 0 0 1 -5000000 -20000000 3 1 3 1 15000000 -15000000 3 2 0 1 -25000000 -5000000 3 3 2 1 15000000 20000000 3 4 3 1 20000000 30000000 3 5 2 1 0 -5000000 3 6 0 1 0 5000000 4 0 2 0 -30000000 20000000 4 1 0 1 -20000000 30000000 4 2 0 1 -25000000 -20000000 4 3 0 1 -15000000 -20000000 4 4 1 1 5000000 -15000000 4 5 1 1 -10000000 25000000 4 6 3 1 -25000000 25000000 5 0 1 1 -5000000 25000000 5 1 1 0 15000000 15000000 5 2 0 0 10000000 25000000 5 3 2 1 -25000000 5000000 5 4 2 1 0 -25000000 5 5 0 1 -5000000 20000000 5 6 3 1 30000000 20000000 5 7 1 0 -10000000 0 6 0 3 0 25000000 20000000 6 1 0 1 25000000 -20000000 6 2 1 0 -25000000 5000000 6 3 0 0 10000000 -20000000 6 4 0 1 20000000 20000000 6 5 1 1 15000000 10000000 6 6 0 1 20000000 5000000 6 7 1 0 -30000000 15000000 7 0 0 1 -25000000 -20000000 7 1 0 1 30000000 -10000000 7 2 0 1 15000000 -20000000 7 3 3 1 -15000000 -10000000 7 4 2 1 -5000000 -15000000 7 5 3 1 -20000000 -10000000 7 6 0 1 30000000 5000000 7 7 3 1 10000000 30000000 21 5 0 2 1 3 11 8 12 10 27 25 24 21 44 42 41 40 18 20 19 34
FANOUT 1 45 1 0 2 1 -30000000 5000000 1 1 1 1 -15000000 25000000 1 2 3 1 20000000 30000000 1 3 2 1 25000000 10000000 1 4 0 1 -15000000 10000000 1 5 2 1 15000000 -25000000 2 0 0 1 20000000 20000000 3 0 0 1 -5000000 -20000000 3 1 3 1 15000000 -15000000 3 2 0 1 -25000000 -5000000 3 3 2 1 15000000 20000000 3 4 3 1 20000000 30000000 3 5 2 1 0 -5000000 3 6 0 1 0 5000000 4 0 2 0 -30000000 20000000 4 1 0 1 -20000000 30000000 4 2 0 1 -25000000 -20000000 4 3 0 1 -15000000 -20000000 4 4 1 1 5000000 -15000000 4 5 1 1 -10000000 25000000 4 6 3 1 -25000000 25000000 5 0 1 1 -5000000 25000000 5 1 1 0 15000000 15000000 5 2 0 0 10000000 25000000 5 3 2 1 -25000000 5000000 5 4 2 1 0 -25000000 5 5 0 1 -5000000 20000000 5 6 3 1 30000000 20000000 5 7 1 0 -10000000 0 6 0 3 0 25000000 20000000 6 1 0 1 25000000 -20000000 6 2 1 0 -25000000 5000000 6 3 0 0 10000000 -20000000 6 4 0 1 20000000 20000000 6 5 1 1 15000000 10000000 6 6 0 1 20000000 5000000 6 7 1 0 -30000000 15000000 7 0 0 1 -25000000 -20000000 7 1 0 1 30000000 -10000000 7 2 0 1 15000000 -20000000 7 3 3 1 -15000000 -10000000 7 4 2 1 -5000000 -15000000 7 5 3 1 -20000000 -10000000 7 6 0 1 30000000 5000000 7 7 3 1 10000000 30000000 21 3 1 2 0 5 10 12 8 11 21 24 25 27 40 41 42 44 19 20 18 34
FANOUT 2 45 1 0 2 1 -30000000 5000000 1 1 1 1 -15000000 25000000 1 2 3 1 20000000 30000000 1 3 2 1 25000000 10000000 1 4 0 1 -15000000 10000000 1 5 2 1 15000000 -25000000 2 0 0 1 20000000 20000000 3 0 0 1 -5000000 -20000000 3 1 3 1 15000000 -15000000 3 2 0 1 -25000000 -5000000 3 3 2 1 15000000 20000000 3 4 3 1 20000000 30000000 3 5 2 1 0 -5000000 3 6 0 1 0 5000000 4 0 2 0 -30000000 20000000 4 1 0 1 -20000000 30000000 4 2 0 1 -25000000 -20000000 4 3 0 1 -15000000 -20000000 4 4 1 1 5000000 -15000000 4 5 1 1 -10000000 25000000 4 6 3 1 -25000000 25000000 5 0 1 1 -5000000 25000000 5 1 1 0 15000000 15000000 5 2 0 0 10000000 25000000 5 3 2 1 -25000000 5000000 5 4 2 1 0 -25000000 5 5 0 1 -5000000 20000000 5 6 3 1 30000000 20000000 5 7 1 0 -10000000 0 6 0 3 0 25000000 20000000 6 1 0 1 25000000 -20000000 6 2 1 0 -25000000 5000000 6 3 0 0 10000000 -20000000 6 4 0 1 20000000 20000000 6 5 1 1 15000000 10000000 6 6 0 1 20000000 5000000 6 7 1 0 -30000000 15000000 7 0 0 1 -25000000 -20000000 7 1 0 1 30000000 -10000000 7 2 0 1 15000000 -20000000 7 3 3 1 -15000000 -10000000 7 4 2 1 -5000000 -15000000 7 5 3 1 -20000000 -10000000 7 6 0 1 30000000 5000000 7 7 3 1 10000000 30000000 21 2 0 1 3 5 11 12 10 8 21 24 27 25 40 42 44 41 19 18 20 34
FANOUT 3 45 1 0 2 1 -30000000 5000000 1 1 1 1 -15000000 25000000 1 2 3 1 20000000 30000000 1 3 2 1 25000000 10000000 1 4 0 1 -15000000 10000000 1 5 2 1 15000000 -25000000 2 0 0 1 20000000 20000000 3 0 0 1 -5000000 -20000000 3 1 3 1 15000000 -15000000 3 2 0 1 -25000000 -5000000 3 3 2 1 15000000 20000000 3 4 3 1 20000000 30000000 3 5 2 1 0 -5000000 3 6 0 1 0 5000000 4 0 2 0 -30000000 20000000 4 1 0 1 -20000000 30000000 4 2 0 1 -25000000 -20000000 4 3 0 1 -15000000 -20000000 4 4 1 1 5000000 -15000000 4 5 1 1 -10000000 25000000 4 6 3 1 -25000000 25000000 5 0 1 1 -5000000 25000000 5 1 1 0 15000000 15000000 5 2 0 0 10000000 25000000 5 3 2 1 -25000000 5000000 5 4 2 1 0 -25000000 5 5 0 1 -5000000 20000000 5 6 3 1 30000000 20000000 5 7 1 0 -10000000 0 6 0 3 0 25000000 20000000 6 1 0 1 25000000 -20000000 6 2 1 0 -25000000 5000000 6 3 0 0 10000000 -20000000 6 4 0 1 20000000 20000000 6 5 1 1 15000000 10000000 6 6 0 1 20000000 5000000 6 7 1 0 -30000000 15000000 7 0 0 1 -25000000 -20000000 7 1 0 1 30000000 -10000000 7 2 0 1 15000000 -20000000 7 3 3 1 -15000000 -10000000 7 4 2 1 -5000000 -15000000 7 5 3 1 -20000000 -10000000 7 6 0 1 30000000 5000000 7 7 3 1 10000000 30000000 21 2 1 3 5 0 10 8 12 11 25 27 21 24 41 40 42 44 18 20 19 34
FANOUT 4 45 1 0 2 1 -30000000 5000000 1 1 1 1 -15000000 25000000 1 2 3 1 20000000 30000000 1 3 2 1 25000000 10000000 1 4 0 1 -15000000 10000000 1 5 2 1 15000000 -25000000 2 0 0 1 20000000 20000000 3 0 0 1 -5000000 -20000000 3 1 3 1 15000000 -15000000 3 2 0 1 -25000000 -5000000 3 3 2 1 15000000 20000000 3 4 3 1 20000000 30000000 3 5 2 1 0 -5000000 3 6 0 1 0 5000000 4 0 2 0 -30000000 20000000 4 1 0 1 -20000000 30000000 4 2 0 1 -25000000 -20000000 4 3 0 1 -15000000 -20000000 4 4 1 1 5000000 -15000000 4 5 1 1 -10000000 25000000 4 6 3 1 -25000000 25000000 5 0 1 1 -5000000 25000000 5 1 1 0 15000000 15000000 5 2 0 0 10000000 25000000 5 3 2 1 -25000000 5000000 5 4 2 1 0 -25000000 5 5 0 1 -5000000 20000000 5 6 3 1 30000000 20000000 5 7 1 0 -10000000 0 6 0 3 0 25000000 20000000 6 1 0 1 25000000 -20000000 6 2 1 0 -25000000 5000000 6 3 0 0 10000000 -20000000 6 4 0 1 20000000 20000000 6 5 1 1 15000000 10000000 6 6 0 1 20000000 5000000 6 7 1 0 -30000000 15000000 7 0 0 1 -25000000 -20000000 7 1 0 1 30000000 -10000000 7 2 0 1 15000000 -20000000 7 3 3 1 -15000000 -10000000 7 4 2 1 -5000000 -15000000 7 5 3 1 -20000000 -10000000 7 6 0 1 30000000 5000000 7 7 3 1 10000000 30000000 21 0 1 2 3 5 8 10 11 12 21 24 25 27 40 41 42 44 18 19 20 34
FANOUT 0 17 1 0 2 0 -25000000 5000000 1 1 0 1 -25000000 -25000000 2 0 1 1 -10000000 20000000 2 1 1 1 15000000 -15000000 2 2 2 1 5000000 0 2 3 2 1 20000000 10000000 2 4 0 1 -5000000 5000000 2 5 1 1 15000000 -15000000 3 0 0 1 25000000 -15000000 4 0 3 1 -5000000 -15000000 4 1 1 1 0 20000000 4 2 0 1 5000000 20000000 4 3 3 0 -5000000 -25000000 4 4 2 1 10000000 0 4 5 0 1 25000000 -15000000 5 0 0 1 15000000 20000000 5 1 1 1 10000000 0 9 2 3 7 5 4 10 9 13 16
FANOUT 1 17 1 0 2 0 -25000000 5000000 1 1 0 1 -25000000 -25000000 2 0 1 1 -10000000 20000000 2 1 1 1 15000000 -15000000 2 2 2 1 5000000 0 2 3 2 1 20000000 10000000 2 4 0 1 -5000000 5000000 2 5 1 1 15000000 -15000000 3 0 0 1 25000000 -15000000 4 0 3 1 -5000000 -15000000 4 1 1 1 0 20000000 4 2 0 1 5000000 20000000 4 3 3 0 -5000000 -25000000 4 4 2 1 10000000 0 4 5 0 1 25000000 -15000000 5 0 0 1 15000000 20000000 5 1 1 1 10000000 0 9 4 5 3 7 2 13 9 10 16
FANOUT 2 17 1 0 2 0 -25000000 5000000 1 1 0 1 -25000000 -25000000 2 0 1 1 -10000000 20000000 2 1 1 1 15000000 -15000000 2 2 2 1 5000000 0 2 3 2 1 20000000 10000000 2 4 0 1 -5000000 5000000 2 5 1 1 15000000 -15000000 3 0 0 1 25000000 -15000000 4 0 3 1 -5000000 -15000000 4 1 1 1 0 20000000 4 2 0 1 5000000 20000000 4 3 3 0 -5000000 -25000000 4 4 2 1 10000000 0 4 5 0 1 25000000 -15000000 5 0 0 1 15000000 20000000 5 1 1 1 10000000 0 9 3 7 4 2 5 13 9 10 16
FANOUT 3 17 1 0 2 0 -25000000 5000000 1 1 0 1 -25000000 -25000000 2 0 1 1 -10000000 20000000 2 1 1 1 15000000 -15000000 2 2 2 1 5000000 0 2 3 2 1 20000000 10000000 2 4 0 1 -5000000 5000000 2 5 1 1 15000000 -15000000 3 0 0 1 25000000 -15000000 4 0 3 1 -5000000 -15000000 4 1 1 1 0 20000000 4 2 0 1 5000000 20000000 4 3 3 0 -5000000 -25000000 4 4 2 1 10000000 0 4 5 0 1 25000000 -15000000 5 0 0 1 15000000 20000000 5 1 1 1 10000000 0 9 4 3 7 5 2 13 9 10 16
FANOUT 4 17 1 0 2 0 -25000000 5000000 1 1 0 1 -25000000 -25000000 2 0 1 1 -10000000 20000000 2 1 1 1 15000000 -15000000 2 2 2 1 5000000 0 2 3 2 1 20000000 10000000 2 4 0 1 -5000000 5000000 2 5 1 1 15000000 -15000000 3 0 0 1 25000000 -15000000 4 0 3 1 -5000000 -15000000 4 1 1 1 0 20000000 4 2 0 1 5000000 20000000 4 3 3 0 -5000000 -25000000 4 4 2 1 10000000 0 4 5 0 1 25000000 -15000000 5 0 0 1 15000000 20000000 5 1 1 1 10000000 0 9 2 3 4 5 7 9 10 13 16
FANOUT 0 24 1 0 1 1 -20000000 -15000000 1 1 1 1 5000000 -5000000 1 2 2 1 25000000 5000000 1 3 2 0 -25000000 -25000000 1 4 3 0 -25000000 -30000000 1 5 1 1 -10000000 0 1 6 2 1 30000000 -30000000 1 7 2 1 -15000000 -20000000 2 0 0 1 -5000000 20000000 2 1 3 1 10000000 -10000000 2 2 0 1 10000000 0 3 0 1 1 30000000 5000000 3 1 0 1 30000000 -30000000 3 2 3 1 15000000 25000000 3 3 2 1 -30000000 -15000000 3 4 1 1 0 15000000 4 0 3 0 5000000 -15000000 4 1 0 1 0 -25000000 4 2 3 1 -30000000 30000000 4 3 1 1 30000000 -20000000 4 4 1 1 -15000000 10000000 4 5 1 0 25000000 15000000 4 6 2 1 15000000 -30000000 4 7 3 1 25000000 30000000 16 6 2 0 7 5 1 18 22 19 23 20 14 11 13 15 9
FANOUT 1 24 1 0 1 1 -20000000 -15000000 1 1 1 1 5000000 -5000000 1 2 2 1 25000000 5000000 1 3 2 0 -25000000 -25000000 1 4 3 0 -25000000 -30000000 1 5 1 1 -10000000 0 1 6 2 1 30000000 -30000000 1 7 2 1 -15000000 -20000000 2 0 0 1 -5000000 20000000 2 1 3 1 10000000 -10000000 2 2 0 1 10000000 0 3 0 1 1 30000000 5000000 3 1 0 1 30000000 -30000000 3 2 3 1 15000000 25000000 3 3 2 1 -30000000 -15000000 3 4 1 1 0 15000000 4 0 3 0 5000000 -15000000 4 1 0 1 0 -25000000 4 2 3 1 -30000000 30000000 4 3 1 1 30000000 -20000000 4 4 1 1 -15000000 10000000 4 5 1 0 25000000 15000000 4 6 2 1 15000000 -30000000 4 7 3 1 25000000 30000000 16 1 5 7 0 2 6 20 23 19 22 18 15 13 11 14 9
FANOUT 2 24 1 0 1 1 -20000000 -15000000 1 1 1 1 5000000 -5000000 1 2 2 1 25000000 5000000 1 3 2 0 -25000000 -25000000 1 4 3 0 -25000000 -30000000 1 5 1 1 -10000000 0 1 6 2 1 30000000 -30000000 1 7 2 1 -15000000 -20000000 2 0 0 1 -5000000 20000000 2 1 3 1 10000000 -10000000 2 2 0 1 10000000 0 3 0 1 1 30000000 5000000 3 1 0 1 30000000 -30000000 3 2 3 1 15000000 25000000 3 3 2 1 -30000000 -15000000 3 4 1 1 0 15000000 4 0 3 0 5000000 -15000000 4 1 0 1 0 -25000000 4 2 3 1 -30000000 30000000 4 3 1 1 30000000 -20000000 4 4 1 1 -15000000 10000000 4 5 1 0 25000000 15000000 4 6 2 1 15000000 -30000000 4 7 3 1 25000000 30000000 16 5 7 6 1 0 2 20 23 22 19 18 11 13 14 15 9
FANOUT 3 24 1 0 1 1 -20000000 -15000000 1 1 1 1 5000000 -5000000 1 2 2 1 25000000 5000000 1 3 2 0 -25000000 -25000000 1 4 3 0 -25000000 -30000000 1 5 1 1 -10000000 0 1 6 2 1 30000000 -30000000 1 7 2 1 -15000000 -20000000 2 0 0 1 -5000000 20000000 2 1 3 1 10000000 -10000000 2 2 0 1 10000000 0 3 0 1 1 30000000 5000000 3 1 0 1 30000000 -30000000 3 2 3 1 15000000 25000000 3 3 2 1 -30000000 -15000000 3 4 1 1 0 15000000 4 0 3 0 5000000 -15000000 4 1 0 1 0 -25000000 4 2 3 1 -30000000 30000000 4 3 1 1 30000000 -20000000 4 4 1 1 -15000000 10000000 4 5 1 0 25000000 15000000 4 6 2 1 15000000 -30000000 4 7 3 1 25000000 30000000 16 5 0 1 6 7 2 19 20 22 23 18 15 13 14 11 9
FANOUT 4 24 1 0 1 1 -20000000 -15000000 1 1 1 1 5000000 -5000000 1 2 2 1 25000000 5000000 1 3 2 0 -25000000 -25000000 1 4 3 0 -25000000 -30000000 1 5 1 1 -10000000 0 1 6 2 1 30000000 -30000000 1 7 2 1 -15000000 -20000000 2 0 0 1 -5000000 20000000 2 1 3 1 10000000 -10000000 2 2 0 1 10000000 0 3 0 1 1 30000000 5000000 3 1 0 1 30000000 -30000000 3 2 3 1 15000000 25000000 3 3 2 1 -30000000 -15000000 3 4 1 1 0 15000000 4 0 3 0 5000000 -15000000 4 1 0 1 0 -25000000 4 2 3 1 -30000000 30000000 4 3 1 1 30000000 -20000000 4 4 1 1 -15000000 10000000 4 5 1 0 25000000 15000000 4 6 2 1 15000000 -30000000 4 7 3 1 25000000 30000000 16 0 1 2 5 6 7 18 19 20 22 23 11 13 14 15 9
FANOUT 0 24 1 0 0 1 -15000000 10000000 1 1 1 1 -30000000 -5000000 2 0 2 1 20000000 -15000000 2 1 1 1 -15000000 -15000000 2 2 2 1 0 10000000 2 3 1 1 10000000 10000000 2 4 0 0 -10000000 5000000 3 0 0 1 30000000 10000000 3 1 0 1 0 15000000 3 2 2 1 10000000 -15000000 3 3 1 1 -30000000 0 3 4 0 0 5000000 -15000000 3 5 2 1 -5000000 5000000 3 6 1 1 25000000 5000000 3 7 0 1 10000000 20000000 4 0 0 1 -5000000 -15000000 4 1 1 0 -10000000 -30000000 5 0 0 1 -20000000 -15000000 5 1 2 1 20000000 10000000 5 2 0 0 10000000 25000000 5 3 0 1 -20000000 -25000000 5 4 3 1 20000000 -10000000 5 5 2 1 -15000000 0 5 6 3 1 30000000 15000000 13 3 2 5 4 10 13 9 12 22 23 21 18 1
FANOUT 1 24 1 0 0 1 -15000000 10000000 1 1 1 1 -30000000 -5000000 2 0 2 1 20000000 -15000000 2 1 1 1 -15000000 -15000000 2 2 2 1 0 10000000 2 3 1 1 10000000 10000000 2 4 0 0 -10000000 5000000 3 0 0 1 30000000 10000000 3 1 0 1 0 15000000 3 2 2 1 10000000 -15000000 3 3 1 1 -30000000 0 3 4 0 0 5000000 -15000000 3 5 2 1 -5000000 5000000 3 6 1 1 25000000 5000000 3 7 0 1 10000000 20000000 4 0 0 1 -5000000 -15000000 4 1 1 0 -10000000 -30000000 5 0 0 1 -20000000 -15000000 5 1 2 1 20000000 10000000 5 2 0 0 10000000 25000000 5 3 0 1 -20000000 -25000000 5 4 3 1 20000000 -10000000 5 5 2 1 -15000000 0 5 6 3 1 30000000 15000000 13 4 5 2 3 12 9 13 10 18 21 23 22 1
FANOUT 2 24 1 0 0 1 -15000000 10000000 1 1 1 1 -30000000 -5000000 2 0 2 1 20000000 -15000000 2 1 1 1 -15000000 -15000000 2 2 2 1 0 10000000 2 3 1 1 10000000 10000000 2 4 0 0 -10000000 5000000 3 0 0 1 30000000 10000000 3 1 0 1 0 15000000 3 2 2 1 10000000 -15000000 3 3 1 1 -30000000 0 3 4 0 0 5000000 -15000000 3 5 2 1 -5000000 5000000 3 6 1 1 25000000 5000000 3 7 0 1 10000000 20000000 4 0 0 1 -5000000 -15000000 4 1 1 0 -10000000 -30000000 5 0 0 1 -20000000 -15000000 5 1 2 1 20000000 10000000 5 2 0 0 10000000 25000000 5 3 0 1 -20000000 -25000000 5 4 3 1 20000000 -10000000 5 5 2 1 -15000000 0 5 6 3 1 30000000 15000000 13 4 2 3 5 10 12 9 13 22 18 21 23 1
FANOUT 3 24 1 0 0 1 -15000000 10000000 1 1 1 1 -30000000 -5000000 2 0 2 1 20000000 -15000000 2 1 1 1 -15000000 -15000000 2 2 2 1 0 10000000 2 3 1 1 10000000 10000000 2 4 0 0 -10000000 5000000 3 0 0 1 30000000 10000000 3 1 0 1 0 15000000 3 2 2 1 10000000 -15000000 3 3 1 1 -30000000 0 3 4 0 0 5000000 -15000000 3 5 2 1 -5000000 5000000 3 6 1 1 25000000 5000000 3 7 0 1 10000000 20000000 4 0 0 1 -5000000 -15000000 4 1 1 0 -10000000 -30000000 5 0 0 1 -20000000 -15000000 5 1 2 1 20000000 10000000 5 2 0 0 10000000 25000000 5 3 0 1 -20000000 -25000000 5 4 3 1 20000000 -10000000 5 5 2 1 -15000000 0 5 6 3 1 30000000 15000000 13 4 5 2 3 13 12 9 10 18 22 21 23 1
FANOUT 4 24 1 0 0 1 -15000000 10000000 1 1 1 1 -30000000 -5000000 2 0 2 1 20000000 -15000000 2 1 1 1 -15000000 -15000000 2 2 2 1 0 10000000 2 3 1 1 10000000 10000000 2 4 0 0 -10000000 5000000 3 0 0 1 30000000 10000000 3 1 0 1 0 15000000 3 2 2 1 10000000 -15000000 3 3 1 1 -30000000 0 3 4 0 0 5000000 -15000000 3 5 2 1 -5000000 5000000 3 6 1 1 25000000 5000000 3 7 0 1 10000000 20000000 4 0 0 1 -5000000 -15000000 4 1 1 0 -10000000 -30000000 5 0 0 1 -20000000 -15000000 5 1 2 1 20000000 10000000 5 2 0 0 10000000 25000000 5 3 0 1 -20000000 -25000000 5 4 3 1 20000000 -10000000 5 5 2 1 -15000000 0 5 6 3 1 30000000 15000000 13 2 3 4 5 9 10 12 13 18 21 22 23 1
FANOUT 0 12 1 0 0 0 -5000000 -15000000 1 1 1 1 30000000 30000000 1 2 1 1 0 10000000 1 3 2 1 -30000000 20000000 1 4 3 0 -15000000 25000000 2 0 1 1 25000000 25000000 2 1 1 1 25000000 20000000 2 2 3 1 15000000 20000000 2 3 2 0 -30000000 -25000000 2 4 1 0 -25000000 5000000 2 5 2 1 -10000000 -5000000 2 6 3 1 -5000000 -5000000 8 10 11 5 6 7 1 3 2
FANOUT 1 12 1 0 0 0 -5000000 -15000000 1 1 1 1 30000000 30000000 1 2 1 1 0 10000000 1 3 2 1 -30000000 20000000 1 4 3 0 -15000000 25000000 2 0 1 1 25000000 25000000 2 1 1 1 25000000 20000000 2 2 3 1 15000000 20000000 2 3 2 0 -30000000 -25000000 2 4 1 0 -25000000 5000000 2 5 2 1 -10000000 -5000000 2 6 3 1 -5000000 -5000000 8 7 6 5 11 10 2 3 1
FANOUT 2 12 1 0 0 0 -5000000 -15000000 1 1 1 1 30000000 30000000 1 2 1 1 0 10000000 1 3 2 1 -30000000 20000000 1 4 3 0 -15000000 25000000 2 0 1 1 25000000 25000000 2 1 1 1 25000000 20000000 2 2 3 1 15000000 20000000 2 3 2 0 -30000000 -25000000 2 4 1 0 -25000000 5000000 2 5 2 1 -10000000 -5000000 2 6 3 1 -5000000 -5000000 8 5 6 10 7 11 1 2 3
FANOUT 3 12 1 0 0 0 -5000000 -15000000 1 1 1 1 30000000 30000000 1 2 1 1 0 10000000 1 3 2 1 -30000000 20000000 1 4 3 0 -15000000 25000000 2 0 1 1 25000000 25000000 2 1 1 1 25000000 20000000 2 2 3 1 15000000 20000000 2 3 2 0 -30000000 -25000000 2 4 1 0 -25000000 5000000 2 5 2 1 -10000000 -5000000 2 6 3 1 -5000000 -5000000 8 7 5 6 10 11 1 2 3
FANOUT 4 12 1 0 0 0 -5000000 -15000000 1 1 1 1 30000000 30000000 1 2 1 1 0 10000000 1 3 2 1 -30000000 20000000 1 4 3 0 -15000000 25000000 2 0 1 1 25000000 25000000 2 1 1 1 25000000 20000000 2 2 3 1 15000000 20000000 2 3 2 0 -30000000 -25000000 2 4 1 0 -25000000 5000000 2 5 2 1 -10000000 -5000000 2 6 3 1 -5000000 -5000000 8 5 6 7 10 11 1 2 3
FANOUT 0 23 1 0 1 1 5000000 15000000 1 1 2 1 -5000000 -5000000 1 2 3 1 10000000 -15000000 1 3 0 1 5000000 5000000 1 4 3 1 -30000000 15000000 1 5 2 1 -15000000 5000000 1 6 1 1 -25000000 25000000 1 7 1 1 -20000000 25000000 2 0 1 0 15000000 10000000 2 1 2 1 30000000 0 2 2 0 1 5000000 -15000000 2 3 0 0 20000000 5000000 2 4 2 1 -25000000 0 2 5 3 1 10000000 -10000000 2 6 1 1 -15000000 -10000000 2 7 2 0 15000000 25000000 3 0 1 1 25000000 20000000 3 1 3 1 -5000000 -5000000 3 2 2 1 25000000 20000000 3 3 2 1 15000000 -25000000 3 4 1 1 -10000000 0 3 5 0 1 -20000000 25000000 3 6 0 1 5000000 -15000000 16 2 6 4 7 0 1 5 19 16 18 20 17 9 12 14 13
FANOUT 1 23 1 0 1 1 5000000 15000000 1 1 2 1 -5000000 -5000000 1 2 3 1 10000000 -15000000 1 3 0 1 5000000 5000000 1 4 3 1 -30000000 15000000 1 5 2 1 -15000000 5000000 1 6 1 1 -25000000 25000000 1 7 1 1 -20000000 25000000 2 0 1 0 15000000 10000000 2 1 2 1 30000000 0 2 2 0 1 5000000 -15000000 2 3 0 0 20000000 5000000 2 4 2 1 -25000000 0 2 5 3 1 10000000 -10000000 2 6 1 1 -15000000 -10000000 2 7 2 0 15000000 25000000 3 0 1 1 25000000 20000000 3 1 3 1 -5000000 -5000000 3 2 2 1 25000000 20000000 3 3 2 1 15000000 -25000000 3 4 1 1 -10000000 0 3 5 0 1 -20000000 25000000 3 6 0 1 5000000 -15000000 16 5 1 0 7 4 6 2 17 20 16 18 19 13 14 12 9
FANOUT 2 23 1 0 1 1 5000000 15000000 1 1 2 1 -5000000 -5000000 1 2 3 1 10000000 -15000000 1 3 0 1 5000000 5000000 1 4 3 1 -30000000 15000000 1 5 2 1 -15000000 5000000 1 6 1 1 -25000000 25000000 1 7 1 1 -20000000 25000000 2 0 1 0 15000000 10000000 2 1 2 1 30000000 0 2 2 0 1 5000000 -15000000 2 3 0 0 20000000 5000000 2 4 2 1 -25000000 0 2 5 3 1 10000000 -10000000 2 6 1 1 -15000000 -10000000 2 7 2 0 15000000 25000000 3 0 1 1 25000000 20000000 3 1 3 1 -5000000 -5000000 3 2 2 1 25000000 20000000 3 3 2 1 15000000 -25000000 3 4 1 1 -10000000 0 3 5 0 1 -20000000 25000000 3 6 0 1 5000000 -15000000 16 2 6 7 0 5 1 4 18 20 16 17 19 13 12 14 9
FANOUT 3 23 1 0 1 1 5000000 15000000 1 1 2 1 -5000000 -5000000 1 2 3 1 10000000 -15000000 1 3 0 1 5000000 5000000 1 4 3 1 -30000000 15000000 1 5 2 1 -15000000 5000000 1 6 1 1 -25000000 25000000 1 7 1 1 -20000000 25000000 2 0 1 0 15000000 10000000 2 1 2 1 30000000 0 2 2 0 1 5000000 -15000000 2 3 0 0 20000000 5000000 2 4 2 1 -25000000 0 2 5 3 1 10000000 -10000000 2 6 1 1 -15000000 -10000000 2 7 2 0 15000000 25000000 3 0 1 1 25000000 20000000 3 1 3 1 -5000000 -5000000 3 2 2 1 25000000 20000000 3 3 2 1 15000000 -25000000 3 4 1 1 -10000000 0 3 5 0 1 -20000000 25000000 3 6 0 1 5000000 -15000000 16 1 5 2 4 6 7 0 17 20 19 16 18 14 12 13 9
FANOUT 4 23 1 0 1 1 5000000 15000000 1 1 2 1 -5000000 -5000000 1 2 3 1 10000000 -15000000 1 3 0 1 5000000 5000000 1 4 3 1 -30000000 15000000 1 5 2 1 -15000000 5000000 1 6 1 1 -25000000 25000000 1 7 1 1 -20000000 25000000 2 0 1 0 15000000 10000000 2 1 2 1 30000000 0 2 2 0 1 5000000 -15000000 2 3 0 0 20000000 5000000 2 4 2 1 -25000000 0 2 5 3 1 10000000 -10000000 2 6 1 1 -15000000 -10000000 2 7 2 0 15000000 25000000 3 0 1 1 25000000 20000000 3 1 3 1 -5000000 -5000000 3 2 2 1 25000000 20000000 3 3 2 1 15000000 -25000000 3 4 1 1 -10000000 0 3 5 0 1 -20000000 25000000 3 6 0 1 5000000 -15000000 16 0 1 2 4 5 6 7 16 17 18 19 20 9 12 13 14
FANOUT 0 1 1 0 2 1 10000000 -25000000 1 0
FANOUT 1 1 1 0 2 1 10000000 -25000000 1 0
FANOUT 2 1 1 0 2 1 10000000 -25000000 1 0
FANOUT 3 1 1 0 2 1 10000000 -25000000 1 0
FANOUT 4 1 1 0 2 1 10000000 -25000000 1 0
FANOUT 0 26 1 0 3 1 30000000 5000000 2 0 0 0 0 15000000 2 1 1 1 10000000 5000000 2 2 2 1 10000000 -20000000 2 3 0 1 30000000 5000000 2 4 2 1 -25000000 5000000 2 5 1 1 30000000 -10000000 2 6 1 1 0 -20000000 2 7 1 1 -30000000 0 3 0 2 1 25000000 30000000 3 1 3 0 -25000000 -15000000 3 2 1 0 -15000000 -30000000 3 3 0 1 0 25000000 3 4 2 1 -10000000 20000000 4 0 1 1 20000000 0 4 1 1 1 -5000000 0 4 2 2 0 10000000 -20000000 5 0 1 0 -5000000 15000000 5 1 2 1 10000000 -30000000 5 2 2 1 10000000 -10000000 5 3 1 1 5000000 -20000000 6 0 3 1 -20000000 -30000000 6 1 0 1 10000000 25000000 6 2 2 0 0 25000000 6 3 2 1 0 20000000 6 4 0 1 -25000000 25000000 16 6 8 5 3 2 7 18 19 20 9 13 14 15 21 24 0
FANOUT 1 26 1 0 3 1 30000000 5000000 2 0 0 0 0 15000000 2 1 1 1 10000000 5000000 2 2 2 1 10000000 -20000000 2 3 0 1 30000000 5000000 2 4 2 1 -25000000 5000000 2 5 1 1 30000000 -10000000 2 6 1 1 0 -20000000 2 7 1 1 -30000000 0 3 0 2 1 25000000 30000000 3 1 3 0 -25000000 -15000000 3 2 1 0 -15000000 -30000000 3 3 0 1 0 25000000 3 4 2 1 -10000000 20000000 4 0 1 1 20000000 0 4 1 1 1 -5000000 0 4 2 2 0 10000000 -20000000 5 0 1 0 -5000000 15000000 5 1 2 1 10000000 -30000000 5 2 2 1 10000000 -10000000 5 3 1 1 5000000 -20000000 6 0 3 1 -20000000 -30000000 6 1 0 1 10000000 25000000 6 2 2 0 0 25000000 6 3 2 1 0 20000000 6 4 0 1 -25000000 25000000 16 7 2 3 5 8 6 20 18 19 9 13 14 15 21 24 0
FANOUT 2 26 1 0 3 1 30000000 5000000 2 0 0 0 0 15000000 2 1 1 1 10000000 5000000 2 2 2 1 10000000 -20000000 2 3 0 1 30000000 5000000 2 4 2 1 -25000000 5000000 2 5 1 1 30000000 -10000000 2 6 1 1 0 -20000000 2 7 1 1 -30000000 0 3 0 2 1 25000000 30000000 3 1 3 0 -25000000 -15000000 3 2 1 0 -15000000 -30000000 3 3 0 1 0 25000000 3 4 2 1 -10000000 20000000 4 0 1 1 20000000 0 4 1 1 1 -5000000 0 4 2 2 0 10000000 -20000000 5 0 1 0 -5000000 15000000 5 1 2 1 10000000 -30000000 5 2 2 1 10000000 -10000000 5 3 1 1 5000000 -20000000 6 0 3 1 -20000000 -30000000 6 1 0 1 10000000 25000000 6 2 2 0 0 25000000 6 3 2 1 0 20000000 6 4 0 1 -25000000 25000000 16 3 7 2 6 5 8 20 18 19 13 9 14 15 24 21 0
FANOUT 3 26 1 0 3 1 30000000 5000000 2 0 0 0 0 15000000 2 1 1 1 10000000 5000000 2 2 2 1 10000000 -20000000 2 3 0 1 30000000 5000000 2 4 2 1 -25000000 5000000 2 5 1 1 30000000 -10000000 2 6 1 1 0 -20000000 2 7 1 1 -30000000 0 3 0 2 1 25000000 30000000 3 1 3 0 -25000000 -15000000 3 2 1 0 -15000000 -30000000 3 3 0 1 0 25000000 3 4 2 1 -10000000 20000000 4 0 1 1 20000000 0 4 1 1 1 -5000000 0 4 2 2 0 10000000 -20000000 5 0 1 0 -5000000 15000000 5 1 2 1 10000000 -30000000 5 2 2 1 10000000 -10000000 5 3 1 1 5000000 -20000000 6 0 3 1 -20000000 -30000000 6 1 0 1 10000000 25000000 6 2 2 0 0 25000000 6 3 2 1 0 20000000 6 4 0 1 -25000000 25000000 16 2 3 7 6 5 8 19 18 20 13 9 14 15 24 21 0
FANOUT 4 26 1 0 3 1 30000000 5000000 2 0 0 0 0 15000000 2 1 1 1 10000000 5000000 2 2 2 1 10000000 -20000000 2 3 0 1 30000000 5000000 2 4 2 1 -25000000 5000000 2 5 1 1 30000000 -10000000 2 6 1 1 0 -20000000 2 7 1 1 -30000000 0 3 0 2 1 25000000 30000000 3 1 3 0 -25000000 -15000000 3 2 1 0 -15000000 -30000000 3 3 0 1 0 25000000 3 4 2 1 -10000000 20000000 4 0 1 1 20000000 0 4 1 1 1 -5000000 0 4 2 2 0 10000000 -20000000 5 0 1 0 -5000000 15000000 5 1 2 1 10000000 -30000000 5 2 2 1 10000000 -10000000 5 3 1 1 5000000 -20000000 6 0 3 1 -20000000 -30000000 6 1 0 1 10000000 25000000 6 2 2 0 0 25000000 6 3 2 1 0 20000000 6 4 0 1 -25000000 25000000 16 2 3 5 6 7 8 18 19 20 9 13 14 15 21 24 0
FANOUT 0 13 1 0 2 1 0 30000000 1 1 0 1 -5000000 -30000000 1 2 2 1 30000000 25000000 1 3 0 0 -15000000 15000000 1 4 3 1 20000000 -5000000 1 5 0 0 5000000 15000000 1 6 0 1 30000000 -20000000 1 7 3 1 0 15000000 1 8 3 1 -30000000 -25000000 2 0 3 1 -10000000 -30000000 2 1 1 1 -25000000 15000000 2 2 1 0 10000000 10000000 2 3 0 1 10000000 0 7 8 2 0 4 7 9 10
FANOUT 1 13 1 0 2 1 0 30000000 1 1 0 1 -5000000 -30000000 1 2 2 1 30000000 25000000 1 3 0 0 -15000000 15000000 1 4 3 1 20000000 -5000000 1 5 0 0 5000000 15000000 1 6 0 1 30000000 -20000000 1 7 3 1 0 15000000 1 8 3 1 -30000000 -25000000 2 0 3 1 -10000000 -30000000 2 1 1 1 -25000000 15000000 2 2 1 0 10000000 10000000 2 3 0 1 10000000 0 7 7 4 0 2 8 9 10
FANOUT 2 13 1 0 2 1 0 30000000 1 1 0 1 -5000000 -30000000 1 2 2 1 30000000 25000000 1 3 0 0 -15000000 15000000 1 4 3 1 20000000 -5000000 1 5 0 0 5000000 15000000 1 6 0 1 30000000 -20000000 1 7 3 1 0 15000000 1 8 3 1 -30000000 -25000000 2 0 3 1 -10000000 -30000000 2 1 1 1 -25000000 15000000 2 2 1 0 10000000 10000000 2 3 0 1 10000000 0 7 8 4 7 0 2 9 10
FANOUT 3 13 1 0 2 1 0 30000000 1 1 0 1 -5000000 -30000000 1 2 2 1 30000000 25000000 1 3 0 0 -15000000 15000000 1 4 3 1 20000000 -5000000 1 5 0 0 5000000 15000000 1 6 0 1 30000000 -20000000 1 7 3 1 0 15000000 1 8 3 1 -30000000 -25000000 2 0 3 1 -10000000 -30000000 2 1 1 1 -25000000 15000000 2 2 1 0 10000000 10000000 2 3 0 1 10000000 0 7 0 7 2 4 8 9 10
FANOUT 4 13 1 0 2 1 0 30000000 1 1 0 1 -5000000 -30000000 1 2 2 1 30000000 25000000 1 3 0 0 -15000000 15000000 1 4 3 1 20000000 -5000000 1 5 0 0 5000000 15000000 1 6 0 1 30000000 -20000000 1 7 3 1 0 15000000 1 8 3 1 -30000000 -25000000 2 0 3 1 -10000000 -30000000 2 1 1 1 -25000000 15000000 2 2 1 0 10000000 10000000 2 3 0 1 10000000 0 7 0 2 4 7 8 9 10
FANOUT 0 15 1 0 1 1 25000000 0 1 1 2 1 -5000000 -20000000 1 2 1 1 15000000 30000000 2 0 1 1 5000000 -15000000 2 1 0 1 0 -10000000 2 2 0 0 -25000000 -20000000 2 3 3 0 -20000000 25000000 2 4 1 1 0 15000000 2 5 0 1 0 -20000000 2 6 2 1 10000000 30000000 3 0 0 1 10000000 -30000000 3 1 1 0 25000000 10000000 3 2 2 0 5000000 -15000000 4 0 3 0 -10000000 25000000 4 1 1 1 -5000000 10000000 7 1 2 0 3 9 7 14
FANOUT 1 15 1 0 1 1 25000000 0 1 1 2 1 -5000000 -20000000 1 2 1 1 15000000 30000000 2 0 1 1 5000000 -15000000 2 1 0 1 0 -10000000 2 2 0 0 -25000000 -20000000 2 3 3 0 -20000000 25000000 2 4 1 1 0 15000000 2 5 0 1 0 -20000000 2 6 2 1 10000000 30000000 3 0 0 1 10000000 -30000000 3 1 1 0 25000000 10000000 3 2 2 0 5000000 -15000000 4 0 3 0 -10000000 25000000 4 1 1 1 -5000000 10000000 7 0 2 1 7 9 3 14
FANOUT 2 15 1 0 1 1 25000000 0 1 1 2 1 -5000000 -20000000 1 2 1 1 15000000 30000000 2 0 1 1 5000000 -15000000 2 1 0 1 0 -10000000 2 2 0 0 -25000000 -20000000 2 3 3 0 -20000000 25000000 2 4 1 1 0 15000000 2 5 0 1 0 -20000000 2 6 2 1 10000000 30000000 3 0 0 1 10000000 -30000000 3 1 1 0 25000000 10000000 3 2 2 0 5000000 -15000000 4 0 3 0 -10000000 25000000 4 1 1 1 -5000000 10000000 7 0 1 2 7 3 9 14
FANOUT 3 15 1 0 1 1 25000000 0 1 1 2 1 -5000000 -20000000 1 2 1 1 15000000 30000000 2 0 1 1 5000000 -15000000 2 1 0 1 0 -10000000 2 2 0 0 -25000000 -20000000 2 3 3 0 -20000000 25000000 2 4 1 1 0 15000000 2 5 0 1 0 -20000000 2 6 2 1 10000000 30000000 3 0 0 1 10000000 -30000000 3 1 1 0 25000000 10000000 3 2 2 0 5000000 -15000000 4 0 3 0 -10000000 25000000 4 1 1 1 -5000000 10000000 7 1 2 0 7 9 3 14
FANOUT 4 15 1 0 1 1 25000000 0 1 1 2 1 -5000000 -20000000 1 2 1 1 15000000 30000000 2 0 1 1 5000000 -15000000 2 1 0 1 0 -10000000 2 2 0 0 -25000000 -20000000 2 3 3 0 -20000000 25000000 2 4 1 1 0 15000000 2 5 0 1 0 -20000000 2 6 2 1 10000000 30000000 3 0 0 1 10000000 -30000000 3 1 1 0 25000000 10000000 3 2 2 0 5000000 -15000000 4 0 3 0 -10000000 25000000 4 1 1 1 -5000000 10000000 7 0 1 2 3 7 9 14
FANOUT 0 11 1 0 1 1 -25000000 30000000 1 1 0 1 20000000 20000000 1 2 0 1 -25000000 -5000000 1 3 1 1 -20000000 -25000000 1 4 0 1 20000000 30000000 1 5 0 1 15000000 15000000 1 6 0 1 -30000000 10000000 1 7 2 0 -30000000 30000000 1 8 1 1 5000000 -20000000 2 0 2 1 -15000000 5000000 2 1 2 1 30000000 0 5 0 8 3 9 10
FANOUT 1 11 1 0 1 1 -25000000 30000000 1 1 0 1 20000000 20000000 1 2 0 1 -25000000 -5000000 1 3 1 1 -20000000 -25000000 1 4 0 1 20000000 30000000 1 5 0 1 15000000 15000000 1 6 0 1 -30000000 10000000 1 7 2 0 -30000000 30000000 1 8 1 1 5000000 -20000000 2 0 2 1 -15000000 5000000 2 1 2 1 30000000 0 5 3 8 0 9 10
FANOUT 2 11 1 0 1 1 -25000000 30000000 1 1 0 1 20000000 20000000 1 2 0 1 -25000000 -5000000 1 3 1 1 -20000000 -25000000 1 4 0 1 20000000 30000000 1 5 0 1 15000000 15000000 1 6 0 1 -30000000 10000000 1 7 2 0 -30000000 30000000 1 8 1 1 5000000 -20000000 2 0 2 1 -15000000 5000000 2 1 2 1 30000000 0 5 3 8 0 9 10
FANOUT 3 11 1 0 1 1 -25000000 30000000 1 1 0 1 20000000 20000000 1 2 0 1 -25000000 -5000000 1 3 1 1 -20000000 -25000000 1 4 0 1 20000000 30000000 1 5 0 1 15000000 15000000 1 6 0 1 -30000000 10000000 1 7 2 0 -30000000 30000000 1 8 1 1 5000000 -20000000 2 0 2 1 -15000000 5000000 2 1 2 1 30000000 0 5 0 3 8 9 10
FANOUT 4 11 1 0 1 1 -25000000 30000000 1 1 0 1 20000000 20000000 1 2 0 1 -25000000 -5000000 1 3 1 1 -20000000 -25000000 1 4 0 1 20000000 30000000 1 5 0 1 15000000 15000000 1 6 0 1 -30000000 10000000 1 7 2 0 -30000000 30000000 1 8 1 1 5000000 -20000000 2 0 2 1 -15000000 5000000 2 1 2 1 30000000 0 5 0 3 8 9 10
FANOUT 0 23 1 0 0 1 -25000000 25000000 1 1 0 1 15000000 5000000 1 2 2 1 10000000 -25000000 1 3 2 1 -20000000 -20000000 1 4 3 1 -5000000 10000000 1 5 0 1 25000000 -20000000 2 0 3 1 30000000 0 2 1 2 1 20000000 15000000 2 2 1 1 -15000000 -30000000 3 0 2 0 -20000000 -10000000 3 1 2 1 -20000000 -25000000 3 2 0 1 0 15000000 3 3 3 1 30000000 -30000000 3 4 3 1 0 10000000 3 5 3 1 -30000000 -5000000 3 6 2 1 -30000000 -10000000 3 7 2 1 -25000000 -5000000 3 8 3 0 15000000 -15000000 4 0 0 1 -5000000 -10000000 4 1 1 1 -25000000 -20000000 4 2 0 1 0 15000000 5 0 0 1 -5000000 5000000 5 1 1 1 -30000000 5000000 14 12 13 14 15 10 16 4 2 3 8 7 6 19 22
FANOUT 1 23 1 0 0 1 -25000000 25000000 1 1 0 1 15000000 5000000 1 2 2 1 10000000 -25000000 1 3 2 1 -20000000 -20000000 1 4 3 1 -5000000 10000000 1 5 0 1 25000000 -20000000 2 0 3 1 30000000 0 2 1 2 1 20000000 15000000 2 2 1 1 -15000000 -30000000 3 0 2 0 -20000000 -10000000 3 1 2 1 -20000000 -25000000 3 2 0 1 0 15000000 3 3 3 1 30000000 -30000000 3 4 3 1 0 10000000 3 5 3 1 -30000000 -5000000 3 6 2 1 -30000000 -10000000 3 7 2 1 -25000000 -5000000 3 8 3 0 15000000 -15000000 4 0 0 1 -5000000 -10000000 4 1 1 1 -25000000 -20000000 4 2 0 1 0 15000000 5 0 0 1 -5000000 5000000 5 1 1 1 -30000000 5000000 14 16 10 15 14 13 12 3 2 4 6 7 8 19 22
FANOUT 2 23 1 0 0 1 -25000000 25000000 1 1 0 1 15000000 5000000 1 2 2 1 10000000 -25000000 1 3 2 1 -20000000 -20000000 1 4 3 1 -5000000 10000000 1 5 0 1 25000000 -20000000 2 0 3 1 30000000 0 2 1 2 1 20000000 15000000 2 2 1 1 -15000000 -30000000 3 0 2 0 -20000000 -10000000 3 1 2 1 -20000000 -25000000 3 2 0 1 0 15000000 3 3 3 1 30000000 -30000000 3 4 3 1 0 10000000 3 5 3 1 -30000000 -5000000 3 6 2 1 -30000000 -10000000 3 7 2 1 -25000000 -5000000 3 8 3 0 15000000 -15000000 4 0 0 1 -5000000 -10000000 4 1 1 1 -25000000 -20000000 4 2 0 1 0 15000000 5 0 0 1 -5000000 5000000 5 1 1 1 -30000000 5000000 14 10 13 15 16 12 14 3 4 2 8 6 7 19 22
FANOUT 3 23 1 0 0 1 -25000000 25000000 1 1 0 1 15000000 5000000 1 2 2 1 10000000 -25000000 1 3 2 1 -20000000 -20000000 1 4 3 1 -5000000 10000000 1 5 0 1 25000000 -20000000 2 0 3 1 30000000 0 2 1 2 1 20000000 15000000 2 2 1 1 -15000000 -30000000 3 0 2 0 -20000000 -10000000 3 1 2 1 -20000000 -25000000 3 2 0 1 0 15000000 3 3 3 1 30000000 -30000000 3 4 3 1 0 10000000 3 5 3 1 -30000000 -5000000 3 6 2 1 -30000000 -10000000 3 7 2 1 -25000000 -5000000 3 8 3 0 15000000 -15000000 4 0 0 1 -5000000 -10000000 4 1 1 1 -25000000 -20000000 4 2 0 1 0 15000000 5 0 0 1 -5000000 5000000 5 1 1 1 -30000000 5000000 14 15 14 16 10 13 12 3 4 2 8 6 7 19 22
FANOUT 4 23 1 0 0 1 -25000000 25000000 1 1 0 1 15000000 5000000 1 2 2 1 10000000 -25000000 1 3 2 1 -20000000 -20000000 1 4 3 1 -5000000 10000000 1 5 0 1 25000000 -20000000 2 0 3 1 30000000 0 2 1 2 1 20000000 15000000 2 2 1 1 -15000000 -30000000 3 0 2 0 -20000000 -10000000 3 1 2 1 -20000000 -25000000 3 2 0 1 0 15000000 3 3 3 1 30000000 -30000000 3 4 3 1 0 10000000 3 5 3 1 -30000000 -5000000 3 6 2 1 -30000000 -10000000 3 7 2 1 -25000000 -5000000 3 8 3 0 15000000 -15000000 4 0 0 1 -5000000 -10000000 4 1 1 1 -25000000 -20000000 4 2 0 1 0 15000000 5 0 0 1 -5000000 5000000 5 1 1 1 -30000000 5000000 14 10 12 13 14 15 16 2 3 4 6 7 8 19 22
FANOUT 0 30 1 0 3 1 -30000000 25000000 1 1 0 1 30000000 5000000 1 2 3 1 15000000 5000000 1 3 1 1 -10000000 -25000000 1 4 3 0 -10000000 30000000 1 5 3 1 5000000 -20000000 1 6 0 1 -10000000 -5000000 1 7 0 1 -20000000 5000000 2 0 1 1 -10000000 -30000000 2 1 1 1 10000000 10000000 2 2 3 1 25000000 10000000 3 0 0 1 -5000000 0 3 1 1 1 -25000000 25000000 3 2 2 1 -30000000 10000000 3 3 0 1 -30000000 15000000 3 4 2 1 15000000 -25000000 3 5 0 1 25000000 0 3 6 2 1 10000000 -30000000 4 0 1 1 30000000 -5000000 5 0 0 0 5000000 5000000 5 1 2 1 -10000000 -5000000 5 2 0 0 -5000000 15000000 5 3 2 1 5000000 -5000000 5 4 1 1 -20000000 10000000 5 5 1 1 -20000000 20000000 6 0 3 1 20000000 -15000000 6 1 1 1 -20000000 -15000000 6 2 3 1 15000000 -20000000 6 3 2 1 15000000 -5000000 6 4 1 1 -30000000 -10000000 21 29 25 26 28 27 0 2 3 5 12 17 15 13 22 24 20 23 8 10 9 18
FANOUT 1 30 1 0 3 1 -30000000 25000000 1 1 0 1 30000000 5000000 1 2 3 1 15000000 5000000 1 3 1 1 -10000000 -25000000 1 4 3 0 -10000000 30000000 1 5 3 1 5000000 -20000000 1 6 0 1 -10000000 -5000000 1 7 0 1 -20000000 5000000 2 0 1 1 -10000000 -30000000 2 1 1 1 10000000 10000000 2 2 3 1 25000000 10000000 3 0 0 1 -5000000 0 3 1 1 1 -25000000 25000000 3 2 2 1 -30000000 10000000 3 3 0 1 -30000000 15000000 3 4 2 1 15000000 -25000000 3 5 0 1 25000000 0 3 6 2 1 10000000 -30000000 4 0 1 1 30000000 -5000000 5 0 0 0 5000000 5000000 5 1 2 1 -10000000 -5000000 5 2 0 0 -5000000 15000000 5 3 2 1 5000000 -5000000 5 4 1 1 -20000000 10000000 5 5 1 1 -20000000 20000000 6 0 3 1 20000000 -15000000 6 1 1 1 -20000000 -15000000 6 2 3 1 15000000 -20000000 6 3 2 1 15000000 -5000000 6 4 1 1 -30000000 -10000000 21 27 28 25 26 29 5 2 3 0 13 15 17 12 20 23 24 22 9 10 8 18
FANOUT 2 30 1 0 3 1 -30000000 25000000 1 1 0 1 30000000 5000000 1 2 3 1 15000000 5000000 1 3 1 1 -10000000 -25000000 1 4 3 0 -10000000 30000000 1 5 3 1 5000000 -20000000 1 6 0 1 -10000000 -5000000 1 7 0 1 -20000000 5000000 2 0 1 1 -10000000 -30000000 2 1 1 1 10000000 10000000 2 2 3 1 25000000 10000000 3 0 0 1 -5000000 0 3 1 1 1 -25000000 25000000 3 2 2 1 -30000000 10000000 3 3 0 1 -30000000 15000000 3 4 2 1 15000000 -25000000 3 5 0 1 25000000 0 3 6 2 1 10000000 -30000000 4 0 1 1 30000000 -5000000 5 0 0 0 5000000 5000000 5 1 2 1 -10000000 -5000000 5 2 0 0 -5000000 15000000 5 3 2 1 5000000 -5000000 5 4 1 1 -20000000 10000000 5 5 1 1 -20000000 20000000 6 0 3 1 20000000 -15000000 6 1 1 1 -20000000 -15000000 6 2 3 1 15000000 -20000000 6 3 2 1 15000000 -5000000 6 4 1 1 -30000000 -10000000 21 25 27 28 26 29 3 5 2 0 12 15 17 13 24 22 23 20 8 10 9 18
FANOUT 3 30 1 0 3 1 -30000000 25000000 1 1 0 1 30000000 5000000 1 2 3 1 15000000 5000000 1 3 1 1 -10000000 -25000000 1 4 3 0 -10000000 30000000 1 5 3 1 5000000 -20000000 1 6 0 1 -10000000 -5000000 1 7 0 1 -20000000 5000000 2 0 1 1 -10000000 -30000000 2 1 1 1 10000000 10000000 2 2 3 1 25000000 10000000 3 0 0 1 -5000000 0 3 1 1 1 -25000000 25000000 3 2 2 1 -30000000 10000000 3 3 0 1 -30000000 15000000 3 4 2 1 15000000 -25000000 3 5 0 1 25000000 0 3 6 2 1 10000000 -30000000 4 0 1 1 30000000 -5000000 5 0 0 0 5000000 5000000 5 1 2 1 -10000000 -5000000 5 2 0 0 -5000000 15000000 5 3 2 1 5000000 -5000000 5 4 1 1 -20000000 10000000 5 5 1 1 -20000000 20000000 6 0 3 1 20000000 -15000000 6 1 1 1 -20000000 -15000000 6 2 3 1 15000000 -20000000 6 3 2 1 15000000 -5000000 6 4 1 1 -30000000 -10000000 21 28 25 27 26 29 5 2 0 3 13 15 17 12 22 23 20 24 8 9 10 18
FANOUT 4 30 1 0 3 1 -30000000 25000000 1 1 0 1 30000000 5000000 1 2 3 1 15000000 5000000 1 3 1 1 -10000000 -25000000 1 4 3 0 -10000000 30000000 1 5 3 1 5000000 -20000000 1 6 0 1 -10000000 -5000000 1 7 0 1 -20000000 5000000 2 0 1 1 -10000000 -30000000 2 1 1 1 10000000 10000000 2 2 3 1 25000000 10000000 3 0 0 1 -5000000 0 3 1 1 1 -25000000 25000000 3 2 2 1 -30000000 10000000 3 3 0 1 -30000000 15000000 3 4 2 1 15000000 -25000000 3 5 0 1 25000000 0 3 6 2 1 10000000 -30000000 4 0 1 1 30000000 -5000000 5 0 0 0 5000000 5000000 5 1 2 1 -10000000 -5000000 5 2 0 0 -5000000 15000000 5 3 2 1 5000000 -5000000 5 4 1 1 -20000000 10000000 5 5 1 1 -20000000 20000000 6 0 3 1 20000000 -15000000 6 1 1 1 -20000000 -15000000 6 2 3 1 15000000 -20000000 6 3 2 1 15000000 -5000000 6 4 1 1 -30000000 -10000000 21 25 26 27 28 29 0 2 3 5 12 13 15 17 20 22 23 24 8 9 10 18
FANOUT 0 37 1 0 3 1 30000000 10000000 1 1 0 1 30000000 -5000000 1 2 1 1 -15000000 -20000000 1 3 0 0 -30000000 20000000 1 4 2 1 0 10000000 1 5 1 1 -10000000 -30000000 1 6 0 0 -10000000 20000000 2 0 1 1 0 -30000000 2 1 0 1 30000000 25000000 2 2 2 1 -20000000 -15000000 3 0 1 1 -20000000 15000000 3 1 2 1 20000000 -30000000 3 2 1 1 10000000 0 3 3 3 0 -10000000 0 3 4 0 1 10000000 -30000000 3 5 1 1 15000000 -30000000 3 6 3 1 20000000 25000000 3 7 2 0 15000000 15000000 4 0 1 1 -10000000 -5000000 4 1 3 1 -10000000 -5000000 4 2 2 1 -20000000 0 4 3 0 1 -5000000 15000000 5 0 1 0 -10000000 30000000 5 1 1 1 10000000 15000000 5 2 1 1 10000000 30000000 5 3 2 1 -5000000 10000000 5 4 2 1 0 -25000000 6 0 2 0 10000000 -5000000 6 1 2 1 -15000000 -10000000 6 2 1 1 15000000 25000000 6 3 2 1 20000000 0 6 4 1 1 25000000 5000000 7 0 3 1 15000000 -30000000 7 1 3 1 -10000000 -5000000 7 2 3 1 0 20000000 7 3 3 0 20000000 -20000000 7 4 0 1 30000000 -15000000 25 10 16 11 15 12 0 5 2 4 26 24 23 25 28 29 31 30 20 18 19 32 34 33 7 9
FANOUT 1 37 1 0 3 1 30000000 10000000 1 1 0 1 30000000 -5000000 1 2 1 1 -15000000 -20000000 1 3 0 0 -30000000 20000000 1 4 2 1 0 10000000 1 5 1 1 -10000000 -30000000 1 6 0 0 -10000000 20000000 2 0 1 1 0 -30000000 2 1 0 1 30000000 25000000 2 2 2 1 -20000000 -15000000 3 0 1 1 -20000000 15000000 3 1 2 1 20000000 -30000000 3 2 1 1 10000000 0 3 3 3 0 -10000000 0 3 4 0 1 10000000 -30000000 3 5 1 1 15000000 -30000000 3 6 3 1 20000000 25000000 3 7 2 0 15000000 15000000 4 0 1 1 -10000000 -5000000 4 1 3 1 -10000000 -5000000 4 2 2 1 -20000000 0 4 3 0 1 -5000000 15000000 5 0 1 0 -10000000 30000000 5 1 1 1 10000000 15000000 5 2 1 1 10000000 30000000 5 3 2 1 -5000000 10000000 5 4 2 1 0 -25000000 6 0 2 0 10000000 -5000000 6 1 2 1 -15000000 -10000000 6 2 1 1 15000000 25000000 6 3 2 1 20000000 0 6 4 1 1 25000000 5000000 7 0 3 1 15000000 -30000000 7 1 3 1 -10000000 -5000000 7 2 3 1 0 20000000 7 3 3 0 20000000 -20000000 7 4 0 1 30000000 -15000000 25 12 15 11 16 10 4 2 5 0 25 23 24 26 30 31 29 28 18 19 20 33 34 32 7 9
FANOUT 2 37 1 0 3 1 30000000 10000000 1 1 0 1 30000000 -5000000 1 2 1 1 -15000000 -20000000 1 3 0 0 -30000000 20000000 1 4 2 1 0 10000000 1 5 1 1 -10000000 -30000000 1 6 0 0 -10000000 20000000 2 0 1 1 0 -30000000 2 1 0 1 30000000 25000000 2 2 2 1 -20000000 -15000000 3 0 1 1 -20000000 15000000 3 1 2 1 20000000 -30000000 3 2 1 1 10000000 0 3 3 3 0 -10000000 0 3 4 0 1 10000000 -30000000 3 5 1 1 15000000 -30000000 3 6 3 1 20000000 25000000 3 7 2 0 15000000 15000000 4 0 1 1 -10000000 -5000000 4 1 3 1 -10000000 -5000000 4 2 2 1 -20000000 0 4 3 0 1 -5000000 15000000 5 0 1 0 -10000000 30000000 5 1 1 1 10000000 15000000 5 2 1 1 10000000 30000000 5 3 2 1 -5000000 10000000 5 4 2 1 0 -25000000 6 0 2 0 10000000 -5000000 6 1 2 1 -15000000 -10000000 6 2 1 1 15000000 25000000 6 3 2 1 20000000 0 6 4 1 1 25000000 5000000 7 0 3 1 15000000 -30000000 7 1 3 1 -10000000 -5000000 7 2 3 1 0 20000000 7 3 3 0 20000000 -20000000 7 4 0 1 30000000 -15000000 25 12 15 10 16 11 4 5 2 0 25 24 23 26 28 29 30 31 19 20 18 33 32 34 9 7
FANOUT 3 37 1 0 3 1 30000000 10000000 1 1 0 1 30000000 -5000000 1 2 1 1 -15000000 -20000000 1 3 0 0 -30000000 20000000 1 4 2 1 0 10000000 1 5 1 1 -10000000 -30000000 1 6 0 0 -10000000 20000000 2 0 1 1 0 -30000000 2 1 0 1 30000000 25000000 2 2 2 1 -20000000 -15000000 3 0 1 1 -20000000 15000000 3 1 2 1 20000000 -30000000 3 2 1 1 10000000 0 3 3 3 0 -10000000 0 3 4 0 1 10000000 -30000000 3 5 1 1 15000000 -30000000 3 6 3 1 20000000 25000000 3 7 2 0 15000000 15000000 4 0 1 1 -10000000 -5000000 4 1 3 1 -10000000 -5000000 4 2 2 1 -20000000 0 4 3 0 1 -5000000 15000000 5 0 1 0 -10000000 30000000 5 1 1 1 10000000 15000000 5 2 1 1 10000000 30000000 5 3 2 1 -5000000 10000000 5 4 2 1 0 -25000000 6 0 2 0 10000000 -5000000 6 1 2 1 -15000000 -10000000 6 2 1 1 15000000 25000000 6 3 2 1 20000000 0 6 4 1 1 25000000 5000000 7 0 3 1 15000000 -30000000 7 1 3 1 -10000000 -5000000 7 2 3 1 0 20000000 7 3 3 0 20000000 -20000000 7 4 0 1 30000000 -15000000 25 12 15 16 11 10 2 4 5 0 23 25 26 24 28 29 30 31 18 19 20 33 34 32 9 7
FANOUT 4 37 1 0 3 1 30000000 10000000 1 1 0 1 30000000 -5000000 1 2 1 1 -15000000 -20000000 1 3 0 0 -30000000 20000000 1 4 2 1 0 10000000 1 5 1 1 -10000000 -30000000 1 6 0 0 -10000000 20000000 2 0 1 1 0 -30000000 2 1 0 1 30000000 25000000 2 2 2 1 -20000000 -15000000 3 0 1 1 -20000000 15000000 3 1 2 1 20000000 -30000000 3 2 1 1 10000000 0 3 3 3 0 -10000000 0 3 4 0 1 10000000 -30000000 3 5 1 1 15000000 -30000000 3 6 3 1 20000000 25000000 3 7 2 0 15000000 15000000 4 0 1 1 -10000000 -5000000 4 1 3 1 -10000000 -5000000 4 2 2 1 -20000000 0 4 3 0 1 -5000000 15000000 5 0 1 0 -10000000 30000000 5 1 1 1 10000000 15000000 5 2 1 1 10000000 30000000 5 3 2 1 -5000000 10000000 5 4 2 1 0 -25000000 6 0 2 0 10000000 -5000000 6 1 2 1 -15000000 -10000000 6 2 1 1 15000000 25000000 6 3 2 1 20000000 0 6 4 1 1 25000000 5000000 7 0 3 1 15000000 -30000000 7 1 3 1 -10000000 -5000000 7 2 3 1 0 20000000 7 3 3 0 20000000 -20000000 7 4 0 1 30000000 -15000000 25 10 11 12 15 16 0 2 4 5 23 24 25 26 28 29 30 31 18 19 20 32 33 34 7 9
FANOUT 0 8 1 0 3 1 15000000 -5000000 1 1 0 1 -30000000 -30000000 1 2 0 1 5000000 -20000000 1 3 0 1 20000000 -15000000 1 4 0 1 25000000 -5000000 1 5 3 1 30000000 20000000 2 0 1 1 25000000 -25000000 2 1 3 1 -10000000 -30000000 4 0 5 6 7
FANOUT 1 8 1 0 3 1 15000000 -5000000 1 1 0 1 -30000000 -30000000 1 2 0 1 5000000 -20000000 1 3 0 1 20000000 -15000000 1 4 0 1 25000000 -5000000 1 5 3 1 30000000 20000000 2 0 1 1 25000000 -25000000 2 1 3 1 -10000000 -30000000 4 0 5 6 7
FANOUT 2 8 1 0 3 1 15000000 -5000000 1 1 0 1 -30000000 -30000000 1 2 0 1 5000000 -20000000 1 3 0 1 20000000 -15000000 1 4 0 1 25000000 -5000000 1 5 3 1 30000000 20000000 2 0 1 1 25000000 -25000000 2 1 3 1 -10000000 -30000000 4 0 5 7 6
FANOUT 3 8 1 0 3 1 15000000 -5000000 1 1 0 1 -30000000 -30000000 1 2 0 1 5000000 -20000000 1 3 0 1 20000000 -15000000 1 4 0 1 25000000 -5000000 1 5 3 1 30000000 20000000 2 0 1 1 25000000 -25000000 2 1 3 1 -10000000 -30000000 4 0 5 6 7
FANOUT 4 8 1 0 3 1 15000000 -5000000 1 1 0 1 -30000000 -30000000 1 2 0 1 5000000 -20000000 1 3 0 1 20000000 -15000000 1 4 0 1 25000000 -5000000 1 5 3 1 30000000 20000000 2 0 1 1 25000000 -25000000 2 1 3 1 -10000000 -30000000 4 0 5 6 7
FANOUT 0 16 1 0 1 1 0 -25000000 1 1 3 1 25000000 15000000 1 2 3 1 -30000000 -20000000 1 3 3 1 10000000 30000000 1 4 2 1 5000000 -15000000 1 5 3 1 20000000 -20000000 1 6 3 1 -15000000 -25000000 1 7 0 1 0 0 2 0 2 1 -15000000 -25000000 2 1 2 1 30000000 -15000000 2 2 1 1 -5000000 10000000 2 3 2 1 -20000000 -25000000 3 0 3 1 30000000 -30000000 3 1 3 0 -5000000 -25000000 3 2 3 1 -25000000 -5000000 3 3 0 1 -20000000 -30000000 13 3 2 1 6 5 0 4 9 10 11 8 12 14
FANOUT 1 16 1 0 1 1 0 -25000000 1 1 3 1 25000000 15000000 1 2 3 1 -30000000 -20000000 1 3 3 1 10000000 30000000 1 4 2 1 5000000 -15000000 1 5 3 1 20000000 -20000000 1 6 3 1 -15000000 -25000000 1 7 0 1 0 0 2 0 2 1 -15000000 -25000000 2 1 2 1 30000000 -15000000 2 2 1 1 -5000000 10000000 2 3 2 1 -20000000 -25000000 3 0 3 1 30000000 -30000000 3 1 3 0 -5000000 -25000000 3 2 3 1 -25000000 -5000000 3 3 0 1 -20000000 -30000000 13 4 0 5 6 1 2 3 8 11 10 9 12 14
FANOUT 2 16 1 0 1 1 0 -25000000 1 1 3 1 25000000 15000000 1 2 3 1 -30000000 -20000000 1 3 3 1 10000000 30000000 1 4 2 1 5000000 -15000000 1 5 3 1 20000000 -20000000 1 6 3 1 -15000000 -25000000 1 7 0 1 0 0 2 0 2 1 -15000000 -25000000 2 1 2 1 30000000 -15000000 2 2 1 1 -5000000 10000000 2 3 2 1 -20000000 -25000000 3 0 3 1 30000000 -30000000 3 1 3 0 -5000000 -25000000 3 2 3 1 -25000000 -5000000 3 3 0 1 -20000000 -30000000 13 6 5 2 1 3 4 0 8 11 9 10 12 14
FANOUT 3 16 1 0 1 1 0 -25000000 1 1 3 1 25000000 15000000 1 2 3 1 -30000000 -20000000 1 3 3 1 10000000 30000000 1 4 2 1 5000000 -15000000 1 5 3 1 20000000 -20000000 1 6 3 1 -15000000 -25000000 1 7 0 1 0 0 2 0 2 1 -15000000 -25000000 2 1 2 1 30000000 -15000000 2 2 1 1 -5000000 10000000 2 3 2 1 -20000000 -25000000 3 0 3 1 30000000 -30000000 3 1 3 0 -5000000 -25000000 3 2 3 1 -25000000 -5000000 3 3 0 1 -20000000 -30000000 13 0 2 6 5 4 1 3 8 11 9 10 12 14
FANOUT 4 16 1 0 1 1 0 -25000000 1 1 3 1 25000000 15000000 1 2 3 1 -30000000 -20000000 1 3 3 1 10000000 30000000 1 4 2 1 5000000 -15000000 1 5 3 1 20000000 -20000000 1 6 3 1 -15000000 -25000000 1 7 0 1 0 0 2 0 2 1 -15000000 -25000000 2 1 2 1 30000000 -15000000 2 2 1 1 -5000000 10000000 2 3 2 1 -20000000 -25000000 3 0 3 1 30000000 -30000000 3 1 3 0 -5000000 -25000000 3 2 3 1 -25000000 -5000000 3 3 0 1 -20000000 -30000000 13 0 1 2 3 4 5 6 8 9 10 11 12 14
FANOUT 0 34 1 0 3 1 10000000 20000000 1 1 1 1 15000000 30000000 2 0 3 1 -15000000 -10000000 3 0 3 1 -5000000 20000000 3 1 1 1 15000000 -5000000 3 2 0 0 0 30000000 3 3 0 1 -20000000 -25000000 3 4 2 0 20000000 25000000 4 0 0 1 15000000 -30000000 4 1 1 1 0 -25000000 4 2 1 1 -15000000 15000000 4 3 2 1 -10000000 30000000 4 4 2 1 20000000 15000000 5 0 2 1 15000000 -20000000 5 1 0 1 30000000 -30000000 5 2 0 1 -30000000 25000000 5 3 0 1 -5000000 20000000 5 4 2 1 -25000000 -15000000 5 5 2 1 15000000 -25000000 5 6 1 1 -15000000 20000000 6 0 1 1 25000000 -20000000 6 1 1 1 5000000 -20000000 6 2 0 1 -25000000 5000000 6 3 1 1 20000000 -5000000 6 4 1 0 20000000 10000000 7 0 3 1 5000000 -30000000 7 1 0 1 -15000000 15000000 7 2 1 1 25000000 -30000000 7 3 0 1 -20000000 10000000 7 4 1 1 -5000000 -10000000 7 5 0 1 0 0 7 6 0 1 30000000 0 7 7 1 1 -5000000 5000000 7 8 2 0 -25000000 -20000000 20 9 11 12 10 19 17 18 13 27 32 25 29 21 23 20 0 1 3 4 2
FANOUT 1 34 1 0 3 1 10000000 20000000 1 1 1 1 15000000 30000000 2 0 3 1 -15000000 -10000000 3 0 3 1 -5000000 20000000 3 1 1 1 15000000 -5000000 3 2 0 0 0 30000000 3 3 0 1 -20000000 -25000000 3 4 2 0 20000000 25000000 4 0 0 1 15000000 -30000000 4 1 1 1 0 -25000000 4 2 1 1 -15000000 15000000 4 3 2 1 -10000000 30000000 4 4 2 1 20000000 15000000 5 0 2 1 15000000 -20000000 5 1 0 1 30000000 -30000000 5 2 0 1 -30000000 25000000 5 3 0 1 -5000000 20000000 5 4 2 1 -25000000 -15000000 5 5 2 1 15000000 -25000000 5 6 1 1 -15000000 20000000 6 0 1 1 25000000 -20000000 6 1 1 1 5000000 -20000000 6 2 0 1 -25000000 5000000 6 3 1 1 20000000 -5000000 6 4 1 0 20000000 10000000 7 0 3 1 5000000 -30000000 7 1 0 1 -15000000 15000000 7 2 1 1 25000000 -30000000 7 3 0 1 -20000000 10000000 7 4 1 1 -5000000 -10000000 7 5 0 1 0 0 7 6 0 1 30000000 0 7 7 1 1 -5000000 5000000 7 8 2 0 -25000000 -20000000 20 10 12 11 9 13 17 18 19 29 25 32 27 20 23 21 0 1 3 4 2
FANOUT 2 34 1 0 3 1 10000000 20000000 1 1 1 1 15000000 30000000 2 0 3 1 -15000000 -10000000 3 0 3 1 -5000000 20000000 3 1 1 1 15000000 -5000000 3 2 0 0 0 30000000 3 3 0 1 -20000000 -25000000 3 4 2 0 20000000 25000000 4 0 0 1 15000000 -30000000 4 1 1 1 0 -25000000 4 2 1 1 -15000000 15000000 4 3 2 1 -10000000 30000000 4 4 2 1 20000000 15000000 5 0 2 1 15000000 -20000000 5 1 0 1 30000000 -30000000 5 2 0 1 -30000000 25000000 5 3 0 1 -5000000 20000000 5 4 2 1 -25000000 -15000000 5 5 2 1 15000000 -25000000 5 6 1 1 -15000000 20000000 6 0 1 1 25000000 -20000000 6 1 1 1 5000000 -20000000 6 2 0 1 -25000000 5000000 6 3 1 1 20000000 -5000000 6 4 1 0 20000000 10000000 7 0 3 1 5000000 -30000000 7 1 0 1 -15000000 15000000 7 2 1 1 25000000 -30000000 7 3 0 1 -20000000 10000000 7 4 1 1 -5000000 -10000000 7 5 0 1 0 0 7 6 0 1 30000000 0 7 7 1 1 -5000000 5000000 7 8 2 0 -25000000 -20000000 20 10 9 12 11 13 17 18 19 27 29 32 25 23 21 20 0 1 4 3 2
FANOUT 3 34 1 0 3 1 10000000 20000000 1 1 1 1 15000000 30000000 2 0 3 1 -15000000 -10000000 3 0 3 1 -5000000 20000000 3 1 1 1 15000000 -5000000 3 2 0 0 0 30000000 3 3 0 1 -20000000 -25000000 3 4 2 0 20000000 25000000 4 0 0 1 15000000 -30000000 4 1 1 1 0 -25000000 4 2 1 1 -15000000 15000000 4 3 2 1 -10000000 30000000 4 4 2 1 20000000 15000000 5 0 2 1 15000000 -20000000 5 1 0 1 30000000 -30000000 5 2 0 1 -30000000 25000000 5 3 0 1 -5000000 20000000 5 4 2 1 -25000000 -15000000 5 5 2 1 15000000 -25000000 5 6 1 1 -15000000 20000000 6 0 1 1 25000000 -20000000 6 1 1 1 5000000 -20000000 6 2 0 1 -25000000 5000000 6 3 1 1 20000000 -5000000 6 4 1 0 20000000 10000000 7 0 3 1 5000000 -30000000 7 1 0 1 -15000000 15000000 7 2 1 1 25000000 -30000000 7 3 0 1 -20000000 10000000 7 4 1 1 -5000000 -10000000 7 5 0 1 0 0 7 6 0 1 30000000 0 7 7 1 1 -5000000 5000000 7 8 2 0 -25000000 -20000000 20 9 10 11 12 13 18 19 17 25 32 27 29 21 20 23 0 1 3 4 2
FANOUT 4 34 1 0 3 1 10000000 20000000 1 1 1 1 15000000 30000000 2 0 3 1 -15000000 -10000000 3 0 3 1 -5000000 20000000 3 1 1 1 15000000 -5000000 3 2 0 0 0 30000000 3 3 0 1 -20000000 -25000000 3 4 2 0 20000000 25000000 4 0 0 1 15000000 -30000000 4 1 1 1 0 -25000000 4 2 1 1 -15000000 15000000 4 3 2 1 -10000000 30000000 4 4 2 1 20000000 15000000 5 0 2 1 15000000 -20000000 5 1 0 1 30000000 -30000000 5 2 0 1 -30000000 25000000 5 3 0 1 -5000000 20000000 5 4 2 1 -25000000 -15000000 5 5 2 1 15000000 -25000000 5 6 1 1 -15000000 20000000 6 0 1 1 25000000 -20000000 6 1 1 1 5000000 -20000000 6 2 0 1 -25000000 5000000 6 3 1 1 20000000 -5000000 6 4 1 0 20000000 10000000 7 0 3 1 5000000 -30000000 7 1 0 1 -15000000 15000000 7 2 1 1 25000000 -30000000 7 3 0 1 -20000000 10000000 7 4 1 1 -5000000 -10000000 7 5 0 1 0 0 7 6 0 1 30000000 0 7 7 1 1 -5000000 5000000 7 8 2 0 -25000000 -20000000 20 9 10 11 12 13 17 18 19 25 27 29 32 20 21 23 0 1 3 4 2
FANOUT 0 7 1 0 0 1 -25000000 -5000000 1 1 0 1 -10000000 15000000 1 2 2 1 15000000 10000000 1 3 2 1 -20000000 20000000 1 4 1 1 -10000000 0 1 5 2 1 -10000000 10000000 1 6 1 1 -5000000 30000000 5 2 6 3 4 5
FANOUT 1 7 1 0 0 1 -25000000 -5000000 1 1 0 1 -10000000 15000000 1 2 2 1 15000000 10000000 1 3 2 1 -20000000 20000000 1 4 1 1 -10000000 0 1 5 2 1 -10000000 10000000 1 6 1 1 -5000000 30000000 5 5 4 3 6 2
FANOUT 2 7 1 0 0 1 -25000000 -5000000 1 1 0 1 -10000000 15000000 1 2 2 1 15000000 10000000 1 3 2 1 -20000000 20000000 1 4 1 1 -10000000 0 1 5 2 1 -10000000 10000000 1 6 1 1 -5000000 30000000 5 3 5 2 4 6
FANOUT 3 7 1 0 0 1 -25000000 -5000000 1 1 0 1 -10000000 15000000 1 2 2 1 15000000 10000000 1 3 2 1 -20000000 20000000 1 4 1 1 -10000000 0 1 5 2 1 -10000000 10000000 1 6 1 1 -5000000 30000000 5 3 5 4 6 2
FANOUT 4 7 1 0 0 1 -25000000 -5000000 1 1 0 1 -10000000 15000000 1 2 2 1 15000000 10000000 1 3 2 1 -20000000 20000000 1 4 1 1 -10000000 0 1 5 2 1 -10000000 10000000 1 6 1 1 -5000000 30000000 5 2 3 4 5 6
FANOUT 0 19 1 0 2 0 -30000000 5000000 1 1 1 0 15000000 -20000000 2 0 3 1 -20000000 0 2 1 0 1 -20000000 -30000000 2 2 2 1 -15000000 20000000 2 3 0 1 -5000000 -15000000 2 4 0 1 15000000 20000000 2 5 3 1 -25000000 -30000000 2 6 2 0 30000000 20000000 2 7 1 1 -30000000 20000000 3 0 0 0 -25000000 -20000000 3 1 1 1 15000000 -5000000 3 2 1 1 5000000 20000000 3 3 2 1 -10000000 -20000000 3 4 0 1 10000000 -10000000 3 5 0 1 -20000000 -10000000 3 6 1 1 0 15000000 3 7 1 1 5000000 20000000 3 8 1 1 15000000 15000000 10 13 11 12 17 18 16 7 4 9 2
FANOUT 1 19 1 0 2 0 -30000000 5000000 1 1 1 0 15000000 -20000000 2 0 3 1 -20000000 0 2 1 0 1 -20000000 -30000000 2 2 2 1 -15000000 20000000 2 3 0 1 -5000000 -15000000 2 4 0 1 15000000 20000000 2 5 3 1 -25000000 -30000000 2 6 2 0 30000000 20000000 2 7 1 1 -30000000 20000000 3 0 0 0 -25000000 -20000000 3 1 1 1 15000000 -5000000 3 2 1 1 5000000 20000000 3 3 2 1 -10000000 -20000000 3 4 0 1 10000000 -10000000 3 5 0 1 -20000000 -10000000 3 6 1 1 0 15000000 3 7 1 1 5000000 20000000 3 8 1 1 15000000 15000000 10 16 12 17 18 11 13 2 4 9 7
FANOUT 2 19 1 0 2 0 -30000000 5000000 1 1 1 0 15000000 -20000000 2 0 3 1 -20000000 0 2 1 0 1 -20000000 -30000000 2 2 2 1 -15000000 20000000 2 3 0 1 -5000000 -15000000 2 4 0 1 15000000 20000000 2 5 3 1 -25000000 -30000000 2 6 2 0 30000000 20000000 2 7 1 1 -30000000 20000000 3 0 0 0 -25000000 -20000000 3 1 1 1 15000000 -5000000 3 2 1 1 5000000 20000000 3 3 2 1 -10000000 -20000000 3 4 0 1 10000000 -10000000 3 5 0 1 -20000000 -10000000 3 6 1 1 0 15000000 3 7 1 1 5000000 20000000 3 8 1 1 15000000 15000000 10 12 17 16 18 11 13 4 2 7 9
FANOUT 3 19 1 0 2 0 -30000000 5000000 1 1 1 0 15000000 -20000000 2 0 3 1 -20000000 0 2 1 0 1 -20000000 -30000000 2 2 2 1 -15000000 20000000 2 3 0 1 -5000000 -15000000 2 4 0 1 15000000 20000000 2 5 3 1 -25000000 -30000000 2 6 2 0 30000000 20000000 2 7 1 1 -30000000 20000000 3 0 0 0 -25000000 -20000000 3 1 1 1 15000000 -5000000 3 2 1 1 5000000 20000000 3 3 2 1 -10000000 -20000000 3 4 0 1 10000000 -10000000 3 5 0 1 -20000000 -10000000 3 6 1 1 0 15000000 3 7 1 1 5000000 20000000 3 8 1 1 15000000 15000000 10 12 16 17 18 11 13 4 7 9 2
FANOUT 4 19 1 0 2 0 -30000000 5000000 1 1 1 0 15000000 -20000000 2 0 3 1 -20000000 0 2 1 0 1 -20000000 -30000000 2 2 2 1 -15000000 20000000 2 3 0 1 -5000000 -15000000 2 4 0 1 15000000 20000000 2 5 3 1 -25000000 -30000000 2 6 2 0 30000000 20000000 2 7 1 1 -30000000 20000000 3 0 0 0 -25000000 -20000000 3 1 1 1 15000000 -5000000 3 2 1 1 5000000 20000000 3 3 2 1 -10000000 -20000000 3 4 0 1 10000000 -10000000 3 5 0 1 -20000000 -10000000 3 6 1 1 0 15000000 3 7 1 1 5000000 20000000 3 8 1 1 15000000 15000000 10 11 12 13 16 17 18 2 4 7 9
FANOUT 0 5 1 0 2 1 -10000000 0 1 1 0 1 -10000000 -20000000 1 2 0 0 -10000000 -10000000 1 3 3 1 30000000 5000000 2 0 2 0 -30000000 5000000 2 0 3
FANOUT 1 5 1 0 2 1 -10000000 0 1 1 0 1 -10000000 -20000000 1 2 0 0 -10000000 -10000000 1 3 3 1 30000000 5000000 2 0 2 0 -30000000 5000000 2 0 3
FANOUT 2 5 1 0 2 1 -10000000 0 1 1 0 1 -10000000 -20000000 1 2 0 0 -10000000 -10000000 1 3 3 1 30000000 5000000 2 0 2 0 -30000000 5000000 2 0 3
FANOUT 3 5 1 0 2 1 -10000000 0 1 1 0 1 -10000000 -20000000 1 2 0 0 -10000000 -10000000 1 3 3 1 30000000 5000000 2 0 2 0 -30000000 5000000 2 0 3
FANOUT 4 5 1 0 2 1 -10000000 0 1 1 0 1 -10000000 -20000000 1 2 0 0 -10000000 -10000000 1 3 3 1 30000000 5000000 2 0 2 0 -30000000 5000000 2 0 3
FANOUT 0 9 1 0 2 0 25000000 -15000000 1 1 2 1 0 -10000000 1 2 1 0 20000000 25000000 1 3 2 1 30000000 10000000 2 0 0 1 -10000000 -15000000 2 1 2 0 25000000 5000000 2 2 0 0 -30000000 -25000000 3 0 3 1 25000000 -20000000 3 1 2 1 -15000000 0 4 1 3 7 8
FANOUT 1 9 1 0 2 0 25000000 -15000000 1 1 2 1 0 -10000000 1 2 1 0 20000000 25000000 1 3 2 1 30000000 10000000 2 0 0 1 -10000000 -15000000 2 1 2 0 25000000 5000000 2 2 0 0 -30000000 -25000000 3 0 3 1 25000000 -20000000 3 1 2 1 -15000000 0 4 1 3 7 8
FANOUT 2 9 1 0 2 0 25000000 -15000000 1 1 2 1 0 -10000000 1 2 1 0 20000000 25000000 1 3 2 1 30000000 10000000 2 0 0 1 -10000000 -15000000 2 1 2 0 25000000 5000000 2 2 0 0 -30000000 -25000000 3 0 3 1 25000000 -20000000 3 1 2 1 -15000000 0 4 3 1 8 7
FANOUT 3 9 1 0 2 0 25000000 -15000000 1 1 2 1 0 -10000000 1 2 1 0 20000000 25000000 1 3 2 1 30000000 10000000 2 0 0 1 -10000000 -15000000 2 1 2 0 25000000 5000000 2 2 0 0 -30000000 -25000000 3 0 3 1 25000000 -20000000 3 1 2 1 -15000000 0 4 1 3 8 7
FANOUT 4 9 1 0 2 0 25000000 -15000000 1 1 2 1 0 -10000000 1 2 1 0 20000000 25000000 1 3 2 1 30000000 10000000 2 0 0 1 -10000000 -15000000 2 1 2 0 25000000 5000000 2 2 0 0 -30000000 -25000000 3 0 3 1 25000000 -20000000 3 1 2 1 -15000000 0 4 1 3 7 8
FANOUT 0 1 1 0 0 1 0 15000000 0
FANOUT 1 1 1 0 0 1 0 15000000 0
FANOUT 2 1 1 0 0 1 0 15000000 0
FANOUT 3 1 1 0 0 1 0 15000000 0
FANOUT 4 1 1 0 0 1 0 15000000 0
FANOUT 0 4 1 0 3 0 10000000 -30000000 1 1 1 1 -25000000 30000000 1 2 3 1 15000000 -20000000 1 3 0 1 10000000 30000000 2 1 2
FANOUT 1 4 1 0 3 0 10000000 -30000000 1 1 1 1 -25000000 30000000 1 2 3 1 15000000 -20000000 1 3 0 1 10000000 30000000 2 1 2
FANOUT 2 4 1 0 3 0 10000000 -30000000 1 1 1 1 -25000000 30000000 1 2 3 1 15000000 -20000000 1 3 0 1 10000000 30000000 2 2 1
FANOUT 3 4 1 0 3 0 10000000 -30000000 1 1 1 1 -25000000 30000000 1 2 3 1 15000000 -20000000 1 3 0 1 10000000 30000000 2 1 2
FANOUT 4 4 1 0 3 0 10000000 -30000000 1 1 1 1 -25000000 30000000 1 2 3 1 15000000 -20000000 1 3 0 1 10000000 30000000 2 1 2
FANOUT 0 20 1 0 1 1 -15000000 -15000000 2 0 0 1 -10000000 15000000 2 1 3 1 30000000 -20000000 2 2 1 1 -30000000 30000000 2 3 3 1 20000000 30000000 2 4 2 1 -20000000 -25000000 2 5 1 1 -10000000 15000000 3 0 3 1 -10000000 0 3 1 2 1 -25000000 20000000 3 2 2 1 -15000000 -25000000 3 3 3 1 -5000000 5000000 4 0 0 0 15000000 0 4 1 1 0 -30000000 15000000 4 2 0 1 -30000000 -15000000 4 3 0 1 20000000 -25000000 5 0 1 0 -25000000 -20000000 5 1 2 0 30000000 -25000000 5 2 1 1 -5000000 -10000000 5 3 0 1 -20000000 -30000000 6 0 1 1 10000000 -30000000 12 2 3 5 4 6 9 8 10 7 0 17 19
FANOUT 1 20 1 0 1 1 -15000000 -15000000 2 0 0 1 -10000000 15000000 2 1 3 1 30000000 -20000000 2 2 1 1 -30000000 30000000 2 3 3 1 20000000 30000000 2 4 2 1 -20000000 -25000000 2 5 1 1 -10000000 15000000 3 0 3 1 -10000000 0 3 1 2 1 -25000000 20000000 3 2 2 1 -15000000 -25000000 3 3 3 1 -5000000 5000000 4 0 0 0 15000000 0 4 1 1 0 -30000000 15000000 4 2 0 1 -30000000 -15000000 4 3 0 1 20000000 -25000000 5 0 1 0 -25000000 -20000000 5 1 2 0 30000000 -25000000 5 2 1 1 -5000000 -10000000 5 3 0 1 -20000000 -30000000 6 0 1 1 10000000 -30000000 12 6 4 5 3 2 7 10 8 9 0 17 19
FANOUT 2 20 1 0 1 1 -15000000 -15000000 2 0 0 1 -10000000 15000000 2 1 3 1 30000000 -20000000 2 2 1 1 -30000000 30000000 2 3 3 1 20000000 30000000 2 4 2 1 -20000000 -25000000 2 5 1 1 -10000000 15000000 3 0 3 1 -10000000 0 3 1 2 1 -25000000 20000000 3 2 2 1 -15000000 -25000000 3 3 3 1 -5000000 5000000 4 0 0 0 15000000 0 4 1 1 0 -30000000 15000000 4 2 0 1 -30000000 -15000000 4 3 0 1 20000000 -25000000 5 0 1 0 -25000000 -20000000 5 1 2 0 30000000 -25000000 5 2 1 1 -5000000 -10000000 5 3 0 1 -20000000 -30000000 6 0 1 1 10000000 -30000000 12 5 3 6 4 2 9 7 10 8 0 17 19
FANOUT 3 20 1 0 1 1 -15000000 -15000000 2 0 0 1 -10000000 15000000 2 1 3 1 30000000 -20000000 2 2 1 1 -30000000 30000000 2 3 3 1 20000000 30000000 2 4 2 1 -20000000 -25000000 2 5 1 1 -10000000 15000000 3 0 3 1 -10000000 0 3 1 2 1 -25000000 20000000 3 2 2 1 -15000000 -25000000 3 3 3 1 -5000000 5000000 4 0 0 0 15000000 0 4 1 1 0 -30000000 15000000 4 2 0 1 -30000000 -15000000 4 3 0 1 20000000 -25000000 5 0 1 0 -25000000 -20000000 5 1 2 0 30000000 -25000000 5 2 1 1 -5000000 -10000000 5 3 0 1 -20000000 -30000000 6 0 1 1 10000000 -30000000 12 6 5 3 2 4 7 9 10 8 0 17 19
FANOUT 4 20 1 0 1 1 -15000000 -15000000 2 0 0 1 -10000000 15000000 2 1 3 1 30000000 -20000000 2 2 1 1 -30000000 30000000 2 3 3 1 20000000 30000000 2 4 2 1 -20000000 -25000000 2 5 1 1 -10000000 15000000 3 0 3 1 -10000000 0 3 1 2 1 -25000000 20000000 3 2 2 1 -15000000 -25000000 3 3 3 1 -5000000 5000000 4 0 0 0 15000000 0 4 1 1 0 -30000000 15000000 4 2 0 1 -30000000 -15000000 4 3 0 1 20000000 -25000000 5 0 1 0 -25000000 -20000000 5 1 2 0 30000000 -25000000 5 2 1 1 -5000000 -10000000 5 3 0 1 -20000000 -30000000 6 0 1 1 10000000 -30000000 12 2 3 4 5 6 7 8 9 10 0 17 19
FANOUT 0 3 1 0 2 1 30000000 15000000 1 1 2 1 -25000000 -20000000 1 2 0 1 -5000000 0 2 0 1
FANOUT 1 3 1 0 2 1 30000000 15000000 1 1 2 1 -25000000 -20000000 1 2 0 1 -5000000 0 2 0 1
FANOUT 2 3 1 0 2 1 30000000 15000000 1 1 2 1 -25000000 -20000000 1 2 0 1 -5000000 0 2 0 1
FANOUT 3 3 1 0 2 1 30000000 15000000 1 1 2 1 -25000000 -20000000 1 2 0 1 -5000000 0 2 0 1
FANOUT 4 3 1 0 2 1 30000000 15000000 1 1 2 1 -25000000 -20000000 1 2 0 1 -5000000 0 2 0 1
FANOUT 0 23 1 0 0 0 -20000000 30000000 1 1 2 1 25000000 15000000 2 0 3 1 -30000000 30000000 2 1 1 1 15000000 30000000 2 2 3 1 -15000000 -30000000 2 3 0 0 5000000 30000000 2 4 1 1 -5000000 20000000 2 5 3 1 0 10000000 2 6 1 1 -10000000 30000000 2 7 1 1 -25000000 -20000000 3 0 1 1 10000000 20000000 3 1 2 1 15000000 -20000000 3 2 0 1 0 -5000000 3 3 1 0 -5000000 25000000 3 4 2 1 30000000 5000000 3 5 1 1 -15000000 5000000 3 6 3 1 20000000 -25000000 4 0 1 0 25000000 30000000 4 1 2 1 -20000000 20000000 4 2 0 1 15000000 -20000000 4 3 0 1 -15000000 10000000 4 4 0 1 -30000000 -5000000 4 5 0 1 5000000 0 14 4 9 3 2 8 6 7 15 16 10 14 11 1 18
FANOUT 1 23 1 0 0 0 -20000000 30000000 1 1 2 1 25000000 15000000 2 0 3 1 -30000000 30000000 2 1 1 1 15000000 30000000 2 2 3 1 -15000000 -30000000 2 3 0 0 5000000 30000000 2 4 1 1 -5000000 20000000 2 5 3 1 0 10000000 2 6 1 1 -10000000 30000000 2 7 1 1 -25000000 -20000000 3 0 1 1 10000000 20000000 3 1 2 1 15000000 -20000000 3 2 0 1 0 -5000000 3 3 1 0 -5000000 25000000 3 4 2 1 30000000 5000000 3 5 1 1 -15000000 5000000 3 6 3 1 20000000 -25000000 4 0 1 0 25000000 30000000 4 1 2 1 -20000000 20000000 4 2 0 1 15000000 -20000000 4 3 0 1 -15000000 10000000 4 4 0 1 -30000000 -5000000 4 5 0 1 5000000 0 14 7 6 8 2 3 9 4 11 14 10 16 15 1 18
FANOUT 2 23 1 0 0 0 -20000000 30000000 1 1 2 1 25000000 15000000 2 0 3 1 -30000000 30000000 2 1 1 1 15000000 30000000 2 2 3 1 -15000000 -30000000 2 3 0 0 5000000 30000000 2 4 1 1 -5000000 20000000 2 5 3 1 0 10000000 2 6 1 1 -10000000 30000000 2 7 1 1 -25000000 -20000000 3 0 1 1 10000000 20000000 3 1 2 1 15000000 -20000000 3 2 0 1 0 -5000000 3 3 1 0 -5000000 25000000 3 4 2 1 30000000 5000000 3 5 1 1 -15000000 5000000 3 6 3 1 20000000 -25000000 4 0 1 0 25000000 30000000 4 1 2 1 -20000000 20000000 4 2 0 1 15000000 -20000000 4 3 0 1 -15000000 10000000 4 4 0 1 -30000000 -5000000 4 5 0 1 5000000 0 14 6 8 3 9 4 2 7 10 14 15 11 16 1 18
FANOUT 3 23 1 0 0 0 -20000000 30000000 1 1 2 1 25000000 15000000 2 0 3 1 -30000000 30000000 2 1 1 1 15000000 30000000 2 2 3 1 -15000000 -30000000 2 3 0 0 5000000 30000000 2 4 1 1 -5000000 20000000 2 5 3 1 0 10000000 2 6 1 1 -10000000 30000000 2 7 1 1 -25000000 -20000000 3 0 1 1 10000000 20000000 3 1 2 1 15000000 -20000000 3 2 0 1 0 -5000000 3 3 1 0 -5000000 25000000 3 4 2 1 30000000 5000000 3 5 1 1 -15000000 5000000 3 6 3 1 20000000 -25000000 4 0 1 0 25000000 30000000 4 1 2 1 -20000000 20000000 4 2 0 1 15000000 -20000000 4 3 0 1 -15000000 10000000 4 4 0 1 -30000000 -5000000 4 5 0 1 5000000 0 14 6 7 8 2 3 4 9 10 15 11 14 16 1 18
FANOUT 4 23 1 0 0 0 -20000000 30000000 1 1 2 1 25000000 15000000 2 0 3 1 -30000000 30000000 2 1 1 1 15000000 30000000 2 2 3 1 -15000000 -30000000 2 3 0 0 5000000 30000000 2 4 1 1 -5000000 20000000 2 5 3 1 0 10000000 2 6 1 1 -10000000 30000000 2 7 1 1 -25000000 -20000000 3 0 1 1 10000000 20000000 3 1 2 1 15000000 -20000000 3 2 0 1 0 -5000000 3 3 1 0 -5000000 25000000 3 4 2 1 30000000 5000000 3 5 1 1 -15000000 5000000 3 6 3 1 20000000 -25000000 4 0 1 0 25000000 30000000 4 1 2 1 -20000000 20000000 4 2 0 1 15000000 -20000000 4 3 0 1 -15000000 10000000 4 4 0 1 -30000000 -5000000 4 5 0 1 5000000 0 14 2 3 4 6 7 8 9 10 11 14 15 16 1 18
FANOUT 0 38 1 0 0 1 -20000000 0 1 1 2 1 5000000 -20000000 1 2 3 1 -10000000 30000000 1 3 1 1 -5000000 -15000000 1 4 1 1 0 10000000 1 5 3 1 25000000 10000000 1 6 1 0 -5000000 20000000 1 7 3 1 -30000000 30000000 2 0 1 1 -5000000 5000000 2 1 1 1 0 25000000 2 2 3 0 -20000000 -5000000 2 3 1 1 -5000000 30000000 2 4 2 1 10000000 15000000 2 5 1 0 25000000 0 2 6 1 1 0 15000000 2 7 2 1 5000000 15000000 2 8 2 1 0 0 3 0 1 1 15000000 10000000 3 1 0 1 -10000000 15000000 4 0 0 1 20000000 -10000000 4 1 2 1 0 10000000 5 0 1 1 -20000000 -10000000 5 1 2 0 25000000 -5000000 6 0 2 0 -15000000 -5000000 6 1 1 1 30000000 -15000000 6 2 0 1 -5000000 10000000 6 3 3 0 -15000000 -20000000 6 4 3 1 -20000000 0 6 5 3 1 0 20000000 7 0 1 1 -10000000 5000000 7 1 1 1 30000000 -20000000 7 2 0 1 -5000000 -15000000 7 3 0 1 -20000000 5000000 7 4 2 1 -15000000 -15000000 7 5 3 1 20000000 20000000 7 6 2 0 -10000000 -5000000 7 7 0 0 -5000000 -25000000 7 8 0 1 15000000 -5000000 23 11 16 8 9 12 15 14 7 1 5 2 3 4 30 34 33 29 24 27 28 17 20 21
FANOUT 1 38 1 0 0 1 -20000000 0 1 1 2 1 5000000 -20000000 1 2 3 1 -10000000 30000000 1 3 1 1 -5000000 -15000000 1 4 1 1 0 10000000 1 5 3 1 25000000 10000000 1 6 1 0 -5000000 20000000 1 7 3 1 -30000000 30000000 2 0 1 1 -5000000 5000000 2 1 1 1 0 25000000 2 2 3 0 -20000000 -5000000 2 3 1 1 -5000000 30000000 2 4 2 1 10000000 15000000 2 5 1 0 25000000 0 2 6 1 1 0 15000000 2 7 2 1 5000000 15000000 2 8 2 1 0 0 3 0 1 1 15000000 10000000 3 1 0 1 -10000000 15000000 4 0 0 1 20000000 -10000000 4 1 2 1 0 10000000 5 0 1 1 -20000000 -10000000 5 1 2 0 25000000 -5000000 6 0 2 0 -15000000 -5000000 6 1 1 1 30000000 -15000000 6 2 0 1 -5000000 10000000 6 3 3 0 -15000000 -20000000 6 4 3 1 -20000000 0 6 5 3 1 0 20000000 7 0 1 1 -10000000 5000000 7 1 1 1 30000000 -20000000 7 2 0 1 -5000000 -15000000 7 3 0 1 -20000000 5000000 7 4 2 1 -15000000 -15000000 7 5 3 1 20000000 20000000 7 6 2 0 -10000000 -5000000 7 7 0 0 -5000000 -25000000 7 8 0 1 15000000 -5000000 23 14 15 12 9 8 16 11 4 3 2 5 1 7 29 33 34 30 28 27 24 17 20 21
FANOUT 2 38 1 0 0 1 -20000000 0 1 1 2 1 5000000 -20000000 1 2 3 1 -10000000 30000000 1 3 1 1 -5000000 -15000000 1 4 1 1 0 10000000 1 5 3 1 25000000 10000000 1 6 1 0 -5000000 20000000 1 7 3 1 -30000000 30000000 2 0 1 1 -5000000 5000000 2 1 1 1 0 25000000 2 2 3 0 -20000000 -5000000 2 3 1 1 -5000000 30000000 2 4 2 1 10000000 15000000 2 5 1 0 25000000 0 2 6 1 1 0 15000000 2 7 2 1 5000000 15000000 2 8 2 1 0 0 3 0 1 1 15000000 10000000 3 1 0 1 -10000000 15000000 4 0 0 1 20000000 -10000000 4 1 2 1 0 10000000 5 0 1 1 -20000000 -10000000 5 1 2 0 25000000 -5000000 6 0 2 0 -15000000 -5000000 6 1 1 1 30000000 -15000000 6 2 0 1 -5000000 10000000 6 3 3 0 -15000000 -20000000 6 4 3 1 -20000000 0 6 5 3 1 0 20000000 7 0 1 1 -10000000 5000000 7 1 1 1 30000000 -20000000 7 2 0 1 -5000000 -15000000 7 3 0 1 -20000000 5000000 7 4 2 1 -15000000 -15000000 7 5 3 1 20000000 20000000 7 6 2 0 -10000000 -5000000 7 7 0 0 -5000000 -25000000 7 8 0 1 15000000 -5000000 23 8 12 14 15 9 11 16 4 5 2 3 7 1 29 30 33 34 24 27 28 17 20 21
FANOUT 3 38 1 0 0 1 -20000000 0 1 1 2 1 5000000 -20000000 1 2 3 1 -10000000 30000000 1 3 1 1 -5000000 -15000000 1 4 1 1 0 10000000 1 5 3 1 25000000 10000000 1 6 1 0 -5000000 20000000 1 7 3 1 -30000000 30000000 2 0 1 1 -5000000 5000000 2 1 1 1 0 25000000 2 2 3 0 -20000000 -5000000 2 3 1 1 -5000000 30000000 2 4 2 1 10000000 15000000 2 5 1 0 25000000 0 2 6 1 1 0 15000000 2 7 2 1 5000000 15000000 2 8 2 1 0 0 3 0 1 1 15000000 10000000 3 1 0 1 -10000000 15000000 4 0 0 1 20000000 -10000000 4 1 2 1 0 10000000 5 0 1 1 -20000000 -10000000 5 1 2 0 25000000 -5000000 6 0 2 0 -15000000 -5000000 6 1 1 1 30000000 -15000000 6 2 0 1 -5000000 10000000 6 3 3 0 -15000000 -20000000 6 4 3 1 -20000000 0 6 5 3 1 0 20000000 7 0 1 1 -10000000 5000000 7 1 1 1 30000000 -20000000 7 2 0 1 -5000000 -15000000 7 3 0 1 -20000000 5000000 7 4 2 1 -15000000 -15000000 7 5 3 1 20000000 20000000 7 6 2 0 -10000000 -5000000 7 7 0 0 -5000000 -25000000 7 8 0 1 15000000 -5000000 23 14 15 12 16 8 9 11 4 2 3 5 1 7 29 34 33 30 28 27 24 17 20 21
FANOUT 4 38 1 0 0 1 -20000000 0 1 1 2 1 5000000 -20000000 1 2 3 1 -10000000 30000000 1 3 1 1 -5000000 -15000000 1 4 1 1 0 10000000 1 5 3 1 25000000 10000000 1 6 1 0 -5000000 20000000 1 7 3 1 -30000000 30000000 2 0 1 1 -5000000 5000000 2 1 1 1 0 25000000 2 2 3 0 -20000000 -5000000 2 3 1 1 -5000000 30000000 2 4 2 1 10000000 15000000 2 5 1 0 25000000 0 2 6 1 1 0 15000000 2 7 2 1 5000000 15000000 2 8 2 1 0 0 3 0 1 1 15000000 10000000 3 1 0 1 -10000000 15000000 4 0 0 1 20000000 -10000000 4 1 2 1 0 10000000 5 0 1 1 -20000000 -10000000 5 1 2 0 25000000 -5000000 6 0 2 0 -15000000 -5000000 6 1 1 1 30000000 -15000000 6 2 0 1 -5000000 10000000 6 3 3 0 -15000000 -20000000 6 4 3 1 -20000000 0 6 5 3 1 0 20000000 7 0 1 1 -10000000 5000000 7 1 1 1 30000000 -20000000 7 2 0 1 -5000000 -15000000 7 3 0 1 -20000000 5000000 7 4 2 1 -15000000 -15000000 7 5 3 1 20000000 20000000 7 6 2 0 -10000000 -5000000 7 7 0 0 -5000000 -25000000 7 8 0 1 15000000 -5000000 23 8 9 11 12 14 15 16 1 2 3 4 5 7 29 30 33 34 24 27 28 17 20 21
FANOUT 0 4 1 0 0 1 -25000000 25000000 1 1 0 1 -20000000 -25000000 1 2 3 1 25000000 0 1 3 0 0 15000000 15000000 1 2
FANOUT 1 4 1 0 0 1 -25000000 25000000 1 1 0 1 -20000000 -25000000 1 2 3 1 25000000 0 1 3 0 0 15000000 15000000 1 2
FANOUT 2 4 1 0 0 1 -25000000 25000000 1 1 0 1 -20000000 -25000000 1 2 3 1 25000000 0 1 3 0 0 15000000 15000000 1 2
FANOUT 3 4 1 0 0 1 -25000000 25000000 1 1 0 1 -20000000 -25000000 1 2 3 1 25000000 0 1 3 0 0 15000000 15000000 1 2
FANOUT 4 4 1 0 0 1 -25000000 25000000 1 1 0 1 -20000000 -25000000 1 2 3 1 25000000 0 1 3 0 0 15000000 15000000 1 2
FANOUT 0 37 1 0 1 1 -5000000 5000000 1 1 0 1 -20000000 -25000000 2 0 2 0 20000000 10000000 2 1 1 1 5000000 -30000000 2 2 0 0 15000000 15000000 2 3 3 0 15000000 -25000000 2 4 3 0 -20000000 -10000000 2 5 2 1 -10000000 0 2 6 2 1 -25000000 10000000 2 7 3 1 -5000000 20000000 3 0 2 1 25000000 10000000 3 1 2 1 30000000 0 3 2 1 1 30000000 -20000000 3 3 2 1 15000000 -10000000 3 4 1 0 25000000 -5000000 4 0 1 1 -30000000 0 4 1 2 0 30000000 -30000000 4 2 2 1 -10000000 -25000000 5 0 0 1 25000000 30000000 5 1 2 1 -20000000 30000000 5 2 3 1 -20000000 -5000000 5 3 2 1 -30000000 25000000 5 4 0 1 10000000 20000000 6 0 2 1 30000000 10000000 6 1 2 1 15000000 -15000000 6 2 1 1 -30000000 0 6 3 2 1 -10000000 25000000 6 4 1 0 5000000 -5000000 6 5 1 1 15000000 25000000 7 0 0 1 -25000000 -25000000 7 1 3 1 0 -5000000 7 2 3 1 -20000000 25000000 7 3 1 1 -25000000 -30000000 7 4 0 1 -30000000 -20000000 7 5 1 1 -20000000 20000000 7 6 2 1 15000000 25000000 7 7 1 1 15000000 -30000000 25 36 32 35 31 34 30 25 24 23 26 28 3 9 8 7 12 10 13 11 20 19 21 15 17 0
FANOUT 1 37 1 0 1 1 -5000000 5000000 1 1 0 1 -20000000 -25000000 2 0 2 0 20000000 10000000 2 1 1 1 5000000 -30000000 2 2 0 0 15000000 15000000 2 3 3 0 15000000 -25000000 2 4 3 0 -20000000 -10000000 2 5 2 1 -10000000 0 2 6 2 1 -25000000 10000000 2 7 3 1 -5000000 20000000 3 0 2 1 25000000 10000000 3 1 2 1 30000000 0 3 2 1 1 30000000 -20000000 3 3 2 1 15000000 -10000000 3 4 1 0 25000000 -5000000 4 0 1 1 -30000000 0 4 1 2 0 30000000 -30000000 4 2 2 1 -10000000 -25000000 5 0 0 1 25000000 30000000 5 1 2 1 -20000000 30000000 5 2 3 1 -20000000 -5000000 5 3 2 1 -30000000 25000000 5 4 0 1 10000000 20000000 6 0 2 1 30000000 10000000 6 1 2 1 15000000 -15000000 6 2 1 1 -30000000 0 6 3 2 1 -10000000 25000000 6 4 1 0 5000000 -5000000 6 5 1 1 15000000 25000000 7 0 0 1 -25000000 -25000000 7 1 3 1 0 -5000000 7 2 3 1 -20000000 25000000 7 3 1 1 -25000000 -30000000 7 4 0 1 -30000000 -20000000 7 5 1 1 -20000000 20000000 7 6 2 1 15000000 25000000 7 7 1 1 15000000 -30000000 25 30 34 31 35 32 36 28 26 23 24 25 7 8 9 3 11 13 10 12 21 19 20 15 17 0
FANOUT 2 37 1 0 1 1 -5000000 5000000 1 1 0 1 -20000000 -25000000 2 0 2 0 20000000 10000000 2 1 1 1 5000000 -30000000 2 2 0 0 15000000 15000000 2 3 3 0 15000000 -25000000 2 4 3 0 -20000000 -10000000 2 5 2 1 -10000000 0 2 6 2 1 -25000000 10000000 2 7 3 1 -5000000 20000000 3 0 2 1 25000000 10000000 3 1 2 1 30000000 0 3 2 1 1 30000000 -20000000 3 3 2 1 15000000 -10000000 3 4 1 0 25000000 -5000000 4 0 1 1 -30000000 0 4 1 2 0 30000000 -30000000 4 2 2 1 -10000000 -25000000 5 0 0 1 25000000 30000000 5 1 2 1 -20000000 30000000 5 2 3 1 -20000000 -5000000 5 3 2 1 -30000000 25000000 5 4 0 1 10000000 20000000 6 0 2 1 30000000 10000000 6 1 2 1 15000000 -15000000 6 2 1 1 -30000000 0 6 3 2 1 -10000000 25000000 6 4 1 0 5000000 -5000000 6 5 1 1 15000000 25000000 7 0 0 1 -25000000 -25000000 7 1 3 1 0 -5000000 7 2 3 1 -20000000 25000000 7 3 1 1 -25000000 -30000000 7 4 0 1 -30000000 -20000000 7 5 1 1 -20000000 20000000 7 6 2 1 15000000 25000000 7 7 1 1 15000000 -30000000 25 36 31 35 30 34 32 25 23 24 26 28 3 8 9 7 10 13 11 12 20 19 21 15 17 0
FANOUT 3 37 1 0 1 1 -5000000 5000000 1 1 0 1 -20000000 -25000000 2 0 2 0 20000000 10000000 2 1 1 1 5000000 -30000000 2 2 0 0 15000000 15000000 2 3 3 0 15000000 -25000000 2 4 3 0 -20000000 -10000000 2 5 2 1 -10000000 0 2 6 2 1 -25000000 10000000 2 7 3 1 -5000000 20000000 3 0 2 1 25000000 10000000 3 1 2 1 30000000 0 3 2 1 1 30000000 -20000000 3 3 2 1 15000000 -10000000 3 4 1 0 25000000 -5000000 4 0 1 1 -30000000 0 4 1 2 0 30000000 -30000000 4 2 2 1 -10000000 -25000000 5 0 0 1 25000000 30000000 5 1 2 1 -20000000 30000000 5 2 3 1 -20000000 -5000000 5 3 2 1 -30000000 25000000 5 4 0 1 10000000 20000000 6 0 2 1 30000000 10000000 6 1 2 1 15000000 -15000000 6 2 1 1 -30000000 0 6 3 2 1 -10000000 25000000 6 4 1 0 5000000 -5000000 6 5 1 1 15000000 25000000 7 0 0 1 -25000000 -25000000 7 1 3 1 0 -5000000 7 2 3 1 -20000000 25000000 7 3 1 1 -25000000 -30000000 7 4 0 1 -30000000 -20000000 7 5 1 1 -20000000 20000000 7 6 2 1 15000000 25000000 7 7 1 1 15000000 -30000000 25 31 34 30 36 35 32 24 26 25 23 28 8 7 9 3 13 10 11 12 20 19 21 15 17 0
FANOUT 4 37 1 0 1 1 -5000000 5000000 1 1 0 1 -20000000 -25000000 2 0 2 0 20000000 10000000 2 1 1 1 5000000 -30000000 2 2 0 0 15000000 15000000 2 3 3 0 15000000 -25000000 2 4 3 0 -20000000 -10000000 2 5 2 1 -10000000 0 2 6 2 1 -25000000 10000000 2 7 3 1 -5000000 20000000 3 0 2 1 25000000 10000000 3 1 2 1 30000000 0 3 2 1 1 30000000 -20000000 3 3 2 1 15000000 -10000000 3 4 1 0 25000000 -5000000 4 0 1 1 -30000000 0 4 1 2 0 30000000 -30000000 4 2 2 1 -10000000 -25000000 5 0 0 1 25000000 30000000 5 1 2 1 -20000000 30000000 5 2 3 1 -20000000 -5000000 5 3 2 1 -30000000 25000000 5 4 0 1 10000000 20000000 6 0 2 1 30000000 10000000 6 1 2 1 15000000 -15000000 6 2 1 1 -30000000 0 6 3 2 1 -10000000 25000000 6 4 1 0 5000000 -5000000 6 5 1 1 15000000 25000000 7 0 0 1 -25000000 -25000000 7 1 3 1 0 -5000000 7 2 3 1 -20000000 25000000 7 3 1 1 -25000000 -30000000 7 4 0 1 -30000000 -20000000 7 5 1 1 -20000000 20000000 7 6 2 1 15000000 25000000 7 7 1 1 15000000 -30000000 25 30 31 32 34 35 36 23 24 25 26 28 3 7 8 9 10 11 12 13 19 20 21 15 17 0
FANOUT 0 29 1 0 1 0 -15000000 -30000000 1 1 0 1 -30000000 -10000000 1 2 3 1 15000000 -20000000 1 3 1 0 -15000000 20000000 1 4 2 1 0 25000000 2 0 1 1 30000000 5000000 2 1 1 1 15000000 -30000000 2 2 3 1 -20000000 5000000 3 0 2 1 -15000000 10000000 3 1 2 1 15000000 30000000 4 0 1 1 5000000 0 4 1 1 0 -5000000 -5000000 4 2 0 0 -20000000 -15000000 4 3 2 1 30000000 -25000000 4 4 2 1 -5000000 5000000 4 5 1 0 25000000 -15000000 4 6 1 1 -30000000 -30000000 5 0 3 1 25000000 20000000 5 1 3 1 -10000000 0 5 2 2 1 25000000 15000000 5 3 1 1 -10000000 -25000000 5 4 3 1 -10000000 15000000 5 5 3 1 -15000000 20000000 5 6 1 0 20000000 10000000 5 7 2 0 15000000 25000000 6 0 2 1 -20000000 -15000000 6 1 2 1 10000000 -10000000 7 0 1 1 10000000 -25000000 7 1 0 1 -30000000 -5000000 20 20 17 19 22 18 21 16 13 14 10 7 5 6 2 4 8 9 25 26 27
FANOUT 1 29 1 0 1 0 -15000000 -30000000 1 1 0 1 -30000000 -10000000 1 2 3 1 15000000 -20000000 1 3 1 0 -15000000 20000000 1 4 2 1 0 25000000 2 0 1 1 30000000 5000000 2 1 1 1 15000000 -30000000 2 2 3 1 -20000000 5000000 3 0 2 1 -15000000 10000000 3 1 2 1 15000000 30000000 4 0 1 1 5000000 0 4 1 1 0 -5000000 -5000000 4 2 0 0 -20000000 -15000000 4 3 2 1 30000000 -25000000 4 4 2 1 -5000000 5000000 4 5 1 0 25000000 -15000000 4 6 1 1 -30000000 -30000000 5 0 3 1 25000000 20000000 5 1 3 1 -10000000 0 5 2 2 1 25000000 15000000 5 3 1 1 -10000000 -25000000 5 4 3 1 -10000000 15000000 5 5 3 1 -15000000 20000000 5 6 1 0 20000000 10000000 5 7 2 0 15000000 25000000 6 0 2 1 -20000000 -15000000 6 1 2 1 10000000 -10000000 7 0 1 1 10000000 -25000000 7 1 0 1 -30000000 -5000000 20 18 21 22 19 17 20 10 14 13 16 6 5 7 2 4 8 9 25 26 27
FANOUT 2 29 1 0 1 0 -15000000 -30000000 1 1 0 1 -30000000 -10000000 1 2 3 1 15000000 -20000000 1 3 1 0 -15000000 20000000 1 4 2 1 0 25000000 2 0 1 1 30000000 5000000 2 1 1 1 15000000 -30000000 2 2 3 1 -20000000 5000000 3 0 2 1 -15000000 10000000 3 1 2 1 15000000 30000000 4 0 1 1 5000000 0 4 1 1 0 -5000000 -5000000 4 2 0 0 -20000000 -15000000 4 3 2 1 30000000 -25000000 4 4 2 1 -5000000 5000000 4 5 1 0 25000000 -15000000 4 6 1 1 -30000000 -30000000 5 0 3 1 25000000 20000000 5 1 3 1 -10000000 0 5 2 2 1 25000000 15000000 5 3 1 1 -10000000 -25000000 5 4 3 1 -10000000 15000000 5 5 3 1 -15000000 20000000 5 6 1 0 20000000 10000000 5 7 2 0 15000000 25000000 6 0 2 1 -20000000 -15000000 6 1 2 1 10000000 -10000000 7 0 1 1 10000000 -25000000 7 1 0 1 -30000000 -5000000 20 20 21 22 18 19 17 10 14 16 13 6 5 7 4 2 9 8 26 25 27
FANOUT 3 29 1 0 1 0 -15000000 -30000000 1 1 0 1 -30000000 -10000000 1 2 3 1 15000000 -20000000 1 3 1 0 -15000000 20000000 1 4 2 1 0 25000000 2 0 1 1 30000000 5000000 2 1 1 1 15000000 -30000000 2 2 3 1 -20000000 5000000 3 0 2 1 -15000000 10000000 3 1 2 1 15000000 30000000 4 0 1 1 5000000 0 4 1 1 0 -5000000 -5000000 4 2 0 0 -20000000 -15000000 4 3 2 1 30000000 -25000000 4 4 2 1 -5000000 5000000 4 5 1 0 25000000 -15000000 4 6 1 1 -30000000 -30000000 5 0 3 1 25000000 20000000 5 1 3 1 -10000000 0 5 2 2 1 25000000 15000000 5 3 1 1 -10000000 -25000000 5 4 3 1 -10000000 15000000 5 5 3 1 -15000000 20000000 5 6 1 0 20000000 10000000 5 7 2 0 15000000 25000000 6 0 2 1 -20000000 -15000000 6 1 2 1 10000000 -10000000 7 0 1 1 10000000 -25000000 7 1 0 1 -30000000 -5000000 20 18 21 22 17 19 20 14 10 13 16 7 6 5 2 4 8 9 25 26 27
FANOUT 4 29 1 0 1 0 -15000000 -30000000 1 1 0 1 -30000000 -10000000 1 2 3 1 15000000 -20000000 1 3 1 0 -15000000 20000000 1 4 2 1 0 25000000 2 0 1 1 30000000 5000000 2 1 1 1 15000000 -30000000 2 2 3 1 -20000000 5000000 3 0 2 1 -15000000 10000000 3 1 2 1 15000000 30000000 4 0 1 1 5000000 0 4 1 1 0 -5000000 -5000000 4 2 0 0 -20000000 -15000000 4 3 2 1 30000000 -25000000 4 4 2 1 -5000000 5000000 4 5 1 0 25000000 -15000000 4 6 1 1 -30000000 -30000000 5 0 3 1 25000000 20000000 5 1 3 1 -10000000 0 5 2 2 1 25000000 15000000 5 3 1 1 -10000000 -25000000 5 4 3 1 -10000000 15000000 5 5 3 1 -15000000 20000000 5 6 1 0 20000000 10000000 5 7 2 0 15000000 25000000 6 0 2 1 -20000000 -15000000 6 1 2 1 10000000 -10000000 7 0 1 1 10000000 -25000000 7 1 0 1 -30000000 -5000000 20 17 18 19 20 21 22 10 13 14 16 5 6 7 2 4 8 9 25 26 27
FANOUT 0 46 1 0 0 1 -25000000 0 1 1 1 1 -30000000 0 1 2 1 1 0 -30000000 1 3 2 1 -5000000 -20000000 1 4 2 1 -10000000 -15000000 1 5 3 1 -20000000 -30000000 1 6 2 1 -15000000 10000000 1 7 0 1 -20000000 -25000000 1 8 2 1 -20000000 0 2 0 3 1 -20000000 -15000000 2 1 1 1 -10000000 -5000000 2 2 1 1 -20000000 30000000 2 3 3 1 -10000000 -25000000 2 4 3 1 -25000000 10000000 2 5 3 1 20000000 -15000000 2 6 0 1 -30000000 -10000000 2 7 1 1 -30000000 20000000 2 8 2 1 30000000 -5000000 3 0 1 1 -10000000 -15000000 3 1 1 1 5000000 -10000000 4 0 1 0 -15000000 -10000000 4 1 1 1 25000000 0 4 2 2 1 20000000 -20000000 4 3 3 1 -10000000 10000000 4 4 2 1 10000000 -15000000 4 5 0 1 -20000000 -20000000 4 6 3 1 -20000000 -5000000 5 0 3 1 5000000 30000000 5 1 3 1 -15000000 30000000 5 2 0 1 15000000 10000000 5 3 1 0 10000000 -25000000 5 4 0 0 10000000 15000000 5 5 3 0 10000000 25000000 5 6 1 0 -10000000 -15000000 5 7 0 1 10000000 -10000000 6 0 2 1 30000000 5000000 6 1 2 1 0 30000000 7 0 1 1 15000000 -10000000 7 1 2 0 20000000 15000000 7 2 3 1 -15000000 -20000000 7 3 0 1 10000000 20000000 7 4 2 0 10000000 -5000000 7 5 0 1 25000000 5000000 7 6 2 1 -20000000 25000000 7 7 1 1 -10000000 -10000000 7 8 2 1 30000000 -15000000 31 17 11 14 16 12 13 9 10 2 6 1 5 8 3 4 26 23 21 22 24 43 45 39 37 44 18 19 27 28 35 36
FANOUT 1 46 1 0 0 1 -25000000 0 1 1 1 1 -30000000 0 1 2 1 1 0 -30000000 1 3 2 1 -5000000 -20000000 1 4 2 1 -10000000 -15000000 1 5 3 1 -20000000 -30000000 1 6 2 1 -15000000 10000000 1 7 0 1 -20000000 -25000000 1 8 2 1 -20000000 0 2 0 3 1 -20000000 -15000000 2 1 1 1 -10000000 -5000000 2 2 1 1 -20000000 30000000 2 3 3 1 -10000000 -25000000 2 4 3 1 -25000000 10000000 2 5 3 1 20000000 -15000000 2 6 0 1 -30000000 -10000000 2 7 1 1 -30000000 20000000 2 8 2 1 30000000 -5000000 3 0 1 1 -10000000 -15000000 3 1 1 1 5000000 -10000000 4 0 1 0 -15000000 -10000000 4 1 1 1 25000000 0 4 2 2 1 20000000 -20000000 4 3 3 1 -10000000 10000000 4 4 2 1 10000000 -15000000 4 5 0 1 -20000000 -20000000 4 6 3 1 -20000000 -5000000 5 0 3 1 5000000 30000000 5 1 3 1 -15000000 30000000 5 2 0 1 15000000 10000000 5 3 1 0 10000000 -25000000 5 4 0 0 10000000 15000000 5 5 3 0 10000000 25000000 5 6 1 0 -10000000 -15000000 5 7 0 1 10000000 -10000000 6 0 2 1 30000000 5000000 6 1 2 1 0 30000000 7 0 1 1 15000000 -10000000 7 1 2 0 20000000 15000000 7 2 3 1 -15000000 -20000000 7 3 0 1 10000000 20000000 7 4 2 0 10000000 -5000000 7 5 0 1 25000000 5000000 7 6 2 1 -20000000 25000000 7 7 1 1 -10000000 -10000000 7 8 2 1 30000000 -15000000 31 10 9 13 12 16 14 11 17 4 3 8 5 1 6 2 24 22 21 23 26 44 37 39 45 43 18 19 27 28 35 36
FANOUT 2 46 1 0 0 1 -25000000 0 1 1 1 1 -30000000 0 1 2 1 1 0 -30000000 1 3 2 1 -5000000 -20000000 1 4 2 1 -10000000 -15000000 1 5 3 1 -20000000 -30000000 1 6 2 1 -15000000 10000000 1 7 0 1 -20000000 -25000000 1 8 2 1 -20000000 0 2 0 3 1 -20000000 -15000000 2 1 1 1 -10000000 -5000000 2 2 1 1 -20000000 30000000 2 3 3 1 -10000000 -25000000 2 4 3 1 -25000000 10000000 2 5 3 1 20000000 -15000000 2 6 0 1 -30000000 -10000000 2 7 1 1 -30000000 20000000 2 8 2 1 30000000 -5000000 3 0 1 1 -10000000 -15000000 3 1 1 1 5000000 -10000000 4 0 1 0 -15000000 -10000000 4 1 1 1 25000000 0 4 2 2 1 20000000 -20000000 4 3 3 1 -10000000 10000000 4 4 2 1 10000000 -15000000 4 5 0 1 -20000000 -20000000 4 6 3 1 -20000000 -5000000 5 0 3 1 5000000 30000000 5 1 3 1 -15000000 30000000 5 2 0 1 15000000 10000000 5 3 1 0 10000000 -25000000 5 4 0 0 10000000 15000000 5 5 3 0 10000000 25000000 5 6 1 0 -10000000 -15000000 5 7 0 1 10000000 -10000000 6 0 2 1 30000000 5000000 6 1 2 1 0 30000000 7 0 1 1 15000000 -10000000 7 1 2 0 20000000 15000000 7 2 3 1 -15000000 -20000000 7 3 0 1 10000000 20000000 7 4 2 0 10000000 -5000000 7 5 0 1 25000000 5000000 7 6 2 1 -20000000 25000000 7 7 1 1 -10000000 -10000000 7 8 2 1 30000000 -15000000 31 10 9 12 17 11 16 13 14 3 4 2 5 6 8 1 24 26 22 21 23 44 39 37 45 43 18 19 27 28 35 36
FANOUT 3 46 1 0 0 1 -25000000 0 1 1 1 1 -30000000 0 1 2 1 1 0 -30000000 1 3 2 1 -5000000 -20000000 1 4 2 1 -10000000 -15000000 1 5 3 1 -20000000 -30000000 1 6 2 1 -15000000 10000000 1 7 0 1 -20000000 -25000000 1 8 2 1 -20000000 0 2 0 3 1 -20000000 -15000000 2 1 1 1 -10000000 -5000000 2 2 1 1 -20000000 30000000 2 3 3 1 -10000000 -25000000 2 4 3 1 -25000000 10000000 2 5 3 1 20000000 -15000000 2 6 0 1 -30000000 -10000000 2 7 1 1 -30000000 20000000 2 8 2 1 30000000 -5000000 3 0 1 1 -10000000 -15000000 3 1 1 1 5000000 -10000000 4 0 1 0 -15000000 -10000000 4 1 1 1 25000000 0 4 2 2 1 20000000 -20000000 4 3 3 1 -10000000 10000000 4 4 2 1 10000000 -15000000 4 5 0 1 -20000000 -20000000 4 6 3 1 -20000000 -5000000 5 0 3 1 5000000 30000000 5 1 3 1 -15000000 30000000 5 2 0 1 15000000 10000000 5 3 1 0 10000000 -25000000 5 4 0 0 10000000 15000000 5 5 3 0 10000000 25000000 5 6 1 0 -10000000 -15000000 5 7 0 1 10000000 -10000000 6 0 2 1 30000000 5000000 6 1 2 1 0 30000000 7 0 1 1 15000000 -10000000 7 1 2 0 20000000 15000000 7 2 3 1 -15000000 -20000000 7 3 0 1 10000000 20000000 7 4 2 0 10000000 -5000000 7 5 0 1 25000000 5000000 7 6 2 1 -20000000 25000000 7 7 1 1 -10000000 -10000000 7 8 2 1 30000000 -15000000 31 10 9 12 13 14 16 17 11 4 3 8 6 2 5 1 26 24 23 22 21 44 39 37 45 43 18 19 28 27 35 36
FANOUT 4 46 1 0 0 1 -25000000 0 1 1 1 1 -30000000 0 1 2 1 1 0 -30000000 1 3 2 1 -5000000 -20000000 1 4 2 1 -10000000 -15000000 1 5 3 1 -20000000 -30000000 1 6 2 1 -15000000 10000000 1 7 0 1 -20000000 -25000000 1 8 2 1 -20000000 0 2 0 3 1 -20000000 -15000000 2 1 1 1 -10000000 -5000000 2 2 1 1 -20000000 30000000 2 3 3 1 -10000000 -25000000 2 4 3 1 -25000000 10000000 2 5 3 1 20000000 -15000000 2 6 0 1 -30000000 -10000000 2 7 1 1 -30000000 20000000 2 8 2 1 30000000 -5000000 3 0 1 1 -10000000 -15000000 3 1 1 1 5000000 -10000000 4 0 1 0 -15000000 -10000000 4 1 1 1 25000000 0 4 2 2 1 20000000 -20000000 4 3 3 1 -10000000 10000000 4 4 2 1 10000000 -15000000 4 5 0 1 -20000000 -20000000 4 6 3 1 -20000000 -5000000 5 0 3 1 5000000 30000000 5 1 3 1 -15000000 30000000 5 2 0 1 15000000 10000000 5 3 1 0 10000000 -25000000 5 4 0 0 10000000 15000000 5 5 3 0 10000000 25000000 5 6 1 0 -10000000 -15000000 5 7 0 1 10000000 -10000000 6 0 2 1 30000000 5000000 6 1 2 1 0 30000000 7 0 1 1 15000000 -10000000 7 1 2 0 20000000 15000000 7 2 3 1 -15000000 -20000000 7 3 0 1 10000000 20000000 7 4 2 0 10000000 -5000000 7 5 0 1 25000000 5000000 7 6 2 1 -20000000 25000000 7 7 1 1 -10000000 -10000000 7 8 2 1 30000000 -15000000 31 9 10 11 12 13 14 16 17 1 2 3 4 5 6 8 21 22 23 24 26 37 39 43 44 45 18 19 27 28 35 36
FANOUT 0 5 1 0 3 1 10000000 20000000 1 1 1 1 15000000 -30000000 1 2 1 1 30000000 30000000 1 3 2 1 -25000000 -30000000 1 4 2 1 0 -20000000 5 2 3 0 1 4
FANOUT 1 5 1 0 3 1 10000000 20000000 1 1 1 1 15000000 -30000000 1 2 1 1 30000000 30000000 1 3 2 1 -25000000 -30000000 1 4 2 1 0 -20000000 5 4 1 0 3 2
FANOUT 2 5 1 0 3 1 10000000 20000000 1 1 1 1 15000000 -30000000 1 2 1 1 30000000 30000000 1 3 2 1 -25000000 -30000000 1 4 2 1 0 -20000000 5 3 4 1 2 0
FANOUT 3 5 1 0 3 1 10000000 20000000 1 1 1 1 15000000 -30000000 1 2 1 1 30000000 30000000 1 3 2 1 -25000000 -30000000 1 4 2 1 0 -20000000 5 1 4 0 2 3
FANOUT 4 5 1 0 3 1 10000000 20000000 1 1 1 1 15000000 -30000000 1 2 1 1 30000000 30000000 1 3 2 1 -25000000 -30000000 1 4 2 1 0 -20000000 5 0 1 2 3 4
FANOUT 0 23 1 0 0 1 20000000 15000000 1 1 2 1 -25000000 -15000000 1 2 3 1 10000000 -10000000 2 0 3 1 25000000 25000000 2 1 0 1 10000000 30000000 2 2 1 1 5000000 15000000 3 0 2 0 0 -10000000 3 1 1 1 -10000000 0 3 2 3 1 15000000 -15000000 3 3 3 1 0 25000000 3 4 2 1 -30000000 20000000 3 5 1 1 -10000000 -25000000 4 0 0 1 -10000000 0 4 1 1 1 5000000 0 4 2 2 0 5000000 10000000 4 3 0 1 -10000000 -10000000 4 4 3 1 10000000 10000000 5 0 0 1 10000000 -10000000 5 1 0 1 -5000000 -10000000 5 2 0 0 5000000 30000000 5 3 3 1 0 30000000 5 4 3 1 5000000 0 5 5 3 0 -30000000 -20000000 13 10 8 11 9 7 1 2 3 5 13 16 20 21
FANOUT 1 23 1 0 0 1 20000000 15000000 1 1 2 1 -25000000 -15000000 1 2 3 1 10000000 -10000000 2 0 3 1 25000000 25000000 2 1 0 1 10000000 30000000 2 2 1 1 5000000 15000000 3 0 2 0 0 -10000000 3 1 1 1 -10000000 0 3 2 3 1 15000000 -15000000 3 3 3 1 0 25000000 3 4 2 1 -30000000 20000000 3 5 1 1 -10000000 -25000000 4 0 0 1 -10000000 0 4 1 1 1 5000000 0 4 2 2 0 5000000 10000000 4 3 0 1 -10000000 -10000000 4 4 3 1 10000000 10000000 5 0 0 1 10000000 -10000000 5 1 0 1 -5000000 -10000000 5 2 0 0 5000000 30000000 5 3 3 1 0 30000000 5 4 3 1 5000000 0 5 5 3 0 -30000000 -20000000 13 7 9 11 8 10 1 2 3 5 13 16 20 21
FANOUT 2 23 1 0 0 1 20000000 15000000 1 1 2 1 -25000000 -15000000 1 2 3 1 10000000 -10000000 2 0 3 1 25000000 25000000 2 1 0 1 10000000 30000000 2 2 1 1 5000000 15000000 3 0 2 0 0 -10000000 3 1 1 1 -10000000 0 3 2 3 1 15000000 -15000000 3 3 3 1 0 25000000 3 4 2 1 -30000000 20000000 3 5 1 1 -10000000 -25000000 4 0 0 1 -10000000 0 4 1 1 1 5000000 0 4 2 2 0 5000000 10000000 4 3 0 1 -10000000 -10000000 4 4 3 1 10000000 10000000 5 0 0 1 10000000 -10000000 5 1 0 1 -5000000 -10000000 5 2 0 0 5000000 30000000 5 3 3 1 0 30000000 5 4 3 1 5000000 0 5 5 3 0 -30000000 -20000000 13 9 8 7 11 10 2 1 5 3 16 13 20 21
FANOUT 3 23 1 0 0 1 20000000 15000000 1 1 2 1 -25000000 -15000000 1 2 3 1 10000000 -10000000 2 0 3 1 25000000 25000000 2 1 0 1 10000000 30000000 2 2 1 1 5000000 15000000 3 0 2 0 0 -10000000 3 1 1 1 -10000000 0 3 2 3 1 15000000 -15000000 3 3 3 1 0 25000000 3 4 2 1 -30000000 20000000 3 5 1 1 -10000000 -25000000 4 0 0 1 -10000000 0 4 1 1 1 5000000 0 4 2 2 0 5000000 10000000 4 3 0 1 -10000000 -10000000 4 4 3 1 10000000 10000000 5 0 0 1 10000000 -10000000 5 1 0 1 -5000000 -10000000 5 2 0 0 5000000 30000000 5 3 3 1 0 30000000 5 4 3 1 5000000 0 5 5 3 0 -30000000 -20000000 13 8 9 7 11 10 2 1 5 3 13 16 21 20
FANOUT 4 23 1 0 0 1 20000000 15000000 1 1 2 1 -25000000 -15000000 1 2 3 1 10000000 -10000000 2 0 3 1 25000000 25000000 2 1 0 1 10000000 30000000 2 2 1 1 5000000 15000000 3 0 2 0 0 -10000000 3 1 1 1 -10000000 0 3 2 3 1 15000000 -15000000 3 3 3 1 0 25000000 3 4 2 1 -30000000 20000000 3 5 1 1 -10000000 -25000000 4 0 0 1 -10000000 0 4 1 1 1 5000000 0 4 2 2 0 5000000 10000000 4 3 0 1 -10000000 -10000000 4 4 3 1 10000000 10000000 5 0 0 1 10000000 -10000000 5 1 0 1 -5000000 -10000000 5 2 0 0 5000000 30000000 5 3 3 1 0 30000000 5 4 3 1 5000000 0 5 5 3 0 -30000000 -20000000 13 7 8 9 10 11 1 2 3 5 13 16 20 21
FANOUT 0 21 1 0 0 0 10000000 -20000000 1 1 1 1 -30000000 -5000000 2 0 0 1 10000000 -15000000 2 1 1 1 0 -20000000 2 2 1 1 5000000 5000000 3 0 3 1 25000000 30000000 3 1 2 1 -30000000 -10000000 3 2 0 1 15000000 15000000 3 3 0 1 10000000 10000000 3 4 1 1 -25000000 0 3 5 3 1 0 0 3 6 2 1 30000000 -20000000 3 7 2 0 30000000 -5000000 4 0 2 1 20000000 30000000 4 1 2 1 -15000000 -5000000 4 2 3 1 15000000 -10000000 4 3 1 1 -5000000 -25000000 4 4 2 1 0 -10000000 4 5 0 1 -10000000 -25000000 4 6 0 0 0 -20000000 4 7 2 0 -20000000 -20000000 13 5 11 6 9 10 13 16 14 15 17 3 4 1
FANOUT 1 21 1 0 0 0 10000000 -20000000 1 1 1 1 -30000000 -5000000 2 0 0 1 10000000 -15000000 2 1 1 1 0 -20000000 2 2 1 1 5000000 5000000 3 0 3 1 25000000 30000000 3 1 2 1 -30000000 -10000000 3 2 0 1 15000000 15000000 3 3 0 1 10000000 10000000 3 4 1 1 -25000000 0 3 5 3 1 0 0 3 6 2 1 30000000 -20000000 3 7 2 0 30000000 -5000000 4 0 2 1 20000000 30000000 4 1 2 1 -15000000 -5000000 4 2 3 1 15000000 -10000000 4 3 1 1 -5000000 -25000000 4 4 2 1 0 -10000000 4 5 0 1 -10000000 -25000000 4 6 0 0 0 -20000000 4 7 2 0 -20000000 -20000000 13 10 9 6 11 5 17 15 14 16 13 3 4 1
FANOUT 2 21 1 0 0 0 10000000 -20000000 1 1 1 1 -30000000 -5000000 2 0 0 1 10000000 -15000000 2 1 1 1 0 -20000000 2 2 1 1 5000000 5000000 3 0 3 1 25000000 30000000 3 1 2 1 -30000000 -10000000 3 2 0 1 15000000 15000000 3 3 0 1 10000000 10000000 3 4 1 1 -25000000 0 3 5 3 1 0 0 3 6 2 1 30000000 -20000000 3 7 2 0 30000000 -5000000 4 0 2 1 20000000 30000000 4 1 2 1 -15000000 -5000000 4 2 3 1 15000000 -10000000 4 3 1 1 -5000000 -25000000 4 4 2 1 0 -10000000 4 5 0 1 -10000000 -25000000 4 6 0 0 0 -20000000 4 7 2 0 -20000000 -20000000 13 9 6 11 10 5 16 14 17 15 13 3 4 1
FANOUT 3 21 1 0 0 0 10000000 -20000000 1 1 1 1 -30000000 -5000000 2 0 0 1 10000000 -15000000 2 1 1 1 0 -20000000 2 2 1 1 5000000 5000000 3 0 3 1 25000000 30000000 3 1 2 1 -30000000 -10000000 3 2 0 1 15000000 15000000 3 3 0 1 10000000 10000000 3 4 1 1 -25000000 0 3 5 3 1 0 0 3 6 2 1 30000000 -20000000 3 7 2 0 30000000 -5000000 4 0 2 1 20000000 30000000 4 1 2 1 -15000000 -5000000 4 2 3 1 15000000 -10000000 4 3 1 1 -5000000 -25000000 4 4 2 1 0 -10000000 4 5 0 1 -10000000 -25000000 4 6 0 0 0 -20000000 4 7 2 0 -20000000 -20000000 13 10 6 9 5 11 17 14 15 16 13 3 4 1
FANOUT 4 21 1 0 0 0 10000000 -20000000 1 1 1 1 -30000000 -5000000 2 0 0 1 10000000 -15000000 2 1 1 1 0 -20000000 2 2 1 1 5000000 5000000 3 0 3 1 25000000 30000000 3 1 2 1 -30000000 -10000000 3 2 0 1 15000000 15000000 3 3 0 1 10000000 10000000 3 4 1 1 -25000000 0 3 5 3 1 0 0 3 6 2 1 30000000 -20000000 3 7 2 0 30000000 -5000000 4 0 2 1 20000000 30000000 4 1 2 1 -15000000 -5000000 4 2 3 1 15000000 -10000000 4 3 1 1 -5000000 -25000000 4 4 2 1 0 -10000000 4 5 0 1 -10000000 -25000000 4 6 0 0 0 -20000000 4 7 2 0 -20000000 -20000000 13 5 6 9 10 11 13 14 15 16 17 3 4 1
FANOUT 0 1 1 0 1 1 -20000000 -25000000 1 0
FANOUT 1 1 1 0 1 1 -20000000 -25000000 1 0
FANOUT 2 1 1 0 1 1 -20000000 -25000000 1 0
FANOUT 3 1 1 0 1 1 -20000000 -25000000 1 0
FANOUT 4 1 1 0 1 1 -20000000 -25000000 1 0
FANOUT 0 33 1 0 1 1 -10000000 -10000000 1 1 1 1 -15000000 -15000000 1 2 2 1 -30000000 -30000000 2 0 0 1 20000000 -30000000 2 1 0 0 25000000 0 2 2 1 1 -15000000 0 2 3 0 1 15000000 -15000000 2 4 0 0 -15000000 15000000 2 5 0 1 -20000000 10000000 2 6 2 1 -25000000 0 2 7 0 1 -10000000 20000000 3 0 2 1 25000000 -20000000 3 1 0 1 -30000000 5000000 3 2 3 1 0 30000000 4 0 3 1 -15000000 -15000000 4 1 1 1 0 20000000 4 2 0 1 -25000000 10000000 4 3 2 1 20000000 -10000000 4 4 3 0 -15000000 15000000 5 0 3 1 10000000 -15000000 5 1 2 1 20000000 -20000000 5 2 1 1 25000000 -10000000 5 3 2 1 -10000000 -10000000 5 4 1 1 -10000000 0 5 5 0 1 -15000000 10000000 5 6 0 1 30000000 -10000000 6 0 2 1 20000000 25000000 6 1 3 1 15000000 -5000000 6 2 1 1 20000000 20000000 6 3 3 1 -30000000 15000000 6 4 2 1 30000000 -20000000 6 5 3 1 -5000000 25000000 6 6 0 1 30000000 10000000 21 29 30 31 26 27 28 23 21 22 20 19 2 0 1 15 14 17 5 9 11 13
FANOUT 1 33 1 0 1 1 -10000000 -10000000 1 1 1 1 -15000000 -15000000 1 2 2 1 -30000000 -30000000 2 0 0 1 20000000 -30000000 2 1 0 0 25000000 0 2 2 1 1 -15000000 0 2 3 0 1 15000000 -15000000 2 4 0 0 -15000000 15000000 2 5 0 1 -20000000 10000000 2 6 2 1 -25000000 0 2 7 0 1 -10000000 20000000 3 0 2 1 25000000 -20000000 3 1 0 1 -30000000 5000000 3 2 3 1 0 30000000 4 0 3 1 -15000000 -15000000 4 1 1 1 0 20000000 4 2 0 1 -25000000 10000000 4 3 2 1 20000000 -10000000 4 4 3 0 -15000000 15000000 5 0 3 1 10000000 -15000000 5 1 2 1 20000000 -20000000 5 2 1 1 25000000 -10000000 5 3 2 1 -10000000 -10000000 5 4 1 1 -10000000 0 5 5 0 1 -15000000 10000000 5 6 0 1 30000000 -10000000 6 0 2 1 20000000 25000000 6 1 3 1 15000000 -5000000 6 2 1 1 20000000 20000000 6 3 3 1 -30000000 15000000 6 4 2 1 30000000 -20000000 6 5 3 1 -5000000 25000000 6 6 0 1 30000000 10000000 21 28 27 26 31 30 29 19 20 22 21 23 1 0 2 17 14 15 5 9 11 13
FANOUT 2 33 1 0 1 1 -10000000 -10000000 1 1 1 1 -15000000 -15000000 1 2 2 1 -30000000 -30000000 2 0 0 1 20000000 -30000000 2 1 0 0 25000000 0 2 2 1 1 -15000000 0 2 3 0 1 15000000 -15000000 2 4 0 0 -15000000 15000000 2 5 0 1 -20000000 10000000 2 6 2 1 -25000000 0 2 7 0 1 -10000000 20000000 3 0 2 1 25000000 -20000000 3 1 0 1 -30000000 5000000 3 2 3 1 0 30000000 4 0 3 1 -15000000 -15000000 4 1 1 1 0 20000000 4 2 0 1 -25000000 10000000 4 3 2 1 20000000 -10000000 4 4 3 0 -15000000 15000000 5 0 3 1 10000000 -15000000 5 1 2 1 20000000 -20000000 5 2 1 1 25000000 -10000000 5 3 2 1 -10000000 -10000000 5 4 1 1 -10000000 0 5 5 0 1 -15000000 10000000 5 6 0 1 30000000 -10000000 6 0 2 1 20000000 25000000 6 1 3 1 15000000 -5000000 6 2 1 1 20000000 20000000 6 3 3 1 -30000000 15000000 6 4 2 1 30000000 -20000000 6 5 3 1 -5000000 25000000 6 6 0 1 30000000 10000000 21 30 31 27 29 28 26 20 23 19 22 21 0 1 2 17 15 14 5 9 11 13
FANOUT 3 33 1 0 1 1 -10000000 -10000000 1 1 1 1 -15000000 -15000000 1 2 2 1 -30000000 -30000000 2 0 0 1 20000000 -30000000 2 1 0 0 25000000 0 2 2 1 1 -15000000 0 2 3 0 1 15000000 -15000000 2 4 0 0 -15000000 15000000 2 5 0 1 -20000000 10000000 2 6 2 1 -25000000 0 2 7 0 1 -10000000 20000000 3 0 2 1 25000000 -20000000 3 1 0 1 -30000000 5000000 3 2 3 1 0 30000000 4 0 3 1 -15000000 -15000000 4 1 1 1 0 20000000 4 2 0 1 -25000000 10000000 4 3 2 1 20000000 -10000000 4 4 3 0 -15000000 15000000 5 0 3 1 10000000 -15000000 5 1 2 1 20000000 -20000000 5 2 1 1 25000000 -10000000 5 3 2 1 -10000000 -10000000 5 4 1 1 -10000000 0 5 5 0 1 -15000000 10000000 5 6 0 1 30000000 -10000000 6 0 2 1 20000000 25000000 6 1 3 1 15000000 -5000000 6 2 1 1 20000000 20000000 6 3 3 1 -30000000 15000000 6 4 2 1 30000000 -20000000 6 5 3 1 -5000000 25000000 6 6 0 1 30000000 10000000 21 27 30 28 31 26 29 20 21 22 23 19 0 1 2 14 17 15 9 5 11 13
FANOUT 4 33 1 0 1 1 -10000000 -10000000 1 1 1 1 -15000000 -15000000 1 2 2 1 -30000000 -30000000 2 0 0 1 20000000 -30000000 2 1 0 0 25000000 0 2 2 1 1 -15000000 0 2 3 0 1 15000000 -15000000 2 4 0 0 -15000000 15000000 2 5 0 1 -20000000 10000000 2 6 2 1 -25000000 0 2 7 0 1 -10000000 20000000 3 0 2 1 25000000 -20000000 3 1 0 1 -30000000 5000000 3 2 3 1 0 30000000 4 0 3 1 -15000000 -15000000 4 1 1 1 0 20000000 4 2 0 1 -25000000 10000000 4 3 2 1 20000000 -10000000 4 4 3 0 -15000000 15000000 5 0 3 1 10000000 -15000000 5 1 2 1 20000000 -20000000 5 2 1 1 25000000 -10000000 5 3 2 1 -10000000 -10000000 5 4 1 1 -10000000 0 5 5 0 1 -15000000 10000000 5 6 0 1 30000000 -10000000 6 0 2 1 20000000 25000000 6 1 3 1 15000000 -5000000 6 2 1 1 20000000 20000000 6 3 3 1 -30000000 15000000 6 4 2 1 30000000 -20000000 6 5 3 1 -5000000 25000000 6 6 0 1 30000000 10000000 21 26 27 28 29 30 31 19 20 21 22 23 0 1 2 14 15 17 5 9 11 13
FANOUT 0 14 1 0 1 1 -10000000 -25000000 2 0 1 0 -30000000 -5000000 2 1 1 1 15000000 10000000 2 2 1 1 10000000 -10000000 2 3 2 1 15000000 15000000 2 4 1 1 5000000 20000000 2 5 2 0 20000000 25000000 2 6 0 0 -20000000 -10000000 2 7 2 1 -30000000 20000000 2 8 0 0 30000000 -15000000 3 0 1 1 20000000 -15000000 3 1 0 0 -5000000 20000000 3 2 3 0 -30000000 -30000000 3 3 0 1 20000000 15000000 7 8 3 4 2 5 0 10
FANOUT 1 14 1 0 1 1 -10000000 -25000000 2 0 1 0 -30000000 -5000000 2 1 1 1 15000000 10000000 2 2 1 1 10000000 -10000000 2 3 2 1 15000000 15000000 2 4 1 1 5000000 20000000 2 5 2 0 20000000 25000000 2 6 0 0 -20000000 -10000000 2 7 2 1 -30000000 20000000 2 8 0 0 30000000 -15000000 3 0 1 1 20000000 -15000000 3 1 0 0 -5000000 20000000 3 2 3 0 -30000000 -30000000 3 3 0 1 20000000 15000000 7 5 2 4 3 8 0 10
FANOUT 2 14 1 0 1 1 -10000000 -25000000 2 0 1 0 -30000000 -5000000 2 1 1 1 15000000 10000000 2 2 1 1 10000000 -10000000 2 3 2 1 15000000 15000000 2 4 1 1 5000000 20000000 2 5 2 0 20000000 25000000 2 6 0 0 -20000000 -10000000 2 7 2 1 -30000000 20000000 2 8 0 0 30000000 -15000000 3 0 1 1 20000000 -15000000 3 1 0 0 -5000000 20000000 3 2 3 0 -30000000 -30000000 3 3 0 1 20000000 15000000 7 3 4 2 5 8 0 10
FANOUT 3 14 1 0 1 1 -10000000 -25000000 2 0 1 0 -30000000 -5000000 2 1 1 1 15000000 10000000 2 2 1 1 10000000 -10000000 2 3 2 1 15000000 15000000 2 4 1 1 5000000 20000000 2 5 2 0 20000000 25000000 2 6 0 0 -20000000 -10000000 2 7 2 1 -30000000 20000000 2 8 0 0 30000000 -15000000 3 0 1 1 20000000 -15000000 3 1 0 0 -5000000 20000000 3 2 3 0 -30000000 -30000000 3 3 0 1 20000000 15000000 7 2 4 5 3 8 0 10
FANOUT 4 14 1 0 1 1 -10000000 -25000000 2 0 1 0 -30000000 -5000000 2 1 1 1 15000000 10000000 2 2 1 1 10000000 -10000000 2 3 2 1 15000000 15000000 2 4 1 1 5000000 20000000 2 5 2 0 20000000 25000000 2 6 0 0 -20000000 -10000000 2 7 2 1 -30000000 20000000 2 8 0 0 30000000 -15000000 3 0 1 1 20000000 -15000000 3 1 0 0 -5000000 20000000 3 2 3 0 -30000000 -30000000 3 3 0 1 20000000 15000000 7 2 3 4 5 8 0 10
FANOUT 0 24 1 0 0 1 5000000 30000000 1 1 3 1 -25000000 -5000000 1 2 3 1 20000000 10000000 1 3 2 1 0 -5000000 1 4 2 1 -5000000 5000000 1 5 1 1 5000000 10000000 1 6 2 1 0 -30000000 2 0 3 1 -10000000 -25000000 2 1 3 1 -5000000 30000000 2 2 2 0 -5000000 -5000000 2 3 0 0 30000000 15000000 2 4 1 1 -5000000 30000000 2 5 3 0 30000000 20000000 2 6 1 1 -30000000 -10000000 2 7 2 0 0 -10000000 2 8 2 1 -30000000 20000000 3 0 0 1 -10000000 -15000000 3 1 1 1 10000000 15000000 3 2 0 1 5000000 30000000 3 3 2 1 -10000000 0 3 4 0 1 30000000 0 3 5 2 0 25000000 -10000000 3 6 0 1 30000000 -20000000 3 7 0 1 15000000 -5000000 13 6 1 2 5 4 3 7 8 11 13 15 17 19
FANOUT 1 24 1 0 0 1 5000000 30000000 1 1 3 1 -25000000 -5000000 1 2 3 1 20000000 10000000 1 3 2 1 0 -5000000 1 4 2 1 -5000000 5000000 1 5 1 1 5000000 10000000 1 6 2 1 0 -30000000 2 0 3 1 -10000000 -25000000 2 1 3 1 -5000000 30000000 2 2 2 0 -5000000 -5000000 2 3 0 0 30000000 15000000 2 4 1 1 -5000000 30000000 2 5 3 0 30000000 20000000 2 6 1 1 -30000000 -10000000 2 7 2 0 0 -10000000 2 8 2 1 -30000000 20000000 3 0 0 1 -10000000 -15000000 3 1 1 1 10000000 15000000 3 2 0 1 5000000 30000000 3 3 2 1 -10000000 0 3 4 0 1 30000000 0 3 5 2 0 25000000 -10000000 3 6 0 1 30000000 -20000000 3 7 0 1 15000000 -5000000 13 3 4 5 1 2 6 15 13 8 11 7 17 19
FANOUT 2 24 1 0 0 1 5000000 30000000 1 1 3 1 -25000000 -5000000 1 2 3 1 20000000 10000000 1 3 2 1 0 -5000000 1 4 2 1 -5000000 5000000 1 5 1 1 5000000 10000000 1 6 2 1 0 -30000000 2 0 3 1 -10000000 -25000000 2 1 3 1 -5000000 30000000 2 2 2 0 -5000000 -5000000 2 3 0 0 30000000 15000000 2 4 1 1 -5000000 30000000 2 5 3 0 30000000 20000000 2 6 1 1 -30000000 -10000000 2 7 2 0 0 -10000000 2 8 2 1 -30000000 20000000 3 0 0 1 -10000000 -15000000 3 1 1 1 10000000 15000000 3 2 0 1 5000000 30000000 3 3 2 1 -10000000 0 3 4 0 1 30000000 0 3 5 2 0 25000000 -10000000 3 6 0 1 30000000 -20000000 3 7 0 1 15000000 -5000000 13 3 4 5 2 6 1 11 7 15 8 13 17 19
FANOUT 3 24 1 0 0 1 5000000 30000000 1 1 3 1 -25000000 -5000000 1 2 3 1 20000000 10000000 1 3 2 1 0 -5000000 1 4 2 1 -5000000 5000000 1 5 1 1 5000000 10000000 1 6 2 1 0 -30000000 2 0 3 1 -10000000 -25000000 2 1 3 1 -5000000 30000000 2 2 2 0 -5000000 -5000000 2 3 0 0 30000000 15000000 2 4 1 1 -5000000 30000000 2 5 3 0 30000000 20000000 2 6 1 1 -30000000 -10000000 2 7 2 0 0 -10000000 2 8 2 1 -30000000 20000000 3 0 0 1 -10000000 -15000000 3 1 1 1 10000000 15000000 3 2 0 1 5000000 30000000 3 3 2 1 -10000000 0 3 4 0 1 30000000 0 3 5 2 0 25000000 -10000000 3 6 0 1 30000000 -20000000 3 7 0 1 15000000 -5000000 13 5 4 3 1 2 6 7 8 11 13 15 19 17
FANOUT 4 24 1 0 0 1 5000000 30000000 1 1 3 1 -25000000 -5000000 1 2 3 1 20000000 10000000 1 3 2 1 0 -5000000 1 4 2 1 -5000000 5000000 1 5 1 1 5000000 10000000 1 6 2 1 0 -30000000 2 0 3 1 -10000000 -25000000 2 1 3 1 -5000000 30000000 2 2 2 0 -5000000 -5000000 2 3 0 0 30000000 15000000 2 4 1 1 -5000000 30000000 2 5 3 0 30000000 20000000 2 6 1 1 -30000000 -10000000 2 7 2 0 0 -10000000 2 8 2 1 -30000000 20000000 3 0 0 1 -10000000 -15000000 3 1 1 1 10000000 15000000 3 2 0 1 5000000 30000000 3 3 2 1 -10000000 0 3 4 0 1 30000000 0 3 5 2 0 25000000 -10000000 3 6 0 1 30000000 -20000000 3 7 0 1 15000000 -5000000 13 1 2 3 4 5 6 7 8 11 13 15 17 19
FANOUT 0 49 1 0 1 1 -15000000 -15000000 1 1 2 1 25000000 15000000 1 2 1 1 0 20000000 1 3 2 1 30000000 10000000 2 0 1 1 -15000000 30000000 2 1 2 1 -5000000 -10000000 2 2 1 1 25000000 -20000000 2 3 2 1 -15000000 25000000 2 4 1 1 5000000 0 2 5 1 0 -5000000 -15000000 2 6 3 1 -30000000 0 2 7 2 0 25000000 0 2 8 1 1 -20000000 25000000 3 0 2 1 -5000000 -25000000 3 1 0 1 25000000 -5000000 3 2 1 1 -10000000 25000000 4 0 1 0 -10000000 -30000000 4 1 1 1 -30000000 -5000000 4 2 2 1 15000000 10000000 4 3 2 1 -30000000 -5000000 4 4 1 1 -25000000 -5000000 4 5 0 0 -5000000 -25000000 4 6 0 1 -20000000 -20000000 4 7 2 1 -15000000 -15000000 4 8 0 0 -15000000 -30000000 5 0 0 1 30000000 30000000 5 1 1 1 15000000 -30000000 5 2 0 1 -10000000 0 5 3 2 1 -15000000 -5000000 5 4 2 0 15000000 -30000000 5 5 1 0 30000000 30000000 5 6 0 1 -30000000 0 5 7 0 0 5000000 -25000000 6 0 1 1 20000000 -10000000 6 1 1 1 -20000000 -25000000 6 2 1 1 -5000000 -25000000 6 3 1 1 -15000000 -5000000 6 4 1 1 -30000000 30000000 6 5 1 1 5000000 15000000 6 6 3 0 25000000 -15000000 6 7 0 1 20000000 -10000000 6 8 0 0 -15000000 -5000000 7 0 2 1 30000000 5000000 7 1 3 1 5000000 -25000000 7 2 1 1 -30000000 0 7 3 2 1 10000000 25000000 7 4 2 1 25000000 10000000 7 5 0 1 5000000 -20000000 7 6 2 1 0 -15000000 32 6 4 10 12 7 5 8 37 33 34 38 35 36 44 45 43 42 46 48 18 17 19 23 20 0 3 1 2 13 15 26 28
FANOUT 1 49 1 0 1 1 -15000000 -15000000 1 1 2 1 25000000 15000000 1 2 1 1 0 20000000 1 3 2 1 30000000 10000000 2 0 1 1 -15000000 30000000 2 1 2 1 -5000000 -10000000 2 2 1 1 25000000 -20000000 2 3 2 1 -15000000 25000000 2 4 1 1 5000000 0 2 5 1 0 -5000000 -15000000 2 6 3 1 -30000000 0 2 7 2 0 25000000 0 2 8 1 1 -20000000 25000000 3 0 2 1 -5000000 -25000000 3 1 0 1 25000000 -5000000 3 2 1 1 -10000000 25000000 4 0 1 0 -10000000 -30000000 4 1 1 1 -30000000 -5000000 4 2 2 1 15000000 10000000 4 3 2 1 -30000000 -5000000 4 4 1 1 -25000000 -5000000 4 5 0 0 -5000000 -25000000 4 6 0 1 -20000000 -20000000 4 7 2 1 -15000000 -15000000 4 8 0 0 -15000000 -30000000 5 0 0 1 30000000 30000000 5 1 1 1 15000000 -30000000 5 2 0 1 -10000000 0 5 3 2 1 -15000000 -5000000 5 4 2 0 15000000 -30000000 5 5 1 0 30000000 30000000 5 6 0 1 -30000000 0 5 7 0 0 5000000 -25000000 6 0 1 1 20000000 -10000000 6 1 1 1 -20000000 -25000000 6 2 1 1 -5000000 -25000000 6 3 1 1 -15000000 -5000000 6 4 1 1 -30000000 30000000 6 5 1 1 5000000 15000000 6 6 3 0 25000000 -15000000 6 7 0 1 20000000 -10000000 6 8 0 0 -15000000 -5000000 7 0 2 1 30000000 5000000 7 1 3 1 5000000 -25000000 7 2 1 1 -30000000 0 7 3 2 1 10000000 25000000 7 4 2 1 25000000 10000000 7 5 0 1 5000000 -20000000 7 6 2 1 0 -15000000 32 8 5 7 12 10 4 6 36 35 38 34 33 37 48 46 42 43 45 44 20 23 17 19 18 2 1 3 0 13 15 26 28
FANOUT 2 49 1 0 1 1 -15000000 -15000000 1 1 2 1 25000000 15000000 1 2 1 1 0 20000000 1 3 2 1 30000000 10000000 2 0 1 1 -15000000 30000000 2 1 2 1 -5000000 -10000000 2 2 1 1 25000000 -20000000 2 3 2 1 -15000000 25000000 2 4 1 1 5000000 0 2 5 1 0 -5000000 -15000000 2 6 3 1 -30000000 0 2 7 2 0 25000000 0 2 8 1 1 -20000000 25000000 3 0 2 1 -5000000 -25000000 3 1 0 1 25000000 -5000000 3 2 1 1 -10000000 25000000 4 0 1 0 -10000000 -30000000 4 1 1 1 -30000000 -5000000 4 2 2 1 15000000 10000000 4 3 2 1 -30000000 -5000000 4 4 1 1 -25000000 -5000000 4 5 0 0 -5000000 -25000000 4 6 0 1 -20000000 -20000000 4 7 2 1 -15000000 -15000000 4 8 0 0 -15000000 -30000000 5 0 0 1 30000000 30000000 5 1 1 1 15000000 -30000000 5 2 0 1 -10000000 0 5 3 2 1 -15000000 -5000000 5 4 2 0 15000000 -30000000 5 5 1 0 30000000 30000000 5 6 0 1 -30000000 0 5 7 0 0 5000000 -25000000 6 0 1 1 20000000 -10000000 6 1 1 1 -20000000 -25000000 6 2 1 1 -5000000 -25000000 6 3 1 1 -15000000 -5000000 6 4 1 1 -30000000 30000000 6 5 1 1 5000000 15000000 6 6 3 0 25000000 -15000000 6 7 0 1 20000000 -10000000 6 8 0 0 -15000000 -5000000 7 0 2 1 30000000 5000000 7 1 3 1 5000000 -25000000 7 2 1 1 -30000000 0 7 3 2 1 10000000 25000000 7 4 2 1 25000000 10000000 7 5 0 1 5000000 -20000000 7 6 2 1 0 -15000000 32 4 5 12 6 8 7 10 35 38 36 33 34 37 42 44 46 48 45 43 17 20 18 23 19 1 3 2 0 15 13 28 26
FANOUT 3 49 1 0 1 1 -15000000 -15000000 1 1 2 1 25000000 15000000 1 2 1 1 0 20000000 1 3 2 1 30000000 10000000 2 0 1 1 -15000000 30000000 2 1 2 1 -5000000 -10000000 2 2 1 1 25000000 -20000000 2 3 2 1 -15000000 25000000 2 4 1 1 5000000 0 2 5 1 0 -5000000 -15000000 2 6 3 1 -30000000 0 2 7 2 0 25000000 0 2 8 1 1 -20000000 25000000 3 0 2 1 -5000000 -25000000 3 1 0 1 25000000 -5000000 3 2 1 1 -10000000 25000000 4 0 1 0 -10000000 -30000000 4 1 1 1 -30000000 -5000000 4 2 2 1 15000000 10000000 4 3 2 1 -30000000 -5000000 4 4 1 1 -25000000 -5000000 4 5 0 0 -5000000 -25000000 4 6 0 1 -20000000 -20000000 4 7 2 1 -15000000 -15000000 4 8 0 0 -15000000 -30000000 5 0 0 1 30000000 30000000 5 1 1 1 15000000 -30000000 5 2 0 1 -10000000 0 5 3 2 1 -15000000 -5000000 5 4 2 0 15000000 -30000000 5 5 1 0 30000000 30000000 5 6 0 1 -30000000 0 5 7 0 0 5000000 -25000000 6 0 1 1 20000000 -10000000 6 1 1 1 -20000000 -25000000 6 2 1 1 -5000000 -25000000 6 3 1 1 -15000000 -5000000 6 4 1 1 -30000000 30000000 6 5 1 1 5000000 15000000 6 6 3 0 25000000 -15000000 6 7 0 1 20000000 -10000000 6 8 0 0 -15000000 -5000000 7 0 2 1 30000000 5000000 7 1 3 1 5000000 -25000000 7 2 1 1 -30000000 0 7 3 2 1 10000000 25000000 7 4 2 1 25000000 10000000 7 5 0 1 5000000 -20000000 7 6 2 1 0 -15000000 32 5 10 4 7 8 12 6 36 35 38 34 33 37 48 44 42 43 45 46 23 17 18 19 20 0 1 2 3 13 15 28 26
FANOUT 4 49 1 0 1 1 -15000000 -15000000 1 1 2 1 25000000 15000000 1 2 1 1 0 20000000 1 3 2 1 30000000 10000000 2 0 1 1 -15000000 30000000 2 1 2 1 -5000000 -10000000 2 2 1 1 25000000 -20000000 2 3 2 1 -15000000 25000000 2 4 1 1 5000000 0 2 5 1 0 -5000000 -15000000 2 6 3 1 -30000000 0 2 7 2 0 25000000 0 2 8 1 1 -20000000 25000000 3 0 2 1 -5000000 -25000000 3 1 0 1 25000000 -5000000 3 2 1 1 -10000000 25000000 4 0 1 0 -10000000 -30000000 4 1 1 1 -30000000 -5000000 4 2 2 1 15000000 10000000 4 3 2 1 -30000000 -5000000 4 4 1 1 -25000000 -5000000 4 5 0 0 -5000000 -25000000 4 6 0 1 -20000000 -20000000 4 7 2 1 -15000000 -15000000 4 8 0 0 -15000000 -30000000 5 0 0 1 30000000 30000000 5 1 1 1 15000000 -30000000 5 2 0 1 -10000000 0 5 3 2 1 -15000000 -5000000 5 4 2 0 15000000 -30000000 5 5 1 0 30000000 30000000 5 6 0 1 -30000000 0 5 7 0 0 5000000 -25000000 6 0 1 1 20000000 -10000000 6 1 1 1 -20000000 -25000000 6 2 1 1 -5000000 -25000000 6 3 1 1 -15000000 -5000000 6 4 1 1 -30000000 30000000 6 5 1 1 5000000 15000000 6 6 3 0 25000000 -15000000 6 7 0 1 20000000 -10000000 6 8 0 0 -15000000 -5000000 7 0 2 1 30000000 5000000 7 1 3 1 5000000 -25000000 7 2 1 1 -30000000 0 7 3 2 1 10000000 25000000 7 4 2 1 25000000 10000000 7 5 0 1 5000000 -20000000 7 6 2 1 0 -15000000 32 4 5 6 7 8 10 12 33 34 35 36 37 38 42 43 44 45 46 48 17 18 19 20 23 0 1 2 3 13 15 26 28
FANOUT 0 12 1 0 0 1 -20000000 20000000 1 1 3 1 0 25000000 1 2 3 1 -25000000 0 1 3 2 1 -20000000 -30000000 2 0 2 1 30000000 -5000000 2 1 2 1 -25000000 -15000000 2 2 0 1 -5000000 10000000 2 3 1 1 -30000000 15000000 2 4 3 1 -25000000 -25000000 2 5 1 1 15000000 30000000 2 6 0 1 -15000000 -25000000 2 7 3 1 0 -25000000 9 9 4 7 8 5 11 1 3 2
FANOUT 1 12 1 0 0 1 -20000000 20000000 1 1 3 1 0 25000000 1 2 3 1 -25000000 0 1 3 2 1 -20000000 -30000000 2 0 2 1 30000000 -5000000 2 1 2 1 -25000000 -15000000 2 2 0 1 -5000000 10000000 2 3 1 1 -30000000 15000000 2 4 3 1 -25000000 -25000000 2 5 1 1 15000000 30000000 2 6 0 1 -15000000 -25000000 2 7 3 1 0 -25000000 9 11 5 8 7 4 9 2 3 1
FANOUT 2 12 1 0 0 1 -20000000 20000000 1 1 3 1 0 25000000 1 2 3 1 -25000000 0 1 3 2 1 -20000000 -30000000 2 0 2 1 30000000 -5000000 2 1 2 1 -25000000 -15000000 2 2 0 1 -5000000 10000000 2 3 1 1 -30000000 15000000 2 4 3 1 -25000000 -25000000 2 5 1 1 15000000 30000000 2 6 0 1 -15000000 -25000000 2 7 3 1 0 -25000000 9 5 8 11 7 9 4 3 2 1
FANOUT 3 12 1 0 0 1 -20000000 20000000 1 1 3 1 0 25000000 1 2 3 1 -25000000 0 1 3 2 1 -20000000 -30000000 2 0 2 1 30000000 -5000000 2 1 2 1 -25000000 -15000000 2 2 0 1 -5000000 10000000 2 3 1 1 -30000000 15000000 2 4 3 1 -25000000 -25000000 2 5 1 1 15000000 30000000 2 6 0 1 -15000000 -25000000 2 7 3 1 0 -25000000 9 5 8 7 9 4 11 2 3 1
FANOUT 4 12 1 0 0 1 -20000000 20000000 1 1 3 1 0 25000000 1 2 3 1 -25000000 0 1 3 2 1 -20000000 -30000000 2 0 2 1 30000000 -5000000 2 1 2 1 -25000000 -15000000 2 2 0 1 -5000000 10000000 2 3 1 1 -30000000 15000000 2 4 3 1 -25000000 -25000000 2 5 1 1 15000000 30000000 2 6 0 1 -15000000 -25000000 2 7 3 1 0 -25000000 9 4 5 7 8 9 11 1 2 3
