FGEOM -36.250000000000000 -51.750000000000000 23.500000000000000 -10.875000000000000 -18.375000000000000 1.6250000000000000 36.750000000000000 -63.250000000000000 -18.375000000000000 1.6250000000000000 36.750000000000000 -63.250000000000000 -9.0000000000000000 0.50000000000000000 0.75000000000000000 -6 -0.82673490883941920 0 3 1 0 0 0.0000000000000000 100.00000000000000 1.2500000000000000 0.75000000000000000 -22.250000000000000 -45.500000000000000 3.7500000000000000 -14.750000000000000 23.500000000000000 -41.750000000000000 -37 -64 37 2 -20 100 -88 13 3992.125000000 63.183265189 5240.828125000 72.393564113 42.805622167 -36 -52 -36 -52 -36 -51 -36 -51 -12.750000000 -62.625000000 -59.750000000 -40.875000000 3249.734375000 -0.717159834 -1.023807488 -35.630987792 -51.326533489 -6.375000000 -31.312500000 1 -69.750671825 -21.373838982 36.250000000 51.750000000 -0.500000000 55.000000000 0 -37 -52 -36 -51 0 -1 -1 0.171398396 -38.091060432 0 23.500000000 -10.875000000 -36.250000000 -51.750000000 -36.250000000 -51.750000000 23.500000000 -10.875000000 2 3.735339890 -24.396012251 -36.250000000 -62.654469908 23.500000000 -21.779469908 -33.960416995 0.799799054 -26.404216965 33.960416995 4 0.799799054 -26.404216965 8.118623160 -21.397406332 4 -36.250000000 -51.750000000 23.500000000 -10.875000000 -28.821853498 -46.668401870 16.071853498 -15.956598130 0.799799054 -26.404216965 0
FGEOM -3.1250000000000000 2.1875000000000000 54.625000000000000 41.062500000000000 14.750000000000000 53.562500000000000 67.875000000000000 -9.3125000000000000 0.37500000000000000 4.4375000000000000 58.125000000000000 43.312500000000000 -7.8750000000000000 0.87500000000000000 1.0000000000000000 -5 -0.66138792707153540 1 4 1 1 1 0.12500000000000000 3.5000000000000000 2.2500000000000000 1.7500000000000000 9.8750000000000000 7.4375000000000000 35.875000000000000 38.187500000000000 55.625000000000000 11.187500000000000 -4 -10 68 54 -39 78 -1 96 14.550781250 3.814548630 4846.328125000 69.615573868 63.754786891 -3 2 -3 2 -3 4 -4 3 51.500000000 43.250000000 -57.750000000 -38.875000000 3029.484375000 -1.843271821 1.290290275 -1.673277427 3.164741818 25.750000000 21.625000000 1 -30.911064720 23.999458569 2.187500000 3.125000000 -36.625000000 71.437500000 0 -4 2 -3 3 2 52.527014170 43.864009496 56.431037996 38.064462849 2 52.527014170 43.864009496 2 56.431037996 38.064462849 32.296398396 14.846439568 0 54.625000000 41.062500000 -3.125000000 2.187500000 -3.125000000 2.187500000 54.625000000 41.062500000 -1 -3.125000000 -7.305532800 54.625000000 31.569467200 -32.636599812 32.975057228 26.488620774 32.636599812 4 0.325868086 4.510486959 54.625000000 41.062500000 4 0.325868086 4.510486959 54.625000000 41.062500000 3.407751577 6.585088183 48.092248423 36.664911817 32.975057228 26.488620774 1 -3.125000000 2.187500000 54.625000000 41.062500000
FGEOM -8.0000000000000000 -7.8750000000000000 47.750000000000000 29.000000000000000 9.8750000000000000 41.500000000000000 61.000000000000000 -19.375000000000000 47.750000000000000 29.000000000000000 -8.0000000000000000 -7.8750000000000000 -6.7500000000000000 1.2500000000000000 1.2500000000000000 -4 -0.49604094530365156 2 5 0 1 2 0.25000000000000000 4.5000000000000000 3.2500000000000000 2.7500000000000000 4.0000000000000000 -3.6250000000000000 30.000000000000000 27.125000000000000 49.750000000000000 0.12500000000000000 -8 -20 61 42 -32 81 -16 77 126.015625000 11.225668132 4467.828125000 66.841814196 83.552267745 -8 -8 -8 -8 -8 -10 -8 -8 39.750000000 21.125000000 -55.750000000 -36.875000000 2817.234375000 -2.316120492 -2.279931110 -5.706338437 -6.357892016 19.875000000 10.562500000 1 -29.345495834 6.583543185 -8.000000000 -7.875000000 -8.000000000 -7.875000000 0 -8 -8 -8 -7 2 45.020410491 32.577616681 49.974226514 25.088118558 2 45.020410491 32.577616681 2 49.974226514 25.088118558 26.421398396 3.783939568 0 47.750000000 29.000000000 -8.000000000 -7.875000000 -8.000000000 -7.875000000 47.750000000 29.000000000 -1 -8.000000000 -15.967955082 47.750000000 20.907044918 -31.320448886 27.153728392 15.376905550 31.320448886 4 47.750000000 29.000000000 -8.000000000 -7.875000000 -1 -2.370103437 -4.151189493 42.120103437 25.276189493 27.153728392 15.376905550 2 -8.000000000 -7.875000000 19.875000000 10.562500000 19.875000000 10.562500000 47.750000000 29.000000000
FGEOM 12.125000000000000 -8.9375000000000000 65.875000000000000 28.937500000000000 30.000000000000000 41.437500000000000 79.125000000000000 -17.437500000000000 -9.6250000000000000 20.812500000000000 92.375000000000000 20.812500000000000 -5.6250000000000000 1.6250000000000000 1.5000000000000000 -3 -0.33069396353576770 3 6 -1 1 3 0.37500000000000000 5.5000000000000000 4.2500000000000000 3.7500000000000000 23.125000000000000 -2.6875000000000000 49.125000000000000 28.062500000000000 68.875000000000000 1.0625000000000000 12 -18 80 42 -12 97 3 95 226.894531250 15.063018663 4323.578125000 65.753920986 104.194965427 12 -9 13 -8 12 -6 12 -9 78.000000000 20.000000000 -53.750000000 -37.875000000 2868.734375000 3.421044025 -2.521697400 15.190406549 -6.777457711 39.000000000 10.000000000 1 -3.263218957 -0.404040539 8.937500000 12.125000000 80.375000000 23.562500000 0 12 -9 13 -8 2 62.341977194 33.152680880 68.655896927 24.192332744 2 62.341977194 33.152680880 2 68.655896927 24.192332744 45.546398396 4.721439568 0 65.875000000 28.937500000 12.125000000 -8.937500000 12.125000000 -8.937500000 65.875000000 28.937500000 2 54.344471947 20.812500000 12.125000000 -15.818724289 65.875000000 22.056275711 -30.882426395 47.788625867 16.192915436 30.882426395 4 12.125000000 -8.937500000 65.875000000 28.937500000 4 12.125000000 -8.937500000 65.875000000 28.937500000 16.723109823 -5.697436566 61.276890177 25.697436566 47.788625867 16.192915436 3 12.125000000 -8.937500000 30.041666667 3.687500000 30.041666667 3.687500000 47.958333333 16.312500000 47.958333333 16.312500000 65.875000000 28.937500000
FGEOM -28.750000000000000 -6.0000000000000000 27.000000000000000 29.875000000000000 -10.875000000000000 42.375000000000000 36.250000000000000 -14.500000000000000 5.5000000000000000 -44.250000000000000 5.5000000000000000 67.750000000000000 -4.5000000000000000 2.0000000000000000 1.7500000000000000 -2 -0.16534698176788384 4 0 -1 0 4 0.0000000000000000 6.5000000000000000 5.2500000000000000 4.7500000000000000 -18.750000000000000 -0.75000000000000000 7.2500000000000000 30.000000000000000 27.000000000000000 3.0000000000000000 -29 -15 37 43 -54 51 -35 57 862.562500000 29.369414363 4395.078125000 66.295385397 127.959897435 -29 -6 -29 -6 -28 -6 -29 -6 -1.750000000 23.875000000 -55.750000000 -35.875000000 2731.984375000 -5.139275102 -1.072544369 -24.755566626 -3.429591080 -0.875000000 11.937500000 1 -36.468471603 -2.398099751 28.750000000 6.000000000 7.000000000 90.750000000 0 -29 -6 -28 -6 2 22.963619388 34.969863251 29.964528221 24.090402138 2 22.963619388 34.969863251 2 29.964528221 24.090402138 3.671398396 6.658939568 0 27.000000000 29.875000000 -28.750000000 -6.000000000 -28.750000000 -6.000000000 27.000000000 29.875000000 2 5.500000000 16.039798206 -28.750000000 -11.351197028 27.000000000 24.523802972 -31.007295797 5.904248360 16.299931120 31.007295797 4 -21.935571573 -1.614930586 27.000000000 29.875000000 4 -28.750000000 -6.000000000 27.000000000 29.875000000 -24.965799961 -3.564875760 23.215799961 27.439875760 5.904248360 16.299931120 4 -28.750000000 -6.000000000 -14.812500000 2.968750000 -14.812500000 2.968750000 -0.875000000 11.937500000 -0.875000000 11.937500000 13.062500000 20.906250000 13.062500000 20.906250000 27.000000000 29.875000000
FGEOM -64.625000000000000 33.937500000000000 -5.8750000000000000 67.812500000000000 -41.750000000000000 80.312500000000000 3.3750000000000000 25.437500000000000 -41.750000000000000 80.312500000000000 3.3750000000000000 25.437500000000000 -3.3750000000000000 2.3750000000000000 2.0000000000000000 -1 0.0000000000000000 5 1 -1 -1 5 0.12500000000000000 7.5000000000000000 6.2500000000000000 5.7500000000000000 -50.625000000000000 38.187500000000000 -24.625000000000000 68.937500000000000 -4.8750000000000000 41.937500000000000 -65 25 4 81 -123 -22 -31 62 5328.144531250 72.994140390 4599.078125000 67.816503338 155.109742526 -65 34 -65 34 -65 34 -64 33 -70.500000000 101.750000000 -58.750000000 -33.875000000 2914.859375000 -5.533406488 2.905841125 -59.643727251 36.809680670 -35.250000000 50.875000000 1 -64.625000000 33.937500000 33.937500000 64.625000000 -88.125000000 103.187500000 0 -65 33 -64 34 2 -10.316896363 73.855641294 -2.870212297 60.940727968 2 -10.316896363 73.855641294 2 -2.870212297 60.940727968 -28.203601604 45.596439568 0 -5.875000000 67.812500000 -64.625000000 33.937500000 -64.625000000 33.937500000 -5.875000000 67.812500000 2 -23.238218000 57.800942387 -64.625000000 30.041658319 -5.875000000 63.916658319 -28.748763635 -27.389714226 55.407207329 28.748763635 4 -27.389714226 55.407207329 -17.269874482 61.242263862 4 -64.625000000 33.937500000 -5.875000000 67.812500000 -61.701209474 35.623345176 -8.798790526 66.126654824 -27.389714226 55.407207329 5 -64.625000000 33.937500000 -52.875000000 40.712500000 -52.875000000 40.712500000 -41.125000000 47.487500000 -41.125000000 47.487500000 -29.375000000 54.262500000 -29.375000000 54.262500000 -17.625000000 61.037500000 -17.625000000 61.037500000 -5.875000000 67.812500000
FGEOM -38.500000000000000 -8.1250000000000000 18.250000000000000 32.750000000000000 -15.625000000000000 39.250000000000000 27.500000000000000 -13.625000000000000 -35.000000000000000 -5.8750000000000000 21.750000000000000 35.000000000000000 -2.2500000000000000 2.7500000000000000 2.2500000000000000 0 0.16534698176788384 0 2 0 -1 6 0.25000000000000000 8.5000000000000000 7.2500000000000000 6.7500000000000000 -25.500000000000000 -1.8750000000000000 0.50000000000000000 28.875000000000000 20.250000000000000 1.8750000000000000 -39 -14 28 40 -55 42 -47 51 1548.265625000 39.348006620 4891.328125000 69.938030606 181.145673100 -38 -8 -39 -8 -38 -8 -38 -8 -20.250000000 24.625000000 -56.750000000 -40.875000000 3234.609375000 -7.093751983 -1.497058048 -33.022829758 -4.179989716 -10.125000000 12.312500000 1 -30.390346101 -11.243968001 -38.500000000 -8.125000000 -38.500000000 -8.125000000 0 -39 -9 -38 -8 2 12.480779003 38.992282362 22.342708035 25.300185174 2 12.480779003 38.992282362 2 22.342708035 25.300185174 -3.078601604 5.533939568 0 18.250000000 32.750000000 -38.500000000 -8.125000000 -38.500000000 -8.125000000 18.250000000 32.750000000 -1 -38.500000000 -10.897873460 18.250000000 29.977126540 -25.072419252 -0.971525659 18.905420946 25.072419252 4 -35.128483125 -5.696616700 18.250000000 32.750000000 4 -35.128483125 -5.696616700 18.250000000 32.750000000 -36.674276586 -6.809996572 16.424276586 31.434996572 -0.971525659 18.905420946 6 -38.500000000 -8.125000000 -29.041666667 -1.312500000 -29.041666667 -1.312500000 -19.583333333 5.500000000 -19.583333333 5.500000000 -10.125000000 12.312500000 -10.125000000 12.312500000 -0.666666667 19.125000000 -0.666666667 19.125000000 8.791666667 25.937500000 8.791666667 25.937500000 18.250000000 32.750000000
FGEOM -70.250000000000000 -42.187500000000000 -15.500000000000000 -3.3125000000000000 -47.375000000000000 3.1875000000000000 -6.2500000000000000 -54.687500000000000 -15.500000000000000 -3.3125000000000000 -70.250000000000000 -42.187500000000000 -1.1250000000000000 0.50000000000000000 2.5000000000000000 1 0.33069396353576770 1 3 1 -1 0 0.37500000000000000 9.5000000000000000 8.2500000000000000 7.7500000000000000 -58.250000000000000 -36.937500000000000 -32.250000000000000 -6.1875000000000000 -12.500000000000000 -33.187500000000000 -71 -55 -6 4 -51 49 -113 -18 6714.847656250 81.944174023 4508.828125000 67.147808043 100.969306134 -70 -42 -71 -43 -70 -42 -70 -42 -85.750000000 -45.500000000 -54.750000000 -38.875000000 3016.359375000 -7.072650459 -4.247365711 -63.930918077 -37.700663292 -42.875000000 -22.750000000 1 -54.277330989 -47.156457700 42.187500000 -70.250000000 -2.000000000 -19.687500000 0 -71 -43 -70 -42 2 -22.040562161 3.577423557 -11.151221320 -11.758689910 2 -22.040562161 3.577423557 2 -11.151221320 -11.758689910 -35.828601604 -29.528560432 0 -15.500000000 -3.312500000 -70.250000000 -42.187500000 -70.250000000 -42.187500000 -15.500000000 -3.312500000 -1 -70.250000000 -43.567249480 -15.500000000 -4.692249480 -23.753800332 -33.622816350 -16.180527134 23.753800332 4 -15.500000000 -3.312500000 -70.250000000 -42.187500000 -1 -69.332713914 -41.536184994 -16.417286086 -3.963815006 -33.622816350 -16.180527134 0
FGEOM -77.125000000000000 -25.250000000000000 -20.375000000000000 11.625000000000000 -54.250000000000000 26.125000000000000 -15.125000000000000 -37.750000000000000 -98.875000000000000 2.5000000000000000 3.1250000000000000 2.5000000000000000 0.0000000000000000 0.87500000000000000 2.7500000000000000 2 0.49604094530365156 2 4 1 0 1 0.0000000000000000 10.500000000000000 9.2500000000000000 8.7500000000000000 -66.125000000000000 -21.000000000000000 -40.125000000000000 9.7500000000000000 -20.375000000000000 -17.250000000000000 -78 -38 -15 27 -81 23 -103 -8 6585.828125000 81.153115313 4580.328125000 67.678121465 112.911340011 -77 -25 -77 -26 -78 -24 -77 -25 -97.500000000 -13.625000000 -56.750000000 -36.875000000 3192.609375000 -8.790867082 -2.878047246 -69.787879979 -20.482488092 -48.750000000 -6.812500000 1 -49.916164742 -29.945260584 77.125000000 25.250000000 -31.375000000 77.500000000 0 -78 -26 -77 -25 2 -27.392732661 19.435341113 -16.089249559 2.039472203 2 -27.392732661 19.435341113 2 -16.089249559 2.039472203 -43.703601604 -13.591060432 0 -20.375000000 11.625000000 -77.125000000 -25.250000000 -77.125000000 -25.250000000 -20.375000000 11.625000000 2 -34.418220339 2.500000000 -77.125000000 -25.250000000 -20.375000000 11.625000000 -30.615737851 -37.568754882 0.452846497 30.615737851 4 -77.125000000 -25.250000000 -20.375000000 11.625000000 4 -77.125000000 -25.250000000 -20.375000000 11.625000000 -77.125000000 -25.250000000 -20.375000000 11.625000000 -37.568754882 0.452846497 1 -77.125000000 -25.250000000 -20.375000000 11.625000000
FGEOM -16.000000000000000 -0.31250000000000000 38.750000000000000 37.562500000000000 -2.1250000000000000 52.062500000000000 44.000000000000000 -9.8125000000000000 18.250000000000000 -37.562500000000000 18.250000000000000 74.437500000000000 1.1250000000000000 1.2500000000000000 0.75000000000000000 3 0.66138792707153540 3 5 1 1 2 0.12500000000000000 100.00000000000000 10.250000000000000 9.7500000000000000 -6.0000000000000000 5.9375000000000000 20.000000000000000 36.687500000000000 39.750000000000000 9.6875000000000000 -16 -10 44 53 -55 54 -17 77 256.097656250 16.003051467 4432.078125000 66.573854665 74.098626474 -16 0 -16 -1 -15 0 -16 0 22.750000000 37.250000000 -54.750000000 -37.875000000 2743.359375000 -10.248045527 -0.200157139 -7.981649513 5.234441091 11.375000000 18.625000000 1 19.095066259 2.209064432 -0.312500000 16.000000000 -54.500000000 65.937500000 0 -16 -1 -16 0 0 -1 -1 16.421398396 13.346439568 0 38.750000000 37.562500000 -16.000000000 -0.312500000 -16.000000000 -0.312500000 38.750000000 37.562500000 2 18.250000000 23.380993151 -16.000000000 1.055455918 38.750000000 38.930455918 -35.179210169 17.889051940 23.131296205 35.179210169 4 -10.263905194 3.655620379 38.750000000 37.562500000 4 -16.000000000 -0.312500000 38.750000000 37.562500000 -15.074805713 0.327531664 37.824805713 36.922468336 17.889051940 23.131296205 2 -16.000000000 -0.312500000 11.375000000 18.625000000 11.375000000 18.625000000 38.750000000 37.562500000
FGEOM 8.1250000000000000 -51.375000000000000 65.875000000000000 -15.500000000000000 27.000000000000000 -1.0000000000000000 81.125000000000000 -60.875000000000000 27.000000000000000 -1.0000000000000000 81.125000000000000 -60.875000000000000 2.2500000000000000 1.6250000000000000 1.0000000000000000 4 0.82673490883941920 4 6 0 1 3 0.25000000000000000 12.500000000000000 11.250000000000000 10.750000000000000 22.125000000000000 -46.125000000000000 48.125000000000000 -15.375000000000000 67.875000000000000 -42.375000000000000 8 -61 82 -1 28 142 -44 51 2705.406250000 52.013519877 4622.078125000 67.985867098 100.467233659 8 -51 9 -51 8 -54 8 -51 74.000000000 -66.875000000 -57.750000000 -35.875000000 2897.234375000 1.757355592 -11.111894588 17.256493449 -45.702405585 37.000000000 -33.437500000 1 51.278402336 -49.004847985 8.125000000 -51.375000000 8.125000000 -51.375000000 0 8 -52 9 -51 2 57.439161658 -6.275758488 70.406344625 -27.149760336 2 57.439161658 -6.275758488 2 70.406344625 -27.149760336 44.546398396 -38.716060432 0 65.875000000 -15.500000000 8.125000000 -51.375000000 8.125000000 -51.375000000 65.875000000 -15.500000000 2 49.373830190 -25.750726700 8.125000000 -48.726199983 65.875000000 -12.851199983 -32.830582594 44.324146927 -28.887651151 32.830582594 4 44.324146927 -28.887651151 56.539941196 -21.299051681 4 8.125000000 -51.375000000 65.875000000 -15.500000000 10.036242815 -50.187712797 63.963757185 -16.687287203 44.324146927 -28.887651151 3 8.125000000 -51.375000000 27.375000000 -39.416666667 27.375000000 -39.416666667 46.625000000 -27.458333333 46.625000000 -27.458333333 65.875000000 -15.500000000
FGEOM 0.25000000000000000 -16.750000000000000 56.000000000000000 17.125000000000000 19.125000000000000 31.625000000000000 71.250000000000000 -26.250000000000000 3.7500000000000000 -14.500000000000000 59.500000000000000 19.375000000000000 3.3750000000000000 2.0000000000000000 1.2500000000000000 5 -0.82673490883941920 5 0 -1 1 4 0.37500000000000000 13.500000000000000 12.250000000000000 11.750000000000000 13.250000000000000 -12.500000000000000 39.250000000000000 18.250000000000000 59.000000000000000 -8.7500000000000000 0 -27 72 32 -13 98 -17 74 280.625000000 16.751865568 4255.578125000 65.234792289 119.269623811 0 -17 1 -16 0 -16 0 -17 56.250000000 0.375000000 -55.750000000 -33.875000000 2690.984375000 0.182815459 -12.248635781 10.291612413 -10.648482144 28.125000000 0.187500000 1 -29.249333843 12.748292787 16.750000000 0.250000000 67.500000000 12.750000000 0 0 -17 1 -16 2 46.753941553 26.961686596 60.470943433 4.386842173 2 46.753941553 26.961686596 2 60.470943433 4.386842173 35.671398396 -5.091060432 0 56.000000000 17.125000000 0.250000000 -16.750000000 0.250000000 -16.750000000 56.000000000 17.125000000 -1 0.250000000 -12.800808539 56.000000000 21.074191461 -31.540157526 35.503113561 4.670613845 31.540157526 4 3.804725966 -14.590065612 56.000000000 17.125000000 4 3.804725966 -14.590065612 56.000000000 17.125000000 3.134292927 -14.997436360 53.115707073 15.372436360 35.503113561 4.670613845 4 0.250000000 -16.750000000 14.187500000 -8.281250000 14.187500000 -8.281250000 28.125000000 0.187500000 28.125000000 0.187500000 42.062500000 8.656250000 42.062500000 8.656250000 56.000000000 17.125000000
FGEOM -66.625000000000000 -61.812500000000000 -8.8750000000000000 -20.937500000000000 -47.750000000000000 -12.437500000000000 2.3750000000000000 -68.312500000000000 -8.8750000000000000 -20.937500000000000 -66.625000000000000 -61.812500000000000 4.5000000000000000 2.3750000000000000 1.5000000000000000 6 -0.66138792707153540 0 1 -1 0 5 0.0000000000000000 14.500000000000000 13.250000000000000 12.750000000000000 -54.625000000000000 -55.562500000000000 -28.625000000000000 -24.812500000000000 -8.8750000000000000 -51.812500000000000 -67 -69 3 -12 -36 71 -129 -29 8259.675781250 90.882758438 5005.828125000 70.751877184 150.236678512 -67 -62 -67 -61 -66 -62 -67 -62 -75.500000000 -82.750000000 -57.750000000 -40.875000000 3108.234375000 -9.713407308 -9.011782202 -56.218032308 -54.446529361 -37.750000000 -41.375000000 1 -92.971779804 -39.808047699 66.625000000 61.812500000 -28.875000000 36.937500000 0 -67 -62 -66 -61 2 -19.499738287 -11.070132756 -3.101382125 -34.238452471 2 -19.499738287 -11.070132756 2 -3.101382125 -34.238452471 -32.203601604 -48.153560432 0 -8.875000000 -20.937500000 -66.625000000 -61.812500000 -66.625000000 -61.812500000 -8.875000000 -20.937500000 -1 -66.625000000 -56.299366713 -8.875000000 -15.424366713 -29.396967371 -30.766690311 -36.432267818 29.396967371 4 -8.875000000 -20.937500000 -66.625000000 -61.812500000 -1 -62.951952579 -59.212745657 -12.548047421 -23.537254343 -30.766690311 -36.432267818 5 -66.625000000 -61.812500000 -55.075000000 -53.637500000 -55.075000000 -53.637500000 -43.525000000 -45.462500000 -43.525000000 -45.462500000 -31.975000000 -37.287500000 -31.975000000 -37.287500000 -20.425000000 -29.112500000 -20.425000000 -29.112500000 -8.875000000 -20.937500000
FGEOM -55.500000000000000 -21.875000000000000 0.25000000000000000 17.000000000000000 -36.625000000000000 25.500000000000000 11.500000000000000 -28.375000000000000 -77.250000000000000 6.8750000000000000 24.750000000000000 6.8750000000000000 5.6250000000000000 2.7500000000000000 1.7500000000000000 -6 -0.49604094530365156 1 2 -1 -1 6 0.12500000000000000 2.5000000000000000 14.250000000000000 13.750000000000000 -44.500000000000000 -16.625000000000000 -18.500000000000000 14.125000000000000 1.2500000000000000 -12.875000000000000 -56 -29 12 26 -63 40 -78 18 3558.765625000 59.655390578 4619.328125000 67.965639297 167.728869408 -55 -22 -56 -21 -56 -22 -55 -22 -55.250000000 -4.875000000 -55.750000000 -38.875000000 2893.984375000 -13.257393713 -5.225324099 -44.221322893 -14.010272242 -27.625000000 -2.437500000 1 -75.773074799 -7.181561920 55.500000000 21.875000000 -17.750000000 72.875000000 0 -56 -22 -55 -21 2 -1.254413147 18.996682519 1.603552463 14.898120905 2 -1.254413147 18.996682519 2 1.603552463 14.898120905 -22.078601604 -9.216060432 0 0.250000000 17.000000000 -55.500000000 -21.875000000 -55.500000000 -21.875000000 0.250000000 17.000000000 2 -14.270096463 6.875000000 -55.500000000 -15.017480340 0.250000000 23.857519660 -28.064043018 -20.572923044 2.479979671 28.064043018 4 -55.500000000 -21.875000000 0.250000000 17.000000000 4 -55.500000000 -21.875000000 0.250000000 17.000000000 -50.885995729 -18.657611372 -4.364004271 13.782611372 -20.572923044 2.479979671 6 -55.500000000 -21.875000000 -46.208333333 -15.395833333 -46.208333333 -15.395833333 -36.916666667 -8.916666667 -36.916666667 -8.916666667 -27.625000000 -2.437500000 -27.625000000 -2.437500000 -18.333333333 4.041666667 -18.333333333 4.041666667 -9.041666667 10.520833333 -9.041666667 10.520833333 0.250000000 17.000000000
FGEOM 14.750000000000000 -0.93750000000000000 68.500000000000000 35.937500000000000 33.625000000000000 44.437500000000000 79.750000000000000 -14.437500000000000 49.000000000000000 -40.187500000000000 49.000000000000000 71.812500000000000 6.7500000000000000 0.50000000000000000 2.0000000000000000 -5 -0.33069396353576770 2 3 0 -1 0 0.25000000000000000 3.5000000000000000 15.250000000000000 14.750000000000000 24.750000000000000 3.3125000000000000 50.750000000000000 34.062500000000000 70.500000000000000 7.0625000000000000 14 -15 80 45 -11 95 13 105 218.441406250 14.779763403 4248.828125000 65.183035561 78.494127965 15 -1 14 -1 14 0 15 -1 83.250000000 35.000000000 -53.750000000 -36.875000000 2687.734375000 15.219289637 -0.967327731 26.912865586 7.406791506 41.625000000 17.500000000 1 1.039461148 7.649745139 -0.937500000 -14.750000000 -11.750000000 63.312500000 0 14 -1 15 0 2 66.367885803 38.713124083 70.322175795 32.949243757 2 66.367885803 38.713124083 2 70.322175795 32.949243757 47.171398396 10.721439568 0 68.500000000 35.937500000 14.750000000 -0.937500000 14.750000000 -0.937500000 68.500000000 35.937500000 2 49.000000000 22.559593023 14.750000000 7.248276559 68.500000000 44.123276559 -26.738408391 48.751310104 22.388980188 26.738408391 4 19.729176243 2.478446493 68.500000000 35.937500000 4 14.750000000 -0.937500000 68.500000000 35.937500000 20.316057132 2.881074079 62.933942868 32.118925921 48.751310104 22.388980188 0
FGEOM 0.87500000000000000 12.000000000000000 57.625000000000000 49.875000000000000 24.750000000000000 58.375000000000000 68.875000000000000 1.5000000000000000 24.750000000000000 58.375000000000000 68.875000000000000 1.5000000000000000 7.8750000000000000 0.87500000000000000 2.2500000000000000 -4 -0.16534698176788384 3 4 1 -1 1 0.37500000000000000 4.5000000000000000 16.250000000000000 15.750000000000000 14.875000000000000 18.250000000000000 40.875000000000000 49.000000000000000 60.625000000000000 22.000000000000000 0 1 69 59 -34 68 12 108 144.765625000 12.031858751 4655.078125000 68.228132944 98.630515134 1 12 0 12 0 12 1 12 58.500000000 61.875000000 -56.750000000 -37.875000000 3111.359375000 1.181758388 16.206972176 13.975351152 20.743185901 29.250000000 30.937500000 1 -6.432450243 16.562190398 0.875000000 12.000000000 0.875000000 12.000000000 0 0 12 1 12 2 54.885518683 53.445047914 59.870746317 45.975432911 2 54.885518683 53.445047914 2 59.870746317 45.975432911 37.296398396 25.658939568 0 57.625000000 49.875000000 0.875000000 12.000000000 0.875000000 12.000000000 57.625000000 49.875000000 2 40.309977307 38.318938599 0.875000000 21.467780563 57.625000000 59.342780563 -25.319696589 38.805543761 37.314878325 25.319696589 4 38.805543761 37.314878325 43.071817991 40.162193505 4 0.875000000 12.000000000 57.625000000 49.875000000 7.425175576 16.371592950 51.074824424 45.503407050 38.805543761 37.314878325 1 0.875000000 12.000000000 57.625000000 49.875000000
FGEOM -7.0000000000000000 -23.062500000000000 51.750000000000000 12.812500000000000 16.875000000000000 29.312500000000000 59.000000000000000 -33.562500000000000 -3.5000000000000000 -20.812500000000000 55.250000000000000 15.062500000000000 9.0000000000000000 1.2500000000000000 2.5000000000000000 -3 0.0000000000000000 4 5 1 0 2 0.0000000000000000 5.5000000000000000 17.250000000000000 16.750000000000000 6.0000000000000000 -17.812500000000000 32.000000000000000 12.937500000000000 51.750000000000000 -14.062500000000000 -7 -34 59 30 -13 93 -31 65 580.878906250 24.101429548 4738.578125000 68.837330897 115.917703836 -7 -23 -7 -24 -8 -25 -7 -23 44.750000000 -10.250000000 -58.750000000 -35.875000000 3281.609375000 -5.010076260 -16.506411962 7.295477282 -14.333134085 22.375000000 -5.125000000 1 -7.000000000 -23.062500000 23.062500000 -7.000000000 69.250000000 5.437500000 0 -7 -24 -7 -23 2 48.517758206 17.262512695 54.232148643 7.904451700 2 48.517758206 17.262512695 2 54.232148643 7.904451700 28.421398396 -10.403560432 0 51.750000000 12.812500000 -7.000000000 -23.062500000 -7.000000000 -23.062500000 51.750000000 12.812500000 -1 -7.000000000 -12.517206756 51.750000000 23.357793244 -32.257433519 33.686160636 1.782027878 32.257433519 4 -3.449843209 -20.894638300 51.750000000 12.812500000 4 -3.449843209 -20.894638300 51.750000000 12.812500000 0.681151973 -18.372094434 44.068848027 8.122094434 33.686160636 1.782027878 2 -7.000000000 -23.062500000 22.375000000 -5.125000000 22.375000000 -5.125000000 51.750000000 12.812500000
FGEOM -72.875000000000000 -27.125000000000000 -16.125000000000000 6.7500000000000000 -49.000000000000000 23.250000000000000 -8.8750000000000000 -37.625000000000000 -16.125000000000000 6.7500000000000000 -72.875000000000000 -27.125000000000000 -9.0000000000000000 1.6250000000000000 2.7500000000000000 -2 0.16534698176788384 5 6 1 1 3 0.12500000000000000 6.5000000000000000 18.250000000000000 17.750000000000000 -60.875000000000000 -22.875000000000000 -34.875000000000000 7.8750000000000000 -15.125000000000000 -19.125000000000000 -73 -38 -8 24 -73 29 -100 -9 6046.531250000 77.759444764 4368.078125000 66.091437607 131.081595831 -73 -27 -72 -28 -75 -30 -73 -27 -89.000000000 -20.375000000 -56.750000000 -33.875000000 3061.359375000 -17.103629714 -6.366188075 -57.633804825 -18.027282175 -44.500000000 -10.187500000 1 -64.257923633 -30.367646502 72.875000000 27.125000000 -25.125000000 73.625000000 0 -73 -28 -72 -27 2 -19.989318642 11.976570714 -13.358503984 0.868121066 2 -19.989318642 11.976570714 2 -13.358503984 0.868121066 -38.453601604 -15.466060432 0 -16.125000000 6.750000000 -72.875000000 -27.125000000 -72.875000000 -27.125000000 -16.125000000 6.750000000 -1 -72.875000000 -37.606461471 -16.125000000 -3.731461471 -31.017870078 -33.101868760 -3.383769678 31.017870078 4 -16.125000000 6.750000000 -72.875000000 -27.125000000 -1 -65.147070052 -22.512072652 -23.852929948 2.137072652 -33.101868760 -3.383769678 3 -72.875000000 -27.125000000 -53.958333333 -15.833333333 -53.958333333 -15.833333333 -35.041666667 -4.541666667 -35.041666667 -4.541666667 -16.125000000 6.750000000
FGEOM -9.7500000000000000 -60.187500000000000 45.000000000000000 -19.312500000000000 5.1250000000000000 -8.8125000000000000 52.250000000000000 -67.687500000000000 -31.500000000000000 -30.437500000000000 70.500000000000000 -30.437500000000000 -7.8750000000000000 2.0000000000000000 0.75000000000000000 -1 0.33069396353576770 0 0 0 1 4 0.25000000000000000 100.00000000000000 19.250000000000000 18.750000000000000 1.2500000000000000 -53.937500000000000 27.250000000000000 -23.187500000000000 47.000000000000000 -50.187500000000000 -10 -68 53 -8 13 120 -70 26 3717.597656250 60.972105559 4668.328125000 68.325164654 113.710402620 -10 -60 -9 -60 -9 -60 -10 -60 35.250000000 -79.500000000 -54.750000000 -40.875000000 2914.359375000 -3.078251904 -19.002285789 5.274661927 -48.970457877 17.625000000 -39.750000000 1 7.737403760 -62.233765397 -60.187500000 9.750000000 -46.250000000 6.062500000 0 -10 -61 -9 -60 0 -1 -1 23.671398396 -46.528560432 0 45.000000000 -19.312500000 -9.750000000 -60.187500000 -9.750000000 -60.187500000 45.000000000 -19.312500000 2 30.098623853 -30.437500000 -9.750000000 -70.015092176 45.000000000 -29.140092176 -32.268720261 24.429511703 -34.669919345 32.268720261 4 -9.454235322 -59.966689385 45.000000000 -19.312500000 4 -9.750000000 -60.187500000 45.000000000 -19.312500000 -3.439641991 -55.476342308 38.689641991 -24.023657692 24.429511703 -34.669919345 4 -9.750000000 -60.187500000 3.937500000 -49.968750000 3.937500000 -49.968750000 17.625000000 -39.750000000 17.625000000 -39.750000000 31.312500000 -29.531250000 31.312500000 -29.531250000 45.000000000 -19.312500000
FGEOM 23.375000000000000 -46.250000000000000 76.125000000000000 -7.3750000000000000 38.250000000000000 3.1250000000000000 83.375000000000000 -53.750000000000000 57.625000000000000 -84.500000000000000 57.625000000000000 27.500000000000000 -6.7500000000000000 2.3750000000000000 1.0000000000000000 0 0.49604094530365156 1 1 -1 1 5 0.37500000000000000 8.5000000000000000 20.250000000000000 19.750000000000000 33.375000000000000 -41.000000000000000 59.375000000000000 -10.250000000000000 79.125000000000000 -37.250000000000000 23 -54 84 4 35 138 -23 69 2685.453125000 51.821357807 4293.828125000 65.527308239 131.174148469 23 -46 24 -46 23 -46 23 -47 99.500000000 -53.625000000 -52.750000000 -38.875000000 2704.109375000 9.134144106 -18.072905451 39.273905785 -34.533033889 49.750000000 -26.812500000 1 48.667730482 -47.378733937 23.375000000 -46.250000000 23.375000000 -46.250000000 0 23 -47 24 -46 2 70.237264234 -1.244374620 80.237542447 -14.813883963 2 70.237264234 -1.244374620 2 80.237542447 -14.813883963 55.796398396 -33.591060432 0 76.125000000 -7.375000000 23.375000000 -46.250000000 23.375000000 -46.250000000 76.125000000 -7.375000000 2 57.625000000 -21.008886256 23.375000000 -54.635011007 76.125000000 -15.760011007 -30.922460871 56.595186132 -21.767824912 30.922460871 4 27.302768781 -43.355364713 76.125000000 -7.375000000 4 23.375000000 -46.250000000 76.125000000 -7.375000000 28.808803243 -42.245467278 70.691196757 -11.379532722 56.595186132 -21.767824912 5 23.375000000 -46.250000000 33.925000000 -38.475000000 33.925000000 -38.475000000 44.475000000 -30.700000000 44.475000000 -30.700000000 55.025000000 -22.925000000 55.025000000 -22.925000000 65.575000000 -15.150000000 65.575000000 -15.150000000 76.125000000 -7.375000000
FGEOM -54.500000000000000 -31.312500000000000 5.2500000000000000 5.5625000000000000 -34.625000000000000 16.062500000000000 18.500000000000000 -38.812500000000000 -34.625000000000000 16.062500000000000 18.500000000000000 -38.812500000000000 -5.6250000000000000 2.7500000000000000 1.2500000000000000 1 0.66138792707153540 2 2 -1 0 6 0.0000000000000000 9.5000000000000000 21.250000000000000 20.750000000000000 -40.500000000000000 -27.062500000000000 -14.500000000000000 3.6875000000000000 5.2500000000000000 -23.312500000000000 -55 -39 19 17 -51 58 -86 11 3950.722656250 62.854774331 4929.828125000 70.212734778 170.655300080 -54 -31 -54 -31 -54 -32 -54 -32 -49.250000000 -25.750000000 -59.750000000 -36.875000000 2934.484375000 -18.425410199 -10.586158841 -36.842056553 -20.414815236 -24.625000000 -12.875000000 1 -21.210840361 -33.530509297 31.312500000 -54.500000000 12.750000000 -3.812500000 0 -55 -32 -54 -31 2 -0.787259964 12.897450043 9.099582275 -3.122585855 2 -0.787259964 12.897450043 2 9.099582275 -3.122585855 -18.078601604 -19.653560432 0 5.250000000 5.562500000 -54.500000000 -31.312500000 -54.500000000 -31.312500000 5.250000000 5.562500000 2 -13.348026801 -5.915361728 -54.500000000 -37.922485492 5.250000000 -1.047485492 -29.877281260 -18.933761794 -9.362624957 29.877281260 4 -18.933761794 -9.362624957 -4.987127150 -0.755392279 4 -54.500000000 -31.312500000 5.250000000 5.562500000 -49.713208102 -28.358308347 0.463208102 2.608308347 -18.933761794 -9.362624957 6 -54.500000000 -31.312500000 -44.541666667 -25.166666667 -44.541666667 -25.166666667 -34.583333333 -19.020833333 -34.583333333 -19.020833333 -24.625000000 -12.875000000 -24.625000000 -12.875000000 -14.666666667 -6.729166667 -14.666666667 -6.729166667 -4.708333333 -0.583333333 -4.708333333 -0.583333333 5.250000000 5.562500000
FGEOM -19.250000000000000 -16.375000000000000 38.500000000000000 21.500000000000000 0.62500000000000000 32.000000000000000 51.750000000000000 -27.875000000000000 -15.750000000000000 -14.125000000000000 42.000000000000000 23.750000000000000 -4.5000000000000000 0.50000000000000000 1.5000000000000000 2 0.82673490883941920 3 3 -1 -1 0 0.12500000000000000 10.500000000000000 22.250000000000000 21.750000000000000 -6.2500000000000000 -10.125000000000000 19.750000000000000 20.625000000000000 39.500000000000000 -6.3750000000000000 -20 -28 52 32 -32 80 -36 60 638.703125000 25.272576541 4769.578125000 69.062132352 63.729316498 -19 -16 -20 -16 -18 -15 -19 -17 19.250000000 5.125000000 -57.750000000 -37.875000000 2979.984375000 -16.947717986 -14.416565300 -1.062572864 -4.446882203 9.625000000 2.562500000 1 22.754672943 -15.386008752 19.250000000 16.375000000 20.500000000 80.375000000 0 -20 -17 -19 -16 2 31.473635069 29.302576232 42.856553332 11.946443434 2 31.473635069 29.302576232 2 42.856553332 11.946443434 16.171398396 -2.716060432 0 38.500000000 21.500000000 -19.250000000 -16.375000000 -19.250000000 -16.375000000 38.500000000 21.500000000 -1 -19.250000000 -21.756464859 38.500000000 16.118535141 -29.551514781 16.831618362 7.288918536 29.551514781 4 -15.770845004 -14.093216529 38.500000000 21.500000000 4 -15.770845004 -14.093216529 38.500000000 21.500000000 -15.487084041 -13.907113559 34.737084041 19.032113559 16.831618362 7.288918536 0
FGEOM -42.125000000000000 -44.750000000000000 13.625000000000000 -8.8750000000000000 -22.250000000000000 1.6250000000000000 26.875000000000000 -56.250000000000000 13.625000000000000 -8.8750000000000000 -42.125000000000000 -44.750000000000000 -3.3750000000000000 0.87500000000000000 1.7500000000000000 3 -0.82673490883941920 4 4 0 -1 1 0.25000000000000000 11.500000000000000 23.250000000000000 22.750000000000000 -30.125000000000000 -39.500000000000000 -4.1250000000000000 -8.7500000000000000 15.625000000000000 -35.750000000000000 -43 -57 27 2 -24 84 -87 5 3777.078125000 61.457937852 4395.078125000 66.295385397 79.505318710 -42 -45 -43 -45 -44 -44 -42 -45 -28.500000000 -53.625000000 -55.750000000 -35.875000000 2771.734375000 -15.936204244 -16.929261481 -22.993766470 -32.439094119 -14.250000000 -26.812500000 1 -69.830167594 -15.161420160 -44.750000000 42.125000000 -68.625000000 21.500000000 0 -43 -45 -42 -44 2 5.818703674 -0.430372260 18.076208070 -19.478619510 2 5.818703674 -0.430372260 2 18.076208070 -19.478619510 -7.703601604 -32.091060432 0 13.625000000 -8.875000000 -42.125000000 -44.750000000 -42.125000000 -44.750000000 13.625000000 -8.875000000 -1 -42.125000000 -48.763397771 13.625000000 -12.888397771 -28.243151673 -6.966537053 -22.125607924 28.243151673 4 13.625000000 -8.875000000 -42.125000000 -44.750000000 -1 -39.286849971 -42.923656820 10.786849971 -10.701343180 -6.966537053 -22.125607924 1 -42.125000000 -44.750000000 13.625000000 -8.875000000
FGEOM -44.000000000000000 -30.812500000000000 9.7500000000000000 3.0625000000000000 -24.125000000000000 13.562500000000000 23.000000000000000 -42.312500000000000 -65.750000000000000 -3.0625000000000000 36.250000000000000 -3.0625000000000000 -2.2500000000000000 1.2500000000000000 2.0000000000000000 4 -0.66138792707153540 5 5 1 -1 2 0.37500000000000000 12.500000000000000 24.250000000000000 23.750000000000000 -33.000000000000000 -26.562500000000000 -7.0000000000000000 4.1875000000000000 12.750000000000000 -22.812500000000000 -44 -43 23 14 -38 66 -75 13 2885.410156250 53.716013965 4036.578125000 63.534070584 95.416050307 -44 -31 -44 -31 -45 -30 -44 -30 -34.250000000 -27.750000000 -53.750000000 -33.875000000 2571.484375000 -19.863722589 -13.910248916 -23.907434102 -18.149510794 -17.125000000 -13.875000000 1 -67.064856750 -9.248132440 -44.000000000 -30.812500000 -44.000000000 -30.812500000 0 -44 -31 -44 -30 2 1.134949415 12.119591334 14.203883755 -8.617094150 2 1.134949415 12.119591334 2 14.203883755 -8.617094150 -10.578601604 -19.153560432 0 9.750000000 3.062500000 -44.000000000 -30.812500000 -44.000000000 -30.812500000 9.750000000 3.062500000 2 0.031365314 -3.062500000 -44.000000000 -33.472065745 9.750000000 0.402934255 -26.944450580 -9.758798449 -9.232579952 26.944450580 4 -44.000000000 -30.812500000 9.750000000 3.062500000 4 -44.000000000 -30.812500000 9.750000000 3.062500000 -42.096493757 -29.612848391 7.846493757 1.862848391 -9.758798449 -9.232579952 2 -44.000000000 -30.812500000 -17.125000000 -13.875000000 -17.125000000 -13.875000000 9.750000000 3.062500000
FGEOM -12.875000000000000 -60.875000000000000 42.875000000000000 -20.000000000000000 7.0000000000000000 -7.5000000000000000 52.125000000000000 -69.375000000000000 21.375000000000000 -98.125000000000000 21.375000000000000 13.875000000000000 -1.1250000000000000 1.6250000000000000 2.2500000000000000 5 -0.49604094530365156 0 6 1 0 3 0.0000000000000000 13.500000000000000 25.250000000000000 24.750000000000000 -2.8750000000000000 -54.625000000000000 23.125000000000000 -23.875000000000000 42.875000000000000 -50.875000000000000 -13 -70 53 -7 14 122 -74 23 3871.531250000 62.221630082 4778.828125000 69.129068596 129.094843102 -13 -61 -13 -61 -12 -60 -13 -60 30.000000000 -80.875000000 -55.750000000 -40.875000000 3289.734375000 -5.224770704 -24.703527503 7.084946344 -46.240689564 15.000000000 -40.437500000 1 -35.883232909 -44.982457034 60.875000000 -12.875000000 60.375000000 -27.375000000 0 -13 -61 -12 -60 2 32.920203957 -10.881226193 48.577524467 -32.236470680 2 32.920203957 -10.881226193 2 48.577524467 -32.236470680 19.546398396 -47.216060432 0 42.875000000 -20.000000000 -12.875000000 -60.875000000 -12.875000000 -60.875000000 42.875000000 -20.000000000 2 21.375000000 -35.763452915 -12.875000000 -62.269981205 42.875000000 -21.394981205 -31.293140048 25.503172767 -32.736743285 31.293140048 4 -8.362065344 -57.566189164 42.875000000 -20.000000000 4 -12.875000000 -60.875000000 42.875000000 -20.000000000 -11.967729712 -60.209804071 41.967729712 -20.665195929 25.503172767 -32.736743285 3 -12.875000000 -60.875000000 5.708333333 -47.250000000 5.708333333 -47.250000000 24.291666667 -33.625000000 24.291666667 -33.625000000 42.875000000 -20.000000000
FGEOM -50.750000000000000 -62.937500000000000 8.0000000000000000 -24.062500000000000 -25.875000000000000 -11.562500000000000 17.250000000000000 -71.437500000000000 -25.875000000000000 -11.562500000000000 17.250000000000000 -71.437500000000000 0.0000000000000000 2.0000000000000000 2.5000000000000000 6 -0.33069396353576770 1 0 1 1 4 0.12500000000000000 14.500000000000000 26.250000000000000 25.750000000000000 -36.750000000000000 -57.687500000000000 -10.750000000000000 -26.937500000000000 9.0000000000000000 -53.937500000000000 -51 -72 18 -11 -15 89 -114 -16 6536.691406250 80.849807707 4962.828125000 70.447342924 152.484950589 -51 -63 -50 -63 -51 -62 -51 -62 -42.750000000 -87.000000000 -58.750000000 -38.875000000 3458.609375000 -16.477311917 -20.434301848 -29.275627267 -48.727861872 -21.375000000 -43.500000000 1 -66.083639118 -52.076961496 50.750000000 62.937500000 -1.000000000 39.812500000 0 -51 -63 -50 -62 2 -2.319158294 -13.875990681 13.341275849 -37.542884724 2 -2.319158294 -13.875990681 2 13.341275849 -37.542884724 -14.328601604 -50.278560432 0 8.000000000 -24.062500000 -50.750000000 -62.937500000 -50.750000000 -62.937500000 8.000000000 -24.062500000 2 -8.844111454 -35.208284387 -50.750000000 -62.937500000 8.000000000 -24.062500000 -29.117714592 -9.806953885 -35.845399273 29.117714592 4 -9.806953885 -35.845399273 -7.368879104 -34.232120003 4 -50.750000000 -62.937500000 8.000000000 -24.062500000 -50.750000000 -62.937500000 8.000000000 -24.062500000 -9.806953885 -35.845399273 4 -50.750000000 -62.937500000 -36.062500000 -53.218750000 -36.062500000 -53.218750000 -21.375000000 -43.500000000 -21.375000000 -43.500000000 -6.687500000 -33.781250000 -6.687500000 -33.781250000 8.000000000 -24.062500000
FGEOM -71.625000000000000 -41.000000000000000 -14.875000000000000 -4.1250000000000000 -46.750000000000000 8.3750000000000000 -5.6250000000000000 -49.500000000000000 -68.125000000000000 -38.750000000000000 -11.375000000000000 -1.8750000000000000 1.1250000000000000 2.3750000000000000 2.7500000000000000 -6 -0.16534698176788384 2 1 0 1 5 0.25000000000000000 2.5000000000000000 27.250000000000000 26.750000000000000 -58.625000000000000 -36.750000000000000 -32.625000000000000 -6.0000000000000000 -12.875000000000000 -33.000000000000000 -72 -50 -5 9 -56 44 -113 -19 6811.140625000 82.529634829 4580.328125000 67.678121465 168.668944654 -72 -41 -71 -41 -72 -41 -72 -41 -86.500000000 -45.125000000 -56.750000000 -36.875000000 3232.359375000 -23.649459422 -13.537561414 -49.194375935 -26.425035024 -43.250000000 -22.562500000 1 -79.412595317 -36.232298922 71.625000000 41.000000000 -21.875000000 57.750000000 0 -72 -41 -71 -41 2 -16.313653735 -2.080427812 -13.591220541 -6.270206354 2 -16.313653735 -2.080427812 2 -13.591220541 -6.270206354 -36.203601604 -29.341060432 0 -14.875000000 -4.125000000 -71.625000000 -41.000000000 -71.625000000 -41.000000000 -14.875000000 -4.125000000 -1 -71.625000000 -39.658363231 -14.875000000 -2.783363231 -27.848964838 -31.576254686 -14.977136856 27.848964838 4 -68.136069758 -38.732963830 -14.875000000 -4.125000000 4 -68.136069758 -38.732963830 -14.875000000 -4.125000000 -70.681655997 -40.387034183 -15.818344003 -4.737965817 -31.576254686 -14.977136856 5 -71.625000000 -41.000000000 -60.275000000 -33.625000000 -60.275000000 -33.625000000 -48.925000000 -26.250000000 -48.925000000 -26.250000000 -37.575000000 -18.875000000 -37.575000000 -18.875000000 -26.225000000 -11.500000000 -26.225000000 -11.500000000 -14.875000000 -4.125000000
FGEOM -74.500000000000000 17.937500000000000 -19.750000000000000 55.812500000000000 -58.625000000000000 68.312500000000000 -10.500000000000000 12.437500000000000 -19.750000000000000 55.812500000000000 -74.500000000000000 17.937500000000000 2.2500000000000000 2.7500000000000000 0.75000000000000000 -5 0.0000000000000000 3 2 -1 1 6 0.37500000000000000 100.00000000000000 28.250000000000000 27.750000000000000 -62.500000000000000 24.187500000000000 -36.500000000000000 54.937500000000000 -16.750000000000000 27.937500000000000 -75 12 -10 69 -127 -22 -57 37 5872.003906250 76.629001731 4432.078125000 66.573854665 153.218737253 -74 18 -74 18 -75 18 -75 17 -94.250000000 73.750000000 -54.750000000 -37.875000000 2777.109375000 -27.465123549 6.612827566 -51.678540921 33.724947719 -47.125000000 36.875000000 1 -74.500000000 17.937500000 17.937500000 74.500000000 -109.000000000 84.187500000 0 -75 17 -74 18 0 -1 -1 -40.078601604 31.596439568 0 -19.750000000 55.812500000 -74.500000000 17.937500000 -74.500000000 17.937500000 -19.750000000 55.812500000 -1 -74.500000000 20.673411836 -19.750000000 58.548411836 -32.396586255 -40.194030206 41.669711981 32.396586255 4 -19.750000000 55.812500000 -74.500000000 17.937500000 -1 -72.649611426 19.217563329 -21.600388574 54.532436671 -40.194030206 41.669711981 6 -74.500000000 17.937500000 -65.375000000 24.250000000 -65.375000000 24.250000000 -56.250000000 30.562500000 -56.250000000 30.562500000 -47.125000000 36.875000000 -47.125000000 36.875000000 -38.000000000 43.187500000 -38.000000000 43.187500000 -28.875000000 49.500000000 -28.875000000 49.500000000 -19.750000000 55.812500000
FGEOM -8.2500000000000000 -43.125000000000000 48.500000000000000 -7.2500000000000000 7.6250000000000000 5.2500000000000000 53.750000000000000 -55.625000000000000 -30.000000000000000 -14.375000000000000 72.000000000000000 -14.375000000000000 3.3750000000000000 0.50000000000000000 1.0000000000000000 -4 0.16534698176788384 4 3 -1 0 0 0.0000000000000000 4.5000000000000000 29.250000000000000 28.750000000000000 2.7500000000000000 -37.875000000000000 28.750000000000000 -7.1250000000000000 48.500000000000000 -34.125000000000000 -9 -56 54 6 2 110 -52 42 1927.828125000 43.907039584 4507.578125000 67.138499574 45.740094556 -8 -43 -8 -43 -8 -42 -8 -44 40.250000000 -50.375000000 -56.750000000 -35.875000000 2636.359375000 -5.495986573 -28.729020721 16.051444184 -27.762633302 20.125000000 -25.187500000 1 -0.071222387 -45.078167173 -8.250000000 -43.125000000 -8.250000000 -43.125000000 0 -9 -44 -8 -43 2 45.845917192 -3.616015349 50.644191479 -11.206316835 2 45.845917192 -3.616015349 2 50.644191479 -11.206316835 25.171398396 -30.466060432 0 48.500000000 -7.250000000 -8.250000000 -43.125000000 -8.250000000 -43.125000000 48.500000000 -7.250000000 2 37.229094077 -14.375000000 -8.250000000 -39.132181743 48.500000000 -3.257181743 -32.407123168 24.941525556 -22.142691994 32.407123168 4 -8.250000000 -43.125000000 48.500000000 -7.250000000 4 -8.250000000 -43.125000000 48.500000000 -7.250000000 -5.397221770 -41.321591735 45.647221770 -9.053408265 24.941525556 -22.142691994 0
FGEOM -23.125000000000000 3.8125000000000000 31.625000000000000 37.687500000000000 -7.2500000000000000 50.187500000000000 36.875000000000000 -8.6875000000000000 11.125000000000000 -35.437500000000000 11.125000000000000 76.562500000000000 4.5000000000000000 0.87500000000000000 1.2500000000000000 -3 0.33069396353576770 5 4 -1 -1 1 0.12500000000000000 5.5000000000000000 30.250000000000000 29.750000000000000 -13.125000000000000 8.0625000000000000 12.875000000000000 38.812500000000000 32.625000000000000 11.812500000000000 -24 -9 37 51 -58 46 -20 70 549.300781250 23.437166664 4145.078125000 64.382281142 63.937484726 -23 4 -24 4 -25 4 -23 3 8.500000000 41.500000000 -54.750000000 -33.875000000 2440.109375000 -29.847091162 4.920736651 2.174080292 19.465583925 4.250000000 20.750000000 1 -7.206910828 1.170621343 -3.812500000 -23.125000000 39.125000000 34.312500000 0 -24 3 -23 4 2 28.342176069 42.100329822 34.108713540 32.780243429 2 28.342176069 42.100329822 2 34.108713540 32.780243429 9.296398396 15.471439568 0 31.625000000 37.687500000 -23.125000000 3.812500000 -23.125000000 3.812500000 31.625000000 37.687500000 2 11.125000000 25.003710046 -23.125000000 9.104194340 31.625000000 42.979194340 -31.084105588 9.105029025 23.753910653 31.084105588 4 -15.918559756 8.271279237 31.625000000 37.687500000 4 -23.125000000 3.812500000 31.625000000 37.687500000 -19.298248359 6.180193367 27.798248359 35.319806633 9.105029025 23.753910653 1 -23.125000000 3.812500000 31.625000000 37.687500000
FGEOM -66.000000000000000 -24.250000000000000 -8.2500000000000000 16.625000000000000 -45.125000000000000 23.125000000000000 7.0000000000000000 -33.750000000000000 -45.125000000000000 23.125000000000000 7.0000000000000000 -33.750000000000000 5.6250000000000000 1.2500000000000000 1.5000000000000000 -2 0.49604094530365156 0 5 0 -1 2 0.25000000000000000 6.5000000000000000 31.250000000000000 30.750000000000000 -52.000000000000000 -18.000000000000000 -26.000000000000000 12.750000000000000 -6.2500000000000000 -14.250000000000000 -66 -34 7 24 -69 41 -91 9 4944.062500000 70.314027761 5005.828125000 70.751877184 94.711444992 -66 -24 -66 -24 -66 -25 -66 -24 -74.250000000 -7.625000000 -57.750000000 -40.875000000 3141.984375000 -29.332695988 -10.777543602 -40.900842625 -6.485011988 -37.125000000 -3.812500000 1 -40.936006811 -28.475470793 66.000000000 24.250000000 -24.250000000 70.500000000 0 -66 -25 -66 -24 2 -12.476739239 21.563084184 -4.998099465 10.996932578 2 -12.476739239 21.563084184 2 -4.998099465 10.996932578 -29.578601604 -10.591060432 0 -8.250000000 16.625000000 -66.000000000 -24.250000000 -66.000000000 -24.250000000 -8.250000000 16.625000000 2 -27.003098950 3.351702691 -66.000000000 -17.358583391 -8.250000000 23.516416609 -26.609055476 -29.752331657 1.405817204 26.609055476 4 -29.752331657 1.405817204 -21.844565553 7.002872433 4 -66.000000000 -24.250000000 -8.250000000 16.625000000 -61.408690724 -21.000307071 -12.841309276 13.375307071 -29.752331657 1.405817204 2 -66.000000000 -24.250000000 -37.125000000 -3.812500000 -37.125000000 -3.812500000 -8.250000000 16.625000000
FGEOM 7.1250000000000000 4.6875000000000000 62.875000000000000 43.562500000000000 28.000000000000000 50.062500000000000 78.125000000000000 -4.8125000000000000 10.625000000000000 6.9375000000000000 66.375000000000000 45.812500000000000 6.7500000000000000 1.6250000000000000 1.7500000000000000 -1 0.66138792707153540 1 6 1 -1 3 0.37500000000000000 7.5000000000000000 1.2500000000000000 31.750000000000000 20.125000000000000 9.9375000000000000 46.125000000000000 40.687500000000000 65.875000000000000 13.687500000000000 7 -5 79 51 -23 83 11 107 72.738281250 8.528674062 4619.328125000 67.965639297 113.293770860 7 5 7 4 7 6 8 5 70.000000000 48.250000000 -55.750000000 -38.875000000 2927.734375000 1.044271353 0.687020627 33.168490774 22.847871370 35.000000000 24.125000000 1 39.396593705 1.433559009 4.687500000 -7.125000000 -17.375000000 70.937500000 0 7 4 8 5 2 57.932474385 49.203549596 66.459779460 36.974681224 2 57.932474385 49.203549596 2 66.459779460 36.974681224 42.546398396 17.346439568 0 62.875000000 43.562500000 7.125000000 4.687500000 7.125000000 4.687500000 62.875000000 43.562500000 -1 7.125000000 12.916523592 62.875000000 51.791523592 -25.279547765 42.459400802 29.326510425 25.279547765 4 10.535582911 7.065731581 62.875000000 43.562500000 4 10.535582911 7.065731581 62.875000000 43.562500000 12.661805125 8.548366354 57.338194875 39.701633646 42.459400802 29.326510425 3 7.125000000 4.687500000 25.708333333 17.645833333 25.708333333 17.645833333 44.291666667 30.604166667 44.291666667 30.604166667 62.875000000 43.562500000
FGEOM -77.750000000000000 0.62500000000000000 -20.000000000000000 37.500000000000000 -56.875000000000000 52.000000000000000 -8.7500000000000000 -8.8750000000000000 -20.000000000000000 37.500000000000000 -77.750000000000000 0.62500000000000000 7.8750000000000000 2.0000000000000000 2.0000000000000000 0 0.82673490883941920 2 0 1 0 4 0.0000000000000000 8.5000000000000000 2.2500000000000000 32.750000000000000 -65.750000000000000 4.8750000000000000 -39.750000000000000 35.625000000000000 -20.000000000000000 8.6250000000000000 -78 -9 -8 52 -109 1 -78 18 6045.453125000 77.752512017 4694.828125000 68.518815846 137.037631693 -78 1 -78 0 -78 0 -78 1 -97.750000000 38.125000000 -57.750000000 -36.875000000 3099.984375000 -2.249927307 0.018086232 -50.147180590 18.250176896 -48.875000000 19.062500000 1 -33.215436897 1.846422622 -77.750000000 0.625000000 -77.750000000 0.625000000 0 -78 0 -77 1 2 -25.427868623 44.041272217 -16.349592613 29.823768769 2 -25.427868623 44.041272217 2 -16.349592613 29.823768769 -43.328601604 12.283939568 0 -20.000000000 37.500000000 -77.750000000 0.625000000 -77.750000000 0.625000000 -20.000000000 37.500000000 -1 -77.750000000 9.968474888 -20.000000000 46.843474888 -32.066237542 -39.617805830 24.973478961 32.066237542 4 -20.000000000 37.500000000 -77.750000000 0.625000000 -1 -71.112680829 4.863115055 -26.637319171 33.261884945 -39.617805830 24.973478961 4 -77.750000000 0.625000000 -63.312500000 9.843750000 -63.312500000 9.843750000 -48.875000000 19.062500000 -48.875000000 19.062500000 -34.437500000 28.281250000 -34.437500000 28.281250000 -20.000000000 37.500000000
FGEOM -75.625000000000000 18.250000000000000 -19.875000000000000 56.125000000000000 -54.750000000000000 70.625000000000000 -8.6250000000000000 11.750000000000000 -97.375000000000000 48.000000000000000 4.6250000000000000 48.000000000000000 9.0000000000000000 2.3750000000000000 2.2500000000000000 1 -0.82673490883941920 3 1 1 1 5 0.12500000000000000 9.5000000000000000 3.2500000000000000 33.750000000000000 -64.625000000000000 24.500000000000000 -38.625000000000000 55.250000000000000 -18.875000000000000 28.250000000000000 -76 11 -8 71 -126 -20 -58 37 6052.203125000 77.795906865 4542.578125000 67.398650765 157.459996160 -76 18 -75 18 -75 18 -76 19 -95.500000000 74.375000000 -55.750000000 -37.875000000 3147.484375000 -3.159308245 0.762411577 -47.708083584 37.215976848 -47.750000000 37.187500000 1 -107.421792629 50.510614321 -18.250000000 -75.625000000 -2.375000000 49.750000000 0 -76 18 -75 19 2 -26.267890144 63.152158430 -15.697344184 47.592872957 2 -26.267890144 63.152158430 2 -15.697344184 47.592872957 -42.203601604 31.908939568 0 -19.875000000 56.125000000 -75.625000000 18.250000000 -75.625000000 18.250000000 -19.875000000 56.125000000 2 -31.834570957 48.000000000 -75.625000000 29.130499675 -19.875000000 67.005499675 -31.592110537 -36.996659644 44.493020466 31.592110537 4 -75.625000000 18.250000000 -19.875000000 56.125000000 4 -75.625000000 18.250000000 -19.875000000 56.125000000 -68.180488956 23.307593826 -27.319511044 51.067406174 -36.996659644 44.493020466 5 -75.625000000 18.250000000 -64.475000000 25.825000000 -64.475000000 25.825000000 -53.325000000 33.400000000 -53.325000000 33.400000000 -42.175000000 40.975000000 -42.175000000 40.975000000 -31.025000000 48.550000000 -31.025000000 48.550000000 -19.875000000 56.125000000
FGEOM -24.500000000000000 -28.812500000000000 29.250000000000000 7.0625000000000000 -3.6250000000000000 21.562500000000000 40.500000000000000 -35.312500000000000 9.7500000000000000 -67.062500000000000 9.7500000000000000 44.937500000000000 -9.0000000000000000 2.7500000000000000 2.5000000000000000 2 -0.66138792707153540 4 2 0 1 6 0.25000000000000000 10.500000000000000 4.2500000000000000 34.750000000000000 -14.500000000000000 -23.562500000000000 11.500000000000000 7.1875000000000000 31.250000000000000 -19.812500000000000 -25 -36 41 22 -26 76 -54 37 1430.410156250 37.820763560 4176.078125000 64.622582160 172.894137589 -24 -29 -24 -29 -24 -28 -25 -29 4.750000000 -21.750000000 -53.750000000 -35.875000000 2929.234375000 -2.753117341 -3.237722179 4.403402457 -9.521159290 2.375000000 -10.875000000 1 -51.039273535 -5.368762783 24.500000000 28.812500000 17.250000000 71.937500000 0 -25 -29 -24 -28 2 22.079401044 14.732735369 33.582559378 -2.501961785 2 22.079401044 14.732735369 2 33.582559378 -2.501961785 7.921398396 -16.153560432 0 29.250000000 7.062500000 -24.500000000 -28.812500000 -24.500000000 -28.812500000 29.250000000 7.062500000 2 9.750000000 -5.952616279 -24.500000000 -39.633025385 29.250000000 -3.758025385 -30.310853568 13.201964126 -3.648630921 30.310853568 4 -18.467154814 -24.785926585 29.250000000 7.062500000 4 -24.500000000 -28.812500000 29.250000000 7.062500000 -17.014226702 -23.816181543 21.764226702 2.066181543 13.201964126 -3.648630921 6 -24.500000000 -28.812500000 -15.541666667 -22.833333333 -15.541666667 -22.833333333 -6.583333333 -16.854166667 -6.583333333 -16.854166667 2.375000000 -10.875000000 2.375000000 -10.875000000 11.333333333 -4.895833333 11.333333333 -4.895833333 20.291666667 1.083333333 20.291666667 1.083333333 29.250000000 7.062500000
FGEOM -41.250000000000000 -63.875000000000000 15.500000000000000 -30.000000000000000 -15.375000000000000 -15.500000000000000 26.750000000000000 -77.375000000000000 -15.375000000000000 -15.500000000000000 26.750000000000000 -77.375000000000000 -7.8750000000000000 0.50000000000000000 2.7500000000000000 3 -0.49604094530365156 5 3 -1 1 0 0.37500000000000000 11.500000000000000 5.2500000000000000 35.750000000000000 -27.250000000000000 -59.625000000000000 -1.2500000000000000 -28.875000000000000 18.500000000000000 -55.875000000000000 -42 -78 27 -15 0 105 -106 -14 5781.578125000 76.036689335 4368.078125000 66.091437607 97.381864529 -41 -64 -41 -63 -40 -63 -42 -64 -25.750000000 -93.875000000 -56.750000000 -33.875000000 3107.109375000 -2.848131631 -4.410288677 -10.552944928 -45.551427479 -12.875000000 -46.937500000 1 -61.155338451 -45.729403920 -63.875000000 41.250000000 -63.750000000 10.375000000 0 -42 -64 -41 -63 2 7.977429151 -21.301670976 19.586191149 -40.749560079 2 7.977429151 -21.301670976 2 19.586191149 -40.749560079 -4.828601604 -52.216060432 0 15.500000000 -30.000000000 -41.250000000 -63.875000000 -41.250000000 -63.875000000 15.500000000 -30.000000000 2 0.565770573 -38.914484966 -41.250000000 -73.046278787 15.500000000 -39.171278787 -28.275457346 -0.882485504 -39.778972625 28.275457346 4 -0.882485504 -39.778972625 2.944668708 -37.494481895 4 -41.250000000 -63.875000000 15.500000000 -30.000000000 -34.488061295 -59.838688571 8.738061295 -34.036311429 -0.882485504 -39.778972625 0
FGEOM -70.125000000000000 -67.937500000000000 -11.375000000000000 -27.062500000000000 -53.250000000000000 -18.562500000000000 -4.1250000000000000 -78.437500000000000 -66.625000000000000 -65.687500000000000 -7.8750000000000000 -24.812500000000000 -6.7500000000000000 0.87500000000000000 0.75000000000000000 4 -0.33069396353576770 0 4 -1 0 1 0.0000000000000000 100.00000000000000 6.2500000000000000 36.750000000000000 -57.125000000000000 -61.687500000000000 -31.125000000000000 -30.937500000000000 -11.375000000000000 -57.937500000000000 -71 -79 -4 -18 -35 75 -139 -38 9533.019531250 97.637183139 5122.328125000 71.570441699 59.853222162 -70 -68 -70 -67 -70 -68 -70 -68 -81.500000000 -95.000000000 -58.750000000 -40.875000000 3009.609375000 -4.488876429 -4.348849090 -39.958042123 -46.948999519 -40.750000000 -47.500000000 1 -85.242702246 -59.782922766 -70.125000000 -67.937500000 -70.125000000 -67.937500000 0 -71 -68 -70 -67 0 -1 -1 -34.703601604 -54.278560432 0 -11.375000000 -27.062500000 -70.125000000 -67.937500000 -70.125000000 -67.937500000 -11.375000000 -27.062500000 -1 -70.125000000 -76.160486919 -11.375000000 -35.285486919 -30.892859853 -35.606603976 -43.921509575 30.892859853 4 -66.711779998 -65.562770339 -11.375000000 -27.062500000 4 -66.711779998 -65.562770339 -11.375000000 -27.062500000 -64.584130186 -64.082469299 -16.915869814 -30.917530701 -35.606603976 -43.921509575 1 -70.125000000 -67.937500000 -11.375000000 -27.062500000
FGEOM -15.000000000000000 29.000000000000000 41.750000000000000 67.875000000000000 1.8750000000000000 76.375000000000000 49.000000000000000 18.500000000000000 41.750000000000000 67.875000000000000 -15.000000000000000 29.000000000000000 -5.6250000000000000 1.2500000000000000 1.0000000000000000 5 -0.16534698176788384 1 5 -1 -1 2 0.12500000000000000 13.500000000000000 7.2500000000000000 0.75000000000000000 -3.0000000000000000 34.250000000000000 23.000000000000000 65.000000000000000 42.750000000000000 38.000000000000000 -15 18 49 77 -75 31 14 110 1066.000000000 32.649655435 4731.828125000 68.788284795 80.891251265 -15 29 -15 29 -15 30 -15 29 26.750000000 96.875000000 -56.750000000 -38.875000000 2799.359375000 -3.330816162 6.439577913 -14.381253652 29.423854877 13.375000000 48.437500000 1 -22.567515709 32.423666962 -29.000000000 -15.000000000 49.250000000 59.500000000 0 -15 29 -15 29 2 32.083210838 77.298544307 47.045249356 55.456854637 2 32.083210838 77.298544307 2 47.045249356 55.456854637 19.421398396 41.658939568 0 41.750000000 67.875000000 -15.000000000 29.000000000 -15.000000000 29.000000000 41.750000000 67.875000000 -1 -15.000000000 22.181777939 41.750000000 61.056777939 -29.547409578 18.573418208 51.998530975 29.547409578 4 41.750000000 67.875000000 -15.000000000 29.000000000 -1 -10.359402390 32.178911579 37.109402390 64.696088421 18.573418208 51.998530975 2 -15.000000000 29.000000000 13.375000000 48.437500000 13.375000000 48.437500000 41.750000000 67.875000000
FGEOM -76.875000000000000 15.937500000000000 -22.125000000000000 52.812500000000000 -60.000000000000000 61.312500000000000 -14.875000000000000 5.4375000000000000 -98.625000000000000 43.687500000000000 3.3750000000000000 43.687500000000000 -4.5000000000000000 1.6250000000000000 1.2500000000000000 6 0.0000000000000000 2 6 0 -1 3 0.25000000000000000 14.500000000000000 8.2500000000000000 1.7500000000000000 -65.875000000000000 20.187500000000000 -39.875000000000000 50.937500000000000 -20.125000000000000 23.937500000000000 -77 5 -14 62 -122 -20 -61 31 6163.769531250 78.509677946 4357.328125000 66.010060786 100.200161006 -77 16 -77 16 -76 18 -76 16 -99.000000000 68.750000000 -54.750000000 -36.875000000 2597.109375000 -8.078223814 1.674753717 -75.423516713 16.915097191 -49.500000000 34.375000000 1 -76.875000000 15.937500000 76.875000000 -15.937500000 -43.125000000 106.687500000 0 -77 15 -76 16 2 -32.669051541 62.766040932 -16.864547568 39.300370626 2 -32.669051541 62.766040932 2 -16.864547568 39.300370626 -43.453601604 27.596439568 0 -22.125000000 52.812500000 -76.875000000 15.937500000 -76.875000000 15.937500000 -22.125000000 52.812500000 2 -35.673305085 43.687500000 -76.875000000 10.512015552 -22.125000000 47.387015552 -28.208058027 -44.242218120 37.916200124 28.208058027 4 -76.875000000 15.937500000 -22.125000000 52.812500000 4 -76.875000000 15.937500000 -22.125000000 52.812500000 -73.142614405 18.451321348 -25.857385595 50.298678652 -44.242218120 37.916200124 3 -76.875000000 15.937500000 -58.625000000 28.229166667 -58.625000000 28.229166667 -40.375000000 40.520833333 -40.375000000 40.520833333 -22.125000000 52.812500000
FGEOM -3.7500000000000000 -37.125000000000000 49.000000000000000 0.75000000000000000 13.125000000000000 9.2500000000000000 56.250000000000000 -44.625000000000000 30.500000000000000 -74.375000000000000 30.500000000000000 37.625000000000000 -3.3750000000000000 2.0000000000000000 1.5000000000000000 -6 0.16534698176788384 3 0 1 -1 4 0.37500000000000000 2.5000000000000000 9.2500000000000000 2.7500000000000000 6.2500000000000000 -30.875000000000000 32.250000000000000 -0.12500000000000000 52.000000000000000 -27.125000000000000 -4 -45 57 10 3 101 -41 50 1392.328125000 37.313913290 4217.078125000 64.939033909 119.824497313 -4 -37 -4 -38 -3 -37 -3 -37 45.250000000 -36.375000000 -52.750000000 -37.875000000 2646.609375000 -0.929613030 -9.203168998 -1.516174036 -35.521091784 22.625000000 -18.187500000 1 4.113227129 -39.270039156 3.750000000 37.125000000 30.000000000 55.625000000 0 -4 -38 -3 -37 2 47.464803394 2.723112105 50.378838346 -1.335378818 2 47.464803394 2.723112105 2 50.378838346 -1.335378818 28.671398396 -23.466060432 0 49.000000000 0.750000000 -3.750000000 -37.125000000 -3.750000000 -37.125000000 49.000000000 0.750000000 2 30.500000000 -12.533175355 -3.750000000 -41.279867098 49.000000000 -3.404867098 -27.828264700 29.355539047 -13.354909168 27.828264700 4 1.201475214 -33.569793863 49.000000000 0.750000000 4 -3.750000000 -37.125000000 49.000000000 0.750000000 -1.008486317 -35.156567190 46.258486317 -1.218432810 29.355539047 -13.354909168 4 -3.750000000 -37.125000000 9.437500000 -27.656250000 9.437500000 -27.656250000 22.625000000 -18.187500000 22.625000000 -18.187500000 35.812500000 -8.718750000 35.812500000 -8.718750000 49.000000000 0.750000000
FGEOM -51.625000000000000 12.812500000000000 8.1250000000000000 48.687500000000000 -29.750000000000000 65.187500000000000 21.375000000000000 5.3125000000000000 -29.750000000000000 65.187500000000000 21.375000000000000 5.3125000000000000 -2.2500000000000000 2.3750000000000000 1.7500000000000000 -5 0.33069396353576770 4 1 1 0 5 0.0000000000000000 3.5000000000000000 10.250000000000000 3.7500000000000000 -37.625000000000000 18.062500000000000 -11.625000000000000 48.812500000000000 8.1250000000000000 21.812500000000000 -52 5 22 66 -95 17 -39 57 2829.300781250 53.191172024 4857.078125000 69.692740834 155.173674122 -52 13 -52 12 -52 13 -52 13 -43.500000000 61.500000000 -59.750000000 -35.875000000 3185.984375000 -9.948196850 2.468983480 -48.409995147 14.742848102 -21.750000000 30.750000000 1 -33.433617463 8.547521077 12.812500000 51.625000000 -82.125000000 87.062500000 0 -52 12 -51 13 2 6.174920157 51.593904756 9.773689797 45.600135112 2 6.174920157 51.593904756 2 9.773689797 45.600135112 -15.203601604 25.471439568 0 8.125000000 48.687500000 -51.625000000 12.812500000 -51.625000000 12.812500000 8.125000000 48.687500000 2 -7.599646667 39.246132650 -51.625000000 10.188087165 8.125000000 46.063087165 -33.642537184 -12.432184586 36.344587916 33.642537184 4 -12.432184586 36.344587916 -1.278254110 43.041613118 4 -51.625000000 12.812500000 8.125000000 48.687500000 -49.695997088 13.970708861 6.195997088 47.529291139 -12.432184586 36.344587916 5 -51.625000000 12.812500000 -39.675000000 19.987500000 -39.675000000 19.987500000 -27.725000000 27.162500000 -27.725000000 27.162500000 -15.775000000 34.337500000 -15.775000000 34.337500000 -3.825000000 41.512500000 -3.825000000 41.512500000 8.125000000 48.687500000
FGEOM -26.500000000000000 10.750000000000000 31.250000000000000 44.625000000000000 -4.6250000000000000 61.125000000000000 44.500000000000000 3.2500000000000000 -23.000000000000000 13.000000000000000 34.750000000000000 46.875000000000000 -1.1250000000000000 2.7500000000000000 2.0000000000000000 -4 0.49604094530365156 5 2 1 1 6 0.12500000000000000 4.5000000000000000 11.250000000000000 4.7500000000000000 -13.500000000000000 15.000000000000000 12.500000000000000 45.750000000000000 32.250000000000000 18.750000000000000 -27 3 45 62 -66 42 -16 76 817.812500000 28.597421212 4482.578125000 66.952058407 172.659991475 -26 11 -26 10 -25 10 -27 11 4.750000000 55.375000000 -57.750000000 -33.875000000 2969.734375000 -10.424891034 4.228965231 -22.402851884 13.153305497 2.375000000 27.687500000 1 0.112361617 6.410160560 -26.500000000 10.750000000 -26.500000000 10.750000000 0 -27 10 -26 11 2 28.717447809 48.344701521 33.260782143 40.599238560 2 28.717447809 48.344701521 2 33.260782143 40.599238560 8.921398396 22.408939568 0 31.250000000 44.625000000 -26.500000000 10.750000000 -26.500000000 10.750000000 31.250000000 44.625000000 -1 -26.500000000 9.445739122 31.250000000 43.320739122 -32.383479710 11.759714694 33.192386758 32.383479710 4 -22.914038726 12.853453474 31.250000000 44.625000000 4 -22.914038726 12.853453474 31.250000000 44.625000000 -25.529622815 11.319203933 30.279622815 44.055796067 11.759714694 33.192386758 6 -26.500000000 10.750000000 -16.875000000 16.395833333 -16.875000000 16.395833333 -7.250000000 22.041666667 -7.250000000 22.041666667 2.375000000 27.687500000 2.375000000 27.687500000 12.000000000 33.333333333 12.000000000 33.333333333 21.625000000 38.979166667 21.625000000 38.979166667 31.250000000 44.625000000
FGEOM 4.7500000000000000 -49.312500000000000 60.500000000000000 -8.4375000000000000 26.625000000000000 2.0625000000000000 73.750000000000000 -60.812500000000000 60.500000000000000 -8.4375000000000000 4.7500000000000000 -49.312500000000000 0.0000000000000000 0.50000000000000000 2.2500000000000000 -3 0.66138792707153540 0 3 0 1 0 0.25000000000000000 5.5000000000000000 12.250000000000000 5.7500000000000000 16.750000000000000 -43.062500000000000 42.750000000000000 -12.312500000000000 62.500000000000000 -39.312500000000000 4 -61 74 3 24 135 -45 53 2454.285156250 49.540742387 4778.828125000 69.129068596 96.100294493 5 -49 5 -49 4 -48 4 -49 65.250000000 -57.750000000 -55.750000000 -40.875000000 3319.484375000 1.174538313 -12.193562226 9.387159252 -45.912609697 32.625000000 -28.875000000 1 40.917729471 -51.915496760 49.312500000 4.750000000 78.000000000 -19.812500000 0 4 -50 5 -49 2 56.905342449 -4.274756062 63.388862132 -13.117721745 2 56.905342449 -4.274756062 2 63.388862132 -13.117721745 39.171398396 -35.653560432 0 60.500000000 -8.437500000 4.750000000 -49.312500000 4.750000000 -49.312500000 60.500000000 -8.437500000 -1 4.750000000 -49.312500000 60.500000000 -8.437500000 -28.497644551 43.475237457 -20.919781057 28.497644551 4 60.500000000 -8.437500000 4.750000000 -49.312500000 -1 4.750000000 -49.312500000 60.500000000 -8.437500000 43.475237457 -20.919781057 0
FGEOM 8.8750000000000000 31.625000000000000 62.625000000000000 70.500000000000000 30.750000000000000 81.000000000000000 75.875000000000000 20.125000000000000 -12.875000000000000 60.375000000000000 89.125000000000000 60.375000000000000 1.1250000000000000 0.87500000000000000 2.5000000000000000 -2 0.82673490883941920 1 4 -1 1 1 0.37500000000000000 6.5000000000000000 13.250000000000000 6.7500000000000000 19.875000000000000 36.875000000000000 45.875000000000000 67.625000000000000 65.625000000000000 40.625000000000000 8 20 76 81 -51 56 40 134 1078.906250000 32.846708359 4400.328125000 66.334969096 107.969202242 9 32 9 32 9 32 8 31 71.500000000 102.125000000 -53.750000000 -38.875000000 3095.234375000 3.580077149 12.757176318 14.344400302 35.580775567 35.750000000 51.062500000 1 52.260833710 31.465261855 -8.875000000 -31.625000000 52.625000000 130.375000000 0 8 31 9 32 2 58.317982514 75.368223534 65.899850141 64.885255433 2 58.317982514 75.368223534 2 65.899850141 64.885255433 42.296398396 44.283939568 0 62.625000000 70.500000000 8.875000000 31.625000000 8.875000000 31.625000000 62.625000000 70.500000000 2 48.625803859 60.375000000 8.875000000 33.013406330 62.625000000 71.888406330 -27.188007315 46.683282230 58.970059939 27.188007315 4 8.875000000 31.625000000 62.625000000 70.500000000 4 8.875000000 31.625000000 62.625000000 70.500000000 9.786566717 32.284295928 61.713433283 69.840704072 46.683282230 58.970059939 1 8.875000000 31.625000000 62.625000000 70.500000000
FGEOM 18.000000000000000 33.250000000000000 73.750000000000000 70.125000000000000 39.875000000000000 80.625000000000000 83.000000000000000 21.750000000000000 52.250000000000000 -6.0000000000000000 52.250000000000000 106.00000000000000 2.2500000000000000 1.2500000000000000 2.7500000000000000 -1 -0.82673490883941920 2 5 -1 0 2 0.0000000000000000 7.5000000000000000 14.250000000000000 7.7500000000000000 28.000000000000000 37.500000000000000 54.000000000000000 68.250000000000000 73.750000000000000 41.250000000000000 18 21 83 81 -41 62 51 144 1429.562500000 37.809555670 4467.828125000 66.841814196 123.042981089 18 33 18 34 18 35 18 33 91.750000000 103.375000000 -55.750000000 -36.875000000 2966.484375000 6.783999321 12.531554301 24.463955313 37.525486138 45.875000000 51.687500000 1 -9.795454647 64.632746090 33.250000000 -18.000000000 -7.500000000 102.500000000 0 18 33 18 34 2 68.936668228 75.876681255 77.159545676 63.444805521 2 68.936668228 75.876681255 2 77.159545676 63.444805521 50.421398396 44.908939568 0 73.750000000 70.125000000 18.000000000 33.250000000 18.000000000 33.250000000 73.750000000 70.125000000 2 52.250000000 55.904147982 18.000000000 35.947651694 73.750000000 72.822651694 -27.445628864 55.016084612 57.733733095 27.445628864 4 23.766051388 37.063868071 73.750000000 70.125000000 4 18.000000000 33.250000000 73.750000000 70.125000000 19.876632188 34.491270169 71.873367812 68.883729831 55.016084612 57.733733095 2 18.000000000 33.250000000 45.875000000 51.687500000 45.875000000 51.687500000 73.750000000 70.125000000
FGEOM -8.8750000000000000 3.1875000000000000 49.875000000000000 41.062500000000000 9.0000000000000000 51.562500000000000 59.125000000000000 -5.3125000000000000 9.0000000000000000 51.562500000000000 59.125000000000000 -5.3125000000000000 3.3750000000000000 1.6250000000000000 0.75000000000000000 0 -0.66138792707153540 3 6 -1 -1 3 0.12500000000000000 100.00000000000000 15.250000000000000 8.7500000000000000 5.1250000000000000 9.4375000000000000 31.125000000000000 40.187500000000000 50.875000000000000 13.187500000000000 -9 -6 60 52 -43 65 -6 91 88.925781250 9.430046726 4886.078125000 69.900487302 99.605207021 -9 3 -9 4 -9 6 -8 3 41.000000000 44.250000000 -58.750000000 -37.875000000 2882.359375000 -14.352394419 5.154733207 -1.520795189 7.928615016 20.500000000 22.125000000 1 -34.818426582 24.366880097 -8.875000000 3.187500000 -8.875000000 3.187500000 0 -9 3 -8 4 0 -1 -1 27.546398396 16.846439568 0 49.875000000 41.062500000 -8.875000000 3.187500000 -8.875000000 3.187500000 49.875000000 41.062500000 2 29.710624700 28.062913370 -8.875000000 7.203059909 49.875000000 45.078059909 -30.972825921 25.782369152 25.530442240 30.972825921 4 25.782369152 25.530442240 35.289750615 31.659669013 4 -8.875000000 3.187500000 49.875000000 41.062500000 -6.038378144 5.016215792 47.038378144 39.233784208 25.782369152 25.530442240 3 -8.875000000 3.187500000 10.708333333 15.812500000 10.708333333 15.812500000 30.291666667 28.437500000 30.291666667 28.437500000 49.875000000 41.062500000
FGEOM -17.750000000000000 28.125000000000000 39.000000000000000 64.000000000000000 0.12500000000000000 74.500000000000000 48.250000000000000 19.625000000000000 -14.250000000000000 30.375000000000000 42.500000000000000 66.250000000000000 4.5000000000000000 2.0000000000000000 1.0000000000000000 1 -0.49604094530365156 4 0 0 -1 4 0.25000000000000000 9.5000000000000000 16.250000000000000 9.7500000000000000 -4.7500000000000000 33.375000000000000 21.250000000000000 64.125000000000000 41.000000000000000 37.125000000000000 -18 19 49 75 -75 29 10 103 1106.078125000 33.257752856 4507.578125000 67.138499574 119.034724450 -18 28 -18 28 -16 28 -17 28 21.250000000 92.125000000 -56.750000000 -35.875000000 2678.109375000 -8.672789808 13.742096527 -9.508640668 33.334846098 10.625000000 46.062500000 1 -37.667653655 42.221964438 -28.125000000 -17.750000000 46.500000000 56.625000000 0 -18 28 -17 29 2 32.838575358 71.230964416 42.888946003 55.332468692 2 32.838575358 71.230964416 2 42.888946003 55.332468692 17.671398396 40.783939568 0 39.000000000 64.000000000 -17.750000000 28.125000000 -17.750000000 28.125000000 39.000000000 64.000000000 -1 -17.750000000 33.448757675 39.000000000 69.323757675 -29.647901541 15.967154271 49.439588713 29.647901541 4 -14.233087509 30.348246443 39.000000000 64.000000000 4 -14.233087509 30.348246443 39.000000000 64.000000000 -13.946295693 30.529544353 35.196295693 61.595455647 15.967154271 49.439588713 4 -17.750000000 28.125000000 -3.562500000 37.093750000 -3.562500000 37.093750000 10.625000000 46.062500000 10.625000000 46.062500000 24.812500000 55.031250000 24.812500000 55.031250000 39.000000000 64.000000000
FGEOM -44.625000000000000 -23.937500000000000 10.125000000000000 9.9375000000000000 -26.750000000000000 20.437500000000000 19.375000000000000 -32.437500000000000 10.125000000000000 9.9375000000000000 -44.625000000000000 -23.937500000000000 5.6250000000000000 2.3750000000000000 1.2500000000000000 2 -0.33069396353576770 5 1 1 -1 5 0.37500000000000000 10.500000000000000 17.250000000000000 10.750000000000000 -32.625000000000000 -19.687500000000000 -6.6250000000000000 11.062500000000000 13.125000000000000 -15.937500000000000 -45 -33 20 21 -48 52 -69 21 2564.394531250 50.639851217 4145.078125000 64.382281142 136.752035234 -45 -24 -45 -24 -45 -24 -44 -23 -34.500000000 -14.000000000 -54.750000000 -33.875000000 2481.859375000 -15.201096202 -8.154089419 -35.483315525 -18.281343624 -17.250000000 -7.000000000 1 -58.065022141 -15.729137088 44.625000000 23.937500000 -8.875000000 64.812500000 0 -45 -24 -44 -23 2 3.218118571 17.846038988 14.119421244 0.226959391 2 3.218118571 17.846038988 2 14.119421244 0.226959391 -10.203601604 -12.278560432 0 10.125000000 9.937500000 -44.625000000 -23.937500000 -44.625000000 -23.937500000 10.125000000 9.937500000 -1 -44.625000000 -17.322882074 10.125000000 16.552117926 -28.331018918 -11.843518763 -3.654894029 28.331018918 4 10.125000000 9.937500000 -44.625000000 -23.937500000 -1 -39.841560449 -20.977883291 5.341560449 6.977883291 -11.843518763 -3.654894029 5 -44.625000000 -23.937500000 -33.675000000 -17.162500000 -33.675000000 -17.162500000 -22.725000000 -10.387500000 -22.725000000 -10.387500000 -11.775000000 -3.612500000 -11.775000000 -3.612500000 -0.825000000 3.162500000 -0.825000000 3.162500000 10.125000000 9.937500000
FGEOM -63.500000000000000 -58.000000000000000 -6.7500000000000000 -17.125000000000000 -45.625000000000000 -4.6250000000000000 -1.5000000000000000 -63.500000000000000 -85.250000000000000 -28.250000000000000 16.750000000000000 -28.250000000000000 6.7500000000000000 2.7500000000000000 1.5000000000000000 3 -0.16534698176788384 0 2 1 0 6 0.0000000000000000 11.500000000000000 18.250000000000000 11.750000000000000 -52.500000000000000 -51.750000000000000 -26.500000000000000 -21.000000000000000 -6.7500000000000000 -48.000000000000000 -64 -64 -1 -4 -41 62 -122 -23 7396.250000000 86.001453476 4891.328125000 69.938030606 167.674466042 -63 -58 -63 -58 -63 -58 -63 -58 -70.250000000 -75.125000000 -56.750000000 -40.875000000 3196.109375000 -13.475062957 -12.307931520 -53.965666616 -51.132759876 -35.125000000 -37.562500000 1 -72.041444555 -54.329906268 -58.000000000 63.500000000 -99.000000000 13.250000000 0 -64 -58 -63 -58 2 -14.914030695 -9.025703561 -1.654742165 -27.434624028 2 -14.914030695 -9.025703561 2 -1.654742165 -27.434624028 -30.078601604 -44.341060432 0 -6.750000000 -17.125000000 -63.500000000 -58.000000000 -63.500000000 -58.000000000 -6.750000000 -17.125000000 2 -22.195718654 -28.250000000 -63.500000000 -49.681379620 -6.750000000 -8.806379620 -32.863244863 -26.418209043 -31.291309157 32.863244863 4 -63.500000000 -58.000000000 -6.750000000 -17.125000000 4 -63.500000000 -58.000000000 -6.750000000 -17.125000000 -58.022829758 -54.054989716 -12.227170242 -21.070010284 -26.418209043 -31.291309157 6 -63.500000000 -58.000000000 -54.041666667 -51.187500000 -54.041666667 -51.187500000 -44.583333333 -44.375000000 -44.583333333 -44.375000000 -35.125000000 -37.562500000 -35.125000000 -37.562500000 -25.666666667 -30.750000000 -25.666666667 -30.750000000 -16.208333333 -23.937500000 -16.208333333 -23.937500000 -6.750000000 -17.125000000
FGEOM -57.250000000000000 16.937500000000000 -2.5000000000000000 55.812500000000000 -39.375000000000000 68.312500000000000 2.7500000000000000 4.4375000000000000 -23.000000000000000 -21.312500000000000 -23.000000000000000 90.687500000000000 7.8750000000000000 0.50000000000000000 1.7500000000000000 4 0.0000000000000000 1 3 1 1 0 0.12500000000000000 12.500000000000000 19.250000000000000 12.750000000000000 -47.250000000000000 22.187500000000000 -21.250000000000000 52.937500000000000 -1.5000000000000000 25.937500000000000 -58 4 3 69 -108 -1 -41 54 3564.441406250 59.702943028 4508.828125000 67.147808043 73.332404853 -57 17 -57 16 -57 18 -58 17 -59.750000000 72.750000000 -54.750000000 -38.875000000 2975.859375000 -18.459098398 5.461152474 -46.854091029 24.319070068 -29.875000000 36.375000000 1 -57.250000000 16.937500000 -57.250000000 16.937500000 -57.250000000 16.937500000 0 -58 16 -57 17 2 -11.507653829 64.479227900 2.713014839 44.451405146 2 -11.507653829 64.479227900 2 2.713014839 44.451405146 -24.828601604 29.596439568 0 -2.500000000 55.812500000 -57.250000000 16.937500000 -57.250000000 16.937500000 -2.500000000 55.812500000 2 -23.000000000 41.256563927 -57.250000000 26.595746362 -2.500000000 65.470746362 -31.540726149 -21.114601563 42.595282909 31.540726149 4 -52.535919983 20.284712067 -2.500000000 55.812500000 4 -57.250000000 16.937500000 -2.500000000 55.812500000 -50.828997400 21.496705042 -8.921002600 51.253294958 -21.114601563 42.595282909 0
FGEOM -26.125000000000000 -9.1250000000000000 31.625000000000000 27.750000000000000 -3.2500000000000000 40.250000000000000 46.875000000000000 -21.625000000000000 -3.2500000000000000 40.250000000000000 46.875000000000000 -21.625000000000000 9.0000000000000000 0.87500000000000000 2.0000000000000000 5 0.16534698176788384 2 4 0 1 1 0.25000000000000000 13.500000000000000 20.250000000000000 13.750000000000000 -12.125000000000000 -4.8750000000000000 13.875000000000000 25.875000000000000 33.625000000000000 -1.1250000000000000 -27 -22 47 41 -44 69 -36 60 765.781250000 27.672752845 4694.828125000 68.518815846 89.400613681 -26 -9 -26 -9 -26 -8 -27 -9 5.500000000 18.625000000 -57.750000000 -36.875000000 3141.734375000 -19.117405954 -6.677371458 -14.536030019 -1.725116570 2.750000000 9.312500000 1 -17.686156920 -12.216690608 9.125000000 -26.125000000 46.125000000 17.375000000 0 -27 -10 -26 -9 2 22.260258142 37.473765214 36.506111267 15.163310491 2 22.260258142 37.473765214 2 36.506111267 15.163310491 10.296398396 2.533939568 0 31.625000000 27.750000000 -26.125000000 -9.125000000 -26.125000000 -9.125000000 31.625000000 27.750000000 2 15.313664496 17.334753303 -26.125000000 1.553257015 31.625000000 38.428257015 -29.304222500 12.520751309 15.551399645 29.304222500 4 12.520751309 15.551399645 20.062084192 20.366752893 4 -26.125000000 -9.125000000 31.625000000 27.750000000 -18.539492376 -4.281439937 24.039492376 22.906439937 12.520751309 15.551399645 1 -26.125000000 -9.125000000 31.625000000 27.750000000
FGEOM -57.000000000000000 -23.187500000000000 -1.2500000000000000 14.687500000000000 -34.125000000000000 27.187500000000000 14.000000000000000 -32.687500000000000 -53.500000000000000 -20.937500000000000 2.2500000000000000 16.937500000000000 -9.0000000000000000 1.2500000000000000 2.2500000000000000 6 0.33069396353576770 3 5 -1 1 2 0.37500000000000000 14.500000000000000 21.250000000000000 14.750000000000000 -44.000000000000000 -16.937500000000000 -18.000000000000000 13.812500000000000 1.7500000000000000 -13.187500000000000 -57 -33 14 28 -62 47 -81 14 3786.660156250 61.535844483 4542.578125000 67.398650765 110.084435811 -57 -23 -57 -23 -57 -25 -57 -24 -58.250000000 -8.500000000 -55.750000000 -37.875000000 3183.234375000 -19.683649590 -8.007274120 -44.799273566 -14.898665674 -29.125000000 -4.250000000 1 -39.403833643 -27.885543909 57.000000000 23.187500000 -11.250000000 77.562500000 0 -57 -24 -57 -23 2 -11.787890579 24.647563360 4.127192325 1.221401727 2 -11.787890579 24.647563360 2 4.127192325 1.221401727 -21.578601604 -9.528560432 0 -1.250000000 14.687500000 -57.000000000 -23.187500000 -57.000000000 -23.187500000 -1.250000000 14.687500000 -1 -57.000000000 -34.067999675 -1.250000000 3.807000325 -28.813865010 -17.932908247 3.353595967 28.813865010 4 -53.559406656 -20.850056540 -1.250000000 14.687500000 4 -53.559406656 -20.850056540 -1.250000000 14.687500000 -49.555488956 -18.129906174 -8.694511044 9.629906174 -17.932908247 3.353595967 2 -57.000000000 -23.187500000 -29.125000000 -4.250000000 -29.125000000 -4.250000000 -1.250000000 14.687500000
FGEOM -57.875000000000000 21.750000000000000 -0.12500000000000000 57.625000000000000 -35.000000000000000 70.125000000000000 11.125000000000000 12.250000000000000 -0.12500000000000000 57.625000000000000 -57.875000000000000 21.750000000000000 -7.8750000000000000 1.6250000000000000 2.5000000000000000 -6 0.49604094530365156 4 6 -1 0 3 0.0000000000000000 2.5000000000000000 22.250000000000000 15.750000000000000 -45.875000000000000 27.000000000000000 -19.875000000000000 57.750000000000000 -0.12500000000000000 30.750000000000000 -58 12 12 71 -106 -1 -37 58 3822.578125000 61.827001585 4622.078125000 67.985867098 129.809464487 -58 22 -58 22 -56 24 -58 21 -58.000000000 79.375000000 -57.750000000 -35.875000000 3056.484375000 -20.827772931 7.827283996 -44.496300296 30.061010422 -29.000000000 39.687500000 1 -32.094006921 16.693160670 57.875000000 -21.750000000 -12.125000000 118.500000000 0 -58 21 -57 22 2 -1.521405656 59.698656491 1.115225907 55.454322756 2 -1.521405656 59.698656491 2 1.115225907 55.454322756 -23.453601604 34.408939568 0 -0.125000000 57.625000000 -57.875000000 21.750000000 -57.875000000 21.750000000 -0.125000000 57.625000000 -1 -57.875000000 12.479199941 -0.125000000 48.354199941 -29.020967287 -19.686123074 45.473393242 29.020967287 4 -0.125000000 57.625000000 -57.875000000 21.750000000 -1 -51.185650148 25.905505211 -6.814349852 53.469494789 -19.686123074 45.473393242 3 -57.875000000 21.750000000 -38.625000000 33.708333333 -38.625000000 33.708333333 -19.375000000 45.666666667 -19.375000000 45.666666667 -0.125000000 57.625000000
FGEOM -51.750000000000000 -65.312500000000000 4.0000000000000000 -31.437500000000000 -28.875000000000000 -18.937500000000000 15.250000000000000 -74.812500000000000 -73.500000000000000 -37.562500000000000 28.500000000000000 -37.562500000000000 -6.7500000000000000 2.0000000000000000 2.7500000000000000 -5 0.66138792707153540 5 0 -1 -1 4 0.12500000000000000 3.5000000000000000 23.250000000000000 16.750000000000000 -40.750000000000000 -61.062500000000000 -14.750000000000000 -30.312500000000000 5.0000000000000000 -57.312500000000000 -52 -75 16 -18 -10 91 -118 -27 6943.785156250 83.329377510 4255.578125000 65.234792289 145.293967232 -52 -65 -52 -65 -50 -65 -51 -66 -47.750000000 -96.750000000 -55.750000000 -33.875000000 2846.234375000 -14.438935414 -18.223052546 -37.435361028 -56.614591567 -23.875000000 -48.375000000 1 -18.442474601 -69.584006926 -65.312500000 51.750000000 -75.250000000 3.937500000 0 -52 -66 -51 -65 2 2.024663802 -28.548201313 5.654375106 -34.521822131 2 2.024663802 -28.548201313 2 5.654375106 -34.521822131 -18.328601604 -53.653560432 0 4.000000000 -31.437500000 -51.750000000 -65.312500000 -51.750000000 -65.312500000 4.000000000 -31.437500000 2 -6.080258303 -37.562500000 -51.750000000 -73.210882923 4.000000000 -39.335882923 -27.753834441 -14.463041156 -42.656074334 27.753834441 4 -51.750000000 -65.312500000 4.000000000 -31.437500000 4 -51.750000000 -65.312500000 4.000000000 -31.437500000 -45.981414146 -61.807372721 -1.768585854 -34.942627279 -14.463041156 -42.656074334 4 -51.750000000 -65.312500000 -37.812500000 -56.843750000 -37.812500000 -56.843750000 -23.875000000 -48.375000000 -23.875000000 -48.375000000 -9.937500000 -39.906250000 -9.937500000 -39.906250000 4.000000000 -31.437500000
FGEOM -61.625000000000000 27.625000000000000 -7.8750000000000000 68.500000000000000 -47.750000000000000 75.000000000000000 3.3750000000000000 21.125000000000000 -27.375000000000000 -9.6250000000000000 -27.375000000000000 102.37500000000000 -5.6250000000000000 2.3750000000000000 0.75000000000000000 -4 0.82673490883941920 0 1 0 -1 5 0.25000000000000000 100.00000000000000 24.250000000000000 17.750000000000000 -51.625000000000000 33.875000000000000 -25.625000000000000 64.625000000000000 -5.8750000000000000 37.625000000000000 -62 21 4 75 -123 -17 -34 61 4560.781250000 67.533556474 4559.828125000 67.526499428 131.285657359 -62 28 -62 28 -61 28 -61 28 -69.500000000 96.125000000 -53.750000000 -40.875000000 2682.234375000 -22.128351119 9.919605674 -47.496287449 38.369393033 -34.750000000 48.062500000 1 -22.292361538 32.705616284 -61.625000000 27.625000000 -61.625000000 27.625000000 0 -62 27 -61 28 0 -1 -1 -29.203601604 41.283939568 0 -7.875000000 68.500000000 -61.625000000 27.625000000 -61.625000000 27.625000000 -7.875000000 68.500000000 2 -27.375000000 53.670930233 -61.625000000 20.558273316 -7.875000000 61.433273316 -29.310946692 -30.007558793 51.668961104 29.310946692 4 -57.872451418 30.478682293 -7.875000000 68.500000000 4 -61.625000000 27.625000000 -7.875000000 68.500000000 -57.147591093 31.029913285 -12.352408907 65.095086715 -30.007558793 51.668961104 5 -61.625000000 27.625000000 -50.875000000 35.800000000 -50.875000000 35.800000000 -40.125000000 43.975000000 -40.125000000 43.975000000 -29.375000000 52.150000000 -29.375000000 52.150000000 -18.625000000 60.325000000 -18.625000000 60.325000000 -7.875000000 68.500000000
FGEOM -20.500000000000000 8.2500000000000000 36.250000000000000 47.125000000000000 -1.6250000000000000 53.625000000000000 47.500000000000000 1.7500000000000000 -1.6250000000000000 53.625000000000000 47.500000000000000 1.7500000000000000 -4.5000000000000000 2.7500000000000000 1.0000000000000000 -3 -0.82673490883941920 1 2 1 -1 6 0.37500000000000000 5.5000000000000000 25.250000000000000 18.750000000000000 -6.5000000000000000 13.500000000000000 19.500000000000000 44.250000000000000 39.250000000000000 17.250000000000000 -21 1 48 54 -56 46 -13 84 488.312500000 22.097794008 4731.828125000 68.788284795 160.831494214 -20 8 -21 8 -20 8 -20 9 15.750000000 55.375000000 -56.750000000 -38.875000000 2835.109375000 -23.424283882 9.426845953 -5.031341301 18.846371928 7.875000000 27.687500000 1 -47.792162111 36.780137501 -8.250000000 -20.500000000 43.750000000 34.750000000 0 -21 8 -20 9 2 32.788886396 51.399423075 38.985521949 42.353530660 2 32.788886396 51.399423075 2 38.985521949 42.353530660 15.921398396 20.908939568 0 36.250000000 47.125000000 -20.500000000 8.250000000 -20.500000000 8.250000000 36.250000000 47.125000000 2 17.010943783 33.945822723 -20.500000000 2.795422351 36.250000000 41.670422351 -26.767139644 13.502176914 31.542240132 26.767139644 4 13.502176914 31.542240132 22.751409174 37.878167958 4 -20.500000000 8.250000000 36.250000000 47.125000000 -16.787521912 10.793129263 32.537521912 44.581870737 13.502176914 31.542240132 6 -20.500000000 8.250000000 -11.041666667 14.729166667 -11.041666667 14.729166667 -1.583333333 21.208333333 -1.583333333 21.208333333 7.875000000 27.687500000 7.875000000 27.687500000 17.333333333 34.166666667 17.333333333 34.166666667 26.791666667 40.645833333 26.791666667 40.645833333 36.250000000 47.125000000
FGEOM 19.750000000000000 -12.812500000000000 78.500000000000000 24.062500000000000 38.625000000000000 38.562500000000000 85.750000000000000 -26.312500000000000 23.250000000000000 -10.562500000000000 82.000000000000000 26.312500000000000 -3.3750000000000000 0.50000000000000000 1.2500000000000000 -2 -0.66138792707153540 2 3 1 0 0 0.0000000000000000 6.5000000000000000 26.250000000000000 19.750000000000000 32.750000000000000 -8.5625000000000000 58.750000000000000 22.187500000000000 78.500000000000000 -4.8125000000000000 19 -27 86 39 0 113 6 103 554.222656250 23.541933996 4811.328125000 69.363737825 54.658251107 20 -13 20 -13 20 -12 20 -12 98.250000000 11.250000000 -58.750000000 -36.875000000 3003.359375000 22.021873823 -14.286342195 36.477940800 -2.313047796 49.125000000 5.625000000 1 -7.825205229 9.613671282 -19.750000000 12.812500000 57.500000000 89.937500000 0 19 -13 20 -12 2 74.543784756 29.219859881 81.424405550 18.257514886 2 74.543784756 29.219859881 2 81.424405550 18.257514886 55.171398396 -1.153560432 0 78.500000000 24.062500000 19.750000000 -12.812500000 19.750000000 -12.812500000 78.500000000 24.062500000 -1 19.750000000 -16.797225364 78.500000000 20.077774636 -33.479534088 56.423317366 10.205858772 33.479534088 4 23.273950637 -10.600658643 78.500000000 24.062500000 4 23.273950637 -10.600658643 78.500000000 24.062500000 22.608572162 -11.018289813 75.641427838 22.268289813 56.423317366 10.205858772 0
FGEOM 2.8750000000000000 -21.875000000000000 59.625000000000000 16.000000000000000 21.750000000000000 30.500000000000000 66.875000000000000 -32.375000000000000 59.625000000000000 16.000000000000000 2.8750000000000000 -21.875000000000000 -2.2500000000000000 0.87500000000000000 1.5000000000000000 -1 -0.49604094530365156 3 4 1 1 1 0.12500000000000000 7.5000000000000000 27.250000000000000 20.750000000000000 14.875000000000000 -15.625000000000000 40.875000000000000 15.125000000000000 60.625000000000000 -11.875000000000000 2 -33 67 31 -9 100 -19 76 486.781250000 22.063119680 4655.078125000 68.228132944 75.454644127 3 -22 3 -22 3 -20 2 -21 62.500000000 -5.875000000 -56.750000000 -37.875000000 3054.859375000 3.550891766 -27.017654740 20.134192787 -10.356199527 31.250000000 -2.937500000 1 -19.777811764 -6.578930676 -21.875000000 -2.875000000 -30.625000000 49.375000000 0 2 -22 3 -21 2 54.801066055 21.742792116 63.077447833 9.341876844 2 54.801066055 21.742792116 2 63.077447833 9.341876844 37.296398396 -8.216060432 0 59.625000000 16.000000000 2.875000000 -21.875000000 2.875000000 -21.875000000 59.625000000 16.000000000 -1 2.875000000 -24.580080161 59.625000000 13.294919839 -33.085921124 40.116752958 2.980178736 33.085921124 4 59.625000000 16.000000000 2.875000000 -21.875000000 -1 4.746478736 -20.625973443 57.753521264 14.750973443 40.116752958 2.980178736 1 2.875000000 -21.875000000 59.625000000 16.000000000
FGEOM 10.000000000000000 -10.937500000000000 64.750000000000000 24.937500000000000 28.875000000000000 39.437500000000000 72.000000000000000 -21.437500000000000 -11.750000000000000 17.812500000000000 90.250000000000000 17.812500000000000 -1.1250000000000000 1.2500000000000000 1.7500000000000000 0 -0.33069396353576770 4 5 0 1 2 0.25000000000000000 8.5000000000000000 28.250000000000000 21.750000000000000 21.000000000000000 -5.6875000000000000 47.000000000000000 25.062500000000000 66.750000000000000 -1.9375000000000000 10 -22 72 40 -11 94 -1 90 219.628906250 14.819882127 4284.578125000 65.456688925 92.871829732 10 -11 10 -11 8 -10 10 -11 74.750000000 14.000000000 -54.750000000 -35.875000000 2840.609375000 19.062229887 -20.849313939 28.192372996 0.983073173 37.375000000 7.000000000 1 -5.334036198 -2.079341069 10.000000000 -10.937500000 10.000000000 -10.937500000 0 10 -11 10 -10 2 59.207592344 31.382010639 68.445930647 17.283083193 2 59.207592344 31.382010639 2 68.445930647 17.283083193 43.421398396 1.721439568 0 64.750000000 24.937500000 10.000000000 -10.937500000 10.000000000 -10.937500000 64.750000000 24.937500000 2 53.876306620 17.812500000 10.000000000 -12.282500457 64.750000000 23.592499543 -31.790343496 46.298407625 12.847073033 31.790343496 4 10.000000000 -10.937500000 64.750000000 24.937500000 4 10.000000000 -10.937500000 64.750000000 24.937500000 10.940984810 -10.320918629 63.809015190 24.320918629 46.298407625 12.847073033 2 10.000000000 -10.937500000 37.375000000 7.000000000 37.375000000 7.000000000 64.750000000 24.937500000
FGEOM -64.875000000000000 -22.000000000000000 -12.125000000000000 11.875000000000000 -46.000000000000000 26.375000000000000 -4.8750000000000000 -32.500000000000000 -30.625000000000000 -61.250000000000000 -30.625000000000000 50.750000000000000 0.0000000000000000 1.6250000000000000 2.0000000000000000 1 -0.16534698176788384 5 6 -1 1 3 0.37500000000000000 9.5000000000000000 29.250000000000000 22.750000000000000 -54.875000000000000 -17.750000000000000 -28.875000000000000 13.000000000000000 -9.1250000000000000 -14.000000000000000 -65 -33 -4 27 -73 28 -87 0 4692.765625000 68.503763583 3930.078125000 62.690335180 109.260086956 -65 -22 -64 -22 -65 -24 -65 -22 -77.000000000 -10.125000000 -52.750000000 -33.875000000 2634.359375000 -27.700576593 -9.393644471 -45.732296479 -9.706936838 -38.500000000 -5.062500000 1 -72.579832907 -18.233505161 22.000000000 -64.875000000 2.375000000 7.500000000 0 -65 -22 -64 -22 2 -18.410430382 18.998437717 -8.262263187 3.195756697 2 -18.410430382 18.998437717 2 -8.262263187 3.195756697 -32.453601604 -10.341060432 0 -12.125000000 11.875000000 -64.875000000 -22.000000000 -64.875000000 -22.000000000 -12.125000000 11.875000000 2 -30.625000000 -0.005331754 -64.875000000 -22.000000000 -12.125000000 11.875000000 -30.505350139 -29.516299076 0.706653911 30.505350139 4 -58.471388033 -17.887727860 -12.125000000 11.875000000 4 -64.875000000 -22.000000000 -12.125000000 11.875000000 -64.875000000 -22.000000000 -12.125000000 11.875000000 -29.516299076 0.706653911 3 -64.875000000 -22.000000000 -47.291666667 -10.708333333 -47.291666667 -10.708333333 -29.708333333 0.583333333 -29.708333333 0.583333333 -12.125000000 11.875000000
FGEOM -60.750000000000000 -15.062500000000000 -1.0000000000000000 25.812500000000000 -36.875000000000000 34.312500000000000 12.250000000000000 -22.562500000000000 -36.875000000000000 34.312500000000000 12.250000000000000 -22.562500000000000 1.1250000000000000 2.0000000000000000 2.2500000000000000 2 0.0000000000000000 0 0 -1 0 4 0.0000000000000000 10.500000000000000 30.250000000000000 23.750000000000000 -46.750000000000000 -8.8125000000000000 -20.750000000000000 21.937500000000000 -1.0000000000000000 -5.0625000000000000 -61 -23 13 35 -72 35 -76 25 3917.441406250 62.589467215 5240.828125000 72.393564113 150.792907580 -61 -15 -61 -15 -60 -15 -61 -16 -61.750000000 10.750000000 -59.750000000 -40.875000000 3444.734375000 -29.360970492 -7.279829103 -41.147946732 -1.652727158 -30.875000000 5.375000000 1 -60.750000000 -15.062500000 60.750000000 15.062500000 -13.000000000 83.687500000 0 -61 -16 -60 -15 2 -8.122787096 33.527155144 3.608895267 16.378090404 2 -8.122787096 33.527155144 2 3.608895267 16.378090404 -24.328601604 -1.403560432 0 -1.000000000 25.812500000 -60.750000000 -15.062500000 -60.750000000 -15.062500000 -1.000000000 25.812500000 2 -18.935482123 13.542829175 -60.750000000 -13.699441261 -1.000000000 27.175558739 -27.271286463 -21.477031302 11.804154319 27.271286463 4 -21.477031302 11.804154319 -14.517334599 16.565285745 4 -60.750000000 -15.062500000 -1.000000000 25.812500000 -59.821481687 -14.427300234 -1.928518313 25.177300234 -21.477031302 11.804154319 4 -60.750000000 -15.062500000 -45.812500000 -4.843750000 -45.812500000 -4.843750000 -30.875000000 5.375000000 -30.875000000 5.375000000 -15.937500000 15.593750000 -15.937500000 15.593750000 -1.000000000 25.812500000
FGEOM -39.625000000000000 -40.125000000000000 18.125000000000000 -1.2500000000000000 -15.750000000000000 7.2500000000000000 31.375000000000000 -47.625000000000000 -36.125000000000000 -37.875000000000000 21.625000000000000 1.0000000000000000 2.2500000000000000 2.3750000000000000 2.5000000000000000 3 0.16534698176788384 1 1 -1 -1 5 0.12500000000000000 11.500000000000000 31.250000000000000 24.750000000000000 -26.625000000000000 -34.875000000000000 -0.62500000000000000 -4.1250000000000000 19.125000000000000 -31.125000000000000 -40 -48 32 8 -23 79 -80 17 3180.156250000 56.392874107 4846.328125000 69.615573868 168.098920491 -40 -40 -40 -40 -40 -40 -39 -41 -21.500000000 -41.375000000 -57.750000000 -38.875000000 3220.484375000 -21.958115624 -22.235189638 -19.093495042 -26.304008568 -10.750000000 -20.687500000 1 -31.501707404 -43.408562592 -40.125000000 39.625000000 -63.125000000 31.125000000 0 -40 -41 -39 -40 2 10.215431084 7.097976975 22.882723930 -11.719673491 2 10.215431084 7.097976975 2 22.882723930 -11.719673491 -4.203601604 -27.466060432 0 18.125000000 -1.250000000 -39.625000000 -40.125000000 -39.625000000 -40.125000000 18.125000000 -1.250000000 -1 -39.625000000 -37.412704914 18.125000000 1.462295086 -25.967833411 -1.248941289 -14.291765673 25.967833411 4 -36.174131914 -37.802013041 18.125000000 -1.250000000 4 -36.174131914 -37.802013041 18.125000000 -1.250000000 -37.758499549 -38.868546233 16.258499549 -2.506453767 -1.248941289 -14.291765673 5 -39.625000000 -40.125000000 -28.075000000 -32.350000000 -28.075000000 -32.350000000 -16.525000000 -24.575000000 -16.525000000 -24.575000000 -4.975000000 -16.800000000 -4.975000000 -16.800000000 6.575000000 -9.025000000 6.575000000 -9.025000000 18.125000000 -1.250000000
FGEOM -64.500000000000000 -45.187500000000000 -8.7500000000000000 -8.3125000000000000 -40.625000000000000 0.18750000000000000 4.5000000000000000 -52.687500000000000 -8.7500000000000000 -8.3125000000000000 -64.500000000000000 -45.187500000000000 3.3750000000000000 2.7500000000000000 2.7500000000000000 4 0.33069396353576770 2 2 0 -1 6 0.25000000000000000 12.500000000000000 1.2500000000000000 25.750000000000000 -52.500000000000000 -40.937500000000000 -26.500000000000000 -10.187500000000000 -6.7500000000000000 -37.187500000000000 -65 -53 5 1 -41 58 -110 -17 6202.160156250 78.753794551 4467.828125000 66.841814196 183.814989039 -64 -45 -65 -45 -64 -46 -64 -45 -73.250000000 -53.500000000 -55.750000000 -36.875000000 3004.234375000 -1.023760194 -0.717227345 -43.022987186 -30.981852511 -36.625000000 -26.750000000 1 -48.473148230 -50.481157169 -64.500000000 -45.187500000 -64.500000000 -45.187500000 0 -65 -46 -64 -45 2 -17.473991817 0.639704577 -3.925414005 -19.843907979 2 -17.473991817 0.639704577 2 -3.925414005 -19.843907979 -30.078601604 -33.528560432 0 -8.750000000 -8.312500000 -64.500000000 -45.187500000 -64.500000000 -45.187500000 -8.750000000 -8.312500000 -1 -64.500000000 -41.141022459 -8.750000000 -4.266022459 -24.674160102 -27.012867165 -20.392199134 24.674160102 4 -8.750000000 -8.312500000 -64.500000000 -45.187500000 -1 -61.685051719 -43.325594747 -11.564948281 -10.174405253 -27.012867165 -20.392199134 6 -64.500000000 -45.187500000 -55.208333333 -39.041666667 -55.208333333 -39.041666667 -45.916666667 -32.895833333 -45.916666667 -32.895833333 -36.625000000 -26.750000000 -36.625000000 -26.750000000 -27.333333333 -20.604166667 -27.333333333 -20.604166667 -18.041666667 -14.458333333 -18.041666667 -14.458333333 -8.750000000 -8.312500000
FGEOM -57.250000000000000 -33.250000000000000 -3.5000000000000000 4.6250000000000000 -42.375000000000000 13.125000000000000 9.7500000000000000 -44.750000000000000 -79.000000000000000 -3.5000000000000000 23.000000000000000 -3.5000000000000000 4.5000000000000000 0.50000000000000000 0.75000000000000000 5 0.49604094530365156 3 3 1 -1 0 0.37500000000000000 100.00000000000000 2.2500000000000000 26.750000000000000 -46.250000000000000 -27.000000000000000 -20.250000000000000 3.7500000000000000 -0.50000000000000000 -23.250000000000000 -58 -45 10 14 -56 55 -91 2 4383.125000000 66.205173514 4323.578125000 65.753920986 39.104739662 -57 -33 -58 -34 -57 -33 -57 -33 -60.750000000 -28.625000000 -53.750000000 -37.875000000 2555.984375000 -1.945656105 -1.130009877 -35.383433285 -17.841698338 -30.375000000 -14.312500000 1 -33.385111697 -34.740312684 33.250000000 -57.250000000 4.000000000 -1.750000000 0 -58 -34 -57 -33 0 -1 -1 -23.828601604 -19.591060432 0 -3.500000000 4.625000000 -57.250000000 -33.250000000 -57.250000000 -33.250000000 -3.500000000 4.625000000 2 -15.030528053 -3.500000000 -57.250000000 -27.745020569 -3.500000000 10.129979431 -29.340693240 -25.474429816 -10.859307522 29.340693240 4 -57.250000000 -33.250000000 -3.500000000 4.625000000 4 -57.250000000 -33.250000000 -3.500000000 4.625000000 -53.571512141 -30.657949253 -7.178487859 2.032949253 -25.474429816 -10.859307522 0
FGEOM -1.1250000000000000 25.687500000000000 54.625000000000000 61.562500000000000 13.750000000000000 78.062500000000000 63.875000000000000 14.187500000000000 33.125000000000000 -12.562500000000000 33.125000000000000 99.437500000000000 5.6250000000000000 0.87500000000000000 1.0000000000000000 6 0.66138792707153540 4 4 1 0 1 0.0000000000000000 14.500000000000000 3.2500000000000000 27.750000000000000 8.8750000000000000 30.937500000000000 34.875000000000000 61.687500000000000 54.625000000000000 34.687500000000000 -2 14 64 79 -65 50 24 117 661.113281250 25.712123235 4395.078125000 66.295385397 60.552671094 -1 26 -1 25 0 24 -1 26 53.500000000 87.250000000 -55.750000000 -35.875000000 2708.234375000 -0.142199458 3.246887635 22.210900240 40.704099482 26.750000000 43.625000000 1 34.180925750 27.594851719 1.125000000 -25.687500000 28.625000000 130.437500000 0 -2 25 -1 26 2 44.301521248 71.744630743 59.614586080 47.948021283 2 44.301521248 71.744630743 2 59.614586080 47.948021283 31.296398396 38.346439568 0 54.625000000 61.562500000 -1.125000000 25.687500000 -1.125000000 25.687500000 54.625000000 61.562500000 2 33.125000000 47.727298206 -1.125000000 32.376496284 54.625000000 68.251496284 -35.994445325 33.227988073 47.793570800 35.994445325 4 5.689428427 30.072569414 54.625000000 61.562500000 4 -1.125000000 25.687500000 54.625000000 61.562500000 3.605250049 28.731405300 49.894749951 58.518594700 33.227988073 47.793570800 1 -1.125000000 25.687500000 54.625000000 61.562500000
FGEOM -2.0000000000000000 -32.375000000000000 56.750000000000000 1.5000000000000000 17.875000000000000 18.000000000000000 66.000000000000000 -43.875000000000000 17.875000000000000 18.000000000000000 66.000000000000000 -43.875000000000000 6.7500000000000000 1.2500000000000000 1.2500000000000000 -6 0.82673490883941920 5 5 1 1 2 0.12500000000000000 2.5000000000000000 4.2500000000000000 28.750000000000000 12.000000000000000 -28.125000000000000 38.000000000000000 2.6250000000000000 57.750000000000000 -24.375000000000000 -2 -44 66 18 -1 110 -35 59 1052.140625000 32.436717235 4599.078125000 67.816503338 84.770629173 -2 -32 -2 -33 0 -30 -2 -32 54.750000000 -30.875000000 -58.750000000 -33.875000000 2874.109375000 -0.262048713 -4.241913539 22.906363744 -18.014096650 27.375000000 -15.437500000 1 41.476120764 -30.740571895 2.000000000 32.375000000 37.750000000 68.375000000 0 -2 -33 -2 -32 2 55.422235236 3.618263612 57.918086024 -0.710333694 2 55.422235236 3.618263612 2 57.918086024 -0.710333694 34.421398396 -20.716060432 0 56.750000000 1.500000000 -2.000000000 -32.375000000 -2.000000000 -32.375000000 56.750000000 1.500000000 2 38.771176759 -8.866512975 -2.000000000 -24.583316638 56.750000000 9.291683362 -33.712525897 34.714733082 -11.205441138 33.712525897 4 34.714733082 -11.205441138 44.056937362 -5.818765904 4 -2.000000000 -32.375000000 56.750000000 1.500000000 3.847581053 -29.003309648 50.902418947 -1.871690352 34.714733082 -11.205441138 2 -2.000000000 -32.375000000 27.375000000 -15.437500000 27.375000000 -15.437500000 56.750000000 1.500000000
FGEOM -40.875000000000000 7.2500000000000000 15.875000000000000 48.125000000000000 -21.000000000000000 58.625000000000000 25.125000000000000 -1.2500000000000000 -37.375000000000000 9.5000000000000000 19.375000000000000 50.375000000000000 7.8750000000000000 1.6250000000000000 1.5000000000000000 -5 -0.82673490883941920 0 6 0 1 3 0.25000000000000000 3.5000000000000000 5.2500000000000000 29.750000000000000 -27.875000000000000 13.500000000000000 -1.8750000000000000 44.250000000000000 17.875000000000000 17.250000000000000 -41 -2 26 59 -80 27 -34 64 1723.328125000 41.512987426 4891.328125000 69.938030606 110.740780690 -41 7 -40 7 -40 6 -41 7 -25.000000000 55.375000000 -56.750000000 -40.875000000 3227.859375000 -5.169315997 0.916881737 -16.734879305 24.637267549 -12.500000000 27.687500000 1 -72.258787147 38.452171982 7.250000000 40.875000000 -72.375000000 78.500000000 0 -41 7 -40 8 2 13.689875671 50.859086989 17.775871267 45.186175673 2 13.689875671 50.859086989 2 17.775871267 45.186175673 -5.453601604 20.908939568 0 15.875000000 48.125000000 -40.875000000 7.250000000 -40.875000000 7.250000000 15.875000000 48.125000000 -1 -40.875000000 16.955057110 15.875000000 57.830057110 -30.071487670 -3.424840279 34.224013720 30.071487670 4 -37.503483125 9.678383300 15.875000000 48.125000000 4 -37.503483125 9.678383300 15.875000000 48.125000000 -34.484968051 11.852511998 9.484968051 43.522488002 -3.424840279 34.224013720 3 -40.875000000 7.250000000 -21.958333333 20.875000000 -21.958333333 20.875000000 -3.041666667 34.500000000 -3.041666667 34.500000000 15.875000000 48.125000000
FGEOM 17.250000000000000 -61.812500000000000 72.000000000000000 -22.937500000000000 37.125000000000000 -12.437500000000000 81.250000000000000 -70.312500000000000 72.000000000000000 -22.937500000000000 17.250000000000000 -61.812500000000000 9.0000000000000000 2.0000000000000000 1.7500000000000000 -4 -0.66138792707153540 1 0 -1 1 4 0.37500000000000000 4.5000000000000000 6.2500000000000000 30.750000000000000 29.250000000000000 -56.562500000000000 55.250000000000000 -25.812500000000000 75.000000000000000 -52.812500000000000 17 -71 82 -12 49 152 -45 50 4118.347656250 64.174353571 4508.828125000 67.147808043 128.912764987 17 -62 18 -61 17 -61 17 -62 89.250000000 -84.750000000 -54.750000000 -38.875000000 3007.609375000 1.679993549 -6.019976883 42.322486341 -44.009889835 44.625000000 -42.375000000 1 -8.885920313 -39.193834987 17.250000000 -61.812500000 17.250000000 -61.812500000 0 17 -62 18 -61 2 69.154704311 -19.451199319 74.353510476 -26.772990639 2 69.154704311 -19.451199319 2 74.353510476 -26.772990639 51.671398396 -49.153560432 0 72.000000000 -22.937500000 17.250000000 -61.812500000 17.250000000 -61.812500000 72.000000000 -22.937500000 -1 17.250000000 -50.774504157 72.000000000 -11.899504157 -28.752101986 53.770933758 -35.880969409 28.752101986 4 72.000000000 -22.937500000 17.250000000 -61.812500000 -1 24.588288685 -56.601979952 64.661711315 -28.148020048 53.770933758 -35.880969409 4 17.250000000 -61.812500000 30.937500000 -52.093750000 30.937500000 -52.093750000 44.625000000 -42.375000000 44.625000000 -42.375000000 58.312500000 -32.656250000 58.312500000 -32.656250000 72.000000000 -22.937500000
FGEOM -63.625000000000000 7.1250000000000000 -6.8750000000000000 44.000000000000000 -43.750000000000000 54.500000000000000 -1.6250000000000000 -1.3750000000000000 -85.375000000000000 34.875000000000000 16.625000000000000 34.875000000000000 -9.0000000000000000 2.3750000000000000 2.0000000000000000 -3 -0.49604094530365156 2 1 -1 0 5 0.0000000000000000 5.5000000000000000 7.2500000000000000 31.750000000000000 -52.625000000000000 11.375000000000000 -26.625000000000000 42.125000000000000 -6.8750000000000000 15.125000000000000 -64 -2 -1 55 -99 0 -57 38 4098.906250000 64.022701052 4580.328125000 67.678121465 153.639343436 -64 7 -64 8 -64 7 -64 7 -70.500000000 51.125000000 -56.750000000 -36.875000000 2874.859375000 -7.204963902 0.806842716 -37.001735923 24.424257495 -35.250000000 25.562500000 1 -83.777548550 22.294385473 -7.125000000 -63.625000000 3.625000000 34.625000000 0 -64 7 -63 8 2 -10.236605455 48.353114835 -4.262986039 39.159815802 2 -10.236605455 48.353114835 2 -4.262986039 39.159815802 -30.203601604 18.783939568 0 -6.875000000 44.000000000 -63.625000000 7.125000000 -63.625000000 7.125000000 -6.875000000 44.000000000 2 -20.918220339 34.875000000 -63.625000000 -3.608094153 -6.875000000 33.266905847 -28.896201352 -28.005658966 30.269726002 28.896201352 4 -63.625000000 7.125000000 -6.875000000 44.000000000 4 -63.625000000 7.125000000 -6.875000000 44.000000000 -56.078247978 12.028726534 -14.421752022 39.096273466 -28.005658966 30.269726002 5 -63.625000000 7.125000000 -52.275000000 14.500000000 -52.275000000 14.500000000 -40.925000000 21.875000000 -40.925000000 21.875000000 -29.575000000 29.250000000 -29.575000000 29.250000000 -18.225000000 36.625000000 -18.225000000 36.625000000 -6.875000000 44.000000000
FGEOM -60.500000000000000 -28.937500000000000 -5.7500000000000000 8.9375000000000000 -40.625000000000000 19.437500000000000 -0.50000000000000000 -34.437500000000000 -26.250000000000000 -66.187500000000000 -26.250000000000000 45.812500000000000 -7.8750000000000000 2.7500000000000000 2.2500000000000000 -2 -0.33069396353576770 3 2 -1 -1 6 0.12500000000000000 6.5000000000000000 8.2500000000000000 32.750000000000000 -50.500000000000000 -22.687500000000000 -24.500000000000000 8.0625000000000000 -4.7500000000000000 -18.937500000000000 -61 -35 0 20 -61 34 -90 4 4497.628906250 67.064363907 4432.078125000 66.573854665 173.006652351 -60 -29 -61 -28 -60 -28 -60 -29 -66.250000000 -20.000000000 -54.750000000 -37.875000000 2920.359375000 -7.442477210 -3.559779905 -33.566566312 -10.305467106 -33.125000000 -10.000000000 1 -75.130454502 -19.863007117 60.500000000 28.937500000 -20.750000000 67.812500000 0 -61 -29 -60 -28 2 -9.952211995 13.896473115 -2.591626780 3.256419240 2 -9.952211995 13.896473115 2 -2.591626780 3.256419240 -28.078601604 -15.278560432 0 -5.750000000 8.937500000 -60.500000000 -28.937500000 -60.500000000 -28.937500000 -5.750000000 8.937500000 2 -26.250000000 -5.244006849 -60.500000000 -38.513191424 -5.750000000 -0.638191424 -28.476128272 -24.424445537 -3.981123283 28.476128272 4 -54.763905194 -24.969379621 -5.750000000 8.937500000 4 -60.500000000 -28.937500000 -5.750000000 8.937500000 -54.023639991 -24.457278350 -12.226360009 4.457278350 -24.424445537 -3.981123283 6 -60.500000000 -28.937500000 -51.375000000 -22.625000000 -51.375000000 -22.625000000 -42.250000000 -16.312500000 -42.250000000 -16.312500000 -33.125000000 -10.000000000 -33.125000000 -10.000000000 -24.000000000 -3.687500000 -24.000000000 -3.687500000 -14.875000000 2.625000000 -14.875000000 2.625000000 -5.750000000 8.937500000
FGEOM 16.750000000000000 18.000000000000000 74.500000000000000 53.875000000000000 41.625000000000000 64.375000000000000 89.750000000000000 5.5000000000000000 41.625000000000000 64.375000000000000 89.750000000000000 5.5000000000000000 -6.7500000000000000 0.50000000000000000 2.5000000000000000 -1 -0.16534698176788384 4 3 0 -1 0 0.25000000000000000 7.5000000000000000 9.2500000000000000 33.750000000000000 30.750000000000000 23.250000000000000 56.750000000000000 54.000000000000000 76.500000000000000 27.000000000000000 16 5 90 65 -23 85 34 129 604.562500000 24.587852692 4622.078125000 67.985867098 94.221087243 17 18 16 18 16 18 17 18 91.250000000 71.875000000 -57.750000000 -35.875000000 3100.234375000 6.301383937 6.771636470 45.418642222 35.809308047 45.625000000 35.937500000 1 9.456188454 22.726784988 18.000000000 -16.750000000 -4.750000000 89.250000000 0 16 18 17 18 2 69.863722684 59.770331428 77.730659578 47.106481795 2 69.863722684 59.770331428 2 77.730659578 47.106481795 53.171398396 30.658939568 0 74.500000000 53.875000000 16.750000000 18.000000000 16.750000000 18.000000000 74.500000000 53.875000000 2 58.388817179 43.866537945 16.750000000 10.053599950 74.500000000 45.928599950 -26.266718382 55.485506046 42.062965877 26.266718382 4 55.485506046 42.062965877 63.820233560 47.240599636 4 16.750000000 18.000000000 74.500000000 53.875000000 22.483728444 21.561861609 68.766271556 50.313138391 55.485506046 42.062965877 0
FGEOM -34.125000000000000 -27.062500000000000 21.625000000000000 6.8125000000000000 -9.2500000000000000 17.312500000000000 36.875000000000000 -39.562500000000000 -30.625000000000000 -24.812500000000000 25.125000000000000 9.0625000000000000 -5.6250000000000000 0.87500000000000000 2.7500000000000000 0 0.0000000000000000 5 4 1 -1 1 0.37500000000000000 8.5000000000000000 10.250000000000000 34.750000000000000 -21.125000000000000 -22.812500000000000 4.8750000000000000 7.9375000000000000 24.625000000000000 -19.062500000000000 -35 -40 37 18 -27 77 -62 29 1896.894531250 43.553352698 4255.578125000 65.234792289 105.155585993 -34 -27 -35 -28 -35 -28 -34 -27 -12.500000000 -20.250000000 -55.750000000 -33.875000000 2889.984375000 -8.031098144 -6.368984425 -4.427465417 -9.017585489 -6.250000000 -10.125000000 1 -34.125000000 -27.062500000 -34.125000000 -27.062500000 -34.125000000 -27.062500000 0 -35 -28 -34 -27 2 16.302257374 13.439596720 25.054727209 -0.964837030 2 16.302257374 13.439596720 2 25.054727209 -0.964837030 1.296398396 -15.403560432 0 21.625000000 6.812500000 -34.125000000 -27.062500000 -34.125000000 -27.062500000 21.625000000 6.812500000 -1 -34.125000000 -33.644485769 21.625000000 0.230514231 -25.006067587 3.735103651 -4.057818185 25.006067587 4 -30.570274034 -24.902565612 21.625000000 6.812500000 4 -30.570274034 -24.902565612 21.625000000 6.812500000 -29.317845122 -24.141560601 16.817845122 3.891560601 3.735103651 -4.057818185 1 -34.125000000 -27.062500000 21.625000000 6.812500000
FGEOM -56.000000000000000 -64.125000000000000 1.7500000000000000 -23.250000000000000 -40.125000000000000 -10.750000000000000 13.000000000000000 -73.625000000000000 1.7500000000000000 -23.250000000000000 -56.000000000000000 -64.125000000000000 -4.5000000000000000 1.2500000000000000 0.75000000000000000 1 0.16534698176788384 0 5 1 0 2 0.0000000000000000 100.00000000000000 11.250000000000000 35.750000000000000 -44.000000000000000 -57.875000000000000 -18.000000000000000 -27.125000000000000 1.7500000000000000 -54.125000000000000 -56 -74 13 -10 -30 87 -121 -21 7248.015625000 85.135278381 5005.828125000 70.751877184 78.427296398 -56 -64 -56 -65 -56 -65 -56 -64 -54.250000000 -87.375000000 -57.750000000 -40.875000000 3098.484375000 -7.399987549 -8.473646457 -26.819678824 -43.471396051 -27.125000000 -43.687500000 1 -46.998249435 -66.009973690 64.125000000 -56.000000000 13.250000000 -26.625000000 0 -56 -65 -56 -64 0 -1 -1 -21.578601604 -50.466060432 0 1.750000000 -23.250000000 -56.000000000 -64.125000000 -56.000000000 -64.125000000 1.750000000 -23.250000000 -1 -56.000000000 -69.638133287 1.750000000 -28.763133287 -34.395067974 -20.254171700 -38.824381268 34.395067974 4 1.750000000 -23.250000000 -56.000000000 -64.125000000 -1 -52.326952579 -61.525245657 -1.923047421 -25.849754343 -20.254171700 -38.824381268 2 -56.000000000 -64.125000000 -27.125000000 -43.687500000 -27.125000000 -43.687500000 1.750000000 -23.250000000
FGEOM -34.875000000000000 -62.187500000000000 20.875000000000000 -23.312500000000000 -19.000000000000000 -10.812500000000000 32.125000000000000 -71.687500000000000 -56.625000000000000 -33.437500000000000 45.375000000000000 -33.437500000000000 -3.3750000000000000 1.6250000000000000 1.0000000000000000 2 0.33069396353576770 1 6 1 1 3 0.12500000000000000 10.500000000000000 12.250000000000000 36.750000000000000 -23.875000000000000 -56.937500000000000 2.1250000000000000 -26.187500000000000 21.875000000000000 -53.187500000000000 -35 -72 33 -10 -9 104 -98 -2 5083.550781250 71.299023705 4619.328125000 67.965639297 98.582418129 -35 -62 -34 -63 -35 -60 -35 -62 -14.000000000 -85.500000000 -55.750000000 -38.875000000 2882.234375000 -5.991929872 -10.684534450 -4.730172096 -41.167227627 -7.000000000 -42.750000000 1 -17.333413482 -64.558464866 34.875000000 62.187500000 -3.125000000 40.562500000 0 -35 -63 -34 -62 2 13.610719926 -15.730927933 25.478097610 -32.749739660 2 13.610719926 -15.730927933 2 25.478097610 -32.749739660 -1.453601604 -49.528560432 0 20.875000000 -23.312500000 -34.875000000 -62.187500000 -34.875000000 -62.187500000 20.875000000 -23.312500000 2 6.354903537 -33.437500000 -34.875000000 -66.302011796 20.875000000 -27.427011796 -33.061053324 -0.089732087 -37.931405110 33.061053324 4 -34.875000000 -62.187500000 20.875000000 -23.312500000 4 -34.875000000 -62.187500000 20.875000000 -23.312500000 -32.106597437 -60.257066823 18.106597437 -25.242933177 -0.089732087 -37.931405110 3 -34.875000000 -62.187500000 -16.291666667 -49.229166667 -16.291666667 -49.229166667 2.291666667 -36.270833333 2.291666667 -36.270833333 20.875000000 -23.312500000
FGEOM 0.25000000000000000 8.7500000000000000 54.000000000000000 45.625000000000000 16.125000000000000 58.125000000000000 65.250000000000000 -0.75000000000000000 34.500000000000000 -30.500000000000000 34.500000000000000 81.500000000000000 -2.2500000000000000 2.0000000000000000 1.2500000000000000 3 0.49604094530365156 2 0 0 1 4 0.25000000000000000 11.500000000000000 13.250000000000000 0.75000000000000000 10.250000000000000 13.000000000000000 36.250000000000000 43.750000000000000 56.000000000000000 16.750000000000000 0 -1 66 59 -42 66 9 100 76.625000000 8.753570700 4248.828125000 65.183035561 116.965310195 0 9 1 9 0 8 0 9 54.250000000 54.375000000 -53.750000000 -36.875000000 2673.984375000 0.378417004 13.244595146 0.868450792 9.174286009 27.125000000 27.187500000 1 25.663256731 7.145318670 8.750000000 -0.250000000 -33.250000000 74.000000000 0 0 8 1 9 2 45.923295985 53.811382123 58.730634326 35.143058440 2 45.923295985 53.811382123 2 58.730634326 35.143058440 32.671398396 20.408939568 0 54.000000000 45.625000000 0.250000000 8.750000000 0.250000000 8.750000000 54.000000000 45.625000000 2 34.500000000 32.247093023 0.250000000 6.021407814 54.000000000 42.896407814 -31.733956653 34.077365082 31.957145812 31.733956653 4 5.229176243 12.165946493 54.000000000 45.625000000 4 0.250000000 8.750000000 54.000000000 45.625000000 2.105352377 10.022858026 52.144647623 44.352141974 34.077365082 31.957145812 4 0.250000000 8.750000000 13.687500000 17.968750000 13.687500000 17.968750000 27.125000000 27.187500000 27.125000000 27.187500000 40.562500000 36.406250000 40.562500000 36.406250000 54.000000000 45.625000000
FGEOM -4.6250000000000000 -32.312500000000000 52.125000000000000 5.5625000000000000 16.250000000000000 18.062500000000000 63.375000000000000 -38.812500000000000 16.250000000000000 18.062500000000000 63.375000000000000 -38.812500000000000 -1.1250000000000000 2.3750000000000000 1.5000000000000000 4 0.66138792707153540 3 1 -1 1 5 0.37500000000000000 12.500000000000000 14.250000000000000 1.7500000000000000 9.3750000000000000 -26.062500000000000 35.375000000000000 4.6875000000000000 55.125000000000000 -22.312500000000000 -5 -39 64 19 -2 103 -37 58 1065.488281250 32.641817983 4655.078125000 68.228132944 146.265667564 -5 -32 -4 -32 -6 -32 -5 -33 47.500000000 -26.750000000 -56.750000000 -37.875000000 3092.609375000 -2.019074122 -14.106234072 -3.169405428 -31.341034900 23.750000000 -13.375000000 1 30.717657268 -34.512143538 -4.625000000 -32.312500000 -4.625000000 -32.312500000 0 -5 -33 -4 -32 2 43.398571823 14.512329678 57.041744532 -5.929915899 2 43.398571823 14.512329678 2 57.041744532 -5.929915899 31.796398396 -18.653560432 0 52.125000000 5.562500000 -4.625000000 -32.312500000 -4.625000000 -32.312500000 52.125000000 5.562500000 2 35.693555740 -5.403860376 -4.625000000 -33.665040080 52.125000000 4.209959920 -30.312138641 33.076962742 -7.150176848 30.312138641 4 33.076962742 -7.150176848 39.418752622 -2.917660695 4 -4.625000000 -32.312500000 52.125000000 5.562500000 -3.689260632 -31.687986721 51.189260632 4.937986721 33.076962742 -7.150176848 5 -4.625000000 -32.312500000 6.725000000 -24.737500000 6.725000000 -24.737500000 18.075000000 -17.162500000 18.075000000 -17.162500000 29.425000000 -9.587500000 29.425000000 -9.587500000 40.775000000 -2.012500000 40.775000000 -2.012500000 52.125000000 5.562500000
FGEOM -35.500000000000000 -1.3750000000000000 23.250000000000000 34.500000000000000 -14.625000000000000 47.000000000000000 30.500000000000000 -7.8750000000000000 -32.000000000000000 0.87500000000000000 26.750000000000000 36.750000000000000 0.0000000000000000 2.7500000000000000 1.7500000000000000 5 0.82673490883941920 4 2 -1 0 6 0.0000000000000000 13.500000000000000 15.250000000000000 2.7500000000000000 -22.500000000000000 3.8750000000000000 3.5000000000000000 34.625000000000000 23.250000000000000 7.6250000000000000 -36 -8 31 47 -62 39 -37 58 1262.140625000 35.526618542 4738.578125000 68.837330897 173.331840000 -35 -1 -35 -1 -36 -2 -35 -2 -12.250000000 33.125000000 -58.750000000 -35.875000000 2961.859375000 -15.238573842 -0.590226452 -33.152981342 0.058179479 -6.125000000 16.562500000 1 6.827391371 -1.121732663 1.375000000 -35.500000000 33.750000000 26.125000000 0 -36 -2 -35 -1 2 14.091438006 44.418202569 27.889405734 21.822227544 2 14.091438006 44.418202569 2 27.889405734 21.822227544 -0.078601604 11.283939568 0 23.250000000 34.500000000 -35.500000000 -1.375000000 -35.500000000 -1.375000000 23.250000000 34.500000000 -1 -35.500000000 -1.375000000 23.250000000 34.500000000 -30.407056720 1.221825343 21.048752922 30.407056720 4 -31.949843209 0.792861700 23.250000000 34.500000000 4 -31.949843209 0.792861700 23.250000000 34.500000000 -35.500000000 -1.375000000 23.250000000 34.500000000 1.221825343 21.048752922 6 -35.500000000 -1.375000000 -25.708333333 4.604166667 -25.708333333 4.604166667 -15.916666667 10.583333333 -15.916666667 10.583333333 -6.125000000 16.562500000 -6.125000000 16.562500000 3.666666667 22.541666667 3.666666667 22.541666667 13.458333333 28.520833333 13.458333333 28.520833333 23.250000000 34.500000000
FGEOM -37.250000000000000 -64.750000000000000 19.500000000000000 -30.875000000000000 -16.375000000000000 -18.375000000000000 26.750000000000000 -78.250000000000000 19.500000000000000 -30.875000000000000 -37.250000000000000 -64.750000000000000 1.1250000000000000 0.50000000000000000 2.0000000000000000 6 -0.82673490883941920 5 3 -1 -1 0 0.12500000000000000 14.500000000000000 16.250000000000000 3.7500000000000000 -25.250000000000000 -60.500000000000000 0.75000000000000000 -29.750000000000000 20.500000000000000 -56.750000000000000 -38 -79 27 -18 2 105 -102 -11 5580.125000000 74.700234270 4368.078125000 66.091437607 73.452046432 -37 -65 -38 -64 -35 -66 -37 -65 -17.750000000 -95.625000000 -56.750000000 -33.875000000 2755.609375000 -8.103220906 -14.085464527 -34.030029188 -62.827946938 -8.875000000 -47.812500000 1 -64.632449165 -34.425696249 37.250000000 64.750000000 4.500000000 28.000000000 0 -38 -65 -37 -64 2 9.517564477 -20.358299898 24.019306358 -44.652730947 2 9.517564477 -20.358299898 2 24.019306358 -44.652730947 -2.828601604 -53.091060432 0 19.500000000 -30.875000000 -37.250000000 -64.750000000 -37.250000000 -64.750000000 19.500000000 -30.875000000 -1 -37.250000000 -63.439817316 19.500000000 -29.564817316 -29.120876995 -1.449167790 -43.379899716 29.120876995 4 19.500000000 -30.875000000 -37.250000000 -64.750000000 -1 -36.284008756 -64.173384082 18.534008756 -31.451615918 -1.449167790 -43.379899716 0
FGEOM -65.125000000000000 12.187500000000000 -10.375000000000000 53.062500000000000 -44.250000000000000 59.562500000000000 -3.1250000000000000 1.6875000000000000 -86.875000000000000 41.937500000000000 15.125000000000000 41.937500000000000 2.2500000000000000 0.87500000000000000 2.2500000000000000 -6 -0.66138792707153540 0 4 0 -1 1 0.25000000000000000 2.5000000000000000 17.250000000000000 4.7500000000000000 -54.125000000000000 18.437500000000000 -28.125000000000000 49.187500000000000 -8.3750000000000000 22.187500000000000 -66 1 -3 60 -104 -4 -53 43 4389.800781250 66.255571700 4668.328125000 68.325164654 103.697925561 -65 12 -66 12 -65 12 -65 12 -75.500000000 65.250000000 -54.750000000 -40.875000000 3079.359375000 -16.955649482 3.173082197 -61.318752312 15.029150671 -37.750000000 32.625000000 1 -89.821635397 34.998658745 65.125000000 -12.187500000 -23.375000000 106.937500000 0 -66 12 -65 13 2 -11.942903912 55.009722977 -8.953695680 51.005829382 2 -11.942903912 55.009722977 2 -8.953695680 51.005829382 -31.703601604 25.846439568 0 -10.375000000 53.062500000 -65.125000000 12.187500000 -65.125000000 12.187500000 -10.375000000 53.062500000 2 -25.276376147 41.937500000 -65.125000000 14.995383479 -10.375000000 55.870383479 -25.474005570 -29.010373678 39.149789514 25.474005570 4 -64.829235322 12.408310615 -10.375000000 53.062500000 4 -65.125000000 12.187500000 -10.375000000 53.062500000 -63.322040569 13.533545055 -12.177959431 51.716454945 -29.010373678 39.149789514 1 -65.125000000 12.187500000 -10.375000000 53.062500000
FGEOM -73.000000000000000 -6.8750000000000000 -20.250000000000000 32.000000000000000 -52.125000000000000 38.500000000000000 -13.000000000000000 -17.375000000000000 -38.750000000000000 -45.125000000000000 -38.750000000000000 66.875000000000000 3.3750000000000000 1.2500000000000000 2.5000000000000000 -5 -0.49604094530365156 1 5 1 -1 2 0.37500000000000000 3.5000000000000000 18.250000000000000 5.7500000000000000 -63.000000000000000 -1.6250000000000000 -37.000000000000000 29.125000000000000 -17.250000000000000 2.1250000000000000 -73 -18 -13 39 -91 5 -80 12 5376.265625000 73.323022476 4293.828125000 65.527308239 117.444301958 -73 -7 -73 -7 -73 -5 -73 -6 -93.250000000 25.125000000 -52.750000000 -38.875000000 2865.109375000 -18.169600148 -1.711178096 -68.371204645 -3.463731385 -46.625000000 12.562500000 1 -92.080127515 8.529280369 -6.875000000 73.000000000 -97.500000000 59.375000000 0 -73 -7 -73 -6 2 -22.473952477 34.702597895 -18.327031857 29.075586636 2 -22.473952477 34.702597895 2 -18.327031857 29.075586636 -40.578601604 5.783939568 0 -20.250000000 32.000000000 -73.000000000 -6.875000000 -73.000000000 -6.875000000 -20.250000000 32.000000000 2 -38.750000000 18.366113744 -73.000000000 -2.682494497 -20.250000000 36.192505503 -24.142844678 -37.801916814 19.064819599 24.142844678 4 -69.072231219 -3.980364713 -20.250000000 32.000000000 4 -73.000000000 -6.875000000 -20.250000000 32.000000000 -70.283098379 -4.872733639 -22.966901621 29.997733639 -37.801916814 19.064819599 2 -73.000000000 -6.875000000 -46.625000000 12.562500000 -46.625000000 12.562500000 -20.250000000 32.000000000
FGEOM -55.875000000000000 -12.937500000000000 3.8750000000000000 23.937500000000000 -30.000000000000000 38.437500000000000 17.125000000000000 -23.437500000000000 -30.000000000000000 38.437500000000000 17.125000000000000 -23.437500000000000 4.5000000000000000 1.6250000000000000 2.7500000000000000 -4 -0.33069396353576770 2 6 1 0 3 0.0000000000000000 4.5000000000000000 19.250000000000000 6.7500000000000000 -41.875000000000000 -8.6875000000000000 -15.875000000000000 22.062500000000000 3.8750000000000000 -4.9375000000000000 -56 -24 18 39 -69 41 -69 28 3289.394531250 57.353243424 4929.828125000 70.212734778 140.393816916 -56 -13 -56 -13 -56 -12 -56 -12 -52.000000000 11.000000000 -59.750000000 -36.875000000 3440.484375000 -18.753843476 -4.342332885 -50.130849722 -9.392470017 -26.000000000 5.500000000 1 -71.154456359 -1.752262027 -55.875000000 -12.937500000 -55.875000000 -12.937500000 0 -56 -13 -55 -12 2 1.271073600 27.607590912 5.988062431 19.964470027 2 1.271073600 27.607590912 2 5.988062431 19.964470027 -19.453601604 -1.278560432 0 3.875000000 23.937500000 -55.875000000 -12.937500000 -55.875000000 -12.937500000 3.875000000 23.937500000 2 -11.656306692 14.352279343 -55.875000000 -7.649511607 3.875000000 29.225488393 -30.130084403 -14.175992206 12.797243304 30.130084403 4 -14.175992206 12.797243304 -7.702912991 16.792135288 4 -55.875000000 -12.937500000 3.875000000 23.937500000 -52.045566481 -10.574146678 0.045566481 21.574146678 -14.175992206 12.797243304 3 -55.875000000 -12.937500000 -35.958333333 -0.645833333 -35.958333333 -0.645833333 -16.041666667 11.645833333 -16.041666667 11.645833333 3.875000000 23.937500000
FGEOM -38.750000000000000 10.000000000000000 19.000000000000000 47.875000000000000 -21.875000000000000 62.375000000000000 32.250000000000000 2.5000000000000000 -35.250000000000000 12.250000000000000 22.500000000000000 50.125000000000000 5.6250000000000000 2.0000000000000000 0.75000000000000000 -3 -0.16534698176788384 3 0 1 1 4 0.12500000000000000 100.00000000000000 20.250000000000000 7.7500000000000000 -25.750000000000000 16.250000000000000 0.25000000000000000 47.000000000000000 20.000000000000000 20.000000000000000 -39 2 33 63 -85 30 -29 67 1601.562500000 40.019526484 4769.578125000 69.062132352 118.941855707 -39 10 -38 10 -39 10 -39 10 -19.750000000 57.875000000 -57.750000000 -37.875000000 2958.234375000 -19.607615805 5.060029885 -32.269422515 14.250248870 -9.875000000 28.937500000 1 -47.140488661 13.491860445 -10.000000000 -38.750000000 30.500000000 45.500000000 0 -39 10 -38 10 0 -1 -1 -3.328601604 23.658939568 0 19.000000000 47.875000000 -38.750000000 10.000000000 -38.750000000 10.000000000 19.000000000 47.875000000 -1 -38.750000000 16.726831073 19.000000000 54.601831073 -34.541586594 -2.931730401 33.491202789 34.541586594 4 -35.270845004 12.281783471 19.000000000 47.875000000 4 -35.270845004 12.281783471 19.000000000 47.875000000 -34.046355051 13.084858051 14.296355051 44.790141949 -2.931730401 33.491202789 4 -38.750000000 10.000000000 -24.312500000 19.468750000 -24.312500000 19.468750000 -9.875000000 28.937500000 -9.875000000 28.937500000 4.562500000 38.406250000 4.562500000 38.406250000 19.000000000 47.875000000
FGEOM -65.625000000000000 -23.062500000000000 -9.8750000000000000 12.812500000000000 -48.750000000000000 27.312500000000000 3.3750000000000000 -30.562500000000000 -9.8750000000000000 12.812500000000000 -65.625000000000000 -23.062500000000000 6.7500000000000000 2.3750000000000000 1.0000000000000000 -2 0.0000000000000000 4 1 0 1 5 0.25000000000000000 6.5000000000000000 21.250000000000000 8.7500000000000000 -53.625000000000000 -17.812500000000000 -27.625000000000000 12.937500000000000 -7.8750000000000000 -14.062500000000000 -66 -31 4 28 -77 34 -89 3 4838.519531250 69.559467589 4395.078125000 66.295385397 137.180285260 -66 -23 -65 -23 -64 -23 -66 -23 -75.500000000 -10.250000000 -55.750000000 -35.875000000 2747.984375000 -20.048043758 -7.045455378 -58.266833258 -18.327536199 -37.750000000 -5.125000000 1 -65.625000000 -23.062500000 65.625000000 23.062500000 -31.875000000 77.687500000 0 -66 -24 -65 -23 2 -13.911380612 17.907363251 -6.910471779 7.027902138 2 -13.911380612 17.907363251 2 -6.910471779 7.027902138 -31.203601604 -10.403560432 0 -9.875000000 12.812500000 -65.625000000 -23.062500000 -65.625000000 -23.062500000 -9.875000000 12.812500000 -1 -65.625000000 -15.035704459 -9.875000000 20.839295541 -33.230301201 -30.767797341 -0.631968244 33.230301201 4 -9.875000000 12.812500000 -65.625000000 -23.062500000 -1 -59.948699942 -19.409813640 -15.551300058 9.159813640 -30.767797341 -0.631968244 5 -65.625000000 -23.062500000 -54.475000000 -15.887500000 -54.475000000 -15.887500000 -43.325000000 -8.712500000 -43.325000000 -8.712500000 -32.175000000 -1.537500000 -32.175000000 -1.537500000 -21.025000000 5.637500000 -21.025000000 5.637500000 -9.875000000 12.812500000
FGEOM -37.500000000000000 -54.125000000000000 16.250000000000000 -20.250000000000000 -20.625000000000000 -5.7500000000000000 29.500000000000000 -61.625000000000000 -59.250000000000000 -26.375000000000000 42.750000000000000 -26.375000000000000 7.8750000000000000 2.7500000000000000 1.2500000000000000 -1 0.16534698176788384 5 2 -1 1 6 0.37500000000000000 7.5000000000000000 22.250000000000000 9.7500000000000000 -26.500000000000000 -49.875000000000000 -0.50000000000000000 -19.125000000000000 19.250000000000000 -46.125000000000000 -38 -62 30 -5 -15 92 -92 -4 4335.765625000 65.846530850 4036.578125000 63.534070584 153.758018719 -37 -54 -37 -54 -40 -54 -38 -55 -21.250000000 -74.375000000 -53.750000000 -33.875000000 2545.734375000 -12.671510393 -18.289213334 -29.251472947 -48.926509695 -10.625000000 -37.187500000 1 -29.307583690 -56.242761763 -54.125000000 37.500000000 -69.000000000 11.125000000 0 -38 -55 -37 -54 2 11.530111070 -14.421393949 19.471868871 -27.022707064 2 11.530111070 -14.421393949 2 19.471868871 -27.022707064 -4.078601604 -42.466060432 0 16.250000000 -20.250000000 -37.500000000 -54.125000000 -37.500000000 -54.125000000 16.250000000 -20.250000000 2 6.531365314 -26.375000000 -37.500000000 -44.816519891 16.250000000 -10.941519891 -31.927997157 -3.601678595 -32.761174185 31.927997157 4 -37.500000000 -54.125000000 16.250000000 -20.250000000 4 -37.500000000 -54.125000000 16.250000000 -20.250000000 -30.837728150 -49.926219369 9.587728150 -24.448780631 -3.601678595 -32.761174185 6 -37.500000000 -54.125000000 -28.541666667 -48.479166667 -28.541666667 -48.479166667 -19.583333333 -42.833333333 -19.583333333 -42.833333333 -10.625000000 -37.187500000 -10.625000000 -37.187500000 -1.666666667 -31.541666667 -1.666666667 -31.541666667 7.291666667 -25.895833333 7.291666667 -25.895833333 16.250000000 -20.250000000
FGEOM -35.250000000000000 6.8125000000000000 20.500000000000000 47.687500000000000 -18.375000000000000 56.187500000000000 29.750000000000000 -4.6875000000000000 -1.0000000000000000 -30.437500000000000 -1.0000000000000000 81.562500000000000 9.0000000000000000 0.50000000000000000 1.5000000000000000 0 0.33069396353576770 0 3 -1 0 0 0.0000000000000000 8.5000000000000000 23.250000000000000 10.750000000000000 -25.250000000000000 13.062500000000000 0.75000000000000000 43.812500000000000 20.500000000000000 16.812500000000000 -36 -5 30 57 -75 35 -29 69 1288.972656250 35.902265336 4778.828125000 69.129068596 67.351601920 -35 7 -35 7 -35 6 -35 6 -14.750000000 54.500000000 -55.750000000 -40.875000000 2958.984375000 -22.827598547 4.411716740 -26.580528356 13.168816654 -7.375000000 27.250000000 1 -18.303629662 4.008470148 -35.250000000 6.812500000 -35.250000000 6.812500000 0 -36 6 -35 7 2 14.669341411 53.872434957 24.644915811 40.266605652 2 14.669341411 53.872434957 2 24.644915811 40.266605652 -2.828601604 20.471439568 0 20.500000000 47.687500000 -35.250000000 6.812500000 -35.250000000 6.812500000 20.500000000 47.687500000 2 -1.000000000 31.924047085 -35.250000000 17.972349639 20.500000000 58.847349639 -29.841145945 -0.730369959 32.121735479 29.841145945 4 -30.737065344 10.121310836 20.500000000 47.687500000 4 -35.250000000 6.812500000 20.500000000 47.687500000 -27.991837693 12.134067431 13.241837693 42.365932569 -0.730369959 32.121735479 0
FGEOM -63.125000000000000 19.750000000000000 -4.3750000000000000 58.625000000000000 -41.250000000000000 67.125000000000000 4.8750000000000000 8.2500000000000000 -41.250000000000000 67.125000000000000 4.8750000000000000 8.2500000000000000 -9.0000000000000000 0.87500000000000000 1.7500000000000000 1 0.49604094530365156 1 4 -1 -1 1 0.12500000000000000 9.5000000000000000 24.250000000000000 11.750000000000000 -49.125000000000000 25.000000000000000 -23.125000000000000 55.750000000000000 -3.3750000000000000 28.750000000000000 -64 8 5 68 -109 -3 -44 55 4374.828125000 66.142483511 4962.828125000 70.447342924 85.269299960 -63 20 -64 20 -63 20 -63 19 -67.500000000 78.375000000 -58.750000000 -38.875000000 3126.859375000 -23.143691751 7.240996627 -53.326014384 26.234009631 -33.750000000 39.187500000 1 -37.940480563 15.048581814 -19.750000000 -63.125000000 6.125000000 45.250000000 0 -64 19 -63 20 2 -10.637885353 65.768267254 -0.248875126 50.067833791 2 -10.637885353 65.768267254 2 -0.248875126 50.067833791 -26.703601604 32.408939568 0 -4.375000000 58.625000000 -63.125000000 19.750000000 -63.125000000 19.750000000 -4.375000000 58.625000000 2 -24.274692529 45.457331114 -63.125000000 8.958066616 -4.375000000 47.833066616 -27.437381522 -26.109213103 44.243424947 27.437381522 4 -26.109213103 44.243424947 -21.124486810 47.541828941 4 -63.125000000 19.750000000 -4.375000000 58.625000000 -55.619393996 24.716475462 -11.880606004 53.658524538 -26.109213103 44.243424947 1 -63.125000000 19.750000000 -4.375000000 58.625000000
FGEOM -14.000000000000000 14.687500000000000 42.750000000000000 51.562500000000000 7.8750000000000000 60.062500000000000 52.000000000000000 3.1875000000000000 -10.500000000000000 16.937500000000000 46.250000000000000 53.812500000000000 -7.8750000000000000 1.2500000000000000 2.0000000000000000 2 0.66138792707153540 2 5 0 -1 2 0.25000000000000000 10.500000000000000 25.250000000000000 12.750000000000000 -1.0000000000000000 18.937500000000000 25.000000000000000 49.687500000000000 44.750000000000000 22.687500000000000 -14 3 52 61 -53 49 0 95 411.722656250 20.290950107 4580.328125000 67.678121465 102.328839563 -14 15 -14 15 -14 15 -14 15 28.750000000 66.250000000 -56.750000000 -36.875000000 2914.609375000 -17.421559766 18.277082790 -3.308767969 21.634445923 14.375000000 33.125000000 1 18.482453195 10.819346296 14.000000000 -14.687500000 29.750000000 105.437500000 0 -14 14 -14 15 2 35.732267339 59.372841113 47.035750441 41.976972203 2 35.732267339 59.372841113 2 47.035750441 41.976972203 21.421398396 26.346439568 0 42.750000000 51.562500000 -14.000000000 14.687500000 -14.000000000 14.687500000 42.750000000 51.562500000 -1 -14.000000000 5.296042616 42.750000000 42.171042616 -26.129428340 22.111841230 38.152242649 26.129428340 4 -10.511069758 16.954536170 42.750000000 51.562500000 4 -10.511069758 16.954536170 42.750000000 51.562500000 -7.396591981 18.978260717 36.146591981 47.271739283 22.111841230 38.152242649 2 -14.000000000 14.687500000 14.375000000 33.125000000 14.375000000 33.125000000 42.750000000 51.562500000
FGEOM -25.875000000000000 -67.375000000000000 28.875000000000000 -29.500000000000000 -4.0000000000000000 -21.000000000000000 38.125000000000000 -75.875000000000000 28.875000000000000 -29.500000000000000 -25.875000000000000 -67.375000000000000 -6.7500000000000000 1.6250000000000000 2.2500000000000000 3 0.82673490883941920 3 6 1 -1 3 0.37500000000000000 11.500000000000000 26.250000000000000 13.750000000000000 -13.875000000000000 -61.125000000000000 12.125000000000000 -30.375000000000000 31.875000000000000 -57.375000000000000 -26 -76 39 -21 17 114 -94 0 5208.906250000 72.172752823 4432.078125000 66.573854665 123.197702203 -26 -67 -26 -68 -27 -66 -25 -67 3.000000000 -96.875000000 -54.750000000 -37.875000000 2954.109375000 -9.411013484 -24.505006125 -14.567069826 -59.552390770 1.500000000 -48.437500000 1 15.303661978 -68.502893430 -67.375000000 25.875000000 -50.375000000 0.875000000 0 -26 -68 -25 -67 2 20.797105424 -21.314792659 33.685493914 -39.945532457 2 20.797105424 -21.314792659 2 33.685493914 -39.945532457 8.546398396 -53.716060432 0 28.875000000 -29.500000000 -25.875000000 -67.375000000 -25.875000000 -67.375000000 28.875000000 -29.500000000 -1 -25.875000000 -75.582735507 28.875000000 -37.707735507 -25.693504358 10.617472317 -42.130207507 25.693504358 4 28.875000000 -29.500000000 -25.875000000 -67.375000000 -1 -20.323834278 -63.534810014 23.323834278 -33.340189986 10.617472317 -42.130207507 3 -25.875000000 -67.375000000 -7.625000000 -54.750000000 -7.625000000 -54.750000000 10.625000000 -42.125000000 10.625000000 -42.125000000 28.875000000 -29.500000000
FGEOM -31.750000000000000 -7.7500000000000000 25.000000000000000 28.125000000000000 -9.8750000000000000 44.625000000000000 30.250000000000000 -16.250000000000000 -53.500000000000000 21.000000000000000 48.500000000000000 21.000000000000000 -5.6250000000000000 2.0000000000000000 2.5000000000000000 4 -0.82673490883941920 4 0 1 0 4 0.0000000000000000 12.500000000000000 27.250000000000000 14.750000000000000 -20.750000000000000 -2.5000000000000000 5.2500000000000000 28.250000000000000 25.000000000000000 1.2500000000000000 -32 -17 31 45 -55 47 -40 54 1068.125000000 32.682181690 4507.578125000 67.138499574 144.658555420 -32 -8 -32 -8 -32 -7 -32 -7 -6.750000000 20.375000000 -56.750000000 -35.875000000 3120.359375000 -26.472758404 -6.461854414 -19.282302549 0.131562045 -3.375000000 10.187500000 1 -63.224074201 25.246338232 -31.750000000 -7.750000000 -31.750000000 -7.750000000 0 -32 -8 -31 -7 2 16.470322725 37.262538267 29.595330602 16.500330686 2 16.470322725 37.262538267 2 29.595330602 16.500330686 1.671398396 4.908939568 0 25.000000000 28.125000000 -31.750000000 -7.750000000 -31.750000000 -7.750000000 25.000000000 28.125000000 2 13.729094077 21.000000000 -31.750000000 -14.404697094 25.000000000 21.470302906 -32.582134526 7.535041683 17.084376571 32.582134526 4 -31.750000000 -7.750000000 25.000000000 28.125000000 4 -31.750000000 -7.750000000 25.000000000 28.125000000 -26.995369616 -4.744319559 20.245369616 25.119319559 7.535041683 17.084376571 4 -31.750000000 -7.750000000 -17.562500000 1.218750000 -17.562500000 1.218750000 -3.375000000 10.187500000 -3.375000000 10.187500000 10.812500000 19.156250000 10.812500000 19.156250000 25.000000000 28.125000000
FGEOM 9.3750000000000000 25.187500000000000 64.125000000000000 59.062500000000000 31.250000000000000 75.562500000000000 69.375000000000000 16.687500000000000 43.625000000000000 -14.062500000000000 43.625000000000000 97.937500000000000 -4.5000000000000000 2.3750000000000000 2.7500000000000000 5 -0.66138792707153540 5 1 1 1 5 0.12500000000000000 13.500000000000000 28.250000000000000 15.750000000000000 19.375000000000000 29.437500000000000 45.375000000000000 60.187500000000000 65.125000000000000 33.187500000000000 9 16 70 76 -45 53 34 124 722.300781250 26.875654062 4145.078125000 64.382281142 159.956909481 9 25 10 25 10 25 9 26 73.500000000 84.250000000 -54.750000000 -33.875000000 2904.109375000 9.854411334 26.475518451 22.768630743 33.474426784 36.750000000 42.125000000 1 -16.953414045 49.245449929 -25.187500000 9.375000000 81.625000000 53.687500000 0 9 25 10 26 2 54.772591067 68.798127722 68.662933935 46.348053272 2 54.772591067 68.798127722 2 68.662933935 46.348053272 41.796398396 36.846439568 0 64.125000000 59.062500000 9.375000000 25.187500000 9.375000000 25.187500000 64.125000000 59.062500000 2 43.625000000 46.378710046 9.375000000 19.895805660 64.125000000 53.770805660 -31.328738113 47.733743427 48.920877782 31.328738113 4 16.581440244 29.646279237 64.125000000 59.062500000 4 9.375000000 25.187500000 64.125000000 59.062500000 13.201751641 27.555193367 60.298248359 56.694806633 47.733743427 48.920877782 5 9.375000000 25.187500000 20.325000000 31.962500000 20.325000000 31.962500000 31.275000000 38.737500000 31.275000000 38.737500000 42.225000000 45.512500000 42.225000000 45.512500000 53.175000000 52.287500000 53.175000000 52.287500000 64.125000000 59.062500000
FGEOM -30.500000000000000 -56.875000000000000 27.250000000000000 -16.000000000000000 -12.625000000000000 -5.5000000000000000 42.500000000000000 -62.375000000000000 -12.625000000000000 -5.5000000000000000 42.500000000000000 -62.375000000000000 -3.3750000000000000 2.7500000000000000 0.75000000000000000 6 -0.49604094530365156 0 2 0 1 6 0.25000000000000000 100.00000000000000 29.250000000000000 16.750000000000000 -16.500000000000000 -50.625000000000000 9.5000000000000000 -19.875000000000000 29.250000000000000 -46.875000000000000 -31 -63 43 -5 -8 105 -88 12 4165.015625000 64.536932256 5005.828125000 70.751877184 161.744291461 -30 -57 -30 -57 -30 -56 -31 -57 -3.250000000 -72.875000000 -57.750000000 -40.875000000 3132.234375000 -13.823480119 -25.777391206 -16.828101267 -47.198136611 -1.625000000 -36.437500000 1 -52.797390620 -42.175404318 30.500000000 56.875000000 5.250000000 45.875000000 0 -31 -57 -30 -56 0 -1 -1 5.921398396 -43.216060432 0 27.250000000 -16.000000000 -30.500000000 -56.875000000 -30.500000000 -56.875000000 27.250000000 -16.000000000 2 9.635628370 -28.467314985 -30.500000000 -61.009849965 27.250000000 -20.134849965 -31.607156079 5.635186954 -31.298796247 31.607156079 4 5.635186954 -31.298796247 15.541660814 -24.287071242 4 -30.500000000 -56.875000000 27.250000000 -16.000000000 -27.745214434 -54.925184243 24.495214434 -17.949815757 5.635186954 -31.298796247 6 -30.500000000 -56.875000000 -20.875000000 -50.062500000 -20.875000000 -50.062500000 -11.250000000 -43.250000000 -11.250000000 -43.250000000 -1.625000000 -36.437500000 -1.625000000 -36.437500000 8.000000000 -29.625000000 8.000000000 -29.625000000 17.625000000 -22.812500000 17.625000000 -22.812500000 27.250000000 -16.000000000
FGEOM -77.250000000000000 -32.937500000000000 -21.500000000000000 5.9375000000000000 -59.375000000000000 16.437500000000000 -6.2500000000000000 -45.437500000000000 -73.750000000000000 -30.687500000000000 -18.000000000000000 8.1875000000000000 -2.2500000000000000 0.50000000000000000 1.0000000000000000 -6 -0.33069396353576770 1 3 -1 1 0 0.37500000000000000 2.5000000000000000 30.250000000000000 17.750000000000000 -64.250000000000000 -27.687500000000000 -38.250000000000000 3.0625000000000000 -18.500000000000000 -23.937500000000000 -78 -46 -6 17 -76 40 -111 -15 7052.441406250 83.978815223 4619.328125000 67.965639297 47.835982795 -77 -33 -77 -32 -77 -33 -78 -33 -98.750000000 -27.000000000 -55.750000000 -38.875000000 2915.984375000 -27.826214192 -11.864413333 -62.690253189 -22.784851439 -49.375000000 -13.500000000 1 -92.313519487 -24.458223297 77.250000000 32.937500000 -41.500000000 65.812500000 0 -78 -33 -77 -32 2 -23.004413147 7.934182519 -20.146447537 3.835620905 2 -23.004413147 7.934182519 2 -20.146447537 3.835620905 -41.828601604 -20.278560432 0 -21.500000000 5.937500000 -77.250000000 -32.937500000 -77.250000000 -32.937500000 -21.500000000 5.937500000 -1 -77.250000000 -35.680507864 -21.500000000 3.194492136 -30.276558071 -42.057408241 -8.397374356 30.276558071 4 -73.839417089 -30.559268419 -21.500000000 5.937500000 4 -73.839417089 -30.559268419 -21.500000000 5.937500000 -75.404398292 -31.650544549 -23.345601708 4.650544549 -42.057408241 -8.397374356 0
FGEOM -24.125000000000000 10.000000000000000 33.625000000000000 46.875000000000000 -6.2500000000000000 57.375000000000000 44.875000000000000 -2.5000000000000000 33.625000000000000 46.875000000000000 -24.125000000000000 10.000000000000000 -1.1250000000000000 0.87500000000000000 1.2500000000000000 -5 -0.16534698176788384 2 4 -1 0 1 0.0000000000000000 3.5000000000000000 31.250000000000000 18.750000000000000 -12.125000000000000 14.250000000000000 13.875000000000000 45.000000000000000 33.625000000000000 18.000000000000000 -25 -3 45 58 -64 48 -15 81 682.015625000 26.115428869 4694.828125000 68.518815846 68.396206149 -24 10 -24 10 -24 8 -24 10 9.500000000 56.875000000 -57.750000000 -36.875000000 2779.234375000 -28.868231641 11.966106380 -8.321859116 20.090750131 4.750000000 28.437500000 1 -31.678877013 13.588261553 10.000000000 24.125000000 -53.625000000 75.250000000 0 -25 10 -24 10 2 31.593167888 49.724852324 35.355463252 43.832715179 2 31.593167888 49.724852324 2 35.355463252 43.832715179 10.296398396 21.658939568 0 33.625000000 46.875000000 -24.125000000 10.000000000 -24.125000000 10.000000000 33.625000000 46.875000000 -1 -24.125000000 8.665217873 33.625000000 45.540217873 -30.309420841 10.061722258 31.829184125 30.309420841 4 33.625000000 46.875000000 -24.125000000 10.000000000 -1 -23.176811547 10.605445008 32.676811547 46.269554992 10.061722258 31.829184125 1 -24.125000000 10.000000000 33.625000000 46.875000000
FGEOM -46.000000000000000 -57.062500000000000 9.7500000000000000 -19.187500000000000 -28.125000000000000 -8.6875000000000000 21.000000000000000 -66.562500000000000 -67.750000000000000 -27.312500000000000 34.250000000000000 -27.312500000000000 0.0000000000000000 1.2500000000000000 1.5000000000000000 -4 0.0000000000000000 3 5 -1 -1 2 0.12500000000000000 4.5000000000000000 1.2500000000000000 19.750000000000000 -35.000000000000000 -50.812500000000000 -9.0000000000000000 -20.062500000000000 10.750000000000000 -47.062500000000000 -46 -67 21 -8 -20 88 -104 -9 5372.128906250 73.294808181 4542.578125000 67.398650765 89.911110618 -46 -57 -46 -57 -45 -55 -46 -58 -36.250000000 -76.250000000 -55.750000000 -37.875000000 2828.734375000 -0.784503042 -0.973167497 -29.663434097 -45.963891326 -18.125000000 -38.125000000 1 -46.000000000 -57.062500000 -46.000000000 -57.062500000 -46.000000000 -57.062500000 0 -46 -58 -46 -57 2 6.978322326 -15.642390288 12.024630637 -23.070289650 2 6.978322326 -15.642390288 2 12.024630637 -23.070289650 -12.578601604 -43.403560432 0 9.750000000 -19.187500000 -46.000000000 -57.062500000 -46.000000000 -57.062500000 9.750000000 -19.187500000 2 -2.209570957 -27.312500000 -46.000000000 -57.062500000 9.750000000 -19.187500000 -29.969303570 -11.283603921 -33.477145713 29.969303570 4 -46.000000000 -57.062500000 9.750000000 -19.187500000 4 -46.000000000 -57.062500000 9.750000000 -19.187500000 -46.000000000 -57.062500000 9.750000000 -19.187500000 -11.283603921 -33.477145713 2 -46.000000000 -57.062500000 -18.125000000 -38.125000000 -18.125000000 -38.125000000 9.750000000 -19.187500000
FGEOM -35.875000000000000 -62.125000000000000 17.875000000000000 -26.250000000000000 -18.000000000000000 -15.750000000000000 29.125000000000000 -71.625000000000000 -1.6250000000000000 -100.37500000000000 -1.6250000000000000 11.625000000000000 1.1250000000000000 1.6250000000000000 1.7500000000000000 -3 0.16534698176788384 4 6 0 -1 3 0.25000000000000000 5.5000000000000000 2.2500000000000000 20.750000000000000 -25.875000000000000 -56.875000000000000 0.12500000000000000 -26.125000000000000 19.875000000000000 -53.125000000000000 -36 -72 30 -15 -3 101 -98 -8 5146.531250000 71.739328475 4176.078125000 64.622582160 107.565868265 -36 -62 -36 -62 -36 -60 -35 -62 -18.000000000 -88.375000000 -53.750000000 -35.875000000 2624.484375000 -1.125167348 -1.948460530 -18.616133784 -50.605710224 -9.000000000 -44.187500000 1 -27.998134174 -64.434633747 62.125000000 -35.875000000 28.375000000 -33.625000000 0 -36 -63 -35 -62 2 14.443427331 -21.951824920 20.527881538 -31.067906137 2 14.443427331 -21.951824920 2 20.527881538 -31.067906137 -3.453601604 -49.466060432 0 17.875000000 -26.250000000 -35.875000000 -62.125000000 -35.875000000 -62.125000000 17.875000000 -26.250000000 2 -1.625000000 -39.265116279 -35.875000000 -60.772434327 17.875000000 -24.897434327 -28.649282698 -2.095451119 -39.579115049 28.649282698 4 -29.842154814 -58.098426585 17.875000000 -26.250000000 4 -35.875000000 -62.125000000 17.875000000 -26.250000000 -34.939278338 -61.500460193 16.939278338 -26.874539807 -2.095451119 -39.579115049 3 -35.875000000 -62.125000000 -17.958333333 -50.166666667 -17.958333333 -50.166666667 -0.041666667 -38.208333333 -0.041666667 -38.208333333 17.875000000 -26.250000000
FGEOM -22.750000000000000 33.812500000000000 34.000000000000000 67.687500000000000 0.12500000000000000 78.187500000000000 45.250000000000000 24.312500000000000 0.12500000000000000 78.187500000000000 45.250000000000000 24.312500000000000 2.2500000000000000 2.0000000000000000 2.0000000000000000 -2 0.33069396353576770 5 0 1 -1 4 0.37500000000000000 6.5000000000000000 3.2500000000000000 21.750000000000000 -8.7500000000000000 38.062500000000000 17.250000000000000 68.812500000000000 37.000000000000000 41.812500000000000 -23 24 46 79 -79 21 11 102 1660.847656250 40.753498699 4368.078125000 66.091437607 132.182875215 -23 34 -23 33 -25 33 -22 34 11.250000000 101.500000000 -56.750000000 -33.875000000 2801.359375000 -1.814261410 2.696470941 -4.074169292 44.960407757 5.625000000 50.750000000 1 -7.102030458 28.789359541 22.750000000 -33.812500000 23.000000000 122.562500000 0 -23 33 -22 34 2 30.135681358 72.914070714 36.766496016 61.805621066 2 30.135681358 72.914070714 2 36.766496016 61.805621066 13.671398396 45.471439568 0 34.000000000 67.687500000 -22.750000000 33.812500000 -22.750000000 33.812500000 34.000000000 67.687500000 2 17.279433911 57.706721564 -22.750000000 36.432865368 34.000000000 70.307865368 -26.378464263 13.645215466 55.537397338 26.378464263 4 13.645215466 55.537397338 23.205082506 61.243837795 4 -22.750000000 33.812500000 34.000000000 67.687500000 -20.818017513 34.965731837 32.068017513 66.534268163 13.645215466 55.537397338 4 -22.750000000 33.812500000 -8.562500000 42.281250000 -8.562500000 42.281250000 5.625000000 50.750000000 5.625000000 50.750000000 19.812500000 59.218750000 19.812500000 59.218750000 34.000000000 67.687500000
FGEOM 4.3750000000000000 -14.250000000000000 63.125000000000000 26.625000000000000 27.250000000000000 39.125000000000000 70.375000000000000 -20.750000000000000 7.8750000000000000 -12.000000000000000 66.625000000000000 28.875000000000000 3.3750000000000000 2.3750000000000000 2.2500000000000000 -1 0.49604094530365156 0 1 1 0 5 0.0000000000000000 7.5000000000000000 4.2500000000000000 22.750000000000000 17.375000000000000 -8.0000000000000000 43.375000000000000 22.750000000000000 63.125000000000000 -4.2500000000000000 4 -21 71 40 -12 92 -10 90 222.203125000 14.906479296 5122.328125000 71.570441699 167.114394063 4 -14 4 -15 4 -14 4 -14 67.500000000 12.375000000 -58.750000000 -40.875000000 3525.609375000 1.247360267 -4.062830585 23.049783448 -1.257118750 33.750000000 6.187500000 1 32.535730045 -18.704208086 -14.250000000 -4.375000000 -26.125000000 62.000000000 0 4 -15 5 -14 2 58.220062606 32.298763227 66.739630557 20.053512654 2 58.220062606 32.298763227 2 66.739630557 20.053512654 39.796398396 -0.591060432 0 63.125000000 26.625000000 4.375000000 -14.250000000 4.375000000 -14.250000000 63.125000000 26.625000000 -1 4.375000000 -10.138506541 63.125000000 30.736493459 -30.749644305 44.811603382 13.883551714 30.749644305 4 7.788220002 -11.875270339 63.125000000 26.625000000 4 7.788220002 -11.875270339 63.125000000 26.625000000 7.145434907 -12.322484650 60.354565093 24.697484650 44.811603382 13.883551714 5 4.375000000 -14.250000000 16.125000000 -6.075000000 16.125000000 -6.075000000 27.875000000 2.100000000 27.875000000 2.100000000 39.625000000 10.275000000 39.625000000 10.275000000 51.375000000 18.450000000 51.375000000 18.450000000 63.125000000 26.625000000
FGEOM -35.500000000000000 -22.312500000000000 21.250000000000000 16.562500000000000 -12.625000000000000 29.062500000000000 28.500000000000000 -28.812500000000000 21.250000000000000 16.562500000000000 -35.500000000000000 -22.312500000000000 4.5000000000000000 2.7500000000000000 2.5000000000000000 0 0.66138792707153540 1 2 1 1 6 0.12500000000000000 8.5000000000000000 5.2500000000000000 23.750000000000000 -23.500000000000000 -17.062500000000000 2.5000000000000000 13.687500000000000 22.250000000000000 -13.312500000000000 -36 -29 29 30 -42 58 -58 38 1758.097656250 41.929675127 4731.828125000 68.788284795 183.850249014 -35 -22 -35 -23 -36 -22 -36 -22 -14.250000000 -5.750000000 -56.750000000 -38.875000000 3295.359375000 -4.444942620 -2.793740344 -15.906365648 -8.890428891 -7.125000000 -2.875000000 1 0.878588962 -25.529709473 -35.500000000 -22.312500000 -35.500000000 -22.312500000 0 -36 -23 -35 -22 2 15.616613732 22.927636224 25.150361572 9.010203686 2 15.616613732 22.927636224 2 25.150361572 9.010203686 -1.078601604 -9.653560432 0 21.250000000 16.562500000 -35.500000000 -22.312500000 -35.500000000 -22.312500000 21.250000000 16.562500000 -1 -35.500000000 -16.857922351 21.250000000 22.017077649 -29.456551083 4.022070454 4.760988791 29.456551083 4 21.250000000 16.562500000 -35.500000000 -22.312500000 -1 -31.787521912 -19.769370737 17.537521912 14.019370737 4.022070454 4.760988791 6 -35.500000000 -22.312500000 -26.041666667 -15.833333333 -26.041666667 -15.833333333 -16.583333333 -9.354166667 -16.583333333 -9.354166667 -7.125000000 -2.875000000 -7.125000000 -2.875000000 2.333333333 3.604166667 2.333333333 3.604166667 11.791666667 10.083333333 11.791666667 10.083333333 21.250000000 16.562500000
FGEOM -36.250000000000000 25.625000000000000 18.500000000000000 62.500000000000000 -13.375000000000000 75.000000000000000 25.750000000000000 12.125000000000000 -58.000000000000000 53.375000000000000 44.000000000000000 53.375000000000000 5.6250000000000000 0.50000000000000000 2.7500000000000000 1 0.82673490883941920 2 3 0 1 0 0.25000000000000000 9.5000000000000000 6.2500000000000000 24.750000000000000 -25.250000000000000 29.875000000000000 0.75000000000000000 60.625000000000000 20.500000000000000 33.625000000000000 -37 12 26 75 -89 14 -11 81 1970.703125000 44.392602143 4357.328125000 66.010060786 105.036270707 -36 26 -36 26 -36 27 -37 26 -17.750000000 88.125000000 -54.750000000 -36.875000000 3073.109375000 -5.103609364 3.607723861 -15.721879228 39.451017415 -8.875000000 44.062500000 1 7.458552139 24.729537944 -25.625000000 -36.250000000 36.000000000 52.125000000 0 -37 25 -36 26 2 12.114296034 69.533689278 22.617714336 53.938783460 2 12.114296034 69.533689278 2 22.617714336 53.938783460 -2.828601604 37.283939568 0 18.500000000 62.500000000 -36.250000000 25.625000000 -36.250000000 25.625000000 18.500000000 62.500000000 2 4.951694915 53.375000000 -36.250000000 32.406855560 18.500000000 69.281855560 -28.173972313 2.363740681 51.631971463 28.173972313 4 -36.250000000 25.625000000 18.500000000 62.500000000 4 -36.250000000 25.625000000 18.500000000 62.500000000 -31.584518006 28.767276685 13.834518006 59.357723315 2.363740681 51.631971463 0
FGEOM 1.8750000000000000 -53.750000000000000 54.625000000000000 -15.875000000000000 15.750000000000000 -3.3750000000000000 61.875000000000000 -64.250000000000000 36.125000000000000 -91.000000000000000 36.125000000000000 21.000000000000000 6.7500000000000000 0.87500000000000000 0.75000000000000000 2 -0.82673490883941920 3 4 -1 1 1 0.37500000000000000 100.00000000000000 7.2500000000000000 25.750000000000000 11.875000000000000 -47.500000000000000 37.875000000000000 -16.750000000000000 57.625000000000000 -43.750000000000000 1 -65 62 -3 19 127 -52 39 2892.578125000 53.782693545 4217.078125000 64.939033909 54.196996717 2 -54 2 -53 3 -52 1 -54 56.500000000 -69.625000000 -52.750000000 -37.875000000 2639.859375000 0.252753239 -7.245592854 22.791734023 -38.731586708 28.250000000 -34.812500000 1 -30.709373806 -27.284889910 -1.875000000 53.750000000 29.625000000 47.000000000 0 1 -54 2 -53 0 -1 -1 34.296398396 -40.091060432 0 54.625000000 -15.875000000 1.875000000 -53.750000000 1.875000000 -53.750000000 54.625000000 -15.875000000 2 36.125000000 -29.158175355 1.875000000 -45.440265803 54.625000000 -7.565265803 -32.827184155 34.896105586 -30.040533193 32.827184155 4 6.826475214 -50.194793863 54.625000000 -15.875000000 4 1.875000000 -53.750000000 54.625000000 -15.875000000 7.358027365 -49.813134380 49.141972635 -19.811865620 34.896105586 -30.040533193 1 1.875000000 -53.750000000 54.625000000 -15.875000000
FGEOM 10.000000000000000 -28.812500000000000 69.750000000000000 7.0625000000000000 28.875000000000000 19.562500000000000 83.000000000000000 -39.312500000000000 28.875000000000000 19.562500000000000 83.000000000000000 -39.312500000000000 7.8750000000000000 1.2500000000000000 1.0000000000000000 3 -0.66138792707153540 4 5 -1 0 2 0.0000000000000000 11.500000000000000 8.2500000000000000 26.750000000000000 24.000000000000000 -23.562500000000000 50.000000000000000 7.1875000000000000 69.750000000000000 -19.812500000000000 10 -40 83 20 9 123 -19 77 930.160156250 30.498527116 4857.078125000 69.692740834 82.856733470 10 -29 10 -28 8 -30 10 -29 79.750000000 -21.750000000 -59.750000000 -35.875000000 2863.234375000 2.705048663 -7.793921460 32.933701285 -15.042683538 39.875000000 -10.875000000 1 -15.732567091 -7.018907190 -28.812500000 -10.000000000 -19.500000000 38.437500000 0 10 -29 10 -28 2 62.284523009 15.809879796 73.961694656 -3.638510612 2 62.284523009 15.809879796 2 73.961694656 -3.638510612 46.421398396 -16.153560432 0 69.750000000 7.062500000 10.000000000 -28.812500000 10.000000000 -28.812500000 69.750000000 7.062500000 2 50.817056802 -4.305187653 10.000000000 -19.627055078 69.750000000 16.247944922 -31.757477156 45.222462868 -7.664284847 31.757477156 4 45.222462868 -7.664284847 59.022782473 0.621681108 4 10.000000000 -28.812500000 69.750000000 7.062500000 16.751510191 -24.758768986 62.998489809 3.008768986 45.222462868 -7.664284847 2 10.000000000 -28.812500000 39.875000000 -10.875000000 39.875000000 -10.875000000 69.750000000 7.062500000
FGEOM -8.8750000000000000 4.1250000000000000 48.875000000000000 38.000000000000000 10.000000000000000 50.500000000000000 62.125000000000000 -6.3750000000000000 -5.3750000000000000 6.3750000000000000 52.375000000000000 40.250000000000000 9.0000000000000000 1.6250000000000000 1.2500000000000000 4 -0.49604094530365156 5 6 -1 -1 3 0.12500000000000000 12.500000000000000 9.2500000000000000 27.750000000000000 4.1250000000000000 8.3750000000000000 30.125000000000000 39.125000000000000 49.875000000000000 12.125000000000000 -9 -7 63 51 -41 69 -5 87 95.781250000 9.786789566 4482.578125000 66.952058407 102.954565601 -9 4 -9 5 -10 6 -8 4 40.000000000 42.125000000 -57.750000000 -33.875000000 2660.984375000 -8.388220616 3.898750427 15.060970575 18.165363692 20.000000000 21.062500000 1 -28.672127406 18.697911831 -8.875000000 4.125000000 -8.875000000 4.125000000 0 -9 4 -8 5 2 40.648714677 47.411600809 53.075281872 26.226825738 2 40.648714677 47.411600809 2 53.075281872 26.226825738 26.546398396 15.783939568 0 48.875000000 38.000000000 -8.875000000 4.125000000 -8.875000000 4.125000000 48.875000000 38.000000000 -1 -8.875000000 14.559087025 48.875000000 48.434087025 -30.451126873 25.407023285 24.234152186 30.451126873 4 -5.289038726 6.228453474 48.875000000 38.000000000 4 -5.289038726 6.228453474 48.875000000 38.000000000 -1.111982516 8.678631468 41.111982516 33.446368532 25.407023285 24.234152186 3 -8.875000000 4.125000000 10.375000000 15.416666667 10.375000000 15.416666667 29.625000000 26.708333333 29.625000000 26.708333333 48.875000000 38.000000000
FGEOM -20.750000000000000 24.062500000000000 35.000000000000000 64.937500000000000 -1.8750000000000000 71.437500000000000 48.250000000000000 16.562500000000000 35.000000000000000 64.937500000000000 -20.750000000000000 24.062500000000000 -9.0000000000000000 2.0000000000000000 1.5000000000000000 5 -0.33069396353576770 0 0 0 -1 4 0.25000000000000000 13.500000000000000 10.250000000000000 28.750000000000000 -8.7500000000000000 30.312500000000000 17.250000000000000 61.062500000000000 37.000000000000000 34.062500000000000 -21 16 49 72 -74 32 3 100 1009.566406250 31.773674736 4778.828125000 69.129068596 127.245717634 -21 24 -21 24 -20 24 -20 24 14.250000000 89.000000000 -55.750000000 -40.875000000 2988.734375000 -6.693827572 7.762420527 2.435796258 41.061951517 7.125000000 44.500000000 1 -35.109937791 32.758110656 -24.062500000 -20.750000000 45.500000000 52.562500000 0 -21 24 -20 25 2 25.045203957 74.056273807 40.702524467 52.701029320 2 25.045203957 74.056273807 2 40.702524467 52.701029320 13.671398396 37.721439568 0 35.000000000 64.937500000 -20.750000000 24.062500000 -20.750000000 24.062500000 35.000000000 64.937500000 -1 -20.750000000 12.902650361 35.000000000 53.777650361 -27.045650447 14.116694731 49.626197706 27.045650447 4 35.000000000 64.937500000 -20.750000000 24.062500000 -1 -13.491837693 29.384067431 27.741837693 59.615932569 14.116694731 49.626197706 4 -20.750000000 24.062500000 -6.812500000 34.281250000 -6.812500000 34.281250000 7.125000000 44.500000000 7.125000000 44.500000000 21.062500000 54.718750000 21.062500000 54.718750000 35.000000000 64.937500000
FGEOM -33.625000000000000 -19.000000000000000 20.125000000000000 19.875000000000000 -14.750000000000000 26.375000000000000 33.375000000000000 -26.500000000000000 -55.375000000000000 9.7500000000000000 46.625000000000000 9.7500000000000000 -7.8750000000000000 2.3750000000000000 1.7500000000000000 6 -0.16534698176788384 1 1 1 -1 5 0.37500000000000000 14.500000000000000 11.250000000000000 29.750000000000000 -22.625000000000000 -13.750000000000000 3.3750000000000000 17.000000000000000 23.125000000000000 -10.000000000000000 -34 -27 34 27 -42 60 -53 40 1491.640625000 38.621763618 4400.328125000 66.334969096 144.652580829 -34 -19 -34 -19 -34 -19 -33 -19 -13.500000000 0.875000000 -53.750000000 -38.875000000 2778.484375000 -9.794510001 -5.534444313 -9.519124595 -1.565285463 -6.750000000 0.437500000 1 -40.836049136 -15.274421250 33.625000000 19.000000000 4.125000000 71.750000000 0 -34 -19 -33 -19 2 9.264699091 29.482490003 25.848894178 6.552573966 2 9.264699091 29.482490003 2 25.848894178 6.552573966 -0.203601604 -6.341060432 0 20.125000000 19.875000000 -33.625000000 -19.000000000 -33.625000000 -19.000000000 20.125000000 19.875000000 2 6.125803859 9.750000000 -33.625000000 -28.718844309 20.125000000 10.156155691 -25.705003684 0.314181560 5.546710384 25.705003684 4 -33.625000000 -19.000000000 20.125000000 19.875000000 4 -33.625000000 -19.000000000 20.125000000 19.875000000 -27.244032981 -14.384928505 13.744032981 15.259928505 0.314181560 5.546710384 5 -33.625000000 -19.000000000 -22.875000000 -11.225000000 -22.875000000 -11.225000000 -12.125000000 -3.450000000 -12.125000000 -3.450000000 -1.375000000 4.325000000 -1.375000000 4.325000000 9.375000000 12.100000000 9.375000000 12.100000000 20.125000000 19.875000000
FGEOM 9.5000000000000000 -19.062500000000000 65.250000000000000 17.812500000000000 28.375000000000000 32.312500000000000 74.500000000000000 -26.562500000000000 43.750000000000000 -58.312500000000000 43.750000000000000 53.687500000000000 -6.7500000000000000 2.7500000000000000 2.0000000000000000 -6 0.0000000000000000 2 2 1 0 6 0.0000000000000000 2.5000000000000000 12.250000000000000 30.750000000000000 19.500000000000000 -14.812500000000000 45.500000000000000 15.937500000000000 65.250000000000000 -11.062500000000000 9 -27 75 33 -4 102 -10 84 453.628906250 21.298565826 4467.828125000 66.841814196 170.128731131 10 -19 10 -20 10 -20 10 -19 74.750000000 -1.250000000 -55.750000000 -36.875000000 2946.734375000 5.463982925 -10.963913106 35.147306564 -2.098474358 37.375000000 -0.625000000 1 9.500000000 -19.062500000 -9.500000000 19.062500000 47.250000000 83.687500000 0 9 -20 10 -19 2 63.793787811 19.844603851 66.550235956 15.677228013 2 63.793787811 19.844603851 2 66.550235956 15.677228013 41.921398396 -7.403560432 0 65.250000000 17.812500000 9.500000000 -19.062500000 9.500000000 -19.062500000 65.250000000 17.812500000 2 43.750000000 3.591647982 9.500000000 -27.155455082 65.250000000 9.719544918 -32.436890756 46.269642164 5.258227440 32.436890756 4 15.266051388 -15.248631929 65.250000000 17.812500000 4 9.500000000 -19.062500000 65.250000000 17.812500000 15.129896563 -15.338689493 59.620103437 14.088689493 46.269642164 5.258227440 6 9.500000000 -19.062500000 18.791666667 -12.916666667 18.791666667 -12.916666667 28.083333333 -6.770833333 28.083333333 -6.770833333 37.375000000 -0.625000000 37.375000000 -0.625000000 46.666666667 5.520833333 46.666666667 5.520833333 55.958333333 11.666666667 55.958333333 11.666666667 65.250000000 17.812500000
FGEOM 10.750000000000000 -49.125000000000000 69.500000000000000 -11.250000000000000 34.625000000000000 3.2500000000000000 78.750000000000000 -60.625000000000000 34.625000000000000 3.2500000000000000 78.750000000000000 -60.625000000000000 -5.6250000000000000 0.50000000000000000 2.2500000000000000 -5 0.16534698176788384 3 3 1 1 0 0.12500000000000000 3.5000000000000000 13.250000000000000 31.750000000000000 24.750000000000000 -42.875000000000000 50.750000000000000 -12.125000000000000 70.500000000000000 -39.125000000000000 10 -61 79 4 31 140 -39 59 2528.828125000 50.287454947 4886.078125000 69.900487302 90.139480676 11 -49 11 -50 12 -48 10 -49 80.250000000 -60.375000000 -58.750000000 -37.875000000 3386.359375000 2.832465873 -12.943710329 37.435257457 -31.921525512 40.125000000 -30.187500000 1 19.696265547 -52.340369109 -49.125000000 -10.750000000 -17.750000000 27.125000000 0 10 -50 11 -49 2 67.458639307 -8.406965262 71.246773713 -14.282949323 2 67.458639307 -8.406965262 2 71.246773713 -14.282949323 47.171398396 -35.466060432 0 69.500000000 -11.250000000 10.750000000 -49.125000000 10.750000000 -49.125000000 69.500000000 -11.250000000 2 52.301109242 -22.337795531 10.750000000 -55.817599848 69.500000000 -17.942599848 -31.083697824 51.467444173 -22.875243437 31.083697824 4 51.467444173 -22.875243437 53.548528344 -21.533608323 4 10.750000000 -49.125000000 69.500000000 -11.250000000 15.477703093 -46.077140347 64.772296907 -14.297859653 51.467444173 -22.875243437 0
FGEOM -63.125000000000000 -6.1875000000000000 -6.3750000000000000 29.687500000000000 -39.250000000000000 44.187500000000000 2.8750000000000000 -17.687500000000000 -59.625000000000000 -3.9375000000000000 -2.8750000000000000 31.937500000000000 -4.5000000000000000 0.87500000000000000 2.5000000000000000 -4 0.33069396353576770 4 4 0 1 1 0.25000000000000000 4.5000000000000000 14.250000000000000 32.750000000000000 -50.125000000000000 -0.93750000000000000 -24.125000000000000 29.812500000000000 -4.3750000000000000 2.8125000000000000 -64 -18 3 45 -84 21 -70 24 4023.050781250 63.427523846 4507.578125000 67.138499574 102.516295389 -63 -6 -63 -6 -64 -8 -64 -6 -69.500000000 23.500000000 -56.750000000 -35.875000000 3162.109375000 -14.182033216 -1.390120088 -35.442485321 11.312239456 -34.750000000 11.750000000 1 -45.474650884 -11.210243378 -63.125000000 -6.187500000 -63.125000000 -6.187500000 0 -64 -7 -63 -6 2 -9.029082808 33.321484651 -4.230808521 25.731183165 2 -9.029082808 33.321484651 2 -4.230808521 25.731183165 -27.703601604 6.471439568 0 -6.375000000 29.687500000 -63.125000000 -6.187500000 -63.125000000 -6.187500000 -6.375000000 29.687500000 -1 -63.125000000 -11.511257675 -6.375000000 24.363742325 -29.822912900 -23.314329601 18.979157279 29.822912900 4 -59.608087509 -3.964253557 -6.375000000 29.687500000 4 -59.608087509 -3.964253557 -6.375000000 29.687500000 -59.321295693 -3.782955647 -10.178704307 27.282955647 -23.314329601 18.979157279 1 -63.125000000 -6.187500000 -6.375000000 29.687500000
FGEOM -1.0000000000000000 -35.250000000000000 53.750000000000000 -1.3750000000000000 22.875000000000000 13.125000000000000 63.000000000000000 -46.750000000000000 53.750000000000000 -1.3750000000000000 -1.0000000000000000 -35.250000000000000 -3.3750000000000000 1.2500000000000000 2.7500000000000000 -3 0.49604094530365156 5 5 -1 1 2 0.37500000000000000 5.5000000000000000 15.250000000000000 33.750000000000000 11.000000000000000 -31.000000000000000 37.000000000000000 -0.25000000000000000 56.750000000000000 -27.250000000000000 -1 -47 63 14 9 110 -37 53 1243.562500000 35.264181544 4145.078125000 64.382281142 115.593158622 -1 -35 -1 -35 0 -35 -1 -36 52.750000000 -36.625000000 -54.750000000 -33.875000000 2945.859375000 -0.432450133 -15.243867189 27.700637306 -17.492299749 26.375000000 -18.312500000 1 24.901519328 -40.782786723 35.250000000 -1.000000000 71.250000000 -10.750000000 0 -1 -36 -1 -35 2 50.467176069 3.037829822 56.233713540 -6.282256571 2 50.467176069 3.037829822 2 56.233713540 -6.282256571 33.421398396 -23.591060432 0 53.750000000 -1.375000000 -1.000000000 -35.250000000 -1.000000000 -35.250000000 53.750000000 -1.375000000 -1 -1.000000000 -39.218770755 53.750000000 -5.343770755 -28.575651443 37.910195639 -11.175426899 28.575651443 4 53.750000000 -1.375000000 -1.000000000 -35.250000000 -1 1.870063731 -33.474229975 50.879936269 -3.150770025 37.910195639 -11.175426899 2 -1.000000000 -35.250000000 26.375000000 -18.312500000 26.375000000 -18.312500000 53.750000000 -1.375000000
FGEOM -59.875000000000000 -24.312500000000000 -3.1250000000000000 16.562500000000000 -45.000000000000000 25.062500000000000 2.1250000000000000 -32.812500000000000 -81.625000000000000 5.4375000000000000 20.375000000000000 5.4375000000000000 -2.2500000000000000 1.6250000000000000 0.75000000000000000 -2 0.66138792707153540 0 6 -1 0 3 0.0000000000000000 100.00000000000000 16.250000000000000 34.750000000000000 -48.875000000000000 -18.062500000000000 -22.875000000000000 12.687500000000000 -3.1250000000000000 -14.312500000000000 -60 -33 3 26 -71 35 -85 14 4176.113281250 64.622854171 4891.328125000 69.938030606 97.180777501 -60 -24 -60 -24 -59 -24 -60 -25 -63.000000000 -7.750000000 -56.750000000 -40.875000000 2862.359375000 -15.056109212 -6.113597582 -31.677716163 -4.003002611 -31.500000000 -3.875000000 1 -26.411712388 -23.037726753 59.875000000 24.312500000 -30.125000000 74.437500000 0 -60 -25 -59 -24 0 -1 -1 -26.453601604 -10.653560432 0 -3.125000000 16.562500000 -59.875000000 -24.312500000 -59.875000000 -24.312500000 -3.125000000 16.562500000 2 -18.570718654 5.437500000 -59.875000000 -27.085373460 -3.125000000 13.789626540 -31.370852253 -26.665431887 -0.392833099 31.370852253 4 -59.875000000 -24.312500000 -3.125000000 16.562500000 4 -59.875000000 -24.312500000 -3.125000000 16.562500000 -58.049276586 -22.997496572 -4.950723414 15.247496572 -26.665431887 -0.392833099 3 -59.875000000 -24.312500000 -40.958333333 -10.687500000 -40.958333333 -10.687500000 -22.041666667 2.937500000 -22.041666667 2.937500000 -3.125000000 16.562500000
FGEOM -13.750000000000000 -60.375000000000000 41.000000000000000 -21.500000000000000 1.1250000000000000 -13.000000000000000 46.250000000000000 -68.875000000000000 20.500000000000000 -98.625000000000000 20.500000000000000 13.375000000000000 -1.1250000000000000 2.0000000000000000 1.0000000000000000 -1 0.82673490883941920 1 0 -1 -1 4 0.12500000000000000 7.5000000000000000 17.250000000000000 35.750000000000000 -3.7500000000000000 -55.125000000000000 22.250000000000000 -24.375000000000000 42.000000000000000 -51.375000000000000 -14 -69 47 -13 14 116 -75 20 3834.203125000 61.920942540 4508.828125000 67.147808043 116.196022415 -14 -60 -14 -60 -14 -60 -13 -61 27.250000000 -81.875000000 -54.750000000 -38.875000000 2656.109375000 -3.830489173 -16.819329734 15.399313388 -39.677656475 13.625000000 -40.937500000 1 25.905356890 -56.030107627 -60.375000000 13.750000000 -46.250000000 1.875000000 0 -14 -61 -13 -60 2 36.002034937 -15.908010619 44.631895026 -28.061961484 2 36.002034937 -15.908010619 2 44.631895026 -28.061961484 18.671398396 -47.716060432 0 41.000000000 -21.500000000 -13.750000000 -60.375000000 -13.750000000 -60.375000000 41.000000000 -21.500000000 2 20.500000000 -36.055936073 -13.750000000 -61.754749480 41.000000000 -22.879749480 -30.016104527 18.502723823 -37.474093359 30.016104527 4 -9.035919983 -57.027787933 41.000000000 -21.500000000 4 -13.750000000 -60.375000000 41.000000000 -21.500000000 -12.832713914 -59.723684994 40.082713914 -22.151315006 18.502723823 -37.474093359 4 -13.750000000 -60.375000000 -0.062500000 -50.656250000 -0.062500000 -50.656250000 13.625000000 -40.937500000 13.625000000 -40.937500000 27.312500000 -31.218750000 27.312500000 -31.218750000 41.000000000 -21.500000000
FGEOM -11.625000000000000 -1.7500000000000000 46.125000000000000 35.125000000000000 8.2500000000000000 43.625000000000000 61.375000000000000 -10.250000000000000 8.2500000000000000 43.625000000000000 61.375000000000000 -10.250000000000000 0.0000000000000000 2.3750000000000000 1.2500000000000000 0 -0.82673490883941920 2 1 0 -1 5 0.25000000000000000 8.5000000000000000 18.250000000000000 36.750000000000000 2.3750000000000000 2.5000000000000000 28.375000000000000 33.250000000000000 48.125000000000000 6.2500000000000000 -12 -11 62 44 -36 72 -14 82 138.203125000 11.755982520 4694.828125000 68.518815846 144.694404533 -12 -2 -12 -2 -12 -2 -11 -2 34.500000000 33.375000000 -57.750000000 -36.875000000 2820.984375000 -18.046662595 -2.716701896 19.349156132 18.027870257 17.250000000 16.687500000 1 -38.594443683 27.515861412 -11.625000000 -1.750000000 -11.625000000 -1.750000000 0 -12 -2 -11 -1 2 40.697131377 41.666272217 49.775407387 27.448768769 2 40.697131377 41.666272217 2 49.775407387 27.448768769 24.796398396 9.908939568 0 46.125000000 35.125000000 -11.625000000 -1.750000000 -11.625000000 -1.750000000 46.125000000 35.125000000 2 28.026925904 23.568870436 -11.625000000 -1.750000000 46.125000000 35.125000000 -27.547405799 23.075279397 20.407104809 27.547405799 4 23.075279397 20.407104809 36.376447737 28.900275070 4 -11.625000000 -1.750000000 46.125000000 35.125000000 -11.625000000 -1.750000000 46.125000000 35.125000000 23.075279397 20.407104809 5 -11.625000000 -1.750000000 -0.075000000 5.625000000 -0.075000000 5.625000000 11.475000000 13.000000000 11.475000000 13.000000000 23.025000000 20.375000000 23.025000000 20.375000000 34.575000000 27.750000000 34.575000000 27.750000000 46.125000000 35.125000000
FGEOM -13.500000000000000 -64.812500000000000 42.250000000000000 -26.937500000000000 6.3750000000000000 -18.437500000000000 57.500000000000000 -70.312500000000000 -10.000000000000000 -62.562500000000000 45.750000000000000 -24.687500000000000 1.1250000000000000 2.7500000000000000 1.5000000000000000 1 -0.66138792707153540 3 2 1 -1 6 0.37500000000000000 9.5000000000000000 19.250000000000000 0.75000000000000000 -0.50000000000000000 -58.562500000000000 25.500000000000000 -27.812500000000000 45.250000000000000 -54.812500000000000 -14 -71 58 -18 24 128 -79 16 4382.910156250 66.203550934 4542.578125000 67.398650765 163.500406154 -13 -65 -14 -65 -12 -64 -13 -64 28.750000000 -91.750000000 -55.750000000 -37.875000000 2864.484375000 -3.925393674 -18.845524257 -12.879624080 -64.391033848 14.375000000 -45.875000000 1 -37.793282175 -42.826413459 64.812500000 -13.500000000 52.750000000 -38.312500000 0 -14 -65 -13 -64 2 35.857109856 -19.910341570 46.427655816 -35.469627043 2 35.857109856 -19.910341570 2 46.427655816 -35.469627043 21.921398396 -51.153560432 0 42.250000000 -26.937500000 -13.500000000 -64.812500000 -13.500000000 -64.812500000 42.250000000 -26.937500000 -1 -13.500000000 -63.452437541 42.250000000 -25.577437541 -27.191058043 21.655147476 -40.929070212 27.191058043 4 -10.059406656 -62.475056540 42.250000000 -26.937500000 4 -10.059406656 -62.475056540 42.250000000 -26.937500000 -12.569436119 -64.180300772 41.319436119 -27.569699228 21.655147476 -40.929070212 6 -13.500000000 -64.812500000 -4.208333333 -58.500000000 -4.208333333 -58.500000000 5.083333333 -52.187500000 5.083333333 -52.187500000 14.375000000 -45.875000000 14.375000000 -45.875000000 23.666666667 -39.562500000 23.666666667 -39.562500000 32.958333333 -33.250000000 32.958333333 -33.250000000 42.250000000 -26.937500000
FGEOM 10.750000000000000 -8.8750000000000000 68.500000000000000 27.000000000000000 30.625000000000000 43.500000000000000 79.750000000000000 -21.375000000000000 68.500000000000000 27.000000000000000 10.750000000000000 -8.8750000000000000 2.2500000000000000 0.50000000000000000 1.7500000000000000 2 -0.49604094530365156 4 3 1 0 0 0.0000000000000000 10.500000000000000 20.250000000000000 1.7500000000000000 22.750000000000000 -3.6250000000000000 48.750000000000000 27.125000000000000 68.500000000000000 0.12500000000000000 10 -22 80 44 -13 102 1 96 194.328125000 13.940162302 4622.078125000 67.985867098 69.103190784 11 -9 11 -9 12 -9 11 -8 79.250000000 18.125000000 -57.750000000 -35.875000000 3026.734375000 15.615851185 -12.892156211 12.236522189 -7.951554398 39.625000000 9.062500000 1 -11.782285516 6.897016717 -10.750000000 8.875000000 50.500000000 95.875000000 0 10 -9 11 -8 2 61.648300413 34.956394458 72.596688820 17.332159460 2 61.648300413 34.956394458 2 72.596688820 17.332159460 45.171398396 3.783939568 0 68.500000000 27.000000000 10.750000000 -8.875000000 10.750000000 -8.875000000 68.500000000 27.000000000 -1 10.750000000 -6.226199983 68.500000000 29.648800017 -34.001781895 48.567169124 14.617483850 34.001781895 4 68.500000000 27.000000000 10.750000000 -8.875000000 -1 12.661242815 -7.687712797 66.588757185 25.812712797 48.567169124 14.617483850 0
FGEOM -44.125000000000000 -16.937500000000000 11.625000000000000 16.937500000000000 -24.250000000000000 33.437500000000000 22.875000000000000 -29.437500000000000 -65.875000000000000 10.812500000000000 36.125000000000000 10.812500000000000 3.3750000000000000 0.87500000000000000 2.0000000000000000 3 -0.33069396353576770 5 4 1 1 1 0.12500000000000000 11.500000000000000 21.250000000000000 2.7500000000000000 -33.125000000000000 -12.687500000000000 -7.1250000000000000 18.062500000000000 12.625000000000000 -8.9375000000000000 -45 -30 23 34 -58 53 -62 29 2233.894531250 47.264093467 4255.578125000 65.234792289 83.484566547 -44 -17 -44 -17 -45 -16 -45 -16 -32.500000000 0.000000000 -55.750000000 -33.875000000 2814.484375000 -19.838659355 -7.615122783 -41.774835393 -15.509485183 -16.250000000 0.000000000 1 -59.404853440 -7.754641600 -16.937500000 44.125000000 -74.625000000 53.312500000 0 -45 -17 -44 -16 2 4.014289950 25.558816171 15.770640307 6.210726653 2 4.014289950 25.558816171 2 15.770640307 6.210726653 -10.703601604 -5.278560432 0 11.625000000 16.937500000 -44.125000000 -16.937500000 -44.125000000 -16.937500000 11.625000000 16.937500000 2 1.544741697 10.812500000 -44.125000000 -12.988308539 11.625000000 20.886691461 -32.730090034 -7.253980529 5.466191203 32.730090034 4 -44.125000000 -16.937500000 11.625000000 16.937500000 4 -44.125000000 -16.937500000 11.625000000 16.937500000 -41.240707073 -15.184936360 8.740707073 15.184936360 -7.253980529 5.466191203 1 -44.125000000 -16.937500000 11.625000000 16.937500000
FGEOM 15.000000000000000 -65.000000000000000 68.750000000000000 -24.125000000000000 34.875000000000000 -13.625000000000000 80.000000000000000 -74.500000000000000 49.250000000000000 -102.25000000000000 49.250000000000000 9.7500000000000000 4.5000000000000000 1.2500000000000000 2.2500000000000000 4 -0.16534698176788384 0 5 0 1 2 0.25000000000000000 12.500000000000000 22.250000000000000 3.7500000000000000 25.000000000000000 -58.750000000000000 51.000000000000000 -28.000000000000000 70.750000000000000 -55.000000000000000 15 -75 80 -13 48 155 -50 45 4450.000000000 66.708320321 4559.828125000 67.526499428 113.896493066 15 -65 15 -65 15 -65 15 -65 83.750000000 -89.125000000 -53.750000000 -40.875000000 3168.234375000 5.003124024 -21.680204104 17.984939271 -62.730057810 41.875000000 -44.562500000 1 6.815022019 -61.027994480 15.000000000 -65.000000000 15.000000000 -65.000000000 0 15 -65 15 -65 2 59.472462847 -15.747810472 74.343873089 -35.303487548 2 59.472462847 -15.747810472 2 74.343873089 -35.303487548 47.421398396 -51.341060432 0 68.750000000 -24.125000000 15.000000000 -65.000000000 15.000000000 -65.000000000 68.750000000 -24.125000000 2 49.250000000 -38.954069767 15.000000000 -59.346618653 68.750000000 -18.471618653 -28.862974410 52.346275559 -36.599460215 28.862974410 4 18.752548582 -62.146317707 68.750000000 -24.125000000 4 15.000000000 -65.000000000 68.750000000 -24.125000000 18.581927126 -62.276069372 65.168072874 -26.848930628 52.346275559 -36.599460215 2 15.000000000 -65.000000000 41.875000000 -44.562500000 41.875000000 -44.562500000 68.750000000 -24.125000000
FGEOM -26.875000000000000 -30.062500000000000 29.875000000000000 8.8125000000000000 -2.0000000000000000 19.312500000000000 41.125000000000000 -39.562500000000000 -2.0000000000000000 19.312500000000000 41.125000000000000 -39.562500000000000 5.6250000000000000 1.6250000000000000 2.5000000000000000 5 0.0000000000000000 1 6 -1 1 3 0.37500000000000000 13.500000000000000 23.250000000000000 4.7500000000000000 -12.875000000000000 -24.812500000000000 13.125000000000000 5.9375000000000000 32.875000000000000 -21.062500000000000 -27 -40 42 20 -22 81 -57 39 1626.019531250 40.323932487 4731.828125000 68.788284795 133.976520360 -27 -30 -26 -30 -27 -30 -27 -31 3.000000000 -21.250000000 -56.750000000 -38.875000000 3331.109375000 -15.495605499 -17.333456384 -22.956273130 -27.378085778 1.500000000 -10.625000000 1 -26.875000000 -30.062500000 30.062500000 -26.875000000 47.375000000 -5.562500000 0 -27 -31 -26 -30 2 20.208210838 18.236044307 35.170249356 -3.605645363 2 20.208210838 18.236044307 2 35.170249356 -3.605645363 9.546398396 -17.403560432 0 29.875000000 8.812500000 -26.875000000 -30.062500000 -26.875000000 -30.062500000 29.875000000 8.812500000 2 13.771366413 -2.218843712 -26.875000000 -23.244277939 29.875000000 15.630722061 -26.676281150 13.075829159 -2.695302052 26.676281150 4 13.075829159 -2.695302052 14.977696335 -1.392481145 4 -26.875000000 -30.062500000 29.875000000 8.812500000 -22.234402390 -26.883588421 25.234402390 5.633588421 13.075829159 -2.695302052 3 -26.875000000 -30.062500000 -7.958333333 -17.104166667 -7.958333333 -17.104166667 10.958333333 -4.145833333 10.958333333 -4.145833333 29.875000000 8.812500000
FGEOM -62.750000000000000 4.8750000000000000 -4.0000000000000000 41.750000000000000 -37.875000000000000 52.250000000000000 3.2500000000000000 -4.6250000000000000 -59.250000000000000 7.1250000000000000 -0.50000000000000000 44.000000000000000 6.7500000000000000 2.0000000000000000 2.7500000000000000 6 0.16534698176788384 2 0 -1 0 4 0.0000000000000000 14.500000000000000 24.250000000000000 5.7500000000000000 -49.750000000000000 9.1250000000000000 -23.750000000000000 39.875000000000000 -4.0000000000000000 12.875000000000000 -63 -5 4 53 -91 8 -58 38 3961.328125000 62.939082651 4811.328125000 69.363737825 155.207852698 -63 5 -63 5 -62 4 -63 4 -66.750000000 46.625000000 -58.750000000 -36.875000000 3208.359375000 -24.177147742 1.878304307 -57.879840020 7.931802540 -33.375000000 23.312500000 1 -54.613068708 1.426842818 62.750000000 -4.875000000 -13.000000000 99.625000000 0 -63 4 -62 5 2 -14.105464923 52.148537334 0.970837984 28.128664906 2 -14.105464923 52.148537334 2 0.970837984 28.128664906 -27.328601604 16.533939568 0 -4.000000000 41.750000000 -62.750000000 4.875000000 -62.750000000 4.875000000 -4.000000000 41.750000000 -1 -62.750000000 12.844450729 -4.000000000 49.719450729 -26.901889712 -23.573475684 29.464520581 26.901889712 4 -59.226049363 7.086841357 -4.000000000 41.750000000 4 -59.226049363 7.086841357 -4.000000000 41.750000000 -57.032855676 8.463420374 -9.717144324 38.161579626 -23.573475684 29.464520581 4 -62.750000000 4.875000000 -48.062500000 14.093750000 -48.062500000 14.093750000 -33.375000000 23.312500000 -33.375000000 23.312500000 -18.687500000 32.531250000 -18.687500000 32.531250000 -4.000000000 41.750000000
FGEOM 17.375000000000000 0.81250000000000000 74.125000000000000 38.687500000000000 33.250000000000000 49.187500000000000 81.375000000000000 -5.6875000000000000 74.125000000000000 38.687500000000000 17.375000000000000 0.81250000000000000 7.8750000000000000 2.3750000000000000 0.75000000000000000 -6 0.33069396353576770 3 1 -1 -1 5 0.12500000000000000 100.00000000000000 25.250000000000000 6.7500000000000000 29.375000000000000 7.0625000000000000 55.375000000000000 37.812500000000000 75.125000000000000 10.812500000000000 17 -6 82 50 -16 88 18 113 302.550781250 17.393986928 4655.078125000 68.228132944 137.742151830 17 1 17 1 18 1 18 0 91.500000000 39.500000000 -56.750000000 -37.875000000 2733.109375000 25.222437605 1.179466507 22.989436208 4.559579672 45.750000000 19.750000000 1 33.942488111 -1.721013141 -17.375000000 -0.812500000 49.125000000 97.562500000 0 17 0 18 1 0 -1 -1 51.796398396 14.471439568 0 74.125000000 38.687500000 17.375000000 0.812500000 17.375000000 0.812500000 74.125000000 38.687500000 -1 17.375000000 10.280280563 74.125000000 48.155280563 -31.424216558 50.694302677 23.049831963 31.424216558 4 74.125000000 38.687500000 17.375000000 0.812500000 -1 23.925175576 5.184092950 67.574824424 34.315907050 50.694302677 23.049831963 5 17.375000000 0.812500000 28.725000000 8.387500000 28.725000000 8.387500000 40.075000000 15.962500000 40.075000000 15.962500000 51.425000000 23.537500000 51.425000000 23.537500000 62.775000000 31.112500000 62.775000000 31.112500000 74.125000000 38.687500000
FGEOM -4.5000000000000000 -22.250000000000000 50.250000000000000 13.625000000000000 11.375000000000000 24.125000000000000 57.500000000000000 -28.750000000000000 -26.250000000000000 6.5000000000000000 75.750000000000000 6.5000000000000000 9.0000000000000000 2.7500000000000000 1.0000000000000000 -5 0.49604094530365156 4 2 0 -1 6 0.25000000000000000 3.5000000000000000 26.250000000000000 7.7500000000000000 6.5000000000000000 -17.000000000000000 32.500000000000000 13.750000000000000 52.250000000000000 -13.250000000000000 -5 -29 58 25 -13 87 -27 64 515.312500000 22.700495589 4284.578125000 65.456688925 154.777524309 -4 -22 -5 -22 -4 -22 -4 -22 45.750000000 -8.625000000 -54.750000000 -35.875000000 2532.859375000 -5.203630887 -25.729063830 1.982339803 -18.002439444 22.875000000 -4.312500000 1 19.485414552 -24.216260077 -22.250000000 4.500000000 -35.000000000 40.000000000 0 -5 -23 -4 -22 2 48.177955791 16.445750396 52.008973713 10.599109804 2 48.177955791 16.445750396 2 52.008973713 10.599109804 28.921398396 -9.591060432 0 50.250000000 13.625000000 -4.500000000 -22.250000000 -4.500000000 -22.250000000 50.250000000 13.625000000 2 39.376306620 6.500000000 -4.500000000 -11.489996341 50.250000000 24.385003659 -30.088836716 27.865858840 -1.042234048 30.088836716 4 -4.500000000 -22.250000000 50.250000000 13.625000000 4 -4.500000000 -22.250000000 50.250000000 13.625000000 3.027878481 -17.317349032 42.722121519 8.692349032 27.865858840 -1.042234048 6 -4.500000000 -22.250000000 4.625000000 -16.270833333 4.625000000 -16.270833333 13.750000000 -10.291666667 13.750000000 -10.291666667 22.875000000 -4.312500000 22.875000000 -4.312500000 32.000000000 1.666666667 32.000000000 1.666666667 41.125000000 7.645833333 41.125000000 7.645833333 50.250000000 13.625000000
FGEOM -33.250000000000000 30.687500000000000 19.500000000000000 64.562500000000000 -17.375000000000000 75.062500000000000 26.750000000000000 17.187500000000000 1.0000000000000000 -8.5625000000000000 1.0000000000000000 103.43750000000000 -9.0000000000000000 0.50000000000000000 1.2500000000000000 -4 0.66138792707153540 5 3 1 -1 0 0.37500000000000000 4.5000000000000000 27.250000000000000 8.7500000000000000 -23.250000000000000 34.937500000000000 2.7500000000000000 65.687500000000000 22.500000000000000 38.687500000000000 -34 17 27 76 -93 10 -3 85 2047.285156250 45.246935324 3930.078125000 62.690335180 49.886208405 -33 31 -34 30 -35 30 -33 31 -13.750000000 95.250000000 -52.750000000 -33.875000000 2340.609375000 -20.024836898 18.481569393 -25.887421723 35.415601216 -6.875000000 47.625000000 1 -2.646916461 30.293763082 -33.250000000 30.687500000 -33.250000000 30.687500000 0 -34 30 -33 31 2 16.802879628 68.164657923 21.653524308 60.611255506 2 16.802879628 68.164657923 2 21.653524308 60.611255506 -0.828601604 42.346439568 0 19.500000000 64.562500000 -33.250000000 30.687500000 -33.250000000 30.687500000 19.500000000 64.562500000 2 1.000000000 52.682168246 -33.250000000 19.991518642 19.500000000 53.866518642 -28.760663343 -1.834048305 50.862198837 28.760663343 4 -26.846388033 34.799772140 19.500000000 64.562500000 4 -33.250000000 30.687500000 19.500000000 64.562500000 -25.677062343 35.550689822 11.927062343 59.699310178 -1.834048305 50.862198837 0
FGEOM -32.125000000000000 -31.375000000000000 27.625000000000000 9.5000000000000000 -11.250000000000000 22.000000000000000 40.875000000000000 -41.875000000000000 -11.250000000000000 22.000000000000000 40.875000000000000 -41.875000000000000 -7.8750000000000000 0.87500000000000000 1.5000000000000000 -3 0.82673490883941920 0 4 1 0 1 0.0000000000000000 5.5000000000000000 28.250000000000000 9.7500000000000000 -18.125000000000000 -25.125000000000000 7.8750000000000000 5.6250000000000000 27.625000000000000 -21.375000000000000 -33 -42 41 22 -34 83 -64 38 2016.406250000 44.904412367 5240.828125000 72.393564113 80.576372206 -32 -31 -32 -32 -32 -32 -32 -31 -4.500000000 -21.875000000 -59.750000000 -40.875000000 3428.984375000 -20.210291198 -19.738455606 -24.077841290 -25.869935359 -2.250000000 -10.937500000 1 13.881010924 -29.508140521 31.375000000 -32.125000000 42.125000000 1.125000000 0 -33 -32 -32 -31 2 24.183677801 13.790373122 30.376569565 4.737766813 2 24.183677801 13.790373122 2 30.376569565 4.737766813 4.296398396 -17.716060432 0 27.625000000 9.500000000 -32.125000000 -31.375000000 -32.125000000 -31.375000000 27.625000000 9.500000000 2 9.223418489 -3.088529611 -32.125000000 -40.916411170 27.625000000 -0.041411170 -32.266550951 6.968404996 -4.631185285 32.266550951 4 6.968404996 -4.631185285 12.709633720 -0.703608313 4 -32.125000000 -31.375000000 27.625000000 9.500000000 -25.625371811 -26.928601637 21.125371811 5.053601637 6.968404996 -4.631185285 1 -32.125000000 -31.375000000 27.625000000 9.500000000
FGEOM -44.000000000000000 -19.750000000000000 13.750000000000000 19.125000000000000 -23.125000000000000 31.625000000000000 27.000000000000000 -30.250000000000000 -40.500000000000000 -17.500000000000000 17.250000000000000 21.375000000000000 -6.7500000000000000 1.2500000000000000 1.7500000000000000 -2 -0.82673490883941920 1 5 1 1 2 0.12500000000000000 6.5000000000000000 29.250000000000000 10.750000000000000 -31.000000000000000 -14.500000000000000 -5.0000000000000000 16.250000000000000 14.750000000000000 -10.750000000000000 -44 -31 27 32 -55 58 -64 33 2326.062500000 48.229270158 4846.328125000 69.615573868 99.193175838 -44 -20 -44 -20 -44 -20 -44 -19 -30.250000000 -0.625000000 -57.750000000 -38.875000000 3202.734375000 -26.685039931 -11.977944060 -35.082275624 -13.746943115 -15.125000000 -0.312500000 1 -75.061068719 12.187895893 44.000000000 19.750000000 -2.250000000 83.000000000 0 -44 -20 -44 -19 2 9.632640244 24.154646969 16.860437634 13.417533161 2 9.632640244 24.154646969 2 16.860437634 13.417533161 -8.578601604 -7.091060432 0 13.750000000 19.125000000 -44.000000000 -19.750000000 -44.000000000 -19.750000000 13.750000000 19.125000000 -1 -44.000000000 -27.886885257 13.750000000 10.988114743 -30.961328123 -5.835454516 5.940852046 30.961328123 4 -40.549131914 -17.427013041 13.750000000 19.125000000 4 -40.549131914 -17.427013041 13.750000000 19.125000000 -38.400498648 -15.980638700 8.150498648 15.355638700 -5.835454516 5.940852046 2 -44.000000000 -19.750000000 -15.125000000 -0.312500000 -15.125000000 -0.312500000 13.750000000 19.125000000
FGEOM -14.875000000000000 -6.8125000000000000 40.875000000000000 30.062500000000000 6.0000000000000000 42.562500000000000 54.125000000000000 -17.312500000000000 40.875000000000000 30.062500000000000 -14.875000000000000 -6.8125000000000000 -5.6250000000000000 1.6250000000000000 2.0000000000000000 -1 -0.66138792707153540 2 6 0 1 3 0.25000000000000000 7.5000000000000000 30.250000000000000 11.750000000000000 -2.8750000000000000 -2.5625000000000000 23.125000000000000 28.187500000000000 42.875000000000000 1.1875000000000000 -15 -18 55 43 -37 72 -22 71 267.675781250 16.360800141 4467.828125000 66.841814196 116.817336209 -15 -7 -14 -7 -14 -6 -15 -7 26.000000000 23.250000000 -55.750000000 -36.875000000 2984.484375000 -27.502857203 -12.595846366 -5.074809687 -0.330311340 13.000000000 11.625000000 1 -40.800060823 16.420377726 -6.812500000 14.875000000 -43.375000000 63.437500000 0 -15 -7 -14 -6 2 36.061668228 35.814181255 44.284545676 23.382305521 2 36.061668228 35.814181255 2 44.284545676 23.382305521 19.546398396 4.846439568 0 40.875000000 30.062500000 -14.875000000 -6.812500000 -14.875000000 -6.812500000 40.875000000 30.062500000 -1 -14.875000000 -13.556629235 40.875000000 23.318370765 -29.665421995 22.365690387 17.819795211 29.665421995 4 40.875000000 30.062500000 -14.875000000 -6.812500000 -1 -10.183419531 -3.709324578 36.183419531 26.959324578 22.365690387 17.819795211 3 -14.875000000 -6.812500000 3.708333333 5.479166667 3.708333333 5.479166667 22.291666667 17.770833333 22.291666667 17.770833333 40.875000000 30.062500000
FGEOM 10.250000000000000 26.125000000000000 64.000000000000000 64.000000000000000 31.125000000000000 76.500000000000000 77.250000000000000 18.625000000000000 -11.500000000000000 55.875000000000000 90.500000000000000 55.875000000000000 -4.5000000000000000 2.0000000000000000 2.2500000000000000 0 -0.49604094530365156 3 0 -1 1 4 0.37500000000000000 8.5000000000000000 31.250000000000000 12.750000000000000 21.250000000000000 32.375000000000000 47.250000000000000 63.125000000000000 67.000000000000000 36.125000000000000 10 18 78 77 -46 59 36 128 787.578125000 28.063822352 4323.578125000 65.753920986 137.180484587 10 26 11 27 9 26 10 26 74.250000000 90.125000000 -53.750000000 -37.875000000 3029.984375000 11.413716064 29.091056798 20.672382266 33.469143783 37.125000000 45.062500000 1 -11.209864481 42.131911613 10.250000000 26.125000000 10.250000000 26.125000000 0 10 26 11 27 2 58.246785162 70.257037560 67.956815011 56.477127213 2 58.246785162 70.257037560 2 67.956815011 56.477127213 43.671398396 39.783939568 0 64.000000000 64.000000000 10.250000000 26.125000000 10.250000000 26.125000000 64.000000000 64.000000000 2 52.469471947 55.875000000 10.250000000 20.620020569 64.000000000 58.495020569 -29.154392563 47.918258893 52.667982429 29.154392563 4 10.250000000 26.125000000 64.000000000 64.000000000 4 10.250000000 26.125000000 64.000000000 64.000000000 13.928487859 28.717050747 60.321512141 61.407949253 47.918258893 52.667982429 4 10.250000000 26.125000000 23.687500000 35.593750000 23.687500000 35.593750000 37.125000000 45.062500000 37.125000000 45.062500000 50.562500000 54.531250000 50.562500000 54.531250000 64.000000000 64.000000000
FGEOM -58.625000000000000 19.062500000000000 -2.8750000000000000 54.937500000000000 -37.750000000000000 67.437500000000000 6.3750000000000000 11.562500000000000 -24.375000000000000 -19.187500000000000 -24.375000000000000 92.812500000000000 -3.3750000000000000 2.3750000000000000 2.5000000000000000 1 -0.33069396353576770 4 1 -1 0 5 0.0000000000000000 9.5000000000000000 1.2500000000000000 13.750000000000000 -48.625000000000000 24.312500000000000 -22.625000000000000 55.062500000000000 -2.8750000000000000 28.062500000000000 -59 11 7 68 -106 -5 -40 53 3800.269531250 61.646326178 4395.078125000 66.295385397 159.922677239 -59 19 -59 20 -60 19 -59 19 -61.500000000 74.000000000 -55.750000000 -35.875000000 2899.234375000 -1.188736694 0.386529522 -47.062166548 26.503157401 -30.750000000 37.000000000 1 -73.201271743 28.461692352 -19.062500000 -58.625000000 10.625000000 46.562500000 0 -59 19 -58 20 2 -9.107551522 62.107249056 1.067973337 46.294412515 2 -9.107551522 62.107249056 2 1.067973337 46.294412515 -26.203601604 31.721439568 0 -2.875000000 54.937500000 -58.625000000 19.062500000 -58.625000000 19.062500000 -2.875000000 54.937500000 2 -24.375000000 41.102298206 -58.625000000 15.049102229 -2.875000000 50.924102229 -29.383879637 -21.849244983 42.727615897 29.383879637 4 -51.810571573 23.447569414 -2.875000000 54.937500000 4 -58.625000000 19.062500000 -2.875000000 54.937500000 -55.786849971 20.888843180 -5.713150029 53.111156820 -21.849244983 42.727615897 5 -58.625000000 19.062500000 -47.475000000 26.237500000 -47.475000000 26.237500000 -36.325000000 33.412500000 -36.325000000 33.412500000 -25.175000000 40.587500000 -25.175000000 40.587500000 -14.025000000 47.762500000 -14.025000000 47.762500000 -2.875000000 54.937500000
FGEOM -7.5000000000000000 32.000000000000000 51.250000000000000 65.875000000000000 18.375000000000000 78.375000000000000 60.500000000000000 24.500000000000000 18.375000000000000 78.375000000000000 60.500000000000000 24.500000000000000 -2.2500000000000000 2.7500000000000000 2.7500000000000000 2 -0.16534698176788384 5 2 -1 -1 6 0.12500000000000000 10.500000000000000 2.2500000000000000 14.750000000000000 6.5000000000000000 36.250000000000000 32.500000000000000 67.000000000000000 52.250000000000000 40.000000000000000 -8 24 61 79 -60 36 24 118 1080.250000000 32.867156859 4599.078125000 67.816503338 186.495384180 -7 32 -8 32 -10 32 -7 32 43.750000000 97.875000000 -58.750000000 -33.875000000 3091.109375000 -0.513430476 2.190636699 5.278047486 39.367767806 21.875000000 48.937500000 1 -14.780172850 36.891379578 7.500000000 -32.000000000 44.250000000 124.750000000 0 -8 32 -7 32 2 44.660028499 74.049489319 55.023238528 56.076394435 2 44.660028499 74.049489319 2 55.023238528 56.076394435 28.921398396 43.658939568 0 51.250000000 65.875000000 -7.500000000 32.000000000 -7.500000000 32.000000000 51.250000000 65.875000000 2 35.327368092 56.694078197 -7.500000000 29.402772213 51.250000000 63.277772213 -27.250234589 31.986756007 54.767895485 27.250234589 4 31.986756007 54.767895485 40.287854903 59.554273784 4 -7.500000000 32.000000000 51.250000000 65.875000000 -5.550806316 33.123896784 49.300806316 64.751103216 31.986756007 54.767895485 6 -7.500000000 32.000000000 2.291666667 37.645833333 2.291666667 37.645833333 12.083333333 43.291666667 12.083333333 43.291666667 21.875000000 48.937500000 21.875000000 48.937500000 31.666666667 54.583333333 31.666666667 54.583333333 41.458333333 60.229166667 41.458333333 60.229166667 51.250000000 65.875000000
FGEOM -10.250000000000000 -5.0625000000000000 46.500000000000000 35.812500000000000 6.6250000000000000 42.312500000000000 55.750000000000000 -16.562500000000000 -6.7500000000000000 -2.8125000000000000 50.000000000000000 38.062500000000000 -1.1250000000000000 0.50000000000000000 0.75000000000000000 3 0.0000000000000000 0 3 0 -1 0 0.25000000000000000 100.00000000000000 3.2500000000000000 15.750000000000000 2.7500000000000000 1.1875000000000000 28.750000000000000 31.937500000000000 48.500000000000000 4.9375000000000000 -11 -17 56 43 -36 73 -16 83 130.691406250 11.432034213 4891.328125000 69.938030606 41.772554256 -10 -5 -11 -5 -10 -6 -10 -5 36.250000000 30.750000000 -56.750000000 -40.875000000 2894.109375000 -2.913960838 -1.439212365 2.530063897 4.142523997 18.125000000 15.375000000 1 -10.250000000 -5.062500000 -5.062500000 10.250000000 -40.750000000 59.187500000 0 -11 -6 -10 -5 0 -1 -1 25.171398396 8.596439568 0 46.500000000 35.812500000 -10.250000000 -5.062500000 -10.250000000 -5.062500000 46.500000000 35.812500000 -1 -10.250000000 -6.448936730 46.500000000 34.426063270 -28.579095060 23.327936878 19.122489778 28.579095060 4 -6.878483125 -2.634116700 46.500000000 35.812500000 4 -6.878483125 -2.634116700 46.500000000 35.812500000 -9.337138293 -4.404998286 45.587138293 35.154998286 23.327936878 19.122489778 0
FGEOM -23.125000000000000 -36.125000000000000 31.625000000000000 2.7500000000000000 -6.2500000000000000 9.2500000000000000 40.875000000000000 -47.625000000000000 31.625000000000000 2.7500000000000000 -23.125000000000000 -36.125000000000000 0.0000000000000000 0.87500000000000000 1.0000000000000000 4 0.16534698176788384 1 4 1 -1 1 0.37500000000000000 12.500000000000000 4.2500000000000000 16.750000000000000 -11.125000000000000 -30.875000000000000 14.875000000000000 -0.12500000000000000 34.625000000000000 -27.125000000000000 -24 -48 41 10 -16 89 -60 35 1839.781250000 42.892671285 4508.828125000 67.147808043 61.695011257 -23 -36 -24 -37 -23 -36 -23 -36 8.500000000 -33.375000000 -54.750000000 -38.875000000 2687.859375000 -2.291329662 -3.579428499 -9.467629391 -26.427643244 4.250000000 -16.687500000 1 -15.426367461 -38.283677853 -23.125000000 -36.125000000 -23.125000000 -36.125000000 0 -24 -37 -23 -36 2 22.617346171 11.416727900 36.838014839 -8.611094854 2 22.617346171 11.416727900 2 36.838014839 -8.611094854 11.296398396 -23.466060432 0 31.625000000 2.750000000 -23.125000000 -36.125000000 -23.125000000 -36.125000000 31.625000000 2.750000000 -1 -23.125000000 -36.125000000 31.625000000 2.750000000 -27.227480364 9.513259144 -12.950345676 27.227480364 4 31.625000000 2.750000000 -23.125000000 -36.125000000 -1 -23.125000000 -36.125000000 31.625000000 2.750000000 9.513259144 -12.950345676 1 -23.125000000 -36.125000000 31.625000000 2.750000000
FGEOM 13.000000000000000 -59.187500000000000 69.750000000000000 -22.312500000000000 29.875000000000000 -7.8125000000000000 75.000000000000000 -70.687500000000000 -8.7500000000000000 -31.437500000000000 93.250000000000000 -31.437500000000000 1.1250000000000000 1.2500000000000000 1.2500000000000000 5 0.33069396353576770 2 5 1 0 2 0.0000000000000000 13.500000000000000 5.2500000000000000 17.750000000000000 24.000000000000000 -54.937500000000000 50.000000000000000 -24.187500000000000 69.750000000000000 -51.187500000000000 13 -71 75 -7 37 146 -47 48 3672.160156250 60.598351102 4580.328125000 67.678121465 84.597651831 13 -59 13 -60 12 -60 13 -59 82.750000000 -81.500000000 -56.750000000 -36.875000000 2852.109375000 1.126268269 -5.127769475 27.883872043 -49.516261558 41.375000000 -40.750000000 1 30.595769277 -61.883164335 59.187500000 13.000000000 81.250000000 -24.687500000 0 13 -60 13 -59 2 60.284167106 -12.687116495 74.699699020 -34.872375780 2 60.284167106 -12.687116495 2 74.699699020 -34.872375780 46.421398396 -47.528560432 0 69.750000000 -22.312500000 13.000000000 -59.187500000 13.000000000 -59.187500000 69.750000000 -22.312500000 2 55.706779661 -31.437500000 13.000000000 -57.845863231 69.750000000 -20.970863231 -33.884888873 48.337469852 -36.225928180 33.884888873 4 13.000000000 -59.187500000 69.750000000 -22.312500000 4 13.000000000 -59.187500000 69.750000000 -22.312500000 13.943344003 -58.574534183 68.806655997 -22.925465817 48.337469852 -36.225928180 2 13.000000000 -59.187500000 41.375000000 -40.750000000 41.375000000 -40.750000000 69.750000000 -22.312500000
FGEOM -74.875000000000000 -56.250000000000000 -20.125000000000000 -18.375000000000000 -58.000000000000000 -3.8750000000000000 -14.875000000000000 -64.750000000000000 -40.625000000000000 -93.500000000000000 -40.625000000000000 18.500000000000000 2.2500000000000000 1.6250000000000000 1.5000000000000000 6 0.49604094530365156 3 6 1 1 3 0.12500000000000000 14.500000000000000 6.2500000000000000 18.750000000000000 -64.875000000000000 -50.000000000000000 -38.875000000000000 -19.250000000000000 -19.125000000000000 -46.250000000000000 -75 -65 -14 -3 -55 50 -132 -38 8770.328125000 93.650030032 4432.078125000 66.573854665 105.560876431 -75 -56 -74 -57 -75 -54 -75 -56 -95.000000000 -74.625000000 -54.750000000 -37.875000000 2907.609375000 -4.996995194 -3.754003067 -59.455095217 -45.582805595 -47.500000000 -37.312500000 1 -47.913374841 -57.969049977 74.875000000 56.250000000 -41.125000000 48.500000000 0 -75 -57 -74 -56 2 -30.773497501 -8.533277540 -14.670990130 -31.810169383 2 -30.773497501 -8.533277540 2 -14.670990130 -31.810169383 -42.453601604 -42.591060432 0 -20.125000000 -18.375000000 -74.875000000 -56.250000000 -74.875000000 -56.250000000 -20.125000000 -18.375000000 2 -40.625000000 -32.556506849 -74.875000000 -53.514088164 -20.125000000 -15.639088164 -33.472459064 -38.956947838 -31.402580353 33.472459064 4 -69.138905194 -52.281879621 -20.125000000 -18.375000000 4 -74.875000000 -56.250000000 -20.125000000 -18.375000000 -73.024611426 -54.969936671 -21.975388574 -19.655063329 -38.956947838 -31.402580353 3 -74.875000000 -56.250000000 -56.625000000 -43.625000000 -56.625000000 -43.625000000 -38.375000000 -31.000000000 -38.375000000 -31.000000000 -20.125000000 -18.375000000
FGEOM -59.750000000000000 -7.3125000000000000 -2.0000000000000000 28.562500000000000 -37.875000000000000 43.062500000000000 13.250000000000000 -15.812500000000000 -37.875000000000000 43.062500000000000 13.250000000000000 -15.812500000000000 3.3750000000000000 2.0000000000000000 1.7500000000000000 -6 0.66138792707153540 4 0 0 1 4 0.25000000000000000 2.5000000000000000 7.2500000000000000 19.750000000000000 -45.750000000000000 -2.0625000000000000 -19.750000000000000 28.687500000000000 0.0000000000000000 1.6875000000000000 -60 -16 14 44 -81 30 -68 27 3623.535156250 60.195806800 4622.078125000 67.985867098 131.460014269 -60 -7 -59 -7 -60 -7 -60 -7 -61.750000000 21.250000000 -57.750000000 -35.875000000 3070.484375000 -7.196306903 -0.880719569 -42.973535292 3.109243228 -30.875000000 10.625000000 1 -24.196483241 -10.126356251 59.750000000 7.312500000 -16.000000000 93.437500000 0 -60 -8 -59 -7 2 -3.396405656 30.636156491 -0.759774093 26.391822756 2 -3.396405656 30.636156491 2 -0.759774093 26.391822756 -23.328601604 5.346439568 0 -2.000000000 28.562500000 -59.750000000 -7.312500000 -59.750000000 -7.312500000 -2.000000000 28.562500000 2 -17.124798872 19.166791610 -59.750000000 -3.339299975 -2.000000000 32.535700025 -31.247532990 -21.386201756 16.519556485 31.247532990 4 -21.386201756 16.519556485 -10.886822925 23.041897880 4 -59.750000000 -7.312500000 -2.000000000 28.562500000 -56.883135778 -5.531569195 -4.866864222 26.781569195 -21.386201756 16.519556485 4 -59.750000000 -7.312500000 -45.312500000 1.656250000 -45.312500000 1.656250000 -30.875000000 10.625000000 -30.875000000 10.625000000 -16.437500000 19.593750000 -16.437500000 19.593750000 -2.000000000 28.562500000
FGEOM -14.625000000000000 -38.375000000000000 41.125000000000000 -4.5000000000000000 7.2500000000000000 10.000000000000000 56.375000000000000 -46.875000000000000 -11.125000000000000 -36.125000000000000 44.625000000000000 -2.2500000000000000 4.5000000000000000 2.3750000000000000 2.0000000000000000 -5 0.82673490883941920 5 1 -1 1 5 0.37500000000000000 3.5000000000000000 8.2500000000000000 20.750000000000000 -1.6250000000000000 -34.125000000000000 24.375000000000000 -3.3750000000000000 44.125000000000000 -30.375000000000000 -15 -47 57 10 -3 104 -53 37 1686.531250000 41.067398871 4255.578125000 65.234792289 148.732906712 -15 -38 -14 -38 -15 -38 -15 -39 26.500000000 -42.875000000 -55.750000000 -33.875000000 2858.234375000 -2.938005652 -7.709125942 3.108060218 -27.599979105 13.250000000 -21.437500000 1 28.025109799 -38.857456573 -38.375000000 14.625000000 -41.125000000 31.875000000 0 -15 -39 -14 -38 2 39.149663802 -1.610701313 42.779375106 -7.584322131 2 39.149663802 -1.610701313 2 42.779375106 -7.584322131 20.796398396 -26.716060432 0 41.125000000 -4.500000000 -14.625000000 -38.375000000 -14.625000000 -38.375000000 41.125000000 -4.500000000 -1 -14.625000000 -33.109411385 41.125000000 0.765588615 -29.982323180 22.819164277 -15.623052648 29.982323180 4 -11.070274034 -36.215065612 41.125000000 -4.500000000 4 -11.070274034 -36.215065612 41.125000000 -4.500000000 -10.779276097 -36.038248481 37.279276097 -6.836751519 22.819164277 -15.623052648 5 -14.625000000 -38.375000000 -3.475000000 -31.600000000 -3.475000000 -31.600000000 7.675000000 -24.825000000 7.675000000 -24.825000000 18.825000000 -18.050000000 18.825000000 -18.050000000 29.975000000 -11.275000000 29.975000000 -11.275000000 41.125000000 -4.500000000
FGEOM -20.500000000000000 -42.750000000000000 37.250000000000000 -1.8750000000000000 1.3750000000000000 6.6250000000000000 48.500000000000000 -48.250000000000000 37.250000000000000 -1.8750000000000000 -20.500000000000000 -42.750000000000000 5.6250000000000000 2.7500000000000000 2.2500000000000000 -4 -0.82673490883941920 0 2 -1 0 6 0.0000000000000000 4.5000000000000000 9.2500000000000000 21.750000000000000 -8.5000000000000000 -36.500000000000000 17.500000000000000 -5.7500000000000000 37.250000000000000 -32.750000000000000 -21 -49 49 7 -6 97 -64 36 2247.812500000 47.411101021 5005.828125000 70.751877184 183.520192711 -20 -43 -20 -42 -20 -42 -20 -43 16.750000000 -44.625000000 -57.750000000 -40.875000000 3281.484375000 -3.999590727 -8.340609931 -2.746937467 -30.184520674 8.375000000 -22.312500000 1 -49.766902469 -10.721817053 -20.500000000 -42.750000000 -20.500000000 -42.750000000 0 -21 -43 -20 -42 2 34.421894166 1.625259618 39.610875449 -5.705961644 2 34.421894166 1.625259618 2 39.610875449 -5.705961644 13.921398396 -29.091060432 0 37.250000000 -1.875000000 -20.500000000 -42.750000000 -20.500000000 -42.750000000 37.250000000 -1.875000000 -1 -20.500000000 -35.858583391 37.250000000 5.016416609 -27.663797809 17.357017445 -15.955098042 27.663797809 4 37.250000000 -1.875000000 -20.500000000 -42.750000000 -1 -15.908690724 -39.500307071 32.658690724 -5.124692929 17.357017445 -15.955098042 6 -20.500000000 -42.750000000 -10.875000000 -35.937500000 -10.875000000 -35.937500000 -1.250000000 -29.125000000 -1.250000000 -29.125000000 8.375000000 -22.312500000 8.375000000 -22.312500000 18.000000000 -15.500000000 18.000000000 -15.500000000 27.625000000 -8.687500000 27.625000000 -8.687500000 37.250000000 -1.875000000
FGEOM 9.7500000000000000 -44.812500000000000 65.500000000000000 -5.9375000000000000 31.625000000000000 2.5625000000000000 76.750000000000000 -57.312500000000000 -12.000000000000000 -16.062500000000000 90.000000000000000 -16.062500000000000 6.7500000000000000 0.50000000000000000 2.5000000000000000 -3 -0.66138792707153540 1 3 -1 -1 0 0.12500000000000000 5.5000000000000000 10.250000000000000 22.750000000000000 20.750000000000000 -39.562500000000000 46.750000000000000 -8.8125000000000000 66.500000000000000 -35.812500000000000 9 -58 77 3 29 135 -36 60 2103.222656250 45.860905532 4619.328125000 67.965639297 101.106012587 10 -45 9 -44 10 -45 10 -45 75.250000000 -50.750000000 -55.750000000 -38.875000000 3061.234375000 2.179143627 -10.015679361 28.411083941 -31.799950436 37.625000000 -25.375000000 1 -14.735775907 -21.387128543 44.812500000 9.750000000 79.000000000 -19.312500000 0 9 -45 10 -44 2 61.999343507 -1.695400978 68.270490783 -10.688750448 2 61.999343507 -1.695400978 2 68.270490783 -10.688750448 43.171398396 -32.153560432 0 65.500000000 -5.937500000 9.750000000 -44.812500000 9.750000000 -44.812500000 65.500000000 -5.937500000 2 50.979903537 -16.062500000 9.750000000 -36.583476408 65.500000000 2.291523592 -26.348102417 46.695592906 -19.049990148 26.348102417 4 9.750000000 -44.812500000 65.500000000 -5.937500000 4 9.750000000 -44.812500000 65.500000000 -5.937500000 15.286805125 -40.951633646 59.963194875 -9.798366354 46.695592906 -19.049990148 0
FGEOM -64.125000000000000 -39.875000000000000 -10.375000000000000 -3.0000000000000000 -42.250000000000000 5.5000000000000000 0.87500000000000000 -52.375000000000000 -29.875000000000000 -79.125000000000000 -29.875000000000000 32.875000000000000 7.8750000000000000 0.87500000000000000 2.7500000000000000 -2 -0.49604094530365156 2 4 0 -1 1 0.25000000000000000 6.5000000000000000 11.250000000000000 23.750000000000000 -54.125000000000000 -35.625000000000000 -28.125000000000000 -4.8750000000000000 -8.3750000000000000 -31.875000000000000 -65 -53 1 6 -48 54 -104 -13 5702.031250000 75.511795436 4248.828125000 65.183035561 111.781778549 -64 -40 -65 -40 -64 -40 -64 -40 -74.500000000 -42.875000000 -53.750000000 -36.875000000 2848.984375000 -9.553557108 -5.940710950 -44.540724904 -26.439276388 -37.250000000 -21.437500000 1 -83.084601267 -23.994772238 64.125000000 39.875000000 -20.375000000 50.875000000 0 -65 -40 -64 -39 2 -14.568302727 1.966509060 -7.250668497 -8.699873039 2 -14.568302727 1.966509060 2 -7.250668497 -8.699873039 -31.703601604 -28.216060432 0 -10.375000000 -3.000000000 -64.125000000 -39.875000000 -64.125000000 -39.875000000 -10.375000000 -3.000000000 2 -29.875000000 -16.377906977 -64.125000000 -30.324927348 -10.375000000 6.550072652 -25.041264356 -28.083789188 -15.149053048 25.041264356 4 -59.145823757 -36.459053507 -10.375000000 -3.000000000 4 -64.125000000 -39.875000000 -10.375000000 -3.000000000 -57.631266679 -35.419996908 -16.868733321 -7.455003092 -28.083789188 -15.149053048 1 -64.125000000 -39.875000000 -10.375000000 -3.000000000
FGEOM -9.0000000000000000 21.062500000000000 47.750000000000000 58.937500000000000 8.8750000000000000 67.437500000000000 59.000000000000000 11.562500000000000 8.8750000000000000 67.437500000000000 59.000000000000000 11.562500000000000 9.0000000000000000 1.2500000000000000 0.75000000000000000 -1 -0.33069396353576770 3 5 1 -1 2 0.37500000000000000 100.00000000000000 12.250000000000000 24.750000000000000 5.0000000000000000 27.312500000000000 31.000000000000000 58.062500000000000 50.750000000000000 31.062500000000000 -9 11 59 68 -59 48 12 107 524.628906250 22.904779114 4655.078125000 68.228132944 76.413637168 -9 21 -9 21 -9 20 -9 22 38.750000000 80.000000000 -56.750000000 -37.875000000 2770.859375000 -4.813405947 11.264706973 11.586266096 34.801792130 19.375000000 40.000000000 1 -23.089421080 29.379228428 21.062500000 9.000000000 -37.500000000 85.312500000 0 -9 21 -9 22 0 -1 -1 27.421398396 34.721439568 0 47.750000000 58.937500000 -9.000000000 21.062500000 -9.000000000 21.062500000 47.750000000 58.937500000 2 28.203285035 45.892005211 -9.000000000 31.882820643 47.750000000 69.757820643 -28.650434075 24.779512461 43.606976378 28.650434075 4 24.779512461 43.606976378 33.658551649 49.532854955 4 -9.000000000 21.062500000 47.750000000 58.937500000 -1.514085056 26.058606229 40.264085056 53.941393771 24.779512461 43.606976378 2 -9.000000000 21.062500000 19.375000000 40.000000000 19.375000000 40.000000000 47.750000000 58.937500000
FGEOM -17.875000000000000 -10.000000000000000 40.875000000000000 25.875000000000000 0.0000000000000000 42.375000000000000 48.125000000000000 -19.500000000000000 -14.375000000000000 -7.7500000000000000 44.375000000000000 28.125000000000000 -9.0000000000000000 1.6250000000000000 1.0000000000000000 0 -0.16534698176788384 4 6 1 0 3 0.0000000000000000 8.5000000000000000 13.250000000000000 25.750000000000000 -4.8750000000000000 -4.7500000000000000 21.125000000000000 26.000000000000000 40.875000000000000 -1.0000000000000000 -18 -20 49 43 -43 68 -28 67 419.515625000 20.482080583 4738.578125000 68.837330897 101.986753314 -18 -10 -18 -10 -16 -12 -18 -10 23.000000000 15.875000000 -58.750000000 -35.875000000 2929.109375000 -11.563461487 -6.469069364 4.101629255 3.419771481 11.500000000 7.937500000 1 -26.251849964 -6.343544964 -17.875000000 -10.000000000 -17.875000000 -10.000000000 0 -18 -10 -17 -10 2 35.583301051 32.526911171 44.375154149 18.129102961 2 35.583301051 32.526911171 2 44.375154149 18.129102961 17.546398396 2.658939568 0 40.875000000 25.875000000 -17.875000000 -10.000000000 -17.875000000 -10.000000000 40.875000000 25.875000000 -1 -17.875000000 -20.545293244 40.875000000 15.329706756 -35.384370563 18.440783183 12.175808029 35.384370563 4 -14.324843209 -7.832138300 40.875000000 25.875000000 4 -14.324843209 -7.832138300 40.875000000 25.875000000 -10.193848027 -5.309594434 33.193848027 21.184594434 18.440783183 12.175808029 3 -17.875000000 -10.000000000 1.708333333 1.958333333 1.708333333 1.958333333 21.291666667 13.916666667 21.291666667 13.916666667 40.875000000 25.875000000
FGEOM -69.750000000000000 -37.062500000000000 -13.000000000000000 -3.1875000000000000 -51.875000000000000 13.312500000000000 -5.7500000000000000 -46.562500000000000 -13.000000000000000 -3.1875000000000000 -69.750000000000000 -37.062500000000000 -7.8750000000000000 2.0000000000000000 1.2500000000000000 1 0.0000000000000000 5 0 1 1 4 0.12500000000000000 9.5000000000000000 14.250000000000000 26.750000000000000 -57.750000000000000 -32.812500000000000 -31.750000000000000 -2.0625000000000000 -12.000000000000000 -29.062500000000000 -70 -47 -5 14 -66 41 -107 -16 6238.691406250 78.985387296 4368.078125000 66.091437607 121.141418037 -70 -37 -69 -38 -70 -37 -70 -37 -82.750000000 -40.250000000 -56.750000000 -33.875000000 2720.859375000 -12.583814982 -6.686561187 -46.780874876 -23.351854827 -41.375000000 -20.125000000 1 -69.750000000 -37.062500000 37.062500000 -69.750000000 -1.500000000 -4.562500000 0 -70 -38 -69 -37 2 -18.991163162 4.185149725 -9.353889904 -11.959950124 2 -18.991163162 4.185149725 2 -9.353889904 -11.959950124 -35.328601604 -25.403560432 0 -13.000000000 -3.187500000 -69.750000000 -37.062500000 -69.750000000 -37.062500000 -13.000000000 -3.187500000 -1 -69.750000000 -46.233778787 -13.000000000 -12.358778787 -34.093154977 -34.400639226 -15.961890375 34.093154977 4 -13.000000000 -3.187500000 -69.750000000 -37.062500000 -1 -62.988061295 -33.026188571 -19.761938705 -7.223811429 -34.400639226 -15.961890375 4 -69.750000000 -37.062500000 -55.562500000 -28.593750000 -55.562500000 -28.593750000 -41.375000000 -20.125000000 -41.375000000 -20.125000000 -27.187500000 -11.656250000 -27.187500000 -11.656250000 -13.000000000 -3.187500000
FGEOM -12.625000000000000 -68.125000000000000 42.125000000000000 -27.250000000000000 5.2500000000000000 -16.750000000000000 49.375000000000000 -74.625000000000000 -34.375000000000000 -38.375000000000000 67.625000000000000 -38.375000000000000 -6.7500000000000000 2.3750000000000000 1.5000000000000000 2 0.16534698176788384 0 1 0 1 5 0.25000000000000000 10.500000000000000 15.250000000000000 27.750000000000000 -1.6250000000000000 -61.875000000000000 24.375000000000000 -31.125000000000000 44.125000000000000 -58.125000000000000 -13 -75 50 -16 22 124 -81 15 4800.406250000 69.284964098 4668.328125000 68.325164654 143.761429573 -13 -68 -12 -68 -12 -68 -13 -68 29.500000000 -95.375000000 -54.750000000 -40.875000000 3078.609375000 -2.778831634 -14.994685550 9.611499651 -51.523777658 14.750000000 -47.687500000 1 -3.925161223 -70.366440264 12.625000000 68.125000000 23.125000000 34.625000000 0 -13 -69 -12 -68 2 34.625065517 -19.901463904 47.038917674 -36.529192481 2 34.625065517 -19.901463904 2 47.038917674 -36.529192481 20.796398396 -54.466060432 0 42.125000000 -27.250000000 -12.625000000 -68.125000000 -12.625000000 -68.125000000 42.125000000 -27.250000000 2 27.223623853 -38.375000000 -12.625000000 -76.548650437 42.125000000 -35.673650437 -30.473993521 23.480830346 -41.169277344 30.473993521 4 -12.329235322 -67.904189385 42.125000000 -27.250000000 4 -12.625000000 -68.125000000 42.125000000 -27.250000000 -7.216121706 -64.086864836 36.716121706 -31.288135164 23.480830346 -41.169277344 5 -12.625000000 -68.125000000 -1.675000000 -59.950000000 -1.675000000 -59.950000000 9.275000000 -51.775000000 9.275000000 -51.775000000 20.225000000 -43.600000000 20.225000000 -43.600000000 31.175000000 -35.425000000 31.175000000 -35.425000000 42.125000000 -27.250000000
FGEOM -40.500000000000000 -7.1875000000000000 12.250000000000000 31.687500000000000 -22.625000000000000 42.187500000000000 19.500000000000000 -13.687500000000000 -6.2500000000000000 -45.437500000000000 -6.2500000000000000 66.562500000000000 -5.6250000000000000 2.7500000000000000 1.7500000000000000 3 0.33069396353576770 1 2 -1 1 6 0.37500000000000000 11.500000000000000 16.250000000000000 28.750000000000000 -30.500000000000000 -1.9375000000000000 -4.5000000000000000 28.812500000000000 15.250000000000000 1.8125000000000000 -41 -14 20 43 -65 34 -48 44 1691.910156250 41.132835500 4293.828125000 65.527308239 160.222906860 -40 -7 -40 -7 -40 -8 -41 -8 -28.250000000 24.500000000 -52.750000000 -38.875000000 2862.359375000 -15.999991053 -2.839504585 -17.356023225 9.868843073 -14.125000000 12.250000000 1 -23.499446903 -10.316229321 -7.187500000 40.500000000 -72.000000000 60.062500000 0 -41 -8 -40 -7 2 3.908650488 39.604057858 17.341947208 21.376240444 2 3.908650488 39.604057858 2 17.341947208 21.376240444 -8.078601604 5.471439568 0 12.250000000 31.687500000 -40.500000000 -7.187500000 -40.500000000 -7.187500000 12.250000000 31.687500000 2 -6.250000000 18.053613744 -40.500000000 -14.175009172 12.250000000 24.699990828 -29.142668550 -5.335700770 18.727421945 29.142668550 4 -36.572231219 -4.292864713 12.250000000 31.687500000 4 -40.500000000 -7.187500000 12.250000000 31.687500000 -35.971830631 -3.850389399 7.721830631 28.350389399 -5.335700770 18.727421945 6 -40.500000000 -7.187500000 -31.708333333 -0.708333333 -31.708333333 -0.708333333 -22.916666667 5.770833333 -22.916666667 5.770833333 -14.125000000 12.250000000 -14.125000000 12.250000000 -5.333333333 18.729166667 -5.333333333 18.729166667 3.458333333 25.208333333 3.458333333 25.208333333 12.250000000 31.687500000
FGEOM 15.750000000000000 -50.250000000000000 75.500000000000000 -13.375000000000000 38.625000000000000 -2.8750000000000000 88.750000000000000 -63.750000000000000 38.625000000000000 -2.8750000000000000 88.750000000000000 -63.750000000000000 -4.5000000000000000 0.50000000000000000 2.0000000000000000 4 0.49604094530365156 2 3 -1 0 0 0.0000000000000000 12.500000000000000 17.250000000000000 29.750000000000000 29.750000000000000 -46.000000000000000 55.750000000000000 -15.250000000000000 75.500000000000000 -42.250000000000000 15 -64 89 -2 41 153 -35 63 2773.125000000 52.660469045 4929.828125000 70.212734778 79.571214173 16 -50 16 -50 16 -51 16 -51 91.250000000 -63.625000000 -59.750000000 -36.875000000 3113.734375000 5.159230537 -16.460402190 41.066810485 -34.625608592 45.625000000 -31.812500000 1 41.055045686 -55.427365579 15.750000000 -50.250000000 15.750000000 -50.250000000 0 15 -51 16 -50 2 67.146238210 -4.076362252 80.066231165 -25.011130497 2 67.146238210 -4.076362252 2 80.066231165 -25.011130497 52.171398396 -38.591060432 0 75.500000000 -13.375000000 15.750000000 -50.250000000 15.750000000 -50.250000000 75.500000000 -13.375000000 2 56.782482533 -24.926605968 15.750000000 -55.537988393 75.500000000 -18.662988393 -28.301712379 53.488765772 -26.959339116 28.301712379 4 53.488765772 -26.959339116 62.581301167 -21.347837146 4 15.750000000 -50.250000000 75.500000000 -13.375000000 19.579433519 -47.886646678 71.670566481 -15.738353322 53.488765772 -26.959339116 0
FGEOM -65.125000000000000 30.687500000000000 -7.3750000000000000 68.562500000000000 -42.250000000000000 79.062500000000000 5.8750000000000000 20.187500000000000 -61.625000000000000 32.937500000000000 -3.8750000000000000 70.812500000000000 -3.3750000000000000 0.87500000000000000 2.2500000000000000 5 0.66138792707153540 3 4 -1 -1 1 0.12500000000000000 13.500000000000000 18.250000000000000 30.750000000000000 -52.125000000000000 36.937500000000000 -26.125000000000000 67.687500000000000 -6.3750000000000000 40.687500000000000 -66 20 6 80 -122 -14 -35 62 5182.988281250 71.992973833 4769.578125000 69.062132352 99.073924814 -65 31 -66 31 -66 32 -65 30 -72.500000000 99.250000000 -57.750000000 -37.875000000 3153.234375000 -16.508989513 7.779187957 -39.411740946 47.551390678 -36.250000000 49.625000000 1 -30.589049176 26.837712055 -30.687500000 -65.125000000 6.125000000 56.187500000 0 -66 30 -65 31 2 -16.842512309 78.186231640 -2.320849722 56.044290665 2 -16.842512309 78.186231640 2 -2.320849722 56.044290665 -29.703601604 44.346439568 0 -7.375000000 68.562500000 -65.125000000 30.687500000 -65.125000000 30.687500000 -7.375000000 68.562500000 -1 -65.125000000 26.651401356 -7.375000000 64.526401356 -27.906257154 -26.945672524 55.727188799 27.906257154 4 -61.645845004 32.969283471 -7.375000000 68.562500000 4 -61.645845004 32.969283471 -7.375000000 68.562500000 -62.302813031 32.538414831 -10.197186969 66.711585169 -26.945672524 55.727188799 1 -65.125000000 30.687500000 -7.375000000 68.562500000
FGEOM -44.000000000000000 -2.3750000000000000 11.750000000000000 33.500000000000000 -21.125000000000000 44.000000000000000 25.000000000000000 -12.875000000000000 11.750000000000000 33.500000000000000 -44.000000000000000 -2.3750000000000000 -2.2500000000000000 1.2500000000000000 2.5000000000000000 6 0.82673490883941920 4 5 0 -1 2 0.25000000000000000 14.500000000000000 19.250000000000000 31.750000000000000 -32.000000000000000 2.8750000000000000 -6.0000000000000000 33.625000000000000 13.750000000000000 6.6250000000000000 -44 -13 25 44 -66 38 -47 46 1941.640625000 44.064051391 4395.078125000 66.295385397 113.579026728 -44 -2 -44 -2 -44 0 -44 -2 -32.250000000 31.125000000 -55.750000000 -35.875000000 2938.984375000 -19.222018250 -1.037552121 -17.300366392 14.806154362 -16.125000000 15.562500000 1 -2.498619593 -4.238617341 44.000000000 2.375000000 1.750000000 90.375000000 0 -44 -3 -44 -2 2 1.426521248 43.682130743 16.739586080 19.885521283 2 1.426521248 43.682130743 2 16.739586080 19.885521283 -9.578601604 10.283939568 0 11.750000000 33.500000000 -44.000000000 -2.375000000 -44.000000000 -2.375000000 11.750000000 33.500000000 -1 -44.000000000 -5.050598514 11.750000000 30.824401486 -26.619735513 -6.720030396 21.614576853 26.619735513 4 11.750000000 33.500000000 -44.000000000 -2.375000000 -1 -42.107899981 -1.157437880 9.857899981 32.282437880 -6.720030396 21.614576853 2 -44.000000000 -2.375000000 -16.125000000 15.562500000 -16.125000000 15.562500000 11.750000000 33.500000000
FGEOM -39.875000000000000 30.250000000000000 13.875000000000000 64.125000000000000 -17.000000000000000 74.625000000000000 27.125000000000000 19.750000000000000 -61.625000000000000 58.000000000000000 40.375000000000000 58.000000000000000 -1.1250000000000000 1.6250000000000000 2.7500000000000000 -6 -0.82673490883941920 5 6 1 -1 3 0.37500000000000000 2.5000000000000000 20.250000000000000 32.750000000000000 -28.875000000000000 34.500000000000000 -2.8750000000000000 65.250000000000000 16.875000000000000 38.250000000000000 -40 19 28 75 -92 8 -10 78 2505.078125000 50.050755489 4036.578125000 63.534070584 127.698933348 -40 30 -40 30 -40 30 -39 31 -26.000000000 94.375000000 -53.750000000 -33.875000000 2732.734375000 -16.132998236 12.238826248 -12.168409130 47.711595641 -13.000000000 47.187500000 1 -65.140564487 61.400314716 39.875000000 -30.250000000 5.875000000 119.000000000 0 -40 30 -39 31 2 12.459862759 66.185918870 15.123690568 61.959181017 2 12.459862759 66.185918870 2 15.123690568 61.959181017 -6.453601604 41.908939568 0 13.875000000 64.125000000 -39.875000000 30.250000000 -39.875000000 30.250000000 13.875000000 64.125000000 2 4.156365314 58.000000000 -39.875000000 28.920217127 13.875000000 62.795217127 -25.344915101 -3.486636364 53.183131501 25.344915101 4 -39.875000000 30.250000000 13.875000000 64.125000000 4 -39.875000000 30.250000000 13.875000000 64.125000000 -38.923246879 30.849825804 12.923246879 63.525174196 -3.486636364 53.183131501 3 -39.875000000 30.250000000 -21.958333333 41.541666667 -21.958333333 41.541666667 -4.041666667 52.833333333 -4.041666667 52.833333333 13.875000000 64.125000000
FGEOM -22.750000000000000 -51.812500000000000 33.000000000000000 -10.937500000000000 -8.8750000000000000 1.5625000000000000 42.250000000000000 -59.312500000000000 11.500000000000000 -89.062500000000000 11.500000000000000 22.937500000000000 0.0000000000000000 2.0000000000000000 0.75000000000000000 -5 -0.66138792707153540 0 0 1 0 4 0.0000000000000000 100.00000000000000 21.250000000000000 33.750000000000000 -12.750000000000000 -45.562500000000000 13.250000000000000 -14.812500000000000 33.000000000000000 -41.812500000000000 -23 -60 43 2 -11 102 -75 23 3202.097656250 56.587080294 4778.828125000 69.129068596 115.637604887 -23 -52 -23 -52 -22 -51 -23 -51 10.250000000 -62.750000000 -55.750000000 -40.875000000 2955.234375000 -8.543248697 -19.457014203 4.468108651 -31.856622133 5.125000000 -31.375000000 1 -52.607928108 -32.035673300 -51.812500000 22.750000000 -62.250000000 15.437500000 0 -23 -52 -22 -51 0 -1 -1 9.671398396 -38.153560432 0 33.000000000 -10.937500000 -22.750000000 -51.812500000 -22.750000000 -51.812500000 33.000000000 -10.937500000 2 11.500000000 -26.700952915 -22.750000000 -51.812500000 33.000000000 -10.937500000 -34.840851669 11.725882391 -26.535339592 34.840851669 4 -18.237065344 -48.503689164 33.000000000 -10.937500000 4 -22.750000000 -51.812500000 33.000000000 -10.937500000 -22.750000000 -51.812500000 33.000000000 -10.937500000 11.725882391 -26.535339592 4 -22.750000000 -51.812500000 -8.812500000 -41.593750000 -8.812500000 -41.593750000 5.125000000 -31.375000000 5.125000000 -31.375000000 19.062500000 -21.156250000 19.062500000 -21.156250000 33.000000000 -10.937500000
FGEOM -70.625000000000000 -18.875000000000000 -11.875000000000000 20.000000000000000 -51.750000000000000 32.500000000000000 -2.6250000000000000 -26.375000000000000 -51.750000000000000 32.500000000000000 -2.6250000000000000 -26.375000000000000 1.1250000000000000 2.3750000000000000 1.0000000000000000 -4 -0.49604094530365156 1 1 1 1 5 0.12500000000000000 4.5000000000000000 22.250000000000000 34.750000000000000 -56.625000000000000 -13.625000000000000 -30.625000000000000 17.125000000000000 -10.875000000000000 -9.8750000000000000 -71 -27 -2 33 -85 24 -90 9 5344.156250000 73.103736225 4962.828125000 70.447342924 144.845556893 -71 -19 -70 -19 -71 -19 -71 -18 -82.500000000 1.125000000 -58.750000000 -38.875000000 3106.109375000 -21.495566864 -5.744832914 -41.645021263 0.301113590 -41.250000000 0.562500000 1 -92.801864371 -3.699456925 -70.625000000 -18.875000000 -70.625000000 -18.875000000 0 -71 -19 -70 -18 2 -14.592885998 23.586515817 -9.636553334 16.096238157 2 -14.592885998 23.586515817 2 -9.636553334 16.096238157 -34.203601604 -6.216060432 0 -11.875000000 20.000000000 -70.625000000 -18.875000000 -70.625000000 -18.875000000 -11.875000000 20.000000000 2 -30.845857235 7.446943404 -70.625000000 -17.526008327 -11.875000000 21.348991673 -32.428698233 -33.854851773 5.455885316 32.428698233 4 -33.854851773 5.455885316 -26.783676536 10.134897016 4 -70.625000000 -18.875000000 -11.875000000 20.000000000 -69.686799250 -18.254190567 -12.813200750 19.379190567 -33.854851773 5.455885316 5 -70.625000000 -18.875000000 -58.875000000 -11.100000000 -58.875000000 -11.100000000 -47.125000000 -3.325000000 -47.125000000 -3.325000000 -35.375000000 4.450000000 -35.375000000 4.450000000 -23.625000000 12.225000000 -23.625000000 12.225000000 -11.875000000 20.000000000
FGEOM -79.500000000000000 6.0625000000000000 -22.750000000000000 42.937500000000000 -60.625000000000000 55.437500000000000 -13.500000000000000 -1.4375000000000000 -76.000000000000000 8.3125000000000000 -19.250000000000000 45.187500000000000 2.2500000000000000 2.7500000000000000 1.2500000000000000 -3 -0.33069396353576770 2 2 0 1 6 0.25000000000000000 5.5000000000000000 23.250000000000000 35.750000000000000 -66.500000000000000 10.312500000000000 -40.500000000000000 41.062500000000000 -20.750000000000000 14.062500000000000 -80 -2 -13 56 -117 -12 -74 21 6357.003906250 79.730821558 4580.328125000 67.678121465 162.727187941 -79 6 -79 6 -80 6 -80 6 -102.250000000 49.000000000 -56.750000000 -36.875000000 2891.859375000 -23.182691008 1.767862443 -49.522623913 25.541191510 -51.125000000 24.500000000 1 -94.509336729 14.866476172 -6.062500000 -79.500000000 -11.250000000 36.562500000 0 -80 6 -79 7 2 -26.111605455 47.290614835 -20.137986039 38.097315802 2 -26.111605455 47.290614835 2 -20.137986039 38.097315802 -44.078601604 17.721439568 0 -22.750000000 42.937500000 -79.500000000 6.062500000 -79.500000000 6.062500000 -22.750000000 42.937500000 -1 -79.500000000 8.745773538 -22.750000000 45.620773538 -31.118115861 -43.670029951 29.344088468 31.118115861 4 -76.011069758 8.329536170 -22.750000000 42.937500000 4 -76.011069758 8.329536170 -22.750000000 42.937500000 -77.613311995 7.288431634 -24.636688005 41.711568366 -43.670029951 29.344088468 6 -79.500000000 6.062500000 -70.041666667 12.208333333 -70.041666667 12.208333333 -60.583333333 18.354166667 -60.583333333 18.354166667 -51.125000000 24.500000000 -51.125000000 24.500000000 -41.666666667 30.645833333 -41.666666667 30.645833333 -32.208333333 36.791666667 -32.208333333 36.791666667 -22.750000000 42.937500000
FGEOM -53.250000000000000 -47.000000000000000 1.5000000000000000 -9.1250000000000000 -34.375000000000000 3.3750000000000000 10.750000000000000 -58.500000000000000 1.5000000000000000 -9.1250000000000000 -53.250000000000000 -47.000000000000000 3.3750000000000000 0.50000000000000000 1.5000000000000000 -2 -0.16534698176788384 3 3 -1 1 0 0.37500000000000000 6.5000000000000000 24.250000000000000 36.750000000000000 -41.250000000000000 -40.750000000000000 -15.250000000000000 -10.000000000000000 4.5000000000000000 -37.000000000000000 -54 -59 11 4 -38 70 -101 -7 5044.562500000 71.025083597 4432.078125000 66.573854665 63.063862721 -53 -47 -53 -47 -54 -48 -54 -47 -51.750000000 -56.125000000 -54.750000000 -37.875000000 2941.359375000 -18.181076806 -16.047147603 -23.026986625 -26.092298966 -25.875000000 -28.062500000 1 -61.284022087 -43.206227767 53.250000000 47.000000000 -15.500000000 53.750000000 0 -54 -47 -53 -47 2 -2.702211995 -4.166026885 4.658373220 -14.806080760 2 -2.702211995 -4.166026885 2 4.658373220 -14.806080760 -18.828601604 -33.341060432 0 1.500000000 -9.125000000 -53.250000000 -47.000000000 -53.250000000 -47.000000000 1.500000000 -9.125000000 -1 -53.250000000 -42.896132247 1.500000000 -5.021132247 -30.689835150 -16.915029984 -21.864164578 30.689835150 4 1.500000000 -9.125000000 -53.250000000 -47.000000000 -1 -50.474417139 -45.079905007 -1.275582861 -11.045094993 -16.915029984 -21.864164578 0
FGEOM -10.125000000000000 -16.062500000000000 46.625000000000000 19.812500000000000 8.7500000000000000 32.312500000000000 51.875000000000000 -27.562500000000000 -31.875000000000000 12.687500000000000 70.125000000000000 12.687500000000000 4.5000000000000000 0.87500000000000000 1.7500000000000000 -1 0.0000000000000000 4 4 -1 0 1 0.0000000000000000 7.5000000000000000 25.250000000000000 0.75000000000000000 0.87500000000000000 -10.812500000000000 26.875000000000000 19.937500000000000 46.625000000000000 -7.0625000000000000 -11 -28 52 33 -24 80 -27 67 360.519531250 18.987351876 4507.578125000 67.138499574 80.045165473 -10 -16 -10 -16 -12 -16 -10 -17 36.500000000 3.750000000 -56.750000000 -35.875000000 2806.609375000 -13.464555335 -21.360436550 -9.491049282 -15.661742608 18.250000000 1.875000000 1 -10.125000000 -16.062500000 -16.062500000 10.125000000 -39.625000000 51.187500000 0 -11 -17 -10 -16 2 41.934327406 25.664644104 49.899307792 13.064988719 2 41.934327406 25.664644104 2 49.899307792 13.064988719 23.296398396 -3.403560432 0 46.625000000 19.812500000 -10.125000000 -16.062500000 -10.125000000 -16.062500000 46.625000000 19.812500000 2 35.354094077 12.687500000 -10.125000000 -10.738742325 46.625000000 25.136257675 -30.804093600 25.209957623 6.274797000 30.804093600 4 -10.125000000 -16.062500000 46.625000000 19.812500000 4 -10.125000000 -16.062500000 46.625000000 19.812500000 -6.321295693 -13.657955647 42.821295693 17.407955647 25.209957623 6.274797000 1 -10.125000000 -16.062500000 46.625000000 19.812500000
FGEOM -47.000000000000000 -9.1250000000000000 7.7500000000000000 24.750000000000000 -28.125000000000000 37.250000000000000 13.000000000000000 -20.625000000000000 -12.750000000000000 -48.375000000000000 -12.750000000000000 63.625000000000000 5.6250000000000000 1.2500000000000000 2.0000000000000000 0 0.16534698176788384 5 5 -1 -1 2 0.12500000000000000 8.5000000000000000 26.250000000000000 1.7500000000000000 -37.000000000000000 -4.8750000000000000 -11.000000000000000 25.875000000000000 8.7500000000000000 -1.1250000000000000 -47 -21 13 38 -66 34 -57 33 2292.265625000 47.877610895 4145.078125000 64.382281142 96.300331808 -47 -9 -47 -9 -45 -10 -47 -10 -39.250000000 15.625000000 -54.750000000 -33.875000000 2604.359375000 -25.768829667 -5.002990866 -45.511818806 -8.204230357 -19.625000000 7.812500000 1 -39.109495477 -11.599228337 -47.000000000 -9.125000000 -47.000000000 -9.125000000 0 -47 -10 -47 -9 2 2.362529006 31.324584115 11.228851961 16.994512328 2 2.362529006 31.324584115 2 11.228851961 16.994512328 -14.578601604 2.533939568 0 7.750000000 24.750000000 -47.000000000 -9.125000000 -47.000000000 -9.125000000 7.750000000 24.750000000 2 -12.750000000 12.066210046 -47.000000000 -2.510382074 7.750000000 31.364617926 -29.505643343 -12.600485327 12.158717983 29.505643343 4 -39.793559756 -4.666220763 7.750000000 24.750000000 4 -47.000000000 -9.125000000 7.750000000 24.750000000 -42.216560449 -6.165383291 2.966560449 21.790383291 -12.600485327 12.158717983 2 -47.000000000 -9.125000000 -19.625000000 7.812500000 -19.625000000 7.812500000 7.750000000 24.750000000
FGEOM -67.875000000000000 -13.187500000000000 -10.125000000000000 27.687500000000000 -44.000000000000000 34.187500000000000 5.1250000000000000 -21.687500000000000 -44.000000000000000 34.187500000000000 5.1250000000000000 -21.687500000000000 6.7500000000000000 1.6250000000000000 2.2500000000000000 1 0.33069396353576770 0 6 0 -1 3 0.25000000000000000 9.5000000000000000 27.250000000000000 2.7500000000000000 -53.875000000000000 -6.9375000000000000 -27.875000000000000 23.812500000000000 -8.1250000000000000 -3.1875000000000000 -68 -22 6 35 -79 27 -82 18 4780.925781250 69.144238959 5005.828125000 70.751877184 131.395967939 -68 -13 -68 -13 -67 -12 -67 -13 -78.000000000 14.500000000 -57.750000000 -40.875000000 3315.234375000 -26.749788237 -5.197242466 -65.630359910 -11.598761235 -39.000000000 7.250000000 1 -51.198749292 -18.372791653 13.187500000 -67.875000000 3.375000000 10.312500000 0 -68 -14 -67 -13 2 -16.604844261 34.634558252 -5.727503503 19.266572227 2 -16.604844261 34.634558252 2 -5.727503503 19.266572227 -31.453601604 0.471439568 0 -10.125000000 27.687500000 -67.875000000 -13.187500000 -67.875000000 -13.187500000 -10.125000000 27.687500000 2 -27.483354600 15.401391874 -67.875000000 -4.917800069 -10.125000000 35.957199931 -24.875885914 -29.628623901 13.882986979 24.875885914 4 -29.628623901 13.882986979 -23.248008961 18.399136514 4 -67.875000000 -13.187500000 -10.125000000 27.687500000 -62.365428869 -9.287868485 -15.634571131 23.787868485 -29.628623901 13.882986979 3 -67.875000000 -13.187500000 -48.625000000 0.437500000 -48.625000000 0.437500000 -29.375000000 14.062500000 -29.375000000 14.062500000 -10.125000000 27.687500000
FGEOM -51.750000000000000 -61.250000000000000 4.0000000000000000 -22.375000000000000 -27.875000000000000 -15.875000000000000 19.250000000000000 -69.750000000000000 -48.250000000000000 -59.000000000000000 7.5000000000000000 -20.125000000000000 7.8750000000000000 2.0000000000000000 2.5000000000000000 2 0.49604094530365156 1 0 1 -1 4 0.37500000000000000 10.500000000000000 28.250000000000000 3.7500000000000000 -38.750000000000000 -56.000000000000000 -12.750000000000000 -25.250000000000000 7.0000000000000000 -52.250000000000000 -52 -70 20 -15 -12 89 -113 -18 6429.625000000 80.184942477 4619.328125000 67.965639297 147.910987274 -52 -61 -52 -62 -52 -61 -51 -61 -47.750000000 -83.625000000 -55.750000000 -38.875000000 3094.984375000 -18.232070197 -21.579020282 -48.673997153 -59.105074248 -23.875000000 -41.812500000 1 -27.276322851 -67.144365470 51.750000000 61.250000000 -4.000000000 29.500000000 0 -52 -62 -51 -61 2 -3.264280074 -14.793427933 8.603097610 -31.812239660 2 -3.264280074 -14.793427933 2 8.603097610 -31.812239660 -16.328601604 -48.591060432 0 4.000000000 -22.375000000 -51.750000000 -61.250000000 -51.750000000 -61.250000000 4.000000000 -22.375000000 -1 -51.750000000 -51.649472476 4.000000000 -12.774472476 -23.563607163 -14.397083247 -35.203459394 23.563607163 4 -48.339417089 -58.871768419 4.000000000 -22.375000000 4 -48.339417089 -58.871768419 4.000000000 -22.375000000 -45.290394021 -56.745655920 -2.459605979 -26.879344080 -14.397083247 -35.203459394 4 -51.750000000 -61.250000000 -37.812500000 -51.531250000 -37.812500000 -51.531250000 -23.875000000 -41.812500000 -23.875000000 -41.812500000 -9.937500000 -32.093750000 -9.937500000 -32.093750000 4.000000000 -22.375000000
FGEOM -51.625000000000000 -45.312500000000000 6.1250000000000000 -8.4375000000000000 -27.750000000000000 6.0625000000000000 17.375000000000000 -53.812500000000000 6.1250000000000000 -8.4375000000000000 -51.625000000000000 -45.312500000000000 9.0000000000000000 2.3750000000000000 2.7500000000000000 3 0.66138792707153540 2 1 1 0 5 0.0000000000000000 11.500000000000000 29.250000000000000 4.7500000000000000 -39.625000000000000 -41.062500000000000 -13.625000000000000 -10.312500000000000 6.1250000000000000 -37.312500000000000 -52 -54 18 7 -34 72 -97 -2 4718.363281250 68.690343435 4694.828125000 68.518815846 170.572754135 -52 -45 -52 -46 -52 -45 -52 -45 -45.500000000 -53.750000000 -57.750000000 -36.875000000 3273.234375000 -21.983166403 -19.295152109 -47.621537643 -42.756176633 -22.750000000 -26.875000000 1 -15.035551547 -49.143922186 -45.312500000 51.625000000 -79.125000000 29.937500000 0 -52 -46 -51 -45 2 -1.602977748 0.078858372 10.599424137 -19.031343903 2 -1.602977748 0.078858372 2 10.599424137 -19.031343903 -17.203601604 -33.653560432 0 6.125000000 -8.437500000 -51.625000000 -45.312500000 -51.625000000 -45.312500000 6.125000000 -8.437500000 -1 -51.625000000 -34.634242985 6.125000000 2.240757015 -30.451717521 -11.361697463 -19.603248380 30.451717521 4 6.125000000 -8.437500000 -51.625000000 -45.312500000 -1 -44.039492376 -40.468939937 -1.460507624 -13.281060063 -11.361697463 -19.603248380 5 -51.625000000 -45.312500000 -40.075000000 -37.937500000 -40.075000000 -37.937500000 -28.525000000 -30.562500000 -28.525000000 -30.562500000 -16.975000000 -23.187500000 -16.975000000 -23.187500000 -5.425000000 -15.812500000 -5.425000000 -15.812500000 6.125000000 -8.437500000
FGEOM 12.500000000000000 -36.375000000000000 68.250000000000000 1.5000000000000000 27.375000000000000 16.000000000000000 79.500000000000000 -41.875000000000000 -9.2500000000000000 -6.6250000000000000 92.750000000000000 -6.6250000000000000 -9.0000000000000000 2.7500000000000000 0.75000000000000000 4 0.82673490883941920 3 2 1 1 6 0.12500000000000000 100.00000000000000 30.250000000000000 5.7500000000000000 23.500000000000000 -30.125000000000000 49.500000000000000 0.62500000000000000 69.250000000000000 -26.375000000000000 12 -42 80 16 11 122 -24 70 1479.390625000 38.462847333 4542.578125000 67.398650765 155.921896138 13 -36 13 -37 12 -36 12 -36 80.750000000 -34.875000000 -55.750000000 -37.875000000 2812.984375000 9.830915447 -28.607963952 17.256215389 -33.143759500 40.375000000 -17.437500000 1 55.833976444 -30.416515485 12.500000000 -36.375000000 12.500000000 -36.375000000 0 12 -37 13 -36 0 -1 -1 45.921398396 -22.716060432 0 68.250000000 1.500000000 12.500000000 -36.375000000 12.500000000 -36.375000000 68.250000000 1.500000000 2 56.290429043 -6.625000000 12.500000000 -47.255499675 68.250000000 -9.380499675 -34.963839754 47.023100009 -12.920965689 34.963839754 4 12.500000000 -36.375000000 68.250000000 1.500000000 4 12.500000000 -36.375000000 68.250000000 1.500000000 19.944511044 -31.317406174 60.805488956 -3.557593826 47.023100009 -12.920965689 6 12.500000000 -36.375000000 21.791666667 -30.062500000 21.791666667 -30.062500000 31.083333333 -23.750000000 31.083333333 -23.750000000 40.375000000 -17.437500000 40.375000000 -17.437500000 49.666666667 -11.125000000 49.666666667 -11.125000000 58.958333333 -4.812500000 58.958333333 -4.812500000 68.250000000 1.500000000
FGEOM 16.750000000000000 -55.750000000000000 70.500000000000000 -19.875000000000000 31.625000000000000 -5.3750000000000000 81.750000000000000 -68.250000000000000 51.000000000000000 -94.000000000000000 51.000000000000000 18.000000000000000 -7.8750000000000000 0.50000000000000000 1.0000000000000000 5 -0.82673490883941920 4 3 0 1 0 0.25000000000000000 13.500000000000000 31.250000000000000 6.7500000000000000 26.750000000000000 -50.500000000000000 52.750000000000000 -19.750000000000000 72.500000000000000 -46.750000000000000 16 -69 82 -5 37 150 -39 51 3388.625000000 58.211897409 4176.078125000 64.622582160 44.825006972 17 -56 17 -56 16 -57 16 -56 87.250000000 -75.625000000 -53.750000000 -35.875000000 2606.734375000 8.991933321 -29.928375084 22.364329974 -52.002761157 43.625000000 -37.812500000 1 -15.511655378 -28.549165999 55.750000000 16.750000000 82.000000000 -20.250000000 0 16 -56 17 -55 2 60.825154819 -10.459726732 75.483392001 -32.421545507 2 60.825154819 -10.459726732 2 75.483392001 -32.421545507 49.171398396 -43.091060432 0 70.500000000 -19.875000000 16.750000000 -55.750000000 16.750000000 -55.750000000 70.500000000 -19.875000000 2 51.000000000 -32.890116279 16.750000000 -65.217959712 70.500000000 -29.342959712 -33.641732539 50.301089913 -33.356598128 33.641732539 4 22.782845186 -51.723426585 70.500000000 -19.875000000 4 16.750000000 -55.750000000 70.500000000 -19.875000000 23.300051636 -51.378221350 63.949948364 -24.246778650 50.301089913 -33.356598128 0
FGEOM -26.125000000000000 -65.812500000000000 30.625000000000000 -31.937500000000000 -6.2500000000000000 -17.437500000000000 41.875000000000000 -78.312500000000000 -6.2500000000000000 -17.437500000000000 41.875000000000000 -78.312500000000000 -6.7500000000000000 0.87500000000000000 1.2500000000000000 6 -0.66138792707153540 5 4 -1 1 1 0.37500000000000000 14.500000000000000 1.2500000000000000 7.7500000000000000 -12.125000000000000 -61.562500000000000 13.875000000000000 -30.812500000000000 33.625000000000000 -57.812500000000000 -27 -79 42 -17 11 121 -92 -1 5013.800781250 70.808197133 4368.078125000 66.091437607 65.258994232 -26 -66 -26 -65 -25 -64 -27 -66 4.500000000 -97.750000000 -56.750000000 -33.875000000 2766.609375000 -0.461193073 -1.161809343 -19.470393656 -61.840257006 2.250000000 -48.875000000 1 -51.646707601 -43.404694477 26.125000000 65.812500000 13.625000000 30.937500000 0 -27 -66 -26 -65 2 20.642564477 -21.420799898 35.144306358 -45.715230947 2 20.642564477 -21.420799898 2 35.144306358 -45.715230947 10.296398396 -54.153560432 0 30.625000000 -31.937500000 -26.125000000 -65.812500000 -26.125000000 -65.812500000 30.625000000 -31.937500000 2 13.360205864 -42.243137028 -26.125000000 -73.673596103 30.625000000 -39.798596103 -31.350742245 9.818744031 -44.357093321 31.350742245 4 9.818744031 -44.357093321 18.509772157 -39.169276972 4 -26.125000000 -65.812500000 30.625000000 -31.937500000 -20.329052539 -62.352804489 24.829052539 -35.397195511 9.818744031 -44.357093321 1 -26.125000000 -65.812500000 30.625000000 -31.937500000
FGEOM 9.0000000000000000 -25.875000000000000 67.750000000000000 15.000000000000000 28.875000000000000 23.500000000000000 75.000000000000000 -35.375000000000000 12.500000000000000 -23.625000000000000 71.250000000000000 17.250000000000000 -5.6250000000000000 1.2500000000000000 1.5000000000000000 -6 -0.49604094530365156 0 5 -1 0 2 0.0000000000000000 2.5000000000000000 2.2500000000000000 8.7500000000000000 22.000000000000000 -19.625000000000000 48.000000000000000 11.125000000000000 67.750000000000000 -15.875000000000000 9 -36 75 24 5 111 -17 83 750.515625000 27.395540239 5122.328125000 71.570441699 95.667596722 9 -26 9 -25 9 -25 9 -26 76.750000000 -10.875000000 -58.750000000 -40.875000000 3185.859375000 0.739171406 -2.125117793 16.182609018 -20.877737981 38.375000000 -5.437500000 1 -12.104443336 -10.464562029 -9.000000000 25.875000000 48.750000000 72.875000000 0 9 -26 9 -25 2 66.251398462 17.001048083 69.105234112 12.899204793 2 66.251398462 17.001048083 2 69.105234112 12.899204793 44.421398396 -12.216060432 0 67.750000000 15.000000000 9.000000000 -25.875000000 9.000000000 -25.875000000 67.750000000 15.000000000 -1 9.000000000 -32.727489099 67.750000000 8.147510901 -29.179512875 45.539876735 -0.452575123 29.179512875 4 12.413220002 -23.500270339 67.750000000 15.000000000 4 12.413220002 -23.500270339 67.750000000 15.000000000 13.617391512 -22.662474416 63.132608488 11.787474416 45.539876735 -0.452575123 2 9.000000000 -25.875000000 38.375000000 -5.437500000 38.375000000 -5.437500000 67.750000000 15.000000000
FGEOM 6.1250000000000000 -28.937500000000000 62.875000000000000 9.9375000000000000 26.000000000000000 18.437500000000000 70.125000000000000 -38.437500000000000 62.875000000000000 9.9375000000000000 6.1250000000000000 -28.937500000000000 -4.5000000000000000 1.6250000000000000 1.7500000000000000 -5 -0.33069396353576770 1 6 -1 -1 3 0.12500000000000000 3.5000000000000000 3.2500000000000000 9.7500000000000000 18.125000000000000 -23.687500000000000 44.125000000000000 7.0625000000000000 63.875000000000000 -19.937500000000000 6 -39 71 19 7 109 -23 73 874.894531250 29.578616115 4731.828125000 68.788284795 114.597333425 6 -29 6 -28 6 -30 7 -29 69.000000000 -19.000000000 -56.750000000 -38.875000000 2969.609375000 0.672994636 -3.179556293 14.168702524 -23.427386597 34.500000000 -9.500000000 1 -8.180755032 -19.917189875 -28.937500000 -6.125000000 -21.375000000 38.312500000 0 6 -29 7 -28 2 60.752655274 12.720601304 64.703510088 6.953115498 2 60.752655274 12.720601304 2 64.703510088 6.953115498 40.546398396 -16.278560432 0 62.875000000 9.937500000 6.125000000 -28.937500000 6.125000000 -28.937500000 62.875000000 9.937500000 -1 6.125000000 -34.392077649 62.875000000 4.482922351 -27.851990069 41.740269105 -4.540256186 27.851990069 4 62.875000000 9.937500000 6.125000000 -28.937500000 -1 9.837478088 -26.394370737 59.162521912 7.394370737 41.740269105 -4.540256186 3 6.125000000 -28.937500000 25.041666667 -15.979166667 25.041666667 -15.979166667 43.958333333 -3.020833333 43.958333333 -3.020833333 62.875000000 9.937500000
FGEOM -22.750000000000000 -21.000000000000000 32.000000000000000 15.875000000000000 -2.8750000000000000 24.375000000000000 39.250000000000000 -30.500000000000000 -44.500000000000000 6.7500000000000000 57.500000000000000 6.7500000000000000 -3.3750000000000000 2.0000000000000000 2.0000000000000000 -4 -0.16534698176788384 2 0 0 -1 4 0.25000000000000000 4.5000000000000000 4.2500000000000000 10.750000000000000 -11.750000000000000 -16.750000000000000 14.250000000000000 14.000000000000000 34.000000000000000 -13.000000000000000 -23 -31 40 25 -28 70 -44 48 958.562500000 30.960660523 4357.328125000 66.010060786 132.020121572 -23 -21 -23 -21 -22 -21 -22 -21 9.250000000 -5.125000000 -54.750000000 -36.875000000 2761.359375000 -3.122914640 -2.882690437 -13.833745523 -14.994760113 4.625000000 -2.562500000 1 -29.947410439 -17.109826660 -22.750000000 -21.000000000 -22.750000000 -21.000000000 0 -23 -21 -22 -21 2 29.237584700 19.427331869 34.253531200 11.979926557 2 29.237584700 19.427331869 2 34.253531200 11.979926557 10.671398396 -9.341060432 0 32.000000000 15.875000000 -22.750000000 -21.000000000 -22.750000000 -21.000000000 32.000000000 15.875000000 2 18.451694915 6.750000000 -22.750000000 -25.069113336 32.000000000 11.805886664 -26.532177128 11.946589617 2.368707619 26.532177128 4 -22.750000000 -21.000000000 32.000000000 15.875000000 4 -22.750000000 -21.000000000 32.000000000 15.875000000 -19.950710804 -19.114633989 29.200710804 13.989633989 11.946589617 2.368707619 4 -22.750000000 -21.000000000 -9.062500000 -11.781250000 -9.062500000 -11.781250000 4.625000000 -2.562500000 4.625000000 -2.562500000 18.312500000 6.656250000 18.312500000 6.656250000 32.000000000 15.875000000
FGEOM -16.625000000000000 10.937500000000000 36.125000000000000 48.812500000000000 3.2500000000000000 57.312500000000000 43.375000000000000 4.4375000000000000 17.625000000000000 -26.312500000000000 17.625000000000000 85.687500000000000 -2.2500000000000000 2.3750000000000000 2.2500000000000000 -3 0.0000000000000000 3 1 1 -1 5 0.37500000000000000 5.5000000000000000 5.2500000000000000 11.750000000000000 -6.6250000000000000 17.187500000000000 19.375000000000000 47.937500000000000 39.125000000000000 20.937500000000000 -17 4 44 58 -55 39 -6 85 396.019531250 19.900239477 4217.078125000 64.939033909 151.517744681 -17 11 -17 10 -18 11 -16 11 19.500000000 59.750000000 -52.750000000 -37.875000000 2804.859375000 -4.385939682 2.885486633 -7.080470883 17.790562376 9.750000000 29.875000000 1 -16.625000000 10.937500000 -10.937500000 -16.625000000 49.625000000 37.437500000 0 -17 10 -16 11 2 32.550322460 52.992413933 38.942903559 44.089215176 2 32.550322460 52.992413933 2 38.942903559 44.089215176 15.796398396 24.596439568 0 36.125000000 48.812500000 -16.625000000 10.937500000 -16.625000000 10.937500000 36.125000000 48.812500000 2 17.625000000 35.529324645 -16.625000000 8.167588601 36.125000000 46.042588601 -26.078546647 18.460034625 36.128887420 26.078546647 4 -11.673524786 14.492706137 36.125000000 48.812500000 4 -16.625000000 10.937500000 36.125000000 48.812500000 -14.797324212 12.249788540 34.297324212 47.500211460 18.460034625 36.128887420 5 -16.625000000 10.937500000 -6.075000000 18.512500000 -6.075000000 18.512500000 4.475000000 26.087500000 4.475000000 26.087500000 15.025000000 33.662500000 15.025000000 33.662500000 25.575000000 41.237500000 25.575000000 41.237500000 36.125000000 48.812500000
FGEOM -5.5000000000000000 -64.125000000000000 54.250000000000000 -28.250000000000000 19.375000000000000 -11.750000000000000 67.500000000000000 -70.625000000000000 19.375000000000000 -11.750000000000000 67.500000000000000 -70.625000000000000 -1.1250000000000000 2.7500000000000000 2.5000000000000000 -2 0.16534698176788384 4 2 1 0 6 0.0000000000000000 6.5000000000000000 6.2500000000000000 12.750000000000000 8.5000000000000000 -58.875000000000000 34.500000000000000 -28.125000000000000 54.250000000000000 -55.125000000000000 -6 -71 68 -11 31 139 -70 26 4142.265625000 64.360435246 4857.078125000 69.692740834 187.196274836 -5 -64 -5 -65 -4 -64 -5 -64 48.750000000 -92.375000000 -59.750000000 -35.875000000 3365.234375000 -0.534101422 -6.227137036 5.431016500 -57.561816453 24.375000000 -46.187500000 1 3.459904244 -67.504963699 5.500000000 64.125000000 44.250000000 40.625000000 0 -6 -65 -5 -64 2 50.398903574 -23.013679124 57.061608308 -34.110448679 2 50.398903574 -23.013679124 2 57.061608308 -34.110448679 30.921398396 -51.466060432 0 54.250000000 -28.250000000 -5.500000000 -64.125000000 -5.500000000 -64.125000000 54.250000000 -28.250000000 2 39.903398951 -36.863963392 -5.500000000 -65.437206417 54.250000000 -29.562206417 -32.098258703 35.897883405 -39.268948667 32.098258703 4 35.897883405 -39.268948667 45.288067028 -33.630909546 4 -5.500000000 -64.125000000 54.250000000 -28.250000000 -4.535498544 -63.545895569 53.285498544 -28.829104431 35.897883405 -39.268948667 6 -5.500000000 -64.125000000 4.458333333 -58.145833333 4.458333333 -58.145833333 14.416666667 -52.166666667 14.416666667 -52.166666667 24.375000000 -46.187500000 24.375000000 -46.187500000 34.333333333 -40.208333333 34.333333333 -40.208333333 44.291666667 -34.229166667 44.291666667 -34.229166667 54.250000000 -28.250000000
FGEOM -74.250000000000000 4.8125000000000000 -16.500000000000000 38.687500000000000 -49.375000000000000 55.187500000000000 -3.2500000000000000 -8.6875000000000000 -70.750000000000000 7.0625000000000000 -13.000000000000000 40.937500000000000 0.0000000000000000 0.50000000000000000 2.7500000000000000 -1 0.33069396353576770 5 3 1 1 0 0.12500000000000000 7.5000000000000000 7.2500000000000000 13.750000000000000 -61.250000000000000 9.0625000000000000 -35.250000000000000 39.812500000000000 -15.500000000000000 12.812500000000000 -75 -9 -3 56 -105 6 -70 23 5536.222656250 74.405797195 4482.578125000 66.952058407 97.528726738 -74 5 -74 4 -75 6 -75 5 -90.750000000 43.500000000 -57.750000000 -33.875000000 3142.984375000 -7.234819333 0.468923475 -62.389834400 11.769436965 -45.375000000 21.750000000 1 -56.545468126 -0.534942847 4.812500000 74.250000000 -99.750000000 80.062500000 0 -75 4 -74 5 2 -20.995489339 44.690880348 -13.453871904 31.833953209 2 -20.995489339 44.690880348 2 -13.453871904 31.833953209 -38.828601604 16.471439568 0 -16.500000000 38.687500000 -74.250000000 4.812500000 -74.250000000 4.812500000 -16.500000000 38.687500000 -1 -74.250000000 4.812500000 -16.500000000 38.687500000 -30.865602554 -33.758268993 28.564143080 30.865602554 4 -70.664038726 6.915953474 -16.500000000 38.687500000 4 -70.664038726 6.915953474 -16.500000000 38.687500000 -74.250000000 4.812500000 -16.500000000 38.687500000 -33.758268993 28.564143080 0
FGEOM -26.125000000000000 -14.250000000000000 29.625000000000000 26.625000000000000 -10.250000000000000 37.125000000000000 42.875000000000000 -24.750000000000000 29.625000000000000 26.625000000000000 -26.125000000000000 -14.250000000000000 1.1250000000000000 0.87500000000000000 0.75000000000000000 0 0.49604094530365156 0 4 0 1 1 0.25000000000000000 100.00000000000000 8.2500000000000000 14.750000000000000 -14.125000000000000 -8.0000000000000000 11.875000000000000 22.750000000000000 31.625000000000000 -4.2500000000000000 -27 -25 43 38 -48 68 -41 57 885.578125000 29.758664705 4778.828125000 69.129068596 57.614373342 -26 -14 -26 -14 -26 -16 -27 -14 3.500000000 12.375000000 -55.750000000 -40.875000000 2984.984375000 -7.242638477 -3.950530078 -14.229678441 -5.528542265 1.750000000 6.187500000 1 0.240151517 -15.613628833 -26.125000000 -14.250000000 -26.125000000 -14.250000000 0 -27 -15 -26 -14 0 -1 -1 8.296398396 -0.591060432 0 29.625000000 26.625000000 -26.125000000 -14.250000000 -26.125000000 -14.250000000 29.625000000 26.625000000 -1 -26.125000000 -12.855018795 29.625000000 28.019981205 -32.045356172 8.697947081 11.281622636 32.045356172 4 29.625000000 26.625000000 -26.125000000 -14.250000000 -1 -25.217729712 -13.584804071 28.717729712 25.959804071 8.697947081 11.281622636 1 -26.125000000 -14.250000000 29.625000000 26.625000000
FGEOM -33.000000000000000 3.6875000000000000 20.750000000000000 42.562500000000000 -17.125000000000000 53.062500000000000 34.000000000000000 -6.8125000000000000 -54.750000000000000 32.437500000000000 47.250000000000000 32.437500000000000 2.2500000000000000 1.2500000000000000 1.0000000000000000 1 0.66138792707153540 1 5 -1 1 2 0.37500000000000000 9.5000000000000000 9.2500000000000000 15.750000000000000 -22.000000000000000 8.9375000000000000 4.0000000000000000 39.687500000000000 23.750000000000000 12.687500000000000 -33 -7 34 54 -71 41 -30 64 1102.597656250 33.205385952 4400.328125000 66.334969096 77.623616131 -33 4 -33 4 -33 5 -33 3 -12.250000000 46.250000000 -53.750000000 -38.875000000 2772.734375000 -9.192785786 1.027224169 -20.238065962 12.917642990 -6.125000000 23.125000000 1 0.674147102 4.348060535 -3.687500000 -33.000000000 32.250000000 37.187500000 0 -33 3 -33 4 2 14.137597464 49.383506722 25.157595366 34.146853674 2 14.137597464 49.383506722 2 25.157595366 34.146853674 0.421398396 16.346439568 0 20.750000000 42.562500000 -33.000000000 3.687500000 -33.000000000 3.687500000 20.750000000 42.562500000 2 6.750803859 32.437500000 -33.000000000 6.464312660 20.750000000 45.339312660 -30.704252263 0.868945320 28.183411615 30.704252263 4 -33.000000000 3.687500000 20.750000000 42.562500000 4 -33.000000000 3.687500000 20.750000000 42.562500000 -31.176866566 5.006091856 18.926866566 41.243908144 0.868945320 28.183411615 2 -33.000000000 3.687500000 -6.125000000 23.125000000 -6.125000000 23.125000000 20.750000000 42.562500000
FGEOM 22.125000000000000 8.6250000000000000 77.875000000000000 45.500000000000000 38.000000000000000 56.000000000000000 87.125000000000000 -1.8750000000000000 56.375000000000000 -30.625000000000000 56.375000000000000 81.375000000000000 3.3750000000000000 1.6250000000000000 1.2500000000000000 2 0.82673490883941920 2 6 -1 0 3 0.0000000000000000 10.500000000000000 10.250000000000000 16.750000000000000 32.125000000000000 12.875000000000000 58.125000000000000 43.625000000000000 77.875000000000000 16.625000000000000 22 -2 88 56 -18 89 30 124 563.906250000 23.746710298 4467.828125000 66.841814196 101.645763946 22 9 22 9 22 6 22 8 100.000000000 54.125000000 -55.750000000 -36.875000000 2631.984375000 9.550007018 3.722884092 36.095484064 17.865566813 50.000000000 27.062500000 1 62.103075319 12.234168462 -22.125000000 -8.625000000 53.875000000 103.375000000 0 22 8 23 9 2 70.778612178 53.238945657 82.219967075 35.941168423 2 70.778612178 53.238945657 2 82.219967075 35.941168423 54.546398396 20.283939568 0 77.875000000 45.500000000 22.125000000 8.625000000 22.125000000 8.625000000 77.875000000 45.500000000 2 56.375000000 31.279147982 22.125000000 12.671477541 77.875000000 49.546477541 -30.755682648 54.967160621 30.347953774 30.755682648 4 27.891051388 12.438868071 77.875000000 45.500000000 4 22.125000000 8.625000000 77.875000000 45.500000000 24.939948281 10.486905253 75.060051719 43.638094747 54.967160621 30.347953774 3 22.125000000 8.625000000 40.708333333 20.916666667 40.708333333 20.916666667 59.291666667 33.208333333 59.291666667 33.208333333 77.875000000 45.500000000
FGEOM -71.750000000000000 -42.750000000000000 -13.000000000000000 -4.8750000000000000 -50.875000000000000 5.6250000000000000 -3.7500000000000000 -50.250000000000000 -50.875000000000000 5.6250000000000000 -3.7500000000000000 -50.250000000000000 4.5000000000000000 2.0000000000000000 1.5000000000000000 3 -0.82673490883941920 3 0 -1 -1 4 0.12500000000000000 11.500000000000000 11.250000000000000 17.750000000000000 -57.750000000000000 -36.500000000000000 -31.750000000000000 -5.7500000000000000 -12.000000000000000 -32.750000000000000 -72 -51 -3 6 -57 47 -115 -17 6975.625000000 83.520207136 4886.078125000 69.900487302 130.514022834 -72 -43 -72 -42 -72 -42 -71 -43 -84.750000000 -47.625000000 -58.750000000 -37.875000000 3058.609375000 -9.664577324 -5.758337012 -56.831470241 -33.132309538 -42.375000000 -23.812500000 1 -100.603896987 -11.780259392 -42.750000000 71.750000000 -99.250000000 26.500000000 0 -72 -43 -71 -42 2 -20.736441021 3.633670891 -8.443895970 -15.433973249 2 -20.736441021 3.633670891 2 -8.443895970 -15.433973249 -35.328601604 -29.091060432 0 -13.000000000 -4.875000000 -71.750000000 -42.750000000 -71.750000000 -42.750000000 -13.000000000 -4.875000000 2 -31.798239244 -16.993864875 -71.750000000 -37.395920122 -13.000000000 0.479079878 -29.347300773 -34.973408185 -19.040835489 29.347300773 4 -34.973408185 -19.040835489 -27.129841962 -13.984238541 4 -71.750000000 -42.750000000 -13.000000000 -4.875000000 -67.967837526 -40.311712277 -16.782162474 -7.313287723 -34.973408185 -19.040835489 4 -71.750000000 -42.750000000 -57.062500000 -33.281250000 -57.062500000 -33.281250000 -42.375000000 -23.812500000 -42.375000000 -23.812500000 -27.687500000 -14.343750000 -27.687500000 -14.343750000 -13.000000000 -4.875000000
FGEOM 14.375000000000000 -9.8125000000000000 71.125000000000000 26.062500000000000 35.250000000000000 36.562500000000000 80.375000000000000 -17.312500000000000 17.875000000000000 -7.5625000000000000 74.625000000000000 28.312500000000000 5.6250000000000000 2.3750000000000000 1.7500000000000000 4 -0.66138792707153540 4 1 0 -1 5 0.25000000000000000 12.500000000000000 12.250000000000000 18.750000000000000 27.375000000000000 -4.5625000000000000 53.375000000000000 26.187500000000000 73.125000000000000 -0.81250000000000000 14 -18 81 37 -2 98 4 98 302.925781250 17.404763177 4507.578125000 67.138499574 148.685812044 14 -10 14 -10 16 -10 15 -10 85.500000000 16.250000000 -56.750000000 -35.875000000 2848.359375000 10.117560820 -6.906334994 30.223767946 0.206434803 42.750000000 8.125000000 1 -9.707422685 12.787799254 14.375000000 -9.812500000 14.375000000 -9.812500000 0 14 -10 15 -9 2 62.595322725 35.200038267 75.720330602 14.437830686 2 62.595322725 35.200038267 2 75.720330602 14.437830686 49.796398396 2.846439568 0 71.125000000 26.062500000 14.375000000 -9.812500000 14.375000000 -9.812500000 71.125000000 26.062500000 -1 14.375000000 -3.157802906 71.125000000 32.717197094 -28.044871973 50.235586339 12.857077708 28.044871973 4 17.891912491 -7.589253557 71.125000000 26.062500000 4 17.891912491 -7.589253557 71.125000000 26.062500000 19.129630384 -6.806819559 66.370369616 23.056819559 50.235586339 12.857077708 5 14.375000000 -9.812500000 25.725000000 -2.637500000 25.725000000 -2.637500000 37.075000000 4.537500000 37.075000000 4.537500000 48.425000000 11.712500000 48.425000000 11.712500000 59.775000000 18.887500000 59.775000000 18.887500000 71.125000000 26.062500000
FGEOM -14.500000000000000 19.125000000000000 40.250000000000000 53.000000000000000 6.3750000000000000 63.500000000000000 49.500000000000000 11.625000000000000 40.250000000000000 53.000000000000000 -14.500000000000000 19.125000000000000 6.7500000000000000 2.7500000000000000 2.0000000000000000 5 -0.49604094530365156 5 2 1 -1 6 0.37500000000000000 13.500000000000000 13.250000000000000 19.750000000000000 -2.5000000000000000 23.375000000000000 23.500000000000000 54.125000000000000 43.250000000000000 27.125000000000000 -15 11 50 64 -58 38 4 94 576.015625000 24.000325519 4145.078125000 64.382281142 165.103388537 -14 19 -15 19 -15 20 -14 20 25.750000000 72.125000000 -54.750000000 -33.875000000 2646.109375000 -8.005099758 10.558450543 2.295187757 29.516543110 12.875000000 36.062500000 1 -33.104180122 34.408754120 -19.125000000 -14.500000000 50.750000000 42.625000000 0 -15 19 -14 20 2 30.897591067 62.735627722 44.787933935 40.285553272 2 30.897591067 62.735627722 2 44.787933935 40.285553272 19.921398396 30.783939568 0 40.250000000 53.000000000 -14.500000000 19.125000000 -14.500000000 19.125000000 40.250000000 53.000000000 -1 -14.500000000 27.062541511 40.250000000 60.937541511 -26.752556673 20.450966885 40.749913301 26.752556673 4 40.250000000 53.000000000 -14.500000000 19.125000000 -1 -8.759872539 22.676540050 34.509872539 49.448459950 20.450966885 40.749913301 6 -14.500000000 19.125000000 -5.375000000 24.770833333 -5.375000000 24.770833333 3.750000000 30.416666667 3.750000000 30.416666667 12.875000000 36.062500000 12.875000000 36.062500000 22.000000000 41.708333333 22.000000000 41.708333333 31.125000000 47.354166667 31.125000000 47.354166667 40.250000000 53.000000000
FGEOM -67.250000000000000 18.062500000000000 -10.500000000000000 58.937500000000000 -46.375000000000000 71.437500000000000 -5.2500000000000000 6.5625000000000000 -89.000000000000000 47.812500000000000 13.000000000000000 47.812500000000000 7.8750000000000000 0.50000000000000000 2.2500000000000000 6 -0.33069396353576770 0 3 1 0 0 0.0000000000000000 14.500000000000000 14.250000000000000 20.750000000000000 -56.250000000000000 24.312500000000000 -30.250000000000000 55.062500000000000 -10.500000000000000 28.062500000000000 -68 6 -5 72 -118 -11 -50 49 4848.816406250 69.633443160 4891.328125000 69.938030606 96.246514750 -67 18 -67 18 -67 18 -67 19 -77.750000000 77.000000000 -56.750000000 -40.875000000 3366.359375000 -13.762244929 3.696365041 -50.412772961 30.189753837 -38.875000000 38.500000000 1 -83.449769089 27.732606144 67.250000000 -18.062500000 -25.500000000 124.812500000 0 -68 18 -67 19 2 -21.229687213 68.690643714 -4.649023516 45.670395034 2 -21.229687213 68.690643714 2 -4.649023516 45.670395034 -33.828601604 31.721439568 0 -10.500000000 58.937500000 -67.250000000 18.062500000 -67.250000000 18.062500000 -10.500000000 58.937500000 2 -25.945718654 47.812500000 -67.250000000 27.767557110 -10.500000000 68.642557110 -31.109906958 -28.192940312 46.193906427 31.109906958 4 -67.250000000 18.062500000 -10.500000000 58.937500000 4 -67.250000000 18.062500000 -10.500000000 58.937500000 -60.859968051 22.665011998 -16.890031949 54.334988002 -28.192940312 46.193906427 0
FGEOM -3.1250000000000000 17.000000000000000 51.625000000000000 55.875000000000000 17.750000000000000 68.375000000000000 56.875000000000000 5.5000000000000000 31.125000000000000 -21.250000000000000 31.125000000000000 90.750000000000000 9.0000000000000000 0.87500000000000000 2.5000000000000000 -6 -0.16534698176788384 1 4 1 1 1 0.12500000000000000 2.5000000000000000 15.250000000000000 21.750000000000000 6.8750000000000000 22.250000000000000 32.875000000000000 53.000000000000000 52.625000000000000 26.000000000000000 -4 5 57 69 -51 52 13 108 298.765625000 17.284838009 4508.828125000 67.147808043 108.353213821 -3 17 -3 17 -3 16 -4 17 48.500000000 72.875000000 -54.750000000 -38.875000000 3140.109375000 -2.757112909 14.998694223 14.609197656 29.592090116 24.250000000 36.437500000 1 -11.296339284 21.136600110 3.125000000 -17.000000000 38.625000000 119.750000000 0 -4 17 -3 17 2 50.102744036 57.858112901 52.995470405 53.784112421 2 50.102744036 57.858112901 2 52.995470405 53.784112421 29.296398396 29.658939568 0 51.625000000 55.875000000 -3.125000000 17.000000000 -3.125000000 17.000000000 51.625000000 55.875000000 2 31.125000000 41.319063927 -3.125000000 28.037995843 51.625000000 66.912995843 -29.803886133 35.004860690 44.073942179 29.803886133 4 1.589080017 20.347212067 51.625000000 55.875000000 4 -3.125000000 17.000000000 51.625000000 55.875000000 4.213288685 22.210520048 44.286711315 50.664479952 35.004860690 44.073942179 1 -3.125000000 17.000000000 51.625000000 55.875000000
FGEOM -7.0000000000000000 -0.062500000000000000 50.750000000000000 36.812500000000000 18.875000000000000 49.312500000000000 66.000000000000000 -11.562500000000000 18.875000000000000 49.312500000000000 66.000000000000000 -11.562500000000000 -9.0000000000000000 1.2500000000000000 2.7500000000000000 -5 0.0000000000000000 2 5 0 1 2 0.25000000000000000 3.5000000000000000 16.250000000000000 22.750000000000000 7.0000000000000000 4.1875000000000000 33.000000000000000 34.937500000000000 52.750000000000000 7.9375000000000000 -7 -12 66 50 -31 78 -8 88 49.003906250 7.000279012 4694.828125000 68.518815846 124.475952277 -7 0 -7 0 -8 0 -7 0 43.750000000 36.750000000 -57.750000000 -36.875000000 3314.984375000 -16.249352319 -0.145083503 12.174477605 12.180943493 21.875000000 18.375000000 1 -7.000000000 -0.062500000 -0.062500000 7.000000000 -30.500000000 75.187500000 0 -7 -1 -7 0 2 48.718167888 39.662352324 52.480463252 33.770215179 2 48.718167888 39.662352324 2 52.480463252 33.770215179 29.421398396 11.596439568 0 50.750000000 36.812500000 -7.000000000 -0.062500000 -7.000000000 -0.062500000 50.750000000 36.812500000 2 35.894631018 27.326928897 -7.000000000 -10.740757015 50.750000000 26.134242985 -27.689702479 33.776859676 25.974672304 27.689702479 4 33.776859676 25.974672304 39.640675078 29.718883437 4 -7.000000000 -0.062500000 50.750000000 36.812500000 0.585507624 4.781060063 43.164492376 31.968939937 33.776859676 25.974672304 2 -7.000000000 -0.062500000 21.875000000 18.375000000 21.875000000 18.375000000 50.750000000 36.812500000
FGEOM -13.875000000000000 -32.125000000000000 41.875000000000000 5.7500000000000000 3.0000000000000000 18.250000000000000 57.125000000000000 -40.625000000000000 -10.375000000000000 -29.875000000000000 45.375000000000000 8.0000000000000000 -7.8750000000000000 1.6250000000000000 0.75000000000000000 -4 0.16534698176788384 3 6 -1 1 3 0.37500000000000000 100.00000000000000 17.250000000000000 23.750000000000000 -0.87500000000000000 -25.875000000000000 25.125000000000000 4.8750000000000000 44.875000000000000 -22.125000000000000 -14 -41 58 19 -16 98 -46 48 1224.531250000 34.993302931 4542.578125000 67.398650765 94.942838477 -14 -32 -13 -32 -15 -30 -14 -33 28.000000000 -26.375000000 -55.750000000 -37.875000000 2848.734375000 -6.839701599 -15.836065864 5.770237478 -18.778571848 14.000000000 -13.187500000 1 -5.353394510 -34.215484370 -13.875000000 -32.125000000 -13.875000000 -32.125000000 0 -14 -33 -13 -32 0 -1 -1 21.546398396 -18.466060432 0 41.875000000 5.750000000 -13.875000000 -32.125000000 -13.875000000 -32.125000000 41.875000000 5.750000000 -1 -13.875000000 -41.645437216 41.875000000 -3.770437216 -32.185594227 21.086851406 -8.372890188 32.185594227 4 -10.434406656 -29.787556540 41.875000000 5.750000000 4 -10.434406656 -29.787556540 41.875000000 5.750000000 -7.361052836 -27.699605402 35.361052836 1.324605402 21.086851406 -8.372890188 3 -13.875000000 -32.125000000 4.708333333 -19.500000000 4.708333333 -19.500000000 23.291666667 -6.875000000 23.291666667 -6.875000000 41.875000000 5.750000000
FGEOM 2.2500000000000000 -37.187500000000000 60.000000000000000 -1.3125000000000000 19.125000000000000 11.187500000000000 71.250000000000000 -45.687500000000000 60.000000000000000 -1.3125000000000000 2.2500000000000000 -37.187500000000000 -6.7500000000000000 2.0000000000000000 1.0000000000000000 -3 0.33069396353576770 4 0 -1 0 4 0.0000000000000000 5.5000000000000000 18.250000000000000 24.750000000000000 14.250000000000000 -31.937500000000000 40.250000000000000 -1.1875000000000000 60.000000000000000 -28.187500000000000 2 -46 72 12 7 117 -35 59 1387.972656250 37.255505046 4622.078125000 67.985867098 120.943233068 2 -37 2 -37 4 -37 2 -38 62.250000000 -38.500000000 -57.750000000 -35.875000000 2709.984375000 1.102186105 -18.216687015 23.273670963 -24.127340765 31.125000000 -19.250000000 1 18.871670869 -40.045712610 37.187500000 2.250000000 67.500000000 -5.687500000 0 2 -38 3 -37 2 56.729300157 3.109323440 62.514789859 -6.203903885 2 56.729300157 3.109323440 2 62.514789859 -6.203903885 36.671398396 -24.528560432 0 60.000000000 -1.312500000 2.250000000 -37.187500000 2.250000000 -37.187500000 60.000000000 -1.312500000 -1 2.250000000 -45.133900050 60.000000000 -9.258900050 -32.187066495 36.109574292 -16.153522031 32.187066495 4 60.000000000 -1.312500000 2.250000000 -37.187500000 -1 7.983728444 -33.625638391 54.266271556 -4.874361609 36.109574292 -16.153522031 4 2.250000000 -37.187500000 16.687500000 -28.218750000 16.687500000 -28.218750000 31.125000000 -19.250000000 31.125000000 -19.250000000 45.562500000 -10.281250000 45.562500000 -10.281250000 60.000000000 -1.312500000
FGEOM 1.3750000000000000 -42.250000000000000 57.125000000000000 -8.3750000000000000 18.250000000000000 4.1250000000000000 68.375000000000000 -50.750000000000000 -20.375000000000000 -14.500000000000000 81.625000000000000 -14.500000000000000 -5.6250000000000000 2.3750000000000000 1.2500000000000000 -2 0.49604094530365156 5 1 -1 -1 5 0.12500000000000000 6.5000000000000000 19.250000000000000 25.750000000000000 12.375000000000000 -38.000000000000000 38.375000000000000 -7.2500000000000000 58.125000000000000 -34.250000000000000 1 -51 69 5 14 120 -41 49 1786.953125000 42.272368339 4255.578125000 65.234792289 139.012259183 1 -42 1 -42 0 -42 2 -43 58.500000000 -50.625000000 -55.750000000 -33.875000000 2511.734375000 0.626147790 -19.239813901 23.381086777 -28.878588528 29.250000000 -25.312500000 1 25.480940800 -44.692207470 -1.375000000 42.250000000 35.125000000 50.500000000 0 1 -43 2 -42 2 53.212995191 -3.184025296 59.930016554 -14.238606580 2 53.212995191 -3.184025296 2 59.930016554 -14.238606580 34.796398396 -30.591060432 0 57.125000000 -8.375000000 1.375000000 -42.250000000 1.375000000 -42.250000000 57.125000000 -8.375000000 2 47.044741697 -14.500000000 1.375000000 -48.831985769 57.125000000 -14.956985769 -30.869503134 34.279857411 -22.256241349 30.869503134 4 1.375000000 -42.250000000 57.125000000 -8.375000000 4 1.375000000 -42.250000000 57.125000000 -8.375000000 6.182154878 -39.329060601 52.317845122 -11.295939399 34.279857411 -22.256241349 5 1.375000000 -42.250000000 12.525000000 -35.475000000 12.525000000 -35.475000000 23.675000000 -28.700000000 23.675000000 -28.700000000 34.825000000 -21.925000000 34.825000000 -21.925000000 45.975000000 -15.150000000 45.975000000 -15.150000000 57.125000000 -8.375000000
FGEOM -8.5000000000000000 -18.312500000000000 45.250000000000000 22.562500000000000 8.3750000000000000 29.062500000000000 56.500000000000000 -23.812500000000000 25.750000000000000 -55.562500000000000 25.750000000000000 56.437500000000000 -4.5000000000000000 2.7500000000000000 1.5000000000000000 -1 0.66138792707153540 0 2 0 -1 6 0.25000000000000000 7.5000000000000000 20.250000000000000 26.750000000000000 1.5000000000000000 -12.062500000000000 27.500000000000000 18.687500000000000 47.250000000000000 -8.3125000000000000 -9 -24 57 30 -21 81 -27 68 407.597656250 20.189047928 4559.828125000 67.526499428 160.024241328 -8 -18 -9 -18 -8 -18 -8 -18 36.750000000 4.250000000 -53.750000000 -40.875000000 2843.484375000 -8.525662062 -18.367786649 12.792566802 -2.120245711 18.375000000 2.125000000 1 24.156581168 -18.687871159 -18.312500000 8.500000000 -39.000000000 45.937500000 0 -9 -19 -8 -18 2 40.075144970 27.991208449 49.098735967 16.125324264 2 40.075144970 27.991208449 2 49.098735967 16.125324264 23.921398396 -4.653560432 0 45.250000000 22.562500000 -8.500000000 -18.312500000 -8.500000000 -18.312500000 45.250000000 22.562500000 2 25.750000000 7.733430233 -8.500000000 -23.965881347 45.250000000 16.909118653 -27.494992939 25.018211864 7.176930882 27.494992939 4 -4.747451418 -15.458817707 45.250000000 22.562500000 4 -8.500000000 -18.312500000 45.250000000 22.562500000 -4.918072874 -15.588569372 41.668072874 19.838569372 25.018211864 7.176930882 6 -8.500000000 -18.312500000 0.458333333 -11.500000000 0.458333333 -11.500000000 9.416666667 -4.687500000 9.416666667 -4.687500000 18.375000000 2.125000000 18.375000000 2.125000000 27.333333333 8.937500000 27.333333333 8.937500000 36.291666667 15.750000000 36.291666667 15.750000000 45.250000000 22.562500000
FGEOM -27.250000000000000 -25.375000000000000 29.500000000000000 13.500000000000000 -5.3750000000000000 20.000000000000000 40.750000000000000 -37.875000000000000 -5.3750000000000000 20.000000000000000 40.750000000000000 -37.875000000000000 -3.3750000000000000 0.50000000000000000 1.7500000000000000 0 0.82673490883941920 1 3 1 -1 0 0.37500000000000000 8.5000000000000000 21.250000000000000 27.750000000000000 -13.250000000000000 -20.125000000000000 12.750000000000000 10.625000000000000 32.500000000000000 -16.375000000000000 -28 -38 41 20 -26 79 -53 43 1386.453125000 37.235106083 4731.828125000 68.788284795 73.711543204 -27 -25 -28 -26 -27 -24 -27 -25 2.250000000 -11.875000000 -56.750000000 -38.875000000 3005.359375000 -15.551520082 -14.481461361 -4.356385125 -9.692369546 1.125000000 -5.937500000 1 13.192938067 -26.825611858 -27.250000000 -25.375000000 -27.250000000 -25.375000000 0 -28 -26 -27 -25 2 23.866613732 19.865136224 33.400361572 5.947703686 2 23.866613732 19.865136224 2 33.400361572 5.947703686 9.171398396 -12.716060432 0 29.500000000 13.500000000 -27.250000000 -25.375000000 -27.250000000 -25.375000000 29.500000000 13.500000000 2 10.291923492 0.342044507 -27.250000000 -29.465933237 29.500000000 9.409066763 -25.071720136 8.794027810 -0.684047029 25.071720136 4 8.794027810 -0.684047029 13.203983496 2.336869752 4 -27.250000000 -25.375000000 29.500000000 13.500000000 -24.465641434 -23.467653053 26.715641434 11.592653053 8.794027810 -0.684047029 0
FGEOM -10.125000000000000 -9.7500000000000000 48.625000000000000 27.125000000000000 11.750000000000000 41.625000000000000 55.875000000000000 -22.250000000000000 -6.6250000000000000 -7.5000000000000000 52.125000000000000 29.375000000000000 -2.2500000000000000 0.87500000000000000 2.0000000000000000 1 -0.82673490883941920 2 4 1 0 1 0.0000000000000000 9.5000000000000000 22.250000000000000 28.750000000000000 2.8750000000000000 -5.5000000000000000 28.875000000000000 25.250000000000000 48.625000000000000 -1.7500000000000000 -11 -23 56 42 -30 79 -20 76 197.578125000 14.056248610 4811.328125000 69.363737825 89.898081398 -10 -10 -10 -10 -10 -8 -10 -9 38.500000000 17.375000000 -58.750000000 -36.875000000 3179.609375000 -16.027124750 -15.433527537 14.225799899 5.534012702 19.250000000 8.687500000 1 -40.863350290 22.923619804 9.750000000 -10.125000000 63.125000000 19.750000000 0 -11 -10 -10 -9 2 42.520200168 34.403833630 52.525756639 18.462777558 2 42.520200168 34.403833630 2 52.525756639 18.462777558 25.296398396 1.908939568 0 48.625000000 27.125000000 -10.125000000 -9.750000000 -10.125000000 -9.750000000 48.625000000 27.125000000 -1 -10.125000000 -12.406483576 48.625000000 24.468516424 -31.884680589 28.700464805 14.619174718 31.884680589 4 -6.601049363 -7.538158643 48.625000000 27.125000000 4 -6.601049363 -7.538158643 48.625000000 27.125000000 -8.219285225 -8.553859875 46.719285225 25.928859875 28.700464805 14.619174718 1 -10.125000000 -9.750000000 48.625000000 27.125000000
FGEOM -45.000000000000000 -57.812500000000000 11.750000000000000 -19.937500000000000 -23.125000000000000 -5.4375000000000000 19.000000000000000 -67.312500000000000 11.750000000000000 -19.937500000000000 -45.000000000000000 -57.812500000000000 -1.1250000000000000 1.2500000000000000 2.2500000000000000 2 -0.66138792707153540 3 5 1 1 2 0.12500000000000000 10.500000000000000 23.250000000000000 29.750000000000000 -33.000000000000000 -51.562500000000000 -7.0000000000000000 -20.812500000000000 12.750000000000000 -47.812500000000000 -45 -68 19 -5 -18 87 -103 -8 5367.285156250 73.261757802 4655.078125000 68.228132944 110.879954265 -45 -58 -45 -58 -45 -60 -45 -57 -33.250000000 -77.750000000 -56.750000000 -37.875000000 3225.109375000 -14.280984123 -18.347097658 -20.254892269 -41.297593298 -16.625000000 -38.875000000 1 -72.556839470 -33.332831090 45.000000000 57.812500000 -1.250000000 46.937500000 0 -45 -58 -45 -57 2 4.646590603 -12.204998791 16.165296617 -29.464050046 2 4.646590603 -12.204998791 2 16.165296617 -29.464050046 -10.578601604 -44.153560432 0 11.750000000 -19.937500000 -45.000000000 -57.812500000 -45.000000000 -57.812500000 11.750000000 -19.937500000 -1 -45.000000000 -59.165040080 11.750000000 -21.290040080 -31.420552381 -5.682731392 -31.572120290 31.420552381 4 11.750000000 -19.937500000 -45.000000000 -57.812500000 -1 -44.064260632 -57.187986721 10.814260632 -20.562013279 -5.682731392 -31.572120290 2 -45.000000000 -57.812500000 -16.625000000 -38.875000000 -16.625000000 -38.875000000 11.750000000 -19.937500000
FGEOM -44.875000000000000 4.1250000000000000 9.8750000000000000 40.000000000000000 -23.000000000000000 54.500000000000000 17.125000000000000 -5.3750000000000000 -66.625000000000000 32.875000000000000 35.375000000000000 32.875000000000000 0.0000000000000000 1.6250000000000000 2.5000000000000000 3 -0.49604094530365156 4 6 0 1 3 0.25000000000000000 11.500000000000000 24.250000000000000 30.750000000000000 -33.875000000000000 9.3750000000000000 -7.8750000000000000 40.125000000000000 11.875000000000000 13.125000000000000 -45 -6 18 55 -78 23 -41 50 2030.781250000 45.064190329 4284.578125000 65.456688925 126.330068206 -45 4 -44 4 -44 6 -45 4 -35.000000000 44.125000000 -54.750000000 -35.875000000 3004.859375000 -24.148192657 2.219750300 -19.154748523 20.978224141 -17.500000000 22.062500000 1 -66.214338232 20.607859006 4.125000000 44.875000000 -73.375000000 76.375000000 0 -45 4 -44 5 2 1.980262111 48.362004165 14.389854368 29.423323299 2 1.980262111 48.362004165 2 14.389854368 29.423323299 -11.453601604 16.783939568 0 9.875000000 40.000000000 -44.875000000 4.125000000 -44.875000000 4.125000000 9.875000000 40.000000000 2 -0.998693380 32.875000000 -44.875000000 4.125000000 9.875000000 40.000000000 -30.146126506 -6.477742211 29.284846999 30.146126506 4 -44.875000000 4.125000000 9.875000000 40.000000000 4 -44.875000000 4.125000000 9.875000000 40.000000000 -44.875000000 4.125000000 9.875000000 40.000000000 -6.477742211 29.284846999 3 -44.875000000 4.125000000 -26.625000000 16.083333333 -26.625000000 16.083333333 -8.375000000 28.041666667 -8.375000000 28.041666667 9.875000000 40.000000000
FGEOM 11.250000000000000 26.062500000000000 64.000000000000000 59.937500000000000 33.125000000000000 74.437500000000000 71.250000000000000 16.562500000000000 45.500000000000000 -13.187500000000000 45.500000000000000 98.812500000000000 1.1250000000000000 2.0000000000000000 2.7500000000000000 4 -0.33069396353576770 5 0 -1 1 4 0.37500000000000000 12.500000000000000 25.250000000000000 31.750000000000000 21.250000000000000 30.312500000000000 47.250000000000000 61.062500000000000 67.000000000000000 34.062500000000000 11 16 72 75 -42 55 37 124 805.816406250 28.386905542 3930.078125000 62.690335180 140.742093611 11 26 12 27 10 26 11 26 75.250000000 86.000000000 -52.750000000 -33.875000000 2792.609375000 10.006814571 23.182453756 37.965641178 43.218752984 37.625000000 43.000000000 1 -3.272088985 35.786391822 11.250000000 26.062500000 11.250000000 26.062500000 0 11 26 12 27 2 55.283993978 68.897479857 68.521591948 48.283950916 2 55.283993978 68.897479857 2 68.521591948 48.283950916 43.671398396 37.721439568 0 64.000000000 59.937500000 11.250000000 26.062500000 11.250000000 26.062500000 64.000000000 59.937500000 2 45.500000000 48.057168246 11.250000000 27.399497670 64.000000000 61.274497670 -28.884286865 48.732752212 50.133177368 28.884286865 4 17.653611967 30.174772140 64.000000000 59.937500000 4 11.250000000 26.062500000 64.000000000 59.937500000 12.196617207 26.670398728 63.053382793 59.329601272 48.732752212 50.133177368 4 11.250000000 26.062500000 24.437500000 34.531250000 24.437500000 34.531250000 37.625000000 43.000000000 37.625000000 43.000000000 50.812500000 51.468750000 50.812500000 51.468750000 64.000000000 59.937500000
FGEOM -31.625000000000000 -9.0000000000000000 28.125000000000000 31.875000000000000 -13.750000000000000 40.375000000000000 41.375000000000000 -15.500000000000000 -13.750000000000000 40.375000000000000 41.375000000000000 -15.500000000000000 2.2500000000000000 2.3750000000000000 0.75000000000000000 5 -0.16534698176788384 0 1 -1 0 5 0.0000000000000000 100.00000000000000 26.250000000000000 32.750000000000000 -17.625000000000000 -2.7500000000000000 8.3750000000000000 28.000000000000000 28.125000000000000 1.0000000000000000 -32 -16 42 41 -55 57 -41 60 1081.140625000 32.880702927 5240.828125000 72.393564113 145.179852091 -32 -9 -32 -9 -31 -9 -32 -9 -3.500000000 22.875000000 -59.750000000 -40.875000000 3086.234375000 -25.247521375 -7.185065372 -4.594800231 9.491370972 -1.750000000 11.437500000 1 -39.508066193 -5.384461054 9.000000000 -31.625000000 35.625000000 22.500000000 0 -32 -9 -31 -9 0 -1 -1 4.796398396 4.658939568 0 28.125000000 31.875000000 -31.625000000 -9.000000000 -31.625000000 -9.000000000 28.125000000 31.875000000 2 8.130530593 18.196775113 -31.625000000 -6.273882523 28.125000000 34.601117477 -30.659018549 3.560756813 15.070590958 30.659018549 4 3.560756813 15.070590958 15.073675961 22.946583764 4 -31.625000000 -9.000000000 28.125000000 31.875000000 -29.767963375 -7.729600468 26.267963375 30.604600468 3.560756813 15.070590958 5 -31.625000000 -9.000000000 -19.675000000 -0.825000000 -19.675000000 -0.825000000 -7.725000000 7.350000000 -7.725000000 7.350000000 4.225000000 15.525000000 4.225000000 15.525000000 16.175000000 23.700000000 16.175000000 23.700000000 28.125000000 31.875000000
FGEOM 0.50000000000000000 -1.0625000000000000 58.250000000000000 37.812500000000000 18.375000000000000 46.312500000000000 71.500000000000000 -7.5625000000000000 4.0000000000000000 1.1875000000000000 61.750000000000000 40.062500000000000 3.3750000000000000 2.7500000000000000 1.0000000000000000 6 0.0000000000000000 1 2 -1 -1 6 0.12500000000000000 14.500000000000000 27.250000000000000 33.750000000000000 13.500000000000000 4.1875000000000000 39.500000000000000 34.937500000000000 59.250000000000000 7.9375000000000000 0 -8 72 47 -28 80 -1 97 1.378906250 1.174268389 4846.328125000 69.615573868 163.501302078 1 -1 0 -1 0 -2 1 -2 58.750000000 36.750000000 -57.750000000 -38.875000000 2873.984375000 11.602969240 -24.656309635 28.497506760 17.784306499 29.375000000 18.375000000 1 0.500000000 -1.062500000 -0.500000000 1.062500000 36.250000000 93.687500000 0 0 -2 1 -1 2 47.825052598 47.890717683 63.664169267 24.361226040 2 47.825052598 47.890717683 2 63.664169267 24.361226040 35.921398396 11.596439568 0 58.250000000 37.812500000 0.500000000 -1.062500000 0.500000000 -1.062500000 58.250000000 37.812500000 -1 0.500000000 3.005942629 58.250000000 41.880942629 -29.318376788 34.747082198 21.991271783 29.318376788 4 3.950868086 1.260486959 58.250000000 37.812500000 4 3.950868086 1.260486959 58.250000000 37.812500000 3.299750676 0.822180650 55.450249324 35.927819350 34.747082198 21.991271783 6 0.500000000 -1.062500000 10.125000000 5.416666667 10.125000000 5.416666667 19.750000000 11.895833333 19.750000000 11.895833333 29.375000000 18.375000000 29.375000000 18.375000000 39.000000000 24.854166667 39.000000000 24.854166667 48.625000000 31.333333333 48.625000000 31.333333333 58.250000000 37.812500000
FGEOM -7.2500000000000000 -49.125000000000000 48.500000000000000 -12.250000000000000 10.625000000000000 -3.7500000000000000 61.750000000000000 -62.625000000000000 48.500000000000000 -12.250000000000000 -7.2500000000000000 -49.125000000000000 4.5000000000000000 0.50000000000000000 1.2500000000000000 -6 0.16534698176788384 2 3 0 -1 0 0.25000000000000000 2.5000000000000000 28.250000000000000 34.750000000000000 4.7500000000000000 -44.875000000000000 30.750000000000000 -14.125000000000000 50.500000000000000 -41.125000000000000 -8 -63 62 -3 14 125 -57 37 2465.828125000 49.657105484 4467.828125000 66.841814196 53.866960319 -7 -49 -8 -49 -8 -48 -7 -49 41.250000000 -61.375000000 -55.750000000 -36.875000000 2669.734375000 -4.124535613 -27.947284412 21.733541565 -29.954271835 20.625000000 -30.687500000 1 0.462271236 -51.448272443 7.250000000 49.125000000 28.500000000 41.625000000 0 -8 -50 -7 -49 2 47.043787811 -10.217896149 49.800235956 -14.385271987 2 47.043787811 -10.217896149 2 49.800235956 -14.385271987 27.171398396 -37.466060432 0 48.500000000 -12.250000000 -7.250000000 -49.125000000 -7.250000000 -49.125000000 48.500000000 -12.250000000 -1 -7.250000000 -43.729696612 48.500000000 -6.854696612 -27.984213886 26.063208844 -27.090478455 27.984213886 4 48.500000000 -12.250000000 -7.250000000 -49.125000000 -1 -3.496735625 -46.642459662 44.746735625 -14.732540338 26.063208844 -27.090478455 0
FGEOM -53.125000000000000 -10.187500000000000 0.62500000000000000 27.687500000000000 -35.250000000000000 36.187500000000000 13.875000000000000 -20.687500000000000 -74.875000000000000 19.562500000000000 27.125000000000000 19.562500000000000 5.6250000000000000 0.87500000000000000 1.5000000000000000 -5 0.33069396353576770 3 4 1 -1 1 0.37500000000000000 3.5000000000000000 29.250000000000000 35.750000000000000 -42.125000000000000 -3.9375000000000000 -16.125000000000000 26.812500000000000 3.6250000000000000 -0.18750000000000000 -54 -21 14 37 -72 35 -64 29 2926.050781250 54.092982736 4323.578125000 65.753920986 73.753634709 -53 -10 -54 -11 -54 -12 -53 -10 -52.500000000 17.500000000 -53.750000000 -37.875000000 2717.234375000 -28.726577301 -5.508743647 -23.901457568 10.404903156 -26.250000000 8.750000000 1 -37.098545311 -13.478777596 -10.187500000 53.125000000 -81.625000000 54.062500000 0 -54 -11 -53 -10 2 -1.540471371 30.437178843 2.485891469 24.723198575 2 -1.540471371 30.437178843 2 2.485891469 24.723198575 -19.703601604 3.471439568 0 0.625000000 27.687500000 -53.125000000 -10.187500000 -53.125000000 -10.187500000 0.625000000 27.687500000 2 -10.905528053 19.562500000 -53.125000000 -3.306275711 0.625000000 34.568724289 -27.612659409 -19.344796790 13.615759471 27.612659409 4 -53.125000000 -10.187500000 0.625000000 27.687500000 4 -53.125000000 -10.187500000 0.625000000 27.687500000 -48.526890177 -6.947436566 -3.973109823 24.447436566 -19.344796790 13.615759471 1 -53.125000000 -10.187500000 0.625000000 27.687500000
FGEOM -13.000000000000000 -27.250000000000000 42.750000000000000 8.6250000000000000 4.8750000000000000 25.125000000000000 52.000000000000000 -37.750000000000000 21.250000000000000 -65.500000000000000 21.250000000000000 46.500000000000000 6.7500000000000000 1.2500000000000000 1.7500000000000000 -4 0.49604094530365156 4 5 1 0 2 0.0000000000000000 4.5000000000000000 30.250000000000000 36.750000000000000 -3.0000000000000000 -22.000000000000000 23.000000000000000 8.7500000000000000 42.750000000000000 -18.250000000000000 -13 -38 52 26 -21 90 -41 52 911.562500000 30.192093336 4395.078125000 66.295385397 93.796764378 -13 -27 -13 -28 -12 -25 -13 -27 29.750000000 -18.625000000 -55.750000000 -35.875000000 2875.484375000 -13.024933238 -27.302263902 17.904300318 -7.363152038 14.875000000 -9.312500000 1 14.082151408 -29.444997370 -13.000000000 -27.250000000 -13.000000000 -27.250000000 0 -13 -28 -13 -27 2 40.063628030 12.235180832 44.922643901 4.684236307 2 40.063628030 12.235180832 2 44.922643901 4.684236307 19.421398396 -14.591060432 0 42.750000000 8.625000000 -13.000000000 -27.250000000 -13.000000000 -27.250000000 42.750000000 8.625000000 2 21.250000000 -5.210201794 -13.000000000 -19.223204459 42.750000000 16.651795541 -34.371029165 23.474494730 -3.778744423 34.371029165 4 -6.185571573 -22.864930586 42.750000000 8.625000000 4 -13.000000000 -27.250000000 42.750000000 8.625000000 -7.323699942 -23.597313640 37.073699942 4.972313640 23.474494730 -3.778744423 2 -13.000000000 -27.250000000 14.875000000 -9.312500000 14.875000000 -9.312500000 42.750000000 8.625000000
FGEOM -48.875000000000000 -30.312500000000000 9.8750000000000000 3.5625000000000000 -26.000000000000000 20.062500000000000 19.125000000000000 -40.812500000000000 -26.000000000000000 20.062500000000000 19.125000000000000 -40.812500000000000 7.8750000000000000 1.6250000000000000 2.0000000000000000 -3 0.66138792707153540 5 6 1 1 3 0.12500000000000000 5.5000000000000000 31.250000000000000 0.75000000000000000 -34.875000000000000 -26.062500000000000 -8.8750000000000000 4.6875000000000000 10.875000000000000 -22.312500000000000 -49 -41 20 21 -47 60 -80 14 3307.613281250 57.511853398 4599.078125000 67.816503338 117.065557388 -49 -30 -48 -31 -50 -30 -49 -30 -39.000000000 -26.750000000 -58.750000000 -33.875000000 3050.359375000 -26.557025374 -16.470789394 -48.225268772 -29.937867739 -19.500000000 -13.375000000 1 -13.110623751 -33.740568964 30.312500000 -48.875000000 24.375000000 -2.812500000 0 -49 -31 -48 -30 2 6.750324169 8.088690556 12.226830730 -1.409309753 2 6.750324169 8.088690556 2 12.226830730 -1.409309753 -12.453601604 -18.653560432 0 9.875000000 3.562500000 -48.875000000 -30.312500000 -48.875000000 -30.312500000 9.875000000 3.562500000 2 -6.689205392 -5.988350343 -48.875000000 -21.222202744 9.875000000 12.652797256 -32.213996851 -9.908796685 -7.844752982 32.213996851 4 -9.908796685 -7.844752982 -2.385333253 -3.506755982 4 -48.875000000 -30.312500000 9.875000000 3.562500000 -42.052822105 -26.378861256 3.052822105 -0.371138744 -9.908796685 -7.844752982 3 -48.875000000 -30.312500000 -29.291666667 -19.020833333 -29.291666667 -19.020833333 -9.708333333 -7.729166667 -9.708333333 -7.729166667 9.875000000 3.562500000
FGEOM -15.750000000000000 -50.375000000000000 41.000000000000000 -9.5000000000000000 7.1250000000000000 1.0000000000000000 50.250000000000000 -57.875000000000000 -12.250000000000000 -48.125000000000000 44.500000000000000 -7.2500000000000000 9.0000000000000000 2.0000000000000000 2.2500000000000000 -2 0.82673490883941920 0 0 0 1 4 0.25000000000000000 6.5000000000000000 1.2500000000000000 1.7500000000000000 -2.7500000000000000 -44.125000000000000 23.250000000000000 -13.375000000000000 43.000000000000000 -40.375000000000000 -16 -58 51 1 6 109 -67 32 2785.703125000 52.779760562 4891.328125000 69.938030606 146.083883357 -16 -50 -15 -50 -15 -50 -16 -50 25.250000000 -59.875000000 -56.750000000 -40.875000000 3398.109375000 -0.373012302 -1.193047284 -14.329992900 -49.352219556 12.625000000 -29.937500000 1 29.429999960 -50.625025199 15.750000000 50.375000000 30.000000000 52.375000000 0 -16 -51 -15 -50 2 36.727352227 -4.601583826 44.292264761 -15.104551074 2 36.727352227 -4.601583826 2 44.292264761 -15.104551074 19.671398396 -36.716060432 0 41.000000000 -9.500000000 -15.750000000 -50.375000000 -15.750000000 -50.375000000 41.000000000 -9.500000000 -1 -15.750000000 -39.283506159 41.000000000 1.591493841 -28.318149766 23.675428453 -21.978270696 28.318149766 4 -12.378483125 -47.946616700 41.000000000 -9.500000000 4 -12.378483125 -47.946616700 41.000000000 -9.500000000 -8.447106344 -45.114986288 33.697106344 -14.760013712 23.675428453 -21.978270696 4 -15.750000000 -50.375000000 -1.562500000 -40.156250000 -1.562500000 -40.156250000 12.625000000 -29.937500000 12.625000000 -29.937500000 26.812500000 -19.718750000 26.812500000 -19.718750000 41.000000000 -9.500000000
FGEOM 4.3750000000000000 8.2500000000000000 59.125000000000000 47.125000000000000 27.250000000000000 57.625000000000000 68.375000000000000 0.75000000000000000 59.125000000000000 47.125000000000000 4.3750000000000000 8.2500000000000000 -9.0000000000000000 2.3750000000000000 2.5000000000000000 -1 -0.82673490883941920 1 1 -1 1 5 0.37500000000000000 7.5000000000000000 2.2500000000000000 2.7500000000000000 16.375000000000000 13.500000000000000 42.375000000000000 44.250000000000000 62.125000000000000 17.250000000000000 4 0 69 58 -31 68 12 107 87.203125000 9.338261348 4508.828125000 67.147808043 162.337722458 4 8 5 9 4 8 4 8 63.500000000 55.375000000 -54.750000000 -38.875000000 3171.859375000 1.054130917 1.987789730 6.617254876 9.842103348 31.750000000 27.687500000 1 -24.569184040 41.013906858 8.250000000 -4.375000000 -22.125000000 80.500000000 0 4 8 5 9 2 54.127034937 52.716989381 62.756895026 40.563038516 2 54.127034937 52.716989381 2 62.756895026 40.563038516 38.796398396 20.908939568 0 59.125000000 47.125000000 4.375000000 8.250000000 4.375000000 8.250000000 59.125000000 47.125000000 -1 4.375000000 -2.787995843 59.125000000 36.087004157 -27.015261970 42.890396011 35.597689862 27.015261970 4 59.125000000 47.125000000 4.375000000 8.250000000 -1 11.713288685 13.460520048 51.786711315 41.914479952 42.890396011 35.597689862 5 4.375000000 8.250000000 15.325000000 16.025000000 15.325000000 16.025000000 26.275000000 23.800000000 26.275000000 23.800000000 37.225000000 31.575000000 37.225000000 31.575000000 48.175000000 39.350000000 48.175000000 39.350000000 59.125000000 47.125000000
FGEOM -42.500000000000000 19.187500000000000 14.250000000000000 56.062500000000000 -19.625000000000000 66.562500000000000 19.500000000000000 11.687500000000000 -64.250000000000000 46.937500000000000 37.750000000000000 46.937500000000000 -7.8750000000000000 2.7500000000000000 2.7500000000000000 0 -0.66138792707153540 2 2 -1 0 6 0.0000000000000000 8.5000000000000000 3.2500000000000000 3.7500000000000000 -31.500000000000000 23.437500000000000 -5.5000000000000000 54.187500000000000 14.250000000000000 27.187500000000000 -43 11 20 67 -87 8 -24 71 2174.410156250 46.630571048 4580.328125000 67.678121465 186.114834028 -42 19 -42 20 -42 20 -42 19 -28.250000000 75.250000000 -56.750000000 -36.875000000 3045.109375000 -2.962112556 1.337306698 -39.355519991 21.230719389 -14.125000000 37.625000000 1 -66.774916416 43.227084170 -42.500000000 19.187500000 -42.500000000 19.187500000 0 -43 19 -42 20 2 8.760201590 62.551884672 17.949451785 48.409784372 2 8.760201590 62.551884672 2 17.949451785 48.409784372 -9.078601604 30.846439568 0 14.250000000 56.062500000 -42.500000000 19.187500000 -42.500000000 19.187500000 14.250000000 56.062500000 2 0.206779661 46.937500000 -42.500000000 9.796042616 14.250000000 46.671042616 -27.261625841 -4.771271334 43.702863341 27.261625841 4 -42.500000000 19.187500000 14.250000000 56.062500000 4 -42.500000000 19.187500000 14.250000000 56.062500000 -35.896591981 23.478260717 7.646591981 51.771739283 -4.771271334 43.702863341 6 -42.500000000 19.187500000 -33.041666667 25.333333333 -33.041666667 25.333333333 -23.583333333 31.479166667 -23.583333333 31.479166667 -14.125000000 37.625000000 -14.125000000 37.625000000 -4.666666667 43.770833333 -4.666666667 43.770833333 4.791666667 49.916666667 4.791666667 49.916666667 14.250000000 56.062500000
FGEOM -46.250000000000000 -11.875000000000000 8.5000000000000000 26.000000000000000 -32.375000000000000 36.500000000000000 13.750000000000000 -23.375000000000000 -12.000000000000000 -49.125000000000000 -12.000000000000000 62.875000000000000 -6.7500000000000000 0.50000000000000000 0.75000000000000000 1 -0.49604094530365156 3 3 -1 -1 0 0.12500000000000000 100.00000000000000 4.2500000000000000 4.7500000000000000 -36.250000000000000 -5.6250000000000000 -10.250000000000000 25.125000000000000 9.5000000000000000 -1.8750000000000000 -47 -24 14 37 -69 38 -59 35 2280.078125000 47.750163612 4432.078125000 66.573854665 39.450040102 -46 -12 -47 -11 -45 -12 -46 -12 -37.750000000 14.125000000 -54.750000000 -37.875000000 2591.859375000 -4.116478042 -1.056933551 -42.343624122 -9.172644084 -18.875000000 7.062500000 1 -67.601653436 0.559227364 11.875000000 -46.250000000 16.000000000 22.625000000 0 -47 -12 -46 -11 0 -1 -1 -13.828601604 1.783939568 0 8.500000000 26.000000000 -46.250000000 -11.875000000 -46.250000000 -11.875000000 8.500000000 26.000000000 2 -12.000000000 11.818493151 -46.250000000 -20.082735507 8.500000000 17.792264493 -31.889630481 -14.232445982 10.274129835 31.889630481 4 -40.513905194 -7.906879621 8.500000000 26.000000000 4 -46.250000000 -11.875000000 8.500000000 26.000000000 -40.698834278 -8.034810014 2.948834278 22.159810014 -14.232445982 10.274129835 0
FGEOM -5.1250000000000000 -17.937500000000000 52.625000000000000 17.937500000000000 13.750000000000000 28.437500000000000 67.875000000000000 -29.437500000000000 13.750000000000000 28.437500000000000 67.875000000000000 -29.437500000000000 -5.6250000000000000 0.87500000000000000 1.0000000000000000 2 -0.33069396353576770 4 4 0 -1 1 0.25000000000000000 10.500000000000000 5.2500000000000000 5.7500000000000000 8.8750000000000000 -12.687500000000000 34.875000000000000 18.062500000000000 54.625000000000000 -8.9375000000000000 -6 -30 68 29 -15 98 -24 71 348.019531250 18.655281591 4622.078125000 67.985867098 61.971145314 -5 -18 -6 -18 -4 -16 -5 -18 47.500000000 0.000000000 -57.750000000 -35.875000000 2753.734375000 -1.442285921 -5.048000725 -0.240712807 -14.903321592 23.750000000 0.000000000 1 -19.160238321 -9.296072103 5.125000000 17.937500000 32.625000000 74.812500000 0 -6 -18 -5 -17 2 45.773300413 25.893894458 56.721688820 8.269659460 2 45.773300413 25.893894458 2 56.721688820 8.269659460 31.296398396 -5.278560432 0 52.625000000 17.937500000 -5.125000000 -17.937500000 -5.125000000 -17.937500000 52.625000000 17.937500000 2 34.246716586 6.520687576 -5.125000000 -24.559500042 52.625000000 11.315499958 -29.432817590 29.281203412 3.436050605 29.432817590 4 29.281203412 3.436050605 42.393469438 11.581549197 4 -5.125000000 -17.937500000 52.625000000 17.937500000 -0.346892963 -14.969281992 47.846892963 14.969281992 29.281203412 3.436050605 1 -5.125000000 -17.937500000 52.625000000 17.937500000
FGEOM -35.000000000000000 -39.000000000000000 20.750000000000000 -5.1250000000000000 -16.125000000000000 5.3750000000000000 36.000000000000000 -50.500000000000000 -31.500000000000000 -36.750000000000000 24.250000000000000 -2.8750000000000000 -4.5000000000000000 1.2500000000000000 1.2500000000000000 3 -0.16534698176788384 5 5 1 -1 2 0.37500000000000000 11.500000000000000 6.2500000000000000 6.7500000000000000 -22.000000000000000 -34.750000000000000 4.0000000000000000 -4.0000000000000000 23.750000000000000 -31.000000000000000 -35 -51 36 6 -22 87 -74 16 2746.000000000 52.402290026 4255.578125000 65.234792289 81.543490361 -35 -39 -35 -39 -35 -40 -35 -39 -14.250000000 -44.125000000 -55.750000000 -33.875000000 2555.484375000 -4.174435886 -4.651514273 -29.231414146 -35.494872721 -7.125000000 -22.062500000 1 -42.046454545 -35.288059947 -39.000000000 35.000000000 -60.500000000 24.250000000 0 -35 -39 -35 -39 2 13.139289950 3.496316171 24.895640307 -15.851773347 2 13.139289950 3.496316171 2 24.895640307 -15.851773347 0.421398396 -27.341060432 0 20.750000000 -5.125000000 -35.000000000 -39.000000000 -35.000000000 -39.000000000 20.750000000 -5.125000000 -1 -35.000000000 -44.265588615 20.750000000 -10.390588615 -28.121736279 -1.521997782 -18.657985200 28.121736279 4 -31.445274034 -36.840065612 20.750000000 -5.125000000 4 -31.445274034 -36.840065612 20.750000000 -5.125000000 -31.154276097 -36.663248481 16.904276097 -7.461751519 -1.521997782 -18.657985200 2 -35.000000000 -39.000000000 -7.125000000 -22.062500000 -7.125000000 -22.062500000 20.750000000 -5.125000000
FGEOM 13.125000000000000 -20.062500000000000 70.875000000000000 20.812500000000000 32.000000000000000 33.312500000000000 82.125000000000000 -28.562500000000000 70.875000000000000 20.812500000000000 13.125000000000000 -20.062500000000000 -3.3750000000000000 1.6250000000000000 1.5000000000000000 4 0.0000000000000000 0 6 1 0 3 0.0000000000000000 12.500000000000000 7.2500000000000000 7.7500000000000000 25.125000000000000 -13.812500000000000 51.125000000000000 16.937500000000000 70.875000000000000 -10.062500000000000 13 -29 83 34 -2 111 -7 92 574.769531250 23.974351529 5005.828125000 70.751877184 112.097600645 13 -20 13 -21 13 -18 13 -20 84.000000000 0.750000000 -57.750000000 -40.875000000 3271.734375000 3.969085457 -6.067030627 19.450803891 -15.585145298 42.000000000 0.375000000 1 13.125000000 -20.062500000 13.125000000 -20.062500000 13.125000000 -20.062500000 0 13 -21 14 -20 2 61.964472469 29.579055716 76.180354810 9.494231124 2 61.964472469 29.579055716 2 76.180354810 9.494231124 47.546398396 -6.403560432 0 70.875000000 20.812500000 13.125000000 -20.062500000 13.125000000 -20.062500000 70.875000000 20.812500000 -1 13.125000000 -24.197349965 70.875000000 16.677650035 -32.661898412 50.869536056 6.652788507 32.661898412 4 70.875000000 20.812500000 13.125000000 -20.062500000 -1 15.879785566 -18.112684243 68.120214434 18.862684243 50.869536056 6.652788507 3 13.125000000 -20.062500000 32.375000000 -6.437500000 32.375000000 -6.437500000 51.625000000 7.187500000 51.625000000 7.187500000 70.875000000 20.812500000
FGEOM -12.750000000000000 -10.125000000000000 43.000000000000000 28.750000000000000 6.1250000000000000 41.250000000000000 54.250000000000000 -18.625000000000000 -34.500000000000000 18.625000000000000 67.500000000000000 18.625000000000000 -2.2500000000000000 2.0000000000000000 1.7500000000000000 5 0.16534698176788384 1 0 1 1 4 0.12500000000000000 13.500000000000000 8.2500000000000000 8.7500000000000000 -1.7500000000000000 -4.8750000000000000 24.250000000000000 25.875000000000000 44.000000000000000 -1.1250000000000000 -13 -19 55 42 -36 73 -23 72 265.078125000 16.281220010 4619.328125000 67.965639297 130.615852700 -13 -10 -12 -11 -13 -10 -13 -10 30.250000000 18.625000000 -55.750000000 -38.875000000 3049.484375000 -6.460664492 -5.130527685 -5.572660023 -5.120173245 15.125000000 9.312500000 1 -4.036522526 -12.531034854 10.125000000 -12.750000000 57.500000000 22.375000000 0 -13 -11 -12 -10 2 33.232577178 38.069198002 48.368325280 16.363269855 2 33.232577178 38.069198002 2 48.368325280 16.363269855 20.671398396 2.533939568 0 43.000000000 28.750000000 -12.750000000 -10.125000000 -12.750000000 -10.125000000 43.000000000 28.750000000 2 28.479903537 18.625000000 -12.750000000 -12.868007864 43.000000000 26.006992136 -31.345112722 24.053783863 15.538625071 31.345112722 4 -12.750000000 -10.125000000 43.000000000 28.750000000 4 -12.750000000 -10.125000000 43.000000000 28.750000000 -10.904398292 -8.838044549 41.154398292 27.463044549 24.053783863 15.538625071 4 -12.750000000 -10.125000000 1.187500000 -0.406250000 1.187500000 -0.406250000 15.125000000 9.312500000 15.125000000 9.312500000 29.062500000 19.031250000 29.062500000 19.031250000 43.000000000 28.750000000
FGEOM -12.625000000000000 -38.187500000000000 41.125000000000000 -1.3125000000000000 6.2500000000000000 11.187500000000000 52.375000000000000 -46.687500000000000 21.625000000000000 -77.437500000000000 21.625000000000000 34.562500000000000 -1.1250000000000000 2.3750000000000000 2.0000000000000000 6 0.33069396353576770 2 1 0 1 5 0.25000000000000000 14.500000000000000 9.2500000000000000 9.7500000000000000 -2.6250000000000000 -33.937500000000000 23.375000000000000 -3.1875000000000000 43.125000000000000 -30.187500000000000 -13 -47 53 12 -5 100 -51 40 1617.675781250 40.220340392 4248.828125000 65.183035561 147.428561222 -13 -38 -12 -38 -12 -38 -13 -38 28.500000000 -39.500000000 -53.750000000 -36.875000000 2835.234375000 -2.903537087 -8.782480992 -4.585139698 -32.671781886 14.250000000 -19.750000000 1 4.429735855 -41.640928790 12.625000000 38.187500000 25.125000000 60.562500000 0 -13 -39 -12 -38 2 30.467890733 8.519896558 46.462554242 -14.794358726 2 30.467890733 8.519896558 2 46.462554242 -14.794358726 19.796398396 -26.528560432 0 41.125000000 -1.312500000 -12.625000000 -38.187500000 -12.625000000 -38.187500000 41.125000000 -1.312500000 2 21.625000000 -14.690406977 -12.625000000 -39.551796093 41.125000000 -2.676796093 -30.036812618 23.242265790 -13.580887423 30.036812618 4 -7.645823757 -34.771553507 41.125000000 -1.312500000 4 -12.625000000 -38.187500000 41.125000000 -1.312500000 -11.697323811 -37.551070987 40.197323811 -1.948929013 23.242265790 -13.580887423 5 -12.625000000 -38.187500000 -1.875000000 -30.812500000 -1.875000000 -30.812500000 8.875000000 -23.437500000 8.875000000 -23.437500000 19.625000000 -16.062500000 19.625000000 -16.062500000 30.375000000 -8.687500000 30.375000000 -8.687500000 41.125000000 -1.312500000
FGEOM -55.500000000000000 20.750000000000000 1.2500000000000000 58.625000000000000 -31.625000000000000 71.125000000000000 12.500000000000000 15.250000000000000 -31.625000000000000 71.125000000000000 12.500000000000000 15.250000000000000 0.0000000000000000 2.7500000000000000 2.2500000000000000 -6 0.49604094530365156 3 2 -1 1 6 0.37500000000000000 2.5000000000000000 10.250000000000000 10.750000000000000 -41.500000000000000 27.000000000000000 -15.500000000000000 57.750000000000000 4.2500000000000000 30.750000000000000 -56 15 13 72 -103 -2 -35 60 3510.812500000 59.252109667 4655.078125000 68.228132944 177.813776907 -55 21 -55 21 -54 20 -56 20 -54.250000000 79.375000000 -56.750000000 -37.875000000 3262.859375000 -9.600923970 3.589534638 -46.558490484 26.717571329 -27.125000000 39.687500000 1 -28.646585886 15.458265774 55.500000000 -20.750000000 -7.750000000 121.500000000 0 -56 20 -55 21 2 -0.213068997 60.652172689 2.560681651 56.496123862 2 -0.213068997 60.652172689 2 2.560681651 56.496123862 -19.078601604 34.408939568 0 1.250000000 58.625000000 -55.500000000 20.750000000 -55.500000000 20.750000000 1.250000000 58.625000000 2 -13.814075322 48.571222858 -55.500000000 20.750000000 1.250000000 58.625000000 -28.646769898 -15.722521608 47.297524125 28.646769898 4 -15.722521608 47.297524125 -10.994513720 50.453000755 4 -55.500000000 20.750000000 1.250000000 58.625000000 -55.500000000 20.750000000 1.250000000 58.625000000 -15.722521608 47.297524125 6 -55.500000000 20.750000000 -46.041666667 27.062500000 -46.041666667 27.062500000 -36.583333333 33.375000000 -36.583333333 33.375000000 -27.125000000 39.687500000 -27.125000000 39.687500000 -17.666666667 46.000000000 -17.666666667 46.000000000 -8.208333333 52.312500000 -8.208333333 52.312500000 1.250000000 58.625000000
FGEOM -1.2500000000000000 -4.3125000000000000 57.500000000000000 31.562500000000000 22.625000000000000 44.062500000000000 64.750000000000000 -16.812500000000000 2.2500000000000000 -2.0625000000000000 61.000000000000000 33.812500000000000 1.1250000000000000 0.50000000000000000 2.5000000000000000 -5 0.66138792707153540 4 3 -1 0 0 0.0000000000000000 3.5000000000000000 11.250000000000000 11.750000000000000 11.750000000000000 0.93750000000000000 37.750000000000000 31.687500000000000 57.500000000000000 4.6875000000000000 -2 -17 65 45 -22 82 -6 90 20.160156250 4.490006264 4738.578125000 68.837330897 94.375517383 -1 -4 -1 -4 0 -3 -1 -5 56.250000000 27.250000000 -58.750000000 -35.875000000 3138.109375000 -3.131955542 -10.805246618 8.778170631 1.811085045 28.125000000 13.625000000 1 33.496810315 -8.776500658 -4.312500000 1.250000000 -25.750000000 67.937500000 0 -2 -5 -1 -4 2 55.526434281 34.453008321 59.169808988 28.486506186 2 55.526434281 34.453008321 2 59.169808988 28.486506186 34.171398396 8.346439568 0 57.500000000 31.562500000 -1.250000000 -4.312500000 -1.250000000 -4.312500000 57.500000000 31.562500000 -1 -1.250000000 -2.994338345 57.500000000 32.880661655 -28.843588197 37.657014070 19.445612847 28.843588197 4 2.300156791 -2.144638300 57.500000000 31.562500000 4 2.300156791 -2.144638300 57.500000000 31.562500000 -0.289856003 -3.726199304 56.539856003 30.976199304 37.657014070 19.445612847 0
FGEOM -56.125000000000000 -35.375000000000000 0.62500000000000000 -1.5000000000000000 -32.250000000000000 11.000000000000000 7.8750000000000000 -47.875000000000000 0.62500000000000000 -1.5000000000000000 -56.125000000000000 -35.375000000000000 2.2500000000000000 0.87500000000000000 2.7500000000000000 -4 0.82673490883941920 5 4 -1 -1 1 0.12500000000000000 4.5000000000000000 12.250000000000000 12.750000000000000 -44.125000000000000 -31.125000000000000 -18.125000000000000 -0.37500000000000000 1.6250000000000000 -27.375000000000000 -57 -48 8 11 -44 56 -92 0 4401.406250000 66.343094969 4368.078125000 66.091437607 105.564340940 -56 -35 -57 -35 -55 -36 -56 -36 -55.500000000 -36.875000000 -56.750000000 -33.875000000 2925.859375000 -10.363267652 -6.531859121 -45.177099240 -28.840019590 -27.750000000 -18.437500000 1 -14.300901165 -37.974341251 -56.125000000 -35.375000000 -56.125000000 -35.375000000 0 -57 -36 -56 -35 2 -1.939198860 2.197956761 2.663023518 -5.512039399 2 -1.939198860 2.197956761 2 2.663023518 -5.512039399 -21.703601604 -23.716060432 0 0.625000000 -1.500000000 -56.125000000 -35.375000000 -56.125000000 -35.375000000 0.625000000 -1.500000000 -1 -56.125000000 -32.754634632 0.625000000 1.120365368 -27.583234546 -18.112282558 -12.684589368 27.583234546 4 0.625000000 -1.500000000 -56.125000000 -35.375000000 -1 -54.193017513 -34.221768163 -1.306982487 -2.653231837 -18.112282558 -12.684589368 1 -56.125000000 -35.375000000 0.625000000 -1.500000000
FGEOM -72.000000000000000 -60.750000000000000 -17.250000000000000 -19.875000000000000 -57.125000000000000 -13.375000000000000 -10.000000000000000 -70.250000000000000 -93.750000000000000 -31.000000000000000 8.2500000000000000 -31.000000000000000 3.3750000000000000 1.2500000000000000 0.75000000000000000 -3 -0.82673490883941920 0 5 0 -1 2 0.25000000000000000 100.00000000000000 13.250000000000000 13.750000000000000 -61.000000000000000 -54.500000000000000 -35.000000000000000 -23.750000000000000 -15.250000000000000 -50.750000000000000 -72 -71 -10 -13 -44 61 -133 -37 8874.562500000 94.204896370 4668.328125000 68.325164654 74.989979799 -72 -61 -72 -61 -72 -60 -72 -61 -89.250000000 -80.625000000 -54.750000000 -40.875000000 2750.859375000 -10.126862156 -8.544539945 -60.981914587 -52.524169110 -44.625000000 -40.312500000 1 -102.054483646 -34.517321285 60.750000000 -72.000000000 -9.750000000 -28.250000000 0 -72 -61 -72 -60 0 -1 -1 -38.578601604 -47.091060432 0 -17.250000000 -19.875000000 -72.000000000 -60.750000000 -72.000000000 -60.750000000 -17.250000000 -19.875000000 2 -32.151376147 -31.000000000 -72.000000000 -56.538174782 -17.250000000 -15.663174782 -29.063459050 -39.738010965 -36.663994487 29.063459050 4 -71.704235322 -60.529189385 -17.250000000 -19.875000000 4 -72.000000000 -60.750000000 -17.250000000 -19.875000000 -69.295560853 -58.730932418 -19.954439147 -21.894067582 -39.738010965 -36.663994487 2 -72.000000000 -60.750000000 -44.625000000 -40.312500000 -44.625000000 -40.312500000 -17.250000000 -19.875000000
FGEOM -17.875000000000000 30.187500000000000 34.875000000000000 69.062500000000000 -3.0000000000000000 75.562500000000000 42.125000000000000 20.687500000000000 16.375000000000000 -8.0625000000000000 16.375000000000000 103.93750000000000 4.5000000000000000 1.6250000000000000 1.0000000000000000 -2 -0.66138792707153540 1 6 1 -1 3 0.37500000000000000 6.5000000000000000 14.250000000000000 14.750000000000000 -7.8750000000000000 35.437500000000000 18.125000000000000 66.187500000000000 37.875000000000000 39.187500000000000 -18 20 43 76 -79 22 12 104 1230.800781250 35.082770433 4293.828125000 65.527308239 94.122100096 -18 30 -18 30 -18 30 -17 31 17.000000000 99.250000000 -52.750000000 -38.875000000 2548.609375000 -7.260508416 12.261627850 -6.001133655 38.938145577 8.500000000 49.625000000 1 -42.608366916 48.891663487 17.875000000 -30.187500000 11.875000000 120.937500000 0 -18 30 -17 31 2 30.518757809 73.886725738 38.193153364 63.473237236 2 30.518757809 73.886725738 2 38.193153364 63.473237236 14.546398396 42.846439568 0 34.875000000 69.062500000 -17.875000000 30.187500000 -17.875000000 30.187500000 34.875000000 69.062500000 2 16.375000000 55.428613744 -17.875000000 35.777507338 34.875000000 74.652507338 -27.702429320 13.434856990 53.261825886 27.702429320 4 -13.947231219 33.082135287 34.875000000 69.062500000 4 -17.875000000 30.187500000 34.875000000 69.062500000 -14.252464505 32.857188481 31.252464505 66.392811519 13.434856990 53.261825886 3 -17.875000000 30.187500000 -0.291666667 43.145833333 -0.291666667 43.145833333 17.291666667 56.104166667 17.291666667 56.104166667 34.875000000 69.062500000
FGEOM -41.750000000000000 -40.875000000000000 18.000000000000000 -4.0000000000000000 -21.875000000000000 10.500000000000000 31.250000000000000 -50.375000000000000 -21.875000000000000 10.500000000000000 31.250000000000000 -50.375000000000000 5.6250000000000000 2.0000000000000000 1.2500000000000000 -1 -0.49604094530365156 2 0 1 0 4 0.0000000000000000 7.5000000000000000 15.250000000000000 15.750000000000000 -27.750000000000000 -36.625000000000000 -1.7500000000000000 -5.8750000000000000 18.000000000000000 -32.875000000000000 -42 -51 32 11 -33 82 -83 14 3413.828125000 58.427973822 4929.828125000 70.212734778 128.081551322 -42 -41 -42 -41 -42 -40 -42 -40 -23.750000000 -44.875000000 -59.750000000 -36.875000000 3081.984375000 -10.896963532 -10.668584057 -28.346982684 -32.603263372 -11.875000000 -22.437500000 1 -63.806338123 -25.223509532 -40.875000000 41.750000000 -73.250000000 30.375000000 0 -42 -41 -41 -40 2 13.401858569 1.925124081 21.234630406 -10.766621471 2 13.401858569 1.925124081 2 21.234630406 -10.766621471 -5.328601604 -29.216060432 0 18.000000000 -4.000000000 -41.750000000 -40.875000000 -41.750000000 -40.875000000 18.000000000 -4.000000000 2 0.307770109 -14.918844807 -41.750000000 -34.265014508 18.000000000 2.609985492 -33.281222166 -4.396047339 -17.821828379 33.281222166 4 -4.396047339 -17.821828379 6.869015622 -10.869540568 4 -41.750000000 -40.875000000 18.000000000 -4.000000000 -36.963208102 -37.920808347 13.213208102 -6.954191653 -4.396047339 -17.821828379 4 -41.750000000 -40.875000000 -26.812500000 -31.656250000 -26.812500000 -31.656250000 -11.875000000 -22.437500000 -11.875000000 -22.437500000 3.062500000 -13.218750000 3.062500000 -13.218750000 18.000000000 -4.000000000
FGEOM -32.625000000000000 1.0625000000000000 25.125000000000000 38.937500000000000 -12.750000000000000 53.437500000000000 38.375000000000000 -5.4375000000000000 -29.125000000000000 3.3125000000000000 28.625000000000000 41.187500000000000 6.7500000000000000 2.3750000000000000 1.5000000000000000 0 -0.33069396353576770 3 1 1 1 5 0.12500000000000000 8.5000000000000000 16.250000000000000 16.750000000000000 -19.625000000000000 7.3125000000000000 6.3750000000000000 38.062500000000000 26.125000000000000 11.062500000000000 -33 -6 39 54 -67 44 -32 65 1065.519531250 32.642296660 4769.578125000 69.062132352 148.457054633 -33 1 -32 1 -33 1 -33 2 -7.500000000 40.000000000 -57.750000000 -37.875000000 3131.484375000 -16.241389370 0.528934137 -18.618590597 10.248521752 -3.750000000 20.000000000 1 -48.554252378 10.353723916 -32.625000000 1.062500000 -32.625000000 1.062500000 0 -33 1 -32 2 2 19.624076131 45.417456527 28.876319443 31.310075635 2 19.624076131 45.417456527 2 28.876319443 31.310075635 2.796398396 14.721439568 0 25.125000000 38.937500000 -32.625000000 1.062500000 -32.625000000 1.062500000 25.125000000 38.937500000 -1 -32.625000000 9.134697288 25.125000000 47.009697288 -32.896328967 5.290978713 25.929473052 32.896328967 4 -29.145845004 3.344283471 25.125000000 38.937500000 4 -29.145845004 3.344283471 25.125000000 38.937500000 -26.980626061 4.764329661 19.480626061 35.235670339 5.290978713 25.929473052 5 -32.625000000 1.062500000 -21.075000000 8.637500000 -21.075000000 8.637500000 -9.525000000 16.212500000 -9.525000000 16.212500000 2.025000000 23.787500000 2.025000000 23.787500000 13.575000000 31.362500000 13.575000000 31.362500000 25.125000000 38.937500000
FGEOM -56.500000000000000 -23.000000000000000 -0.75000000000000000 12.875000000000000 -36.625000000000000 27.375000000000000 12.500000000000000 -29.500000000000000 -0.75000000000000000 12.875000000000000 -56.500000000000000 -23.000000000000000 7.8750000000000000 2.7500000000000000 1.7500000000000000 1 -0.16534698176788384 4 2 0 1 6 0.25000000000000000 9.5000000000000000 17.250000000000000 17.750000000000000 -44.500000000000000 -17.750000000000000 -18.500000000000000 13.000000000000000 1.2500000000000000 -14.000000000000000 -57 -30 13 28 -64 42 -80 13 3721.250000000 61.002049146 4395.078125000 66.295385397 165.668971168 -56 -23 -56 -23 -56 -24 -57 -23 -57.250000000 -10.125000000 -55.750000000 -35.875000000 2915.234375000 -15.976922311 -6.503879879 -41.573433180 -13.394787719 -28.625000000 -5.062500000 1 -64.520383391 -19.041633177 23.000000000 -56.500000000 13.750000000 7.500000000 0 -57 -23 -56 -23 2 -6.982551522 20.044749056 3.192973337 4.231912515 2 -6.982551522 20.044749056 2 3.192973337 4.231912515 -22.078601604 -10.341060432 0 -0.750000000 12.875000000 -56.500000000 -23.000000000 -56.500000000 -23.000000000 -0.750000000 12.875000000 -1 -56.500000000 -13.635405202 -0.750000000 22.239594798 -31.606885041 -19.521290684 0.795716533 31.606885041 4 -0.750000000 12.875000000 -56.500000000 -23.000000000 -1 -49.877649932 -18.738532580 -7.372350068 8.613532580 -19.521290684 0.795716533 6 -56.500000000 -23.000000000 -47.208333333 -17.020833333 -47.208333333 -17.020833333 -37.916666667 -11.041666667 -37.916666667 -11.041666667 -28.625000000 -5.062500000 -28.625000000 -5.062500000 -19.333333333 0.916666667 -19.333333333 0.916666667 -10.041666667 6.895833333 -10.041666667 6.895833333 -0.750000000 12.875000000
FGEOM -43.250000000000000 -50.062500000000000 10.500000000000000 -16.187500000000000 -23.375000000000000 -1.6875000000000000 23.750000000000000 -63.562500000000000 -65.000000000000000 -22.312500000000000 37.000000000000000 -22.312500000000000 9.0000000000000000 0.50000000000000000 2.0000000000000000 2 0.0000000000000000 5 3 -1 1 0 0.37500000000000000 10.500000000000000 18.250000000000000 18.750000000000000 -32.250000000000000 -45.812500000000000 -6.2500000000000000 -15.062500000000000 13.500000000000000 -42.062500000000000 -44 -64 24 -1 -22 88 -94 -5 4376.816406250 66.157512092 4036.578125000 63.534070584 72.885719623 -43 -50 -43 -50 -45 -51 -44 -51 -32.750000000 -66.250000000 -53.750000000 -33.875000000 2706.984375000 -11.930806873 -13.810081366 -27.387447975 -40.065403259 -16.375000000 -33.125000000 1 -43.250000000 -50.062500000 43.250000000 50.062500000 -3.500000000 46.687500000 0 -44 -51 -43 -50 2 3.510548922 -8.351839618 14.553331763 -25.873598369 2 3.510548922 -8.351839618 2 14.553331763 -25.873598369 -9.828601604 -38.403560432 0 10.500000000 -16.187500000 -43.250000000 -50.062500000 -43.250000000 -50.062500000 10.500000000 -16.187500000 2 0.781365314 -22.312500000 -43.250000000 -39.424237018 10.500000000 -5.549237018 -30.328461679 -7.204516511 -27.345462731 30.328461679 4 -43.250000000 -50.062500000 10.500000000 -16.187500000 4 -43.250000000 -50.062500000 10.500000000 -16.187500000 -35.635975028 -45.263893564 2.885975028 -20.986106436 -7.204516511 -27.345462731 0
FGEOM -9.1250000000000000 -24.125000000000000 46.625000000000000 16.750000000000000 10.750000000000000 25.250000000000000 55.875000000000000 -34.625000000000000 25.125000000000000 -61.375000000000000 25.125000000000000 50.625000000000000 -9.0000000000000000 0.87500000000000000 2.2500000000000000 3 0.16534698176788384 0 4 -1 0 1 0.0000000000000000 11.500000000000000 19.250000000000000 19.750000000000000 0.87500000000000000 -17.875000000000000 26.875000000000000 12.875000000000000 46.625000000000000 -14.125000000000000 -10 -35 56 26 -15 91 -34 64 665.281250000 25.793046544 4778.828125000 69.129068596 104.105049484 -9 -24 -9 -24 -9 -24 -9 -25 37.500000000 -7.375000000 -55.750000000 -40.875000000 3126.234375000 -6.810217231 -18.005094870 6.802633951 -12.447115915 18.750000000 -3.687500000 1 -0.727073010 -26.722906837 -24.125000000 9.125000000 -38.625000000 45.125000000 0 -10 -25 -9 -24 2 38.377134800 24.763907888 51.787197624 6.473730458 2 38.377134800 24.763907888 2 51.787197624 6.473730458 23.296398396 -10.466060432 0 46.625000000 16.750000000 -9.125000000 -24.125000000 -9.125000000 -24.125000000 46.625000000 16.750000000 2 25.125000000 0.986547085 -9.125000000 -35.284849639 46.625000000 5.590150361 -28.067290134 27.345775229 2.614783632 28.067290134 4 -4.612065344 -20.816189164 46.625000000 16.750000000 4 -9.125000000 -24.125000000 46.625000000 16.750000000 -1.866837693 -18.803432569 39.366837693 11.428432569 27.345775229 2.614783632 1 -9.125000000 -24.125000000 46.625000000 16.750000000
FGEOM -6.0000000000000000 1.8125000000000000 52.750000000000000 40.687500000000000 18.875000000000000 49.187500000000000 62.000000000000000 -8.6875000000000000 18.875000000000000 49.187500000000000 62.000000000000000 -8.6875000000000000 -7.8750000000000000 1.2500000000000000 2.5000000000000000 4 0.33069396353576770 1 5 -1 -1 2 0.12500000000000000 12.500000000000000 20.250000000000000 20.750000000000000 8.0000000000000000 7.0625000000000000 34.000000000000000 37.812500000000000 53.750000000000000 10.812500000000000 -6 -9 62 50 -31 71 -5 94 39.285156250 6.267787189 4962.828125000 70.447342924 121.813285657 -6 2 -6 2 -6 0 -6 1 46.750000000 42.500000000 -58.750000000 -38.875000000 3303.109375000 -19.384831733 5.855834586 11.304591620 13.262985093 23.375000000 21.250000000 1 10.730433466 -3.697491122 -6.000000000 1.812500000 -6.000000000 1.812500000 0 -6 1 -6 2 2 44.111883736 49.722595318 57.688738704 29.204518679 2 44.111883736 49.722595318 2 57.688738704 29.204518679 30.421398396 14.471439568 0 52.750000000 40.687500000 -6.000000000 1.812500000 -6.000000000 1.812500000 52.750000000 40.687500000 2 34.303796494 28.481607893 -6.000000000 -7.630441711 52.750000000 31.244558289 -25.781889701 33.102235841 27.686532652 25.781889701 4 33.102235841 27.686532652 36.460715759 29.908845959 4 -6.000000000 1.812500000 52.750000000 40.687500000 0.567405253 6.158166029 46.182594747 36.341833971 33.102235841 27.686532652 2 -6.000000000 1.812500000 23.375000000 21.250000000 23.375000000 21.250000000 52.750000000 40.687500000
FGEOM -18.875000000000000 -22.250000000000000 37.875000000000000 14.625000000000000 6.0000000000000000 23.125000000000000 47.125000000000000 -32.750000000000000 -15.375000000000000 -20.000000000000000 41.375000000000000 16.875000000000000 -6.7500000000000000 1.6250000000000000 2.7500000000000000 5 0.49604094530365156 2 6 0 -1 3 0.25000000000000000 13.500000000000000 21.250000000000000 21.750000000000000 -5.8750000000000000 -18.000000000000000 20.125000000000000 12.750000000000000 39.875000000000000 -14.250000000000000 -19 -33 48 24 -18 80 -42 53 851.328125000 29.177527740 4580.328125000 67.678121465 137.067594240 -19 -22 -19 -22 -18 -24 -18 -22 19.000000000 -7.625000000 -56.750000000 -36.875000000 3084.859375000 -13.746666735 -16.204679993 -0.637015947 -10.399327543 9.500000000 -3.812500000 1 5.719203398 -28.620312863 22.250000000 -18.875000000 51.375000000 -1.750000000 0 -19 -23 -18 -22 2 28.409167106 24.250383505 42.824699020 2.065124220 2 28.409167106 24.250383505 2 42.824699020 2.065124220 16.546398396 -10.591060432 0 37.875000000 14.625000000 -18.875000000 -22.250000000 -18.875000000 -22.250000000 37.875000000 14.625000000 -1 -18.875000000 -30.299820615 37.875000000 6.575179385 -24.494852829 19.346228863 2.585379988 24.494852829 4 -15.386069758 -19.982963830 37.875000000 14.625000000 4 -15.386069758 -19.982963830 37.875000000 14.625000000 -13.214935984 -18.572205099 32.214935984 10.947205099 19.346228863 2.585379988 3 -18.875000000 -22.250000000 0.041666667 -9.958333333 0.041666667 -9.958333333 18.958333333 2.333333333 18.958333333 2.333333333 37.875000000 14.625000000
FGEOM -62.750000000000000 -31.312500000000000 -8.0000000000000000 6.5625000000000000 -46.875000000000000 15.062500000000000 1.2500000000000000 -38.812500000000000 -8.0000000000000000 6.5625000000000000 -62.750000000000000 -31.312500000000000 -5.6250000000000000 2.0000000000000000 0.75000000000000000 6 0.66138792707153540 3 0 1 -1 4 0.37500000000000000 100.00000000000000 22.250000000000000 22.750000000000000 -50.750000000000000 -25.062500000000000 -24.750000000000000 5.6875000000000000 -5.0000000000000000 -21.312500000000000 -63 -39 2 16 -62 41 -95 -1 4918.035156250 70.128704225 4432.078125000 66.573854665 113.124555420 -63 -31 -63 -32 -63 -31 -62 -31 -70.750000000 -24.750000000 -54.750000000 -37.875000000 2625.609375000 -19.908930522 -9.934635649 -44.040515530 -18.369637455 -35.375000000 -12.375000000 1 -30.918491036 -31.284517937 62.750000000 31.312500000 -31.000000000 61.437500000 0 -63 -32 -62 -31 0 -1 -1 -28.328601604 -17.653560432 0 -8.000000000 6.562500000 -62.750000000 -31.312500000 -62.750000000 -31.312500000 -8.000000000 6.562500000 -1 -62.750000000 -38.152279589 -8.000000000 -0.277279589 -29.107006568 -30.315528128 -8.874954390 29.107006568 4 -8.000000000 6.562500000 -62.750000000 -31.312500000 -1 -58.124028565 -28.112341679 -12.625971435 3.362341679 -30.315528128 -8.874954390 4 -62.750000000 -31.312500000 -49.062500000 -21.843750000 -49.062500000 -21.843750000 -35.375000000 -12.375000000 -35.375000000 -12.375000000 -21.687500000 -2.906250000 -21.687500000 -2.906250000 -8.000000000 6.562500000
FGEOM -6.6250000000000000 -44.375000000000000 50.125000000000000 -8.5000000000000000 9.2500000000000000 8.0000000000000000 55.375000000000000 -51.875000000000000 -28.375000000000000 -15.625000000000000 73.625000000000000 -15.625000000000000 -4.5000000000000000 2.3750000000000000 1.0000000000000000 -6 0.82673490883941920 4 1 1 0 5 0.0000000000000000 2.5000000000000000 23.250000000000000 23.750000000000000 4.3750000000000000 -39.125000000000000 30.375000000000000 -8.3750000000000000 50.125000000000000 -35.375000000000000 -7 -52 56 8 1 108 -51 42 2013.031250000 44.866816803 4507.578125000 67.138499574 139.474015417 -7 -44 -7 -45 -8 -44 -7 -44 43.500000000 -52.875000000 -56.750000000 -35.875000000 2779.859375000 -3.433077294 -22.995140363 13.450106065 -31.684349250 21.750000000 -26.437500000 1 37.031694872 -39.152239396 6.625000000 44.375000000 25.125000000 60.375000000 0 -7 -45 -6 -44 2 48.711381534 -6.438039081 51.381244599 -10.661446161 2 48.711381534 -6.438039081 2 51.381244599 -10.661446161 26.796398396 -31.716060432 0 50.125000000 -8.500000000 -6.625000000 -44.375000000 -6.625000000 -44.375000000 50.125000000 -8.500000000 2 38.854094077 -15.625000000 -6.625000000 -49.698757675 50.125000000 -13.823757675 -35.788193663 28.373177548 -22.250601418 35.788193663 4 -6.625000000 -44.375000000 50.125000000 -8.500000000 4 -6.625000000 -44.375000000 50.125000000 -8.500000000 -2.821295693 -41.970455647 46.321295693 -10.904544353 28.373177548 -22.250601418 5 -6.625000000 -44.375000000 4.725000000 -37.200000000 4.725000000 -37.200000000 16.075000000 -30.025000000 16.075000000 -30.025000000 27.425000000 -22.850000000 27.425000000 -22.850000000 38.775000000 -15.675000000 38.775000000 -15.675000000 50.125000000 -8.500000000
FGEOM -10.500000000000000 -14.750000000000000 44.250000000000000 19.125000000000000 5.3750000000000000 35.625000000000000 49.500000000000000 -22.250000000000000 23.750000000000000 -54.000000000000000 23.750000000000000 58.000000000000000 -3.3750000000000000 2.7500000000000000 1.2500000000000000 -5 -0.82673490883941920 5 2 1 1 6 0.12500000000000000 3.5000000000000000 24.250000000000000 24.750000000000000 -0.50000000000000000 -10.500000000000000 25.500000000000000 20.250000000000000 45.250000000000000 -6.7500000000000000 -11 -23 50 36 -31 72 -26 64 327.812500000 18.105593058 4145.078125000 64.382281142 156.403515211 -10 -15 -10 -15 -10 -14 -11 -14 33.750000000 4.375000000 -54.750000000 -33.875000000 2575.609375000 -14.063333865 -19.755635667 10.547134025 -1.727686482 16.875000000 2.187500000 1 -42.438936950 13.186557911 -14.750000000 10.500000000 -45.000000000 51.500000000 0 -11 -15 -10 -14 2 42.249380546 21.996849892 45.927012767 16.052927706 2 42.249380546 21.996849892 2 45.927012767 16.052927706 21.921398396 -3.091060432 0 44.250000000 19.125000000 -10.500000000 -14.750000000 -10.500000000 -14.750000000 44.250000000 19.125000000 2 23.750000000 6.441210046 -10.500000000 -18.718770755 44.250000000 15.156229245 -34.485662602 23.519772132 6.298763123 34.485662602 4 -3.293559756 -10.291220763 44.250000000 19.125000000 4 -10.500000000 -14.750000000 44.250000000 19.125000000 -7.629936269 -12.974229975 41.379936269 17.349229975 23.519772132 6.298763123 6 -10.500000000 -14.750000000 -1.375000000 -9.104166667 -1.375000000 -9.104166667 7.750000000 -3.458333333 7.750000000 -3.458333333 16.875000000 2.187500000 16.875000000 2.187500000 26.000000000 7.833333333 26.000000000 7.833333333 35.125000000 13.479166667 35.125000000 13.479166667 44.250000000 19.125000000
FGEOM -42.250000000000000 -15.812500000000000 15.500000000000000 25.062500000000000 -21.375000000000000 35.562500000000000 30.750000000000000 -27.312500000000000 -21.375000000000000 35.562500000000000 30.750000000000000 -27.312500000000000 -2.2500000000000000 0.50000000000000000 1.5000000000000000 -4 -0.66138792707153540 0 3 0 1 0 0.25000000000000000 4.5000000000000000 25.250000000000000 25.750000000000000 -28.250000000000000 -9.5625000000000000 -2.2500000000000000 21.187500000000000 17.500000000000000 -5.8125000000000000 -43 -28 31 36 -57 59 -59 41 2035.097656250 45.112056662 5005.828125000 70.751877184 67.771589042 -42 -16 -42 -16 -42 -15 -43 -16 -26.750000000 9.250000000 -57.750000000 -40.875000000 3305.484375000 -23.648057281 -8.850530314 -21.232006426 -0.936127925 -13.375000000 4.625000000 1 -69.403486248 7.842096707 -42.250000000 -15.812500000 -42.250000000 -15.812500000 0 -43 -16 -42 -15 2 12.671894166 28.562759618 17.860875449 21.231538356 2 12.671894166 28.562759618 2 17.860875449 21.231538356 -5.828601604 -2.153560432 0 15.500000000 25.062500000 -42.250000000 -15.812500000 -42.250000000 -15.812500000 15.500000000 25.062500000 2 -2.253099703 12.496994366 -42.250000000 -18.569066644 15.500000000 22.305933356 -29.873986517 -4.116105290 11.178373529 29.873986517 4 -4.116105290 11.178373529 0.962321263 14.772844271 4 -42.250000000 -15.812500000 15.500000000 25.062500000 -40.413476290 -14.512622828 13.663476290 23.762622828 -4.116105290 11.178373529 0
FGEOM -69.125000000000000 -36.875000000000000 -13.375000000000000 2.0000000000000000 -48.250000000000000 12.500000000000000 1.8750000000000000 -48.375000000000000 -65.625000000000000 -34.625000000000000 -9.8750000000000000 4.2500000000000000 -1.1250000000000000 0.87500000000000000 1.7500000000000000 -3 -0.49604094530365156 1 4 -1 1 1 0.37500000000000000 5.5000000000000000 26.250000000000000 26.750000000000000 -56.125000000000000 -31.625000000000000 -30.125000000000000 -0.87500000000000000 -10.375000000000000 -27.875000000000000 -70 -49 2 13 -61 51 -106 -11 6138.031250000 78.345588580 4619.328125000 67.965639297 83.712969892 -69 -37 -69 -36 -69 -36 -70 -37 -82.500000000 -34.875000000 -55.750000000 -38.875000000 3083.234375000 -23.160605248 -12.355114915 -47.182846355 -21.574529633 -41.250000000 -17.437500000 1 -90.108917088 -20.988614636 36.875000000 -69.125000000 1.125000000 -8.375000000 0 -70 -37 -69 -36 2 -16.875656493 6.242099022 -10.604509217 -2.751250448 2 -16.875656493 6.242099022 2 -10.604509217 -2.751250448 -33.703601604 -24.216060432 0 -13.375000000 2.000000000 -69.125000000 -36.875000000 -69.125000000 -36.875000000 -13.375000000 2.000000000 -1 -69.125000000 -38.246503932 -13.375000000 0.628496068 -28.560617469 -31.913892290 -10.927344175 28.560617469 4 -65.714417089 -34.496768419 -13.375000000 2.000000000 4 -65.714417089 -34.496768419 -13.375000000 2.000000000 -68.202199146 -36.231522274 -14.297800854 1.356522274 -31.913892290 -10.927344175 1 -69.125000000 -36.875000000 -13.375000000 2.000000000
FGEOM -17.000000000000000 -32.937500000000000 40.750000000000000 3.9375000000000000 3.8750000000000000 14.437500000000000 52.000000000000000 -44.437500000000000 40.750000000000000 3.9375000000000000 -17.000000000000000 -32.937500000000000 0.0000000000000000 1.2500000000000000 2.0000000000000000 -2 -0.33069396353576770 2 5 -1 0 2 0.0000000000000000 6.5000000000000000 27.250000000000000 27.750000000000000 -5.0000000000000000 -28.687500000000000 21.000000000000000 2.0625000000000000 40.750000000000000 -24.937500000000000 -17 -45 52 15 -11 97 -50 45 1373.878906250 37.065872528 4694.828125000 68.518815846 103.199310348 -17 -33 -17 -32 -16 -35 -17 -33 23.750000000 -29.000000000 -57.750000000 -36.875000000 2952.484375000 -12.498019564 -24.214912905 6.388648508 -18.003189806 11.875000000 -14.500000000 1 -31.251572274 -23.592490406 17.000000000 32.937500000 24.750000000 61.812500000 0 -17 -33 -17 -32 2 36.747941621 9.059367699 43.712643332 -1.848063455 2 36.747941621 9.059367699 2 43.712643332 -1.848063455 17.421398396 -21.278560432 0 40.750000000 3.937500000 -17.000000000 -32.937500000 -17.000000000 -32.937500000 40.750000000 3.937500000 -1 -17.000000000 -32.937500000 40.750000000 3.937500000 -28.694900820 19.317830625 -9.747543216 28.694900820 4 40.750000000 3.937500000 -17.000000000 -32.937500000 -1 -17.000000000 -32.937500000 40.750000000 3.937500000 19.317830625 -9.747543216 2 -17.000000000 -32.937500000 11.875000000 -14.500000000 11.875000000 -14.500000000 40.750000000 3.937500000
FGEOM -28.875000000000000 -55.000000000000000 26.875000000000000 -17.125000000000000 -8.0000000000000000 -6.6250000000000000 38.125000000000000 -63.500000000000000 -50.625000000000000 -25.250000000000000 51.375000000000000 -25.250000000000000 1.1250000000000000 1.6250000000000000 2.2500000000000000 -1 -0.16534698176788384 3 6 -1 -1 3 0.12500000000000000 7.5000000000000000 28.250000000000000 28.750000000000000 -17.875000000000000 -48.750000000000000 8.1250000000000000 -18.000000000000000 27.875000000000000 -45.000000000000000 -29 -64 39 -6 -2 102 -84 10 3858.765625000 62.118963489 4542.578125000 67.398650765 124.376295533 -29 -55 -29 -55 -30 -54 -28 -55 -2.000000000 -72.125000000 -55.750000000 -37.875000000 2995.984375000 -13.131557646 -25.012490755 -5.093923053 -38.843797500 -1.000000000 -36.062500000 1 -36.552555513 -50.904315980 -55.000000000 28.875000000 -56.375000000 14.250000000 0 -29 -55 -28 -55 2 21.996171387 -11.428770425 30.373142397 -23.759229403 2 21.996171387 -11.428770425 2 30.373142397 -23.759229403 4.546398396 -41.341060432 0 26.875000000 -17.125000000 -28.875000000 -55.000000000 -28.875000000 -55.000000000 26.875000000 -17.125000000 2 14.915429043 -25.250000000 -28.875000000 -53.639937541 26.875000000 -15.764937541 -28.283438961 7.894016252 -30.020152636 28.283438961 4 -28.875000000 -55.000000000 26.875000000 -17.125000000 4 -28.875000000 -55.000000000 26.875000000 -17.125000000 -27.944436119 -54.367800772 25.944436119 -17.757199228 7.894016252 -30.020152636 3 -28.875000000 -55.000000000 -10.291666667 -42.375000000 -10.291666667 -42.375000000 8.291666667 -29.750000000 8.291666667 -29.750000000 26.875000000 -17.125000000
FGEOM -16.750000000000000 -18.062500000000000 37.000000000000000 17.812500000000000 4.1250000000000000 28.312500000000000 48.250000000000000 -26.562500000000000 17.500000000000000 -56.312500000000000 17.500000000000000 55.687500000000000 2.2500000000000000 2.0000000000000000 2.5000000000000000 0 0.0000000000000000 4 0 0 -1 4 0.25000000000000000 8.5000000000000000 29.250000000000000 29.750000000000000 -6.7500000000000000 -12.812500000000000 19.250000000000000 17.937500000000000 39.000000000000000 -9.0625000000000000 -17 -27 49 29 -25 75 -35 55 606.816406250 24.633643788 4176.078125000 64.622582160 140.000348772 -17 -18 -17 -18 -16 -18 -16 -18 20.250000000 -0.250000000 -53.750000000 -35.875000000 2785.734375000 -19.888957729 -21.447420835 7.994639514 -1.546891766 10.125000000 -0.125000000 1 -16.750000000 -18.062500000 -16.750000000 -18.062500000 -16.750000000 -18.062500000 0 -17 -19 -16 -18 2 31.392327675 24.200301742 40.747823259 10.183357138 2 31.392327675 24.200301742 2 40.747823259 10.183357138 15.671398396 -5.403560432 0 37.000000000 17.812500000 -16.750000000 -18.062500000 -16.750000000 -18.062500000 37.000000000 17.812500000 2 17.500000000 4.797383721 -16.750000000 -15.357368654 37.000000000 20.517631346 -26.983843213 19.104985988 5.868618555 26.983843213 4 -10.717154814 -14.035926585 37.000000000 17.812500000 4 -16.750000000 -18.062500000 37.000000000 17.812500000 -14.878556675 -16.813420386 35.128556675 16.563420386 19.104985988 5.868618555 4 -16.750000000 -18.062500000 -3.312500000 -9.093750000 -3.312500000 -9.093750000 10.125000000 -0.125000000 10.125000000 -0.125000000 23.562500000 8.843750000 23.562500000 8.843750000 37.000000000 17.812500000
FGEOM 11.375000000000000 -27.125000000000000 68.125000000000000 6.7500000000000000 37.250000000000000 17.250000000000000 79.375000000000000 -35.625000000000000 37.250000000000000 17.250000000000000 79.375000000000000 -35.625000000000000 3.3750000000000000 2.3750000000000000 2.7500000000000000 1 0.16534698176788384 5 1 1 -1 5 0.37500000000000000 9.5000000000000000 30.250000000000000 30.750000000000000 25.375000000000000 -22.875000000000000 51.375000000000000 7.8750000000000000 71.125000000000000 -19.125000000000000 11 -36 80 18 20 115 -16 75 865.156250000 29.413538549 4368.078125000 66.091437607 163.841607248 11 -27 11 -28 10 -27 12 -27 79.500000000 -20.375000000 -56.750000000 -33.875000000 2971.609375000 11.698481957 -27.896380050 37.778760656 -11.364164895 39.750000000 -10.187500000 1 19.031786218 -30.778667862 27.125000000 11.375000000 81.625000000 -8.625000000 0 11 -28 12 -27 2 62.133836838 14.122649725 71.771110096 -2.022450124 2 62.133836838 14.122649725 2 71.771110096 -2.022450124 47.796398396 -15.466060432 0 68.125000000 6.750000000 11.375000000 -27.125000000 11.375000000 -27.125000000 68.125000000 6.750000000 2 52.869916522 -2.356007979 11.375000000 -23.194451948 68.125000000 10.680548052 -24.840821813 49.982100699 -4.079792314 24.840821813 4 49.982100699 -4.079792314 57.770185955 0.569042718 4 11.375000000 -27.125000000 68.125000000 6.750000000 14.272973731 -25.395152245 65.227026269 5.020152245 49.982100699 -4.079792314 5 11.375000000 -27.125000000 22.725000000 -20.350000000 22.725000000 -20.350000000 34.075000000 -13.575000000 34.075000000 -13.575000000 45.425000000 -6.800000000 45.425000000 -6.800000000 56.775000000 -0.025000000 56.775000000 -0.025000000 68.125000000 6.750000000
FGEOM -3.5000000000000000 -14.187500000000000 55.250000000000000 26.687500000000000 13.375000000000000 39.187500000000000 62.500000000000000 -19.687500000000000 0.0000000000000000 -11.937500000000000 58.750000000000000 28.937500000000000 4.5000000000000000 2.7500000000000000 0.75000000000000000 2 0.33069396353576770 0 2 1 0 6 0.0000000000000000 100.00000000000000 31.250000000000000 31.750000000000000 9.5000000000000000 -7.9375000000000000 35.500000000000000 22.812500000000000 55.250000000000000 -4.1875000000000000 -4 -20 63 40 -26 83 -18 82 213.535156250 14.612842169 5122.328125000 71.570441699 164.445270745 -3 -14 -3 -15 -3 -14 -3 -14 51.750000000 12.500000000 -58.750000000 -40.875000000 3173.109375000 -7.484854673 -30.340393051 22.562609867 3.945422184 25.875000000 6.250000000 1 14.745168215 -16.774798819 3.500000000 14.187500000 30.250000000 92.562500000 0 -4 -15 -3 -14 0 -1 -1 31.921398396 -0.528560432 0 55.250000000 26.687500000 -3.500000000 -14.187500000 -3.500000000 -14.187500000 55.250000000 26.687500000 -1 -3.500000000 -8.705508721 55.250000000 32.169491279 -34.176338261 32.893641960 11.133182810 34.176338261 4 -0.086779998 -11.812770339 55.250000000 26.687500000 4 -0.086779998 -11.812770339 55.250000000 26.687500000 0.193913209 -11.617479533 51.556086791 24.117479533 32.893641960 11.133182810 6 -3.500000000 -14.187500000 6.291666667 -7.375000000 6.291666667 -7.375000000 16.083333333 -0.562500000 16.083333333 -0.562500000 25.875000000 6.250000000 25.875000000 6.250000000 35.666666667 13.062500000 35.666666667 13.062500000 45.458333333 19.875000000 45.458333333 19.875000000 55.250000000 26.687500000
FGEOM -34.250000000000000 -23.250000000000000 22.500000000000000 15.625000000000000 -17.375000000000000 28.125000000000000 29.750000000000000 -35.750000000000000 22.500000000000000 15.625000000000000 -34.250000000000000 -23.250000000000000 5.6250000000000000 0.50000000000000000 1.0000000000000000 3 0.49604094530365156 1 3 1 1 0 0.12500000000000000 11.500000000000000 1.2500000000000000 32.750000000000000 -22.250000000000000 -18.000000000000000 3.7500000000000000 12.750000000000000 23.500000000000000 -14.250000000000000 -35 -36 30 29 -46 66 -58 39 1713.625000000 41.395953909 4731.828125000 68.788284795 48.129058270 -34 -23 -34 -24 -34 -24 -35 -23 -11.750000000 -7.625000000 -56.750000000 -38.875000000 2954.859375000 -1.034219433 -0.702061367 -7.231409472 -4.741670365 -5.875000000 -3.812500000 1 -7.764322234 -25.089576226 -23.250000000 34.250000000 -68.750000000 45.000000000 0 -35 -24 -34 -23 2 14.506250008 23.892403526 27.321535237 5.184559494 2 14.506250008 23.892403526 2 27.321535237 5.184559494 0.171398396 -10.591060432 0 22.500000000 15.625000000 -34.250000000 -23.250000000 -34.250000000 -23.250000000 22.500000000 15.625000000 -1 -34.250000000 -16.431777939 22.500000000 22.443222061 -32.847390101 1.188368660 1.026063113 32.847390101 4 22.500000000 15.625000000 -34.250000000 -23.250000000 -1 -29.609402390 -20.071088421 17.859402390 12.446088421 1.188368660 1.026063113 0
FGEOM -9.1250000000000000 33.687500000000000 45.625000000000000 70.562500000000000 7.7500000000000000 83.062500000000000 52.875000000000000 21.187500000000000 -30.875000000000000 61.437500000000000 71.125000000000000 61.437500000000000 6.7500000000000000 0.87500000000000000 1.2500000000000000 4 0.66138792707153540 2 4 0 1 1 0.25000000000000000 12.500000000000000 2.2500000000000000 33.750000000000000 1.8750000000000000 37.937500000000000 27.875000000000000 68.687500000000000 47.625000000000000 41.687500000000000 -10 21 53 84 -76 32 24 117 1218.113281250 34.901479643 4357.328125000 66.010060786 66.480392434 -9 34 -9 34 -10 32 -10 34 36.500000000 104.250000000 -54.750000000 -36.875000000 2744.609375000 -0.588263025 2.171738155 18.867891962 52.541160111 18.250000000 52.125000000 1 24.760006593 33.733847822 -9.125000000 33.687500000 -9.125000000 33.687500000 0 -10 33 -9 34 2 36.805217705 79.420346255 50.518207451 59.060042835 2 36.805217705 79.420346255 2 50.518207451 59.060042835 24.296398396 45.346439568 0 45.625000000 70.562500000 -9.125000000 33.687500000 -9.125000000 33.687500000 45.625000000 70.562500000 2 32.076694915 61.437500000 -9.125000000 41.825726672 45.625000000 78.700726672 -31.525734111 25.361125206 56.914456474 31.525734111 4 -9.125000000 33.687500000 45.625000000 70.562500000 4 -9.125000000 33.687500000 45.625000000 70.562500000 -3.526421608 37.458232022 40.026421608 66.791767978 25.361125206 56.914456474 1 -9.125000000 33.687500000 45.625000000 70.562500000
FGEOM 14.000000000000000 4.6250000000000000 66.750000000000000 42.500000000000000 30.875000000000000 55.000000000000000 74.000000000000000 -4.8750000000000000 48.250000000000000 -32.625000000000000 48.250000000000000 79.375000000000000 7.8750000000000000 1.2500000000000000 1.5000000000000000 5 0.82673490883941920 3 5 -1 1 2 0.37500000000000000 13.500000000000000 3.2500000000000000 34.750000000000000 24.000000000000000 10.875000000000000 50.000000000000000 41.625000000000000 69.750000000000000 14.625000000000000 14 -5 74 55 -25 79 18 110 217.390625000 14.744172578 4217.078125000 64.939033909 87.036854622 14 5 14 5 15 5 14 4 80.750000000 47.125000000 -52.750000000 -37.875000000 2798.109375000 3.085964964 1.019470569 42.227437177 24.892567452 40.375000000 23.562500000 1 56.507965479 8.466599837 -4.625000000 14.000000000 81.250000000 38.125000000 0 14 4 14 5 2 56.768584411 51.589628312 72.172008713 30.136674334 2 56.768584411 51.589628312 2 72.172008713 30.136674334 46.421398396 18.283939568 0 66.750000000 42.500000000 14.000000000 4.625000000 14.000000000 4.625000000 66.750000000 42.500000000 2 48.250000000 29.216824645 14.000000000 14.319689896 66.750000000 52.194689896 -31.077466102 49.000601164 29.755763395 31.077466102 4 18.951475214 8.180206137 66.750000000 42.500000000 4 14.000000000 4.625000000 66.750000000 42.500000000 20.396865260 9.218009890 60.353134740 37.906990110 49.000601164 29.755763395 2 14.000000000 4.625000000 40.375000000 23.562500000 40.375000000 23.562500000 66.750000000 42.500000000
FGEOM 18.125000000000000 10.250000000000000 77.875000000000000 46.125000000000000 40.000000000000000 58.625000000000000 91.125000000000000 0.75000000000000000 40.000000000000000 58.625000000000000 91.125000000000000 0.75000000000000000 9.0000000000000000 1.6250000000000000 1.7500000000000000 6 -0.82673490883941920 4 6 -1 0 3 0.0000000000000000 14.500000000000000 4.2500000000000000 35.750000000000000 32.125000000000000 15.500000000000000 58.125000000000000 46.250000000000000 77.875000000000000 19.250000000000000 18 0 92 59 -19 91 28 124 433.578125000 20.822538870 4857.078125000 69.692740834 115.623015186 18 10 18 11 20 12 18 10 96.000000000 56.375000000 -59.750000000 -35.875000000 3042.484375000 3.699416794 2.092083980 48.774712932 28.652651907 48.000000000 28.187500000 1 -10.406178558 41.955464519 -18.125000000 -10.250000000 61.875000000 107.000000000 0 18 10 19 11 2 67.987904458 56.731382123 82.589258221 32.412751117 2 67.987904458 56.731382123 2 82.589258221 32.412751117 54.546398396 22.908939568 0 77.875000000 46.125000000 18.125000000 10.250000000 18.125000000 10.250000000 77.875000000 46.125000000 2 60.341650871 35.597654393 18.125000000 20.747651339 77.875000000 56.622651339 -30.213198675 55.552530859 32.722178570 30.213198675 4 55.552530859 32.722178570 67.589103612 39.949158445 4 18.125000000 10.250000000 77.875000000 46.125000000 25.841011647 14.882835445 70.158988353 41.492164555 55.552530859 32.722178570 3 18.125000000 10.250000000 38.041666667 22.208333333 38.041666667 22.208333333 57.958333333 34.166666667 57.958333333 34.166666667 77.875000000 46.125000000
FGEOM -70.750000000000000 33.187500000000000 -13.000000000000000 67.062500000000000 -48.875000000000000 79.562500000000000 0.25000000000000000 23.687500000000000 -67.250000000000000 35.437500000000000 -9.5000000000000000 69.312500000000000 -9.0000000000000000 2.0000000000000000 2.0000000000000000 -6 -0.66138792707153540 5 0 -1 -1 4 0.12500000000000000 2.5000000000000000 5.2500000000000000 36.750000000000000 -57.750000000000000 37.437500000000000 -31.750000000000000 68.187500000000000 -12.000000000000000 41.187500000000000 -71 23 1 80 -129 -23 -38 55 6106.972656250 78.147121868 4482.578125000 66.952058407 133.904116815 -71 33 -71 34 -70 33 -70 33 -83.750000000 100.250000000 -57.750000000 -33.875000000 2834.234375000 -4.753054126 2.229568676 -39.051011941 51.781495160 -41.875000000 50.125000000 1 -94.621563194 56.402011967 70.750000000 -33.187500000 -27.000000000 125.937500000 0 -71 33 -70 34 2 -14.344535576 69.170158436 -11.816504562 64.860378626 2 -14.344535576 69.170158436 2 -11.816504562 64.860378626 -35.328601604 44.846439568 0 -13.000000000 67.062500000 -70.750000000 33.187500000 -70.750000000 33.187500000 -13.000000000 67.062500000 -1 -70.750000000 22.753412975 -13.000000000 56.628412975 -28.933249717 -34.235960402 54.605908509 28.933249717 4 -67.164038726 35.290953474 -13.000000000 67.062500000 4 -67.164038726 35.290953474 -13.000000000 67.062500000 -62.986982516 37.741131468 -20.763017484 62.508868532 -34.235960402 54.605908509 4 -70.750000000 33.187500000 -56.312500000 41.656250000 -56.312500000 41.656250000 -41.875000000 50.125000000 -41.875000000 50.125000000 -27.437500000 58.593750000 -27.437500000 58.593750000 -13.000000000 67.062500000
FGEOM -8.6250000000000000 -33.875000000000000 47.125000000000000 7.0000000000000000 13.250000000000000 13.500000000000000 60.375000000000000 -40.375000000000000 47.125000000000000 7.0000000000000000 -8.6250000000000000 -33.875000000000000 -7.8750000000000000 2.3750000000000000 2.2500000000000000 -5 -0.49604094530365156 0 1 0 -1 5 0.25000000000000000 3.5000000000000000 6.2500000000000000 0.75000000000000000 3.3750000000000000 -27.625000000000000 29.375000000000000 3.1250000000000000 49.125000000000000 -23.875000000000000 -9 -41 61 14 -1 101 -43 55 1221.906250000 34.955775632 4778.828125000 69.129068596 161.213107456 -9 -34 -9 -34 -8 -34 -8 -34 38.500000000 -26.875000000 -55.750000000 -40.875000000 3155.984375000 -1.542127131 -6.056760183 -8.020153141 -33.431536047 19.250000000 -13.437500000 1 -28.536496053 -17.753719741 -33.875000000 8.625000000 -34.125000000 35.375000000 0 -9 -34 -8 -33 2 44.915246732 9.714220053 49.048935288 4.076222818 2 44.915246732 9.714220053 2 49.048935288 4.076222818 25.796398396 -20.216060432 0 47.125000000 7.000000000 -8.625000000 -33.875000000 -8.625000000 -33.875000000 47.125000000 7.000000000 -1 -8.625000000 -43.639868434 47.125000000 -2.764868434 -25.271794637 28.192839919 -6.880754140 25.271794637 4 47.125000000 7.000000000 -8.625000000 -33.875000000 -1 -2.274107981 -29.218628498 40.774107981 2.343628498 28.192839919 -6.880754140 5 -8.625000000 -33.875000000 2.525000000 -25.700000000 2.525000000 -25.700000000 13.675000000 -17.525000000 13.675000000 -17.525000000 24.825000000 -9.350000000 24.825000000 -9.350000000 35.975000000 -1.175000000 35.975000000 -1.175000000 47.125000000 7.000000000
FGEOM -19.500000000000000 -25.937500000000000 34.250000000000000 12.937500000000000 2.3750000000000000 19.437500000000000 47.500000000000000 -32.437500000000000 -41.250000000000000 2.8125000000000000 60.750000000000000 2.8125000000000000 -6.7500000000000000 2.7500000000000000 2.5000000000000000 -4 -0.33069396353576770 1 2 1 -1 6 0.37500000000000000 4.5000000000000000 7.2500000000000000 1.7500000000000000 -8.5000000000000000 -20.687500000000000 17.500000000000000 10.062500000000000 37.250000000000000 -16.937500000000000 -20 -33 48 20 -18 80 -46 48 1053.003906250 32.450021668 4400.328125000 66.334969096 176.900947743 -19 -26 -20 -26 -20 -26 -19 -25 14.750000000 -13.000000000 -53.750000000 -38.875000000 2939.734375000 -4.356699710 -5.794969166 -18.082007329 -24.911928557 7.375000000 -6.500000000 1 -33.047990577 -16.376156453 -19.500000000 -25.937500000 -19.500000000 -25.937500000 0 -20 -26 -19 -25 2 31.371537640 16.396467251 36.633754934 9.120732727 2 31.371537640 16.396467251 2 36.633754934 9.120732727 13.921398396 -13.278560432 0 34.250000000 12.937500000 -19.500000000 -25.937500000 -19.500000000 -25.937500000 34.250000000 12.937500000 2 20.250803859 2.812500000 -19.500000000 -34.267937980 34.250000000 4.607062020 -23.946881210 16.408850015 0.033784546 23.946881210 4 -19.500000000 -25.937500000 34.250000000 12.937500000 4 -19.500000000 -25.937500000 34.250000000 12.937500000 -14.030599698 -21.981724433 28.780599698 8.981724433 16.408850015 0.033784546 6 -19.500000000 -25.937500000 -10.541666667 -19.458333333 -10.541666667 -19.458333333 -1.583333333 -12.979166667 -1.583333333 -12.979166667 7.375000000 -6.500000000 7.375000000 -6.500000000 16.333333333 -0.020833333 16.333333333 -0.020833333 25.291666667 6.458333333 25.291666667 6.458333333 34.250000000 12.937500000
FGEOM 4.7500000000000000 -16.000000000000000 60.500000000000000 20.875000000000000 26.625000000000000 35.375000000000000 69.750000000000000 -29.500000000000000 39.000000000000000 -55.250000000000000 39.000000000000000 56.750000000000000 -5.6250000000000000 0.50000000000000000 2.7500000000000000 -3 -0.16534698176788384 2 3 1 0 0 0.0000000000000000 5.5000000000000000 8.2500000000000000 2.7500000000000000 14.750000000000000 -11.750000000000000 40.750000000000000 19.000000000000000 60.500000000000000 -8.0000000000000000 4 -30 70 36 -9 100 -12 82 278.562500000 16.690191730 4467.828125000 66.841814196 105.167690685 5 -16 5 -16 4 -15 5 -16 65.250000000 4.875000000 -55.750000000 -36.875000000 3113.984375000 2.347935880 -7.908836647 7.043661563 -14.482892016 32.625000000 2.437500000 1 -3.407700588 -11.698805300 16.000000000 4.750000000 78.000000000 13.500000000 0 4 -16 5 -16 2 57.098610767 25.197100332 63.146464266 16.053565889 2 57.098610767 25.197100332 2 63.146464266 16.053565889 37.171398396 -4.341060432 0 60.500000000 20.875000000 4.750000000 -16.000000000 4.750000000 -16.000000000 60.500000000 20.875000000 2 39.000000000 6.654147982 4.750000000 -22.744129235 60.500000000 14.130870765 -30.781863864 43.606604160 9.701117101 30.781863864 4 10.516051388 -12.186131929 60.500000000 20.875000000 4 4.750000000 -16.000000000 60.500000000 20.875000000 9.441580469 -12.896824578 55.808419531 17.771824578 43.606604160 9.701117101 0
FGEOM -46.125000000000000 -8.0625000000000000 12.625000000000000 29.812500000000000 -28.250000000000000 44.312500000000000 21.875000000000000 -18.562500000000000 -28.250000000000000 44.312500000000000 21.875000000000000 -18.562500000000000 -4.5000000000000000 0.87500000000000000 0.75000000000000000 -2 0.0000000000000000 3 4 1 1 1 0.12500000000000000 100.00000000000000 9.2500000000000000 3.7500000000000000 -32.125000000000000 -1.8125000000000000 -6.1250000000000000 28.937500000000000 13.625000000000000 1.9375000000000000 -47 -19 22 45 -73 41 -55 43 2192.519531250 46.824347633 4886.078125000 69.900487302 58.732593831 -46 -8 -46 -9 -45 -8 -47 -8 -33.500000000 21.750000000 -58.750000000 -37.875000000 3033.859375000 -9.111846114 -1.592721069 -42.973197938 -6.030593564 -16.750000000 10.875000000 1 -46.125000000 -8.062500000 46.125000000 8.062500000 -10.375000000 96.687500000 0 -47 -9 -46 -8 0 -1 -1 -9.703601604 5.596439568 0 12.625000000 29.812500000 -46.125000000 -8.062500000 -46.125000000 -8.062500000 12.625000000 29.812500000 2 -6.738487076 17.329230672 -46.125000000 -13.416579878 12.625000000 24.458420122 -34.334748120 -9.646001154 15.454812022 34.334748120 4 -9.646001154 15.454812022 -2.871064232 19.822484123 4 -46.125000000 -8.062500000 12.625000000 29.812500000 -42.342837526 -5.624212277 8.842837526 27.374212277 -9.646001154 15.454812022 1 -46.125000000 -8.062500000 12.625000000 29.812500000
FGEOM -60.000000000000000 28.875000000000000 -3.2500000000000000 64.750000000000000 -42.125000000000000 79.250000000000000 6.0000000000000000 18.375000000000000 -56.500000000000000 31.125000000000000 0.25000000000000000 67.000000000000000 -3.3750000000000000 1.2500000000000000 1.0000000000000000 -1 0.16534698176788384 4 5 0 1 2 0.25000000000000000 7.5000000000000000 10.250000000000000 4.7500000000000000 -47.000000000000000 34.125000000000000 -21.000000000000000 64.875000000000000 -1.2500000000000000 37.875000000000000 -60 18 6 80 -122 -12 -32 62 4433.765625000 66.586527354 4507.578125000 67.138499574 79.493047062 -60 29 -60 29 -60 30 -60 29 -63.250000000 93.625000000 -56.750000000 -35.875000000 2821.609375000 -9.236102624 4.444874388 -55.984978787 31.413130150 -31.625000000 46.812500000 1 -51.464755813 26.619921040 28.875000000 60.000000000 -92.500000000 97.125000000 0 -60 28 -60 29 2 -7.940672594 70.602144104 0.024307792 58.002488719 2 -7.940672594 70.602144104 2 0.024307792 58.002488719 -24.578601604 41.533939568 0 -3.250000000 64.750000000 -60.000000000 28.875000000 -60.000000000 28.875000000 -3.250000000 64.750000000 -1 -60.000000000 24.882181743 -3.250000000 60.757181743 -33.028972037 -24.476193736 51.331679290 33.028972037 4 -56.483087509 31.098246443 -3.250000000 64.750000000 4 -56.483087509 31.098246443 -3.250000000 64.750000000 -57.147221770 30.678408265 -6.102778230 62.946591735 -24.476193736 51.331679290 2 -60.000000000 28.875000000 -31.625000000 46.812500000 -31.625000000 46.812500000 -3.250000000 64.750000000
FGEOM -74.875000000000000 -20.187500000000000 -20.125000000000000 13.687500000000000 -57.000000000000000 28.187500000000000 -10.875000000000000 -30.687500000000000 -20.125000000000000 13.687500000000000 -74.875000000000000 -20.187500000000000 -2.2500000000000000 1.6250000000000000 1.2500000000000000 0 0.33069396353576770 5 6 -1 1 3 0.37500000000000000 8.5000000000000000 11.250000000000000 5.7500000000000000 -62.875000000000000 -15.937500000000000 -36.875000000000000 14.812500000000000 -17.125000000000000 -12.187500000000000 -75 -31 -10 29 -86 20 -96 -6 6013.800781250 77.548699417 4145.078125000 64.382281142 98.531373890 -75 -20 -74 -20 -75 -18 -75 -21 -95.000000000 -6.500000000 -54.750000000 -33.875000000 2617.359375000 -10.862126075 -2.928603274 -69.985261792 -17.162114031 -47.500000000 -3.250000000 1 -58.199146373 -23.370412079 -74.875000000 -20.187500000 -74.875000000 -20.187500000 0 -75 -21 -74 -20 2 -25.512470994 20.262084115 -16.646148039 5.932012328 2 -25.512470994 20.262084115 2 -16.646148039 5.932012328 -40.453601604 -8.528560432 0 -20.125000000 13.687500000 -74.875000000 -20.187500000 -74.875000000 -20.187500000 -20.125000000 13.687500000 -1 -74.875000000 -22.833347170 -20.125000000 11.041652830 -31.732575932 -40.303775656 1.202458441 31.732575932 4 -20.125000000 13.687500000 -74.875000000 -20.187500000 -1 -72.961624180 -19.003653317 -22.038375820 12.503653317 -40.303775656 1.202458441 3 -74.875000000 -20.187500000 -56.625000000 -8.895833333 -56.625000000 -8.895833333 -38.375000000 2.395833333 -38.375000000 2.395833333 -20.125000000 13.687500000
FGEOM -37.750000000000000 -67.250000000000000 19.000000000000000 -26.375000000000000 -19.875000000000000 -17.875000000000000 24.250000000000000 -74.750000000000000 -59.500000000000000 -37.500000000000000 42.500000000000000 -37.500000000000000 -1.1250000000000000 2.0000000000000000 1.5000000000000000 1 0.49604094530365156 0 0 -1 0 4 0.0000000000000000 9.5000000000000000 12.250000000000000 6.7500000000000000 -26.750000000000000 -61.000000000000000 -0.75000000000000000 -30.250000000000000 19.000000000000000 -57.250000000000000 -38 -75 25 -17 -2 99 -105 -7 5947.625000000 77.120846728 4891.328125000 69.938030606 129.001831988 -38 -67 -38 -67 -37 -67 -38 -68 -18.750000000 -93.625000000 -56.750000000 -40.875000000 3032.609375000 -5.996271042 -10.682098744 -32.272829758 -63.304989716 -9.375000000 -46.812500000 1 -12.095690772 -69.806576116 67.250000000 -37.750000000 29.500000000 -35.750000000 0 -38 -68 -37 -67 2 12.452128538 -19.492022496 23.453680531 -34.766348505 2 12.452128538 -19.492022496 2 23.453680531 -34.766348505 -4.328601604 -53.591060432 0 19.000000000 -26.375000000 -37.750000000 -67.250000000 -37.750000000 -67.250000000 19.000000000 -26.375000000 2 3.554281346 -37.500000000 -37.750000000 -68.636436730 19.000000000 -27.761436730 -29.617514349 -2.565163155 -41.907617515 29.617514349 4 -37.750000000 -67.250000000 19.000000000 -26.375000000 4 -37.750000000 -67.250000000 19.000000000 -26.375000000 -36.837138293 -66.592498286 18.087138293 -27.032501714 -2.565163155 -41.907617515 4 -37.750000000 -67.250000000 -23.562500000 -57.031250000 -23.562500000 -57.031250000 -9.375000000 -46.812500000 -9.375000000 -46.812500000 4.812500000 -36.593750000 4.812500000 -36.593750000 19.000000000 -26.375000000
FGEOM 20.375000000000000 1.6875000000000000 75.125000000000000 40.562500000000000 38.250000000000000 49.062500000000000 80.375000000000000 -5.8125000000000000 54.625000000000000 -36.562500000000000 54.625000000000000 75.437500000000000 0.0000000000000000 2.3750000000000000 1.7500000000000000 2 0.66138792707153540 1 1 -1 -1 5 0.12500000000000000 10.500000000000000 13.250000000000000 7.7500000000000000 30.375000000000000 6.9375000000000000 56.375000000000000 37.687500000000000 76.125000000000000 10.687500000000000 20 -6 81 50 -11 87 22 116 417.988281250 20.444761707 4508.828125000 67.147808043 146.752774942 20 2 20 2 20 2 21 1 95.500000000 42.250000000 -54.750000000 -38.875000000 2820.359375000 13.204788291 1.093648110 26.694081923 6.174336708 47.750000000 21.125000000 1 53.242440658 0.697916128 -20.375000000 -1.687500000 56.125000000 96.437500000 0 20 1 21 2 2 67.782092487 48.067945307 79.790410242 31.155909370 2 67.782092487 48.067945307 2 79.790410242 31.155909370 52.796398396 14.346439568 0 75.125000000 40.562500000 20.375000000 1.687500000 20.375000000 1.687500000 75.125000000 40.562500000 2 54.625000000 26.006563927 20.375000000 1.687500000 75.125000000 40.562500000 -28.279264511 54.622186076 26.004565912 28.279264511 4 25.089080017 5.034712067 75.125000000 40.562500000 4 20.375000000 1.687500000 75.125000000 40.562500000 20.375000000 1.687500000 75.125000000 40.562500000 54.622186076 26.004565912 5 20.375000000 1.687500000 31.325000000 9.462500000 31.325000000 9.462500000 42.275000000 17.237500000 42.275000000 17.237500000 53.225000000 25.012500000 53.225000000 25.012500000 64.175000000 32.787500000 64.175000000 32.787500000 75.125000000 40.562500000
FGEOM -29.500000000000000 -54.375000000000000 28.250000000000000 -17.500000000000000 -6.6250000000000000 -9.0000000000000000 43.500000000000000 -61.875000000000000 -6.6250000000000000 -9.0000000000000000 43.500000000000000 -61.875000000000000 1.1250000000000000 2.7500000000000000 2.0000000000000000 3 0.82673490883941920 2 2 0 -1 6 0.25000000000000000 11.500000000000000 14.250000000000000 8.7500000000000000 -15.500000000000000 -50.125000000000000 10.500000000000000 -19.375000000000000 30.250000000000000 -46.375000000000000 -30 -62 44 -9 2 106 -84 11 3826.890625000 61.861867293 4694.828125000 68.518815846 175.101321115 -29 -54 -30 -54 -30 -54 -29 -54 -1.250000000 -71.875000000 -57.750000000 -36.875000000 2994.234375000 -6.795381685 -12.525385733 -22.125200921 -49.665983272 -0.625000000 -35.937500000 1 11.265656496 -56.561335769 -54.375000000 29.500000000 -52.000000000 13.875000000 0 -30 -55 -29 -54 2 20.522022252 -8.983641628 32.724424137 -28.093843903 2 20.522022252 -8.983641628 2 32.724424137 -28.093843903 6.921398396 -42.716060432 0 28.250000000 -17.500000000 -29.500000000 -54.375000000 -29.500000000 -54.375000000 28.250000000 -17.500000000 2 11.544855142 -28.166705050 -29.500000000 -53.040217873 28.250000000 -16.165217873 -25.932885778 7.331387764 -30.857122532 25.932885778 4 7.331387764 -30.857122532 18.955038623 -23.435094386 4 -29.500000000 -54.375000000 28.250000000 -17.500000000 -28.551811547 -53.769554992 27.301811547 -18.105445008 7.331387764 -30.857122532 6 -29.500000000 -54.375000000 -19.875000000 -48.229166667 -19.875000000 -48.229166667 -10.250000000 -42.083333333 -10.250000000 -42.083333333 -0.625000000 -35.937500000 -0.625000000 -35.937500000 9.000000000 -29.791666667 9.000000000 -29.791666667 18.625000000 -23.645833333 18.625000000 -23.645833333 28.250000000 -17.500000000
FGEOM 15.750000000000000 -4.7500000000000000 71.500000000000000 33.125000000000000 38.625000000000000 41.625000000000000 86.750000000000000 -16.250000000000000 19.250000000000000 -2.5000000000000000 75.000000000000000 35.375000000000000 2.2500000000000000 0.50000000000000000 2.2500000000000000 4 -0.82673490883941920 3 3 1 -1 0 0.37500000000000000 12.500000000000000 15.250000000000000 9.7500000000000000 28.750000000000000 1.5000000000000000 54.750000000000000 32.250000000000000 74.500000000000000 5.2500000000000000 15 -17 87 42 -3 103 11 105 270.625000000 16.450683876 4542.578125000 67.398650765 89.661870249 16 -5 15 -5 15 -6 16 -4 87.250000000 28.375000000 -55.750000000 -37.875000000 3031.734375000 14.600456845 -4.403312382 23.814886965 0.729059978 43.625000000 14.187500000 1 -10.987012308 27.045751573 15.750000000 -4.750000000 15.750000000 -4.750000000 0 15 -5 16 -4 2 62.679810447 41.982440728 76.484950065 21.662004194 2 62.679810447 41.982440728 2 76.484950065 21.662004194 51.171398396 8.908939568 0 71.500000000 33.125000000 15.750000000 -4.750000000 15.750000000 -4.750000000 71.500000000 33.125000000 -1 15.750000000 -2.029875081 71.500000000 35.845124919 -25.505193435 52.957767650 20.527922865 25.505193435 4 19.190593344 -2.412556540 71.500000000 33.125000000 4 19.190593344 -2.412556540 71.500000000 33.125000000 17.611127761 -3.485601543 69.638872239 31.860601543 52.957767650 20.527922865 0
FGEOM -61.125000000000000 -33.812500000000000 -3.3750000000000000 2.0625000000000000 -38.250000000000000 18.562500000000000 7.8750000000000000 -45.312500000000000 -3.3750000000000000 2.0625000000000000 -61.125000000000000 -33.812500000000000 3.3750000000000000 0.87500000000000000 2.5000000000000000 5 -0.66138792707153540 4 4 1 0 1 0.0000000000000000 13.500000000000000 16.250000000000000 10.750000000000000 -49.125000000000000 -28.562500000000000 -23.125000000000000 2.1875000000000000 -3.3750000000000000 -24.812500000000000 -62 -46 8 19 -57 54 -95 -1 4879.550781250 69.853781438 4622.078125000 67.985867098 102.942969079 -61 -34 -61 -34 -60 -32 -61 -33 -64.500000000 -31.750000000 -57.750000000 -35.875000000 3199.984375000 -14.219434217 -7.865760646 -51.993506551 -28.139905585 -32.250000000 -15.875000000 1 -88.470979980 -8.718618377 33.812500000 -61.125000000 14.125000000 -4.312500000 0 -62 -34 -61 -33 2 -12.633966189 11.887037908 1.329764718 -10.591163065 2 -12.633966189 11.887037908 2 1.329764718 -10.591163065 -26.703601604 -21.153560432 0 -3.375000000 2.062500000 -61.125000000 -33.812500000 -61.125000000 -33.812500000 -3.375000000 2.062500000 -1 -61.125000000 -29.839299975 -3.375000000 6.035700025 -32.418732291 -21.143179559 -8.975308514 32.418732291 4 -3.375000000 2.062500000 -61.125000000 -33.812500000 -1 -58.258135778 -32.031569195 -6.241864222 0.281569195 -21.143179559 -8.975308514 1 -61.125000000 -33.812500000 -3.375000000 2.062500000
FGEOM -63.000000000000000 -40.875000000000000 -7.2500000000000000 -7.0000000000000000 -40.125000000000000 9.5000000000000000 4.0000000000000000 -52.375000000000000 -84.750000000000000 -13.125000000000000 17.250000000000000 -13.125000000000000 4.5000000000000000 1.2500000000000000 2.7500000000000000 6 -0.49604094530365156 5 5 1 1 2 0.12500000000000000 14.500000000000000 17.250000000000000 11.750000000000000 -52.000000000000000 -36.625000000000000 -26.000000000000000 -5.8750000000000000 -6.2500000000000000 -32.875000000000000 -63 -53 4 10 -50 57 -104 -14 5639.765625000 75.098372985 4255.578125000 65.234792289 116.337588811 -63 -41 -63 -41 -65 -40 -63 -40 -70.250000000 -47.875000000 -55.750000000 -33.875000000 2981.734375000 -14.471019235 -9.388935099 -52.958387587 -34.773482144 -35.125000000 -23.937500000 1 -84.218811983 -23.916193601 63.000000000 40.875000000 -17.250000000 59.875000000 0 -63 -41 -63 -40 2 -17.345545830 3.408167677 -2.663194536 -20.755406778 2 -17.345545830 3.408167677 2 -2.663194536 -20.755406778 -29.578601604 -29.216060432 0 -7.250000000 -7.000000000 -63.000000000 -40.875000000 -63.000000000 -40.875000000 -7.250000000 -7.000000000 2 -17.330258303 -13.125000000 -63.000000000 -35.609411385 -7.250000000 -1.734411385 -31.172255688 -23.937929813 -17.139975290 31.172255688 4 -63.000000000 -40.875000000 -7.250000000 -7.000000000 4 -63.000000000 -40.875000000 -7.250000000 -7.000000000 -59.154276097 -38.538248481 -11.095723903 -9.336751519 -23.937929813 -17.139975290 2 -63.000000000 -40.875000000 -35.125000000 -23.937500000 -35.125000000 -23.937500000 -7.250000000 -7.000000000
FGEOM 6.1250000000000000 21.062500000000000 59.875000000000000 61.937500000000000 20.000000000000000 72.437500000000000 71.125000000000000 12.562500000000000 40.375000000000000 -16.187500000000000 40.375000000000000 95.812500000000000 5.6250000000000000 1.6250000000000000 0.75000000000000000 -6 -0.33069396353576770 0 6 0 1 3 0.25000000000000000 100.00000000000000 18.250000000000000 12.750000000000000 16.125000000000000 27.312500000000000 42.125000000000000 58.062500000000000 61.875000000000000 31.062500000000000 6 12 72 73 -53 59 27 122 481.144531250 21.935006981 4559.828125000 67.526499428 92.567469060 6 21 7 21 6 24 6 21 66.000000000 83.000000000 -53.750000000 -40.875000000 2845.734375000 5.096020717 17.524071241 16.273793523 28.780303446 33.000000000 41.500000000 1 -9.804649459 28.351344343 -6.125000000 -21.062500000 33.875000000 123.812500000 0 6 21 7 22 0 -1 -1 38.546398396 34.721439568 0 59.875000000 61.937500000 6.125000000 21.062500000 6.125000000 21.062500000 59.875000000 61.937500000 2 40.375000000 47.108430233 6.125000000 28.129226684 59.875000000 69.004226684 -32.494881914 39.669734245 46.572100228 32.494881914 4 9.877548582 23.916182293 59.875000000 61.937500000 4 6.125000000 21.062500000 59.875000000 61.937500000 10.602408907 24.467413285 55.397591093 58.532586715 39.669734245 46.572100228 3 6.125000000 21.062500000 24.041666667 34.687500000 24.041666667 34.687500000 41.958333333 48.312500000 41.958333333 48.312500000 59.875000000 61.937500000
FGEOM -42.750000000000000 19.000000000000000 14.000000000000000 57.875000000000000 -23.875000000000000 68.375000000000000 25.250000000000000 10.500000000000000 -23.875000000000000 68.375000000000000 25.250000000000000 10.500000000000000 6.7500000000000000 2.0000000000000000 1.0000000000000000 -5 -0.16534698176788384 1 0 -1 1 4 0.37500000000000000 3.5000000000000000 19.250000000000000 13.750000000000000 -28.750000000000000 24.250000000000000 -2.7500000000000000 55.000000000000000 17.000000000000000 28.000000000000000 -43 10 26 69 -93 15 -24 72 2188.562500000 46.782074559 4731.828125000 68.788284795 119.972978729 -43 19 -42 19 -43 19 -43 19 -28.750000000 76.875000000 -56.750000000 -38.875000000 2990.609375000 -17.590872311 7.818165472 -31.406316954 26.770672747 -14.375000000 38.437500000 1 -50.619427497 22.780133536 19.000000000 42.750000000 -73.250000000 87.250000000 0 -43 19 -42 19 2 11.877655274 60.658101304 15.828510088 54.890615498 2 11.877655274 60.658101304 2 15.828510088 54.890615498 -6.328601604 31.658939568 0 14.000000000 57.875000000 -42.750000000 19.000000000 -42.750000000 19.000000000 14.000000000 57.875000000 2 -4.313814394 45.329633752 -42.750000000 27.181866473 14.000000000 66.056866473 -30.067120167 -6.882872634 43.569772270 30.067120167 4 -6.882872634 43.569772270 -0.431066052 47.989401889 4 -42.750000000 19.000000000 14.000000000 57.875000000 -37.181282868 22.814693894 8.431282868 54.060306106 -6.882872634 43.569772270 4 -42.750000000 19.000000000 -28.562500000 28.718750000 -28.562500000 28.718750000 -14.375000000 38.437500000 -14.375000000 38.437500000 -0.187500000 48.156250000 -0.187500000 48.156250000 14.000000000 57.875000000
FGEOM -67.625000000000000 -33.062500000000000 -8.8750000000000000 3.8125000000000000 -48.750000000000000 14.312500000000000 -1.6250000000000000 -41.562500000000000 -64.125000000000000 -30.812500000000000 -5.3750000000000000 6.0625000000000000 7.8750000000000000 2.3750000000000000 1.2500000000000000 -4 0.0000000000000000 2 1 -1 0 5 0.0000000000000000 4.5000000000000000 20.250000000000000 14.750000000000000 -54.625000000000000 -28.812500000000000 -28.625000000000000 1.9375000000000000 -8.8750000000000000 -25.062500000000000 -68 -42 -1 15 -64 40 -101 -5 5666.269531250 75.274627407 4811.328125000 69.363737825 146.947621674 -68 -33 -68 -33 -68 -33 -68 -34 -76.500000000 -29.250000000 -58.750000000 -36.875000000 2855.859375000 -18.192135879 -8.894306728 -55.131980921 -25.221136961 -38.250000000 -14.625000000 1 -67.625000000 -33.062500000 -67.625000000 -33.062500000 -67.625000000 -33.062500000 0 -68 -34 -67 -33 2 -11.509508609 7.460700157 -6.735027398 -0.146100417 2 -11.509508609 7.460700157 2 -6.735027398 -0.146100417 -32.203601604 -21.403560432 0 -8.875000000 3.812500000 -67.625000000 -33.062500000 -67.625000000 -33.062500000 -8.875000000 3.812500000 -1 -67.625000000 -23.764807483 -8.875000000 13.110192517 -30.091596711 -32.752770561 -11.174611310 30.091596711 4 -64.101049363 -30.850658643 -8.875000000 3.812500000 4 -64.101049363 -30.850658643 -8.875000000 3.812500000 -60.954998289 -28.876009564 -15.545001711 -0.373990436 -32.752770561 -11.174611310 5 -67.625000000 -33.062500000 -55.875000000 -25.687500000 -55.875000000 -25.687500000 -44.125000000 -18.312500000 -44.125000000 -18.312500000 -32.375000000 -10.937500000 -32.375000000 -10.937500000 -20.625000000 -3.562500000 -20.625000000 -3.562500000 -8.875000000 3.812500000
FGEOM -77.500000000000000 -1.1250000000000000 -20.750000000000000 36.750000000000000 -58.625000000000000 47.250000000000000 -13.500000000000000 -6.6250000000000000 -20.750000000000000 36.750000000000000 -77.500000000000000 -1.1250000000000000 9.0000000000000000 2.7500000000000000 1.5000000000000000 -3 0.16534698176788384 3 2 -1 -1 6 0.12500000000000000 5.5000000000000000 21.250000000000000 15.750000000000000 -65.500000000000000 5.1250000000000000 -39.500000000000000 35.875000000000000 -19.750000000000000 8.8750000000000000 -78 -7 -13 48 -106 -6 -79 16 6007.515625000 77.508164892 4655.078125000 68.228132944 166.081799311 -77 -1 -78 -1 -78 -2 -77 -2 -98.250000000 35.625000000 -56.750000000 -37.875000000 2903.359375000 -21.247761475 -0.308435247 -64.399648848 7.618185901 -49.125000000 17.812500000 1 -69.280306297 -3.571950944 1.125000000 -77.500000000 -10.250000000 28.375000000 0 -78 -2 -77 -1 2 -24.162017041 41.063715303 -18.075537713 31.944040005 2 -24.162017041 41.063715303 2 -18.075537713 31.944040005 -43.078601604 12.533939568 0 -20.750000000 36.750000000 -77.500000000 -1.125000000 -77.500000000 -1.125000000 -20.750000000 36.750000000 -1 -77.500000000 9.695320643 -20.750000000 47.570320643 -29.758847815 -42.105181673 22.497532936 29.758847815 4 -20.750000000 36.750000000 -77.500000000 -1.125000000 -1 -70.014085056 3.871106229 -28.235914944 31.753893771 -42.105181673 22.497532936 6 -77.500000000 -1.125000000 -68.041666667 5.187500000 -68.041666667 5.187500000 -58.583333333 11.500000000 -58.583333333 11.500000000 -49.125000000 17.812500000 -49.125000000 17.812500000 -39.666666667 24.125000000 -39.666666667 24.125000000 -30.208333333 30.437500000 -30.208333333 30.437500000 -20.750000000 36.750000000
FGEOM -16.250000000000000 -18.187500000000000 38.500000000000000 17.687500000000000 2.6250000000000000 28.187500000000000 45.750000000000000 -30.687500000000000 -38.000000000000000 10.562500000000000 64.000000000000000 10.562500000000000 -9.0000000000000000 0.50000000000000000 1.7500000000000000 -2 0.33069396353576770 4 3 0 -1 0 0.25000000000000000 6.5000000000000000 22.250000000000000 16.750000000000000 -5.2500000000000000 -12.937500000000000 20.750000000000000 17.812500000000000 40.500000000000000 -9.1875000000000000 -17 -31 46 29 -26 77 -35 57 594.847656250 24.389498893 4284.578125000 65.456688925 68.489969898 -16 -18 -17 -18 -16 -18 -16 -18 22.250000000 -0.500000000 -54.750000000 -35.875000000 2697.109375000 -14.824515321 -16.592053686 -2.239781716 -9.007288476 11.125000000 -0.250000000 1 -0.169362553 -21.803477065 16.250000000 18.187500000 21.500000000 74.562500000 0 -17 -19 -16 -18 2 34.415251161 22.743667217 41.504975086 11.923809799 2 34.415251161 22.743667217 2 41.504975086 11.923809799 17.171398396 -5.528560432 0 38.500000000 17.687500000 -16.250000000 -18.187500000 -16.250000000 -18.187500000 38.500000000 17.687500000 2 27.626306620 10.562500000 -16.250000000 -28.947503659 38.500000000 6.927496341 -28.444619726 18.214709004 4.395539918 28.444619726 4 -16.250000000 -18.187500000 38.500000000 17.687500000 4 -16.250000000 -18.187500000 38.500000000 17.687500000 -8.722121519 -13.254849032 30.972121519 12.754849032 18.214709004 4.395539918 0
FGEOM -23.125000000000000 4.7500000000000000 29.625000000000000 38.625000000000000 -4.2500000000000000 49.125000000000000 36.875000000000000 -7.7500000000000000 11.125000000000000 -34.500000000000000 11.125000000000000 77.500000000000000 -7.8750000000000000 0.87500000000000000 2.0000000000000000 -1 0.49604094530365156 5 4 1 -1 1 0.37500000000000000 7.5000000000000000 23.250000000000000 17.750000000000000 -13.125000000000000 9.0000000000000000 12.875000000000000 39.750000000000000 32.625000000000000 12.750000000000000 -24 -8 37 50 -54 45 -19 69 557.328125000 23.607797970 3930.078125000 62.690335180 81.978423467 -23 5 -24 4 -25 4 -23 5 6.500000000 43.375000000 -52.750000000 -33.875000000 2498.859375000 -22.774519279 4.678009365 -8.189484066 14.341291038 3.250000000 21.687500000 1 0.270098512 1.114845247 4.750000000 23.125000000 -48.625000000 68.000000000 0 -24 4 -23 5 2 24.846454031 44.405614018 32.893556902 31.874701060 2 24.846454031 44.405614018 2 32.893556902 31.874701060 9.296398396 16.408939568 0 29.625000000 38.625000000 -23.125000000 4.750000000 -23.125000000 4.750000000 29.625000000 38.625000000 2 11.125000000 26.744668246 -23.125000000 -4.608983688 29.625000000 29.266016312 -27.139600069 10.415002982 26.288722294 27.139600069 4 -16.721388033 8.862272140 29.625000000 38.625000000 4 -23.125000000 4.750000000 29.625000000 38.625000000 -16.498679550 9.005291094 22.998679550 34.369708906 10.415002982 26.288722294 1 -23.125000000 4.750000000 29.625000000 38.625000000
FGEOM -52.000000000000000 -40.312500000000000 7.7500000000000000 0.56250000000000000 -28.125000000000000 13.062500000000000 21.000000000000000 -49.812500000000000 -28.125000000000000 13.062500000000000 21.000000000000000 -49.812500000000000 -6.7500000000000000 1.2500000000000000 2.2500000000000000 0 0.66138792707153540 0 5 1 0 2 0.0000000000000000 8.5000000000000000 24.250000000000000 18.750000000000000 -38.000000000000000 -34.062500000000000 -12.000000000000000 -3.3125000000000000 7.7500000000000000 -30.312500000000000 -52 -50 21 14 -42 71 -93 9 4329.097656250 65.795878718 5240.828125000 72.393564113 118.475624636 -52 -40 -52 -41 -52 -40 -52 -40 -44.250000000 -39.750000000 -59.750000000 -40.875000000 3608.234375000 -19.165334130 -14.857741002 -36.524694788 -29.725837230 -22.125000000 -19.875000000 1 -14.182126122 -43.722203204 -52.000000000 -40.312500000 -52.000000000 -40.312500000 0 -52 -41 -52 -40 2 2.160196290 6.965943955 11.692377999 -6.967948573 2 2.160196290 6.965943955 2 11.692377999 -6.967948573 -15.578601604 -26.653560432 0 7.750000000 0.562500000 -52.000000000 -40.312500000 -52.000000000 -40.312500000 7.750000000 0.562500000 2 -9.264445920 -11.077089573 -52.000000000 -48.490852431 7.750000000 -7.615852431 -30.572684908 -10.862989061 -12.170653605 30.572684908 4 -10.862989061 -12.170653605 -6.699355720 -9.322310294 4 -52.000000000 -40.312500000 7.750000000 0.562500000 -46.428890124 -36.501301403 2.178890124 -3.248698597 -10.862989061 -12.170653605 2 -52.000000000 -40.312500000 -22.125000000 -19.875000000 -22.125000000 -19.875000000 7.750000000 0.562500000
FGEOM -57.875000000000000 -22.375000000000000 -0.12500000000000000 16.500000000000000 -34.000000000000000 29.000000000000000 13.125000000000000 -31.875000000000000 -54.375000000000000 -20.125000000000000 3.3750000000000000 18.750000000000000 -5.6250000000000000 1.6250000000000000 2.5000000000000000 1 0.82673490883941920 1 6 1 1 3 0.12500000000000000 9.5000000000000000 25.250000000000000 19.750000000000000 -44.875000000000000 -17.125000000000000 -18.875000000000000 13.625000000000000 0.87500000000000000 -13.375000000000000 -58 -32 14 29 -63 45 -81 17 3850.156250000 62.049627316 4846.328125000 69.615573868 135.100183458 -58 -22 -57 -23 -58 -24 -58 -22 -58.000000000 -5.875000000 -57.750000000 -38.875000000 3375.984375000 -23.551209141 -9.105111093 -41.491273822 -11.346128049 -29.000000000 -2.937500000 1 -12.372281612 -23.360749110 22.375000000 -57.875000000 17.375000000 5.125000000 0 -58 -23 -57 -22 2 -6.455839347 23.583111828 4.054958364 7.969000758 2 -6.455839347 23.583111828 2 4.054958364 7.969000758 -22.453601604 -9.716060432 0 -0.125000000 16.500000000 -57.875000000 -22.375000000 -57.875000000 -22.375000000 -0.125000000 16.500000000 -1 -57.875000000 -29.155737714 -0.125000000 9.719262286 -29.286056434 -17.645966260 4.705583319 29.286056434 4 -54.424131914 -20.052013041 -0.125000000 16.500000000 4 -54.424131914 -20.052013041 -0.125000000 16.500000000 -53.208748873 -19.233865584 -4.791251127 13.358865584 -17.645966260 4.705583319 3 -57.875000000 -22.375000000 -38.625000000 -9.416666667 -38.625000000 -9.416666667 -19.375000000 3.541666667 -19.375000000 3.541666667 -0.125000000 16.500000000
FGEOM -17.750000000000000 32.250000000000000 38.000000000000000 69.125000000000000 6.1250000000000000 81.625000000000000 51.250000000000000 22.750000000000000 38.000000000000000 69.125000000000000 -17.750000000000000 32.250000000000000 -4.5000000000000000 2.0000000000000000 2.7500000000000000 2 -0.82673490883941920 2 0 0 1 4 0.25000000000000000 10.500000000000000 26.250000000000000 20.750000000000000 -5.7500000000000000 36.500000000000000 20.250000000000000 67.250000000000000 40.000000000000000 40.250000000000000 -18 22 52 82 -76 29 14 108 1355.125000000 36.812022493 4467.828125000 66.841814196 150.716546998 -18 32 -17 32 -18 32 -18 32 20.250000000 101.375000000 -55.750000000 -36.875000000 3151.734375000 -12.657210021 22.996902715 -0.443280936 43.697269336 10.125000000 50.687500000 1 -46.371465612 65.749630768 17.750000000 -32.250000000 30.000000000 131.000000000 0 -18 32 -17 33 2 30.903612178 76.863945657 42.344967075 59.566168423 2 30.903612178 76.863945657 2 42.344967075 59.566168423 16.671398396 43.908939568 0 38.000000000 69.125000000 -17.750000000 32.250000000 -17.750000000 32.250000000 38.000000000 69.125000000 -1 -17.750000000 26.854696612 38.000000000 63.729696612 -28.010395103 21.577652383 58.262684872 28.010395103 4 38.000000000 69.125000000 -17.750000000 32.250000000 -1 -13.996735625 34.732540338 34.246735625 66.642459662 21.577652383 58.262684872 4 -17.750000000 32.250000000 -3.812500000 41.468750000 -3.812500000 41.468750000 10.125000000 50.687500000 10.125000000 50.687500000 24.062500000 59.906250000 24.062500000 59.906250000 38.000000000 69.125000000
FGEOM 0.37500000000000000 -38.812500000000000 54.125000000000000 -0.93750000000000000 15.250000000000000 11.562500000000000 67.375000000000000 -45.312500000000000 -21.375000000000000 -9.0625000000000000 80.625000000000000 -9.0625000000000000 -3.3750000000000000 2.3750000000000000 0.75000000000000000 3 -0.66138792707153540 3 1 -1 1 5 0.37500000000000000 100.00000000000000 27.250000000000000 21.750000000000000 11.375000000000000 -32.562500000000000 37.375000000000000 -1.8125000000000000 57.125000000000000 -28.812500000000000 0 -46 68 12 3 113 -39 54 1506.550781250 38.814311552 4323.578125000 65.753920986 130.778565534 0 -39 1 -38 0 -39 0 -39 54.500000000 -39.750000000 -53.750000000 -37.875000000 2707.484375000 0.263272736 -27.248728181 18.154357983 -26.284254724 27.250000000 -19.875000000 1 -27.429430479 -19.054039060 -38.812500000 -0.375000000 -35.125000000 26.437500000 0 0 -39 1 -38 0 -1 -1 33.796398396 -25.153560432 0 54.125000000 -0.937500000 0.375000000 -38.812500000 0.375000000 -38.812500000 54.125000000 -0.937500000 2 42.594471947 -9.062500000 0.375000000 -42.941234574 54.125000000 -5.066234574 -32.610460226 34.033992841 -15.094651556 32.610460226 4 0.375000000 -38.812500000 54.125000000 -0.937500000 4 0.375000000 -38.812500000 54.125000000 -0.937500000 3.133865894 -36.868461940 51.366134106 -2.881538060 34.033992841 -15.094651556 5 0.375000000 -38.812500000 11.125000000 -31.237500000 11.125000000 -31.237500000 21.875000000 -23.662500000 21.875000000 -23.662500000 32.625000000 -16.087500000 32.625000000 -16.087500000 43.375000000 -8.512500000 43.375000000 -8.512500000 54.125000000 -0.937500000
FGEOM 6.5000000000000000 23.125000000000000 62.250000000000000 59.000000000000000 21.375000000000000 71.500000000000000 71.500000000000000 16.625000000000000 40.750000000000000 -15.125000000000000 40.750000000000000 96.875000000000000 -2.2500000000000000 2.7500000000000000 1.0000000000000000 4 -0.49604094530365156 4 2 -1 0 6 0.0000000000000000 12.500000000000000 28.250000000000000 22.750000000000000 16.500000000000000 28.375000000000000 42.500000000000000 59.125000000000000 62.250000000000000 32.125000000000000 6 16 72 72 -51 55 29 122 577.015625000 24.021149535 4395.078125000 66.295385397 157.453924312 7 23 7 24 8 24 7 23 68.750000000 82.125000000 -55.750000000 -35.875000000 2564.734375000 7.644305271 27.196086059 25.631233530 35.435905881 34.375000000 41.062500000 1 -14.731127187 36.035174757 6.500000000 23.125000000 6.500000000 23.125000000 0 6 23 7 24 2 53.625116588 68.047728230 66.910932260 47.401478091 2 53.625116588 68.047728230 2 66.910932260 47.401478091 38.921398396 35.783939568 0 62.250000000 59.000000000 6.500000000 23.125000000 6.500000000 23.125000000 62.250000000 59.000000000 2 40.750000000 45.164798206 6.500000000 20.449401486 62.250000000 56.324401486 -32.630711957 39.032741703 44.059746343 32.630711957 4 13.314428427 27.510069414 62.250000000 59.000000000 4 6.500000000 23.125000000 62.250000000 59.000000000 8.392100019 24.342562120 60.357899981 57.782437880 39.032741703 44.059746343 6 6.500000000 23.125000000 15.791666667 29.104166667 15.791666667 29.104166667 25.083333333 35.083333333 25.083333333 35.083333333 34.375000000 41.062500000 34.375000000 41.062500000 43.666666667 47.041666667 43.666666667 47.041666667 52.958333333 53.020833333 52.958333333 53.020833333 62.250000000 59.000000000
FGEOM 5.7500000000000000 2.0625000000000000 64.500000000000000 35.937500000000000 25.625000000000000 48.437500000000000 73.750000000000000 -11.437500000000000 25.625000000000000 48.437500000000000 73.750000000000000 -11.437500000000000 -1.1250000000000000 0.50000000000000000 1.2500000000000000 5 -0.33069396353576770 5 3 -1 -1 0 0.12500000000000000 13.500000000000000 29.250000000000000 23.750000000000000 19.750000000000000 6.3125000000000000 45.750000000000000 37.062500000000000 65.500000000000000 10.062500000000000 5 -12 74 49 -23 86 7 101 37.316406250 6.108715597 4599.078125000 67.816503338 51.535267430 6 2 5 3 5 3 6 2 70.250000000 38.000000000 -58.750000000 -33.875000000 2738.609375000 27.532383415 9.875746225 26.324822224 13.925854942 35.125000000 19.000000000 1 -8.231055563 11.028627367 -2.062500000 5.750000000 72.000000000 28.562500000 0 5 2 6 3 2 55.563465520 46.056212936 68.780302423 23.134023473 2 55.563465520 46.056212936 2 68.780302423 23.134023473 42.171398396 13.721439568 0 64.500000000 35.937500000 5.750000000 2.062500000 5.750000000 2.062500000 64.500000000 35.937500000 2 44.801234577 24.579275682 5.750000000 0.763886106 64.500000000 34.638886106 -30.247292680 40.733815540 22.234019173 30.247292680 4 40.733815540 22.234019173 50.941478591 28.119714251 4 5.750000000 2.062500000 64.500000000 35.937500000 6.724596842 2.624448392 63.525403158 35.375551608 40.733815540 22.234019173 0
FGEOM -37.125000000000000 -28.000000000000000 19.625000000000000 12.875000000000000 -17.250000000000000 19.375000000000000 28.875000000000000 -38.500000000000000 -33.625000000000000 -25.750000000000000 23.125000000000000 15.125000000000000 0.0000000000000000 0.87500000000000000 1.5000000000000000 6 -0.16534698176788384 0 4 0 -1 1 0.25000000000000000 14.500000000000000 30.250000000000000 24.750000000000000 -24.125000000000000 -21.750000000000000 1.8750000000000000 9.0000000000000000 21.625000000000000 -18.000000000000000 -38 -39 29 20 -37 68 -66 33 2162.265625000 46.500168010 4891.328125000 69.938030606 78.898452585 -37 -28 -38 -28 -37 -28 -37 -28 -17.500000000 -15.125000000 -56.750000000 -40.875000000 3064.359375000 -24.151122416 -18.214987950 -17.042042447 -13.534962291 -8.750000000 -7.562500000 1 -44.651599620 -24.082549267 37.125000000 28.000000000 2.625000000 66.750000000 0 -38 -28 -37 -28 2 8.895312787 22.628143714 25.475976484 -0.392104966 2 8.895312787 22.628143714 2 25.475976484 -0.392104966 -1.703601604 -14.341060432 0 19.625000000 12.875000000 -37.125000000 -28.000000000 -37.125000000 -28.000000000 19.625000000 12.875000000 -1 -37.125000000 -28.000000000 19.625000000 12.875000000 -26.825757156 -1.571794391 -2.392294638 26.825757156 4 -33.753483125 -25.571616700 19.625000000 12.875000000 4 -33.753483125 -25.571616700 19.625000000 12.875000000 -37.125000000 -28.000000000 19.625000000 12.875000000 -1.571794391 -2.392294638 1 -37.125000000 -28.000000000 19.625000000 12.875000000
FGEOM -10.000000000000000 31.937500000000000 44.750000000000000 70.812500000000000 9.8750000000000000 77.312500000000000 54.000000000000000 21.437500000000000 44.750000000000000 70.812500000000000 -10.000000000000000 31.937500000000000 1.1250000000000000 1.2500000000000000 1.7500000000000000 -6 0.0000000000000000 1 5 1 -1 2 0.37500000000000000 2.5000000000000000 31.250000000000000 25.750000000000000 2.0000000000000000 37.187500000000000 28.000000000000000 67.937500000000000 47.750000000000000 40.937500000000000 -10 21 54 78 -68 33 21 116 1120.003906250 33.466459422 4508.828125000 67.147808043 96.498406115 -10 32 -10 31 -10 30 -10 32 34.750000000 102.750000000 -54.750000000 -38.875000000 2852.109375000 -9.337707227 29.822302455 10.995659294 46.845376805 17.375000000 51.375000000 1 -10.000000000 31.937500000 10.000000000 -31.937500000 29.750000000 122.687500000 0 -10 31 -10 32 2 43.227744036 72.795612901 46.120470405 68.721612421 2 43.227744036 72.795612901 2 46.120470405 68.721612421 24.421398396 44.596439568 0 44.750000000 70.812500000 -10.000000000 31.937500000 -10.000000000 31.937500000 44.750000000 70.812500000 -1 -10.000000000 33.317249480 44.750000000 72.192249480 -25.490640348 24.632721397 56.528313595 25.490640348 4 44.750000000 70.812500000 -10.000000000 31.937500000 -1 -9.082713914 32.588815006 43.832713914 70.161184994 24.632721397 56.528313595 2 -10.000000000 31.937500000 17.375000000 51.375000000 17.375000000 51.375000000 44.750000000 70.812500000
FGEOM -21.875000000000000 12.875000000000000 34.875000000000000 49.750000000000000 -2.0000000000000000 64.250000000000000 40.125000000000000 2.3750000000000000 -43.625000000000000 40.625000000000000 58.375000000000000 40.625000000000000 2.2500000000000000 1.6250000000000000 2.0000000000000000 -5 0.16534698176788384 2 6 1 0 3 0.0000000000000000 3.5000000000000000 1.2500000000000000 26.750000000000000 -10.875000000000000 17.125000000000000 15.125000000000000 47.875000000000000 34.875000000000000 20.875000000000000 -22 2 41 65 -67 38 -9 85 644.281250000 25.382695877 4580.328125000 67.678121465 118.082006892 -22 13 -22 12 -22 12 -22 13 13.000000000 62.625000000 -56.750000000 -36.875000000 3022.359375000 -1.077259489 0.634044157 0.555624065 27.449964976 6.500000000 31.312500000 1 -13.147883829 10.304370556 12.875000000 21.875000000 -53.375000000 84.125000000 0 -22 12 -21 13 2 32.818770278 52.582299301 36.627676142 46.720457734 2 32.818770278 52.582299301 2 36.627676142 46.720457734 11.546398396 24.533939568 0 34.875000000 49.750000000 -21.875000000 12.875000000 -21.875000000 12.875000000 34.875000000 49.750000000 2 20.831779661 40.625000000 -21.875000000 15.558273538 34.875000000 52.433273538 -32.250313362 15.571857485 37.207209159 32.250313362 4 -21.875000000 12.875000000 34.875000000 49.750000000 4 -21.875000000 12.875000000 34.875000000 49.750000000 -19.988311995 14.100931634 32.988311995 48.524068366 15.571857485 37.207209159 3 -21.875000000 12.875000000 -2.958333333 25.166666667 -2.958333333 25.166666667 15.958333333 37.458333333 15.958333333 37.458333333 34.875000000 49.750000000
FGEOM -25.750000000000000 -15.187500000000000 29.000000000000000 22.687500000000000 -5.8750000000000000 37.187500000000000 34.250000000000000 -22.687500000000000 8.5000000000000000 -52.437500000000000 8.5000000000000000 59.562500000000000 3.3750000000000000 2.0000000000000000 2.2500000000000000 -4 0.33069396353576770 3 0 1 1 4 0.12500000000000000 4.5000000000000000 2.2500000000000000 27.750000000000000 -15.750000000000000 -8.9375000000000000 10.250000000000000 21.812500000000000 30.000000000000000 -5.1875000000000000 -26 -23 35 38 -44 57 -41 52 893.722656250 29.895194534 4432.078125000 66.573854665 138.753325551 -26 -15 -25 -16 -27 -15 -26 -15 3.250000000 7.500000000 -54.750000000 -37.875000000 3071.859375000 -1.938020505 -1.143055783 -2.928540921 0.599947719 1.625000000 3.750000000 1 -7.666982979 -18.803079985 -25.750000000 -15.187500000 -25.750000000 -15.187500000 0 -26 -16 -25 -15 2 26.195577888 26.206763647 31.304120687 18.822137422 2 26.195577888 26.206763647 2 31.304120687 18.822137422 6.671398396 -1.528560432 0 29.000000000 22.687500000 -25.750000000 -15.187500000 -25.750000000 -15.187500000 29.000000000 22.687500000 2 8.500000000 8.505993151 -25.750000000 -11.083632247 29.000000000 26.791367753 -31.765707959 12.197052384 11.063543088 31.765707959 4 -20.013905194 -11.219379621 29.000000000 22.687500000 4 -25.750000000 -15.187500000 29.000000000 22.687500000 -22.974417139 -13.267405007 26.224417139 20.767405007 12.197052384 11.063543088 4 -25.750000000 -15.187500000 -12.062500000 -5.718750000 -12.062500000 -5.718750000 1.625000000 3.750000000 1.625000000 3.750000000 15.312500000 13.218750000 15.312500000 13.218750000 29.000000000 22.687500000
FGEOM -31.625000000000000 21.750000000000000 26.125000000000000 57.625000000000000 -6.7500000000000000 72.125000000000000 41.375000000000000 14.250000000000000 -6.7500000000000000 72.125000000000000 41.375000000000000 14.250000000000000 4.5000000000000000 2.3750000000000000 2.5000000000000000 -3 0.49604094530365156 4 1 0 1 5 0.25000000000000000 5.5000000000000000 3.2500000000000000 28.750000000000000 -17.625000000000000 27.000000000000000 8.3750000000000000 57.750000000000000 28.125000000000000 30.750000000000000 -32 14 42 73 -79 28 -10 84 1473.203125000 38.382328291 4622.078125000 67.985867098 163.877041010 -32 22 -31 22 -32 22 -32 22 -5.500000000 79.375000000 -57.750000000 -35.875000000 3243.734375000 -2.677827390 1.841667849 -7.203564033 36.920892040 -2.750000000 39.687500000 1 -4.651059637 15.982318381 -21.750000000 -31.625000000 43.625000000 47.250000000 0 -32 21 -31 22 2 22.854300157 62.046823440 28.639789859 52.733596115 2 22.854300157 62.046823440 2 28.639789859 52.733596115 4.796398396 34.408939568 0 26.125000000 57.625000000 -31.625000000 21.750000000 -31.625000000 21.750000000 26.125000000 57.625000000 2 12.398023973 49.097636105 -31.625000000 27.047600034 26.125000000 62.922600034 -29.664483386 8.903449561 46.926764121 29.664483386 4 8.903449561 46.926764121 17.686412953 52.382847441 4 -31.625000000 21.750000000 26.125000000 57.625000000 -27.802514370 24.124574406 22.302514370 55.250425594 8.903449561 46.926764121 5 -31.625000000 21.750000000 -20.075000000 28.925000000 -20.075000000 28.925000000 -8.525000000 36.100000000 -8.525000000 36.100000000 3.025000000 43.275000000 3.025000000 43.275000000 14.575000000 50.450000000 14.575000000 50.450000000 26.125000000 57.625000000
FGEOM -48.500000000000000 -31.312500000000000 7.2500000000000000 2.5625000000000000 -23.625000000000000 17.062500000000000 22.500000000000000 -38.812500000000000 -45.000000000000000 -29.062500000000000 10.750000000000000 4.8125000000000000 5.6250000000000000 2.7500000000000000 2.7500000000000000 -2 0.66138792707153540 5 2 -1 1 6 0.37500000000000000 6.5000000000000000 4.2500000000000000 29.750000000000000 -35.500000000000000 -27.062500000000000 -9.5000000000000000 3.6875000000000000 10.250000000000000 -23.312500000000000 -49 -39 23 18 -41 62 -80 10 3332.722656250 57.729738058 4255.578125000 65.234792289 179.395678795 -48 -31 -48 -31 -50 -32 -49 -32 -41.250000000 -28.750000000 -55.750000000 -33.875000000 3025.484375000 -3.570516807 -2.305191908 -23.075491976 -15.863976066 -20.625000000 -14.375000000 1 -13.542330195 -36.390713370 48.500000000 31.312500000 1.250000000 65.437500000 0 -49 -32 -48 -31 2 3.337995191 7.753474704 10.055016554 -3.301106580 2 3.337995191 7.753474704 2 10.055016554 -3.301106580 -13.078601604 -19.653560432 0 7.250000000 2.562500000 -48.500000000 -31.312500000 -48.500000000 -31.312500000 7.250000000 2.562500000 -1 -48.500000000 -24.730514231 7.250000000 9.144485769 -28.424488834 -8.864785006 -7.229219141 28.424488834 4 -44.945274034 -29.152565612 7.250000000 2.562500000 4 -44.945274034 -29.152565612 7.250000000 2.562500000 -43.692845122 -28.391560601 2.442845122 -0.358439399 -8.864785006 -7.229219141 6 -48.500000000 -31.312500000 -39.208333333 -25.666666667 -39.208333333 -25.666666667 -29.916666667 -20.020833333 -29.916666667 -20.020833333 -20.625000000 -14.375000000 -20.625000000 -14.375000000 -11.333333333 -8.729166667 -11.333333333 -8.729166667 -2.041666667 -3.083333333 -2.041666667 -3.083333333 7.250000000 2.562500000
FGEOM -15.250000000000000 -65.375000000000000 42.500000000000000 -24.500000000000000 0.62500000000000000 -16.000000000000000 53.750000000000000 -76.875000000000000 42.500000000000000 -24.500000000000000 -15.250000000000000 -65.375000000000000 6.7500000000000000 0.50000000000000000 0.75000000000000000 -1 0.82673490883941920 0 3 -1 0 0 0.0000000000000000 100.00000000000000 5.2500000000000000 30.750000000000000 -3.2500000000000000 -59.125000000000000 22.750000000000000 -28.375000000000000 42.500000000000000 -55.375000000000000 -16 -77 54 -16 16 131 -81 18 4506.453125000 67.130120848 5005.828125000 70.751877184 42.113789773 -15 -65 -15 -65 -15 -66 -15 -66 27.250000000 -89.875000000 -57.750000000 -40.875000000 2934.984375000 -1.192646445 -5.112738450 9.849157375 -47.610011988 13.625000000 -44.937500000 1 26.199523140 -61.120394681 -65.375000000 15.250000000 -48.750000000 -0.125000000 0 -16 -66 -15 -65 0 -1 -1 19.171398396 -51.716060432 0 42.500000000 -24.500000000 -15.250000000 -65.375000000 -15.250000000 -65.375000000 42.500000000 -24.500000000 -1 -15.250000000 -57.105300069 42.500000000 -16.230300069 -31.130136933 18.609601933 -41.409437593 31.130136933 4 42.500000000 -24.500000000 -15.250000000 -65.375000000 -1 -9.740428869 -61.475368485 36.990428869 -28.399631515 18.609601933 -41.409437593 0
FGEOM 12.875000000000000 -44.750000000000000 68.625000000000000 -5.8750000000000000 28.750000000000000 2.6250000000000000 79.875000000000000 -56.250000000000000 -8.8750000000000000 -16.000000000000000 93.125000000000000 -16.000000000000000 7.8750000000000000 0.87500000000000000 1.0000000000000000 0 -0.82673490883941920 1 4 -1 -1 1 0.12500000000000000 8.5000000000000000 6.2500000000000000 31.750000000000000 23.875000000000000 -39.500000000000000 49.875000000000000 -8.7500000000000000 69.625000000000000 -35.750000000000000 12 -57 80 3 26 137 -32 63 2168.328125000 46.565310318 4619.328125000 67.965639297 62.376886557 13 -45 12 -44 13 -44 13 -45 81.500000000 -50.625000000 -55.750000000 -38.875000000 2726.734375000 1.728083620 -6.006348891 38.918490774 -26.589628630 40.750000000 -25.312500000 1 -16.856765218 -17.781597374 12.875000000 -44.750000000 12.875000000 -44.750000000 0 12 -45 13 -44 2 62.929364863 0.434496049 72.576685631 -13.400568462 2 62.929364863 0.434496049 2 72.576685631 -13.400568462 46.296398396 -32.091060432 0 68.625000000 -5.875000000 12.875000000 -44.750000000 12.875000000 -44.750000000 68.625000000 -5.875000000 2 54.104903537 -16.000000000 12.875000000 -35.149472476 68.625000000 3.725527524 -29.779983620 45.783561006 -21.802550510 29.779983620 4 12.875000000 -44.750000000 68.625000000 -5.875000000 4 12.875000000 -44.750000000 68.625000000 -5.875000000 19.334605979 -40.245655920 62.165394021 -10.379344080 45.783561006 -21.802550510 1 12.875000000 -44.750000000 68.625000000 -5.875000000
FGEOM 20.000000000000000 29.187500000000000 73.750000000000000 66.062500000000000 35.875000000000000 74.562500000000000 85.000000000000000 17.687500000000000 54.250000000000000 -10.062500000000000 54.250000000000000 101.93750000000000 9.0000000000000000 1.2500000000000000 1.2500000000000000 1 -0.66138792707153540 2 5 0 -1 2 0.25000000000000000 9.5000000000000000 7.2500000000000000 32.750000000000000 30.000000000000000 33.437500000000000 56.000000000000000 64.187500000000000 75.750000000000000 37.187500000000000 20 17 85 75 -39 68 49 140 1251.910156250 35.382342436 4248.828125000 65.183035561 81.478794452 20 29 20 29 20 30 20 29 93.750000000 95.250000000 -53.750000000 -36.875000000 2526.484375000 4.098089330 5.980649116 47.005684605 47.714655718 46.875000000 47.625000000 1 -4.522507425 48.505876200 -29.187500000 20.000000000 81.250000000 58.687500000 0 20 29 20 30 2 67.291383096 73.029297521 77.925193165 57.529167589 2 67.291383096 73.029297521 2 77.925193165 57.529167589 52.421398396 40.846439568 0 73.750000000 66.062500000 20.000000000 29.187500000 20.000000000 29.187500000 73.750000000 66.062500000 2 54.250000000 52.684593023 20.000000000 40.101868745 73.750000000 76.976868745 -28.435552426 51.961409396 51.114513423 28.435552426 4 24.979176243 32.603446493 73.750000000 66.062500000 4 20.000000000 29.187500000 73.750000000 66.062500000 27.421409510 34.278932106 66.328590490 60.971067894 51.961409396 51.114513423 2 20.000000000 29.187500000 46.875000000 47.625000000 46.875000000 47.625000000 73.750000000 66.062500000
FGEOM -67.875000000000000 26.125000000000000 -11.125000000000000 64.000000000000000 -47.000000000000000 72.500000000000000 0.12500000000000000 17.625000000000000 -47.000000000000000 72.500000000000000 0.12500000000000000 17.625000000000000 -9.0000000000000000 1.6250000000000000 1.5000000000000000 2 -0.49604094530365156 3 6 1 -1 3 0.37500000000000000 10.500000000000000 8.2500000000000000 33.750000000000000 -53.875000000000000 32.375000000000000 -27.875000000000000 63.125000000000000 -8.1250000000000000 36.125000000000000 -68 17 1 73 -120 -17 -42 53 5289.531250000 72.729163683 4655.078125000 68.228132944 108.314163468 -68 26 -68 26 -69 24 -67 27 -79.000000000 90.125000000 -56.750000000 -37.875000000 2941.109375000 -7.699370124 2.963477635 -39.802818960 44.860398359 -39.500000000 45.062500000 1 -87.431074909 41.649806617 67.875000000 -26.125000000 -26.125000000 118.875000000 0 -68 26 -67 27 2 -18.228409397 71.732501209 -6.709703383 54.473449954 2 -18.228409397 71.732501209 2 -6.709703383 54.473449954 -31.453601604 39.783939568 0 -11.125000000 64.000000000 -67.875000000 26.125000000 -67.875000000 26.125000000 -11.125000000 64.000000000 2 -29.289553944 51.876960694 -67.875000000 15.304679357 -11.125000000 53.179679357 -26.985065332 -32.019971889 50.054677352 26.985065332 4 -32.019971889 50.054677352 -24.754714693 54.903516405 4 -67.875000000 26.125000000 -11.125000000 64.000000000 -60.389085056 31.121106229 -18.610914944 59.003893771 -32.019971889 50.054677352 3 -67.875000000 26.125000000 -48.958333333 38.750000000 -48.958333333 38.750000000 -30.041666667 51.375000000 -30.041666667 51.375000000 -11.125000000 64.000000000
FGEOM -24.750000000000000 24.062500000000000 34.000000000000000 59.937500000000000 -3.8750000000000000 76.437500000000000 41.250000000000000 15.562500000000000 -21.250000000000000 26.312500000000000 37.500000000000000 62.187500000000000 -7.8750000000000000 2.0000000000000000 1.7500000000000000 3 -0.33069396353576770 4 0 1 0 4 0.0000000000000000 11.500000000000000 9.2500000000000000 34.750000000000000 -11.750000000000000 29.312500000000000 14.250000000000000 60.062500000000000 34.000000000000000 33.062500000000000 -25 15 42 77 -81 26 -1 94 1191.566406250 34.519073079 4738.578125000 68.837330897 133.220626599 -25 24 -25 24 -24 24 -25 25 9.250000000 84.000000000 -58.750000000 -35.875000000 3105.359375000 -6.632202999 6.447975138 4.907781227 42.172677047 4.625000000 42.000000000 1 -40.625069620 33.678423386 24.062500000 24.750000000 -56.250000000 97.312500000 0 -25 24 -24 25 2 26.451263489 68.613131221 38.269403642 49.259382538 2 26.451263489 68.613131221 2 38.269403642 49.259382538 10.671398396 36.721439568 0 34.000000000 59.937500000 -24.750000000 24.062500000 -24.750000000 24.062500000 34.000000000 59.937500000 -1 -24.750000000 14.835368412 34.000000000 50.710368412 -33.820902041 13.750971909 47.572667953 33.820902041 4 -21.199843209 26.230361700 34.000000000 59.937500000 4 -21.199843209 26.230361700 34.000000000 59.937500000 -18.028992024 28.166604870 27.278992024 55.833395130 13.750971909 47.572667953 4 -24.750000000 24.062500000 -10.062500000 33.031250000 -10.062500000 33.031250000 4.625000000 42.000000000 4.625000000 42.000000000 19.312500000 50.968750000 19.312500000 50.968750000 34.000000000 59.937500000
FGEOM -16.625000000000000 -63.000000000000000 40.125000000000000 -29.125000000000000 4.2500000000000000 -12.625000000000000 47.375000000000000 -71.500000000000000 40.125000000000000 -29.125000000000000 -16.625000000000000 -63.000000000000000 -6.7500000000000000 2.3750000000000000 2.0000000000000000 4 -0.16534698176788384 5 1 1 1 5 0.12500000000000000 12.500000000000000 10.250000000000000 35.750000000000000 -4.6250000000000000 -58.750000000000000 21.375000000000000 -28.000000000000000 41.125000000000000 -55.000000000000000 -17 -72 48 -12 16 119 -80 11 4245.390625000 65.156662169 4368.078125000 66.091437607 150.851078390 -17 -63 -16 -63 -15 -63 -17 -63 23.500000000 -92.125000000 -56.750000000 -33.875000000 2891.109375000 -2.615331178 -9.910728673 14.072055072 -44.676427479 11.750000000 -46.062500000 1 -24.631744694 -58.877038587 -16.625000000 -63.000000000 -16.625000000 -63.000000000 0 -17 -63 -16 -63 2 31.803791705 -19.797219314 44.386213374 -40.876257830 2 31.803791705 -19.797219314 2 44.386213374 -40.876257830 17.796398396 -51.341060432 0 40.125000000 -29.125000000 -16.625000000 -63.000000000 -16.625000000 -63.000000000 40.125000000 -29.125000000 -1 -16.625000000 -70.861096103 40.125000000 -36.986096103 -32.555512528 20.936246007 -40.579080027 32.555512528 4 40.125000000 -29.125000000 -16.625000000 -63.000000000 -1 -10.829052539 -59.540304489 34.329052539 -32.584695511 20.936246007 -40.579080027 5 -16.625000000 -63.000000000 -5.275000000 -56.225000000 -5.275000000 -56.225000000 6.075000000 -49.450000000 6.075000000 -49.450000000 17.425000000 -42.675000000 17.425000000 -42.675000000 28.775000000 -35.900000000 28.775000000 -35.900000000 40.125000000 -29.125000000
FGEOM -5.5000000000000000 24.937500000000000 49.250000000000000 65.812500000000000 15.375000000000000 76.312500000000000 56.500000000000000 19.437500000000000 -27.250000000000000 54.687500000000000 74.750000000000000 54.687500000000000 -5.6250000000000000 2.7500000000000000 2.2500000000000000 5 0.0000000000000000 0 2 0 1 6 0.25000000000000000 13.500000000000000 11.250000000000000 36.750000000000000 5.5000000000000000 31.187500000000000 31.500000000000000 61.937500000000000 51.250000000000000 34.937500000000000 -6 19 57 77 -61 38 19 116 652.128906250 25.536814724 4668.328125000 68.325164654 176.429355218 -5 25 -5 25 -5 24 -6 25 43.750000000 90.750000000 -54.750000000 -40.875000000 3242.859375000 -2.422972507 10.985977618 23.948337376 46.922902562 21.875000000 45.375000000 1 -5.500000000 24.937500000 -24.937500000 -5.500000000 66.750000000 55.437500000 0 -6 24 -5 25 2 39.195524502 74.821246997 55.029631386 53.612259796 2 39.195524502 74.821246997 2 55.029631386 53.612259796 27.921398396 38.596439568 0 49.250000000 65.812500000 -5.500000000 24.937500000 -5.500000000 24.937500000 49.250000000 65.812500000 2 34.348623853 54.687500000 -5.500000000 17.917791303 49.250000000 58.792791303 -28.679266781 32.532148989 53.331364656 28.679266781 4 -5.204235322 25.158310615 49.250000000 65.812500000 4 -5.500000000 24.937500000 49.250000000 65.812500000 -0.992601422 28.302612637 44.742601422 62.447387363 32.532148989 53.331364656 6 -5.500000000 24.937500000 3.625000000 31.750000000 3.625000000 31.750000000 12.750000000 38.562500000 12.750000000 38.562500000 21.875000000 45.375000000 21.875000000 45.375000000 31.000000000 52.187500000 31.000000000 52.187500000 40.125000000 59.000000000 40.125000000 59.000000000 49.250000000 65.812500000
FGEOM -56.250000000000000 3.8750000000000000 -3.5000000000000000 42.750000000000000 -35.375000000000000 53.250000000000000 3.7500000000000000 -8.6250000000000000 -22.000000000000000 -34.375000000000000 -22.000000000000000 77.625000000000000 -4.5000000000000000 0.50000000000000000 2.5000000000000000 6 0.16534698176788384 1 3 -1 1 0 0.37500000000000000 14.500000000000000 12.250000000000000 0.75000000000000000 -46.250000000000000 9.1250000000000000 -20.250000000000000 39.875000000000000 -0.50000000000000000 12.875000000000000 -57 -9 4 54 -89 13 -53 40 3179.078125000 56.383314243 4293.828125000 65.527308239 100.702784377 -56 4 -56 4 -56 3 -57 3 -59.750000000 46.625000000 -52.750000000 -38.875000000 3020.609375000 -12.221035767 0.841893575 -55.646244084 4.319948080 -29.875000000 23.312500000 1 -47.838434313 1.112498572 56.250000000 -3.875000000 -14.500000000 102.625000000 0 -57 3 -56 4 2 -14.472014024 52.229710347 2.306140040 29.463211907 2 -14.472014024 52.229710347 2 2.306140040 29.463211907 -23.828601604 16.533939568 0 -3.500000000 42.750000000 -56.250000000 3.875000000 -56.250000000 3.875000000 -3.500000000 42.750000000 2 -22.000000000 29.116113744 -56.250000000 -1.715007338 -3.500000000 37.159992662 -27.362876230 -19.141587671 31.222668802 27.362876230 4 -52.322231219 6.769635287 -3.500000000 42.750000000 4 -56.250000000 3.875000000 -3.500000000 42.750000000 -52.627464505 6.544688481 -7.122535495 40.080311519 -19.141587671 31.222668802 0
FGEOM -72.125000000000000 -57.187500000000000 -12.375000000000000 -20.312500000000000 -46.250000000000000 -9.8125000000000000 0.87500000000000000 -69.687500000000000 -46.250000000000000 -9.8125000000000000 0.87500000000000000 -69.687500000000000 -3.3750000000000000 0.87500000000000000 2.7500000000000000 -6 0.33069396353576770 2 4 -1 0 1 0.0000000000000000 2.5000000000000000 13.250000000000000 1.7500000000000000 -58.125000000000000 -52.937500000000000 -32.125000000000000 -22.187500000000000 -12.375000000000000 -49.187500000000000 -73 -70 1 -9 -37 71 -130 -32 8472.425781250 92.045780899 4929.828125000 70.212734778 114.090125079 -72 -57 -72 -57 -72 -56 -72 -58 -84.500000000 -77.500000000 -59.750000000 -36.875000000 3292.984375000 -10.382401460 -8.232146738 -70.635775854 -56.268418152 -42.250000000 -38.750000000 1 -55.340383775 -63.022190591 72.125000000 57.187500000 -20.375000000 37.562500000 0 -73 -58 -72 -57 2 -13.762892127 -18.233135808 -11.138609098 -22.485363902 2 -13.762892127 -18.233135808 2 -11.138609098 -22.485363902 -35.703601604 -45.528560432 0 -12.375000000 -20.312500000 -72.125000000 -57.187500000 -72.125000000 -57.187500000 -12.375000000 -20.312500000 2 -29.612863671 -30.950930508 -72.125000000 -61.153491295 -12.375000000 -24.278491295 -26.726143497 -32.213706661 -32.556053274 26.726143497 4 -32.213706661 -32.556053274 -24.846770219 -28.009513001 4 -72.125000000 -57.187500000 -12.375000000 -20.312500000 -69.252924861 -55.414985008 -15.247075139 -22.085014992 -32.213706661 -32.556053274 1 -72.125000000 -57.187500000 -12.375000000 -20.312500000
FGEOM 5.0000000000000000 -14.250000000000000 62.750000000000000 23.625000000000000 21.875000000000000 34.125000000000000 76.000000000000000 -23.750000000000000 8.5000000000000000 -12.000000000000000 66.250000000000000 25.875000000000000 -2.2500000000000000 1.2500000000000000 0.75000000000000000 -5 0.49604094530365156 3 5 -1 -1 2 0.12500000000000000 100.00000000000000 14.250000000000000 2.7500000000000000 18.000000000000000 -8.0000000000000000 44.000000000000000 22.750000000000000 63.750000000000000 -4.2500000000000000 5 -24 76 35 -13 100 -10 87 228.062500000 15.101738311 4769.578125000 69.062132352 77.575448405 5 -14 5 -14 6 -15 5 -15 67.750000000 9.375000000 -57.750000000 -37.875000000 2806.734375000 4.717999911 -13.446299745 7.299559753 -12.741847175 33.875000000 4.687500000 1 30.057835587 -16.451154972 -14.250000000 -5.000000000 -26.500000000 51.000000000 0 5 -15 5 -14 0 -1 -1 40.421398396 -0.591060432 0 62.750000000 23.625000000 5.000000000 -14.250000000 5.000000000 -14.250000000 62.750000000 23.625000000 -1 5.000000000 -16.940732429 62.750000000 20.934267571 -31.196772408 38.983909249 8.038148274 31.196772408 4 8.479154996 -11.968216529 62.750000000 23.625000000 4 8.479154996 -11.968216529 62.750000000 23.625000000 6.881457980 -13.016056780 60.868542020 22.391056780 38.983909249 8.038148274 2 5.000000000 -14.250000000 33.875000000 4.687500000 33.875000000 4.687500000 62.750000000 23.625000000
FGEOM 2.1250000000000000 -50.312500000000000 57.875000000000000 -14.437500000000000 19.000000000000000 -3.9375000000000000 71.125000000000000 -59.812500000000000 57.875000000000000 -14.437500000000000 2.1250000000000000 -50.312500000000000 -1.1250000000000000 1.6250000000000000 1.0000000000000000 -4 0.66138792707153540 4 6 0 -1 3 0.25000000000000000 4.5000000000000000 15.250000000000000 3.7500000000000000 14.125000000000000 -45.062500000000000 40.125000000000000 -14.312500000000000 59.875000000000000 -41.312500000000000 2 -60 72 -3 22 131 -49 44 2535.863281250 50.357355781 4395.078125000 66.295385397 97.438407028 2 -50 2 -50 4 -48 3 -50 60.000000000 -64.750000000 -55.750000000 -35.875000000 2604.484375000 0.643525648 -15.236416073 5.278500032 -48.283229800 30.000000000 -32.375000000 1 34.167368455 -50.898730650 2.125000000 -50.312500000 2.125000000 -50.312500000 0 2 -51 3 -50 2 55.188628030 -10.827319168 60.047643901 -18.378263693 2 55.188628030 -10.827319168 2 60.047643901 -18.378263693 36.546398396 -37.653560432 0 57.875000000 -14.437500000 2.125000000 -50.312500000 2.125000000 -50.312500000 57.875000000 -14.437500000 -1 2.125000000 -51.650299257 57.875000000 -15.775299257 -29.866567833 35.161956290 -29.053292701 29.866567833 4 57.875000000 -14.437500000 2.125000000 -50.312500000 -1 3.071050010 -49.703718940 56.928949990 -15.046281060 35.161956290 -29.053292701 3 2.125000000 -50.312500000 20.708333333 -38.354166667 20.708333333 -38.354166667 39.291666667 -26.395833333 39.291666667 -26.395833333 57.875000000 -14.437500000
FGEOM -11.750000000000000 -2.3750000000000000 42.000000000000000 31.500000000000000 5.1250000000000000 42.000000000000000 55.250000000000000 -11.875000000000000 -33.500000000000000 25.375000000000000 68.500000000000000 25.375000000000000 0.0000000000000000 2.0000000000000000 1.2500000000000000 -3 0.82673490883941920 5 0 1 -1 4 0.37500000000000000 5.5000000000000000 16.250000000000000 4.7500000000000000 -0.75000000000000000 1.8750000000000000 25.250000000000000 32.625000000000000 45.000000000000000 5.6250000000000000 -12 -12 56 42 -37 68 -15 74 143.703125000 11.987623826 4036.578125000 63.534070584 115.538924887 -12 -2 -12 -3 -10 -2 -11 -2 30.250000000 29.125000000 -53.750000000 -33.875000000 2410.234375000 -15.927885523 -3.219466223 -7.731486820 0.157597841 15.125000000 14.562500000 1 26.343622015 -0.469710734 2.375000000 -11.750000000 49.500000000 25.125000000 0 -12 -3 -11 -2 2 38.675725970 35.881689420 44.518672132 26.610594035 2 38.675725970 35.881689420 2 44.518672132 26.610594035 21.671398396 9.283939568 0 42.000000000 31.500000000 -11.750000000 -2.375000000 -11.750000000 -2.375000000 42.000000000 31.500000000 2 32.281365314 25.375000000 -11.750000000 -2.375000000 42.000000000 31.500000000 -28.543986059 20.344039467 17.851708594 28.543986059 4 -11.750000000 -2.375000000 42.000000000 31.500000000 4 -11.750000000 -2.375000000 42.000000000 31.500000000 -11.750000000 -2.375000000 42.000000000 31.500000000 20.344039467 17.851708594 4 -11.750000000 -2.375000000 1.687500000 6.093750000 1.687500000 6.093750000 15.125000000 14.562500000 15.125000000 14.562500000 28.562500000 23.031250000 28.562500000 23.031250000 42.000000000 31.500000000
FGEOM -1.6250000000000000 -4.7500000000000000 54.125000000000000 36.125000000000000 15.250000000000000 48.625000000000000 63.375000000000000 -11.250000000000000 32.625000000000000 -42.000000000000000 32.625000000000000 70.000000000000000 1.1250000000000000 2.3750000000000000 1.5000000000000000 -2 -0.82673490883941920 0 1 1 0 5 0.0000000000000000 6.5000000000000000 17.250000000000000 5.7500000000000000 8.3750000000000000 1.5000000000000000 34.375000000000000 32.250000000000000 54.125000000000000 5.2500000000000000 -2 -12 64 49 -34 75 -7 91 25.203125000 5.020271407 4778.828125000 69.129068596 145.913116941 -2 -5 -2 -5 -1 -5 -2 -4 52.500000000 31.375000000 -55.750000000 -40.875000000 3122.484375000 -5.583612464 -16.321328740 3.012159252 -1.350109697 26.250000000 15.687500000 1 -35.448390253 24.890437107 1.625000000 4.750000000 32.125000000 102.000000000 0 -2 -5 -1 -4 2 49.805782974 40.982403039 57.458436647 30.544838701 2 49.805782974 40.982403039 2 57.458436647 30.544838701 30.796398396 8.908939568 0 54.125000000 36.125000000 -1.625000000 -4.750000000 -1.625000000 -4.750000000 54.125000000 36.125000000 2 32.625000000 20.361547085 -1.625000000 -3.355018795 54.125000000 37.519981205 -33.066995859 34.802027579 21.957708562 33.066995859 4 2.887934656 -1.441189164 54.125000000 36.125000000 4 -1.625000000 -4.750000000 54.125000000 36.125000000 -0.717729712 -4.084804071 53.217729712 35.459804071 34.802027579 21.957708562 5 -1.625000000 -4.750000000 9.525000000 3.425000000 9.525000000 3.425000000 20.675000000 11.600000000 20.675000000 11.600000000 31.825000000 19.775000000 31.825000000 19.775000000 42.975000000 27.950000000 42.975000000 27.950000000 54.125000000 36.125000000
FGEOM -31.500000000000000 -10.812500000000000 27.250000000000000 28.062500000000000 -9.6250000000000000 40.562500000000000 36.500000000000000 -17.312500000000000 -9.6250000000000000 40.562500000000000 36.500000000000000 -17.312500000000000 2.2500000000000000 2.7500000000000000 1.7500000000000000 -1 -0.66138792707153540 1 2 1 1 6 0.12500000000000000 7.5000000000000000 18.250000000000000 6.7500000000000000 -17.500000000000000 -5.5625000000000000 8.5000000000000000 25.187500000000000 28.250000000000000 -1.8125000000000000 -32 -18 37 41 -51 54 -43 56 1109.160156250 33.304056153 4962.828125000 70.447342924 175.301718140 -31 -11 -31 -11 -32 -10 -32 -10 -4.250000000 17.250000000 -58.750000000 -38.875000000 3282.359375000 -17.261410963 -5.925047811 -25.870795497 -7.087643403 -2.125000000 8.625000000 1 -58.442626757 13.456309420 -10.812500000 31.500000000 -61.000000000 62.437500000 0 -32 -11 -31 -10 2 22.468904052 33.841005130 30.699320026 21.402755909 2 22.468904052 33.841005130 2 30.699320026 21.402755909 4.921398396 1.846439568 0 27.250000000 28.062500000 -31.500000000 -10.812500000 -31.500000000 -10.812500000 27.250000000 28.062500000 2 9.629542767 16.403005959 -31.500000000 -8.114516654 27.250000000 30.760483346 -30.773206412 7.356597171 14.898993022 30.773206412 4 7.356597171 14.898993022 12.801526033 18.501914034 4 -31.500000000 -10.812500000 27.250000000 28.062500000 -29.623598499 -9.570881134 25.373598499 26.820881134 7.356597171 14.898993022 6 -31.500000000 -10.812500000 -21.708333333 -4.333333333 -21.708333333 -4.333333333 -11.916666667 2.145833333 -11.916666667 2.145833333 -2.125000000 8.625000000 -2.125000000 8.625000000 7.666666667 15.104166667 7.666666667 15.104166667 17.458333333 21.583333333 17.458333333 21.583333333 27.250000000 28.062500000
FGEOM -13.250000000000000 3.1250000000000000 43.500000000000000 40.000000000000000 8.6250000000000000 52.500000000000000 52.750000000000000 -10.375000000000000 -9.7500000000000000 5.3750000000000000 47.000000000000000 42.250000000000000 3.3750000000000000 0.50000000000000000 2.0000000000000000 0 -0.49604094530365156 2 3 0 1 0 0.25000000000000000 8.5000000000000000 19.250000000000000 7.7500000000000000 -0.25000000000000000 7.3750000000000000 25.750000000000000 38.125000000000000 45.500000000000000 11.125000000000000 -14 -11 53 53 -44 64 -11 84 185.328125000 13.613527280 4580.328125000 67.678121465 79.020270342 -13 3 -13 3 -14 3 -14 3 30.250000000 43.125000000 -56.750000000 -36.875000000 3062.109375000 -18.735959811 4.418858446 -6.751407981 7.347653404 15.125000000 21.562500000 1 -34.113390839 19.487332757 -13.250000000 3.125000000 -13.250000000 3.125000000 0 -14 3 -13 4 2 38.010201590 46.489384672 47.199451785 32.347284372 2 38.010201590 46.489384672 2 47.199451785 32.347284372 22.171398396 14.783939568 0 43.500000000 40.000000000 -13.250000000 3.125000000 -13.250000000 3.125000000 43.500000000 40.000000000 -1 -13.250000000 7.149910307 43.500000000 44.024910307 -29.483540350 24.689357681 27.777225806 29.483540350 4 -9.761069758 5.392036170 43.500000000 40.000000000 4 -9.761069758 5.392036170 43.500000000 40.000000000 -10.419967992 4.963897450 40.669967992 38.161102550 24.689357681 27.777225806 0
FGEOM -51.125000000000000 3.0625000000000000 3.6250000000000000 40.937500000000000 -29.250000000000000 53.437500000000000 12.875000000000000 -7.4375000000000000 3.6250000000000000 40.937500000000000 -51.125000000000000 3.0625000000000000 4.5000000000000000 0.87500000000000000 2.2500000000000000 1 -0.33069396353576770 3 4 -1 1 1 0.37500000000000000 9.5000000000000000 20.250000000000000 8.7500000000000000 -39.125000000000000 9.3125000000000000 -13.125000000000000 40.062500000000000 6.6250000000000000 13.062500000000000 -52 -8 13 54 -83 21 -49 45 2623.144531250 51.216643108 4432.078125000 66.573854665 97.761158650 -51 3 -51 4 -51 4 -52 3 -47.500000000 44.000000000 -54.750000000 -37.875000000 3105.609375000 -20.213766213 1.210849076 -43.929044434 8.040524056 -23.750000000 22.000000000 1 -66.296487923 12.894757338 -3.062500000 -51.125000000 21.125000000 31.562500000 0 -52 3 -51 4 2 -2.839270210 47.899052316 7.859531762 32.433457387 2 -2.839270210 47.899052316 2 7.859531762 32.433457387 -16.703601604 16.721439568 0 3.625000000 40.937500000 -51.125000000 3.062500000 -51.125000000 3.062500000 3.625000000 40.937500000 -1 -51.125000000 8.534323671 3.625000000 46.409323671 -28.983084046 -12.761029762 29.601958863 28.983084046 4 3.625000000 40.937500000 -51.125000000 3.062500000 -1 -47.424222852 5.622626657 -0.075777148 38.377373343 -12.761029762 29.601958863 1 -51.125000000 3.062500000 3.625000000 40.937500000
FGEOM -78.000000000000000 -48.000000000000000 -21.250000000000000 -12.125000000000000 -56.125000000000000 0.37500000000000000 -16.000000000000000 -58.500000000000000 -99.750000000000000 -19.250000000000000 2.2500000000000000 -19.250000000000000 5.6250000000000000 1.2500000000000000 2.5000000000000000 2 -0.16534698176788384 4 5 -1 0 2 0.0000000000000000 10.500000000000000 21.250000000000000 9.7500000000000000 -67.000000000000000 -42.750000000000000 -41.000000000000000 -12.000000000000000 -21.250000000000000 -39.000000000000000 -78 -59 -16 1 -57 43 -126 -33 8388.000000000 91.586025135 4507.578125000 67.138499574 114.350236390 -78 -48 -78 -48 -80 -50 -78 -48 -99.250000000 -60.125000000 -56.750000000 -35.875000000 2976.859375000 -18.097739230 -11.137070295 -69.758640668 -42.790153902 -49.625000000 -30.062500000 1 -85.663916817 -43.739721390 78.000000000 48.000000000 -34.250000000 48.750000000 0 -78 -48 -78 -48 2 -28.179601885 -4.236361479 -17.096473128 -21.768558188 2 -28.179601885 -4.236361479 2 -17.096473128 -21.768558188 -44.578601604 -35.341060432 0 -21.250000000 -12.125000000 -78.000000000 -48.000000000 -78.000000000 -48.000000000 -21.250000000 -12.125000000 2 -32.520905923 -19.250000000 -78.000000000 -41.345302906 -21.250000000 -5.470302906 -29.201064031 -40.521610309 -24.307714006 29.201064031 4 -78.000000000 -48.000000000 -21.250000000 -12.125000000 4 -78.000000000 -48.000000000 -21.250000000 -12.125000000 -73.245369616 -44.994319559 -26.004630384 -15.130680441 -40.521610309 -24.307714006 2 -78.000000000 -48.000000000 -49.625000000 -30.062500000 -49.625000000 -30.062500000 -21.250000000 -12.125000000
FGEOM -51.875000000000000 -55.062500000000000 2.8750000000000000 -21.187500000000000 -30.000000000000000 -8.6875000000000000 8.1250000000000000 -65.562500000000000 -17.625000000000000 -94.312500000000000 -17.625000000000000 17.687500000000000 6.7500000000000000 1.6250000000000000 2.7500000000000000 3 0.0000000000000000 5 6 -1 -1 3 0.12500000000000000 11.500000000000000 22.250000000000000 10.750000000000000 -41.875000000000000 -50.812500000000000 -15.875000000000000 -20.062500000000000 3.8750000000000000 -47.062500000000000 -52 -66 9 -8 -22 74 -107 -18 5722.894531250 75.649815144 4145.078125000 64.382281142 128.815858459 -52 -55 -52 -55 -50 -54 -51 -56 -49.000000000 -76.250000000 -54.750000000 -33.875000000 2768.609375000 -15.257390224 -16.194892515 -42.733315525 -49.406343624 -24.500000000 -38.125000000 1 -51.875000000 -55.062500000 -55.062500000 51.875000000 -76.375000000 13.187500000 0 -52 -56 -51 -55 2 -4.825279296 -12.646089182 7.081647919 -31.890495529 2 -4.825279296 -12.646089182 2 7.081647919 -31.890495529 -19.453601604 -43.403560432 0 2.875000000 -21.187500000 -51.875000000 -55.062500000 -51.875000000 -55.062500000 2.875000000 -21.187500000 2 -17.625000000 -33.871289954 -51.875000000 -47.124958489 2.875000000 -13.249958489 -27.927181099 -15.305999680 -32.436474688 27.927181099 4 -44.668559756 -50.603720763 2.875000000 -21.187500000 4 -51.875000000 -55.062500000 2.875000000 -21.187500000 -46.134872539 -51.510959950 -2.865127461 -24.739040050 -15.305999680 -32.436474688 3 -51.875000000 -55.062500000 -33.625000000 -43.770833333 -33.625000000 -43.770833333 -15.375000000 -32.479166667 -15.375000000 -32.479166667 2.875000000 -21.187500000
FGEOM -1.7500000000000000 8.8750000000000000 56.000000000000000 49.750000000000000 16.125000000000000 56.250000000000000 71.250000000000000 1.3750000000000000 16.125000000000000 56.250000000000000 71.250000000000000 1.3750000000000000 7.8750000000000000 2.0000000000000000 0.75000000000000000 4 0.16534698176788384 0 0 0 -1 4 0.25000000000000000 100.00000000000000 23.250000000000000 11.750000000000000 12.250000000000000 15.125000000000000 38.250000000000000 45.875000000000000 58.000000000000000 18.875000000000000 -2 1 72 57 -41 70 7 106 81.828125000 9.045889951 5005.828125000 70.751877184 119.499186876 -2 9 -2 9 -1 8 -1 9 54.250000000 58.625000000 -57.750000000 -40.875000000 2968.734375000 -4.497899070 22.810773857 7.840734932 15.663247452 27.125000000 29.312500000 1 6.291460416 6.579004950 -1.750000000 8.875000000 -1.750000000 8.875000000 0 -2 8 -1 9 0 -1 -1 34.671398396 22.533939568 0 56.000000000 49.750000000 -1.750000000 8.875000000 -1.750000000 8.875000000 56.000000000 49.750000000 2 36.511361573 35.956093581 -1.750000000 18.522983252 56.000000000 59.397983252 -28.342225038 32.498960587 33.116147428 28.342225038 4 32.498960587 33.116147428 43.348547630 40.795400596 4 -1.750000000 8.875000000 56.000000000 49.750000000 4.677832986 13.424570101 49.572167014 45.200429899 32.498960587 33.116147428 4 -1.750000000 8.875000000 12.687500000 19.093750000 12.687500000 19.093750000 27.125000000 29.312500000 27.125000000 29.312500000 41.562500000 39.531250000 41.562500000 39.531250000 56.000000000 49.750000000
FGEOM -45.625000000000000 22.812500000000000 10.125000000000000 61.687500000000000 -27.750000000000000 68.187500000000000 25.375000000000000 15.312500000000000 -42.125000000000000 25.062500000000000 13.625000000000000 63.937500000000000 9.0000000000000000 2.3750000000000000 1.0000000000000000 5 0.33069396353576770 1 1 1 -1 5 0.37500000000000000 13.500000000000000 24.250000000000000 12.750000000000000 -32.625000000000000 28.062500000000000 -6.6250000000000000 58.812500000000000 13.125000000000000 31.812500000000000 -46 15 26 69 -96 11 -23 72 2602.050781250 51.010300737 4619.328125000 67.965639297 137.995219715 -46 23 -46 22 -46 23 -45 23 -35.500000000 84.500000000 -55.750000000 -38.875000000 2760.484375000 -21.689859382 10.844929691 -35.166590319 30.105247558 -17.750000000 42.250000000 1 -29.923244780 19.467039646 -22.812500000 -45.625000000 17.625000000 50.312500000 0 -46 22 -45 23 2 0.357577178 71.006698002 15.493325280 49.300769855 2 0.357577178 71.006698002 2 15.493325280 49.300769855 -10.203601604 35.471439568 0 10.125000000 61.687500000 -45.625000000 22.812500000 -45.625000000 22.812500000 10.125000000 61.687500000 -1 -45.625000000 33.784531456 10.125000000 72.659531456 -26.995488367 -12.309115148 46.043980244 26.995488367 4 -42.214417089 25.190731581 10.125000000 61.687500000 4 -42.214417089 25.190731581 10.125000000 61.687500000 -38.242593166 27.960321806 2.742593166 56.539678194 -12.309115148 46.043980244 5 -45.625000000 22.812500000 -34.475000000 30.587500000 -34.475000000 30.587500000 -23.325000000 38.362500000 -23.325000000 38.362500000 -12.175000000 46.137500000 -12.175000000 46.137500000 -1.025000000 53.912500000 -1.025000000 53.912500000 10.125000000 61.687500000
FGEOM -32.500000000000000 -14.250000000000000 25.250000000000000 22.625000000000000 -14.625000000000000 37.125000000000000 36.500000000000000 -21.750000000000000 25.250000000000000 22.625000000000000 -32.500000000000000 -14.250000000000000 -9.0000000000000000 2.7500000000000000 1.2500000000000000 6 0.49604094530365156 2 2 1 0 6 0.0000000000000000 14.500000000000000 25.250000000000000 13.750000000000000 -20.500000000000000 -10.000000000000000 5.5000000000000000 20.750000000000000 25.250000000000000 -6.2500000000000000 -33 -22 37 38 -52 59 -47 48 1259.312500000 35.486793318 4694.828125000 68.518815846 165.366393035 -32 -14 -32 -15 -32 -14 -32 -14 -7.250000000 8.375000000 -57.750000000 -36.875000000 2926.734375000 -23.124800053 -10.139335408 -20.911030019 -6.850116570 -3.625000000 4.187500000 1 -5.893795986 -16.565523619 32.500000000 14.250000000 3.250000000 88.500000000 0 -33 -15 -32 -14 2 15.036984702 32.917925654 30.290541599 9.029304343 2 15.036984702 32.917925654 2 30.290541599 9.029304343 1.921398396 -2.591060432 0 25.250000000 22.625000000 -32.500000000 -14.250000000 -32.500000000 -14.250000000 25.250000000 22.625000000 -1 -32.500000000 -24.928257015 25.250000000 11.946742985 -33.680757563 3.501085803 8.737706302 33.680757563 4 25.250000000 22.625000000 -32.500000000 -14.250000000 -1 -24.914492376 -9.406439937 17.664492376 17.781439937 3.501085803 8.737706302 6 -32.500000000 -14.250000000 -22.875000000 -8.104166667 -22.875000000 -8.104166667 -13.250000000 -1.958333333 -13.250000000 -1.958333333 -3.625000000 4.187500000 -3.625000000 4.187500000 6.000000000 10.333333333 6.000000000 10.333333333 15.625000000 16.479166667 15.625000000 16.479166667 25.250000000 22.625000000
FGEOM 14.750000000000000 -29.312500000000000 70.500000000000000 8.5625000000000000 32.625000000000000 23.062500000000000 81.750000000000000 -40.812500000000000 -7.0000000000000000 0.43750000000000000 95.000000000000000 0.43750000000000000 -7.8750000000000000 0.50000000000000000 1.5000000000000000 -6 0.66138792707153540 3 3 1 1 0 0.12500000000000000 2.5000000000000000 26.250000000000000 14.750000000000000 25.750000000000000 -23.062500000000000 51.750000000000000 7.6875000000000000 71.500000000000000 -19.312500000000000 14 -41 82 24 9 123 -15 80 1076.785156250 32.814404707 4542.578125000 67.398650765 63.282507704 15 -29 15 -30 15 -30 14 -29 85.250000000 -20.750000000 -55.750000000 -37.875000000 2980.234375000 11.799315071 -23.448638849 26.950726434 -21.023665674 42.625000000 -10.375000000 1 50.688504222 -29.247786419 -14.750000000 29.312500000 50.500000000 75.437500000 0 14 -30 15 -29 2 69.019374841 10.576885548 71.827215580 6.443892249 2 69.019374841 10.576885548 2 71.827215580 6.443892249 48.171398396 -15.653560432 0 70.500000000 8.562500000 14.750000000 -29.312500000 14.750000000 -29.312500000 70.500000000 8.562500000 2 58.540429043 0.437500000 14.750000000 -38.832937216 70.500000000 -0.957937216 -33.277975145 51.325720182 -4.463972612 33.277975145 4 14.750000000 -29.312500000 70.500000000 8.562500000 4 14.750000000 -29.312500000 70.500000000 8.562500000 21.263947164 -24.887105402 63.986052836 4.137105402 51.325720182 -4.463972612 0
FGEOM 17.875000000000000 -49.375000000000000 71.625000000000000 -13.500000000000000 35.750000000000000 1.0000000000000000 82.875000000000000 -60.875000000000000 52.125000000000000 -87.625000000000000 52.125000000000000 24.375000000000000 -6.7500000000000000 0.87500000000000000 1.7500000000000000 -5 0.82673490883941920 4 4 0 1 1 0.25000000000000000 3.5000000000000000 27.250000000000000 15.750000000000000 27.875000000000000 -44.125000000000000 53.875000000000000 -13.375000000000000 73.625000000000000 -40.375000000000000 17 -61 83 1 34 144 -32 59 2757.406250000 52.511010750 4176.078125000 64.622582160 78.443762200 18 -49 18 -49 16 -48 17 -49 89.500000000 -62.875000000 -53.750000000 -35.875000000 2767.984375000 9.276030742 -25.622602399 30.975103272 -40.631442700 44.750000000 -31.437500000 1 60.705683907 -46.269124074 -49.375000000 -17.875000000 -14.625000000 18.875000000 0 17 -50 18 -49 2 69.527170286 -10.698373599 73.407491983 -16.512096003 2 69.527170286 -10.698373599 2 73.407491983 -16.512096003 50.296398396 -36.716060432 0 71.625000000 -13.500000000 17.875000000 -49.375000000 17.875000000 -49.375000000 71.625000000 -13.500000000 2 52.125000000 -26.515116279 17.875000000 -57.490394039 71.625000000 -21.615394039 -31.976293053 53.501527020 -25.596364524 31.976293053 4 23.907845186 -45.348426585 71.625000000 -13.500000000 4 17.875000000 -49.375000000 71.625000000 -13.500000000 23.489329974 -45.627761157 66.010670026 -17.247238843 53.501527020 -25.596364524 1 17.875000000 -49.375000000 71.625000000 -13.500000000
FGEOM -56.000000000000000 30.250000000000000 0.75000000000000000 64.125000000000000 -33.125000000000000 78.625000000000000 12.000000000000000 18.750000000000000 -33.125000000000000 78.625000000000000 12.000000000000000 18.750000000000000 -5.6250000000000000 1.2500000000000000 2.0000000000000000 -4 -0.82673490883941920 5 5 -1 1 2 0.37500000000000000 4.5000000000000000 28.250000000000000 16.750000000000000 -42.000000000000000 34.500000000000000 -16.000000000000000 65.250000000000000 3.7500000000000000 38.250000000000000 -56 18 12 79 -112 -6 -26 65 4051.062500000 63.647957548 4368.078125000 66.091437607 98.092769388 -56 30 -56 31 -55 30 -56 30 -55.250000000 94.375000000 -56.750000000 -33.875000000 2936.859375000 -24.855471581 13.426393131 -41.617463708 38.835170342 -27.625000000 47.187500000 1 -84.208460130 62.691188429 -56.000000000 30.250000000 -56.000000000 30.250000000 0 -56 30 -56 31 2 -1.814198860 67.822956761 2.788023518 60.112960601 2 -1.814198860 67.822956761 2 2.788023518 60.112960601 -19.578601604 41.908939568 0 0.750000000 64.125000000 -56.000000000 30.250000000 -56.000000000 30.250000000 0.750000000 64.125000000 2 -15.076975043 54.677620624 -56.000000000 23.699086581 0.750000000 57.574086581 -29.813099795 -17.844370737 53.025717027 29.813099795 4 -17.844370737 53.025717027 -10.925124393 57.155927950 4 -56.000000000 30.250000000 0.750000000 64.125000000 -51.170043782 33.133079592 -4.079956218 61.241920408 -17.844370737 53.025717027 2 -56.000000000 30.250000000 -27.625000000 47.187500000 -27.625000000 47.187500000 0.750000000 64.125000000
FGEOM -57.875000000000000 -63.812500000000000 0.87500000000000000 -22.937500000000000 -35.000000000000000 -14.437500000000000 8.1250000000000000 -72.312500000000000 -54.375000000000000 -61.562500000000000 4.3750000000000000 -20.687500000000000 -4.5000000000000000 1.6250000000000000 2.2500000000000000 -3 -0.66138792707153540 0 6 -1 0 3 0.0000000000000000 5.5000000000000000 29.250000000000000 17.750000000000000 -44.875000000000000 -57.562500000000000 -18.875000000000000 -26.812500000000000 0.87500000000000000 -53.812500000000000 -58 -73 9 -14 -21 81 -122 -22 7421.550781250 86.148422976 5122.328125000 71.570441699 132.561431809 -58 -64 -58 -63 -57 -66 -58 -64 -57.000000000 -86.750000000 -58.750000000 -40.875000000 3362.109375000 -19.650316181 -21.666277345 -43.304564563 -53.675197047 -28.500000000 -43.375000000 1 -83.378341841 -39.351196849 63.812500000 -57.875000000 14.375000000 -37.312500000 0 -58 -64 -57 -63 2 -2.603796546 -18.677456034 3.659898203 -27.680320047 2 -2.603796546 -18.677456034 2 3.659898203 -27.680320047 -22.453601604 -50.153560432 0 0.875000000 -22.937500000 -57.875000000 -63.812500000 -57.875000000 -63.812500000 0.875000000 -22.937500000 -1 -57.875000000 -69.294491279 0.875000000 -28.419491279 -27.466165897 -19.313642555 -36.983640671 27.466165897 4 -54.461779998 -61.437770339 0.875000000 -22.937500000 4 -54.461779998 -61.437770339 0.875000000 -22.937500000 -54.181086791 -61.242479533 -2.818913209 -25.507520467 -19.313642555 -36.983640671 3 -57.875000000 -63.812500000 -38.291666667 -50.187500000 -38.291666667 -50.187500000 -18.708333333 -36.562500000 -18.708333333 -36.562500000 0.875000000 -22.937500000
FGEOM 18.250000000000000 -46.875000000000000 75.000000000000000 -8.0000000000000000 41.125000000000000 0.50000000000000000 82.250000000000000 -55.375000000000000 75.000000000000000 -8.0000000000000000 18.250000000000000 -46.875000000000000 -3.3750000000000000 2.0000000000000000 2.5000000000000000 -2 -0.49604094530365156 1 0 -1 -1 4 0.12500000000000000 6.5000000000000000 30.250000000000000 18.750000000000000 30.250000000000000 -41.625000000000000 56.250000000000000 -10.875000000000000 76.000000000000000 -37.875000000000000 18 -56 83 1 40 138 -29 67 2530.328125000 50.302366992 4731.828125000 68.788284795 149.424429583 18 -47 18 -46 18 -46 19 -47 93.250000000 -54.875000000 -56.750000000 -38.875000000 3139.859375000 10.974881164 -28.188907099 33.718658699 -36.278628072 46.625000000 -27.437500000 1 -1.540969804 -30.277772348 -18.250000000 46.875000000 64.000000000 47.875000000 0 18 -47 19 -46 2 70.836312746 -3.008636614 78.150257587 -13.685585030 2 70.836312746 -3.008636614 2 78.150257587 -13.685585030 52.671398396 -34.216060432 0 75.000000000 -8.000000000 18.250000000 -46.875000000 18.250000000 -46.875000000 75.000000000 -8.000000000 -1 18.250000000 -50.965933237 75.000000000 -12.090933237 -26.156570561 55.907120002 -21.079043347 26.156570561 4 75.000000000 -8.000000000 18.250000000 -46.875000000 -1 21.034358566 -44.967653053 72.215641434 -9.907346947 55.907120002 -21.079043347 4 18.250000000 -46.875000000 32.437500000 -37.156250000 32.437500000 -37.156250000 46.625000000 -27.437500000 46.625000000 -27.437500000 60.812500000 -17.718750000 60.812500000 -17.718750000 75.000000000 -8.000000000
FGEOM 10.375000000000000 -33.937500000000000 65.125000000000000 2.9375000000000000 33.250000000000000 11.437500000000000 72.375000000000000 -42.437500000000000 -11.375000000000000 -6.1875000000000000 90.625000000000000 -6.1875000000000000 -2.2500000000000000 2.3750000000000000 2.7500000000000000 -1 -0.33069396353576770 2 1 0 -1 5 0.25000000000000000 7.5000000000000000 31.250000000000000 19.750000000000000 21.375000000000000 -29.687500000000000 47.375000000000000 1.0625000000000000 67.125000000000000 -25.937500000000000 10 -43 73 12 21 115 -24 69 1259.394531250 35.487949099 4357.328125000 66.010060786 164.898009435 10 -34 10 -34 10 -34 11 -34 75.500000000 -31.000000000 -54.750000000 -36.875000000 2925.609375000 9.136023868 -29.884704581 26.756025667 -22.904617416 37.750000000 -15.500000000 1 -3.118807819 -24.051456984 -33.937500000 -10.375000000 -12.125000000 34.312500000 0 10 -34 11 -33 2 60.255645160 8.641830236 68.580787896 -3.718890164 2 60.255645160 8.641830236 2 68.580787896 -3.718890164 43.796398396 -22.278560432 0 65.125000000 2.937500000 10.375000000 -33.937500000 10.375000000 -33.937500000 65.125000000 2.937500000 2 51.576694915 -6.187500000 10.375000000 -36.650242224 65.125000000 0.224757776 -24.856296229 47.135397355 -9.178784886 24.856296229 4 10.375000000 -33.937500000 65.125000000 2.937500000 4 10.375000000 -33.937500000 65.125000000 2.937500000 12.241192797 -32.680589326 63.258807203 1.680589326 47.135397355 -9.178784886 5 10.375000000 -33.937500000 21.325000000 -26.562500000 21.325000000 -26.562500000 32.275000000 -19.187500000 32.275000000 -19.187500000 43.225000000 -11.812500000 43.225000000 -11.812500000 54.175000000 -4.437500000 54.175000000 -4.437500000 65.125000000 2.937500000
FGEOM 2.5000000000000000 5.0000000000000000 55.250000000000000 42.875000000000000 16.375000000000000 51.375000000000000 62.500000000000000 -0.50000000000000000 36.750000000000000 -32.250000000000000 36.750000000000000 79.750000000000000 -1.1250000000000000 2.7500000000000000 0.75000000000000000 0 -0.16534698176788384 3 2 1 -1 6 0.37500000000000000 100.00000000000000 1.2500000000000000 20.750000000000000 12.500000000000000 11.250000000000000 38.500000000000000 42.000000000000000 58.250000000000000 15.000000000000000 2 -1 63 52 -35 63 7 99 31.250000000 5.590169944 4217.078125000 64.939033909 147.817603638 3 5 2 5 3 4 3 5 57.750000000 47.875000000 -52.750000000 -37.875000000 2488.359375000 0.559016994 1.118033989 19.355232271 17.102216536 28.875000000 23.937500000 1 -4.943837209 7.916244495 2.500000000 5.000000000 2.500000000 5.000000000 0 2 5 3 5 0 -1 -1 34.921398396 18.658939568 0 55.250000000 42.875000000 2.500000000 5.000000000 2.500000000 5.000000000 55.250000000 42.875000000 2 36.750000000 29.591824645 2.500000000 3.615044301 55.250000000 41.490044301 -29.577982754 33.626043469 27.348794244 29.577982754 4 7.451475214 8.555206137 55.250000000 42.875000000 4 2.500000000 5.000000000 55.250000000 42.875000000 3.413837894 5.656144270 54.336162106 42.218855730 33.626043469 27.348794244 6 2.500000000 5.000000000 11.291666667 11.312500000 11.291666667 11.312500000 20.083333333 17.625000000 20.083333333 17.625000000 28.875000000 23.937500000 28.875000000 23.937500000 37.666666667 30.250000000 37.666666667 30.250000000 46.458333333 36.562500000 46.458333333 36.562500000 55.250000000 42.875000000
FGEOM -19.250000000000000 1.9375000000000000 40.500000000000000 37.812500000000000 -0.37500000000000000 54.312500000000000 53.750000000000000 -10.562500000000000 -0.37500000000000000 54.312500000000000 53.750000000000000 -10.562500000000000 0.0000000000000000 0.50000000000000000 1.0000000000000000 1 0.0000000000000000 4 3 1 0 0 0.0000000000000000 9.5000000000000000 2.2500000000000000 21.750000000000000 -5.2500000000000000 7.1875000000000000 20.750000000000000 37.937500000000000 40.500000000000000 10.937500000000000 -20 -11 54 55 -55 65 -18 79 374.316406250 19.347258365 4857.078125000 69.692740834 46.685450089 -19 2 -19 1 -20 3 -19 2 21.250000000 39.750000000 -59.750000000 -35.875000000 3006.734375000 -2.238689285 0.225322623 -0.602971853 13.133518992 10.625000000 19.875000000 1 -19.250000000 1.937500000 -1.937500000 -19.250000000 52.000000000 35.437500000 0 -20 1 -19 2 2 34.545208186 45.214557447 44.234346781 29.077246476 2 34.545208186 45.214557447 2 44.234346781 29.077246476 17.171398396 14.596439568 0 40.500000000 37.812500000 -19.250000000 1.937500000 -19.250000000 1.937500000 40.500000000 37.812500000 2 22.438427379 26.967999284 -19.250000000 1.937500000 40.500000000 37.812500000 -35.186815666 17.737747424 24.145624499 35.186815666 4 17.737747424 24.145624499 28.890140195 30.841726435 4 -19.250000000 1.937500000 40.500000000 37.812500000 -19.250000000 1.937500000 40.500000000 37.812500000 17.737747424 24.145624499 0
FGEOM 13.875000000000000 -58.125000000000000 71.625000000000000 -24.250000000000000 32.750000000000000 -7.7500000000000000 84.875000000000000 -70.625000000000000 17.375000000000000 -55.875000000000000 75.125000000000000 -22.000000000000000 1.1250000000000000 0.87500000000000000 1.2500000000000000 2 0.16534698176788384 5 4 1 1 1 0.12500000000000000 10.500000000000000 3.2500000000000000 22.750000000000000 26.875000000000000 -53.875000000000000 52.875000000000000 -23.125000000000000 72.625000000000000 -50.125000000000000 13 -71 85 -7 40 156 -45 48 3571.031250000 59.758106145 4482.578125000 66.952058407 65.927235575 14 -58 14 -59 15 -60 13 -58 85.500000000 -82.375000000 -57.750000000 -33.875000000 2796.484375000 0.754604737 -3.161182008 33.498183084 -46.614431567 42.750000000 -41.187500000 1 22.423882884 -60.544673550 -13.875000000 58.125000000 51.625000000 42.625000000 0 13 -59 14 -58 2 64.957794585 -16.138380436 75.451457380 -34.027945792 2 64.957794585 -16.138380436 2 75.451457380 -34.027945792 49.296398396 -46.466060432 0 71.625000000 -24.250000000 13.875000000 -58.125000000 13.875000000 -58.125000000 71.625000000 -24.250000000 -1 13.875000000 -56.820739122 71.625000000 -22.945739122 -33.901356866 49.902698381 -36.991869564 33.901356866 4 17.460961274 -56.021546526 71.625000000 -24.250000000 4 17.460961274 -56.021546526 71.625000000 -24.250000000 14.845377185 -57.555796067 70.654622815 -24.819203933 49.902698381 -36.991869564 1 13.875000000 -58.125000000 71.625000000 -24.250000000
FGEOM -18.000000000000000 -54.187500000000000 37.750000000000000 -13.312500000000000 0.87500000000000000 -2.8125000000000000 51.000000000000000 -63.687500000000000 37.750000000000000 -13.312500000000000 -18.000000000000000 -54.187500000000000 2.2500000000000000 1.2500000000000000 1.5000000000000000 3 0.33069396353576770 0 5 0 1 2 0.25000000000000000 11.500000000000000 4.2500000000000000 23.750000000000000 -6.0000000000000000 -47.937500000000000 20.000000000000000 -17.187500000000000 39.750000000000000 -44.187500000000000 -18 -64 51 -2 3 115 -73 25 3260.285156250 57.098906787 4778.828125000 69.129068596 92.820096490 -18 -54 -18 -54 -18 -55 -18 -54 19.750000000 -67.500000000 -55.750000000 -40.875000000 3152.234375000 -1.339780467 -4.033297448 1.153483866 -40.144474834 9.875000000 -33.750000000 1 -0.295865207 -57.532563274 -54.187500000 18.000000000 -50.500000000 16.062500000 0 -18 -55 -18 -54 2 29.502134800 -5.298592112 42.912197624 -23.588769542 2 29.502134800 -5.298592112 2 42.912197624 -23.588769542 16.421398396 -40.528560432 0 37.750000000 -13.312500000 -18.000000000 -54.187500000 -18.000000000 -54.187500000 37.750000000 -13.312500000 -1 -18.000000000 -51.397537590 37.750000000 -10.522537590 -30.271500361 18.774092269 -27.225329211 30.271500361 4 37.750000000 -13.312500000 -18.000000000 -54.187500000 -1 -16.185459423 -52.857108142 35.935459423 -14.642891858 18.774092269 -27.225329211 2 -18.000000000 -54.187500000 9.875000000 -33.750000000 9.875000000 -33.750000000 37.750000000 -13.312500000
FGEOM -45.875000000000000 -33.250000000000000 7.8750000000000000 5.6250000000000000 -27.000000000000000 16.125000000000000 21.125000000000000 -42.750000000000000 -67.625000000000000 -4.5000000000000000 34.375000000000000 -4.5000000000000000 3.3750000000000000 1.6250000000000000 1.7500000000000000 4 0.49604094530365156 1 6 -1 1 3 0.37500000000000000 12.500000000000000 5.2500000000000000 24.750000000000000 -34.875000000000000 -28.000000000000000 -8.8750000000000000 2.7500000000000000 10.875000000000000 -24.250000000000000 -46 -43 22 17 -44 64 -80 14 3210.078125000 56.657551350 4400.328125000 66.334969096 110.712156698 -46 -33 -45 -33 -46 -36 -46 -34 -38.000000000 -27.625000000 -53.750000000 -38.875000000 2933.984375000 -4.250867612 -3.081010313 -25.820532226 -18.745489587 -19.000000000 -13.812500000 1 -20.100164523 -36.282523509 -45.875000000 -33.250000000 -45.875000000 -33.250000000 0 -46 -34 -45 -33 2 -1.227868514 14.191667077 13.160681586 -5.702469716 2 -1.227868514 14.191667077 2 13.160681586 -5.702469716 -12.453601604 -20.591060432 0 7.875000000 5.625000000 -45.875000000 -33.250000000 -45.875000000 -33.250000000 7.875000000 5.625000000 2 -6.124196141 -4.500000000 -45.875000000 -29.084781010 7.875000000 9.790218990 -28.946129789 -10.036386225 -7.329514223 28.946129789 4 -45.875000000 -33.250000000 7.875000000 5.625000000 4 -45.875000000 -33.250000000 7.875000000 5.625000000 -43.140299849 -31.272112216 5.140299849 3.647112216 -10.036386225 -7.329514223 3 -45.875000000 -33.250000000 -27.958333333 -20.291666667 -27.958333333 -20.291666667 -10.041666667 -7.333333333 -10.041666667 -7.333333333 7.875000000 5.625000000
FGEOM 8.2500000000000000 -32.312500000000000 64.000000000000000 4.5625000000000000 27.125000000000000 15.062500000000000 73.250000000000000 -41.812500000000000 42.500000000000000 -71.562500000000000 42.500000000000000 40.437500000000000 4.5000000000000000 2.0000000000000000 2.0000000000000000 5 0.66138792707153540 2 0 -1 0 4 0.0000000000000000 13.500000000000000 6.2500000000000000 25.750000000000000 18.250000000000000 -28.062500000000000 44.250000000000000 2.6875000000000000 64.000000000000000 -24.312500000000000 8 -42 74 16 12 116 -25 69 1112.160156250 33.349065298 4467.828125000 66.841814196 133.683628392 8 -32 8 -32 8 -32 8 -33 72.250000000 -27.750000000 -55.750000000 -36.875000000 2799.234375000 1.546145283 -6.055735691 29.727012814 -18.106852511 36.125000000 -13.875000000 1 41.328300149 -33.916296585 32.312500000 8.250000000 74.500000000 -3.812500000 0 8 -33 9 -32 2 54.431727307 14.086058037 69.020005742 -7.969440885 2 54.431727307 14.086058037 2 69.020005742 -7.969440885 40.671398396 -20.653560432 0 64.000000000 4.562500000 8.250000000 -32.312500000 8.250000000 -32.312500000 64.000000000 4.562500000 2 42.500000000 -9.658352018 8.250000000 -26.917196612 64.000000000 9.957803388 -29.100655756 43.179122616 -9.209156566 29.100655756 4 14.016051388 -28.498631929 64.000000000 4.562500000 4 8.250000000 -32.312500000 64.000000000 4.562500000 12.003264375 -29.829959662 60.246735625 2.079959662 43.179122616 -9.209156566 4 8.250000000 -32.312500000 22.187500000 -23.093750000 22.187500000 -23.093750000 36.125000000 -13.875000000 36.125000000 -13.875000000 50.062500000 -4.656250000 50.062500000 -4.656250000 64.000000000 4.562500000
FGEOM -15.625000000000000 24.625000000000000 43.125000000000000 62.500000000000000 8.2500000000000000 73.000000000000000 52.375000000000000 18.125000000000000 8.2500000000000000 73.000000000000000 52.375000000000000 18.125000000000000 5.6250000000000000 2.3750000000000000 2.2500000000000000 6 0.82673490883941920 3 1 -1 -1 5 0.12500000000000000 14.500000000000000 7.2500000000000000 26.750000000000000 -1.6250000000000000 30.875000000000000 24.375000000000000 61.625000000000000 44.125000000000000 34.625000000000000 -16 18 53 73 -65 35 9 106 850.531250000 29.163868913 4886.078125000 69.900487302 163.496804489 -16 25 -16 25 -15 25 -15 24 27.500000000 87.125000000 -58.750000000 -37.875000000 3234.859375000 -3.884301165 6.121658636 6.857854708 39.119265907 13.750000000 43.562500000 1 27.670546656 22.671095605 15.625000000 -24.625000000 32.125000000 121.375000000 0 -16 24 -15 25 2 32.911155188 72.792102514 48.282770315 48.948343076 2 32.911155188 72.792102514 2 48.282770315 48.948343076 20.796398396 38.283939568 0 43.125000000 62.500000000 -15.625000000 24.625000000 -15.625000000 24.625000000 43.125000000 62.500000000 2 25.717099467 51.277459869 -15.625000000 31.317599848 43.125000000 69.192599848 -27.721775624 23.270814479 49.700386781 27.721775624 4 23.270814479 49.700386781 29.450565462 53.684353904 4 -15.625000000 24.625000000 43.125000000 62.500000000 -10.897296907 27.672859653 38.397296907 59.452140347 23.270814479 49.700386781 5 -15.625000000 24.625000000 -3.875000000 32.200000000 -3.875000000 32.200000000 7.875000000 39.775000000 7.875000000 39.775000000 19.625000000 47.350000000 19.625000000 47.350000000 31.375000000 54.925000000 31.375000000 54.925000000 43.125000000 62.500000000
FGEOM 5.5000000000000000 -5.7500000000000000 62.250000000000000 30.125000000000000 29.375000000000000 40.625000000000000 71.500000000000000 -12.250000000000000 9.0000000000000000 -3.5000000000000000 65.750000000000000 32.375000000000000 6.7500000000000000 2.7500000000000000 2.5000000000000000 -6 -0.82673490883941920 4 2 0 -1 6 0.25000000000000000 2.5000000000000000 8.2500000000000000 27.750000000000000 18.500000000000000 -0.50000000000000000 44.500000000000000 30.250000000000000 64.250000000000000 3.2500000000000000 5 -13 72 41 -12 84 -1 93 63.312500000 7.956915231 4507.578125000 67.138499574 179.998198776 6 -6 5 -6 4 -6 6 -6 67.750000000 24.375000000 -56.750000000 -35.875000000 3018.609375000 5.702586829 -5.961795321 28.956176560 9.078023508 33.875000000 12.187500000 1 -20.914293880 26.781475483 -5.500000000 5.750000000 53.250000000 87.000000000 0 5 -6 6 -5 2 60.836381534 32.186960919 63.506244599 27.963553839 2 60.836381534 32.186960919 2 63.506244599 27.963553839 40.921398396 6.908939568 0 62.250000000 30.125000000 5.500000000 -5.750000000 5.500000000 -5.750000000 62.250000000 30.125000000 -1 5.500000000 2.235636513 62.250000000 38.110636513 -26.441842404 43.504018407 18.274566702 26.441842404 4 9.016912491 -3.526753557 62.250000000 30.125000000 4 9.016912491 -3.526753557 62.250000000 30.125000000 11.205556461 -2.143183471 56.544443539 26.518183471 43.504018407 18.274566702 6 5.500000000 -5.750000000 14.958333333 0.229166667 14.958333333 0.229166667 24.416666667 6.208333333 24.416666667 6.208333333 33.875000000 12.187500000 33.875000000 12.187500000 43.333333333 18.166666667 43.333333333 18.166666667 52.791666667 24.145833333 52.791666667 24.145833333 62.250000000 30.125000000
FGEOM 7.7500000000000000 -3.8125000000000000 62.500000000000000 30.062500000000000 31.625000000000000 40.562500000000000 71.750000000000000 -17.312500000000000 62.500000000000000 30.062500000000000 7.7500000000000000 -3.8125000000000000 7.8750000000000000 0.50000000000000000 2.7500000000000000 -5 -0.66138792707153540 5 3 1 -1 0 0.37500000000000000 3.5000000000000000 9.2500000000000000 28.750000000000000 19.750000000000000 0.43750000000000000 45.750000000000000 31.187500000000000 65.500000000000000 4.1875000000000000 7 -18 72 41 -9 90 3 93 74.597656250 8.636993473 4145.078125000 64.382281142 97.095198332 8 -4 7 -4 10 -3 8 -3 70.250000000 26.250000000 -54.750000000 -33.875000000 2810.359375000 8.300052585 -4.083090385 32.198691039 11.314429844 35.125000000 13.125000000 1 -14.471418787 20.208718411 -3.812500000 -7.750000000 -12.750000000 64.437500000 0 7 -4 8 -3 2 60.499380546 32.934349892 64.177012767 26.990427706 2 60.499380546 32.934349892 2 64.177012767 26.990427706 42.171398396 7.846439568 0 62.500000000 30.062500000 7.750000000 -3.812500000 7.750000000 -3.812500000 62.500000000 30.062500000 -1 7.750000000 5.447965096 62.500000000 39.322965096 -25.174094429 44.870452532 19.154720631 25.174094429 4 62.500000000 30.062500000 7.750000000 -3.812500000 -1 14.446815371 0.330963392 55.803184629 25.919036608 44.870452532 19.154720631 0
FGEOM -29.125000000000000 -4.8750000000000000 27.625000000000000 36.000000000000000 -14.250000000000000 48.500000000000000 32.875000000000000 -15.375000000000000 -50.875000000000000 24.875000000000000 51.125000000000000 24.875000000000000 9.0000000000000000 0.87500000000000000 0.75000000000000000 -4 -0.49604094530365156 0 4 1 0 1 0.0000000000000000 100.00000000000000 10.250000000000000 29.750000000000000 -18.125000000000000 1.3750000000000000 7.8750000000000000 32.125000000000000 27.625000000000000 5.1250000000000000 -30 -16 33 49 -63 49 -34 64 872.031250000 29.530175245 4891.328125000 69.938030606 58.357080360 -29 -5 -29 -5 -29 -4 -29 -4 -1.500000000 31.125000000 -56.750000000 -40.875000000 3025.859375000 -10.109362627 -1.692125075 -4.984879305 12.512267549 -0.750000000 15.562500000 1 -52.735864153 8.637806001 -29.125000000 -4.875000000 -29.125000000 -4.875000000 0 -30 -5 -29 -4 0 -1 -1 4.296398396 8.783939568 0 27.625000000 36.000000000 -29.125000000 -4.875000000 -29.125000000 -4.875000000 27.625000000 36.000000000 2 12.179281346 24.875000000 -29.125000000 6.216493841 27.625000000 47.091493841 -34.616582767 5.981522225 20.410975259 34.616582767 4 -29.125000000 -4.875000000 27.625000000 36.000000000 4 -29.125000000 -4.875000000 27.625000000 36.000000000 -21.822106344 0.385013712 20.322106344 30.739986288 5.981522225 20.410975259 1 -29.125000000 -4.875000000 27.625000000 36.000000000
FGEOM 0.0000000000000000 -53.937500000000000 54.750000000000000 -15.062500000000000 14.875000000000000 -2.5625000000000000 60.000000000000000 -64.437500000000000 34.250000000000000 -92.187500000000000 34.250000000000000 19.812500000000000 -9.0000000000000000 1.2500000000000000 1.0000000000000000 -3 -0.33069396353576770 1 5 1 1 2 0.12500000000000000 5.5000000000000000 11.250000000000000 30.750000000000000 10.000000000000000 -48.687500000000000 36.000000000000000 -17.937500000000000 55.750000000000000 -44.937500000000000 0 -65 60 -2 17 125 -54 40 2909.253906250 53.937500000 4508.828125000 67.147808043 78.708049342 0 -54 0 -54 0 -55 0 -53 54.750000000 -69.000000000 -54.750000000 -38.875000000 2811.609375000 0.000000000 -11.250000000 25.072486341 -36.134889835 27.375000000 -34.500000000 1 -15.875466701 -46.323956188 53.937500000 0.000000000 66.250000000 -17.437500000 0 0 -54 0 -53 2 51.209171743 -10.853873709 57.556186148 -19.792755733 2 51.209171743 -10.853873709 2 57.556186148 -19.792755733 32.421398396 -41.278560432 0 54.750000000 -15.062500000 0.000000000 -53.937500000 0.000000000 -53.937500000 54.750000000 -15.062500000 2 34.250000000 -29.618436073 0.000000000 -64.975495843 54.750000000 -26.100495843 -33.277566165 34.140936184 -29.695876362 33.277566165 4 4.714080017 -50.590287933 54.750000000 -15.062500000 4 0.000000000 -53.937500000 54.750000000 -15.062500000 7.338288685 -48.726979952 47.411711315 -20.273020048 34.140936184 -29.695876362 2 0.000000000 -53.937500000 27.375000000 -34.500000000 27.375000000 -34.500000000 54.750000000 -15.062500000
FGEOM -17.875000000000000 -66.000000000000000 39.875000000000000 -29.125000000000000 2.0000000000000000 -16.625000000000000 55.125000000000000 -76.500000000000000 2.0000000000000000 -16.625000000000000 55.125000000000000 -76.500000000000000 -7.8750000000000000 1.6250000000000000 1.2500000000000000 -2 -0.16534698176788384 2 6 0 1 3 0.25000000000000000 6.5000000000000000 12.250000000000000 31.750000000000000 -3.8750000000000000 -61.750000000000000 22.125000000000000 -31.000000000000000 41.875000000000000 -58.000000000000000 -18 -77 56 -16 18 132 -84 11 4675.515625000 68.377742175 4694.828125000 68.518815846 104.552777118 -18 -66 -17 -66 -18 -66 -18 -66 22.000000000 -95.125000000 -57.750000000 -36.875000000 2968.484375000 -3.202339578 -11.824023056 8.884985230 -48.912996444 11.000000000 -47.562500000 1 -25.730788800 -62.055271874 17.875000000 66.000000000 21.875000000 32.750000000 0 -18 -66 -17 -66 2 35.872941621 -24.003132301 42.837643332 -34.910563455 2 35.872941621 -24.003132301 2 42.837643332 -34.910563455 18.546398396 -54.341060432 0 39.875000000 -29.125000000 -17.875000000 -66.000000000 -17.875000000 -66.000000000 39.875000000 -29.125000000 2 22.777369812 -40.042317977 -17.875000000 -75.343474888 39.875000000 -38.468474888 -30.918742521 18.639642942 -42.684373014 30.918742521 4 18.639642942 -42.684373014 29.219265964 -35.928986019 4 -17.875000000 -66.000000000 39.875000000 -29.125000000 -11.237680829 -61.761884945 33.237680829 -33.363115055 18.639642942 -42.684373014 3 -17.875000000 -66.000000000 1.375000000 -53.708333333 1.375000000 -53.708333333 20.625000000 -41.416666667 20.625000000 -41.416666667 39.875000000 -29.125000000
FGEOM -58.750000000000000 -40.062500000000000 -3.0000000000000000 -2.1875000000000000 -38.875000000000000 10.312500000000000 12.250000000000000 -47.562500000000000 -55.250000000000000 -37.812500000000000 0.50000000000000000 0.062500000000000000 -6.7500000000000000 2.0000000000000000 1.5000000000000000 -1 0.0000000000000000 3 0 -1 1 4 0.37500000000000000 7.5000000000000000 13.250000000000000 32.750000000000000 -45.750000000000000 -33.812500000000000 -19.750000000000000 -3.0625000000000000 0.0000000000000000 -30.062500000000000 -59 -48 13 11 -50 60 -99 -5 5056.566406250 71.109538082 4542.578125000 67.398650765 125.139562714 -59 -40 -58 -40 -60 -40 -59 -41 -61.750000000 -42.250000000 -55.750000000 -37.875000000 3015.984375000 -10.947019500 -7.464935638 -31.660251477 -21.658478022 -30.875000000 -21.125000000 1 -58.750000000 -40.062500000 -40.062500000 58.750000000 -89.250000000 30.187500000 0 -59 -41 -58 -40 2 -7.878828613 3.508729575 0.498142397 -8.821729403 2 -7.878828613 3.508729575 2 0.498142397 -8.821729403 -23.328601604 -26.403560432 0 -3.000000000 -2.187500000 -58.750000000 -40.062500000 -58.750000000 -40.062500000 -3.000000000 -2.187500000 -1 -58.750000000 -48.222874756 -3.000000000 -10.347874756 -30.499729619 -21.735528420 -14.915897111 30.499729619 4 -55.309406656 -37.725056540 -3.000000000 -2.187500000 4 -55.309406656 -37.725056540 -3.000000000 -2.187500000 -53.166616717 -36.269304630 -8.583383283 -5.980695370 -21.735528420 -14.915897111 4 -58.750000000 -40.062500000 -44.812500000 -30.593750000 -44.812500000 -30.593750000 -30.875000000 -21.125000000 -30.875000000 -21.125000000 -16.937500000 -11.656250000 -16.937500000 -11.656250000 -3.000000000 -2.187500000
FGEOM -10.625000000000000 -9.1250000000000000 47.125000000000000 26.750000000000000 9.2500000000000000 39.250000000000000 58.375000000000000 -16.625000000000000 47.125000000000000 26.750000000000000 -10.625000000000000 -9.1250000000000000 -5.6250000000000000 2.3750000000000000 1.7500000000000000 0 0.16534698176788384 4 1 -1 0 5 0.0000000000000000 8.5000000000000000 14.250000000000000 33.750000000000000 1.3750000000000000 -3.8750000000000000 27.375000000000000 26.875000000000000 47.125000000000000 -0.12500000000000000 -11 -17 59 40 -30 75 -20 74 196.156250000 14.005579245 4622.078125000 67.985867098 150.842044091 -11 -9 -11 -9 -12 -9 -11 -10 36.500000000 17.625000000 -57.750000000 -35.875000000 2883.234375000 -10.810423999 -9.284246494 18.043642222 8.684308047 18.250000000 8.812500000 1 -2.391667600 -11.736545534 -10.625000000 -9.125000000 -10.625000000 -9.125000000 0 -11 -10 -10 -9 2 41.772167949 33.352816750 50.672394156 19.025623345 2 41.772167949 33.352816750 2 50.672394156 19.025623345 23.796398396 3.533939568 0 47.125000000 26.750000000 -10.625000000 -9.125000000 -10.625000000 -9.125000000 47.125000000 26.750000000 -1 -10.625000000 -15.747000042 47.125000000 20.127999958 -30.604016891 25.399225609 13.253685605 30.604016891 4 47.125000000 26.750000000 -10.625000000 -9.125000000 -1 -5.846892963 -6.156781992 42.346892963 23.781781992 25.399225609 13.253685605 5 -10.625000000 -9.125000000 0.925000000 -1.950000000 0.925000000 -1.950000000 12.475000000 5.225000000 12.475000000 5.225000000 24.025000000 12.400000000 24.025000000 12.400000000 35.575000000 19.575000000 35.575000000 19.575000000 47.125000000 26.750000000
FGEOM -54.500000000000000 -38.187500000000000 1.2500000000000000 -4.3125000000000000 -34.625000000000000 8.1875000000000000 12.500000000000000 -45.687500000000000 -76.250000000000000 -10.437500000000000 25.750000000000000 -10.437500000000000 -4.5000000000000000 2.7500000000000000 2.0000000000000000 1 0.33069396353576770 5 2 -1 -1 6 0.12500000000000000 9.5000000000000000 15.250000000000000 34.750000000000000 -43.500000000000000 -33.937500000000000 -17.500000000000000 -3.1875000000000000 2.2500000000000000 -30.187500000000000 -55 -46 13 9 -43 59 -93 -3 4428.535156250 66.547240035 4255.578125000 65.234792289 167.614990846 -54 -38 -55 -38 -55 -38 -54 -39 -53.250000000 -42.500000000 -55.750000000 -33.875000000 2678.984375000 -12.489248233 -8.751067282 -24.802465417 -20.142585489 -26.625000000 -21.250000000 1 -38.365179794 -42.128176534 38.187500000 -54.500000000 11.750000000 -11.687500000 0 -55 -39 -54 -38 2 -4.812867929 3.001297404 4.948236214 -13.063102774 2 -4.812867929 3.001297404 2 4.948236214 -13.063102774 -21.078601604 -26.528560432 0 1.250000000 -4.312500000 -54.500000000 -38.187500000 -54.500000000 -38.187500000 1.250000000 -4.312500000 2 -8.830258303 -10.437500000 -54.500000000 -43.453088615 1.250000000 -9.578088615 -29.311668788 -19.404091872 -16.862407842 29.311668788 4 -54.500000000 -38.187500000 1.250000000 -4.312500000 4 -54.500000000 -38.187500000 1.250000000 -4.312500000 -50.654276097 -35.850748481 -2.595723903 -6.649251519 -19.404091872 -16.862407842 6 -54.500000000 -38.187500000 -45.208333333 -32.541666667 -45.208333333 -32.541666667 -35.916666667 -26.895833333 -35.916666667 -26.895833333 -26.625000000 -21.250000000 -26.625000000 -21.250000000 -17.333333333 -15.604166667 -17.333333333 -15.604166667 -8.041666667 -9.958333333 -8.041666667 -9.958333333 1.250000000 -4.312500000
FGEOM -13.250000000000000 -52.250000000000000 40.500000000000000 -11.375000000000000 6.6250000000000000 -4.8750000000000000 51.750000000000000 -63.750000000000000 21.000000000000000 -89.500000000000000 21.000000000000000 22.500000000000000 -3.3750000000000000 0.50000000000000000 2.2500000000000000 2 0.49604094530365156 0 3 0 -1 0 0.25000000000000000 10.500000000000000 16.250000000000000 35.750000000000000 -3.2500000000000000 -46.000000000000000 22.750000000000000 -15.250000000000000 42.500000000000000 -42.250000000000000 -14 -64 52 -4 11 116 -66 30 2905.625000000 53.903849584 4559.828125000 67.526499428 95.815012402 -13 -52 -14 -52 -13 -51 -13 -52 27.250000000 -63.625000000 -53.750000000 -40.875000000 3004.734375000 -3.994380766 -15.751426040 15.206421054 -30.609884455 13.625000000 -31.812500000 1 11.693466940 -55.999523400 13.250000000 52.250000000 26.500000000 42.500000000 0 -14 -53 -13 -52 2 32.921872794 -4.107126304 45.478933842 -20.619469579 2 32.921872794 -4.107126304 2 45.478933842 -20.619469579 19.171398396 -38.591060432 0 40.500000000 -11.375000000 -13.250000000 -52.250000000 -13.250000000 -52.250000000 40.500000000 -11.375000000 2 21.000000000 -26.204069767 -13.250000000 -56.490036011 40.500000000 -15.615036011 -25.679039187 22.168982521 -25.315099339 25.679039187 4 -9.497451418 -49.396317707 40.500000000 -11.375000000 4 -13.250000000 -52.250000000 40.500000000 -11.375000000 -10.563554656 -50.207052029 37.813554656 -13.417947971 22.168982521 -25.315099339 0
FGEOM 13.875000000000000 -50.312500000000000 70.625000000000000 -11.437500000000000 38.750000000000000 -4.9375000000000000 81.875000000000000 -61.812500000000000 38.750000000000000 -4.9375000000000000 81.875000000000000 -61.812500000000000 -2.2500000000000000 0.87500000000000000 2.5000000000000000 3 0.66138792707153540 1 4 1 -1 1 0.37500000000000000 11.500000000000000 17.250000000000000 36.750000000000000 27.875000000000000 -45.062500000000000 53.875000000000000 -14.312500000000000 73.625000000000000 -41.312500000000000 13 -62 82 -4 43 144 -37 60 2723.863281250 52.190643618 4731.828125000 68.788284795 109.138230333 14 -50 13 -51 14 -52 14 -50 84.500000000 -61.750000000 -56.750000000 -38.875000000 3175.609375000 4.585951301 -16.629237826 44.193571051 -29.543611020 42.250000000 -30.875000000 1 46.990031667 -56.023291842 -50.312500000 -13.875000000 -6.625000000 19.937500000 0 13 -51 14 -50 2 62.631250008 -3.170096474 75.446535237 -21.877940506 2 62.631250008 -3.170096474 2 75.446535237 -21.877940506 50.296398396 -37.653560432 0 70.625000000 -11.437500000 13.875000000 -50.312500000 13.875000000 -50.312500000 70.625000000 -11.437500000 2 52.890229478 -23.586208442 13.875000000 -53.039788824 70.625000000 -14.164788824 -23.376300627 51.960878707 -24.222834190 23.376300627 4 51.960878707 -24.222834190 54.795221109 -22.281247214 4 13.875000000 -50.312500000 70.625000000 -11.437500000 15.731239044 -49.040935369 68.768760956 -12.709064631 51.960878707 -24.222834190 1 13.875000000 -50.312500000 70.625000000 -11.437500000
FGEOM -60.000000000000000 1.6250000000000000 -1.2500000000000000 38.500000000000000 -35.125000000000000 53.000000000000000 6.0000000000000000 -9.8750000000000000 -56.500000000000000 3.8750000000000000 2.2500000000000000 40.750000000000000 -1.1250000000000000 1.2500000000000000 2.7500000000000000 4 0.82673490883941920 2 5 1 0 2 0.0000000000000000 12.500000000000000 18.250000000000000 0.75000000000000000 -47.000000000000000 5.8750000000000000 -21.000000000000000 36.625000000000000 -1.2500000000000000 9.6250000000000000 -60 -10 6 53 -89 16 -59 38 3602.640625000 60.022001175 4811.328125000 69.363737825 125.205007669 -60 2 -60 1 -60 0 -60 2 -61.250000000 40.125000000 -58.750000000 -36.875000000 3355.859375000 -18.243310429 0.494089657 -59.364761742 2.023713375 -30.625000000 20.062500000 1 -14.174563183 -0.096473020 -60.000000000 1.625000000 -60.000000000 1.625000000 0 -60 1 -60 2 2 -9.694361198 47.716439875 3.378496945 26.888496392 2 -9.694361198 47.716439875 2 3.378496945 26.888496392 -24.578601604 13.283939568 0 -1.250000000 38.500000000 -60.000000000 1.625000000 -60.000000000 1.625000000 -1.250000000 38.500000000 -1 -60.000000000 0.296758212 -1.250000000 37.171758212 -30.289827090 -19.022387757 27.344990663 30.289827090 4 -56.476049363 3.836841357 -1.250000000 38.500000000 4 -56.476049363 3.836841357 -1.250000000 38.500000000 -59.047142613 2.223070062 -2.202857387 37.901929938 -19.022387757 27.344990663 2 -60.000000000 1.625000000 -30.625000000 20.062500000 -30.625000000 20.062500000 -1.250000000 38.500000000
FGEOM -46.875000000000000 -36.750000000000000 9.8750000000000000 1.1250000000000000 -31.000000000000000 15.625000000000000 17.125000000000000 -45.250000000000000 9.8750000000000000 1.1250000000000000 -46.875000000000000 -36.750000000000000 0.0000000000000000 1.6250000000000000 0.75000000000000000 5 -0.82673490883941920 3 6 1 1 3 0.12500000000000000 100.00000000000000 19.250000000000000 1.7500000000000000 -34.875000000000000 -30.500000000000000 -8.8750000000000000 0.25000000000000000 10.875000000000000 -26.750000000000000 -47 -46 18 16 -47 63 -84 11 3547.828125000 59.563647680 4655.078125000 68.228132944 96.494626227 -47 -37 -46 -37 -48 -36 -47 -36 -37.000000000 -35.625000000 -56.750000000 -37.875000000 2884.609375000 -15.149235904 -11.877000949 -45.419405428 -35.778534900 -18.500000000 -17.812500000 1 -80.285384771 -8.168005232 36.750000000 -46.875000000 21.375000000 -0.250000000 0 -47 -37 -46 -36 0 -1 -1 -12.453601604 -23.091060432 0 9.875000000 1.125000000 -46.875000000 -36.750000000 -46.875000000 -36.750000000 9.875000000 1.125000000 -1 -46.875000000 -36.750000000 9.875000000 1.125000000 -34.751289867 -11.708762692 -13.280022237 34.751289867 4 9.875000000 1.125000000 -46.875000000 -36.750000000 -1 -46.875000000 -36.750000000 9.875000000 1.125000000 -11.708762692 -13.280022237 3 -46.875000000 -36.750000000 -27.958333333 -24.125000000 -27.958333333 -24.125000000 -9.041666667 -11.500000000 -9.041666667 -11.500000000 9.875000000 1.125000000
FGEOM -34.750000000000000 5.1875000000000000 20.000000000000000 41.062500000000000 -18.875000000000000 55.562500000000000 27.250000000000000 -3.3125000000000000 -56.500000000000000 33.937500000000000 45.500000000000000 33.937500000000000 1.1250000000000000 2.0000000000000000 1.0000000000000000 6 -0.66138792707153540 4 0 0 1 4 0.25000000000000000 14.500000000000000 20.250000000000000 2.7500000000000000 -23.750000000000000 10.437500000000000 2.2500000000000000 41.187500000000000 22.000000000000000 14.187500000000000 -35 -4 28 56 -75 31 -30 62 1234.472656250 35.135063060 4284.578125000 65.456688925 115.227017774 -35 5 -34 5 -36 5 -35 5 -14.750000000 46.250000000 -54.750000000 -35.875000000 2676.359375000 -20.028069931 2.989801806 -32.449814909 6.694698907 -7.375000000 23.125000000 1 -62.343570988 25.560173653 34.750000000 -5.187500000 -3.000000000 105.937500000 0 -35 5 -34 6 2 9.563734013 51.128996523 25.062953999 27.475134663 2 9.563734013 51.128996523 2 25.062953999 27.475134663 -1.328601604 17.846439568 0 20.000000000 41.062500000 -34.750000000 5.187500000 -34.750000000 5.187500000 20.000000000 41.062500000 2 9.126306620 33.937500000 -34.750000000 6.532500457 20.000000000 42.407500457 -33.434560485 -0.550442539 27.596799067 33.434560485 4 -34.750000000 5.187500000 20.000000000 41.062500000 4 -34.750000000 5.187500000 20.000000000 41.062500000 -33.809015190 5.804081371 19.059015190 40.445918629 -0.550442539 27.596799067 4 -34.750000000 5.187500000 -21.062500000 14.156250000 -21.062500000 14.156250000 -7.375000000 23.125000000 -7.375000000 23.125000000 6.312500000 32.093750000 6.312500000 32.093750000 20.000000000 41.062500000
FGEOM -31.625000000000000 -19.875000000000000 21.125000000000000 14.000000000000000 -15.750000000000000 28.500000000000000 28.375000000000000 -28.375000000000000 2.6250000000000000 -59.125000000000000 2.6250000000000000 52.875000000000000 2.2500000000000000 2.3750000000000000 1.2500000000000000 -6 -0.49604094530365156 5 1 -1 1 5 0.37500000000000000 2.5000000000000000 21.250000000000000 3.7500000000000000 -21.625000000000000 -15.625000000000000 4.3750000000000000 15.125000000000000 24.125000000000000 -11.875000000000000 -32 -29 29 29 -45 57 -52 36 1395.156250000 37.351790452 3930.078125000 62.690335180 132.243656807 -32 -20 -31 -19 -30 -20 -32 -20 -10.500000000 -5.875000000 -52.750000000 -33.875000000 2476.109375000 -17.991942069 -11.307188889 -28.469609310 -17.848670907 -5.250000000 -2.937500000 1 -52.735600939 -6.488877850 31.625000000 19.875000000 0.125000000 76.875000000 0 -32 -20 -31 -19 2 19.691300241 16.048049072 22.390923196 11.844208159 2 19.691300241 16.048049072 2 22.390923196 11.844208159 0.796398396 -8.216060432 0 21.125000000 14.000000000 -31.625000000 -19.875000000 -31.625000000 -19.875000000 21.125000000 14.000000000 2 2.625000000 2.119668246 -31.625000000 -17.201004661 21.125000000 16.673995339 -32.126413413 1.609649637 1.467630454 32.126413413 4 -25.221388033 -15.762727860 21.125000000 14.000000000 4 -31.625000000 -19.875000000 21.125000000 14.000000000 -29.731765586 -18.659202544 19.231765586 12.784202544 1.609649637 1.467630454 5 -31.625000000 -19.875000000 -21.075000000 -13.100000000 -21.075000000 -13.100000000 -10.525000000 -6.325000000 -10.525000000 -6.325000000 0.025000000 0.450000000 0.025000000 0.450000000 10.575000000 7.225000000 10.575000000 7.225000000 21.125000000 14.000000000
FGEOM -78.500000000000000 -48.937500000000000 -18.750000000000000 -8.0625000000000000 -57.625000000000000 0.43750000000000000 -5.5000000000000000 -54.437500000000000 -57.625000000000000 0.43750000000000000 -5.5000000000000000 -54.437500000000000 3.3750000000000000 2.7500000000000000 1.5000000000000000 -5 -0.33069396353576770 0 2 -1 0 6 0.0000000000000000 3.5000000000000000 22.250000000000000 4.7500000000000000 -64.500000000000000 -42.687500000000000 -38.500000000000000 -11.937500000000000 -18.750000000000000 -38.937500000000000 -79 -55 -5 1 -59 49 -128 -26 8557.128906250 92.504750723 5240.828125000 72.393564113 175.379076040 -78 -49 -78 -48 -78 -48 -78 -49 -97.250000000 -57.000000000 -59.750000000 -40.875000000 3265.484375000 -18.881462696 -11.770848162 -74.579589346 -46.255545432 -48.625000000 -28.500000000 1 -93.400971212 -39.484124889 -48.937500000 78.500000000 -107.000000000 21.312500000 0 -79 -49 -78 -48 2 -20.863526782 -5.272696325 -16.915794533 -11.043387503 2 -20.863526782 -5.272696325 2 -16.915794533 -11.043387503 -42.078601604 -35.278560432 0 -18.750000000 -8.062500000 -78.500000000 -48.937500000 -78.500000000 -48.937500000 -18.750000000 -8.062500000 2 -37.419318546 -20.834188629 -78.500000000 -44.848323784 -18.750000000 -3.973323784 -28.965152506 -41.270637244 -23.468877362 28.965152506 4 -41.270637244 -23.468877362 -31.335313479 -16.672118217 4 -78.500000000 -48.937500000 -18.750000000 -8.062500000 -75.714445062 -47.031900701 -21.535554938 -9.968099299 -41.270637244 -23.468877362 6 -78.500000000 -48.937500000 -68.541666667 -42.125000000 -68.541666667 -42.125000000 -58.583333333 -35.312500000 -58.583333333 -35.312500000 -48.625000000 -28.500000000 -48.625000000 -28.500000000 -38.666666667 -21.687500000 -38.666666667 -21.687500000 -28.708333333 -14.875000000 -28.708333333 -14.875000000 -18.750000000 -8.062500000
FGEOM 16.750000000000000 24.000000000000000 74.500000000000000 62.875000000000000 37.625000000000000 71.375000000000000 87.750000000000000 11.500000000000000 20.250000000000000 26.250000000000000 78.000000000000000 65.125000000000000 4.5000000000000000 0.50000000000000000 1.7500000000000000 -4 -0.16534698176788384 1 3 -1 -1 0 0.12500000000000000 4.5000000000000000 23.250000000000000 5.7500000000000000 29.750000000000000 29.250000000000000 55.750000000000000 60.000000000000000 75.500000000000000 33.000000000000000 16 11 88 72 -34 77 40 138 856.562500000 29.267089025 4846.328125000 69.615573868 73.905457184 17 24 16 24 17 24 17 24 91.250000000 86.875000000 -57.750000000 -38.875000000 3047.234375000 13.306328472 19.065784080 21.519945596 27.210937404 45.625000000 43.437500000 1 9.237039077 28.082045323 16.750000000 24.000000000 16.750000000 24.000000000 0 16 24 17 24 2 71.751044133 66.437757590 76.766348222 58.987370165 2 71.751044133 66.437757590 2 76.766348222 58.987370165 52.171398396 36.658939568 0 74.500000000 62.875000000 16.750000000 24.000000000 16.750000000 24.000000000 74.500000000 62.875000000 -1 16.750000000 29.424590172 74.500000000 68.299590172 -27.643105099 53.061570454 48.443503055 27.643105099 4 20.200868086 26.322986959 74.500000000 62.875000000 4 20.200868086 26.322986959 74.500000000 62.875000000 20.483000901 26.512907533 70.766999099 60.362092467 53.061570454 48.443503055 0
FGEOM -71.125000000000000 15.937500000000000 -15.375000000000000 52.812500000000000 -50.250000000000000 61.312500000000000 -2.1250000000000000 3.4375000000000000 -15.375000000000000 52.812500000000000 -71.125000000000000 15.937500000000000 5.6250000000000000 0.87500000000000000 2.0000000000000000 -3 0.0000000000000000 2 4 0 -1 1 0.25000000000000000 5.5000000000000000 24.250000000000000 6.7500000000000000 -59.125000000000000 20.187500000000000 -33.125000000000000 50.937500000000000 -13.375000000000000 23.937500000000000 -72 3 -2 62 -112 -5 -56 38 5312.769531250 72.888747631 4467.828125000 66.841814196 88.423259675 -71 16 -72 16 -72 16 -71 16 -86.500000000 68.750000000 -55.750000000 -36.875000000 2836.984375000 -23.663203252 5.302387372 -65.495103437 19.661310507 -43.250000000 34.375000000 1 -71.125000000 15.937500000 -15.937500000 -71.125000000 -4.875000000 40.437500000 0 -72 15 -71 16 2 -18.776389233 57.134600332 -12.728535734 47.991065889 2 -18.776389233 57.134600332 2 -12.728535734 47.991065889 -36.703601604 27.596439568 0 -15.375000000 52.812500000 -71.125000000 15.937500000 -71.125000000 15.937500000 -15.375000000 52.812500000 -1 -71.125000000 22.681629235 -15.375000000 59.556629235 -26.329186994 -35.724829161 39.352411205 26.329186994 4 -15.375000000 52.812500000 -71.125000000 15.937500000 -1 -66.433419531 19.040675422 -20.066580469 49.709324578 -35.724829161 39.352411205 1 -71.125000000 15.937500000 -15.375000000 52.812500000
FGEOM -19.000000000000000 19.875000000000000 34.750000000000000 57.750000000000000 1.8750000000000000 66.250000000000000 48.000000000000000 10.375000000000000 -40.750000000000000 49.625000000000000 61.250000000000000 49.625000000000000 6.7500000000000000 1.2500000000000000 2.2500000000000000 -2 0.16534698176788384 3 5 1 -1 2 0.37500000000000000 6.5000000000000000 25.250000000000000 7.7500000000000000 -8.0000000000000000 26.125000000000000 18.000000000000000 56.875000000000000 37.750000000000000 29.875000000000000 -19 10 48 67 -65 38 0 93 756.015625000 27.495738306 4323.578125000 65.753920986 108.519102041 -19 20 -19 19 -18 20 -19 20 15.750000000 77.625000000 -53.750000000 -37.875000000 2878.484375000 -17.448158499 18.251692114 -12.664826466 24.339087397 7.875000000 38.812500000 1 -11.082218084 17.071582483 19.000000000 -19.875000000 22.750000000 112.625000000 0 -19 19 -19 20 2 30.499020217 62.667232035 37.950489918 52.092539060 2 30.499020217 62.667232035 2 37.950489918 52.092539060 14.421398396 33.533939568 0 34.750000000 57.750000000 -19.000000000 19.875000000 -19.000000000 19.875000000 34.750000000 57.750000000 2 23.219471947 49.625000000 -19.000000000 28.132469147 34.750000000 66.007469147 -25.884625578 16.784836236 45.090826464 25.884625578 4 -19.000000000 19.875000000 34.750000000 57.750000000 4 -19.000000000 19.875000000 34.750000000 57.750000000 -13.482268212 23.763076120 29.232268212 53.861923880 16.784836236 45.090826464 2 -19.000000000 19.875000000 7.875000000 38.812500000 7.875000000 38.812500000 34.750000000 57.750000000
FGEOM -14.875000000000000 3.8125000000000000 40.875000000000000 39.687500000000000 6.0000000000000000 56.187500000000000 50.125000000000000 -5.6875000000000000 19.375000000000000 -34.437500000000000 19.375000000000000 77.562500000000000 7.8750000000000000 1.6250000000000000 2.5000000000000000 -1 0.33069396353576770 4 6 1 0 3 0.0000000000000000 7.5000000000000000 26.250000000000000 8.7500000000000000 -4.8750000000000000 9.0625000000000000 21.125000000000000 39.812500000000000 40.875000000000000 12.812500000000000 -15 -6 51 57 -51 56 -12 81 235.800781250 15.355806109 4395.078125000 66.295385397 127.479705033 -15 4 -15 3 -16 6 -15 4 26.000000000 43.500000000 -55.750000000 -35.875000000 3042.734375000 -25.428085457 6.517282407 -7.516833258 8.547463801 13.000000000 21.750000000 1 3.262199779 -0.127779454 3.812500000 14.875000000 -46.375000000 77.062500000 0 -15 3 -14 4 2 36.129003453 45.494867456 44.193974132 32.961846819 2 36.129003453 45.494867456 2 44.193974132 32.961846819 17.546398396 16.471439568 0 40.875000000 39.687500000 -14.875000000 3.812500000 -14.875000000 3.812500000 40.875000000 39.687500000 2 19.375000000 25.852298206 -14.875000000 13.177094798 40.875000000 49.052094798 -32.747613005 23.721001386 28.648940354 32.747613005 4 -8.060571573 8.197569414 40.875000000 39.687500000 4 -14.875000000 3.812500000 40.875000000 39.687500000 -8.252649932 8.073967420 34.252649932 35.426032580 23.721001386 28.648940354 3 -14.875000000 3.812500000 3.708333333 15.770833333 3.708333333 15.770833333 22.291666667 27.729166667 22.291666667 27.729166667 40.875000000 39.687500000
FGEOM -25.750000000000000 -18.250000000000000 33.000000000000000 15.625000000000000 0.12500000000000000 32.125000000000000 42.250000000000000 -27.750000000000000 0.12500000000000000 32.125000000000000 42.250000000000000 -27.750000000000000 9.0000000000000000 2.0000000000000000 2.7500000000000000 0 0.49604094530365156 5 0 1 1 4 0.12500000000000000 8.5000000000000000 27.250000000000000 9.7500000000000000 -11.750000000000000 -14.000000000000000 14.250000000000000 16.750000000000000 34.000000000000000 -10.250000000000000 -26 -28 43 33 -32 70 -44 49 996.125000000 31.561448002 4599.078125000 67.816503338 149.947780624 -26 -18 -25 -19 -25 -18 -26 -18 7.250000000 -2.625000000 -58.750000000 -33.875000000 3226.609375000 -22.232424189 -15.756960833 -17.303494035 -13.379780603 3.625000000 -1.312500000 1 1.344466612 -24.493629012 -25.750000000 -18.250000000 -25.750000000 -18.250000000 0 -26 -19 -25 -18 2 27.864706920 22.398386522 36.289406846 7.787283330 2 27.864706920 22.398386522 2 36.289406846 7.787283330 10.671398396 -6.591060432 0 33.000000000 15.625000000 -25.750000000 -18.250000000 -25.750000000 -18.250000000 33.000000000 15.625000000 2 17.870886882 6.901617755 -25.750000000 -7.861088850 33.000000000 26.013911150 -30.715467806 15.467673549 5.515935174 30.715467806 4 15.467673549 5.515935174 21.172396132 8.805253940 4 -25.750000000 -18.250000000 33.000000000 15.625000000 -17.953225263 -13.754412864 25.203225263 11.129412864 15.467673549 5.515935174 4 -25.750000000 -18.250000000 -11.062500000 -9.781250000 -11.062500000 -9.781250000 3.625000000 -1.312500000 3.625000000 -1.312500000 18.312500000 7.156250000 18.312500000 7.156250000 33.000000000 15.625000000
FGEOM -43.625000000000000 -31.312500000000000 13.125000000000000 9.5625000000000000 -26.750000000000000 20.062500000000000 22.375000000000000 -37.812500000000000 -40.125000000000000 -29.062500000000000 16.625000000000000 11.812500000000000 -9.0000000000000000 2.3750000000000000 0.75000000000000000 1 0.66138792707153540 0 1 0 1 5 0.25000000000000000 100.00000000000000 28.250000000000000 10.750000000000000 -30.625000000000000 -25.062500000000000 -4.6250000000000000 5.6875000000000000 15.125000000000000 -21.312500000000000 -44 -38 23 21 -47 61 -75 23 2883.613281250 53.699285668 4891.328125000 69.938030606 138.223699182 -44 -31 -43 -31 -43 -31 -44 -31 -30.500000000 -21.750000000 -56.750000000 -40.875000000 3057.609375000 -22.950142347 -16.472809908 -34.902099245 -25.029705844 -15.250000000 -10.875000000 1 -8.511567982 -30.844433197 31.312500000 -43.625000000 24.625000000 3.187500000 0 -44 -32 -43 -31 0 -1 -1 -8.203601604 -17.653560432 0 13.125000000 9.562500000 -43.625000000 -31.312500000 -43.625000000 -31.312500000 13.125000000 9.562500000 -1 -43.625000000 -42.403993841 13.125000000 -1.528993841 -31.824825574 -8.150109010 -5.761201864 31.824825574 4 -40.253483125 -28.884116700 13.125000000 9.562500000 4 -40.253483125 -28.884116700 13.125000000 9.562500000 -36.322106344 -26.052486288 5.822106344 4.302486288 -8.150109010 -5.761201864 5 -43.625000000 -31.312500000 -32.275000000 -23.137500000 -32.275000000 -23.137500000 -20.925000000 -14.962500000 -20.925000000 -14.962500000 -9.575000000 -6.787500000 -9.575000000 -6.787500000 1.775000000 1.387500000 1.775000000 1.387500000 13.125000000 9.562500000
FGEOM -41.500000000000000 -39.375000000000000 13.250000000000000 -0.50000000000000000 -24.625000000000000 10.000000000000000 22.500000000000000 -45.875000000000000 13.250000000000000 -0.50000000000000000 -41.500000000000000 -39.375000000000000 -7.8750000000000000 2.7500000000000000 1.0000000000000000 2 0.82673490883941920 1 2 -1 1 6 0.37500000000000000 10.500000000000000 29.250000000000000 11.750000000000000 -29.500000000000000 -34.125000000000000 -3.5000000000000000 -3.3750000000000000 16.250000000000000 -30.375000000000000 -42 -46 23 10 -35 69 -81 13 3272.640625000 57.206998042 4508.828125000 67.147808043 155.500263766 -41 -39 -41 -39 -42 -40 -42 -40 -28.250000000 -39.875000000 -54.750000000 -38.875000000 2843.359375000 -21.218994905 -20.132480106 -31.919456439 -32.572376604 -14.125000000 -19.937500000 1 0.272241568 -35.856118592 41.500000000 39.375000000 -7.750000000 59.375000000 0 -42 -40 -41 -39 2 5.907092487 7.005445307 17.915410242 -9.906590630 2 5.907092487 7.005445307 2 17.915410242 -9.906590630 -7.078601604 -26.716060432 0 13.250000000 -0.500000000 -41.500000000 -39.375000000 -41.500000000 -39.375000000 13.250000000 -0.500000000 -1 -41.500000000 -49.033246362 13.250000000 -10.158246362 -30.488942002 -6.973528494 -14.859628680 30.488942002 4 13.250000000 -0.500000000 -41.500000000 -39.375000000 -1 -35.078997400 -34.815794958 6.828997400 -5.059205042 -6.973528494 -14.859628680 6 -41.500000000 -39.375000000 -32.375000000 -32.895833333 -32.375000000 -32.895833333 -23.250000000 -26.416666667 -23.250000000 -26.416666667 -14.125000000 -19.937500000 -14.125000000 -19.937500000 -5.000000000 -13.458333333 -5.000000000 -13.458333333 4.125000000 -6.979166667 4.125000000 -6.979166667 13.250000000 -0.500000000
FGEOM -38.250000000000000 11.250000000000000 18.500000000000000 48.125000000000000 -21.375000000000000 58.625000000000000 23.750000000000000 -2.2500000000000000 -60.000000000000000 39.000000000000000 42.000000000000000 39.000000000000000 -6.7500000000000000 0.50000000000000000 1.2500000000000000 3 -0.82673490883941920 2 3 -1 0 0 0.0000000000000000 11.500000000000000 30.250000000000000 12.750000000000000 -27.250000000000000 15.500000000000000 -1.2500000000000000 46.250000000000000 18.500000000000000 19.250000000000000 -39 -3 24 59 -80 26 -27 67 1589.625000000 39.870101580 4580.328125000 67.678121465 54.127390608 -38 11 -38 12 -38 12 -38 11 -19.750000000 59.375000000 -56.750000000 -36.875000000 2704.609375000 -29.020806423 8.535531301 -27.558767969 18.196945923 -9.875000000 29.687500000 1 -67.659046789 38.954126537 11.250000000 38.250000000 -68.750000000 75.500000000 0 -39 11 -38 12 2 10.686678704 56.563128367 23.036181626 37.557452685 2 10.686678704 56.563128367 2 23.036181626 37.557452685 -4.828601604 22.908939568 0 18.500000000 48.125000000 -38.250000000 11.250000000 -38.250000000 11.250000000 18.500000000 48.125000000 2 4.456779661 39.000000000 -38.250000000 3.200179385 18.500000000 40.075179385 -30.530776864 -4.740046599 33.024088664 30.530776864 4 -38.250000000 11.250000000 18.500000000 48.125000000 4 -38.250000000 11.250000000 18.500000000 48.125000000 -32.589935984 14.927794901 12.839935984 44.447205099 -4.740046599 33.024088664 0
FGEOM -0.12500000000000000 15.187500000000000 54.625000000000000 53.062500000000000 16.750000000000000 63.562500000000000 59.875000000000000 4.6875000000000000 34.125000000000000 -22.062500000000000 34.125000000000000 89.937500000000000 -5.6250000000000000 0.87500000000000000 1.5000000000000000 4 -0.66138792707153540 3 4 -1 -1 1 0.12500000000000000 12.500000000000000 31.250000000000000 13.750000000000000 9.8750000000000000 21.437500000000000 35.875000000000000 52.187500000000000 55.625000000000000 25.187500000000000 -1 4 60 64 -47 56 15 108 230.675781250 15.188014395 4432.078125000 66.573854665 74.314661712 0 15 -1 16 0 16 0 15 54.500000000 68.250000000 -54.750000000 -37.875000000 2756.109375000 -0.257192935 31.248941611 11.182930174 23.010109230 27.250000000 34.125000000 1 -26.279286072 35.752667385 -0.125000000 15.187500000 -0.125000000 15.187500000 0 -1 15 0 16 2 45.709841531 61.824346236 59.679807971 41.630137323 2 45.709841531 61.824346236 2 59.679807971 41.630137323 32.296398396 28.846439568 0 54.625000000 53.062500000 -0.125000000 15.187500000 -0.125000000 15.187500000 54.625000000 53.062500000 2 34.125000000 38.880993151 -0.125000000 8.347720411 54.625000000 46.222720411 -30.182879377 33.921554241 38.740253276 30.182879377 4 5.611094806 19.155620379 54.625000000 53.062500000 4 -0.125000000 15.187500000 54.625000000 53.062500000 4.500971435 18.387658321 49.999028565 49.862341679 33.921554241 38.740253276 1 -0.125000000 15.187500000 54.625000000 53.062500000
FGEOM -19.000000000000000 -32.875000000000000 38.750000000000000 3.0000000000000000 2.8750000000000000 13.500000000000000 54.000000000000000 -43.375000000000000 2.8750000000000000 13.500000000000000 54.000000000000000 -43.375000000000000 -4.5000000000000000 1.2500000000000000 1.7500000000000000 5 -0.49604094530365156 4 5 0 -1 2 0.25000000000000000 13.500000000000000 1.2500000000000000 14.750000000000000 -5.0000000000000000 -27.625000000000000 21.000000000000000 3.1250000000000000 40.750000000000000 -23.875000000000000 -19 -44 54 14 -11 98 -52 42 1441.765625000 37.970588947 4622.078125000 67.985867098 95.668806347 -19 -33 -19 -33 -20 -35 -19 -33 19.750000000 -29.875000000 -57.750000000 -35.875000000 2926.984375000 -0.625484109 -1.082252110 -6.470741547 -25.091672779 9.875000000 -14.937500000 1 -38.435548660 -16.874245990 32.875000000 -19.000000000 49.250000000 -8.375000000 0 -19 -33 -19 -32 2 29.491033811 12.824537908 43.454764718 -9.653663065 2 29.491033811 12.824537908 2 43.454764718 -9.653663065 17.421398396 -20.216060432 0 38.750000000 3.000000000 -19.000000000 -32.875000000 -19.000000000 -32.875000000 38.750000000 3.000000000 2 21.786192013 -7.538123144 -19.000000000 -38.172600034 38.750000000 -2.297600034 -27.849767986 17.570854729 -10.156741759 27.849767986 4 17.570854729 -10.156741759 28.966705317 -3.077501242 4 -19.000000000 -32.875000000 38.750000000 3.000000000 -15.177514370 -30.500425594 34.927514370 0.625425594 17.570854729 -10.156741759 2 -19.000000000 -32.875000000 9.875000000 -14.937500000 9.875000000 -14.937500000 38.750000000 3.000000000
FGEOM 2.1250000000000000 -57.937500000000000 57.875000000000000 -24.062500000000000 24.000000000000000 -13.562500000000000 73.125000000000000 -68.437500000000000 5.6250000000000000 -55.687500000000000 61.375000000000000 -21.812500000000000 -3.3750000000000000 1.6250000000000000 2.0000000000000000 6 -0.33069396353576770 5 6 1 -1 3 0.37500000000000000 14.500000000000000 2.2500000000000000 15.750000000000000 15.125000000000000 -53.687500000000000 41.125000000000000 -22.937500000000000 60.875000000000000 -49.937500000000000 2 -69 74 -13 37 142 -56 34 3361.269531250 57.976456698 4255.578125000 65.234792289 113.125107907 2 -58 2 -58 0 -60 3 -57 60.000000000 -82.000000000 -55.750000000 -33.875000000 2722.734375000 0.082468820 -2.248488135 15.585033660 -49.758869682 30.000000000 -41.000000000 1 -11.098291108 -48.430339212 -2.125000000 57.937500000 45.875000000 30.812500000 0 2 -58 3 -57 2 47.779454170 -13.654332323 62.461805464 -37.817906778 2 47.779454170 -13.654332323 2 62.461805464 -37.817906778 37.546398396 -46.278560432 0 57.875000000 -24.062500000 2.125000000 -57.937500000 2.125000000 -57.937500000 57.875000000 -24.062500000 -1 2.125000000 -61.886691461 57.875000000 -28.011691461 -26.563901933 37.794052934 -36.264151692 26.563901933 4 5.679725966 -55.777565612 57.875000000 -24.062500000 4 5.679725966 -55.777565612 57.875000000 -24.062500000 5.009292927 -56.184936360 54.990707073 -25.815063640 37.794052934 -36.264151692 3 2.125000000 -57.937500000 20.708333333 -46.645833333 20.708333333 -46.645833333 39.291666667 -35.354166667 39.291666667 -35.354166667 57.875000000 -24.062500000
FGEOM -76.750000000000000 -2.0000000000000000 -19.000000000000000 38.875000000000000 -54.875000000000000 51.375000000000000 -7.7500000000000000 -9.5000000000000000 -19.000000000000000 38.875000000000000 -76.750000000000000 -2.0000000000000000 -2.2500000000000000 2.0000000000000000 2.2500000000000000 -6 -0.16534698176788384 0 0 1 0 4 0.0000000000000000 2.5000000000000000 3.2500000000000000 16.750000000000000 -64.750000000000000 4.2500000000000000 -38.750000000000000 35.000000000000000 -19.000000000000000 8.0000000000000000 -77 -10 -7 52 -107 2 -79 20 5894.562500000 76.776054210 5005.828125000 70.751877184 147.643154181 -77 -2 -77 -2 -76 -2 -77 -2 -95.750000000 36.875000000 -57.750000000 -40.875000000 3444.984375000 -3.248897102 -0.084661814 -63.078101267 7.676863389 -47.875000000 18.437500000 1 -85.236889768 2.328472093 76.750000000 2.000000000 -33.000000000 104.750000000 0 -77 -2 -76 -2 2 -20.515509500 40.863273361 -17.628697409 36.784658113 2 -20.515509500 40.863273361 2 -17.628697409 36.784658113 -42.328601604 11.658939568 0 -19.000000000 38.875000000 -76.750000000 -2.000000000 -76.750000000 -2.000000000 -19.000000000 38.875000000 -1 -76.750000000 -4.756566644 -19.000000000 36.118433356 -30.928728849 -37.006756187 26.129958283 30.928728849 4 -19.000000000 38.875000000 -76.750000000 -2.000000000 -1 -74.913476290 -0.700122828 -20.836523710 37.575122828 -37.006756187 26.129958283 4 -76.750000000 -2.000000000 -62.312500000 8.218750000 -62.312500000 8.218750000 -47.875000000 18.437500000 -47.875000000 18.437500000 -33.437500000 28.656250000 -33.437500000 28.656250000 -19.000000000 38.875000000
FGEOM -5.6250000000000000 -30.062500000000000 50.125000000000000 8.8125000000000000 16.250000000000000 21.312500000000000 61.375000000000000 -37.562500000000000 -27.375000000000000 -1.3125000000000000 74.625000000000000 -1.3125000000000000 -1.1250000000000000 2.3750000000000000 2.5000000000000000 -5 0.0000000000000000 1 1 1 1 5 0.12500000000000000 3.5000000000000000 4.2500000000000000 17.750000000000000 5.3750000000000000 -24.812500000000000 31.375000000000000 5.9375000000000000 51.125000000000000 -21.062500000000000 -6 -38 62 22 -6 99 -36 59 935.394531250 30.584220298 4619.328125000 67.965639297 164.246233428 -6 -30 -5 -31 -6 -30 -6 -30 44.500000000 -21.250000000 -55.750000000 -38.875000000 3216.734375000 -0.781653080 -4.177501462 8.934746811 -19.909851439 22.250000000 -10.625000000 1 -5.625000000 -30.062500000 -30.062500000 5.625000000 -35.125000000 43.187500000 0 -6 -31 -5 -30 2 47.977882051 11.576534101 51.976431009 5.842280611 2 47.977882051 11.576534101 2 51.976431009 5.842280611 27.796398396 -17.403560432 0 50.125000000 8.812500000 -5.625000000 -30.062500000 -5.625000000 -30.062500000 50.125000000 8.812500000 2 35.604903537 -1.312500000 -5.625000000 -31.434003932 50.125000000 7.440996068 -29.629172121 33.197299814 -2.991344749 29.629172121 4 -5.625000000 -30.062500000 50.125000000 8.812500000 4 -5.625000000 -30.062500000 50.125000000 8.812500000 -4.702199146 -29.419022274 49.202199146 8.169022274 33.197299814 -2.991344749 5 -5.625000000 -30.062500000 5.525000000 -22.287500000 5.525000000 -22.287500000 16.675000000 -14.512500000 16.675000000 -14.512500000 27.825000000 -6.737500000 27.825000000 -6.737500000 38.975000000 1.037500000 38.975000000 1.037500000 50.125000000 8.812500000
FGEOM 19.500000000000000 -36.125000000000000 73.250000000000000 0.75000000000000000 41.375000000000000 13.250000000000000 84.500000000000000 -43.625000000000000 53.750000000000000 -75.375000000000000 53.750000000000000 36.625000000000000 0.0000000000000000 2.7500000000000000 2.7500000000000000 -4 0.16534698176788384 2 2 0 1 6 0.25000000000000000 4.5000000000000000 5.2500000000000000 18.750000000000000 29.500000000000000 -31.875000000000000 55.500000000000000 -1.1250000000000000 75.250000000000000 -28.125000000000000 19 -44 85 14 28 129 -17 74 1685.265625000 41.051986858 4248.828125000 65.183035561 179.253347794 20 -36 20 -36 20 -36 19 -36 92.750000000 -35.375000000 -53.750000000 -36.875000000 2996.484375000 2.493789164 -4.619904285 34.961269812 -25.517849780 46.375000000 -17.687500000 1 27.925204383 -39.052096018 19.500000000 -36.125000000 19.500000000 -36.125000000 0 19 -37 20 -36 2 70.454184082 4.276104558 75.533468763 -3.127598536 2 70.454184082 4.276104558 2 75.533468763 -3.127598536 51.921398396 -24.466060432 0 73.250000000 0.750000000 19.500000000 -36.125000000 19.500000000 -36.125000000 73.250000000 0.750000000 2 53.750000000 -12.627906977 19.500000000 -36.125000000 73.250000000 0.750000000 -28.339668582 57.407166498 -10.118920658 28.339668582 4 24.479176243 -32.709053507 73.250000000 0.750000000 4 19.500000000 -36.125000000 73.250000000 0.750000000 19.500000000 -36.125000000 73.250000000 0.750000000 57.407166498 -10.118920658 6 19.500000000 -36.125000000 28.458333333 -29.979166667 28.458333333 -29.979166667 37.416666667 -23.833333333 37.416666667 -23.833333333 46.375000000 -17.687500000 46.375000000 -17.687500000 55.333333333 -11.541666667 55.333333333 -11.541666667 64.291666667 -5.395833333 64.291666667 -5.395833333 73.250000000 0.750000000
FGEOM -77.250000000000000 -30.187500000000000 -20.500000000000000 7.6875000000000000 -59.375000000000000 20.187500000000000 -9.2500000000000000 -41.687500000000000 -59.375000000000000 20.187500000000000 -9.2500000000000000 -41.687500000000000 1.1250000000000000 0.50000000000000000 0.75000000000000000 -3 0.33069396353576770 3 3 -1 1 0 0.37500000000000000 100.00000000000000 6.2500000000000000 19.750000000000000 -63.250000000000000 -23.937500000000000 -37.250000000000000 6.8125000000000000 -17.500000000000000 -20.187500000000000 -78 -42 -9 21 -80 33 -108 -12 6878.847656250 82.938818754 4655.078125000 68.228132944 40.150413000 -77 -30 -77 -30 -78 -30 -78 -31 -97.750000000 -22.500000000 -56.750000000 -37.875000000 2922.359375000 -5.821309096 -2.274831952 -60.822575540 -19.223822442 -48.875000000 -11.250000000 1 -59.924747434 -33.262046563 30.187500000 -77.250000000 -9.000000000 2.312500000 0 -78 -31 -77 -30 0 -1 -1 -40.828601604 -16.528560432 0 -20.500000000 7.687500000 -77.250000000 -30.187500000 -77.250000000 -30.187500000 -20.500000000 7.687500000 2 -39.159988360 -4.766192672 -77.250000000 -28.834959920 -20.500000000 9.040040080 -31.977507384 -41.623552908 -6.410377822 31.977507384 4 -41.623552908 -6.410377822 -35.514915667 -2.333467945 4 -77.250000000 -30.187500000 -20.500000000 7.687500000 -76.314260632 -29.562986721 -21.435739368 7.062986721 -41.623552908 -6.410377822 0
FGEOM -69.125000000000000 31.750000000000000 -10.375000000000000 67.625000000000000 -51.250000000000000 80.125000000000000 -3.1250000000000000 20.250000000000000 -65.625000000000000 34.000000000000000 -6.8750000000000000 69.875000000000000 2.2500000000000000 0.87500000000000000 1.0000000000000000 -2 0.49604094530365156 4 4 -1 0 1 0.0000000000000000 6.5000000000000000 7.2500000000000000 20.750000000000000 -56.125000000000000 37.000000000000000 -30.125000000000000 67.750000000000000 -10.375000000000000 40.750000000000000 -70 20 -3 81 -132 -23 -38 58 5786.328125000 76.067917843 4738.578125000 68.837330897 62.686666557 -69 32 -69 32 -68 32 -69 31 -79.500000000 99.375000000 -58.750000000 -35.875000000 2785.609375000 -6.588273535 3.026078622 -51.415677397 42.563990611 -39.750000000 49.687500000 1 -43.946638165 29.072897635 69.125000000 -31.750000000 -33.375000000 128.500000000 0 -70 31 -69 32 2 -14.271204859 72.827844193 -7.526445907 61.782420126 2 -14.271204859 72.827844193 2 -7.526445907 61.782420126 -33.703601604 44.408939568 0 -10.375000000 67.625000000 -69.125000000 31.750000000 -69.125000000 31.750000000 -10.375000000 67.625000000 -1 -69.125000000 34.386323311 -10.375000000 70.261323311 -31.970525242 -34.588363384 52.839392998 31.970525242 4 -65.574843209 33.917861700 -10.375000000 67.625000000 4 -65.574843209 33.917861700 -10.375000000 67.625000000 -67.204712007 32.922601392 -12.295287993 66.452398608 -34.588363384 52.839392998 1 -69.125000000 31.750000000 -10.375000000 67.625000000
FGEOM -47.000000000000000 -15.312500000000000 9.7500000000000000 18.562500000000000 -29.125000000000000 31.062500000000000 17.000000000000000 -26.812500000000000 9.7500000000000000 18.562500000000000 -47.000000000000000 -15.312500000000000 3.3750000000000000 1.2500000000000000 1.2500000000000000 -1 0.66138792707153540 5 5 -1 -1 2 0.12500000000000000 7.5000000000000000 8.2500000000000000 21.750000000000000 -35.000000000000000 -11.062500000000000 -9.0000000000000000 19.687500000000000 10.750000000000000 -7.3125000000000000 -47 -27 17 32 -61 44 -63 29 2443.472656250 49.431494578 4368.078125000 66.091437607 82.614297009 -47 -15 -47 -15 -45 -15 -47 -16 -37.250000000 3.250000000 -56.750000000 -33.875000000 2585.359375000 -7.844189283 -2.555620179 -28.324169292 -4.164592243 -18.625000000 1.625000000 1 -14.746772054 -16.512943363 -15.312500000 47.000000000 -75.500000000 48.937500000 0 -47 -16 -47 -15 2 5.199926263 24.524616150 12.838475566 11.727932078 2 5.199926263 24.524616150 2 12.838475566 11.727932078 -12.578601604 -3.653560432 0 9.750000000 18.562500000 -47.000000000 -15.312500000 -47.000000000 -15.312500000 9.750000000 18.562500000 -1 -47.000000000 -11.381951948 9.750000000 22.493048052 -30.658519445 -13.411053023 4.737289936 30.658519445 4 9.750000000 18.562500000 -47.000000000 -15.312500000 -1 -44.102026269 -13.582652245 6.852026269 16.832652245 -13.411053023 4.737289936 2 -47.000000000 -15.312500000 -18.625000000 1.625000000 -18.625000000 1.625000000 9.750000000 18.562500000
FGEOM -60.875000000000000 -12.375000000000000 -6.1250000000000000 28.500000000000000 -43.000000000000000 35.000000000000000 1.1250000000000000 -20.875000000000000 -82.625000000000000 17.375000000000000 19.375000000000000 17.375000000000000 4.5000000000000000 1.6250000000000000 1.5000000000000000 0 0.82673490883941920 0 6 0 -1 3 0.25000000000000000 8.5000000000000000 9.2500000000000000 22.750000000000000 -49.875000000000000 -6.1250000000000000 -23.875000000000000 24.625000000000000 -4.1250000000000000 -2.3750000000000000 -61 -21 2 35 -78 22 -74 23 3858.906250000 62.120095380 4668.328125000 68.325164654 108.049345823 -61 -12 -61 -12 -60 -12 -60 -12 -67.000000000 16.125000000 -54.750000000 -40.875000000 2915.109375000 -9.064598928 -1.842700809 -42.645076862 1.235011110 -33.500000000 8.062500000 1 -20.251487825 -10.237279359 -60.875000000 -12.375000000 -60.875000000 -12.375000000 0 -61 -13 -60 -12 2 -12.017901503 34.625660117 -1.926789784 21.109125154 2 -12.017901503 34.625660117 2 -1.926789784 21.109125154 -27.453601604 1.283939568 0 -6.125000000 28.500000000 -60.875000000 -12.375000000 -60.875000000 -12.375000000 -6.125000000 28.500000000 2 -21.026376147 17.375000000 -60.875000000 -6.759233042 -6.125000000 34.115766958 -27.268732310 -26.686692322 13.149147513 27.268732310 4 -60.579235322 -12.154189385 -6.125000000 28.500000000 4 -60.875000000 -12.375000000 -6.125000000 28.500000000 -57.269081138 -9.682909890 -9.730918862 25.807909890 -26.686692322 13.149147513 3 -60.875000000 -12.375000000 -42.625000000 1.250000000 -42.625000000 1.250000000 -24.375000000 14.875000000 -24.375000000 14.875000000 -6.125000000 28.500000000
FGEOM -52.750000000000000 8.2500000000000000 0.0000000000000000 47.125000000000000 -34.875000000000000 53.625000000000000 7.2500000000000000 -0.25000000000000000 -18.500000000000000 -30.000000000000000 -18.500000000000000 82.000000000000000 5.6250000000000000 2.0000000000000000 1.7500000000000000 1 -0.82673490883941920 1 0 1 -1 4 0.37500000000000000 9.5000000000000000 10.250000000000000 23.750000000000000 -42.750000000000000 13.500000000000000 -16.750000000000000 44.250000000000000 3.0000000000000000 17.250000000000000 -53 -1 8 54 -89 8 -45 48 2850.625000000 53.391244601 4293.828125000 65.527308239 125.532868113 -53 8 -53 8 -53 8 -52 9 -52.750000000 55.375000000 -52.750000000 -38.875000000 2706.859375000 -10.126894476 1.583827098 -33.631062664 22.340022539 -26.375000000 27.687500000 1 -80.364880540 36.044413591 -8.250000000 -52.750000000 10.500000000 35.750000000 0 -53 8 -52 9 2 -6.685192133 53.874681929 4.467736119 38.741126553 2 -6.685192133 53.874681929 2 4.467736119 38.741126553 -20.328601604 20.908939568 0 0.000000000 47.125000000 -52.750000000 8.250000000 -52.750000000 8.250000000 0.000000000 47.125000000 2 -18.500000000 33.491113744 -52.750000000 15.237509172 0.000000000 54.112509172 -25.922636999 -19.496029912 32.757072742 25.922636999 4 -48.822231219 11.144635287 0.000000000 47.125000000 4 -52.750000000 8.250000000 0.000000000 47.125000000 -48.221830631 11.587110601 -4.528169369 43.787889399 -19.496029912 32.757072742 4 -52.750000000 8.250000000 -39.562500000 17.968750000 -39.562500000 17.968750000 -26.375000000 27.687500000 -26.375000000 27.687500000 -13.187500000 37.406250000 -13.187500000 37.406250000 0.000000000 47.125000000
FGEOM -21.625000000000000 -9.8125000000000000 38.125000000000000 27.062500000000000 1.2500000000000000 41.562500000000000 51.375000000000000 -18.312500000000000 1.2500000000000000 41.562500000000000 51.375000000000000 -18.312500000000000 6.7500000000000000 2.3750000000000000 2.0000000000000000 2 -0.66138792707153540 2 1 1 0 5 0.0000000000000000 10.500000000000000 11.250000000000000 24.750000000000000 -7.6250000000000000 -5.5625000000000000 18.375000000000000 25.187500000000000 38.125000000000000 -1.8125000000000000 -22 -19 52 42 -41 70 -32 66 563.925781250 23.747121536 4929.828125000 70.212734778 159.926377715 -22 -10 -22 -10 -22 -10 -22 -9 16.500000000 17.250000000 -59.750000000 -36.875000000 3261.234375000 -10.244662690 -4.648589718 -0.563115647 3.185943272 8.250000000 8.625000000 1 -48.356767267 15.070522133 21.625000000 9.812500000 24.125000000 92.937500000 0 -22 -10 -21 -9 2 31.336279435 35.072698068 42.241238956 17.402967048 2 31.336279435 35.072698068 2 42.241238956 17.402967048 14.796398396 1.846439568 0 38.125000000 27.062500000 -21.625000000 -9.812500000 -21.625000000 -9.812500000 38.125000000 27.062500000 2 21.815342455 16.996916369 -21.625000000 -1.880517410 38.125000000 34.994482590 -31.705653284 17.901480227 14.581457462 31.705653284 4 17.901480227 14.581457462 27.440944236 20.468783577 4 -21.625000000 -9.812500000 38.125000000 27.062500000 -15.880849722 -6.267470017 32.380849722 23.517470017 17.901480227 14.581457462 5 -21.625000000 -9.812500000 -9.675000000 -2.437500000 -9.675000000 -2.437500000 2.275000000 4.937500000 2.275000000 4.937500000 14.225000000 12.312500000 14.225000000 12.312500000 26.175000000 19.687500000 26.175000000 19.687500000 38.125000000 27.062500000
FGEOM -21.500000000000000 -18.875000000000000 36.250000000000000 19.000000000000000 1.3750000000000000 33.500000000000000 49.500000000000000 -24.375000000000000 -18.000000000000000 -16.625000000000000 39.750000000000000 21.250000000000000 7.8750000000000000 2.7500000000000000 2.2500000000000000 3 -0.49604094530365156 3 2 1 1 6 0.12500000000000000 11.500000000000000 12.250000000000000 25.750000000000000 -8.5000000000000000 -12.625000000000000 17.500000000000000 18.125000000000000 37.250000000000000 -8.8750000000000000 -22 -25 50 34 -33 74 -41 56 818.515625000 28.609712075 4769.578125000 69.062132352 180.232198865 -21 -19 -21 -19 -21 -18 -22 -18 14.750000000 0.125000000 -57.750000000 -37.875000000 3304.734375000 -9.205789954 -8.081827227 0.032241322 -4.753205367 7.375000000 0.062500000 1 -43.670706769 -1.675141104 -18.875000000 21.500000000 -51.000000000 56.375000000 0 -22 -19 -21 -18 2 28.429949393 27.431892344 40.867487487 8.467725350 2 28.429949393 27.431892344 2 40.867487487 8.467725350 13.921398396 -5.216060432 0 36.250000000 19.000000000 -21.500000000 -18.875000000 -21.500000000 -18.875000000 36.250000000 19.000000000 -1 -21.500000000 -9.457436497 36.250000000 28.417563503 -31.251071340 18.513687826 7.367743315 31.251071340 4 -18.020845004 -16.593216529 36.250000000 19.000000000 4 -18.020845004 -16.593216529 36.250000000 19.000000000 -14.914897071 -14.556198729 29.664897071 14.681198729 18.513687826 7.367743315 6 -21.500000000 -18.875000000 -11.875000000 -12.562500000 -11.875000000 -12.562500000 -2.250000000 -6.250000000 -2.250000000 -6.250000000 7.375000000 0.062500000 7.375000000 0.062500000 17.000000000 6.375000000 17.000000000 6.375000000 26.625000000 12.687500000 26.625000000 12.687500000 36.250000000 19.000000000
FGEOM -57.250000000000000 -5.9375000000000000 -1.5000000000000000 29.937500000000000 -34.375000000000000 44.437500000000000 11.750000000000000 -18.437500000000000 -1.5000000000000000 29.937500000000000 -57.250000000000000 -5.9375000000000000 9.0000000000000000 0.50000000000000000 2.5000000000000000 4 -0.33069396353576770 4 3 0 1 0 0.25000000000000000 12.500000000000000 13.250000000000000 26.750000000000000 -45.250000000000000 -0.68750000000000000 -19.250000000000000 30.062500000000000 0.50000000000000000 3.0625000000000000 -58 -19 12 45 -79 31 -64 29 3312.816406250 57.557070862 4395.078125000 66.295385397 93.919451027 -57 -6 -57 -6 -56 -6 -58 -6 -58.750000000 24.000000000 -55.750000000 -35.875000000 3082.484375000 -13.179310355 -1.366849873 -34.755033102 8.537960762 -29.375000000 12.000000000 1 -72.367305165 4.219456807 -57.250000000 -5.937500000 -57.250000000 -5.937500000 0 -58 -6 -57 -5 2 -10.124883412 38.985228230 3.160932260 18.338978091 2 -10.124883412 38.985228230 2 3.160932260 18.338978091 -22.828601604 6.721439568 0 -1.500000000 29.937500000 -57.250000000 -5.937500000 -57.250000000 -5.937500000 -1.500000000 29.937500000 -1 -57.250000000 4.764894055 -1.500000000 40.639894055 -29.983468881 -18.149784027 19.223401310 29.983468881 4 -1.500000000 29.937500000 -57.250000000 -5.937500000 -1 -49.681599922 -1.067251519 -9.068400078 25.067251519 -18.149784027 19.223401310 0
FGEOM 4.8750000000000000 -9.0000000000000000 58.625000000000000 24.875000000000000 27.750000000000000 39.375000000000000 71.875000000000000 -21.500000000000000 -16.875000000000000 18.750000000000000 85.125000000000000 18.750000000000000 -9.0000000000000000 0.87500000000000000 2.7500000000000000 5 -0.16534698176788384 5 4 -1 1 1 0.37500000000000000 13.500000000000000 14.250000000000000 27.750000000000000 15.875000000000000 -4.7500000000000000 41.875000000000000 26.000000000000000 61.625000000000000 -1.0000000000000000 4 -22 72 40 -12 94 -5 84 104.765625000 10.235508048 4036.578125000 63.534070584 104.355284440 5 -9 5 -9 5 -8 4 -9 63.500000000 15.875000000 -53.750000000 -33.875000000 2868.234375000 6.787034867 -12.529910523 28.351576997 5.795703177 31.750000000 7.937500000 1 -2.775278120 -4.575126799 9.000000000 4.875000000 76.125000000 16.500000000 0 4 -9 5 -9 2 49.164666041 34.505788201 63.231748969 12.185324514 2 49.164666041 34.505788201 2 63.231748969 12.185324514 38.296398396 2.658939568 0 58.625000000 24.875000000 4.875000000 -9.000000000 4.875000000 -9.000000000 58.625000000 24.875000000 2 48.906365314 18.750000000 4.875000000 -19.638262982 58.625000000 14.236737018 -28.728926200 43.067645573 15.070248722 28.728926200 4 4.875000000 -9.000000000 58.625000000 24.875000000 4 4.875000000 -9.000000000 58.625000000 24.875000000 12.489024972 -4.201393564 51.010975028 20.076393564 43.067645573 15.070248722 1 4.875000000 -9.000000000 58.625000000 24.875000000
FGEOM -63.000000000000000 -33.062500000000000 -7.2500000000000000 7.8125000000000000 -49.125000000000000 16.312500000000000 2.0000000000000000 -42.562500000000000 -28.750000000000000 -70.312500000000000 -28.750000000000000 41.687500000000000 -7.8750000000000000 1.2500000000000000 0.75000000000000000 6 0.0000000000000000 0 5 -1 0 2 0.0000000000000000 100.00000000000000 15.250000000000000 28.750000000000000 -53.000000000000000 -26.812500000000000 -27.000000000000000 3.9375000000000000 -7.2500000000000000 -23.062500000000000 -63 -43 2 17 -66 45 -97 1 5062.128906250 71.148639525 4778.828125000 69.129068596 76.132472180 -63 -33 -63 -33 -63 -35 -63 -34 -70.250000000 -25.250000000 -55.750000000 -40.875000000 2791.734375000 -13.503420535 -7.086616531 -39.814203742 -16.063048483 -35.125000000 -12.625000000 1 -63.000000000 -33.062500000 63.000000000 33.062500000 -35.250000000 65.687500000 0 -63 -34 -63 -33 0 -1 -1 -30.578601604 -19.403560432 0 -7.250000000 7.812500000 -63.000000000 -33.062500000 -63.000000000 -33.062500000 -7.250000000 7.812500000 2 -28.750000000 -7.950952915 -63.000000000 -42.827368434 -7.250000000 -1.952368434 -31.615001755 -30.431515147 -9.183812675 31.615001755 4 -58.487065344 -29.753689164 -7.250000000 7.812500000 4 -63.000000000 -33.062500000 -7.250000000 7.812500000 -56.649107981 -28.406128498 -13.600892019 3.156128498 -30.431515147 -9.183812675 2 -63.000000000 -33.062500000 -35.125000000 -12.625000000 -35.125000000 -12.625000000 -7.250000000 7.812500000
FGEOM -65.875000000000000 12.875000000000000 -7.1250000000000000 51.750000000000000 -47.000000000000000 60.250000000000000 2.1250000000000000 3.3750000000000000 -47.000000000000000 60.250000000000000 2.1250000000000000 3.3750000000000000 -6.7500000000000000 1.6250000000000000 1.0000000000000000 -6 0.16534698176788384 1 6 -1 -1 3 0.12500000000000000 2.5000000000000000 16.250000000000000 29.750000000000000 -51.875000000000000 18.125000000000000 -25.875000000000000 48.875000000000000 -6.1250000000000000 21.875000000000000 -66 3 3 61 -108 -1 -53 45 4505.281250000 67.121391896 4962.828125000 70.447342924 103.080298077 -66 13 -66 13 -66 12 -65 12 -73.000000000 64.625000000 -58.750000000 -38.875000000 2950.609375000 -15.948250174 3.117020433 -41.064802376 29.291960555 -36.500000000 32.312500000 1 -57.819900887 10.414410360 65.875000000 -12.875000000 -28.125000000 107.625000000 0 -66 12 -65 13 2 -8.577695101 53.784619606 -5.820280001 49.617464953 2 -8.577695101 53.784619606 2 -5.820280001 49.617464953 -29.453601604 25.533939568 0 -7.125000000 51.750000000 -65.875000000 12.875000000 -65.875000000 12.875000000 -7.125000000 51.750000000 2 -27.826555168 38.051736899 -65.875000000 4.781049962 -7.125000000 43.656049962 -29.092873343 -30.945662047 35.987817241 29.092873343 4 -30.945662047 35.987817241 -22.954081673 41.275862978 4 -65.875000000 12.875000000 -7.125000000 51.750000000 -60.245795497 16.599856597 -12.754204503 48.025143403 -30.945662047 35.987817241 3 -65.875000000 12.875000000 -46.291666667 25.833333333 -46.291666667 25.833333333 -26.708333333 38.791666667 -26.708333333 38.791666667 -7.125000000 51.750000000
FGEOM -12.750000000000000 -37.187500000000000 44.000000000000000 -0.31250000000000000 6.1250000000000000 8.1875000000000000 53.250000000000000 -46.687500000000000 -9.2500000000000000 -34.937500000000000 47.500000000000000 1.9375000000000000 -5.6250000000000000 2.0000000000000000 1.2500000000000000 -5 0.33069396353576770 2 0 0 -1 4 0.25000000000000000 3.5000000000000000 17.250000000000000 30.750000000000000 0.25000000000000000 -32.937500000000000 26.250000000000000 -2.1875000000000000 46.000000000000000 -29.187500000000000 -13 -47 54 9 -3 100 -50 44 1545.472656250 39.312500000 4580.328125000 67.678121465 122.502586867 -13 -37 -13 -37 -12 -37 -12 -37 31.250000000 -37.500000000 -56.750000000 -36.875000000 2744.359375000 -5.594594595 -16.317567568 13.034736075 -20.433101009 15.625000000 -18.750000000 1 3.005937978 -40.857659823 -37.187500000 12.750000000 -39.250000000 27.062500000 0 -13 -38 -12 -37 2 41.943770278 2.519799301 45.752676142 -3.342042266 2 41.943770278 2.519799301 2 45.752676142 -3.342042266 22.671398396 -25.528560432 0 44.000000000 -0.312500000 -12.750000000 -37.187500000 -12.750000000 -37.187500000 44.000000000 -0.312500000 -1 -12.750000000 -43.895683846 44.000000000 -7.020683846 -27.764003851 21.252453597 -15.093394689 27.764003851 4 -9.261069758 -34.920463830 44.000000000 -0.312500000 4 -9.261069758 -34.920463830 44.000000000 -0.312500000 -8.033279986 -34.122670916 39.283279986 -3.377329084 21.252453597 -15.093394689 4 -12.750000000 -37.187500000 1.437500000 -27.968750000 1.437500000 -27.968750000 15.625000000 -18.750000000 15.625000000 -18.750000000 29.812500000 -9.531250000 29.812500000 -9.531250000 44.000000000 -0.312500000
FGEOM -35.625000000000000 15.750000000000000 19.125000000000000 53.625000000000000 -16.750000000000000 62.125000000000000 28.375000000000000 9.2500000000000000 19.125000000000000 53.625000000000000 -35.625000000000000 15.750000000000000 -4.5000000000000000 2.3750000000000000 1.5000000000000000 -4 0.49604094530365156 3 1 1 -1 5 0.37500000000000000 4.5000000000000000 18.250000000000000 31.750000000000000 -23.625000000000000 22.000000000000000 2.3750000000000000 52.750000000000000 22.125000000000000 25.750000000000000 -36 9 29 63 -79 20 -20 73 1517.203125000 38.951291699 4432.078125000 66.573854665 141.900620622 -36 16 -36 15 -36 16 -35 16 -16.500000000 69.375000000 -54.750000000 -37.875000000 2789.859375000 -16.691519630 7.379408678 -9.513961234 33.813115859 -8.250000000 34.687500000 1 -11.278006702 12.355897744 -35.625000000 15.750000000 -35.625000000 15.750000000 0 -36 15 -35 16 2 16.320577888 57.144263647 21.429120687 49.759637422 2 16.320577888 57.144263647 2 21.429120687 49.759637422 -1.203601604 29.408939568 0 19.125000000 53.625000000 -35.625000000 15.750000000 -35.625000000 15.750000000 19.125000000 53.625000000 -1 -35.625000000 10.278176329 19.125000000 48.153176329 -27.400255463 -1.161527906 39.591169052 27.400255463 4 19.125000000 53.625000000 -35.625000000 15.750000000 -1 -31.924222852 18.310126657 15.424222852 51.064873343 -1.161527906 39.591169052 5 -35.625000000 15.750000000 -24.675000000 23.325000000 -24.675000000 23.325000000 -13.725000000 30.900000000 -13.725000000 30.900000000 -2.775000000 38.475000000 -2.775000000 38.475000000 8.175000000 46.050000000 8.175000000 46.050000000 19.125000000 53.625000000
FGEOM 11.500000000000000 14.687500000000000 68.250000000000000 50.562500000000000 30.375000000000000 67.062500000000000 73.500000000000000 8.1875000000000000 -10.250000000000000 43.437500000000000 91.750000000000000 43.437500000000000 -3.3750000000000000 2.7500000000000000 1.7500000000000000 -3 0.66138792707153540 4 2 1 0 6 0.0000000000000000 5.5000000000000000 19.250000000000000 32.750000000000000 22.500000000000000 19.937500000000000 48.500000000000000 50.687500000000000 68.250000000000000 23.687500000000000 11 8 74 68 -37 66 26 119 347.972656250 18.654025202 4507.578125000 67.138499574 168.217089672 12 15 12 14 12 14 12 15 79.750000000 65.250000000 -56.750000000 -35.875000000 2950.109375000 11.867411864 15.156748848 39.182514679 32.187239456 39.875000000 32.625000000 1 47.649363712 14.138000868 -14.687500000 11.500000000 82.750000000 48.187500000 0 11 14 12 15 2 64.940145621 54.955091944 70.798164863 45.688399485 2 64.940145621 54.955091944 2 70.798164863 45.688399485 44.921398396 27.346439568 0 68.250000000 50.562500000 11.500000000 14.687500000 11.500000000 14.687500000 68.250000000 50.562500000 2 56.979094077 43.437500000 11.500000000 10.694681743 68.250000000 46.569681743 -34.185164095 48.641609616 38.166887576 34.185164095 4 11.500000000 14.687500000 68.250000000 50.562500000 4 11.500000000 14.687500000 68.250000000 50.562500000 14.352778230 16.490908265 65.397221770 48.759091735 48.641609616 38.166887576 6 11.500000000 14.687500000 20.958333333 20.666666667 20.958333333 20.666666667 30.416666667 26.645833333 30.416666667 26.645833333 39.875000000 32.625000000 39.875000000 32.625000000 49.333333333 38.604166667 49.333333333 38.604166667 58.791666667 44.583333333 58.791666667 44.583333333 68.250000000 50.562500000
FGEOM -76.250000000000000 16.625000000000000 -21.500000000000000 50.500000000000000 -57.375000000000000 67.000000000000000 -16.250000000000000 3.1250000000000000 -42.000000000000000 -22.625000000000000 -42.000000000000000 89.375000000000000 -2.2500000000000000 0.50000000000000000 2.0000000000000000 -2 0.82673490883941920 5 3 1 1 0 0.12500000000000000 6.5000000000000000 20.250000000000000 33.750000000000000 -66.250000000000000 20.875000000000000 -40.250000000000000 51.625000000000000 -20.500000000000000 24.625000000000000 -77 3 -16 67 -125 -19 -60 29 6090.453125000 78.041355223 4145.078125000 64.382281142 73.071561671 -76 17 -76 16 -75 18 -77 17 -97.750000000 67.125000000 -54.750000000 -33.875000000 2739.859375000 -19.785183069 4.313818603 -47.549362694 34.382700251 -48.875000000 33.562500000 1 -33.096597664 18.995152015 76.250000000 -16.625000000 -38.500000000 117.375000000 0 -77 16 -76 17 2 -25.460583602 55.654005969 -18.655529258 44.655431051 2 -25.460583602 55.654005969 2 -18.655529258 44.655431051 -43.828601604 28.283939568 0 -21.500000000 50.500000000 -76.250000000 16.625000000 -76.250000000 16.625000000 -21.500000000 50.500000000 2 -42.000000000 37.816210046 -76.250000000 13.979152830 -21.500000000 47.854152830 -32.907200357 -40.060742221 39.016070453 32.907200357 4 -69.043559756 21.083779237 -21.500000000 50.500000000 4 -76.250000000 16.625000000 -21.500000000 50.500000000 -74.336624180 17.808846683 -23.413375820 49.316153317 -40.060742221 39.016070453 0
FGEOM -43.125000000000000 -0.75000000000000000 14.625000000000000 40.125000000000000 -19.250000000000000 50.625000000000000 29.875000000000000 -11.250000000000000 -19.250000000000000 50.625000000000000 29.875000000000000 -11.250000000000000 -1.1250000000000000 0.87500000000000000 2.2500000000000000 -1 -0.82673490883941920 0 4 0 1 1 0.25000000000000000 7.5000000000000000 21.250000000000000 34.750000000000000 -29.125000000000000 5.5000000000000000 -3.1250000000000000 36.250000000000000 16.625000000000000 9.2500000000000000 -44 -12 30 51 -70 42 -44 55 1860.328125000 43.131521246 5005.828125000 70.751877184 104.936448402 -43 -1 -43 -1 -43 0 -44 -1 -28.500000000 39.375000000 -57.750000000 -40.875000000 3478.734375000 -21.246787118 -0.369509341 -14.760911584 19.325880762 -14.250000000 19.687500000 1 -73.217913433 33.395067625 -0.750000000 43.125000000 -70.625000000 74.500000000 0 -44 -1 -43 0 2 9.667558101 45.752945435 18.284579719 33.578437828 2 9.667558101 45.752945435 2 18.284579719 33.578437828 -6.703601604 12.908939568 0 14.625000000 40.125000000 -43.125000000 -0.750000000 -43.125000000 -0.750000000 14.625000000 40.125000000 2 -1.725544231 28.552212200 -43.125000000 -2.128283322 14.625000000 38.746716678 -28.140816954 -2.992397534 27.655543304 28.140816954 4 -2.992397534 27.655543304 0.558877855 30.169108352 4 -43.125000000 -0.750000000 14.625000000 40.125000000 -42.206738145 -0.100061414 13.706738145 39.475061414 -2.992397534 27.655543304 1 -43.125000000 -0.750000000 14.625000000 40.125000000
FGEOM 12.000000000000000 -3.8125000000000000 67.750000000000000 35.062500000000000 35.875000000000000 45.562500000000000 83.000000000000000 -14.312500000000000 15.500000000000000 -1.5625000000000000 71.250000000000000 37.312500000000000 0.0000000000000000 1.2500000000000000 2.5000000000000000 0 -0.66138792707153540 1 5 -1 1 2 0.37500000000000000 8.5000000000000000 22.250000000000000 35.750000000000000 25.000000000000000 1.4375000000000000 51.000000000000000 32.187500000000000 70.750000000000000 5.1875000000000000 12 -15 83 46 -10 98 8 103 158.535156250 12.591074468 4619.328125000 67.965639297 119.589956988 12 -4 12 -3 12 -5 12 -4 79.750000000 31.250000000 -55.750000000 -38.875000000 3250.484375000 21.205497647 -6.737163315 41.324560478 16.635792172 39.875000000 15.625000000 1 -13.292482351 21.263015864 12.000000000 -3.812500000 12.000000000 -3.812500000 0 12 -4 12 -3 2 62.054364863 41.371996049 71.701685631 27.536931538 2 62.054364863 41.371996049 2 71.701685631 27.536931538 47.421398396 8.846439568 0 67.750000000 35.062500000 12.000000000 -3.812500000 12.000000000 -3.812500000 67.750000000 35.062500000 -1 12.000000000 -3.812500000 67.750000000 35.062500000 -26.844676867 51.229623660 23.542686005 26.844676867 4 15.410582911 -1.434268419 67.750000000 35.062500000 4 15.410582911 -1.434268419 67.750000000 35.062500000 12.000000000 -3.812500000 67.750000000 35.062500000 51.229623660 23.542686005 2 12.000000000 -3.812500000 39.875000000 15.625000000 39.875000000 15.625000000 67.750000000 35.062500000
FGEOM -9.8750000000000000 -1.8750000000000000 47.875000000000000 35.000000000000000 14.000000000000000 45.500000000000000 59.125000000000000 -12.375000000000000 47.875000000000000 35.000000000000000 -9.8750000000000000 -1.8750000000000000 1.1250000000000000 1.6250000000000000 2.7500000000000000 1 -0.49604094530365156 2 6 -1 0 3 0.0000000000000000 9.5000000000000000 23.250000000000000 36.750000000000000 2.1250000000000000 2.3750000000000000 28.125000000000000 33.125000000000000 47.875000000000000 6.1250000000000000 -10 -13 60 46 -32 72 -12 83 101.031250000 10.051430246 4694.828125000 68.518815846 138.166120859 -10 -2 -10 -1 -10 0 -10 -2 38.000000000 33.125000000 -57.750000000 -36.875000000 3125.734375000 -22.841898553 -4.337069345 21.099156132 17.902870257 19.000000000 16.562500000 1 -29.545443555 15.198175045 1.875000000 -9.875000000 61.375000000 21.625000000 0 -10 -2 -9 -1 2 41.701588175 42.220733096 51.828122877 26.361549935 2 41.701588175 42.220733096 2 51.828122877 26.361549935 24.546398396 9.783939568 0 47.875000000 35.000000000 -9.875000000 -1.875000000 -9.875000000 -1.875000000 47.875000000 35.000000000 -1 -9.875000000 -0.540217873 47.875000000 36.334782127 -27.080380799 28.573938992 22.675729443 27.080380799 4 47.875000000 35.000000000 -9.875000000 -1.875000000 -1 -8.926811547 -1.269554992 46.926811547 34.394554992 28.573938992 22.675729443 3 -9.875000000 -1.875000000 9.375000000 10.416666667 9.375000000 10.416666667 28.625000000 22.708333333 28.625000000 22.708333333 47.875000000 35.000000000
FGEOM -48.750000000000000 -22.937500000000000 7.0000000000000000 14.937500000000000 -33.875000000000000 25.437500000000000 18.250000000000000 -30.437500000000000 -70.500000000000000 6.8125000000000000 31.500000000000000 6.8125000000000000 2.2500000000000000 2.0000000000000000 0.75000000000000000 2 -0.33069396353576770 3 0 -1 -1 4 0.12500000000000000 100.00000000000000 24.250000000000000 0.75000000000000000 -37.750000000000000 -16.687500000000000 -11.750000000000000 14.062500000000000 8.0000000000000000 -12.937500000000000 -49 -31 19 26 -60 49 -72 22 2902.691406250 53.876631356 4542.578125000 67.398650765 115.061570644 -49 -23 -49 -22 -48 -22 -48 -23 -41.750000000 -8.000000000 -55.750000000 -37.875000000 2661.484375000 -21.942491025 -10.324223341 -48.129624080 -22.516033848 -20.875000000 -4.000000000 1 -63.651368293 -15.486504463 48.750000000 22.937500000 -19.000000000 73.812500000 0 -49 -23 -48 -22 0 -1 -1 -15.328601604 -9.278560432 0 7.000000000 14.937500000 -48.750000000 -22.937500000 -48.750000000 -22.937500000 7.000000000 14.937500000 2 -4.959570957 6.812500000 -48.750000000 -20.217375081 7.000000000 17.657624919 -31.655168179 -16.086224095 -0.746638791 31.655168179 4 -48.750000000 -22.937500000 7.000000000 14.937500000 4 -48.750000000 -22.937500000 7.000000000 14.937500000 -46.888872239 -21.673101543 5.138872239 13.673101543 -16.086224095 -0.746638791 4 -48.750000000 -22.937500000 -34.812500000 -13.468750000 -34.812500000 -13.468750000 -20.875000000 -4.000000000 -20.875000000 -4.000000000 -6.937500000 5.468750000 -6.937500000 5.468750000 7.000000000 14.937500000
FGEOM -43.625000000000000 -58.000000000000000 10.125000000000000 -22.125000000000000 -28.750000000000000 -11.625000000000000 21.375000000000000 -65.500000000000000 -9.3750000000000000 -96.250000000000000 -9.3750000000000000 15.750000000000000 3.3750000000000000 2.3750000000000000 1.0000000000000000 3 -0.16534698176788384 4 1 0 -1 5 0.25000000000000000 11.500000000000000 25.250000000000000 1.7500000000000000 -33.625000000000000 -52.750000000000000 -7.6250000000000000 -22.000000000000000 12.125000000000000 -49.000000000000000 -44 -66 22 -11 -18 87 -102 -12 5267.140625000 72.575068894 4176.078125000 64.622582160 132.601409454 -44 -58 -44 -58 -44 -58 -43 -58 -33.500000000 -80.125000000 -53.750000000 -35.875000000 2463.234375000 -15.177818868 -20.179105887 -42.169432970 -57.028493633 -16.750000000 -40.062500000 1 -51.055198512 -54.919160915 -58.000000000 43.625000000 -75.125000000 3.250000000 0 -44 -58 -43 -58 2 2.140537041 -13.848626926 14.705102558 -32.673585714 2 2.140537041 -13.848626926 2 14.705102558 -32.673585714 -11.203601604 -45.341060432 0 10.125000000 -22.125000000 -43.625000000 -58.000000000 -43.625000000 -58.000000000 10.125000000 -22.125000000 2 -9.375000000 -35.140116279 -43.625000000 -53.942302981 10.125000000 -18.067302981 -30.314722184 -11.920888225 -36.839348652 30.314722184 4 -37.592154814 -53.973426585 10.125000000 -22.125000000 4 -43.625000000 -58.000000000 10.125000000 -22.125000000 -40.817835013 -56.126380579 7.317835013 -23.998619421 -11.920888225 -36.839348652 5 -43.625000000 -58.000000000 -32.875000000 -50.825000000 -32.875000000 -50.825000000 -22.125000000 -43.650000000 -22.125000000 -43.650000000 -11.375000000 -36.475000000 -11.375000000 -36.475000000 -0.625000000 -29.300000000 -0.625000000 -29.300000000 10.125000000 -22.125000000
FGEOM -16.500000000000000 16.937500000000000 40.250000000000000 50.812500000000000 3.3750000000000000 61.312500000000000 51.500000000000000 9.4375000000000000 3.3750000000000000 61.312500000000000 51.500000000000000 9.4375000000000000 4.5000000000000000 2.7500000000000000 1.2500000000000000 4 0.0000000000000000 5 2 1 -1 6 0.37500000000000000 12.500000000000000 26.250000000000000 2.7500000000000000 -2.5000000000000000 21.187500000000000 23.500000000000000 51.937500000000000 43.250000000000000 24.937500000000000 -17 9 52 62 -58 43 0 92 559.128906250 23.645906755 4368.078125000 66.091437607 161.704969220 -16 17 -17 16 -15 16 -16 17 23.750000000 67.750000000 -56.750000000 -33.875000000 2631.109375000 -18.317123741 18.802805053 -14.138688071 18.347005579 11.875000000 33.875000000 1 -16.500000000 16.937500000 -16.500000000 16.937500000 -16.500000000 16.937500000 0 -17 16 -16 17 2 31.928791705 60.140280686 44.511213374 39.061242170 2 31.928791705 60.140280686 2 44.511213374 39.061242170 19.921398396 28.596439568 0 40.250000000 50.812500000 -16.500000000 16.937500000 -16.500000000 16.937500000 40.250000000 50.812500000 2 22.786597551 40.388310432 -16.500000000 22.178230735 40.250000000 56.053230735 -27.916106712 17.683330233 37.342086989 27.916106712 4 17.683330233 37.342086989 30.335289404 44.894247640 4 -16.500000000 16.937500000 40.250000000 50.812500000 -12.636035026 19.243963674 36.386035026 48.506036326 17.683330233 37.342086989 6 -16.500000000 16.937500000 -7.041666667 22.583333333 -7.041666667 22.583333333 2.416666667 28.229166667 2.416666667 28.229166667 11.875000000 33.875000000 11.875000000 33.875000000 21.333333333 39.520833333 21.333333333 39.520833333 30.791666667 45.166666667 30.791666667 45.166666667 40.250000000 50.812500000
FGEOM -50.250000000000000 7.8750000000000000 8.5000000000000000 48.750000000000000 -30.375000000000000 61.250000000000000 15.750000000000000 -3.6250000000000000 -46.750000000000000 10.125000000000000 12.000000000000000 51.000000000000000 5.6250000000000000 0.50000000000000000 1.5000000000000000 5 0.16534698176788384 0 3 1 0 0 0.0000000000000000 13.500000000000000 27.250000000000000 3.7500000000000000 -37.250000000000000 14.125000000000000 -11.250000000000000 44.875000000000000 8.5000000000000000 17.875000000000000 -51 -4 16 62 -92 20 -43 58 2587.078125000 50.863327899 5122.328125000 71.570441699 67.986125653 -50 8 -50 7 -50 9 -50 8 -41.750000000 56.625000000 -58.750000000 -40.875000000 3349.359375000 -26.921409915 4.219026927 -47.171738992 10.016683723 -20.875000000 28.312500000 1 -41.193694649 5.331647949 -7.875000000 -50.250000000 23.000000000 41.375000000 0 -51 7 -50 8 2 -1.161956094 58.178499585 13.981361943 36.412874271 2 -1.161956094 58.178499585 2 13.981361943 36.412874271 -14.828601604 21.533939568 0 8.500000000 48.750000000 -50.250000000 7.875000000 -50.250000000 7.875000000 8.500000000 48.750000000 -1 -50.250000000 14.727489099 8.500000000 55.602489099 -32.462991283 -11.834877329 34.602117262 32.462991283 4 -46.836779998 10.249729661 8.500000000 48.750000000 4 -46.836779998 10.249729661 8.500000000 48.750000000 -45.632608488 11.087525584 3.882608488 45.537474416 -11.834877329 34.602117262 0
FGEOM 2.8750000000000000 -19.187500000000000 59.625000000000000 19.687500000000000 22.750000000000000 32.187500000000000 66.875000000000000 -30.687500000000000 59.625000000000000 19.687500000000000 2.8750000000000000 -19.187500000000000 6.7500000000000000 0.87500000000000000 1.7500000000000000 6 0.33069396353576770 1 4 1 1 1 0.12500000000000000 14.500000000000000 28.250000000000000 4.7500000000000000 14.875000000000000 -13.937500000000000 40.875000000000000 16.812500000000000 60.625000000000000 -10.187500000000000 2 -31 67 33 -10 98 -17 80 376.425781250 19.401695319 4731.828125000 68.788284795 84.225851973 3 -19 3 -20 3 -20 2 -19 62.500000000 0.500000000 -56.750000000 -38.875000000 3125.109375000 4.186167686 -27.938119123 6.793726870 -16.503085778 31.250000000 0.250000000 1 20.633317552 -22.857262743 -2.875000000 19.187500000 42.625000000 83.562500000 0 2 -20 3 -19 2 49.093014300 29.653807100 65.113823868 6.266515962 2 49.093014300 29.653807100 2 65.113823868 6.266515962 37.296398396 -6.528560432 0 59.625000000 19.687500000 2.875000000 -19.187500000 2.875000000 -19.187500000 59.625000000 19.687500000 -1 2.875000000 -11.005633527 59.625000000 27.869366473 -31.151970592 40.355219557 6.487275952 31.151970592 4 59.625000000 19.687500000 2.875000000 -19.187500000 -1 8.443717132 -15.372806106 54.056282868 15.872806106 40.355219557 6.487275952 1 2.875000000 -19.187500000 59.625000000 19.687500000
FGEOM -12.000000000000000 -34.250000000000000 42.750000000000000 2.6250000000000000 7.8750000000000000 15.125000000000000 50.000000000000000 -45.750000000000000 -33.750000000000000 -6.5000000000000000 68.250000000000000 -6.5000000000000000 7.8750000000000000 1.2500000000000000 2.0000000000000000 -6 0.49604094530365156 2 5 0 1 2 0.25000000000000000 2.5000000000000000 29.250000000000000 5.7500000000000000 -1.0000000000000000 -30.000000000000000 25.000000000000000 0.75000000000000000 44.750000000000000 -26.250000000000000 -12 -46 50 16 -8 96 -47 46 1317.062500000 36.291355720 4357.328125000 66.010060786 100.611897439 -12 -34 -12 -34 -12 -35 -12 -34 30.750000000 -31.625000000 -54.750000000 -36.875000000 2908.859375000 -9.671724658 -27.604714129 -7.230840629 -31.037894944 15.375000000 -15.812500000 1 13.895361726 -37.758470902 12.000000000 34.250000000 27.750000000 64.500000000 0 -12 -35 -12 -34 2 41.275903041 4.644167689 44.067033965 0.500047875 2 41.275903041 4.644167689 2 44.067033965 0.500047875 21.421398396 -22.591060432 0 42.750000000 2.625000000 -12.000000000 -34.250000000 -12.000000000 -34.250000000 42.750000000 2.625000000 2 29.201694915 -6.500000000 -12.000000000 -24.755402216 42.750000000 12.119597784 -29.849853212 24.549932943 -9.633036031 29.849853212 4 -12.000000000 -34.250000000 42.750000000 2.625000000 4 -12.000000000 -34.250000000 42.750000000 2.625000000 -5.468325209 -29.850812641 36.218325209 -1.774187359 24.549932943 -9.633036031 2 -12.000000000 -34.250000000 15.375000000 -15.812500000 15.375000000 -15.812500000 42.750000000 2.625000000
FGEOM -1.8750000000000000 -57.312500000000000 50.875000000000000 -19.437500000000000 18.000000000000000 -6.9375000000000000 58.125000000000000 -65.812500000000000 32.375000000000000 -94.562500000000000 32.375000000000000 17.437500000000000 9.0000000000000000 1.6250000000000000 2.2500000000000000 -5 0.66138792707153540 3 6 -1 1 3 0.37500000000000000 3.5000000000000000 30.250000000000000 6.7500000000000000 8.1250000000000000 -51.062500000000000 34.125000000000000 -20.312500000000000 53.875000000000000 -47.312500000000000 -2 -66 59 -6 24 124 -60 32 3288.238281250 57.343162463 4217.078125000 64.939033909 120.871582488 -2 -57 -1 -57 -3 -60 -2 -58 49.000000000 -76.750000000 -52.750000000 -37.875000000 2956.359375000 -0.989110952 -30.233824758 3.608027365 -53.375634380 24.500000000 -38.375000000 1 33.256797777 -58.897930826 -57.312500000 1.875000000 -32.375000000 12.937500000 0 -2 -58 -1 -57 2 48.683398227 -16.708602481 52.760139582 -22.386440277 2 48.683398227 -16.708602481 2 52.760139582 -22.386440277 30.546398396 -43.653560432 0 50.875000000 -19.437500000 -1.875000000 -57.312500000 -1.875000000 -57.312500000 50.875000000 -19.437500000 2 32.375000000 -32.720675355 -1.875000000 -46.232854404 50.875000000 -8.357854404 -29.327748049 35.105096742 -30.760440017 29.327748049 4 3.076475214 -53.757293863 50.875000000 -19.437500000 4 -1.875000000 -57.312500000 50.875000000 -19.437500000 5.435703154 -52.063345840 43.564296846 -24.686654160 35.105096742 -30.760440017 3 -1.875000000 -57.312500000 15.708333333 -44.687500000 15.708333333 -44.687500000 33.291666667 -32.062500000 33.291666667 -32.062500000 50.875000000 -19.437500000
FGEOM -61.750000000000000 27.625000000000000 -2.0000000000000000 63.500000000000000 -36.875000000000000 76.000000000000000 11.250000000000000 19.125000000000000 -36.875000000000000 76.000000000000000 11.250000000000000 19.125000000000000 -9.0000000000000000 2.0000000000000000 2.5000000000000000 -4 0.82673490883941920 4 0 -1 0 4 0.0000000000000000 4.5000000000000000 31.250000000000000 7.7500000000000000 -47.750000000000000 32.875000000000000 -21.750000000000000 63.625000000000000 -2.0000000000000000 36.625000000000000 -62 19 12 76 -113 -7 -35 62 4576.203125000 67.647639464 4857.078125000 69.692740834 149.412508366 -62 28 -62 28 -60 27 -62 27 -63.750000000 91.125000000 -59.750000000 -35.875000000 3221.734375000 -28.525570372 12.761439377 -55.105656637 31.614386078 -31.875000000 45.562500000 1 -18.131734915 24.935371695 -61.750000000 27.625000000 -61.750000000 27.625000000 0 -62 27 -61 28 2 -4.560692005 67.200385987 0.062475806 59.500475835 2 -4.560692005 67.200385987 2 0.062475806 59.500475835 -25.328601604 40.283939568 0 -2.000000000 63.500000000 -61.750000000 27.625000000 -61.750000000 27.625000000 -2.000000000 63.500000000 2 -18.112287910 53.825885711 -61.750000000 17.127348661 -2.000000000 53.002348661 -28.668920193 -22.117401151 51.421141987 28.668920193 4 -22.117401151 51.421141987 -11.844575249 57.589135781 4 -61.750000000 27.625000000 -2.000000000 63.500000000 -54.033988353 32.257835445 -9.716011647 58.867164555 -22.117401151 51.421141987 4 -61.750000000 27.625000000 -46.812500000 36.593750000 -46.812500000 36.593750000 -31.875000000 45.562500000 -31.875000000 45.562500000 -16.937500000 54.531250000 -16.937500000 54.531250000 -2.000000000 63.500000000
FGEOM -26.625000000000000 13.250000000000000 31.125000000000000 47.125000000000000 -1.7500000000000000 59.625000000000000 44.375000000000000 4.7500000000000000 -23.125000000000000 15.500000000000000 34.625000000000000 49.375000000000000 -7.8750000000000000 2.3750000000000000 2.7500000000000000 -3 -0.82673490883941920 5 1 -1 -1 5 0.12500000000000000 5.5000000000000000 1.2500000000000000 8.7500000000000000 -13.625000000000000 17.500000000000000 12.375000000000000 48.250000000000000 32.125000000000000 21.250000000000000 -27 4 45 60 -62 40 -14 79 884.453125000 29.739756640 4482.578125000 66.952058407 165.800855933 -27 13 -27 14 -25 13 -26 13 4.500000000 60.375000000 -57.750000000 -33.875000000 3007.484375000 -1.119082796 0.556914443 -19.077621891 17.677141705 2.250000000 30.187500000 1 -52.716575452 46.517199394 -13.250000000 -26.625000000 44.625000000 34.750000000 0 -27 13 -26 14 2 27.961913542 51.624431526 33.508652190 42.168367853 2 27.961913542 51.624431526 2 33.508652190 42.168367853 8.796398396 24.908939568 0 31.125000000 47.125000000 -26.625000000 13.250000000 -26.625000000 13.250000000 31.125000000 47.125000000 -1 -26.625000000 4.120173854 31.125000000 37.995173854 -27.415372561 12.121055911 35.977664831 27.415372561 4 -23.039038726 15.353453474 31.125000000 47.125000000 4 -23.039038726 15.353453474 31.125000000 47.125000000 -19.832359702 17.234427534 24.332359702 43.140572466 12.121055911 35.977664831 5 -26.625000000 13.250000000 -15.075000000 20.025000000 -15.075000000 20.025000000 -3.525000000 26.800000000 -3.525000000 26.800000000 8.025000000 33.575000000 8.025000000 33.575000000 19.575000000 40.350000000 19.575000000 40.350000000 31.125000000 47.125000000
FGEOM 20.500000000000000 -14.812500000000000 76.250000000000000 26.062500000000000 36.375000000000000 32.562500000000000 89.500000000000000 -20.312500000000000 76.250000000000000 26.062500000000000 20.500000000000000 -14.812500000000000 -6.7500000000000000 2.7500000000000000 0.75000000000000000 -2 -0.66138792707153540 0 2 0 -1 6 0.25000000000000000 100.00000000000000 2.2500000000000000 9.7500000000000000 32.500000000000000 -8.5625000000000000 58.500000000000000 22.187500000000000 78.250000000000000 -4.8125000000000000 20 -21 90 33 3 110 5 103 639.660156250 25.291503638 4778.828125000 69.129068596 156.347460230 21 -15 20 -15 20 -14 21 -15 96.750000000 11.250000000 -55.750000000 -40.875000000 2821.484375000 1.823734985 -1.317759730 28.363009166 -9.047468616 48.375000000 5.625000000 1 -5.250932850 4.927595181 -20.500000000 14.812500000 52.250000000 79.937500000 0 20 -15 21 -14 0 -1 -1 54.921398396 -1.153560432 0 76.250000000 26.062500000 20.500000000 -14.812500000 20.500000000 -14.812500000 76.250000000 26.062500000 -1 20.500000000 -23.182387229 76.250000000 17.692612771 -28.819506258 53.415549543 9.320649553 28.819506258 4 76.250000000 26.062500000 20.500000000 -14.812500000 -1 25.943621730 -10.821324427 70.806378270 22.071324427 53.415549543 9.320649553 6 20.500000000 -14.812500000 29.791666667 -8.000000000 29.791666667 -8.000000000 39.083333333 -1.187500000 39.083333333 -1.187500000 48.375000000 5.625000000 48.375000000 5.625000000 57.666666667 12.437500000 57.666666667 12.437500000 66.958333333 19.250000000 66.958333333 19.250000000 76.250000000 26.062500000
FGEOM -12.250000000000000 3.1250000000000000 41.500000000000000 42.000000000000000 3.6250000000000000 48.500000000000000 54.750000000000000 -9.3750000000000000 -34.000000000000000 31.875000000000000 68.000000000000000 31.875000000000000 -5.6250000000000000 0.50000000000000000 1.0000000000000000 -1 -0.49604094530365156 1 3 1 -1 0 0.37500000000000000 7.5000000000000000 3.2500000000000000 10.750000000000000 -1.2500000000000000 8.3750000000000000 24.750000000000000 39.125000000000000 44.500000000000000 12.125000000000000 -13 -10 55 49 -45 65 -10 84 159.828125000 12.642314859 4400.328125000 66.334969096 47.260250211 -12 3 -13 3 -12 3 -12 4 29.250000000 45.125000000 -53.750000000 -38.875000000 2617.234375000 -3.149146374 0.803353667 -3.539473593 9.424938866 14.625000000 22.562500000 1 -31.932758759 16.149543403 3.125000000 12.250000000 -41.750000000 64.375000000 0 -13 3 -12 4 2 36.445783426 47.541199764 45.180029279 35.464911286 2 36.445783426 47.541199764 2 45.180029279 35.464911286 21.171398396 15.783939568 0 41.500000000 42.000000000 -12.250000000 3.125000000 -12.250000000 3.125000000 41.500000000 42.000000000 2 27.500803859 31.875000000 -12.250000000 -3.817031650 41.500000000 35.057968350 -27.463126158 19.719513104 26.247136222 27.463126158 4 -12.250000000 3.125000000 41.500000000 42.000000000 4 -12.250000000 3.125000000 41.500000000 42.000000000 -7.692166415 6.421479639 36.942166415 38.703520361 19.719513104 26.247136222 0
FGEOM -60.125000000000000 27.062500000000000 -4.3750000000000000 63.937500000000000 -44.250000000000000 78.437500000000000 4.8750000000000000 14.562500000000000 -25.875000000000000 -12.187500000000000 -25.875000000000000 99.812500000000000 -4.5000000000000000 0.87500000000000000 1.2500000000000000 0 -0.33069396353576770 2 4 1 0 1 0.0000000000000000 8.5000000000000000 4.2500000000000000 11.750000000000000 -50.125000000000000 31.312500000000000 -24.125000000000000 62.062500000000000 -4.3750000000000000 35.062500000000000 -61 14 5 79 -123 -9 -34 60 4347.394531250 65.934774825 4467.828125000 66.841814196 67.113665826 -60 27 -60 27 -60 28 -60 28 -64.500000000 91.000000000 -55.750000000 -36.875000000 2779.484375000 -3.875515624 1.744384891 -50.324809687 33.544688660 -32.250000000 45.500000000 1 -75.946283942 35.000743281 -60.125000000 27.062500000 -60.125000000 27.062500000 0 -61 27 -60 28 2 -9.927715683 70.373131169 -0.625369569 56.309245178 2 -9.927715683 70.373131169 2 -0.625369569 56.309245178 -27.703601604 38.721439568 0 -4.375000000 63.937500000 -60.125000000 27.062500000 -60.125000000 27.062500000 -4.375000000 63.937500000 2 -25.875000000 49.716647982 -60.125000000 21.667196612 -4.375000000 58.542196612 -34.091917648 -25.442319832 50.002837779 34.091917648 4 -54.358948612 30.876368071 -4.375000000 63.937500000 4 -60.125000000 27.062500000 -4.375000000 63.937500000 -56.371735625 29.545040338 -8.128264375 61.454959662 -25.442319832 50.002837779 1 -60.125000000 27.062500000 -4.375000000 63.937500000
FGEOM -15.000000000000000 -66.000000000000000 43.750000000000000 -28.125000000000000 5.8750000000000000 -13.625000000000000 53.000000000000000 -75.500000000000000 5.8750000000000000 -13.625000000000000 53.000000000000000 -75.500000000000000 -3.3750000000000000 1.2500000000000000 1.5000000000000000 1 -0.16534698176788384 3 5 1 1 2 0.12500000000000000 9.5000000000000000 5.2500000000000000 12.750000000000000 -1.0000000000000000 -59.750000000000000 25.000000000000000 -29.000000000000000 44.750000000000000 -56.000000000000000 -15 -76 53 -13 19 129 -81 16 4581.000000000 67.683085036 4886.078125000 69.900487302 92.847867840 -15 -66 -15 -66 -15 -65 -15 -66 28.750000000 -94.125000000 -58.750000000 -37.875000000 3210.109375000 -1.163510794 -5.119447493 -4.283872990 -59.091518119 14.375000000 -47.062500000 1 -23.335933874 -61.849761194 66.000000000 -15.000000000 58.250000000 -34.500000000 0 -15 -66 -15 -66 2 37.565102334 -20.914102631 47.764573179 -36.735064006 2 37.565102334 -20.914102631 2 47.764573179 -36.735064006 21.421398396 -52.341060432 0 43.750000000 -28.125000000 -15.000000000 -66.000000000 -15.000000000 -66.000000000 43.750000000 -28.125000000 2 25.754307673 -39.726478245 -15.000000000 -70.015559909 43.750000000 -32.140559909 -32.709222972 23.598221509 -41.116465708 32.709222972 4 23.598221509 -41.116465708 28.709343191 -37.821423432 4 -15.000000000 -66.000000000 43.750000000 -28.125000000 -12.163378144 -64.171284208 40.913378144 -29.953715792 23.598221509 -41.116465708 2 -15.000000000 -66.000000000 14.375000000 -47.062500000 14.375000000 -47.062500000 43.750000000 -28.125000000
FGEOM -50.875000000000000 10.937500000000000 5.8750000000000000 46.812500000000000 -30.000000000000000 61.312500000000000 15.125000000000000 1.4375000000000000 -47.375000000000000 13.187500000000000 9.3750000000000000 49.062500000000000 -2.2500000000000000 1.6250000000000000 1.7500000000000000 2 0.0000000000000000 4 6 0 1 3 0.25000000000000000 10.500000000000000 6.2500000000000000 13.750000000000000 -37.875000000000000 16.187500000000000 -11.875000000000000 46.937500000000000 7.8750000000000000 19.937500000000000 -51 1 16 62 -92 14 -40 53 2707.894531250 52.037433942 4507.578125000 67.138499574 111.560670503 -51 11 -50 11 -52 12 -51 11 -45.000000000 57.750000000 -56.750000000 -35.875000000 2991.859375000 -6.110384889 1.313657685 -39.252570173 18.284718856 -22.500000000 28.875000000 1 -50.875000000 10.937500000 50.875000000 -10.937500000 -9.125000000 111.687500000 0 -51 10 -50 11 2 -1.054601885 54.701138521 10.028526872 37.168941812 2 -1.054601885 54.701138521 2 10.028526872 37.168941812 -15.453601604 23.596439568 0 5.875000000 46.812500000 -50.875000000 10.937500000 -50.875000000 10.937500000 5.875000000 46.812500000 -1 -50.875000000 8.275621162 5.875000000 44.150621162 -31.425942468 -13.207761669 34.749168284 31.425942468 4 -47.358087509 13.160746443 5.875000000 46.812500000 4 -47.358087509 13.160746443 5.875000000 46.812500000 -48.973147846 12.139772176 3.973147846 45.610227824 -13.207761669 34.749168284 3 -50.875000000 10.937500000 -31.958333333 22.895833333 -31.958333333 22.895833333 -13.041666667 34.854166667 -13.041666667 34.854166667 5.875000000 46.812500000
FGEOM 18.250000000000000 -62.125000000000000 73.000000000000000 -28.250000000000000 39.125000000000000 -13.750000000000000 82.250000000000000 -71.625000000000000 73.000000000000000 -28.250000000000000 18.250000000000000 -62.125000000000000 -1.1250000000000000 2.0000000000000000 2.0000000000000000 3 0.16534698176788384 5 0 -1 1 4 0.37500000000000000 11.500000000000000 7.2500000000000000 14.750000000000000 30.250000000000000 -57.875000000000000 56.250000000000000 -27.125000000000000 76.000000000000000 -54.125000000000000 18 -72 83 -13 52 154 -44 45 4192.578125000 64.750120656 4145.078125000 64.382281142 128.764562283 18 -62 19 -62 20 -62 18 -63 91.250000000 -90.375000000 -54.750000000 -33.875000000 2781.609375000 2.043432486 -6.956068119 30.793241489 -54.364227298 45.625000000 -45.187500000 1 26.496971096 -64.901140124 -62.125000000 -18.250000000 -9.250000000 7.125000000 0 18 -63 19 -62 2 65.299720704 -19.708589182 77.206647919 -38.952995529 2 65.299720704 -19.708589182 2 77.206647919 -38.952995529 52.671398396 -50.466060432 0 73.000000000 -28.250000000 18.250000000 -62.125000000 18.250000000 -62.125000000 73.000000000 -28.250000000 -1 18.250000000 -63.447923585 73.000000000 -29.572923585 -30.154113687 54.990709991 -39.392734229 30.154113687 4 73.000000000 -28.250000000 18.250000000 -62.125000000 -1 19.206687910 -61.533076658 72.043312090 -28.841923342 54.990709991 -39.392734229 4 18.250000000 -62.125000000 31.937500000 -53.656250000 31.937500000 -53.656250000 45.625000000 -45.187500000 45.625000000 -45.187500000 59.312500000 -36.718750000 59.312500000 -36.718750000 73.000000000 -28.250000000
FGEOM -41.625000000000000 -0.18750000000000000 15.125000000000000 40.687500000000000 -20.750000000000000 49.187500000000000 20.375000000000000 -6.6875000000000000 -63.375000000000000 29.562500000000000 38.625000000000000 29.562500000000000 0.0000000000000000 2.3750000000000000 2.2500000000000000 4 0.33069396353576770 0 1 -1 0 5 0.0000000000000000 12.500000000000000 8.2500000000000000 15.750000000000000 -30.625000000000000 6.0625000000000000 -4.6250000000000000 36.812500000000000 15.125000000000000 9.8125000000000000 -42 -7 21 50 -70 28 -42 56 1732.675781250 41.625422295 4891.328125000 69.938030606 163.169348617 -42 0 -42 0 -41 0 -42 -1 -26.500000000 40.500000000 -56.750000000 -40.875000000 3202.859375000 -8.249916303 -0.037161785 -28.844936103 9.017523997 -13.250000000 20.250000000 1 -24.461898629 -4.290327729 -41.625000000 -0.187500000 -41.625000000 -0.187500000 0 -42 -1 -41 0 2 6.124219732 49.361366183 20.500103449 29.402188178 2 6.124219732 49.361366183 2 20.500103449 29.402188178 -8.203601604 13.471439568 0 15.125000000 40.687500000 -41.625000000 -0.187500000 -41.625000000 -0.187500000 15.125000000 40.687500000 2 -0.320718654 29.562500000 -41.625000000 -0.187500000 15.125000000 40.687500000 -27.864176445 -4.464894424 26.577598069 27.864176445 4 -41.625000000 -0.187500000 15.125000000 40.687500000 4 -41.625000000 -0.187500000 15.125000000 40.687500000 -41.625000000 -0.187500000 15.125000000 40.687500000 -4.464894424 26.577598069 5 -41.625000000 -0.187500000 -30.275000000 7.987500000 -30.275000000 7.987500000 -18.925000000 16.162500000 -18.925000000 16.162500000 -7.575000000 24.337500000 -7.575000000 24.337500000 3.775000000 32.512500000 3.775000000 32.512500000 15.125000000 40.687500000
FGEOM -17.500000000000000 0.75000000000000000 37.250000000000000 39.625000000000000 3.3750000000000000 48.125000000000000 42.500000000000000 -5.7500000000000000 16.750000000000000 -37.500000000000000 16.750000000000000 74.500000000000000 1.1250000000000000 2.7500000000000000 2.5000000000000000 5 0.49604094530365156 1 2 -1 -1 6 0.12500000000000000 13.500000000000000 9.2500000000000000 16.750000000000000 -7.5000000000000000 6.0000000000000000 18.500000000000000 36.750000000000000 38.250000000000000 9.7500000000000000 -18 -6 43 49 -45 49 -17 77 306.812500000 17.516064056 4508.828125000 67.147808043 179.205124264 -17 1 -18 1 -18 0 -17 0 19.750000000 40.375000000 -54.750000000 -38.875000000 2984.609375000 -9.241516786 0.396065005 -3.842629391 10.447356756 9.875000000 20.187500000 1 7.563993189 -3.475470793 -0.750000000 -17.500000000 50.750000000 27.250000000 0 -18 0 -17 1 2 27.380775438 48.836319479 42.693157644 27.270970906 2 27.380775438 48.836319479 2 42.693157644 27.270970906 14.921398396 13.408939568 0 37.250000000 39.625000000 -17.500000000 0.750000000 -17.500000000 0.750000000 37.250000000 39.625000000 2 16.750000000 25.069063927 -17.500000000 2.129749480 37.250000000 41.004749480 -26.542424495 18.741648329 26.483225183 26.542424495 4 -12.785919983 4.097212067 37.250000000 39.625000000 4 -17.500000000 0.750000000 37.250000000 39.625000000 -16.582713914 1.401315006 36.332713914 38.973684994 18.741648329 26.483225183 6 -17.500000000 0.750000000 -8.375000000 7.229166667 -8.375000000 7.229166667 0.750000000 13.708333333 0.750000000 13.708333333 9.875000000 20.187500000 9.875000000 20.187500000 19.000000000 26.666666667 19.000000000 26.666666667 28.125000000 33.145833333 28.125000000 33.145833333 37.250000000 39.625000000
FGEOM 12.750000000000000 12.687500000000000 70.500000000000000 49.562500000000000 38.625000000000000 58.062500000000000 85.750000000000000 -0.81250000000000000 38.625000000000000 58.062500000000000 85.750000000000000 -0.81250000000000000 2.2500000000000000 0.50000000000000000 2.7500000000000000 6 0.66138792707153540 2 3 0 -1 0 0.25000000000000000 14.500000000000000 10.250000000000000 17.750000000000000 26.750000000000000 16.937500000000000 52.750000000000000 47.687500000000000 72.500000000000000 20.687500000000000 12 -1 86 59 -20 87 25 121 323.535156250 17.987083039 4694.828125000 68.518815846 105.437152674 13 13 12 13 12 12 13 13 83.250000000 62.250000000 -57.750000000 -36.875000000 3167.484375000 7.265630548 7.230014712 27.710306703 22.240076791 41.625000000 31.125000000 1 46.075891158 6.362495445 -12.750000000 -12.687500000 64.500000000 103.437500000 0 12 12 13 13 2 60.286984702 59.855425654 75.540541599 35.966804343 2 60.286984702 59.855425654 2 75.540541599 35.966804343 49.171398396 24.346439568 0 70.500000000 49.562500000 12.750000000 12.687500000 12.750000000 12.687500000 70.500000000 49.562500000 2 53.908446796 38.968326417 12.750000000 15.357064254 70.500000000 52.232064254 -24.318365757 51.712496131 37.566150127 24.318365757 4 51.712496131 37.566150127 58.483493305 41.889622349 4 12.750000000 12.687500000 70.500000000 49.562500000 14.646376906 13.898390016 68.603623094 48.351609984 51.712496131 37.566150127 0
FGEOM -28.125000000000000 -44.375000000000000 27.625000000000000 -6.5000000000000000 -11.250000000000000 2.0000000000000000 42.875000000000000 -54.875000000000000 -24.625000000000000 -42.125000000000000 31.125000000000000 -4.2500000000000000 3.3750000000000000 0.87500000000000000 0.75000000000000000 -6 0.82673490883941920 3 4 1 -1 1 0.37500000000000000 100.00000000000000 11.250000000000000 18.750000000000000 -15.125000000000000 -38.125000000000000 10.875000000000000 -7.3750000000000000 30.625000000000000 -34.375000000000000 -29 -55 43 2 -14 98 -73 22 2760.156250000 52.537189209 4542.578125000 67.398650765 56.449317008 -28 -44 -29 -45 -27 -44 -28 -44 -0.500000000 -50.875000000 -55.750000000 -37.875000000 2697.234375000 -6.022519567 -9.502197539 -12.615601991 -33.838346196 -0.250000000 -25.437500000 1 11.440069836 -41.824273877 28.125000000 44.375000000 5.625000000 48.375000000 0 -29 -45 -28 -44 0 -1 -1 7.296398396 -30.716060432 0 27.625000000 -6.500000000 -28.125000000 -44.375000000 -28.125000000 -44.375000000 27.625000000 -6.500000000 -1 -28.125000000 -40.294812622 27.625000000 -2.419812622 -28.876922652 4.977527302 -21.886063290 28.876922652 4 -24.684406656 -42.037556540 27.625000000 -6.500000000 4 -24.684406656 -42.037556540 27.625000000 -6.500000000 -25.333308358 -42.478402315 24.833308358 -8.396597685 4.977527302 -21.886063290 1 -28.125000000 -44.375000000 27.625000000 -6.500000000
FGEOM 8.0000000000000000 9.2500000000000000 65.750000000000000 45.125000000000000 24.875000000000000 61.625000000000000 77.000000000000000 -1.2500000000000000 65.750000000000000 45.125000000000000 8.0000000000000000 9.2500000000000000 4.5000000000000000 1.2500000000000000 1.0000000000000000 -5 -0.82673490883941920 4 5 1 0 2 0.0000000000000000 3.5000000000000000 12.250000000000000 19.750000000000000 20.000000000000000 14.500000000000000 46.000000000000000 45.250000000000000 65.750000000000000 18.250000000000000 8 -2 77 62 -37 79 17 111 149.562500000 12.229574809 4622.078125000 67.985867098 80.610488035 8 9 8 9 8 10 8 10 73.750000000 54.375000000 -57.750000000 -35.875000000 2853.484375000 8.013361178 9.265448863 24.776464708 19.671743228 36.875000000 27.187500000 1 -25.087666343 38.567718679 9.250000000 -8.000000000 -27.500000000 78.500000000 0 8 9 8 10 2 63.752501694 47.999021663 67.441385998 42.060817661 2 63.752501694 47.999021663 2 67.441385998 42.060817661 42.421398396 21.908939568 0 65.750000000 45.125000000 8.000000000 9.250000000 8.000000000 9.250000000 65.750000000 45.125000000 -1 8.000000000 14.547600034 65.750000000 50.422600034 -35.584831499 43.652517807 31.397776213 35.584831499 4 65.750000000 45.125000000 8.000000000 9.250000000 -1 11.822485630 11.624574406 61.927514370 42.750425594 43.652517807 31.397776213 2 8.000000000 9.250000000 36.875000000 27.187500000 36.875000000 27.187500000 65.750000000 45.125000000
FGEOM -70.875000000000000 -6.8125000000000000 -15.125000000000000 27.062500000000000 -54.000000000000000 43.562500000000000 -3.8750000000000000 -17.312500000000000 -92.625000000000000 20.937500000000000 9.3750000000000000 20.937500000000000 5.6250000000000000 1.6250000000000000 1.2500000000000000 -4 -0.66138792707153540 5 6 1 1 3 0.12500000000000000 4.5000000000000000 13.250000000000000 20.750000000000000 -59.875000000000000 -2.5625000000000000 -33.875000000000000 28.187500000000000 -14.125000000000000 1.1875000000000000 -71 -18 -3 44 -98 14 -78 12 5069.675781250 71.201655748 4255.578125000 65.234792289 100.001103510 -71 -7 -70 -7 -70 -6 -71 -6 -86.000000000 20.250000000 -55.750000000 -33.875000000 2647.234375000 -13.189212247 -1.267746151 -53.141939782 3.962520895 -43.000000000 10.125000000 1 -98.257711498 14.174386366 -70.875000000 -6.812500000 -70.875000000 -6.812500000 0 -71 -7 -70 -6 2 -17.721469387 30.737870283 -13.059098947 23.064744024 2 -17.721469387 30.737870283 2 -13.059098947 23.064744024 -37.453601604 4.846439568 0 -15.125000000 27.062500000 -70.875000000 -6.812500000 -70.875000000 -6.812500000 -15.125000000 27.062500000 2 -25.205258303 20.937500000 -70.875000000 -0.230514231 -15.125000000 33.644485769 -34.287924381 -36.195031246 14.259857696 34.287924381 4 -70.875000000 -6.812500000 -15.125000000 27.062500000 4 -70.875000000 -6.812500000 -15.125000000 27.062500000 -66.067845122 -3.891560601 -19.932154878 24.141560601 -36.195031246 14.259857696 3 -70.875000000 -6.812500000 -52.291666667 4.479166667 -52.291666667 4.479166667 -33.708333333 15.770833333 -33.708333333 15.770833333 -15.125000000 27.062500000
FGEOM -48.750000000000000 -52.875000000000000 5.0000000000000000 -12.000000000000000 -31.875000000000000 -1.5000000000000000 16.250000000000000 -60.375000000000000 -14.500000000000000 -90.125000000000000 -14.500000000000000 21.875000000000000 6.7500000000000000 2.0000000000000000 1.5000000000000000 -3 -0.49604094530365156 0 0 0 1 4 0.25000000000000000 5.5000000000000000 14.250000000000000 21.750000000000000 -38.750000000000000 -46.625000000000000 -12.750000000000000 -15.875000000000000 7.0000000000000000 -42.875000000000000 -49 -61 17 -1 -31 77 -102 -7 5172.328125000 71.918899637 4559.828125000 67.526499428 123.755697470 -49 -53 -48 -53 -48 -52 -49 -53 -43.750000000 -64.875000000 -53.750000000 -40.875000000 3006.984375000 -9.659317697 -10.476644579 -31.437352226 -39.709335298 -21.875000000 -32.437500000 1 -71.167916869 -38.651351711 52.875000000 -48.750000000 19.500000000 -18.375000000 0 -49 -53 -48 -52 2 1.325234303 -7.907800460 7.961608334 -16.634530837 2 1.325234303 -7.907800460 2 7.961608334 -16.634530837 -16.328601604 -39.216060432 0 5.000000000 -12.000000000 -48.750000000 -52.875000000 -48.750000000 -52.875000000 5.000000000 -12.000000000 2 -14.500000000 -26.829069767 -48.750000000 -44.394927979 5.000000000 -3.519927979 -30.678928162 -13.304495098 -25.919929993 30.678928162 4 -44.997451418 -50.021317707 5.000000000 -12.000000000 4 -48.750000000 -52.875000000 5.000000000 -12.000000000 -43.377109312 -48.789104058 -0.372890688 -16.085895942 -13.304495098 -25.919929993 4 -48.750000000 -52.875000000 -35.312500000 -42.656250000 -35.312500000 -42.656250000 -21.875000000 -32.437500000 -21.875000000 -32.437500000 -8.437500000 -22.218750000 -8.437500000 -22.218750000 5.000000000 -12.000000000
FGEOM -48.625000000000000 24.062500000000000 8.1250000000000000 62.937500000000000 -26.750000000000000 73.437500000000000 19.375000000000000 16.562500000000000 -26.750000000000000 73.437500000000000 19.375000000000000 16.562500000000000 7.8750000000000000 2.3750000000000000 1.7500000000000000 -2 -0.33069396353576770 1 1 -1 1 5 0.37500000000000000 6.5000000000000000 15.250000000000000 22.750000000000000 -34.625000000000000 29.312500000000000 -8.6250000000000000 60.062500000000000 11.125000000000000 33.062500000000000 -49 16 20 74 -101 3 -25 72 2943.394531250 54.253060110 4731.828125000 68.788284795 150.977602074 -49 24 -48 25 -49 24 -49 24 -40.500000000 87.000000000 -56.750000000 -38.875000000 3160.859375000 -13.668007823 6.763731378 -29.856360778 36.919431273 -20.250000000 43.500000000 1 -63.471788454 33.840574580 48.625000000 -24.062500000 -4.875000000 122.812500000 0 -49 24 -48 25 2 3.961312746 67.928863386 11.275257587 57.251914970 2 3.961312746 67.928863386 2 11.275257587 57.251914970 -12.203601604 36.721439568 0 8.125000000 62.937500000 -48.625000000 24.062500000 -48.625000000 24.062500000 8.125000000 62.937500000 2 -8.820578364 51.329405570 -48.625000000 33.608010886 8.125000000 72.483010886 -28.371700658 -10.716021738 50.030985109 28.371700658 4 -10.716021738 50.030985109 -5.839828439 53.371284924 4 -48.625000000 24.062500000 8.125000000 62.937500000 -42.128163346 28.512976210 1.628163346 58.487023790 -10.716021738 50.030985109 5 -48.625000000 24.062500000 -37.275000000 31.837500000 -37.275000000 31.837500000 -25.925000000 39.612500000 -25.925000000 39.612500000 -14.575000000 47.387500000 -14.575000000 47.387500000 -3.225000000 55.162500000 -3.225000000 55.162500000 8.125000000 62.937500000
FGEOM 0.50000000000000000 -3.0000000000000000 59.250000000000000 33.875000000000000 22.375000000000000 44.375000000000000 66.500000000000000 -10.500000000000000 4.0000000000000000 -0.75000000000000000 62.750000000000000 36.125000000000000 9.0000000000000000 2.7500000000000000 2.0000000000000000 -1 -0.16534698176788384 2 2 -1 0 6 0.0000000000000000 7.5000000000000000 16.250000000000000 23.750000000000000 13.500000000000000 1.2500000000000000 39.500000000000000 32.000000000000000 59.250000000000000 5.0000000000000000 0 -11 67 45 -22 77 -3 94 9.250000000 3.041381265 4811.328125000 69.363737825 177.599279014 1 -3 1 -3 0 -4 1 -3 59.750000000 30.875000000 -58.750000000 -36.875000000 3032.109375000 2.671483544 -16.028901262 20.615878177 9.625923537 29.875000000 15.437500000 1 -6.999322226 1.246639914 -3.000000000 -0.500000000 -25.000000000 66.250000000 0 0 -3 1 -3 2 54.599386315 39.759028582 62.526902554 27.128748474 2 54.599386315 39.759028582 2 62.526902554 27.128748474 35.921398396 8.658939568 0 59.250000000 33.875000000 0.500000000 -3.000000000 0.500000000 -3.000000000 59.250000000 33.875000000 -1 0.500000000 7.625934305 59.250000000 44.500934305 -28.496743212 37.524376877 20.238704636 28.496743212 4 4.023950637 -0.788158643 59.250000000 33.875000000 4 4.023950637 -0.788158643 59.250000000 33.875000000 8.122859099 1.784560498 51.627140901 29.090439502 37.524376877 20.238704636 6 0.500000000 -3.000000000 10.291666667 3.145833333 10.291666667 3.145833333 20.083333333 9.291666667 20.083333333 9.291666667 29.875000000 15.437500000 29.875000000 15.437500000 39.666666667 21.583333333 39.666666667 21.583333333 49.458333333 27.729166667 49.458333333 27.729166667 59.250000000 33.875000000
FGEOM -2.2500000000000000 -62.062500000000000 54.500000000000000 -24.187500000000000 19.625000000000000 -13.687500000000000 61.750000000000000 -73.562500000000000 54.500000000000000 -24.187500000000000 -2.2500000000000000 -62.062500000000000 -9.0000000000000000 0.50000000000000000 2.2500000000000000 0 0.0000000000000000 3 3 -1 -1 0 0.12500000000000000 8.5000000000000000 17.250000000000000 24.750000000000000 9.7500000000000000 -55.812500000000000 35.750000000000000 -25.062500000000000 55.500000000000000 -52.062500000000000 -3 -74 62 -13 33 136 -65 31 3856.816406250 62.103272106 4655.078125000 68.228132944 89.818572559 -2 -62 -3 -62 -3 -63 -2 -63 52.250000000 -86.250000000 -56.750000000 -37.875000000 3073.609375000 -0.624967070 -17.238675012 18.336266096 -48.323207870 26.125000000 -43.125000000 1 -2.250000000 -62.062500000 -2.250000000 -62.062500000 -2.250000000 -62.062500000 0 -3 -63 -2 -62 2 48.937417088 -17.760395571 58.300985195 -31.790296298 2 48.937417088 -17.760395571 2 58.300985195 -31.790296298 32.171398396 -48.403560432 0 54.500000000 -24.187500000 -2.250000000 -62.062500000 -2.250000000 -62.062500000 54.500000000 -24.187500000 -1 -2.250000000 -72.882820643 54.500000000 -35.007820643 -28.093479072 35.220333977 -37.054766090 28.093479072 4 54.500000000 -24.187500000 -2.250000000 -62.062500000 -1 5.235914944 -57.066393771 47.014085056 -29.183606229 35.220333977 -37.054766090 0
FGEOM 20.875000000000000 0.87500000000000000 75.625000000000000 36.750000000000000 42.750000000000000 47.250000000000000 82.875000000000000 -10.625000000000000 -0.87500000000000000 29.625000000000000 101.12500000000000 29.625000000000000 -7.8750000000000000 0.87500000000000000 2.5000000000000000 1 0.16534698176788384 4 4 0 -1 1 0.25000000000000000 9.5000000000000000 18.250000000000000 25.750000000000000 31.875000000000000 6.1250000000000000 57.875000000000000 36.875000000000000 77.625000000000000 9.8750000000000000 20 -11 83 48 -5 94 21 113 436.531250000 20.893330275 4284.578125000 65.456688925 101.680167414 21 1 20 1 20 0 21 1 96.500000000 37.625000000 -54.750000000 -35.875000000 2861.359375000 18.233988789 0.764298931 42.413096765 14.987862492 48.250000000 18.812500000 1 28.806420612 -2.093012108 -0.875000000 20.875000000 89.125000000 25.375000000 0 20 0 21 1 2 69.320191850 43.856292577 79.623309187 28.132371345 2 69.320191850 43.856292577 2 79.623309187 28.132371345 54.296398396 13.533939568 0 75.625000000 36.750000000 20.875000000 0.875000000 20.875000000 0.875000000 75.625000000 36.750000000 2 64.751306620 29.625000000 20.875000000 -8.540003202 75.625000000 27.334996798 -26.800402737 57.438559168 24.833313884 26.800402737 4 20.875000000 0.875000000 75.625000000 36.750000000 4 20.875000000 0.875000000 75.625000000 36.750000000 27.461893671 5.191069597 69.038106329 32.433930403 57.438559168 24.833313884 1 20.875000000 0.875000000 75.625000000 36.750000000
FGEOM -69.000000000000000 -53.187500000000000 -16.250000000000000 -19.312500000000000 -47.125000000000000 -8.8125000000000000 -9.0000000000000000 -64.687500000000000 -34.750000000000000 -92.437500000000000 -34.750000000000000 19.562500000000000 -6.7500000000000000 1.2500000000000000 2.7500000000000000 2 0.33069396353576770 5 5 1 -1 2 0.37500000000000000 10.500000000000000 19.250000000000000 26.750000000000000 -59.000000000000000 -48.937500000000000 -33.000000000000000 -18.187500000000000 -13.250000000000000 -45.187500000000000 -69 -65 -9 -8 -39 56 -123 -35 7589.910156250 87.120090428 3930.078125000 62.690335180 114.130805746 -69 -53 -69 -54 -70 -55 -69 -53 -85.250000000 -72.500000000 -52.750000000 -33.875000000 2657.109375000 -15.246196296 -11.752276312 -46.491546409 -38.733019139 -42.625000000 -36.250000000 1 -53.406213216 -57.885940989 69.000000000 53.187500000 -25.250000000 35.562500000 0 -69 -54 -69 -53 2 -23.323362543 -11.552503715 -12.136216028 -28.973078732 2 -23.323362543 -11.552503715 2 -12.136216028 -28.973078732 -36.578601604 -41.528560432 0 -16.250000000 -19.312500000 -69.000000000 -53.187500000 -69.000000000 -53.187500000 -16.250000000 -19.312500000 2 -34.750000000 -31.192831754 -69.000000000 -61.209486018 -16.250000000 -27.334486018 -25.518536795 -33.335945731 -30.284754249 25.518536795 4 -62.596388033 -49.075227860 -16.250000000 -19.312500000 4 -69.000000000 -53.187500000 -16.250000000 -19.312500000 -63.320296757 -49.540107633 -21.929703243 -22.959892367 -33.335945731 -30.284754249 2 -69.000000000 -53.187500000 -42.625000000 -36.250000000 -42.625000000 -36.250000000 -16.250000000 -19.312500000
FGEOM -23.875000000000000 6.7500000000000000 35.875000000000000 47.625000000000000 -6.0000000000000000 60.125000000000000 49.125000000000000 -1.7500000000000000 -6.0000000000000000 60.125000000000000 49.125000000000000 -1.7500000000000000 -5.6250000000000000 1.6250000000000000 0.75000000000000000 3 0.49604094530365156 0 6 1 0 3 0.0000000000000000 100.00000000000000 20.250000000000000 27.750000000000000 -9.8750000000000000 13.000000000000000 16.125000000000000 43.750000000000000 35.875000000000000 16.750000000000000 -24 -2 50 61 -67 51 -18 84 615.578125000 24.810846922 5240.828125000 72.393564113 101.818475500 -24 7 -24 6 -23 6 -24 7 12.000000000 54.375000000 -59.750000000 -40.875000000 3249.734375000 -19.486184874 5.509183158 -0.971548287 22.418260900 6.000000000 27.187500000 1 3.683098801 4.675528879 6.750000000 23.875000000 -59.375000000 78.000000000 0 -24 6 -23 7 0 -1 -1 12.546398396 20.408939568 0 35.875000000 47.625000000 -23.875000000 6.750000000 -23.875000000 6.750000000 35.875000000 47.625000000 2 16.776407369 34.559644790 -23.875000000 -0.065293693 35.875000000 40.809706307 -33.960416995 13.174799054 32.095783035 33.960416995 4 13.174799054 32.095783035 21.891654840 38.058987726 4 -23.875000000 6.750000000 35.875000000 47.625000000 -19.232408437 9.925998831 31.232408437 44.449001169 13.174799054 32.095783035 3 -23.875000000 6.750000000 -3.958333333 20.375000000 -3.958333333 20.375000000 15.958333333 34.000000000 15.958333333 34.000000000 35.875000000 47.625000000
FGEOM -51.750000000000000 -51.312500000000000 6.0000000000000000 -12.437500000000000 -33.875000000000000 0.062500000000000000 19.250000000000000 -59.812500000000000 -48.250000000000000 -49.062500000000000 9.5000000000000000 -10.187500000000000 -4.5000000000000000 2.0000000000000000 1.0000000000000000 4 0.66138792707153540 1 0 1 1 4 0.12500000000000000 12.500000000000000 21.250000000000000 28.750000000000000 -38.750000000000000 -46.062500000000000 -12.750000000000000 -15.312500000000000 7.0000000000000000 -42.312500000000000 -52 -60 20 1 -34 80 -104 -6 5311.035156250 72.876849248 4846.328125000 69.615573868 121.866794596 -52 -51 -51 -52 -52 -51 -52 -51 -45.750000000 -63.750000000 -57.750000000 -38.875000000 3029.484375000 -15.089668548 -14.962098887 -27.900272019 -35.257812982 -22.875000000 -31.875000000 1 -16.425708491 -51.458645910 -51.750000000 -51.312500000 -51.750000000 -51.312500000 0 -52 -52 -51 -51 2 -2.728763437 -3.489947884 11.004939021 -23.891782404 2 -2.728763437 -3.489947884 2 11.004939021 -23.891782404 -16.328601604 -38.653560432 0 6.000000000 -12.437500000 -51.750000000 -51.312500000 -51.750000000 -51.312500000 6.000000000 -12.437500000 -1 -51.750000000 -56.737090172 6.000000000 -17.862090172 -32.636599812 -15.649942772 -27.011379226 32.636599812 4 -48.299131914 -48.989513041 6.000000000 -12.437500000 4 -48.299131914 -48.989513041 6.000000000 -12.437500000 -48.016999099 -48.799592467 2.266999099 -14.950407533 -15.649942772 -27.011379226 4 -51.750000000 -51.312500000 -37.312500000 -41.593750000 -37.312500000 -41.593750000 -22.875000000 -31.875000000 -22.875000000 -31.875000000 -8.437500000 -22.156250000 -8.437500000 -22.156250000 6.000000000 -12.437500000
FGEOM -45.625000000000000 -41.375000000000000 10.125000000000000 -4.5000000000000000 -27.750000000000000 8.0000000000000000 23.375000000000000 -49.875000000000000 10.125000000000000 -4.5000000000000000 -45.625000000000000 -41.375000000000000 -3.3750000000000000 2.3750000000000000 1.2500000000000000 5 0.82673490883941920 2 1 0 1 5 0.25000000000000000 13.500000000000000 22.250000000000000 29.750000000000000 -33.625000000000000 -37.125000000000000 -7.6250000000000000 -6.3750000000000000 12.125000000000000 -33.375000000000000 -46 -50 24 8 -36 74 -87 6 3793.531250000 61.591649190 4467.828125000 66.841814196 140.200031484 -46 -41 -45 -41 -46 -41 -46 -41 -35.500000000 -45.875000000 -55.750000000 -36.875000000 2817.234375000 -16.482043643 -14.946729989 -20.811752186 -24.962649988 -17.750000000 -22.937500000 1 -3.530040003 -38.591842502 41.375000000 -45.625000000 21.625000000 -9.875000000 0 -46 -42 -45 -41 2 0.556727307 5.023558037 15.145005742 -17.031940885 2 0.556727307 5.023558037 2 15.145005742 -17.031940885 -11.203601604 -29.716060432 0 10.125000000 -4.500000000 -45.625000000 -41.375000000 -45.625000000 -41.375000000 10.125000000 -4.500000000 -1 -45.625000000 -45.421477541 10.125000000 -8.546477541 -31.320448886 -10.471271608 -18.123094450 31.320448886 4 10.125000000 -4.500000000 -45.625000000 -41.375000000 -1 -42.810051719 -39.513094747 7.310051719 -6.361905253 -10.471271608 -18.123094450 5 -45.625000000 -41.375000000 -34.475000000 -34.000000000 -34.475000000 -34.000000000 -23.325000000 -26.625000000 -23.325000000 -26.625000000 -12.175000000 -19.250000000 -12.175000000 -19.250000000 -1.025000000 -11.875000000 -1.025000000 -11.875000000 10.125000000 -4.500000000
FGEOM -64.500000000000000 -27.750000000000000 -10.750000000000000 10.125000000000000 -46.625000000000000 22.625000000000000 2.5000000000000000 -33.250000000000000 -86.250000000000000 2.0000000000000000 15.750000000000000 2.0000000000000000 -2.2500000000000000 2.7500000000000000 1.5000000000000000 6 -0.82673490883941920 3 2 -1 1 6 0.37500000000000000 14.500000000000000 23.250000000000000 30.750000000000000 -53.500000000000000 -21.500000000000000 -27.500000000000000 9.2500000000000000 -7.7500000000000000 -17.750000000000000 -65 -34 3 23 -70 36 -93 0 4930.312500000 70.216184032 4323.578125000 65.753920986 158.354650429 -64 -28 -64 -27 -66 -28 -65 -28 -75.250000000 -17.625000000 -53.750000000 -37.875000000 2868.734375000 -21.357255748 -9.188586775 -39.363666300 -10.037653230 -37.625000000 -8.812500000 1 -95.793500093 1.658005733 64.500000000 27.750000000 -28.750000000 73.000000000 0 -65 -28 -64 -27 2 -21.510348138 19.844305939 -5.217237520 -3.277930252 2 -21.510348138 19.844305939 2 -5.217237520 -3.277930252 -31.078601604 -14.091060432 0 -10.750000000 10.125000000 -64.500000000 -27.750000000 -64.500000000 -27.750000000 -10.750000000 10.125000000 2 -22.280528053 2.000000000 -64.500000000 -30.502489716 -10.750000000 7.372510284 -30.882426395 -28.836374133 -2.619584564 30.882426395 4 -64.500000000 -27.750000000 -10.750000000 10.125000000 4 -64.500000000 -27.750000000 -10.750000000 10.125000000 -62.660756071 -26.453974627 -12.589243929 8.828974627 -28.836374133 -2.619584564 6 -64.500000000 -27.750000000 -55.541666667 -21.437500000 -55.541666667 -21.437500000 -46.583333333 -15.125000000 -46.583333333 -15.125000000 -37.625000000 -8.812500000 -37.625000000 -8.812500000 -28.666666667 -2.500000000 -28.666666667 -2.500000000 -19.708333333 3.812500000 -19.708333333 3.812500000 -10.750000000 10.125000000
FGEOM 14.750000000000000 -1.8125000000000000 70.500000000000000 34.062500000000000 32.625000000000000 46.562500000000000 79.750000000000000 -14.312500000000000 49.000000000000000 -40.062500000000000 49.000000000000000 71.937500000000000 -1.1250000000000000 0.50000000000000000 1.7500000000000000 -6 -0.66138792707153540 4 3 -1 0 0 0.0000000000000000 2.5000000000000000 24.250000000000000 31.750000000000000 24.750000000000000 3.4375000000000000 50.750000000000000 34.187500000000000 70.500000000000000 7.1875000000000000 14 -15 80 47 -14 95 12 105 220.847656250 14.860943989 4395.078125000 66.295385397 68.691345718 15 -2 15 -1 16 -3 15 -2 85.250000000 32.250000000 -55.750000000 -35.875000000 2731.984375000 24.068962258 -2.957626718 41.449633608 15.368654362 42.625000000 16.125000000 1 -11.193426582 19.366880097 -14.750000000 1.812500000 50.500000000 94.937500000 0 14 -2 15 -1 2 69.068836424 36.112322143 71.772605530 31.910646110 2 69.068836424 36.112322143 2 71.772605530 31.910646110 47.171398396 10.846439568 0 70.500000000 34.062500000 14.750000000 -1.812500000 14.750000000 -1.812500000 70.500000000 34.062500000 2 49.000000000 20.227298206 14.750000000 -3.150299257 70.500000000 32.724700743 -31.007295797 49.404248360 20.487431120 31.007295797 4 21.564428427 2.572569414 70.500000000 34.062500000 4 14.750000000 -1.812500000 70.500000000 34.062500000 15.696050010 -1.203718940 69.553949990 33.453718940 49.404248360 20.487431120 0
FGEOM 15.875000000000000 -46.875000000000000 74.625000000000000 -13.000000000000000 38.750000000000000 -0.50000000000000000 83.875000000000000 -59.375000000000000 38.750000000000000 -0.50000000000000000 83.875000000000000 -59.375000000000000 0.0000000000000000 0.87500000000000000 2.0000000000000000 -5 -0.49604094530365156 5 4 -1 -1 1 0.12500000000000000 3.5000000000000000 25.250000000000000 32.750000000000000 29.875000000000000 -42.625000000000000 55.875000000000000 -11.875000000000000 75.625000000000000 -38.875000000000000 15 -60 84 0 39 144 -31 62 2449.281250000 49.490213679 4599.078125000 67.816503338 85.045076513 16 -47 15 -46 15 -48 16 -47 90.500000000 -59.875000000 -58.750000000 -33.875000000 2914.859375000 8.099454826 -23.915713068 44.246596961 -30.516057923 45.250000000 -29.937500000 1 -3.440022411 -30.398298596 -46.875000000 -15.875000000 -7.625000000 22.375000000 0 15 -47 16 -46 2 72.722560846 -10.062190397 76.214468824 -16.118266964 2 72.722560846 -10.062190397 2 76.214468824 -16.118266964 52.296398396 -35.216060432 0 74.625000000 -13.000000000 15.875000000 -46.875000000 15.875000000 -46.875000000 74.625000000 -13.000000000 2 56.389550393 -23.514482646 15.875000000 -46.875000000 74.625000000 -13.000000000 -28.748763635 53.110285774 -25.405292671 28.748763635 4 53.110285774 -25.405292671 61.499207976 -20.568275826 4 15.875000000 -46.875000000 74.625000000 -13.000000000 15.875000000 -46.875000000 74.625000000 -13.000000000 53.110285774 -25.405292671 1 15.875000000 -46.875000000 74.625000000 -13.000000000
FGEOM -51.000000000000000 -19.937500000000000 5.7500000000000000 20.937500000000000 -28.125000000000000 27.437500000000000 15.000000000000000 -29.437500000000000 -47.500000000000000 -17.687500000000000 9.2500000000000000 23.187500000000000 1.1250000000000000 1.2500000000000000 2.2500000000000000 -4 -0.33069396353576770 0 5 0 -1 2 0.25000000000000000 4.5000000000000000 26.250000000000000 33.750000000000000 -38.000000000000000 -13.687500000000000 -12.000000000000000 17.062500000000000 7.7500000000000000 -9.9375000000000000 -51 -30 15 28 -56 45 -71 27 2998.503906250 54.758596642 4891.328125000 69.938030606 116.148094616 -51 -20 -51 -20 -51 -20 -51 -20 -45.250000000 1.000000000 -56.750000000 -40.875000000 3234.609375000 -24.448216026 -9.557574647 -23.614148791 -0.212448579 -22.625000000 0.500000000 1 -65.143206757 -9.943091468 -51.000000000 -19.937500000 -51.000000000 -19.937500000 0 -51 -20 -51 -19 2 2.890499020 24.412158853 8.139613264 17.124397792 2 2.890499020 24.412158853 2 8.139613264 17.124397792 -15.578601604 -6.278560432 0 5.750000000 20.937500000 -51.000000000 -19.937500000 -51.000000000 -19.937500000 5.750000000 20.937500000 -1 -51.000000000 -18.551063270 5.750000000 22.323936730 -25.072419252 -13.471525659 7.092920946 25.072419252 4 -47.628483125 -17.509116700 5.750000000 20.937500000 4 -47.628483125 -17.509116700 5.750000000 20.937500000 -50.087138293 -19.279998286 4.837138293 20.279998286 -13.471525659 7.092920946 2 -51.000000000 -19.937500000 -22.625000000 0.500000000 -22.625000000 0.500000000 5.750000000 20.937500000
FGEOM -12.875000000000000 23.000000000000000 41.875000000000000 61.875000000000000 10.000000000000000 68.375000000000000 51.125000000000000 13.500000000000000 41.875000000000000 61.875000000000000 -12.875000000000000 23.000000000000000 2.2500000000000000 1.6250000000000000 2.5000000000000000 -3 -0.16534698176788384 1 6 1 -1 3 0.37500000000000000 5.5000000000000000 27.250000000000000 34.750000000000000 -0.87500000000000000 28.250000000000000 25.125000000000000 59.000000000000000 44.875000000000000 32.000000000000000 -13 13 52 69 -59 38 10 104 694.765625000 26.358407103 4508.828125000 67.147808043 131.760573135 -13 23 -13 23 -13 24 -12 23 29.000000000 84.875000000 -54.750000000 -38.875000000 3016.359375000 -13.310506535 23.777992257 15.458947979 43.118396853 14.500000000 42.437500000 1 -20.031494349 27.383957111 -23.000000000 -12.875000000 55.375000000 45.500000000 0 -13 23 -12 23 2 38.334171743 66.083626291 44.681186148 57.144744267 2 38.334171743 66.083626291 2 44.681186148 57.144744267 21.546398396 35.658939568 0 41.875000000 61.875000000 -12.875000000 23.000000000 -12.875000000 23.000000000 41.875000000 61.875000000 -1 -12.875000000 25.759498961 41.875000000 64.634498961 -23.753800332 23.752183650 49.006972866 23.753800332 4 41.875000000 61.875000000 -12.875000000 23.000000000 -1 -11.040427829 24.302630012 40.040427829 60.572369988 23.752183650 49.006972866 3 -12.875000000 23.000000000 5.375000000 35.958333333 5.375000000 35.958333333 23.625000000 48.916666667 23.625000000 48.916666667 41.875000000 61.875000000
FGEOM -68.750000000000000 -47.062500000000000 -12.000000000000000 -10.187500000000000 -45.875000000000000 4.3125000000000000 -6.7500000000000000 -56.562500000000000 -90.500000000000000 -19.312500000000000 11.500000000000000 -19.312500000000000 3.3750000000000000 2.0000000000000000 2.7500000000000000 -2 0.0000000000000000 2 0 1 0 4 0.0000000000000000 6.5000000000000000 28.250000000000000 35.750000000000000 -57.750000000000000 -42.812500000000000 -31.750000000000000 -12.062500000000000 -12.000000000000000 -39.062500000000000 -69 -57 -6 5 -51 50 -116 -22 6941.441406250 83.315313156 4580.328125000 67.678121465 152.202094398 -69 -47 -69 -48 -68 -47 -69 -47 -80.750000000 -57.250000000 -56.750000000 -36.875000000 3192.609375000 -23.311290883 -15.957638214 -38.772623913 -27.583808490 -40.375000000 -28.625000000 1 -68.750000000 -47.062500000 68.750000000 47.062500000 -23.000000000 55.687500000 0 -69 -48 -68 -47 2 -16.048683308 -5.102407722 -8.998266794 -15.952879238 2 -16.048683308 -5.102407722 2 -8.998266794 -15.952879238 -35.328601604 -35.403560432 0 -12.000000000 -10.187500000 -68.750000000 -47.062500000 -68.750000000 -47.062500000 -12.000000000 -10.187500000 2 -26.043220339 -19.312500000 -68.750000000 -43.037589693 -12.000000000 -6.162589693 -30.615737851 -29.193754882 -21.359653503 30.615737851 4 -68.750000000 -47.062500000 -12.000000000 -10.187500000 4 -68.750000000 -47.062500000 -12.000000000 -10.187500000 -65.919967992 -45.223602550 -14.830032008 -12.026397450 -29.193754882 -21.359653503 4 -68.750000000 -47.062500000 -54.562500000 -37.843750000 -54.562500000 -37.843750000 -40.375000000 -28.625000000 -40.375000000 -28.625000000 -26.187500000 -19.406250000 -26.187500000 -19.406250000 -12.000000000 -10.187500000
FGEOM -13.625000000000000 24.875000000000000 41.125000000000000 62.750000000000000 0.25000000000000000 77.250000000000000 46.375000000000000 18.375000000000000 20.625000000000000 -12.375000000000000 20.625000000000000 99.625000000000000 4.5000000000000000 2.3750000000000000 0.75000000000000000 -1 0.16534698176788384 3 1 1 1 5 0.12500000000000000 100.00000000000000 29.250000000000000 36.750000000000000 -3.6250000000000000 31.125000000000000 22.375000000000000 61.875000000000000 42.125000000000000 34.875000000000000 -14 18 47 78 -77 28 11 104 804.406250000 28.362056519 4432.078125000 66.573854665 133.097862551 -14 25 -13 24 -15 25 -14 25 27.500000000 87.625000000 -54.750000000 -37.875000000 2743.359375000 -14.051563917 25.653772656 16.598013375 45.782701034 13.750000000 43.812500000 1 -4.815121419 23.305576794 24.875000000 13.625000000 -52.125000000 91.125000000 0 -14 24 -13 25 0 -1 -1 18.796398396 38.533939568 0 41.125000000 62.750000000 -13.625000000 24.875000000 -13.625000000 24.875000000 41.125000000 62.750000000 2 20.625000000 48.568493151 -13.625000000 30.346823671 41.125000000 68.221823671 -35.179210169 20.264051940 48.318796205 35.179210169 4 -7.888905194 28.843120379 41.125000000 62.750000000 4 -13.625000000 24.875000000 41.125000000 62.750000000 -9.924222852 27.435126657 37.424222852 60.189873343 20.264051940 48.318796205 5 -13.625000000 24.875000000 -2.675000000 32.450000000 -2.675000000 32.450000000 8.275000000 40.025000000 8.275000000 40.025000000 19.225000000 47.600000000 19.225000000 47.600000000 30.175000000 55.175000000 30.175000000 55.175000000 41.125000000 62.750000000
FGEOM -38.500000000000000 -58.187500000000000 19.250000000000000 -22.312500000000000 -19.625000000000000 -7.8125000000000000 34.500000000000000 -64.687500000000000 -19.625000000000000 -7.8125000000000000 34.500000000000000 -64.687500000000000 5.6250000000000000 2.7500000000000000 1.0000000000000000 0 0.33069396353576770 4 2 0 1 6 0.25000000000000000 8.5000000000000000 30.250000000000000 0.75000000000000000 -24.500000000000000 -52.937500000000000 1.5000000000000000 -22.187500000000000 21.250000000000000 -49.187500000000000 -39 -65 35 -7 -12 100 -97 -3 4868.035156250 69.771306110 4622.078125000 67.985867098 162.814083486 -38 -58 -38 -58 -40 -58 -39 -58 -19.250000000 -80.500000000 -57.750000000 -35.875000000 2897.234375000 -16.692033802 -25.227732905 -37.862919062 -57.791737599 -9.625000000 -40.250000000 1 -21.120564676 -61.586746032 -38.500000000 -58.187500000 -38.500000000 -58.187500000 0 -39 -59 -38 -58 2 13.897167949 -15.709683250 22.797394156 -30.036876655 2 13.897167949 -15.709683250 2 22.797394156 -30.036876655 -2.078601604 -45.528560432 0 19.250000000 -22.312500000 -38.500000000 -58.187500000 -38.500000000 -58.187500000 19.250000000 -22.312500000 2 3.490519641 -32.102480223 -38.500000000 -51.565499958 19.250000000 -15.690499958 -32.830582594 -2.300853073 -35.700151151 32.830582594 4 -2.300853073 -35.700151151 11.259648832 -27.276202998 4 -38.500000000 -58.187500000 19.250000000 -22.312500000 -33.721892963 -55.219281992 14.471892963 -25.280718008 -2.300853073 -35.700151151 6 -38.500000000 -58.187500000 -28.875000000 -52.208333333 -28.875000000 -52.208333333 -19.250000000 -46.229166667 -19.250000000 -46.229166667 -9.625000000 -40.250000000 -9.625000000 -40.250000000 0.000000000 -34.270833333 0.000000000 -34.270833333 9.625000000 -28.291666667 9.625000000 -28.291666667 19.250000000 -22.312500000
FGEOM -37.250000000000000 -36.250000000000000 18.500000000000000 -2.3750000000000000 -18.375000000000000 12.125000000000000 33.750000000000000 -49.750000000000000 -33.750000000000000 -34.000000000000000 22.000000000000000 -0.12500000000000000 6.7500000000000000 0.50000000000000000 1.2500000000000000 1 0.49604094530365156 5 3 -1 1 0 0.37500000000000000 9.5000000000000000 31.250000000000000 1.7500000000000000 -24.250000000000000 -32.000000000000000 1.7500000000000000 -1.2500000000000000 21.500000000000000 -28.250000000000000 -38 -50 34 13 -31 84 -74 17 2701.625000000 51.977158445 4255.578125000 65.234792289 50.695254108 -37 -36 -37 -36 -35 -36 -38 -37 -18.750000000 -38.625000000 -55.750000000 -33.875000000 2690.984375000 -22.395654838 -21.794429205 -35.754440704 -35.341263298 -9.375000000 -19.312500000 1 -11.951111916 -39.403049758 36.250000000 -37.250000000 30.000000000 -6.750000000 0 -38 -37 -37 -36 2 12.437132071 4.938797404 22.198236214 -11.125602774 2 12.437132071 4.938797404 2 22.198236214 -11.125602774 -1.828601604 -24.591060432 0 18.500000000 -2.375000000 -37.250000000 -36.250000000 -37.250000000 -36.250000000 18.500000000 -2.375000000 -1 -37.250000000 -28.351617077 18.500000000 5.523382923 -31.540157526 -1.996886439 -14.829386155 31.540157526 4 -33.695274034 -34.090065612 18.500000000 -2.375000000 4 -33.695274034 -34.090065612 18.500000000 -2.375000000 -31.481414146 -32.744872721 12.731414146 -5.880127279 -1.996886439 -14.829386155 0
FGEOM 15.875000000000000 -19.312500000000000 73.625000000000000 21.562500000000000 34.750000000000000 30.062500000000000 84.875000000000000 -29.812500000000000 73.625000000000000 21.562500000000000 15.875000000000000 -19.312500000000000 7.8750000000000000 0.87500000000000000 1.5000000000000000 2 0.66138792707153540 0 4 -1 0 1 0.0000000000000000 10.500000000000000 1.2500000000000000 2.7500000000000000 27.875000000000000 -13.062500000000000 53.875000000000000 17.687500000000000 73.625000000000000 -9.3125000000000000 15 -30 85 31 4 115 -4 96 624.988281250 24.999765624 5005.828125000 70.751877184 79.452060280 16 -19 16 -19 15 -20 16 -20 89.500000000 2.250000000 -57.750000000 -40.875000000 3108.234375000 0.793757442 -0.965634053 18.119640090 -17.723761235 44.750000000 1.125000000 1 50.181725574 -20.494577603 -15.875000000 19.312500000 53.625000000 79.437500000 0 15 -20 16 -19 2 66.354174330 29.137794983 78.352015798 12.186716212 2 66.354174330 29.137794983 2 78.352015798 12.186716212 50.296398396 -5.653560432 0 73.625000000 21.562500000 15.875000000 -19.312500000 15.875000000 -19.312500000 73.625000000 21.562500000 -1 15.875000000 -9.664516748 73.625000000 31.210483252 -29.396967371 51.733309689 6.067732182 29.396967371 4 73.625000000 21.562500000 15.875000000 -19.312500000 -1 22.302832986 -14.762929899 67.197167014 17.012929899 51.733309689 6.067732182 1 15.875000000 -19.312500000 73.625000000 21.562500000
FGEOM -40.000000000000000 -6.3750000000000000 15.750000000000000 32.500000000000000 -21.125000000000000 41.000000000000000 27.000000000000000 -16.875000000000000 -61.750000000000000 22.375000000000000 40.250000000000000 22.375000000000000 9.0000000000000000 1.2500000000000000 1.7500000000000000 3 0.82673490883941920 1 5 -1 -1 2 0.12500000000000000 11.500000000000000 2.2500000000000000 3.7500000000000000 -29.000000000000000 -1.1250000000000000 -3.0000000000000000 29.625000000000000 16.750000000000000 2.6250000000000000 -40 -17 27 41 -63 44 -47 49 1640.640625000 40.504822244 4619.328125000 67.965639297 97.388904054 -40 -6 -40 -6 -40 -5 -40 -7 -24.250000000 26.125000000 -55.750000000 -38.875000000 2893.984375000 -2.221957659 -0.354124502 -36.923997153 -4.230074248 -12.125000000 13.062500000 1 0.946230604 -4.973003270 -6.375000000 40.000000000 -68.500000000 59.875000000 0 -40 -7 -40 -6 2 7.670965262 40.684081971 20.636822667 22.089958491 2 7.670965262 40.684081971 2 20.636822667 22.089958491 -6.578601604 6.283939568 0 15.750000000 32.500000000 -40.000000000 -6.375000000 -40.000000000 -6.375000000 15.750000000 32.500000000 2 1.229903537 22.375000000 -40.000000000 4.597031456 15.750000000 43.472031456 -28.064043018 -5.072923044 17.979979671 28.064043018 4 -40.000000000 -6.375000000 15.750000000 32.500000000 4 -40.000000000 -6.375000000 15.750000000 32.500000000 -32.617593166 -1.227178194 8.367593166 27.352178194 -5.072923044 17.979979671 2 -40.000000000 -6.375000000 -12.125000000 13.062500000 -12.125000000 13.062500000 15.750000000 32.500000000
FGEOM 10.125000000000000 -44.750000000000000 63.875000000000000 -7.8750000000000000 29.000000000000000 0.62500000000000000 75.125000000000000 -55.250000000000000 44.375000000000000 -84.000000000000000 44.375000000000000 28.000000000000000 -9.0000000000000000 1.6250000000000000 2.0000000000000000 4 -0.82673490883941920 2 6 0 -1 3 0.25000000000000000 12.500000000000000 3.2500000000000000 4.7500000000000000 20.125000000000000 -40.500000000000000 46.125000000000000 -9.7500000000000000 65.875000000000000 -36.750000000000000 10 -56 76 1 28 131 -35 56 2105.078125000 45.881130381 4248.828125000 65.183035561 114.315323400 10 -45 10 -45 10 -42 11 -45 74.000000000 -52.625000000 -53.750000000 -36.875000000 2687.734375000 0.717206610 -3.169876130 14.041855019 -42.062855278 37.000000000 -26.312500000 1 -17.167162111 -16.219862499 10.125000000 -44.750000000 10.125000000 -44.750000000 0 10 -45 11 -44 2 54.958161901 0.885136890 68.838542153 -19.347281782 2 54.958161901 0.885136890 2 68.838542153 -19.347281782 42.546398396 -33.091060432 0 63.875000000 -7.875000000 10.125000000 -44.750000000 10.125000000 -44.750000000 63.875000000 -7.875000000 2 44.375000000 -21.252906977 10.125000000 -55.664368745 63.875000000 -18.789368745 -26.738408391 44.126310104 -21.423519812 26.738408391 4 15.104176243 -41.334053507 63.875000000 -7.875000000 4 10.125000000 -44.750000000 63.875000000 -7.875000000 17.546409510 -39.658567894 56.453590490 -12.966432106 44.126310104 -21.423519812 3 10.125000000 -44.750000000 28.041666667 -32.458333333 28.041666667 -32.458333333 45.958333333 -20.166666667 45.958333333 -20.166666667 63.875000000 -7.875000000
FGEOM -32.750000000000000 6.1875000000000000 24.000000000000000 44.062500000000000 -8.8750000000000000 52.562500000000000 35.250000000000000 -1.3125000000000000 -8.8750000000000000 52.562500000000000 35.250000000000000 -1.3125000000000000 -7.8750000000000000 2.0000000000000000 2.2500000000000000 5 -0.66138792707153540 3 0 1 -1 4 0.37500000000000000 13.500000000000000 4.2500000000000000 5.7500000000000000 -18.750000000000000 12.437500000000000 7.2500000000000000 43.187500000000000 27.000000000000000 16.187500000000000 -33 -2 36 53 -62 37 -27 69 1110.847656250 33.329381276 4655.078125000 68.228132944 141.931269816 -33 6 -33 6 -33 6 -32 7 -8.750000000 50.250000000 -56.750000000 -37.875000000 3111.359375000 -4.176120128 0.788999795 -27.967332119 9.379456757 -4.375000000 25.125000000 1 -56.199844213 30.630437392 -6.187500000 -32.750000000 37.500000000 28.687500000 0 -33 6 -32 7 2 14.432198976 53.586531897 29.124186020 31.572795535 2 14.432198976 53.586531897 2 29.124186020 31.572795535 3.671398396 19.846439568 0 24.000000000 44.062500000 -32.750000000 6.187500000 -32.750000000 6.187500000 24.000000000 44.062500000 2 7.245198805 32.880330921 -32.750000000 -3.280280563 24.000000000 34.594719437 -25.319696589 5.180543761 31.502378325 25.319696589 4 5.180543761 31.502378325 10.832018965 35.274177855 4 -32.750000000 6.187500000 24.000000000 44.062500000 -26.199824424 10.559092950 17.449824424 39.690907050 5.180543761 31.502378325 4 -32.750000000 6.187500000 -18.562500000 15.656250000 -18.562500000 15.656250000 -4.375000000 25.125000000 -4.375000000 25.125000000 9.812500000 34.593750000 9.812500000 34.593750000 24.000000000 44.062500000
FGEOM -40.625000000000000 -17.875000000000000 18.125000000000000 18.000000000000000 -16.750000000000000 34.500000000000000 25.375000000000000 -25.375000000000000 -37.125000000000000 -15.625000000000000 21.625000000000000 20.250000000000000 -6.7500000000000000 2.3750000000000000 2.5000000000000000 6 -0.49604094530365156 4 1 1 0 5 0.0000000000000000 14.500000000000000 5.2500000000000000 6.7500000000000000 -27.625000000000000 -12.625000000000000 -1.6250000000000000 18.125000000000000 18.125000000000000 -8.8750000000000000 -41 -26 26 35 -52 51 -59 37 1969.906250000 44.383625922 4738.578125000 68.837330897 165.869880879 -41 -18 -41 -18 -40 -18 -41 -17 -22.500000000 0.125000000 -58.750000000 -35.875000000 3281.609375000 -4.805403920 -2.114377725 -34.864136021 -14.357195825 -11.250000000 0.062500000 1 -62.675180520 -0.199193711 40.625000000 17.875000000 7.125000000 86.875000000 0 -41 -18 -40 -17 2 8.131055096 28.505763431 22.905487544 4.310699841 2 8.131055096 28.505763431 2 22.905487544 4.310699841 -5.203601604 -5.216060432 0 18.125000000 18.000000000 -40.625000000 -17.875000000 -40.625000000 -17.875000000 18.125000000 18.000000000 -1 -40.625000000 -25.783969933 18.125000000 10.091030067 -32.257433519 0.061160636 6.969527878 32.257433519 4 -37.074843209 -15.707138300 18.125000000 18.000000000 4 -37.074843209 -15.707138300 18.125000000 18.000000000 -34.864136021 -14.357195825 12.364136021 14.482195825 0.061160636 6.969527878 5 -40.625000000 -17.875000000 -28.875000000 -10.700000000 -28.875000000 -10.700000000 -17.125000000 -3.525000000 -17.125000000 -3.525000000 -5.375000000 3.650000000 -5.375000000 3.650000000 6.375000000 10.825000000 6.375000000 10.825000000 18.125000000 18.000000000
FGEOM 12.500000000000000 17.062500000000000 69.250000000000000 50.937500000000000 36.375000000000000 67.437500000000000 76.500000000000000 9.5625000000000000 69.250000000000000 50.937500000000000 12.500000000000000 17.062500000000000 -5.6250000000000000 2.7500000000000000 2.7500000000000000 -6 -0.33069396353576770 5 2 1 1 6 0.12500000000000000 2.5000000000000000 6.2500000000000000 7.7500000000000000 24.500000000000000 21.312500000000000 50.500000000000000 52.062500000000000 70.250000000000000 25.062500000000000 12 9 77 68 -32 67 29 121 447.378906250 21.151333439 4368.078125000 66.091437607 181.751453420 13 17 13 17 10 18 12 18 81.750000000 68.000000000 -56.750000000 -33.875000000 3061.359375000 3.693620557 5.041792060 19.154606344 21.034742994 40.875000000 34.000000000 1 -2.563122407 27.544156277 -12.500000000 -17.062500000 60.250000000 117.812500000 0 12 17 13 18 2 67.888348436 53.034141366 70.449251767 48.743919548 2 67.888348436 53.034141366 2 70.449251767 48.743919548 46.921398396 28.721439568 0 69.250000000 50.937500000 12.500000000 17.062500000 12.500000000 17.062500000 69.250000000 50.937500000 -1 12.500000000 10.511586581 69.250000000 44.386586581 -31.017870078 52.273131240 40.803730322 31.017870078 4 69.250000000 50.937500000 12.500000000 17.062500000 -1 17.329956218 19.945579592 64.420043782 48.054420408 52.273131240 40.803730322 6 12.500000000 17.062500000 21.958333333 22.708333333 21.958333333 22.708333333 31.416666667 28.354166667 31.416666667 28.354166667 40.875000000 34.000000000 40.875000000 34.000000000 50.333333333 39.645833333 50.333333333 39.645833333 59.791666667 45.291666667 59.791666667 45.291666667 69.250000000 50.937500000
FGEOM -11.250000000000000 -6.0000000000000000 43.500000000000000 34.875000000000000 3.6250000000000000 45.375000000000000 50.750000000000000 -17.500000000000000 -33.000000000000000 23.750000000000000 69.000000000000000 23.750000000000000 -4.5000000000000000 0.50000000000000000 0.75000000000000000 -5 -0.16534698176788384 0 3 0 1 0 0.25000000000000000 100.00000000000000 7.2500000000000000 8.7500000000000000 -0.25000000000000000 0.25000000000000000 25.750000000000000 31.000000000000000 45.500000000000000 4.0000000000000000 -12 -18 51 46 -42 69 -18 79 162.562500000 12.750000000 4668.328125000 68.325164654 41.099833200 -11 -6 -11 -6 -11 -6 -12 -6 32.250000000 28.875000000 -54.750000000 -40.875000000 2914.359375000 -6.397058824 -3.411764706 -4.238491101 -0.765380342 16.125000000 14.437500000 1 -19.503171464 -2.850967432 -6.000000000 11.250000000 -47.750000000 60.250000000 0 -12 -6 -11 -6 0 -1 -1 22.171398396 7.658939568 0 43.500000000 34.875000000 -11.250000000 -6.000000000 -11.250000000 -6.000000000 43.500000000 34.875000000 2 28.598623853 23.750000000 -11.250000000 -11.615766958 43.500000000 29.259233042 -32.268720261 22.929511703 19.517580655 32.268720261 4 -10.954235322 -5.779189385 43.500000000 34.875000000 4 -11.250000000 -6.000000000 43.500000000 34.875000000 -7.644081138 -3.307909890 39.894081138 32.182909890 22.929511703 19.517580655 0
FGEOM -21.125000000000000 0.93750000000000000 31.625000000000000 39.812500000000000 -6.2500000000000000 50.312500000000000 38.875000000000000 -10.562500000000000 13.125000000000000 -37.312500000000000 13.125000000000000 74.687500000000000 -3.3750000000000000 0.87500000000000000 1.0000000000000000 -4 0.0000000000000000 1 4 -1 1 1 0.37500000000000000 4.5000000000000000 8.2500000000000000 9.7500000000000000 -11.125000000000000 6.1875000000000000 14.875000000000000 36.937500000000000 34.625000000000000 9.9375000000000000 -22 -11 39 51 -57 50 -21 72 447.144531250 21.145792282 4293.828125000 65.527308239 60.346209815 -21 1 -21 1 -21 0 -22 0 10.500000000 40.750000000 -52.750000000 -38.875000000 2704.109375000 -8.241887921 0.365764257 -13.276173094 6.721825042 5.250000000 20.375000000 1 -21.125000000 0.937500000 -21.125000000 0.937500000 -21.125000000 0.937500000 0 -22 0 -21 1 2 28.712841413 43.243146057 34.039613054 36.015179392 2 28.712841413 43.243146057 2 34.039613054 36.015179392 11.296398396 13.596439568 0 31.625000000 39.812500000 -21.125000000 0.937500000 -21.125000000 0.937500000 31.625000000 39.812500000 2 13.125000000 26.178613744 -21.125000000 -3.255005503 31.625000000 35.619994497 -30.922460871 12.095186132 25.419675088 30.922460871 4 -17.197231219 3.832135287 31.625000000 39.812500000 4 -21.125000000 0.937500000 31.625000000 39.812500000 -18.408098379 2.939766361 28.908098379 37.810233639 12.095186132 25.419675088 1 -21.125000000 0.937500000 31.625000000 39.812500000
FGEOM 13.000000000000000 -46.125000000000000 72.750000000000000 -9.2500000000000000 32.875000000000000 1.2500000000000000 86.000000000000000 -57.625000000000000 32.875000000000000 1.2500000000000000 86.000000000000000 -57.625000000000000 -2.2500000000000000 1.2500000000000000 1.2500000000000000 -3 0.16534698176788384 2 5 -1 0 2 0.0000000000000000 5.5000000000000000 9.2500000000000000 10.750000000000000 27.000000000000000 -41.875000000000000 53.000000000000000 -11.125000000000000 72.750000000000000 -38.125000000000000 13 -58 86 2 31 144 -34 64 2296.515625000 47.921974344 4929.828125000 70.212734778 87.765918472 13 -46 13 -46 12 -45 13 -47 85.750000000 -55.375000000 -59.750000000 -36.875000000 2934.484375000 2.509287266 -8.903144243 22.148091184 -40.479211508 42.875000000 -27.687500000 1 21.068737809 -48.750184231 46.125000000 13.000000000 80.250000000 -18.625000000 0 13 -47 13 -46 2 69.503699941 -4.810232447 75.263034130 -14.142306150 2 69.503699941 -4.810232447 2 75.263034130 -14.142306150 49.421398396 -34.466060432 0 72.750000000 -9.250000000 13.000000000 -46.125000000 13.000000000 -46.125000000 72.750000000 -9.250000000 2 53.223469600 -21.300892192 13.000000000 -48.768994197 72.750000000 -11.893994197 -29.877281260 48.566238206 -24.175124957 29.877281260 4 48.566238206 -24.175124957 60.725158395 -16.671188857 4 13.000000000 -46.125000000 72.750000000 -9.250000000 14.914716759 -44.943323339 70.835283241 -10.431676661 48.566238206 -24.175124957 2 13.000000000 -46.125000000 42.875000000 -27.687500000 42.875000000 -27.687500000 72.750000000 -9.250000000
FGEOM 14.125000000000000 -13.187500000000000 71.875000000000000 24.687500000000000 34.000000000000000 35.187500000000000 85.125000000000000 -21.687500000000000 17.625000000000000 -10.937500000000000 75.375000000000000 26.937500000000000 -1.1250000000000000 1.6250000000000000 1.5000000000000000 -2 0.33069396353576770 3 6 -1 -1 3 0.12500000000000000 6.5000000000000000 10.250000000000000 11.750000000000000 27.125000000000000 -6.9375000000000000 53.125000000000000 23.812500000000000 72.875000000000000 -3.1875000000000000 14 -22 86 36 -2 107 0 97 373.425781250 19.324227831 4769.578125000 69.062132352 109.701000772 14 -13 14 -13 15 -12 15 -14 86.000000000 11.500000000 -57.750000000 -37.875000000 2979.984375000 7.492213985 -6.994943145 23.950391671 -6.743574294 43.000000000 5.750000000 1 30.909219144 -17.019811018 -14.125000000 13.187500000 53.875000000 83.562500000 0 14 -14 15 -13 2 67.814536290 29.763190541 74.912338630 18.940798855 2 67.814536290 29.763190541 2 74.912338630 18.940798855 49.546398396 0.471439568 0 71.875000000 24.687500000 14.125000000 -13.187500000 14.125000000 -13.187500000 71.875000000 24.687500000 -1 14.125000000 -14.532866215 71.875000000 23.342133785 -29.551514781 50.206618362 10.476418536 29.551514781 4 17.604154996 -10.905716529 71.875000000 24.687500000 4 17.604154996 -10.905716529 71.875000000 24.687500000 15.065728990 -12.570528390 70.934271010 24.070528390 50.206618362 10.476418536 3 14.125000000 -13.187500000 33.375000000 -0.562500000 33.375000000 -0.562500000 52.625000000 12.062500000 52.625000000 12.062500000 71.875000000 24.687500000
FGEOM 15.250000000000000 -23.250000000000000 71.000000000000000 12.625000000000000 35.125000000000000 23.125000000000000 84.250000000000000 -31.750000000000000 71.000000000000000 12.625000000000000 15.250000000000000 -23.250000000000000 0.0000000000000000 2.0000000000000000 1.7500000000000000 -1 0.49604094530365156 4 0 0 -1 4 0.25000000000000000 7.5000000000000000 11.250000000000000 12.750000000000000 27.250000000000000 -18.000000000000000 53.250000000000000 12.750000000000000 73.000000000000000 -14.250000000000000 15 -32 85 24 12 116 -8 84 773.125000000 27.805125427 4395.078125000 66.295385397 127.959897435 15 -23 15 -23 16 -23 16 -23 86.250000000 -10.625000000 -55.750000000 -35.875000000 2771.734375000 6.170175368 -9.406988675 25.971900110 -16.350481319 43.125000000 -5.312500000 1 39.717519547 -27.120049649 -23.250000000 -15.250000000 -11.250000000 43.000000000 0 15 -24 16 -23 2 66.254003453 18.432367456 74.318974132 5.899346819 2 66.254003453 18.432367456 2 74.318974132 5.899346819 49.671398396 -10.591060432 0 71.000000000 12.625000000 15.250000000 -23.250000000 15.250000000 -23.250000000 71.000000000 12.625000000 -1 15.250000000 -23.250000000 71.000000000 12.625000000 -28.243151673 50.408462947 -0.625607924 28.243151673 4 71.000000000 12.625000000 15.250000000 -23.250000000 -1 15.250000000 -23.250000000 71.000000000 12.625000000 50.408462947 -0.625607924 4 15.250000000 -23.250000000 29.187500000 -14.281250000 29.187500000 -14.281250000 43.125000000 -5.312500000 43.125000000 -5.312500000 57.062500000 3.656250000 57.062500000 3.656250000 71.000000000 12.625000000
FGEOM -68.625000000000000 -37.312500000000000 -14.875000000000000 -3.4375000000000000 -48.750000000000000 7.0625000000000000 -1.6250000000000000 -45.812500000000000 -90.375000000000000 -9.5625000000000000 11.625000000000000 -9.5625000000000000 1.1250000000000000 2.3750000000000000 2.0000000000000000 0 0.66138792707153540 5 1 1 -1 5 0.37500000000000000 8.5000000000000000 12.250000000000000 13.750000000000000 -57.625000000000000 -33.062500000000000 -31.625000000000000 -2.3125000000000000 -11.875000000000000 -29.312500000000000 -69 -46 -1 8 -56 45 -106 -18 6101.613281250 78.112824051 4036.578125000 63.534070584 144.520519872 -69 -37 -69 -38 -70 -37 -68 -37 -83.500000000 -40.750000000 -53.750000000 -33.875000000 2571.484375000 -10.762077293 -5.851511971 -56.992461848 -29.981295723 -41.750000000 -20.375000000 1 -37.178478499 -40.163087769 -68.625000000 -37.312500000 -68.625000000 -37.312500000 0 -69 -38 -68 -37 2 -20.328336941 3.082554924 -11.345786602 -11.170200226 2 -20.328336941 3.082554924 2 -11.345786602 -11.170200226 -35.203601604 -25.653560432 0 -14.875000000 -3.437500000 -68.625000000 -37.312500000 -68.625000000 -37.312500000 -14.875000000 -3.437500000 2 -24.593634686 -9.562500000 -68.625000000 -35.982717127 -14.875000000 -2.107717127 -26.944450580 -34.383798449 -15.732579952 26.944450580 4 -68.625000000 -37.312500000 -14.875000000 -3.437500000 4 -68.625000000 -37.312500000 -14.875000000 -3.437500000 -67.673246879 -36.712674196 -15.826753121 -4.037325804 -34.383798449 -15.732579952 5 -68.625000000 -37.312500000 -57.875000000 -30.537500000 -57.875000000 -30.537500000 -47.125000000 -23.762500000 -47.125000000 -23.762500000 -36.375000000 -16.987500000 -36.375000000 -16.987500000 -25.625000000 -10.212500000 -25.625000000 -10.212500000 -14.875000000 -3.437500000
FGEOM -65.500000000000000 -20.375000000000000 -9.7500000000000000 20.500000000000000 -45.625000000000000 33.000000000000000 -0.50000000000000000 -25.875000000000000 -31.250000000000000 -57.625000000000000 -31.250000000000000 54.375000000000000 2.2500000000000000 2.7500000000000000 2.2500000000000000 1 0.82673490883941920 0 2 1 0 6 0.0000000000000000 9.5000000000000000 13.250000000000000 14.750000000000000 -55.500000000000000 -14.125000000000000 -29.500000000000000 16.625000000000000 -9.7500000000000000 -10.375000000000000 -66 -26 0 33 -79 26 -86 11 4705.390625000 68.595849911 4778.828125000 69.129068596 178.781916403 -65 -20 -65 -21 -65 -20 -65 -20 -75.250000000 0.125000000 -55.750000000 -40.875000000 3289.734375000 -12.652004474 -3.935642613 -53.604678441 -11.653542265 -37.625000000 0.062500000 1 -19.816707504 -17.772416610 20.375000000 -65.500000000 7.750000000 13.125000000 0 -66 -21 -65 -20 2 -16.366775773 27.316764509 -5.238944445 12.139355421 2 -16.366775773 27.316764509 2 -5.238944445 12.139355421 -33.078601604 -6.716060432 0 -9.750000000 20.500000000 -65.500000000 -20.375000000 -65.500000000 -20.375000000 -9.750000000 20.500000000 2 -31.250000000 4.736547085 -65.500000000 -17.585037590 -9.750000000 23.289962410 -31.293140048 -27.121827233 7.763256715 31.293140048 4 -60.987065344 -17.066189164 -9.750000000 20.500000000 4 -65.500000000 -20.375000000 -9.750000000 20.500000000 -63.685459423 -19.044608142 -11.564540577 19.169608142 -27.121827233 7.763256715 6 -65.500000000 -20.375000000 -56.208333333 -13.562500000 -56.208333333 -13.562500000 -46.916666667 -6.750000000 -46.916666667 -6.750000000 -37.625000000 0.062500000 -37.625000000 0.062500000 -28.333333333 6.875000000 -28.333333333 6.875000000 -19.041666667 13.687500000 -19.041666667 13.687500000 -9.750000000 20.500000000
FGEOM -46.250000000000000 -14.750000000000000 12.500000000000000 24.125000000000000 -21.375000000000000 36.625000000000000 21.750000000000000 -27.250000000000000 -21.375000000000000 36.625000000000000 21.750000000000000 -27.250000000000000 3.3750000000000000 0.50000000000000000 2.5000000000000000 2 -0.82673490883941920 1 3 1 1 0 0.12500000000000000 10.500000000000000 14.250000000000000 15.750000000000000 -32.250000000000000 -9.5000000000000000 -6.2500000000000000 21.250000000000000 13.500000000000000 -5.7500000000000000 -47 -28 22 37 -58 49 -61 37 2356.625000000 48.545082140 4962.828125000 70.447342924 101.529802429 -46 -15 -46 -15 -46 -15 -47 -14 -33.750000000 9.375000000 -58.750000000 -38.875000000 3458.609375000 -13.576297968 -4.329738271 -33.115189493 -6.058667941 -16.875000000 4.687500000 1 -76.020195005 20.130791536 46.250000000 14.750000000 3.500000000 88.000000000 0 -47 -15 -46 -14 2 5.465359456 31.920115934 16.924359737 14.602655703 2 5.465359456 31.920115934 2 16.924359737 14.602655703 -9.828601604 -2.091060432 0 12.500000000 24.125000000 -46.250000000 -14.750000000 -46.250000000 -14.750000000 12.500000000 24.125000000 2 -5.081292360 12.491421438 -46.250000000 -10.703024981 12.500000000 28.171975019 -29.117714592 -5.306953885 12.342100727 29.117714592 4 -5.306953885 12.342100727 -4.709689378 12.737311922 4 -46.250000000 -14.750000000 12.500000000 24.125000000 -43.435397749 -12.887571702 9.685397749 22.262571702 -5.306953885 12.342100727 0
FGEOM -68.125000000000000 -26.812500000000000 -11.375000000000000 10.062500000000000 -43.250000000000000 22.562500000000000 -2.1250000000000000 -39.312500000000000 -64.625000000000000 -24.562500000000000 -7.8750000000000000 12.312500000000000 4.5000000000000000 0.87500000000000000 2.7500000000000000 3 -0.66138792707153540 2 4 0 1 1 0.25000000000000000 11.500000000000000 15.250000000000000 16.750000000000000 -55.125000000000000 -22.562500000000000 -29.125000000000000 8.1875000000000000 -9.3750000000000000 -18.812500000000000 -69 -40 -2 23 -66 38 -95 -1 5359.925781250 73.211513994 4580.328125000 67.678121465 112.911340011 -68 -27 -68 -27 -68 -28 -69 -27 -79.500000000 -16.750000000 -56.750000000 -36.875000000 3232.359375000 -14.190476242 -5.585058998 -54.079655959 -17.686120062 -39.750000000 -8.375000000 1 -93.206622860 -1.122771423 -26.812500000 68.125000000 -92.625000000 47.437500000 0 -69 -27 -68 -26 2 -19.188321296 18.500628367 -6.838818374 -0.505047315 2 -19.188321296 18.500628367 2 -6.838818374 -0.505047315 -32.703601604 -15.153560432 0 -11.375000000 10.062500000 -68.125000000 -26.812500000 -68.125000000 -26.812500000 -11.375000000 10.062500000 -1 -68.125000000 -21.445952923 -11.375000000 15.429047077 -27.848964838 -28.076254686 -0.789636856 27.848964838 4 -64.636069758 -24.545463830 -11.375000000 10.062500000 4 -64.636069758 -24.545463830 -11.375000000 10.062500000 -64.351623989 -24.360636733 -15.148376011 7.610636733 -28.076254686 -0.789636856 1 -68.125000000 -26.812500000 -11.375000000 10.062500000
FGEOM 14.000000000000000 -62.875000000000000 68.750000000000000 -25.000000000000000 29.875000000000000 -12.500000000000000 78.000000000000000 -72.375000000000000 68.750000000000000 -25.000000000000000 14.000000000000000 -62.875000000000000 5.6250000000000000 1.2500000000000000 0.75000000000000000 4 -0.49604094530365156 3 5 -1 1 2 0.37500000000000000 100.00000000000000 16.250000000000000 17.750000000000000 26.000000000000000 -56.625000000000000 52.000000000000000 -25.875000000000000 71.750000000000000 -52.875000000000000 14 -73 78 -12 42 151 -49 44 4149.265625000 64.414793526 4432.078125000 66.573854665 74.098626474 14 -63 14 -62 15 -65 14 -63 82.750000000 -87.875000000 -54.750000000 -37.875000000 2777.109375000 3.531797395 -15.861554374 28.597509862 -52.776722630 41.375000000 -43.937500000 1 -8.062495725 -49.247825353 14.000000000 -62.875000000 14.000000000 -62.875000000 0 14 -63 14 -62 0 -1 -1 48.421398396 -49.216060432 0 68.750000000 -25.000000000 14.000000000 -62.875000000 14.000000000 -62.875000000 68.750000000 -25.000000000 -1 14.000000000 -56.035220411 68.750000000 -18.160220411 -32.396586255 48.305969794 -39.142788019 32.396586255 4 68.750000000 -25.000000000 14.000000000 -62.875000000 -1 18.625971435 -59.674841679 64.124028565 -28.200158321 48.305969794 -39.142788019 2 14.000000000 -62.875000000 41.375000000 -43.937500000 41.375000000 -43.937500000 68.750000000 -25.000000000
FGEOM -64.875000000000000 -11.937500000000000 -8.1250000000000000 23.937500000000000 -49.000000000000000 36.437500000000000 -2.8750000000000000 -21.437500000000000 -86.625000000000000 16.812500000000000 15.375000000000000 16.812500000000000 6.7500000000000000 1.6250000000000000 1.0000000000000000 5 -0.33069396353576770 4 6 -1 0 3 0.0000000000000000 13.500000000000000 17.250000000000000 18.750000000000000 -53.875000000000000 -6.6875000000000000 -27.875000000000000 24.062500000000000 -8.1250000000000000 -2.9375000000000000 -65 -22 -2 37 -86 19 -77 16 4351.269531250 65.964153381 4507.578125000 67.138499574 98.951066071 -65 -12 -65 -11 -64 -12 -65 -12 -73.000000000 12.000000000 -56.750000000 -35.875000000 2636.359375000 -16.965180217 -3.121723913 -49.026232054 -1.918565197 -36.500000000 6.000000000 1 -79.722185535 -4.161804994 11.937500000 -64.875000000 -0.625000000 20.562500000 0 -65 -12 -64 -11 2 -17.485808925 33.665051401 -3.353213034 11.308958946 2 -17.485808925 33.665051401 2 -3.353213034 11.308958946 -31.453601604 0.721439568 0 -8.125000000 23.937500000 -64.875000000 -11.937500000 -64.875000000 -11.937500000 -8.125000000 23.937500000 2 -19.395905923 16.812500000 -64.875000000 -3.951863487 -8.125000000 31.923136513 -32.407123168 -31.683474444 9.044808006 32.407123168 4 -64.875000000 -11.937500000 -8.125000000 23.937500000 4 -64.875000000 -11.937500000 -8.125000000 23.937500000 -59.169443539 -8.330683471 -13.830556461 20.330683471 -31.683474444 9.044808006 3 -64.875000000 -11.937500000 -45.958333333 0.020833333 -45.958333333 0.020833333 -27.041666667 11.979166667 -27.041666667 11.979166667 -8.125000000 23.937500000
FGEOM -76.750000000000000 -49.000000000000000 -22.000000000000000 -15.125000000000000 -60.875000000000000 -2.6250000000000000 -16.750000000000000 -58.500000000000000 -42.500000000000000 -88.250000000000000 -42.500000000000000 23.750000000000000 7.8750000000000000 2.0000000000000000 1.2500000000000000 6 -0.16534698176788384 5 0 -1 -1 4 0.12500000000000000 14.500000000000000 18.250000000000000 19.750000000000000 -66.750000000000000 -44.750000000000000 -40.750000000000000 -14.000000000000000 -21.000000000000000 -41.000000000000000 -77 -59 -16 -2 -59 42 -126 -37 8291.562500000 91.058017220 4145.078125000 64.382281142 117.402057751 -77 -49 -77 -49 -75 -49 -76 -49 -98.750000000 -64.125000000 -54.750000000 -33.875000000 2440.109375000 -15.382363275 -9.820661896 -59.954812243 -38.608456890 -49.375000000 -32.062500000 1 -84.166559816 -45.754566325 76.750000000 49.000000000 -45.000000000 43.750000000 0 -77 -49 -76 -49 2 -32.210301970 -4.829382793 -17.343845456 -28.857087418 2 -32.210301970 -4.829382793 2 -17.343845456 -28.857087418 -44.328601604 -37.341060432 0 -22.000000000 -15.125000000 -76.750000000 -49.000000000 -76.750000000 -49.000000000 -22.000000000 -15.125000000 2 -42.500000000 -27.808789954 -76.750000000 -39.739534904 -22.000000000 -5.864534904 -31.084105588 -44.519970975 -29.058589347 31.084105588 4 -69.543559756 -44.541220763 -22.000000000 -15.125000000 4 -76.750000000 -49.000000000 -22.000000000 -15.125000000 -70.053184629 -44.856536608 -28.696815371 -19.268463392 -44.519970975 -29.058589347 4 -76.750000000 -49.000000000 -63.062500000 -40.531250000 -63.062500000 -40.531250000 -49.375000000 -32.062500000 -49.375000000 -32.062500000 -35.687500000 -23.593750000 -35.687500000 -23.593750000 -22.000000000 -15.125000000
FGEOM -42.625000000000000 -51.062500000000000 15.125000000000000 -10.187500000000000 -21.750000000000000 -3.6875000000000000 30.375000000000000 -57.562500000000000 -21.750000000000000 -3.6875000000000000 30.375000000000000 -57.562500000000000 9.0000000000000000 2.3750000000000000 1.5000000000000000 -6 0.0000000000000000 0 1 0 -1 5 0.25000000000000000 2.5000000000000000 19.250000000000000 20.750000000000000 -28.625000000000000 -44.812500000000000 -2.6250000000000000 -14.062500000000000 17.125000000000000 -41.062500000000000 -43 -58 31 -3 -19 88 -94 5 4424.269531250 66.515182712 5005.828125000 70.751877184 150.236678512 -43 -51 -43 -51 -42 -51 -42 -51 -27.500000000 -61.250000000 -57.750000000 -40.875000000 3141.984375000 -12.335999339 -14.777876041 -25.688170227 -39.074743862 -13.750000000 -30.625000000 1 -42.625000000 -51.062500000 42.625000000 51.062500000 -0.875000000 43.687500000 0 -43 -52 -42 -51 2 13.609490500 -8.199226639 16.496302591 -12.277841887 2 13.609490500 -8.199226639 2 16.496302591 -12.277841887 -6.203601604 -37.403560432 0 15.125000000 -10.187500000 -42.625000000 -51.062500000 -42.625000000 -51.062500000 15.125000000 -10.187500000 2 -3.029151055 -23.036866656 -42.625000000 -40.036233426 15.125000000 0.838766574 -26.609055476 -6.377331657 -25.406682796 26.609055476 4 -6.377331657 -25.406682796 2.945104222 -18.808335323 4 -42.625000000 -51.062500000 15.125000000 -10.187500000 -35.278905159 -45.862991314 7.778905159 -15.387008686 -6.377331657 -25.406682796 5 -42.625000000 -51.062500000 -31.075000000 -42.887500000 -31.075000000 -42.887500000 -19.525000000 -34.712500000 -19.525000000 -34.712500000 -7.975000000 -26.537500000 -7.975000000 -26.537500000 3.575000000 -18.362500000 3.575000000 -18.362500000 15.125000000 -10.187500000
FGEOM -75.500000000000000 -25.125000000000000 -19.750000000000000 13.750000000000000 -54.625000000000000 20.250000000000000 -4.5000000000000000 -31.625000000000000 -72.000000000000000 -22.875000000000000 -16.250000000000000 16.000000000000000 -9.0000000000000000 2.7500000000000000 1.7500000000000000 -5 0.16534698176788384 1 2 1 -1 6 0.37500000000000000 3.5000000000000000 20.250000000000000 21.750000000000000 -62.500000000000000 -19.875000000000000 -36.500000000000000 10.875000000000000 -16.750000000000000 -16.125000000000000 -76 -32 -4 21 -75 28 -101 -6 6331.515625000 79.570821442 4619.328125000 67.965639297 167.728869408 -75 -25 -76 -26 -76 -26 -75 -25 -95.250000000 -11.375000000 -55.750000000 -38.875000000 2927.734375000 -19.214015543 -6.394068086 -57.659183485 -12.684430637 -47.625000000 -5.687500000 1 -67.746812675 -27.942056214 -25.125000000 75.500000000 -100.000000000 41.125000000 0 -76 -26 -75 -25 2 -21.897117949 16.514034101 -17.898568991 10.779780611 2 -21.897117949 16.514034101 2 -17.898568991 10.779780611 -40.078601604 -12.466060432 0 -19.750000000 13.750000000 -75.500000000 -25.125000000 -75.500000000 -25.125000000 -19.750000000 13.750000000 -1 -75.500000000 -36.097031456 -19.750000000 2.777968544 -25.279547765 -40.165599198 -0.485989575 25.279547765 4 -72.089417089 -22.746768419 -19.750000000 13.750000000 4 -72.089417089 -22.746768419 -19.750000000 13.750000000 -68.117593166 -19.977178194 -27.132406834 8.602178194 -40.165599198 -0.485989575 6 -75.500000000 -25.125000000 -66.208333333 -18.645833333 -66.208333333 -18.645833333 -56.916666667 -12.166666667 -56.916666667 -12.166666667 -47.625000000 -5.687500000 -47.625000000 -5.687500000 -38.333333333 0.791666667 -38.333333333 0.791666667 -29.041666667 7.270833333 -29.041666667 7.270833333 -19.750000000 13.750000000
FGEOM -55.250000000000000 -51.187500000000000 2.5000000000000000 -14.312500000000000 -34.375000000000000 0.18750000000000000 13.750000000000000 -64.687500000000000 2.5000000000000000 -14.312500000000000 -55.250000000000000 -51.187500000000000 -7.8750000000000000 0.50000000000000000 2.0000000000000000 -4 0.33069396353576770 2 3 1 0 0 0.0000000000000000 4.5000000000000000 21.250000000000000 22.750000000000000 -43.250000000000000 -46.937500000000000 -17.250000000000000 -16.187500000000000 2.5000000000000000 -43.187500000000000 -56 -65 14 1 -35 79 -107 -11 5672.722656250 75.317479089 4694.828125000 68.518815846 79.201187649 -55 -51 -55 -52 -56 -51 -55 -51 -52.750000000 -65.500000000 -57.750000000 -36.875000000 3099.984375000 -15.588181047 -14.441991264 -36.075522395 -38.944056507 -26.375000000 -32.750000000 1 -37.437499690 -55.181962212 -55.250000000 -51.187500000 -55.250000000 -51.187500000 0 -56 -52 -55 -51 2 -0.165642096 -10.686985938 4.667460919 -18.256116762 2 -0.165642096 -10.686985938 2 4.667460919 -18.256116762 -20.828601604 -39.528560432 0 2.500000000 -14.312500000 -55.250000000 -51.187500000 -55.250000000 -51.187500000 2.500000000 -14.312500000 -1 -55.250000000 -60.530974888 2.500000000 -23.655974888 -32.066237542 -17.117805830 -26.839021039 32.066237542 4 2.500000000 -14.312500000 -55.250000000 -51.187500000 -1 -48.612680829 -46.949384945 -4.137319171 -18.550615055 -17.117805830 -26.839021039 0
FGEOM -72.125000000000000 -7.2500000000000000 -16.375000000000000 30.625000000000000 -51.250000000000000 45.125000000000000 -5.1250000000000000 -17.750000000000000 -93.875000000000000 22.500000000000000 8.1250000000000000 22.500000000000000 -6.7500000000000000 0.87500000000000000 2.2500000000000000 -3 0.49604094530365156 3 4 1 1 1 0.12500000000000000 5.5000000000000000 22.250000000000000 23.750000000000000 -61.125000000000000 -1.0000000000000000 -35.125000000000000 29.750000000000000 -15.375000000000000 2.7500000000000000 -73 -18 -5 46 -97 13 -80 15 5254.578125000 72.488468911 4542.578125000 67.398650765 98.192900472 -72 -7 -72 -8 -72 -8 -73 -7 -88.500000000 23.375000000 -55.750000000 -37.875000000 3147.484375000 -22.138434900 -2.225353941 -52.479762522 6.096428152 -44.250000000 11.687500000 1 -44.681269846 -10.872839549 7.250000000 -72.125000000 1.125000000 24.250000000 0 -73 -8 -72 -7 2 -19.826694786 34.907032590 -13.665807578 25.838531947 2 -19.826694786 34.907032590 2 -13.665807578 25.838531947 -38.703601604 6.408939568 0 -16.375000000 30.625000000 -72.125000000 -7.250000000 -72.125000000 -7.250000000 -16.375000000 30.625000000 2 -28.334570957 22.500000000 -72.125000000 -15.410374756 -16.375000000 22.464625244 -31.592110537 -33.496659644 18.993020466 31.592110537 4 -72.125000000 -7.250000000 -16.375000000 30.625000000 4 -72.125000000 -7.250000000 -16.375000000 30.625000000 -66.541616717 -3.456804630 -21.958383283 26.831804630 -33.496659644 18.993020466 1 -72.125000000 -7.250000000 -16.375000000 30.625000000
FGEOM 4.0000000000000000 -32.312500000000000 57.750000000000000 3.5625000000000000 24.875000000000000 18.062500000000000 69.000000000000000 -42.812500000000000 38.250000000000000 -70.562500000000000 38.250000000000000 41.437500000000000 -5.6250000000000000 1.2500000000000000 2.5000000000000000 -2 0.66138792707153540 4 5 0 1 2 0.25000000000000000 6.5000000000000000 23.250000000000000 24.750000000000000 14.000000000000000 -27.062500000000000 40.000000000000000 3.6875000000000000 59.750000000000000 -23.312500000000000 4 -43 69 19 6 112 -29 62 1060.097656250 32.559140902 4176.078125000 64.622582160 112.062517429 4 -32 4 -32 4 -30 4 -32 61.750000000 -28.750000000 -53.750000000 -35.875000000 2929.234375000 2.856340721 -23.073877387 24.585876570 -18.572624243 30.875000000 -14.375000000 1 39.342657268 -34.512143538 -4.000000000 32.312500000 45.750000000 68.437500000 0 4 -33 4 -32 2 53.616051108 8.578520988 60.796355494 -2.179426350 2 53.616051108 8.578520988 2 60.796355494 -2.179426350 36.421398396 -19.653560432 0 57.750000000 3.562500000 4.000000000 -32.312500000 4.000000000 -32.312500000 57.750000000 3.562500000 2 38.250000000 -9.452616279 4.000000000 -39.075328366 57.750000000 -3.200328366 -30.310853568 41.701964126 -7.148630921 30.310853568 4 10.032845186 -28.285926585 57.750000000 3.562500000 4 4.000000000 -32.312500000 57.750000000 3.562500000 8.678608311 -29.189800964 53.071391689 0.439800964 41.701964126 -7.148630921 2 4.000000000 -32.312500000 30.875000000 -14.375000000 30.875000000 -14.375000000 57.750000000 3.562500000
FGEOM -56.875000000000000 -53.375000000000000 -0.12500000000000000 -19.500000000000000 -31.000000000000000 -5.0000000000000000 11.125000000000000 -63.875000000000000 -31.000000000000000 -5.0000000000000000 11.125000000000000 -63.875000000000000 -4.5000000000000000 1.6250000000000000 2.7500000000000000 -1 0.82673490883941920 5 6 -1 1 3 0.37500000000000000 7.5000000000000000 24.250000000000000 25.750000000000000 -42.875000000000000 -49.125000000000000 -16.875000000000000 -18.375000000000000 2.8750000000000000 -45.375000000000000 -57 -64 12 -5 -26 75 -111 -19 6083.656250000 77.997796443 4368.078125000 66.091437607 131.081595831 -57 -53 -56 -53 -55 -54 -57 -54 -57.000000000 -72.875000000 -56.750000000 -33.875000000 3107.109375000 -17.682791218 -16.594619451 -34.764533760 -40.176902310 -28.500000000 -36.437500000 1 -12.934016487 -56.800352216 -53.375000000 56.875000000 -79.375000000 20.875000000 0 -57 -54 -56 -53 2 -4.675073737 -13.537883850 2.963475566 -26.334567922 2 -4.675073737 -13.537883850 2 2.963475566 -26.334567922 -20.453601604 -41.716060432 0 -0.125000000 -19.500000000 -56.875000000 -53.375000000 -56.875000000 -53.375000000 -0.125000000 -19.500000000 2 -14.490052382 -28.074733911 -56.875000000 -58.615730735 -0.125000000 -24.740730735 -28.275457346 -16.507485504 -29.278972625 28.275457346 4 -16.507485504 -29.278972625 -11.360020944 -26.206367127 4 -56.875000000 -53.375000000 -0.125000000 -19.500000000 -53.011035026 -51.068536326 -3.988964974 -21.806463674 -16.507485504 -29.278972625 3 -56.875000000 -53.375000000 -37.958333333 -42.083333333 -37.958333333 -42.083333333 -19.041666667 -30.791666667 -19.041666667 -30.791666667 -0.125000000 -19.500000000
FGEOM -61.750000000000000 -54.750000000000000 -3.0000000000000000 -13.875000000000000 -44.875000000000000 -5.3750000000000000 4.2500000000000000 -62.250000000000000 -58.250000000000000 -52.500000000000000 0.50000000000000000 -11.625000000000000 -3.3750000000000000 2.0000000000000000 0.75000000000000000 0 -0.82673490883941920 0 0 -1 0 4 0.0000000000000000 100.00000000000000 25.250000000000000 26.750000000000000 -48.750000000000000 -48.500000000000000 -22.750000000000000 -17.750000000000000 -3.0000000000000000 -44.750000000000000 -62 -63 5 -5 -40 67 -117 -16 6810.625000000 82.526510892 5122.328125000 71.570441699 121.433338355 -62 -55 -62 -54 -61 -54 -62 -55 -64.750000000 -68.625000000 -58.750000000 -40.875000000 3009.609375000 -18.893171214 -16.751435206 -39.791738144 -39.472656113 -32.375000000 -34.312500000 1 -92.630494611 -26.400436606 -61.750000000 -54.750000000 -61.750000000 -54.750000000 0 -62 -55 -61 -54 0 -1 -1 -26.328601604 -41.091060432 0 -3.000000000 -13.875000000 -61.750000000 -54.750000000 -61.750000000 -54.750000000 -3.000000000 -13.875000000 -1 -61.750000000 -58.861493459 -3.000000000 -17.986493459 -30.892859853 -27.231603976 -30.734009575 30.892859853 4 -58.336779998 -52.375270339 -3.000000000 -13.875000000 4 -58.336779998 -52.375270339 -3.000000000 -13.875000000 -58.979565093 -52.822484650 -5.770434907 -15.802515350 -27.231603976 -30.734009575 4 -61.750000000 -54.750000000 -47.062500000 -44.531250000 -47.062500000 -44.531250000 -32.375000000 -34.312500000 -32.375000000 -34.312500000 -17.687500000 -24.093750000 -17.687500000 -24.093750000 -3.000000000 -13.875000000
FGEOM -49.625000000000000 4.1875000000000000 7.1250000000000000 43.062500000000000 -32.750000000000000 51.562500000000000 14.375000000000000 -3.3125000000000000 7.1250000000000000 43.062500000000000 -49.625000000000000 4.1875000000000000 -2.2500000000000000 2.3750000000000000 1.0000000000000000 1 -0.66138792707153540 1 1 -1 -1 5 0.12500000000000000 9.5000000000000000 26.250000000000000 27.750000000000000 -37.625000000000000 9.4375000000000000 -11.625000000000000 40.187500000000000 8.1250000000000000 13.187500000000000 -50 -4 15 52 -85 18 -46 51 2480.175781250 49.801363247 4731.828125000 68.788284795 140.275625026 -50 4 -50 5 -50 4 -49 4 -42.500000000 47.250000000 -56.750000000 -38.875000000 2799.359375000 -26.157039990 2.207206145 -26.731385125 19.870130454 -21.250000000 23.625000000 1 -75.165073360 24.541807894 -4.187500000 -49.625000000 14.625000000 34.687500000 0 -50 4 -49 5 2 0.725226931 50.083390589 11.359991355 34.558686254 2 0.725226931 50.083390589 2 11.359991355 34.558686254 -15.203601604 16.846439568 0 7.125000000 43.062500000 -49.625000000 4.187500000 -49.625000000 4.187500000 7.125000000 43.062500000 -1 -49.625000000 1.460211176 7.125000000 40.335211176 -29.547409578 -16.051581792 27.186030975 29.547409578 4 7.125000000 43.062500000 -49.625000000 4.187500000 -1 -47.768760956 5.459064631 5.268760956 41.790935369 -16.051581792 27.186030975 5 -49.625000000 4.187500000 -38.275000000 11.962500000 -38.275000000 11.962500000 -26.925000000 19.737500000 -26.925000000 19.737500000 -15.575000000 27.512500000 -15.575000000 27.512500000 -4.225000000 35.287500000 -4.225000000 35.287500000 7.125000000 43.062500000
FGEOM -68.500000000000000 -42.875000000000000 -13.750000000000000 -6.0000000000000000 -51.625000000000000 2.5000000000000000 -6.5000000000000000 -50.375000000000000 -90.250000000000000 -15.125000000000000 11.750000000000000 -15.125000000000000 -1.1250000000000000 2.7500000000000000 1.2500000000000000 2 -0.49604094530365156 2 2 0 -1 6 0.25000000000000000 10.500000000000000 27.250000000000000 28.750000000000000 -57.500000000000000 -38.625000000000000 -31.500000000000000 -7.8750000000000000 -11.750000000000000 -34.875000000000000 -69 -51 -6 3 -55 44 -112 -19 6530.515625000 80.811605757 4357.328125000 66.010060786 157.460154310 -68 -43 -69 -43 -68 -42 -68 -43 -82.250000000 -48.875000000 -54.750000000 -36.875000000 2597.109375000 -23.098476791 -14.457623247 -44.654203143 -26.814474720 -41.125000000 -24.437500000 1 -88.062232511 -29.374509203 68.500000000 42.875000000 -34.750000000 47.875000000 0 -69 -43 -68 -42 2 -20.926197235 1.664997929 -9.344393975 -15.531035387 2 -20.926197235 1.664997929 2 -9.344393975 -15.531035387 -35.078601604 -31.216060432 0 -13.750000000 -6.000000000 -68.500000000 -42.875000000 -68.500000000 -42.875000000 -13.750000000 -6.000000000 2 -27.298305085 -15.125000000 -68.500000000 -44.231371112 -13.750000000 -7.356371112 -28.208058027 -35.867218120 -20.896299876 28.208058027 4 -68.500000000 -42.875000000 -13.750000000 -6.000000000 4 -68.500000000 -42.875000000 -13.750000000 -6.000000000 -67.566903601 -42.246544663 -14.683096399 -6.628455337 -35.867218120 -20.896299876 6 -68.500000000 -42.875000000 -59.375000000 -36.729166667 -59.375000000 -36.729166667 -50.250000000 -30.583333333 -50.250000000 -30.583333333 -41.125000000 -24.437500000 -41.125000000 -24.437500000 -32.000000000 -18.291666667 -32.000000000 -18.291666667 -22.875000000 -12.145833333 -22.875000000 -12.145833333 -13.750000000 -6.000000000
FGEOM -32.250000000000000 -52.937500000000000 20.500000000000000 -15.062500000000000 -15.375000000000000 -6.5625000000000000 27.750000000000000 -64.437500000000000 2.0000000000000000 -90.187500000000000 2.0000000000000000 21.812500000000000 0.0000000000000000 0.50000000000000000 1.5000000000000000 3 -0.33069396353576770 3 3 1 -1 0 0.37500000000000000 11.500000000000000 28.250000000000000 29.750000000000000 -22.250000000000000 -46.687500000000000 3.7500000000000000 -15.937500000000000 23.500000000000000 -42.937500000000000 -33 -65 28 -6 -9 93 -86 6 3842.441406250 61.987429421 4217.078125000 64.939033909 62.636257721 -32 -53 -33 -53 -33 -54 -32 -52 -11.750000000 -68.000000000 -52.750000000 -37.875000000 2646.609375000 -14.697536396 -24.125607223 -8.084064575 -35.586129304 -5.875000000 -34.000000000 1 -46.393603838 -44.945471041 -52.937500000 32.250000000 -61.750000000 10.312500000 0 -33 -53 -32 -52 2 12.244486468 -7.056471252 25.446972740 -25.444092397 2 12.244486468 -7.056471252 2 25.446972740 -25.444092397 0.171398396 -39.278560432 0 20.500000000 -15.062500000 -32.250000000 -52.937500000 -32.250000000 -52.937500000 20.500000000 -15.062500000 2 2.000000000 -28.345675355 -32.250000000 -52.937500000 20.500000000 -15.062500000 -27.828264700 0.855539047 -29.167409168 27.828264700 4 -27.298524786 -49.382293863 20.500000000 -15.062500000 4 -32.250000000 -52.937500000 20.500000000 -15.062500000 -32.250000000 -52.937500000 20.500000000 -15.062500000 0.855539047 -29.167409168 0
FGEOM -26.125000000000000 -13.000000000000000 33.625000000000000 22.875000000000000 -4.2500000000000000 39.375000000000000 46.875000000000000 -24.500000000000000 -4.2500000000000000 39.375000000000000 46.875000000000000 -24.500000000000000 1.1250000000000000 0.87500000000000000 1.7500000000000000 4 -0.16534698176788384 4 4 1 0 1 0.0000000000000000 12.500000000000000 29.250000000000000 30.750000000000000 -12.125000000000000 -7.7500000000000000 13.875000000000000 23.000000000000000 33.625000000000000 -4.0000000000000000 -27 -25 47 40 -44 72 -40 57 851.515625000 29.180740652 4857.078125000 69.692740834 81.699537656 -26 -13 -26 -13 -28 -12 -26 -13 7.500000000 9.875000000 -59.750000000 -35.875000000 3185.984375000 -26.187006667 -13.030854992 0.238039794 2.828854437 3.750000000 4.937500000 1 -34.447295178 -8.685166603 -26.125000000 -13.000000000 -26.125000000 -13.000000000 0 -27 -13 -26 -13 2 25.372719331 32.263815887 38.033019877 11.178019160 2 25.372719331 32.263815887 2 38.033019877 11.178019160 10.296398396 -0.341060432 0 33.625000000 22.875000000 -26.125000000 -13.000000000 -26.125000000 -13.000000000 33.625000000 22.875000000 2 16.963480012 12.871116660 -26.125000000 -11.687793583 33.625000000 24.187206417 -33.642537184 13.067815414 10.532087916 33.642537184 4 13.067815414 10.532087916 22.456461334 16.169203772 4 -26.125000000 -13.000000000 33.625000000 22.875000000 -25.160498544 -12.420895569 32.660498544 22.295895569 13.067815414 10.532087916 1 -26.125000000 -13.000000000 33.625000000 22.875000000
FGEOM -49.000000000000000 -14.062500000000000 8.7500000000000000 19.812500000000000 -27.125000000000000 36.312500000000000 22.000000000000000 -25.562500000000000 -45.500000000000000 -11.812500000000000 12.250000000000000 22.062500000000000 2.2500000000000000 1.2500000000000000 2.0000000000000000 5 0.0000000000000000 5 5 1 1 2 0.12500000000000000 13.500000000000000 30.250000000000000 31.750000000000000 -36.000000000000000 -9.8125000000000000 -10.000000000000000 20.937500000000000 9.7500000000000000 -6.0625000000000000 -49 -26 22 37 -64 48 -64 29 2598.753906250 50.977974717 4482.578125000 66.952058407 99.000493212 -49 -14 -49 -15 -50 -15 -49 -14 -40.250000000 5.750000000 -57.750000000 -33.875000000 2969.734375000 -29.076282615 -8.344596414 -21.613799432 2.001699900 -20.125000000 2.875000000 1 -49.000000000 -14.062500000 14.062500000 -49.000000000 23.250000000 14.437500000 0 -49 -15 -49 -14 2 -0.288117477 29.840582193 13.092187052 7.029878532 2 -0.288117477 29.840582193 2 13.092187052 7.029878532 -13.578601604 -2.403560432 0 8.750000000 19.812500000 -49.000000000 -14.062500000 -49.000000000 -14.062500000 8.750000000 19.812500000 -1 -49.000000000 -11.453978244 8.750000000 22.421021756 -32.383479710 -10.740285306 8.379886758 32.383479710 4 -45.414038726 -11.959046526 8.750000000 19.812500000 4 -45.414038726 -11.959046526 8.750000000 19.812500000 -47.059245629 -12.924092133 6.809245629 18.674092133 -10.740285306 8.379886758 2 -49.000000000 -14.062500000 -20.125000000 2.875000000 -20.125000000 2.875000000 8.750000000 19.812500000
FGEOM 20.125000000000000 -41.125000000000000 75.875000000000000 -0.25000000000000000 42.000000000000000 10.250000000000000 89.125000000000000 -49.625000000000000 75.875000000000000 -0.25000000000000000 20.125000000000000 -41.125000000000000 3.3750000000000000 1.6250000000000000 2.2500000000000000 6 0.16534698176788384 0 6 0 1 3 0.25000000000000000 14.500000000000000 31.250000000000000 32.750000000000000 32.125000000000000 -34.875000000000000 58.125000000000000 -4.1250000000000000 77.875000000000000 -31.125000000000000 20 -50 90 11 31 139 -21 76 2096.281250000 45.785164082 4778.828125000 69.129068596 129.094843102 20 -41 21 -41 20 -42 20 -41 96.000000000 -41.375000000 -55.750000000 -40.875000000 3319.484375000 13.736026999 -28.069272564 46.536646172 -21.760407403 48.000000000 -20.687500000 1 28.879393564 -44.024818625 -20.125000000 41.125000000 63.875000000 61.625000000 0 20 -42 21 -41 2 65.039303522 9.385231281 81.805126663 -13.481915877 2 65.039303522 9.385231281 2 81.805126663 -13.481915877 54.546398396 -27.466060432 0 75.875000000 -0.250000000 20.125000000 -41.125000000 20.125000000 -41.125000000 75.875000000 -0.250000000 -1 20.125000000 -36.940056385 75.875000000 3.934943615 -28.497644551 58.850237457 -12.732281057 28.497644551 4 75.875000000 -0.250000000 20.125000000 -41.125000000 -1 22.846810865 -39.129412213 73.153189135 -2.245587787 58.850237457 -12.732281057 3 20.125000000 -41.125000000 38.708333333 -27.500000000 38.708333333 -27.500000000 57.291666667 -13.875000000 57.291666667 -13.875000000 75.875000000 -0.250000000
FGEOM -64.750000000000000 23.812500000000000 -11.000000000000000 62.687500000000000 -42.875000000000000 73.187500000000000 2.2500000000000000 15.312500000000000 -86.500000000000000 52.562500000000000 15.500000000000000 52.562500000000000 4.5000000000000000 2.0000000000000000 2.5000000000000000 -6 0.33069396353576770 1 0 -1 1 4 0.37500000000000000 2.5000000000000000 1.2500000000000000 33.750000000000000 -53.750000000000000 29.062500000000000 -27.750000000000000 59.812500000000000 -8.0000000000000000 32.812500000000000 -65 15 3 74 -117 -13 -41 52 4759.597656250 68.989837340 4400.328125000 66.334969096 144.919495432 -65 24 -64 24 -65 23 -65 23 -75.750000000 86.500000000 -53.750000000 -38.875000000 3095.234375000 -1.173180038 0.431449416 -37.402998491 43.591377836 -37.875000000 43.250000000 1 -47.532715870 19.384972802 64.750000000 -23.812500000 -21.000000000 122.562500000 0 -65 23 -64 24 2 -12.540404953 64.656548649 -9.612282524 60.608019246 2 -12.540404953 64.656548649 2 -9.612282524 60.608019246 -31.328601604 36.471439568 0 -11.000000000 62.687500000 -64.750000000 23.812500000 -64.750000000 23.812500000 -11.000000000 62.687500000 2 -24.999196141 52.562500000 -64.750000000 29.366125320 -11.000000000 68.241125320 -27.188007315 -26.941717770 51.157559939 27.188007315 4 -64.750000000 23.812500000 -11.000000000 62.687500000 4 -64.750000000 23.812500000 -11.000000000 62.687500000 -61.103733132 26.449683711 -14.646266868 60.050316289 -26.941717770 51.157559939 4 -64.750000000 23.812500000 -51.312500000 33.531250000 -51.312500000 33.531250000 -37.875000000 43.250000000 -37.875000000 43.250000000 -24.437500000 52.968750000 -24.437500000 52.968750000 -11.000000000 62.687500000
FGEOM -25.625000000000000 -54.250000000000000 30.125000000000000 -17.375000000000000 -3.7500000000000000 -6.8750000000000000 39.375000000000000 -62.750000000000000 8.6250000000000000 -93.500000000000000 8.6250000000000000 18.500000000000000 5.6250000000000000 2.3750000000000000 2.7500000000000000 -5 0.49604094530365156 2 1 -1 0 5 0.0000000000000000 3.5000000000000000 2.2500000000000000 34.750000000000000 -15.625000000000000 -50.000000000000000 10.375000000000000 -19.250000000000000 30.125000000000000 -46.250000000000000 -26 -63 40 -6 3 103 -80 13 3599.703125000 59.997525991 4467.828125000 66.841814196 166.777224399 -26 -54 -26 -54 -26 -54 -26 -55 4.500000000 -71.625000000 -55.750000000 -36.875000000 2966.484375000 -0.960977124 -2.034458888 3.358541565 -35.079271835 2.250000000 -35.812500000 1 -0.440480563 -58.951418186 -54.250000000 25.625000000 -51.125000000 15.000000000 0 -26 -55 -25 -54 2 28.043927447 -14.560903870 31.900359136 -20.391305677 2 28.043927447 -14.560903870 2 31.900359136 -20.391305677 6.796398396 -42.591060432 0 30.125000000 -17.375000000 -25.625000000 -54.250000000 -25.625000000 -54.250000000 30.125000000 -17.375000000 2 8.625000000 -31.595852018 -25.625000000 -47.505870765 30.125000000 -10.630870765 -27.445628864 11.391084612 -29.766266905 27.445628864 4 -19.858948612 -50.436131929 30.125000000 -17.375000000 4 -25.625000000 -54.250000000 30.125000000 -17.375000000 -20.933419531 -51.146824578 25.433419531 -20.478175422 11.391084612 -29.766266905 5 -25.625000000 -54.250000000 -14.475000000 -46.875000000 -14.475000000 -46.875000000 -3.325000000 -39.500000000 -3.325000000 -39.500000000 7.825000000 -32.125000000 7.825000000 -32.125000000 18.975000000 -24.750000000 18.975000000 -24.750000000 30.125000000 -17.375000000
FGEOM -71.500000000000000 -51.312500000000000 -12.750000000000000 -13.437500000000000 -53.625000000000000 -2.9375000000000000 -3.5000000000000000 -56.812500000000000 -53.625000000000000 -2.9375000000000000 -3.5000000000000000 -56.812500000000000 6.7500000000000000 2.7500000000000000 0.75000000000000000 -4 0.66138792707153540 3 2 -1 -1 6 0.12500000000000000 100.00000000000000 3.2500000000000000 35.750000000000000 -57.500000000000000 -45.062500000000000 -31.500000000000000 -14.312500000000000 -11.750000000000000 -41.312500000000000 -72 -57 -3 -2 -51 54 -123 -26 7745.222656250 88.006946636 4886.078125000 69.900487302 164.040715816 -71 -51 -72 -51 -72 -52 -71 -52 -84.250000000 -64.750000000 -58.750000000 -37.875000000 2882.359375000 -2.640416568 -1.894914338 -41.452820344 -31.941658647 -42.125000000 -32.375000000 1 -38.018346629 -52.091224381 -71.500000000 -51.312500000 -71.500000000 -51.312500000 0 -72 -52 -71 -51 0 -1 -1 -35.078601604 -37.653560432 0 -12.750000000 -13.437500000 -71.500000000 -51.312500000 -71.500000000 -51.312500000 -12.750000000 -13.437500000 2 -32.193501156 -25.972352873 -71.500000000 -43.281380182 -12.750000000 -5.406380182 -30.972825921 -36.842630848 -28.969557760 30.972825921 4 -36.842630848 -28.969557760 -25.969027115 -21.959553651 4 -71.500000000 -51.312500000 -12.750000000 -13.437500000 -65.826756289 -47.655068416 -18.423243711 -17.094931584 -36.842630848 -28.969557760 6 -71.500000000 -51.312500000 -61.708333333 -45.000000000 -61.708333333 -45.000000000 -51.916666667 -38.687500000 -51.916666667 -38.687500000 -42.125000000 -32.375000000 -42.125000000 -32.375000000 -32.333333333 -26.062500000 -32.333333333 -26.062500000 -22.541666667 -19.750000000 -22.541666667 -19.750000000 -12.750000000 -13.437500000
FGEOM 2.7500000000000000 -16.375000000000000 59.500000000000000 19.500000000000000 20.625000000000000 30.000000000000000 68.750000000000000 -28.875000000000000 6.2500000000000000 -14.125000000000000 63.000000000000000 21.750000000000000 7.8750000000000000 0.50000000000000000 1.0000000000000000 -3 0.82673490883941920 4 3 0 -1 0 0.25000000000000000 5.5000000000000000 4.2500000000000000 36.750000000000000 15.750000000000000 -11.125000000000000 41.750000000000000 19.625000000000000 61.500000000000000 -7.3750000000000000 2 -29 69 30 -10 98 -14 79 275.703125000 16.604310434 4507.578125000 67.138499574 45.740094556 3 -16 2 -16 4 -15 3 -16 62.250000000 3.125000000 -56.750000000 -35.875000000 2678.109375000 0.703883491 -4.191306244 33.813585175 3.262112214 31.125000000 1.562500000 1 42.637788265 -14.559997787 16.375000000 2.750000000 67.000000000 12.125000000 0 2 -17 3 -16 2 56.190145621 23.892591944 62.048164863 14.625899485 2 56.190145621 23.892591944 2 62.048164863 14.625899485 38.171398396 -3.716060432 0 59.500000000 19.500000000 2.750000000 -16.375000000 2.750000000 -16.375000000 59.500000000 19.500000000 -1 2.750000000 -7.058424068 59.500000000 28.816575932 -29.647901541 36.467154271 4.939588713 29.647901541 4 6.266912491 -14.151753557 59.500000000 19.500000000 4 6.266912491 -14.151753557 59.500000000 19.500000000 9.406482537 -12.167047383 52.843517463 15.292047383 36.467154271 4.939588713 0
FGEOM -67.125000000000000 -10.750000000000000 -12.375000000000000 23.125000000000000 -49.250000000000000 33.625000000000000 -3.1250000000000000 -23.250000000000000 -12.375000000000000 23.125000000000000 -67.125000000000000 -10.750000000000000 9.0000000000000000 0.87500000000000000 1.2500000000000000 -2 -0.82673490883941920 5 4 1 -1 1 0.37500000000000000 6.5000000000000000 5.2500000000000000 0.75000000000000000 -55.125000000000000 -6.5000000000000000 -29.125000000000000 24.250000000000000 -9.3750000000000000 -2.7500000000000000 -68 -24 -3 34 -83 21 -78 11 4621.328125000 67.980351021 4145.078125000 64.382281142 63.937484726 -67 -11 -68 -11 -65 -12 -67 -10 -79.500000000 12.375000000 -54.750000000 -33.875000000 2481.859375000 -5.183942782 -0.830203127 -66.487208060 -10.355384439 -39.750000000 6.187500000 1 -94.004156629 16.721695162 67.125000000 10.750000000 -31.375000000 78.000000000 0 -68 -11 -67 -10 2 -16.335583602 28.279005969 -9.530529258 17.280431051 2 -16.335583602 28.279005969 2 -9.530529258 17.280431051 -32.703601604 0.908939568 0 -12.375000000 23.125000000 -67.125000000 -10.750000000 -67.125000000 -10.750000000 -12.375000000 23.125000000 -1 -67.125000000 -0.166611319 -12.375000000 33.708388681 -28.331018918 -34.343518763 9.532605971 28.331018918 4 -12.375000000 23.125000000 -67.125000000 -10.750000000 -1 -59.471496718 -6.014613266 -20.028503282 18.389613266 -34.343518763 9.532605971 1 -67.125000000 -10.750000000 -12.375000000 23.125000000
FGEOM -50.000000000000000 -2.8125000000000000 6.7500000000000000 38.062500000000000 -32.125000000000000 50.562500000000000 12.000000000000000 -12.312500000000000 -71.750000000000000 26.937500000000000 30.250000000000000 26.937500000000000 -9.0000000000000000 1.2500000000000000 1.5000000000000000 -1 -0.66138792707153540 0 5 1 0 2 0.0000000000000000 7.5000000000000000 6.2500000000000000 1.7500000000000000 -39.000000000000000 3.4375000000000000 -13.000000000000000 34.187500000000000 6.7500000000000000 7.1875000000000000 -50 -13 12 51 -83 25 -53 45 2507.910156250 50.079039091 4891.328125000 69.938030606 93.762207539 -50 -3 -50 -3 -50 -5 -50 -2 -43.250000000 35.250000000 -56.750000000 -40.875000000 3196.109375000 -6.240135707 -0.351007634 -48.579992900 -1.789719556 -21.625000000 17.625000000 1 -79.014490145 19.421177550 -2.812500000 50.000000000 -85.500000000 68.437500000 0 -50 -3 -50 -2 2 1.739310403 43.643090449 10.455445942 31.541789121 2 1.739310403 43.643090449 2 10.455445942 31.541789121 -16.578601604 10.846439568 0 6.750000000 38.062500000 -50.000000000 -2.812500000 -50.000000000 -2.812500000 6.750000000 38.062500000 2 -8.695718654 26.937500000 -50.000000000 -13.903993841 6.750000000 26.971006159 -32.863244863 -12.918209043 23.896190843 32.863244863 4 -50.000000000 -2.812500000 6.750000000 38.062500000 4 -50.000000000 -2.812500000 6.750000000 38.062500000 -42.697106344 2.447513712 -0.552893656 32.802486288 -12.918209043 23.896190843 2 -50.000000000 -2.812500000 -21.625000000 17.625000000 -21.625000000 17.625000000 6.750000000 38.062500000
FGEOM -72.875000000000000 -50.875000000000000 -18.125000000000000 -12.000000000000000 -55.000000000000000 0.50000000000000000 -12.875000000000000 -60.375000000000000 -38.625000000000000 -89.125000000000000 -38.625000000000000 22.875000000000000 -7.8750000000000000 1.6250000000000000 1.7500000000000000 0 -0.49604094530365156 1 6 1 1 3 0.12500000000000000 8.5000000000000000 7.2500000000000000 2.7500000000000000 -62.875000000000000 -45.625000000000000 -36.875000000000000 -14.875000000000000 -17.125000000000000 -41.875000000000000 -73 -61 -12 1 -56 48 -124 -30 7899.031250000 88.876494362 4508.828125000 67.147808043 111.998613621 -73 -51 -72 -51 -73 -48 -73 -50 -91.000000000 -62.875000000 -54.750000000 -38.875000000 2975.859375000 -5.944696107 -4.150070867 -70.632745124 -49.282896652 -45.500000000 -31.437500000 1 -95.172390620 -36.175404318 -72.875000000 -50.875000000 -72.875000000 -50.875000000 0 -73 -51 -72 -50 2 -23.883780300 -5.748084337 -14.120860769 -19.497790943 2 -23.883780300 -5.748084337 2 -14.120860769 -19.497790943 -40.453601604 -38.216060432 0 -18.125000000 -12.000000000 -72.875000000 -50.875000000 -72.875000000 -50.875000000 -18.125000000 -12.000000000 2 -38.625000000 -26.555936073 -72.875000000 -60.533246362 -18.125000000 -21.658246362 -31.540726149 -36.739601563 -25.217217091 31.540726149 4 -68.160919983 -47.527787933 -18.125000000 -12.000000000 4 -72.875000000 -50.875000000 -18.125000000 -12.000000000 -66.453997400 -46.315794958 -24.546002600 -16.559205042 -36.739601563 -25.217217091 3 -72.875000000 -50.875000000 -54.625000000 -37.916666667 -54.625000000 -37.916666667 -36.375000000 -24.958333333 -36.375000000 -24.958333333 -18.125000000 -12.000000000
FGEOM -39.750000000000000 -60.937500000000000 18.000000000000000 -24.062500000000000 -16.875000000000000 -11.562500000000000 33.250000000000000 -70.437500000000000 -16.875000000000000 -11.562500000000000 33.250000000000000 -70.437500000000000 -6.7500000000000000 2.0000000000000000 2.0000000000000000 1 -0.33069396353576770 2 0 0 1 4 0.25000000000000000 9.5000000000000000 8.2500000000000000 3.7500000000000000 -25.750000000000000 -56.687500000000000 0.25000000000000000 -25.937500000000000 20.000000000000000 -52.937500000000000 -40 -71 34 -11 -6 104 -101 -6 5293.441406250 72.756040342 4694.828125000 68.518815846 137.037631693 -40 -61 -39 -61 -40 -60 -40 -61 -21.750000000 -85.000000000 -57.750000000 -36.875000000 3141.734375000 -4.507357718 -6.909864427 -36.589371823 -58.919349974 -10.875000000 -42.500000000 1 -54.542605696 -50.834725951 60.937500000 -39.750000000 32.500000000 -34.437500000 0 -40 -61 -39 -60 2 11.826588175 -16.841766904 21.953122877 -32.700950065 2 11.826588175 -16.841766904 2 21.953122877 -32.700950065 -3.328601604 -49.278560432 0 18.000000000 -24.062500000 -39.750000000 -60.937500000 -39.750000000 -60.937500000 18.000000000 -24.062500000 2 2.301453273 -34.086463819 -39.750000000 -68.946192761 18.000000000 -32.071192761 -29.304222500 -1.104248691 -36.261100355 29.304222500 4 -1.104248691 -36.261100355 7.797856850 -30.576855474 4 -39.750000000 -60.937500000 18.000000000 -24.062500000 -34.060869282 -57.304829953 12.310869282 -27.695170047 -1.104248691 -36.261100355 4 -39.750000000 -60.937500000 -25.312500000 -51.718750000 -25.312500000 -51.718750000 -10.875000000 -42.500000000 -10.875000000 -42.500000000 3.562500000 -33.281250000 3.562500000 -33.281250000 18.000000000 -24.062500000
FGEOM -79.625000000000000 11.000000000000000 -23.875000000000000 48.875000000000000 -56.750000000000000 61.375000000000000 -8.6250000000000000 4.5000000000000000 -76.125000000000000 13.250000000000000 -20.375000000000000 51.125000000000000 -5.6250000000000000 2.3750000000000000 2.2500000000000000 2 -0.16534698176788384 3 1 -1 1 5 0.37500000000000000 10.500000000000000 9.2500000000000000 4.7500000000000000 -66.625000000000000 17.250000000000000 -40.625000000000000 48.000000000000000 -20.875000000000000 21.000000000000000 -80 4 -8 62 -119 -13 -69 25 6461.140625000 80.381220599 4542.578125000 67.398650765 157.459996160 -80 11 -79 11 -81 11 -80 11 -103.500000000 59.875000000 -55.750000000 -37.875000000 3183.234375000 -9.162976682 1.265842932 -75.695952504 13.669285630 -51.750000000 29.937500000 1 -87.604467301 15.452150594 79.625000000 -11.000000000 -33.875000000 111.750000000 0 -80 11 -79 11 2 -31.056554862 56.534978444 -19.399590120 39.376541893 2 -31.056554862 56.534978444 2 -19.399590120 39.376541893 -44.203601604 24.658939568 0 -23.875000000 48.875000000 -79.625000000 11.000000000 -79.625000000 11.000000000 -23.875000000 48.875000000 -1 -79.625000000 4.199687703 -23.875000000 42.074687703 -28.813865010 -40.557908247 37.541095967 28.813865010 4 -76.184406656 13.337443460 -23.875000000 48.875000000 4 -76.184406656 13.337443460 -23.875000000 48.875000000 -74.972180597 14.160996141 -28.527819403 45.714003859 -40.557908247 37.541095967 5 -79.625000000 11.000000000 -68.475000000 18.575000000 -68.475000000 18.575000000 -57.325000000 26.150000000 -57.325000000 26.150000000 -46.175000000 33.725000000 -46.175000000 33.725000000 -35.025000000 41.300000000 -35.025000000 41.300000000 -23.875000000 48.875000000
FGEOM -12.500000000000000 31.937500000000000 45.250000000000000 67.812500000000000 10.375000000000000 80.312500000000000 56.500000000000000 25.437500000000000 45.250000000000000 67.812500000000000 -12.500000000000000 31.937500000000000 -4.5000000000000000 2.7500000000000000 2.5000000000000000 3 0.0000000000000000 4 2 -1 0 6 0.0000000000000000 11.500000000000000 10.250000000000000 5.7500000000000000 -0.50000000000000000 37.187500000000000 25.500000000000000 67.937500000000000 45.250000000000000 40.937500000000000 -13 25 57 81 -70 32 19 114 1176.253906250 34.296558227 4622.078125000 67.985867098 182.387658060 -12 32 -12 32 -12 32 -12 31 32.750000000 99.750000000 -57.750000000 -35.875000000 3056.484375000 -3.735797602 9.544962874 -7.615712807 34.971678408 16.375000000 49.875000000 1 -12.500000000 31.937500000 31.937500000 12.500000000 -38.000000000 103.187500000 0 -13 31 -12 32 2 37.616707446 76.413828083 49.578529071 57.158212784 2 37.616707446 76.413828083 2 49.578529071 57.158212784 21.921398396 44.596439568 0 45.250000000 67.812500000 -12.500000000 31.937500000 -12.500000000 31.937500000 45.250000000 67.812500000 -1 -12.500000000 26.639899966 45.250000000 62.514899966 -29.020967287 25.688876926 55.660893242 29.020967287 4 45.250000000 67.812500000 -12.500000000 31.937500000 -1 -8.677514370 34.312074406 41.427514370 65.437925594 25.688876926 55.660893242 6 -12.500000000 31.937500000 -2.875000000 37.916666667 -2.875000000 37.916666667 6.750000000 43.895833333 6.750000000 43.895833333 16.375000000 49.875000000 16.375000000 49.875000000 26.000000000 55.854166667 26.000000000 55.854166667 35.625000000 61.833333333 35.625000000 61.833333333 45.250000000 67.812500000
FGEOM -13.250000000000000 -61.125000000000000 42.500000000000000 -27.250000000000000 9.6250000000000000 -14.750000000000000 53.750000000000000 -74.625000000000000 -35.000000000000000 -33.375000000000000 67.000000000000000 -33.375000000000000 -3.3750000000000000 0.50000000000000000 2.7500000000000000 4 0.16534698176788384 5 3 -1 -1 0 0.12500000000000000 12.500000000000000 11.250000000000000 6.7500000000000000 -2.2500000000000000 -56.875000000000000 23.750000000000000 -26.125000000000000 43.500000000000000 -53.125000000000000 -14 -75 54 -14 24 129 -75 16 3911.828125000 62.544609080 4255.578125000 65.234792289 97.237351563 -13 -61 -14 -61 -15 -60 -13 -62 29.250000000 -88.375000000 -55.750000000 -33.875000000 2846.234375000 -2.383298932 -10.994652619 -7.481414146 -57.619872721 14.625000000 -44.187500000 1 -5.304940691 -64.257606698 -13.250000000 -61.125000000 -13.250000000 -61.125000000 0 -14 -62 -13 -61 2 34.082355205 -18.009152847 46.823753322 -38.978391075 2 34.082355205 -18.009152847 2 46.823753322 -38.978391075 20.171398396 -49.466060432 0 42.500000000 -27.250000000 -13.250000000 -61.125000000 -13.250000000 -61.125000000 42.500000000 -27.250000000 2 32.419741697 -33.375000000 -13.250000000 -65.074191461 42.500000000 -31.199191461 -27.753834441 24.036958844 -38.468574334 27.753834441 4 -13.250000000 -61.125000000 42.500000000 -27.250000000 4 -13.250000000 -61.125000000 42.500000000 -27.250000000 -10.365707073 -59.372436360 39.615707073 -29.002563640 24.036958844 -38.468574334 0
FGEOM 19.875000000000000 -51.187500000000000 73.625000000000000 -10.312500000000000 33.750000000000000 -3.8125000000000000 84.875000000000000 -61.687500000000000 54.125000000000000 -88.437500000000000 54.125000000000000 23.562500000000000 -2.2500000000000000 0.87500000000000000 0.75000000000000000 5 0.33069396353576770 0 4 0 -1 1 0.25000000000000000 100.00000000000000 12.250000000000000 7.7500000000000000 29.875000000000000 -44.937500000000000 55.875000000000000 -14.187500000000000 75.625000000000000 -41.187500000000000 19 -62 85 -3 37 147 -32 64 3015.175781250 54.910616289 4559.828125000 67.526499428 56.140396691 20 -51 19 -51 19 -52 20 -51 93.500000000 -61.500000000 -53.750000000 -40.875000000 2682.234375000 4.433910352 -11.419410624 26.043874494 -46.496286141 46.750000000 -30.750000000 1 36.009423125 -53.125796961 51.187500000 19.875000000 81.125000000 -17.687500000 0 19 -52 20 -51 0 -1 -1 52.296398396 -37.528560432 0 73.625000000 -10.312500000 19.875000000 -51.187500000 19.875000000 -51.187500000 73.625000000 -10.312500000 2 54.125000000 -25.141569767 19.875000000 -54.014190674 73.625000000 -13.139190674 -29.310946692 51.492441207 -27.143538896 29.310946692 4 23.627548582 -48.333817707 73.625000000 -10.312500000 4 19.875000000 -51.187500000 73.625000000 -10.312500000 21.665963563 -49.825534686 71.834036437 -11.674465314 51.492441207 -27.143538896 1 19.875000000 -51.187500000 73.625000000 -10.312500000
FGEOM -13.000000000000000 -36.250000000000000 43.750000000000000 2.6250000000000000 5.8750000000000000 9.1250000000000000 55.000000000000000 -46.750000000000000 5.8750000000000000 9.1250000000000000 55.000000000000000 -46.750000000000000 -1.1250000000000000 1.2500000000000000 1.0000000000000000 6 0.49604094530365156 1 5 1 -1 2 0.37500000000000000 14.500000000000000 13.250000000000000 8.7500000000000000 1.0000000000000000 -31.000000000000000 27.000000000000000 -0.25000000000000000 46.750000000000000 -27.250000000000000 -13 -47 55 10 -4 102 -50 47 1483.062500000 38.510550502 4731.828125000 68.788284795 80.891251265 -13 -36 -13 -37 -13 -35 -13 -36 30.750000000 -33.625000000 -56.750000000 -38.875000000 2835.109375000 -4.472800252 -12.472231473 -5.781292607 -31.305026433 15.375000000 -16.812500000 1 10.871045905 -39.764628505 13.000000000 36.250000000 24.750000000 54.500000000 0 -13 -37 -13 -36 2 33.218014300 12.591307100 49.238823868 -10.795984038 2 33.218014300 12.591307100 2 49.238823868 -10.795984038 23.421398396 -23.591060432 0 43.750000000 2.625000000 -13.000000000 -36.250000000 -13.000000000 -36.250000000 43.750000000 2.625000000 2 23.678300903 -11.124555989 -13.000000000 -37.613644412 43.750000000 1.261355588 -26.767139644 21.002176914 -12.957759868 26.767139644 4 21.002176914 -12.957759868 28.386458722 -7.899364179 4 -13.000000000 -36.250000000 43.750000000 2.625000000 -12.071880478 -35.614217684 42.821880478 1.989217684 21.002176914 -12.957759868 2 -13.000000000 -36.250000000 15.375000000 -16.812500000 15.375000000 -16.812500000 43.750000000 2.625000000
FGEOM -50.875000000000000 22.687500000000000 7.8750000000000000 59.562500000000000 -32.000000000000000 74.062500000000000 15.125000000000000 12.187500000000000 -47.375000000000000 24.937500000000000 11.375000000000000 61.812500000000000 0.0000000000000000 1.6250000000000000 1.2500000000000000 -6 0.66138792707153540 2 6 1 0 3 0.0000000000000000 2.5000000000000000 14.250000000000000 9.7500000000000000 -37.875000000000000 26.937500000000000 -11.875000000000000 57.687500000000000 7.8750000000000000 30.687500000000000 -51 12 16 75 -107 3 -29 68 3102.988281250 55.704472722 4811.328125000 69.363737825 106.013753898 -51 23 -51 22 -50 24 -51 23 -43.000000000 82.250000000 -58.750000000 -36.875000000 3003.359375000 -13.014551877 5.803786648 -42.616902643 27.870773873 -21.500000000 41.125000000 1 -15.339849000 21.927141378 50.875000000 -22.687500000 -13.125000000 125.437500000 0 -51 22 -50 23 2 6.470501639 61.630683830 9.126863791 57.398513621 2 6.470501639 61.630683830 2 9.126863791 57.398513621 -15.453601604 34.346439568 0 7.875000000 59.562500000 -50.875000000 22.687500000 -50.875000000 22.687500000 7.875000000 59.562500000 -1 -50.875000000 22.687500000 7.875000000 59.562500000 -33.479534088 -14.201682634 45.705858772 33.479534088 4 -47.351049363 24.899341357 7.875000000 59.562500000 4 -47.351049363 24.899341357 7.875000000 59.562500000 -50.875000000 22.687500000 7.875000000 59.562500000 -14.201682634 45.705858772 3 -50.875000000 22.687500000 -31.291666667 34.979166667 -31.291666667 34.979166667 -11.708333333 47.270833333 -11.708333333 47.270833333 7.875000000 59.562500000
FGEOM -29.750000000000000 10.625000000000000 27.000000000000000 48.500000000000000 -10.875000000000000 63.000000000000000 34.250000000000000 3.1250000000000000 27.000000000000000 48.500000000000000 -29.750000000000000 10.625000000000000 1.1250000000000000 2.0000000000000000 1.5000000000000000 -5 0.82673490883941920 3 0 1 1 4 0.12500000000000000 3.5000000000000000 15.250000000000000 10.750000000000000 -17.750000000000000 16.875000000000000 8.2500000000000000 47.625000000000000 28.000000000000000 20.625000000000000 -30 3 35 63 -74 32 -20 76 997.953125000 31.590396088 4655.078125000 68.228132944 126.924820883 -30 11 -29 10 -30 10 -30 11 -2.750000000 59.125000000 -56.750000000 -37.875000000 3054.859375000 -14.361564152 5.129130054 -20.808490484 16.592571329 -1.375000000 29.562500000 1 14.874850157 13.640588872 10.625000000 29.750000000 -63.250000000 81.875000000 0 -30 10 -29 11 2 24.910288329 51.307686794 28.791032473 45.492974446 2 24.910288329 51.307686794 2 28.791032473 45.492974446 4.671398396 24.283939568 0 27.000000000 48.500000000 -29.750000000 10.625000000 -29.750000000 10.625000000 27.000000000 48.500000000 -1 -29.750000000 11.977540080 27.000000000 49.852540080 -33.085921124 7.491752958 35.480178736 33.085921124 4 27.000000000 48.500000000 -29.750000000 10.625000000 -1 -28.814260632 11.249513279 26.064260632 47.875486721 7.491752958 35.480178736 4 -29.750000000 10.625000000 -15.562500000 20.093750000 -15.562500000 20.093750000 -1.375000000 29.562500000 -1.375000000 29.562500000 12.812500000 39.031250000 12.812500000 39.031250000 27.000000000 48.500000000
FGEOM -38.625000000000000 -4.7500000000000000 16.125000000000000 31.125000000000000 -19.750000000000000 45.625000000000000 23.375000000000000 -12.250000000000000 -60.375000000000000 24.000000000000000 41.625000000000000 24.000000000000000 2.2500000000000000 2.3750000000000000 1.7500000000000000 -4 -0.82673490883941920 4 1 0 1 5 0.25000000000000000 4.5000000000000000 16.250000000000000 11.750000000000000 -27.625000000000000 0.50000000000000000 -1.6250000000000000 31.250000000000000 18.125000000000000 4.2500000000000000 -39 -13 24 46 -66 36 -44 48 1514.453125000 38.915975190 4284.578125000 65.456688925 144.393944915 -39 -5 -38 -5 -40 -5 -39 -5 -22.500000000 26.375000000 -54.750000000 -35.875000000 2840.609375000 -16.128498565 -1.983439953 -28.796936427 1.689849875 -11.250000000 13.187500000 1 -69.595781665 25.393729643 -38.625000000 -4.750000000 -38.625000000 -4.750000000 0 -39 -5 -38 -4 2 13.405747309 34.710479717 18.326727993 27.200411634 2 13.405747309 34.710479717 2 18.326727993 27.200411634 -5.203601604 7.908939568 0 16.125000000 31.125000000 -38.625000000 -4.750000000 -38.625000000 -4.750000000 16.125000000 31.125000000 2 5.251306620 24.000000000 -38.625000000 -2.059999085 16.125000000 33.815000915 -31.790343496 -2.326592375 19.034573033 31.790343496 4 -38.625000000 -4.750000000 16.125000000 31.125000000 4 -38.625000000 -4.750000000 16.125000000 31.125000000 -36.743030380 -3.516837258 14.243030380 29.891837258 -2.326592375 19.034573033 5 -38.625000000 -4.750000000 -27.675000000 2.425000000 -27.675000000 2.425000000 -16.725000000 9.600000000 -16.725000000 9.600000000 -5.775000000 16.775000000 -5.775000000 16.775000000 5.175000000 23.950000000 5.175000000 23.950000000 16.125000000 31.125000000
FGEOM -29.500000000000000 34.187500000000000 23.250000000000000 68.062500000000000 -10.625000000000000 82.562500000000000 30.500000000000000 26.687500000000000 4.7500000000000000 -5.0625000000000000 4.7500000000000000 106.93750000000000 3.3750000000000000 2.7500000000000000 2.0000000000000000 -3 -0.66138792707153540 5 2 -1 1 6 0.37500000000000000 5.5000000000000000 17.250000000000000 12.750000000000000 -19.500000000000000 38.437500000000000 6.5000000000000000 69.187500000000000 26.250000000000000 42.187500000000000 -30 26 31 83 -94 4 4 92 2039.035156250 45.155676899 3930.078125000 62.690335180 160.103689546 -29 34 -29 35 -30 34 -30 34 -6.250000000 102.250000000 -52.750000000 -33.875000000 2634.359375000 -11.269347177 13.060027343 -18.771671653 41.077018915 -3.125000000 51.125000000 1 -55.232567091 55.981092810 -34.187500000 -29.500000000 37.750000000 63.687500000 0 -30 34 -29 35 2 19.883491094 72.411823831 25.804470341 63.191701166 2 19.883491094 72.411823831 2 25.804470341 63.191701166 2.921398396 45.846439568 0 23.250000000 68.062500000 -29.500000000 34.187500000 -29.500000000 34.187500000 23.250000000 68.062500000 2 4.750000000 56.182168246 -29.500000000 38.198493009 23.250000000 72.073493009 -30.505350139 5.858700924 56.894153911 30.505350139 4 -23.096388033 38.299772140 23.250000000 68.062500000 4 -29.500000000 34.187500000 23.250000000 68.062500000 -26.660148379 36.011196183 20.410148379 66.238803817 5.858700924 56.894153911 6 -29.500000000 34.187500000 -20.708333333 39.833333333 -20.708333333 39.833333333 -11.916666667 45.479166667 -11.916666667 45.479166667 -3.125000000 51.125000000 -3.125000000 51.125000000 5.666666667 56.770833333 5.666666667 56.770833333 14.458333333 62.416666667 14.458333333 62.416666667 23.250000000 68.062500000
FGEOM -38.250000000000000 -21.875000000000000 21.500000000000000 19.000000000000000 -14.375000000000000 27.500000000000000 34.750000000000000 -33.375000000000000 -14.375000000000000 27.500000000000000 34.750000000000000 -33.375000000000000 4.5000000000000000 0.50000000000000000 2.2500000000000000 -2 -0.49604094530365156 0 3 -1 0 0 0.0000000000000000 6.5000000000000000 18.250000000000000 13.750000000000000 -24.250000000000000 -15.625000000000000 1.7500000000000000 15.125000000000000 21.500000000000000 -11.875000000000000 -39 -34 35 28 -42 69 -61 41 1941.578125000 44.063342191 5240.828125000 72.393564113 96.699361950 -38 -22 -38 -21 -38 -21 -38 -22 -16.750000000 -2.875000000 -59.750000000 -40.875000000 3444.734375000 -15.842250390 -9.060110517 -26.901442845 -14.111447302 -8.375000000 -1.437500000 1 -58.872338341 -4.560772457 38.250000000 21.875000000 9.500000000 76.875000000 0 -39 -22 -38 -21 2 17.363093485 24.013582001 24.673533003 13.327373776 2 17.363093485 24.013582001 2 24.673533003 13.327373776 -1.828601604 -8.216060432 0 21.500000000 19.000000000 -38.250000000 -21.875000000 -38.250000000 -21.875000000 21.500000000 19.000000000 2 2.805023983 6.210759085 -38.250000000 -16.422765046 21.500000000 24.452234954 -27.271286463 1.022968698 4.991654319 27.271286463 4 1.022968698 4.991654319 6.118623160 8.477593668 4 -38.250000000 -21.875000000 21.500000000 19.000000000 -34.535926749 -19.334200935 17.785926749 16.459200935 1.022968698 4.991654319 0
FGEOM 12.875000000000000 8.0625000000000000 70.625000000000000 46.937500000000000 36.750000000000000 55.437500000000000 83.875000000000000 -3.4375000000000000 16.375000000000000 10.312500000000000 74.125000000000000 49.187500000000000 5.6250000000000000 0.87500000000000000 2.5000000000000000 -1 -0.33069396353576770 1 4 -1 -1 1 0.12500000000000000 7.5000000000000000 19.250000000000000 14.750000000000000 25.875000000000000 13.312500000000000 51.875000000000000 44.062500000000000 71.625000000000000 17.062500000000000 12 -4 84 56 -19 88 20 118 230.769531250 15.191100396 4846.328125000 69.615573868 109.539113484 13 8 12 9 13 8 13 8 83.500000000 55.000000000 -57.750000000 -38.875000000 3220.484375000 16.315062341 10.216713796 25.110947399 16.299252470 41.750000000 27.500000000 1 -1.214023999 18.381608002 8.062500000 -12.875000000 -10.625000000 79.312500000 0 12 8 13 9 2 65.790908846 52.671744738 74.118514365 40.300832359 2 65.790908846 52.671744738 2 74.118514365 40.300832359 48.296398396 20.721439568 0 70.625000000 46.937500000 12.875000000 8.062500000 12.875000000 8.062500000 70.625000000 46.937500000 -1 12.875000000 14.843237714 70.625000000 53.718237714 -25.967833411 51.251058711 33.895734327 25.967833411 4 16.325868086 10.385486959 70.625000000 46.937500000 4 16.325868086 10.385486959 70.625000000 46.937500000 17.541251127 11.203634416 65.958748873 43.796365584 51.251058711 33.895734327 1 12.875000000 8.062500000 70.625000000 46.937500000
FGEOM -78.000000000000000 -42.000000000000000 -22.250000000000000 -5.1250000000000000 -54.125000000000000 3.3750000000000000 -9.0000000000000000 -53.500000000000000 -22.250000000000000 -5.1250000000000000 -78.000000000000000 -42.000000000000000 6.7500000000000000 1.2500000000000000 2.7500000000000000 0 -0.16534698176788384 2 5 0 -1 2 0.25000000000000000 8.5000000000000000 20.250000000000000 15.750000000000000 -66.000000000000000 -37.750000000000000 -40.000000000000000 -7.0000000000000000 -20.250000000000000 -34.000000000000000 -78 -54 -9 4 -58 45 -120 -27 7848.000000000 88.588938361 4467.828125000 66.841814196 123.042981089 -78 -42 -78 -42 -78 -40 -78 -42 -100.250000000 -47.125000000 -55.750000000 -36.875000000 3004.234375000 -17.829539773 -9.600521416 -64.863574687 -33.311108817 -50.125000000 -23.562500000 1 -85.142855653 -37.451448299 -78.000000000 -42.000000000 -78.000000000 -42.000000000 0 -78 -42 -78 -42 2 -27.802715683 1.310631169 -18.500369569 -12.753254822 2 -27.802715683 1.310631169 2 -18.500369569 -12.753254822 -43.578601604 -30.341060432 0 -22.250000000 -5.125000000 -78.000000000 -42.000000000 -78.000000000 -42.000000000 -22.250000000 -5.125000000 -1 -78.000000000 -33.907044918 -22.250000000 2.967955082 -24.674160102 -40.512867165 -17.204699134 24.674160102 4 -22.250000000 -5.125000000 -78.000000000 -42.000000000 -1 -72.370103437 -38.276189493 -27.879896563 -8.848810507 -40.512867165 -17.204699134 2 -78.000000000 -42.000000000 -50.125000000 -23.562500000 -50.125000000 -23.562500000 -22.250000000 -5.125000000
FGEOM 2.1250000000000000 -22.062500000000000 55.875000000000000 15.812500000000000 17.000000000000000 24.312500000000000 69.125000000000000 -30.562500000000000 -19.625000000000000 7.6875000000000000 82.375000000000000 7.6875000000000000 7.8750000000000000 1.6250000000000000 0.75000000000000000 1 0.0000000000000000 3 6 1 -1 3 0.37500000000000000 100.00000000000000 21.250000000000000 16.750000000000000 13.125000000000000 -15.812500000000000 39.125000000000000 14.937500000000000 58.875000000000000 -12.062500000000000 2 -31 70 25 -8 100 -20 72 491.269531250 22.164600859 4323.578125000 65.753920986 91.846860061 2 -22 2 -23 3 -24 3 -22 58.000000000 -6.250000000 -53.750000000 -37.875000000 2555.984375000 2.037313926 -21.152112234 15.817149251 -12.414311109 29.000000000 -3.125000000 1 2.125000000 -22.062500000 22.062500000 2.125000000 63.375000000 9.437500000 0 2 -23 3 -22 0 -1 -1 35.546398396 -8.403560432 0 55.875000000 15.812500000 2.125000000 -22.062500000 2.125000000 -22.062500000 55.875000000 15.812500000 2 44.344471947 7.687500000 2.125000000 -12.428785995 55.875000000 25.446214005 -29.340693240 33.900570184 0.328192478 29.340693240 4 2.125000000 -22.062500000 55.875000000 15.812500000 4 2.125000000 -22.062500000 55.875000000 15.812500000 8.562353753 -17.526411193 49.437646247 11.276411193 33.900570184 0.328192478 3 2.125000000 -22.062500000 20.041666667 -9.437500000 20.041666667 -9.437500000 37.958333333 3.187500000 37.958333333 3.187500000 55.875000000 15.812500000
FGEOM 13.250000000000000 -56.125000000000000 69.000000000000000 -20.250000000000000 28.125000000000000 -3.7500000000000000 78.250000000000000 -64.625000000000000 47.500000000000000 -94.375000000000000 47.500000000000000 17.625000000000000 9.0000000000000000 2.0000000000000000 1.0000000000000000 2 0.16534698176788384 4 0 1 0 4 0.0000000000000000 10.500000000000000 22.250000000000000 17.750000000000000 23.250000000000000 -50.875000000000000 49.250000000000000 -20.125000000000000 69.000000000000000 -47.125000000000000 13 -65 79 -3 31 143 -43 49 3325.578125000 57.667825735 4395.078125000 66.295385397 117.129268866 13 -56 13 -57 12 -56 13 -56 82.250000000 -76.375000000 -55.750000000 -35.875000000 2708.234375000 5.112252738 -21.654730937 28.176566820 -46.519787719 41.125000000 -38.187500000 1 22.073517278 -57.859017796 -13.250000000 56.125000000 43.000000000 48.625000000 0 13 -57 14 -56 2 61.991279684 -12.431570520 73.211756382 -29.868269500 2 61.991279684 -12.431570520 2 73.211756382 -29.868269500 45.671398396 -43.466060432 0 69.000000000 -20.250000000 13.250000000 -56.125000000 13.250000000 -56.125000000 69.000000000 -20.250000000 2 47.500000000 -34.085201794 13.250000000 -45.422605945 69.000000000 -9.547605945 -35.994445325 47.602988073 -34.018929200 35.994445325 4 20.064428427 -51.739930586 69.000000000 -20.250000000 4 13.250000000 -56.125000000 69.000000000 -20.250000000 20.818400078 -51.254751519 61.431599922 -25.120248481 47.602988073 -34.018929200 4 13.250000000 -56.125000000 27.187500000 -47.156250000 27.187500000 -47.156250000 41.125000000 -38.187500000 41.125000000 -38.187500000 55.062500000 -29.218750000 55.062500000 -29.218750000 69.000000000 -20.250000000
FGEOM -65.625000000000000 -30.187500000000000 -6.8750000000000000 3.6875000000000000 -45.750000000000000 20.187500000000000 2.3750000000000000 -38.687500000000000 -45.750000000000000 20.187500000000000 2.3750000000000000 -38.687500000000000 -9.0000000000000000 2.3750000000000000 1.2500000000000000 3 0.33069396353576770 5 1 1 1 5 0.12500000000000000 11.500000000000000 23.250000000000000 18.750000000000000 -51.625000000000000 -25.937500000000000 -25.625000000000000 4.8125000000000000 -5.8750000000000000 -22.187500000000000 -66 -39 3 21 -66 42 -96 -3 5217.925781250 72.235211506 4599.078125000 67.816503338 145.814823974 -66 -30 -65 -31 -65 -30 -66 -30 -72.500000000 -26.500000000 -58.750000000 -33.875000000 2874.109375000 -21.122403025 -9.716305391 -49.381719297 -20.821693467 -36.250000000 -13.250000000 1 -48.191381918 -33.911445501 -30.187500000 65.625000000 -96.125000000 40.062500000 0 -66 -31 -65 -30 2 -14.225568222 12.531658909 -2.903233916 -7.104861844 2 -14.225568222 12.531658909 2 -2.903233916 -7.104861844 -29.203601604 -18.528560432 0 -6.875000000 3.687500000 -65.625000000 -30.187500000 -65.625000000 -30.187500000 -6.875000000 3.687500000 2 -24.130135015 -6.261737423 -65.625000000 -40.576411150 -6.875000000 -6.701411150 -33.712525897 -28.910266918 -9.017941138 33.712525897 4 -28.910266918 -9.017941138 -18.269874482 -2.882736138 4 -65.625000000 -30.187500000 -6.875000000 3.687500000 -57.828225263 -25.691912864 -14.671774737 -0.808087136 -28.910266918 -9.017941138 5 -65.625000000 -30.187500000 -53.875000000 -23.412500000 -53.875000000 -23.412500000 -42.125000000 -16.637500000 -42.125000000 -16.637500000 -30.375000000 -9.862500000 -30.375000000 -9.862500000 -18.625000000 -3.087500000 -18.625000000 -3.087500000 -6.875000000 3.687500000
FGEOM -57.500000000000000 -61.250000000000000 -0.75000000000000000 -20.375000000000000 -37.625000000000000 -9.8750000000000000 8.5000000000000000 -66.750000000000000 -54.000000000000000 -59.000000000000000 2.7500000000000000 -18.125000000000000 -7.8750000000000000 2.7500000000000000 1.5000000000000000 4 0.49604094530365156 0 2 0 1 6 0.25000000000000000 12.500000000000000 24.250000000000000 19.750000000000000 -44.500000000000000 -55.000000000000000 -18.500000000000000 -24.250000000000000 1.2500000000000000 -51.250000000000000 -58 -67 9 -9 -28 76 -119 -21 7057.812500000 84.010787998 4891.328125000 69.938030606 167.674466042 -57 -61 -57 -61 -57 -62 -58 -61 -58.250000000 -81.625000000 -56.750000000 -40.875000000 3227.859375000 -16.597570779 -17.680021047 -41.474205589 -49.707192131 -29.125000000 -40.812500000 1 -30.652743488 -64.517418405 -57.500000000 -61.250000000 -57.500000000 -61.250000000 0 -58 -62 -57 -61 2 -9.750780268 -11.701133817 4.625103449 -31.660311822 2 -9.750780268 -11.701133817 2 4.625103449 -31.660311822 -22.078601604 -47.591060432 0 -0.750000000 -20.375000000 -57.500000000 -61.250000000 -57.500000000 -61.250000000 -0.750000000 -20.375000000 -1 -57.500000000 -70.955057110 -0.750000000 -30.080057110 -30.071487670 -20.049840279 -34.275986280 30.071487670 4 -54.128483125 -58.821616700 -0.750000000 -20.375000000 4 -54.128483125 -58.821616700 -0.750000000 -20.375000000 -51.109968051 -56.647488002 -7.140031949 -24.977511998 -20.049840279 -34.275986280 6 -57.500000000 -61.250000000 -48.041666667 -54.437500000 -48.041666667 -54.437500000 -38.583333333 -47.625000000 -38.583333333 -47.625000000 -29.125000000 -40.812500000 -29.125000000 -40.812500000 -19.666666667 -34.000000000 -19.666666667 -34.000000000 -10.208333333 -27.187500000 -10.208333333 -27.187500000 -0.750000000 -20.375000000
FGEOM -7.2500000000000000 32.687500000000000 47.500000000000000 71.562500000000000 12.625000000000000 82.062500000000000 56.750000000000000 20.187500000000000 47.500000000000000 71.562500000000000 -7.2500000000000000 32.687500000000000 -6.7500000000000000 0.50000000000000000 1.7500000000000000 5 0.66138792707153540 1 3 -1 1 0 0.37500000000000000 13.500000000000000 25.250000000000000 20.750000000000000 4.7500000000000000 37.937500000000000 30.750000000000000 68.687500000000000 50.500000000000000 41.687500000000000 -8 20 57 83 -70 37 25 120 1121.035156250 33.481863094 4508.828125000 67.147808043 73.332404853 -7 33 -7 33 -7 33 -8 32 40.250000000 104.250000000 -54.750000000 -38.875000000 3007.609375000 -5.467512351 24.650939306 9.668832246 44.700643444 20.125000000 52.125000000 1 27.267585065 30.891209684 -32.687500000 -7.250000000 62.000000000 62.187500000 0 -8 32 -7 33 2 37.630775438 80.773819479 52.943157644 59.208470906 2 37.630775438 80.773819479 2 52.943157644 59.208470906 27.171398396 45.346439568 0 47.500000000 71.562500000 -7.250000000 32.687500000 -7.250000000 32.687500000 47.500000000 71.562500000 -1 -7.250000000 24.409003118 47.500000000 63.284003118 -28.752101986 29.270933758 58.619030591 28.752101986 4 47.500000000 71.562500000 -7.250000000 32.687500000 -1 -1.746283486 36.595390036 41.996283486 67.654609964 29.270933758 58.619030591 0
FGEOM -48.125000000000000 -35.375000000000000 8.6250000000000000 1.5000000000000000 -28.250000000000000 12.000000000000000 13.875000000000000 -47.875000000000000 -69.875000000000000 -7.6250000000000000 32.125000000000000 -7.6250000000000000 -5.6250000000000000 0.87500000000000000 2.0000000000000000 6 0.82673490883941920 2 4 -1 0 1 0.0000000000000000 14.500000000000000 26.250000000000000 21.750000000000000 -37.125000000000000 -31.125000000000000 -11.125000000000000 -0.37500000000000000 8.6250000000000000 -27.375000000000000 -49 -48 14 12 -41 62 -84 11 3567.406250000 59.727767830 4580.328125000 67.678121465 88.908974036 -48 -35 -48 -35 -48 -36 -48 -36 -39.500000000 -33.875000000 -56.750000000 -36.875000000 2874.859375000 -21.150652299 -15.547102859 -29.887015947 -23.524327543 -19.750000000 -16.937500000 1 -6.856050968 -34.708727180 48.125000000 35.375000000 -8.375000000 59.375000000 0 -49 -36 -48 -35 2 -1.696977148 11.683652967 13.737006520 -12.068986305 2 -1.696977148 11.683652967 2 13.737006520 -12.068986305 -14.703601604 -23.716060432 0 8.625000000 1.500000000 -48.125000000 -35.375000000 -48.125000000 -35.375000000 8.625000000 1.500000000 2 -5.418220339 -7.625000000 -48.125000000 -42.083183846 8.625000000 -5.208183846 -28.896201352 -12.505658966 -12.230273998 28.896201352 4 -48.125000000 -35.375000000 8.625000000 1.500000000 4 -48.125000000 -35.375000000 8.625000000 1.500000000 -43.408279986 -32.310170916 3.908279986 -1.564829084 -12.505658966 -12.230273998 1 -48.125000000 -35.375000000 8.625000000 1.500000000
FGEOM -18.000000000000000 -32.750000000000000 36.750000000000000 5.1250000000000000 1.8750000000000000 15.625000000000000 42.000000000000000 -42.250000000000000 16.250000000000000 -70.000000000000000 16.250000000000000 42.000000000000000 -4.5000000000000000 1.2500000000000000 2.2500000000000000 -6 -0.82673490883941920 3 5 -1 -1 2 0.12500000000000000 2.5000000000000000 27.250000000000000 22.750000000000000 -8.0000000000000000 -26.500000000000000 18.000000000000000 4.2500000000000000 37.750000000000000 -22.750000000000000 -18 -43 42 16 -14 85 -51 42 1396.562500000 37.370610110 4432.078125000 66.573854665 109.297423381 -18 -33 -18 -32 -18 -35 -18 -33 18.750000000 -27.625000000 -54.750000000 -37.875000000 2920.359375000 -13.125287453 -23.880731339 0.709484470 -19.807137455 9.375000000 -13.812500000 1 -47.176615415 -2.515983303 18.000000000 32.750000000 21.750000000 64.000000000 0 -18 -33 -18 -32 2 35.251503596 7.126126815 38.094082384 3.017052528 2 35.251503596 7.126126815 2 38.094082384 3.017052528 14.421398396 -19.091060432 0 36.750000000 5.125000000 -18.000000000 -32.750000000 -18.000000000 -32.750000000 36.750000000 5.125000000 2 16.250000000 -9.056506849 -18.000000000 -38.221823671 36.750000000 -0.346823671 -28.476128272 18.075554463 -7.793623283 28.476128272 4 -12.263905194 -28.781879621 36.750000000 5.125000000 4 -18.000000000 -32.750000000 36.750000000 5.125000000 -14.299222852 -30.189873343 33.049222852 2.564873343 18.075554463 -7.793623283 2 -18.000000000 -32.750000000 9.375000000 -13.812500000 9.375000000 -13.812500000 36.750000000 5.125000000
FGEOM -25.875000000000000 -28.812500000000000 31.875000000000000 7.0625000000000000 -1.0000000000000000 17.562500000000000 47.125000000000000 -38.312500000000000 -1.0000000000000000 17.562500000000000 47.125000000000000 -38.312500000000000 -3.3750000000000000 1.6250000000000000 2.5000000000000000 -5 -0.66138792707153540 4 6 0 -1 3 0.25000000000000000 3.5000000000000000 28.250000000000000 23.750000000000000 -11.875000000000000 -23.562500000000000 14.125000000000000 7.1875000000000000 33.875000000000000 -19.812500000000000 -26 -39 48 18 -19 86 -55 39 1499.675781250 38.725647590 4622.078125000 67.985867098 129.809464487 -26 -29 -26 -29 -24 -30 -25 -29 6.000000000 -21.750000000 -57.750000000 -35.875000000 3100.234375000 -18.875572017 -21.018450966 -5.700770288 -16.280023967 3.000000000 -10.875000000 1 -49.113984722 -3.755349895 -28.812500000 25.875000000 -47.375000000 42.437500000 0 -26 -29 -25 -28 2 29.877501694 9.936521663 33.566385998 3.998317661 2 29.877501694 9.936521663 2 33.566385998 3.998317661 10.546398396 -16.153560432 0 31.875000000 7.062500000 -25.875000000 -28.812500000 -25.875000000 -28.812500000 31.875000000 7.062500000 2 16.350163954 -2.581716331 -25.875000000 -32.785700025 31.875000000 3.089299975 -26.266718382 12.860506046 -4.749534123 26.266718382 4 12.860506046 -4.749534123 22.539941196 1.263448319 4 -25.875000000 -28.812500000 31.875000000 7.062500000 -23.008135778 -27.031569195 29.008135778 5.281569195 12.860506046 -4.749534123 3 -25.875000000 -28.812500000 -6.625000000 -16.854166667 -6.625000000 -16.854166667 12.625000000 -4.895833333 12.625000000 -4.895833333 31.875000000 7.062500000
FGEOM -33.750000000000000 13.125000000000000 22.000000000000000 47.000000000000000 -8.8750000000000000 57.500000000000000 37.250000000000000 3.6250000000000000 -30.250000000000000 15.375000000000000 25.500000000000000 49.250000000000000 -2.2500000000000000 2.0000000000000000 2.7500000000000000 -4 -0.49604094530365156 5 0 1 -1 4 0.37500000000000000 4.5000000000000000 29.250000000000000 24.750000000000000 -20.750000000000000 17.375000000000000 5.2500000000000000 48.125000000000000 25.000000000000000 21.125000000000000 -34 3 38 58 -67 34 -21 69 1311.328125000 36.212264842 4255.578125000 65.234792289 145.293967232 -34 13 -34 13 -35 13 -33 14 -11.750000000 60.125000000 -55.750000000 -33.875000000 2889.984375000 -27.261136643 10.601553139 -12.598518535 25.977133357 -5.875000000 30.062500000 1 -51.872075127 30.312543692 -33.750000000 13.125000000 -33.750000000 13.125000000 0 -34 13 -33 14 2 19.403530613 50.675370283 24.065901053 43.002244024 2 19.403530613 50.675370283 2 24.065901053 43.002244024 1.671398396 24.783939568 0 22.000000000 47.000000000 -33.750000000 13.125000000 -33.750000000 13.125000000 22.000000000 47.000000000 -1 -33.750000000 10.492205692 22.000000000 44.367205692 -25.006067587 4.110103651 36.129681815 25.006067587 4 -30.195274034 15.284934388 22.000000000 47.000000000 4 -30.195274034 15.284934388 22.000000000 47.000000000 -31.827138049 14.293375760 20.077138049 45.831624240 4.110103651 36.129681815 4 -33.750000000 13.125000000 -19.812500000 21.593750000 -19.812500000 21.593750000 -5.875000000 30.062500000 -5.875000000 30.062500000 8.062500000 38.531250000 8.062500000 38.531250000 22.000000000 47.000000000
FGEOM 12.375000000000000 19.062500000000000 70.125000000000000 59.937500000000000 28.250000000000000 72.437500000000000 81.375000000000000 12.562500000000000 70.125000000000000 59.937500000000000 12.375000000000000 19.062500000000000 -1.1250000000000000 2.3750000000000000 0.75000000000000000 -3 -0.33069396353576770 0 1 1 0 5 0.0000000000000000 100.00000000000000 30.250000000000000 25.750000000000000 24.375000000000000 25.312500000000000 50.375000000000000 56.062500000000000 70.125000000000000 29.062500000000000 12 12 82 73 -45 69 31 131 516.519531250 22.727066050 5005.828125000 70.751877184 140.540537135 12 19 12 19 12 19 12 20 82.500000000 79.000000000 -57.750000000 -40.875000000 3098.484375000 16.471274786 25.372418231 33.392993574 33.938872075 41.250000000 39.500000000 1 -4.095682881 27.109108798 -19.062500000 12.375000000 81.625000000 56.562500000 0 12 19 13 20 0 -1 -1 46.796398396 32.721439568 0 70.125000000 59.937500000 12.375000000 19.062500000 12.375000000 19.062500000 70.125000000 59.937500000 -1 12.375000000 17.684216678 70.125000000 58.559216678 -34.395067974 48.120828300 44.363118732 34.395067974 4 70.125000000 59.937500000 12.375000000 19.062500000 -1 13.293261855 19.712438586 69.206738145 59.287561414 48.120828300 44.363118732 5 12.375000000 19.062500000 23.925000000 27.237500000 23.925000000 27.237500000 35.475000000 35.412500000 35.475000000 35.412500000 47.025000000 43.587500000 47.025000000 43.587500000 58.575000000 51.762500000 58.575000000 51.762500000 70.125000000 59.937500000
FGEOM -8.5000000000000000 -50.000000000000000 47.250000000000000 -11.125000000000000 7.3750000000000000 1.3750000000000000 58.500000000000000 -56.500000000000000 -30.250000000000000 -21.250000000000000 71.750000000000000 -21.250000000000000 0.0000000000000000 2.7500000000000000 1.0000000000000000 -2 -0.16534698176788384 1 2 1 1 6 0.12500000000000000 6.5000000000000000 31.250000000000000 26.750000000000000 2.5000000000000000 -44.750000000000000 28.500000000000000 -14.000000000000000 48.250000000000000 -41.000000000000000 -9 -57 59 2 6 115 -59 37 2572.250000000 50.717354032 4619.328125000 67.965639297 158.164434312 -8 -50 -8 -50 -8 -50 -9 -50 38.750000000 -61.125000000 -55.750000000 -38.875000000 2882.234375000 -5.237359185 -30.807995208 13.442153645 -34.699529633 19.375000000 -30.562500000 1 -16.739532767 -46.686372842 8.500000000 50.000000000 23.250000000 52.750000000 0 -9 -50 -8 -50 2 43.039261120 -6.173265144 50.440920657 -16.787863707 2 43.039261120 -6.173265144 2 50.440920657 -16.787863707 24.921398396 -37.341060432 0 47.250000000 -11.125000000 -8.500000000 -50.000000000 -8.500000000 -50.000000000 47.250000000 -11.125000000 2 32.729903537 -21.250000000 -8.500000000 -50.000000000 47.250000000 -11.125000000 -33.061053324 26.285267913 -25.743905110 33.061053324 4 -8.500000000 -50.000000000 47.250000000 -11.125000000 4 -8.500000000 -50.000000000 47.250000000 -11.125000000 -8.500000000 -50.000000000 47.250000000 -11.125000000 26.285267913 -25.743905110 6 -8.500000000 -50.000000000 0.791666667 -43.520833333 0.791666667 -43.520833333 10.083333333 -37.041666667 10.083333333 -37.041666667 19.375000000 -30.562500000 19.375000000 -30.562500000 28.666666667 -24.083333333 28.666666667 -24.083333333 37.958333333 -17.604166667 37.958333333 -17.604166667 47.250000000 -11.125000000
FGEOM -49.250000000000000 -50.062500000000000 4.5000000000000000 -13.187500000000000 -33.375000000000000 -0.68750000000000000 15.750000000000000 -63.562500000000000 -15.000000000000000 -89.312500000000000 -15.000000000000000 22.687500000000000 1.1250000000000000 0.50000000000000000 1.2500000000000000 -1 0.0000000000000000 2 3 0 1 0 0.25000000000000000 7.5000000000000000 1.2500000000000000 27.750000000000000 -39.250000000000000 -45.812500000000000 -13.250000000000000 -15.062500000000000 6.5000000000000000 -42.062500000000000 -50 -64 16 0 -33 80 -100 -8 4931.816406250 70.226892329 4248.828125000 65.183035561 53.356343710 -49 -50 -49 -50 -50 -51 -50 -50 -44.750000000 -63.250000000 -53.750000000 -36.875000000 2673.984375000 -0.876622871 -0.891084924 -26.367320678 -34.363917674 -22.375000000 -31.625000000 1 -49.250000000 -50.062500000 -50.062500000 49.250000000 -82.750000000 15.187500000 0 -50 -51 -49 -50 2 -0.426274287 -7.532252734 8.003087747 -19.819119428 2 -0.426274287 -7.532252734 2 8.003087747 -19.819119428 -16.828601604 -38.403560432 0 4.500000000 -13.187500000 -49.250000000 -50.062500000 -49.250000000 -50.062500000 4.500000000 -13.187500000 2 -15.000000000 -26.565406977 -49.250000000 -48.698203907 4.500000000 -11.823203907 -31.733956653 -15.422634918 -26.855354188 31.733956653 4 -44.270823757 -46.646553507 4.500000000 -13.187500000 4 -49.250000000 -50.062500000 4.500000000 -13.187500000 -48.322323811 -49.426070987 3.572323811 -13.823929013 -15.422634918 -26.855354188 0
FGEOM -45.125000000000000 -21.125000000000000 11.625000000000000 16.750000000000000 -24.250000000000000 29.250000000000000 22.875000000000000 -31.625000000000000 -24.250000000000000 29.250000000000000 22.875000000000000 -31.625000000000000 2.2500000000000000 0.87500000000000000 1.5000000000000000 0 0.16534698176788384 3 4 -1 1 1 0.37500000000000000 8.5000000000000000 2.2500000000000000 28.750000000000000 -31.125000000000000 -14.875000000000000 -5.1250000000000000 15.875000000000000 14.625000000000000 -11.125000000000000 -46 -32 23 30 -54 55 -67 29 2482.531250000 49.825006272 4655.078125000 68.228132944 75.454644127 -45 -21 -45 -21 -45 -20 -46 -22 -33.500000000 -4.375000000 -56.750000000 -37.875000000 3092.609375000 -2.037756894 -0.953963753 -21.211660596 -5.165216213 -16.750000000 -2.187500000 1 -36.548839723 -23.873862731 -45.125000000 -21.125000000 -45.125000000 -21.125000000 0 -46 -22 -45 -21 2 6.062417088 23.177104429 15.425985195 9.147203702 2 6.062417088 23.177104429 2 15.425985195 9.147203702 -8.703601604 -7.466060432 0 11.625000000 16.750000000 -45.125000000 -21.125000000 -45.125000000 -21.125000000 11.625000000 16.750000000 2 -5.648828837 5.221431415 -45.125000000 -18.419919839 11.625000000 19.455080161 -30.312138641 -7.423037258 4.037323152 30.312138641 4 -7.423037258 4.037323152 -2.928182009 7.037193505 4 -45.125000000 -21.125000000 11.625000000 16.750000000 -43.253521264 -19.875973443 9.753521264 15.500973443 -7.423037258 4.037323152 1 -45.125000000 -21.125000000 11.625000000 16.750000000
FGEOM -16.000000000000000 9.8125000000000000 42.750000000000000 45.687500000000000 4.8750000000000000 58.187500000000000 50.000000000000000 -0.68750000000000000 -12.500000000000000 12.062500000000000 46.250000000000000 47.937500000000000 3.3750000000000000 1.2500000000000000 1.7500000000000000 1 0.33069396353576770 4 5 -1 0 2 0.0000000000000000 9.5000000000000000 3.2500000000000000 29.750000000000000 -3.0000000000000000 15.062500000000000 23.000000000000000 45.812500000000000 42.750000000000000 18.812500000000000 -16 -1 50 59 -54 51 -7 89 352.285156250 18.769260940 4738.578125000 68.837330897 96.615484048 -16 10 -16 10 -16 10 -16 9 26.750000000 55.500000000 -58.750000000 -35.875000000 2961.859375000 -2.770487350 1.699087945 9.390474576 25.316896177 13.375000000 27.750000000 1 0.838401902 5.655489513 -9.812500000 -16.000000000 53.250000000 37.312500000 0 -16 9 -16 10 2 36.727450108 53.034532925 46.534668671 36.973931096 2 36.727450108 53.034532925 2 46.534668671 36.973931096 19.421398396 22.471439568 0 42.750000000 45.687500000 -16.000000000 9.812500000 -16.000000000 9.812500000 42.750000000 45.687500000 -1 -16.000000000 13.766984966 42.750000000 49.641984966 -30.407056720 20.721825343 32.236252922 30.407056720 4 -12.449843209 11.980361700 42.750000000 45.687500000 4 -12.449843209 11.980361700 42.750000000 45.687500000 -13.119568010 11.571402087 39.869568010 43.928597913 20.721825343 32.236252922 2 -16.000000000 9.812500000 13.375000000 27.750000000 13.375000000 27.750000000 42.750000000 45.687500000
FGEOM -26.875000000000000 -33.250000000000000 29.875000000000000 0.62500000000000000 -6.0000000000000000 13.125000000000000 37.125000000000000 -43.750000000000000 29.875000000000000 0.62500000000000000 -26.875000000000000 -33.250000000000000 4.5000000000000000 1.6250000000000000 2.0000000000000000 2 0.49604094530365156 5 6 -1 -1 3 0.12500000000000000 10.500000000000000 4.2500000000000000 30.750000000000000 -14.875000000000000 -29.000000000000000 11.125000000000000 1.7500000000000000 30.875000000000000 -25.250000000000000 -27 -44 38 14 -20 81 -61 31 1827.828125000 42.753106612 4368.078125000 66.091437607 114.430591852 -27 -33 -27 -33 -25 -36 -26 -34 3.000000000 -32.625000000 -56.750000000 -33.875000000 2755.609375000 -2.671589483 -3.305315361 -0.471239344 -17.489164895 1.500000000 -16.312500000 1 -2.286954204 -37.595997042 26.875000000 33.250000000 14.875000000 59.500000000 0 -27 -34 -26 -33 2 23.129236760 8.671407789 33.756030824 -9.131413262 2 23.129236760 8.671407789 2 33.756030824 -9.131413262 7.546398396 -21.591060432 0 29.875000000 0.625000000 -26.875000000 -33.250000000 -26.875000000 -33.250000000 29.875000000 0.625000000 -1 -26.875000000 -28.009269265 29.875000000 5.865730735 -29.120876995 8.925832210 -11.879899716 29.120876995 4 29.875000000 0.625000000 -26.875000000 -33.250000000 -1 -23.011035026 -30.943536326 26.011035026 -1.681463674 8.925832210 -11.879899716 3 -26.875000000 -33.250000000 -7.958333333 -21.958333333 -7.958333333 -21.958333333 10.958333333 -10.666666667 10.958333333 -10.666666667 29.875000000 0.625000000
FGEOM -32.750000000000000 -59.312500000000000 22.000000000000000 -18.437500000000000 -11.875000000000000 -11.937500000000000 29.250000000000000 -66.812500000000000 -54.500000000000000 -29.562500000000000 47.500000000000000 -29.562500000000000 5.6250000000000000 2.0000000000000000 2.2500000000000000 3 0.66138792707153540 0 0 0 -1 4 0.25000000000000000 11.500000000000000 5.2500000000000000 31.750000000000000 -21.750000000000000 -53.062500000000000 4.2500000000000000 -22.312500000000000 24.000000000000000 -49.312500000000000 -33 -67 30 -11 0 97 -93 4 4590.535156250 67.753488148 4668.328125000 68.325164654 142.998255152 -33 -59 -33 -59 -32 -59 -32 -59 -10.750000000 -77.750000000 -54.750000000 -40.875000000 3079.359375000 -2.537692224 -4.595934962 -7.308239138 -40.318308671 -5.375000000 -38.875000000 1 0.750019130 -62.144722010 -59.312500000 32.750000000 -59.250000000 8.937500000 0 -33 -60 -32 -59 2 13.667340010 -10.511796404 27.230612617 -28.679115676 2 13.667340010 -10.511796404 2 27.230612617 -28.679115676 0.671398396 -45.653560432 0 22.000000000 -18.437500000 -32.750000000 -59.312500000 -32.750000000 -59.312500000 22.000000000 -18.437500000 2 7.098623853 -29.562500000 -32.750000000 -52.292791303 22.000000000 -11.417791303 -25.474005570 3.364626322 -32.350210486 25.474005570 4 -32.454235322 -59.091689385 22.000000000 -18.437500000 4 -32.750000000 -59.312500000 22.000000000 -18.437500000 -28.242601422 -55.947387363 17.492601422 -21.802612637 3.364626322 -32.350210486 4 -32.750000000 -59.312500000 -19.062500000 -49.093750000 -19.062500000 -49.093750000 -5.375000000 -38.875000000 -5.375000000 -38.875000000 8.312500000 -28.656250000 8.312500000 -28.656250000 22.000000000 -18.437500000
FGEOM -11.625000000000000 12.625000000000000 41.125000000000000 51.500000000000000 9.2500000000000000 58.000000000000000 48.375000000000000 5.1250000000000000 22.625000000000000 -25.625000000000000 22.625000000000000 86.375000000000000 6.7500000000000000 2.3750000000000000 2.5000000000000000 4 0.82673490883941920 1 1 1 -1 5 0.37500000000000000 12.500000000000000 6.2500000000000000 32.750000000000000 -1.6250000000000000 17.875000000000000 24.375000000000000 48.625000000000000 44.125000000000000 21.625000000000000 -12 5 49 58 -49 44 1 93 294.531250000 17.161912772 4293.828125000 65.527308239 158.558512095 -12 13 -12 12 -12 13 -11 13 29.500000000 64.125000000 -52.750000000 -38.875000000 2865.109375000 -4.233575299 4.597753820 14.739008326 32.054399501 14.750000000 32.062500000 1 28.495219639 11.910112052 -11.625000000 12.625000000 -11.625000000 12.625000000 0 -12 12 -11 13 2 31.925834491 59.963176350 46.485079612 40.207544707 2 31.925834491 59.963176350 2 46.485079612 40.207544707 20.796398396 25.283939568 0 41.125000000 51.500000000 -11.625000000 12.625000000 -11.625000000 12.625000000 41.125000000 51.500000000 2 22.625000000 37.866113744 -11.625000000 21.010011007 41.125000000 59.885011007 -24.142844678 23.573083186 38.564819599 24.142844678 4 -7.697231219 15.519635287 41.125000000 51.500000000 4 -11.625000000 12.625000000 41.125000000 51.500000000 -6.191196757 16.629532722 35.691196757 47.495467278 23.573083186 38.564819599 5 -11.625000000 12.625000000 -1.075000000 20.400000000 -1.075000000 20.400000000 9.475000000 28.175000000 9.475000000 28.175000000 20.025000000 35.950000000 20.025000000 35.950000000 30.575000000 43.725000000 30.575000000 43.725000000 41.125000000 51.500000000
FGEOM 7.5000000000000000 6.2500000000000000 67.250000000000000 43.125000000000000 33.375000000000000 57.625000000000000 80.500000000000000 -1.2500000000000000 33.375000000000000 57.625000000000000 80.500000000000000 -1.2500000000000000 7.8750000000000000 2.7500000000000000 2.7500000000000000 5 -0.82673490883941920 2 2 1 0 6 0.0000000000000000 13.500000000000000 7.2500000000000000 33.750000000000000 21.500000000000000 10.500000000000000 47.500000000000000 41.250000000000000 67.250000000000000 14.250000000000000 7 -2 81 58 -25 82 13 111 95.312500000 9.762812095 4929.828125000 70.212734778 193.085020639 8 6 8 6 8 6 8 7 74.750000000 49.375000000 -59.750000000 -36.875000000 3440.484375000 5.569604277 4.641336898 36.220751390 23.975149917 37.375000000 24.687500000 1 -21.947476577 41.866515446 -6.250000000 7.500000000 84.750000000 31.750000000 0 7 6 8 7 2 58.083341963 53.035720480 71.998882316 30.487827977 2 58.083341963 53.035720480 2 71.998882316 30.487827977 43.921398396 17.908939568 0 67.250000000 43.125000000 7.500000000 6.250000000 7.500000000 6.250000000 67.250000000 43.125000000 2 52.344342105 33.925901508 7.500000000 15.503979688 67.250000000 52.378979688 -30.130084403 49.199007794 31.984743304 30.130084403 4 49.199007794 31.984743304 57.012872850 36.807107721 4 7.500000000 6.250000000 67.250000000 43.125000000 14.201508658 10.385868314 60.548491342 38.989131686 49.199007794 31.984743304 6 7.500000000 6.250000000 17.458333333 12.395833333 17.458333333 12.395833333 27.416666667 18.541666667 27.416666667 18.541666667 37.375000000 24.687500000 37.375000000 24.687500000 47.333333333 30.833333333 47.333333333 30.833333333 57.291666667 36.979166667 57.291666667 36.979166667 67.250000000 43.125000000
FGEOM -38.250000000000000 27.187500000000000 19.500000000000000 65.062500000000000 -21.375000000000000 79.562500000000000 32.750000000000000 15.687500000000000 -34.750000000000000 29.437500000000000 23.000000000000000 67.312500000000000 9.0000000000000000 0.50000000000000000 0.75000000000000000 6 -0.66138792707153540 3 3 1 1 0 0.12500000000000000 100.00000000000000 8.2500000000000000 34.750000000000000 -25.250000000000000 33.437500000000000 0.75000000000000000 64.187500000000000 20.500000000000000 37.187500000000000 -39 15 33 80 -101 18 -12 85 2202.222656250 46.927845212 4769.578125000 69.062132352 40.505316491 -38 27 -38 27 -39 27 -39 28 -18.750000000 92.250000000 -57.750000000 -37.875000000 2958.234375000 -6.724419128 4.779611635 -9.191926760 46.245067515 -9.375000000 46.125000000 1 -66.861136923 48.596105347 38.250000000 -27.187500000 -4.500000000 131.937500000 0 -39 27 -38 28 0 -1 -1 -2.828601604 40.846439568 0 19.500000000 65.062500000 -38.250000000 27.187500000 -38.250000000 27.187500000 19.500000000 65.062500000 -1 -38.250000000 37.950429717 19.500000000 75.825429717 -34.541586594 -2.431730401 50.678702789 34.541586594 4 -34.770845004 29.469283471 19.500000000 65.062500000 4 -34.770845004 29.469283471 19.500000000 65.062500000 -30.724168082 32.123272881 11.974168082 60.126727119 -2.431730401 50.678702789 0
FGEOM -13.125000000000000 4.1250000000000000 42.625000000000000 40.000000000000000 3.7500000000000000 54.500000000000000 55.875000000000000 -7.3750000000000000 42.625000000000000 40.000000000000000 -13.125000000000000 4.1250000000000000 -9.0000000000000000 0.87500000000000000 1.0000000000000000 -6 -0.49604094530365156 4 4 0 1 1 0.25000000000000000 2.5000000000000000 9.2500000000000000 35.750000000000000 -1.1250000000000000 9.3750000000000000 24.875000000000000 40.125000000000000 44.625000000000000 13.125000000000000 -14 -8 56 55 -51 64 -9 83 189.281250000 13.757952246 4395.078125000 66.295385397 60.552671094 -13 4 -13 4 -12 4 -14 4 29.500000000 44.125000000 -55.750000000 -35.875000000 2747.984375000 -8.824441881 2.773396020 16.938366976 23.470709242 14.750000000 22.062500000 1 -35.066969476 18.228122040 13.125000000 -4.125000000 20.625000000 104.875000000 0 -14 4 -13 5 2 41.193836424 42.049822143 43.897605530 37.848146110 2 41.193836424 42.049822143 2 43.897605530 37.848146110 21.296398396 16.783939568 0 42.625000000 40.000000000 -13.125000000 4.125000000 -13.125000000 4.125000000 42.625000000 40.000000000 -1 -13.125000000 -6.577394055 42.625000000 29.297605945 -33.230301201 21.732202659 26.555531756 33.230301201 4 42.625000000 40.000000000 -13.125000000 4.125000000 -1 -5.556599922 8.995248481 35.056599922 35.129751519 21.732202659 26.555531756 1 -13.125000000 4.125000000 42.625000000 40.000000000
FGEOM -20.000000000000000 -25.937500000000000 33.750000000000000 7.9375000000000000 -3.1250000000000000 22.437500000000000 47.000000000000000 -37.437500000000000 -41.750000000000000 1.8125000000000000 60.250000000000000 1.8125000000000000 -7.8750000000000000 1.2500000000000000 1.2500000000000000 -5 -0.33069396353576770 5 5 -1 1 2 0.37500000000000000 3.5000000000000000 10.250000000000000 36.750000000000000 -9.0000000000000000 -21.687500000000000 17.000000000000000 9.0625000000000000 36.750000000000000 -17.937500000000000 -20 -38 47 23 -26 85 -46 42 1072.753906250 32.752922102 4036.578125000 63.534070584 79.417588230 -20 -26 -20 -25 -20 -25 -20 -26 13.750000000 -18.000000000 -53.750000000 -33.875000000 2545.734375000 -6.258983530 -8.117119266 11.090601969 -6.343190387 6.875000000 -9.000000000 1 -34.793002776 -17.837105524 -25.937500000 20.000000000 -51.500000000 39.312500000 0 -20 -26 -20 -25 2 31.723591297 10.791211227 35.450173224 4.878184552 2 31.723591297 10.791211227 2 35.450173224 4.878184552 13.421398396 -14.278560432 0 33.750000000 7.937500000 -20.000000000 -25.937500000 -20.000000000 -25.937500000 33.750000000 7.937500000 2 24.031365314 1.812500000 -20.000000000 -35.245980109 33.750000000 -1.370980109 -31.927997157 13.898321405 -4.573674185 31.927997157 4 -20.000000000 -25.937500000 33.750000000 7.937500000 4 -20.000000000 -25.937500000 33.750000000 7.937500000 -13.337728150 -21.738719369 27.087728150 3.738719369 13.898321405 -4.573674185 2 -20.000000000 -25.937500000 6.875000000 -9.000000000 6.875000000 -9.000000000 33.750000000 7.937500000
FGEOM -14.875000000000000 23.000000000000000 40.875000000000000 63.875000000000000 2.0000000000000000 72.375000000000000 50.125000000000000 14.500000000000000 19.375000000000000 -14.250000000000000 19.375000000000000 97.750000000000000 -6.7500000000000000 1.6250000000000000 1.5000000000000000 -4 -0.16534698176788384 0 6 -1 0 3 0.0000000000000000 4.5000000000000000 11.250000000000000 0.75000000000000000 -4.8750000000000000 29.250000000000000 21.125000000000000 60.000000000000000 40.875000000000000 33.000000000000000 -15 14 51 73 -71 36 8 105 750.265625000 27.390977073 4778.828125000 69.129068596 109.391271111 -15 23 -15 23 -14 24 -15 23 26.000000000 86.875000000 -55.750000000 -40.875000000 2958.984375000 -6.109447997 9.446541440 -14.270153141 23.443463953 13.000000000 43.437500000 1 -22.771704890 26.450944355 -14.875000000 23.000000000 -14.875000000 23.000000000 0 -15 23 -14 23 2 37.983622416 67.323178601 43.293902965 60.080410635 2 37.983622416 67.323178601 2 43.293902965 60.080410635 17.546398396 36.658939568 0 40.875000000 63.875000000 -14.875000000 23.000000000 -14.875000000 23.000000000 40.875000000 63.875000000 2 19.375000000 48.111547085 -14.875000000 14.630112771 40.875000000 55.505112771 -29.841145945 19.644630041 48.309235479 29.841145945 4 -10.362065344 26.308810836 40.875000000 63.875000000 4 -14.875000000 23.000000000 40.875000000 63.875000000 -9.431378270 26.991175573 35.431378270 59.883824427 19.644630041 48.309235479 3 -14.875000000 23.000000000 3.708333333 36.625000000 3.708333333 36.625000000 22.291666667 50.250000000 22.291666667 50.250000000 40.875000000 63.875000000
FGEOM 6.2500000000000000 -11.062500000000000 65.000000000000000 27.812500000000000 28.125000000000000 36.312500000000000 74.250000000000000 -19.562500000000000 28.125000000000000 36.312500000000000 74.250000000000000 -19.562500000000000 -5.6250000000000000 2.0000000000000000 1.7500000000000000 -3 0.0000000000000000 1 0 -1 -1 4 0.12500000000000000 5.5000000000000000 12.250000000000000 1.7500000000000000 20.250000000000000 -5.8125000000000000 46.250000000000000 24.937500000000000 66.000000000000000 -2.0625000000000000 6 -20 75 37 -9 94 -5 93 161.441406250 12.705959478 4962.828125000 70.447342924 135.773712391 6 -11 6 -11 6 -11 7 -12 71.250000000 16.750000000 -58.750000000 -38.875000000 3126.859375000 6.025715739 -10.665516857 7.709423390 -10.096796438 35.625000000 8.375000000 1 6.250000000 -11.062500000 11.062500000 6.250000000 75.500000000 14.437500000 0 6 -12 7 -11 2 61.616095901 32.148303622 67.667704603 23.002785648 2 61.616095901 32.148303622 2 67.667704603 23.002785648 42.671398396 1.596439568 0 65.000000000 27.812500000 6.250000000 -11.062500000 6.250000000 -11.062500000 65.000000000 27.812500000 2 45.689755086 15.034869855 6.250000000 -17.807458365 65.000000000 21.067541635 -27.437381522 43.265786897 13.430924947 27.437381522 4 43.265786897 13.430924947 49.631120896 17.642879997 4 6.250000000 -11.062500000 65.000000000 27.812500000 10.941003752 -7.958452836 60.308996248 24.708452836 43.265786897 13.430924947 4 6.250000000 -11.062500000 20.937500000 -1.343750000 20.937500000 -1.343750000 35.625000000 8.375000000 35.625000000 8.375000000 50.312500000 18.093750000 50.312500000 18.093750000 65.000000000 27.812500000
FGEOM 12.375000000000000 7.8750000000000000 69.125000000000000 44.750000000000000 34.250000000000000 53.250000000000000 78.375000000000000 -0.62500000000000000 15.875000000000000 10.125000000000000 72.625000000000000 47.000000000000000 -4.5000000000000000 2.3750000000000000 2.0000000000000000 -2 0.16534698176788384 2 1 0 -1 5 0.25000000000000000 6.5000000000000000 13.250000000000000 2.7500000000000000 25.375000000000000 12.125000000000000 51.375000000000000 42.875000000000000 71.125000000000000 15.875000000000000 12 -1 79 54 -19 79 20 114 215.156250000 14.668205412 4580.328125000 67.678121465 153.639343436 12 8 12 8 12 8 13 8 81.500000000 52.625000000 -56.750000000 -36.875000000 2914.609375000 11.178514712 7.113600272 14.680952007 9.373360885 40.750000000 26.312500000 1 20.141826022 4.893349196 -12.375000000 -7.875000000 56.125000000 98.625000000 0 12 7 13 8 2 65.076316692 49.835092278 72.126733206 38.984620762 2 65.076316692 49.835092278 2 72.126733206 38.984620762 47.796398396 19.533939568 0 69.125000000 44.750000000 12.375000000 7.875000000 12.375000000 7.875000000 69.125000000 44.750000000 -1 12.375000000 2.508452923 69.125000000 39.383452923 -26.129428340 48.486841230 31.339742649 26.129428340 4 15.863930242 10.142036170 69.125000000 44.750000000 4 15.863930242 10.142036170 69.125000000 44.750000000 16.148376011 10.326863267 65.351623989 42.298136733 48.486841230 31.339742649 5 12.375000000 7.875000000 23.725000000 15.250000000 23.725000000 15.250000000 35.075000000 22.625000000 35.075000000 22.625000000 46.425000000 30.000000000 46.425000000 30.000000000 57.775000000 37.375000000 57.775000000 37.375000000 69.125000000 44.750000000
FGEOM -64.500000000000000 -62.187500000000000 -9.7500000000000000 -24.312500000000000 -42.625000000000000 -15.812500000000000 -0.50000000000000000 -67.687500000000000 -9.7500000000000000 -24.312500000000000 -64.500000000000000 -62.187500000000000 -3.3750000000000000 2.7500000000000000 2.2500000000000000 -1 0.33069396353576770 3 2 1 -1 6 0.37500000000000000 7.5000000000000000 14.250000000000000 3.7500000000000000 -52.500000000000000 -55.937500000000000 -26.500000000000000 -25.187500000000000 -6.7500000000000000 -52.187500000000000 -65 -68 0 -15 -27 68 -127 -34 8027.535156250 89.596513081 4432.078125000 66.573854665 173.006652351 -64 -62 -65 -63 -66 -62 -64 -62 -74.250000000 -86.500000000 -54.750000000 -37.875000000 2954.109375000 -10.258490742 -9.890696016 -61.416019043 -60.054061119 -37.125000000 -43.250000000 1 -48.256814278 -66.777575473 -62.187500000 64.500000000 -89.000000000 6.062500000 0 -65 -63 -64 -62 2 -14.684577716 -18.664496569 -6.205148463 -30.921889350 2 -14.684577716 -18.664496569 2 -6.205148463 -30.921889350 -30.078601604 -48.528560432 0 -9.750000000 -24.312500000 -64.500000000 -62.187500000 -64.500000000 -62.187500000 -9.750000000 -24.312500000 -1 -64.500000000 -66.291367753 -9.750000000 -28.416367753 -25.693504358 -28.007527683 -36.942707507 25.693504358 4 -9.750000000 -24.312500000 -64.500000000 -62.187500000 -1 -61.724417139 -60.267405007 -12.525582861 -26.232594993 -28.007527683 -36.942707507 6 -64.500000000 -62.187500000 -55.375000000 -55.875000000 -55.375000000 -55.875000000 -46.250000000 -49.562500000 -46.250000000 -49.562500000 -37.125000000 -43.250000000 -37.125000000 -43.250000000 -28.000000000 -36.937500000 -28.000000000 -36.937500000 -18.875000000 -30.625000000 -18.875000000 -30.625000000 -9.750000000 -24.312500000
FGEOM -36.250000000000000 19.750000000000000 20.500000000000000 55.625000000000000 -14.375000000000000 72.125000000000000 25.750000000000000 7.2500000000000000 -58.000000000000000 48.500000000000000 44.000000000000000 48.500000000000000 -2.2500000000000000 0.50000000000000000 2.5000000000000000 0 0.49604094530365156 4 3 1 0 0 0.0000000000000000 8.5000000000000000 15.250000000000000 4.7500000000000000 -25.250000000000000 25.000000000000000 0.75000000000000000 55.750000000000000 20.500000000000000 28.750000000000000 -37 7 26 73 -87 19 -17 77 1704.125000000 41.281048921 4507.578125000 67.138499574 94.069061233 -36 20 -36 19 -36 21 -36 20 -15.750000000 75.375000000 -56.750000000 -35.875000000 3120.359375000 -13.391435403 7.296023427 -32.234978787 22.288130150 -7.875000000 37.687500000 1 -8.685743597 15.651213058 -36.250000000 19.750000000 -36.250000000 19.750000000 0 -37 19 -36 20 2 15.085009182 62.176936694 24.095748916 47.923013910 2 15.085009182 62.176936694 2 24.095748916 47.923013910 -2.828601604 32.408939568 0 20.500000000 55.625000000 -36.250000000 19.750000000 -36.250000000 19.750000000 20.500000000 55.625000000 2 9.229094077 48.500000000 -36.250000000 17.088121162 20.500000000 52.963121162 -32.582134526 3.035041683 44.584376571 32.582134526 4 -36.250000000 19.750000000 20.500000000 55.625000000 4 -36.250000000 19.750000000 20.500000000 55.625000000 -34.348147846 20.952272176 18.598147846 54.422727824 3.035041683 44.584376571 0
FGEOM -27.125000000000000 -16.312500000000000 27.625000000000000 17.562500000000000 -5.2500000000000000 34.062500000000000 32.875000000000000 -28.812500000000000 7.1250000000000000 -55.562500000000000 7.1250000000000000 56.437500000000000 -1.1250000000000000 0.87500000000000000 2.7500000000000000 1 0.66138792707153540 5 4 1 1 1 0.12500000000000000 9.5000000000000000 16.250000000000000 5.7500000000000000 -17.125000000000000 -12.062500000000000 8.8750000000000000 18.687500000000000 28.625000000000000 -8.3125000000000000 -28 -29 33 35 -40 62 -44 46 1001.863281250 31.652223954 4145.078125000 64.382281142 104.752545091 -27 -16 -27 -17 -25 -16 -28 -16 0.500000000 1.250000000 -54.750000000 -33.875000000 2904.109375000 -13.925759234 -8.374707742 -22.235261792 -13.287114031 0.250000000 0.625000000 1 8.428516759 -19.126356251 16.312500000 -27.125000000 45.125000000 12.187500000 0 -28 -17 -27 -16 2 21.489189622 24.815211976 31.376687642 8.834680121 2 21.489189622 24.815211976 2 31.376687642 8.834680121 5.296398396 -4.653560432 0 27.625000000 17.562500000 -27.125000000 -16.312500000 -27.125000000 -16.312500000 27.625000000 17.562500000 2 7.125000000 4.878710046 -27.125000000 -17.635423585 27.625000000 16.239576415 -31.328738113 11.233743427 7.420877782 31.328738113 4 -19.918559756 -11.853720763 27.625000000 17.562500000 4 -27.125000000 -16.312500000 27.625000000 17.562500000 -26.168312090 -15.720576658 26.668312090 16.970576658 11.233743427 7.420877782 1 -27.125000000 -16.312500000 27.625000000 17.562500000
FGEOM 19.000000000000000 18.625000000000000 76.750000000000000 59.500000000000000 36.875000000000000 70.000000000000000 92.000000000000000 9.1250000000000000 36.875000000000000 70.000000000000000 92.000000000000000 9.1250000000000000 0.0000000000000000 1.2500000000000000 0.75000000000000000 2 0.82673490883941920 0 5 0 1 2 0.25000000000000000 100.00000000000000 17.250000000000000 6.7500000000000000 33.000000000000000 24.875000000000000 59.000000000000000 55.625000000000000 78.750000000000000 28.625000000000000 19 9 92 70 -34 83 37 137 707.890625000 26.606214030 5005.828125000 70.751877184 78.427296398 19 19 19 19 19 20 19 19 95.750000000 78.125000000 -57.750000000 -40.875000000 3132.234375000 12.318550833 12.075421540 24.509571131 22.524631515 47.875000000 39.062500000 1 62.566407818 22.053594354 -19.000000000 -18.625000000 54.750000000 121.375000000 0 19 18 19 19 0 -1 -1 55.421398396 32.283939568 0 76.750000000 59.500000000 19.000000000 18.625000000 19.000000000 18.625000000 76.750000000 59.500000000 2 58.244240942 46.401767939 19.000000000 18.625000000 76.750000000 59.500000000 -31.607156079 55.135186954 44.201203753 31.607156079 4 55.135186954 44.201203753 63.155434447 49.877872433 4 19.000000000 18.625000000 76.750000000 59.500000000 19.000000000 18.625000000 76.750000000 59.500000000 55.135186954 44.201203753 2 19.000000000 18.625000000 47.875000000 39.062500000 47.875000000 39.062500000 76.750000000 59.500000000
FGEOM -48.875000000000000 -13.750000000000000 6.8750000000000000 25.125000000000000 -31.000000000000000 35.625000000000000 22.125000000000000 -23.250000000000000 -45.375000000000000 -11.500000000000000 10.375000000000000 27.375000000000000 1.1250000000000000 1.6250000000000000 1.0000000000000000 3 -0.82673490883941920 1 6 -1 1 3 0.37500000000000000 11.500000000000000 18.250000000000000 7.7500000000000000 -35.875000000000000 -8.5000000000000000 -9.8750000000000000 22.250000000000000 9.8750000000000000 -4.7500000000000000 -49 -24 23 36 -67 46 -63 32 2577.828125000 50.772316522 4619.328125000 67.965639297 98.582418129 -49 -14 -48 -13 -49 -12 -49 -14 -42.000000000 11.375000000 -55.750000000 -38.875000000 2915.984375000 -17.568013656 -4.942407934 -42.517927449 -9.317153445 -21.000000000 5.687500000 1 -79.432776182 15.335287304 -13.750000000 48.875000000 -80.375000000 53.500000000 0 -49 -14 -48 -13 2 -1.204034738 33.309081971 11.761822667 14.714958491 2 -1.204034738 33.309081971 2 11.761822667 14.714958491 -13.453601604 -1.091060432 0 6.875000000 25.125000000 -48.875000000 -13.750000000 -48.875000000 -13.750000000 6.875000000 25.125000000 -1 -48.875000000 -12.378496068 6.875000000 26.496503932 -30.276558071 -13.682408241 10.790125644 30.276558071 4 -45.464417089 -11.371768419 6.875000000 25.125000000 4 -45.464417089 -11.371768419 6.875000000 25.125000000 -47.952199146 -13.106522274 5.952199146 24.481522274 -13.682408241 10.790125644 3 -48.875000000 -13.750000000 -30.291666667 -0.791666667 -30.291666667 -0.791666667 -11.708333333 12.166666667 -11.708333333 12.166666667 6.875000000 25.125000000
FGEOM -66.750000000000000 -35.812500000000000 -9.0000000000000000 1.0625000000000000 -48.875000000000000 11.562500000000000 2.2500000000000000 -45.312500000000000 -9.0000000000000000 1.0625000000000000 -66.750000000000000 -35.812500000000000 2.2500000000000000 2.0000000000000000 1.2500000000000000 4 -0.66138792707153540 2 0 -1 0 4 0.0000000000000000 12.500000000000000 19.250000000000000 8.7500000000000000 -54.750000000000000 -31.562500000000000 -28.750000000000000 -0.81250000000000000 -9.0000000000000000 -27.812500000000000 -67 -46 3 12 -61 48 -103 -7 5738.097656250 75.750232054 4694.828125000 68.518815846 124.357885914 -67 -36 -67 -35 -66 -35 -67 -36 -75.750000000 -34.750000000 -57.750000000 -36.875000000 2779.234375000 -16.962819323 -9.100838457 -59.375200921 -31.103483272 -37.875000000 -17.375000000 1 -92.079213869 -14.843979393 -66.750000000 -35.812500000 -66.750000000 -35.812500000 0 -67 -36 -66 -35 2 -17.536270352 10.193879331 -4.307720210 -10.523375468 2 -17.536270352 10.193879331 2 -4.307720210 -10.523375468 -32.328601604 -24.153560432 0 -9.000000000 1.062500000 -66.750000000 -35.812500000 -66.750000000 -35.812500000 -9.000000000 1.062500000 -1 -66.750000000 -33.142935746 -9.000000000 3.732064254 -30.309420841 -32.563277742 -13.983315875 30.309420841 4 -9.000000000 1.062500000 -66.750000000 -35.812500000 -1 -64.853623094 -34.601609984 -10.896376906 -0.148390016 -32.563277742 -13.983315875 4 -66.750000000 -35.812500000 -52.312500000 -26.593750000 -52.312500000 -26.593750000 -37.875000000 -17.375000000 -37.875000000 -17.375000000 -23.437500000 -8.156250000 -23.437500000 -8.156250000 -9.000000000 1.062500000
FGEOM 5.3750000000000000 -11.875000000000000 61.125000000000000 26.000000000000000 23.250000000000000 36.500000000000000 72.375000000000000 -18.375000000000000 -16.375000000000000 17.875000000000000 85.625000000000000 17.875000000000000 3.3750000000000000 2.3750000000000000 1.5000000000000000 5 -0.49604094530365156 3 1 -1 -1 5 0.12500000000000000 13.500000000000000 20.250000000000000 9.7500000000000000 16.375000000000000 -5.6250000000000000 42.375000000000000 25.125000000000000 62.125000000000000 -1.8750000000000000 5 -19 73 37 -14 91 -7 88 169.906250000 13.034809166 4542.578125000 67.398650765 144.080099928 5 -12 5 -11 6 -12 6 -12 66.500000000 14.125000000 -55.750000000 -37.875000000 2828.734375000 8.350237323 -18.448198737 13.439886965 -6.395940022 33.250000000 7.062500000 1 -15.494548441 2.463016936 11.875000000 5.375000000 71.625000000 18.625000000 0 5 -12 6 -11 2 51.455639900 35.420906286 66.320936762 13.539974271 2 51.455639900 35.420906286 2 66.320936762 13.539974271 38.796398396 1.783939568 0 61.125000000 26.000000000 5.375000000 -11.875000000 5.375000000 -11.875000000 61.125000000 26.000000000 2 49.165429043 17.875000000 5.375000000 -7.794812622 61.125000000 30.080187378 -29.969303570 40.091396079 11.710354287 29.969303570 4 5.375000000 -11.875000000 61.125000000 26.000000000 4 5.375000000 -11.875000000 61.125000000 26.000000000 8.166691642 -9.978402315 58.333308358 24.103402315 40.091396079 11.710354287 5 5.375000000 -11.875000000 16.525000000 -4.300000000 16.525000000 -4.300000000 27.675000000 3.275000000 27.675000000 3.275000000 38.825000000 10.850000000 38.825000000 10.850000000 49.975000000 18.425000000 49.975000000 18.425000000 61.125000000 26.000000000
FGEOM 7.5000000000000000 33.062500000000000 61.250000000000000 68.937500000000000 25.375000000000000 79.437500000000000 72.500000000000000 26.562500000000000 41.750000000000000 -5.1875000000000000 41.750000000000000 106.81250000000000 4.5000000000000000 2.7500000000000000 1.7500000000000000 6 -0.33069396353576770 4 2 0 -1 6 0.25000000000000000 14.500000000000000 21.250000000000000 10.750000000000000 17.500000000000000 38.312500000000000 43.500000000000000 69.062500000000000 63.250000000000000 42.062500000000000 7 26 73 80 -55 46 40 131 1149.378906250 33.902491151 4176.078125000 64.622582160 160.592716235 8 33 7 33 8 34 8 33 68.750000000 102.000000000 -53.750000000 -35.875000000 2624.484375000 4.700981981 20.723495565 16.441340329 39.030324824 34.375000000 51.000000000 1 -6.589421080 41.379228428 -7.500000000 -33.062500000 43.250000000 125.812500000 0 7 33 8 34 2 50.699514337 78.884220680 66.388260526 55.378433706 2 50.699514337 78.884220680 2 66.388260526 55.378433706 39.921398396 45.721439568 0 61.250000000 68.937500000 7.500000000 33.062500000 7.500000000 33.062500000 61.250000000 68.937500000 2 41.750000000 55.922383721 7.500000000 38.472762692 61.250000000 74.347762692 -28.649282698 41.279548881 55.608384951 28.649282698 4 13.532845186 37.089073415 61.250000000 68.937500000 4 7.500000000 33.062500000 61.250000000 68.937500000 11.242886649 35.560659229 57.507113351 66.439340771 41.279548881 55.608384951 6 7.500000000 33.062500000 16.458333333 39.041666667 16.458333333 39.041666667 25.416666667 45.020833333 25.416666667 45.020833333 34.375000000 51.000000000 34.375000000 51.000000000 43.333333333 56.979166667 43.333333333 56.979166667 52.291666667 62.958333333 52.291666667 62.958333333 61.250000000 68.937500000
FGEOM -59.250000000000000 29.000000000000000 -2.5000000000000000 62.875000000000000 -36.375000000000000 73.375000000000000 8.7500000000000000 15.500000000000000 -36.375000000000000 73.375000000000000 8.7500000000000000 15.500000000000000 5.6250000000000000 0.50000000000000000 2.0000000000000000 -6 -0.16534698176788384 5 3 1 -1 0 0.37500000000000000 2.5000000000000000 22.250000000000000 11.750000000000000 -45.250000000000000 33.250000000000000 -19.250000000000000 64.000000000000000 0.50000000000000000 37.000000000000000 -60 15 9 74 -110 -6 -31 61 4351.562500000 65.966374010 4368.078125000 66.091437607 73.452046432 -59 29 -60 29 -60 30 -59 29 -61.750000000 91.875000000 -56.750000000 -33.875000000 2801.359375000 -19.984613673 9.781498675 -49.160758123 35.022432926 -30.875000000 45.937500000 1 -66.241899759 33.370318414 59.250000000 -29.000000000 -13.500000000 117.750000000 0 -60 29 -59 29 2 -3.861651564 64.971641366 -1.300748233 60.681419548 2 -3.861651564 64.971641366 2 -1.300748233 60.681419548 -22.828601604 40.658939568 0 -2.500000000 62.875000000 -59.250000000 29.000000000 -59.250000000 29.000000000 -2.500000000 62.875000000 2 -20.029634000 52.411275740 -59.250000000 35.550913419 -2.500000000 69.425913419 -26.378464263 -22.854784534 50.724897338 26.378464263 4 -22.854784534 50.724897338 -15.055331292 55.380518105 4 -59.250000000 29.000000000 -2.500000000 62.875000000 -54.420043782 31.883079592 -7.329956218 59.991920408 -22.854784534 50.724897338 0
FGEOM -3.1250000000000000 -13.062500000000000 55.625000000000000 27.812500000000000 19.750000000000000 40.312500000000000 62.875000000000000 -23.562500000000000 0.37500000000000000 -10.812500000000000 59.125000000000000 30.062500000000000 6.7500000000000000 0.87500000000000000 2.2500000000000000 -5 0.0000000000000000 0 4 1 0 1 0.0000000000000000 3.5000000000000000 23.250000000000000 12.750000000000000 9.8750000000000000 -6.8125000000000000 35.875000000000000 23.937500000000000 55.625000000000000 -3.0625000000000000 -4 -24 63 41 -21 87 -17 84 180.394531250 13.431103129 5122.328125000 71.570441699 105.360588057 -3 -13 -3 -14 -3 -12 -3 -13 52.500000000 14.750000000 -58.750000000 -40.875000000 3525.609375000 -5.409551941 -22.611927114 7.341087427 -5.780775343 26.250000000 7.375000000 1 -3.125000000 -13.062500000 -13.062500000 3.125000000 -33.625000000 63.187500000 0 -4 -14 -3 -13 2 53.487986726 30.584353941 57.481013118 24.845141696 2 53.487986726 30.584353941 2 57.481013118 24.845141696 32.296398396 0.596439568 0 55.625000000 27.812500000 -3.125000000 -13.062500000 -3.125000000 -13.062500000 55.625000000 27.812500000 -1 -3.125000000 -4.839513081 55.625000000 36.035486919 -30.749644305 37.311603382 15.071051714 30.749644305 4 0.288220002 -10.687770339 55.625000000 27.812500000 4 0.288220002 -10.687770339 55.625000000 27.812500000 2.415869814 -9.207469299 50.084130186 23.957469299 37.311603382 15.071051714 1 -3.125000000 -13.062500000 55.625000000 27.812500000
FGEOM -15.000000000000000 -22.125000000000000 41.750000000000000 16.750000000000000 7.8750000000000000 29.250000000000000 49.000000000000000 -32.625000000000000 41.750000000000000 16.750000000000000 -15.000000000000000 -22.125000000000000 7.8750000000000000 1.2500000000000000 2.5000000000000000 -4 0.16534698176788384 1 5 1 1 2 0.12500000000000000 4.5000000000000000 24.250000000000000 13.750000000000000 -3.0000000000000000 -16.875000000000000 23.000000000000000 13.875000000000000 42.750000000000000 -13.125000000000000 -15 -33 49 30 -22 82 -38 59 714.515625000 26.730425081 4731.828125000 68.788284795 120.322645676 -15 -22 -15 -23 -15 -20 -15 -22 26.750000000 -5.375000000 -56.750000000 -38.875000000 3295.359375000 -13.608088869 -20.071931081 -3.656316954 -14.354327253 13.375000000 -2.687500000 1 -6.231967740 -25.189413215 -15.000000000 -22.125000000 -15.000000000 -22.125000000 0 -15 -23 -15 -22 2 38.969454948 20.288159015 44.044818407 12.879107535 2 38.969454948 20.288159015 2 44.044818407 12.879107535 19.421398396 -9.466060432 0 41.750000000 16.750000000 -15.000000000 -22.125000000 -15.000000000 -22.125000000 41.750000000 16.750000000 -1 -15.000000000 -12.579489114 41.750000000 26.295510886 -29.456551083 24.522070454 4.948488791 29.456551083 4 41.750000000 16.750000000 -15.000000000 -22.125000000 -1 -8.503163346 -17.674523790 35.253163346 12.299523790 24.522070454 4.948488791 2 -15.000000000 -22.125000000 13.375000000 -2.687500000 13.375000000 -2.687500000 41.750000000 16.750000000
FGEOM 8.1250000000000000 -32.187500000000000 62.875000000000000 4.6875000000000000 31.000000000000000 17.187500000000000 70.125000000000000 -42.687500000000000 -13.625000000000000 -4.4375000000000000 88.375000000000000 -4.4375000000000000 9.0000000000000000 1.6250000000000000 2.7500000000000000 -3 0.33069396353576770 2 6 0 1 3 0.25000000000000000 5.5000000000000000 25.250000000000000 14.750000000000000 19.125000000000000 -27.937500000000000 45.125000000000000 2.8125000000000000 64.875000000000000 -24.187500000000000 8 -43 71 18 13 113 -25 68 1102.050781250 33.197150198 4357.328125000 66.010060786 134.902431467 8 -32 9 -32 8 -30 8 -32 71.000000000 -27.500000000 -54.750000000 -36.875000000 3073.109375000 6.179935590 -24.482052530 20.358930561 -23.947752248 35.500000000 -13.750000000 1 25.396466888 -36.939726667 32.187500000 8.125000000 80.375000000 -5.687500000 0 8 -33 9 -32 2 59.433142787 8.977443930 65.556672324 -0.114440602 2 59.433142787 8.977443930 2 65.556672324 -0.114440602 41.546398396 -20.528560432 0 62.875000000 4.687500000 8.125000000 -32.187500000 8.125000000 -32.187500000 62.875000000 4.687500000 2 49.326694915 -4.437500000 8.125000000 -21.336531104 62.875000000 15.538468896 -28.173972313 46.738740681 -6.180528537 28.173972313 4 8.125000000 -32.187500000 62.875000000 4.687500000 4 8.125000000 -32.187500000 62.875000000 4.687500000 15.589771190 -27.159857304 55.410228810 -0.340142696 46.738740681 -6.180528537 3 8.125000000 -32.187500000 26.375000000 -19.895833333 26.375000000 -19.895833333 44.625000000 -7.604166667 44.625000000 -7.604166667 62.875000000 4.687500000
FGEOM -27.750000000000000 -0.25000000000000000 25.000000000000000 37.625000000000000 -13.875000000000000 50.125000000000000 32.250000000000000 -7.7500000000000000 6.5000000000000000 -37.500000000000000 6.5000000000000000 74.500000000000000 -9.0000000000000000 2.0000000000000000 0.75000000000000000 -2 0.49604094530365156 3 0 -1 1 4 0.37500000000000000 100.00000000000000 26.250000000000000 15.750000000000000 -17.750000000000000 6.0000000000000000 8.2500000000000000 36.750000000000000 28.000000000000000 9.7500000000000000 -28 -8 33 51 -64 40 -28 63 770.125000000 27.751126103 4217.078125000 64.939033909 109.257334029 -28 0 -27 0 -27 0 -28 -1 -2.750000000 37.375000000 -52.750000000 -37.875000000 2639.859375000 -26.248934810 -0.236476890 -14.956269481 8.936019780 -1.375000000 18.687500000 1 -2.101848374 -0.782260295 27.750000000 0.250000000 0.000000000 100.500000000 0 -28 -1 -27 0 0 -1 -1 4.671398396 13.408939568 0 25.000000000 37.625000000 -27.750000000 -0.250000000 -27.750000000 -0.250000000 25.000000000 37.625000000 2 6.500000000 24.341824645 -27.750000000 -11.329645596 25.000000000 26.545354404 -32.827184155 5.271105586 23.459466807 32.827184155 4 -22.798524786 3.305206137 25.000000000 37.625000000 4 -27.750000000 -0.250000000 25.000000000 37.625000000 -20.439296846 4.999154160 17.689296846 32.375845840 5.271105586 23.459466807 4 -27.750000000 -0.250000000 -14.562500000 9.218750000 -14.562500000 9.218750000 -1.375000000 18.687500000 -1.375000000 18.687500000 11.812500000 28.156250000 11.812500000 28.156250000 25.000000000 37.625000000
FGEOM 0.37500000000000000 -14.312500000000000 60.125000000000000 21.562500000000000 19.250000000000000 34.062500000000000 73.375000000000000 -21.812500000000000 19.250000000000000 34.062500000000000 73.375000000000000 -21.812500000000000 -7.8750000000000000 2.3750000000000000 1.0000000000000000 -1 0.66138792707153540 4 1 -1 0 5 0.0000000000000000 7.5000000000000000 27.250000000000000 16.750000000000000 14.375000000000000 -9.0625000000000000 40.375000000000000 21.687500000000000 60.125000000000000 -5.3125000000000000 0 -22 74 35 -15 96 -14 82 204.988281250 14.317411821 4857.078125000 69.692740834 146.370760106 0 -14 0 -14 0 -14 0 -15 60.500000000 7.250000000 -59.750000000 -35.875000000 2863.234375000 0.713728859 -27.240651444 14.735355010 -5.690278477 30.250000000 3.625000000 1 34.067512862 -15.705437094 -14.312500000 -0.375000000 -29.125000000 52.937500000 0 0 -15 1 -14 2 55.594757388 27.539698497 63.271308727 14.754362120 2 55.594757388 27.539698497 2 63.271308727 14.754362120 36.796398396 -1.653560432 0 60.125000000 21.562500000 0.375000000 -14.312500000 0.375000000 -14.312500000 60.125000000 21.562500000 2 41.936927223 10.642046262 0.375000000 -23.497944922 60.125000000 12.377055078 -31.757477156 35.597462868 6.835715153 31.757477156 4 35.597462868 6.835715153 50.721745890 15.916613118 4 0.375000000 -14.312500000 60.125000000 21.562500000 7.126510191 -10.258768986 53.373489809 17.508768986 35.597462868 6.835715153 5 0.375000000 -14.312500000 12.325000000 -7.137500000 12.325000000 -7.137500000 24.275000000 0.037500000 24.275000000 0.037500000 36.225000000 7.212500000 36.225000000 7.212500000 48.175000000 14.387500000 48.175000000 14.387500000 60.125000000 21.562500000
FGEOM 20.500000000000000 -9.3750000000000000 78.250000000000000 24.500000000000000 39.375000000000000 37.000000000000000 91.500000000000000 -16.875000000000000 24.000000000000000 -7.1250000000000000 81.750000000000000 26.750000000000000 -6.7500000000000000 2.7500000000000000 1.2500000000000000 0 0.82673490883941920 5 2 -1 -1 6 0.12500000000000000 8.5000000000000000 28.250000000000000 17.750000000000000 33.500000000000000 -5.1250000000000000 59.500000000000000 25.625000000000000 79.250000000000000 -1.3750000000000000 20 -17 92 37 2 109 11 103 508.140625000 22.541974736 4482.578125000 66.952058407 164.360589316 21 -9 20 -9 20 -10 21 -10 98.750000000 15.125000000 -57.750000000 -33.875000000 2660.984375000 25.690961275 -11.748915217 35.810395593 -0.394226827 49.375000000 7.562500000 1 60.710506693 -8.295721698 20.500000000 -9.375000000 20.500000000 -9.375000000 0 20 -10 21 -9 2 73.053335716 31.226416603 81.585040289 16.681591833 2 73.053335716 31.226416603 2 81.585040289 16.681591833 55.921398396 2.283939568 0 78.250000000 24.500000000 20.500000000 -9.375000000 20.500000000 -9.375000000 78.250000000 24.500000000 -1 20.500000000 -17.200565268 78.250000000 16.674434732 -30.451126873 54.782023285 10.734152186 30.451126873 4 24.085961274 -7.271546526 78.250000000 24.500000000 4 24.085961274 -7.271546526 78.250000000 24.500000000 26.322263113 -5.959776399 72.427736887 21.084776399 54.782023285 10.734152186 6 20.500000000 -9.375000000 30.125000000 -3.729166667 30.125000000 -3.729166667 39.750000000 1.916666667 39.750000000 1.916666667 49.375000000 7.562500000 49.375000000 7.562500000 59.000000000 13.208333333 59.000000000 13.208333333 68.625000000 18.854166667 68.625000000 18.854166667 78.250000000 24.500000000
FGEOM -7.2500000000000000 -18.750000000000000 48.500000000000000 22.125000000000000 11.625000000000000 28.625000000000000 61.750000000000000 -30.250000000000000 48.500000000000000 22.125000000000000 -7.2500000000000000 -18.750000000000000 -5.6250000000000000 0.50000000000000000 1.5000000000000000 1 -0.82673490883941920 0 3 0 -1 0 0.25000000000000000 9.5000000000000000 29.250000000000000 18.750000000000000 4.7500000000000000 -12.500000000000000 30.750000000000000 18.250000000000000 50.500000000000000 -8.7500000000000000 -8 -31 62 29 -17 92 -26 71 404.125000000 20.102860493 4778.828125000 69.129068596 67.351601920 -7 -19 -8 -19 -7 -18 -7 -19 41.250000000 3.375000000 -55.750000000 -40.875000000 2988.734375000 -10.548871892 -27.281565238 7.871171473 -7.663401185 20.625000000 1.687500000 1 -36.013609933 10.425574358 18.750000000 -7.250000000 59.000000000 9.750000000 0 -8 -19 -7 -18 2 41.883224227 28.941764509 53.011055555 13.764355421 2 41.883224227 28.941764509 2 53.011055555 13.764355421 27.171398396 -5.091060432 0 48.500000000 22.125000000 -7.250000000 -18.750000000 -7.250000000 -18.750000000 48.500000000 22.125000000 -1 -7.250000000 -25.724906024 48.500000000 15.150093976 -27.045650447 27.616694731 6.813697706 27.045650447 4 48.500000000 22.125000000 -7.250000000 -18.750000000 -1 -2.713648558 -15.424020355 43.963648558 18.799020355 27.616694731 6.813697706 0
FGEOM -44.125000000000000 -6.8125000000000000 9.6250000000000000 32.062500000000000 -25.250000000000000 38.562500000000000 22.875000000000000 -18.312500000000000 -65.875000000000000 21.937500000000000 36.125000000000000 21.937500000000000 -4.5000000000000000 0.87500000000000000 1.7500000000000000 2 -0.66138792707153540 1 4 1 -1 1 0.37500000000000000 10.500000000000000 30.250000000000000 19.750000000000000 -33.125000000000000 -1.5625000000000000 -7.1250000000000000 29.187500000000000 12.625000000000000 2.1875000000000000 -45 -19 23 39 -64 42 -51 42 1993.425781250 44.647797048 4400.328125000 66.334969096 82.705437869 -44 -7 -45 -7 -44 -8 -44 -6 -34.500000000 25.250000000 -53.750000000 -38.875000000 2778.484375000 -29.895791915 -4.615639262 -28.121939857 4.761806289 -17.250000000 12.625000000 1 -68.014928953 14.348514338 44.125000000 6.812500000 -6.375000000 83.937500000 0 -45 -7 -44 -6 2 2.202443712 39.489185543 14.354149191 22.687792115 2 2.202443712 39.489185543 2 14.354149191 22.687792115 -10.703601604 5.846439568 0 9.625000000 32.062500000 -44.125000000 -6.812500000 -44.125000000 -6.812500000 9.625000000 32.062500000 2 -4.374196141 21.937500000 -44.125000000 -12.366125320 9.625000000 26.508874680 -25.705003684 -10.185818440 17.734210384 25.705003684 4 -44.125000000 -6.812500000 9.625000000 32.062500000 4 -44.125000000 -6.812500000 9.625000000 32.062500000 -40.478733132 -4.175316289 5.978733132 29.425316289 -10.185818440 17.734210384 1 -44.125000000 -6.812500000 9.625000000 32.062500000
FGEOM -21.000000000000000 -28.875000000000000 34.750000000000000 8.0000000000000000 -2.1250000000000000 22.500000000000000 44.000000000000000 -40.375000000000000 13.250000000000000 -68.125000000000000 13.250000000000000 43.875000000000000 -3.3750000000000000 1.2500000000000000 2.0000000000000000 3 -0.49604094530365156 2 5 1 0 2 0.0000000000000000 11.500000000000000 31.250000000000000 20.750000000000000 -11.000000000000000 -24.625000000000000 15.000000000000000 6.1250000000000000 34.750000000000000 -20.875000000000000 -21 -41 44 23 -25 85 -50 43 1274.765625000 35.703860085 4467.828125000 66.841814196 101.466300594 -21 -29 -21 -29 -20 -30 -21 -28 13.750000000 -20.875000000 -55.750000000 -36.875000000 2946.734375000 -18.380365552 -25.273002634 -3.693280936 -17.427730664 6.875000000 -10.437500000 1 -43.176864371 -13.699456925 -28.875000000 21.000000000 -53.500000000 41.375000000 0 -21 -29 -21 -28 2 26.850103847 16.357131133 39.349439066 -2.540168892 2 26.850103847 16.357131133 2 39.349439066 -2.540168892 11.421398396 -17.216060432 0 34.750000000 8.000000000 -21.000000000 -28.875000000 -21.000000000 -28.875000000 34.750000000 8.000000000 2 13.250000000 -6.220852018 -21.000000000 -32.921477541 34.750000000 3.953522459 -32.436890756 15.769642164 -4.554272560 32.436890756 4 -15.233948612 -25.061131929 34.750000000 8.000000000 4 -21.000000000 -28.875000000 34.750000000 8.000000000 -18.185051719 -27.013094747 31.935051719 6.138094747 15.769642164 -4.554272560 2 -21.000000000 -28.875000000 6.875000000 -10.437500000 6.875000000 -10.437500000 34.750000000 8.000000000
FGEOM -62.875000000000000 -14.937500000000000 -4.1250000000000000 22.937500000000000 -39.000000000000000 37.437500000000000 5.1250000000000000 -23.437500000000000 -39.000000000000000 37.437500000000000 5.1250000000000000 -23.437500000000000 -2.2500000000000000 1.6250000000000000 2.2500000000000000 4 -0.33069396353576770 3 6 1 1 3 0.12500000000000000 12.500000000000000 1.2500000000000000 21.750000000000000 -48.875000000000000 -8.6875000000000000 -22.875000000000000 22.062500000000000 -3.1250000000000000 -4.9375000000000000 -63 -24 6 38 -77 29 -78 19 4176.394531250 64.625030222 4886.078125000 69.900487302 127.970768452 -63 -15 -62 -15 -63 -12 -63 -14 -67.000000000 8.000000000 -58.750000000 -37.875000000 3386.359375000 -1.216150302 -0.288926364 -44.594548041 -3.152442673 -33.500000000 4.000000000 1 -78.587521345 -4.347478207 -62.875000000 -14.937500000 -62.875000000 -14.937500000 0 -63 -15 -62 -14 2 -12.667589119 32.062968270 0.660102126 11.389651818 2 -12.667589119 32.062968270 2 0.660102126 11.389651818 -26.453601604 -1.278560432 0 -4.125000000 22.937500000 -62.875000000 -14.937500000 -62.875000000 -14.937500000 -4.125000000 22.937500000 2 -20.730211717 12.232437978 -62.875000000 -17.614539939 -4.125000000 20.260460061 -31.083697824 -22.157555827 11.312256563 31.083697824 4 -22.157555827 11.312256563 -18.710249385 13.534669013 4 -62.875000000 -14.937500000 -4.125000000 22.937500000 -60.983918763 -13.718356139 -6.016081237 21.718356139 -22.157555827 11.312256563 3 -62.875000000 -14.937500000 -43.291666667 -2.312500000 -43.291666667 -2.312500000 -23.708333333 10.312500000 -23.708333333 10.312500000 -4.125000000 22.937500000
FGEOM -19.750000000000000 26.000000000000000 37.000000000000000 61.875000000000000 4.1250000000000000 76.375000000000000 46.250000000000000 17.500000000000000 -16.250000000000000 28.250000000000000 40.500000000000000 64.125000000000000 -1.1250000000000000 2.0000000000000000 2.5000000000000000 5 -0.16534698176788384 4 0 0 1 4 0.25000000000000000 13.500000000000000 2.2500000000000000 22.750000000000000 -6.7500000000000000 31.250000000000000 19.250000000000000 62.000000000000000 39.000000000000000 35.000000000000000 -20 17 47 77 -73 29 6 99 1066.062500000 32.650612552 4507.578125000 67.138499574 144.658555420 -20 26 -19 26 -20 26 -20 26 17.250000000 87.875000000 -56.750000000 -35.875000000 3162.109375000 -1.361000500 1.791696860 -0.520161559 38.156307561 8.625000000 43.937500000 1 -27.715828604 30.616745184 -26.000000000 -19.750000000 54.500000000 52.500000000 0 -20 26 -19 26 2 27.639191075 71.602551401 41.771786966 49.246458946 2 27.639191075 71.602551401 2 41.771786966 49.246458946 15.671398396 38.658939568 0 37.000000000 61.875000000 -19.750000000 26.000000000 -19.750000000 26.000000000 37.000000000 61.875000000 -1 -19.750000000 24.669060581 37.000000000 60.544060581 -29.822912900 20.060670399 51.166657279 29.822912900 4 -16.233087509 28.223246443 37.000000000 61.875000000 4 -16.233087509 28.223246443 37.000000000 61.875000000 -18.799073923 26.601136088 36.049073923 61.273863912 20.060670399 51.166657279 4 -19.750000000 26.000000000 -5.562500000 34.968750000 -5.562500000 34.968750000 8.625000000 43.937500000 8.625000000 43.937500000 22.812500000 52.906250000 22.812500000 52.906250000 37.000000000 61.875000000
FGEOM -31.625000000000000 -62.062500000000000 23.125000000000000 -28.187500000000000 -7.7500000000000000 -13.687500000000000 32.375000000000000 -70.562500000000000 23.125000000000000 -28.187500000000000 -31.625000000000000 -62.062500000000000 0.0000000000000000 2.3750000000000000 2.7500000000000000 6 0.0000000000000000 5 1 -1 1 5 0.37500000000000000 14.500000000000000 3.2500000000000000 23.750000000000000 -19.625000000000000 -57.812500000000000 6.3750000000000000 -27.062500000000000 26.125000000000000 -54.062500000000000 -32 -71 33 -13 5 103 -94 -5 4851.894531250 69.655542000 4145.078125000 64.382281142 159.956909481 -32 -62 -31 -62 -30 -62 -32 -63 -8.500000000 -90.250000000 -54.750000000 -33.875000000 2945.859375000 -1.475564572 -2.895722569 -11.428255229 -49.566340564 -4.250000000 -45.125000000 1 -31.625000000 -62.062500000 31.625000000 62.062500000 16.125000000 34.687500000 0 -32 -63 -31 -62 2 12.914698030 -17.891882793 27.781154544 -41.919587418 2 12.914698030 -17.891882793 2 27.781154544 -41.919587418 2.796398396 -50.403560432 0 23.125000000 -28.187500000 -31.625000000 -62.062500000 -31.625000000 -62.062500000 23.125000000 -28.187500000 -1 -31.625000000 -62.062500000 23.125000000 -28.187500000 -28.575651443 7.285195639 -37.987926899 28.575651443 4 23.125000000 -28.187500000 -31.625000000 -62.062500000 -1 -31.625000000 -62.062500000 23.125000000 -28.187500000 7.285195639 -37.987926899 5 -31.625000000 -62.062500000 -20.675000000 -55.287500000 -20.675000000 -55.287500000 -9.725000000 -48.512500000 -9.725000000 -48.512500000 1.225000000 -41.737500000 1.225000000 -41.737500000 12.175000000 -34.962500000 12.175000000 -34.962500000 23.125000000 -28.187500000
FGEOM -66.500000000000000 -58.125000000000000 -9.7500000000000000 -17.250000000000000 -51.625000000000000 -8.7500000000000000 -4.5000000000000000 -63.625000000000000 -88.250000000000000 -28.375000000000000 13.750000000000000 -28.375000000000000 1.1250000000000000 2.7500000000000000 0.75000000000000000 -6 0.16534698176788384 0 2 -1 0 6 0.0000000000000000 100.00000000000000 4.2500000000000000 24.750000000000000 -55.500000000000000 -51.875000000000000 -29.500000000000000 -21.125000000000000 -9.7500000000000000 -48.125000000000000 -67 -64 -4 -8 -43 60 -125 -27 7800.765625000 88.321943055 4891.328125000 69.938030606 159.044992283 -66 -58 -66 -58 -66 -58 -66 -59 -76.250000000 -75.375000000 -56.750000000 -40.875000000 2862.359375000 -3.199940923 -2.796940845 -46.417042447 -43.659962291 -38.125000000 -37.687500000 1 -58.170266493 -59.899933886 66.500000000 58.125000000 -36.750000000 40.625000000 0 -67 -59 -66 -58 0 -1 -1 -33.078601604 -44.466060432 0 -9.750000000 -17.250000000 -66.500000000 -58.125000000 -66.500000000 -58.125000000 -9.750000000 -17.250000000 2 -25.195718654 -28.375000000 -66.500000000 -56.738563270 -9.750000000 -15.863563270 -31.370852253 -33.290431887 -34.205333099 31.370852253 4 -66.500000000 -58.125000000 -9.750000000 -17.250000000 4 -66.500000000 -58.125000000 -9.750000000 -17.250000000 -65.587138293 -57.467498286 -10.662861707 -17.907501714 -33.290431887 -34.205333099 6 -66.500000000 -58.125000000 -57.041666667 -51.312500000 -57.041666667 -51.312500000 -47.583333333 -44.500000000 -47.583333333 -44.500000000 -38.125000000 -37.687500000 -38.125000000 -37.687500000 -28.666666667 -30.875000000 -28.666666667 -30.875000000 -19.208333333 -24.062500000 -19.208333333 -24.062500000 -9.750000000 -17.250000000
FGEOM 9.7500000000000000 17.812500000000000 64.500000000000000 56.687500000000000 24.625000000000000 65.187500000000000 69.750000000000000 5.3125000000000000 44.000000000000000 -20.437500000000000 44.000000000000000 91.562500000000000 2.2500000000000000 0.50000000000000000 1.0000000000000000 -5 0.33069396353576770 1 3 -1 -1 0 0.12500000000000000 3.5000000000000000 5.2500000000000000 25.750000000000000 19.750000000000000 23.062500000000000 45.750000000000000 53.812500000000000 65.500000000000000 26.812500000000000 9 5 70 66 -41 65 27 122 412.347656250 20.306345221 4508.828125000 67.147808043 47.546358956 10 18 9 18 10 18 10 17 74.250000000 74.500000000 -54.750000000 -38.875000000 2656.109375000 2.520763803 4.605241563 30.745659294 32.720376805 37.125000000 37.250000000 1 25.938605883 15.549503570 17.812500000 -9.750000000 -22.750000000 80.062500000 0 9 17 10 18 2 62.327691309 59.431780407 66.374808994 53.731981224 2 62.327691309 59.431780407 2 66.374808994 53.731981224 42.171398396 30.471439568 0 64.500000000 56.687500000 9.750000000 17.812500000 9.750000000 17.812500000 64.500000000 56.687500000 2 44.000000000 42.131563927 9.750000000 20.571998961 64.500000000 59.446998961 -30.016104527 42.002723823 40.713406641 30.016104527 4 14.464080017 21.159712067 64.500000000 56.687500000 4 9.750000000 17.812500000 64.500000000 56.687500000 11.584572171 19.115130012 62.665427829 55.384869988 42.002723823 40.713406641 0
FGEOM -44.125000000000000 -17.250000000000000 13.625000000000000 19.625000000000000 -24.250000000000000 28.125000000000000 28.875000000000000 -29.750000000000000 -24.250000000000000 28.125000000000000 28.875000000000000 -29.750000000000000 3.3750000000000000 0.87500000000000000 1.2500000000000000 -4 0.49604094530365156 2 4 0 -1 1 0.25000000000000000 4.5000000000000000 6.2500000000000000 26.750000000000000 -30.125000000000000 -13.000000000000000 -4.1250000000000000 17.750000000000000 15.625000000000000 -9.2500000000000000 -45 -30 29 29 -53 59 -62 34 2244.578125000 47.376978850 4694.828125000 68.518815846 68.396206149 -44 -17 -45 -17 -44 -16 -44 -17 -30.500000000 2.375000000 -57.750000000 -36.875000000 2820.984375000 -5.820996963 -2.275630541 -21.579185673 -2.853863146 -15.250000000 1.187500000 1 -20.133427846 -21.240575898 -44.125000000 -17.250000000 -44.125000000 -17.250000000 0 -45 -18 -44 -17 2 10.959357904 23.250514062 15.792460919 15.681383238 2 10.959357904 23.250514062 2 15.792460919 15.681383238 -7.703601604 -5.591060432 0 13.625000000 19.625000000 -44.125000000 -17.250000000 -44.125000000 -17.250000000 13.625000000 19.625000000 2 -5.334843758 7.518606259 -44.125000000 -13.245653619 13.625000000 23.629346381 -27.547405799 -9.424720603 4.907104809 27.547405799 4 -9.424720603 4.907104809 2.062084192 12.241752893 4 -44.125000000 -17.250000000 13.625000000 19.625000000 -41.280434641 -15.433664976 10.780434641 17.808664976 -9.424720603 4.907104809 1 -44.125000000 -17.250000000 13.625000000 19.625000000
FGEOM -60.000000000000000 25.687500000000000 -4.2500000000000000 63.562500000000000 -40.125000000000000 72.062500000000000 11.000000000000000 16.187500000000000 -56.500000000000000 27.937500000000000 -0.75000000000000000 65.812500000000000 4.5000000000000000 1.2500000000000000 1.5000000000000000 -3 0.66138792707153540 3 5 1 -1 2 0.37500000000000000 5.5000000000000000 7.2500000000000000 27.750000000000000 -47.000000000000000 31.937500000000000 -21.000000000000000 62.687500000000000 -1.2500000000000000 35.687500000000000 -60 16 11 73 -113 -5 -35 60 4259.847656250 65.267508427 4542.578125000 67.398650765 89.911110618 -60 26 -60 25 -60 25 -60 26 -64.250000000 89.250000000 -55.750000000 -37.875000000 2864.484375000 -6.664878291 2.853401018 -37.046090946 41.281747631 -32.125000000 44.625000000 1 -27.325053073 23.258631212 -25.687500000 -60.000000000 6.250000000 52.187500000 0 -60 25 -60 26 2 -7.701694786 67.844532590 -1.540807578 58.776031947 2 -7.701694786 67.844532590 2 -1.540807578 58.776031947 -24.578601604 39.346439568 0 -4.250000000 63.562500000 -60.000000000 25.687500000 -60.000000000 25.687500000 -4.250000000 63.562500000 -1 -60.000000000 31.127749838 -4.250000000 69.002749838 -27.191058043 -24.844852524 49.570929788 27.191058043 4 -56.559406656 28.024943460 -4.250000000 63.562500000 4 -56.559406656 28.024943460 -4.250000000 63.562500000 -56.277744478 28.216296913 -7.972255522 61.033703087 -24.844852524 49.570929788 2 -60.000000000 25.687500000 -32.125000000 44.625000000 -32.125000000 44.625000000 -4.250000000 63.562500000
FGEOM -7.8750000000000000 7.6250000000000000 49.875000000000000 43.500000000000000 12.000000000000000 60.000000000000000 61.125000000000000 -1.8750000000000000 49.875000000000000 43.500000000000000 -7.8750000000000000 7.6250000000000000 5.6250000000000000 1.6250000000000000 1.7500000000000000 -2 0.82673490883941920 4 6 1 0 3 0.0000000000000000 6.5000000000000000 8.2500000000000000 28.750000000000000 4.1250000000000000 12.875000000000000 30.125000000000000 43.625000000000000 49.875000000000000 16.625000000000000 -8 -2 62 60 -48 63 -1 94 120.156250000 10.961580634 4622.078125000 67.985867098 112.907638208 -8 8 -8 7 -8 6 -8 8 42.000000000 51.125000000 -57.750000000 -35.875000000 3026.734375000 -5.926950881 5.738793710 16.546435967 22.795892040 21.000000000 25.562500000 1 37.072568585 9.904864961 7.875000000 -7.625000000 31.875000000 112.375000000 0 -8 7 -7 8 2 45.932884019 48.668144889 52.761340880 37.675994821 2 45.932884019 48.668144889 2 52.761340880 37.675994821 26.546398396 20.283939568 0 49.875000000 43.500000000 -7.875000000 7.625000000 -7.875000000 7.625000000 49.875000000 43.500000000 -1 -7.875000000 14.247000042 49.875000000 50.122000042 -34.001781895 29.942169124 31.117483850 34.001781895 4 49.875000000 43.500000000 -7.875000000 7.625000000 -1 -3.096892963 10.593218008 45.096892963 40.531781992 29.942169124 31.117483850 3 -7.875000000 7.625000000 11.375000000 19.583333333 11.375000000 19.583333333 30.625000000 31.541666667 30.625000000 31.541666667 49.875000000 43.500000000
FGEOM 3.2500000000000000 -48.750000000000000 59.000000000000000 -14.875000000000000 23.125000000000000 1.6250000000000000 70.250000000000000 -58.250000000000000 -18.500000000000000 -21.000000000000000 83.500000000000000 -21.000000000000000 6.7500000000000000 2.0000000000000000 2.0000000000000000 -1 -0.82673490883941920 5 0 1 1 4 0.12500000000000000 7.5000000000000000 9.2500000000000000 29.750000000000000 14.250000000000000 -44.500000000000000 40.250000000000000 -13.750000000000000 60.000000000000000 -40.750000000000000 3 -59 71 2 21 129 -46 45 2387.125000000 48.858213230 4255.578125000 65.234792289 130.469584578 3 -49 4 -49 5 -48 3 -48 62.250000000 -63.625000000 -55.750000000 -33.875000000 2814.484375000 0.615300847 -9.229512710 28.674508024 -33.301476066 31.125000000 -31.812500000 1 -27.398063236 -17.870546446 -48.750000000 -3.250000000 -27.250000000 21.500000000 0 3 -49 4 -48 2 54.394338503 -8.955719455 62.131860567 -21.689796357 2 54.394338503 -8.955719455 2 62.131860567 -21.689796357 36.671398396 -37.091060432 0 59.000000000 -14.875000000 3.250000000 -48.750000000 3.250000000 -48.750000000 59.000000000 -14.875000000 2 48.919741697 -21.000000000 3.250000000 -40.851617077 59.000000000 -6.976617077 -32.730090034 40.121019471 -26.346308797 32.730090034 4 3.250000000 -48.750000000 59.000000000 -14.875000000 4 3.250000000 -48.750000000 59.000000000 -14.875000000 9.018585854 -45.244872721 53.231414146 -18.380127279 40.121019471 -26.346308797 4 3.250000000 -48.750000000 17.187500000 -40.281250000 17.187500000 -40.281250000 31.125000000 -31.812500000 31.125000000 -31.812500000 45.062500000 -23.343750000 45.062500000 -23.343750000 59.000000000 -14.875000000
FGEOM -17.625000000000000 27.187500000000000 36.125000000000000 68.062500000000000 2.2500000000000000 78.562500000000000 47.375000000000000 20.687500000000000 16.625000000000000 -10.062500000000000 16.625000000000000 101.93750000000000 7.8750000000000000 2.3750000000000000 2.2500000000000000 0 -0.66138792707153540 0 1 0 1 5 0.25000000000000000 8.5000000000000000 10.250000000000000 30.750000000000000 -7.6250000000000000 33.437500000000000 18.375000000000000 64.187500000000000 38.125000000000000 37.187500000000000 -18 20 48 79 -77 27 9 105 1049.800781250 32.400629334 4559.828125000 67.526499428 157.335212653 -18 27 -17 27 -17 27 -18 27 18.500000000 95.250000000 -53.750000000 -40.875000000 3168.234375000 -5.575701883 8.600816735 6.851502025 45.801025959 9.250000000 47.625000000 1 -44.989345739 50.227883994 -17.625000000 27.187500000 -17.625000000 27.187500000 0 -18 27 -17 28 2 30.169059929 74.126886026 40.377613808 60.702793769 2 30.169059929 74.126886026 2 40.377613808 60.702793769 14.796398396 40.846439568 0 36.125000000 68.062500000 -17.625000000 27.187500000 -17.625000000 27.187500000 36.125000000 68.062500000 2 16.625000000 53.233430233 -17.625000000 37.080917358 36.125000000 77.955917358 -28.862974410 19.721275559 55.588039785 28.862974410 4 -13.872451418 30.041182293 36.125000000 68.062500000 4 -17.625000000 27.187500000 36.125000000 68.062500000 -11.356627530 31.954378599 29.856627530 63.295621401 19.721275559 55.588039785 5 -17.625000000 27.187500000 -6.875000000 35.362500000 -6.875000000 35.362500000 3.875000000 43.537500000 3.875000000 43.537500000 14.625000000 51.712500000 14.625000000 51.712500000 25.375000000 59.887500000 25.375000000 59.887500000 36.125000000 68.062500000
FGEOM -53.500000000000000 -32.875000000000000 3.2500000000000000 6.0000000000000000 -28.625000000000000 16.500000000000000 14.500000000000000 -39.375000000000000 -28.625000000000000 16.500000000000000 14.500000000000000 -39.375000000000000 9.0000000000000000 2.7500000000000000 2.5000000000000000 1 -0.49604094530365156 1 2 -1 1 6 0.37500000000000000 9.5000000000000000 11.250000000000000 31.750000000000000 -39.500000000000000 -27.625000000000000 -13.500000000000000 3.1250000000000000 6.2500000000000000 -23.875000000000000 -54 -40 15 17 -46 54 -87 10 3943.015625000 62.793436162 4731.828125000 68.788284795 183.850249014 -53 -33 -53 -32 -54 -32 -54 -33 -50.250000000 -26.875000000 -56.750000000 -38.875000000 3331.109375000 -9.584998637 -5.889847293 -27.306404603 -14.931810201 -25.125000000 -13.437500000 1 -74.001812092 -15.084825064 32.875000000 -53.500000000 20.750000000 -8.375000000 0 -54 -33 -53 -32 2 -3.149773069 13.020890589 7.484991355 -2.503813746 2 -3.149773069 13.020890589 2 7.484991355 -2.503813746 -17.078601604 -20.216060432 0 3.250000000 6.000000000 -53.500000000 -32.875000000 -53.500000000 -32.875000000 3.250000000 6.000000000 2 -12.299711829 -4.651895108 -53.500000000 -21.965844702 3.250000000 16.909155298 -26.676281150 -13.549170841 -5.507802052 26.676281150 4 -13.549170841 -5.507802052 -10.248590826 -3.246832042 4 -53.500000000 -32.875000000 3.250000000 6.000000000 -46.075043824 -27.788741474 -4.174956176 0.913741474 -13.549170841 -5.507802052 6 -53.500000000 -32.875000000 -44.041666667 -26.395833333 -44.041666667 -26.395833333 -34.583333333 -19.916666667 -34.583333333 -19.916666667 -25.125000000 -13.437500000 -25.125000000 -13.437500000 -15.666666667 -6.958333333 -15.666666667 -6.958333333 -6.208333333 -0.479166667 -6.208333333 -0.479166667 3.250000000 6.000000000
FGEOM -9.2500000000000000 -22.937500000000000 49.500000000000000 13.937500000000000 15.625000000000000 24.437500000000000 56.750000000000000 -36.437500000000000 -5.7500000000000000 -20.687500000000000 53.000000000000000 16.187500000000000 -9.0000000000000000 0.50000000000000000 2.7500000000000000 2 -0.33069396353576770 2 3 -1 0 0 0.0000000000000000 10.500000000000000 12.250000000000000 32.750000000000000 3.7500000000000000 -18.687500000000000 29.750000000000000 12.062500000000000 49.500000000000000 -14.937500000000000 -10 -37 57 25 -9 94 -33 64 611.691406250 24.732395886 4811.328125000 69.363737825 105.575177784 -9 -23 -9 -22 -10 -24 -9 -23 40.250000000 -9.000000000 -58.750000000 -36.875000000 3208.359375000 -4.581541575 -11.360984852 18.488737276 -5.527015965 20.125000000 -4.500000000 1 -23.284841241 -12.293692529 9.250000000 22.937500000 40.500000000 71.812500000 0 -10 -23 -9 -22 2 42.636101178 21.883372700 53.671425005 4.301670330 2 42.636101178 21.883372700 2 53.671425005 4.301670330 26.171398396 -11.278560432 0 49.500000000 13.937500000 -9.250000000 -22.937500000 -9.250000000 -22.937500000 49.500000000 13.937500000 -1 -9.250000000 -33.563434305 49.500000000 3.311565695 -26.901889712 29.926524316 1.652020581 26.901889712 4 -5.726049363 -20.725658643 49.500000000 13.937500000 4 -5.726049363 -20.725658643 49.500000000 13.937500000 -1.627140901 -18.152939502 41.877140901 9.152939502 29.926524316 1.652020581 0
FGEOM -4.1250000000000000 10.000000000000000 52.625000000000000 47.875000000000000 11.750000000000000 58.375000000000000 59.875000000000000 -0.50000000000000000 52.625000000000000 47.875000000000000 -4.1250000000000000 10.000000000000000 -7.8750000000000000 0.87500000000000000 0.75000000000000000 3 -0.16534698176788384 3 4 -1 -1 1 0.12500000000000000 100.00000000000000 13.250000000000000 33.750000000000000 7.8750000000000000 16.250000000000000 33.875000000000000 47.000000000000000 53.625000000000000 20.000000000000000 -5 -1 60 59 -47 61 5 101 117.015625000 10.817376068 4655.078125000 68.228132944 57.207151678 -4 10 -5 10 -3 8 -4 10 48.500000000 57.875000000 -56.750000000 -37.875000000 2733.109375000 -5.052634729 12.248811465 23.947181040 28.735398359 24.250000000 28.937500000 1 -11.870748996 13.272711069 10.000000000 4.125000000 -36.625000000 74.250000000 0 -5 10 -4 10 0 -1 -1 30.296398396 23.658939568 0 52.625000000 47.875000000 -4.125000000 10.000000000 -4.125000000 10.000000000 52.625000000 47.875000000 -1 -4.125000000 0.532219437 52.625000000 38.407219437 -31.424216558 29.194302677 32.237331963 31.424216558 4 52.625000000 47.875000000 -4.125000000 10.000000000 -1 2.425175576 14.371592950 46.074824424 43.503407050 29.194302677 32.237331963 1 -4.125000000 10.000000000 52.625000000 47.875000000
FGEOM -65.000000000000000 -61.062500000000000 -10.250000000000000 -25.187500000000000 -49.125000000000000 -14.687500000000000 -3.0000000000000000 -71.562500000000000 -86.750000000000000 -32.312500000000000 15.250000000000000 -32.312500000000000 -6.7500000000000000 1.2500000000000000 1.0000000000000000 4 0.0000000000000000 4 5 0 -1 2 0.25000000000000000 12.500000000000000 14.250000000000000 34.750000000000000 -54.000000000000000 -55.812500000000000 -28.000000000000000 -25.062500000000000 -8.2500000000000000 -52.062500000000000 -65 -72 -3 -14 -35 69 -127 -35 7953.628906250 89.183120075 4284.578125000 65.456688925 77.270350273 -65 -61 -65 -61 -64 -60 -65 -61 -75.250000000 -86.250000000 -54.750000000 -35.875000000 2532.859375000 -10.385934011 -9.756786085 -35.934024754 -42.016986539 -37.625000000 -43.125000000 1 -65.000000000 -61.062500000 -65.000000000 -61.062500000 -65.000000000 -61.062500000 0 -65 -62 -65 -61 2 -18.971447653 -16.232816821 -5.521798473 -36.758762261 2 -18.971447653 -16.232816821 2 -5.521798473 -36.758762261 -31.578601604 -48.403560432 0 -10.250000000 -25.187500000 -65.000000000 -61.062500000 -65.000000000 -61.062500000 -10.250000000 -25.187500000 2 -21.123693380 -32.312500000 -65.000000000 -69.132502744 -10.250000000 -33.257502744 -30.088836716 -32.634141160 -39.854734048 30.088836716 4 -65.000000000 -61.062500000 -10.250000000 -25.187500000 4 -65.000000000 -61.062500000 -10.250000000 -25.187500000 -59.354091139 -57.363011774 -15.895908861 -28.886988226 -32.634141160 -39.854734048 2 -65.000000000 -61.062500000 -37.625000000 -43.125000000 -37.625000000 -43.125000000 -10.250000000 -25.187500000
FGEOM -50.875000000000000 14.875000000000000 1.8750000000000000 48.750000000000000 -35.000000000000000 59.250000000000000 9.1250000000000000 4.3750000000000000 -16.625000000000000 -24.375000000000000 -16.625000000000000 87.625000000000000 -5.6250000000000000 1.6250000000000000 1.2500000000000000 5 0.16534698176788384 5 6 1 -1 3 0.37500000000000000 13.500000000000000 15.250000000000000 35.750000000000000 -40.875000000000000 19.125000000000000 -14.875000000000000 49.875000000000000 4.8750000000000000 22.875000000000000 -51 4 10 60 -95 5 -36 51 2809.531250000 53.005011556 3930.078125000 62.690335180 95.606993811 -51 15 -51 14 -50 12 -50 15 -49.000000000 63.625000000 -52.750000000 -33.875000000 2340.609375000 -14.637177264 4.279666080 -20.793608752 34.192670683 -24.500000000 31.812500000 1 -43.354600748 12.867278041 -14.875000000 -50.875000000 9.375000000 43.375000000 0 -51 14 -50 15 2 -7.694818316 58.272004905 6.552453740 36.086215948 2 -7.694818316 58.272004905 2 6.552453740 36.086215948 -18.453601604 26.533939568 0 1.875000000 48.750000000 -50.875000000 14.875000000 -50.875000000 14.875000000 1.875000000 48.750000000 2 -16.625000000 36.869668246 -50.875000000 8.190011651 1.875000000 42.065011651 -28.760663343 -19.459048305 35.049698837 28.760663343 4 -44.471388033 18.987272140 1.875000000 48.750000000 4 -50.875000000 14.875000000 1.875000000 48.750000000 -46.141913965 17.914493639 -2.858086035 45.710506361 -19.459048305 35.049698837 3 -50.875000000 14.875000000 -33.291666667 26.166666667 -33.291666667 26.166666667 -15.708333333 37.458333333 -15.708333333 37.458333333 1.875000000 48.750000000
FGEOM -42.750000000000000 28.812500000000000 17.000000000000000 69.687500000000000 -21.875000000000000 82.187500000000000 30.250000000000000 21.312500000000000 -21.875000000000000 82.187500000000000 30.250000000000000 21.312500000000000 -4.5000000000000000 2.0000000000000000 1.5000000000000000 6 0.33069396353576770 0 0 1 0 4 0.0000000000000000 14.500000000000000 16.250000000000000 36.750000000000000 -28.750000000000000 35.062500000000000 -2.7500000000000000 65.812500000000000 17.000000000000000 38.812500000000000 -43 21 31 83 -105 9 -14 87 2657.722656250 51.553105205 5240.828125000 72.393564113 134.311103995 -43 29 -43 28 -42 28 -43 29 -25.750000000 98.500000000 -59.750000000 -40.875000000 3428.984375000 -13.475182479 9.081957782 -12.418401785 49.562359030 -12.875000000 49.250000000 1 -24.288100752 24.926403305 42.750000000 -28.812500000 -1.000000000 135.562500000 0 -43 28 -42 29 2 6.581851038 79.772745272 22.624083139 56.322632292 2 6.581851038 79.772745272 2 22.624083139 56.322632292 -6.328601604 42.471439568 0 17.000000000 69.687500000 -42.750000000 28.812500000 -42.750000000 28.812500000 17.000000000 69.687500000 2 -0.765324601 57.534234007 -42.750000000 23.360265046 17.000000000 64.235265046 -32.266550951 -3.656595004 55.556314715 32.266550951 4 -3.656595004 55.556314715 3.482665401 60.440285745 4 -42.750000000 28.812500000 17.000000000 69.687500000 -39.035926749 31.353299065 13.285926749 67.146700935 -3.656595004 55.556314715 4 -42.750000000 28.812500000 -27.812500000 39.031250000 -27.812500000 39.031250000 -12.875000000 49.250000000 -12.875000000 49.250000000 2.062500000 59.468750000 2.062500000 59.468750000 17.000000000 69.687500000
FGEOM -26.625000000000000 31.750000000000000 31.125000000000000 70.625000000000000 -5.7500000000000000 83.125000000000000 44.375000000000000 24.250000000000000 -23.125000000000000 34.000000000000000 34.625000000000000 72.875000000000000 -3.3750000000000000 2.3750000000000000 1.7500000000000000 -6 0.49604094530365156 1 1 1 1 5 0.12500000000000000 2.5000000000000000 17.250000000000000 0.75000000000000000 -13.625000000000000 37.000000000000000 12.375000000000000 67.750000000000000 32.125000000000000 40.750000000000000 -27 24 45 84 -89 21 5 102 1716.953125000 41.436133085 4846.328125000 69.615573868 153.101560706 -27 32 -26 31 -27 32 -27 32 4.500000000 102.375000000 -57.750000000 -38.875000000 3202.734375000 -11.084076042 13.217630585 -26.002833183 32.168817922 2.250000000 51.187500000 1 0.342782761 28.006634202 26.625000000 -31.750000000 15.125000000 134.500000000 0 -27 31 -26 32 2 29.655364266 72.647417071 32.445682757 68.502313717 2 29.655364266 72.647417071 2 32.445682757 68.502313717 8.796398396 44.408939568 0 31.125000000 70.625000000 -26.625000000 31.750000000 -26.625000000 31.750000000 31.125000000 70.625000000 -1 -26.625000000 27.681557371 31.125000000 66.556557371 -30.961328123 11.539545484 57.440852046 30.961328123 4 -23.174131914 34.072986959 31.125000000 70.625000000 4 -23.174131914 34.072986959 31.125000000 70.625000000 -23.825249324 33.634680650 28.325249324 68.740319350 11.539545484 57.440852046 5 -26.625000000 31.750000000 -15.075000000 39.525000000 -15.075000000 39.525000000 -3.525000000 47.300000000 -3.525000000 47.300000000 8.025000000 55.075000000 8.025000000 55.075000000 19.575000000 62.850000000 19.575000000 62.850000000 31.125000000 70.625000000
FGEOM -9.5000000000000000 -8.3125000000000000 46.250000000000000 28.562500000000000 11.375000000000000 41.062500000000000 59.500000000000000 -15.812500000000000 46.250000000000000 28.562500000000000 -9.5000000000000000 -8.3125000000000000 -2.2500000000000000 2.7500000000000000 2.0000000000000000 -5 0.66138792707153540 2 2 0 1 6 0.25000000000000000 3.5000000000000000 18.250000000000000 1.7500000000000000 2.5000000000000000 -4.0625000000000000 28.500000000000000 26.687500000000000 48.250000000000000 -0.31250000000000000 -10 -16 60 42 -30 76 -18 75 159.347656250 12.623298153 4467.828125000 66.841814196 170.128731131 -9 -8 -9 -8 -10 -8 -10 -8 36.750000000 20.250000000 -55.750000000 -36.875000000 2984.484375000 -13.734524678 -12.017709094 -8.040397187 -7.347067646 18.375000000 10.125000000 1 25.228444555 -10.723003029 -8.312500000 9.500000000 -38.000000000 61.937500000 0 -10 -9 -9 -8 2 44.168927447 31.376596130 48.025359136 25.546194323 2 44.168927447 31.376596130 2 48.025359136 25.546194323 24.921398396 3.346439568 0 46.250000000 28.562500000 -9.500000000 -8.312500000 -9.500000000 -8.312500000 46.250000000 28.562500000 -1 -9.500000000 -11.010151694 46.250000000 25.864848306 -29.665421995 27.740690387 16.319795211 29.665421995 4 46.250000000 28.562500000 -9.500000000 -8.312500000 -1 -7.623367812 -7.071229831 44.373367812 27.321229831 27.740690387 16.319795211 6 -9.500000000 -8.312500000 -0.208333333 -2.166666667 -0.208333333 -2.166666667 9.083333333 3.979166667 9.083333333 3.979166667 18.375000000 10.125000000 18.375000000 10.125000000 27.666666667 16.270833333 27.666666667 16.270833333 36.958333333 22.416666667 36.958333333 22.416666667 46.250000000 28.562500000
FGEOM -25.250000000000000 -45.375000000000000 28.500000000000000 -7.5000000000000000 -4.3750000000000000 5.0000000000000000 41.750000000000000 -56.875000000000000 -47.000000000000000 -15.625000000000000 55.000000000000000 -15.625000000000000 -1.1250000000000000 0.50000000000000000 2.2500000000000000 -4 0.82673490883941920 3 3 -1 1 0 0.37500000000000000 4.5000000000000000 19.250000000000000 2.7500000000000000 -14.250000000000000 -39.125000000000000 11.750000000000000 -8.3750000000000000 31.500000000000000 -35.375000000000000 -26 -57 42 5 -10 99 -71 21 2696.453125000 51.927383190 4323.578125000 65.753920986 89.356034920 -25 -45 -25 -45 -24 -45 -26 -46 3.250000000 -52.875000000 -53.750000000 -37.875000000 3029.984375000 -9.360427392 -16.820966056 -23.002035198 -43.790968988 1.625000000 -26.437500000 1 18.548839192 -44.476295806 -25.250000000 -45.375000000 -25.250000000 -45.375000000 0 -26 -46 -25 -45 2 25.662281856 -4.007528707 30.834228919 -11.347255561 2 25.662281856 -4.007528707 2 30.834228919 -11.347255561 8.171398396 -31.716060432 0 28.500000000 -7.500000000 -25.250000000 -45.375000000 -25.250000000 -45.375000000 28.500000000 -7.500000000 2 16.969471947 -15.625000000 -25.250000000 -46.751244858 28.500000000 -8.876244858 -29.154392563 12.418258893 -18.832017571 29.154392563 4 -25.250000000 -45.375000000 28.500000000 -7.500000000 4 -25.250000000 -45.375000000 28.500000000 -7.500000000 -24.330378035 -44.726987313 27.580378035 -8.148012687 12.418258893 -18.832017571 0
FGEOM 15.875000000000000 13.250000000000000 71.625000000000000 49.125000000000000 36.750000000000000 61.625000000000000 80.875000000000000 1.7500000000000000 50.125000000000000 -25.000000000000000 50.125000000000000 87.000000000000000 0.0000000000000000 0.87500000000000000 2.5000000000000000 -3 -0.82673490883941920 4 4 -1 0 1 0.0000000000000000 5.5000000000000000 20.250000000000000 3.7500000000000000 25.875000000000000 18.500000000000000 51.875000000000000 49.250000000000000 71.625000000000000 22.250000000000000 15 1 81 62 -25 80 29 121 427.578125000 20.677962303 4395.078125000 66.295385397 102.095337836 16 13 16 14 16 12 16 13 87.500000000 62.375000000 -55.750000000 -35.875000000 2899.234375000 15.546442405 12.975770826 19.028500032 15.279270200 43.750000000 31.187500000 1 -12.978896987 44.219740608 -13.250000000 15.875000000 85.125000000 40.750000000 0 15 13 16 14 2 68.275286614 53.487272370 74.207292443 44.268893974 2 68.275286614 53.487272370 2 74.207292443 44.268893974 48.296398396 25.908939568 0 71.625000000 49.125000000 15.875000000 13.250000000 15.875000000 13.250000000 71.625000000 49.125000000 2 50.125000000 35.289798206 15.875000000 13.250000000 71.625000000 49.125000000 -29.383879637 52.650755017 36.915115897 29.383879637 4 22.689428427 17.635069414 71.625000000 49.125000000 4 15.875000000 13.250000000 71.625000000 49.125000000 15.875000000 13.250000000 71.625000000 49.125000000 52.650755017 36.915115897 1 15.875000000 13.250000000 71.625000000 49.125000000
FGEOM -73.000000000000000 -33.812500000000000 -14.250000000000000 0.062500000000000000 -47.125000000000000 12.562500000000000 -5.0000000000000000 -45.312500000000000 -47.125000000000000 12.562500000000000 -5.0000000000000000 -45.312500000000000 1.1250000000000000 1.2500000000000000 2.7500000000000000 -2 -0.66138792707153540 5 5 -1 -1 2 0.12500000000000000 6.5000000000000000 21.250000000000000 4.7500000000000000 -59.000000000000000 -29.562500000000000 -33.000000000000000 1.1875000000000000 -13.250000000000000 -25.812500000000000 -73 -46 -5 13 -60 41 -107 -14 6472.285156250 80.450513710 4599.078125000 67.816503338 118.621892247 -73 -34 -73 -33 -75 -35 -73 -34 -87.250000000 -33.750000000 -58.750000000 -33.875000000 3091.109375000 -19.282039709 -8.931150242 -68.885035555 -31.439829012 -43.625000000 -16.875000000 1 -96.028125232 -8.141137182 73.000000000 33.812500000 -21.250000000 58.937500000 0 -73 -34 -73 -33 2 -18.021579038 5.356382465 -11.557849244 -5.853776219 2 -18.021579038 5.356382465 2 -11.557849244 -5.853776219 -36.578601604 -22.153560432 0 -14.250000000 0.062500000 -73.000000000 -33.812500000 -73.000000000 -33.812500000 -14.250000000 0.062500000 2 -30.997925143 -9.594282370 -73.000000000 -32.513886106 -14.250000000 1.361113894 -27.250234589 -33.513243993 -11.044604515 27.250234589 4 -33.513243993 -11.044604515 -26.943062638 -7.256265904 4 -73.000000000 -33.812500000 -14.250000000 0.062500000 -72.025403158 -33.250551608 -15.224596842 -0.499448392 -33.513243993 -11.044604515 2 -73.000000000 -33.812500000 -43.625000000 -16.875000000 -43.625000000 -16.875000000 -14.250000000 0.062500000
FGEOM -3.8750000000000000 -18.875000000000000 52.875000000000000 22.000000000000000 13.000000000000000 28.500000000000000 62.125000000000000 -27.375000000000000 -0.37500000000000000 -16.625000000000000 56.375000000000000 24.250000000000000 2.2500000000000000 1.6250000000000000 0.75000000000000000 -1 -0.49604094530365156 0 6 0 -1 3 0.25000000000000000 100.00000000000000 22.250000000000000 5.7500000000000000 9.1250000000000000 -12.625000000000000 35.125000000000000 18.125000000000000 54.875000000000000 -8.8750000000000000 -4 -28 63 29 -16 90 -23 75 371.281250000 19.268659787 4891.328125000 69.938030606 97.180777501 -4 -19 -4 -19 -3 -18 -3 -19 49.000000000 3.125000000 -56.750000000 -40.875000000 2894.109375000 -4.474558737 -21.795431267 0.790737613 -15.514435684 24.500000000 1.562500000 1 -24.389127297 -5.133456706 -18.875000000 3.875000000 -34.375000000 45.375000000 0 -4 -19 -3 -18 0 -1 -1 31.546398396 -5.216060432 0 52.875000000 22.000000000 -3.875000000 -18.875000000 -3.875000000 -18.875000000 52.875000000 22.000000000 -1 -3.875000000 -16.102126540 52.875000000 24.772873460 -28.579095060 29.702936878 5.309989778 28.579095060 4 -0.503483125 -16.446616700 52.875000000 22.000000000 4 -0.503483125 -16.446616700 52.875000000 22.000000000 -2.049276586 -17.559996572 51.049276586 20.684996572 29.702936878 5.309989778 3 -3.875000000 -18.875000000 15.041666667 -5.250000000 15.041666667 -5.250000000 33.958333333 8.375000000 33.958333333 8.375000000 52.875000000 22.000000000
FGEOM -60.750000000000000 -49.937500000000000 -6.0000000000000000 -11.062500000000000 -43.875000000000000 -4.5625000000000000 3.2500000000000000 -58.437500000000000 -6.0000000000000000 -11.062500000000000 -60.750000000000000 -49.937500000000000 3.3750000000000000 2.0000000000000000 1.0000000000000000 0 -0.33069396353576770 1 0 1 -1 4 0.37500000000000000 8.5000000000000000 23.250000000000000 6.7500000000000000 -48.750000000000000 -44.687500000000000 -22.750000000000000 -13.937500000000000 -3.0000000000000000 -40.937500000000000 -61 -59 4 -4 -40 62 -111 -17 6184.316406250 78.640424759 4508.828125000 67.147808043 116.196022415 -61 -50 -61 -50 -61 -49 -60 -49 -66.750000000 -61.000000000 -54.750000000 -38.875000000 2687.859375000 -17.960705379 -14.763995471 -55.246283486 -46.029609964 -33.375000000 -30.500000000 1 -74.568904369 -41.999653799 -60.750000000 -49.937500000 -60.750000000 -49.937500000 0 -61 -50 -60 -49 2 -11.758780300 -4.810584337 -1.995860769 -18.560290943 2 -11.758780300 -4.810584337 2 -1.995860769 -18.560290943 -26.328601604 -37.278560432 0 -6.000000000 -11.062500000 -60.750000000 -49.937500000 -60.750000000 -49.937500000 -6.000000000 -11.062500000 -1 -60.750000000 -45.798251559 -6.000000000 -6.923251559 -27.227480364 -28.111740856 -26.762845676 27.227480364 4 -6.000000000 -11.062500000 -60.750000000 -49.937500000 -1 -57.998141743 -47.983554982 -8.751858257 -13.016445018 -28.111740856 -26.762845676 4 -60.750000000 -49.937500000 -47.062500000 -40.218750000 -47.062500000 -40.218750000 -33.375000000 -30.500000000 -33.375000000 -30.500000000 -19.687500000 -20.781250000 -19.687500000 -20.781250000 -6.000000000 -11.062500000
FGEOM -13.625000000000000 -22.000000000000000 43.125000000000000 14.875000000000000 3.2500000000000000 29.375000000000000 48.375000000000000 -30.500000000000000 -35.375000000000000 5.7500000000000000 66.625000000000000 5.7500000000000000 4.5000000000000000 2.3750000000000000 1.2500000000000000 1 -0.16534698176788384 2 1 1 0 5 0.0000000000000000 9.5000000000000000 24.250000000000000 7.7500000000000000 -2.6250000000000000 -17.750000000000000 23.375000000000000 13.000000000000000 43.125000000000000 -14.000000000000000 -14 -31 49 30 -27 79 -36 58 669.640625000 25.877415346 4580.328125000 67.678121465 142.445144321 -14 -22 -14 -22 -14 -22 -14 -22 29.500000000 -7.125000000 -56.750000000 -36.875000000 2852.109375000 -12.768131808 -20.616433012 -7.126407981 -17.777346596 14.750000000 -3.562500000 1 -21.850894071 -18.521778251 22.000000000 -13.625000000 54.625000000 12.500000000 0 -14 -22 -13 -22 2 36.881900693 22.035566391 47.131714769 6.261276255 2 36.881900693 22.035566391 2 47.131714769 6.261276255 19.796398396 -10.341060432 0 43.125000000 14.875000000 -13.625000000 -22.000000000 -13.625000000 -22.000000000 43.125000000 14.875000000 2 29.081779661 5.750000000 -13.625000000 -16.633452923 43.125000000 20.241547077 -33.884888873 21.712469852 0.961571820 33.884888873 4 -13.625000000 -22.000000000 43.125000000 14.875000000 4 -13.625000000 -22.000000000 43.125000000 14.875000000 -9.851623989 -19.548136733 39.351623989 12.423136733 21.712469852 0.961571820 5 -13.625000000 -22.000000000 -2.275000000 -14.625000000 -2.275000000 -14.625000000 9.075000000 -7.250000000 9.075000000 -7.250000000 20.425000000 0.125000000 20.425000000 0.125000000 31.775000000 7.500000000 31.775000000 7.500000000 43.125000000 14.875000000
FGEOM -45.500000000000000 -10.062500000000000 9.2500000000000000 27.812500000000000 -28.625000000000000 42.312500000000000 14.500000000000000 -15.562500000000000 -11.250000000000000 -47.312500000000000 -11.250000000000000 64.687500000000000 5.6250000000000000 2.7500000000000000 1.5000000000000000 2 0.0000000000000000 3 2 1 1 6 0.12500000000000000 10.500000000000000 25.250000000000000 8.7500000000000000 -35.500000000000000 -3.8125000000000000 -9.5000000000000000 26.937500000000000 10.250000000000000 -0.062500000000000000 -46 -16 15 43 -71 31 -56 38 2171.503906250 46.599398132 4432.078125000 66.573854665 160.924598997 -45 -10 -45 -11 -45 -10 -46 -10 -36.250000000 17.750000000 -54.750000000 -37.875000000 2907.609375000 -24.654288383 -5.452390700 -38.304044434 -5.084475944 -18.125000000 8.875000000 1 -45.500000000 -10.062500000 45.500000000 10.062500000 -11.750000000 94.687500000 0 -46 -11 -45 -10 2 1.989205762 35.397410483 13.786930926 18.343273117 2 1.989205762 35.397410483 2 13.786930926 18.343273117 -13.078601604 3.596439568 0 9.250000000 27.812500000 -45.500000000 -10.062500000 -45.500000000 -10.062500000 9.250000000 27.812500000 2 -11.250000000 13.630993151 -45.500000000 -3.222720411 9.250000000 34.652279589 -33.472459064 -9.581947838 14.784919647 33.472459064 4 -39.763905194 -6.094379621 9.250000000 27.812500000 4 -45.500000000 -10.062500000 9.250000000 27.812500000 -40.874028565 -6.862341679 4.624028565 24.612341679 -9.581947838 14.784919647 6 -45.500000000 -10.062500000 -36.375000000 -3.750000000 -36.375000000 -3.750000000 -27.250000000 2.562500000 -27.250000000 2.562500000 -18.125000000 8.875000000 -18.125000000 8.875000000 -9.000000000 15.187500000 -9.000000000 15.187500000 0.125000000 21.500000000 0.125000000 21.500000000 9.250000000 27.812500000
FGEOM -65.250000000000000 -53.125000000000000 -7.5000000000000000 -17.250000000000000 -43.375000000000000 -2.7500000000000000 7.7500000000000000 -65.625000000000000 -43.375000000000000 -2.7500000000000000 7.7500000000000000 -65.625000000000000 6.7500000000000000 0.50000000000000000 1.7500000000000000 3 0.16534698176788384 4 3 0 1 0 0.25000000000000000 11.500000000000000 26.250000000000000 9.7500000000000000 -51.250000000000000 -47.875000000000000 -25.250000000000000 -17.125000000000000 -5.5000000000000000 -44.125000000000000 -66 -66 8 -2 -41 74 -119 -24 7079.828125000 84.141714536 4622.078125000 67.985867098 69.103190784 -65 -53 -65 -53 -64 -54 -66 -53 -72.750000000 -70.375000000 -57.750000000 -35.875000000 3070.484375000 -20.356282368 -16.573601545 -56.967947802 -47.980088786 -36.375000000 -35.187500000 1 -56.660201027 -56.038457321 -53.125000000 65.250000000 -93.750000000 19.125000000 0 -66 -54 -65 -53 2 -15.133292554 -8.648671917 -3.171470929 -27.904287216 2 -15.133292554 -8.648671917 2 -3.171470929 -27.904287216 -28.828601604 -40.466060432 0 -7.500000000 -17.250000000 -65.250000000 -53.125000000 -65.250000000 -53.125000000 -7.500000000 -17.250000000 2 -23.501866232 -27.190553265 -65.250000000 -45.178599950 -7.500000000 -9.303599950 -31.247532990 -26.886201756 -29.292943515 31.247532990 4 -26.886201756 -29.292943515 -18.179766440 -23.884400364 4 -65.250000000 -53.125000000 -7.500000000 -17.250000000 -59.516271556 -49.563138391 -13.233728444 -20.811861609 -26.886201756 -29.292943515 0
FGEOM -14.125000000000000 27.812500000000000 41.625000000000000 61.687500000000000 7.7500000000000000 76.187500000000000 56.875000000000000 15.312500000000000 -10.625000000000000 30.062500000000000 45.125000000000000 63.937500000000000 7.8750000000000000 0.87500000000000000 2.0000000000000000 4 0.33069396353576770 5 4 -1 1 1 0.37500000000000000 12.500000000000000 27.250000000000000 10.750000000000000 -1.1250000000000000 32.062500000000000 24.875000000000000 62.812500000000000 44.625000000000000 35.812500000000000 -15 15 57 77 -69 42 13 104 973.050781250 31.193761896 4255.578125000 65.234792289 83.484566547 -14 28 -14 28 -15 28 -15 27 27.500000000 89.500000000 -55.750000000 -33.875000000 2858.234375000 -12.339205873 24.296223954 -4.937992899 33.394739741 13.750000000 44.750000000 1 2.767584661 23.330790044 -14.125000000 27.812500000 -14.125000000 27.812500000 0 -15 27 -14 28 2 33.207355205 70.928347153 45.948753322 49.959108925 2 33.207355205 70.928347153 2 45.948753322 49.959108925 21.296398396 39.471439568 0 41.625000000 61.687500000 -14.125000000 27.812500000 -14.125000000 27.812500000 41.625000000 61.687500000 -1 -14.125000000 37.027280077 41.625000000 70.902280077 -29.982323180 23.319164277 50.564447352 29.982323180 4 -10.570274034 29.972434388 41.625000000 61.687500000 4 -10.570274034 29.972434388 41.625000000 61.687500000 -7.394983170 31.901815159 34.894983170 57.598184841 23.319164277 50.564447352 1 -14.125000000 27.812500000 41.625000000 61.687500000
FGEOM -33.000000000000000 -40.250000000000000 24.750000000000000 0.62500000000000000 -11.125000000000000 9.1250000000000000 36.000000000000000 -49.750000000000000 24.750000000000000 0.62500000000000000 -33.000000000000000 -40.250000000000000 9.0000000000000000 1.2500000000000000 2.2500000000000000 5 0.49604094530365156 0 5 -1 0 2 0.0000000000000000 13.500000000000000 28.250000000000000 11.750000000000000 -21.000000000000000 -34.000000000000000 5.0000000000000000 -3.2500000000000000 24.750000000000000 -30.250000000000000 -33 -50 36 10 -21 86 -74 26 2709.062500000 52.048655122 5005.828125000 70.751877184 116.915722351 -33 -40 -33 -40 -33 -40 -33 -41 -8.250000000 -39.625000000 -57.750000000 -40.875000000 3281.484375000 -17.911125615 -21.846145637 -23.409265068 -33.461752548 -4.125000000 -19.812500000 1 -6.863585776 -44.710365689 40.250000000 -33.000000000 38.250000000 -12.750000000 0 -33 -41 -33 -40 2 14.991492641 9.953533332 30.303433897 -11.679851561 2 14.991492641 9.953533332 2 30.303433897 -11.679851561 1.421398396 -26.591060432 0 24.750000000 0.625000000 -33.000000000 -40.250000000 -33.000000000 -40.250000000 24.750000000 0.625000000 -1 -33.000000000 -29.223733426 24.750000000 11.651266574 -27.663797809 4.857017445 -13.455098042 27.663797809 4 24.750000000 0.625000000 -33.000000000 -40.250000000 -1 -25.653905159 -35.050491314 17.403905159 -4.574508686 4.857017445 -13.455098042 2 -33.000000000 -40.250000000 -4.125000000 -19.812500000 -4.125000000 -19.812500000 24.750000000 0.625000000
FGEOM -31.875000000000000 0.68750000000000000 23.875000000000000 39.562500000000000 -10.000000000000000 48.062500000000000 35.125000000000000 -8.8125000000000000 -53.625000000000000 29.437500000000000 48.375000000000000 29.437500000000000 -9.0000000000000000 1.6250000000000000 2.5000000000000000 6 0.66138792707153540 1 6 -1 -1 3 0.12500000000000000 14.500000000000000 29.250000000000000 12.750000000000000 -20.875000000000000 5.9375000000000000 5.1250000000000000 36.687500000000000 24.875000000000000 9.6875000000000000 -32 -9 36 49 -59 44 -32 64 1016.488281250 31.882413354 4619.328125000 67.965639297 132.863229282 -32 1 -32 1 -32 0 -31 0 -8.000000000 40.250000000 -55.750000000 -38.875000000 3061.234375000 -29.243198740 0.630735659 -21.416590319 7.980247558 -4.000000000 20.125000000 1 1.835878621 -2.758934723 31.875000000 -0.687500000 11.875000000 95.437500000 0 -32 0 -31 1 2 13.234753721 49.413142574 29.440292873 26.173044625 2 13.234753721 49.413142574 2 29.440292873 26.173044625 1.546398396 13.346439568 0 23.875000000 39.562500000 -31.875000000 0.687500000 -31.875000000 0.687500000 23.875000000 39.562500000 2 9.354903537 29.437500000 -31.875000000 -10.284531456 23.875000000 28.590468544 -26.348102417 5.070592906 26.450009852 26.348102417 4 -31.875000000 0.687500000 23.875000000 39.562500000 4 -31.875000000 0.687500000 23.875000000 39.562500000 -24.492593166 5.835321806 16.492593166 34.414678194 5.070592906 26.450009852 3 -31.875000000 0.687500000 -13.291666667 13.645833333 -13.291666667 13.645833333 5.291666667 26.604166667 5.291666667 26.604166667 23.875000000 39.562500000
FGEOM -3.7500000000000000 -14.375000000000000 50.000000000000000 22.500000000000000 18.125000000000000 31.000000000000000 61.250000000000000 -23.875000000000000 30.500000000000000 -53.625000000000000 30.500000000000000 58.375000000000000 -7.8750000000000000 2.0000000000000000 2.7500000000000000 -6 0.82673490883941920 2 0 0 -1 4 0.25000000000000000 2.5000000000000000 30.250000000000000 13.750000000000000 6.2500000000000000 -10.125000000000000 32.250000000000000 20.625000000000000 52.000000000000000 -6.3750000000000000 -4 -24 62 31 -13 86 -19 73 220.703125000 14.856080405 4248.828125000 65.183035561 147.781857950 -4 -14 -4 -14 -4 -14 -3 -14 46.250000000 8.125000000 -53.750000000 -36.875000000 2848.984375000 -7.635762389 -29.270422490 7.588264529 -6.596423172 23.125000000 4.062500000 1 36.692938067 -15.825611858 3.750000000 14.375000000 40.000000000 76.375000000 0 -4 -15 -3 -14 2 48.507687971 24.505742957 51.334180191 20.385771247 2 48.507687971 24.505742957 2 51.334180191 20.385771247 28.671398396 -2.716060432 0 50.000000000 22.500000000 -3.750000000 -14.375000000 -3.750000000 -14.375000000 50.000000000 22.500000000 2 30.500000000 9.122093023 -3.750000000 -23.925072652 50.000000000 12.949927348 -25.041264356 32.291210812 10.350946952 25.041264356 4 1.229176243 -10.959053507 50.000000000 22.500000000 4 -3.750000000 -14.375000000 50.000000000 22.500000000 2.743733321 -9.919996908 43.506266679 18.044996908 32.291210812 10.350946952 4 -3.750000000 -14.375000000 9.687500000 -5.156250000 9.687500000 -5.156250000 23.125000000 4.062500000 23.125000000 4.062500000 36.562500000 13.281250000 36.562500000 13.281250000 50.000000000 22.500000000
FGEOM -29.625000000000000 -33.750000000000000 27.125000000000000 4.1250000000000000 -11.750000000000000 12.625000000000000 38.375000000000000 -40.250000000000000 -11.750000000000000 12.625000000000000 38.375000000000000 -40.250000000000000 -6.7500000000000000 2.3750000000000000 0.75000000000000000 -5 -0.82673490883941920 3 1 1 -1 5 0.37500000000000000 100.00000000000000 31.250000000000000 14.750000000000000 -15.625000000000000 -27.500000000000000 10.375000000000000 3.2500000000000000 30.125000000000000 -23.750000000000000 -30 -41 39 13 -25 79 -64 32 2016.703125000 44.907717878 4655.078125000 68.228132944 137.742151830 -30 -34 -30 -34 -30 -34 -29 -33 -2.500000000 -29.625000000 -56.750000000 -37.875000000 2770.859375000 -20.615192527 -23.485662373 -17.356417175 -25.561937013 -1.250000000 -14.812500000 1 -57.975604450 -5.632867981 -33.750000000 29.625000000 -58.125000000 30.500000000 0 -30 -34 -29 -33 0 -1 -1 6.796398396 -20.091060432 0 27.125000000 4.125000000 -29.625000000 -33.750000000 -29.625000000 -33.750000000 27.125000000 4.125000000 2 8.249962127 -8.472216907 -29.625000000 -41.865240482 27.125000000 -3.990240482 -28.650434075 4.154512461 -11.205523622 28.650434075 4 4.154512461 -11.205523622 14.418752622 -4.355160695 4 -29.625000000 -33.750000000 27.125000000 4.125000000 -24.010563792 -30.002920328 21.510563792 0.377920328 4.154512461 -11.205523622 5 -29.625000000 -33.750000000 -18.275000000 -26.175000000 -18.275000000 -26.175000000 -6.925000000 -18.600000000 -6.925000000 -18.600000000 4.425000000 -11.025000000 4.425000000 -11.025000000 15.775000000 -3.450000000 15.775000000 -3.450000000 27.125000000 4.125000000
FGEOM -19.500000000000000 -48.812500000000000 39.250000000000000 -12.937500000000000 -1.6250000000000000 3.5625000000000000 46.500000000000000 -55.312500000000000 -16.000000000000000 -46.562500000000000 42.750000000000000 -10.687500000000000 -5.6250000000000000 2.7500000000000000 1.0000000000000000 -4 -0.66138792707153540 4 2 1 0 6 0.0000000000000000 4.5000000000000000 1.2500000000000000 15.750000000000000 -6.5000000000000000 -43.562500000000000 19.500000000000000 -12.812500000000000 39.250000000000000 -39.812500000000000 -20 -56 47 4 -6 102 -69 27 2762.910156250 52.563391788 4738.578125000 68.837330897 165.497604307 -19 -49 -19 -49 -20 -48 -19 -48 19.750000000 -61.750000000 -58.750000000 -35.875000000 2929.109375000 -0.463725783 -1.160800757 -6.057984048 -40.604290259 9.875000000 -30.875000000 1 -47.900277433 -26.789681940 -19.500000000 -48.812500000 -19.500000000 -48.812500000 0 -20 -49 -19 -48 2 36.658749380 -9.258448462 41.339122147 -16.923170415 2 36.658749380 -9.258448462 2 41.339122147 -16.923170415 15.921398396 -36.153560432 0 39.250000000 -12.937500000 -19.500000000 -48.812500000 -19.500000000 -48.812500000 39.250000000 -12.937500000 -1 -19.500000000 -55.403308277 39.250000000 -19.528308277 -35.384370563 16.815783183 -26.636691971 35.384370563 4 -15.949843209 -46.644638300 39.250000000 -12.937500000 4 -15.949843209 -46.644638300 39.250000000 -12.937500000 -14.699280017 -45.880996521 34.449280017 -15.869003479 16.815783183 -26.636691971 6 -19.500000000 -48.812500000 -9.708333333 -42.833333333 -9.708333333 -42.833333333 0.083333333 -36.854166667 0.083333333 -36.854166667 9.875000000 -30.875000000 9.875000000 -30.875000000 19.666666667 -24.895833333 19.666666667 -24.895833333 29.458333333 -18.916666667 29.458333333 -18.916666667 39.250000000 -12.937500000
FGEOM -39.250000000000000 -13.875000000000000 17.500000000000000 20.000000000000000 -21.375000000000000 36.500000000000000 24.750000000000000 -27.375000000000000 17.500000000000000 20.000000000000000 -39.250000000000000 -13.875000000000000 -4.5000000000000000 0.50000000000000000 1.2500000000000000 -3 -0.49604094530365156 5 3 1 1 0 0.12500000000000000 5.5000000000000000 2.2500000000000000 16.750000000000000 -27.250000000000000 -9.6250000000000000 -1.2500000000000000 21.125000000000000 18.500000000000000 -5.8750000000000000 -40 -28 25 37 -58 53 -54 38 1733.078125000 41.630254924 4368.078125000 66.091437607 50.971892147 -39 -14 -39 -14 -40 -15 -40 -13 -21.750000000 6.125000000 -56.750000000 -33.875000000 2720.859375000 -2.121353813 -0.749905329 -24.867463708 -5.289829658 -10.875000000 3.062500000 1 -61.071443227 0.704069434 13.875000000 -39.250000000 29.000000000 18.625000000 0 -40 -14 -39 -13 2 14.297759461 24.471650202 19.916225523 15.059164623 2 14.297759461 24.471650202 2 19.916225523 15.059164623 -4.828601604 -2.216060432 0 17.500000000 20.000000000 -39.250000000 -13.875000000 -39.250000000 -13.875000000 17.500000000 20.000000000 -1 -39.250000000 -19.115730735 17.500000000 14.759269265 -34.093154977 -3.900639226 7.225609625 34.093154977 4 17.500000000 20.000000000 -39.250000000 -13.875000000 -1 -35.386035026 -11.568536326 13.636035026 17.693536326 -3.900639226 7.225609625 0
FGEOM -52.125000000000000 -44.937500000000000 2.6250000000000000 -4.0625000000000000 -34.250000000000000 6.4375000000000000 9.8750000000000000 -55.437500000000000 -73.875000000000000 -15.187500000000000 28.125000000000000 -15.187500000000000 -3.3750000000000000 0.87500000000000000 1.5000000000000000 -2 -0.33069396353576770 0 4 0 1 1 0.25000000000000000 6.5000000000000000 3.2500000000000000 17.750000000000000 -41.125000000000000 -38.687500000000000 -15.125000000000000 -7.9375000000000000 4.6250000000000000 -34.937500000000000 -53 -56 10 7 -41 66 -98 -1 4736.394531250 68.821468535 4668.328125000 68.325164654 77.808941937 -52 -45 -52 -45 -52 -44 -53 -45 -49.500000000 -49.000000000 -54.750000000 -40.875000000 3078.609375000 -2.461532042 -2.122112156 -37.901653376 -34.318700123 -24.750000000 -24.500000000 1 -67.837918426 -36.349857780 52.125000000 44.937500000 -16.375000000 57.812500000 0 -53 -45 -52 -44 2 -1.741444751 0.752493275 6.000431507 -9.617359327 2 -1.741444751 0.752493275 2 6.000431507 -9.617359327 -18.703601604 -31.278560432 0 2.625000000 -4.062500000 -52.125000000 -44.937500000 -52.125000000 -44.937500000 2.625000000 -4.062500000 2 -12.276376147 -15.187500000 -52.125000000 -49.149325218 2.625000000 -8.274325218 -30.473993521 -16.019169654 -17.981777344 30.473993521 4 -51.829235322 -44.716689385 2.625000000 -4.062500000 4 -52.125000000 -44.937500000 2.625000000 -4.062500000 -49.420560853 -42.918432418 -0.079439147 -6.081567582 -16.019169654 -17.981777344 1 -52.125000000 -44.937500000 2.625000000 -4.062500000
FGEOM -47.000000000000000 0.0000000000000000 5.7500000000000000 38.875000000000000 -29.125000000000000 49.375000000000000 13.000000000000000 -10.500000000000000 -12.750000000000000 -38.250000000000000 -12.750000000000000 73.750000000000000 -2.2500000000000000 1.2500000000000000 1.7500000000000000 -1 -0.16534698176788384 1 5 -1 1 2 0.37500000000000000 7.5000000000000000 4.2500000000000000 18.750000000000000 -37.000000000000000 5.2500000000000000 -11.000000000000000 36.000000000000000 8.7500000000000000 9.0000000000000000 -47 -11 13 50 -79 24 -47 45 2209.000000000 47.000000000 4293.828125000 65.527308239 94.741780028 -47 0 -47 0 -47 0 -47 0 -41.250000000 38.875000000 -52.750000000 -38.875000000 2862.359375000 -4.250000000 0.000000000 -31.906102103 11.123702004 -20.625000000 19.437500000 1 -54.883066193 3.615538946 0.000000000 47.000000000 -78.500000000 67.250000000 0 -47 0 -47 0 2 0.638724357 44.363611965 9.479204720 32.367847615 2 0.638724357 44.363611965 2 9.479204720 32.367847615 -14.578601604 12.658939568 0 5.750000000 38.875000000 -47.000000000 0.000000000 -47.000000000 0.000000000 5.750000000 38.875000000 2 -12.750000000 25.241113744 -47.000000000 -2.795003669 5.750000000 36.079996331 -29.142668550 -11.835700770 25.914921945 29.142668550 4 -43.072231219 2.894635287 5.750000000 38.875000000 4 -47.000000000 0.000000000 5.750000000 38.875000000 -45.188732252 1.334844241 3.938732252 37.540155759 -11.835700770 25.914921945 2 -47.000000000 0.000000000 -20.625000000 19.437500000 -20.625000000 19.437500000 5.750000000 38.875000000
FGEOM -76.875000000000000 10.937500000000000 -17.125000000000000 47.812500000000000 -54.000000000000000 58.312500000000000 -3.8750000000000000 0.43750000000000000 -54.000000000000000 58.312500000000000 -3.8750000000000000 0.43750000000000000 -1.1250000000000000 1.6250000000000000 2.0000000000000000 0 0.0000000000000000 2 6 -1 0 3 0.0000000000000000 8.5000000000000000 5.2500000000000000 19.750000000000000 -62.875000000000000 15.187500000000000 -36.875000000000000 45.937500000000000 -17.125000000000000 18.937500000000000 -77 0 -3 59 -113 -4 -66 31 6029.394531250 77.649175986 4929.828125000 70.212734778 121.927268439 -77 11 -77 11 -76 12 -77 10 -94.000000000 58.750000000 -59.750000000 -36.875000000 3113.734375000 -5.197656574 0.739503984 -60.068041779 21.309995136 -47.000000000 29.375000000 1 -76.875000000 10.937500000 -76.875000000 10.937500000 -76.875000000 10.937500000 0 -77 10 -76 11 2 -22.431955865 54.452245435 -13.569398296 40.091897917 2 -22.431955865 54.452245435 2 -13.569398296 40.091897917 -40.453601604 22.596439568 0 -17.125000000 47.812500000 -76.875000000 10.937500000 -76.875000000 10.937500000 -17.125000000 47.812500000 2 -35.229157281 36.639432222 -76.875000000 9.615502902 -17.125000000 46.490502902 -28.301712379 -39.136234228 34.228160884 28.301712379 4 -39.136234228 34.228160884 -28.702912991 40.667135288 4 -76.875000000 10.937500000 -17.125000000 47.812500000 -75.917641620 11.528338331 -18.082358380 47.221661669 -39.136234228 34.228160884 3 -76.875000000 10.937500000 -56.958333333 23.229166667 -56.958333333 23.229166667 -37.041666667 35.520833333 -37.041666667 35.520833333 -17.125000000 47.812500000
FGEOM -46.750000000000000 20.875000000000000 11.000000000000000 58.750000000000000 -23.875000000000000 69.250000000000000 24.250000000000000 13.375000000000000 -43.250000000000000 23.125000000000000 14.500000000000000 61.000000000000000 0.0000000000000000 2.0000000000000000 2.2500000000000000 1 0.16534698176788384 3 0 -1 -1 4 0.12500000000000000 9.5000000000000000 6.2500000000000000 20.750000000000000 -33.750000000000000 27.125000000000000 -7.7500000000000000 57.875000000000000 12.000000000000000 30.875000000000000 -47 13 25 70 -94 11 -26 70 2621.328125000 51.198907459 4769.578125000 69.062132352 143.535658815 -47 21 -47 21 -48 20 -46 20 -35.750000000 79.625000000 -57.750000000 -37.875000000 3153.234375000 -5.706908887 2.548272150 -29.398776411 32.254698588 -17.875000000 39.812500000 1 -38.475751511 17.769670695 -20.875000000 -46.750000000 24.500000000 46.375000000 0 -47 20 -46 21 2 4.746798571 65.901746073 15.067709394 50.164911749 2 4.746798571 65.901746073 2 15.067709394 50.164911749 -11.328601604 34.533939568 0 11.000000000 58.750000000 -46.750000000 20.875000000 -46.750000000 20.875000000 11.000000000 58.750000000 -1 -46.750000000 20.875000000 11.000000000 58.750000000 -27.906257154 -8.570672524 45.914688799 27.906257154 4 -43.270845004 23.156783471 11.000000000 58.750000000 4 -43.270845004 23.156783471 11.000000000 58.750000000 -46.750000000 20.875000000 11.000000000 58.750000000 -8.570672524 45.914688799 4 -46.750000000 20.875000000 -32.312500000 30.343750000 -32.312500000 30.343750000 -17.875000000 39.812500000 -17.875000000 39.812500000 -3.437500000 49.281250000 -3.437500000 49.281250000 11.000000000 58.750000000
FGEOM -71.625000000000000 -60.187500000000000 -15.875000000000000 -24.312500000000000 -48.750000000000000 -13.812500000000000 -2.6250000000000000 -67.687500000000000 -15.875000000000000 -24.312500000000000 -71.625000000000000 -60.187500000000000 1.1250000000000000 2.3750000000000000 2.5000000000000000 2 0.33069396353576770 4 1 0 -1 5 0.25000000000000000 10.500000000000000 7.2500000000000000 21.750000000000000 -59.625000000000000 -54.937500000000000 -33.625000000000000 -24.187500000000000 -13.875000000000000 -51.187500000000000 -72 -68 -2 -13 -35 66 -132 -40 8752.675781250 93.555736228 4395.078125000 66.295385397 159.922677239 -72 -60 -72 -60 -72 -60 -71 -60 -87.500000000 -84.500000000 -55.750000000 -35.875000000 2938.984375000 -5.550501454 -4.664164835 -53.334699812 -48.417732839 -43.750000000 -42.250000000 1 -55.327631520 -65.102274942 71.625000000 60.187500000 -25.875000000 32.562500000 0 -72 -61 -71 -60 2 -22.883720316 -16.494070520 -11.663243618 -33.930769500 2 -22.883720316 -16.494070520 2 -11.663243618 -33.930769500 -37.203601604 -47.528560432 0 -15.875000000 -24.312500000 -71.625000000 -60.187500000 -71.625000000 -60.187500000 -15.875000000 -24.312500000 -1 -71.625000000 -58.849700743 -15.875000000 -22.974700743 -26.619735513 -34.345030396 -36.197923147 26.619735513 4 -15.875000000 -24.312500000 -71.625000000 -60.187500000 -1 -70.678949990 -59.578718940 -16.821050010 -24.921281060 -34.345030396 -36.197923147 5 -71.625000000 -60.187500000 -60.475000000 -53.012500000 -60.475000000 -53.012500000 -49.325000000 -45.837500000 -49.325000000 -45.837500000 -38.175000000 -38.662500000 -38.175000000 -38.662500000 -27.025000000 -31.487500000 -27.025000000 -31.487500000 -15.875000000 -24.312500000
FGEOM -33.500000000000000 22.750000000000000 20.250000000000000 56.625000000000000 -10.625000000000000 67.125000000000000 33.500000000000000 15.250000000000000 -55.250000000000000 50.500000000000000 46.750000000000000 50.500000000000000 2.2500000000000000 2.7500000000000000 2.7500000000000000 3 0.49604094530365156 5 2 1 -1 6 0.37500000000000000 11.500000000000000 8.2500000000000000 22.750000000000000 -22.500000000000000 27.000000000000000 3.5000000000000000 57.750000000000000 23.250000000000000 30.750000000000000 -34 15 34 68 -78 19 -11 77 1639.812500000 40.494598405 4036.578125000 63.534070584 174.718694107 -33 23 -34 22 -35 22 -33 23 -13.250000000 79.375000000 -53.750000000 -33.875000000 2732.734375000 -6.824984341 4.634877425 -14.253436876 34.879810713 -6.625000000 39.687500000 1 -9.622796493 17.211055674 22.750000000 33.500000000 -55.000000000 90.000000000 0 -34 22 -33 23 2 12.458721715 65.083485839 24.519266680 45.946827777 2 12.458721715 65.083485839 2 24.519266680 45.946827777 -0.078601604 34.408939568 0 20.250000000 56.625000000 -33.500000000 22.750000000 -33.500000000 22.750000000 20.250000000 56.625000000 2 10.531365314 50.500000000 -33.500000000 25.409565745 20.250000000 59.284565745 -25.344915101 2.888363636 45.683131501 25.344915101 4 -33.500000000 22.750000000 20.250000000 56.625000000 4 -33.500000000 22.750000000 20.250000000 56.625000000 -31.596493757 23.949651609 18.346493757 55.425348391 2.888363636 45.683131501 6 -33.500000000 22.750000000 -24.541666667 28.395833333 -24.541666667 28.395833333 -15.583333333 34.041666667 -15.583333333 34.041666667 -6.625000000 39.687500000 -6.625000000 39.687500000 2.333333333 45.333333333 2.333333333 45.333333333 11.291666667 50.979166667 11.291666667 50.979166667 20.250000000 56.625000000
FGEOM 9.7500000000000000 -26.312500000000000 65.500000000000000 14.562500000000000 23.625000000000000 27.062500000000000 74.750000000000000 -37.812500000000000 44.000000000000000 -63.562500000000000 44.000000000000000 48.437500000000000 3.3750000000000000 0.50000000000000000 0.75000000000000000 4 0.66138792707153540 0 3 1 0 0 0.0000000000000000 100.00000000000000 9.2500000000000000 23.750000000000000 19.750000000000000 -20.062500000000000 45.750000000000000 10.687500000000000 65.500000000000000 -16.312500000000000 9 -38 75 28 -4 113 -17 81 787.410156250 28.060829572 4778.828125000 69.129068596 41.434542221 10 -26 10 -27 9 -27 10 -26 75.250000000 -11.750000000 -55.750000000 -40.875000000 2955.234375000 3.213999778 -8.673678887 28.903483866 -12.269474834 37.625000000 -5.875000000 1 45.459278972 -23.580076078 9.750000000 -26.312500000 9.750000000 -26.312500000 0 9 -27 10 -26 0 -1 -1 42.171398396 -12.653560432 0 65.500000000 14.562500000 9.750000000 -26.312500000 9.750000000 -26.312500000 65.500000000 14.562500000 2 44.000000000 -1.200952915 9.750000000 -22.127556385 65.500000000 18.747443615 -34.840851669 44.225882391 -1.035339592 34.840851669 4 14.262934656 -23.003689164 65.500000000 14.562500000 4 9.750000000 -26.312500000 65.500000000 14.562500000 12.471810865 -24.316912213 62.778189135 12.566912213 44.225882391 -1.035339592 0
FGEOM -30.125000000000000 -23.375000000000000 28.625000000000000 15.500000000000000 -11.250000000000000 28.000000000000000 37.875000000000000 -34.875000000000000 -11.250000000000000 28.000000000000000 37.875000000000000 -34.875000000000000 4.5000000000000000 0.87500000000000000 1.0000000000000000 5 0.82673490883941920 1 4 1 1 1 0.12500000000000000 13.500000000000000 10.250000000000000 24.750000000000000 -16.125000000000000 -18.125000000000000 9.8750000000000000 12.625000000000000 29.625000000000000 -14.375000000000000 -31 -35 38 28 -40 73 -54 45 1453.906250000 38.130122607 4962.828125000 70.447342924 64.450509417 -30 -23 -30 -24 -30 -24 -31 -23 -1.500000000 -7.875000000 -58.750000000 -38.875000000 3106.109375000 -8.098092240 -6.283581946 -9.484583490 -9.717192479 -0.750000000 -3.937500000 1 13.764126246 -20.682129556 23.375000000 -30.125000000 40.125000000 9.125000000 0 -31 -24 -30 -23 2 19.155877188 25.122147015 33.779168826 3.022638752 2 19.155877188 25.122147015 2 33.779168826 3.022638752 6.296398396 -10.716060432 0 28.625000000 15.500000000 -30.125000000 -23.375000000 -30.125000000 -23.375000000 28.625000000 15.500000000 2 8.777485270 2.366857275 -30.125000000 -17.979033308 28.625000000 20.895966692 -32.428698233 6.645148227 0.955885316 32.428698233 4 6.645148227 0.955885316 11.875513190 4.416828941 4 -30.125000000 -23.375000000 28.625000000 15.500000000 -26.372196998 -20.891762269 24.872196998 13.016762269 6.645148227 0.955885316 1 -30.125000000 -23.375000000 28.625000000 15.500000000
FGEOM -4.0000000000000000 -0.75000000000000000 52.750000000000000 36.125000000000000 14.875000000000000 48.625000000000000 62.000000000000000 -12.250000000000000 -0.50000000000000000 1.5000000000000000 56.250000000000000 38.375000000000000 5.6250000000000000 1.2500000000000000 1.2500000000000000 6 -0.82673490883941920 2 5 0 1 2 0.25000000000000000 14.500000000000000 11.250000000000000 25.750000000000000 9.0000000000000000 3.5000000000000000 35.000000000000000 34.250000000000000 54.750000000000000 7.2500000000000000 -4 -13 62 49 -34 75 -5 89 16.562500000 4.069705149 4580.328125000 67.678121465 84.597651831 -4 -1 -4 -1 -4 0 -4 -1 48.750000000 35.375000000 -56.750000000 -36.875000000 2891.859375000 -11.057312103 -2.073246019 17.592096063 13.280106472 24.375000000 17.687500000 1 -34.235057754 29.071011215 4.000000000 0.750000000 33.750000000 98.000000000 0 -4 -1 -4 0 2 42.428022852 46.308652967 57.862006520 22.556013695 2 42.428022852 46.308652967 2 57.862006520 22.556013695 31.421398396 10.908939568 0 52.750000000 36.125000000 -4.000000000 -0.750000000 -4.000000000 -0.750000000 52.750000000 36.125000000 -1 -4.000000000 5.958183846 52.750000000 42.833183846 -31.118115861 31.829970049 22.531588468 31.118115861 4 -0.511069758 1.517036170 52.750000000 36.125000000 4 -0.511069758 1.517036170 52.750000000 36.125000000 0.716720014 2.314829084 48.033279986 33.060170916 31.829970049 22.531588468 2 -4.000000000 -0.750000000 24.375000000 17.687500000 24.375000000 17.687500000 52.750000000 36.125000000
FGEOM -12.875000000000000 -27.812500000000000 41.875000000000000 10.062500000000000 6.0000000000000000 22.562500000000000 51.125000000000000 -36.312500000000000 41.875000000000000 10.062500000000000 -12.875000000000000 -27.812500000000000 6.7500000000000000 1.6250000000000000 1.5000000000000000 -6 -0.66138792707153540 3 6 -1 1 3 0.37500000000000000 2.5000000000000000 12.250000000000000 26.750000000000000 -0.87500000000000000 -21.562500000000000 25.125000000000000 9.1875000000000000 44.875000000000000 -17.812500000000000 -13 -37 52 23 -17 88 -41 52 939.300781250 30.648014312 4432.078125000 66.573854665 105.560876431 -13 -28 -12 -27 -12 -30 -13 -28 29.000000000 -17.750000000 -54.750000000 -37.875000000 2941.359375000 -5.146132744 -11.116645977 9.124064158 -12.593969316 14.500000000 -8.875000000 1 -39.835992517 -5.597188209 12.875000000 27.812500000 24.875000000 72.937500000 0 -13 -28 -12 -27 2 40.376503596 12.063626815 43.219082384 7.954552528 2 40.376503596 12.063626815 2 43.219082384 7.954552528 21.546398396 -14.153560432 0 41.875000000 10.062500000 -12.875000000 -27.812500000 -12.875000000 -27.812500000 41.875000000 10.062500000 -1 -12.875000000 -19.604764493 41.875000000 18.270235507 -30.689835150 23.459970016 -2.676664578 30.689835150 4 41.875000000 10.062500000 -12.875000000 -27.812500000 -1 -7.323834278 -23.972310014 36.323834278 6.222310014 23.459970016 -2.676664578 3 -12.875000000 -27.812500000 5.375000000 -15.187500000 5.375000000 -15.187500000 23.625000000 -2.562500000 23.625000000 -2.562500000 41.875000000 10.062500000
FGEOM 20.250000000000000 25.125000000000000 77.000000000000000 61.000000000000000 39.125000000000000 73.500000000000000 82.250000000000000 16.625000000000000 -1.5000000000000000 53.875000000000000 100.50000000000000 53.875000000000000 7.8750000000000000 2.0000000000000000 1.7500000000000000 -5 -0.49604094530365156 4 0 -1 0 4 0.0000000000000000 3.5000000000000000 13.250000000000000 27.750000000000000 31.250000000000000 30.375000000000000 57.250000000000000 61.125000000000000 77.000000000000000 34.125000000000000 20 16 83 74 -35 66 45 138 1041.328125000 32.269616127 4507.578125000 67.138499574 129.706342758 20 25 20 26 20 25 20 25 97.250000000 86.125000000 -56.750000000 -35.875000000 2806.609375000 8.314710003 10.316399448 43.706176560 39.953023508 48.625000000 43.062500000 1 -0.499022192 39.938964329 25.125000000 -20.250000000 -9.250000000 92.375000000 0 20 25 21 26 2 74.978115448 63.856918420 78.713431773 57.948090506 2 74.978115448 63.856918420 2 78.713431773 57.948090506 53.671398396 37.783939568 0 77.000000000 61.000000000 20.250000000 25.125000000 20.250000000 25.125000000 77.000000000 61.000000000 2 65.729094077 53.875000000 20.250000000 34.441575932 77.000000000 70.316575932 -30.804093600 55.584957623 47.462297000 30.804093600 4 20.250000000 25.125000000 77.000000000 61.000000000 4 20.250000000 25.125000000 77.000000000 61.000000000 26.906482537 29.332952617 70.343517463 56.792047383 55.584957623 47.462297000 4 20.250000000 25.125000000 34.437500000 34.093750000 34.437500000 34.093750000 48.625000000 43.062500000 48.625000000 43.062500000 62.812500000 52.031250000 62.812500000 52.031250000 77.000000000 61.000000000
FGEOM -17.625000000000000 20.062500000000000 37.125000000000000 53.937500000000000 1.2500000000000000 66.437500000000000 42.375000000000000 11.562500000000000 16.625000000000000 -19.187500000000000 16.625000000000000 92.812500000000000 9.0000000000000000 2.3750000000000000 2.0000000000000000 -4 -0.33069396353576770 5 1 -1 -1 5 0.12500000000000000 4.5000000000000000 14.250000000000000 28.750000000000000 -7.6250000000000000 24.312500000000000 18.375000000000000 55.062500000000000 38.125000000000000 28.062500000000000 -18 11 43 67 -66 31 2 92 713.144531250 26.704766077 4145.078125000 64.382281142 146.622605612 -18 20 -18 21 -20 20 -17 20 19.500000000 74.000000000 -54.750000000 -33.875000000 2604.359375000 -9.404922300 10.705603044 6.823691039 35.189429844 9.750000000 37.000000000 1 -31.660238321 28.703927897 -17.625000000 20.062500000 -17.625000000 20.062500000 0 -18 20 -17 21 2 34.495626341 57.589402814 39.219431992 49.954617297 2 34.495626341 57.589402814 2 39.219431992 49.954617297 14.796398396 31.721439568 0 37.125000000 53.937500000 -17.625000000 20.062500000 -17.625000000 20.062500000 37.125000000 53.937500000 2 16.625000000 41.253710046 -17.625000000 30.645888681 37.125000000 64.520888681 -29.505643343 16.774514673 41.346217983 29.505643343 4 -10.418559756 24.521279237 37.125000000 53.937500000 4 -17.625000000 20.062500000 37.125000000 53.937500000 -9.971496718 24.797886734 29.471496718 49.202113266 16.774514673 41.346217983 5 -17.625000000 20.062500000 -6.675000000 26.837500000 -6.675000000 26.837500000 4.275000000 33.612500000 4.275000000 33.612500000 15.225000000 40.387500000 15.225000000 40.387500000 26.175000000 47.162500000 26.175000000 47.162500000 37.125000000 53.937500000
FGEOM -43.500000000000000 -21.000000000000000 14.250000000000000 19.875000000000000 -19.625000000000000 26.375000000000000 29.500000000000000 -26.500000000000000 -19.625000000000000 26.375000000000000 29.500000000000000 -26.500000000000000 -9.0000000000000000 2.7500000000000000 2.2500000000000000 -3 -0.16534698176788384 0 2 0 -1 6 0.25000000000000000 5.5000000000000000 15.250000000000000 29.750000000000000 -29.500000000000000 -14.750000000000000 -3.5000000000000000 16.000000000000000 16.250000000000000 -11.000000000000000 -44 -27 30 27 -46 56 -65 35 2333.250000000 48.303726564 5005.828125000 70.751877184 183.520192711 -43 -21 -44 -21 -43 -20 -43 -21 -29.250000000 -1.125000000 -57.750000000 -40.875000000 3315.234375000 -13.733412455 -6.629923254 -19.217075385 -3.812735175 -14.625000000 -0.562500000 1 -50.972044833 -16.424170906 21.000000000 -43.500000000 27.750000000 2.500000000 0 -44 -21 -43 -21 2 10.733156977 24.103689531 17.068881584 15.152298801 2 10.733156977 24.103689531 2 17.068881584 15.152298801 -7.078601604 -7.341060432 0 14.250000000 19.875000000 -43.500000000 -21.000000000 -43.500000000 -21.000000000 14.250000000 19.875000000 2 -2.543008363 7.989039535 -43.500000000 -32.026266574 14.250000000 8.848733426 -24.875885914 -5.253623901 6.070486979 24.875885914 4 -5.253623901 6.070486979 2.541660814 11.587928758 4 -43.500000000 -21.000000000 14.250000000 19.875000000 -36.153905159 -15.800491314 6.903905159 14.675491314 -5.253623901 6.070486979 6 -43.500000000 -21.000000000 -33.875000000 -14.187500000 -33.875000000 -14.187500000 -24.250000000 -7.375000000 -24.250000000 -7.375000000 -14.625000000 -0.562500000 -14.625000000 -0.562500000 -5.000000000 6.250000000 -5.000000000 6.250000000 4.625000000 13.062500000 4.625000000 13.062500000 14.250000000 19.875000000
FGEOM 16.750000000000000 -47.062500000000000 72.500000000000000 -8.1875000000000000 40.625000000000000 -1.6875000000000000 87.750000000000000 -59.562500000000000 20.250000000000000 -44.812500000000000 76.000000000000000 -5.9375000000000000 -7.8750000000000000 0.50000000000000000 2.5000000000000000 -2 0.0000000000000000 1 3 1 -1 0 0.37500000000000000 6.5000000000000000 16.250000000000000 30.750000000000000 29.750000000000000 -41.812500000000000 55.750000000000000 -11.062500000000000 75.500000000000000 -38.062500000000000 16 -60 88 -1 42 148 -31 65 2495.441406250 49.954393263 4619.328125000 67.965639297 101.106012587 17 -47 16 -48 17 -48 17 -47 89.250000000 -55.250000000 -55.750000000 -38.875000000 3094.984375000 5.448719967 -15.309276623 41.973223348 -29.474108831 44.625000000 -27.625000000 1 16.750000000 -47.062500000 -16.750000000 47.062500000 64.500000000 43.687500000 0 16 -48 17 -47 2 68.289261120 -3.235765144 75.690920657 -13.850363707 2 68.289261120 -3.235765144 2 75.690920657 -13.850363707 52.171398396 -34.403560432 0 72.500000000 -8.187500000 16.750000000 -47.062500000 16.750000000 -47.062500000 72.500000000 -8.187500000 -1 16.750000000 -56.663027524 72.500000000 -17.788027524 -23.563607163 54.102916753 -21.015959394 23.563607163 4 20.160582911 -44.684268419 72.500000000 -8.187500000 4 20.160582911 -44.684268419 72.500000000 -8.187500000 23.209605979 -42.558155920 66.040394021 -12.691844080 54.102916753 -21.015959394 0
