ROOM45 11 -59 73 23 5 111 -42 90 33 -22 51 -14 47 73 11 37 -24 10 6 78 -97 -12 -14 69 0
ROOM45 0 -85 111 -5 19 177 -69 89 47 -51 63 -39 86 114 -4 24 34 -107 96 -32 74 200 -61 46 0
ROOM45 -8 -59 137 60 -53 189 -60 190 53 -4 75 4 49 79 49 79 12 -67 47 -33 48 114 -46 7 1 -8 -33 137 60 -53 170 -41 190 53 -4 75 4 49 79 49 79
ROOM45 -66 -87 56 3 -60 120 -132 48 -15 -54 5 -30 15 59 -69 -25 0 35 80 73 -64 42 46 142 0
ROOM45 1 -48 117 53 -34 146 -39 150 45 -10 73 14 31 83 35 87 19 25 82 79 -43 45 52 148 1 1 -48 117 25 -24 146 -39 142 45 -10 73 14 31 83 35 87
ROOM45 -58 14 25 82 -136 -2 -23 95 -26 48 -6 48 -74 -54 22 42 33554432 33554432 -33554432 -33554432 33554432 -33554432 33554432 -33554432 0
ROOM45 17 -30 60 63 -24 72 5 117 24 13 52 19 5 39 37 71 95 -9 165 61 41 167 100 225 0
ROOM45 -96 -2 61 70 -146 61 -87 110 -32 31 -2 37 -69 -33 -1 35 47 2 108 36 24 100 55 136 1 -96 -2 47 70 -146 49 -87 110 -32 31 -2 37 -69 -33 -1 35
ROOM45 -74 -1 49 57 -123 27 -55 88 -25 22 1 34 -59 -21 -3 35 -4 37 64 63 -54 14 34 114 1 -74 -1 49 37 -111 27 -55 86 -25 22 1 34 -59 -21 -3 35
ROOM45 -82 -67 64 27 -99 106 -136 80 -22 -23 4 -17 -5 27 -45 -13 1 -33 21 29 -25 53 -29 44 1 -82 -67 1 27 -99 68 -136 28 -22 -23 1 -17 -5 24 -45 -16
ROOM45 -66 4 26 158 -209 -3 -45 160 -34 69 -6 93 -127 -75 35 87 -59 50 -7 93 -145 -67 4 75 2 -7 4 26 158 -165 -3 -3 160 -7 69 -6 93 -100 -75 62 87 -66 82 -7 158 -209 -89 75 151 -18 82 -7 93 -111 -89 75 86
ROOM45 -3 2 124 135 -132 116 3 236 46 60 74 76 -30 14 106 150 107 59 152 75 38 84 177 220 1 -3 2 107 135 -132 105 3 236 46 60 74 76 -30 14 106 150
ROOM45 -11 -25 70 39 -48 83 -13 86 28 -7 30 21 7 37 21 51 48 34 111 108 -49 59 86 204 0
ROOM45 -67 -3 89 41 -86 73 -70 122 6 17 16 21 -15 -1 23 37 -101 41 -51 88 -186 -105 -57 29 0
ROOM45 -21 -90 84 48 -60 153 -88 119 26 -31 36 -11 37 67 -5 25 22 28 67 85 -54 31 59 150 1 -21 -90 84 28 -49 153 -88 112 26 -31 36 -11 37 67 -5 25
ROOM45 -69 -29 -25 66 -133 -20 -89 37 -47 13 -47 23 -70 -60 -34 -24 -90 -16 -59 55 -145 -59 -94 -5 1 -59 -29 -25 66 -125 -20 -88 37 -47 13 -47 23 -70 -60 -34 -24
ROOM45 -14 -52 114 56 -47 155 -43 167 42 -4 58 8 34 62 38 66 -11 16 31 86 -96 -3 8 104 1 -14 -52 114 56 -3 155 -43 167 42 -4 58 8 34 62 38 66
ROOM45 -1 -13 70 46 -38 58 -3 108 25 13 43 19 6 30 38 62 -31 -33 10 -9 -11 34 -59 1 1 -1 -9 70 46 -38 58 -3 108 25 13 43 19 6 30 38 62
ROOM45 -84 -36 -37 47 -113 -26 -117 9 -69 -5 -51 15 -84 -46 -74 -36 -118 75 -100 131 -237 -179 -31 25 0
ROOM45 -21 10 110 93 -111 97 14 195 34 43 54 59 -25 11 77 113 59 61 99 84 -22 27 123 183 1 -21 10 59 93 -111 49 14 152 34 43 54 59 -25 11 77 113
ROOM45 -63 -95 17 34 -75 94 -152 33 -25 -40 -21 -20 -5 19 -65 -41 46 -52 88 -21 81 138 10 59 0
ROOM45 -3 -65 117 32 -16 164 -56 146 54 -19 60 -13 67 79 35 47 -24 63 8 141 -152 -70 44 147 0
ROOM45 7 -20 134 116 -93 143 10 230 65 39 75 57 8 36 104 132 160 107 201 137 28 90 276 333 0
ROOM45 4 5 155 65 -56 131 20 199 75 20 83 50 25 63 95 133 29 58 62 130 -93 3 104 184 1 62 5 155 65 -3 131 67 199 75 20 83 50 25 63 95 133
ROOM45 -14 -98 26 -28 21 122 -93 -13 3 -64 9 -62 65 73 -61 -53 -29 -33 -20 -19 -9 4 -61 -44 0
ROOM45 -31 -69 97 51 -68 153 -95 137 25 -23 41 5 20 64 2 46 98 -78 166 -32 138 227 32 120 0
ROOM45 -98 -28 -27 30 -128 -5 -119 -5 -64 -2 -60 4 -68 -58 -66 -56 -126 37 -51 102 -219 -101 -78 35 0
ROOM45 16 8 64 74 -52 39 45 132 32 40 48 42 -10 8 72 90 65 94 129 148 -75 31 177 277 0
ROOM45 -56 -58 64 -8 -40 116 -103 38 4 -48 4 -18 22 52 -44 -14 -40 -93 31 -25 -4 112 -124 -9 1 -56 -25 63 -8 -40 88 -81 38 4 -25 4 -18 22 29 -21 -14
ROOM45 -68 -86 -27 -32 -19 41 -154 -73 -57 -59 -37 -59 2 22 -116 -96 -62 -17 11 -7 -52 24 -79 -2 0
ROOM45 -93 -35 13 103 -194 25 -128 109 -44 24 -36 44 -88 -60 -20 8 -82 53 -54 67 -140 -113 -24 4 1 -93 -35 13 103 -113 25 -128 109 -44 24 -36 44 -88 -60 -20 8
ROOM45 -51 -8 78 44 -89 81 -46 104 6 4 20 32 -26 16 10 52 57 76 131 89 -29 55 140 211 0
ROOM45 0 -47 86 35 -35 130 -37 97 42 -17 44 5 37 61 25 49 -33 -48 25 -4 -24 73 -64 14 1 25 -47 86 35 -10 130 -22 97 42 -17 44 5 37 61 25 49
ROOM45 -53 -5 18 135 -171 5 -37 136 -20 60 -14 70 -90 -74 40 56 -52 79 -38 132 -174 -122 36 90 1 -38 -5 18 135 -171 5 -37 136 -20 60 -14 70 -90 -74 40 56
ROOM45 13 -44 147 51 -38 176 -11 197 69 -4 91 10 59 95 65 101 16 -66 51 -16 38 113 -46 17 1 13 -44 147 51 -38 176 17 197 69 -4 91 10 59 95 65 101
ROOM45 -65 -100 38 -22 -28 119 -152 12 -18 -61 -8 -61 43 53 -79 -69 -70 -32 -35 22 -80 -13 -91 -27 1 -65 -100 38 -32 -28 119 -152 6 -18 -61 -8 -61 43 53 -79 -69
ROOM45 -55 -50 23 -10 -43 54 -101 -9 -16 -34 -16 -26 10 18 -50 -42 -88 -27 -22 39 -110 -10 -115 3 1 -55 -50 23 -10 -10 54 -101 -9 -16 -34 -16 -26 10 18 -50 -42
ROOM45 0 -66 79 42 -27 137 -62 117 37 -25 41 1 36 66 12 42 67 35 119 110 -43 75 113 218 1 0 -66 79 42 -27 137 -62 113 37 -25 41 1 36 66 12 42
ROOM45 12 -31 62 24 7 91 -16 71 30 -10 44 4 26 54 20 48 56 -40 105 7 58 132 23 103 1 12 -31 56 24 7 87 -16 71 30 -10 44 4 26 54 20 48
ROOM45 -93 -72 13 -8 -70 83 -147 -12 -52 -54 -28 -26 -26 26 -106 -54 -114 34 -99 101 -206 -141 -72 1 0
ROOM45 -78 -70 76 -16 -48 146 -133 38 -12 -57 10 -29 17 67 -69 -19 -106 -57 -66 -26 -72 -14 -162 -99 1 -66 -70 76 -16 -48 146 -133 38 -12 -57 10 -29 17 67 -69 -19
ROOM45 4 -6 74 93 -76 57 6 165 25 40 53 46 -21 13 65 99 52 105 80 156 -92 -39 170 223 0
ROOM45 15 -30 56 27 -1 74 -14 58 27 -16 43 14 13 59 11 57 -3 -63 67 5 -8 130 -56 63 1 15 5 53 27 -1 48 20 58 27 5 43 14 13 38 32 57
ROOM45 -36 17 28 67 -78 2 -1 75 -18 35 10 49 -67 -25 17 59 38 88 109 110 -72 20 141 209 0
ROOM45 -30 -46 117 82 -101 138 -71 196 34 3 52 33 1 49 37 85 37 89 75 135 -88 -26 141 207 0
ROOM45 -50 -98 70 -53 8 159 -129 4 3 -82 17 -68 71 99 -79 -51 53 -94 80 -26 79 166 -40 38 1 -50 -98 53 -53 8 151 -129 0 3 -82 17 -68 71 99 -79 -51
ROOM45 -42 -25 107 54 -74 117 -49 161 22 11 42 17 5 31 33 59 -8 61 45 124 -126 -25 69 155 0
ROOM45 -20 -11 27 36 -50 38 -10 58 0 5 6 19 -19 1 5 25 42 49 107 84 -34 57 102 183 0
ROOM45 -8 19 39 85 -85 13 15 99 9 41 21 63 -54 -20 50 84 -15 64 23 98 -107 -45 64 115 1 -8 19 39 64 -72 13 15 99 9 41 21 63 -54 -20 50 84
ROOM45 -34 -4 51 109 -133 48 -35 136 5 42 11 62 -57 -31 47 73 -24 128 -11 172 -189 -148 109 155 0
ROOM45 -8 -36 57 63 -69 90 -22 95 12 6 36 20 -8 30 18 56 63 93 117 118 -52 19 163 227 0
ROOM45 4 11 120 153 -129 90 30 250 49 80 75 84 -35 -5 129 159 145 -3 161 22 137 153 142 181 0
ROOM45 -10 -49 106 55 -53 136 -54 154 44 -7 52 13 31 59 37 65 50 22 67 65 -5 36 81 124 1 -10 -49 106 22 -32 136 -54 128 44 -7 52 13 31 59 37 65
ROOM45 -21 -43 138 99 -105 165 -64 235 43 15 73 41 2 58 58 114 -35 8 -15 34 -69 -38 -25 10 1 -15 -43 138 99 -105 165 -58 235 43 15 73 41 2 58 58 114
ROOM45 -55 -84 -7 74 -117 60 -117 60 -39 -12 -23 2 -41 -11 -51 -21 -2 -35 14 -11 15 45 -25 -7 0
ROOM45 -97 -40 -22 85 -160 9 -126 50 -60 17 -58 27 -87 -75 -43 -31 -37 5 -27 62 -89 -39 -29 35 1 -97 -40 -37 85 -160 3 -126 48 -60 17 -58 27 -87 -75 -43 -31
ROOM45 11 -88 163 13 1 235 -71 167 77 -38 97 -36 113 135 39 61 9 -8 65 40 -24 67 17 97 1 11 -88 163 -8 19 235 -71 155 77 -38 97 -36 113 135 39 61
ROOM45 -92 -60 13 67 -139 51 -145 70 -42 -5 -36 11 -53 -31 -47 -25 -85 92 -63 127 -207 -167 17 64 0
ROOM45 -86 -42 -8 106 -185 23 -115 83 -54 21 -40 43 -97 -61 -33 3 -23 -20 30 44 -63 41 -42 74 1 -86 -42 -23 106 -185 19 -115 83 -54 21 -40 43 -97 -61 -33 3
ROOM45 -20 -57 124 32 -34 157 -52 145 44 -20 60 -4 48 80 24 56 -50 60 14 79 -127 -58 26 85 0
ROOM45 18 5 66 53 -15 58 24 114 41 24 43 34 7 19 65 77 64 -30 137 37 29 163 44 163 1 18 5 64 53 -15 58 24 114 41 24 43 34 7 19 65 77
ROOM45 -38 -100 100 -25 5 181 -128 70 17 -64 45 -60 77 109 -47 -15 -12 -114 44 -50 51 158 -122 -8 1 44 -100 100 -25 69 181 -56 70 44 -64 45 -60 104 109 -20 -15
ROOM45 -57 -21 22 107 -146 38 -62 127 -25 35 -9 51 -76 -44 10 42 -92 116 -32 150 -241 -156 27 117 0
ROOM45 -67 -82 -10 -12 -45 56 -147 -22 -47 -47 -29 -47 0 18 -94 -76 -99 -24 -60 4 -94 -45 -114 -60 0
ROOM45 -42 -71 47 86 -118 93 -103 120 -5 -7 9 21 -26 16 -12 30 -52 106 -17 134 -184 -135 70 100 0
ROOM45 -18 -57 50 53 -64 99 -67 82 15 -11 17 7 8 28 4 24 77 70 83 76 3 11 152 155 0
ROOM45 12 -6 118 100 -88 113 28 203 53 41 77 53 0 36 94 130 53 0 68 29 27 62 63 90 1 12 29 118 100 -88 89 41 203 53 41 77 53 0 36 94 130
ROOM45 -40 1 118 45 -70 114 -26 144 38 22 40 24 14 18 60 64 68 28 123 75 1 89 96 192 1 -40 1 68 45 -70 67 -26 113 38 22 40 24 14 18 60 64
ROOM45 -80 -84 39 12 -73 110 -150 36 -31 -41 -9 -31 0 32 -72 -40 -82 -29 -29 36 -102 -10 -102 -6 1 -80 -84 39 12 -10 110 -150 36 -31 -41 -9 -31 0 32 -72 -40
ROOM45 -19 -1 54 120 -115 42 5 157 2 55 32 63 -61 -23 57 95 33 -22 46 18 27 60 17 63 1 -19 18 54 120 -115 36 5 157 2 55 32 63 -61 -23 57 95
ROOM45 -71 -83 7 -24 -33 72 -143 -20 -39 -54 -25 -52 13 29 -93 -77 -83 -96 -35 -56 -22 49 -169 -102 1 -68 -83 7 -24 -33 72 -102 -20 -39 -54 -25 -52 13 29 -93 -77
ROOM45 -26 -23 134 80 -101 140 -39 194 50 17 58 39 11 41 67 97 8 -54 21 -41 61 62 -45 -21 0
ROOM45 -17 -89 99 -49 48 172 -97 44 36 -79 46 -59 95 125 -43 -13 -43 -47 -23 -33 2 21 -88 -64 0
ROOM45 -42 -82 101 68 -91 173 -114 146 18 -13 40 -1 19 53 5 39 33554432 33554432 -33554432 -33554432 33554432 -33554432 33554432 -33554432 0
ROOM45 -47 -26 13 132 -178 30 -65 122 -23 52 -11 54 -77 -63 29 43 -26 -30 -1 26 -48 28 -42 23 1 -47 26 13 132 -178 -13 -21 122 -23 52 -11 54 -77 -63 29 43
ROOM45 2 -99 144 -31 41 233 -75 88 59 -79 87 -51 110 166 -20 36 12 -8 50 16 9 48 11 65 0
ROOM45 -73 20 56 128 -192 13 -51 165 -17 68 1 80 -97 -67 51 81 69 82 91 134 -59 7 164 211 0
ROOM45 -89 -68 -4 41 -127 58 -153 15 -46 -26 -46 0 -46 -20 -72 -46 8 -14 48 55 -38 50 0 95 0
ROOM45 -49 -43 15 87 -126 51 -80 101 -31 8 -3 36 -67 -11 -23 33 39 107 115 176 -121 -5 154 290 0
ROOM45 13 -31 155 126 -113 179 -6 269 79 34 89 60 19 55 113 149 121 86 170 97 34 75 209 265 1 13 -31 121 126 -113 152 -6 247 79 34 89 60 19 55 113 149
ROOM45 20 11 164 150 -127 146 44 296 83 66 101 94 -11 35 149 195 175 -20 247 45 143 263 169 287 0
ROOM45 -18 16 85 135 -133 65 20 210 32 64 34 86 -54 -30 96 120 -45 91 11 130 -164 -97 55 136 1 -18 16 85 135 -97 65 20 210 32 64 34 86 -54 -30 96 120
ROOM45 -25 -64 86 6 -22 147 -71 88 17 -44 43 -14 31 87 -27 29 24 -31 43 -4 33 70 4 24 6 -25 -64 86 -31 6 147 -71 55 17 -44 43 -31 48 87 -27 12 39 -31 86 6 70 117 8 88 39 -31 43 -27 70 74 8 16 18 -23 76 6 12 70 24 82 38 -19 43 -14 52 62 24 29 -25 -31 29 6 -22 33 -56 24 17 -16 19 -14 31 33 1 5 2 -31 24 -9 33 55 -29 15 17 -31 24 -14 33 55 -14 10 24 -31 35 -20 44 66 -7 4 24 -31 35 -20 44 66 -7 4
ROOM45 -71 -67 10 -18 -47 59 -127 -20 -38 -49 -22 -35 -3 27 -87 -57 28 12 98 23 14 84 42 114 0
ROOM45 -29 -32 112 43 -54 137 -56 136 38 -8 44 18 20 52 30 62 -39 -17 -21 0 -31 -14 -47 -29 1 -21 -32 112 43 -54 137 -53 136 38 -8 44 18 20 52 30 62
ROOM45 -97 -62 -51 61 -151 9 -158 -9 -80 -9 -68 9 -89 -59 -89 -59 -109 -82 -77 -40 -56 -10 -182 -121 1 -97 -40 -51 61 -151 -11 -137 -9 -80 -9 -68 9 -89 -59 -89 -59
ROOM45 -9 2 34 152 -137 21 11 179 5 68 19 86 -81 -49 73 105 -34 45 25 86 -118 -23 11 96 1 -9 62 34 152 -137 -28 96 179 10 77 19 86 -76 -58 96 105
ROOM45 -81 -16 69 86 -158 81 -80 153 -13 33 1 37 -50 -32 20 38 61 88 116 150 -75 24 149 251 0
ROOM45 -79 -39 81 93 -148 104 -99 154 1 22 1 32 -31 -21 23 33 -26 105 11 135 -150 -112 93 141 0
ROOM45 -61 -28 -14 76 -126 12 -82 51 -51 17 -23 31 -82 -40 -34 8 -16 -44 59 2 -16 103 -42 44 1 -61 -28 -14 76 -126 -16 -82 51 -51 17 -23 31 -82 -40 -34 8
ROOM45 -82 9 78 159 -241 54 -62 217 -7 80 3 88 -95 -77 73 91 109 50 150 97 20 91 160 241 0
ROOM45 -47 -68 30 72 -106 73 -114 77 -23 -12 7 16 -39 19 -35 23 40 35 58 90 -46 15 85 133 0
ROOM45 -14 -87 44 -14 7 128 -91 10 4 -64 26 -36 40 90 -60 -10 -26 14 33 56 -72 7 -7 81 0
ROOM45 -52 -47 -3 26 -55 19 -97 3 -28 -24 -26 4 -32 -2 -52 -22 32 24 108 86 -43 70 56 190 0
ROOM45 -73 -7 67 40 -104 67 -58 101 -3 5 -3 27 -30 -8 2 24 -102 37 -59 84 -169 -104 -48 11 0
ROOM45 -67 -6 88 135 -183 89 -53 220 1 58 19 70 -69 -39 59 89 51 137 91 212 -145 -54 188 297 0
ROOM45 -80 3 2 147 -202 -3 -68 143 -53 65 -25 85 -138 -90 12 60 -32 18 48 39 -63 23 -7 80 1 -80 39 2 147 -202 -37 -41 143 -53 65 -25 85 -138 -90 12 60
ROOM45 -4 -56 84 53 -47 137 -38 118 40 -2 40 0 40 42 38 40 100 -38 122 37 70 155 67 151 0
ROOM45 -52 0 107 71 -122 99 -35 166 22 28 32 42 -20 4 50 74 7 68 59 112 -99 -25 77 171 1 -52 0 107 68 -120 99 -35 166 22 28 32 42 -20 4 50 74
ROOM45 -40 -70 86 40 -63 156 -101 109 11 -24 35 -6 17 59 -13 29 123 36 141 47 76 98 170 184 0
ROOM45 -85 -67 26 -6 -56 91 -127 2 -39 -40 -19 -32 -7 21 -79 -51 -89 -68 -73 8 -91 -8 -156 -68 1 -73 -67 26 -6 -56 91 -127 2 -39 -40 -19 -32 -7 21 -79 -51
ROOM45 -42 -87 86 -2 -36 153 -115 78 9 -57 35 -31 40 92 -48 4 38 15 56 82 -39 37 64 135 0
ROOM45 -94 -51 46 5 -74 80 -138 50 -37 -24 -11 -22 -15 13 -61 -33 -72 -51 1 -28 -37 39 -112 -37 1 -94 -28 46 5 -74 74 -122 50 -37 -24 -11 -22 -15 13 -61 -33
ROOM45 1 -87 124 34 -19 193 -82 147 55 -30 69 -22 77 99 25 47 99 -113 128 -43 149 234 -1 70 1 1 -87 99 34 -19 186 -82 133 55 -30 69 -22 77 99 25 47
ROOM45 -24 3 56 137 -138 46 -19 170 16 61 16 79 -63 -45 77 95 1 62 62 123 -122 -2 63 177 1 -24 3 56 62 -86 46 -19 118 16 61 16 62 -46 -45 77 78
ROOM45 1 -38 122 19 -4 157 -22 126 46 -17 76 -1 47 93 29 75 34 49 56 61 -22 -4 89 115 0
ROOM45 -8 -88 138 32 -17 203 -82 153 65 -36 65 -20 85 101 29 45 37 52 50 79 -33 -14 90 126 0
ROOM45 -67 -69 63 -1 -53 112 -136 58 -15 -37 11 -33 18 48 -52 -22 -92 -46 -34 8 -83 11 -133 -44 1 -34 -69 63 -1 -33 112 -103 58 -15 -37 11 -33 18 48 -52 -22
ROOM45 3 9 113 126 -114 102 18 235 45 61 71 73 -28 10 106 144 41 90 63 106 -65 -34 136 160 1 3 9 113 90 -87 102 18 203 45 61 71 73 -28 10 106 144
ROOM45 -38 -51 23 84 -106 63 -77 84 -21 15 7 17 -38 -8 -6 24 -41 3 3 76 -112 -12 -29 72 2 -38 -51 23 35 -12 63 -77 58 3 15 7 17 -12 -8 18 24 3 15 23 81 -78 -12 18 84 3 15 5 17 -14 -12 18 22
ROOM45 -52 -55 75 62 -114 130 -94 133 3 -2 19 8 -5 21 1 27 52 -39 102 -23 82 129 21 74 1 -52 -55 52 62 -114 107 -94 114 3 -2 19 8 -5 21 1 27
ROOM45 -67 -70 87 -15 -35 139 -116 72 -2 -51 22 -33 31 73 -53 -11 96 -63 123 -15 122 178 36 97 0
ROOM45 -93 -36 59 31 -119 89 -123 69 -27 -7 -7 3 -30 0 -34 -4 -49 18 -14 79 -120 -40 -21 61 1 -93 -36 59 18 -111 89 -123 69 -27 -7 -7 3 -30 0 -34 -4
ROOM45 -77 -75 -35 16 -77 32 -134 -28 -59 -29 -53 -29 -30 -24 -88 -82 -42 -78 -2 -12 -28 66 -103 -29 1 -77 -75 -42 16 -77 32 -134 -28 -59 -29 -53 -29 -30 -24 -88 -82
ROOM45 -97 -10 11 143 -227 1 -100 135 -46 54 -40 78 -124 -94 8 38 -117 48 -91 115 -218 -142 -67 11 1 -91 -10 11 143 -227 1 -100 135 -46 54 -40 78 -124 -94 8 38
ROOM45 -6 -89 122 54 -38 190 -92 152 44 -29 72 -5 49 101 15 67 60 1 121 40 30 113 73 151 1 -6 -89 122 1 -7 190 -92 123 44 -29 72 -5 49 101 15 67
ROOM45 -68 -10 -21 67 -132 -33 -64 27 -55 16 -33 40 -95 -49 -39 7 -51 102 -6 149 -196 -116 60 141 0
ROOM45 -48 -88 -5 8 -39 82 -135 -4 -35 -49 -17 -31 -4 32 -84 -48 -69 34 -48 45 -112 -92 -26 -4 0
ROOM45 -93 -7 5 139 -218 8 -83 138 -44 55 -44 77 -121 -99 11 33 13 30 24 72 -48 -8 52 96 0
ROOM45 -88 -93 -47 -24 -52 41 -176 -87 -79 -60 -55 -56 -23 5 -139 -111 -19 -1 9 21 -27 -5 -10 23 0
ROOM45 -97 19 58 145 -230 39 -62 202 -27 74 -11 90 -117 -85 47 79 -104 -10 -76 50 -136 -76 -109 -27 1 -76 19 58 145 -221 39 -57 202 -27 74 -11 90 -117 -85 47 79
ROOM45 -11 -98 45 -41 32 119 -92 -9 15 -75 19 -63 78 94 -60 -44 54 -106 108 -42 104 200 -42 49 0
ROOM45 -61 -1 -16 47 -103 -26 -45 30 -47 8 -29 38 -85 -37 -39 9 -11 -26 48 41 -52 63 -24 88 0
ROOM45 -97 -83 11 -28 -59 83 -177 -35 -54 -56 -32 -54 0 24 -110 -86 -84 -9 -58 22 -103 -60 -80 -46 0
ROOM45 7 -83 135 58 -46 195 -75 191 57 -26 85 2 55 111 31 87 103 53 134 101 13 77 173 226 1 7 -83 135 53 -46 195 -75 188 57 -26 85 2 55 111 31 87
ROOM45 -69 -17 -17 57 -116 -16 -85 23 -56 8 -30 32 -88 -38 -48 2 -22 89 -11 127 -142 -100 77 113 0
ROOM45 -53 -24 81 63 -108 105 -60 125 12 6 16 32 -20 10 18 48 56 -21 102 -3 76 118 36 92 1 -53 -24 56 63 -108 80 -60 119 12 6 16 32 -20 10 18 48
ROOM45 -33 18 56 136 -146 20 -4 176 10 75 12 79 -69 -63 85 91 80 28 140 49 43 108 118 172 0
ROOM45 -51 -72 21 23 -59 71 -106 24 -16 -32 -14 -16 0 18 -48 -30 -82 -38 -28 4 -71 -3 -116 -41 1 -28 -72 21 23 -51 71 -100 24 -16 -32 -14 -16 0 18 -48 -30
ROOM45 -67 -16 62 74 -133 70 -82 134 -14 22 10 36 -50 -12 8 46 71 14 117 58 15 101 96 158 0
ROOM45 -76 -61 52 72 -132 98 -131 106 -25 4 1 6 -31 -3 -21 7 43 72 79 92 -33 -10 119 168 0
ROOM45 -46 -29 -5 105 -141 1 -60 90 -27 37 -23 39 -66 -60 10 16 -47 -60 -9 -9 -21 41 -89 -31 1 -46 -9 -5 105 -141 1 -55 90 -27 37 -23 39 -66 -60 10 16
ROOM45 -29 -62 99 19 -35 158 -91 116 33 -28 37 -14 47 65 5 23 -45 -64 16 -20 -25 63 -100 -15 1 16 -62 99 19 -3 158 -46 116 33 -28 37 -14 47 65 5 23
ROOM45 -58 12 74 166 -217 37 -43 236 6 81 10 97 -91 -71 87 107 3 117 17 135 -131 -111 124 149 1 -58 12 74 117 -175 37 -43 191 6 81 10 97 -91 -71 87 107
ROOM45 -95 -50 45 106 -179 87 -134 127 -28 14 -22 42 -70 -36 -14 20 -84 4 -48 59 -133 -62 -79 8 1 -48 -50 45 106 -154 87 -98 127 -28 14 -22 42 -70 -36 -14 20
ROOM45 -64 -31 20 14 -74 49 -85 11 -29 -16 -15 0 -29 1 -45 -15 -85 -28 -61 15 -100 -40 -105 -55 1 -61 -31 20 14 -74 49 -85 11 -29 -16 -15 0 -29 1 -45 -15
ROOM45 -29 -61 128 66 -77 184 -88 182 44 -3 54 7 37 57 41 61 47 -33 102 15 42 129 21 115 2 -29 -61 108 66 -77 42 -88 174 44 2 49 7 37 42 46 56 -19 -61 47 5 42 108 -80 52 44 -3 47 5 42 50 41 52
ROOM45 -25 -91 118 16 -33 184 -108 117 43 -40 49 -34 77 89 3 15 -27 28 -16 38 -62 -47 9 14 0
ROOM45 -15 -15 58 99 -95 52 -17 140 10 37 32 47 -37 -5 47 79 79 -3 106 67 12 104 84 165 0
ROOM45 -71 -21 38 131 -190 46 -78 160 -30 52 -2 58 -88 -54 22 56 53 153 97 170 -117 -62 214 255 0
ROOM45 -72 -28 10 111 -176 32 -75 105 -36 34 -26 48 -84 -60 -2 22 -31 94 11 146 -165 -89 80 144 1 -72 -28 10 94 -166 32 -75 104 -36 34 -26 48 -84 -60 -2 22
ROOM45 -54 -27 42 87 -128 54 -72 110 -19 24 7 36 -55 -17 5 43 64 75 142 131 -59 52 152 261 0
ROOM45 -66 -7 87 82 -127 69 -72 158 6 37 14 37 -31 -23 43 51 85 84 111 157 -67 18 172 255 0
ROOM45 -25 4 106 91 -93 80 -3 179 33 35 47 59 -26 12 68 106 51 62 117 103 -49 50 113 204 1 -25 4 51 91 -93 47 -3 142 33 35 47 59 -26 12 68 106
ROOM45 -98 -3 17 46 -131 9 -76 47 -50 15 -30 27 -77 -45 -35 -3 -127 87 -112 156 -277 -210 -36 36 0
ROOM45 -77 -37 79 102 -162 109 -97 167 -8 17 10 47 -55 -7 9 57 -16 87 -5 123 -139 -103 72 107 1 -77 -37 79 87 -162 109 -97 166 -8 17 10 47 -55 -7 9 57
ROOM45 19 -24 74 133 -109 86 12 188 44 50 48 58 -14 -2 94 106 70 2 111 70 4 97 86 174 1 19 -24 70 133 -109 86 12 188 44 50 48 58 -14 -2 94 106
ROOM45 -15 -63 45 89 -98 100 -77 128 11 7 19 19 -8 12 18 38 -21 34 35 90 -106 -4 20 110 1 -15 -63 45 34 -49 100 -77 79 11 7 19 19 -8 12 18 38
ROOM45 13 5 53 59 -37 40 27 95 27 21 39 43 -16 18 48 82 89 21 126 36 59 99 120 153 0
ROOM45 -19 -37 62 112 -116 82 -39 154 13 26 29 48 -35 3 39 77 75 5 101 15 70 92 80 109 0
ROOM45 -56 -40 -1 34 -73 36 -87 32 -37 -8 -19 2 -39 -11 -45 -17 -24 -34 -13 14 -33 17 -51 -5 2 -56 -23 -1 34 -73 -33 -79 32 -37 -4 -31 2 -39 -33 -41 -29 -56 -40 -24 9 -33 16 -87 -15 -37 -8 -24 2 -33 -16 -45 -22
ROOM45 -61 -57 45 8 -58 79 -115 32 -20 -24 4 -24 4 28 -44 -20 11 -89 83 -47 76 160 -78 29 1 -61 -57 45 8 -58 76 -115 32 -20 -24 4 -24 4 28 -44 -20
ROOM45 -44 -97 18 -41 2 93 -130 -40 -13 -79 -13 -59 46 66 -92 -72 -49 -59 -26 -7 -38 20 -98 -46 1 -44 -97 18 -41 20 93 -130 -40 -13 -79 -13 -59 46 66 -92 -72
ROOM45 -95 -68 21 -7 -75 65 -154 -3 -46 -52 -28 -22 -24 24 -98 -50 -51 -10 -36 34 -80 -35 -55 -13 1 -95 -68 21 -10 -75 65 -154 -3 -46 -52 -28 -22 -24 24 -98 -50
ROOM45 -90 -14 39 105 -193 29 -104 144 -31 31 -19 59 -90 -50 0 40 -90 44 -34 65 -141 -90 -43 21 1 -34 -14 39 105 -139 29 -48 144 -31 31 -19 59 -90 -50 0 40
ROOM45 -84 -47 -6 82 -145 25 -111 57 -50 10 -40 24 -74 -50 -40 -16 -76 -37 -65 5 -74 -35 -109 -65 1 -65 -47 -6 82 -145 25 -111 57 -50 10 -40 24 -74 -50 -40 -16
ROOM45 -68 18 72 84 -135 42 -41 135 -11 49 15 53 -64 -34 38 68 -93 3 -44 82 -173 -60 -88 33 1 -44 18 72 84 -128 42 -26 135 -11 49 15 53 -64 -34 38 68
ROOM45 -14 -89 46 -2 -7 120 -82 41 9 -60 23 -30 39 83 -51 -7 61 -89 111 -38 109 194 -16 61 0
ROOM45 -44 -35 24 113 -134 46 -56 137 -12 26 -8 52 -64 -34 14 44 48 112 123 188 -134 -2 177 302 0
ROOM45 -2 -79 47 79 -74 118 -79 115 19 -14 25 14 5 39 5 39 -16 91 22 103 -112 -72 81 115 0
ROOM45 -62 -14 88 58 -109 102 -54 130 12 16 14 28 -16 -2 28 42 -20 92 3 127 -139 -102 81 114 0
ROOM45 -1 -19 86 60 -38 101 -15 137 31 11 53 29 2 42 42 82 56 -34 102 24 41 121 31 122 1 -1 -19 56 60 -38 75 -15 116 31 11 53 29 2 42 42 82
ROOM45 -98 -90 5 -13 -82 93 -181 -10 -54 -56 -38 -46 -8 18 -110 -84 -67 -55 0 -28 -25 42 -108 -30 2 -98 -90 5 -55 -43 93 -181 -50 -54 -56 -38 -55 1 18 -110 -93 -98 -55 -53 -13 -82 2 -153 -108 -54 -55 -53 -54 0 2 -109 -108
ROOM45 15 -89 117 -47 78 193 -65 66 66 -74 66 -62 128 140 -8 4 28 -95 93 -69 103 188 -50 10 1 15 -69 117 -47 78 186 -54 66 66 -69 66 -62 128 135 -3 4
ROOM45 -5 -20 35 26 -24 33 -10 59 2 0 28 6 -4 28 2 34 -17 28 1 53 -60 -40 16 45 0
ROOM45 10 -61 151 7 20 207 -35 156 72 -38 88 -16 88 126 34 72 149 -14 214 23 143 221 144 230 1 10 -61 149 7 20 207 -35 156 72 -38 88 -16 88 126 34 72
ROOM45 -22 12 30 92 -99 -3 -3 117 -5 37 13 67 -72 -24 32 80 55 66 71 94 -29 1 133 158 0
ROOM45 16 -32 89 90 -73 111 -8 173 37 14 67 44 -7 53 51 111 81 105 97 179 -90 -19 188 273 0
ROOM45 -70 -15 65 68 -120 71 -71 122 -15 24 11 28 -43 -13 9 39 35 -38 74 40 7 108 6 104 1 -70 -15 35 68 -120 50 -71 103 -15 24 11 28 -43 -13 9 39
ROOM45 -52 -94 66 31 -71 160 -129 78 -2 -36 16 -26 24 52 -38 -10 84 66 107 123 -27 37 163 225 0
ROOM45 -58 -37 8 95 -149 27 -75 84 -30 17 -20 41 -71 -37 -13 21 -7 106 38 117 -113 -68 99 144 0
ROOM45 -39 -56 80 0 -26 118 -81 79 11 -37 29 -19 30 66 -26 10 80 -56 131 19 62 176 32 137 0
ROOM45 -89 -33 32 73 -155 55 -117 83 -30 5 -26 35 -65 -31 -25 9 -75 80 -1 122 -192 -96 20 109 0
ROOM45 -6 -12 121 142 -148 132 -7 242 56 56 58 74 -18 2 112 132 123 37 194 54 71 150 160 246 0
ROOM45 -72 -97 48 -39 -16 120 -164 -3 -20 -74 -4 -62 42 70 -94 -66 37 -46 93 2 46 127 6 92 0
ROOM45 -30 -10 83 61 -71 71 -39 139 15 19 37 31 -16 18 34 68 40 42 119 83 -26 68 95 202 1 -30 -10 83 61 -71 71 -39 95 15 19 37 31 -16 18 34 68
ROOM45 -59 -52 37 84 -122 67 -102 99 -24 16 2 16 -40 -14 -8 18 67 -27 80 15 58 98 44 88 0
ROOM45 -41 -54 48 101 -138 96 -94 126 2 13 4 33 -31 -9 15 37 -24 -19 22 42 -61 35 -32 52 0
ROOM45 -55 20 2 164 -194 -21 -11 153 -27 77 -25 107 -134 -102 50 82 19 37 85 111 -87 47 63 194 0
ROOM45 -40 14 71 108 -138 36 -22 178 15 58 15 64 -49 -43 73 79 28 36 71 67 -27 29 68 132 1 -40 14 28 108 -138 14 -22 136 15 58 15 64 -49 -43 73 79
ROOM45 -28 -34 97 122 -126 108 -38 215 22 38 46 50 -28 8 60 96 117 28 185 49 73 143 150 230 0
ROOM45 13 -78 134 70 -48 205 -49 179 62 -11 84 3 59 95 51 87 7 -51 58 -8 28 105 -32 46 1 58 -78 134 70 -12 205 -20 179 62 -11 84 3 59 95 51 87
ROOM45 -58 -25 -5 119 -152 3 -65 113 -44 36 -18 58 -102 -54 -8 40 30 34 62 111 -79 24 67 160 0
ROOM45 20 -74 151 9 25 215 -41 160 78 -45 92 -19 97 137 33 73 54 43 121 122 -63 75 109 242 0
ROOM45 -38 -50 26 31 -59 51 -79 42 -7 -11 -5 -7 0 6 -18 -12 -52 31 -29 59 -100 -72 -9 29 0
ROOM45 -81 -76 56 60 -138 117 -132 113 -12 -23 -12 7 -19 11 -35 -5 0 48 77 73 -60 16 59 150 1 -81 -76 56 48 -129 117 -132 104 -12 -23 -12 7 -19 11 -35 -5
ROOM45 -22 -89 90 -25 17 173 -111 58 29 -57 39 -57 86 96 -28 -18 100 -25 154 -1 103 179 89 146 0
ROOM45 17 -69 65 12 18 116 -34 71 39 -40 43 -16 55 83 -1 27 18 -100 93 -76 105 181 -68 14 0
ROOM45 -55 1 41 71 -118 31 -36 89 -18 24 4 48 -66 -20 6 52 61 8 81 18 43 70 79 95 0
ROOM45 -88 -49 67 71 -142 101 -119 113 -10 3 -10 19 -29 -13 -7 9 68 -28 141 28 51 151 56 152 0
ROOM45 12 -55 117 8 28 159 -39 103 59 -38 69 -8 67 107 21 61 29 11 74 49 -10 60 52 108 0
ROOM45 -88 -63 -45 -12 -59 -7 -140 -72 -69 -42 -63 -32 -37 -21 -111 -95 -108 -38 -39 -27 -76 -3 -139 -73 1 -88 -63 -45 -38 -50 -7 -140 -83 -69 -42 -63 -38 -31 -21 -111 -101
ROOM45 5 -29 129 34 -18 147 -24 144 64 -9 70 13 51 79 55 83 -12 28 19 54 -59 -23 25 68 0
ROOM45 -81 -36 6 20 -92 36 -103 19 -51 -8 -23 -8 -43 -15 -59 -31 -97 34 -32 103 -186 -69 -60 55 0
ROOM45 -23 -5 65 135 -134 70 -12 200 19 61 23 69 -50 -38 80 92 25 37 45 67 -35 5 64 112 1 -23 -5 25 135 -134 30 -12 160 19 61 23 69 -50 -38 80 92
ROOM45 -41 -36 77 88 -126 101 -58 145 4 26 32 26 -22 6 30 58 -32 -25 20 45 -71 43 -42 53 1 20 -36 77 88 -68 101 -16 145 20 26 32 26 -6 6 46 58
ROOM45 -47 -20 53 26 -64 58 -63 70 -3 -5 9 11 -14 14 -8 20 6 -41 41 26 -5 81 -31 66 2 -47 -20 21 26 -64 -5 -63 47 -3 2 6 11 -14 -5 -1 17 -25 -20 6 11 -5 26 -45 17 -3 -5 6 11 -5 11 -8 17
ROOM45 11 -98 104 37 -8 195 -80 125 51 -37 63 -23 74 100 14 40 100 58 157 112 -8 85 168 266 0
ROOM45 -24 -29 109 37 -48 131 -51 129 35 -10 49 18 17 59 25 67 38 39 92 58 -19 47 84 146 0
ROOM45 -5 7 110 74 -67 96 14 161 39 25 65 55 -16 40 64 120 72 17 95 29 51 75 93 114 1 -5 7 72 74 -67 65 14 146 39 25 65 55 -16 40 64 120
ROOM45 8 -86 163 -4 27 234 -78 156 75 -54 95 -36 111 149 21 59 -7 -42 7 -19 24 49 -48 -15 0
ROOM45 -99 -5 -16 101 -176 -22 -85 81 -71 44 -43 52 -123 -87 -27 9 -38 123 -7 189 -218 -136 94 177 0
ROOM45 -5 -90 96 50 -47 163 -84 136 38 -32 52 -8 46 84 6 44 74 -64 119 -13 90 177 15 93 1 -5 -90 74 50 -47 163 -84 124 38 -32 52 -8 46 84 6 44
ROOM45 -95 -3 61 55 -143 46 -79 96 -19 18 -15 34 -53 -33 -1 19 -1 65 55 114 -115 -22 68 155 0
ROOM45 -90 -54 -18 90 -173 34 -131 50 -63 8 -45 28 -91 -53 -55 -17 -118 -80 -103 -33 -82 -28 -197 -139 0
ROOM45 -14 -55 26 61 -59 74 -52 86 5 -10 7 16 -11 17 -5 23 14 -69 24 -57 75 87 -55 -40 0
ROOM45 -99 -24 32 46 -122 56 -114 67 -45 10 -21 12 -57 -31 -35 -9 -60 56 16 120 -172 -48 4 129 0
ROOM45 5 -5 60 91 -80 56 24 128 21 34 43 52 -31 9 55 95 67 45 95 120 -45 35 122 215 0
ROOM45 -42 15 111 68 -103 96 -6 157 34 37 34 45 -11 -3 71 79 -20 1 18 80 -89 4 -15 87 1 18 15 111 68 -50 96 33 157 34 37 34 45 -11 -3 71 79
ROOM45 -92 -14 -32 46 -131 -24 -96 5 -70 11 -54 21 -91 -65 -59 -33 -118 -1 -102 16 -134 -111 -113 -93 0
ROOM45 -96 -53 -4 -2 -93 36 -127 -24 -55 -31 -45 -23 -32 -14 -86 -68 -78 -39 -71 -32 -46 -33 -110 -110 1 -71 -53 -4 -2 -69 36 -124 -24 -55 -31 -45 -23 -32 -14 -86 -68
ROOM45 7 -30 92 27 -3 100 -23 111 38 -1 60 -1 39 61 37 59 79 -59 116 20 66 163 26 124 1 7 -30 79 27 -3 100 -23 106 38 -1 60 -1 39 61 37 59
ROOM45 -50 -3 52 154 -198 43 -40 197 0 61 2 89 -89 -59 61 91 78 32 109 97 -6 62 127 194 0
ROOM45 -69 -68 13 1 -57 63 -121 -11 -28 -41 -28 -25 -3 13 -69 -53 -5 23 20 82 -72 -4 36 91 0
ROOM45 19 -72 64 74 -47 126 -49 123 41 -14 41 16 25 55 27 57 4 94 83 174 -168 -14 111 240 0
ROOM45 10 -59 127 62 -34 173 -28 177 56 -10 80 12 44 90 46 92 21 -75 79 -65 93 151 -53 7 0
ROOM45 -38 -12 88 117 -154 91 -44 187 23 48 27 56 -33 -21 71 83 -31 34 14 48 -70 -25 8 54 1 14 -12 88 117 -103 91 2 187 23 48 27 56 -33 -21 71 83
ROOM45 -50 -58 -10 92 -130 34 -95 76 -33 17 -27 17 -50 -44 -16 -10 -46 -26 12 16 -47 29 -56 28 1 -50 16 -10 92 -130 -26 -34 76 -33 17 -27 17 -50 -44 -16 -10
ROOM45 -57 -26 -6 64 -118 -4 -60 46 -34 14 -28 24 -58 -42 -20 -4 -49 -11 21 45 -80 25 -44 64 0
ROOM45 -36 -92 43 -26 13 129 -122 4 2 -70 4 -48 50 74 -68 -44 -64 -8 -36 5 -60 -31 -67 -35 0
ROOM45 16 14 137 55 -33 107 46 167 70 19 82 49 21 63 89 131 -19 50 1 92 -98 -60 40 86 0
ROOM45 18 -86 128 3 37 191 -47 131 59 -51 87 -31 90 138 8 56 100 14 179 67 41 151 128 228 0
ROOM45 -11 -53 138 92 -92 182 -64 207 50 14 76 24 26 62 64 100 47 76 72 92 -40 -15 135 159 1 -11 -53 138 76 -87 182 -64 207 50 14 76 24 26 62 64 100
ROOM45 -23 -97 24 12 -30 116 -107 23 -4 -49 4 -35 31 53 -53 -31 1 -48 22 -1 4 66 -30 3 1 -23 -97 24 -7 -16 116 -107 -30 -4 -49 4 -35 31 53 -53 -31
ROOM45 -2 -58 144 68 -45 201 -44 211 63 0 79 10 53 79 63 89 -11 -14 44 6 -14 49 -9 42 1 44 -58 144 68 -24 201 -14 211 63 0 79 10 53 79 63 89
ROOM45 -55 -22 -4 43 -89 5 -63 26 -33 10 -25 10 -43 -35 -23 -15 -20 -43 -6 6 -17 31 -57 -6 1 -55 -22 -4 43 -89 -17 -63 26 -33 10 -25 10 -43 -35 -23 -15
ROOM45 8 -1 81 106 -87 57 21 173 35 39 53 65 -30 14 74 118 47 -31 69 4 47 98 23 64 1 8 4 81 106 -87 57 21 173 35 39 53 65 -30 14 74 118
ROOM45 12 -40 85 41 -19 118 -10 126 42 -7 54 7 35 61 35 61 93 -15 103 48 48 118 88 144 0
ROOM45 -92 -27 -18 116 -190 -8 -112 93 -62 36 -48 52 -114 -84 -26 4 -103 -42 -32 15 -110 -2 -143 -35 1 -92 15 -18 116 -190 -33 -77 93 -62 36 -48 52 -114 -84 -26 4
ROOM45 -17 -65 58 13 -16 118 -64 70 15 -31 25 -21 36 56 -16 4 93 -41 154 13 94 191 54 162 0
ROOM45 -75 -64 -15 27 -102 32 -129 12 -60 -26 -30 -10 -50 -4 -86 -40 14 -55 41 5 17 83 -41 44 0
ROOM45 -28 -70 30 0 -25 87 -78 17 -4 -48 6 -22 18 54 -52 -16 -19 28 43 47 -57 14 20 73 0
ROOM45 -67 2 -8 110 -165 -31 -57 95 -39 48 -35 64 -103 -83 9 29 -24 76 5 102 -113 -80 52 90 1 -67 2 -8 76 -143 -31 -57 68 -39 48 -35 64 -103 -83 9 29
ROOM45 -20 -4 66 75 -75 70 -14 140 14 21 32 49 -35 11 35 81 -49 28 -28 80 -125 -58 -5 49 0
ROOM45 15 -18 127 84 -46 121 17 196 66 32 76 34 32 44 98 110 79 -14 152 26 57 154 75 163 1 15 -18 127 84 -46 57 17 196 66 32 76 34 32 44 98 110
ROOM45 -45 -9 28 96 -129 13 -35 124 -20 37 4 49 -69 -33 17 53 46 117 118 190 -141 -14 179 301 0
ROOM45 4 20 114 82 -55 80 31 174 50 51 68 51 -1 17 101 119 18 0 92 61 -33 79 18 141 0
ROOM45 9 -87 65 -13 44 146 -77 46 29 -55 45 -45 74 100 -26 0 88 -117 124 -76 165 236 -17 39 0
ROOM45 13 -2 118 142 -114 111 16 256 57 63 73 77 -20 10 120 150 18 47 86 105 -82 29 73 176 0
ROOM45 -49 -52 77 98 -144 124 -84 150 14 17 14 29 -15 -3 31 43 -10 28 2 47 -57 -38 18 42 1 2 -52 77 98 -96 124 -50 150 14 17 14 29 -15 -3 31 43
ROOM45 -80 -43 78 25 -104 105 -112 80 -12 -12 10 -6 -6 22 -24 4 33554432 33554432 -33554432 -33554432 33554432 -33554432 33554432 -33554432 0
ROOM45 -41 -28 99 81 -101 115 -56 179 29 13 29 39 -10 16 42 68 92 102 109 163 -70 5 202 257 0
ROOM45 -80 12 21 95 -174 -7 -59 106 -38 49 -20 57 -95 -69 11 37 -11 91 53 145 -140 -53 97 192 1 -80 12 21 91 -171 -7 -59 106 -38 49 -20 57 -95 -69 11 37
ROOM45 -79 -35 21 51 -123 45 -91 69 -32 2 -26 14 -46 -28 -30 -12 24 16 36 26 -2 19 50 53 0
ROOM45 -66 -29 92 15 -81 104 -82 87 11 -10 15 -4 15 25 1 11 -101 -3 -71 56 -152 -70 -98 -31 0
ROOM45 -8 3 90 65 -71 80 15 151 41 31 41 37 4 10 72 78 74 31 79 36 41 45 108 112 1 -8 3 74 65 -71 71 15 139 41 31 41 37 4 10 72 78
ROOM45 -45 -74 62 -11 -16 125 -105 47 7 -46 9 -38 45 55 -39 -29 32 -83 80 -26 69 161 -51 54 1 -45 -74 32 -11 -16 106 -105 21 7 -46 9 -38 45 55 -39 -29
ROOM45 -16 -5 44 152 -167 40 0 187 4 64 24 82 -78 -40 68 106 60 35 87 56 18 44 103 137 0
ROOM45 -91 -4 -32 145 -222 -50 -82 105 -75 69 -47 71 -146 -116 -6 24 -43 21 -2 52 -81 -29 -21 50 1 -91 -1 -32 145 -222 -81 -82 105 -75 69 -47 71 -146 -116 -6 24
ROOM45 -58 -97 58 2 -47 134 -155 41 -13 -53 13 -41 28 66 -66 -28 -51 -95 2 -57 16 90 -140 -64 1 -58 -57 58 2 -47 115 -115 41 -13 -53 13 -41 28 66 -66 -28
ROOM45 -55 -44 77 10 -54 100 -76 80 -3 -31 25 -3 0 56 -34 22 -54 24 -22 58 -112 -58 -14 21 0
ROOM45 18 5 177 119 -94 149 30 293 92 59 102 65 27 43 151 167 83 -11 133 23 64 134 76 146 1 18 23 177 119 -94 149 41 293 92 59 102 65 27 43 151 167
ROOM45 -46 -55 73 7 -51 118 -94 75 7 -28 19 -20 27 47 -21 -1 -50 -73 -26 -47 -3 39 -106 -77 1 -26 -55 73 7 -33 118 -81 75 7 -28 19 -20 27 47 -21 -1
ROOM45 -52 -44 11 14 -50 43 -72 18 -22 -29 -18 -1 -21 11 -51 -19 -24 33 37 83 -90 -2 12 109 0
ROOM45 -48 -82 49 40 -84 114 -127 71 -3 -30 3 -12 9 33 -33 -9 -3 38 36 54 -53 -17 47 89 1 -48 -82 49 38 -84 114 -127 71 -3 -30 3 -12 9 33 -33 -9
ROOM45 -42 -49 114 11 -43 140 -75 118 36 -24 36 -14 50 60 12 22 138 -50 152 -18 156 200 90 132 0
ROOM45 -88 -86 49 -11 -70 132 -172 33 -20 -57 -18 -39 19 39 -77 -57 -62 -79 13 -22 -36 79 -129 -23 0
ROOM45 -53 -83 18 41 -71 100 -118 42 -32 -30 -2 -12 -20 28 -62 -14 19 -70 67 -55 76 125 -38 11 0
ROOM45 -56 -23 85 113 -155 107 -70 190 3 42 25 48 -45 -17 45 73 -33 116 -1 167 -188 -130 83 161 0
ROOM45 -41 -78 52 37 -57 113 -112 65 -3 -23 13 -17 14 36 -26 -4 65 -45 131 10 59 163 29 128 0
ROOM45 14 -55 68 80 -42 113 -30 125 32 2 50 22 10 48 34 72 80 -67 107 -27 110 161 28 79 0
ROOM45 15 -5 93 57 -32 74 24 134 43 15 65 37 6 50 58 102 -17 11 33 48 -58 15 5 78 1 33 -5 93 57 -24 74 28 134 43 15 65 37 6 50 58 102
ROOM45 -70 -61 79 10 -60 124 -118 64 -11 -34 19 -16 5 53 -45 3 32 44 107 64 -30 59 92 155 0
ROOM45 -34 -92 83 -9 -25 160 -110 51 21 -61 27 -39 60 88 -40 -12 25 -14 45 37 -5 55 28 68 1 -34 -92 83 -14 -20 160 -110 51 21 -61 27 -39 60 88 -40 -12
ROOM45 -77 -15 -29 33 -92 -18 -83 -8 -54 2 -52 16 -70 -54 -52 -36 -77 61 -36 91 -152 -100 -7 54 0
ROOM45 -64 -97 -19 19 -62 61 -147 -2 -52 -42 -30 -36 -16 12 -94 -66 -13 28 27 71 -78 -10 15 81 0
ROOM45 -64 19 26 71 -121 -5 -34 97 -29 33 -9 57 -86 -42 4 48 -87 81 -69 117 -204 -161 1 30 0
ROOM45 -49 -41 81 86 -115 107 -80 167 14 17 18 27 -13 1 31 45 -21 10 32 80 -100 11 -11 101 0
ROOM45 -56 -37 76 89 -145 102 -70 149 3 25 17 27 -24 -8 28 44 -18 -43 9 -8 -2 38 -50 -16 1 -56 -8 76 89 -145 84 -64 149 3 25 17 27 -24 -8 28 44
ROOM45 -15 6 128 164 -162 101 4 269 45 77 67 93 -48 -10 122 160 38 188 89 216 -164 -107 235 294 0
ROOM45 -30 -94 12 16 -42 87 -114 25 -10 -47 -8 -31 21 39 -57 -39 -31 43 43 86 -114 -15 19 122 0
ROOM45 16 -15 143 98 -65 140 24 233 73 36 85 46 27 49 109 131 7 32 66 68 -57 20 43 126 1 66 -15 143 98 -32 140 51 233 73 36 85 46 27 49 109 131
ROOM45 11 -33 71 121 -99 80 -2 191 41 43 41 45 -4 -2 84 86 38 30 78 52 1 34 70 121 1 11 10 71 121 -99 1 21 191 41 43 41 45 -4 -2 84 86
ROOM45 -14 -56 116 34 -26 167 -58 145 46 -15 56 -7 53 71 31 49 85 -60 141 -14 107 187 25 110 1 -14 -56 85 34 -26 141 -58 119 46 -15 56 -7 53 71 31 49
ROOM45 -10 -89 53 50 -57 131 -87 95 19 -24 23 -14 33 47 -5 9 -6 -27 24 42 -42 47 -30 59 0
ROOM45 -85 -20 8 76 -137 18 -86 71 -48 22 -28 34 -82 -50 -26 6 -39 -25 18 5 -30 31 -58 22 1 -85 5 8 76 -137 3 -80 71 -48 22 -28 34 -82 -50 -26 6
ROOM45 -16 2 128 82 -77 106 6 199 43 34 69 50 -7 35 77 119 147 44 199 71 92 147 197 256 0
ROOM45 -48 -75 111 5 -47 175 -108 107 20 -48 42 -22 42 90 -28 20 18 -86 58 -62 81 133 -54 -10 1 -48 -62 111 5 -47 173 -108 107 20 -48 42 -22 42 90 -28 20
ROOM45 -43 -33 47 15 -45 57 -61 52 -5 -19 9 1 -6 28 -24 10 -48 6 -28 55 -93 -47 -35 16 0
ROOM45 -51 20 3 114 -164 -41 -27 99 -33 61 -15 73 -106 -76 28 58 37 26 84 69 -31 52 73 135 0
ROOM45 -7 -66 114 35 -31 155 -63 139 48 -17 58 -13 61 75 31 45 11 22 60 38 -16 26 39 94 1 -7 -66 114 22 -29 155 -63 136 48 -17 58 -13 61 75 31 45
ROOM45 16 18 61 74 -50 23 34 122 31 43 45 49 -18 2 74 94 68 60 98 92 -8 23 137 181 0
ROOM45 -54 -89 93 52 -85 171 -141 145 16 -28 22 -8 24 50 -12 14 -36 69 12 108 -130 -66 49 103 0
ROOM45 1 -100 153 56 -32 247 -79 198 65 -26 89 -18 83 115 39 71 113 88 139 162 -34 47 201 289 0
ROOM45 -61 -66 95 38 -90 147 -118 108 17 -22 17 -6 23 39 -5 11 -32 22 24 53 -70 -15 -5 64 1 -61 -66 95 22 -83 147 -118 108 17 -22 17 -6 23 39 -5 11
ROOM45 -37 -6 76 72 -97 62 -24 138 6 29 32 37 -31 3 35 69 -51 97 19 161 -211 -83 52 180 0
ROOM45 -23 -13 80 84 -92 89 -13 146 25 21 31 49 -24 10 46 80 89 14 154 92 9 123 117 229 0
ROOM45 -44 9 74 167 -195 64 -19 229 6 73 24 103 -97 -49 79 127 19 70 35 90 -68 -41 100 124 5 -36 50 74 167 -195 24 124 229 21 100 24 103 -82 -76 124 127 -44 90 34 160 -195 -56 46 124 6 90 24 103 -97 -66 96 124 -44 24 22 90 -134 -68 -19 112 6 74 22 90 -84 -68 80 112 -44 9 19 87 -68 10 -19 106 6 73 19 87 -68 -54 79 106 19 9 74 81 -62 64 28 100 19 73 24 81 -62 -49 92 100
ROOM45 -38 -74 98 80 -95 158 -104 170 15 -5 45 11 4 50 10 56 79 74 132 125 -32 44 161 248 1 -38 -74 98 74 -95 158 -104 170 15 -5 45 11 4 50 10 56
ROOM45 -46 -74 103 -12 -31 162 -116 67 26 -43 30 -43 69 73 -17 -13 -33 -106 46 -27 5 148 -138 14 0
ROOM45 -48 -44 77 67 -100 105 -69 136 3 0 25 22 -19 25 3 47 -15 -43 10 0 -15 39 -52 3 1 -48 -44 77 67 -100 105 3 136 3 0 25 22 -19 25 3 47
ROOM45 -75 -32 22 53 -110 46 -84 64 -34 10 -18 10 -44 -28 -24 -8 -26 53 28 133 -154 -42 27 145 0
ROOM45 -33 -8 115 68 -99 120 -36 177 33 25 49 35 -2 24 58 84 78 25 155 51 32 118 119 197 1 -33 -8 78 68 -99 86 -36 146 33 25 49 35 -2 24 58 84
ROOM45 -64 -10 10 37 -79 7 -61 29 -27 7 -27 19 -46 -34 -20 -8 -38 7 9 40 -60 -5 -28 33 0
ROOM45 -76 -71 79 26 -84 146 -130 86 -6 -27 8 -17 11 35 -33 -9 32 57 46 87 -47 -12 100 126 0
ROOM45 -30 -46 85 63 -82 113 -55 144 27 -3 27 19 8 30 24 46 -18 71 22 107 -112 -51 64 118 0
ROOM45 15 -19 128 62 -38 131 13 167 66 18 76 24 42 58 84 100 66 -28 122 6 77 148 53 118 1 15 6 128 62 -38 122 21 167 66 18 76 24 42 58 84 100
ROOM45 -35 -38 100 85 -117 130 -48 181 28 9 36 37 -9 27 37 73 50 -45 90 -32 84 135 16 48 1 -35 -32 100 85 -117 130 -48 181 28 9 36 37 -9 27 37 73
ROOM45 -13 13 49 56 -64 14 12 85 3 19 33 49 -46 14 22 82 73 1 134 66 25 133 77 190 0
ROOM45 -11 -87 35 60 -49 107 -85 92 12 -16 12 -10 22 28 -4 2 37 -69 61 -55 100 124 -27 -2 0
ROOM45 -39 9 79 60 -80 57 -8 137 12 30 28 38 -26 -2 42 66 21 95 35 106 -82 -63 124 139 0
ROOM45 -36 -54 13 25 -56 65 -81 23 -24 -23 2 -5 -19 25 -47 -3 7 -29 26 -8 26 42 -15 10 1 -36 -54 7 25 -56 61 -81 23 -24 -23 2 -5 -19 25 -47 -3
ROOM45 -30 -54 54 25 -33 84 -66 60 10 -28 14 0 10 42 -18 14 35 19 56 43 -2 30 59 93 1 -30 -54 54 25 -33 84 -66 59 10 -28 14 0 10 42 -18 14
ROOM45 -39 2 109 96 -116 86 -19 201 23 37 47 61 -38 10 60 108 102 108 169 178 -72 60 226 337 0
ROOM45 -71 -20 8 104 -170 11 -84 103 -39 31 -23 53 -92 -54 -8 30 -81 26 -6 62 -138 -41 -38 56 0
ROOM45 -14 0 74 48 -39 69 5 106 27 22 33 26 1 11 49 59 -23 16 54 61 -81 37 11 99 0
ROOM45 -7 -12 121 97 -98 129 -14 201 52 41 62 43 9 21 93 105 7 92 30 108 -95 -62 110 122 1 -7 -12 121 92 -98 129 -14 201 52 41 62 43 9 21 93 105
ROOM45 -48 -15 59 126 -152 56 -39 184 -10 53 20 57 -67 -33 43 77 6 -49 80 -5 15 114 -31 60 1 -48 -5 59 126 -152 56 -39 184 -10 53 20 57 -67 -33 43 77
ROOM45 -14 -21 86 87 -88 93 -19 169 23 31 49 35 -12 18 54 84 114 100 142 121 6 39 222 260 0
ROOM45 -65 20 41 117 -169 19 -40 143 -12 64 -12 72 -84 -76 52 60 60 135 113 189 -125 -35 207 291 0
ROOM45 -31 -34 60 27 -52 92 -47 79 6 -15 22 9 -3 37 -9 31 20 -24 99 49 -13 121 -3 140 1 -31 -34 20 27 -52 54 -47 47 6 -15 20 9 -3 35 -9 29
ROOM45 -34 -94 83 22 -50 174 -118 103 20 -46 28 -26 46 74 -26 2 21 -3 46 66 -43 35 19 110 1 -34 -94 83 -3 -31 174 -118 80 20 -46 28 -26 46 74 -26 2
ROOM45 -11 -5 29 130 -134 14 4 136 4 51 14 73 -69 -37 55 87 -33 27 2 100 -124 -30 8 95 1 2 -5 29 130 -128 14 4 136 4 51 14 73 -69 -37 55 87
ROOM45 -17 -34 61 10 -6 90 -44 58 7 -19 37 -5 12 56 -12 32 18 34 27 51 -24 -9 60 77 0
ROOM45 -45 -14 71 65 -107 74 -49 132 1 10 25 40 -39 15 11 65 -78 13 -41 68 -143 -56 -52 25 1 -41 -14 71 65 -106 74 -49 132 1 10 25 40 -39 15 11 65
ROOM45 -67 -49 -25 33 -98 14 -97 2 -47 -23 -45 7 -54 -22 -70 -38 7 50 58 79 -72 -8 71 136 0
ROOM45 -16 -59 139 7 0 183 -50 137 57 -28 65 -24 81 93 29 41 -13 -45 58 0 -4 85 -44 48 2 26 -59 139 7 85 183 -33 137 57 -28 65 -24 85 93 29 41 58 -27 92 7 51 85 31 99 58 -27 61 -24 82 85 31 37
ROOM45 -5 -44 36 1 14 74 -35 15 4 -34 26 -8 14 60 -30 15 5 -38 66 18 -7 101 -21 80 2 -5 -40 5 -9 14 45 -35 -4 4 -34 5 -9 14 39 -30 -4 5 -44 23 -26 31 67 -35 -21 5 -34 13 -26 31 47 -29 -21
ROOM45 -42 11 77 109 -128 63 -22 186 12 47 22 73 -61 -25 59 95 59 15 74 52 16 49 78 119 1 -42 11 59 109 -128 48 -22 168 12 47 22 73 -61 -25 59 95
ROOM45 -9 -8 129 90 -80 118 -2 196 51 31 69 51 0 38 82 120 15 109 50 182 -160 -73 138 228 0
ROOM45 4 -41 76 62 -48 114 -16 115 39 7 41 13 26 34 46 54 8 -18 36 53 -37 42 1 88 1 36 -41 76 62 -26 114 -5 115 39 7 41 13 26 34 46 54
ROOM45 13 -82 143 -7 44 201 -57 125 65 -51 91 -37 102 142 14 54 86 -23 122 -8 95 138 77 113 1 13 -82 143 -23 44 201 -57 120 65 -51 91 -37 102 142 14 54
ROOM45 3 -87 158 -32 36 221 -78 110 76 -70 84 -48 124 154 6 36 181 -77 228 -34 215 290 113 181 0
ROOM45 -7 -9 71 37 -43 71 -14 90 19 14 45 14 5 31 33 59 -11 71 49 128 -134 -34 61 161 0
ROOM45 -82 -59 44 27 -96 97 -131 55 -20 -31 -18 -1 -19 13 -51 -19 76 54 93 106 -26 30 138 199 0
ROOM45 4 -42 150 115 -99 187 -21 248 69 29 85 43 26 56 98 128 89 150 116 225 -136 -44 249 326 0
ROOM45 -71 -21 64 45 -114 75 -92 101 -17 1 11 23 -40 10 -16 34 -80 -9 -27 62 -135 -32 -80 25 1 -27 -21 64 45 -72 75 -48 101 -17 1 11 23 -40 10 -16 34
ROOM45 -31 -23 16 89 -106 22 -32 97 -13 27 -1 39 -52 -28 14 38 48 8 115 45 4 96 57 151 0
ROOM45 -84 9 69 125 -195 51 -51 190 -18 54 4 80 -98 -50 36 84 -18 30 49 51 -68 11 20 97 1 -84 51 69 125 -195 18 -33 190 -18 54 4 80 -98 -50 36 84
ROOM45 0 -9 142 123 -119 132 -8 243 64 52 78 62 2 26 116 140 119 -44 172 -29 154 209 84 143 0
ROOM45 0 -32 86 57 -53 101 -26 139 43 4 43 20 23 39 47 63 43 -41 74 22 34 105 20 94 1 0 -32 43 57 -53 75 -26 100 43 4 43 20 23 39 47 63
ROOM45 -79 17 -11 115 -176 -37 -44 97 -54 54 -36 78 -132 -90 0 42 16 101 87 158 -138 -23 124 227 0
ROOM45 -85 -21 38 104 -174 59 -88 134 -28 30 -18 52 -80 -48 2 34 -72 -18 4 39 -101 12 -75 27 2 -74 -11 38 104 -174 49 27 134 -25 45 -18 52 -77 -63 27 34 -85 39 -12 101 -174 -51 -46 27 -28 39 -18 52 -80 -57 11 27
ROOM45 -49 -59 40 52 -77 88 -91 89 -7 -16 -1 10 -17 15 -23 9 10 -6 72 71 -46 70 8 134 1 -49 -59 10 52 -77 69 -91 62 -7 -16 -1 10 -17 15 -23 9
ROOM45 -11 -71 57 73 -63 123 -61 130 23 -2 23 4 19 25 21 27 61 -5 107 50 27 102 66 143 0
ROOM45 -68 -61 78 -8 -43 139 -113 69 -5 -49 15 -19 14 64 -54 -4 105 -26 171 42 78 189 87 196 0
ROOM45 -14 9 33 116 -120 16 15 135 7 47 11 77 -70 -36 54 88 -28 35 -12 107 -129 -57 14 90 1 -12 9 33 116 -120 16 15 135 7 47 11 77 -70 -36 54 88
ROOM45 2 -90 68 0 8 147 -80 56 21 -55 49 -35 56 104 -34 14 44 17 115 29 16 98 68 132 0
ROOM45 3 -13 114 52 -49 123 4 149 47 10 69 28 19 59 57 97 102 -29 127 31 81 150 76 143 1 3 -13 102 52 -49 115 4 149 47 10 69 28 19 59 57 97
ROOM45 -13 11 66 74 -68 33 17 131 26 28 26 56 -30 -2 54 82 57 17 124 84 -12 104 88 205 1 -13 11 57 74 -68 33 17 131 26 28 26 56 -30 -2 54 82
ROOM45 -11 11 140 157 -168 126 5 280 61 76 67 92 -31 -9 137 159 -27 99 1 144 -169 -106 85 143 1 1 11 140 157 -156 126 12 280 61 76 67 92 -31 -9 137 159
ROOM45 -96 -18 -16 136 -211 -23 -96 113 -68 59 -44 59 -127 -103 -9 15 -78 113 -41 181 -249 -157 45 135 1 -96 -18 -16 113 -209 -23 -96 97 -68 59 -44 59 -127 -103 -9 15
ROOM45 -60 -74 69 82 -125 131 -113 140 1 2 7 6 -5 5 3 13 -36 -92 5 -65 41 96 -127 -65 1 -60 -65 69 82 -125 131 -113 140 1 2 7 6 -5 5 3 13
ROOM45 -1 -98 68 30 -28 147 -94 82 29 -44 37 -24 53 81 -15 13 95 -97 136 -74 175 223 12 57 0
ROOM45 -77 -93 70 -7 -50 149 -164 47 -4 -56 -2 -44 40 54 -60 -46 65 -125 82 -69 143 197 -53 7 1 -77 -93 65 -7 -50 149 -164 47 -4 -56 -2 -44 40 54 -60 -46
ROOM45 -28 -66 18 53 -75 84 -84 64 -8 -6 -2 -6 -2 4 -14 -8 14 9 85 76 -49 74 34 157 1 -28 -66 18 53 -75 84 -84 34 -8 -6 -2 -6 -2 4 -14 -8
ROOM45 -91 -23 52 18 -94 61 -108 61 -19 -12 -19 8 -27 -7 -31 -11 72 -40 151 34 45 189 48 181 0
ROOM45 -60 9 79 157 -205 67 -45 235 -2 70 20 96 -98 -50 68 116 35 173 101 246 -204 -90 219 344 0
ROOM45 -8 -33 111 17 -21 142 -22 127 36 -10 66 -6 42 76 26 60 -15 -7 -9 -1 -12 -4 -17 -15 0
ROOM45 -26 -39 112 98 -102 144 -44 206 40 23 46 35 5 23 63 81 7 99 38 110 -92 -67 106 142 0
ROOM45 -8 -80 136 41 -37 213 -84 156 60 -25 68 -13 73 93 35 55 106 31 179 86 25 138 140 256 1 -8 -80 136 31 -37 213 -84 156 60 -25 68 -13 73 93 35 55
ROOM45 -55 -46 29 64 -98 68 -76 92 -24 7 -2 11 -35 -9 -17 9 -83 -30 -54 -9 -63 -36 -103 -72 1 -54 -46 29 64 -98 68 -76 92 -24 7 -2 11 -35 -9 -17 9
ROOM45 -73 -94 15 -34 -27 94 -150 -19 -41 -64 -17 -64 23 47 -105 -81 -33 -114 30 -90 69 131 -134 -71 1 -73 -90 15 -34 -27 94 -150 -19 -41 -64 -17 -64 23 47 -105 -81
ROOM45 -98 -42 -41 76 -158 -17 -133 15 -71 8 -67 26 -97 -75 -63 -41 -17 -20 63 9 -13 81 -33 54 0
ROOM45 -76 -50 74 2 -76 116 -118 52 -6 -30 4 -18 12 34 -36 -14 -14 -50 2 -28 17 43 -56 -39 1 -41 -50 74 2 -43 116 -39 52 -6 -30 4 -18 12 34 -36 -14
ROOM45 -31 -59 98 -16 -5 146 -85 64 30 -42 36 -32 62 78 -12 4 -61 5 -36 49 -104 -50 -47 6 0
ROOM45 6 4 101 102 -84 90 25 197 49 49 57 57 -8 8 98 114 57 35 105 57 16 61 97 153 1 6 4 101 102 -84 16 25 197 49 49 57 57 -8 8 98 114
ROOM45 -89 -43 2 39 -115 33 -125 33 -47 -2 -39 -2 -45 -37 -49 -41 -15 68 1 134 -138 -74 63 130 0
ROOM45 -32 2 50 127 -159 23 -11 174 -1 60 19 68 -69 -41 59 87 12 67 78 102 -73 -7 94 171 1 -32 2 50 126 -158 23 -11 94 -1 60 19 68 -69 -41 59 87
ROOM45 8 -85 123 33 -21 197 -69 156 60 -40 70 -12 72 110 20 58 59 -61 138 5 71 187 5 129 0
ROOM45 -82 -47 -17 90 -154 21 -119 53 -59 17 -39 25 -84 -56 -42 -14 -58 -62 -10 18 -71 34 -114 6 2 -82 18 -17 90 -154 -35 -64 53 -59 18 -39 25 -84 -57 -41 -14 -82 -11 -53 18 -100 -71 -93 -35 -59 17 -53 18 -77 -71 -42 -35
ROOM45 -21 -100 89 -18 -3 177 -114 61 22 -72 46 -46 68 118 -50 0 97 -43 119 -25 129 161 65 86 0
ROOM45 -3 -14 122 142 -124 112 6 251 50 56 68 72 -22 12 106 140 65 86 112 103 -23 23 154 215 1 -3 -14 122 86 -89 112 6 208 50 56 68 72 -22 12 106 140
ROOM45 -86 10 49 170 -246 15 -59 194 -24 76 -12 104 -128 -88 52 92 -47 157 -9 171 -209 -172 115 153 1 -86 10 49 157 -243 15 -59 194 -24 76 -12 104 -128 -88 52 92
ROOM45 -95 -2 35 57 -140 21 -80 90 -32 15 -28 39 -71 -43 -17 11 70 36 150 89 -7 104 119 221 0
ROOM45 -7 -9 74 110 -107 59 -5 163 18 41 48 59 -41 7 59 107 100 -17 163 22 78 178 87 178 0
ROOM45 14 -50 136 2 19 173 -17 127 66 -33 84 -15 81 117 33 69 115 -61 186 -19 137 232 64 158 1 14 -50 115 2 19 165 -17 117 66 -33 84 -15 81 117 33 69
ROOM45 -97 -46 4 9 -97 46 -143 5 -56 -31 -36 -5 -51 -5 -87 -41 -118 -3 -103 58 -165 -108 -114 -49 0
ROOM45 -99 -42 -24 75 -168 14 -135 48 -62 2 -60 30 -92 -62 -60 -30 -85 -60 -7 -16 -64 49 -130 -35 1 -99 -16 -24 75 -168 -8 -115 48 -62 2 -60 30 -92 -62 -60 -30
ROOM45 -88 4 58 137 -207 30 -78 188 -26 69 -4 71 -97 -73 43 67 -108 124 -31 192 -285 -164 26 152 1 -88 4 58 124 -207 30 -78 182 -26 69 -4 71 -97 -73 43 67
ROOM45 -31 -96 54 -42 12 134 -127 -13 8 -83 14 -55 63 97 -75 -41 -15 -121 56 -66 53 159 -134 -15 1 -31 -66 53 -42 12 119 -97 -13 8 -66 14 -55 63 80 -58 -41
ROOM45 -21 -59 120 55 -67 159 -68 175 47 -5 51 1 46 56 42 52 130 14 160 90 40 144 149 248 0
ROOM45 -1 -60 102 94 -72 137 -49 192 39 7 61 27 12 54 46 88 78 68 133 95 1 63 146 210 1 -1 -60 102 68 -69 137 -49 170 39 7 61 27 12 54 46 88
ROOM45 -61 -53 44 57 -109 88 -113 78 -16 -3 0 7 -23 3 -19 7 31 -48 61 16 22 101 -7 65 1 -61 -53 31 57 -109 84 -113 78 -16 -3 0 7 -23 3 -19 7
ROOM45 -69 -81 -18 52 -105 45 -141 12 -56 -20 -30 -8 -48 -10 -76 -38 12 -103 41 -25 41 142 -75 3 0
ROOM45 -99 -1 -59 131 -218 -63 -82 50 -81 53 -77 77 -158 -130 -28 0 -107 19 -32 64 -156 -62 -84 31 1 -99 64 -59 131 -218 -123 -35 50 -81 64 -77 77 -158 -141 -17 0
ROOM45 -19 -10 116 125 -128 121 -22 219 39 47 57 67 -28 10 86 124 17 -41 94 7 10 128 -8 100 1 -19 7 116 125 -128 109 -12 219 39 47 57 67 -28 10 86 124
ROOM45 -59 -81 45 -1 -51 123 -136 42 -7 -41 -7 -41 34 34 -48 -48 77 0 112 55 24 112 84 155 0
ROOM45 9 -71 65 57 -31 121 -46 110 29 -14 45 0 29 59 15 45 53 71 111 122 -64 31 131 227 0
ROOM45 -82 11 46 148 -227 19 -52 179 -26 72 -10 86 -112 -82 46 76 71 147 139 221 -148 -22 220 358 0
ROOM45 -94 -77 -10 6 -77 44 -154 -25 -56 -37 -48 -33 -23 -11 -93 -81 -50 -7 -5 38 -75 -9 -51 29 1 -94 -77 -10 -7 -77 44 -154 -25 -56 -37 -48 -33 -23 -11 -93 -81
ROOM45 -99 16 44 82 -181 5 -80 115 -35 41 -19 57 -92 -60 6 38 -11 -8 64 55 -53 64 -4 114 1 -99 16 -11 82 -181 -27 -80 71 -35 41 -19 57 -92 -60 6 38
ROOM45 -67 8 16 152 -197 4 -40 157 -26 80 -24 80 -106 -104 54 56 -53 26 -40 47 -94 -71 -22 5 1 -67 47 16 152 -197 -31 -20 157 -26 80 -24 80 -106 -104 54 56
ROOM45 15 20 122 174 -143 81 40 293 61 85 75 109 -48 -10 146 184 93 130 156 159 -52 23 226 300 1 15 20 122 130 -115 81 40 252 61 85 75 109 -48 -10 146 184
ROOM45 -25 -50 133 46 -64 177 -53 155 54 -17 54 13 41 71 37 67 34 15 105 72 -28 84 57 167 1 -25 -50 133 15 -40 177 -53 148 54 -17 54 13 41 71 37 67
ROOM45 1 -48 65 107 -85 105 -36 154 21 24 45 34 -13 21 45 79 1 111 11 187 -182 -100 120 197 0
ROOM45 -66 -1 -23 62 -116 -36 -45 25 -48 18 -40 42 -90 -58 -30 2 -18 41 8 71 -85 -42 36 75 0
ROOM45 -18 -23 60 132 -140 78 -27 178 18 53 24 55 -37 -29 71 79 -45 29 13 94 -121 -19 -5 99 1 13 -23 60 132 -119 78 -10 178 18 53 24 55 -37 -29 71 79
ROOM45 -21 -77 111 -30 26 175 -92 74 40 -57 50 -49 89 107 -17 1 146 -39 173 -14 162 212 112 147 0
ROOM45 -86 -21 33 106 -185 51 -82 129 -35 40 -17 44 -79 -57 5 27 5 -1 41 24 -17 34 13 52 1 -86 -21 5 106 -185 26 -82 111 -35 40 -17 44 -79 -57 5 27
ROOM45 -26 -63 23 37 -39 61 -81 53 -9 -15 7 -11 2 22 -24 -4 2 -19 22 29 -15 33 -5 42 2 -26 -63 2 37 -39 61 -81 39 -9 -15 2 -11 2 17 -24 -9 2 -59 23 -7 9 61 -57 -5 2 -15 7 -11 13 22 -13 -5
ROOM45 -48 -44 55 25 -56 91 -67 71 0 -15 6 -3 3 21 -15 3 68 52 129 96 -16 60 133 215 0
ROOM45 -83 7 67 116 -195 38 -63 159 -16 57 0 65 -81 -57 41 65 69 58 133 89 -4 68 143 221 0
ROOM45 -72 -35 4 60 -125 27 -92 43 -46 11 -22 13 -59 -33 -35 -9 23 -62 93 9 16 148 -30 91 0
ROOM45 -70 -70 47 42 -106 92 -121 66 -20 -15 -2 -13 -7 13 -35 -15 -75 -71 -46 -22 -48 16 -143 -74 1 -46 -70 47 42 -88 92 -116 66 -20 -15 -2 -13 -7 13 -35 -15
ROOM45 -5 -29 43 78 -62 64 -20 97 16 13 22 35 -19 9 29 57 15 102 54 163 -145 -61 131 205 0
ROOM45 -55 -24 95 74 -114 118 -56 153 13 13 27 37 -24 14 26 64 -26 17 5 73 -83 -24 3 63 1 5 -24 95 74 -69 118 -19 153 13 13 27 37 -24 14 26 64
ROOM45 -91 -91 21 9 -97 111 -168 6 -41 -50 -29 -32 -9 21 -91 -61 -67 17 -51 73 -140 -69 -46 6 0
ROOM45 -56 -100 20 0 -32 103 -136 1 -18 -55 -18 -45 27 37 -73 -63 24 -59 62 2 24 119 -19 62 0
ROOM45 -76 -97 53 -3 -63 141 -163 37 -13 -57 -9 -43 30 48 -70 -52 16 -111 51 -83 107 146 -90 -44 1 -76 -97 53 -3 -63 107 -163 37 -13 -57 -9 -43 30 48 -70 -52
ROOM45 -73 -29 41 73 -127 66 -102 113 -31 9 -1 35 -66 -10 -22 34 -7 -13 62 28 -24 59 -20 81 3 -73 28 41 73 -127 13 -45 113 -31 28 -1 35 -66 -29 -3 34 -73 -29 4 28 -101 -24 -102 32 -31 9 -1 28 -59 -24 -22 27 -53 -29 -7 17 -24 22 -82 10 -15 9 -7 17 -24 -16 -6 10
ROOM45 -81 -50 51 72 -147 76 -116 100 -25 1 -5 21 -46 -6 -24 16 66 27 95 55 17 61 93 140 0
ROOM45 -47 -87 90 14 -43 169 -121 86 6 -45 36 -27 33 81 -39 9 18 41 64 103 -72 7 63 165 0
ROOM45 -7 -3 117 109 -107 115 -10 215 50 47 60 59 -9 13 97 119 95 44 151 123 -19 97 147 262 1 -7 -3 95 109 -107 98 -10 204 50 47 60 59 -9 13 97 119
ROOM45 0 -33 88 15 -5 101 -16 85 40 -15 48 -3 43 63 25 45 94 16 109 57 46 80 113 159 0
ROOM45 -64 -51 66 95 -140 93 -97 155 -4 12 6 32 -36 -6 8 38 -21 69 16 142 -162 -53 55 140 1 -64 -51 66 69 -133 93 -97 135 -4 12 6 32 -36 -6 8 38
ROOM45 -88 1 67 152 -224 48 -79 209 -10 62 -10 90 -100 -72 52 80 51 187 76 226 -164 -116 255 290 0
ROOM45 -53 -9 29 127 -169 34 -43 141 -27 55 3 63 -90 -52 28 66 7 131 87 202 -190 -55 150 274 0
ROOM45 -47 -79 12 -14 -23 66 -107 -23 -21 -59 -13 -33 12 46 -80 -46 3 18 47 87 -83 14 37 134 0
ROOM45 -89 -90 21 19 -87 104 -164 17 -34 -39 -34 -31 -3 5 -73 -65 -47 -47 -34 -28 -12 0 -94 -64 1 -34 -90 21 19 -53 104 -124 17 -34 -39 -34 -31 -3 5 -73 -65
ROOM45 -18 2 84 130 -123 61 -6 210 19 59 47 73 -54 -12 78 120 25 -31 38 -21 56 67 -6 13 0
ROOM45 -32 -11 11 137 -161 6 -31 140 -10 49 -10 77 -87 -59 39 67 -53 19 -34 77 -122 -66 -34 32 0
ROOM45 -72 -28 37 111 -165 46 -89 138 -30 28 -4 54 -84 -32 -2 50 -78 52 -17 101 -176 -72 -18 68 2 -72 -28 37 52 -124 46 -89 89 -30 28 -4 52 -82 -32 -2 48 -20 52 37 105 -72 -15 32 138 -20 52 -4 54 -72 -56 32 50
ROOM45 3 -93 67 -39 44 147 -72 6 35 -76 35 -56 91 111 -41 -21 -32 -111 46 -47 16 152 -136 -11 0
ROOM45 -5 19 129 174 -155 109 24 290 62 94 62 98 -36 -32 156 160 112 64 147 108 21 68 179 255 1 -5 19 112 174 -155 93 24 286 62 94 62 98 -36 -32 156 160
ROOM45 -90 -51 -23 21 -96 19 -136 -7 -68 -29 -44 -1 -67 -15 -97 -45 -64 -53 1 21 -79 39 -106 8 1 -90 -51 -64 21 -96 -13 -136 -43 -68 -29 -64 -1 -67 -35 -97 -65
ROOM45 -96 9 -35 111 -187 -55 -83 66 -71 51 -59 69 -140 -110 -20 10 -64 96 8 113 -169 -97 42 113 1 -96 9 -35 96 -187 -55 -83 61 -71 51 -59 69 -140 -110 -20 10
ROOM45 -74 -51 66 53 -124 104 -103 119 -15 -7 7 9 -24 14 -22 16 -69 9 -5 57 -116 -16 -53 49 1 -74 -51 66 9 -83 104 -103 75 -15 -7 7 9 -24 14 -22 16
ROOM45 -9 -55 103 18 -25 158 -60 118 37 -21 57 -15 52 78 16 42 34 -77 83 -33 85 150 -36 45 1 -9 -33 103 18 -25 136 -42 118 37 -21 57 -15 52 78 16 42
ROOM45 -64 -27 37 73 -118 40 -69 106 -28 18 2 28 -56 -16 -10 30 -49 -26 -34 45 -89 -18 -69 11 1 -34 -27 37 73 -107 40 -61 106 -28 18 2 28 -56 -16 -10 30
ROOM45 -77 -77 42 5 -62 94 -144 34 -18 -41 -16 -31 13 25 -59 -47 -92 -77 -81 -64 -22 -12 -167 -150 0
ROOM45 5 -13 78 69 -48 88 13 132 26 20 56 36 -10 36 46 92 -20 -40 6 34 -38 36 -44 29 1 6 -13 78 69 -48 88 13 132 26 20 56 36 -10 36 46 92
ROOM45 -2 -7 64 42 -29 60 10 83 27 13 35 21 6 22 40 56 91 62 149 103 -4 80 168 247 0
ROOM45 -99 -9 -38 110 -206 -30 -98 63 -76 37 -60 63 -139 -97 -39 3 -89 50 -47 72 -148 -108 -30 14 1 -99 -9 -38 50 -149 -30 -98 12 -76 37 -60 50 -126 -97 -39 -10
ROOM45 -20 -11 72 111 -130 75 -7 165 14 45 38 55 -41 -7 59 93 93 110 121 121 -18 11 205 231 0
ROOM45 -33 -65 55 -8 -21 116 -97 42 4 -50 18 -22 26 68 -46 -4 -36 -34 -8 20 -47 9 -66 -4 1 -8 -65 55 -8 0 116 -73 42 4 -50 18 -22 26 68 -46 -4
ROOM45 17 9 149 88 -60 134 51 214 69 34 97 62 7 63 103 159 11 120 26 133 -122 -96 144 147 0
ROOM45 -97 -68 -50 43 -122 18 -148 -20 -79 -24 -67 0 -79 -43 -103 -67 -117 -57 -106 -30 -85 -50 -169 -145 0
ROOM45 -16 0 107 128 -142 95 2 230 31 51 59 77 -46 8 82 136 88 41 120 55 36 77 141 163 1 -16 0 88 128 -142 88 2 216 31 51 59 77 -46 8 82 136
ROOM45 -36 -36 120 103 -120 134 -64 216 32 19 52 47 -15 33 51 99 -26 -21 -15 13 -28 -2 -43 -2 1 -15 -36 120 103 -118 134 -51 216 32 19 52 47 -15 33 51 99
ROOM45 -92 -45 16 104 -179 40 -114 106 -48 24 -28 34 -82 -52 -24 6 -103 100 -38 122 -222 -150 7 78 1 -92 -45 16 100 -179 40 -114 106 -48 24 -28 34 -82 -52 -24 6
ROOM45 -30 -80 75 -27 19 134 -90 44 12 -64 32 -42 54 96 -52 -10 69 -39 124 25 55 148 39 138 1 -30 -80 69 -27 19 134 -90 42 12 -64 32 -42 54 96 -52 -10
ROOM45 -41 -42 28 52 -81 48 -70 74 -21 -3 9 13 -34 12 -24 22 -32 47 -13 81 -105 -75 20 56 1 -41 -42 28 47 -81 48 -70 74 -21 -3 9 13 -34 12 -24 22
ROOM45 -81 -68 -5 -11 -69 53 -144 -18 -45 -49 -41 -29 -16 8 -94 -70 23 -44 88 25 10 130 -13 102 0
ROOM45 -85 -41 14 3 -63 44 -107 4 -45 -20 -25 -18 -27 -5 -65 -43 -80 -22 -1 51 -113 10 -94 37 0
ROOM45 -70 -68 -18 -5 -49 36 -125 -28 -53 -43 -35 -29 -24 8 -96 -64 -69 -92 -17 -24 -41 69 -151 -44 0
ROOM45 -31 -44 49 9 -17 93 -75 43 7 -24 11 -10 17 35 -17 1 2 -59 25 14 -10 79 -55 23 0
ROOM45 -40 -51 40 6 -33 86 -86 41 -13 -26 13 -18 5 39 -39 -5 -16 -78 -5 -28 20 65 -91 -35 1 -40 -28 40 6 -33 68 -68 41 -13 -26 13 -18 5 39 -39 -5
ROOM45 -15 -66 111 -13 17 157 -76 97 44 -51 52 -27 71 103 -7 25 49 3 80 58 6 75 56 121 0
ROOM45 -17 -15 81 75 -79 86 -10 146 32 30 32 30 2 2 62 62 1 -32 27 10 2 48 -25 28 1 -17 10 81 75 -79 71 -7 146 32 30 32 30 2 2 62 62
ROOM45 -59 -70 19 -14 -30 68 -113 -7 -34 -47 -6 -37 3 41 -81 -43 -86 -1 -63 45 -118 -76 -87 -18 0
ROOM45 -88 -99 37 33 -99 124 -182 60 -32 -42 -18 -24 -8 24 -74 -42 -40 47 25 101 -139 -34 24 124 0
ROOM45 3 -93 143 40 -23 226 -81 172 70 -39 76 -13 83 115 31 63 150 -119 179 -42 207 298 40 122 0
ROOM45 -78 -46 44 -2 -53 78 -111 33 -30 -28 -4 -20 -10 24 -58 -24 57 25 82 93 -28 52 97 174 0
ROOM45 -12 -92 55 27 -24 126 -79 57 21 -37 21 -27 48 58 -16 -6 44 -67 122 -46 95 185 -7 60 1 -12 -92 44 27 -24 126 -79 57 21 -37 21 -27 48 58 -16 -6
ROOM45 -86 -64 42 -17 -46 98 -134 8 -37 -54 -7 -26 -11 47 -91 -33 -32 -65 -2 -46 27 55 -90 -59 3 -42 -64 42 -17 -25 98 -59 8 -33 -52 -7 -26 -7 45 -59 -33 -86 -46 -13 -17 -46 33 -132 -59 -37 -46 -13 -26 -11 33 -83 -59 -86 -64 -19 -46 -40 27 -134 -65 -37 -54 -19 -46 9 27 -91 -65
ROOM45 -97 -40 -16 120 -197 23 -123 92 -62 28 -50 52 -114 -78 -34 2 -11 153 22 173 -177 -145 156 190 0
ROOM45 -80 -100 -6 55 -111 94 -165 35 -52 -28 -34 -16 -36 -6 -80 -50 -17 -129 27 -80 77 149 -145 -57 1 -80 -100 -6 55 -111 77 -165 35 -52 -28 -34 -16 -36 -6 -80 -50
ROOM45 -98 11 29 138 -220 15 -62 161 -35 60 -33 88 -123 -93 25 55 -7 128 28 167 -173 -109 134 195 1 -98 11 29 128 -220 15 -62 157 -35 60 -33 88 -123 -93 25 55
ROOM45 0 -33 97 67 -55 118 -16 163 46 13 50 21 25 37 59 71 23 95 74 128 -91 -22 135 190 0
ROOM45 -54 -81 104 29 -79 166 -125 110 25 -38 25 -14 39 63 -13 11 60 -5 93 15 50 94 63 106 1 -54 -81 60 29 -79 141 -125 89 25 -38 25 -14 39 63 -13 11
ROOM45 2 -39 76 62 -51 93 -18 135 37 4 41 18 19 37 41 59 101 54 113 76 27 49 157 180 0
ROOM45 -97 -12 0 126 -218 12 -103 103 -51 57 -45 57 -108 -102 6 12 -77 30 -21 70 -147 -67 -31 38 0
ROOM45 -88 -67 23 43 -131 86 -140 57 -41 -16 -23 -8 -33 -7 -57 -31 -62 -101 -23 -48 -10 68 -156 -89 1 -88 -48 23 43 -131 71 -136 57 -41 -16 -23 -8 -33 -7 -57 -31
ROOM45 -85 4 -11 67 -151 -39 -76 54 -62 22 -34 48 -110 -56 -40 14 -55 78 -34 133 -183 -122 34 85 0
ROOM45 -95 -62 22 -2 -76 59 -143 11 -40 -34 -32 -30 -10 2 -74 -62 -107 -78 -76 -65 -29 2 -185 -143 0
ROOM45 -21 10 117 119 -139 83 10 227 37 62 59 66 -29 -3 99 125 116 135 191 205 -77 49 265 395 0
ROOM45 -92 -7 23 55 -142 22 -78 64 -46 24 -22 24 -70 -46 -22 2 -29 59 -8 78 -94 -77 36 62 0
ROOM45 -57 -26 76 92 -140 94 -82 154 4 31 14 35 -31 -17 35 49 -46 76 -12 108 -148 -105 37 84 1 -57 -26 76 76 -133 94 -82 152 4 31 14 35 -31 -17 35 49
ROOM45 -79 -32 -21 14 -82 -12 -100 -21 -57 -9 -43 -9 -48 -34 -66 -52 -28 -26 19 -3 -13 40 -44 11 1 -79 -32 -28 14 -82 -12 -100 -21 -57 -9 -43 -9 -48 -34 -66 -52
ROOM45 -8 -41 115 98 -105 137 -40 204 48 24 58 32 16 34 72 90 96 66 138 111 -15 58 173 247 1 -8 -41 115 98 -105 137 -40 173 48 24 58 32 16 34 72 90
ROOM45 -85 -46 47 91 -155 77 -108 128 -23 8 -15 36 -59 -23 -15 21 -43 118 -6 170 -196 -141 93 154 0
ROOM45 -6 -97 100 23 -17 195 -80 104 37 -38 57 -36 73 95 -1 21 125 -109 144 -35 160 251 21 91 0
ROOM45 -68 -22 -4 134 -185 -1 -86 108 -48 41 -24 71 -119 -65 -7 47 -37 81 -20 145 -175 -104 58 115 1 -68 -22 -4 81 -149 -1 -86 77 -48 41 -24 71 -119 -65 -7 47
ROOM45 -59 -39 9 26 -62 23 -83 28 -26 -7 -24 -5 -21 -17 -33 -29 40 -48 88 -24 78 126 -2 63 0
ROOM45 -73 -41 42 8 -80 75 -107 44 -17 -22 -13 -10 -7 9 -39 -23 -18 17 48 77 -81 27 9 124 0
ROOM45 -95 0 -50 94 -185 -52 -87 23 -76 41 -68 53 -129 -109 -35 -15 -64 7 -28 62 -124 -39 -54 24 1 -95 0 -64 94 -185 -64 -87 23 -76 41 -68 53 -129 -109 -35 -15
ROOM45 -23 -14 35 144 -162 33 -13 176 -2 54 14 76 -78 -40 52 90 -38 7 30 27 -58 21 -17 48 1 -23 27 35 144 -162 8 4 176 -2 54 14 76 -78 -40 52 90
ROOM45 -46 15 -6 78 -116 -37 -11 63 -27 42 -25 50 -77 -67 15 25 -81 41 -60 94 -170 -108 -26 24 0
ROOM45 -41 -84 22 19 -56 93 -116 38 -20 -34 2 -30 10 36 -54 -28 35 25 83 71 -22 40 73 152 0
ROOM45 -53 -97 36 -8 -42 120 -148 23 -12 -65 -4 -39 27 61 -77 -43 69 -73 124 -12 90 188 -1 111 0
ROOM45 -51 -65 81 44 -85 122 -99 115 11 -21 19 1 10 40 -10 20 -9 33 33 44 -47 -10 29 75 1 -51 -65 81 33 -84 122 -99 114 11 -21 19 1 10 40 -10 20
ROOM45 -59 -50 52 76 -114 85 -105 126 -3 10 -3 16 -19 -13 7 13 68 76 107 112 -41 19 151 213 0
ROOM45 -14 -5 87 80 -78 74 -11 161 31 36 41 38 -7 5 67 79 40 91 60 127 -83 -33 132 176 0
ROOM45 -27 -92 52 -13 -13 141 -114 23 4 -64 20 -40 44 84 -60 -20 56 -96 79 -60 130 164 -40 15 0
ROOM45 -52 6 83 139 -183 77 -27 209 12 63 18 81 -69 -45 75 99 42 -22 77 40 11 82 30 110 1 -52 6 83 139 -183 11 -27 209 12 63 18 81 -69 -45 75 99
ROOM45 -17 -8 115 57 -74 122 -1 164 49 15 49 33 16 34 64 82 103 65 149 135 -27 69 175 278 0
ROOM45 -61 -15 10 73 -125 24 -54 58 -30 24 -20 34 -64 -44 -6 14 25 34 98 91 -52 51 74 174 0
ROOM45 -4 -86 125 -26 44 195 -85 94 53 -63 67 -49 102 130 -10 18 159 -121 233 -56 230 345 54 168 0
ROOM45 -75 -48 74 19 -71 113 -104 80 0 -15 0 -13 13 15 -15 -13 92 -40 155 25 81 178 60 162 0
ROOM45 -92 -21 -10 105 -188 5 -108 71 -52 30 -50 54 -106 -80 -22 4 -7 139 39 162 -159 -110 139 190 0
ROOM45 -46 16 91 171 -196 51 -23 240 13 89 31 97 -84 -58 102 128 53 66 129 110 -49 45 128 224 1 -46 16 53 171 -196 37 -23 224 13 89 31 97 -84 -58 102 128
ROOM45 -69 19 20 152 -197 -17 -50 163 -27 82 -21 88 -115 -103 55 67 -60 123 13 177 -223 -116 80 188 1 -69 19 20 123 -192 -17 -50 143 -27 82 -21 88 -115 -103 55 67
ROOM45 -10 -15 92 128 -133 93 -6 214 39 42 43 70 -31 1 81 113 95 159 160 213 -101 -16 262 355 0
ROOM45 -24 10 119 87 -91 86 -4 187 38 47 56 49 -11 9 85 105 84 122 98 153 -65 -27 218 248 0
ROOM45 -29 -48 128 97 -101 155 -73 207 43 10 55 38 5 45 53 93 -27 4 -12 42 -63 -16 -8 20 1 -12 -48 128 97 -101 155 -60 207 43 10 55 38 5 45 53 93
ROOM45 9 -96 161 -46 65 238 -85 103 81 -74 89 -68 149 163 7 21 148 -39 212 -16 165 235 111 189 0
ROOM45 -28 -59 59 23 -40 116 -86 62 8 -18 22 -18 26 40 -10 4 -49 53 -5 112 -161 -72 22 106 0
ROOM45 -58 -72 37 -9 -38 86 -122 6 -12 -42 -8 -38 26 34 -54 -46 41 -19 44 -14 58 63 25 30 0
ROOM45 -98 -34 12 95 -169 39 -115 103 -45 21 -41 39 -84 -62 -24 -2 -8 52 66 131 -125 10 56 194 1 -98 -34 -8 95 -169 26 -115 87 -45 21 -41 39 -84 -62 -24 -2
ROOM45 -21 -71 120 37 -37 168 -77 153 49 -25 49 -9 58 74 24 40 -17 15 11 81 -87 -17 10 88 1 11 -71 120 37 -26 168 -60 153 49 -25 49 -9 58 74 24 40
ROOM45 -82 -52 -15 79 -139 21 -126 52 -58 5 -38 21 -79 -43 -53 -17 -96 -21 -26 -6 -81 -8 -111 -44 1 -82 -6 -15 79 -139 -9 -88 52 -58 5 -38 21 -79 -43 -53 -17
ROOM45 -2 -54 57 49 -48 104 -32 85 22 -17 32 13 9 49 5 45 -16 29 14 109 -108 -20 20 119 1 -2 -54 57 29 -31 104 -32 85 22 -17 32 13 9 49 5 45
ROOM45 -50 -74 -3 -12 -17 70 -110 -15 -34 -44 -18 -42 8 26 -78 -60 -71 -100 -7 -45 -13 81 -156 -67 1 -50 -45 -3 -12 -17 42 -95 -15 -34 -44 -18 -42 8 26 -78 -60
ROOM45 7 -91 127 -11 35 201 -73 103 58 -56 76 -46 104 132 2 30 -7 -97 13 -86 83 110 -98 -84 0
ROOM45 -67 -1 17 152 -196 14 -60 153 -26 74 -24 76 -102 -98 48 52 -40 -5 15 68 -97 15 -42 83 1 -67 68 17 152 -196 -51 1 153 -26 74 -24 76 -102 -98 48 52
ROOM45 -93 -36 42 56 -139 62 -115 97 -29 0 -21 20 -49 -21 -29 -1 -86 -64 -10 -24 -50 53 -140 -48 1 -93 -24 42 56 -139 62 -115 97 -29 0 -21 20 -49 -21 -29 -1
ROOM45 -91 -92 -49 -33 -46 39 -166 -87 -76 -63 -64 -61 -15 -1 -139 -125 -87 -42 -17 -8 -77 22 -120 -26 1 -91 -92 -49 -42 -46 39 -166 -91 -76 -63 -64 -61 -15 -1 -139 -125
ROOM45 -45 -50 20 97 -121 51 -86 103 -19 8 -5 38 -57 -13 -11 33 33554432 33554432 -33554432 -33554432 33554432 -33554432 33554432 -33554432 0
ROOM45 14 -77 119 -22 38 173 -43 88 65 -52 67 -46 111 119 13 21 151 -45 180 9 143 223 119 185 0
ROOM45 -25 -84 60 -41 18 123 -109 -3 7 -70 27 -54 61 97 -63 -27 64 -107 92 -55 125 188 -36 28 0
ROOM45 -17 -16 120 114 -116 133 -13 213 51 42 51 56 -5 9 93 107 -7 149 14 203 -209 -150 149 210 0
ROOM45 8 13 141 119 -105 112 31 255 73 64 75 68 5 11 137 143 165 -22 223 25 144 241 147 244 0
ROOM45 -54 -46 69 82 -116 100 -83 132 -7 15 21 21 -28 6 8 42 77 5 151 77 15 137 97 211 0
ROOM45 -41 -89 66 46 -81 133 -127 103 9 -28 15 -14 23 43 -19 1 98 -79 123 -53 152 190 33 59 0
ROOM45 1 -77 154 27 -1 229 -57 177 65 -30 89 -20 85 119 35 69 189 -91 265 -13 204 356 110 237 0
ROOM45 -54 -60 3 34 -81 38 -108 31 -38 -15 -12 -11 -27 3 -53 -23 -26 -62 17 -26 9 69 -73 -22 1 -54 -26 3 34 -81 29 -80 31 -38 -15 -12 -11 -27 3 -53 -23
ROOM45 -3 -66 61 25 -23 114 -51 86 28 -27 30 -13 41 57 1 17 -34 9 -5 70 -95 -19 -14 62 0
ROOM45 -18 -74 57 22 -20 121 -89 69 8 -36 30 -16 24 66 -28 14 -32 -10 42 40 -55 40 -34 80 1 -18 -74 57 -10 -8 121 -89 47 8 -36 30 -16 24 66 -28 14
ROOM45 -58 -65 18 63 -107 79 -123 62 -22 -9 -18 7 -29 -9 -31 -11 46 -77 106 -29 88 182 -16 59 0
ROOM45 -5 11 140 149 -148 119 12 287 64 70 70 90 -26 0 134 160 116 100 131 134 -12 30 231 256 1 -5 11 116 149 -148 105 12 265 64 70 70 90 -26 0 134 160
ROOM45 -69 -33 74 90 -144 85 -96 158 -1 22 5 34 -35 -17 21 39 18 109 84 183 -155 -43 140 264 0
ROOM45 -58 -62 49 45 -98 110 -115 78 -17 -11 9 -5 -12 20 -28 4 -53 -53 24 17 -59 67 -95 25 0
ROOM45 -8 -72 98 65 -67 165 -60 138 39 -7 51 1 38 58 32 52 57 76 89 123 -57 6 146 202 0
ROOM45 19 -54 167 98 -55 207 -21 249 83 22 103 22 61 81 105 125 -2 111 58 166 -156 -65 113 207 0
ROOM45 -46 -21 32 55 -96 46 -61 73 -14 5 0 29 -43 -5 -9 29 31 47 105 77 -33 55 87 171 0
ROOM45 -1 -11 67 74 -59 74 -9 122 22 30 44 32 -10 14 52 76 68 4 120 74 4 104 81 193 0
ROOM45 -3 -79 137 44 -47 191 -68 175 63 -29 71 -5 68 100 34 66 -29 -54 28 22 -34 66 -75 38 1 28 -79 137 44 -16 191 -51 175 63 -29 71 -5 68 100 34 66
ROOM45 -55 -29 -9 13 -49 13 -62 -8 -35 -20 -29 4 -39 -9 -55 -25 -56 -48 16 -27 -20 59 -91 -26 1 -55 -27 -9 13 -49 13 -62 -8 -35 -20 -29 4 -39 -9 -55 -25
ROOM45 -20 -21 71 65 -74 73 -37 117 15 20 35 24 -9 15 35 59 -37 95 -8 169 -194 -103 68 147 0
ROOM45 -94 -1 -54 124 -200 -73 -74 70 -84 58 -64 64 -148 -122 -26 0 -29 89 -17 107 -132 -111 67 84 0
ROOM45 -38 -62 101 59 -97 139 -76 149 16 -4 46 2 14 50 12 48 10 -42 62 -31 47 93 -27 31 1 -38 -31 101 59 -97 132 -69 149 16 -4 46 2 14 50 12 48
ROOM45 -20 -37 83 118 -120 97 -51 189 21 25 41 55 -34 16 46 96 93 20 169 96 7 140 115 250 0
ROOM45 -41 -94 13 51 -69 101 -115 64 -18 -31 -10 -11 -7 21 -49 -21 -52 -112 -13 -69 25 95 -160 -89 1 -41 -69 13 51 -69 82 -110 64 -18 -31 -10 -11 -7 21 -49 -21
ROOM45 -1 -71 46 77 -78 104 -67 99 13 0 31 6 7 31 13 37 29 4 76 23 17 64 42 88 1 -1 -71 46 43 -44 104 -67 42 13 0 31 6 7 31 13 37
ROOM45 15 -70 146 82 -48 203 -30 210 72 6 88 6 66 82 78 94 179 -64 215 -22 210 276 133 193 0
ROOM45 -28 -84 73 59 -76 134 -93 131 7 -25 37 1 6 62 -18 38 -39 33 -23 81 -115 -60 0 52 1 -28 -84 73 59 -60 134 -93 131 7 -25 37 1 6 62 -18 38
ROOM45 -88 -3 32 54 -119 26 -86 71 -38 11 -18 39 -77 -29 -27 21 2 72 81 110 -97 3 85 174 0
ROOM45 -55 -29 62 104 -142 67 -66 142 -2 26 8 48 -50 -18 24 56 74 -12 133 18 68 145 76 140 0
ROOM45 -23 -68 37 52 -59 93 -70 78 6 -15 8 -1 7 23 -9 7 51 -101 91 -25 91 179 -34 56 0
ROOM45 15 -35 127 105 -90 143 -16 209 70 30 72 40 30 42 100 112 -15 12 28 54 -57 0 1 64 1 28 -35 127 105 -77 143 -7 209 70 30 72 40 30 42 100 112
ROOM45 -97 -100 57 -42 -49 135 -195 15 -34 -74 -6 -68 34 68 -108 -74 -100 -7 -53 11 -99 -63 -101 -44 0
ROOM45 -63 -78 11 49 -91 81 -123 41 -26 -21 -26 -7 -19 -5 -47 -33 -12 80 20 108 -115 -62 72 127 0
ROOM45 -92 5 -46 48 -135 -75 -81 1 -76 19 -62 33 -109 -81 -57 -29 -93 73 -17 111 -186 -94 -17 76 0
ROOM45 -73 -69 14 63 -114 69 -122 58 -40 -9 -18 3 -43 -9 -49 -15 -98 53 -84 69 -161 -145 -38 -23 0
ROOM45 -13 -42 59 4 -10 80 -35 57 15 -21 31 -17 32 52 -6 14 59 -61 88 10 58 139 13 85 0
ROOM45 -87 -2 -42 83 -168 -63 -67 17 -79 31 -49 49 -128 -80 -48 0 -64 94 -35 113 -166 -134 39 68 0
ROOM45 -29 3 86 83 -104 63 -1 154 17 41 39 45 -28 -2 58 84 95 80 122 121 -12 25 181 230 0
ROOM45 -98 -70 42 54 -132 92 -147 92 -31 -17 -25 1 -32 -8 -48 -24 -58 41 -43 64 -120 -89 -7 11 1 -98 -70 42 41 -132 92 -147 83 -31 -17 -25 1 -32 -8 -48 -24
ROOM45 1 -84 114 52 -41 184 -81 151 57 -30 57 -2 59 87 27 55 131 -86 183 -40 172 266 52 134 0
ROOM45 -90 7 63 130 -209 53 -79 177 -22 54 -4 82 -104 -58 32 78 58 122 113 144 -77 -20 184 250 0
ROOM45 -10 10 126 90 -80 110 18 201 48 48 68 52 -4 20 96 120 -15 88 18 154 -169 -81 90 157 0
ROOM45 -26 -52 89 -9 -9 136 -67 58 20 -43 42 -17 37 85 -23 25 36 -40 67 -29 67 101 -1 32 5 -26 -52 89 -40 14 136 -67 49 20 -43 42 -40 60 85 -23 2 -26 -29 87 -9 -9 116 -55 58 20 -29 42 -17 37 71 -9 25 -26 -40 38 -29 3 67 -66 9 20 -40 38 -29 49 67 -20 9 27 -40 36 -31 67 76 -13 5 27 -40 36 -31 67 76 -13 5 36 -40 39 -37 73 79 -4 -1 36 -40 39 -37 73 79 -4 -1
ROOM45 -61 -21 10 63 -100 21 -64 49 -40 18 -10 24 -64 -28 -22 14 -75 87 -56 137 -204 -155 19 80 0
ROOM45 -74 -45 -10 28 -78 30 -99 12 -57 -15 -27 -1 -56 -12 -72 -28 -21 -24 -7 36 -52 17 -39 21 1 -74 -45 -21 28 -78 24 -99 7 -57 -15 -27 -1 -56 -12 -72 -28
ROOM45 -65 -88 43 -43 -5 129 -152 -21 -19 -71 -3 -59 40 68 -90 -62 43 -72 97 -2 51 160 -13 91 0
ROOM45 -69 -74 80 33 -77 138 -124 91 1 -33 9 -7 8 42 -32 2 8 33 23 62 -47 -19 48 84 0
ROOM45 -62 -29 67 64 -123 87 -89 119 -6 14 10 20 -26 -4 8 30 -96 68 -35 113 -196 -108 -10 66 0
ROOM45 -67 -44 66 -3 -61 100 -111 44 -10 -24 10 -22 12 34 -34 -12 107 7 117 20 90 109 124 129 0
ROOM45 18 3 120 163 -126 92 46 268 60 74 78 92 -32 4 134 170 148 30 226 79 84 191 188 305 0
ROOM45 -3 -47 78 0 21 107 -31 73 24 -23 50 -23 47 73 1 27 40 -69 94 -43 93 161 -18 37 1 -3 -43 78 0 21 107 -31 73 24 -23 50 -23 47 73 1 27
ROOM45 -89 20 57 99 -171 24 -53 131 -21 56 -11 62 -83 -67 35 51 -111 9 -37 70 -180 -52 -94 31 1 -37 20 57 99 -136 24 -17 131 -21 56 -11 62 -83 -67 35 51
ROOM45 -22 -49 33 -6 -8 67 -48 17 -7 -42 17 -12 5 59 -48 5 0 -77 36 -55 66 102 -66 -31 0
ROOM45 -39 -38 96 70 -98 128 -57 148 23 14 33 18 5 19 37 51 8 5 14 11 -3 9 15 19 1 14 -38 96 70 -56 128 -24 148 23 14 33 18 5 19 37 51
ROOM45 -28 9 18 90 -98 -8 -16 89 -11 36 1 62 -73 -35 25 63 -59 27 -19 88 -141 -64 -29 64 1 -19 9 18 90 -98 -8 -10 89 -11 36 1 62 -73 -35 25 63
ROOM45 1 -8 80 147 -143 69 3 203 30 60 50 78 -48 -10 90 128 58 64 100 126 -61 35 135 209 1 1 -8 58 147 -143 66 3 203 30 60 50 78 -48 -10 90 128
ROOM45 -4 19 40 75 -61 2 26 91 17 38 19 56 -39 -19 55 75 17 58 78 120 -96 7 90 180 1 -4 19 40 75 -61 2 26 90 17 38 19 56 -39 -19 55 75
ROOM45 10 -6 158 74 -40 149 26 217 74 22 94 46 28 72 96 140 3 102 52 131 -127 -51 120 181 0
ROOM45 -36 -18 89 48 -80 84 -54 130 16 6 36 24 -8 30 22 60 -6 -15 17 41 -35 27 -6 46 2 9 -18 89 48 27 84 -9 130 33 6 36 9 27 30 39 45 17 -10 75 48 -31 27 7 123 17 6 36 24 -7 27 23 60
ROOM45 -44 -56 108 79 -100 155 -81 181 28 0 36 22 6 36 28 58 106 -80 117 -26 135 197 31 82 1 -44 -56 106 79 -100 155 -81 181 28 0 36 22 6 36 28 58
ROOM45 10 -8 131 86 -67 139 7 212 58 33 82 45 13 49 91 127 -21 -16 9 64 -74 25 -34 73 0
ROOM45 5 11 142 132 -104 115 37 255 64 61 82 81 -17 21 125 163 161 38 228 113 62 182 209 326 0
ROOM45 -82 -81 73 -33 -47 139 -162 29 -4 -69 -4 -45 41 65 -73 -49 -103 1 -39 18 -108 -49 -100 -29 0
ROOM45 -66 -55 56 3 -60 89 -120 56 -6 -41 -4 -11 5 37 -47 -15 -14 -63 6 -7 -2 54 -71 -17 1 -20 -53 56 3 -23 89 -17 56 -6 -13 -4 -11 5 9 -17 -15
ROOM45 2 -76 94 -2 13 159 -53 67 33 -51 63 -27 60 114 -18 36 27 2 101 46 -19 96 45 138 0
ROOM45 8 -90 162 -20 35 236 -69 126 83 -66 87 -44 127 153 17 43 82 9 129 64 24 114 96 175 0
ROOM45 7 -62 147 7 24 191 -38 151 75 -42 79 -12 87 121 33 67 51 -16 66 53 13 77 46 119 1 66 -62 147 7 59 191 4 151 75 -42 79 -12 87 121 33 67
ROOM45 -34 -42 101 50 -59 134 -76 151 23 -10 43 18 5 53 13 61 115 10 193 67 56 173 125 250 0
ROOM45 -89 -69 44 -19 -48 109 -133 9 -29 -47 -15 -41 12 32 -76 -56 34 8 66 60 -11 51 52 110 0
ROOM45 -25 -79 135 -1 -3 193 -103 120 46 -44 64 -36 82 108 2 28 -21 2 41 46 -67 28 -12 86 0
ROOM45 -54 -69 97 44 -93 161 -115 134 21 -19 21 -5 26 40 2 16 -6 -94 26 -64 59 111 -93 -50 1 -54 -64 97 44 -93 161 -115 134 21 -19 21 -5 26 40 2 16
ROOM45 -3 10 104 70 -71 83 21 149 37 35 63 45 -8 28 72 108 119 103 156 168 -43 48 235 309 0
ROOM45 2 -38 92 68 -65 114 -20 139 46 15 48 15 31 33 61 63 -3 -16 42 -3 0 47 -6 39 1 2 -3 92 68 -65 95 -1 139 46 15 48 15 31 33 61 63
ROOM45 -40 -22 57 138 -158 73 -60 185 4 56 12 60 -56 -44 60 72 -49 27 -5 75 -119 -47 -13 65 1 -5 -22 57 138 -143 73 -27 185 4 56 12 60 -56 -44 60 72
ROOM45 -40 -74 28 -28 -7 91 -106 -16 -6 -56 -6 -46 40 50 -62 -52 -30 -96 25 -30 13 115 -112 -13 0
ROOM45 -18 -73 99 7 -17 152 -76 99 36 -35 44 -31 67 79 1 13 -32 28 -8 71 -90 -47 4 55 0
ROOM45 -7 -11 145 45 -33 149 1 186 64 7 74 27 37 67 71 101 24 74 59 142 -106 -23 110 201 0
ROOM45 -68 -78 -19 -10 -49 37 -131 -36 -48 -56 -38 -32 -16 18 -104 -70 -13 -96 42 -30 23 130 -93 9 0
ROOM45 -82 -100 27 55 -122 113 -172 80 -27 -36 -27 -8 -19 9 -63 -35 -93 -95 -23 -39 -49 58 -182 -66 1 -82 -39 27 55 -122 66 -121 80 -27 -36 -27 -8 -19 9 -63 -35
ROOM45 -70 -76 2 11 -73 57 -122 7 -43 -38 -25 -26 -17 13 -81 -51 -10 -21 14 38 -48 25 -19 41 1 -70 -76 2 11 -73 57 -122 -19 -43 -38 -25 -26 -17 13 -81 -51
ROOM45 -38 -21 55 63 -82 62 -50 117 7 18 9 24 -17 -9 25 33 84 42 113 103 -4 67 136 209 0
ROOM45 -51 -64 63 35 -62 121 -114 74 -6 -29 18 1 -7 47 -35 19 82 21 157 43 44 124 110 189 0
ROOM45 7 0 70 40 -12 63 10 101 31 11 45 29 2 34 42 74 56 11 125 35 37 109 69 145 1 7 0 56 40 -12 56 10 96 31 11 45 29 2 34 42 74
ROOM45 17 13 89 171 -143 70 33 238 42 85 64 99 -57 -21 127 163 10 130 22 185 -168 -114 146 202 1 17 13 89 171 -114 70 33 238 42 85 64 99 -57 -21 127 163
ROOM45 3 -70 51 -19 24 109 -60 22 14 -57 40 -31 45 97 -43 9 -11 -35 66 29 -32 84 -31 80 1 3 -70 51 -35 38 109 -60 16 14 -57 40 -35 49 97 -43 5
ROOM45 -72 -43 58 44 -113 90 -96 97 -21 -15 7 15 -36 22 -36 22 -57 73 -32 110 -165 -109 29 61 0
ROOM45 -11 -50 34 74 -79 78 -53 84 0 7 22 17 -17 15 7 39 33 -62 68 -41 77 115 -16 20 1 -11 -50 34 74 -79 77 -53 84 0 7 22 17 -17 15 7 39
ROOM45 -29 -19 78 32 -42 95 -46 91 9 -7 39 19 -10 46 2 58 90 50 152 64 32 100 148 204 0
ROOM45 -85 -91 48 31 -105 137 -164 71 -33 -33 -3 -27 -6 30 -66 -30 46 -23 122 37 24 129 41 148 1 -85 -91 46 31 -105 137 -164 71 -33 -33 -3 -27 -6 30 -66 -30
ROOM45 -14 -46 111 36 -36 146 -53 147 38 -13 58 3 35 71 25 61 142 47 201 110 32 142 202 295 0
ROOM45 -4 -66 86 -3 24 147 -56 77 37 -48 45 -20 57 93 -11 25 22 24 48 42 -18 16 59 81 0
ROOM45 -12 -80 142 34 -27 198 -70 172 53 -26 77 -20 73 103 27 57 112 -50 128 -15 137 168 68 107 1 -12 -80 112 34 -27 192 -70 146 53 -26 77 -20 73 103 27 57
ROOM45 -64 -59 65 69 -133 100 -116 125 -14 -10 14 20 -34 24 -24 34 87 -41 164 0 97 192 64 156 0
ROOM45 -51 -52 108 -6 -40 150 -90 87 18 -40 38 -18 36 78 -22 20 1 -76 13 -38 41 87 -71 -36 1 -30 -52 108 -6 -24 150 -36 87 18 -40 38 -18 36 78 -22 20
ROOM45 -31 5 72 80 -86 67 -10 134 17 27 23 57 -40 -4 44 80 84 84 134 139 -52 43 185 269 0
ROOM45 -78 -34 42 116 -190 60 -109 142 -28 33 -8 49 -77 -41 5 41 -17 -2 -7 46 -63 -5 -9 29 2 -78 -13 42 116 -190 55 29 142 -20 37 -8 49 -69 -45 29 41 -78 -34 -17 107 -185 17 -109 29 -28 33 -17 49 -77 -50 5 29
ROOM45 -65 -77 15 54 -112 88 -130 54 -38 -23 -12 1 -39 11 -61 -11 30 -40 54 10 34 80 -8 54 0
ROOM45 -4 -36 36 53 -37 62 -37 76 16 -2 16 18 -2 18 14 34 23 -47 51 17 18 83 -10 62 1 -4 -36 23 53 -37 59 -37 76 16 -2 16 18 -2 18 14 34
ROOM45 -21 -44 71 29 -30 97 -42 79 23 -9 27 -5 28 36 14 22 -29 -5 21 32 -60 18 -32 49 1 -12 -44 71 29 18 97 -42 79 23 -9 27 -5 28 36 14 22
ROOM45 -9 -68 132 73 -64 184 -70 182 47 -8 75 12 35 83 39 87 81 -82 96 -11 98 173 9 81 1 -9 -68 132 73 -64 98 -70 182 47 -8 75 12 35 83 39 87
ROOM45 -66 -3 63 148 -197 56 -61 206 -3 57 1 87 -90 -56 54 88 -4 50 30 86 -90 -33 55 113 2 -66 86 63 148 -197 -23 20 206 -3 86 1 87 -90 -85 83 88 -66 -3 56 86 -152 56 -61 55 -3 57 -2 58 -61 -59 54 55
ROOM45 -82 -19 -15 125 -195 -7 -79 85 -48 42 -48 64 -112 -90 -6 16 -39 151 18 189 -212 -140 122 202 0
ROOM45 -51 -62 25 58 -105 76 -107 72 -23 -17 -3 13 -36 14 -40 10 24 -96 94 -34 76 182 -58 45 0
ROOM45 -15 -93 44 -36 30 127 -94 -7 12 -78 16 -50 62 94 -66 -34 27 -17 56 38 4 69 23 92 0
ROOM45 -33 0 74 143 -155 72 -23 196 17 68 23 74 -57 -45 85 97 93 94 123 104 -3 23 188 222 0
ROOM45 -53 -8 18 96 -141 6 -47 91 -20 33 -14 55 -75 -47 13 41 -59 106 -9 176 -234 -130 48 157 0
ROOM45 -21 -62 104 5 -14 164 -78 107 31 -35 51 -21 52 86 -4 30 -49 -84 -16 -71 26 55 -124 -87 0
ROOM45 -17 19 114 164 -164 84 14 277 38 90 58 92 -54 -32 128 150 68 23 128 97 -16 101 96 213 1 -17 19 68 164 -164 49 14 232 38 90 58 92 -54 -32 128 150
ROOM45 -1 -71 135 76 -54 194 -58 192 63 -3 71 7 56 74 60 78 95 -42 111 6 95 141 58 106 1 -1 -71 95 76 -54 166 -58 171 63 -3 71 7 56 74 60 78
ROOM45 12 10 63 125 -107 34 28 177 22 60 52 74 -52 -8 82 126 34 6 106 85 -37 82 44 176 2 12 49 63 125 -107 -37 61 177 22 60 37 74 -52 -37 82 111 12 10 34 71 -37 24 28 105 23 60 34 71 -37 -26 83 105
ROOM45 -60 -77 -9 -37 1 59 -134 -47 -43 -58 -25 -56 13 33 -101 -81 -66 -91 -15 -56 1 76 -150 -73 0
ROOM45 -70 4 16 94 -163 -10 -58 93 -42 39 -12 59 -101 -51 -3 47 -102 128 -53 203 -300 -188 32 141 0
ROOM45 -58 -25 26 35 -84 34 -83 60 -24 1 -8 9 -33 -9 -23 1 -85 -8 -28 56 -129 -33 -90 21 1 -28 -25 26 35 -63 34 -53 60 -24 1 -8 9 -33 -9 -23 1
ROOM45 -79 -97 15 -4 -71 110 -166 -8 -41 -50 -23 -50 9 27 -91 -73 -5 -70 15 -33 35 85 -66 -26 1 -79 -97 -5 -4 -71 92 -166 -9 -41 -50 -23 -50 9 27 -91 -73
ROOM45 -3 -50 115 109 -102 158 -38 211 53 24 59 34 19 35 77 93 21 101 101 180 -142 -8 135 267 1 -3 -50 115 101 -102 158 -38 211 53 24 59 34 19 35 77 93
ROOM45 -46 -41 54 94 -126 88 -68 143 -6 18 14 34 -40 -4 12 48 51 -25 99 46 15 123 32 144 1 -46 -41 51 94 -126 88 -68 143 -6 18 14 34 -40 -4 12 48
ROOM45 -70 -54 -21 18 -87 30 -116 -16 -53 -32 -37 -4 -49 -5 -85 -41 -64 25 7 46 -99 -32 -28 50 0
ROOM45 -2 -45 110 45 -33 151 -41 141 47 -10 61 10 37 71 37 71 140 -57 193 -32 174 236 85 158 0
ROOM45 -87 -25 69 88 -159 76 -90 153 -24 27 6 35 -59 -21 3 41 -88 30 -78 79 -160 -113 -52 -2 1 -78 -25 69 88 -159 76 -90 153 -24 27 6 35 -59 -21 3 41
ROOM45 -42 -4 70 68 -103 74 -40 123 3 29 25 35 -32 -4 32 60 -2 65 26 96 -98 -46 71 115 1 -42 -4 70 65 -103 74 -40 123 3 29 25 35 -32 -4 32 60
ROOM45 12 -77 66 12 17 118 -61 77 39 -36 39 -28 67 75 3 11 -1 -54 60 4 0 98 -53 61 0
ROOM45 19 -97 147 -13 41 233 -59 127 76 -64 90 -46 122 154 12 44 159 -70 234 -34 200 296 102 193 0
ROOM45 13 -76 56 13 9 118 -42 48 28 -32 40 -30 58 72 -4 10 31 -68 99 -55 94 165 -32 33 1 13 -55 56 13 9 111 -42 48 28 -32 40 -30 58 72 -4 10
ROOM45 -36 -5 62 151 -163 66 -34 188 8 69 18 77 -69 -51 77 95 -23 160 33 192 -211 -134 150 211 0
ROOM45 -12 5 76 119 -129 48 18 184 30 62 34 62 -32 -28 92 96 -37 -27 40 8 -27 63 -48 47 1 -12 8 76 119 -129 48 18 184 30 62 34 62 -32 -28 92 96
ROOM45 -1 -66 153 69 -51 200 -64 216 67 -14 85 16 51 99 53 101 145 -53 208 -24 185 252 105 179 1 -1 -66 145 69 -51 200 -64 214 67 -14 85 16 51 99 53 101
ROOM45 14 -45 81 8 21 107 -18 86 47 -21 47 -15 62 68 26 32 -10 -38 22 36 -44 47 -43 54 1 22 -45 81 8 21 107 -18 86 47 -21 47 -15 62 68 26 32
ROOM45 7 -30 156 77 -53 163 -10 215 75 22 87 24 51 65 97 111 -23 -23 40 35 -50 60 -32 75 1 40 -30 156 77 -37 163 10 215 75 22 87 24 51 65 97 111
ROOM45 -13 -37 144 14 -7 163 -45 155 61 -18 69 -4 65 87 43 65 -34 52 -16 110 -140 -81 23 83 0
ROOM45 -55 -4 67 119 -158 66 -42 172 -4 43 16 71 -75 -27 39 87 41 34 120 56 -15 75 84 173 1 -55 -4 41 119 -158 45 -42 160 -4 43 16 71 -75 -27 39 87
ROOM45 12 -83 90 69 -35 158 -71 152 41 -9 61 -5 46 70 32 56 94 58 158 99 7 91 156 245 0
ROOM45 7 -47 166 9 5 212 -23 160 75 -30 97 -8 83 127 45 89 164 -27 180 -12 186 198 137 162 1 7 -47 164 9 5 211 -23 160 75 -30 97 -8 83 127 45 89
ROOM45 1 -51 65 98 -94 94 -29 157 22 9 44 37 -15 35 31 81 21 91 83 166 -140 -15 127 231 1 1 -51 65 91 -90 94 -29 156 22 9 44 37 -15 35 31 81
ROOM45 -22 -12 44 99 -103 44 -22 134 7 36 15 50 -43 -21 43 65 65 -36 120 6 72 150 43 112 0
ROOM45 2 -47 125 -6 27 167 -41 103 58 -32 68 -20 78 100 26 48 136 -76 197 -29 175 265 71 153 0
ROOM45 -58 -88 6 -18 -19 71 -146 -16 -29 -68 -23 -38 9 45 -97 -61 -34 -29 9 37 -60 21 -48 42 1 -58 -88 6 -29 -19 71 -146 -23 -29 -68 -23 -38 9 45 -97 -61
ROOM45 -63 -42 0 4 -60 29 -87 -15 -42 -19 -20 -19 -23 -1 -61 -39 -11 -67 63 10 -15 115 -70 67 1 -63 -42 -11 4 -60 29 -87 -15 -42 -19 -20 -19 -23 -1 -61 -39
ROOM45 -84 -48 -17 -1 -77 9 -111 -26 -65 -26 -35 -22 -43 -9 -91 -57 -29 -6 19 4 -31 15 -26 23 0
ROOM45 -84 -39 -11 95 -159 23 -117 67 -54 22 -40 34 -88 -62 -32 -6 -18 62 41 93 -111 -27 51 127 1 -84 -39 -11 95 -159 23 -117 51 -54 22 -40 34 -88 -62 -32 -6
ROOM45 -15 -31 145 74 -72 161 -34 211 54 11 76 31 23 65 65 107 5 87 20 148 -136 -81 92 166 0
ROOM45 -40 -93 76 54 -85 149 -109 121 17 -33 19 -5 22 52 -16 14 -71 -81 -11 -6 -54 62 -140 -29 1 -11 -93 76 54 -65 149 -104 121 17 -33 19 -5 22 52 -16 14
ROOM45 -90 -21 41 49 -125 62 -94 68 -34 6 -14 22 -56 -20 -28 8 -104 -22 -45 12 -114 -32 -125 -39 1 -45 -21 41 49 -94 62 -66 68 -34 6 -14 22 -56 -20 -28 8
ROOM45 -72 -87 -30 13 -71 45 -154 -34 -53 -49 -49 -25 -28 0 -102 -74 -8 19 71 65 -65 41 15 122 0
ROOM45 -84 -42 38 117 -193 61 -112 151 -32 27 -14 47 -79 -41 -5 33 -77 99 1 126 -185 -107 32 118 1 -84 -42 38 99 -183 61 -112 137 -32 27 -14 47 -79 -41 -5 33
ROOM45 -44 -54 52 15 -48 81 -76 49 4 -34 4 -4 8 38 -30 0 -60 1 15 70 -116 7 -50 85 1 -44 -54 52 1 -45 81 -76 49 4 -34 4 -4 8 38 -30 0
ROOM45 -39 -38 37 16 -32 63 -64 48 -15 -11 13 -11 -4 24 -26 2 -41 -13 25 22 -52 22 -38 37 1 -16 -38 37 13 22 63 -54 48 11 -11 13 -11 22 24 0 2
ROOM45 -44 -55 49 1 -26 90 -98 30 -12 -40 16 -14 2 56 -52 2 31 -79 98 -24 61 175 -33 61 1 -44 -55 31 1 -26 86 -98 30 -12 -40 16 -14 2 56 -52 2
ROOM45 -38 -17 52 130 -152 67 -40 175 -7 50 21 62 -69 -29 43 83 -36 96 4 114 -138 -98 66 112 1 -38 -17 52 96 -134 67 -40 148 -7 50 21 62 -69 -29 43 83
ROOM45 -74 -47 55 29 -87 80 -109 62 -11 -17 -7 -1 -10 10 -28 -8 29 -78 43 -29 64 121 -41 6 1 -74 -47 29 29 -87 76 -109 58 -11 -17 -7 -1 -10 10 -28 -8
ROOM45 -35 -22 89 53 -87 97 -34 132 25 8 29 22 3 21 33 51 -25 36 44 56 -68 -2 18 89 1 -35 -22 89 36 -71 97 -34 125 25 8 29 22 3 21 33 51
ROOM45 -94 -5 28 139 -216 17 -93 152 -38 58 -28 76 -114 -86 20 48 -87 165 -25 245 -324 -190 90 212 0
ROOM45 -54 -58 103 -5 -42 148 -110 94 9 -32 39 -30 39 71 -23 9 33554432 33554432 -33554432 -33554432 33554432 -33554432 33554432 -33554432 0
ROOM45 -93 -26 -7 117 -203 5 -94 87 -55 33 -45 57 -112 -78 -22 12 0 -10 33 66 -48 41 -8 91 0
ROOM45 -93 -62 63 -8 -68 114 -151 32 -22 -40 -8 -30 8 32 -62 -38 -54 5 25 50 -87 19 -38 71 0
ROOM45 -89 -12 45 144 -210 44 -95 165 -34 60 -10 72 -106 -70 26 62 -104 149 -33 169 -255 -191 45 129 0
ROOM45 -90 -2 70 139 -214 69 -84 192 -21 60 1 76 -97 -59 39 77 48 -10 59 0 50 61 40 57 1 -90 0 70 139 -214 69 -84 192 -21 60 1 76 -97 -59 39 77
ROOM45 -76 -70 33 -7 -56 91 -143 13 -36 -46 -6 -30 -6 40 -82 -36 62 -7 119 4 61 115 61 123 0
ROOM45 5 -46 131 -1 20 173 -35 129 53 -37 83 -9 62 120 16 74 149 -35 170 -24 173 196 125 144 0
ROOM45 19 -100 94 -16 36 174 -74 53 47 -60 65 -56 103 125 -13 9 88 13 98 33 55 75 101 121 0
ROOM45 -7 -64 115 39 -45 162 -55 145 40 -18 68 -6 46 86 22 62 110 26 122 95 16 91 144 206 1 -7 -64 110 39 -45 162 -55 145 40 -18 68 -6 46 86 22 62
ROOM45 -85 -4 31 91 -152 35 -79 104 -36 41 -18 45 -81 -59 5 27 -68 65 1 107 -168 -76 7 90 1 -85 -4 31 65 -150 35 -79 96 -36 41 -18 45 -81 -59 5 27
ROOM45 -79 -26 -30 119 -184 -29 -102 73 -65 37 -43 55 -120 -80 -28 12 -32 -29 -3 22 -43 11 -46 11 1 -79 -26 -30 119 -184 -43 -102 73 -65 37 -43 55 -120 -80 -28 12
ROOM45 -30 13 18 111 -140 -19 -9 111 -14 60 2 64 -78 -58 46 66 -38 0 -8 59 -80 -15 -30 38 1 -30 28 18 111 -140 -19 38 111 -14 60 2 64 -78 -58 46 66
ROOM45 -6 -45 138 99 -102 160 -34 225 65 23 67 31 34 44 88 98 63 22 137 98 -26 109 94 233 1 -6 -45 127 98 -102 160 -34 94 65 23 67 29 36 44 88 94
ROOM45 -45 -5 48 59 -84 52 -48 101 -2 18 4 36 -38 -14 16 40 -34 -36 38 -7 -22 62 -67 22 0
ROOM45 -100 -63 57 52 -139 99 -151 108 -36 -20 -6 10 -46 14 -56 4 -52 30 28 73 -112 -15 -4 95 1 -100 -63 57 30 -130 99 -151 87 -36 -20 -6 10 -46 14 -56 4
ROOM45 13 -35 102 93 -65 130 -13 193 52 23 62 35 17 39 75 97 87 -19 97 -10 97 114 77 81 1 13 -10 102 93 -65 112 3 193 52 23 62 35 17 39 75 97
ROOM45 -8 -99 124 22 -6 209 -95 138 56 -52 60 -24 80 112 4 36 99 8 164 32 81 140 110 188 1 -8 -99 99 22 -6 198 -95 121 56 -52 60 -24 80 112 4 36
ROOM45 -54 -49 22 96 -149 48 -91 102 -20 21 -12 25 -45 -33 1 13 -17 -60 2 -33 25 44 -76 -41 1 -54 -33 22 96 -149 48 -87 102 -20 21 -12 25 -45 -33 1 13
ROOM45 -18 -52 97 30 -25 143 -69 103 34 -15 44 -7 41 59 19 37 71 -24 136 21 51 155 63 152 1 -18 -52 71 30 -25 123 -69 101 34 -15 44 -7 41 59 19 37
ROOM45 -7 -12 89 141 -145 89 -3 216 30 53 52 75 -45 -1 83 127 54 -3 91 19 40 91 51 105 1 -7 19 89 141 -145 70 12 216 30 53 52 75 -45 -1 83 127
ROOM45 -4 -81 116 -24 34 196 -82 91 55 -57 57 -47 102 114 -2 10 60 -82 125 -25 97 194 -12 98 1 -4 -81 60 -24 34 141 -82 36 55 -57 57 -47 102 114 -2 10
ROOM45 8 -12 145 77 -69 141 10 206 76 29 76 35 41 47 105 111 93 -17 163 -3 102 179 85 148 1 8 -3 145 77 -69 141 10 206 76 29 76 35 41 47 105 111
ROOM45 -39 -93 22 6 -24 105 -121 11 -14 -51 -2 -35 21 49 -65 -37 -2 4 51 67 -60 30 16 106 0
ROOM45 -83 -58 -43 -11 -52 -9 -136 -74 -76 -40 -50 -28 -48 -10 -116 -78 -35 1 15 80 -108 -1 -25 77 0
ROOM45 -77 -57 62 12 -79 100 -124 57 -15 -23 1 -21 6 24 -38 -20 14 -27 56 12 13 69 -12 54 1 -77 -57 14 12 -79 71 -124 26 -15 -23 1 -21 6 24 -38 -20
ROOM45 -15 15 114 63 -77 74 25 154 36 31 62 47 -11 31 67 109 92 31 164 74 30 129 138 226 1 -15 15 92 63 -77 74 25 154 36 31 62 47 -11 31 67 109
ROOM45 -80 -17 -32 136 -193 -20 -77 99 -67 52 -45 66 -133 -97 -15 21 -54 -14 -4 8 -46 0 -66 -8 1 -80 8 -32 136 -193 -40 -72 99 -67 52 -45 66 -133 -97 -15 21
ROOM45 -81 5 58 138 -203 50 -51 187 -15 64 -7 78 -93 -71 49 71 -103 2 -76 65 -154 -85 -99 -24 1 -76 5 58 138 -203 50 -51 187 -15 64 -7 78 -93 -71 49 71
ROOM45 -80 -33 -36 41 -99 -8 -88 3 -70 -7 -46 15 -85 -39 -77 -31 -38 47 28 96 -126 -28 12 108 0
ROOM45 -59 -13 25 123 -163 30 -52 127 -31 47 -3 63 -94 -50 16 60 1 15 22 47 -32 -3 18 61 1 -59 -10 25 123 -163 -32 -52 127 -31 47 -3 63 -94 -50 16 60
ROOM45 -19 -92 88 12 -13 170 -103 90 28 -44 40 -36 64 84 -16 4 -50 -42 18 13 -54 55 -81 31 1 18 -92 88 12 6 170 -74 90 28 -44 40 -36 64 84 -16 4
ROOM45 -74 -92 -24 52 -123 55 -156 14 -50 -20 -48 -20 -30 -28 -70 -68 -70 -28 5 15 -80 25 -91 14 0
ROOM45 -71 -65 19 22 -89 72 -126 21 -33 -31 -19 -11 -22 12 -64 -30 -47 7 11 35 -71 -5 -25 31 1 -71 -65 19 7 -78 72 -126 21 -33 -31 -19 -11 -22 12 -64 -30
ROOM45 -49 -28 110 54 -78 120 -54 143 27 7 33 19 8 26 34 52 80 48 90 63 23 40 136 148 1 -49 -28 110 54 -78 120 -54 136 27 7 33 19 8 26 34 52
ROOM45 -94 -4 -36 137 -224 -53 -90 76 -69 57 -61 75 -144 -118 -12 14 -47 -22 20 -8 -26 35 -67 12 0
ROOM45 -52 7 30 87 -116 5 -40 94 -18 35 -4 59 -77 -39 17 55 20 19 44 59 -32 24 43 102 1 -52 7 20 87 -116 5 -40 94 -18 35 -4 59 -77 -39 17 55
ROOM45 -81 -94 -11 -42 -23 63 -164 -77 -60 -81 -32 -55 -5 49 -141 -87 -36 -77 6 -66 36 81 -107 -69 4 -81 -94 -14 -77 -4 63 -164 -91 -60 -81 -32 -77 17 49 -141 -109 -81 -66 -11 -42 -23 55 -147 -77 -60 -66 -32 -55 -5 34 -126 -87 -81 -77 -30 -66 -15 36 -158 -96 -60 -77 -32 -66 6 36 -137 -98 -41 -77 -30 -71 36 47 -118 -107 -41 -77 -32 -71 36 45 -118 -107
ROOM45 -16 -62 45 94 -103 88 -75 129 5 3 23 29 -24 20 8 52 10 20 43 66 -51 17 36 94 3 -16 -62 45 20 -36 88 -75 65 5 3 23 20 -15 20 8 43 -16 20 10 94 -103 -10 4 104 5 20 10 29 -24 -10 25 39 10 20 16 26 -16 -4 30 36 10 20 16 26 -16 -4 30 36
ROOM45 -88 -26 -9 128 -203 -4 -103 105 -51 51 -45 51 -102 -96 0 6 -58 51 7 63 -121 -56 0 70 1 -88 -26 -9 51 -139 -4 -103 42 -51 51 -45 51 -102 -96 0 6
ROOM45 -62 -65 88 62 -123 131 -123 143 -1 -13 27 11 -12 40 -14 38 -30 -81 4 -42 15 85 -98 -46 1 -62 -42 88 62 -123 130 -104 143 -1 -13 27 11 -12 40 -14 38
ROOM45 -38 -75 75 -31 2 137 -103 35 17 -61 19 -45 62 80 -44 -26 -43 -77 -29 -22 -19 36 -117 -64 1 -29 -75 75 -31 2 137 -103 35 17 -61 19 -45 62 80 -44 -26
ROOM45 -28 -49 58 104 -124 92 -60 142 15 22 15 32 -17 -7 37 47 68 -12 78 22 46 90 66 90 0
ROOM45 -58 -57 70 1 -39 108 -96 63 -2 -33 14 -23 21 47 -35 -9 -11 -48 22 -27 24 67 -50 -12 2 -13 -57 70 1 -14 108 -12 63 11 -26 14 -23 34 40 -12 -9 -58 -27 15 1 -39 42 -85 -12 -2 -27 14 -23 21 41 -29 -12
ROOM45 -8 -35 41 34 -35 52 -30 65 13 -11 19 11 2 30 2 30 -20 29 30 52 -71 -12 22 71 1 -8 -35 41 29 -35 52 -30 65 13 -11 19 11 2 30 2 30
ROOM45 -31 -6 99 90 -98 101 -14 186 19 39 49 45 -26 10 58 94 -42 17 -17 57 -89 -42 -20 24 1 -17 -6 99 90 -98 101 -14 186 19 39 49 45 -26 10 58 94
ROOM45 -38 -20 83 124 -153 83 -38 205 9 49 35 55 -46 -14 58 90 33 -9 78 50 -6 70 31 124 1 -38 -16 83 124 -153 -6 -38 205 9 49 35 55 -46 -14 58 90
ROOM45 -59 -56 54 80 -132 109 -108 112 -17 11 13 13 -30 2 -6 26 76 -44 150 -14 90 178 46 130 0
ROOM45 -38 -37 116 83 -103 135 -54 179 37 20 41 26 11 21 57 67 65 101 131 139 -56 12 166 255 0
ROOM45 -69 15 86 171 -223 56 -49 244 3 92 13 94 -91 -79 95 107 119 153 161 205 -76 5 288 353 0
ROOM45 -66 -75 44 45 -92 107 -124 74 -24 -19 2 -11 -13 21 -43 -9 -46 2 -29 73 -105 -43 -38 40 1 -66 -75 44 45 -43 107 -124 74 -24 -19 2 -11 -13 21 -43 -9
ROOM45 -79 -42 47 86 -156 86 -111 109 -22 12 -10 32 -54 -22 -10 22 -77 13 -21 91 -160 -34 -64 62 2 -79 -42 47 13 -92 86 -111 60 -22 12 -10 13 -35 -22 -10 3 -21 13 47 86 -107 34 -8 109 -21 13 -10 32 -53 -23 -8 22
ROOM45 -12 -68 110 62 -52 164 -67 156 39 -5 59 -1 40 64 34 58 12 -43 72 -12 42 113 -26 59 1 -12 -12 110 62 -52 122 -24 156 39 -5 59 -1 40 64 34 58
ROOM45 -8 -61 115 65 -56 162 -68 177 41 -8 65 12 29 73 33 77 10 -40 66 -25 41 94 -29 40 1 -8 -25 115 65 -56 140 -33 177 41 -8 65 12 29 73 33 77
ROOM45 -37 17 113 174 -189 85 2 268 37 80 39 110 -73 -41 117 149 10 138 55 165 -153 -98 151 208 1 -37 17 113 138 -175 85 2 251 37 80 39 110 -73 -41 117 149
ROOM45 -33 -96 113 4 -32 203 -106 114 25 -46 55 -46 71 101 -21 9 -24 -98 45 -59 45 130 -113 -16 1 -33 -59 113 4 -32 172 -92 114 25 -46 55 -46 71 101 -21 9
ROOM45 -13 -33 55 85 -80 78 -33 124 10 13 32 39 -29 19 23 71 -29 -65 22 -48 20 76 -88 -33 0
ROOM45 -60 1 100 157 -193 89 -50 244 19 67 21 91 -72 -46 86 112 -78 165 -50 175 -251 -216 88 120 0
ROOM45 -57 -44 13 21 -71 53 -76 30 -30 -21 -14 -1 -29 7 -51 -15 -55 55 -4 97 -145 -70 4 85 0
ROOM45 -45 -53 27 51 -74 60 -77 71 -14 -10 -4 8 -22 6 -24 4 -63 50 -2 125 -178 -56 -2 114 1 -45 -53 27 50 -74 60 -77 71 -14 -10 -4 8 -22 6 -24 4
ROOM45 -71 -5 -3 75 -144 -23 -72 58 -45 23 -29 47 -92 -52 -22 18 -62 82 -28 105 -166 -122 31 70 0
ROOM45 -2 -64 87 49 -51 149 -53 115 34 -9 50 -5 39 59 25 45 21 5 49 30 5 32 27 78 1 -2 -64 87 5 -7 149 -53 92 34 -9 50 -5 39 59 25 45
ROOM45 -81 -50 75 -2 -64 105 -115 68 -12 -31 6 -21 9 37 -43 -15 -13 -29 36 15 -13 61 -26 51 2 -81 -50 75 -29 -52 105 -115 46 -12 -31 6 -29 17 37 -43 -23 -81 -29 3 -2 -64 32 -110 -26 -12 -29 3 -21 9 32 -41 -26
ROOM45 -66 -42 -26 58 -115 15 -83 7 -57 -2 -35 18 -75 -33 -59 -17 -20 2 50 55 -60 42 -8 99 0
ROOM45 0 18 130 91 -91 98 33 203 63 51 67 57 6 16 114 124 16 19 42 65 -37 9 38 99 1 42 18 130 91 -49 98 60 203 63 51 67 57 6 16 114 124
ROOM45 -35 -89 121 67 -98 192 -107 178 36 -22 50 0 36 72 14 50 106 -82 154 -2 111 236 30 141 1 -35 -89 106 67 -98 192 -107 173 36 -22 50 0 36 72 14 50
ROOM45 -100 -24 23 110 -208 45 -111 133 -38 31 -38 55 -93 -69 -7 17 37 -30 50 30 17 80 20 76 0
ROOM45 -72 6 37 142 -207 23 -52 156 -20 71 -14 77 -97 -85 51 63 -46 99 0 130 -176 -105 65 115 1 -72 6 37 99 -171 23 -52 136 -20 71 -14 77 -97 -85 51 63
ROOM45 -43 -82 10 9 -43 84 -101 -5 -26 -42 -6 -30 4 36 -68 -36 9 27 39 90 -65 12 54 125 0
ROOM45 -6 18 81 77 -63 44 34 139 27 45 47 49 -22 2 72 96 -12 57 26 123 -127 -42 61 135 1 -4 18 81 77 -42 44 34 139 27 45 47 49 -22 2 72 96
ROOM45 -38 -87 112 20 -49 176 -107 123 35 -33 39 -33 68 72 2 6 -11 36 60 105 -115 21 29 164 0
ROOM45 -93 -62 51 34 -117 102 -130 71 -21 -18 -21 -10 -11 -3 -39 -31 17 67 87 92 -74 5 87 171 0
ROOM45 -59 -2 97 137 -185 85 -38 232 10 56 28 78 -68 -28 66 106 59 -36 81 11 60 114 35 81 1 -59 11 97 137 -185 85 -38 232 10 56 28 78 -68 -28 66 106
ROOM45 -5 -90 85 40 -27 173 -82 123 35 -37 45 -13 48 82 -2 32 7 -36 31 9 0 55 -18 39 1 31 -90 85 40 -9 173 -59 123 35 -37 45 -13 48 82 -2 32
ROOM45 -83 -82 20 17 -83 81 -161 14 -41 -43 -21 -21 -20 22 -84 -42 -11 6 42 31 -38 23 9 62 1 -83 -82 20 6 -83 81 -161 14 -41 -43 -21 -21 -20 22 -84 -42
ROOM45 -1 8 98 168 -151 88 26 251 47 77 49 99 -52 -28 124 148 57 157 124 197 -136 -38 229 321 1 -1 8 98 157 -151 88 26 251 47 77 49 99 -52 -28 124 148
ROOM45 -60 -81 82 12 -66 151 -134 88 -3 -41 25 -27 24 66 -44 -2 -56 -57 15 -11 -37 58 -113 -13 3 -23 -81 82 12 58 151 -104 88 17 -41 25 -33 58 66 -24 -8 15 -43 70 12 3 58 -28 82 15 -41 25 -27 42 58 -26 -2 -25 -28 15 12 -37 43 -13 27 14 -28 15 -27 41 43 -13 -12
ROOM45 -15 -31 61 116 -130 73 -42 156 22 38 24 46 -24 -14 60 70 79 69 87 79 7 10 148 164 0
ROOM45 -7 1 75 57 -50 67 7 115 32 26 36 32 0 10 58 68 56 88 122 117 -46 20 151 231 0
ROOM45 -92 -83 28 4 -80 90 -160 32 -37 -54 -27 -24 -13 27 -91 -51 -4 -21 70 52 -51 80 -25 119 1 -92 -83 -4 4 -80 79 -160 0 -37 -54 -27 -24 -13 27 -91 -51
ROOM45 -95 -55 -14 0 -85 16 -138 -22 -57 -31 -51 -23 -34 -20 -88 -74 -72 6 -16 85 -145 -36 -54 61 0
ROOM45 -50 -43 32 75 -111 70 -68 82 -10 9 -8 23 -33 -17 -1 15 13 -29 24 20 -4 42 -16 35 1 -50 -43 13 75 -111 56 -68 82 -10 9 -8 23 -33 -17 -1 15
ROOM45 -13 -9 48 53 -57 43 -15 86 4 7 30 37 -33 23 11 67 63 35 120 76 4 75 109 196 0
ROOM45 -23 13 68 89 -112 51 -9 146 15 44 29 58 -43 -15 59 87 37 13 103 73 -35 82 57 174 1 -23 13 37 89 -112 24 -9 126 15 44 29 58 -43 -15 59 87
ROOM45 -34 -52 18 95 -114 60 -81 105 -23 14 7 28 -51 -7 -9 35 50 -48 111 2 66 143 20 113 0
ROOM45 -79 -96 -1 -15 -55 84 -165 -31 -46 -61 -34 -49 3 27 -107 -83 -38 -31 40 40 -77 67 -51 67 1 -79 -96 -1 -31 -48 84 -165 -32 -46 -61 -34 -49 3 27 -107 -83
ROOM45 -30 -48 94 50 -72 142 -71 132 25 -6 39 8 17 45 19 47 -22 -8 -11 6 -22 -11 -27 -11 1 -11 -48 94 50 -61 142 -59 132 25 -6 39 8 17 45 19 47
ROOM45 -34 -45 69 69 -79 95 -79 123 15 1 19 23 -8 18 16 42 -41 26 24 92 -127 -20 0 99 1 -34 -45 69 69 -20 95 -79 123 15 1 19 23 -8 18 16 42
ROOM45 -99 -8 14 44 -140 6 -90 55 -42 12 -42 24 -66 -54 -30 -18 41 69 81 103 -61 -1 118 177 0
ROOM45 -25 -82 21 35 -54 80 -90 39 -17 -24 13 -22 5 37 -41 -9 -11 -80 36 -13 12 105 -88 21 2 -25 -37 21 35 -54 12 -62 39 -17 -24 -10 -22 5 12 -41 -32 -25 -79 -11 -23 12 68 -90 -34 -12 -24 -11 -23 12 13 -36 -34
ROOM45 -99 -92 -55 -26 -68 37 -176 -103 -83 -73 -71 -45 -38 2 -156 -116 -81 -104 -3 -67 0 99 -182 -78 2 -99 -67 -55 -26 -68 12 -166 -103 -83 -67 -71 -45 -38 -4 -150 -116 -99 -88 -67 -67 -32 0 -176 -134 -83 -73 -71 -67 -16 0 -156 -138
ROOM45 10 -45 125 34 -15 150 -34 135 54 -14 80 4 50 94 40 84 15 -10 93 54 -37 93 7 145 1 10 -45 125 -10 20 150 -34 115 54 -14 80 -10 64 94 40 70
ROOM45 -25 -90 40 -41 37 109 -95 -7 -6 -71 20 -59 53 91 -77 -39 15 -92 27 -59 76 114 -77 -42 3 -1 -76 40 -41 40 109 -42 -7 17 -62 20 -59 76 82 -42 -39 -25 -86 17 -41 37 76 -95 -42 -6 -71 17 -59 53 76 -77 -42 -10 -90 15 -61 76 105 -95 -46 5 -71 15 -61 76 86 -66 -46
ROOM45 -90 -78 5 42 -115 70 -166 34 -55 -21 -29 -15 -40 -8 -76 -44 6 -90 75 -50 66 156 -78 23 0
ROOM45 -6 -55 115 13 -6 163 -59 113 52 -36 56 -6 58 92 16 50 102 18 133 58 50 104 123 184 0
ROOM45 -76 9 60 80 -138 36 -50 136 -14 43 -2 45 -59 -45 29 43 -61 15 -24 31 -86 -41 -38 -7 1 -73 9 60 80 -138 36 -7 136 -14 43 -2 45 -59 -45 29 43
ROOM45 -10 17 140 91 -87 116 7 216 53 50 77 58 -5 27 103 135 174 104 218 180 3 100 289 397 0
ROOM45 -30 -84 100 -33 18 172 -99 48 20 -63 50 -53 73 113 -43 -3 124 -61 173 -47 180 224 66 121 0
ROOM45 -65 6 82 91 -142 71 -54 152 -6 46 22 50 -56 -24 40 72 58 110 90 140 -72 -29 177 218 0
ROOM45 -66 -81 -6 -32 -23 57 -133 -42 -45 -60 -27 -52 7 33 -105 -79 -95 -27 -77 -15 -77 -59 -113 -96 0
ROOM45 14 -11 92 97 -82 89 22 167 39 40 67 46 -7 27 79 113 9 53 82 114 -87 14 67 187 1 14 -11 92 53 -39 89 22 145 39 40 67 46 -7 27 79 113
ROOM45 -60 -70 34 61 -117 93 -122 95 -28 -12 2 4 -32 14 -40 6 66 45 136 73 0 85 113 207 0
ROOM45 -52 0 -9 60 -97 -16 -40 41 -32 29 -28 31 -63 -57 -3 3 -80 87 -13 164 -235 -115 19 136 0
ROOM45 -78 -93 21 18 -86 89 -167 21 -34 -44 -22 -30 -4 22 -78 -52 14 -10 94 7 14 92 15 95 1 -78 -93 14 18 -86 89 -167 21 -34 -44 -22 -30 -4 22 -78 -52
ROOM45 -92 -4 40 137 -228 28 -94 165 -34 59 -18 73 -107 -77 25 55 75 -16 117 6 77 127 74 109 0
ROOM45 -89 -5 6 108 -173 -11 -75 113 -42 49 -40 53 -95 -89 7 13 32 76 86 144 -111 7 123 220 0
ROOM45 -20 -12 112 89 -100 121 -16 201 46 32 46 44 2 14 78 90 -2 49 59 79 -69 -6 47 125 1 -20 -12 112 49 -69 121 -16 161 46 32 46 44 2 14 78 90
ROOM45 0 -68 150 -17 18 201 -44 117 63 -54 87 -30 93 141 9 57 98 -57 113 -43 150 161 47 65 1 0 -68 98 -17 18 166 -44 81 63 -54 87 -30 93 141 9 57
ROOM45 -39 -53 97 82 -119 136 -77 176 17 1 41 27 -10 40 18 68 -37 34 35 49 -86 -10 2 80 1 -39 -53 97 34 -73 136 -77 131 17 1 41 27 -10 40 18 68
ROOM45 -32 -68 66 84 -102 115 -96 136 12 3 22 13 -1 19 15 35 72 94 109 119 -39 1 167 217 0
ROOM45 -26 -34 106 36 -57 131 -56 125 28 -9 52 11 17 61 19 63 -42 63 22 82 -124 -48 28 97 0
ROOM45 -4 -41 104 109 -103 143 -34 203 36 25 64 43 -7 39 61 107 -15 -32 39 -9 0 65 -31 24 1 -4 -9 104 109 -103 113 -13 203 36 25 64 43 -7 39 61 107
ROOM45 -21 -5 38 73 -85 24 -12 90 -4 23 20 45 -49 -3 19 65 11 34 17 43 -30 -23 45 56 5 -21 -5 38 34 -55 24 -12 72 -4 23 20 34 -38 -3 19 54 11 34 38 57 -23 4 45 90 11 34 20 43 -23 -14 45 63 -15 39 34 73 -85 -23 56 90 11 39 20 45 -34 -23 56 65 -21 34 13 71 -85 -30 13 56 -4 34 13 45 -49 -30 30 56 4 34 11 41 -30 -23 38 52 4 34 11 41 -30 -23 38 52
ROOM45 -36 -18 119 34 -47 127 -30 140 34 0 48 16 18 48 34 64 20 34 64 63 -40 18 64 111 0
ROOM45 -91 13 54 90 -177 18 -78 122 -26 40 -10 62 -88 -50 14 52 -65 -18 -15 21 -80 -10 -76 -1 1 -91 21 54 90 -177 18 -70 122 -26 40 -10 62 -88 -50 14 52
ROOM45 -90 -32 -11 36 -120 -2 -106 25 -63 -8 -37 12 -75 -29 -71 -25 14 21 43 94 -70 15 47 127 0
ROOM45 -38 -12 88 43 -63 82 -44 119 11 5 39 25 -14 34 16 64 66 43 124 116 -38 78 114 223 0
ROOM45 -84 -1 34 100 -181 16 -82 110 -26 39 -24 59 -85 -63 13 35 48 -4 93 30 26 93 53 112 0
ROOM45 -61 -52 84 103 -156 113 -97 168 -4 16 26 34 -38 10 12 60 11 -71 64 -18 43 130 -49 31 1 -61 -18 84 103 -156 102 -79 168 -4 16 26 34 -38 10 12 60
ROOM45 -75 -95 21 60 -134 97 -156 66 -29 -22 -25 -12 -17 -3 -51 -37 26 -25 52 44 -13 75 13 78 0
ROOM45 -62 -69 6 86 -129 52 -129 75 -37 -6 -19 22 -59 -13 -43 3 -58 -8 -6 61 -101 -14 -60 40 1 -62 -69 6 20 -14 52 -129 26 -20 -6 -19 -5 -14 -13 -26 -24
ROOM45 -70 6 63 57 -104 46 -48 115 -15 27 9 35 -50 -18 12 44 -44 38 3 62 -96 -50 3 56 1 -70 6 63 38 -104 46 -48 101 -15 27 9 35 -50 -18 12 44
ROOM45 -15 -54 145 97 -104 196 -60 238 50 13 80 29 21 67 63 109 33554432 33554432 -33554432 -33554432 33554432 -33554432 33554432 -33554432 0
ROOM45 -39 -61 115 25 -42 161 -90 131 23 -28 53 -8 31 81 -5 45 18 -82 44 -45 75 124 -53 -16 1 -39 -45 115 25 -42 160 -84 131 23 -28 53 -8 31 81 -5 45
ROOM45 -94 3 -25 86 -173 -28 -86 57 -69 43 -49 45 -114 -92 -26 -4 -127 91 -98 118 -228 -202 -29 11 0
ROOM45 -61 -30 73 38 -89 93 -69 108 -3 -3 15 11 -14 18 -6 26 73 -59 149 19 71 192 23 154 0
ROOM45 -45 -41 42 24 -45 79 -71 50 -7 -12 5 -4 -3 17 -19 1 70 -31 87 35 44 110 47 114 0
ROOM45 -9 -87 76 -27 27 140 -80 28 28 -65 38 -49 77 103 -37 -11 -35 -87 17 -20 -1 101 -119 -9 1 17 -87 76 -27 44 140 -70 28 28 -65 38 -49 77 103 -37 -11
ROOM45 -88 -64 -43 -1 -78 16 -132 -56 -72 -47 -58 -17 -55 -11 -119 -75 -91 -23 -13 35 -123 5 -97 21 1 -88 -64 -43 -23 -65 16 -132 -66 -72 -47 -58 -23 -49 -11 -119 -81
ROOM45 -94 -30 -27 128 -215 -15 -114 79 -65 42 -55 56 -121 -97 -23 1 -9 148 63 185 -176 -85 148 235 0
ROOM45 -97 -90 -9 57 -146 71 -180 45 -58 -28 -48 -4 -54 -20 -86 -52 6 37 72 112 -95 25 54 179 0
ROOM45 -73 -30 81 13 -81 96 -87 75 -9 -17 17 1 -10 34 -26 18 100 37 109 46 55 70 145 148 0
ROOM45 -61 20 66 78 -134 35 -29 130 -12 40 16 58 -70 -24 28 74 94 10 112 86 13 92 110 190 0
ROOM45 -83 -54 -40 19 -102 -5 -112 -43 -75 -23 -47 -11 -64 -24 -98 -58 -14 -55 45 8 -13 88 -62 42 0
ROOM45 -15 -42 78 47 -46 109 -56 124 28 -6 34 10 18 40 22 44 70 46 149 73 -1 89 124 209 0
ROOM45 -22 -51 68 90 -87 113 -48 134 17 16 29 22 -5 13 33 51 83 -34 144 -3 101 178 57 124 0
ROOM45 -27 -98 131 23 -27 208 -125 130 39 -43 65 -31 70 108 -4 34 120 -5 140 48 78 129 117 176 1 -27 -98 120 23 -27 208 -125 130 39 -43 65 -31 70 108 -4 34
ROOM45 -50 -78 -7 30 -55 49 -110 14 -28 -29 -28 -19 -9 1 -57 -47 0 -1 58 34 -29 47 -1 78 0
ROOM45 16 -94 149 -33 65 219 -57 101 70 -72 94 -54 124 166 -2 40 150 -7 202 59 94 201 145 248 0
ROOM45 -82 -57 -12 20 -79 31 -131 3 -51 -24 -43 -12 -39 -19 -75 -55 -52 49 -4 112 -164 -56 4 100 0
ROOM45 -9 -75 104 -24 26 166 -71 67 37 -52 57 -46 83 109 -15 11 119 -83 157 -42 175 240 52 112 0
ROOM45 -29 -87 33 -17 10 108 -106 15 -13 -56 17 -48 35 73 -69 -31 -59 -3 -8 77 -120 -10 -49 53 0
ROOM45 -97 -78 59 42 -139 124 -152 100 -30 -28 -8 -8 -22 20 -58 -16 47 -53 66 -17 73 109 4 38 1 -97 -78 47 42 -139 124 -152 89 -30 -28 -8 -8 -22 20 -58 -16
ROOM45 -99 -96 -9 58 -141 83 -191 30 -68 -20 -40 -18 -50 -20 -88 -58 19 -39 49 3 19 76 -18 49 0
ROOM45 -39 -85 59 35 -73 129 -113 71 10 -39 10 -11 21 49 -29 -1 57 70 99 80 -22 28 136 170 0
ROOM45 -38 -93 115 7 -36 187 -126 107 32 -55 44 -31 63 99 -23 13 125 4 176 83 48 154 131 241 0
ROOM45 -37 -88 115 34 -65 203 -101 136 26 -29 52 -25 51 81 -3 27 -21 -121 27 -44 29 131 -129 -24 1 -37 -44 115 34 -65 159 -81 136 26 -29 52 -25 51 81 -3 27
ROOM45 -97 10 -41 96 -172 -74 -62 44 -81 40 -57 66 -147 -97 -41 9 -110 66 -85 122 -219 -157 -38 29 1 -97 10 -41 96 -157 -74 -62 44 -81 40 -57 66 -147 -97 -41 9
ROOM45 -50 -18 55 135 -163 52 -61 167 1 53 3 63 -62 -50 54 66 -65 71 -33 111 -161 -114 8 62 1 -33 -18 55 135 -163 52 -51 167 1 53 3 63 -62 -50 54 66
ROOM45 -27 -49 45 61 -87 76 -75 83 8 -3 10 15 -7 13 5 25 26 -77 37 -32 61 113 -42 -4 1 -27 -32 45 61 -87 76 -59 83 8 -3 10 15 -7 13 5 25
ROOM45 7 3 125 106 -90 113 23 228 54 50 78 58 -4 28 104 136 40 41 67 119 -79 10 93 169 2 16 3 125 106 10 113 23 228 60 50 78 58 10 28 110 136 67 57 116 106 -39 10 124 222 67 57 68 58 9 10 124 126
ROOM45 -85 14 -4 77 -139 -41 -60 53 -47 42 -41 48 -95 -83 -5 7 10 15 83 32 -16 62 36 111 0
ROOM45 -5 -65 91 68 -51 152 -64 153 40 -14 46 16 24 60 26 62 120 -50 132 -26 156 182 73 104 0
ROOM45 -43 -19 18 99 -130 21 -47 93 -21 25 -3 55 -76 -28 4 52 -48 68 24 120 -154 -53 26 129 1 -43 -19 18 68 -111 21 -47 86 -21 25 -3 55 -76 -28 4 52
ROOM45 -74 4 38 106 -178 13 -47 125 -28 40 -8 70 -98 -48 12 62 -45 -24 -34 41 -75 -14 -61 7 1 -34 4 38 106 -140 13 -30 125 -28 40 -8 70 -98 -48 12 62
ROOM45 -13 20 67 142 -150 30 23 201 15 81 39 81 -66 -42 96 120 -23 162 31 196 -204 -141 154 212 0
ROOM45 -65 -31 5 117 -181 16 -87 100 -36 31 -24 55 -91 -55 -5 31 -40 106 7 169 -205 -106 76 171 1 -65 -31 5 106 -171 16 -87 100 -36 31 -24 55 -91 -55 -5 31
ROOM45 2 -46 141 36 -16 182 -39 153 62 -11 80 1 61 91 51 81 18 55 73 120 -92 3 85 182 0
ROOM45 -60 -3 56 115 -156 56 -46 146 -10 47 6 65 -75 -41 37 71 44 95 88 116 -70 -20 156 198 0
ROOM45 -95 -91 49 -34 -38 138 -166 -8 -33 -74 -13 -50 17 61 -107 -63 31 -26 60 13 26 75 18 65 0
ROOM45 -30 15 122 143 -171 90 -13 257 42 69 50 89 -47 -19 111 139 -57 119 -44 135 -187 -171 68 83 0
ROOM45 -68 -83 16 19 -67 84 -130 35 -29 -46 -23 -18 -11 23 -75 -41 -4 -117 20 -76 73 119 -115 -59 1 -68 -76 16 19 -67 84 -130 35 -29 -46 -23 -18 -11 23 -75 -41
ROOM45 -48 14 104 77 -110 81 -28 165 15 42 41 48 -33 -1 57 89 -23 74 22 90 -99 -61 52 109 1 -48 14 104 74 -110 81 -28 165 15 42 41 48 -33 -1 57 89
ROOM45 -89 -32 14 18 -104 24 -103 27 -40 -17 -34 3 -43 -17 -57 -31 -17 -67 48 -36 26 108 -71 5 0
ROOM45 -81 -92 -16 50 -107 62 -169 14 -63 -30 -33 -12 -51 -3 -93 -45 -30 -37 5 27 -42 32 -60 17 1 -81 -92 -30 50 -107 62 -169 14 -63 -30 -33 -12 -51 -3 -93 -45
ROOM45 12 -29 137 12 24 152 -10 137 64 -14 84 -2 66 98 50 82 54 22 106 94 -25 83 90 196 0
ROOM45 3 -19 66 69 -44 81 -5 134 21 16 47 34 -13 31 37 81 1 31 80 103 -100 45 39 181 1 3 -19 66 31 -28 81 -5 97 21 16 47 31 -10 31 37 78
ROOM45 15 -31 86 101 -82 103 -8 164 39 25 61 45 -6 36 64 106 91 35 155 91 18 114 132 243 0
ROOM45 7 -31 102 62 -48 125 0 143 47 7 61 23 24 54 54 84 140 -51 202 -40 180 248 100 155 0
ROOM45 -78 -58 -1 57 -110 36 -111 37 -43 -15 -35 15 -58 -20 -58 -20 -11 41 46 96 -99 -2 37 128 0
ROOM45 -89 -13 32 133 -220 41 -99 149 -36 59 -20 61 -97 -79 23 41 65 160 79 174 -108 -83 238 241 0
ROOM45 -1 -46 128 56 -47 154 -24 181 56 -10 70 20 36 80 46 90 -10 73 60 107 -102 -30 63 166 0
ROOM45 17 19 167 109 -68 132 45 275 78 55 106 73 5 51 133 179 2 133 65 144 -133 -68 137 198 0
ROOM45 0 -59 43 81 -65 95 -46 121 21 4 21 18 3 17 25 39 34 8 90 48 -4 68 59 124 1 0 -59 34 81 -65 93 -46 115 21 4 21 18 3 17 25 39
ROOM45 -23 -99 102 -36 29 187 -101 42 29 -67 49 -67 96 116 -38 -18 31 -39 92 28 7 127 1 104 1 -23 -99 102 -39 29 187 -101 42 29 -67 49 -67 96 116 -38 -18
ROOM45 8 -57 94 55 -47 147 -27 136 39 -16 63 14 25 79 23 77 86 -84 106 -72 168 188 5 23 0
ROOM45 -77 -39 29 11 -75 65 -91 19 -29 -15 -19 -13 -16 -4 -44 -32 -82 -65 -61 1 -72 -1 -139 -67 1 -61 -39 29 11 -72 65 -91 19 -29 -15 -19 -13 -16 -4 -44 -32
ROOM45 -83 -74 40 31 -102 111 -140 53 -27 -22 -15 -20 -7 7 -49 -35 67 41 123 60 10 81 109 166 0
ROOM45 -1 -43 65 5 17 94 -32 55 24 -19 40 -19 43 59 5 21 88 -25 161 21 72 173 75 170 0
ROOM45 -10 -91 36 -5 11 110 -87 10 3 -49 23 -47 50 72 -46 -24 46 -38 57 2 54 91 16 57 0
ROOM45 -73 -41 0 75 -131 39 -102 73 -40 8 -32 26 -66 -40 -32 -6 -103 12 -35 41 -131 -50 -74 1 3 -73 -41 0 12 -85 39 -102 12 -40 8 -32 12 -52 -40 -32 -20 -38 12 0 50 -50 -12 -26 50 -38 12 -32 18 -50 -44 -26 -14 -35 15 0 75 -110 -50 -20 73 -35 15 -32 26 -61 -50 -20 -6
ROOM45 -5 -50 112 -8 9 149 -49 96 49 -36 57 -22 71 93 13 35 127 -30 196 22 113 215 109 201 0
ROOM45 -61 -34 88 96 -152 97 -71 179 2 20 24 42 -40 4 22 66 -35 -8 -23 33 -61 -22 -37 8 1 -23 -34 88 96 -119 97 -57 179 2 20 24 42 -40 4 22 66
ROOM45 -21 -46 24 57 -72 58 -58 56 -10 -7 12 17 -27 19 -17 29 -6 -19 12 1 1 21 -21 2 2 -21 -22 24 57 -72 46 2 56 -10 -7 12 17 -27 19 2 29 -21 -22 2 23 -44 1 -43 2 -10 -7 2 12 -22 1 -17 2
ROOM45 -99 4 -50 77 -157 -77 -82 18 -78 30 -70 50 -128 -100 -48 -20 -37 112 42 189 -224 -84 83 226 0
ROOM45 -14 2 134 143 -139 127 8 267 57 72 63 72 -15 -9 129 135 11 40 32 57 -31 -14 51 88 1 32 2 134 143 -111 127 34 267 57 72 63 72 -15 -9 129 135
ROOM45 -36 -97 67 23 -50 160 -112 77 14 -52 16 -22 36 68 -38 -6 -49 37 -26 59 -106 -74 -11 21 0
ROOM45 -5 -10 147 132 -137 144 -5 255 68 60 74 62 6 14 128 136 16 158 64 194 -169 -110 183 248 0
ROOM45 -42 -30 104 97 -134 118 -48 191 23 31 39 35 -12 8 54 74 -36 92 10 168 -190 -96 69 175 1 -42 -30 104 92 -134 118 -48 191 23 31 39 35 -12 8 54 74
ROOM45 -72 -34 64 85 -157 94 -81 135 -9 21 1 29 -38 -20 12 30 94 -44 164 -13 122 196 61 144 0
ROOM45 -51 -37 107 102 -130 127 -74 201 22 23 34 41 -19 11 45 75 97 128 124 189 -76 -4 230 302 0
ROOM45 -59 -94 97 -14 -35 175 -129 78 7 -69 31 -39 46 100 -62 -8 3 -97 25 -67 77 113 -80 -56 4 25 -94 97 -14 39 175 -69 78 25 -69 31 -39 64 100 -44 -8 -42 -81 25 -14 -28 106 -56 11 7 -69 25 -39 46 94 -56 -14 -59 -67 11 -14 -35 78 -126 -56 7 -67 11 -63 70 78 -60 -56 -59 -94 10 -67 8 77 -129 -57 7 -69 10 -67 74 77 -62 -57
ROOM45 -31 -18 23 62 -88 37 -35 79 -11 9 3 35 -46 -6 -2 38 -37 -46 41 23 -45 73 -70 48 1 -31 23 23 62 -88 0 -8 79 -11 23 3 35 -46 -20 12 38
ROOM45 -9 -21 89 39 -29 100 -21 116 40 5 40 13 27 35 45 53 98 52 172 112 2 106 158 267 0
ROOM45 -85 -29 13 87 -156 31 -106 97 -38 23 -34 35 -73 -57 -15 1 44 45 55 100 -53 3 93 149 0
ROOM45 15 -40 103 22 15 132 -13 112 54 -24 64 6 48 88 30 70 6 23 80 85 -76 44 35 160 0
ROOM45 -9 -56 120 79 -82 161 -42 198 55 9 55 13 42 46 64 68 54 79 86 141 -77 -3 142 210 0
ROOM45 -70 -92 70 5 -53 158 -140 65 -12 -55 12 -31 19 67 -67 -19 -2 -125 77 -63 76 188 -115 11 1 -70 -63 70 5 -53 133 -133 65 -12 -55 12 -31 19 67 -67 -19
ROOM45 17 -20 74 137 -118 75 13 197 38 45 52 71 -33 7 83 123 34 162 77 237 -200 -93 206 313 0
ROOM45 -2 -62 119 59 -52 181 -52 164 57 -1 59 -1 58 60 56 58 152 0 196 13 141 190 163 202 0
ROOM45 -71 -71 89 31 -80 158 -135 107 3 -34 15 -6 9 49 -31 9 -64 -82 -22 -54 4 54 -137 -78 1 -22 -71 89 31 -53 158 -93 107 3 -34 15 -6 9 49 -31 9
ROOM45 -70 -26 10 32 -94 17 -92 34 -33 -1 -27 7 -40 -26 -34 -20 -76 14 -27 79 -150 -46 -46 40 1 -70 -26 10 14 -84 17 -92 24 -33 -1 -27 7 -40 -26 -34 -20
ROOM45 16 -59 118 96 -57 155 -27 189 65 5 69 31 34 64 70 100 15 -19 25 -5 20 44 6 16 1 25 -59 118 96 -57 155 -27 189 65 5 69 31 34 64 70 100
ROOM45 -43 -27 85 33 -70 104 -54 95 19 2 23 4 15 21 21 27 56 56 118 102 -43 62 112 211 0
ROOM45 -5 2 38 107 -93 19 19 141 11 45 21 63 -52 -24 56 84 29 135 42 178 -139 -93 177 217 0
ROOM45 -81 -55 30 27 -90 72 -128 52 -34 -19 -16 -9 -25 3 -53 -25 -53 -66 -40 8 -55 20 -115 -39 1 -40 -55 30 27 -67 72 -95 52 -34 -19 -16 -9 -25 3 -53 -25
ROOM45 -39 19 35 105 -127 -8 -17 121 -2 60 -2 64 -66 -62 58 62 9 131 67 155 -132 -71 151 204 0
ROOM45 -86 -33 -28 88 -152 -20 -96 38 -61 15 -53 39 -100 -68 -46 -14 -74 -13 -7 43 -100 2 -82 22 0
ROOM45 -68 -5 66 125 -192 69 -58 172 -16 52 14 68 -84 -38 36 82 1 2 81 49 -46 78 13 128 1 -68 49 66 125 -192 17 -19 172 -16 52 14 68 -84 -38 36 82
ROOM45 -55 -26 80 111 -144 102 -75 184 0 33 24 51 -51 -9 33 75 71 14 109 26 47 94 93 123 1 -55 -26 71 111 -144 97 -75 182 0 33 24 51 -51 -9 33 75
ROOM45 -92 -72 28 72 -146 93 -148 86 -32 -9 -32 9 -41 -23 -41 -23 -46 -44 -13 -19 -18 31 -88 -40 1 -92 -19 28 72 -146 47 -111 86 -32 -9 -32 9 -41 -23 -41 -23
ROOM45 15 -76 78 51 -13 130 -36 110 43 -20 49 -4 47 69 23 45 21 33 77 90 -64 36 72 150 1 15 -76 78 33 -13 130 -36 110 43 -20 49 -4 47 69 23 45
ROOM45 -40 -1 24 80 -97 4 -36 85 -16 29 0 49 -65 -29 13 49 1 72 29 116 -102 -46 73 129 1 -40 -1 24 72 -97 4 -36 85 -16 29 0 49 -65 -29 13 49
ROOM45 -81 -54 55 11 -91 102 -113 61 -20 -28 -6 -14 -6 22 -48 -20 -8 26 59 42 -50 21 29 97 0
ROOM45 -90 -71 28 70 -156 88 -151 89 -35 -6 -27 6 -41 -21 -41 -21 5 59 48 71 -64 -17 74 112 1 -90 -71 28 59 -149 88 -151 87 -35 -6 -27 6 -41 -21 -41 -21
ROOM45 16 -73 135 -25 62 186 -34 88 73 -58 77 -40 113 135 15 37 108 -70 122 2 106 178 38 114 1 16 -73 108 -25 62 181 -34 83 73 -58 77 -40 113 135 15 37
ROOM45 -80 -46 68 19 -78 95 -124 82 -6 -15 -6 -11 5 9 -21 -17 -76 21 -18 56 -115 -49 -54 38 0
ROOM45 -57 -12 86 33 -78 94 -66 112 12 -4 16 24 -12 20 8 40 -46 22 -17 56 -97 -42 -9 28 1 -17 -12 86 33 -50 94 -29 112 12 -4 16 24 -12 20 8 40
ROOM45 -97 -70 -14 86 -163 56 -142 63 -59 0 -51 16 -75 -51 -59 -35 19 33 58 100 -76 23 58 150 0
ROOM45 -45 18 54 82 -104 19 -4 120 -2 48 10 52 -54 -38 46 62 -26 92 23 154 -167 -71 82 161 0
ROOM45 -13 -17 32 61 -55 34 -15 92 1 15 17 29 -28 2 16 46 -27 -3 35 11 -34 36 -20 42 1 -13 11 32 61 -55 21 -2 92 1 15 17 29 -28 2 16 46
ROOM45 -10 -66 63 -17 27 107 -74 44 12 -51 40 -31 43 91 -39 9 76 -38 86 16 65 123 48 96 0
ROOM45 -85 -98 -10 56 -137 79 -173 32 -61 -25 -33 -17 -44 -8 -86 -50 -21 34 41 51 -65 -4 24 92 1 -85 -98 -10 56 -137 79 -173 24 -61 -25 -33 -17 -44 -8 -86 -50
ROOM45 -42 -19 33 27 -52 28 -38 60 -11 1 3 7 -18 2 -10 10 -41 -28 -27 -15 -19 -4 -62 -50 0
ROOM45 -87 -15 -1 31 -94 -8 -85 11 -57 -1 -31 17 -74 -30 -58 -14 -54 62 -12 111 -161 -88 25 91 0
ROOM45 -19 6 60 150 -157 33 -2 206 20 69 20 87 -67 -49 89 107 79 177 152 223 -134 -38 266 371 0
ROOM45 -18 -64 44 94 -92 93 -67 135 1 13 25 17 -16 12 14 42 38 42 59 110 -65 4 88 155 1 -18 -64 44 90 -92 93 -67 88 1 13 25 17 -16 12 14 42
ROOM45 -12 -6 129 142 -150 111 6 270 49 55 67 81 -32 12 104 148 88 107 108 129 -34 -1 206 223 1 -12 -6 129 142 -150 111 6 206 49 55 67 81 -32 12 104 148
ROOM45 -12 9 96 69 -68 76 4 155 38 28 46 50 -12 18 66 96 -41 43 -8 114 -148 -56 16 89 1 -8 9 96 69 -68 76 4 155 38 28 46 50 -12 18 66 96
ROOM45 -83 -72 -8 68 -133 56 -133 53 -59 -15 -31 11 -70 -16 -74 -20 -62 77 -36 122 -170 -125 20 73 0
ROOM45 9 -93 145 -12 22 235 -63 123 73 -54 81 -50 123 135 19 31 117 19 128 91 34 109 147 219 0
ROOM45 -52 11 -5 76 -105 -23 -40 47 -34 28 -22 58 -92 -50 -6 36 15 118 25 162 -138 -103 133 186 0
ROOM45 -100 3 -51 88 -167 -62 -91 36 -87 33 -63 57 -144 -96 -54 -6 -23 38 25 76 -98 -15 33 91 0
ROOM45 -34 -83 32 -39 7 100 -102 -13 -16 -65 14 -57 41 79 -81 -43 19 -88 55 -51 85 136 -66 1 1 -34 -83 19 -39 7 100 -102 -20 -16 -65 14 -57 41 79 -81 -43
ROOM45 -2 -51 91 13 7 119 -49 82 41 -31 47 -7 48 78 10 40 5 -79 60 -44 49 134 -57 7 1 -2 -44 91 13 7 119 -46 82 41 -31 47 -7 48 78 10 40
ROOM45 -49 -15 -4 28 -73 -3 -57 9 -29 5 -23 7 -36 -28 -24 -16 -48 -20 10 2 -45 24 -62 -5 1 -49 2 -4 28 -73 -6 -47 9 -29 5 -23 7 -36 -28 -24 -16
ROOM45 13 -31 146 13 5 172 -8 151 70 -9 88 -9 79 97 61 79 121 -16 180 -6 132 193 110 166 1 13 -31 121 13 5 152 -8 134 70 -9 88 -9 79 97 61 79
ROOM45 -49 -24 93 79 -112 106 -56 159 11 20 33 34 -23 13 31 67 41 56 56 126 -75 -13 99 176 1 -49 -24 93 56 -105 106 -56 149 11 20 33 34 -23 13 31 67
ROOM45 -22 -82 53 27 -44 111 -84 59 7 -36 23 -18 25 59 -29 5 -48 -41 21 -12 -21 47 -77 -2 3 -19 -82 53 6 47 111 -84 59 11 -36 23 -24 47 59 -25 -1 21 -26 53 27 -6 47 -5 59 21 -26 23 -18 39 47 -5 5 -22 -23 21 27 -44 44 -2 48 16 -23 21 -18 34 44 -2 3
ROOM45 -70 -8 80 98 -161 69 -58 158 -10 34 20 56 -66 -14 24 76 77 -5 83 3 78 83 73 83 0
ROOM45 -70 -89 -17 65 -116 69 -139 33 -43 -24 -43 0 -43 -19 -67 -43 -69 -81 -32 -48 -7 49 -146 -87 1 -70 -48 -17 65 -116 31 -118 33 -43 -24 -43 0 -43 -19 -67 -43
ROOM45 -69 17 -16 70 -132 -38 -52 48 -53 31 -31 55 -108 -62 -22 24 -46 -15 -21 51 -93 -23 -60 24 3 -69 51 -16 70 -132 -67 -18 48 -53 51 -31 55 -108 -82 -2 24 -69 24 -42 51 -120 -93 -45 9 -53 40 -42 51 -104 -93 -13 9 -69 17 -46 47 -93 -63 -52 1 -53 31 -46 47 -93 -77 -22 1
ROOM45 6 -75 128 38 -24 189 -51 151 61 -20 73 -16 77 93 41 57 147 63 162 105 43 94 221 260 0
ROOM45 -55 -43 -12 47 -88 25 -91 33 -42 -3 -24 7 -49 -21 -45 -17 -41 43 4 83 -107 -49 11 70 1 -55 -43 -12 43 -88 25 -91 31 -42 -3 -24 7 -49 -21 -45 -17
ROOM45 -18 6 40 49 -44 11 5 88 -2 24 24 30 -32 0 22 54 31 31 88 42 -10 51 73 125 1 -18 6 40 49 -44 11 5 73 -2 24 24 30 -32 0 22 54
ROOM45 -23 11 104 120 -125 79 -12 215 25 65 55 65 -40 -10 90 120 -40 78 18 124 -162 -71 52 135 1 -23 11 104 120 -71 79 -12 215 25 65 55 65 -40 -10 90 120
ROOM45 -26 3 49 44 -62 40 -14 77 8 9 14 37 -29 5 17 51 -39 11 -5 56 -77 -32 -25 44 1 -5 3 49 44 -49 40 -2 77 8 9 14 37 -29 5 17 51
ROOM45 -65 -18 9 74 -114 9 -67 65 -43 23 -13 33 -76 -36 -20 20 -51 38 -17 80 -117 -61 5 50 1 -65 -18 9 38 -103 9 -67 47 -43 23 -13 33 -76 -36 -20 20
ROOM45 -42 -62 42 49 -72 83 -93 70 -11 -7 11 -5 -6 18 -18 6 60 32 84 53 20 35 97 135 0
ROOM45 -41 -25 33 77 -94 53 -56 103 -19 19 11 33 -52 -8 0 44 -72 -43 -28 -22 -47 3 -107 -59 0
ROOM45 0 -21 153 138 -137 166 -9 269 74 53 78 63 11 25 127 141 123 -29 199 23 105 213 99 210 1 0 -21 123 138 -137 144 -9 261 74 53 78 63 11 25 127 141
ROOM45 -27 -66 109 66 -90 174 -70 152 36 -1 46 1 35 47 35 47 126 80 187 148 -5 98 210 328 0
ROOM45 -40 -15 102 45 -62 112 -47 138 20 7 42 23 -3 35 27 65 125 74 167 119 24 92 214 283 0
ROOM45 -40 -97 81 13 -29 169 -128 91 15 -50 25 -34 49 75 -35 -9 8 18 19 58 -46 -8 29 69 0
ROOM45 -98 13 -13 72 -158 -35 -82 49 -63 36 -47 48 -111 -83 -27 1 -22 37 -12 57 -77 -54 21 37 1 -98 13 -22 72 -158 -35 -82 49 -63 36 -47 48 -111 -83 -27 1
ROOM45 8 -23 71 114 -92 77 -10 174 26 38 52 52 -26 14 64 104 -2 126 26 164 -158 -114 129 172 0
ROOM45 -78 -10 30 83 -144 20 -82 90 -25 25 -23 47 -72 -48 0 24 40 94 65 107 -62 -41 143 172 0
ROOM45 -93 -16 65 83 -153 57 -91 133 -15 21 -13 45 -60 -34 6 32 65 6 123 24 45 112 80 133 0
ROOM45 -48 -21 32 37 -64 36 -46 58 -15 -7 -1 23 -38 6 -22 22 -38 72 14 93 -126 -61 44 94 0
ROOM45 -27 -45 75 112 -115 120 -55 175 23 22 25 44 -21 3 45 69 64 127 109 194 -127 -32 207 302 0
ROOM45 -22 -25 125 119 -131 145 -34 232 49 33 53 61 -12 20 82 114 5 64 77 105 -96 -3 87 177 1 -22 -25 125 64 -86 145 -34 189 49 33 53 61 -12 20 82 114
ROOM45 -19 8 136 123 -137 115 11 255 51 50 65 80 -29 15 101 145 137 54 188 77 73 133 196 257 0
ROOM45 -10 -45 82 57 -63 108 -46 127 31 -7 41 19 12 48 24 60 108 -49 147 -26 138 191 77 118 0
ROOM45 7 -8 117 142 -118 119 10 235 59 60 65 74 -15 5 119 139 48 16 56 24 30 34 66 77 1 7 24 117 142 -118 93 31 235 59 60 65 74 -15 5 119 139
ROOM45 -74 -54 64 84 -143 100 -107 124 -14 5 4 25 -39 -1 -9 29 -16 65 23 110 -118 -56 50 121 1 -74 -54 64 65 -139 100 -107 124 -14 5 4 25 -39 -1 -9 29
ROOM45 -55 10 85 128 -159 52 -25 191 15 61 15 77 -62 -46 76 92 -19 -18 33 29 -32 34 -32 47 1 -55 29 85 128 -159 52 -25 191 15 61 15 77 -62 -46 76 92
ROOM45 -73 -72 50 60 -130 108 -121 104 -19 -12 -3 0 -19 9 -31 -3 48 -48 74 -21 76 113 10 38 1 -73 -72 48 60 -130 108 -121 104 -19 -12 -3 0 -19 9 -31 -3
ROOM45 -49 -3 22 111 -154 23 -40 125 -25 48 -1 60 -85 -49 23 59 -72 58 -16 123 -187 -92 -13 100 1 -49 -3 22 109 -92 23 -40 125 -25 48 -1 60 -85 -49 23 59
ROOM45 1 -85 144 -36 37 212 -75 104 59 -68 85 -52 111 153 -9 33 0 -105 46 -82 83 139 -100 -40 1 1 -85 144 -36 37 212 -40 104 59 -68 85 -52 111 153 -9 33
ROOM45 -89 -95 47 51 -136 134 -175 80 -31 -26 -11 -18 -13 15 -57 -29 -14 -55 37 -39 32 84 -60 -3 1 -89 -39 47 51 -136 86 -128 80 -31 -26 -11 -18 -13 15 -57 -29
ROOM45 6 -34 95 102 -73 110 -4 177 36 20 64 48 -12 44 56 112 79 34 112 90 -4 62 127 187 1 6 -34 79 102 -73 110 -4 177 36 20 64 48 -12 44 56 112
ROOM45 15 -25 173 97 -78 181 -5 249 83 35 105 37 46 70 118 142 48 43 56 52 2 9 95 106 1 56 -25 173 97 -41 181 31 249 83 35 105 37 46 70 118 142
ROOM45 -95 -52 -35 73 -160 1 -136 13 -69 9 -61 11 -80 -70 -60 -50 -56 -12 -14 47 -100 -18 -59 15 1 -95 -52 -56 73 -160 -4 -136 13 -69 9 -61 11 -80 -70 -60 -50
ROOM45 -93 -97 28 34 -118 116 -175 54 -41 -40 -23 -22 -19 17 -81 -45 -83 67 -50 81 -158 -131 -12 30 0
ROOM45 -62 -52 13 24 -77 63 -99 30 -38 -14 -10 -14 -24 4 -52 -24 -36 0 18 39 -67 4 -20 46 1 -62 -52 13 0 -62 63 -99 13 -38 -14 -10 -14 -24 4 -52 -24
ROOM45 -91 15 29 78 -155 10 -76 100 -44 46 -18 46 -90 -64 2 28 -22 61 37 126 -146 -37 39 157 1 -91 15 29 61 -152 10 -76 90 -44 46 -18 46 -90 -64 2 28
ROOM45 -51 7 87 57 -88 77 -44 131 13 17 23 47 -34 6 30 70 31 31 63 102 -57 29 67 151 1 -51 7 31 57 -88 24 -44 88 13 17 23 47 -34 6 30 70
ROOM45 -38 -99 44 -27 -3 118 -113 -7 -8 -78 14 -48 40 92 -86 -34 -57 -104 7 -77 32 107 -146 -84 3 7 -99 44 -27 34 118 -92 -7 7 -78 14 -48 55 92 -71 -34 -38 -91 7 -27 -3 98 -84 -20 -8 -78 7 -48 40 85 -84 -41 -38 -77 -7 -46 8 70 -113 -84 -8 -77 -7 -76 68 70 -85 -84
ROOM45 20 -57 83 -4 45 131 -12 56 46 -34 56 -26 72 90 12 30 117 -81 186 -11 145 251 45 160 0
ROOM45 -85 -96 64 -50 -22 153 -177 10 -21 -81 1 -65 44 82 -102 -64 -102 -42 -91 38 -134 -53 -138 -56 0
ROOM45 -96 -8 -20 112 -191 -34 -94 78 -72 40 -44 64 -136 -84 -32 20 -63 129 -17 179 -229 -152 76 148 0
ROOM45 -91 -96 40 51 -129 116 -172 77 -31 -25 -19 -19 -12 6 -56 -38 -87 -104 -35 -30 -54 55 -189 -72 1 -91 -94 40 51 -129 116 -72 77 -31 -25 -19 -19 -12 6 -56 -38
ROOM45 -26 -16 130 121 -127 130 -36 248 45 42 59 62 -17 17 87 121 95 65 149 83 20 79 171 230 1 -26 -16 95 121 -127 111 -36 216 45 42 59 62 -17 17 87 121
ROOM45 -86 17 -39 154 -224 -66 -64 115 -62 75 -62 95 -157 -137 13 33 -98 -12 -20 57 -146 -22 -97 32 1 -86 57 -39 154 -224 -96 -29 115 -62 75 -62 95 -157 -137 13 33
ROOM45 17 -39 65 101 -66 86 -19 160 32 18 50 44 -12 32 50 94 32 19 45 79 -42 16 55 116 4 17 -39 65 19 -2 86 -19 84 32 18 50 19 13 32 50 69 35 19 65 49 16 46 54 114 35 19 50 34 16 31 54 84 45 29 65 101 -56 16 74 160 45 29 50 44 1 16 74 94 17 19 36 38 -21 16 36 55 32 19 36 23 9 16 51 55
ROOM45 -13 -92 88 57 -60 166 -103 128 22 -26 52 -8 30 78 -4 44 38 -115 95 -82 122 204 -64 10 1 -13 -82 88 57 -60 166 -95 128 22 -26 52 -8 30 78 -4 44
ROOM45 5 -33 163 73 -46 174 -20 232 83 6 85 34 49 79 89 119 165 79 210 96 76 124 248 296 0
ROOM45 -86 -78 7 30 -96 69 -154 13 -48 -25 -30 -23 -25 -5 -73 -53 -121 52 -104 114 -228 -169 -67 5 0
ROOM45 -70 -64 42 23 -84 93 -121 42 -27 -32 -1 -8 -19 31 -59 -9 55 -50 124 -1 69 174 5 105 0
ROOM45 -94 -20 24 40 -121 38 -93 55 -50 10 -20 10 -60 -30 -40 -10 -34 -33 6 -9 -17 34 -66 -7 1 -94 -9 24 40 -121 33 -93 55 -50 10 -20 10 -60 -30 -40 -10
ROOM45 -77 -53 5 -4 -66 52 -118 -18 -37 -41 -35 -15 -22 6 -78 -50 -23 26 13 91 -101 -28 3 100 0
ROOM45 -77 -89 36 60 -113 119 -143 83 -24 -21 -16 -7 -17 5 -45 -23 -24 25 -10 60 -81 -37 2 38 1 -77 -89 36 25 -102 119 -143 61 -24 -21 -16 -7 -17 5 -45 -23
ROOM45 -58 -87 -4 53 -86 80 -132 26 -41 -29 -21 -5 -36 8 -70 -26 13 41 86 91 -64 39 69 176 0
ROOM45 4 1 141 132 -113 138 7 257 63 60 81 72 -9 21 123 153 9 100 66 145 -130 -41 114 194 1 4 1 141 100 -96 138 7 241 63 60 81 72 -9 21 123 153
ROOM45 -12 -39 57 96 -85 96 -26 148 21 28 23 28 -7 -5 49 51 63 39 126 113 -36 78 106 237 0
ROOM45 -39 -60 1 40 -69 52 -93 17 -32 -21 -6 1 -33 15 -53 -5 -64 -4 -27 27 -82 -29 -62 -12 2 -39 -60 1 -4 -35 52 -93 -3 -32 -21 -6 -4 -28 15 -53 -10 -33 -4 1 23 -29 5 -37 17 -32 -4 -6 1 -29 -2 -36 -5
ROOM45 -51 -29 43 26 -57 67 -60 54 -10 -2 2 0 -10 4 -12 2 -64 42 -18 108 -157 -76 -9 79 0
ROOM45 -19 -94 33 50 -54 116 -92 76 -6 -30 20 -14 8 50 -36 6 6 -62 67 -7 21 122 -52 44 2 -19 -40 33 50 -54 21 -59 76 -6 -27 7 -14 8 21 -33 -7 -19 -94 6 -15 21 100 -92 -9 -6 -30 6 -15 21 36 -36 -9
ROOM45 17 19 105 100 -83 75 58 200 57 44 65 74 -17 21 101 139 0 105 62 116 -110 -45 110 168 0
ROOM45 -64 -64 64 39 -83 119 -109 86 -4 -25 4 1 -5 29 -29 5 97 -1 146 37 61 141 98 178 0
ROOM45 -56 -32 13 59 -112 42 -73 67 -29 11 -13 15 -44 -24 -18 2 -52 7 -36 80 -126 -47 -34 33 1 -36 -32 13 59 -95 42 -68 67 -29 11 -13 15 -44 -24 -18 2
ROOM45 -13 -66 146 56 -69 210 -68 187 55 -5 77 -5 60 82 50 72 165 -65 180 -55 220 235 105 125 0
ROOM45 -44 -40 -4 -2 -41 15 -65 -19 -35 -35 -13 -7 -28 15 -65 -20 -74 -23 -36 40 -102 -28 -96 3 1 -36 -40 -4 -2 -34 15 -65 -19 -35 -35 -13 -7 -28 15 -65 -20
ROOM45 -5 -49 71 35 -17 98 -40 97 20 -12 46 -2 22 58 8 44 91 -37 126 29 80 151 59 140 0
ROOM45 -65 -77 54 1 -54 115 -130 54 -18 -45 8 -31 13 53 -63 -23 -57 -75 -2 -21 -27 56 -131 -38 2 -2 -77 54 1 -3 115 -79 54 -2 -45 8 -31 29 53 -47 -23 -39 -36 -2 1 -40 34 -38 -1 -7 -36 -2 -31 24 34 -38 -33
ROOM45 -32 -53 118 72 -81 163 -79 178 42 7 44 11 31 37 49 55 0 -66 28 -23 35 91 -50 -11 1 -32 -53 118 72 -81 163 -11 178 42 7 44 11 31 37 49 55
ROOM45 5 -25 73 89 -69 98 -13 141 27 23 51 41 -14 28 50 92 -16 2 41 81 -91 23 -13 107 2 5 -25 73 50 23 98 -13 123 46 23 51 28 23 28 69 79 41 18 73 89 -48 23 59 141 41 23 51 41 0 23 64 92
ROOM45 11 -46 103 36 -8 136 -15 139 51 -18 63 8 43 81 33 71 131 36 205 97 50 161 180 287 0
ROOM45 -22 -90 26 6 -8 98 -88 20 -6 -44 10 -40 34 54 -50 -30 33 -81 91 -47 94 162 -48 34 0
ROOM45 -96 -2 -52 90 -182 -73 -78 28 -78 35 -70 53 -131 -105 -43 -17 -44 -10 -8 37 -68 -6 -39 12 0
ROOM45 -51 -6 64 138 -189 59 -34 189 -5 58 17 74 -79 -41 53 91 -6 64 74 131 -119 -8 76 187 2 -51 -6 64 64 -115 59 -34 128 -5 58 17 64 -69 -41 53 81 -51 64 12 127 -178 -52 13 76 -5 64 12 74 -79 -52 59 76
ROOM45 -85 1 -40 80 -141 -59 -69 33 -68 30 -56 50 -118 -86 -38 -6 -8 -18 36 36 -40 39 -11 55 0
ROOM45 1 -94 139 -49 73 223 -88 72 61 -84 79 -58 119 163 -23 21 117 -24 158 24 99 180 95 173 0
ROOM45 0 -34 52 108 -90 70 -24 160 12 28 40 46 -34 12 40 86 41 15 67 57 2 50 66 119 1 0 -34 41 108 -90 70 -24 149 12 28 40 46 -34 12 40 86
ROOM45 -95 -43 14 110 -200 46 -131 113 -54 32 -26 34 -88 -58 -22 8 38 57 63 91 -36 0 99 154 0
ROOM45 -54 -46 44 86 -118 81 -76 123 -13 16 3 24 -37 -13 3 27 -82 112 -23 146 -225 -145 34 120 0
ROOM45 20 11 106 114 -90 83 36 199 50 59 76 65 -15 17 109 141 109 144 127 204 -93 -23 266 315 0
ROOM45 -59 -23 41 108 -154 50 -77 130 -13 34 -5 50 -63 -39 21 45 -2 31 35 48 -33 3 30 83 1 -59 -22 41 108 -154 -33 -77 130 -13 34 -5 50 -63 -39 21 45
ROOM45 -72 -57 11 30 -90 45 -120 22 -32 -26 -28 0 -32 -2 -58 -28 -74 -86 -54 -53 -20 14 -159 -122 0
ROOM45 -47 -18 11 51 -90 22 -53 52 -21 5 -15 27 -48 -20 -16 12 -41 30 36 59 -93 -1 -4 90 1 -47 -18 11 30 -77 22 -53 41 -21 5 -15 27 -48 -20 -16 12
ROOM45 -46 -12 58 70 -104 49 -41 104 2 21 10 37 -35 -11 23 47 -75 2 -21 30 -92 -30 -58 -4 1 -21 -12 58 70 -91 49 -33 104 2 21 10 37 -35 -11 23 47
ROOM45 -4 -81 145 -27 45 225 -79 111 70 -56 70 -52 122 126 14 18 -10 -98 55 -53 51 151 -93 -10 1 55 -81 145 -27 82 225 -26 111 70 -56 70 -52 122 126 14 18
ROOM45 -82 -80 -19 -12 -66 40 -161 -55 -62 -57 -38 -35 -27 19 -119 -73 3 -75 73 -42 63 132 -56 19 0
ROOM45 1 -64 157 41 -22 197 -39 190 65 -24 93 2 63 117 41 95 -18 -66 46 12 -24 102 -71 44 1 46 -64 157 41 5 197 -18 190 65 -24 93 2 63 117 41 95
ROOM45 -33 -37 95 19 -38 120 -57 100 18 -24 44 6 12 68 -6 50 26 -27 52 44 -3 70 3 91 2 -33 -37 26 19 -38 63 -57 45 18 -24 26 6 12 50 -6 32 26 -37 40 -23 49 77 -11 3 26 -24 27 -23 49 51 2 3
ROOM45 -71 -54 -31 6 -67 23 -115 -31 -61 -24 -41 -24 -37 -17 -85 -65 -18 9 49 67 -83 40 7 113 0
ROOM45 6 -78 88 58 -52 142 -63 128 34 -12 60 -8 42 72 22 52 63 34 96 110 -46 59 103 192 1 6 -78 88 34 -28 142 -63 122 34 -12 60 -8 42 72 22 52
ROOM45 -98 -70 39 90 -164 104 -164 124 -29 3 -29 17 -46 -32 -26 -12 -4 15 6 24 -24 -13 17 25 1 -98 -70 -4 90 -164 66 -164 86 -29 3 -29 17 -46 -32 -26 -12
ROOM45 -53 -36 15 121 -169 27 -66 135 -25 29 -13 55 -80 -42 4 42 9 -51 73 28 -4 123 -37 93 1 -53 -36 9 121 -169 27 -66 130 -25 29 -13 55 -80 -42 4 42
ROOM45 -35 -40 77 47 -70 92 -72 111 16 3 26 3 13 23 19 29 103 -45 118 30 86 154 65 146 0
ROOM45 -64 -9 -13 37 -98 -11 -49 0 -38 14 -38 14 -52 -52 -24 -24 -23 1 -4 59 -81 -14 -11 38 1 -64 -9 -23 37 -98 -14 -49 0 -38 14 -38 14 -52 -52 -24 -24
ROOM45 -57 -86 68 46 -90 145 -119 89 -4 -22 14 -18 14 36 -26 -4 -75 -15 -41 38 -97 -27 -75 -5 1 -41 -86 68 46 -87 145 -119 89 -4 -22 14 -18 14 36 -26 -4
ROOM45 -61 -65 95 11 -67 144 -125 96 13 -39 21 -15 28 60 -26 6 74 20 151 45 42 128 106 192 0
ROOM45 -6 -51 99 90 -75 130 -35 172 45 8 47 30 15 39 53 77 85 -55 146 -2 89 189 46 133 1 -6 -51 85 90 -75 130 -35 172 45 8 47 30 15 39 53 77
ROOM45 8 -30 167 28 5 173 -15 184 74 -3 100 1 73 103 71 101 85 60 152 139 -43 77 158 280 0
ROOM45 -71 -77 -25 12 -63 35 -138 -30 -59 -42 -37 -22 -37 5 -101 -59 9 34 65 106 -87 13 56 157 0
ROOM45 -50 -17 104 31 -78 115 -67 128 18 2 36 12 6 34 20 48 -33 65 -11 81 -110 -81 38 69 0
ROOM45 5 17 85 114 -104 55 46 192 45 60 45 70 -25 -15 105 115 16 143 58 213 -197 -100 177 257 0
ROOM45 -10 -11 48 124 -114 41 -1 162 6 46 32 66 -60 -14 52 98 2 35 48 82 -62 -4 50 128 0
ROOM45 -12 -39 92 64 -51 119 -27 132 36 2 44 22 14 42 38 66 96 52 116 80 19 58 163 189 0
ROOM45 -24 -59 34 94 -100 70 -66 125 -1 10 11 24 -25 1 9 35 53 126 101 201 -136 -25 191 300 0
ROOM45 11 -10 170 32 -6 163 19 184 83 8 97 14 69 89 91 111 67 -9 86 28 49 86 68 106 2 76 -10 170 32 86 163 66 184 94 8 97 11 86 89 102 108 86 0 118 32 54 86 86 150 86 8 97 14 72 86 94 111
ROOM45 -52 -14 35 94 -145 38 -55 105 -17 33 1 47 -64 -32 16 48 -51 49 6 111 -153 -56 -1 102 1 -52 -14 35 49 -101 38 -55 84 -17 33 1 47 -64 -32 16 48
ROOM45 -84 -27 50 112 -186 71 -103 160 -27 33 -7 51 -78 -40 6 44 5 10 45 59 -42 29 29 92 1 -84 -27 5 112 -186 32 -103 117 -27 33 -7 51 -78 -40 6 44
ROOM45 -68 -56 -5 -10 -49 31 -114 -32 -36 -47 -36 -19 -17 11 -83 -55 -92 -30 -63 -10 -71 -42 -115 -74 1 -63 -56 -5 -10 -49 31 -114 -32 -36 -47 -36 -19 -17 11 -83 -55
ROOM45 -46 -30 88 40 -65 118 -68 124 19 -2 23 12 7 25 17 35 -6 -44 26 16 -9 58 -45 40 0
ROOM45 -36 -20 29 80 -96 43 -31 103 -3 22 -3 38 -41 -25 19 35 -23 45 29 124 -140 -18 22 145 1 -36 -20 29 45 -81 43 -31 74 -3 22 -3 38 -41 -25 19 35
ROOM45 -65 -81 6 16 -73 83 -146 17 -39 -36 -19 -28 -11 17 -75 -47 -16 20 5 50 -61 -26 15 39 0
ROOM45 -43 -20 59 99 -129 60 -57 138 -5 33 21 45 -50 -12 28 66 -8 -8 15 13 -10 23 -5 16 1 -43 13 59 99 -129 46 -30 138 -5 33 21 45 -50 -12 28 66
ROOM45 2 -51 156 38 -16 190 -33 186 68 -6 90 -6 74 96 62 84 35 -80 45 -55 92 125 -35 -12 0
ROOM45 -66 -76 87 38 -82 142 -138 107 -4 -27 24 -11 7 51 -31 13 45 -41 59 -34 86 100 4 18 1 -66 -76 45 38 -82 121 -138 83 -4 -27 24 -11 7 51 -31 13
ROOM45 -6 -78 108 -34 33 183 -68 60 46 -66 56 -46 92 122 -20 10 62 -112 91 -101 169 203 -48 -19 0
ROOM45 -38 -33 85 39 -53 114 -48 120 12 -5 34 11 1 39 7 45 -60 19 16 66 -126 -21 -23 65 1 -35 -33 85 39 -21 114 -48 120 12 -5 34 11 1 39 7 45
ROOM45 -6 -20 71 24 -26 66 -8 80 20 -11 44 15 5 55 9 59 78 -6 107 67 25 103 90 159 0
ROOM45 -74 -70 48 22 -95 117 -136 47 -18 -35 -8 -13 -5 27 -53 -21 -87 -41 -64 -29 -52 -29 -122 -99 1 -64 -70 48 22 -86 117 -134 47 -18 -35 -8 -13 -5 27 -53 -21
ROOM45 -84 -74 -31 1 -61 22 -135 -38 -71 -45 -43 -27 -44 2 -116 -70 -57 -91 -37 -35 -20 44 -147 -77 4 -69 -46 -31 1 -61 15 -77 -38 -50 -34 -43 -27 -23 -9 -77 -70 -84 -35 -42 -8 -61 -7 -119 -77 -71 -35 -43 -27 -44 -8 -106 -77 -84 -58 -55 -35 -49 -20 -135 -90 -71 -45 -55 -35 -36 -20 -116 -90 -78 -74 -57 -37 -20 17 -135 -94 -65 -45 -57 -37 -20 -12 -110 -94
ROOM45 -97 -44 -15 113 -193 12 -127 76 -64 28 -48 40 -104 -76 -36 -8 -71 108 -26 143 -213 -150 37 110 1 -97 -44 -15 108 -193 12 -127 76 -64 28 -48 40 -104 -76 -36 -8
ROOM45 3 -86 93 32 -17 162 -70 109 36 -31 60 -23 59 91 5 37 -17 -115 60 -45 45 171 -132 3 1 3 -45 93 32 -17 138 -42 109 36 -31 60 -23 59 91 5 37
ROOM45 -67 -41 75 15 -75 91 -106 88 -8 -14 16 -12 4 30 -22 4 -48 10 -30 80 -118 -52 -35 41 1 -67 -41 75 15 -52 91 -106 88 -8 -14 16 -12 4 30 -22 4
ROOM45 -25 -81 70 69 -75 142 -102 131 11 -15 33 3 8 48 -4 36 95 15 151 29 71 136 120 170 0
ROOM45 -90 -30 -9 57 -142 17 -101 42 -60 5 -38 21 -81 -43 -55 -17 24 78 71 144 -109 -12 107 204 0
ROOM45 -66 -7 1 116 -163 -9 -67 103 -43 39 -21 69 -112 -60 -4 48 -82 73 -69 126 -203 -151 -4 49 0
ROOM45 -31 7 66 153 -175 58 -17 194 13 80 21 80 -67 -59 93 101 27 -22 86 -3 38 92 10 82 0
ROOM45 17 -7 172 122 -104 177 14 292 79 47 109 67 12 62 126 176 65 28 111 51 26 76 98 162 2 40 -7 172 122 -82 177 162 292 95 53 109 67 28 56 162 176 17 51 111 122 -104 60 68 162 79 51 109 67 12 58 130 162
ROOM45 -58 -30 90 44 -91 99 -63 116 7 0 25 14 -7 25 7 39 -67 -13 -10 3 -68 -6 -80 -14 1 -10 -30 90 44 -54 99 -40 116 7 0 25 14 -7 25 7 39
ROOM45 -44 -44 3 24 -45 32 -83 27 -31 -20 -9 0 -31 11 -51 -9 -71 24 -35 77 -141 -67 -46 26 0
ROOM45 -27 -20 30 45 -65 42 -23 55 -10 0 12 24 -34 12 -10 36 27 37 84 82 -40 31 75 148 0
ROOM45 -77 -45 21 18 -74 65 -119 28 -42 -28 -14 2 -44 14 -70 -12 52 -17 106 6 52 111 42 105 0
ROOM45 -52 -62 -4 83 -128 55 -93 78 -29 9 -27 11 -40 -36 -20 -16 -4 -53 61 18 -6 105 -42 68 0
ROOM45 -37 -63 59 91 -121 103 -93 144 7 12 15 16 -9 3 19 31 -30 -7 35 5 -34 38 -25 31 1 -37 5 59 91 -121 54 -32 144 7 12 15 16 -9 3 19 31
ROOM45 -1 -96 105 0 0 182 -79 99 39 -63 65 -33 72 128 -24 32 113 -49 141 23 104 179 76 151 0
ROOM45 -48 -26 83 123 -153 107 -52 190 4 36 30 60 -56 -6 40 90 -49 -40 7 15 -63 38 -83 19 1 -48 15 83 123 -153 68 -33 190 4 36 30 60 -56 -6 40 90
ROOM45 -21 -68 130 -25 29 182 -74 81 44 -52 64 -40 84 116 -8 24 128 -46 168 -15 152 203 97 153 0
ROOM45 -30 -59 87 -8 2 146 -74 64 16 -48 40 -18 34 88 -32 22 84 -2 143 70 32 127 85 210 0
ROOM45 -11 20 84 93 -88 39 9 166 32 49 40 63 -31 -9 81 103 -23 93 42 149 -154 -51 84 183 0
ROOM45 -11 -95 60 -11 16 134 -97 28 9 -59 39 -47 56 98 -50 -8 -28 -90 -9 -17 -6 71 -112 -28 1 -9 -95 60 -11 16 134 -97 28 9 -59 39 -47 56 98 -50 -8
ROOM45 -68 -66 90 64 -119 151 -132 154 -1 -14 23 12 -13 37 -15 35 -102 -54 -71 -21 -72 -32 -155 -109 0
ROOM45 -15 19 113 171 -165 75 16 261 45 91 53 99 -54 -38 136 152 46 -10 85 38 24 84 49 106 1 -15 38 113 171 -165 75 23 261 45 91 53 99 -54 -38 136 152
ROOM45 -39 -40 36 58 -75 69 -72 90 -8 8 6 10 -18 -2 0 16 -67 -36 1 -12 -52 29 -102 -21 1 -39 -12 36 58 -75 48 -51 90 -8 8 6 10 -18 -2 0 16
ROOM45 -58 0 50 86 -136 44 -35 125 -10 43 2 43 -53 -41 33 45 70 57 91 111 -26 32 141 195 0
ROOM45 -24 -88 83 12 -32 148 -106 76 16 -42 42 -34 50 84 -26 8 67 -37 129 -14 96 153 39 114 1 -24 -88 67 12 -32 148 -106 76 16 -42 42 -34 50 84 -26 8
ROOM45 -67 10 60 77 -133 34 -49 112 -7 31 1 55 -62 -30 24 56 15 -11 46 0 22 50 9 41 0
ROOM45 -53 -70 41 -6 -29 100 -111 25 -7 -48 -5 -28 21 43 -55 -33 -59 10 8 49 -104 -14 -35 44 0
ROOM45 -100 -48 43 28 -128 82 -137 49 -30 -12 -26 -8 -22 -14 -42 -34 17 28 29 64 -39 -8 48 88 0
ROOM45 -91 -33 39 7 -90 52 -104 46 -36 -14 -16 -12 -24 -2 -50 -28 2 7 76 22 -14 59 12 93 0
ROOM45 -82 -92 32 -5 -52 123 -168 6 -28 -58 -22 -38 10 36 -86 -60 -38 -90 11 -25 -4 97 -125 -18 0
ROOM45 -33 11 10 76 -98 -8 -3 80 -24 41 2 45 -69 -39 17 47 45 -12 58 0 49 65 39 53 0
ROOM45 8 -43 117 12 10 156 -13 109 52 -21 72 -9 61 93 31 63 117 -7 149 39 79 145 121 188 0
ROOM45 -8 -35 151 106 -90 177 -30 247 63 20 79 50 13 59 83 129 6 25 55 69 -50 13 36 118 1 55 -35 151 106 -51 177 20 247 63 20 79 50 13 59 83 129
ROOM45 -54 -7 78 140 -193 84 -48 211 4 56 20 76 -72 -36 60 96 93 134 112 155 -54 -36 229 260 0
ROOM45 -58 -26 32 75 -119 35 -80 101 -17 22 -9 26 -43 -31 5 17 18 84 54 98 -69 -37 106 145 0
ROOM45 -92 -4 -42 96 -163 -57 -94 36 -70 35 -64 57 -127 -99 -35 -7 -18 46 20 83 -98 -39 44 90 0
ROOM45 -63 -95 42 48 -107 130 -139 85 -10 -25 -10 -21 11 15 -35 -31 -5 35 23 89 -82 -24 46 100 1 -63 -95 42 35 -98 130 -139 77 -10 -25 -10 -21 11 15 -35 -31
ROOM45 -63 -78 47 40 -96 114 -121 71 -16 -34 0 -4 -12 34 -50 -4 -97 -97 -67 -28 -64 24 -190 -111 0
ROOM45 -89 -41 -6 44 -115 15 -127 31 -50 -12 -44 14 -64 -32 -62 -30 -18 -9 60 36 -40 60 -10 80 1 -89 -41 -18 44 -115 15 -127 26 -50 -12 -44 14 -64 -32 -62 -30
ROOM45 -38 -53 100 95 -113 128 -86 174 22 6 40 36 -14 34 28 76 78 -79 106 0 93 172 4 100 1 -38 -53 78 95 -113 128 -86 173 22 6 40 36 -14 34 28 76
ROOM45 -8 -83 47 -33 35 111 -90 -1 16 -71 22 -45 61 93 -55 -23 -39 -100 -5 -68 32 89 -134 -73 1 -5 -83 47 -33 35 111 -88 -1 16 -71 22 -45 61 93 -55 -23
ROOM45 -25 -69 74 32 -49 135 -75 83 23 -20 25 -16 39 45 3 9 69 -60 92 0 79 142 21 83 1 -25 -69 69 32 -49 135 -75 83 23 -20 25 -16 39 45 3 9
ROOM45 -82 -49 55 104 -171 87 -111 156 -13 27 -13 27 -40 -40 14 14 89 15 164 48 54 141 121 201 0
ROOM45 -65 -15 80 117 -179 87 -65 186 6 37 8 65 -59 -29 43 73 -30 89 -16 102 -119 -113 59 84 1 -65 -15 80 117 -113 87 -65 186 6 37 8 65 -59 -29 43 73
ROOM45 -52 9 13 127 -165 -8 -39 131 -29 61 -9 75 -104 -70 32 66 -12 54 36 119 -126 -23 46 149 1 -52 9 -12 127 -165 -21 -39 115 -29 61 -12 75 -104 -73 32 63
ROOM45 -19 -37 68 52 -63 88 -41 105 12 -2 36 16 -4 38 10 52 102 -30 182 50 65 204 89 232 0
ROOM45 16 7 134 141 -118 125 48 255 73 70 77 78 -5 7 143 155 -14 159 18 207 -218 -151 151 223 0
ROOM45 -93 -89 -20 -30 -39 56 -160 -72 -65 -66 -47 -52 -13 19 -131 -99 -103 -109 -44 -53 -37 63 -205 -110 2 -75 -83 -20 -30 -39 56 -110 -72 -58 -63 -47 -52 -6 16 -110 -99 -92 -53 -57 -35 -39 -4 -145 -110 -65 -53 -57 -52 -13 -4 -118 -110
ROOM45 -60 -17 20 111 -164 35 -65 123 -25 39 -15 55 -80 -54 14 40 14 90 57 106 -83 -44 111 158 1 -60 -17 20 111 -164 35 -65 111 -25 39 -15 55 -80 -54 14 40
ROOM45 -68 -15 48 72 -123 59 -76 109 -20 23 0 33 -53 -23 3 33 -13 -27 20 1 -2 41 -24 12 1 -68 1 48 72 -123 47 -67 109 -20 23 0 33 -53 -23 3 33
ROOM45 -8 -35 51 79 -87 78 -20 107 10 20 32 24 -14 12 30 56 64 38 77 54 13 37 113 122 0
ROOM45 9 -65 87 70 -52 140 -32 138 40 -11 56 15 25 67 29 71 10 48 49 88 -74 -9 70 126 1 9 -65 87 48 -39 140 -32 135 40 -11 56 15 25 67 29 71
ROOM45 -24 -21 70 119 -140 88 -38 188 13 48 33 50 -37 -15 61 83 37 76 58 100 -49 -19 124 151 1 -24 -21 70 76 -100 88 -38 146 13 48 33 50 -37 -15 61 83
ROOM45 -7 6 68 67 -71 60 4 116 18 25 42 47 -29 17 43 89 23 83 55 153 -117 -43 108 199 0
ROOM45 -39 -28 114 115 -147 119 -60 206 35 38 39 48 -13 1 73 87 127 17 169 85 60 140 145 247 0
ROOM45 -5 -40 81 113 -104 109 -20 194 35 30 41 42 -7 11 65 83 104 26 119 45 72 88 136 162 0
ROOM45 -24 -37 18 9 -24 54 -60 25 -12 -28 6 0 -12 34 -40 6 -8 -10 36 58 -48 34 -15 92 3 -24 -37 18 -10 -14 54 -60 8 -12 -28 6 -10 -2 34 -40 -4 -24 -10 -8 9 -24 2 -34 1 -12 -10 -8 0 -12 2 -22 -8 -8 -10 -5 -7 -1 5 -18 -15 -8 -10 -5 -7 -1 5 -18 -15
ROOM45 9 -76 108 48 -29 172 -44 141 47 -22 69 -6 53 91 25 63 26 -30 87 12 32 106 7 86 0
ROOM45 -27 -4 104 59 -70 95 -24 141 24 25 52 29 -5 27 49 81 8 -12 69 10 9 77 5 72 1 -27 10 104 59 -70 94 -17 141 24 25 52 29 -5 27 49 81
ROOM45 -54 -98 56 -26 -17 153 -139 5 0 -67 2 -57 57 69 -67 -55 -13 -39 59 16 -14 87 -36 66 1 -54 -98 56 -39 -15 153 -139 5 0 -67 2 -57 57 69 -67 -55
ROOM45 -80 -45 33 66 -130 56 -110 81 -25 4 -21 16 -41 -25 -21 -5 10 85 47 113 -91 -46 111 159 0
ROOM45 10 -13 132 103 -77 132 0 216 62 38 80 52 10 42 100 132 -10 -42 36 -10 13 65 -38 24 1 10 -10 132 103 -77 132 0 216 62 38 80 52 10 42 100 132
ROOM45 -35 -88 104 71 -84 173 -98 174 26 -13 42 -3 29 55 13 39 -19 -11 58 15 -18 64 -27 55 1 -35 -88 104 -11 -24 173 -98 93 26 -13 42 -11 37 55 13 31
ROOM45 -99 18 59 163 -239 27 -64 201 -30 86 -10 94 -124 -96 56 84 -8 65 52 126 -118 -25 69 169 1 -99 18 -8 163 -239 -26 -64 155 -30 86 -10 94 -124 -96 56 84
ROOM45 -85 -92 19 55 -131 91 -169 56 -41 -26 -25 -10 -31 1 -67 -35 17 -93 63 -20 49 141 -61 43 1 -85 -92 17 55 -131 91 -169 56 -41 -26 -25 -10 -31 1 -67 -35
ROOM45 -28 -23 110 70 -86 124 -43 156 26 20 56 26 0 36 46 82 131 -23 203 11 120 208 111 203 0
ROOM45 -40 -74 59 -1 -28 108 -89 50 -4 -45 22 -29 25 67 -49 -7 12 -78 38 -12 24 116 -65 25 1 -40 -74 12 -1 -28 86 -89 11 -4 -45 12 -29 25 57 -49 -17
ROOM45 -21 -30 99 75 -92 114 -45 150 34 15 44 29 5 29 49 73 -11 101 7 129 -139 -98 105 124 0
ROOM45 -76 -90 -32 25 -86 42 -149 -8 -55 -35 -53 -29 -26 -18 -90 -82 -26 -38 -11 -24 6 18 -58 -41 0
ROOM45 -26 20 123 169 -185 95 10 291 45 89 51 99 -54 -38 134 150 134 126 164 186 -38 38 268 342 0
ROOM45 -94 -78 17 80 -170 90 -164 91 -45 -6 -31 8 -53 -25 -51 -23 -70 -72 5 -13 -45 75 -141 -9 1 -94 -13 17 80 -170 30 -107 91 -45 -6 -31 8 -53 -25 -51 -23
ROOM45 -29 -12 88 44 -55 100 -28 111 15 7 43 25 -10 36 22 68 -57 34 -39 84 -140 -76 -20 36 0
ROOM45 -62 -58 23 47 -87 64 -120 66 -31 -9 -7 -1 -30 2 -40 -8 49 30 78 70 -16 40 91 134 0
ROOM45 -7 -36 117 58 -41 146 -43 166 49 11 61 11 38 50 60 72 64 -29 142 35 39 165 53 159 1 -7 -36 64 58 -41 100 -43 122 49 11 61 11 38 50 60 72
ROOM45 -6 -44 130 85 -74 173 -44 194 62 5 62 35 27 57 67 97 16 75 45 112 -95 -38 91 155 1 -6 -44 130 75 -74 173 -44 194 62 5 62 35 27 57 67 97
ROOM45 -63 -96 -19 -51 -5 76 -135 -88 -48 -74 -34 -72 24 40 -122 -106 -40 -128 16 -109 86 133 -168 -102 0
ROOM45 9 -14 148 126 -94 141 0 270 66 49 90 63 3 41 115 153 47 43 57 105 -56 14 100 154 1 57 -14 148 126 -69 141 43 270 66 49 90 63 3 41 115 153
ROOM45 6 14 141 108 -101 117 23 228 72 52 74 70 2 22 124 144 83 23 153 59 33 117 116 206 1 6 14 83 108 -101 69 23 191 72 52 74 70 2 22 124 144
ROOM45 -20 -3 110 60 -72 99 -22 151 31 26 59 30 1 33 57 89 87 -14 136 58 41 144 75 179 1 -20 -3 87 60 -72 90 -22 147 31 26 59 30 1 33 57 89
ROOM45 -100 -80 -7 25 -109 57 -160 11 -65 -40 -41 -14 -51 -1 -105 -55 17 31 75 63 -37 43 56 122 0
ROOM45 -30 9 112 50 -67 97 -4 140 41 25 41 33 8 16 66 74 87 27 135 63 34 108 120 194 1 -30 9 87 50 -67 78 -4 137 41 25 41 33 8 16 66 74
ROOM45 -82 -94 28 1 -82 114 -170 24 -31 -58 -23 -34 3 35 -89 -57 -18 -97 53 -64 58 147 -105 -26 1 -82 -94 28 1 -82 58 -170 24 -31 -58 -23 -34 3 35 -89 -57
ROOM45 -19 -81 106 -36 22 166 -81 52 34 -63 52 -53 87 115 -29 -1 116 -107 155 -53 172 255 19 99 0
ROOM45 -22 14 72 132 -139 34 1 189 22 73 28 73 -51 -45 95 101 2 145 75 224 -210 -79 149 296 0
ROOM45 -27 -80 50 1 -4 106 -88 40 7 -42 15 -36 43 57 -35 -21 21 17 48 67 -33 17 46 105 0
ROOM45 -85 -25 71 69 -138 93 -95 129 -13 15 -1 29 -42 -16 2 28 -40 -57 -3 -34 4 40 -84 -39 0
ROOM45 -21 -77 77 13 -23 153 -93 70 18 -38 38 -26 44 76 -20 12 9 -102 50 -35 60 135 -84 10 3 -3 -67 77 13 -16 144 10 70 36 -28 38 -26 62 66 10 12 -21 -35 45 13 -23 80 -56 10 18 -35 38 -26 44 73 -17 10 -21 -77 25 -35 14 60 -93 -10 18 -38 25 -35 53 60 -20 -10
ROOM45 -88 18 27 138 -216 -4 -60 161 -32 77 -28 79 -111 -105 45 51 -79 47 -44 89 -160 -96 -21 42 1 -44 18 27 138 -182 -4 -26 161 -32 77 -28 79 -111 -105 45 51
ROOM45 -13 -87 29 67 -74 103 -77 71 -2 -11 18 -9 7 29 -13 9 -24 96 -2 143 -159 -98 83 126 0
ROOM45 -52 -61 0 77 -105 47 -104 70 -30 -3 -22 19 -49 -19 -33 -3 -7 -49 63 21 -16 104 -46 73 1 -52 -61 -7 77 -105 47 -104 70 -30 -3 -22 19 -49 -19 -33 -3
ROOM45 -21 -33 59 70 -90 67 -35 107 8 9 30 27 -19 21 17 57 36 -57 87 -46 88 136 -15 38 0
ROOM45 -4 -9 111 94 -90 111 7 197 52 29 54 55 -3 25 81 109 10 119 84 160 -144 -38 129 232 0
ROOM45 -41 -44 96 1 -22 119 -65 95 27 -35 27 -7 34 62 -8 20 -38 -31 -5 39 -75 19 -60 32 1 -5 -44 96 1 -6 119 -49 95 27 -35 27 -7 34 62 -8 20
ROOM45 -4 10 79 153 -152 56 29 222 29 80 45 82 -53 -35 109 127 -24 90 35 141 -153 -63 70 169 1 -4 10 79 90 -94 56 29 169 29 80 45 82 -53 -35 109 127
ROOM45 -19 -31 41 24 -41 52 -40 45 -3 -13 25 7 -10 38 -16 32 -44 -20 18 31 -63 36 -55 34 2 5 -31 41 5 36 52 -26 45 23 -13 25 -11 36 38 10 14 18 -18 41 24 -6 36 0 45 18 -13 25 7 11 36 5 32
ROOM45 -36 -97 91 -11 -22 169 -115 74 23 -58 31 -50 73 89 -35 -19 82 -21 135 3 80 148 67 138 1 -36 -97 82 -11 -22 169 -115 71 23 -58 31 -50 73 89 -35 -19
ROOM45 3 -35 79 7 7 97 -16 79 39 -22 43 -6 45 65 17 37 35 19 100 72 -21 63 55 160 0
ROOM45 -1 -65 116 80 -79 180 -50 195 55 3 59 11 44 56 58 70 138 -68 198 -15 162 264 76 182 0
ROOM45 -11 -69 123 84 -90 189 -74 202 50 -6 62 20 30 68 44 82 124 -72 137 -37 167 197 54 93 0
ROOM45 -70 -35 7 95 -161 17 -99 92 -35 24 -27 36 -71 -51 -11 9 33554432 33554432 -33554432 -33554432 33554432 -33554432 33554432 -33554432 0
ROOM45 -29 -78 43 69 -73 119 -90 106 2 -17 12 9 -7 29 -15 21 49 -108 124 -52 119 227 -46 57 0
ROOM45 -42 -40 87 106 -123 106 -76 188 18 23 26 43 -25 3 41 69 105 -12 136 18 97 140 96 142 0
ROOM45 -57 4 -9 57 -109 -17 -41 42 -40 30 -26 30 -70 -56 -10 4 -23 24 25 81 -99 -17 3 103 1 -57 4 -23 57 -109 -27 -41 34 -40 30 -26 30 -70 -56 -10 4
ROOM45 -86 -5 47 106 -169 31 -71 145 -32 37 -6 63 -95 -43 5 57 -24 99 43 133 -147 -59 77 164 1 -86 -5 47 99 -169 31 -71 145 -32 37 -6 63 -95 -43 5 57
ROOM45 -51 -55 52 43 -88 89 -103 93 -5 -17 5 5 -10 22 -22 10 -66 -79 -31 -53 0 32 -136 -89 1 -51 -53 52 43 -88 89 -103 93 -5 -17 5 5 -10 22 -22 10
ROOM45 -35 -22 85 73 -86 94 -33 154 12 22 38 28 -16 16 34 66 11 62 83 105 -94 13 74 176 1 -35 -22 85 62 -86 94 -33 147 12 22 38 28 -16 16 34 66
ROOM45 -39 -64 32 -18 -13 75 -92 6 -7 -49 1 -33 26 50 -56 -32 31 -69 92 -20 52 144 -25 64 1 -39 -64 31 -18 -13 75 -92 6 -7 -49 1 -33 26 50 -56 -32
ROOM45 6 -71 61 27 2 121 -55 68 28 -37 38 -7 35 75 -9 31 -11 48 12 69 -67 -45 44 75 0
ROOM45 -98 -70 -4 11 -97 49 -145 -13 -62 -32 -40 -26 -36 -8 -94 -66 7 -49 74 -30 49 116 -38 35 0
ROOM45 -26 -46 88 41 -54 124 -55 122 19 -8 43 4 15 51 11 47 60 -63 112 13 62 162 7 116 1 -26 -46 60 41 -54 106 -55 101 19 -8 43 4 15 51 11 47
ROOM45 -45 -81 14 27 -60 81 -107 20 -15 -38 -15 -16 1 23 -53 -31 -15 -97 4 -22 11 90 -103 -31 1 -45 -81 -15 27 -60 66 -107 12 -15 -38 -15 -16 1 23 -53 -31
ROOM45 -48 -71 110 -14 -26 171 -95 94 30 -50 32 -34 64 82 -20 -2 22 -23 33 51 -29 50 5 84 1 -48 -71 110 -23 -25 171 -95 87 30 -50 32 -34 64 82 -20 -2
ROOM45 -15 -4 61 149 -148 46 0 210 13 61 33 83 -70 -28 74 116 72 15 88 54 19 65 93 137 0
ROOM45 1 -44 160 0 24 189 -38 152 76 -36 84 -8 84 120 40 76 -17 -21 32 36 -35 39 -34 66 1 32 -44 160 0 32 189 -12 152 76 -36 84 -8 84 120 40 76
ROOM45 17 -35 125 75 -37 138 -12 183 61 12 81 28 33 69 73 109 50 85 89 147 -79 -4 137 224 0
ROOM45 -88 -7 70 143 -208 68 -91 200 -18 62 0 74 -92 -62 44 74 32 43 94 66 -20 41 76 155 1 -88 -7 32 143 -208 39 -91 175 -18 62 0 74 -92 -62 44 74
ROOM45 -2 -85 48 41 -43 108 -87 75 14 -35 32 -9 23 67 -21 23 -5 20 53 39 -39 29 19 76 1 -2 -85 48 20 -22 108 -87 68 14 -35 32 -9 23 67 -21 23
ROOM45 -86 -65 -46 92 -165 12 -140 32 -70 6 -62 20 -90 -68 -64 -42 -62 64 8 144 -203 -68 18 137 1 -86 -65 -46 92 -165 12 -140 18 -70 6 -62 20 -90 -68 -64 -42
ROOM45 -30 -44 87 57 -82 124 -68 129 19 6 37 6 13 31 25 43 55 19 67 31 32 40 78 94 1 -30 -44 55 57 -82 99 -68 112 19 6 37 6 13 31 25 43
ROOM45 -69 -80 17 -16 -45 94 -144 -23 -27 -61 -25 -35 8 36 -88 -60 -64 -67 -53 -34 -25 10 -123 -94 1 -53 -80 17 -16 -37 94 -133 -23 -27 -61 -25 -35 8 36 -88 -60
ROOM45 -1 20 63 71 -61 28 36 112 28 43 34 47 -19 -9 71 81 34 -9 79 41 -1 75 25 119 1 -1 20 56 71 -61 -1 36 112 28 43 34 47 -19 -9 71 81
ROOM45 -54 -17 100 76 -109 113 -62 159 8 27 38 31 -23 11 35 69 -50 -7 -32 31 -71 -33 -47 -8 1 -32 -17 100 76 -108 113 -49 159 8 27 38 31 -23 11 35 69
ROOM45 -8 -83 33 3 12 93 -75 35 0 -53 24 -27 27 77 -53 -3 -6 -71 34 -3 2 99 -69 27 0
ROOM45 -58 -12 70 41 -86 82 -63 91 -1 8 13 20 -21 5 7 33 -68 14 11 70 -138 -10 -48 66 2 -58 -12 70 14 -72 82 -63 84 -1 8 13 14 -15 5 7 27 4 14 70 41 -10 56 18 91 4 14 13 20 -10 -1 18 33
ROOM45 -11 20 114 151 -138 83 29 249 37 85 65 85 -48 -20 122 150 88 87 129 136 -45 29 183 263 1 -11 20 88 151 -138 68 29 239 37 85 65 85 -48 -20 122 150
ROOM45 -77 -29 24 91 -156 46 -105 104 -30 25 -22 37 -67 -47 -5 15 -66 -8 3 63 -124 -3 -65 55 0
ROOM45 -49 -44 -6 45 -76 27 -87 32 -29 -9 -25 9 -38 -16 -38 -16 -38 -55 3 -36 7 49 -83 -39 1 -49 -36 -6 45 -76 27 -85 32 -29 -9 -25 9 -38 -16 -38 -16
ROOM45 15 -70 85 23 12 141 -33 99 41 -26 59 -20 61 85 15 39 7 -37 82 11 -4 109 -21 87 0
ROOM45 -96 14 0 126 -211 -17 -82 104 -63 68 -33 72 -135 -101 5 39 -16 73 14 93 -97 -70 59 97 1 -96 14 -16 126 -211 -30 -82 104 -63 68 -33 72 -135 -101 5 39
ROOM45 -67 -54 83 31 -84 124 -106 93 0 -23 16 1 -1 39 -23 17 -52 -77 22 -28 -12 99 -117 -21 1 -67 -28 83 31 -84 111 -95 93 0 -23 16 1 -1 39 -23 17
ROOM45 -37 -24 37 21 -58 49 -58 46 -10 -2 10 0 -10 12 -12 10 -31 46 4 60 -86 -42 24 50 0
ROOM45 -80 -97 -33 51 -129 54 -162 13 -71 -38 -41 -8 -63 -3 -109 -49 -38 59 2 130 -165 -73 30 115 0
ROOM45 -33 13 48 124 -148 30 -14 169 1 64 13 72 -71 -51 65 85 -33 28 -4 71 -96 -46 10 67 1 -4 13 48 124 -128 30 9 169 1 64 13 72 -71 -51 65 85
ROOM45 -49 -29 79 66 -115 86 -72 138 4 13 26 23 -19 13 17 49 18 30 56 67 -31 13 53 109 1 -49 -29 79 30 -79 86 -72 109 4 13 26 23 -19 13 17 49
ROOM45 7 -20 117 30 2 117 7 124 52 2 72 8 44 70 54 80 -19 19 40 62 -75 21 17 90 1 40 -20 117 30 10 117 20 124 52 2 72 8 44 70 54 80
ROOM45 -45 -52 36 -2 -30 74 -87 12 -10 -42 2 -12 2 44 -52 -10 -5 -52 47 -10 21 91 -40 35 3 -45 -52 17 -2 -30 21 -87 12 -10 -31 2 -12 2 21 -41 -10 -31 -52 -5 -26 21 47 -83 -31 -10 -42 -5 -26 21 37 -52 -31 -5 -52 12 -35 30 64 -57 -40 -5 -42 2 -35 30 44 -47 -40
ROOM45 -98 -31 45 27 -104 74 -109 72 -31 -7 -21 3 -34 -14 -38 -18 -97 -56 -46 -18 -72 6 -152 -64 1 -46 -31 45 27 -73 74 -77 72 -31 -7 -21 3 -34 -14 -38 -18
ROOM45 -83 13 -17 62 -123 -39 -48 41 -56 24 -44 50 -106 -68 -32 6 -115 46 -42 113 -211 -88 -68 71 1 -83 13 -17 46 -123 -39 -48 29 -56 24 -44 46 -102 -68 -32 2
ROOM45 -2 -64 120 20 -12 171 -62 135 51 -29 67 -15 66 96 22 52 81 -39 94 27 59 127 50 112 1 -2 -64 81 20 -12 145 -62 101 51 -29 67 -15 66 96 22 52
ROOM45 -9 -61 35 63 -59 81 -66 73 9 -3 17 5 4 20 6 22 38 -68 102 -7 46 161 -12 77 0
ROOM45 14 -74 145 28 2 204 -37 159 74 -29 84 -17 91 113 45 67 30 63 80 87 -44 5 100 159 0
ROOM45 -15 -12 115 67 -75 125 -16 179 38 27 62 27 11 35 65 89 61 -5 68 2 62 70 61 65 1 -15 2 115 67 -75 113 -13 179 38 27 62 27 11 35 65 89
ROOM45 -17 -26 76 116 -113 78 -38 169 28 31 30 59 -31 -1 59 89 -33 108 -14 125 -156 -132 82 103 0
ROOM45 -54 1 7 119 -157 -17 -52 125 -38 49 -8 71 -109 -57 11 63 -30 33 17 107 -128 -21 17 122 1 -54 1 -30 119 -157 -31 -52 89 -38 49 -30 71 -109 -79 11 41
ROOM45 -70 13 53 86 -153 15 -56 116 -8 49 -8 49 -57 -57 41 41 -79 7 -38 82 -158 -61 -66 44 1 -38 13 53 86 -124 15 -25 116 -8 49 -8 49 -57 -57 41 41
ROOM45 5 -57 112 28 0 148 -32 129 51 -19 65 -9 60 84 32 56 68 44 83 89 -11 30 112 167 0
ROOM45 -91 -21 14 132 -219 19 -108 145 -40 55 -36 55 -95 -91 15 19 -73 111 -63 160 -223 -183 39 97 1 -91 -21 14 111 -202 19 -108 125 -40 55 -36 55 -95 -91 15 19
ROOM45 -13 0 44 104 -113 34 -11 130 5 43 25 61 -56 -18 48 86 1 87 53 97 -95 -38 93 144 1 -13 0 44 87 -100 34 -11 130 5 43 25 61 -56 -18 48 86
ROOM45 -19 8 130 114 -122 114 8 242 53 54 57 68 -15 3 107 125 99 117 113 160 -55 -5 223 272 0
ROOM45 9 -8 167 125 -96 150 4 285 80 58 96 58 22 38 138 154 10 34 20 71 -51 -15 45 91 1 20 -8 167 125 -96 150 12 285 80 58 96 58 22 38 138 154
ROOM45 -8 3 79 108 -97 70 15 182 22 52 48 58 -36 -4 74 106 -29 76 48 150 -163 -29 64 185 1 -8 3 79 76 -84 70 15 155 22 52 48 58 -36 -4 74 106
ROOM45 -29 -52 53 21 -39 100 -67 61 -2 -23 26 -7 5 49 -25 19 79 33 138 86 -2 89 130 224 0
ROOM45 -41 -48 66 81 -108 90 -82 139 -1 2 25 30 -31 23 1 55 -53 -18 -20 17 -63 -15 -55 -21 1 -20 -48 66 81 -101 90 -68 139 -1 2 25 30 -31 23 1 55
ROOM45 -18 2 45 56 -73 32 9 96 6 26 20 32 -26 -6 32 52 78 55 101 114 -30 30 141 213 0
ROOM45 -7 -45 95 79 -64 120 -42 162 34 6 54 28 6 48 40 82 -2 37 27 67 -54 -24 51 88 1 -7 -45 95 79 -24 120 -42 162 34 6 54 28 6 48 40 82
ROOM45 -52 -95 69 -8 -39 144 -145 54 -6 -65 22 -37 31 87 -71 -15 97 -129 130 -54 160 247 -31 58 0
ROOM45 -43 -23 75 62 -89 77 -66 120 1 18 31 20 -19 13 19 51 27 -11 84 59 -32 81 29 129 1 -43 -23 27 62 -89 50 -66 89 1 18 27 20 -19 9 19 47
ROOM45 -1 -22 158 133 -123 173 -19 278 75 54 81 56 19 27 129 137 61 5 85 60 14 74 78 134 1 5 -20 158 133 -123 173 134 278 78 54 81 56 22 27 134 137
ROOM45 -70 -22 -1 76 -132 1 -81 55 -45 15 -25 39 -84 -40 -30 14 -46 -40 -28 -1 -37 12 -75 -37 1 -70 -1 -1 76 -132 0 -71 55 -45 15 -25 39 -84 -40 -30 14
ROOM45 -23 -6 90 68 -91 82 -14 151 32 16 34 46 -14 18 48 80 83 38 131 88 11 80 139 219 1 -23 -6 83 68 -91 82 -14 151 32 16 34 46 -14 18 48 80
ROOM45 -4 -87 152 27 -17 237 -83 168 67 -38 81 -22 89 119 29 59 98 3 161 53 63 154 106 196 1 -4 -87 152 3 -7 237 -83 155 67 -38 81 -22 89 119 29 59
ROOM45 8 -9 89 93 -79 87 -1 157 36 39 60 45 -9 21 75 105 64 72 89 124 -53 16 140 206 1 8 -9 89 72 -64 87 -1 157 36 39 60 45 -9 21 75 105
ROOM45 -18 -58 133 87 -99 190 -72 213 48 2 66 26 22 64 50 92 159 44 219 55 114 171 205 266 0
ROOM45 -35 19 15 78 -97 -13 3 77 -21 35 1 61 -82 -34 14 62 -19 16 18 62 -73 1 10 63 2 -35 38 2 78 -97 -73 3 77 -21 52 -12 61 -82 -73 31 49 -35 22 -19 54 -73 -41 3 35 -21 35 -19 54 -73 -54 14 35
ROOM45 -14 -76 56 6 -2 132 -66 61 12 -43 30 -27 39 73 -31 3 -20 27 52 65 -73 23 11 102 0
ROOM45 -19 -43 112 51 -60 153 -44 156 40 -10 52 18 22 62 30 70 3 1 79 50 -37 78 6 126 1 -19 -43 112 1 -20 153 -44 113 40 -10 52 1 39 62 30 53
ROOM45 13 -60 73 -4 20 129 -25 65 37 -43 49 -21 58 92 -6 28 76 13 120 39 40 97 99 155 0
ROOM45 -91 -67 -10 -16 -62 54 -136 -44 -58 -53 -42 -29 -29 11 -111 -71 -108 -57 -49 22 -118 7 -151 -29 2 -60 -67 -10 -25 7 54 -127 -44 -46 -53 -42 -49 7 11 -99 -91 -49 -56 -18 -16 -33 7 -105 -44 -49 -53 -42 -29 -20 7 -102 -71
ROOM45 -38 -74 33 19 -36 88 -109 40 -5 -41 1 -13 8 42 -46 -12 -72 -40 -56 -18 -48 -23 -103 -78 0
ROOM45 17 -47 103 -4 44 149 -9 88 54 -40 66 -10 64 106 14 56 34 21 99 40 -3 78 68 137 0
ROOM45 -63 -1 -4 125 -169 -21 -55 100 -35 60 -31 64 -99 -91 25 33 -2 104 48 145 -129 -57 116 179 0
ROOM45 8 -45 144 54 -24 180 -23 188 61 -2 91 10 51 93 59 101 -4 81 19 106 -102 -65 95 119 0
ROOM45 -20 -80 110 -20 15 171 -94 71 43 -60 47 -40 83 107 -17 7 103 -28 174 -18 127 195 79 152 0
ROOM45 -16 -11 65 45 -37 53 -4 100 9 15 39 19 -10 24 24 58 47 -7 88 13 43 83 52 100 1 -16 -11 65 45 -37 43 -4 100 9 15 39 19 -10 24 24 58
ROOM45 -32 -7 63 90 -116 58 -34 139 4 33 26 49 -45 -7 37 75 -59 115 10 150 -199 -115 57 148 0
ROOM45 -29 20 121 178 -184 83 -6 274 45 99 47 99 -54 -52 144 146 -27 141 7 216 -230 -136 124 211 1 -29 20 121 141 -170 83 -6 262 45 99 47 99 -54 -52 144 146
ROOM45 -67 -60 21 68 -119 74 -114 65 -31 -6 -15 14 -45 -9 -37 -1 -77 -69 -62 -49 -27 1 -142 -125 0
ROOM45 -91 -87 -18 43 -114 48 -171 3 -60 -30 -48 -14 -46 -18 -90 -62 -29 -82 51 -52 33 132 -100 -12 1 -91 -87 -18 43 -114 33 -171 3 -60 -30 -48 -14 -46 -18 -90 -62
ROOM45 18 -54 122 89 -67 166 -31 194 60 16 80 18 42 64 76 98 52 -17 105 15 41 106 39 116 1 18 15 122 89 -67 107 33 194 60 16 80 18 42 64 76 98
ROOM45 -94 -38 32 114 -193 60 -123 137 -35 35 -27 41 -76 -62 0 14 -27 -35 16 15 -38 37 -56 22 1 -94 15 32 114 -193 17 -79 137 -35 35 -27 41 -76 -62 0 14
ROOM45 -37 -36 67 71 -92 94 -61 114 1 14 29 20 -19 15 15 49 -60 -64 0 -10 -45 53 -112 -21 1 -37 -10 67 71 -92 77 -47 114 1 14 29 20 -19 15 15 49
ROOM45 -21 -29 83 32 -49 89 -44 91 18 -13 44 15 3 57 5 59 117 -31 145 -6 136 165 95 134 0
ROOM45 -87 -42 5 34 -104 34 -118 21 -53 -13 -29 5 -58 -16 -66 -24 23 -68 74 -34 65 131 -39 27 0
ROOM45 -83 14 45 86 -166 9 -58 120 -19 47 -19 53 -72 -66 28 34 -69 17 -10 46 -109 -35 -37 21 1 -65 14 45 86 -151 9 21 120 -19 47 -19 53 -72 -66 28 34
ROOM45 -59 -48 95 51 -85 119 -84 128 4 -13 32 15 -11 45 -9 47 108 2 141 58 61 134 115 197 0
ROOM45 -8 -70 95 -24 26 161 -59 65 30 -60 56 -34 64 116 -30 22 128 -62 197 4 140 247 78 201 0
ROOM45 -87 -33 0 14 -92 27 -100 -9 -44 -12 -42 -6 -38 -30 -56 -48 -88 -66 -65 -32 -38 -11 -148 -97 1 -65 -33 0 14 -79 27 -98 -9 -44 -12 -42 -6 -38 -30 -56 -48
ROOM45 -65 -12 -10 63 -105 -5 -56 35 -46 16 -28 34 -80 -44 -30 6 9 52 85 81 -59 27 64 151 0
ROOM45 -23 -40 41 79 -96 73 -61 116 7 14 11 24 -17 -3 21 35 -40 -5 -14 66 -92 -20 -29 40 1 -14 -40 41 79 -93 73 -54 116 7 14 11 24 -17 -3 21 35
ROOM45 -32 -96 19 -9 -3 107 -106 5 -16 -59 4 -45 29 63 -75 -41 -51 7 -42 19 -65 -51 -37 -27 0
ROOM45 -60 -33 10 95 -145 27 -89 105 -26 25 -24 37 -63 -49 -1 13 -44 -67 -5 -47 12 62 -100 -54 0
ROOM45 -14 -86 88 3 -6 159 -95 84 25 -49 49 -33 58 98 -24 16 118 -108 185 -91 216 282 11 90 0
ROOM45 -49 -52 56 62 -87 106 -84 114 -3 -1 9 11 -14 10 -4 20 52 -14 114 7 52 122 53 112 1 -49 -52 52 62 -87 104 -84 114 -3 -1 9 11 -14 10 -4 20
ROOM45 -62 -32 15 127 -174 30 -79 136 -36 38 -10 56 -92 -48 2 46 12 112 81 167 -151 -38 129 248 1 -62 -32 15 127 -174 30 -79 129 -36 38 -10 56 -92 -48 2 46
ROOM45 9 -26 102 92 -81 126 -6 191 46 27 64 39 7 37 73 103 77 52 131 92 -1 79 146 219 1 9 -26 102 92 -81 126 -6 146 46 27 64 39 7 37 73 103
ROOM45 -1 -89 81 -41 64 158 -66 37 25 -69 55 -61 86 124 -44 -6 3 -24 22 33 -27 31 -21 41 0
ROOM45 -57 13 59 105 -138 38 -37 159 -8 51 10 67 -75 -41 43 77 77 129 87 143 -66 -45 212 220 0
ROOM45 -95 -67 -24 74 -155 21 -142 41 -59 -8 -59 14 -73 -51 -67 -45 4 -61 42 -25 41 98 -39 4 0
ROOM45 -58 -35 24 81 -120 47 -69 87 -17 22 -17 24 -41 -39 5 7 -9 81 28 113 -122 -53 77 133 0
ROOM45 -95 -44 -44 10 -97 -17 -136 -40 -75 -17 -63 -17 -58 -46 -92 -80 -62 37 -31 107 -166 -73 -10 64 0
ROOM45 -17 -36 31 23 -35 42 -31 51 2 -19 12 7 -5 31 -17 19 -24 -18 43 62 -74 53 -30 96 1 -13 -36 24 -18 5 42 -31 6 2 -19 12 -18 20 31 -17 -6
ROOM45 -2 8 90 127 -120 64 20 213 29 62 59 72 -43 -3 91 131 38 6 52 61 -16 43 55 106 1 -2 61 90 127 -120 29 59 213 29 62 59 72 -43 -3 91 131
ROOM45 4 -44 49 64 -38 91 -33 94 21 -5 31 25 -4 36 16 56 70 -75 113 -63 139 187 2 38 0
ROOM45 -58 -82 56 57 -111 134 -138 93 -10 -22 8 -2 -8 30 -32 6 39 79 59 99 -55 -30 129 155 0
ROOM45 -32 -27 83 92 -100 108 -43 160 11 24 39 40 -29 15 35 79 47 20 84 97 -50 47 77 172 1 -32 -27 47 92 -100 74 -43 139 11 24 39 40 -29 15 35 79
ROOM45 11 -25 84 96 -83 103 -4 173 46 34 48 36 10 14 80 84 28 64 104 111 -74 33 100 210 1 11 -25 84 64 -53 103 -4 148 46 34 48 36 10 14 80 84
ROOM45 -8 -47 125 113 -99 153 -41 221 47 29 69 37 10 40 76 106 109 -19 122 16 101 135 98 132 1 -8 -47 109 113 -99 153 -41 221 47 29 69 37 10 40 76 106
ROOM45 9 -93 80 52 -25 173 -68 112 29 -31 59 -9 38 90 -2 50 50 -112 69 -41 100 170 -55 20 1 9 -41 80 52 -25 121 -32 112 29 -31 59 -9 38 90 -2 50
ROOM45 -69 -23 73 107 -165 78 -90 156 -12 39 16 45 -57 -23 27 61 86 77 163 155 -51 82 168 311 0
ROOM45 -46 -57 37 27 -64 90 -93 46 -18 -15 10 -15 -3 25 -33 -5 -21 -76 36 -20 15 101 -87 1 1 -46 -20 37 27 -64 57 -66 46 -18 -15 10 -15 -3 25 -33 -5
ROOM45 17 -33 150 112 -75 176 3 248 82 26 84 52 30 58 108 136 171 -35 229 13 175 252 148 224 0
ROOM45 -3 -88 84 -47 63 148 -76 22 38 -69 42 -65 103 111 -31 -23 87 -81 132 -37 132 196 17 79 0
ROOM45 5 -60 140 97 -73 193 -40 214 61 18 83 18 43 65 79 101 158 -58 228 -13 180 284 118 204 0
ROOM45 -83 -82 54 53 -122 135 -165 101 -22 -20 -6 -8 -14 14 -42 -14 71 -79 82 -24 102 159 -5 54 0
ROOM45 6 7 82 121 -102 56 16 200 30 53 58 75 -45 5 83 133 29 -18 59 26 14 60 17 77 1 6 26 82 121 -102 56 32 200 30 53 58 75 -45 5 83 133
ROOM45 -75 13 65 160 -211 44 -56 223 -19 83 9 89 -108 -74 64 98 20 35 47 86 -58 7 72 116 1 -75 13 20 160 -211 7 -56 180 -19 83 9 89 -108 -74 64 98
ROOM45 -44 -33 6 99 -132 32 -75 99 -33 19 -5 47 -80 -24 -14 42 -40 -34 -9 30 -59 12 -73 5 4 -9 -33 6 99 -108 32 -42 99 -9 19 -5 47 -56 -24 10 42 -44 14 -9 99 -132 -23 5 90 -33 19 -9 47 -80 -28 5 38 -44 30 -25 49 -93 -55 -14 5 -33 30 -25 38 -71 -55 -3 5 -44 15 -29 30 -74 -59 -29 1 -33 26 -29 30 -63 -59 -7 1
ROOM45 -81 17 -10 119 -194 -50 -39 91 -46 65 -44 71 -117 -109 19 27 20 93 56 132 -94 -48 116 174 0
ROOM45 -100 -51 52 38 -122 99 -127 75 -27 -19 -21 7 -34 -2 -46 -14 -75 12 -41 54 -116 -66 -55 2 1 -97 -51 52 38 -66 99 -127 75 -27 -19 -21 7 -34 -2 -46 -14
ROOM45 -2 -53 58 47 -24 107 -45 81 28 -9 28 3 25 37 19 31 -9 -38 34 1 5 59 -32 33 1 -2 1 58 47 -24 57 -1 81 28 1 28 3 25 27 29 31
ROOM45 20 -63 138 -3 48 190 -26 131 78 -40 80 -26 104 120 38 54 70 -78 119 -17 94 181 -7 97 0
ROOM45 -97 19 21 158 -231 -18 -70 160 -48 75 -28 101 -149 -103 27 73 -49 145 28 197 -229 -122 98 218 1 -97 19 21 145 -231 -18 -70 160 -48 75 -28 101 -149 -103 27 73
ROOM45 17 -98 119 -17 40 193 -74 89 64 -64 72 -50 114 136 0 22 134 -55 156 -22 157 197 79 132 0
ROOM45 -53 -47 61 109 -140 98 -79 167 1 17 7 45 -44 -10 18 52 8 15 75 78 -60 54 30 150 1 -53 -47 8 109 -140 55 -79 117 1 17 7 45 -44 -10 18 52
ROOM45 -60 -18 71 47 -97 87 -72 102 -9 1 19 27 -36 18 -8 46 12 76 54 129 -115 -32 99 166 0
ROOM45 -63 -30 26 40 -84 36 -77 46 -22 -8 -14 18 -40 -6 -30 4 -48 2 11 56 -93 8 -34 56 1 -63 -30 26 2 -65 36 -77 28 -22 -8 -14 2 -24 -6 -30 -12
ROOM45 -61 0 64 141 -188 40 -55 186 -7 55 9 85 -92 -46 48 94 36 13 47 63 -19 26 53 107 1 -61 0 36 141 -188 36 -55 177 -7 55 9 85 -92 -46 48 94
ROOM45 -3 -22 114 102 -104 130 -18 207 48 39 62 41 7 23 87 103 65 0 138 42 41 127 81 171 1 -3 -22 114 102 -104 41 -18 207 48 39 62 41 7 23 87 103
ROOM45 -23 -69 93 46 -45 146 -83 131 24 -13 46 -9 33 59 11 37 36 46 82 87 -37 33 98 155 0
ROOM45 -2 -15 135 103 -88 127 -8 228 61 44 71 44 17 27 105 115 107 -10 134 48 75 140 112 171 1 -2 -15 107 103 -88 122 -8 210 61 44 71 44 17 27 105 115
ROOM45 9 -21 91 21 6 93 5 96 41 -13 59 13 28 72 28 72 3 -56 38 -44 58 85 -52 -9 0
ROOM45 -58 -37 61 55 -106 82 -90 94 -5 0 7 18 -23 7 -5 25 -34 53 36 104 -125 -19 34 127 1 -58 -37 61 53 -106 82 -90 94 -5 0 7 18 -23 7 -5 25
ROOM45 -45 -94 14 -34 13 105 -137 -38 -18 -68 -12 -60 42 56 -86 -72 -50 1 0 65 -100 -12 -33 47 0
ROOM45 11 -84 60 54 -36 137 -51 114 33 -26 37 -4 37 63 7 33 80 -35 145 -9 93 175 60 135 0
ROOM45 -56 13 43 133 -176 22 -21 168 -7 67 -5 79 -86 -72 60 74 8 79 19 90 -72 -70 89 108 1 -56 13 8 133 -176 -5 -21 141 -7 67 -5 79 -86 -72 60 74
ROOM45 -40 -96 84 6 -27 167 -123 69 12 -57 32 -33 45 89 -45 -1 39 13 53 53 -3 26 52 103 0
ROOM45 -77 -39 10 71 -128 38 -113 56 -47 12 -19 20 -67 -31 -35 1 6 -23 82 57 -43 87 -3 124 1 -77 -39 6 71 -128 38 -113 56 -47 12 -19 20 -67 -31 -35 1
ROOM45 -38 -76 87 14 -34 155 -106 96 23 -32 25 -30 53 57 -9 -5 87 -14 161 38 62 173 76 197 0
ROOM45 -51 -54 -3 -9 -21 38 -81 -21 -32 -32 -22 -30 -2 10 -64 -52 -56 13 -17 90 -137 -45 -43 56 0
ROOM45 -5 -97 48 -31 38 142 -83 -7 11 -74 31 -54 65 105 -63 -23 61 -4 122 50 17 122 58 169 0
ROOM45 -96 -2 49 132 -206 51 -74 159 -27 63 -19 67 -94 -82 36 48 -27 95 -5 166 -182 -114 72 150 1 -96 -2 49 95 -191 51 -74 144 -27 63 -19 67 -94 -82 36 48
ROOM45 6 -64 130 8 19 176 -37 116 62 -42 74 -14 76 116 20 60 120 -23 182 24 104 191 107 194 1 6 -64 120 8 19 176 -37 116 62 -42 74 -14 76 116 20 60
ROOM45 3 -15 96 63 -54 99 -9 151 47 20 51 28 19 31 67 79 70 46 83 73 -2 28 120 150 1 3 -15 96 63 -54 99 -9 120 47 20 51 28 19 31 67 79
ROOM45 -78 -21 62 118 -186 66 -84 161 -13 38 -3 58 -71 -41 25 55 74 -17 84 37 37 101 67 111 0
ROOM45 4 -48 96 34 -18 133 -43 114 47 -20 53 6 41 73 27 59 94 55 118 96 4 54 155 206 0
ROOM45 -30 -41 107 3 -29 129 -62 106 28 -23 48 -15 43 71 5 33 -34 21 13 97 -128 -15 3 105 0
ROOM45 -47 -2 39 129 -165 24 -47 167 -14 53 6 73 -87 -47 39 79 -41 -37 -9 -22 -9 23 -72 -32 0
ROOM45 -97 17 35 165 -241 18 -77 176 -40 77 -22 105 -145 -99 37 83 59 119 107 140 -81 -22 188 243 0
ROOM45 -79 -73 10 15 -80 80 -133 24 -37 -40 -31 -18 -19 9 -77 -49 -44 -104 -21 -41 10 68 -139 -69 1 -79 -41 10 15 -80 51 -120 24 -37 -40 -31 -18 -19 9 -77 -49
ROOM45 -7 20 153 85 -88 115 22 223 66 45 80 59 7 35 111 139 6 98 57 174 -150 -41 107 215 0
ROOM45 -56 -27 60 107 -162 79 -73 160 -7 25 11 55 -62 -14 18 66 -76 125 -5 140 -207 -140 56 133 0
ROOM45 -92 18 -13 70 -145 -38 -54 54 -58 32 -46 56 -114 -78 -26 10 -30 60 0 124 -143 -68 44 112 1 -92 18 -13 70 -145 -38 -54 44 -58 32 -46 56 -114 -78 -26 10
ROOM45 -97 -1 29 42 -119 12 -98 69 -36 17 -32 23 -59 -49 -19 -9 -96 -27 -43 7 -89 -23 -111 -49 1 -84 -1 29 42 -119 12 -49 69 -36 17 -32 23 -59 -49 -19 -9
ROOM45 -13 -51 122 33 -25 164 -63 139 41 -21 67 3 38 88 20 70 74 71 79 76 1 4 147 153 0
ROOM45 10 -25 90 80 -56 90 1 168 38 12 62 42 -4 50 50 104 5 61 58 99 -94 -13 79 153 1 10 -25 90 61 -51 90 1 151 38 12 62 42 -4 50 50 104
ROOM45 -69 -91 52 30 -80 139 -147 66 -17 -30 1 -30 13 31 -47 -29 58 14 118 24 41 104 75 132 0
ROOM45 -23 -51 104 56 -58 147 -64 159 25 -5 55 9 16 60 20 64 23 35 101 65 -32 57 70 155 1 -23 -51 104 35 -58 147 -64 139 25 -5 55 9 16 60 20 64
ROOM45 9 -21 110 64 -30 107 2 174 47 17 71 25 22 54 64 96 45 48 114 61 -8 62 99 167 1 9 -21 110 48 -30 107 2 158 47 17 71 25 22 54 64 96
ROOM45 0 -96 124 44 -26 202 -94 148 60 -37 64 -15 75 101 23 49 94 59 109 83 14 48 166 180 0
ROOM45 -11 -100 43 -25 21 119 -96 -7 11 -70 21 -54 65 91 -59 -33 6 -8 52 15 3 42 7 66 0
ROOM45 -91 11 -43 139 -206 -71 -64 78 -68 63 -66 87 -155 -129 -5 21 -20 49 45 111 -129 -13 42 141 0
ROOM45 -83 -63 47 15 -87 101 -121 62 -21 -26 -15 -22 1 11 -47 -37 -71 -21 -36 56 -110 -25 -82 19 1 -36 -63 47 15 -51 101 -99 62 -21 -26 -15 -22 1 11 -47 -37
ROOM45 19 -18 88 103 -66 92 25 170 43 35 63 49 -6 28 78 112 93 -28 146 -7 102 167 78 124 0
ROOM45 -96 -92 30 -37 -51 110 -171 -20 -35 -72 -31 -56 21 41 -107 -87 45 -60 63 16 32 110 -12 70 0
ROOM45 -2 -12 54 88 -73 55 -8 125 19 31 33 45 -26 2 50 78 30 -8 50 23 8 57 35 68 1 -2 23 54 88 -73 31 21 125 19 31 33 45 -26 2 50 78
ROOM45 -22 9 137 76 -80 115 -9 212 44 40 70 44 0 30 84 114 119 62 146 87 47 69 188 227 1 -22 9 119 76 -80 110 -9 195 44 40 70 44 0 30 84 114
ROOM45 -78 3 31 87 -143 8 -60 94 -36 42 -10 48 -84 -52 6 38 -105 68 -79 80 -184 -147 -25 1 0
ROOM45 -8 -16 134 122 -124 126 1 242 52 42 74 64 -12 32 94 138 9 155 67 178 -167 -88 164 237 0
ROOM45 -3 -8 138 147 -140 133 12 261 65 64 69 74 -9 5 129 143 25 -10 75 20 14 79 19 85 1 -3 20 138 147 -140 118 17 261 65 64 69 74 -9 5 129 143
ROOM45 -93 7 -11 111 -201 -35 -79 93 -53 48 -51 70 -123 -99 -5 19 -67 146 -47 208 -271 -203 89 145 0
ROOM45 -8 -6 79 76 -77 80 7 151 22 22 48 48 -26 26 44 96 77 5 149 27 63 139 91 171 1 -8 -6 77 76 -77 80 7 151 22 22 48 48 -26 26 44 96
ROOM45 -58 -51 94 47 -103 141 -97 120 12 -15 24 11 1 39 -3 35 -79 -57 -25 -40 -32 30 -135 -80 1 -58 -51 94 47 -103 141 -80 120 12 -15 24 11 1 39 -3 35
ROOM45 -31 14 128 55 -71 111 7 163 48 31 48 37 11 17 79 85 111 70 181 111 6 103 191 290 0
ROOM45 -82 -57 5 -3 -68 50 -129 -8 -48 -37 -28 -23 -25 9 -85 -51 -102 -6 -48 56 -150 -50 -97 6 1 -82 -57 5 -6 -68 50 -129 -8 -48 -37 -28 -23 -25 9 -85 -51
ROOM45 -29 -78 104 39 -64 161 -82 131 30 -22 44 -16 46 66 8 28 138 63 154 82 56 91 201 230 0
ROOM45 9 -48 127 95 -63 170 -26 215 67 16 69 30 37 53 83 99 113 15 165 55 76 145 144 202 1 9 -48 113 95 -63 161 -26 208 67 16 69 30 37 53 83 99
ROOM45 -12 -54 83 64 -51 119 -50 125 27 0 43 10 17 43 27 53 69 -32 109 16 65 125 40 111 1 -12 -54 69 64 -51 119 -50 125 27 0 43 10 17 43 27 53
ROOM45 -95 -38 -25 6 -96 -2 -116 -30 -69 -21 -51 -11 -58 -30 -90 -62 -112 15 -85 87 -190 -112 -82 1 0
ROOM45 -34 -92 26 -50 20 99 -121 -45 -11 -73 3 -69 58 76 -84 -66 38 -39 73 -27 67 110 10 35 0
ROOM45 -46 -76 77 61 -87 151 -117 113 15 -12 15 -2 17 27 3 13 -12 -11 43 59 -54 47 -7 101 1 -46 -76 77 -11 -35 151 -117 66 15 -12 15 -11 26 27 3 4
ROOM45 -64 -61 88 70 -120 133 -114 154 -3 3 27 5 -8 24 0 32 37 -50 88 -11 59 129 1 69 1 -64 -61 88 70 -120 59 -114 154 -3 3 27 5 -8 24 0 32
ROOM45 0 0 45 113 -93 20 12 155 18 45 26 67 -49 -19 63 93 10 -9 19 0 14 24 7 14 0
ROOM45 3 -93 86 50 -27 178 -81 112 42 -36 46 -6 48 82 6 40 57 80 130 98 -38 48 152 223 0
ROOM45 -74 -3 69 146 -220 54 -56 200 -17 60 13 82 -99 -47 43 95 -3 -34 36 34 -23 54 -30 61 1 -74 34 69 146 -220 35 -40 200 -17 60 13 82 -99 -47 43 95
ROOM45 -38 5 105 103 -129 76 -33 206 18 50 48 58 -40 -2 68 106 -52 -30 14 4 -45 34 -68 5 0
ROOM45 -100 -8 0 59 -137 -4 -90 38 -52 13 -48 37 -89 -61 -39 -11 -95 93 -46 142 -234 -142 12 87 0
ROOM45 9 -79 93 -34 60 150 -59 41 45 -70 57 -42 87 127 -25 15 128 -34 141 -13 148 170 101 122 0
ROOM45 -49 -84 101 -33 -8 177 -118 61 14 -67 38 -49 63 105 -53 -11 -5 -57 27 -32 40 80 -50 -5 3 -49 -84 101 -57 8 177 -118 44 14 -67 38 -57 71 105 -53 -19 23 -57 101 -33 80 158 -34 61 23 -57 38 -49 80 95 -34 -11 27 -53 47 -33 60 80 -26 14 27 -53 31 -49 76 80 -26 -18
ROOM45 -71 -19 51 93 -155 62 -87 127 -22 32 2 42 -64 -30 10 44 28 35 70 114 -70 28 78 176 1 -71 -19 28 93 -155 47 -87 121 -22 32 2 42 -64 -30 10 44
ROOM45 -48 6 37 53 -94 11 -27 69 -20 19 10 39 -59 -9 -1 49 -83 17 -5 44 -117 -37 -49 27 2 -31 6 37 53 -37 11 -25 69 -18 19 10 39 -37 -9 1 49 -26 32 16 53 -79 -37 27 69 -12 32 2 39 -51 -37 27 41
ROOM45 -96 -61 52 8 -90 103 -132 56 -33 -38 -11 -14 -19 27 -71 -25 -72 -40 -32 -11 -49 -6 -108 -43 2 -67 -61 52 8 -6 103 -128 56 -33 -38 -11 -14 -6 27 -71 -25 -32 -26 2 8 -40 -6 -58 10 -32 -26 -20 -14 -18 -6 -58 -34
ROOM45 18 16 124 127 -101 89 42 226 56 61 86 81 -25 25 117 167 27 92 85 149 -106 -24 124 229 1 18 16 124 92 -74 89 42 216 56 61 86 81 -25 25 117 167
ROOM45 -87 -41 -32 102 -186 -7 -103 52 -61 16 -57 44 -105 -73 -45 -13 -112 7 -43 79 -188 -53 -101 29 0
ROOM45 11 -47 106 74 -61 134 -30 171 53 11 63 15 38 52 64 78 132 8 185 38 99 175 150 207 0
ROOM45 -58 -85 69 6 -40 140 -120 70 -10 -43 20 -35 25 63 -53 -15 -57 -4 -39 14 -62 -41 -54 -34 0
ROOM45 -25 -28 23 14 -25 33 -37 28 -1 -14 -1 0 -1 13 -15 -1 -59 12 -4 43 -85 -33 -37 33 0
ROOM45 2 -71 138 17 -10 191 -65 147 58 -30 82 -24 82 112 28 58 170 47 217 62 114 168 226 265 0
ROOM45 -38 10 43 104 -130 28 -3 131 1 49 3 65 -64 -46 50 68 -19 -18 46 51 -61 49 -23 87 1 -38 51 43 104 -130 -8 13 131 1 51 3 65 -64 -48 52 68
ROOM45 -55 -73 38 65 -108 111 -114 89 -10 -18 -6 10 -20 12 -28 4 50 -58 114 -7 61 165 5 92 0
ROOM45 -99 -60 -12 66 -158 42 -159 42 -65 3 -45 3 -68 -48 -62 -42 -125 66 -111 118 -237 -179 -56 -2 0
ROOM45 18 6 155 79 -58 144 48 225 84 31 88 53 31 57 115 141 61 99 116 113 -38 16 160 216 0
ROOM45 -36 -43 79 73 -91 120 -55 139 13 1 29 29 -16 28 14 58 106 -5 161 65 55 157 101 210 0
ROOM45 6 -63 70 26 -17 124 -35 83 37 -20 39 -16 53 59 17 23 -24 23 45 101 -114 22 15 138 1 6 -63 70 23 -17 124 -35 83 37 -20 39 -16 53 59 17 23
ROOM45 -15 -82 83 -25 31 161 -74 41 25 -56 43 -50 75 99 -31 -7 44 -13 97 44 10 101 43 133 0
ROOM45 -99 -97 16 36 -135 102 -174 49 -54 -41 -28 -19 -35 13 -95 -47 -86 26 -74 85 -161 -112 -60 9 1 -99 -97 16 26 -125 102 -174 42 -54 -41 -28 -19 -35 13 -95 -47
ROOM45 -58 0 -3 159 -200 -7 -36 141 -36 79 -24 79 -115 -103 43 55 -1 68 61 142 -139 -15 80 185 0
ROOM45 -51 1 87 46 -93 77 -27 124 5 13 31 33 -28 18 18 64 -26 29 51 68 -85 6 17 109 1 -51 1 87 29 -80 77 -27 116 5 13 31 29 -24 18 18 60
ROOM45 4 14 52 124 -113 21 23 156 24 67 32 71 -47 -35 91 103 -26 69 53 86 -105 -16 51 122 1 4 14 52 69 -65 21 23 121 24 67 32 69 -45 -35 91 101
ROOM45 -57 -55 57 24 -76 99 -96 64 -7 -25 7 -5 -2 32 -32 2 90 -24 169 26 68 190 76 186 0
ROOM45 -75 20 58 125 -182 27 -39 171 -19 62 3 82 -101 -59 43 85 49 137 77 203 -152 -61 192 273 0
ROOM45 -18 -54 134 43 -39 188 -68 175 44 -13 72 3 41 85 31 75 41 67 82 106 -56 -2 126 175 0
ROOM45 -94 -29 29 17 -106 44 -103 27 -40 -14 -24 2 -42 -10 -54 -22 45 -31 85 11 34 111 20 79 0
ROOM45 -28 13 76 168 -194 56 -2 230 18 89 30 91 -73 -59 107 121 40 25 82 59 -12 47 77 137 1 -28 59 76 168 -194 17 31 230 18 89 30 91 -73 -59 107 121
ROOM45 -80 -9 -14 45 -121 -24 -89 7 -61 16 -33 20 -81 -49 -45 -13 12 -30 79 10 17 92 -14 86 0
ROOM45 -88 -32 27 89 -166 56 -101 91 -44 28 -16 28 -72 -44 -16 12 -121 113 -43 160 -277 -170 9 108 0
ROOM45 -65 -46 4 49 -90 29 -92 38 -45 -10 -15 12 -57 -5 -55 -3 -93 37 -37 94 -180 -92 -40 55 0
ROOM45 -31 -23 49 76 -88 54 -40 122 2 18 16 34 -32 -2 20 50 -40 10 19 81 -111 -1 -23 100 0
ROOM45 -56 -23 99 66 -109 117 -75 142 15 20 27 22 -7 7 35 49 -58 -45 -11 22 -65 32 -88 10 1 -11 -23 99 66 -77 117 -34 142 15 20 27 22 -7 7 35 49
ROOM45 -80 -62 -25 89 -144 24 -128 53 -55 13 -49 13 -68 -62 -42 -36 -7 -68 50 -32 34 103 -74 13 0
ROOM45 16 -47 67 18 10 91 -8 68 39 -22 43 -6 45 65 17 37 11 -41 62 -1 23 93 -30 55 0
ROOM45 -40 -74 42 41 -78 93 -112 60 -5 -20 7 -12 7 27 -25 -5 26 42 57 102 -76 -3 80 152 0
ROOM45 -38 16 108 102 -120 87 -15 195 27 46 43 72 -45 -3 73 115 138 79 147 85 56 62 220 232 0
ROOM45 -66 -78 59 29 -82 128 -128 68 -16 -38 10 -10 -6 48 -54 0 13 -76 39 -11 33 103 -56 27 1 -66 -78 13 29 -82 91 -128 42 -16 -38 10 -10 -6 48 -54 0
ROOM45 -16 -8 41 101 -111 48 -18 120 2 35 22 57 -55 -13 37 79 34 29 72 87 -52 26 68 157 1 -16 -8 34 101 -111 42 -18 120 2 35 22 57 -55 -13 37 79
ROOM45 -98 -17 -7 117 -206 3 -93 103 -60 45 -44 55 -115 -89 -15 11 25 81 76 160 -126 -5 119 225 0
ROOM45 20 -81 70 43 -19 129 -54 98 41 -19 49 -19 60 68 22 30 25 47 61 69 -31 1 82 125 0
ROOM45 -68 -27 87 52 -101 102 -90 132 7 10 11 14 -7 1 17 25 -1 75 48 87 -85 -39 84 135 0
ROOM45 0 12 151 79 -54 134 36 226 70 39 80 51 19 41 109 131 -9 30 13 68 -68 -21 24 67 1 13 12 151 79 -54 134 36 226 70 39 80 51 19 41 109 131
ROOM45 -93 16 -53 122 -193 -80 -75 54 -78 54 -68 84 -162 -122 -24 16 -71 79 -7 142 -205 -86 25 122 1 -93 16 -53 109 -193 -80 -75 25 -78 54 -68 84 -162 -122 -24 16
ROOM45 -64 -36 56 76 -127 85 -98 122 -19 10 11 30 -49 1 -9 41 -85 35 -34 85 -161 -85 -33 44 1 -64 -36 56 76 -85 85 -98 122 -19 10 11 30 -49 1 -9 41
ROOM45 -39 16 67 131 -149 33 -11 173 3 67 25 79 -76 -42 70 104 80 2 113 71 10 100 98 179 0
ROOM45 8 12 79 74 -60 63 24 133 30 29 56 57 -27 27 59 113 52 98 120 117 -52 14 156 226 0
ROOM45 -7 -9 124 75 -81 128 -1 180 49 20 67 46 3 47 69 113 8 58 60 89 -78 2 80 132 1 -7 -9 124 58 -65 128 -1 180 49 20 67 46 3 47 69 113
ROOM45 -4 12 145 136 -123 132 12 271 59 60 81 88 -29 21 119 169 35 -5 76 58 -7 67 44 121 1 -4 58 145 136 -123 87 54 271 59 60 81 88 -29 21 119 169
ROOM45 -90 -45 -17 114 -196 3 -130 86 -64 29 -42 39 -103 -71 -35 -3 14 7 65 74 -53 58 38 127 0
ROOM45 -53 -70 11 63 -107 77 -99 62 -30 -14 -12 8 -38 2 -44 -4 40 83 87 162 -115 3 137 234 0
ROOM45 -88 -55 50 28 -110 93 -121 76 -19 -17 -19 -9 -10 -2 -36 -28 12 -34 73 27 0 99 -6 82 1 -88 -55 12 28 -110 67 -121 40 -19 -17 -19 -9 -10 -2 -36 -28
ROOM45 6 -17 55 142 -116 54 14 191 30 55 30 69 -39 -25 85 99 1 55 72 117 -114 12 61 173 0
ROOM45 -35 -69 80 3 -21 136 -96 62 22 -33 22 -33 55 55 -11 -11 103 -45 122 31 75 163 71 137 0
ROOM45 -5 -15 75 139 -135 70 -17 209 25 49 45 75 -50 -4 74 120 6 -31 76 47 -41 94 -7 119 1 -5 47 75 139 -135 28 42 209 25 49 45 75 -50 -4 74 120
ROOM45 -33 -32 19 112 -145 28 -60 117 -9 28 -5 52 -61 -33 19 47 -66 -33 -47 24 -85 -21 -97 -38 0
ROOM45 -79 5 69 151 -222 64 -61 215 -10 77 0 79 -89 -77 67 79 -17 133 4 167 -183 -134 133 169 1 -79 5 69 133 -212 64 -61 202 -10 77 0 79 -89 -77 67 79
ROOM45 -9 -71 65 -8 2 135 -77 37 17 -44 39 -34 51 83 -27 5 62 7 83 38 36 68 83 111 0
ROOM45 3 -64 57 12 -5 109 -37 56 19 -32 41 -20 39 73 -13 21 62 35 98 65 7 46 115 160 0
ROOM45 3 -33 89 47 -42 108 -30 135 43 3 49 11 32 46 46 60 113 -31 164 1 127 179 89 154 0
ROOM45 -33 -44 90 93 -125 129 -76 172 13 11 43 37 -24 32 24 80 26 107 54 157 -117 -56 133 203 0
ROOM45 -71 -61 73 93 -155 134 -120 154 -14 5 16 27 -41 11 -9 43 -32 89 -5 102 -124 -98 61 88 1 -71 -61 73 89 -155 134 -120 154 -14 5 16 27 -41 11 -9 43
ROOM45 -34 -56 77 11 -20 129 -84 81 15 -30 27 -14 29 57 -15 13 65 -67 119 -31 111 169 1 74 1 -34 -56 65 11 -20 121 -84 76 15 -30 27 -14 29 57 -15 13
ROOM45 -28 -67 130 2 -22 181 -93 122 45 -34 57 -30 75 91 11 27 57 -52 104 21 46 147 15 120 1 -28 -67 57 2 -22 124 -93 59 45 -34 57 -30 75 91 11 27
ROOM45 -62 -79 61 4 -55 116 -136 49 -9 -40 9 -34 25 49 -49 -25 -78 -59 -61 8 -82 -11 -128 -66 1 -61 -79 61 4 -55 116 -136 49 -9 -40 9 -34 25 49 -49 -25
ROOM45 -10 -14 134 105 -95 133 -20 217 57 38 67 52 5 29 95 119 45 -49 103 17 43 143 0 115 1 -10 17 134 105 -95 117 7 217 57 38 67 52 5 29 95 119
ROOM45 -75 -99 28 -29 -29 110 -149 -16 -25 -75 -21 -53 28 54 -100 -74 34 -94 102 -35 70 180 -48 49 0
ROOM45 -74 -61 83 -7 -53 141 -133 74 -11 -45 19 -23 12 64 -56 -4 -70 -88 10 -21 -34 81 -155 -13 1 10 -61 83 -7 17 141 -51 74 10 -45 19 -23 33 64 -35 -4
ROOM45 -7 -42 62 112 -102 87 -25 154 21 26 33 44 -23 7 47 77 2 134 66 178 -175 -71 141 234 0
ROOM45 -81 -46 -17 30 -100 10 -120 -12 -63 -19 -35 3 -66 -16 -82 -32 -10 -23 28 26 -19 35 -29 49 0
ROOM45 13 -33 104 80 -45 128 -5 169 49 20 67 26 23 47 69 93 108 -51 157 -3 126 201 71 144 0
ROOM45 -5 -79 104 -23 30 181 -63 56 49 -51 49 -51 100 100 -2 -2 38 -107 103 -43 87 204 -69 60 0
ROOM45 -23 1 98 116 -118 88 -22 202 36 54 38 62 -26 -16 90 100 98 118 142 148 -44 8 228 282 0
ROOM45 -32 -61 91 77 -87 130 -90 162 25 1 33 15 10 32 26 48 -30 78 18 143 -173 -66 55 154 0
ROOM45 -79 5 19 48 -121 10 -55 51 -43 18 -17 34 -77 -35 -25 17 -76 59 -26 72 -138 -98 -14 45 0
ROOM45 -93 0 -25 157 -243 -49 -74 130 -64 63 -54 93 -157 -117 -1 39 -125 59 -85 138 -262 -155 -56 47 1 -85 0 -25 157 -242 -49 -74 130 -64 63 -54 93 -157 -117 -1 39
ROOM45 17 -17 92 116 -86 109 18 204 53 48 55 50 3 7 101 105 120 -12 175 29 99 180 122 190 0
ROOM45 -18 -55 42 11 -29 72 -59 45 6 -23 18 -21 27 41 -17 -3 -39 -85 -18 -50 13 63 -115 -83 0
ROOM45 -30 -91 33 -45 34 107 -120 -30 1 -79 1 -57 58 80 -78 -56 3 -78 31 -36 44 106 -73 -15 1 -30 -91 3 -45 34 94 -120 -42 1 -79 1 -57 58 80 -78 -56
ROOM45 -40 -6 18 95 -126 10 -44 113 -21 34 -1 54 -75 -35 13 53 33 52 58 83 -41 -9 90 136 0
ROOM45 -53 -27 71 13 -47 73 -79 75 8 -14 10 0 8 24 -6 10 -80 27 -47 45 -123 -82 -37 -9 0
ROOM45 0 -99 146 -25 46 239 -90 111 69 -63 77 -61 130 140 6 16 95 -62 159 9 97 216 41 152 1 0 -99 95 -25 46 194 -90 70 69 -63 77 -61 130 140 6 16
ROOM45 -30 -17 81 62 -83 97 -30 140 14 15 36 29 -15 21 29 65 -34 -12 -19 40 -61 -15 -39 18 1 -19 -17 81 62 -81 97 -30 140 14 15 36 29 -15 21 29 65
ROOM45 -61 -58 41 77 -113 89 -101 113 -15 -4 -5 22 -37 -1 -19 17 51 -36 123 40 14 145 19 153 0
ROOM45 -90 -82 -40 73 -141 22 -163 21 -73 -7 -57 -1 -72 -50 -80 -58 -18 -95 39 -60 52 127 -101 -29 0
ROOM45 -14 -33 138 35 -32 162 -25 152 47 -4 77 6 41 81 43 83 22 -66 46 -1 40 106 -31 43 1 46 -33 138 35 11 162 13 152 47 -4 77 6 41 81 43 83
ROOM45 -33 -16 120 81 -99 134 -26 201 34 32 52 32 2 20 66 84 43 -43 90 -13 59 133 4 75 1 -33 -13 120 81 -99 133 -26 201 34 32 52 32 2 20 66 84
ROOM45 -32 -9 28 148 -168 33 -20 168 -8 66 4 72 -80 -62 58 76 -27 90 41 157 -184 -61 77 190 1 -32 -9 28 90 -122 33 -20 118 -8 66 4 72 -80 -62 58 76
ROOM45 -40 -22 107 30 -50 109 -60 132 21 -3 45 11 10 48 18 56 59 16 126 41 26 104 81 156 1 -40 -22 59 30 -50 81 -60 89 21 -3 45 11 10 48 18 56
ROOM45 -61 -33 45 109 -166 77 -73 142 -22 24 6 52 -74 -18 2 58 -55 -19 12 3 -42 25 -67 11 1 -61 3 45 109 -166 42 -58 142 -22 24 6 52 -74 -18 2 58
ROOM45 -29 -88 45 11 -25 114 -97 49 -7 -49 23 -27 20 72 -56 -4 -17 -50 -2 16 -25 38 -62 6 2 -29 -88 45 6 38 114 -97 49 -7 -49 23 -27 38 72 -56 -4 -2 -40 44 11 -13 38 -42 49 -2 -40 11 -27 25 38 -42 -16
ROOM45 -70 -80 -16 32 -80 45 -144 2 -48 -24 -38 -24 -24 -14 -72 -62 -36 29 32 89 -116 -9 4 113 0
ROOM45 -6 -44 40 82 -71 71 -38 100 5 17 29 21 -16 12 22 50 68 -72 103 -58 131 174 6 32 0
ROOM45 12 -46 64 47 -19 96 -34 93 25 -4 51 4 21 55 21 55 33 73 110 132 -82 24 114 224 0
ROOM45 8 -72 136 -29 38 199 -50 96 63 -58 81 -42 105 139 5 39 36 -68 57 -16 56 113 -23 26 1 57 -72 136 -29 86 199 -15 96 63 -58 81 -42 105 139 5 39
ROOM45 6 4 146 54 -31 141 19 177 76 16 76 42 34 60 92 118 17 25 28 95 -71 -2 49 118 1 28 4 146 54 -26 141 32 177 76 16 76 42 34 60 92 118
ROOM45 -13 -30 71 82 -84 100 -43 138 15 13 43 39 -24 30 28 82 35 -3 54 65 -29 47 37 110 1 -13 -30 35 82 -84 65 -43 117 15 13 35 39 -24 22 28 74
ROOM45 -17 0 132 86 -94 111 -4 204 44 33 70 53 -9 37 77 123 36 -13 65 12 27 75 27 69 1 -17 12 132 86 -94 111 -4 204 44 33 70 53 -9 37 77 123
ROOM45 -69 -62 22 35 -103 65 -112 44 -30 -25 -16 -1 -29 9 -55 -17 34 53 101 105 -63 36 103 194 0
ROOM45 -20 -14 102 84 -104 108 -22 183 26 25 56 45 -19 31 51 101 99 86 170 126 -19 73 201 289 0
ROOM45 -20 -20 63 103 -102 76 -20 161 14 31 28 51 -37 -3 45 79 -51 -54 6 -29 -17 58 -101 -23 0
ROOM45 -28 -92 92 66 -80 168 -97 142 29 -14 35 -12 41 49 15 23 63 -43 86 -13 83 117 27 63 1 -28 -92 63 66 -80 155 -97 129 29 -14 35 -12 41 49 15 23
ROOM45 17 -29 86 22 -5 93 -6 101 43 -7 59 1 42 66 36 60 19 -12 58 1 26 69 13 58 2 58 -29 86 22 36 93 29 101 58 -7 59 1 57 66 51 60 36 0 58 22 14 58 58 80 57 0 58 1 56 58 58 59
ROOM45 13 -34 157 55 -28 189 -2 193 84 9 86 11 73 77 93 97 146 -26 188 -7 162 201 131 175 1 13 -34 146 55 -28 180 -2 193 84 9 86 11 73 77 93 97
ROOM45 -12 -17 63 59 -51 63 -24 117 23 9 27 33 -10 18 32 60 62 83 130 146 -77 32 146 269 0
ROOM45 -23 -68 70 3 -13 137 -74 55 10 -37 36 -27 37 73 -27 9 76 31 129 96 -15 93 112 220 0
ROOM45 -31 -2 117 76 -84 111 -33 168 39 29 47 45 -6 18 68 92 78 66 92 100 -17 20 152 189 1 -31 -2 78 76 -84 80 -33 154 39 29 47 45 -6 18 68 92
ROOM45 -71 -42 34 49 -107 76 -90 76 -33 -3 -3 9 -42 0 -36 6 -72 -61 -48 2 -74 7 -117 -58 1 -48 -42 34 49 -97 76 -90 76 -33 -3 -3 9 -42 0 -36 6
ROOM45 6 -73 85 36 -11 147 -42 117 42 -33 48 -3 45 81 9 45 -14 -82 44 -10 11 121 -81 33 3 44 -73 85 36 8 147 -29 117 44 -33 48 -3 47 81 11 45 11 -11 44 36 -11 55 33 80 42 -11 44 -3 45 55 33 41 6 -10 43 22 -11 53 -4 33 42 -10 43 -9 51 53 32 33
ROOM45 -4 -24 65 91 -71 75 -25 146 15 22 45 44 -29 23 37 89 44 62 55 79 -32 -15 110 125 1 -4 -24 65 62 -66 75 -25 127 15 22 45 44 -29 23 37 89
ROOM45 -98 -99 -30 -8 -70 59 -179 -61 -79 -56 -49 -50 -29 7 -135 -99 -3 -23 57 -6 7 73 -12 40 0
ROOM45 -73 -43 50 79 -146 92 -93 121 -14 7 -8 29 -43 -15 -7 21 -16 99 49 120 -130 -50 92 156 0
ROOM45 -45 -29 34 119 -150 57 -66 135 -14 39 4 51 -65 -35 25 55 1 131 31 181 -174 -104 149 195 0
ROOM45 -4 -36 93 35 -23 116 -35 117 34 -12 54 12 22 66 22 66 10 -22 90 35 -22 103 -1 109 0
ROOM45 -47 16 14 162 -205 -18 -12 163 -22 88 -10 90 -112 -98 66 80 -64 115 -31 179 -227 -159 60 135 1 -47 16 14 115 -162 -18 -12 129 -22 88 -10 90 -112 -98 66 80
ROOM45 -38 3 112 142 -155 91 -13 235 26 63 48 81 -55 -15 89 129 -25 -1 32 23 -37 31 -12 51 1 -38 23 112 142 -155 89 -13 235 26 63 48 81 -55 -15 89 129
ROOM45 -25 -36 23 60 -63 37 -46 61 -9 6 7 18 -27 1 -3 25 -35 12 40 69 -87 11 -14 109 1 -25 -36 23 12 -37 37 -46 35 -9 6 7 12 -21 1 -3 19
ROOM45 -36 -72 31 29 -53 85 -103 51 -9 -34 5 -8 -1 39 -43 -3 17 24 60 51 -18 24 53 100 0
ROOM45 -48 -75 14 -17 -7 73 -101 -19 -18 -56 -16 -36 18 40 -74 -52 2 -103 61 -71 73 151 -95 -21 0
ROOM45 -76 -16 78 48 -118 92 -91 126 -11 9 13 23 -34 4 -2 36 65 51 136 61 7 85 124 187 0
ROOM45 -43 -91 65 -51 22 143 -113 9 9 -84 13 -58 67 97 -75 -45 8 -107 41 -82 93 147 -96 -50 3 1 -91 65 -51 52 143 -50 9 9 -63 13 -58 67 76 -50 -45 -43 -82 32 -51 22 114 -113 -50 9 -82 13 -59 68 95 -73 -50 -31 -91 11 -82 51 93 -113 -71 9 -84 11 -82 91 93 -75 -71
ROOM45 -81 -26 9 112 -192 18 -89 108 -45 40 -27 46 -91 -67 -5 19 38 -42 86 36 4 114 3 106 0
ROOM45 0 -46 41 25 -18 75 -38 48 13 -18 27 -2 15 45 -5 25 21 -78 99 -60 93 177 -51 34 0
ROOM45 -66 -22 54 120 -164 67 -76 158 -15 35 3 63 -78 -32 20 66 -21 27 31 50 -63 -11 19 74 2 -66 50 54 120 -164 4 -16 158 -15 50 3 63 -78 -47 35 66 -66 -3 -13 50 -116 -63 -69 37 -15 48 -13 50 -65 -63 33 37
ROOM45 -81 -56 71 39 -98 125 -116 85 -10 -9 0 -7 -3 9 -19 -7 -50 5 -32 31 -68 -49 -41 -7 1 -81 -56 71 39 -49 125 -116 85 -10 -9 0 -7 -3 9 -19 -7
ROOM45 -98 -61 48 4 -96 102 -136 38 -32 -39 -18 -17 -15 21 -71 -35 21 -53 84 -42 70 131 -29 42 1 -98 -61 21 4 -96 82 -136 25 -32 -39 -18 -17 -15 21 -71 -35
ROOM45 -51 -21 107 116 -157 109 -68 211 21 45 35 49 -28 -10 66 84 99 -1 128 23 82 115 100 150 1 -51 -21 99 116 -157 109 -68 211 21 45 35 49 -28 -10 66 84
ROOM45 19 4 149 119 -83 134 39 246 84 61 84 61 23 23 145 145 1 -12 16 8 -2 22 -1 19 0
ROOM45 -27 7 108 110 -119 99 -16 205 32 43 48 73 -41 5 75 121 -31 50 2 116 -133 -58 35 103 1 2 7 108 110 -108 99 9 205 32 43 48 73 -41 5 75 121
ROOM45 -11 -95 144 47 -58 216 -97 188 53 -31 79 -17 70 110 22 62 -4 14 24 78 -79 3 20 96 1 -11 -95 144 47 3 216 -97 188 53 -31 79 -17 70 110 22 62
ROOM45 -77 14 41 60 -113 9 -61 81 -22 35 -14 39 -61 -49 13 25 41 70 103 87 -35 28 117 187 0
ROOM45 -76 -32 77 123 -182 107 -91 179 -8 40 8 50 -58 -32 32 58 -6 -44 24 -1 -3 62 -35 16 1 -76 -1 77 123 -182 78 -77 179 -8 40 8 50 -58 -32 32 58
ROOM45 -94 -71 -32 53 -139 15 -151 15 -67 -9 -59 -9 -58 -50 -76 -68 -91 -76 -66 -52 -21 -3 -165 -121 1 -94 -52 -32 53 -139 15 -146 15 -67 -9 -59 -9 -58 -50 -76 -68
ROOM45 -24 -75 105 -9 -13 160 -78 76 28 -52 52 -32 60 104 -24 20 84 -82 133 -68 166 214 2 58 0
ROOM45 -50 -33 106 13 -61 114 -59 102 13 -25 43 5 8 68 -12 48 110 32 141 70 50 94 154 211 0
ROOM45 -96 -66 -3 84 -169 60 -162 67 -49 -5 -49 23 -72 -44 -54 -26 -32 -76 40 -47 21 103 -102 -15 1 -96 -47 -3 84 -169 44 -143 67 -49 -5 -49 23 -72 -44 -54 -26
ROOM45 -100 -97 -30 29 -104 63 -187 -11 -70 -41 -60 -27 -43 -19 -111 -87 -5 -21 74 9 4 85 -20 74 0
ROOM45 14 3 124 85 -65 111 18 195 55 36 83 52 3 47 91 135 148 -27 224 8 149 244 135 222 0
ROOM45 -4 -42 152 32 -36 178 -33 168 60 -16 88 6 54 104 44 94 -37 34 -23 54 -89 -57 6 18 0
ROOM45 -57 -93 80 23 -78 159 -138 88 8 -38 14 -32 40 52 -30 -18 61 -37 74 -26 90 106 32 44 1 -57 -93 61 23 -78 154 -138 84 8 -38 14 -32 40 52 -30 -18
ROOM45 -55 11 10 129 -184 -5 -28 138 -23 68 -21 72 -95 -89 45 51 -55 29 -43 76 -130 -75 -17 22 1 -43 11 10 129 -172 -5 -28 138 -23 68 -21 72 -95 -89 45 51
ROOM45 -77 -85 -27 -20 -55 36 -155 -56 -62 -57 -42 -47 -15 15 -119 -89 -19 -68 49 -20 13 115 -76 19 0
ROOM45 -65 -94 -19 55 -108 65 -154 34 -54 -22 -30 -16 -38 -8 -76 -46 -27 -124 22 -106 82 130 -146 -84 0
ROOM45 15 -16 90 128 -97 96 7 211 44 42 60 70 -26 18 86 130 50 67 77 77 -27 8 127 145 3 15 -16 90 67 -52 96 7 157 44 42 60 67 -23 18 86 127 15 67 50 128 -97 -17 82 178 44 67 50 70 -26 -17 111 120 50 67 60 77 -27 -7 117 127 50 67 60 70 -20 -7 117 127
ROOM45 6 -89 133 51 -36 202 -67 160 60 -27 78 -11 71 105 33 67 23 38 79 108 -71 33 75 174 1 6 -89 133 38 -32 202 -67 160 60 -27 78 -11 71 105 33 67
ROOM45 -33 -24 78 63 -87 91 -55 120 21 10 23 28 -7 13 31 51 -1 -30 49 43 -30 62 -19 84 0
ROOM45 -25 11 111 113 -133 87 -8 210 37 52 49 72 -35 -3 89 121 -6 28 61 107 -103 21 23 167 0
ROOM45 -1 10 115 116 -98 83 22 228 48 53 66 73 -25 13 101 139 -25 0 -12 58 -77 -17 -22 45 0
ROOM45 -77 -13 -10 40 -93 -14 -87 8 -43 8 -43 18 -61 -51 -35 -25 -104 -38 -42 36 -127 -15 -135 -18 0
ROOM45 -95 -91 -24 51 -129 54 -169 6 -73 -28 -45 -12 -61 -17 -101 -57 -66 -32 -22 14 -80 3 -93 -20 2 -95 -91 -66 51 -129 25 -169 -15 -73 -28 -66 -12 -61 -38 -101 -78 -66 -91 -24 -27 -39 54 -157 -93 -66 -28 -65 -27 -39 -37 -94 -93
ROOM45 -97 -16 -53 137 -233 -52 -91 68 -89 48 -61 72 -161 -109 -41 11 -47 142 18 176 -217 -132 95 191 0
ROOM45 -77 -53 75 59 -127 103 -121 110 -14 3 12 3 -17 9 -11 15 106 -9 119 6 108 122 105 120 0
ROOM45 -7 -24 100 121 -123 108 -27 202 33 43 59 53 -20 16 76 112 7 14 34 90 -74 17 25 118 1 34 -24 100 121 -87 108 10 202 34 43 59 53 -19 16 77 112
ROOM45 -32 10 87 73 -91 62 -4 142 18 39 36 43 -25 -3 57 79 -31 32 27 64 -79 -5 14 75 2 5 10 87 73 -5 62 15 142 34 39 36 41 -5 -3 73 77 27 32 68 73 -46 -5 59 141 27 39 36 43 -16 -5 66 79
ROOM45 1 10 90 94 -89 62 29 163 34 43 56 61 -27 13 77 117 -23 21 1 99 -119 -26 0 94 0
ROOM45 -39 -19 4 127 -163 19 -45 129 -25 50 -9 58 -83 -59 25 49 2 -8 44 58 -43 39 -5 98 1 -39 -19 2 127 -163 19 -45 129 -25 50 -9 58 -83 -59 25 49
ROOM45 -41 -54 98 97 -116 137 -89 192 13 17 43 25 -12 26 30 68 -34 1 -9 59 -82 -19 -28 36 1 -9 -54 98 97 -106 137 -63 192 13 17 43 25 -12 26 30 68
ROOM45 -43 -11 88 91 -126 80 -32 165 17 30 27 50 -33 -3 47 77 25 -23 60 -5 45 82 6 49 1 -43 -5 88 91 -126 80 -32 165 17 30 27 50 -33 -3 47 77
ROOM45 -60 -62 89 56 -93 142 -120 142 7 -11 21 5 2 32 -4 26 -18 -80 46 -69 52 125 -90 -33 0
ROOM45 -11 -72 55 -22 23 115 -72 22 21 -57 23 -37 58 80 -36 -14 -13 5 65 80 -78 45 -7 128 0
ROOM45 -60 0 13 48 -90 -5 -41 61 -37 19 -9 29 -66 -28 -18 20 40 61 56 82 -37 -20 101 131 0
ROOM45 5 -10 78 122 -94 70 18 180 29 54 53 58 -29 -1 83 111 -27 146 41 194 -206 -117 122 228 0
ROOM45 17 17 166 148 -116 137 46 307 80 72 102 92 -12 30 152 194 133 180 154 204 -59 -35 326 349 0
ROOM45 -17 -4 33 98 -115 20 -21 109 1 44 15 50 -49 -29 45 65 68 118 138 175 -95 3 201 298 0
ROOM45 -13 6 137 69 -80 117 -5 183 62 26 62 48 14 36 88 110 151 11 201 72 93 175 168 256 0
ROOM45 -2 -87 69 -12 27 151 -73 48 32 -49 34 -49 81 83 -17 -15 79 -108 115 -56 141 216 -23 49 0
ROOM45 -7 -28 77 18 -16 99 -22 84 34 -15 36 5 29 51 19 41 89 -50 109 -31 120 146 46 72 0
ROOM45 -89 -98 -31 -24 -49 56 -179 -76 -62 -69 -58 -53 -9 11 -131 -111 -79 -121 -39 -75 9 77 -197 -116 1 -89 -75 -31 -24 -49 44 -164 -76 -62 -69 -58 -53 -9 11 -131 -111
ROOM45 -51 -60 70 35 -80 121 -97 95 6 -25 12 1 5 37 -19 13 -12 -29 31 6 -15 42 -38 30 0
ROOM45 -54 -71 52 -28 -15 112 -114 23 -12 -59 10 -39 27 69 -71 -29 27 -19 54 46 -8 64 18 95 0
ROOM45 11 -47 68 56 -36 101 -32 123 36 1 42 7 29 41 37 49 8 -54 61 -25 44 99 -45 32 1 11 -25 68 56 -36 93 -14 123 36 1 42 7 29 41 37 49
ROOM45 -97 4 -25 111 -193 -29 -91 84 -69 44 -53 70 -139 -97 -25 17 -69 -25 -4 22 -82 8 -76 9 1 -97 22 -25 111 -193 -47 -75 84 -69 44 -53 70 -139 -97 -25 17
ROOM45 -64 -20 47 100 -163 63 -77 139 -14 35 -2 45 -59 -37 21 43 15 93 33 144 -119 -62 111 169 1 -64 -20 47 93 -157 63 -77 139 -14 35 -2 45 -59 -37 21 43
ROOM45 -12 -3 126 105 -109 121 3 226 56 44 58 58 -2 14 100 116 121 128 163 145 -14 29 257 306 0
ROOM45 -74 -69 34 76 -127 102 -121 101 -25 2 -15 4 -29 -17 -23 -11 -65 -18 -14 40 -97 -2 -77 24 0
ROOM45 15 -14 140 34 -13 130 10 150 62 9 92 11 51 83 71 103 113 65 158 126 -2 82 193 283 0
ROOM45 1 -17 155 120 -115 155 -5 253 76 43 80 59 17 37 119 139 32 78 58 131 -91 -29 124 175 1 1 -17 155 120 -29 155 -5 253 76 43 80 59 17 37 119 139
ROOM45 6 2 64 66 -42 51 18 117 20 31 50 37 -17 19 51 87 31 77 76 91 -53 -12 108 164 0
ROOM45 -61 -58 0 65 -108 46 -105 44 -42 -7 -18 13 -55 -11 -49 -5 -56 -71 10 -60 8 79 -119 -54 0
ROOM45 -82 1 10 133 -192 -8 -58 139 -36 55 -36 79 -115 -91 19 43 35 140 98 218 -179 -57 189 298 0
ROOM45 -34 14 101 167 -195 70 3 261 25 87 41 93 -68 -46 112 134 37 129 116 191 -153 -18 180 291 1 -34 14 101 129 -163 70 3 230 25 87 41 93 -68 -46 112 134
ROOM45 -92 -15 -51 144 -224 -39 -83 86 -75 56 -67 72 -147 -123 -19 5 -120 15 -105 69 -187 -133 -103 -49 0
ROOM45 -21 -39 117 57 -72 148 -37 165 46 -6 50 24 22 56 40 74 59 -31 118 48 16 140 38 148 1 -21 -39 59 57 -72 98 -37 116 46 -6 50 24 22 56 40 74
ROOM45 -45 17 51 70 -110 10 -11 106 -4 39 10 47 -51 -29 35 57 8 16 46 96 -76 27 26 136 1 -45 17 8 70 -110 -9 -11 78 -4 39 8 47 -51 -31 35 55
ROOM45 -62 -53 36 8 -62 86 -109 34 -19 -32 -7 -12 -7 25 -51 -19 -10 31 40 68 -70 5 22 91 0
ROOM45 -2 -15 152 113 -92 156 4 247 64 34 86 64 0 52 98 150 37 -34 57 -16 63 91 10 30 0
ROOM45 -58 15 45 57 -111 30 -35 96 -8 31 -4 41 -49 -35 23 37 -62 81 9 158 -213 -89 29 151 0
ROOM45 4 -12 73 132 -121 79 16 198 36 47 40 73 -37 -7 83 113 56 -30 105 6 52 123 34 94 1 4 6 73 132 -121 67 16 198 36 47 40 73 -37 -7 83 113
ROOM45 -49 -95 34 -33 -13 110 -123 -11 -21 -73 7 -55 34 80 -94 -48 14 -47 80 -25 50 113 -22 47 1 -49 -95 34 -33 -13 110 -123 -22 -21 -73 7 -55 34 80 -94 -48
ROOM45 -83 -53 -27 76 -145 15 -117 40 -60 -3 -50 25 -85 -47 -63 -25 -117 52 -98 91 -205 -159 -55 -14 0
ROOM45 -72 -19 49 83 -139 51 -72 109 -15 25 -7 39 -54 -32 10 32 -6 93 36 173 -173 -67 88 206 0
ROOM45 -76 20 66 95 -164 42 -31 157 -19 57 9 57 -76 -48 38 66 68 4 77 11 64 67 72 86 0
ROOM45 -1 -35 43 58 -44 57 -16 83 14 10 28 12 2 18 24 40 53 -21 85 -6 68 106 38 75 0
ROOM45 -52 8 61 63 -107 51 -25 118 -1 30 9 40 -41 -21 29 49 77 79 138 154 -68 42 158 281 0
ROOM45 -73 -13 32 145 -200 27 -83 155 -34 55 -6 77 -111 -61 21 71 26 135 71 191 -153 -64 164 253 0
ROOM45 -43 11 74 131 -153 52 -7 190 15 66 15 76 -61 -51 81 91 62 151 136 216 -149 -29 213 338 0
ROOM45 -42 -85 59 1 -32 124 -125 37 7 -44 9 -40 47 53 -37 -31 -37 -21 1 30 -67 16 -53 23 1 -42 -85 59 -21 -21 124 -125 37 7 -44 9 -40 47 53 -37 -31
ROOM45 -95 -32 -8 24 -103 23 -105 2 -57 -10 -45 2 -59 -35 -67 -43 -2 46 19 78 -67 -37 55 88 0
ROOM45 -24 -29 105 96 -101 122 -46 183 25 21 55 45 -20 34 46 100 -20 23 52 65 -82 16 21 113 3 -24 -29 105 23 -47 122 -46 128 25 21 55 23 2 34 46 78 39 23 105 84 16 82 62 183 39 23 55 39 16 32 62 94 52 36 100 96 -44 16 88 183 52 36 55 45 7 16 88 100
ROOM45 -8 10 42 170 -165 28 17 201 8 79 26 101 -93 -53 87 127 -38 9 11 50 -74 -16 -29 52 1 -8 50 42 170 -165 -8 42 201 8 79 26 101 -93 -53 87 127
ROOM45 -44 -17 91 93 -124 103 -40 177 9 38 37 38 -29 -1 47 75 17 90 97 135 -111 -11 111 214 1 -44 -17 91 90 -124 103 -40 177 9 38 37 38 -29 -1 47 75
ROOM45 -2 -60 80 87 -77 125 -41 159 38 -1 40 27 11 41 37 67 58 -90 99 -73 131 182 -15 26 0
ROOM45 12 -43 83 38 -6 125 -25 113 35 -6 59 2 33 65 29 61 116 -40 194 19 104 224 81 208 0
ROOM45 -14 -62 46 47 -44 83 -62 84 15 -14 17 0 15 31 1 17 -34 -30 43 35 -57 68 -60 73 0
ROOM45 -70 -51 61 39 -99 88 -99 78 -12 -10 4 -2 -10 14 -22 2 51 24 99 95 -39 65 78 189 0
ROOM45 -57 -26 27 59 -108 45 -61 67 -25 6 -5 26 -51 -11 -19 21 -21 9 33 32 -46 22 0 63 4 -57 -26 27 9 -66 45 -61 36 -25 6 -5 9 -34 -11 -19 4 -57 9 11 59 -108 -46 -48 67 -25 21 -20 26 -51 -46 -4 6 -37 9 -21 25 -46 -30 -28 4 -25 9 -21 25 -46 -30 -16 4 -21 9 -9 21 -42 -18 -12 0 -21 9 -9 21 -42 -18 -12 0
ROOM45 -26 -38 60 50 -71 89 -51 87 9 0 25 12 -3 25 9 37 42 75 68 141 -96 -17 130 208 0
ROOM45 0 -42 115 99 -82 133 -41 193 50 27 64 29 21 37 77 93 147 73 213 90 68 138 226 301 0
ROOM45 -67 18 -11 85 -137 -33 -46 65 -54 47 -24 55 -109 -71 -7 31 -56 52 -43 123 -176 -97 7 75 4 -67 18 -11 52 -119 -33 -46 41 -54 47 -24 52 -106 -71 -7 28 -45 52 -11 81 -97 -63 7 65 -45 52 -24 55 -97 -76 7 31 -43 54 -16 85 -128 -97 11 65 -43 54 -42 55 -98 -97 11 13 -67 52 -45 72 -137 -97 -15 7 -54 52 -45 55 -109 -97 -2 7
ROOM45 -42 7 52 58 -91 31 -22 105 5 20 5 44 -39 -15 25 49 19 20 69 55 -36 37 57 114 1 -42 7 19 58 -91 12 -22 77 5 20 5 44 -39 -15 25 49
ROOM45 -83 -69 27 -28 -53 83 -130 -10 -36 -51 -20 -45 9 31 -87 -65 -11 -29 49 2 -6 74 -24 39 1 -83 -69 27 -28 -53 83 -130 -24 -36 -51 -20 -45 9 31 -87 -65
ROOM45 3 -19 48 79 -53 61 4 118 14 30 36 30 -16 6 44 66 -17 96 15 159 -169 -96 92 169 0
ROOM45 -31 -65 35 -19 8 90 -92 16 -10 -42 14 -42 32 56 -52 -28 -54 -55 -25 -30 -9 22 -105 -69 1 -25 -65 35 -19 8 90 -90 16 -10 -42 14 -42 32 56 -52 -28
ROOM45 -60 -96 -10 45 -98 79 -146 27 -43 -39 -27 -11 -32 12 -82 -38 -92 34 -35 84 -175 -73 -49 37 1 -60 -96 -10 34 -94 79 -146 24 -43 -39 -27 -11 -32 12 -82 -38
ROOM45 -19 -85 100 73 -70 171 -80 159 32 -9 48 -3 35 57 23 45 125 -116 148 -42 182 253 21 101 0
ROOM45 -56 -50 79 10 -50 126 -94 71 2 -20 20 -20 22 40 -18 0 -71 -60 -52 16 -77 5 -125 -45 1 -52 -50 79 10 -50 126 -94 71 2 -20 20 -20 22 40 -18 0
ROOM45 -94 -3 49 59 -142 36 -84 95 -23 20 -21 36 -59 -41 -3 15 7 -18 83 37 -21 91 -11 115 1 -94 -3 7 59 -142 10 -84 66 -23 20 -21 36 -59 -41 -3 15
ROOM45 -52 19 73 147 -191 44 -20 213 -3 70 23 96 -99 -47 67 119 20 42 56 74 -44 8 80 122 1 -52 19 73 147 -191 -44 -20 213 -3 70 23 96 -99 -47 67 119
ROOM45 -5 15 105 161 -142 75 29 266 43 79 57 97 -54 -22 122 154 126 61 178 114 13 114 188 289 0
ROOM45 -37 16 36 146 -161 9 -20 175 -2 80 2 82 -84 -78 78 84 52 0 80 77 -19 79 54 146 0
ROOM45 -3 -11 104 77 -56 109 -10 157 42 19 58 47 -5 39 61 105 58 -6 118 44 14 117 69 153 1 -3 -11 58 77 -56 69 -10 135 42 19 58 47 -5 39 61 105
ROOM45 -31 -56 28 37 -58 70 -73 45 -8 -20 6 2 -10 26 -28 8 6 -78 71 -64 71 139 -59 3 0
ROOM45 -20 -19 47 123 -128 54 -16 145 5 41 21 63 -58 -20 46 84 -31 157 23 170 -188 -135 127 180 0
ROOM45 -67 -14 -25 36 -92 -22 -78 0 -50 -3 -42 25 -75 -39 -53 -17 -62 -2 -20 58 -106 -28 -51 32 2 -67 -14 -25 -2 -65 -22 -78 -27 -50 -3 -42 -2 -48 -39 -53 -44 -67 -2 -49 16 -83 -47 -69 -51 -50 -2 -49 -1 -49 -47 -52 -51
ROOM45 -61 -10 70 80 -116 63 -69 133 -1 23 9 47 -48 -14 22 56 29 103 56 140 -97 -60 135 193 0
ROOM45 -87 9 17 73 -157 -7 -65 72 -47 27 -23 55 -102 -50 -20 32 -4 -17 42 44 -40 53 -11 81 1 -87 9 -4 73 -157 -13 -65 69 -47 27 -23 55 -102 -50 -20 32
ROOM45 -94 -34 3 40 -119 22 -106 37 -54 -6 -36 12 -66 -30 -60 -24 -62 -39 -18 -28 -30 12 -93 -49 1 -94 -28 3 40 -119 22 -106 37 -54 -6 -36 12 -66 -30 -60 -24
ROOM45 -54 -43 36 76 -124 62 -87 93 -15 1 -3 31 -46 -4 -14 28 -80 -47 -22 -16 -55 25 -117 -50 1 -54 -43 36 76 -124 62 -50 93 -15 1 -3 31 -46 -4 -14 28
ROOM45 -83 -13 -12 37 -119 -20 -77 5 -51 1 -43 23 -74 -44 -50 -20 -41 29 3 99 -132 -37 -12 101 1 -83 -13 -12 29 -112 -20 -77 5 -51 1 -43 23 -74 -44 -50 -20
ROOM45 -46 -51 26 49 -80 61 -81 53 -13 -10 -7 8 -21 3 -23 1 -22 -7 -10 56 -68 -3 -17 43 3 -46 -51 26 -7 -39 61 -81 19 -13 -10 -7 -7 -6 3 -23 -14 -10 -7 26 49 -59 33 -17 53 -10 -7 -7 8 -18 0 -17 1 -46 -7 -10 29 -75 -3 -53 -17 -13 -7 -10 -4 -9 -3 -20 -17
ROOM45 -25 -72 93 60 -73 155 -86 148 22 -6 46 -6 28 52 16 40 -20 13 4 54 -72 -14 9 54 1 -25 -72 93 60 -14 155 -86 148 22 -6 46 -6 28 52 16 40
ROOM45 -28 -58 43 101 -117 81 -68 124 -5 14 19 28 -33 5 9 47 -21 8 -6 64 -82 -25 -9 57 1 -6 -58 43 101 -107 81 -64 124 -5 14 19 28 -33 5 9 47
ROOM45 -9 -97 43 34 -27 118 -91 55 12 -33 22 -29 41 55 -21 -7 -1 -36 37 -26 28 70 -29 3 0
ROOM45 -51 -72 10 36 -84 77 -121 26 -30 -30 -10 -6 -24 20 -60 -16 -13 -71 19 -4 -6 87 -80 -2 2 -51 -45 10 36 -84 -6 -96 26 -30 -24 -12 -6 -24 -6 -54 -18 -51 -72 -13 -7 -6 59 -121 -20 -30 -30 -13 -7 -6 17 -60 -20
ROOM45 1 -18 137 22 -17 153 -14 135 55 -13 83 17 38 96 42 100 149 -5 223 68 81 222 162 286 0
ROOM45 -81 -63 9 38 -106 63 -136 37 -48 -17 -24 -7 -41 -7 -65 -31 25 -20 44 0 37 53 14 36 0
ROOM45 -12 -11 98 48 -44 104 -17 123 32 18 54 18 14 36 50 72 121 30 154 93 45 121 169 230 0
ROOM45 2 -10 154 144 -142 147 11 297 65 53 91 81 -16 38 118 172 66 -29 118 -3 73 134 51 101 1 2 -3 154 144 -142 147 11 297 65 53 91 81 -16 38 118 172
ROOM45 -9 -64 97 45 -46 154 -52 131 33 -20 55 2 31 75 13 57 87 -77 116 -32 133 182 20 81 1 -9 -64 87 45 -46 151 -52 131 33 -20 55 2 31 75 13 57
ROOM45 -5 -28 111 117 -98 128 -15 221 48 39 58 49 -1 19 87 107 88 0 147 13 82 137 94 156 1 -5 -28 111 117 -98 82 -15 221 48 39 58 49 -1 19 87 107
ROOM45 -22 -31 98 43 -65 125 -41 135 23 0 53 12 11 53 23 65 13 -20 90 41 -13 106 7 122 0
ROOM45 16 -38 66 34 5 98 -11 88 39 -15 43 11 28 58 24 54 80 -67 99 -46 138 154 13 46 0
ROOM45 -76 -62 60 63 -119 109 -130 102 -23 -7 7 7 -30 14 -30 14 85 20 163 95 3 133 116 250 0
ROOM45 -9 -15 115 74 -66 129 -14 170 47 25 59 33 14 34 72 92 20 51 65 97 -62 9 79 162 1 -9 -15 115 51 -60 129 -14 166 47 25 59 33 14 34 72 92
ROOM45 -42 -79 1 14 -44 77 -117 -3 -21 -42 -19 -22 1 23 -63 -41 -74 -17 -38 49 -122 -28 -81 11 1 -38 -79 1 14 -44 77 -117 -3 -21 -42 -19 -22 1 23 -63 -41
ROOM45 -17 -74 59 13 -30 116 -79 49 6 -38 36 -22 28 74 -32 14 90 -13 108 11 87 113 87 108 0
ROOM45 -42 -75 100 9 -35 166 -92 88 29 -36 29 -30 59 65 -7 -1 110 -56 142 -28 144 190 64 102 0
ROOM45 -27 -2 96 121 -136 93 -9 206 34 47 34 71 -37 -13 81 105 7 74 37 151 -144 -38 88 176 1 -27 -2 96 74 -101 93 -9 170 34 47 34 71 -37 -13 81 105
ROOM45 -12 -68 35 0 -9 93 -71 33 -3 -44 25 -24 21 69 -47 1 67 -43 143 -19 103 175 29 110 0
ROOM45 -91 -25 43 120 -211 60 -99 151 -33 36 -15 58 -91 -51 3 43 -6 143 7 169 -165 -136 150 173 0
ROOM45 -86 -57 35 46 -108 71 -126 81 -29 -12 -21 2 -31 -9 -41 -19 -19 60 18 139 -155 -48 41 141 0
ROOM45 -89 -70 55 65 -129 100 -144 95 -26 -10 -8 6 -32 2 -36 -2 -34 -70 -2 -58 24 64 -103 -69 1 -89 -58 55 65 -129 100 -144 95 -26 -10 -8 6 -32 2 -36 -2
ROOM45 8 -89 62 50 -39 142 -57 99 31 -20 39 -18 49 59 11 21 91 26 136 82 20 95 119 213 0
ROOM45 -52 -64 89 -10 -26 149 -102 65 5 -38 31 -36 41 69 -33 -5 -13 -51 48 21 -30 91 -55 57 0
ROOM45 -79 -34 20 116 -172 31 -104 132 -41 35 -17 47 -88 -52 -6 30 -19 -32 28 47 -57 44 -42 72 2 -79 -22 20 116 -172 -57 -101 132 -41 35 -17 47 -88 -57 -6 30 -79 -34 -19 38 -57 15 -104 19 -22 35 -19 38 -57 -54 13 19
ROOM45 -88 -46 -18 114 -191 11 -132 87 -67 30 -39 38 -105 -69 -37 -1 -26 109 39 136 -150 -71 92 175 0
ROOM45 -38 -58 34 33 -57 91 -72 60 -6 -18 2 -6 0 20 -24 -4 -51 -51 26 8 -47 66 -89 25 0
ROOM45 -10 2 144 129 -120 131 3 270 55 62 79 68 -13 17 117 147 49 67 118 123 -72 38 122 239 1 -10 2 144 67 -77 131 3 211 55 62 79 67 -12 17 117 146
ROOM45 -77 -75 -31 -31 -39 34 -127 -74 -69 -59 -39 -47 -22 20 -127 -86 -39 -43 -21 21 -59 21 -64 -8 0
ROOM45 -77 -32 -8 126 -191 2 -103 99 -45 41 -39 53 -98 -80 -4 14 2 85 37 118 -103 -49 95 145 0
ROOM45 -12 -42 46 92 -92 66 -41 124 3 13 31 37 -34 18 16 68 76 -13 122 -1 84 129 68 117 0
ROOM45 -4 -83 154 25 -22 225 -86 156 65 -43 85 -15 80 128 22 70 -35 -95 -7 -19 -15 76 -114 -39 0
ROOM45 -43 -43 102 78 -107 125 -69 169 23 12 35 22 1 23 35 57 49 -51 109 27 37 143 8 126 1 -43 -43 49 78 -107 92 -69 127 23 12 35 22 1 23 35 57
ROOM45 -91 -25 46 26 -99 49 -107 47 -34 -9 -10 9 -43 -1 -43 -1 22 -6 49 28 9 48 16 65 1 -91 -25 22 26 -99 47 -107 47 -34 -9 -10 9 -43 -1 -43 -1
ROOM45 -51 3 35 128 -171 17 -38 146 -11 56 -5 74 -85 -61 45 69 17 -16 62 47 -17 66 5 101 1 -51 3 35 128 -171 -17 -38 146 -11 56 -5 74 -85 -61 45 69
ROOM45 -5 -54 120 52 -56 160 -43 147 46 -13 68 11 35 81 33 79 19 -30 46 41 -22 60 -3 77 1 46 -54 120 52 -6 160 -8 147 46 -13 68 11 35 81 33 79
ROOM45 -29 -68 68 49 -53 115 -84 107 6 -15 32 -3 9 47 -9 29 -64 39 -49 68 -120 -96 -17 16 0
ROOM45 -50 -14 -3 55 -87 11 -58 38 -31 16 -21 24 -55 -37 -15 3 -47 0 -15 42 -81 -17 -43 22 0
ROOM45 -66 -86 84 32 -75 160 -151 92 2 -35 16 -19 21 51 -33 -3 79 60 106 101 -18 36 155 201 0
ROOM45 -51 19 20 141 -186 -7 -11 159 -15 66 -15 94 -109 -81 51 79 -26 70 -5 136 -162 -87 53 123 2 -51 19 20 70 -121 -7 -11 90 -15 66 -15 70 -85 -81 51 55 -17 70 20 107 -87 -50 53 127 -15 70 -15 72 -87 -85 55 57
ROOM45 -37 7 79 57 -87 57 -30 118 15 22 27 42 -27 5 37 69 -8 41 57 111 -105 7 44 157 1 -37 7 79 41 -78 57 -30 118 15 22 27 41 -26 5 37 68
ROOM45 -70 -14 32 134 -193 46 -61 166 -27 47 -11 73 -100 -58 20 62 -71 52 -12 71 -132 -72 -9 52 5 -70 -14 32 52 -122 46 -61 84 -27 47 -11 52 -79 -58 20 41 -20 52 32 104 -72 -20 32 136 -20 52 -11 61 -72 -63 32 50 -12 60 32 134 -146 -72 48 166 -12 60 -11 73 -85 -72 48 62 -70 64 -12 134 -193 -76 52 122 -21 64 -12 73 -94 -76 52 61 -70 71 -19 122 -192 -90 1 52 -27 71 -19 73 -100 -90 44 52
ROOM45 -6 -90 59 57 -60 141 -76 101 14 -16 38 -16 30 54 -2 22 -34 -115 9 -63 29 118 -133 -64 1 -6 -63 59 57 -60 122 -69 101 14 -16 38 -16 30 54 -2 22
ROOM45 -52 -77 58 9 -43 118 -121 64 -8 -46 14 -22 14 60 -54 -8 34 42 38 46 -10 -6 79 82 0
ROOM45 16 -75 70 59 -37 145 -53 118 43 -15 43 -1 44 58 28 42 -17 82 61 127 -128 -36 71 183 0
ROOM45 -17 -93 126 -47 49 214 -98 65 45 -74 63 -66 111 137 -29 -3 -1 -28 56 8 -8 74 -17 64 0
ROOM45 -47 -15 -1 84 -122 -1 -44 78 -30 24 -18 44 -74 -42 -6 26 -1 116 36 150 -139 -83 128 170 0
ROOM45 -83 18 7 155 -215 -29 -60 145 -40 73 -36 99 -139 -109 33 63 33 43 48 115 -76 3 81 159 0
ROOM45 -44 -8 102 121 -152 106 -34 214 22 45 36 67 -45 -9 67 103 67 19 82 63 18 61 98 145 1 -44 -8 67 121 -152 75 -34 188 22 45 36 67 -45 -9 67 103
ROOM45 -6 -80 114 56 -52 179 -79 160 43 -12 65 -12 55 77 31 53 -1 -42 47 5 -2 85 -37 43 1 47 -80 114 56 -9 179 -33 160 47 -12 65 -12 59 77 35 53
ROOM45 -37 -40 120 4 -28 152 -58 120 31 -30 51 -6 37 81 1 45 144 21 168 63 95 134 166 220 0
ROOM45 -79 -10 39 116 -190 26 -80 151 -22 40 -18 66 -88 -58 18 48 3 136 77 202 -184 -60 146 263 0
ROOM45 -35 -26 111 85 -96 131 -55 190 36 26 40 32 4 14 62 72 117 -49 169 -22 146 205 77 135 0
ROOM45 -89 -76 -17 8 -93 44 -158 -23 -57 -49 -49 -19 -38 0 -106 -68 -87 -5 -35 69 -155 -32 -83 21 1 -89 -76 -17 -5 -84 44 -158 -23 -57 -49 -49 -19 -38 0 -106 -68
ROOM45 2 14 152 149 -129 117 19 288 71 79 83 83 -12 4 150 166 9 172 27 238 -221 -160 185 257 0
ROOM45 -68 16 81 101 -161 59 -37 162 -1 56 13 60 -61 -43 55 73 -84 55 -29 96 -178 -100 -11 58 1 -29 16 81 101 -130 59 -13 162 -1 56 13 60 -61 -43 55 73
ROOM45 -63 -11 23 125 -168 13 -54 132 -35 48 -5 66 -101 -53 13 61 -20 57 -1 76 -87 -59 48 74 3 -63 -11 23 57 -120 13 -54 80 -35 48 -5 57 -92 -53 13 52 -63 57 23 125 -168 -87 -6 132 -35 57 -21 66 -101 -87 22 45 -30 57 -9 68 -87 -66 27 48 -30 57 -9 66 -87 -66 27 48
ROOM45 -69 1 4 132 -182 -11 -43 122 -44 61 -20 71 -115 -81 17 51 -104 79 -79 111 -209 -169 -15 30 0
ROOM45 10 -8 143 152 -138 127 13 273 62 60 90 84 -22 30 122 174 19 103 29 165 -146 -82 125 184 1 29 -8 143 152 -123 127 21 273 62 60 90 84 -22 30 122 174
ROOM45 -6 -6 137 128 -122 140 13 264 63 53 67 69 -6 14 116 136 -29 49 1 109 -129 -61 20 96 1 1 -6 137 128 -122 140 13 264 63 53 67 69 -6 14 116 136
ROOM45 11 -100 65 42 -22 141 -69 88 29 -34 47 -24 53 81 -5 23 44 -77 64 -28 84 141 -16 29 1 11 -73 65 42 -22 84 -62 88 29 -34 47 -24 53 81 -5 23
ROOM45 9 -64 135 86 -70 189 -46 205 57 0 87 22 35 87 57 109 1 -44 81 -7 24 125 -27 60 1 9 -7 135 86 -70 142 2 205 57 0 87 22 35 87 57 109
ROOM45 -6 5 72 51 -46 67 7 110 22 23 44 33 -11 21 45 77 16 7 53 43 -24 37 33 79 0
ROOM45 -44 -9 20 63 -83 25 -33 61 -23 14 -1 40 -63 -15 -9 39 -46 4 -6 17 -53 -20 -39 7 3 -27 -9 20 40 -20 25 -33 60 -6 14 -1 19 -20 -15 8 18 -38 13 20 63 -83 -20 7 61 -23 14 -1 40 -63 -20 7 39 -44 17 -10 45 -83 -27 -27 7 -23 17 -10 30 -53 -27 -6 7
ROOM45 -35 -45 11 93 -121 34 -61 101 -14 9 -10 39 -53 -19 -5 29 30 -73 93 3 42 162 -43 84 0
ROOM45 -7 -39 41 34 -18 80 -42 60 12 -17 22 13 -1 39 -5 35 -18 17 34 47 -65 0 10 78 1 -7 -39 41 17 -18 80 -42 58 12 -17 22 13 -1 39 -5 35
ROOM45 -76 -22 -16 81 -138 -15 -76 49 -53 16 -39 42 -95 -55 -37 3 -1 -3 36 64 -60 22 -4 97 0
ROOM45 12 2 102 85 -62 95 39 187 56 35 58 51 5 23 91 109 115 104 171 135 -16 52 235 299 0
ROOM45 -60 -11 98 72 -121 84 -67 161 13 26 25 34 -21 -1 39 59 77 44 115 85 -8 63 137 189 1 -60 -11 77 72 -121 84 -67 149 13 26 25 34 -21 -1 39 59
ROOM45 -51 -88 7 36 -85 87 -119 40 -30 -38 -14 -14 -16 24 -68 -28 -53 -1 -23 45 -85 -34 -50 18 1 -51 -88 7 -1 -50 87 -119 6 -30 -38 -14 -14 -16 24 -68 -28
ROOM45 -15 -52 67 53 -66 104 -46 110 12 -10 40 10 2 50 2 50 -1 -77 62 -10 11 124 -74 49 1 -15 -10 67 53 -66 77 -25 110 12 -10 40 10 2 50 2 50
ROOM45 -1 -35 64 6 5 88 -11 54 24 -16 38 -12 36 54 8 26 -30 22 49 97 -109 27 -5 142 0
ROOM45 -14 -39 33 21 -33 55 -41 37 -2 -10 20 -8 6 30 -12 12 69 -12 80 -2 80 88 58 76 0
ROOM45 -99 -84 9 -23 -68 84 -165 -17 -58 -58 -32 -48 -10 26 -116 -80 45 -82 119 -69 120 199 -29 38 0
ROOM45 6 -44 136 104 -73 157 -36 219 59 30 83 30 29 53 89 113 4 77 55 126 -119 -39 90 177 1 6 -44 136 77 -71 157 -36 213 59 30 83 30 29 53 89 113
ROOM45 18 7 115 130 -92 85 26 244 52 61 80 75 -23 19 113 155 22 122 34 136 -106 -97 147 165 0
ROOM45 -79 -96 50 48 -116 129 -159 74 -27 -25 -1 -23 -4 24 -52 -24 -63 70 -36 93 -144 -108 18 54 0
ROOM45 -21 -89 96 57 -60 182 -96 129 33 -29 41 -3 36 70 4 38 -45 3 -15 62 -92 -36 -42 45 1 -15 -89 96 57 -60 182 -96 129 33 -29 41 -3 36 70 4 38
ROOM45 -47 -11 80 45 -69 74 -53 109 8 10 24 24 -16 14 18 48 50 23 69 78 -24 34 78 147 1 -47 -11 50 45 -69 61 -53 95 8 10 24 24 -16 14 18 48
ROOM45 -81 -74 -20 45 -125 39 -145 14 -63 -21 -37 -7 -56 -16 -84 -44 -92 46 -41 116 -206 -105 -37 74 0
ROOM45 3 -32 159 84 -75 181 -6 238 78 26 84 26 52 58 104 110 -30 2 41 66 -79 35 -16 106 1 41 -32 159 84 -43 181 9 238 78 26 84 26 52 58 104 110
ROOM45 -10 -35 85 124 -113 113 -20 194 33 30 41 58 -25 11 63 99 50 6 88 37 16 64 68 124 1 -10 -35 50 124 -113 85 -20 174 33 30 41 58 -25 11 63 99
ROOM45 -45 -77 29 59 -98 102 -107 85 -20 -11 4 -7 -13 15 -31 -3 5 -86 79 -31 47 147 -72 34 1 -45 -31 29 59 -98 60 -76 85 -20 -11 4 -7 -13 15 -31 -3
ROOM45 -87 -37 -47 86 -158 -16 -113 26 -72 12 -62 36 -108 -74 -60 -26 -117 72 -37 123 -236 -124 -39 80 1 -87 -37 -47 72 -158 -16 -113 25 -72 12 -62 36 -108 -74 -60 -26
ROOM45 10 -52 98 65 -42 147 -34 140 54 -2 54 14 40 56 52 68 47 99 108 132 -72 -2 154 227 0
ROOM45 -35 -29 8 26 -50 26 -49 10 -27 -13 1 11 -38 14 -40 10 -30 8 7 82 -96 -10 -18 83 3 -35 -29 8 8 -43 26 -49 10 -27 -13 1 8 -35 14 -40 9 -2 8 2 10 -10 -6 6 10 -2 8 1 10 -10 -7 6 10 -35 8 -26 16 -50 -34 -27 -18 -27 8 -26 9 -36 -34 -19 -18
ROOM45 -28 -41 113 110 -114 129 -64 222 31 33 53 35 -4 20 64 88 117 47 154 87 33 94 164 229 0
ROOM45 3 -35 74 47 -19 94 -27 109 38 2 38 10 28 36 40 48 -5 -30 20 -18 23 44 -33 -5 1 3 -35 74 47 -19 94 -5 109 38 2 38 10 28 36 40 48
ROOM45 -37 16 29 71 -104 5 -10 93 -11 34 3 52 -63 -31 23 55 -27 34 23 89 -106 -14 14 103 0
ROOM45 -39 -45 60 6 -36 91 -78 42 4 -20 16 -18 22 36 -16 -2 11 -9 74 48 -25 67 15 112 1 -39 -45 60 -9 -30 91 -78 42 4 -20 16 -18 22 36 -16 -2
ROOM45 -61 -25 57 38 -83 63 -65 70 -7 1 3 11 -18 2 -6 14 71 8 94 76 -3 70 84 162 0
ROOM45 -10 -7 112 71 -59 103 -13 160 51 31 51 33 18 20 82 84 11 90 74 152 -138 -33 117 222 0
ROOM45 8 -34 76 47 -36 87 -17 101 31 -1 53 13 18 54 30 66 26 28 89 78 -36 51 66 159 1 8 -34 76 28 -20 87 -17 101 31 -1 53 13 18 54 30 66
ROOM45 -92 -69 8 79 -147 55 -142 87 -50 -4 -34 14 -64 -30 -54 -20 -86 -71 -40 -6 -67 31 -152 -48 1 -92 -6 8 79 -147 14 -98 87 -50 -4 -34 14 -64 -30 -54 -20
ROOM45 -10 -28 130 130 -122 153 -34 255 58 37 62 65 -7 25 95 127 109 -34 134 42 72 151 82 168 1 -10 -28 109 130 -122 137 -34 239 58 37 62 65 -7 25 95 127
ROOM45 -93 -72 60 1 -79 130 -153 53 -17 -45 -15 -25 8 30 -62 -40 10 -80 73 -25 36 138 -58 33 1 -93 -72 10 1 -79 82 -153 11 -17 -45 -15 -25 8 30 -62 -40
ROOM45 -59 -58 17 8 -62 71 -113 8 -21 -29 -21 -21 0 8 -50 -42 35 6 106 37 -2 84 41 128 0
ROOM45 -38 -93 74 -33 6 162 -130 27 9 -69 27 -57 66 96 -60 -30 -66 -73 -12 -13 -46 59 -132 -36 1 -12 -93 74 -33 21 162 -105 27 9 -69 27 -57 66 96 -60 -30
ROOM45 13 -46 128 110 -85 152 -29 215 63 28 77 36 27 49 91 113 123 -58 197 13 110 249 65 203 1 13 -46 123 110 -85 152 -29 215 63 28 77 36 27 49 91 113
ROOM45 -8 3 120 104 -106 93 14 206 49 48 63 58 -9 15 97 121 80 77 140 114 -18 59 166 254 1 -8 3 120 104 -106 93 14 166 49 48 63 58 -9 15 97 121
ROOM45 -13 -32 130 77 -82 147 -25 195 46 22 70 22 24 48 68 92 -25 12 26 53 -67 13 5 63 1 26 -32 130 77 -51 147 -6 195 46 22 70 22 24 48 68 92
ROOM45 6 14 81 167 -151 64 44 243 31 75 55 105 -74 -20 106 160 7 197 68 245 -231 -131 221 312 0
ROOM45 4 -46 164 36 -21 189 -27 179 83 -7 85 -3 86 92 76 82 100 -57 137 -35 153 191 48 91 1 4 -46 164 36 -21 153 -27 179 83 -7 85 -3 86 92 76 82
ROOM45 -40 -69 93 57 -82 137 -89 143 19 -10 33 -2 21 43 9 31 -70 5 10 41 -109 -1 -59 38 1 -40 -69 93 57 -1 137 -89 143 19 -10 33 -2 21 43 9 31
ROOM45 -86 11 -32 84 -161 -65 -67 52 -64 47 -54 47 -111 -101 -17 -7 -37 118 -4 175 -202 -126 92 168 0
ROOM45 -37 -61 87 40 -60 137 -75 109 16 -14 34 -6 22 48 2 28 99 -83 132 -36 153 208 32 81 0
ROOM45 -26 -54 109 80 -104 140 -56 176 40 -1 42 27 13 43 39 69 -14 87 39 104 -112 -58 80 142 0
ROOM45 -80 -64 -37 -23 -45 22 -136 -61 -71 -44 -45 -42 -29 -1 -115 -87 -99 0 -73 43 -128 -73 -89 -41 0
ROOM45 -92 -10 -40 93 -181 -51 -82 28 -81 39 -51 43 -124 -90 -42 -8 33554432 33554432 -33554432 -33554432 33554432 -33554432 33554432 -33554432 0
ROOM45 -99 -89 -37 -47 -43 39 -170 -96 -74 -71 -62 -65 -9 9 -145 -127 -132 -65 -78 -8 -119 -27 -182 -102 1 -99 -89 -37 -47 -27 39 -170 -96 -74 -71 -62 -65 -9 9 -145 -127
ROOM45 -61 13 1 85 -122 -22 -30 68 -40 37 -20 61 -101 -57 -3 41 -95 36 -46 78 -158 -96 -58 20 1 -46 13 1 85 -122 -22 -30 68 -40 37 -20 61 -101 -57 -3 41
ROOM45 3 -22 147 38 -23 159 -8 163 68 8 82 8 60 74 76 90 -23 -37 1 -1 -19 37 -55 -17 0
ROOM45 -92 -81 -36 68 -147 32 -155 23 -76 -7 -52 -5 -71 -45 -83 -57 -30 23 22 55 -76 -7 6 64 0
ROOM45 -9 -38 132 48 -34 164 -41 166 57 -9 65 19 38 74 48 84 22 -41 95 12 28 134 -7 94 1 -9 12 132 48 -34 120 3 166 57 12 65 19 38 53 69 84
ROOM45 -55 1 99 147 -179 91 -31 235 15 60 29 88 -73 -31 75 117 -30 74 4 116 -143 -76 51 107 1 4 1 99 147 -143 91 5 235 15 60 29 88 -73 -31 75 117
ROOM45 -99 -86 38 5 -97 110 -183 31 -43 -43 -17 -37 -6 26 -86 -54 63 -89 99 -60 131 183 -25 33 0
ROOM45 -35 -76 93 -22 11 151 -94 69 25 -53 33 -45 70 86 -28 -12 123 -8 184 12 119 185 120 195 0
ROOM45 20 -67 98 53 -33 154 -33 145 54 -21 64 7 47 85 33 71 21 -93 83 -69 100 162 -57 8 0
ROOM45 -22 -44 130 79 -98 149 -49 190 50 15 58 19 31 43 65 77 17 25 72 44 -27 32 52 115 1 -22 -44 130 25 -47 149 -49 155 50 15 58 19 31 43 65 77
ROOM45 -76 2 23 99 -164 19 -72 118 -37 36 -15 64 -101 -51 -1 49 -47 -3 -34 15 -52 -43 -48 -23 1 -76 15 23 99 -164 8 -61 118 -37 36 -15 64 -101 -51 -1 49
ROOM45 0 -60 76 60 -37 123 -48 123 31 -11 45 11 20 56 20 56 108 77 136 132 -9 55 192 255 0
ROOM45 -79 -94 65 -34 -42 155 -153 15 -20 -79 6 -49 29 85 -99 -43 -58 -89 -39 -76 24 49 -146 -118 1 -39 -94 65 -34 -5 155 -133 15 -20 -79 6 -49 29 85 -99 -43
ROOM45 12 17 58 168 -136 24 34 216 33 91 37 93 -60 -54 124 130 92 -2 129 43 57 116 104 168 0
ROOM45 -19 1 73 127 -124 53 -18 186 27 57 27 71 -44 -30 84 98 86 70 157 85 14 80 158 233 0
ROOM45 -85 -8 -25 84 -161 -39 -90 52 -57 32 -53 44 -101 -85 -25 -9 2 -17 44 30 -23 50 2 58 0
ROOM45 -6 -25 35 71 -59 45 -17 89 14 16 14 30 -16 -2 30 44 20 83 80 143 -111 -20 103 218 0
ROOM45 5 -93 97 9 -3 190 -73 82 49 -47 53 -37 86 100 2 16 -11 22 50 64 -65 27 28 114 0
ROOM45 -76 -94 -3 -36 -25 88 -154 -55 -52 -65 -26 -65 13 39 -117 -91 13 -127 86 -106 135 201 -108 -23 0
ROOM45 -22 -81 67 68 -89 147 -99 122 9 -6 35 -6 15 41 3 29 -38 26 6 49 -80 -22 4 37 1 -22 -81 67 26 -48 147 -99 93 9 -6 35 -6 15 41 3 29
ROOM45 -79 8 13 99 -160 -1 -51 107 -45 47 -21 59 -104 -68 2 38 -4 132 19 144 -148 -120 136 157 0
ROOM45 -22 -19 131 62 -67 125 -41 174 48 8 60 34 14 52 56 94 137 87 157 148 -1 61 234 305 0
ROOM45 -20 -98 135 -47 41 233 -98 87 49 -84 65 -60 109 149 -35 5 -15 -57 4 -33 32 50 -63 -34 1 -20 -98 135 -47 50 233 -98 87 49 -84 65 -60 109 149 -35 5
ROOM45 -6 -35 80 90 -89 105 -33 160 26 14 48 40 -14 34 40 88 -26 13 26 87 -107 8 1 106 1 26 -35 80 90 -64 105 -9 160 26 14 48 40 -14 34 40 88
ROOM45 -34 11 54 149 -180 20 2 179 7 65 13 95 -88 -52 72 108 -59 29 -14 79 -122 -58 -28 59 1 -14 11 54 149 -163 20 2 179 7 65 13 95 -88 -52 72 108
ROOM45 -33 -42 84 88 -111 113 -69 167 14 19 36 27 -13 17 33 63 -54 12 -43 70 -114 -66 -42 26 0
ROOM45 -22 -59 62 36 -42 118 -78 96 7 -26 33 4 3 59 -19 37 -39 -2 -9 56 -90 -19 -27 44 1 -9 -59 62 36 -42 118 -68 96 7 -26 33 4 3 59 -19 37
ROOM45 -19 -47 40 79 -97 64 -66 97 -5 13 25 19 -24 12 8 44 -46 87 -24 160 -192 -119 55 128 0
ROOM45 7 -53 68 91 -78 116 -40 138 29 19 45 19 10 26 48 64 48 34 91 106 -43 55 90 181 1 7 -53 68 34 -27 116 -40 102 29 19 45 19 10 26 48 64
ROOM45 -10 16 59 71 -59 42 30 121 21 33 27 53 -32 -6 54 80 68 14 115 92 -6 101 83 205 0
ROOM45 12 -2 163 65 -33 160 29 227 85 29 89 33 52 60 114 122 159 -15 207 4 159 219 147 207 1 12 -2 159 65 -33 160 29 224 85 29 89 33 52 60 114 122
ROOM45 14 -50 164 106 -87 194 -21 259 87 24 91 32 55 67 111 123 143 -84 217 -47 202 301 71 167 0
ROOM45 -98 -94 -39 11 -84 51 -169 -38 -80 -53 -56 -29 -51 -3 -133 -85 -7 -80 24 -54 60 91 -77 -32 0
ROOM45 14 -50 135 54 -23 172 -19 170 63 -4 85 8 55 89 59 93 10 -81 71 -30 57 145 -68 38 1 14 -30 135 54 -23 165 -16 170 63 -4 85 8 55 89 59 93
ROOM45 -80 -31 -16 23 -95 3 -88 1 -54 -7 -42 -1 -53 -35 -61 -43 -61 13 -31 43 -86 -48 -45 3 1 -80 -31 -16 13 -93 3 -88 -3 -54 -7 -42 -1 -53 -35 -61 -43
ROOM45 17 -16 173 30 10 171 7 193 95 -1 95 15 80 96 94 110 40 37 64 62 -14 17 79 110 0
ROOM45 13 12 80 121 -98 61 37 188 35 65 57 67 -32 -8 100 124 38 130 103 185 -145 -42 179 275 0
ROOM45 19 -46 145 62 -29 187 -12 193 77 -7 87 23 54 94 70 110 185 35 246 58 139 194 232 300 0
ROOM45 -57 -55 44 89 -137 92 -100 117 -6 2 -6 32 -38 -8 -4 26 -40 4 -26 22 -51 -37 -29 -4 1 -26 -55 44 89 -115 92 -81 117 -6 2 -6 32 -38 -8 -4 26
ROOM45 -37 -80 25 62 -90 97 -111 83 -20 -13 8 -5 -15 21 -33 3 39 35 111 104 -50 72 86 212 0
ROOM45 -25 -45 22 93 -105 65 -47 108 -15 15 13 33 -48 -2 0 46 -14 30 24 67 -77 -14 18 87 3 -25 -45 22 30 -55 65 -47 52 -15 15 13 30 -45 -2 0 43 -25 30 -14 91 -105 -44 5 77 -15 30 -14 33 -48 -44 15 19 -14 30 -12 32 -46 -42 16 18 -14 30 -12 32 -46 -42 16 18
ROOM45 4 -23 148 108 -85 165 -1 239 75 39 77 45 30 38 114 122 94 47 160 86 23 113 143 246 1 4 -23 94 108 -85 117 -1 202 75 39 77 45 30 38 114 122
ROOM45 -61 -7 29 36 -97 25 -46 45 -24 14 -8 14 -38 -22 -10 6 -62 39 -27 109 -162 -82 -23 77 0
ROOM45 -2 -64 154 27 -29 193 -49 160 70 -20 82 -16 86 102 50 66 174 17 199 78 108 182 206 277 0
ROOM45 20 -18 103 71 -30 109 8 168 52 16 70 36 16 54 68 106 57 -18 117 41 16 127 39 155 1 20 -18 57 71 -30 75 8 128 52 16 57 36 16 41 68 93
ROOM45 -63 3 51 108 -159 27 -46 143 -19 49 7 61 -80 -42 30 68 35 1 89 79 -43 75 37 165 1 -63 3 35 108 -159 27 -46 143 -19 49 7 61 -80 -42 30 68
ROOM45 -68 4 58 153 -201 41 -41 204 -10 71 0 85 -95 -71 61 85 59 174 87 208 -140 -99 235 293 0
ROOM45 18 -2 142 130 -107 136 26 247 76 53 84 75 1 31 129 159 46 73 101 144 -91 10 123 231 2 18 -2 142 73 -55 136 26 215 76 53 84 73 3 31 129 157 83 73 142 119 10 69 156 247 83 73 84 74 10 11 156 158
ROOM45 -28 -80 46 17 -29 122 -102 49 0 -39 18 -23 23 57 -39 -5 80 15 113 86 5 89 100 181 0
ROOM45 -9 -36 35 97 -93 49 -33 107 4 23 22 37 -33 -1 27 59 65 -63 104 -1 70 164 12 99 0
ROOM45 -38 -67 76 -27 6 139 -95 37 4 -52 34 -42 46 86 -48 -8 -36 -15 34 47 -67 44 -41 71 0
ROOM45 -26 8 30 161 -182 12 -16 171 -12 77 16 91 -103 -61 65 107 -1 60 22 132 -124 -39 59 141 1 -26 8 -1 161 -182 -9 -16 160 -12 77 -1 91 -103 -78 65 90
ROOM45 15 -63 107 91 -54 157 -28 185 54 5 68 23 31 63 59 91 30 60 56 125 -91 -6 96 163 1 15 -63 107 60 -45 157 -28 167 54 5 68 23 31 63 59 91
ROOM45 -25 -91 78 -15 -8 169 -114 48 12 -53 40 -53 65 93 -41 -13 35 -88 113 -51 94 192 -46 53 1 -25 -91 71 -15 -8 94 -114 48 12 -53 40 -53 65 93 -41 -13
ROOM45 11 8 118 61 -30 104 34 169 50 31 78 37 13 47 81 115 65 62 89 127 -45 12 137 208 0
ROOM45 -54 -66 89 83 -121 135 -116 147 6 4 28 12 -6 24 10 40 112 28 167 62 56 130 146 225 0
ROOM45 -13 15 68 58 -50 40 5 123 24 26 30 46 -22 4 50 76 42 4 121 26 30 103 54 143 1 -13 15 68 58 -50 30 5 123 24 26 30 46 -22 4 50 76
ROOM45 -85 -61 26 45 -119 84 -126 53 -40 -8 -18 -8 -32 -10 -48 -26 37 -9 84 66 -23 85 42 134 0
ROOM45 -12 -73 128 64 -74 179 -75 192 49 -15 67 7 42 82 34 74 9 -1 26 13 1 25 16 27 1 26 -73 128 64 -38 179 -47 192 49 -15 67 7 42 82 34 74
ROOM45 -26 -53 94 96 -106 131 -61 178 23 17 45 25 -2 28 40 70 23 10 66 48 -11 46 36 111 0
ROOM45 -97 17 -8 84 -170 -26 -77 60 -65 45 -39 55 -120 -84 -20 16 -21 24 -8 87 -101 -45 4 72 1 -97 17 -21 84 -170 -38 -77 60 -65 45 -39 55 -120 -84 -20 16
ROOM45 -36 -8 124 116 -128 116 -22 234 39 46 49 62 -23 3 85 111 28 1 85 62 -34 71 31 129 0
ROOM45 -84 -90 31 3 -73 99 -150 24 -33 -43 -19 -43 10 24 -76 -62 31 -86 51 -17 59 134 -38 24 0
ROOM45 -10 -95 104 55 -41 192 -94 145 32 -23 62 -17 49 85 9 45 -32 14 9 46 -78 -10 -10 49 1 -10 -95 104 14 -24 192 -94 118 32 -23 62 -17 49 85 9 45
ROOM45 1 -12 130 34 -23 125 12 152 63 11 67 11 52 56 74 78 31 59 83 115 -83 7 96 194 0
ROOM45 -55 -79 49 1 -46 124 -126 29 -12 -39 6 -39 27 45 -51 -33 -6 -83 25 -17 20 101 -73 -4 1 -55 -79 -6 1 -46 73 -126 -5 -12 -39 -6 -39 27 33 -51 -45
ROOM45 -79 -81 0 -26 -35 69 -154 -27 -52 -66 -26 -40 -12 40 -118 -66 28 -54 97 -30 73 149 -25 57 0
ROOM45 -7 -34 67 102 -92 97 -24 156 15 33 45 35 -20 12 48 80 23 -4 88 11 25 88 21 87 1 -7 11 67 102 -92 56 4 156 15 33 45 35 -20 12 48 80
ROOM45 -91 -40 -29 99 -187 -8 -109 63 -70 23 -50 35 -105 -73 -47 -15 -52 -23 -39 12 -55 -22 -68 -32 1 -91 12 -29 99 -187 -41 -79 63 -70 23 -50 35 -105 -73 -47 -15
ROOM45 -68 -6 78 73 -125 68 -69 145 -9 27 19 39 -48 -8 18 58 -42 1 -30 57 -90 -35 -32 23 1 -30 -6 78 73 -103 68 -36 145 -9 27 19 39 -48 -8 18 58
ROOM45 -9 11 61 145 -149 42 21 186 22 77 30 79 -57 -47 99 109 42 157 113 183 -131 -47 205 285 0
ROOM45 9 -31 78 59 -43 102 3 125 41 14 45 14 27 31 55 59 -23 10 7 63 -84 -5 -8 62 0
ROOM45 -5 -12 57 137 -140 53 -8 186 25 47 27 77 -52 -20 72 104 60 135 85 173 -107 -58 211 256 0
ROOM45 -23 -88 131 62 -77 200 -99 177 51 -28 57 2 49 85 23 59 134 -81 187 -2 153 264 70 182 0
ROOM45 -19 -4 140 135 -133 129 -21 262 60 53 60 77 -17 7 113 137 41 7 63 78 -35 48 55 135 1 1 3 140 135 -133 129 135 262 60 75 60 77 -17 -15 135 137
ROOM45 -23 2 112 153 -157 97 -5 250 35 71 53 83 -48 -18 106 136 -2 138 9 185 -176 -137 140 194 1 -23 2 112 138 -157 97 -5 250 35 71 53 83 -48 -18 106 136
ROOM45 4 -53 158 1 21 198 -45 139 71 -30 91 -22 93 121 41 69 101 -88 177 -35 138 255 22 132 1 4 -53 101 1 21 154 -45 102 71 -30 91 -22 93 121 41 69
ROOM45 -53 6 61 78 -130 52 -31 119 -9 27 17 57 -66 -10 18 74 -17 79 -6 130 -136 -90 69 123 0
ROOM45 -13 11 42 86 -91 25 18 114 12 47 16 49 -37 -31 59 65 77 29 98 55 25 58 116 138 0
ROOM45 -8 11 84 89 -89 58 9 164 37 35 39 65 -28 4 72 104 14 28 50 108 -77 13 59 141 0
ROOM45 2 -2 144 151 -149 130 2 286 73 64 73 84 -11 9 137 157 2 -36 28 32 -24 61 -25 57 1 28 -2 144 151 -123 130 26 286 73 64 73 84 -11 9 137 157
ROOM45 -29 18 108 108 -115 82 4 199 29 56 49 70 -41 -7 85 119 0 115 42 153 -153 -80 120 195 0
ROOM45 1 -52 159 80 -56 186 -43 218 78 10 82 18 60 72 88 100 33554432 33554432 -33554432 -33554432 33554432 -33554432 33554432 -33554432 0
ROOM45 -31 -30 40 35 -61 59 -60 69 -8 -7 16 11 -19 23 -15 27 -44 4 -33 65 -103 -37 -29 32 0
ROOM45 -37 -55 56 78 -109 86 -79 113 0 10 18 12 -12 8 10 30 63 -23 93 2 68 105 57 95 0
ROOM45 -42 -24 41 107 -130 62 -63 148 -12 30 12 52 -64 -18 18 64 -62 38 -49 66 -124 -100 -24 13 0
ROOM45 -61 -89 65 28 -89 142 -149 85 1 -36 3 -24 25 39 -35 -21 -4 29 22 52 -54 -19 39 64 0
ROOM45 -82 17 28 129 -204 -11 -55 139 -42 62 -12 84 -126 -74 20 72 -57 65 -21 93 -142 -101 11 66 3 -82 17 28 65 -147 -11 -55 93 -42 62 -12 65 -107 -74 20 53 -36 65 28 120 -101 -37 29 139 -36 65 -12 84 -101 -77 29 72 -21 80 19 129 -150 -101 59 139 -21 80 -17 84 -105 -101 59 67
ROOM45 -6 -45 45 62 -45 80 -34 94 13 3 25 13 0 22 16 38 53 -73 114 -62 115 180 -9 47 0
ROOM45 -69 -47 36 47 -98 83 -91 76 -28 -8 -4 8 -36 4 -36 4 -89 67 -28 142 -226 -107 -21 113 0
ROOM45 -91 -25 -44 24 -102 -40 -94 -42 -68 0 -66 0 -68 -66 -68 -66 -20 -37 13 26 -28 32 -41 24 0
ROOM45 -61 -99 88 -16 -27 163 -150 58 7 -59 19 -55 62 78 -52 -36 -30 -111 -5 -80 68 94 -128 -91 1 -61 -80 88 -16 -27 163 -141 58 7 -59 19 -55 62 78 -52 -36
ROOM45 -65 -1 32 57 -113 21 -45 82 -26 22 -6 34 -60 -28 -4 28 12 74 38 152 -138 -44 90 175 0
ROOM45 -69 -86 24 58 -105 95 -152 71 -31 -26 -13 -2 -29 13 -57 -15 47 66 98 92 -37 20 129 180 0
ROOM45 -93 -24 -24 82 -173 -7 -94 36 -71 24 -45 34 -105 -69 -47 -11 -16 42 14 79 -81 -39 38 82 0
ROOM45 -70 -11 64 59 -105 58 -81 110 -13 24 7 24 -37 -17 11 31 49 -23 102 -4 58 115 31 89 0
ROOM45 -40 4 99 110 -127 84 -22 191 15 47 43 67 -52 -4 62 110 -26 135 36 172 -195 -111 113 207 0
ROOM45 16 -84 81 -12 47 165 -43 61 45 -56 51 -40 85 107 -11 11 52 -82 94 -13 81 176 -21 73 1 16 -84 52 -12 47 136 -43 40 45 -56 51 -40 85 107 -11 11
ROOM45 -90 -4 -48 121 -191 -49 -77 51 -84 48 -54 68 -152 -102 -36 14 -100 4 -64 42 -132 -75 -87 -31 1 -90 42 -48 121 -191 -90 -48 51 -84 48 -54 68 -152 -102 -36 14
ROOM45 -14 -98 80 0 11 154 -109 79 23 -53 43 -45 68 96 -30 -2 46 15 56 44 7 33 64 95 0
ROOM45 -75 -55 63 -1 -74 107 -117 56 -6 -31 -6 -25 19 25 -37 -31 -90 31 -33 90 -164 -75 -52 56 0
ROOM45 -64 -78 91 23 -71 164 -138 113 1 -33 25 -21 22 58 -32 4 119 -13 143 32 99 152 124 175 0
ROOM45 -15 -78 75 -14 0 139 -72 41 22 -50 38 -42 64 88 -28 -4 37 14 70 43 0 45 60 96 0
ROOM45 -22 -66 93 68 -67 156 -82 139 22 -8 48 10 12 56 14 58 -55 89 18 153 -202 -89 43 159 0
ROOM45 -69 -41 13 28 -85 39 -97 39 -37 -9 -19 -3 -34 -10 -46 -22 15 51 63 110 -95 9 70 168 0
ROOM45 -61 12 6 88 -140 -20 -42 76 -38 47 -16 53 -91 -63 9 37 8 41 88 72 -55 34 60 142 0
ROOM45 -58 -58 100 -13 -35 145 -114 64 9 -36 33 -34 43 69 -27 -1 72 -89 127 -79 161 210 -16 43 0
ROOM45 -100 -88 31 -5 -83 111 -181 24 -42 -50 -26 -42 0 24 -92 -68 -108 -102 -76 -40 -53 17 -200 -126 1 -76 -88 31 -5 -71 111 -164 24 -42 -50 -26 -42 0 24 -92 -68
ROOM45 -98 -11 -53 84 -176 -44 -84 10 -79 23 -71 49 -128 -94 -56 -22 -117 57 -85 108 -216 -158 -44 20 1 -98 -11 -53 84 -158 -44 -84 10 -79 23 -71 49 -128 -94 -56 -22
ROOM45 -80 -73 -29 73 -150 24 -135 22 -58 -15 -50 15 -73 -35 -73 -35 -34 -102 31 -63 43 130 -124 -42 0
ROOM45 -64 1 12 46 -94 2 -38 40 -26 12 -26 34 -60 -38 -14 8 -81 -13 -27 7 -82 -15 -80 -21 1 -64 7 12 46 -94 2 -38 40 -26 12 -26 34 -60 -38 -14 8
ROOM45 -30 -46 115 26 -41 161 -64 133 34 -18 50 -2 36 68 16 48 22 -36 96 37 -2 127 -8 117 0
ROOM45 -42 20 74 73 -97 39 -18 146 3 32 29 60 -57 -3 35 89 -26 12 17 48 -70 -7 -2 57 4 13 20 74 73 -7 39 33 146 25 32 29 36 -7 -3 57 65 17 24 66 73 -56 -7 41 139 17 32 29 60 -43 -7 49 89 -16 40 17 73 -89 -23 57 90 3 40 17 60 -57 -23 57 77 -42 48 9 73 -97 -39 6 57 3 48 9 54 -51 -39 51 57
ROOM45 -2 8 129 101 -87 101 30 224 51 41 75 67 -16 34 92 142 145 75 175 113 44 87 233 282 0
ROOM45 -66 -85 -20 35 -94 60 -144 -7 -47 -25 -39 -25 -22 -14 -72 -64 -67 -89 -20 -38 -25 68 -154 -59 1 -66 -38 -20 35 -94 18 -104 -7 -47 -25 -39 -25 -22 -14 -72 -64
ROOM45 -11 -71 119 68 -59 173 -68 167 45 -12 63 10 35 75 33 73 159 63 169 73 92 99 226 238 0
ROOM45 -18 -97 85 32 -26 169 -101 98 32 -36 34 -28 60 70 -4 6 54 -54 121 -19 84 168 13 97 1 -18 -97 54 32 -26 151 -101 86 32 -36 34 -28 60 70 -4 6
ROOM45 -92 -85 37 -38 -48 114 -168 -2 -28 -67 -26 -55 27 41 -95 -81 54 -5 81 64 -5 71 51 128 0
ROOM45 -88 0 12 48 -124 -7 -81 52 -45 10 -31 38 -83 -41 -35 7 -79 22 -68 35 -103 -99 -54 -33 1 -68 0 12 48 -116 -7 -68 52 -45 10 -31 38 -83 -41 -35 7
ROOM45 -56 20 48 103 -136 21 -12 141 -13 54 5 68 -81 -49 41 73 41 1 107 46 8 98 45 149 1 -56 20 41 103 -136 21 -12 141 -13 54 5 68 -81 -49 41 73
ROOM45 -82 -72 54 40 -122 104 -129 83 -25 -16 -3 -16 -9 13 -41 -19 -17 -68 13 0 -16 76 -73 10 1 -82 -72 -17 40 -122 55 -129 23 -25 -16 -17 -16 -9 -1 -41 -33
ROOM45 15 -41 85 49 -18 105 -21 131 45 -7 55 15 30 62 38 70 110 -67 134 4 110 193 46 130 0
ROOM45 -86 -7 2 62 -148 -7 -68 47 -42 26 -42 28 -70 -68 -16 -14 -3 -42 22 -1 -1 60 -41 20 0
ROOM45 -25 -38 59 49 -65 73 -39 83 14 -1 20 11 3 21 13 31 -20 54 6 130 -147 -64 39 122 0
ROOM45 -8 -56 36 100 -104 75 -62 134 8 14 20 30 -22 6 22 50 69 63 100 137 -66 29 136 221 0
ROOM45 -64 -91 88 -25 -34 171 -150 50 -2 -64 26 -52 50 90 -66 -26 63 -24 130 15 65 146 40 143 0
ROOM45 -78 -36 46 68 -144 82 -107 114 -27 1 -5 31 -58 -6 -26 26 35 65 86 80 -35 14 101 157 1 -78 -36 35 68 -144 71 -107 103 -27 1 -5 31 -58 -6 -26 26
ROOM45 -9 -56 84 -9 13 135 -40 68 29 -36 45 -28 57 81 -7 17 99 -73 120 -63 172 192 27 47 0
ROOM45 -35 -38 43 119 -152 74 -63 146 1 39 7 41 -40 -32 40 48 13 -57 36 19 8 93 -35 47 1 -35 19 43 119 -152 24 -16 146 1 39 7 41 -40 -32 40 48
ROOM45 -86 8 4 140 -206 -10 -56 138 -42 68 -40 80 -122 -108 26 40 36 34 100 76 -34 55 86 168 0
ROOM45 -6 -6 46 100 -84 34 12 145 5 38 35 56 -51 -3 43 91 -10 11 8 31 -33 -10 13 32 1 -6 31 46 100 -84 15 25 145 5 38 35 56 -51 -3 43 91
ROOM45 -58 -63 102 69 -115 154 -108 156 19 -1 25 7 12 26 18 32 -18 17 -3 76 -83 -25 10 68 1 -3 -63 102 69 -72 154 -66 156 19 -1 25 7 12 26 18 32
ROOM45 -1 -46 152 11 -5 185 -39 156 74 -18 76 -16 90 94 56 60 108 -32 177 40 72 197 89 200 1 -1 -46 108 11 -5 154 -39 119 74 -18 76 -16 90 94 56 60
ROOM45 5 -17 146 132 -105 157 10 259 65 56 85 58 7 29 121 143 159 98 210 153 12 104 259 361 0
ROOM45 -73 10 84 57 -117 62 -59 132 0 25 10 41 -41 -15 25 51 20 79 83 92 -71 1 112 172 0
ROOM45 5 -27 82 130 -124 100 -14 203 28 43 58 59 -31 15 71 117 -5 -44 49 -24 19 77 -37 21 1 5 -24 82 130 -124 100 -14 203 28 43 58 59 -31 15 71 117
ROOM45 -47 -1 5 94 -132 -10 -39 96 -30 39 -12 53 -83 -51 9 41 -49 11 2 22 -71 -17 -27 21 1 -47 22 5 94 -132 -17 -25 96 -30 39 -12 53 -83 -51 9 41
ROOM45 18 -65 130 2 24 188 -30 111 65 -46 83 -16 81 129 19 67 34 37 82 93 -54 39 87 167 0
ROOM45 -100 -11 -7 104 -189 -4 -109 84 -59 32 -47 60 -119 -79 -27 13 -66 -19 -29 24 -85 -26 -77 -15 1 -100 24 -7 104 -189 -31 -76 84 -59 32 -47 60 -119 -79 -27 13
ROOM45 -19 8 93 82 -78 77 9 166 24 41 50 49 -25 9 65 99 101 -15 155 -2 116 163 86 147 0
ROOM45 -37 -3 69 115 -141 67 -38 178 8 41 24 71 -63 -17 49 95 -7 134 66 153 -155 -80 131 214 0
ROOM45 16 -69 76 11 25 120 -46 84 40 -35 52 -23 63 87 5 29 78 -42 104 -22 108 142 48 65 0
ROOM45 -74 -91 67 -12 -39 155 -145 53 -4 -60 -2 -42 38 58 -64 -44 96 -101 132 -45 149 229 0 76 0
ROOM45 -29 -23 12 132 -155 33 -38 120 -22 48 6 60 -82 -42 26 66 5 141 49 212 -200 -93 153 259 0
ROOM45 -99 -91 5 -27 -52 79 -182 -34 -54 -74 -40 -44 -10 34 -128 -84 -55 -58 -6 -11 -36 46 -95 -33 2 -99 -91 5 -58 -41 79 -182 -53 -54 -74 -40 -58 4 34 -128 -98 -99 -58 -37 -27 -52 21 -157 -95 -54 -58 -40 -44 -10 18 -112 -95
ROOM45 -65 -40 5 17 -63 40 -87 11 -42 -14 -18 -8 -34 -4 -56 -26 27 36 105 78 -46 58 71 180 0
ROOM45 5 -36 105 27 -15 118 -8 123 48 -13 62 5 43 75 35 67 76 -23 107 5 88 117 58 97 1 5 -36 76 27 -15 112 -8 103 48 -13 62 5 43 75 35 67
ROOM45 -55 -35 10 67 -108 24 -85 69 -36 11 -8 21 -57 -19 -25 13 -12 -37 45 42 -39 72 -44 70 2 -55 -16 10 67 -108 -39 -71 69 -36 11 -18 21 -57 -39 -25 3 -55 -35 -12 27 -39 23 -85 15 -28 11 -12 21 -39 -23 -17 9
ROOM45 -78 -69 47 91 -169 113 -142 134 -28 2 -2 20 -48 -4 -26 18 -96 -10 -76 43 -130 -69 -91 -45 1 -76 -69 47 91 -167 113 -142 134 -28 2 -2 20 -48 -4 -26 18
ROOM45 -24 -8 49 98 -116 34 -16 141 2 44 22 46 -44 -22 46 68 2 10 19 44 -33 0 13 54 1 -24 44 49 98 -116 5 20 141 2 44 22 46 -44 -22 46 68
ROOM45 -3 -70 130 81 -75 200 -48 186 48 -9 78 19 29 87 39 97 -19 -38 49 -27 17 76 -55 22 1 -3 -27 130 81 -75 157 -30 186 48 -9 78 19 29 87 39 97
ROOM45 -33 -98 119 44 -58 205 -120 158 34 -38 52 -16 50 90 -4 36 -36 18 -15 78 -102 -45 -8 54 1 -15 -98 119 44 -58 205 -113 158 34 -38 52 -16 50 90 -4 36
ROOM45 -40 -93 115 -31 -6 198 -121 70 30 -75 44 -49 79 119 -45 -5 101 -7 116 48 60 122 108 155 0
ROOM45 -18 -12 112 148 -155 105 -9 242 39 54 55 82 -43 1 93 137 65 7 92 73 1 78 84 156 1 -18 -12 65 148 -155 77 -9 213 39 54 55 82 -43 1 93 137
ROOM45 -53 6 -1 160 -206 -11 -23 142 -27 79 -27 87 -114 -106 52 60 -61 48 9 100 -150 -47 3 97 0
ROOM45 -49 9 78 160 -200 60 -33 218 4 77 24 91 -87 -53 81 115 -20 153 51 191 -209 -102 145 239 1 -49 9 78 153 -200 60 -33 218 4 77 24 91 -87 -53 81 115
ROOM45 -39 -83 99 -24 -15 161 -118 74 30 -62 30 -44 74 92 -32 -14 130 5 204 72 73 195 136 260 0
ROOM45 -72 -68 73 -9 -43 137 -130 57 -11 -42 11 -34 23 53 -53 -23 -106 -69 -30 10 -101 35 -160 -26 1 -30 -68 73 -9 -21 137 -98 57 -11 -42 11 -34 23 53 -53 -23
ROOM45 -89 -82 68 9 -74 142 -155 73 -17 -39 -3 -33 16 36 -56 -36 -2 -63 42 -10 24 98 -61 28 1 -89 -82 -2 9 -74 80 -155 7 -17 -39 -3 -33 16 36 -56 -36
ROOM45 -16 4 42 80 -85 17 8 114 3 31 23 53 -50 -8 34 76 54 -7 109 36 30 105 59 134 0
ROOM45 -94 14 1 159 -236 -34 -63 159 -54 84 -38 88 -142 -122 30 50 -98 146 -59 174 -264 -219 50 100 1 -94 14 1 146 -236 -34 -63 147 -54 84 -38 88 -142 -122 30 50
ROOM45 -9 -45 54 67 -71 83 -31 106 12 6 32 16 -4 26 18 48 -30 -56 10 -33 6 60 -70 -23 1 -9 -33 54 67 -71 83 -31 106 12 6 32 16 -4 26 18 48
ROOM45 -55 -67 77 28 -71 143 -111 91 -3 -29 25 -9 6 54 -32 16 53 9 77 60 -3 65 78 137 1 -55 -67 77 28 -71 143 -111 78 -3 -29 25 -9 6 54 -32 16
ROOM45 -63 8 42 102 -164 25 -38 129 -22 55 2 55 -77 -53 33 57 38 130 76 193 -139 -61 169 260 0
ROOM45 -43 20 14 138 -179 -22 -8 131 -22 77 -6 81 -103 -83 55 75 29 6 72 66 -26 50 36 120 0
ROOM45 -84 -43 26 12 -85 57 -110 22 -44 -20 -14 -10 -34 6 -64 -24 -30 32 14 48 -65 -25 3 53 0
ROOM45 -72 -67 -9 39 -95 46 -127 16 -49 -15 -31 -13 -36 -16 -64 -44 -59 34 -26 83 -135 -76 -16 39 1 -72 -67 -9 34 -95 46 -127 16 -49 -15 -31 -13 -36 -16 -64 -44
ROOM45 -8 -87 151 -1 7 238 -90 134 66 -46 76 -42 108 122 20 34 39 -17 88 16 26 104 39 89 1 -8 -87 151 -17 9 238 -90 134 66 -46 76 -42 108 122 20 34
ROOM45 -79 -28 41 54 -132 65 -83 93 -33 0 -5 26 -59 -5 -33 21 33 -33 97 -7 47 118 9 75 1 -79 -28 33 54 -132 61 -83 87 -33 0 -5 26 -59 -5 -33 21
ROOM45 -17 -4 122 63 -67 126 2 160 37 28 67 30 7 39 65 97 -25 7 27 34 -59 12 -7 44 1 -12 -4 122 63 -67 126 44 160 37 28 67 30 7 39 65 97
ROOM45 6 -3 122 123 -113 118 10 241 62 53 66 67 -5 13 115 133 -24 87 14 141 -159 -74 73 152 1 14 -3 122 123 -109 118 11 241 62 53 66 67 -5 13 115 133
ROOM45 -55 -70 -4 -13 -18 46 -121 -19 -30 -54 -28 -28 -2 26 -84 -56 -67 -37 -41 20 -71 -6 -95 -21 1 -41 -70 -4 -13 -18 46 -111 -19 -30 -54 -28 -28 -2 26 -84 -56
ROOM45 -42 -87 7 -7 -19 71 -115 -17 -21 -54 -13 -40 19 41 -75 -53 29 -93 61 -46 85 137 -58 12 0
ROOM45 -95 -43 -27 25 -100 2 -126 -2 -64 -22 -58 4 -68 -36 -86 -54 -9 57 40 98 -96 -28 53 135 0
ROOM45 -19 -14 108 116 -132 104 -10 220 31 44 57 58 -27 13 75 115 117 143 156 155 -32 3 266 308 0
ROOM45 15 -72 81 36 -8 133 -47 109 36 -21 60 -15 51 81 15 45 60 -54 105 -28 94 159 11 77 1 15 -28 81 36 -8 109 -13 109 36 -21 60 -15 51 81 15 45
ROOM45 -49 -88 17 25 -56 101 -136 28 -29 -44 -3 -18 -11 41 -73 -21 -46 -37 -14 -22 -17 8 -81 -37 4 -49 -88 17 -37 -12 101 -136 -20 -29 -44 -3 -37 8 41 -73 -40 -29 -37 17 9 8 54 -66 26 -29 -37 -3 -18 8 34 -66 -21 -47 -23 17 25 -56 8 -37 28 -19 -23 -10 -18 -1 8 -37 -28 -49 -22 -15 10 -56 7 -71 -37 -29 -22 -15 -18 -11 7 -51 -37
ROOM45 -63 9 -3 141 -180 -28 -43 125 -34 62 -32 88 -122 -94 28 56 -41 25 -34 31 -71 -60 -10 -9 1 -63 31 -3 141 -180 -34 -32 125 -34 62 -32 88 -122 -94 28 56
ROOM45 -49 -39 86 25 -53 124 -68 103 3 -17 33 3 0 50 -14 36 109 13 170 58 61 140 124 226 0
ROOM45 -21 -21 94 100 -100 93 -20 172 26 29 46 49 -23 17 55 95 37 53 105 89 -41 39 100 189 1 -21 -21 94 53 -74 93 -20 147 26 29 46 49 -23 17 55 95
ROOM45 -13 -2 131 68 -60 129 -4 182 51 18 67 48 3 49 69 115 21 66 74 87 -51 -3 93 150 1 -13 -2 131 66 -60 129 -4 182 51 18 67 48 3 49 69 115
ROOM45 -53 -95 -9 22 -54 64 -137 9 -37 -37 -25 -35 -2 12 -74 -60 -12 -52 20 -23 19 66 -61 -4 1 -53 -95 -12 22 -54 64 -137 9 -37 -37 -25 -35 -2 12 -74 -60
ROOM45 -87 -43 -18 105 -167 15 -110 82 -59 27 -45 35 -94 -72 -32 -10 12 136 50 150 -126 -87 150 187 0
ROOM45 -22 -61 88 8 -27 147 -78 96 28 -31 38 -21 49 69 -3 17 20 -3 67 60 -38 57 35 115 1 -22 -61 88 -3 -19 147 -78 85 28 -31 38 -21 49 69 -3 17
ROOM45 -70 -71 21 82 -127 77 -118 95 -30 -2 -18 12 -42 -16 -32 -6 -18 -82 51 -10 0 120 -92 37 1 -70 -10 21 82 -127 31 -80 95 -30 -2 -18 12 -42 -16 -32 -6
ROOM45 -41 -5 83 138 -172 75 -38 208 11 58 31 74 -63 -27 69 105 -42 -26 -4 23 -61 22 -65 10 1 -41 23 83 138 -172 60 -18 208 11 58 31 74 -63 -27 69 105
ROOM45 17 -68 135 27 15 191 -46 157 70 -21 82 -19 89 103 49 63 -5 7 9 82 -84 -9 6 90 0
ROOM45 9 -83 104 -38 47 170 -49 54 49 -64 63 -56 105 127 -15 7 23 -12 98 -1 26 105 21 96 0
ROOM45 -44 -76 1 30 -54 74 -97 9 -32 -33 -10 -13 -19 23 -65 -23 40 8 89 26 24 81 57 112 0
ROOM45 -36 -69 18 81 -93 77 -81 82 -11 3 -7 9 -20 -10 -8 2 46 -21 117 17 39 128 28 117 0
ROOM45 -87 -74 64 81 -151 134 -152 143 -12 -12 -10 18 -30 2 -24 8 -95 -105 -46 -77 -1 49 -190 -132 0
ROOM45 -17 -7 41 63 -77 38 -19 92 12 18 12 38 -26 -6 30 50 -7 58 35 104 -107 -23 61 136 1 -17 -7 41 58 -75 38 -19 92 12 18 12 38 -26 -6 30 50
ROOM45 -74 -84 -29 59 -118 41 -137 23 -51 -12 -51 -12 -39 -39 -63 -63 -108 70 -93 126 -233 -163 -25 18 0
ROOM45 18 -88 121 68 -33 196 -61 183 60 -16 78 -4 64 94 44 74 57 -1 70 15 43 65 64 74 1 18 -88 121 -1 19 196 -61 120 60 -16 78 -4 64 94 44 74
ROOM45 3 -50 50 101 -82 81 -39 130 24 22 28 28 -4 6 46 56 42 82 105 147 -97 7 131 240 0
ROOM45 -72 -57 3 -16 -39 55 -112 -17 -43 -45 -25 -27 -16 20 -88 -52 20 -61 57 -19 40 115 -28 27 0
ROOM45 -44 -59 -3 -17 -3 55 -85 -36 -29 -39 -17 -37 8 22 -68 -54 -70 -86 -26 -8 -53 46 -140 -36 1 -26 -59 -3 -17 -3 55 -85 -36 -26 -39 -17 -37 11 22 -65 -54
ROOM45 -53 5 96 50 -103 88 -37 135 14 12 28 42 -28 16 26 70 -47 63 -4 123 -160 -83 27 109 0
ROOM45 -86 -68 -10 41 -111 39 -130 26 -49 -22 -47 -4 -45 -25 -71 -51 -21 -11 38 29 -47 45 -21 51 1 -86 -68 -21 41 -111 39 -130 20 -49 -22 -47 -4 -45 -25 -71 -51
ROOM45 -82 4 40 56 -123 13 -57 72 -29 24 -13 36 -65 -37 -5 23 -98 -3 -78 48 -146 -89 -94 -40 1 -78 4 40 56 -123 13 -57 72 -29 24 -13 36 -65 -37 -5 23
ROOM45 -83 12 -10 129 -199 -27 -70 105 -47 60 -45 80 -127 -105 13 35 -90 -13 -23 34 -115 -20 -97 11 1 -83 34 -10 129 -199 -44 -49 105 -47 60 -45 80 -127 -105 13 35
ROOM45 -100 12 59 120 -212 31 -76 175 -31 53 -9 79 -110 -62 22 70 59 96 110 153 -85 -1 172 257 0
ROOM45 -63 -98 -23 -11 -51 67 -157 -48 -43 -68 -43 -40 -3 25 -111 -83 -35 -97 -4 -70 43 90 -114 -87 1 -63 -98 -23 -11 -51 43 -157 -48 -43 -68 -43 -40 -3 25 -111 -83
ROOM45 -74 -65 29 11 -85 69 -118 36 -24 -29 -20 -25 1 9 -53 -45 17 -29 71 13 22 85 -3 71 1 -74 -65 17 11 -85 69 -118 28 -24 -29 -20 -25 1 9 -53 -45
ROOM45 -54 -7 27 49 -87 25 -39 51 -21 7 -5 35 -56 -12 -14 30 40 29 53 43 5 16 75 90 0
ROOM45 -7 -78 141 39 -37 219 -65 169 53 -21 81 -17 70 102 32 64 114 41 128 62 62 83 166 186 0
ROOM45 -68 -12 -6 57 -123 -2 -68 43 -37 10 -37 34 -71 -47 -27 -3 -18 88 54 124 -129 -36 84 174 0
ROOM45 -75 -85 37 23 -95 119 -158 39 -32 -45 -6 -17 -15 39 -77 -23 5 -11 18 20 -8 21 0 32 1 -75 -85 37 23 -95 119 -158 0 -32 -45 -6 -17 -15 39 -77 -23
ROOM45 -30 -61 126 96 -125 180 -74 206 44 15 52 19 25 37 59 71 13 11 47 54 -27 35 36 99 2 -20 -61 126 86 35 180 -74 206 50 15 52 17 35 37 65 69 47 12 121 96 -49 35 59 206 47 15 52 19 28 35 62 71
ROOM45 -91 -70 -9 -20 -60 36 -158 -48 -50 -48 -50 -42 -8 -2 -98 -92 -8 -49 7 22 -30 56 -42 23 0
ROOM45 -31 -95 116 29 -53 201 -108 123 28 -33 56 -33 61 89 -5 23 -30 12 -8 30 -52 -30 -7 22 1 -31 -95 116 29 -30 201 -108 123 28 -33 56 -33 61 89 -5 23
ROOM45 -49 -64 80 48 -76 130 -108 121 1 -23 29 7 -6 52 -22 36 63 -81 119 -54 132 197 -6 53 0
ROOM45 -88 -38 23 87 -170 36 -121 86 -32 23 -32 25 -57 -55 -9 -7 -37 100 9 142 -161 -101 78 147 0
ROOM45 -63 -13 22 142 -184 21 -55 144 -26 58 -14 70 -96 -72 32 56 -59 101 -24 181 -237 -139 46 141 1 -63 -13 22 101 -164 21 -55 123 -26 58 -14 70 -96 -72 32 56
ROOM45 -82 -98 18 -12 -52 106 -158 3 -33 -68 -31 -42 9 37 -101 -73 46 19 101 60 -5 75 83 148 0
ROOM45 -9 -13 130 44 -44 130 -12 164 48 14 72 16 32 58 62 88 -43 -10 -32 52 -91 -22 -42 15 0
ROOM45 13 -1 172 142 -119 163 27 292 77 69 107 71 6 38 146 178 148 -16 217 37 124 223 139 239 1 13 -1 172 142 -119 124 27 292 77 69 107 71 6 38 146 178
ROOM45 -92 -91 4 3 -71 72 -183 -18 -56 -56 -32 -32 -24 24 -112 -64 -84 7 -68 33 -103 -79 -65 -38 0
ROOM45 -4 11 135 64 -50 117 18 177 50 30 80 44 6 50 80 124 156 -23 183 43 130 199 142 217 0
ROOM45 -58 -63 4 -21 -12 56 -107 -29 -30 -42 -24 -42 12 18 -72 -66 -74 -45 -23 7 -74 22 -110 -31 0
ROOM45 2 -75 122 -8 12 178 -65 106 52 -50 72 -32 84 122 2 40 13 -80 54 -23 54 124 -58 17 2 54 -75 122 -8 62 178 -21 106 54 -50 72 -32 86 122 4 40 25 -37 54 -8 33 91 17 46 52 -37 54 -32 84 91 17 22
ROOM45 -33 -34 122 123 -141 142 -58 240 35 33 53 55 -20 20 68 108 53 -55 93 -10 65 131 13 77 1 -33 -10 122 123 -141 132 -43 240 35 33 53 55 -20 20 68 108
ROOM45 9 -21 126 99 -68 122 2 221 59 32 75 46 13 43 91 121 17 -22 79 33 -3 95 4 95 2 13 -14 126 99 -68 122 95 221 59 32 75 46 13 43 95 121 9 33 62 82 -68 29 42 95 59 33 62 36 23 29 92 95
ROOM45 -42 -51 6 63 -84 40 -75 45 -21 2 -15 10 -31 -17 -19 -5 -41 13 -4 46 -84 -33 -25 34 1 -42 -51 6 13 -55 40 -75 19 -21 2 -15 10 -31 -17 -19 -5
ROOM45 -10 -74 132 12 -20 193 -63 136 52 -34 70 -28 80 104 18 42 74 1 103 35 43 98 80 132 1 -10 -74 132 1 -11 193 -63 133 52 -34 70 -28 80 104 18 42
ROOM45 6 -49 102 94 -82 135 -32 179 39 9 69 35 4 60 48 104 132 72 159 146 -10 74 204 301 0
ROOM45 -92 -31 30 9 -89 38 -106 35 -42 -13 -20 -9 -33 -7 -55 -29 -90 -41 -64 19 -104 -36 -117 -60 1 -64 -31 30 9 -73 38 -95 35 -42 -13 -20 -9 -33 -7 -55 -29
ROOM45 -18 -28 89 110 -119 95 -27 192 30 26 40 56 -26 14 56 96 -25 105 32 156 -172 -80 88 179 1 -18 -28 89 105 -119 95 -27 192 30 26 40 56 -26 14 56 96
ROOM45 -36 -44 46 38 -73 70 -57 79 -8 -4 18 -2 -6 22 -12 16 76 58 100 129 -46 30 147 218 0
ROOM45 -32 6 54 102 -122 26 -4 156 7 42 15 66 -59 -27 49 81 0 -24 79 2 -2 98 -8 79 0
ROOM45 11 -13 124 89 -75 127 3 207 53 29 81 47 6 52 82 128 21 99 41 148 -119 -65 134 176 0
ROOM45 -3 -84 109 20 -4 168 -80 104 52 -47 54 -17 69 101 5 37 118 -45 143 31 94 181 85 157 0
ROOM45 20 7 165 65 -20 150 41 223 92 23 92 49 43 69 115 141 142 75 203 110 50 125 233 305 0
ROOM45 -96 -36 -7 81 -164 21 -115 69 -52 18 -50 26 -78 -68 -34 -24 7 5 27 42 -21 6 14 62 0
ROOM45 -43 -64 29 39 -59 75 -83 50 -17 -12 3 -12 -5 15 -29 -9 -25 40 16 79 -95 -35 27 86 0
ROOM45 -50 -84 89 44 -85 158 -113 123 8 -22 30 -18 26 52 -14 12 98 54 136 92 17 82 154 213 0
ROOM45 -65 -38 -13 25 -67 6 -99 5 -53 -18 -25 6 -59 -7 -71 -19 -93 -43 -75 -21 -64 -43 -128 -107 0
ROOM45 -3 -23 139 99 -100 158 -15 217 64 23 72 53 11 49 87 125 30 -57 44 -13 43 94 -26 17 1 -3 -13 139 99 -100 152 -15 217 64 23 72 53 11 49 87 125
ROOM45 -10 -64 50 53 -55 103 -70 89 11 -17 29 7 4 46 -6 36 55 74 82 100 -42 1 141 179 0
ROOM45 -85 -83 -23 40 -117 59 -154 -6 -64 -35 -44 -7 -57 -9 -99 -51 7 60 75 100 -76 -2 82 174 0
ROOM45 -43 5 78 76 -106 69 -14 151 15 36 19 44 -29 -17 51 63 39 41 56 88 -34 5 88 142 1 -43 5 39 76 -106 34 -14 115 15 36 19 44 -29 -17 51 63
ROOM45 -75 14 38 80 -141 18 -61 95 -22 35 -14 59 -81 -49 13 45 -82 62 -65 105 -181 -134 -10 29 1 -65 14 38 80 -141 18 -51 95 -22 35 -14 59 -81 -49 13 45
ROOM45 -29 -96 14 15 -44 94 -118 28 -17 -45 3 -35 18 48 -62 -32 43 -21 99 7 44 119 37 105 0
ROOM45 -46 16 73 138 -159 37 -20 195 2 73 24 81 -79 -49 75 105 57 129 116 159 -95 -17 203 263 0
ROOM45 -51 -2 16 116 -153 17 -47 109 -17 49 -17 65 -82 -66 32 48 -79 119 -60 143 -219 -187 51 73 0
ROOM45 -67 -54 91 21 -72 135 -109 94 0 -31 24 -1 1 55 -31 23 44 -36 92 33 16 125 17 107 1 -67 -54 44 21 -72 98 -109 65 0 -31 24 -1 1 55 -31 23
ROOM45 -56 7 66 56 -107 35 -28 106 4 19 6 43 -39 -13 23 49 -51 21 -38 65 -107 -72 -29 22 1 -38 7 66 56 -94 35 -28 106 4 19 6 43 -39 -13 23 49
ROOM45 17 -46 141 62 -42 167 -16 199 78 -7 80 23 55 87 71 103 77 69 139 146 -53 70 156 270 0
ROOM45 -58 -70 5 47 -102 52 -112 49 -40 -20 -12 -2 -38 8 -60 -14 -72 -23 -49 41 -104 -31 -92 -9 1 -49 -70 5 47 -96 52 -112 49 -40 -20 -12 -2 -38 8 -60 -14
ROOM45 -17 20 64 113 -107 38 6 164 13 52 33 80 -67 -19 65 113 -3 28 8 72 -64 -28 28 80 1 8 20 64 113 -105 38 28 164 13 52 33 80 -67 -19 65 113
ROOM45 -47 -46 96 42 -77 123 -72 115 17 -4 31 0 17 35 13 31 37 28 101 66 -20 55 75 149 1 -47 -46 96 28 -75 123 -72 115 17 -4 31 0 17 35 13 31
ROOM45 12 11 100 69 -50 89 42 165 42 35 70 45 -3 35 77 115 69 -1 127 73 10 114 82 182 2 12 16 79 69 -50 10 42 148 42 35 55 45 -3 10 77 100 26 11 69 59 10 58 42 128 45 35 69 45 10 34 80 114
ROOM45 -82 16 -3 126 -186 -25 -41 116 -45 70 -39 72 -117 -109 25 33 -48 105 -13 143 -178 -119 58 121 1 -82 16 -3 105 -186 -25 -41 102 -45 70 -39 72 -117 -109 25 33
ROOM45 9 -5 83 87 -55 68 24 155 31 32 61 50 -19 29 63 111 121 46 162 63 69 107 173 217 0
ROOM45 -23 -1 132 56 -73 114 -9 164 48 26 60 28 20 34 74 88 131 8 191 49 96 179 148 235 1 -23 -1 131 56 -73 114 -9 164 48 26 60 28 20 34 74 88
ROOM45 -52 -34 73 98 -147 85 -83 163 4 23 16 41 -37 -7 27 57 18 117 53 160 -135 -75 139 210 0
ROOM45 -38 -24 28 25 -47 51 -48 30 -7 -7 -3 7 -14 4 -14 4 53 14 125 39 24 103 73 161 0
ROOM45 -62 11 24 136 -182 -3 -27 136 -23 72 -15 74 -97 -87 49 59 -7 29 50 39 -39 11 23 88 1 -62 39 24 136 -182 -15 -23 136 -23 72 -15 74 -97 -87 49 59
ROOM45 -73 -56 -29 51 -117 14 -124 12 -56 -6 -46 2 -58 -40 -62 -44 3 -26 68 -8 20 89 -14 51 0
ROOM45 -51 2 98 103 -145 96 -49 181 19 40 27 64 -45 -13 59 91 -62 48 -14 89 -133 -79 -5 69 1 -14 2 98 103 -117 96 -12 181 19 40 27 64 -45 -13 59 91
ROOM45 -19 -79 50 60 -78 111 -97 107 8 -14 22 -4 12 36 -6 18 74 -39 88 0 76 117 39 84 0
ROOM45 -56 -24 53 53 -94 73 -61 84 -16 6 14 22 -38 8 -10 36 54 83 100 93 -29 16 137 183 0
ROOM45 -34 -95 7 46 -76 95 -119 36 -20 -39 -6 -9 -11 33 -59 -15 20 -8 32 63 -34 39 14 92 0
ROOM45 -55 -99 56 -13 -25 141 -150 27 -2 -61 2 -51 49 63 -63 -49 -57 -93 -47 -25 -32 36 -150 -82 1 -47 -99 56 -13 -25 141 -146 27 -2 -61 2 -51 49 63 -63 -49
ROOM45 -22 -24 41 105 -102 53 -26 142 2 28 16 52 -50 -12 30 68 -4 56 33 98 -101 -40 56 127 1 -22 -24 41 56 -78 53 -26 97 2 28 16 52 -50 -12 30 68
ROOM45 0 -84 155 -34 39 227 -65 115 64 -74 90 -44 108 164 -10 46 86 -31 118 27 62 137 62 130 0
ROOM45 14 11 124 125 -89 103 27 244 59 61 79 75 -16 18 120 154 15 148 29 164 -146 -127 169 185 0
ROOM45 -86 -19 9 74 -153 13 -84 82 -53 19 -23 35 -88 -42 -34 12 40 2 94 46 -1 77 43 123 0
ROOM45 -41 14 73 62 -98 41 -23 121 13 36 19 40 -27 -17 49 59 33554432 33554432 -33554432 -33554432 33554432 -33554432 33554432 -33554432 0
ROOM45 -21 -91 62 0 -5 134 -94 37 10 -58 30 -32 42 88 -48 -2 33 -25 63 25 18 79 8 80 1 -21 -91 62 -25 4 134 -94 37 10 -58 30 -32 42 88 -48 -2
ROOM45 19 -40 136 46 -18 159 -8 171 75 3 79 3 72 76 78 82 -12 76 28 86 -95 -53 72 113 0
ROOM45 -48 -67 8 66 -112 58 -93 63 -27 -5 -13 5 -32 -8 -32 -8 -3 -33 44 47 -46 76 -18 75 1 -48 -67 -3 66 -112 58 -93 63 -27 -5 -13 5 -32 -8 -32 -8
ROOM45 -19 -92 121 41 -60 211 -99 160 43 -26 59 -24 67 85 17 35 29 -125 65 -66 103 182 -95 -16 1 -19 -66 121 41 -60 187 -85 160 43 -26 59 -24 67 85 17 35
ROOM45 -66 -15 33 34 -86 45 -71 53 -19 9 -13 9 -28 -22 -10 -4 18 -33 72 35 -13 101 -9 106 1 -66 -15 18 34 -86 33 -71 52 -19 9 -13 9 -28 -22 -10 -4
ROOM45 -47 -46 17 70 -95 42 -75 68 -30 -3 0 27 -57 3 -33 27 -17 17 15 87 -99 -14 18 100 3 -47 -46 17 17 -64 42 -75 34 -30 -3 0 17 -47 3 -33 17 -47 17 -17 70 -95 -34 -30 53 -30 17 -17 27 -57 -34 -13 10 -17 17 1 35 -52 -16 0 18 -17 17 0 27 -44 -17 0 18
ROOM45 -2 -34 138 102 -101 147 -26 228 55 23 81 45 10 58 78 126 77 -10 107 62 25 106 70 166 2 -2 -26 127 102 -101 25 -26 228 55 30 70 45 10 25 85 115 -1 -34 77 52 25 111 -26 129 55 23 77 45 25 54 78 122
ROOM45 -64 -64 42 66 -108 105 -118 91 -21 -14 -1 16 -37 13 -35 15 72 -3 92 63 10 86 80 153 0
ROOM45 -5 -41 48 20 -2 77 -33 61 17 -20 25 0 17 45 -3 25 -7 18 34 78 -78 15 11 106 1 -5 -41 48 18 -2 77 -33 61 17 -20 25 0 17 45 -3 25
ROOM45 -7 -10 114 78 -75 111 -11 172 46 19 60 49 -3 41 65 109 72 49 111 102 -29 50 123 209 1 -7 -10 72 78 -75 82 -11 150 46 19 60 49 -3 41 65 109
ROOM45 17 -92 155 -25 46 239 -53 120 75 -60 97 -56 131 157 15 41 -14 9 54 82 -85 38 12 124 0
ROOM45 -13 -12 65 107 -97 70 -11 161 23 32 29 62 -39 -3 55 91 75 -3 130 50 32 117 86 171 0
ROOM45 -22 -9 133 94 -104 119 -13 204 45 34 65 50 -5 31 79 115 44 -31 84 -20 64 113 24 63 0
ROOM45 10 -60 75 73 -44 130 -36 133 28 -1 56 13 15 57 27 69 0 64 50 133 -115 -25 72 172 1 10 -60 75 64 -44 130 -36 133 28 -1 56 13 15 57 27 69
ROOM45 -88 -98 -29 55 -120 49 -166 23 -71 -28 -45 -14 -57 -17 -99 -59 -72 25 -9 45 -105 -43 -41 26 1 -88 -98 -29 25 -113 49 -166 -4 -71 -28 -45 -14 -57 -17 -99 -59
ROOM45 -46 -85 76 38 -80 136 -127 98 12 -24 18 -22 34 42 -12 -4 -19 28 39 50 -58 11 21 80 1 -46 -85 76 28 -74 136 -127 98 12 -24 18 -22 34 42 -12 -4
ROOM45 -72 15 -29 72 -126 -68 -52 43 -53 40 -47 46 -99 -87 -13 -1 -97 72 -71 116 -203 -153 -14 37 0
ROOM45 -98 9 8 114 -201 -22 -65 101 -45 55 -45 67 -112 -100 10 22 -49 -20 -18 27 -63 -11 -52 4 1 -98 27 8 114 -201 -22 -65 101 -45 55 -45 67 -112 -100 10 22
ROOM45 -14 11 39 51 -64 19 22 78 8 27 16 35 -27 -11 35 51 -5 62 33 122 -110 -44 60 140 0
ROOM45 8 14 120 102 -84 96 37 212 52 46 76 70 -18 30 98 146 102 59 146 90 26 82 171 218 1 8 14 102 102 -84 88 37 204 52 46 76 70 -18 30 98 146
ROOM45 -48 -29 25 96 -122 51 -57 107 -20 20 -2 46 -66 -22 0 44 48 128 113 145 -96 -26 176 251 0
ROOM45 -71 -61 10 30 -85 49 -118 19 -30 -26 -30 -4 -26 -4 -56 -34 -19 -9 -9 43 -53 -4 -22 33 1 -71 -61 -19 30 -85 42 -118 11 -30 -26 -30 -4 -26 -4 -56 -34
ROOM45 -22 17 53 71 -89 24 11 116 6 33 24 55 -49 -9 39 79 36 -4 92 52 -9 95 44 127 1 -22 17 36 71 -89 19 11 107 6 33 24 55 -49 -9 39 79
ROOM45 -74 -18 83 44 -118 83 -90 105 -1 8 9 18 -19 1 7 27 26 5 96 22 5 83 38 109 1 -74 -18 26 44 -118 44 -90 70 -1 8 9 18 -19 1 7 27
ROOM45 -76 -41 1 99 -163 38 -102 94 -40 21 -34 37 -77 -55 -19 3 -74 -41 -30 19 -92 -6 -107 -18 1 -76 19 1 99 -163 -18 -57 94 -40 21 -34 37 -77 -55 -19 3
ROOM45 -90 -53 -46 5 -90 4 -136 -54 -69 -27 -67 -21 -48 -40 -96 -88 -13 5 16 68 -78 6 -7 79 0
ROOM45 -2 -47 147 9 10 181 -25 154 58 -20 86 -18 76 106 38 68 -27 -74 -1 -8 -9 72 -85 -25 0
ROOM45 -62 16 6 62 -113 -18 -46 46 -30 34 -26 44 -74 -60 4 18 -72 58 -68 65 -136 -130 -13 -7 0
ROOM45 -1 -93 106 18 -9 184 -90 103 50 -52 54 -22 72 106 -2 32 8 -56 58 -15 27 109 -46 39 0
ROOM45 -62 -46 84 -3 -41 120 -99 61 8 -38 14 -10 18 52 -30 4 83 3 141 47 46 120 104 171 0
ROOM45 20 1 174 70 -31 163 40 234 85 29 109 41 44 80 114 150 213 67 255 77 144 181 283 329 0
ROOM45 -67 -10 -2 45 -108 1 -53 33 -44 7 -24 27 -71 -31 -37 3 -26 79 6 153 -177 -75 53 155 0
ROOM45 -9 -81 72 -22 25 133 -85 34 19 -52 43 -50 69 95 -33 -7 7 -38 17 -9 19 45 -31 1 1 -9 -81 72 -38 29 133 -85 34 19 -52 43 -50 69 95 -33 -7
ROOM45 -84 -18 62 140 -212 62 -90 180 -22 61 0 61 -83 -61 39 61 14 -4 75 15 0 72 13 78 1 -84 15 62 140 -212 47 -69 180 -22 61 0 61 -83 -61 39 61
ROOM45 -63 2 52 119 -173 40 -56 151 -17 45 7 75 -92 -38 28 82 52 -15 110 51 19 117 45 146 0
ROOM45 -90 -33 52 109 -188 61 -98 149 -26 31 -12 45 -71 -43 5 33 -24 -66 35 -35 27 92 -87 -12 0
ROOM45 10 7 50 167 -153 39 33 210 20 74 40 100 -80 -34 94 140 77 145 152 179 -92 6 239 318 0
ROOM45 -95 -44 -47 115 -201 -18 -128 55 -84 35 -58 35 -119 -93 -49 -23 -28 2 40 50 -78 38 -9 81 0
ROOM45 -100 -70 -57 -22 -77 -4 -155 -99 -91 -52 -65 -40 -51 -13 -143 -105 -32 -63 -19 -40 8 36 -89 -72 0
ROOM45 -9 -28 88 111 -105 113 -16 199 30 39 48 43 -13 9 69 91 63 34 132 107 -35 88 107 231 1 -9 -28 63 111 -105 91 -16 174 30 39 48 43 -13 9 69 91
ROOM45 -42 -26 21 118 -136 36 -67 123 -21 45 1 47 -68 -44 24 48 49 97 118 107 -55 18 154 224 0
ROOM45 -24 -2 29 129 -146 27 -9 134 -7 61 11 65 -72 -50 54 76 -7 119 11 132 -128 -117 115 141 1 -24 -2 29 119 -143 27 -9 134 -7 61 11 65 -72 -50 54 76
ROOM45 -99 -17 -12 43 -127 -4 -95 24 -66 5 -44 21 -87 -49 -61 -23 -77 4 -56 75 -151 -69 -61 5 2 -82 -17 -12 43 -69 -4 -95 24 -64 5 -44 21 -69 -49 -59 -23 -56 13 -26 43 -99 -69 -43 17 -56 13 -48 21 -77 -69 -43 -27
ROOM45 -62 -43 44 103 -157 72 -84 126 -23 20 5 40 -63 -15 -3 45 -22 61 49 114 -122 -12 48 146 1 -62 -43 44 61 -123 72 -84 105 -23 20 5 40 -63 -15 -3 45
ROOM45 1 6 62 159 -137 38 10 203 25 77 37 87 -62 -40 102 124 -30 57 -4 132 -152 -63 29 123 0
ROOM45 -15 -8 29 129 -129 23 -3 156 4 59 10 61 -57 -49 63 71 36 -16 73 18 18 78 28 77 0
ROOM45 -29 -99 69 11 -27 146 -121 68 11 -45 29 -43 54 74 -34 -14 -51 45 18 85 -124 -29 5 99 0
ROOM45 -40 1 77 153 -171 74 -36 224 7 73 29 81 -74 -44 80 110 -14 1 38 62 -74 28 -12 91 1 -40 62 77 153 -171 15 22 224 7 73 29 81 -74 -44 80 110
ROOM45 -43 -90 54 59 -102 123 -108 95 -6 -24 16 -6 0 40 -30 10 -15 -47 44 -3 -6 78 -56 34 0
ROOM45 -89 -89 59 4 -81 138 -155 40 -26 -53 -4 -31 5 49 -79 -35 -118 36 -70 107 -220 -119 -69 27 0
ROOM45 9 -90 51 6 18 141 -77 52 15 -44 45 -40 55 89 -29 5 18 7 89 60 -28 75 37 140 0
ROOM45 -12 -52 123 -3 2 174 -44 99 49 -28 61 -26 75 89 21 35 133 -11 180 55 82 184 123 221 0
ROOM45 -15 -81 94 57 -64 173 -94 128 35 -19 43 -5 40 62 16 38 13 -94 38 -65 94 117 -74 -37 1 -15 -65 94 57 -64 159 -80 128 35 -19 43 -5 40 62 16 38
ROOM45 -54 -67 40 90 -122 104 -99 118 -7 -1 -7 23 -30 -6 -8 16 -78 -67 -42 9 -77 16 -145 -39 1 -42 -67 40 90 -122 104 -99 118 -7 -1 -7 23 -30 -6 -8 16
ROOM45 -3 -58 140 52 -34 187 -52 174 66 -10 70 4 62 80 56 74 159 21 204 82 94 168 184 280 0
ROOM45 -43 -28 76 37 -80 82 -56 94 9 2 23 6 3 21 11 29 45 22 101 67 -20 62 80 163 1 -43 -28 76 37 -80 82 -56 80 9 2 23 6 3 21 11 29
ROOM45 8 -59 105 33 -19 157 -41 130 51 -26 61 0 51 87 25 61 95 -87 174 -10 105 253 21 146 1 8 -59 95 33 -19 154 -41 128 51 -26 61 0 51 87 25 61
ROOM45 -82 -73 76 28 -96 129 -148 89 -6 -25 0 -19 13 25 -31 -19 99 -30 164 -6 119 184 80 155 0
ROOM45 -15 -68 89 -3 4 152 -75 81 37 -37 37 -33 70 74 0 4 -16 -95 13 -30 15 92 -101 -25 1 13 -68 89 -3 16 152 -55 81 37 -37 37 -33 70 74 0 4
ROOM45 -85 -88 61 -7 -76 143 -159 39 -24 -62 0 -32 8 62 -86 -32 -6 -112 73 -70 80 180 -114 -6 1 -85 -88 60 -7 -76 80 -159 39 -24 -62 0 -32 8 62 -86 -32
ROOM45 -62 -56 95 -4 -38 129 -113 66 6 -34 26 -26 32 60 -28 0 105 11 153 72 35 141 119 212 0
ROOM45 -76 -88 54 35 -105 133 -147 67 -13 -38 -9 -14 1 29 -51 -23 50 -36 58 -22 80 91 20 36 1 -76 -88 50 35 -105 133 -147 67 -13 -38 -9 -14 1 29 -51 -23
ROOM45 10 -73 85 31 0 155 -52 97 36 -22 58 -20 56 80 14 38 69 47 109 61 9 58 122 159 0
ROOM45 -66 -39 -14 14 -69 10 -86 0 -53 -22 -27 -2 -51 -5 -75 -29 -75 -18 -28 54 -127 -21 -75 26 3 -66 -39 -14 -18 -48 10 -86 -32 -53 -22 -27 -18 -35 -5 -75 -45 -39 -18 -14 7 -21 4 -57 -7 -39 -18 -27 -6 -21 -9 -57 -33 -28 -7 -14 14 -42 -21 -35 0 -28 -7 -27 -2 -26 -21 -35 -29
ROOM45 -48 -38 46 76 -112 77 -63 115 -2 13 0 25 -27 -13 11 25 49 28 112 43 13 78 85 146 0
ROOM45 19 -27 143 55 -25 165 1 179 74 9 88 19 55 79 83 107 167 65 227 123 55 152 238 346 0
ROOM45 -43 -26 39 134 -176 41 -58 166 -12 45 8 63 -75 -37 33 71 52 -45 82 -3 63 111 13 64 0
ROOM45 -75 -72 47 -17 -38 111 -141 15 -28 -53 0 -35 7 53 -81 -35 -107 -42 -39 -11 -87 -2 -148 -58 1 -39 -72 47 -17 -22 111 -111 15 -28 -53 0 -35 7 53 -81 -35
ROOM45 -39 -16 89 135 -168 80 -43 211 23 59 27 59 -36 -32 82 86 28 -15 76 9 27 80 29 83 1 -39 9 89 135 -168 80 -30 211 23 59 27 59 -36 -32 82 86
ROOM45 -80 2 3 55 -127 -17 -76 58 -43 15 -33 41 -84 -48 -28 8 -50 72 7 149 -181 -68 38 147 0
ROOM45 -13 -3 57 55 -66 49 -7 100 17 21 27 31 -14 6 38 58 -30 -10 28 16 -36 37 -35 38 1 -13 16 57 55 -66 41 3 100 17 21 27 31 -14 6 38 58
ROOM45 -35 -78 17 18 -37 73 -102 19 -16 -45 -2 -15 -1 43 -61 -17 -47 1 21 15 -54 16 -39 31 1 -35 -78 17 1 -36 73 -102 18 -16 -45 -2 -15 -1 43 -61 -17
ROOM45 -47 -34 111 48 -70 131 -57 159 22 -7 42 21 1 49 15 63 3 88 17 123 -113 -81 96 137 0
ROOM45 -23 -52 71 48 -55 118 -61 102 24 -2 24 -2 26 26 22 22 56 15 131 69 -12 103 78 196 1 -23 -52 56 48 -55 108 -61 102 24 -2 24 -2 26 26 22 22
ROOM45 2 17 160 139 -129 127 39 287 71 76 91 80 -9 15 147 171 27 17 68 78 -46 45 50 129 1 2 17 160 139 -129 127 129 287 71 76 91 80 -9 15 147 171
ROOM45 14 -41 131 19 20 164 -22 149 61 -23 83 1 60 106 38 84 58 -73 112 -17 81 176 -13 88 2 14 -17 131 19 20 148 -3 149 61 -17 83 1 60 100 44 84 14 -41 64 -17 31 81 -22 47 61 -20 64 -17 78 81 41 47
ROOM45 -61 14 86 162 -214 70 -29 233 8 75 16 101 -93 -59 83 117 12 101 41 145 -128 -69 127 170 1 -61 14 86 162 -214 70 -29 127 8 75 16 101 -93 -59 83 117
ROOM45 -9 18 102 141 -141 74 28 225 41 70 51 88 -47 -19 111 139 -36 1 24 43 -63 17 -33 61 1 -9 43 102 141 -141 59 34 225 41 70 51 88 -47 -19 111 139
ROOM45 -23 -19 92 80 -103 108 -30 166 24 15 44 45 -21 29 39 89 89 -33 112 -22 112 137 63 86 0
ROOM45 10 4 72 160 -129 60 16 209 31 72 51 92 -61 -21 103 143 -24 65 48 93 -102 -19 50 140 1 48 4 72 160 -112 60 52 209 48 72 51 92 -44 -21 120 143
ROOM45 4 -51 135 70 -50 180 -35 187 63 8 75 10 53 67 71 85 147 -80 187 -35 192 257 67 148 0
ROOM45 -60 1 14 67 -126 7 -48 79 -26 28 -20 40 -66 -48 2 20 -60 -24 -26 21 -63 -13 -72 -8 1 -60 21 14 67 -126 -7 -39 79 -26 28 -20 40 -66 -48 2 20
ROOM45 7 -35 77 91 -62 94 -24 164 40 26 44 30 10 18 66 74 77 6 92 17 60 84 94 99 0
ROOM45 3 -86 82 40 -32 157 -63 112 28 -34 56 -12 40 90 -6 44 49 -42 71 33 25 100 16 101 2 3 -86 49 40 -32 135 -63 89 28 -34 49 -12 40 83 -6 37 49 -86 82 -33 82 157 -37 16 49 -34 50 -33 82 84 15 16
ROOM45 -86 -89 -7 1 -67 74 -155 -9 -48 -58 -44 -30 -18 14 -106 -74 -90 -117 -63 -75 -13 54 -195 -153 1 -86 -89 -7 1 -67 74 -153 -9 -48 -58 -44 -30 -18 14 -106 -74
ROOM45 -13 -29 115 87 -93 127 -25 192 42 18 60 40 2 42 60 100 13 7 43 41 -21 22 25 72 3 -2 -29 115 85 22 127 -25 192 42 18 60 38 22 42 60 98 43 21 107 87 -44 22 64 192 43 21 60 40 3 22 64 100 -11 29 43 87 -93 14 72 130 42 29 43 40 2 14 72 83
ROOM45 -3 -57 144 37 -40 181 -39 166 64 -23 76 3 61 99 41 79 93 35 108 43 50 65 136 151 1 -3 -57 144 35 -38 181 -39 166 64 -23 76 3 61 99 41 79
ROOM45 -12 5 30 90 -82 20 -7 117 -2 47 20 47 -49 -27 45 67 3 6 50 83 -77 38 21 127 1 -12 5 3 85 -82 -2 -7 88 -2 47 3 47 -49 -44 45 50
ROOM45 -36 -45 55 89 -117 91 -56 137 2 12 16 32 -30 4 14 48 61 6 79 56 7 72 84 131 0
ROOM45 3 -20 101 120 -96 107 0 218 39 50 65 50 -11 15 89 115 111 -43 180 -26 146 221 77 145 0
ROOM45 -4 -86 101 -14 23 176 -83 64 44 -52 52 -48 92 104 -8 4 130 -50 145 -17 151 186 80 116 0
ROOM45 -3 -57 94 30 -9 138 -42 122 32 -18 58 -8 40 76 14 50 46 -70 58 -21 68 127 -12 28 1 -3 -21 94 30 -9 115 -24 122 32 -18 58 -8 40 76 14 50
ROOM45 6 -65 118 70 -52 167 -49 164 52 2 72 2 50 70 54 74 -20 84 -14 93 -107 -101 67 79 0
ROOM45 -23 -10 35 59 -62 41 -12 71 -5 9 17 39 -44 8 4 56 -42 60 -23 112 -141 -92 29 87 0
ROOM45 -16 -34 49 98 -107 75 -33 140 3 21 29 43 -40 8 24 72 73 119 108 176 -90 -15 200 267 0
ROOM45 11 -31 98 117 -95 120 3 198 46 36 62 50 -4 26 82 112 19 -24 78 46 -15 84 7 120 1 11 46 98 117 -95 52 57 198 46 46 62 50 -4 16 92 112
ROOM45 -69 11 30 98 -148 14 -48 126 -25 48 -13 60 -85 -61 23 47 -90 64 -39 74 -154 -105 -26 26 1 -39 11 30 98 -137 14 -28 126 -25 48 -13 60 -85 -61 23 47
ROOM45 -17 -49 120 106 -119 155 -65 207 40 15 62 41 -1 47 55 103 89 -33 128 15 84 143 74 142 1 -17 -49 89 106 -119 138 -65 195 40 15 62 41 -1 47 55 103
ROOM45 -64 -90 -13 10 -57 63 -142 -18 -50 -52 -26 -28 -22 26 -102 -54 -32 34 -10 79 -97 -58 11 66 0
ROOM45 -99 -47 -20 113 -197 20 -129 85 -67 29 -51 37 -104 -80 -38 -14 -21 97 35 162 -177 -65 77 186 1 -99 -47 -20 113 -197 20 -129 77 -67 29 -51 37 -104 -80 -38 -14
ROOM45 -78 -55 -22 47 -125 28 -114 18 -54 -6 -46 -2 -52 -40 -60 -48 -13 79 64 143 -154 -25 83 201 0
ROOM45 -90 9 -1 129 -196 -24 -71 107 -59 60 -31 78 -137 -91 1 47 -24 135 1 168 -184 -141 112 161 0
ROOM45 -28 -38 44 114 -129 79 -48 135 -4 28 20 48 -52 -8 24 68 26 138 40 155 -121 -111 166 191 0
ROOM45 -37 -70 8 88 -100 57 -101 84 -19 5 -9 13 -32 -14 -14 4 -39 -47 39 14 -36 81 -83 39 0
ROOM45 -56 -78 -14 21 -57 52 -117 1 -48 -28 -22 -28 -20 6 -76 -50 -29 1 7 34 -50 -3 -18 24 1 -56 -78 -14 1 -57 52 -117 -13 -48 -28 -22 -28 -20 6 -76 -50
ROOM45 17 15 161 73 -55 135 36 230 89 39 89 49 40 50 128 138 145 108 215 169 -15 92 271 384 0
ROOM45 0 -10 114 127 -102 108 7 223 43 51 71 65 -22 20 94 136 21 81 56 129 -104 -31 106 179 1 0 -10 114 81 -81 108 7 195 43 51 71 65 -22 20 94 136
ROOM45 -77 -80 73 75 -133 146 -145 125 -9 -17 5 13 -22 22 -26 18 -8 52 63 81 -84 1 58 126 1 -77 -80 73 52 -129 146 -145 125 -9 -17 5 13 -22 22 -26 18
ROOM45 -34 -73 8 -33 1 75 -90 -50 -14 -63 -12 -43 29 51 -77 -55 17 -30 43 44 -17 60 -3 80 0
ROOM45 -22 -12 88 31 -34 78 -31 98 25 2 41 16 9 39 27 57 53 65 101 95 -39 32 134 193 0
ROOM45 -60 -17 24 45 -102 31 -74 66 -33 13 -3 15 -48 -16 -20 12 4 -36 56 -3 10 74 -15 46 1 -60 -3 24 45 -102 27 -63 66 -33 13 -3 15 -48 -16 -20 12
ROOM45 -80 -94 79 -20 -55 155 -166 35 -2 -71 2 -43 41 73 -73 -41 -17 -73 31 -34 24 96 -74 -12 0
ROOM45 12 18 121 115 -103 80 49 228 51 54 81 78 -27 27 105 159 21 76 100 145 -114 10 98 236 1 12 18 121 76 -64 80 49 197 51 54 81 76 -25 27 105 157
ROOM45 -83 -85 32 -8 -50 108 -156 3 -33 -47 -17 -45 12 30 -80 -62 -29 -41 10 16 -41 45 -67 10 1 -83 -85 32 -41 -42 108 -156 -9 -33 -47 -17 -45 12 30 -80 -62
ROOM45 -72 -50 5 48 -104 33 -120 49 -37 -14 -29 12 -49 -15 -51 -17 -88 -63 -71 9 -93 -18 -143 -69 1 -71 -50 5 48 -104 33 -120 49 -37 -14 -29 12 -49 -15 -51 -17
ROOM45 -84 -16 0 82 -145 16 -91 77 -57 27 -27 39 -96 -54 -30 12 24 42 79 96 -67 28 70 164 0
ROOM45 -51 5 68 132 -169 39 -29 189 -7 63 23 73 -80 -40 56 96 -41 105 37 148 -175 -70 69 179 1 -51 5 68 105 -156 39 -29 173 -7 63 23 73 -80 -40 56 96
ROOM45 -51 -77 -9 65 -100 43 -124 41 -36 -11 -24 -1 -35 -13 -47 -25 -63 45 2 114 -171 -54 -13 113 1 -51 -77 -9 45 -96 43 -124 36 -36 -11 -24 -1 -35 -13 -47 -25
ROOM45 16 -34 59 41 -9 89 -14 97 26 -3 48 9 17 51 23 57 44 -33 98 31 28 121 23 112 2 16 -12 59 41 -9 28 4 97 26 -2 37 9 17 28 24 46 16 -34 44 16 28 78 -14 60 26 -3 44 9 28 47 23 53
ROOM45 -70 -42 90 105 -171 113 -103 174 -3 28 23 34 -37 -5 25 57 -64 -25 -24 0 -61 -12 -74 -30 1 -70 0 90 105 -171 90 -70 174 -3 28 23 34 -37 -5 25 57
ROOM45 -44 -70 8 90 -125 77 -105 78 -23 -1 -13 21 -44 -12 -24 8 43 -58 101 -9 65 141 -15 77 0
ROOM45 -79 -21 -25 55 -128 -9 -99 14 -56 13 -48 21 -77 -61 -43 -27 -75 61 -58 93 -161 -122 -9 24 0
ROOM45 20 -62 164 35 1 207 -19 183 83 -27 101 1 82 128 56 102 103 -80 121 -14 134 189 30 105 1 20 -62 159 35 1 134 -19 183 83 -27 101 1 82 128 56 102
ROOM45 -76 -41 73 107 -172 94 -110 159 -13 18 11 48 -61 -7 5 59 -76 14 -66 72 -138 -83 -61 6 1 -66 -41 73 107 -172 94 -107 159 -13 18 11 48 -61 -7 5 59
ROOM45 -54 9 33 92 -140 19 -43 105 -16 41 -4 59 -75 -45 25 55 -88 47 -43 74 -162 -97 -29 18 1 -43 9 33 92 -135 19 -34 105 -16 41 -4 59 -75 -45 25 55
ROOM45 -97 -84 -10 27 -100 58 -179 9 -53 -41 -53 -15 -38 -12 -94 -68 -58 -60 15 -46 -3 70 -112 -35 1 -97 -46 -10 27 -100 36 -143 9 -53 -41 -53 -15 -38 -12 -94 -68
ROOM45 -76 -29 15 47 -117 30 -101 41 -31 -4 -29 22 -53 -25 -35 -7 -1 -22 18 49 -46 30 -13 67 1 -76 -29 -1 47 -117 28 -101 41 -31 -4 -29 22 -53 -25 -35 -7
ROOM45 -12 -68 54 -9 17 99 -69 40 21 -42 21 -34 55 63 -21 -13 69 1 137 60 27 125 88 180 0
ROOM45 17 -96 78 43 -17 167 -75 115 39 -39 55 -13 52 94 0 42 106 28 134 47 68 100 145 172 0
ROOM45 -1 -79 96 16 -17 166 -71 93 37 -31 57 -31 68 88 6 26 71 -71 78 -65 138 148 5 7 1 -1 -65 96 16 -17 161 -66 93 37 -31 57 -31 68 88 6 26
ROOM45 -34 -74 18 -3 -12 67 -93 11 -10 -46 -6 -30 20 40 -56 -36 45 -92 96 -68 128 182 -43 25 0
ROOM45 -61 -59 6 38 -75 43 -120 40 -29 -16 -25 -4 -25 -9 -45 -29 22 -67 98 -32 63 163 -28 49 0
ROOM45 -82 -72 60 -20 -52 122 -129 27 -26 -54 4 -38 12 58 -80 -34 -105 -74 -35 -22 -70 28 -167 -62 1 -35 -72 60 -20 -15 122 -107 27 -26 -54 4 -38 12 58 -80 -34
ROOM45 -89 -43 -34 24 -95 -12 -123 -33 -68 -12 -54 -6 -62 -42 -80 -60 -77 6 -23 46 -108 -40 -57 6 1 -89 -43 -34 6 -95 -12 -123 -33 -68 -12 -54 -6 -62 -42 -80 -60
ROOM45 -27 -57 124 82 -101 180 -74 200 33 6 63 18 15 57 39 81 52 -21 98 17 44 118 34 109 3 -27 17 124 82 -101 107 -10 200 33 17 63 18 15 46 50 81 -27 -57 61 17 -44 44 -74 78 33 6 61 17 16 44 39 78 -13 -57 52 8 44 109 -70 60 50 6 52 8 44 46 56 60
ROOM45 -28 -82 26 56 -72 86 -86 70 -5 -24 3 -2 -3 27 -29 1 18 -51 79 -40 66 129 -30 28 1 -28 -76 26 56 -72 66 -86 70 -5 -24 3 -2 -3 27 -29 1
ROOM45 -70 -61 50 79 -126 104 -130 115 -14 9 -6 9 -23 -15 -5 3 -90 -38 -32 29 -114 -7 -122 -13 1 -32 -61 50 79 -111 104 -93 115 -14 9 -6 9 -23 -15 -5 3
ROOM45 -5 -72 56 -6 5 115 -63 50 15 -54 35 -24 39 89 -39 11 1 3 24 51 -43 6 10 66 0
ROOM45 -97 -52 -3 90 -172 43 -130 65 -58 12 -42 26 -84 -54 -46 -16 9 -19 53 3 12 60 7 46 0
ROOM45 -65 -16 -20 118 -158 -24 -62 89 -57 51 -27 51 -108 -78 -6 24 -73 73 -32 91 -156 -111 11 47 1 -65 -16 -20 73 -138 -24 -62 53 -57 51 -27 51 -108 -78 -6 24
ROOM45 -40 -9 19 75 -101 11 -45 78 -18 21 -2 45 -63 -23 3 43 15 -29 54 6 27 75 1 50 0
ROOM45 -21 -41 51 108 -108 89 -56 137 6 30 24 36 -30 -6 36 60 -34 -16 -18 41 -72 -8 -41 14 1 -18 -41 51 108 -108 89 -56 137 6 30 24 36 -30 -6 36 60
ROOM45 -66 -79 59 38 -94 136 -120 79 -13 -35 7 -5 -8 42 -48 2 49 45 121 72 -12 60 111 181 0
ROOM45 -29 -56 63 21 -34 102 -62 66 7 -23 27 -11 18 50 -16 16 -1 31 6 38 -32 -32 30 44 0
ROOM45 -13 -61 39 30 -19 89 -53 66 2 -20 24 -10 12 44 -18 14 40 -86 58 -31 78 138 -33 24 0
ROOM45 -67 -25 64 98 -151 81 -72 153 -14 30 12 42 -56 -18 16 54 98 107 151 143 -40 35 220 283 0
ROOM45 17 -73 136 27 15 209 -48 161 67 -31 85 -15 82 116 36 70 102 -51 134 -1 109 183 60 127 1 17 -73 102 27 15 175 -48 129 67 -31 85 -15 82 116 36 70
ROOM45 6 -90 71 63 -51 141 -64 129 28 -23 48 -3 31 71 5 45 74 -75 103 -57 145 173 3 46 0
ROOM45 -100 -47 44 0 -86 68 -138 30 -29 -34 -27 -12 -17 7 -63 -39 -56 -32 -15 27 -72 11 -80 5 1 -100 -47 36 -32 -68 68 -138 4 -29 -34 -27 -32 3 7 -63 -59
