TREE 13
1 -89 -69 -15 -39 0 0 2
2 72 77 75 145 0 0 1
3 -26 -65 54 -40 0 1 3
4 18 -16 40 14 0 1 3
5 43 -31 116 -21 1 1 0
6 -71 -20 -53 -17 0 0 2
7 -20 -20 20 20 1 2 1
8 88 -5 102 72 0 1 0
9 65 66 101 101 1 2 0
10 26 32 54 83 0 2 0
11 -55 24 -44 103 1 2 2
12 88 -42 156 25 1 1 1
13 60 -32 95 -29 0 1 2
REMOVE 8
INSERT 14 -35 9 19 43
VISIT 13 11 14 10 9 2 12 13 5 7 4 3 6 1
COMPLETE -100 -100 100 100 87 -84 87 -84 1 1 0 1 -50 -50 50 50
RESULT 1 -100 -100 100 -42 87 -84 87 -84
NEIGHBOURS -100 -100 100 -42 1 12 88 -42 100 -42 1 2 0
GAPS 0
TREE 9
1 20 -30 85 24 1 0 1
2 20 9 81 36 0 1 0
3 -16 -66 18 0 0 2 0
4 47 61 72 139 0 0 0
5 -57 87 2 173 1 1 2
6 56 44 88 91 0 2 2
7 -20 -20 20 20 0 1 2
8 -79 89 -8 132 0 1 0
9 13 78 90 100 1 1 1
REMOVE 6
INSERT 10 -54 -47 -31 -29
VISIT 9 8 5 4 9 2 7 10 3 1
COMPLETE -100 -100 100 100 41 23 71 82 1 1 9 0
RESULT 1 -100 24 100 100 41 24 71 82
NEIGHBOURS -100 24 100 78 2 1 20 24 85 24 0 0 9 13 78 90 78 2 2 1
GAPS 2 -100 -100 20 78 -100 24 20 78 90 24 100 100 90 24 100 78
TREE 23
1 -47 65 -29 142 1 1 0
2 85 -59 158 26 0 1 3
3 -67 -46 -4 -8 1 1 0
4 -58 11 -31 61 0 2 1
5 90 30 110 40 1 1 0
6 35 29 40 63 0 0 3
7 -20 -20 20 20 0 0 2
8 54 -43 68 2 0 2 2
9 83 51 94 52 0 0 3
10 69 -66 136 -19 0 2 1
11 -74 -36 -45 -1 0 1 1
12 -24 7 -1 70 0 2 0
13 8 -90 60 -75 0 1 1
14 -20 -20 20 20 0 2 2
15 14 -57 60 2 1 0 0
16 -53 -41 -23 -25 0 2 1
17 3 -55 29 11 0 1 2
18 1 81 64 92 0 1 1
19 25 -42 103 -15 1 2 0
20 -53 -5 -17 69 0 1 1
21 -20 -20 20 20 1 1 2
22 55 43 80 106 1 0 0
23 1 82 70 107 0 0 3
REMOVE 9
INSERT 24 -3 -52 15 -48
VISIT 23 23 18 22 6 5 13 17 15 19 8 10 2 14 21 24 7 11 16 3 12 20 4 1
COMPLETE -100 -100 100 100 56 -11 61 7 0 1 15 1 -50 -50 50 50
RESULT 1 15 -75 69 29 56 -11 61 7
NEIGHBOURS 15 -75 69 29 4 10 69 -66 69 -19 1 1 6 35 29 40 29 2 2 24 15 -52 15 -48 3 3 13 15 -75 60 -75 3 0 -1
GAPS 4 60 -100 100 -66 60 -75 69 -66 40 -19 100 100 40 -19 69 29 -100 -48 35 100 15 -48 35 29 -100 -75 15 -52 15 -75 15 -52
TREE 24
1 22 14 79 49 0 0 1
2 -14 -45 56 -30 1 1 0
3 15 49 101 103 0 0 1
4 -80 -37 8 30 1 1 0
5 16 16 16 38 1 2 1
6 -60 79 -41 89 0 0 3
7 -20 -20 20 20 0 0 0
8 -18 -48 51 -28 1 0 1
9 84 57 89 106 1 2 2
10 -11 79 15 141 0 1 1
11 21 85 41 108 0 2 1
12 54 -12 122 29 1 2 2
13 -80 23 -32 62 1 0 1
14 -20 -20 20 20 1 2 2
15 48 74 107 93 1 0 1
16 -5 30 69 103 1 2 3
17 67 51 126 101 1 1 2
18 17 74 54 99 0 1 3
19 86 -17 129 70 0 1 1
20 -26 87 47 125 0 2 0
21 -20 -20 20 20 0 1 0
22 -10 -78 38 -73 1 1 0
23 12 -8 33 38 0 2 2
24 31 64 71 118 1 0 2
REMOVE 5
INSERT 25 4 81 87 119
VISIT 24 12 14 21 7 4 22 8 2 20 10 6 19 9 23 11 15 25 24 16 17 18 3 13 1
COMPLETE -100 -100 100 100 -24 86 -24 86 1 1 9 0
RESULT 1 -100 62 -5 100 -24 86 -24 86
NEIGHBOURS -100 62 -5 100 2 13 -80 62 -32 62 0 0 16 -5 62 -5 100 0 2 2
GAPS 2 -100 -100 -80 62 -100 62 -80 62 -32 -100 -5 62 -32 62 -5 62
TREE 16
1 -65 -65 -4 -25 0 2 3
2 -6 -35 28 0 0 0 1
3 75 -36 154 -1 1 1 3
4 -89 4 -20 92 0 2 3
5 13 11 72 75 1 2 3
6 -30 10 42 18 0 0 2
7 -20 -20 20 20 1 0 3
8 -75 50 -41 128 0 0 2
9 -14 87 38 121 1 2 2
10 23 -44 54 31 1 0 0
11 -9 -65 13 5 1 0 3
12 1 23 23 85 0 0 3
13 71 -58 96 -3 1 2 3
14 -20 -20 20 20 0 0 1
15 70 1 95 40 1 1 1
16 -16 -70 49 3 0 0 3
REMOVE 8
INSERT 17 -90 -53 -12 -15
VISIT 16 13 3 2 10 14 7 6 9 12 15 5 17 4 16 11 1
COMPLETE -100 -100 100 100 8 45 95 58 0 1 12 1 -50 -50 50 50
RESULT 0
NEIGHBOURS 23 20 100 100 1 12 23 23 23 85 3 3 0
GAPS 0
TREE 19
1 -71 89 -49 177 0 1 3
2 64 24 108 32 1 1 3
3 -17 -9 -4 13 0 1 2
4 0 49 10 88 1 2 0
5 -2 52 52 129 0 2 3
6 29 27 44 89 1 2 3
7 -20 -20 20 20 0 1 1
8 7 -64 88 -62 0 1 3
9 -40 -23 46 -17 1 2 2
10 -63 8 -28 35 0 0 0
11 -85 85 -15 161 1 0 3
12 7 -14 80 52 0 2 1
13 -49 -53 -36 -18 1 0 1
14 -20 -20 20 20 1 2 3
15 -3 -54 78 20 1 2 1
16 29 66 107 66 1 1 3
17 -5 -8 5 52 0 2 3
18 44 -28 85 -23 1 2 0
19 -19 16 3 61 1 0 2
REMOVE 3
INSERT 20 -13 -25 32 18
VISIT 19 6 5 4 9 14 20 7 13 10 19 17 8 18 15 12 16 2 11 1
COMPLETE -100 -100 100 100 -34 48 19 110 1 1 16 0
RESULT 5 -15 20 0 100 -15 48 0 100 -100 20 -15 85 -34 48 -15 85 10 20 29 100 10 48 19 100 0 20 10 49 0 48 10 49 0 88 10 100 0 88 10 100
NEIGHBOURS -15 20 0 100 4 15 -3 20 0 20 0 1 4 0 49 0 88 1 1 11 -15 85 -15 100 2 3 14 -15 20 0 20 3 1 2
GAPS 3 0 20 100 49 0 20 0 49 -15 88 100 100 -15 88 0 100 -100 20 -15 85 -15 20 -15 85
TREE 5
1 5 63 56 122 0 1 2
2 64 -74 115 -17 0 1 3
3 45 55 112 55 0 0 1
4 -37 39 36 123 1 2 1
5 -63 -64 21 -17 0 1 1
REMOVE 5
INSERT 6 11 -62 63 -32
VISIT 5 6 2 3 4 1
COMPLETE -100 -100 100 100 -14 32 -14 32 1 1 5 1 -50 -50 50 50
RESULT 1 -100 -100 100 39 -14 32 -14 32
NEIGHBOURS -100 -100 100 39 1 4 -37 39 36 39 2 2 0
GAPS 0
TREE 15
1 -79 46 -17 53 1 0 3
2 30 -78 103 -33 0 0 2
3 -39 15 -20 25 0 2 3
4 37 2 100 27 0 0 2
5 -65 9 13 63 0 0 0
6 4 -54 50 -6 1 1 0
7 -20 -20 20 20 0 1 1
8 3 -12 81 2 0 0 3
9 30 79 117 150 1 0 1
10 17 -51 59 -14 0 2 2
11 -67 27 -21 43 0 0 0
12 -39 20 -3 108 1 1 2
13 -70 10 -16 55 0 1 1
14 -20 -20 20 20 0 2 1
15 -52 -20 -4 22 1 0 3
REMOVE 11
INSERT 16 11 50 25 50
VISIT 15 14 7 8 9 16 4 10 6 2 13 15 5 12 3 1
COMPLETE -100 -100 100 100 -28 25 -22 76 1 1 13 0
RESULT 2 -100 22 30 46 -28 25 -22 46 -100 53 30 100 -28 53 -22 76
NEIGHBOURS -100 22 30 46 2 15 -52 22 -4 22 0 0 1 -79 46 -17 46 2 2 1
GAPS 2 -100 -100 -52 46 -100 22 -52 46 -17 22 100 100 -17 22 30 46
TREE 22
1 -81 -7 -68 50 1 1 2
2 -40 30 -35 56 0 0 2
3 -14 90 35 151 0 0 3
4 -65 -15 -64 13 1 1 0
5 80 -7 125 20 0 1 0
6 -87 79 -17 155 1 2 0
7 -20 -20 20 20 0 1 2
8 -11 -2 28 56 1 1 2
9 -10 -70 74 -55 0 2 0
10 67 27 96 59 0 0 0
11 16 18 69 33 1 0 1
12 87 82 108 110 0 2 3
13 80 -73 98 -17 1 1 0
14 -20 -20 20 20 1 2 3
15 -41 75 21 145 0 1 3
16 19 81 63 163 0 1 0
17 -89 -90 -68 -12 0 0 1
18 -10 -16 11 41 1 2 0
19 67 -42 149 0 1 1 3
20 -53 -49 13 28 0 1 0
21 -20 -20 20 20 0 2 0
22 48 75 115 133 1 0 2
REMOVE 10
INSERT 23 25 -59 59 -46
VISIT 22 6 22 12 15 16 3 2 19 5 13 23 9 14 20 21 7 17 4 11 18 8 1
COMPLETE -100 -100 100 100 -1 70 82 107 0 1 11 1 -50 -50 50 50
RESULT 2 35 -46 87 100 35 70 82 100 -100 20 35 90 -1 70 35 90
NEIGHBOURS 35 -46 87 100 3 12 87 82 87 100 1 2 3 35 90 35 100 2 3 23 35 -46 59 -46 3 0 2
GAPS 2 59 -100 100 82 59 -46 87 82 -100 -46 35 90 35 -46 35 90
TREE 3
1 -46 18 37 47 0 1 0
2 22 64 31 127 1 0 3
3 -17 -70 -7 -23 1 0 1
REMOVE 2
INSERT 4 -69 -38 -17 22
VISIT 3 4 3 1
COMPLETE -100 -100 100 100 -51 -58 -51 -58 1 1 2 0
RESULT 1 -100 -100 -17 100 -51 -58 -51 -58
NEIGHBOURS -100 -100 -17 100 1 3 -17 -70 -17 -23 1 1 0
GAPS 0
TREE 15
1 13 63 47 149 1 2 3
2 29 69 83 144 1 0 1
3 78 -60 123 17 0 1 2
4 40 -70 43 17 0 0 0
5 -73 -54 -50 30 0 0 0
6 -8 -66 49 -63 0 2 3
7 -20 -20 20 20 1 1 2
8 77 13 153 88 1 0 0
9 78 -45 136 -22 1 0 1
10 45 -35 90 13 1 0 2
11 -56 37 -29 126 0 1 0
12 38 -6 41 40 0 1 2
13 -38 69 26 89 1 2 2
14 -20 -20 20 20 0 1 0
15 24 29 91 50 0 0 0
REMOVE 14
INSERT 16 5 2 40 43
VISIT 15 15 10 4 8 9 3 2 11 5 16 12 7 6 13 1
COMPLETE -100 -100 100 100 -3 -20 39 1 0 1 8 1 -50 -50 50 50
RESULT 1 -50 -63 40 2 -3 -20 39 1
NEIGHBOURS -50 -63 40 2 4 6 -8 -63 40 -63 0 1 4 40 -63 40 2 0 2 16 5 2 40 2 1 2 5 -50 -54 -50 2 2 3 -1
GAPS 2 -100 -100 -8 -54 -50 -63 -8 -54 -50 2 5 100 -50 2 5 2
TREE 3
1 -53 10 -12 74 0 1 1
2 33 29 53 105 0 0 1
3 -39 60 9 124 1 1 2
REMOVE 3
INSERT 4 -26 41 36 57
VISIT 3 2 4 1
COMPLETE -100 -100 100 100 -84 -57 -11 -45 0 1 2 0
RESULT 1 -100 -100 100 10 -84 -57 -11 -45
NEIGHBOURS -100 -100 100 10 1 1 -53 10 -12 10 2 2 0
GAPS 0
TREE 24
1 64 -40 121 2 1 2 0
2 -29 41 1 71 0 1 3
3 -21 84 42 115 0 2 3
4 58 -85 83 -80 0 1 1
5 11 -75 67 -11 0 1 1
6 73 85 140 148 0 0 0
7 -20 -20 20 20 1 1 3
8 41 10 46 89 1 1 0
9 25 -57 67 -25 0 2 3
10 16 6 41 87 0 2 0
11 80 -38 135 11 1 2 3
12 -81 87 -67 111 1 1 1
13 64 19 84 101 1 2 1
14 -20 -20 20 20 1 0 1
15 4 -30 47 -19 0 2 2
16 -57 67 8 122 1 2 1
17 -36 -10 1 25 1 0 0
18 -77 76 -16 132 0 2 3
19 34 25 93 30 1 2 2
20 41 -49 69 -13 1 2 2
21 -20 -20 20 20 1 1 0
22 29 -50 69 -12 0 2 1
23 62 14 62 54 1 0 3
24 -69 -43 -40 39 1 0 1
REMOVE 23
INSERT 25 -63 3 -44 18
VISIT 24 6 12 18 16 3 10 19 13 8 2 14 25 24 17 21 7 9 15 20 22 5 4 11 1
COMPLETE -100 -100 100 100 -85 -37 -85 -37 0 1 2 1 -50 -50 50 50
RESULT 1 -100 -100 11 3 -85 -37 -85 -37
NEIGHBOURS -100 -100 11 3 2 5 11 -75 11 -11 1 1 25 -63 3 -44 3 2 2 0
GAPS 2 -44 -100 100 -75 -44 -100 11 -75 -44 -11 100 100 -44 -11 11 3
TREE 23
1 53 26 142 102 1 0 2
2 -1 20 34 76 0 1 1
3 33 -14 119 41 1 1 1
4 -21 -76 -13 -31 1 2 0
5 -70 21 -39 73 1 0 2
6 67 14 141 88 1 0 3
7 -20 -20 20 20 1 1 3
8 -64 81 -40 110 1 0 3
9 -79 -6 -52 16 1 1 2
10 -29 -13 35 55 0 2 3
11 -87 -28 -87 12 0 2 0
12 59 -22 105 52 0 2 3
13 -46 37 3 55 0 1 1
14 -20 -20 20 20 0 2 3
15 -61 -35 -23 1 1 1 3
16 -90 -11 -39 12 1 0 2
17 -30 -78 9 1 1 2 2
18 -89 2 -18 50 0 0 3
19 55 -54 103 0 1 1 3
20 9 -62 88 -46 1 2 1
21 -20 -20 20 20 0 0 3
22 52 -63 75 -1 1 1 1
23 50 -16 138 -1 1 1 0
REMOVE 23
INSERT 24 15 62 57 80
VISIT 23 7 17 4 8 11 15 18 16 9 5 13 21 14 10 2 20 22 19 24 12 3 6 1
COMPLETE -100 -100 100 100 -53 -44 -8 26 0 1 23 0
RESULT 4 -18 -100 59 -20 -18 -44 -8 -20 -87 -100 -29 2 -53 -44 -29 2 -29 -100 -20 -13 -29 -44 -20 -13 -20 -100 -18 -20 -20 -44 -18 -20
NEIGHBOURS -18 -100 59 -20 3 12 59 -22 59 -20 1 2 14 -18 -20 20 -20 2 3 21 -18 -20 20 -20 2 3 0
GAPS 2 20 -100 100 -22 20 -100 59 -22 20 -20 59 100 20 -20 59 -20
TREE 12
1 -47 -61 -12 -11 1 0 2
2 24 -30 73 12 1 2 2
3 -43 -11 -34 4 0 0 1
4 71 5 107 5 0 0 3
5 14 -24 83 20 0 1 0
6 70 -33 133 -2 0 2 1
7 -20 -20 20 20 0 0 1
8 -70 -38 -15 0 1 0 3
9 -16 -48 52 -19 1 0 3
10 -26 17 27 37 1 1 1
11 -86 2 0 2 0 0 1
12 30 70 104 108 0 2 2
REMOVE 11
INSERT 13 22 63 109 144
VISIT 12 6 4 9 10 7 5 13 12 2 3 8 1
COMPLETE -100 -100 100 100 -8 3 30 88 1 1 8 1 -50 -50 50 50
RESULT 0
NEIGHBOURS 27 -19 100 100 2 10 27 17 27 37 3 3 9 27 -19 52 -19 3 0 1
GAPS 2 -100 37 27 100 27 37 27 100 -100 -19 27 17 27 -19 27 17
TREE 20
1 -55 -74 7 9 1 1 1
2 -4 -59 31 -7 0 1 1
3 -53 1 22 86 1 2 0
4 -79 72 -43 124 1 0 3
5 29 5 117 52 1 1 0
6 -19 64 7 127 1 2 2
7 -20 -20 20 20 1 2 1
8 -84 45 -74 67 0 0 3
9 -16 -11 63 72 0 2 2
10 -68 -10 -61 18 1 0 3
11 87 -48 154 16 1 2 2
12 -2 -64 68 20 1 2 3
13 -28 54 55 80 1 2 0
14 -20 -20 20 20 0 0 3
15 47 72 117 106 1 0 2
16 24 -35 113 45 0 1 2
17 -21 74 24 117 1 2 2
18 56 22 129 108 1 2 0
19 -86 -34 -25 9 0 2 2
20 25 55 47 75 1 2 0
REMOVE 14
INSERT 21 36 18 96 103
VISIT 20 12 13 9 11 21 18 20 15 16 5 2 10 8 4 17 6 3 7 19 1
COMPLETE -100 -100 100 100 -63 34 -63 34 0 1 15 0
RESULT 1 -74 -100 -4 100 -63 34 -63 34
NEIGHBOURS -74 -100 -4 100 2 2 -4 -59 -4 -7 1 1 8 -74 45 -74 67 3 3 0
GAPS 2 -74 -100 100 -59 -74 -100 -4 -59 -100 67 -4 100 -74 67 -4 100
TREE 19
1 -46 58 31 136 0 1 0
2 76 23 104 32 1 1 3
3 -82 -80 -72 -59 0 1 3
4 -13 71 14 151 1 1 3
5 71 56 113 108 1 1 3
6 58 42 75 46 0 2 1
7 -20 -20 20 20 0 0 1
8 6 -50 92 -10 0 0 2
9 -49 -33 26 20 1 2 0
10 -86 -58 -45 -2 1 2 1
11 -27 9 39 91 1 2 0
12 84 18 168 104 1 0 3
13 8 -82 8 -47 0 1 3
14 -20 -20 20 20 0 1 2
15 25 -78 44 4 0 1 1
16 -68 87 -42 92 1 2 0
17 89 -43 132 22 0 0 1
18 -73 -71 -7 -12 0 1 2
19 36 62 44 67 0 2 1
REMOVE 19
INSERT 20 -60 31 -24 59
VISIT 19 12 5 6 8 17 2 16 10 3 18 20 9 11 14 15 7 13 4 1
COMPLETE -100 -100 100 100 -12 47 53 99 0 1 4 1 -50 -50 50 50
RESULT 0
NEIGHBOURS -24 20 58 100 3 7 -20 20 20 20 0 0 6 58 42 58 46 1 1 20 -24 31 -24 59 3 3 2
GAPS 3 -100 -100 -20 31 -24 20 -20 31 20 -100 100 42 20 20 58 42 -100 59 58 100 -24 59 58 100
TREE 21
1 -67 30 -35 33 0 0 2
2 -23 67 -5 116 0 2 2
3 -86 36 -24 69 0 0 0
4 -39 -22 12 41 0 1 1
5 50 78 113 149 0 2 1
6 50 -87 114 -31 0 1 0
7 -20 -20 20 20 1 0 2
8 -32 -48 20 12 0 2 0
9 82 -46 131 23 0 2 0
10 -22 -50 14 -33 1 2 3
11 -20 -61 58 -27 1 1 0
12 40 89 96 152 0 1 3
13 -20 89 23 89 1 1 0
14 -20 -20 20 20 0 1 3
15 58 -83 145 -29 1 2 1
16 -12 36 7 78 0 1 3
17 -75 -54 -11 18 1 1 3
18 55 7 103 23 1 2 3
19 -52 -62 -51 26 0 0 0
20 -58 -83 21 -49 0 2 0
21 -20 -20 20 20 1 0 1
REMOVE 11
INSERT 22 -72 90 -46 140
VISIT 21 18 9 15 6 20 10 8 14 21 7 4 12 5 22 13 16 2 3 19 17 1
COMPLETE -100 -100 100 100 68 -59 156 -3 1 1 10 0
RESULT 1 20 -29 100 7 68 -29 100 -3
NEIGHBOURS 20 -29 100 7 3 15 58 -29 100 -29 0 1 18 55 7 100 7 1 2 21 20 -20 20 7 2 3 1
GAPS 2 -100 -100 58 -20 20 -29 58 -20 20 7 55 100 20 7 55 7
TREE 7
1 -57 -15 7 69 0 0 0
2 86 71 103 156 0 0 0
3 -69 -57 -67 -22 0 2 0
4 55 -45 99 32 1 0 2
5 -43 -63 8 -4 1 0 2
6 -40 -13 -17 9 0 2 0
7 -20 -20 20 20 1 1 2
REMOVE 2
INSERT 8 -58 62 -53 74
VISIT 7 4 3 5 6 7 8 1
COMPLETE -100 -100 100 100 60 -76 60 -76 0 1 6 1 -50 -50 50 50
RESULT 1 -67 -100 100 -15 60 -76 60 -76
NEIGHBOURS -17 -100 100 -15 1 1 -17 -15 7 -15 2 3 0
GAPS 0
TREE 8
1 29 -72 59 -50 0 1 3
2 -44 -15 37 52 0 2 0
3 -57 52 -33 103 1 1 0
4 74 33 104 70 1 1 2
5 -58 22 -15 66 1 0 1
6 56 -73 83 14 0 2 2
7 -20 -20 20 20 0 1 3
8 -60 60 15 141 1 0 3
REMOVE 4
INSERT 9 -32 -49 52 -30
VISIT 8 8 3 5 7 2 6 9 1
COMPLETE -100 -100 100 100 -67 -35 -57 18 0 1 5 0
RESULT 1 -100 -100 -44 100 -67 -35 -57 18
NEIGHBOURS -100 -100 -44 100 1 2 -44 -15 -44 52 1 1 0
GAPS 0
TREE 15
1 78 44 136 66 1 2 2
2 26 -61 70 5 0 0 0
3 -7 35 43 58 0 0 0
4 88 -74 129 -70 0 1 2
5 47 -14 128 43 0 0 3
6 50 2 66 56 0 0 1
7 -20 -20 20 20 1 1 2
8 -46 40 -19 72 0 2 0
9 77 5 113 16 0 1 1
10 79 -67 116 -26 1 0 3
11 51 6 139 30 1 0 2
12 74 35 152 98 1 0 2
13 12 53 60 125 0 0 2
14 -20 -20 20 20 0 2 3
15 21 -45 28 -41 1 2 2
REMOVE 9
INSERT 16 -9 -79 54 -78
VISIT 15 16 4 6 10 11 5 14 7 15 2 8 13 3 12 1
COMPLETE -100 -100 100 100 45 36 84 120 1 1 10 1 -50 -50 50 50
RESULT 1 -100 -100 100 100 45 36 84 120
NEIGHBOURS -100 -26 100 100 1 10 79 -26 100 -26 0 1 1
GAPS 0
TREE 9
1 -49 -59 -33 -50 0 0 0
2 -28 55 47 120 1 0 2
3 -42 -27 -7 59 0 2 0
4 84 -5 89 7 0 0 3
5 29 15 100 99 0 2 2
6 24 3 50 18 1 1 2
7 -20 -20 20 20 0 0 0
8 -80 -58 -51 -26 0 2 2
9 -82 -5 4 42 1 2 3
REMOVE 4
INSERT 10 71 -21 147 12
VISIT 9 10 6 5 7 2 9 3 8 1
COMPLETE -100 -100 100 100 -24 47 -24 47 0 1 5 0
RESULT 0
NEIGHBOURS 1000 1000 2000 2000 0 0
GAPS 0
TREE 5
1 -6 -78 62 -53 1 0 3
2 -29 -68 49 -59 0 1 1
3 52 -81 76 4 0 2 2
4 -1 37 10 94 1 1 0
5 -88 -33 -77 56 0 1 3
REMOVE 5
INSERT 6 24 -47 87 14
VISIT 5 2 6 3 4 1
COMPLETE -100 -100 100 100 55 47 59 58 1 1 4 1 -50 -50 50 50
RESULT 1 -100 -53 100 100 55 47 59 58
NEIGHBOURS -100 -53 100 100 1 1 -6 -53 62 -53 0 0 1
GAPS 0
TREE 10
1 -79 -88 -32 -5 0 0 2
2 66 71 111 131 0 1 2
3 14 46 79 129 0 0 1
4 69 32 87 73 0 1 3
5 87 4 124 85 0 1 2
6 -59 54 21 95 0 1 2
7 -20 -20 20 20 0 1 0
8 4 -68 90 -16 0 0 2
9 -40 -10 12 57 1 1 0
10 -22 -88 2 -69 0 2 2
REMOVE 7
INSERT 11 76 -90 110 -2
VISIT 10 4 9 6 8 3 11 5 2 10 1
COMPLETE -100 -100 100 100 -12 -49 77 -7 0 1 2 0
RESULT 1 -100 -100 76 46 -12 -49 76 -7
NEIGHBOURS -100 -100 76 46 2 11 76 -90 76 -2 1 1 3 14 46 76 46 1 2 0
GAPS 2 76 -100 100 -90 76 -100 76 -90 76 -2 100 46 76 -2 76 46
TREE 6
1 -39 -8 13 69 1 0 3
2 -77 45 -40 55 1 1 3
3 -59 -5 21 19 1 1 0
4 -90 62 -59 122 0 1 1
5 31 -12 61 4 1 2 3
6 -75 51 -47 89 1 0 0
REMOVE 5
INSERT 7 -2 12 83 77
VISIT 6 6 4 2 3 7 1
COMPLETE -100 -100 100 100 -55 -24 -55 -24 0 1 4 1 -50 -50 50 50
RESULT 1 -100 -100 -2 100 -55 -24 -55 -24
NEIGHBOURS -100 -100 -2 62 2 7 -2 12 -2 62 1 2 4 -90 62 -59 62 2 2 0
GAPS 2 -59 -100 100 12 -59 -100 -2 12 -59 62 -2 100 -59 62 -2 62
TREE 5
1 57 -69 106 13 1 1 3
2 15 -19 75 -17 0 1 1
3 14 52 47 120 0 1 1
4 33 -23 40 -10 0 1 3
5 51 -87 115 0 1 0 2
REMOVE 4
INSERT 6 -3 -73 35 -58
VISIT 5 3 2 6 5 1
COMPLETE -100 -100 100 100 6 63 30 135 1 1 2 0
RESULT 1 -100 -100 100 100 6 63 30 135
NEIGHBOURS -100 -100 100 100 0 0
GAPS 0
TREE 5
1 -30 -29 -10 -2 1 1 3
2 18 83 97 127 1 2 0
3 -19 -40 -4 15 1 0 1
4 6 -35 89 -16 1 0 2
5 -16 31 45 77 0 0 0
REMOVE 5
INSERT 6 40 8 50 20
VISIT 5 2 3 6 4 1
COMPLETE -100 -100 100 100 23 -5 30 66 0 1 3 1 -50 -50 50 50
RESULT 1 -100 -100 40 100 23 -5 30 66
NEIGHBOURS -100 -100 40 100 1 6 40 8 40 20 1 1 0
GAPS 0
TREE 7
1 89 21 100 55 0 2 0
2 -88 -21 -55 58 1 2 0
3 44 18 51 77 1 2 3
4 10 38 78 57 1 1 1
5 -54 -38 3 -3 0 0 1
6 -6 -66 20 -18 0 0 3
7 -20 -20 20 20 1 2 1
REMOVE 3
INSERT 8 -35 -31 26 37
VISIT 7 8 7 6 5 2 4 1
COMPLETE -100 -100 100 100 17 -55 17 -55 1 1 2 0
RESULT 1 -100 -100 100 -20 17 -55 17 -55
NEIGHBOURS -55 -100 100 -20 2 7 -20 -20 20 -20 2 2 2 -55 -21 -55 -20 2 3 0
GAPS 2 20 -20 100 100 20 -20 100 -20 -55 -20 -20 100 -55 -20 -20 -20
TREE 12
1 74 -68 95 16 0 1 1
2 0 32 69 106 1 2 1
3 -28 -74 7 -41 1 0 1
4 62 78 101 147 0 1 1
5 -74 88 9 98 1 2 1
6 61 -66 67 -6 1 1 3
7 -20 -20 20 20 0 2 1
8 -9 11 -9 78 1 2 0
9 -40 -28 48 -16 1 0 0
10 64 56 133 57 1 0 0
11 -58 32 -10 84 0 2 3
12 -63 52 10 117 1 0 2
REMOVE 9
INSERT 13 40 -56 96 20
VISIT 12 10 4 12 11 5 8 2 7 3 6 13 1
COMPLETE -100 -100 100 100 -44 90 -30 98 0 1 1 1 -50 -50 50 50
RESULT 1 -100 84 62 100 -44 90 -30 98
NEIGHBOURS -100 84 62 100 2 11 -58 84 -10 84 0 0 4 62 84 62 100 0 2 2
GAPS 2 -100 -100 -58 84 -100 84 -58 84 -10 -100 62 84 -10 84 62 84
TREE 13
1 -17 52 36 94 0 0 2
2 -30 -67 19 -19 0 2 2
3 -62 53 -10 64 1 2 3
4 -17 -66 23 -57 0 1 3
5 16 -88 18 -13 1 1 2
6 77 -77 79 -13 0 1 1
7 -20 -20 20 20 1 0 3
8 34 -76 95 -9 1 2 0
9 61 2 112 85 1 0 2
10 19 -84 65 -47 0 1 0
11 45 44 127 59 0 1 1
12 -90 -67 -52 1 1 0 3
13 -75 46 4 60 1 0 2
REMOVE 5
INSERT 14 -26 16 -9 98
VISIT 13 13 7 12 4 10 8 11 9 6 14 2 3 1
COMPLETE -100 -100 100 100 -4 44 64 64 1 1 9 0
RESULT 1 -10 20 100 100 -4 44 64 64
NEIGHBOURS -10 20 100 100 2 3 -10 53 -10 64 3 3 7 -10 20 20 20 3 0 1
GAPS 2 -100 64 -10 100 -10 64 -10 100 -100 20 -10 53 -10 20 -10 53
TREE 15
1 -33 -78 25 -20 0 0 1
2 35 -73 119 -62 0 1 0
3 90 -88 111 -75 0 2 0
4 82 -20 103 44 0 2 3
5 74 42 140 82 0 0 1
6 -45 -71 36 -19 0 1 0
7 -20 -20 20 20 1 1 0
8 -79 -54 -40 10 0 0 2
9 -33 -38 -12 -35 0 0 3
10 60 -87 144 -40 1 1 1
11 -42 87 -25 144 1 1 2
12 23 63 112 123 0 2 3
13 -36 -87 -35 -67 0 1 2
14 -20 -20 20 20 1 2 3
15 58 47 119 123 1 0 3
REMOVE 3
INSERT 16 42 -48 109 35
VISIT 15 15 12 5 16 4 10 2 6 8 7 11 9 13 14 1
COMPLETE -100 -100 100 100 9 -52 9 -52 1 1 6 1 -50 -50 50 50
RESULT 1 -100 -100 60 -20 9 -52 9 -52
NEIGHBOURS -100 -100 60 -20 2 10 60 -87 60 -40 1 1 14 -20 -20 20 -20 2 2 0
GAPS 2 20 -100 100 -87 20 -100 60 -87 20 -40 100 100 20 -40 60 -20
TREE 25
1 -33 -85 -26 -43 1 0 2
2 37 68 88 139 0 0 2
3 28 83 96 86 0 1 0
4 60 -18 86 67 0 1 3
5 5 -17 94 49 1 1 1
6 -33 -65 41 -6 1 1 3
7 -20 -20 20 20 0 2 0
8 72 -37 97 -13 0 1 0
9 67 57 85 128 0 0 1
10 74 -26 140 45 0 1 0
11 -60 33 5 38 0 1 3
12 42 -32 123 8 1 0 1
13 18 44 87 49 1 0 3
14 -20 -20 20 20 0 0 2
15 -73 12 -51 12 0 0 2
16 -88 -26 -1 28 0 0 2
17 -22 88 -4 105 1 2 0
18 -88 39 -34 100 0 1 1
19 19 -6 72 27 1 2 1
20 -79 -14 -27 19 0 1 1
21 -20 -20 20 20 1 2 2
22 75 51 135 89 0 2 2
23 -11 8 65 25 0 1 1
24 62 44 93 81 1 0 2
25 -49 -71 -49 -30 0 0 1
REMOVE 19
INSERT 26 49 -27 54 48
VISIT 25 17 3 12 24 22 26 10 13 23 5 8 4 9 2 20 16 15 18 11 14 21 7 25 6 1
COMPLETE -100 -100 100 100 85 -7 168 28 1 1 12 0
RESULT 1 94 -100 100 44 94 -7 100 28
NEIGHBOURS 94 8 100 44 2 5 94 8 94 44 2 0 12 94 8 100 8 3 1 1
GAPS 0
TREE 25
1 68 17 142 25 1 0 2
2 -44 -14 -25 12 1 0 2
3 25 -21 90 9 1 1 1
4 29 18 90 19 0 2 0
5 -66 90 -5 108 1 1 0
6 -11 -12 29 44 1 0 2
7 -20 -20 20 20 0 1 1
8 2 -58 15 17 0 0 3
9 12 -29 82 -16 1 0 3
10 -80 84 -37 159 0 0 2
11 -25 -23 -5 29 1 2 2
12 -68 41 -34 81 0 2 3
13 -84 -65 -37 -1 0 2 1
14 -20 -20 20 20 1 1 0
15 22 24 109 84 0 0 0
16 72 -23 75 -3 0 2 3
17 54 49 102 128 0 1 1
18 15 -10 53 37 0 1 1
19 20 -28 65 -1 1 1 0
20 30 -40 94 -23 0 2 2
21 -20 -20 20 20 0 1 3
22 28 67 40 101 0 1 2
23 76 28 96 42 0 1 1
24 27 -33 90 36 0 0 0
25 72 37 120 51 0 2 0
REMOVE 3
INSERT 26 55 13 78 65
VISIT 25 20 9 17 22 23 25 26 15 16 18 19 24 12 10 5 8 11 14 21 7 6 13 2 4 1
COMPLETE -100 -100 100 100 -14 75 75 136 0 1 14 1 -50 -50 50 50
RESULT 1 22 84 54 100 22 84 54 100
NEIGHBOURS -34 37 22 100 3 18 15 37 22 37 0 1 15 22 37 22 84 0 1 12 -34 41 -34 81 3 3 2
GAPS 2 -100 -100 15 41 -34 37 15 41 -100 81 22 100 -34 81 22 100
TREE 16
1 30 63 30 114 1 0 2
2 65 32 148 62 0 1 1
3 -81 -24 -5 26 0 0 2
4 -24 5 3 92 0 2 2
5 65 37 98 108 0 2 0
6 25 -5 74 50 1 1 0
7 -20 -20 20 20 0 0 3
8 15 -57 87 14 0 1 1
9 -64 -13 -11 76 0 0 1
10 36 -82 120 -34 1 2 1
11 45 -11 84 21 0 2 2
12 69 51 139 69 1 0 1
13 37 -24 121 -10 0 1 0
14 -20 -20 20 20 1 0 0
15 54 -41 78 -16 0 1 3
16 9 -43 13 2 0 2 2
REMOVE 7
INSERT 17 20 66 102 96
VISIT 16 5 12 2 9 3 16 14 4 13 10 11 15 8 6 17 1
COMPLETE -100 -100 100 100 -76 -64 -76 -64 1 1 5 0
RESULT 1 -100 -100 -20 100 -76 -64 -76 -64
NEIGHBOURS -100 -100 -20 100 1 14 -20 -20 -20 20 1 1 0
GAPS 0
TREE 9
1 69 -59 121 -59 0 2 1
2 75 -25 161 50 0 0 1
3 -18 89 63 151 0 2 0
4 -40 81 46 142 1 0 1
5 87 84 114 96 0 1 1
6 -86 53 -62 59 0 0 1
7 -20 -20 20 20 0 1 1
8 -81 -12 5 36 1 1 0
9 69 46 102 96 0 2 2
REMOVE 7
INSERT 10 -85 -12 2 20
VISIT 9 6 4 9 5 3 10 8 2 1
COMPLETE -100 -100 100 100 49 -40 70 -21 0 1 4 1 -50 -50 50 50
RESULT 1 2 -59 75 84 49 -40 70 -21
NEIGHBOURS 2 -59 75 84 3 1 69 -59 75 -59 0 1 2 75 -25 75 50 1 1 10 2 -12 2 20 3 3 2
GAPS 3 -100 -100 69 -12 2 -59 69 -12 75 -59 100 -25 75 -59 75 -25 -100 20 75 100 2 20 75 84
TREE 7
1 21 37 95 94 1 2 2
2 -36 -90 -2 -5 0 2 3
3 -43 -43 -32 18 1 2 0
4 90 -26 128 39 1 0 0
5 -28 -13 14 75 1 2 3
6 -87 -37 -76 -21 0 0 2
7 -20 -20 20 20 1 0 1
REMOVE 7
INSERT 8 45 -76 121 8
VISIT 7 6 3 5 2 8 4 1
COMPLETE -100 -100 100 100 -88 3 -62 74 1 1 2 0
RESULT 1 -100 -100 -43 100 -88 3 -62 74
NEIGHBOURS -100 -100 -43 100 1 3 -43 -43 -43 18 1 1 0
GAPS 0
TREE 19
1 -72 89 -72 102 1 2 1
2 -7 89 26 122 1 0 3
3 16 -85 72 -66 0 1 1
4 -24 24 -16 112 0 0 3
5 23 -6 95 68 0 0 1
6 -23 58 39 120 0 2 1
7 -20 -20 20 20 1 2 3
8 29 25 79 93 1 0 0
9 8 33 33 55 0 2 3
10 -71 11 -33 62 0 0 1
11 16 20 32 32 0 0 1
12 28 -48 51 25 1 0 0
13 39 -12 123 62 0 1 0
14 -20 -20 20 20 1 2 3
15 -88 72 -17 80 0 0 0
16 28 -11 75 42 1 0 2
17 -46 35 -25 104 1 1 2
18 67 -55 122 27 1 0 1
19 -21 -90 22 -27 0 0 1
REMOVE 9
INSERT 20 -74 15 -55 75
VISIT 19 19 3 4 12 14 7 8 11 18 13 16 5 6 2 17 20 10 15 1
COMPLETE -100 -100 100 100 64 -73 64 -73 1 1 18 1 -50 -50 50 50
RESULT 1 -100 -100 100 -48 64 -73 64 -73
NEIGHBOURS -100 -100 100 -55 1 18 67 -55 100 -55 1 2 0
GAPS 0
TREE 22
1 83 -47 90 -13 0 0 3
2 -75 76 -62 96 0 2 3
3 47 -25 70 13 1 0 2
4 -72 56 -11 109 1 1 1
5 3 -8 45 20 0 2 0
6 3 -83 79 -59 1 1 3
7 -20 -20 20 20 1 2 3
8 -50 87 -3 164 1 0 2
9 -4 89 25 115 1 1 0
10 7 5 46 10 1 2 1
11 -27 -34 -14 0 0 2 2
12 -38 50 1 114 0 2 3
13 4 45 67 121 0 1 1
14 -20 -20 20 20 1 1 3
15 -25 41 -2 92 0 0 3
16 -16 -1 2 88 1 0 0
17 69 66 133 109 0 0 0
18 -29 14 56 86 0 0 1
19 -70 15 -14 78 1 1 2
20 -84 19 -46 40 0 1 1
21 -20 -20 20 20 0 2 3
22 1 68 66 153 0 0 0
REMOVE 14
INSERT 23 -42 -21 34 67
VISIT 22 9 8 23 18 22 13 16 15 12 20 19 4 17 2 11 21 7 5 6 10 3 1
COMPLETE -100 -100 100 100 81 13 128 91 0 1 11 0
RESULT 1 67 -13 100 66 81 13 100 66
NEIGHBOURS 67 -13 100 66 3 1 83 -13 90 -13 0 0 17 69 66 100 66 1 2 13 67 45 67 66 2 3 1
GAPS 3 -100 -100 83 45 67 -13 83 45 90 -100 100 66 90 -13 100 66 67 66 69 100 67 66 69 66
TREE 8
1 -82 -86 -45 -7 1 2 2
2 70 65 76 86 1 2 2
3 53 -17 65 28 0 0 0
4 44 52 109 127 1 2 2
5 75 -65 105 0 1 0 3
6 -29 -81 -13 -54 0 1 2
7 -20 -20 20 20 0 2 2
8 3 -20 30 50 1 1 2
REMOVE 8
INSERT 9 -20 -17 53 28
VISIT 8 5 3 4 2 9 7 6 1
COMPLETE -100 -100 100 100 -64 40 4 87 0 1 3 1 -50 -50 50 50
RESULT 1 -100 28 100 100 -64 40 4 87
NEIGHBOURS -100 28 53 100 2 9 -20 28 53 28 0 1 3 53 28 53 28 0 1 1
GAPS 0
TREE 19
1 -50 -72 -21 -3 1 0 2
2 33 14 66 64 0 1 1
3 -63 -43 -22 0 1 2 1
4 -70 -10 11 5 1 0 2
5 -64 1 8 26 0 1 1
6 77 -51 154 13 1 2 1
7 -20 -20 20 20 1 0 1
8 24 54 74 76 0 2 2
9 64 17 132 85 1 0 2
10 29 84 112 103 0 1 3
11 -11 -73 -11 -61 0 1 3
12 -65 47 -49 51 1 2 3
13 74 -17 96 35 0 0 2
14 -20 -20 20 20 0 1 3
15 0 -5 26 16 1 0 2
16 -52 45 6 81 0 1 2
17 88 -75 167 -49 0 1 2
18 54 -59 140 23 1 1 0
19 49 -5 78 79 1 1 0
REMOVE 19
INSERT 20 20 86 93 90
VISIT 19 13 17 18 6 8 20 10 9 2 14 15 7 16 12 5 4 3 11 1
COMPLETE -100 -100 100 100 -7 -50 -7 -50 1 1 4 0
RESULT 1 -22 -100 77 -20 -7 -50 -7 -50
NEIGHBOURS -22 -100 77 -20 3 6 77 -51 77 -20 1 2 7 -20 -20 20 -20 2 2 3 -22 -43 -22 -20 2 3 0
GAPS 3 -22 -100 100 -51 -22 -100 77 -51 20 -20 77 100 20 -20 77 -20 -22 -20 -20 100 -22 -20 -20 -20
TREE 18
1 76 26 100 71 0 1 1
2 -53 -59 -47 -1 1 1 1
3 -24 43 -11 88 1 1 2
4 61 80 126 138 1 0 0
5 26 55 48 116 0 2 2
6 -52 -79 23 -61 0 1 0
7 -20 -20 20 20 1 1 2
8 55 -82 94 -33 0 1 0
9 -87 51 -40 137 1 0 2
10 -90 -79 -32 -19 0 1 3
11 9 -50 61 21 0 2 1
12 -55 57 -30 67 1 0 1
13 16 -4 90 59 1 0 0
14 -20 -20 20 20 0 2 3
15 -64 32 -51 57 0 2 0
16 30 -33 57 -12 0 2 3
17 -17 83 -17 171 1 1 1
18 -1 -11 71 10 0 0 1
REMOVE 18
INSERT 19 -23 -59 62 2
VISIT 18 12 15 9 17 3 6 14 7 10 2 5 4 13 16 19 11 8 1
COMPLETE -100 -100 100 100 83 2 92 16 1 1 5 1 -50 -50 50 50
RESULT 1 90 -100 100 80 90 2 92 16
NEIGHBOURS 90 -100 100 80 2 4 90 80 100 80 1 3 13 90 -4 90 59 3 3 0
GAPS 2 90 -100 100 80 90 -100 100 80 -100 59 90 80 90 59 90 80
TREE 10
1 -2 71 31 74 0 2 1
2 -45 -38 -4 -32 0 0 0
3 47 78 97 136 1 1 0
4 -64 23 -44 111 0 0 2
5 -6 -64 56 -4 1 2 0
6 -52 67 5 130 1 0 1
7 -20 -20 20 20 0 0 2
8 30 -29 101 -24 1 1 2
9 62 -46 111 38 1 0 2
10 45 -26 110 14 0 2 2
REMOVE 10
INSERT 11 35 -54 86 -51
VISIT 10 6 4 7 9 11 5 8 2 3 1
COMPLETE -100 -100 100 100 -69 28 -16 65 1 1 0 0
RESULT 1 -100 -4 100 67 -69 28 -16 65
NEIGHBOURS -100 -4 100 67 2 5 -6 -4 56 -4 0 0 6 -52 67 5 67 2 2 1
GAPS 2 -100 -100 -6 67 -100 -4 -6 67 5 -4 100 100 5 -4 100 67
TREE 24
1 79 28 117 92 0 2 2
2 82 6 83 37 1 0 1
3 -48 -24 7 8 0 2 3
4 -33 34 -31 84 1 0 3
5 68 -78 95 -40 0 1 1
6 18 4 98 26 1 1 1
7 -20 -20 20 20 1 0 0
8 30 -4 39 0 0 2 1
9 5 15 70 57 0 1 2
10 39 23 44 85 0 0 1
11 2 84 61 117 1 2 1
12 -16 -70 64 4 1 0 0
13 -35 -69 -22 10 0 0 2
14 -20 -20 20 20 0 2 2
15 27 -68 91 -61 1 0 1
16 -28 -84 38 -39 0 0 1
17 31 -29 59 31 1 1 1
18 -78 90 -7 108 1 0 2
19 41 -59 119 26 1 0 3
20 18 -85 59 -75 0 2 2
21 -20 -20 20 20 1 2 1
22 68 -80 105 -64 1 0 2
23 -83 71 -40 99 1 1 0
24 -14 53 20 116 1 2 1
REMOVE 5
INSERT 25 86 -31 120 47
VISIT 24 13 4 14 7 23 18 3 24 11 17 10 15 20 16 22 25 19 21 12 8 9 6 2 1
COMPLETE -100 -100 100 100 -65 -7 -65 -7 1 1 17 1 -50 -50 50 50
RESULT 1 -100 -100 -20 34 -65 -7 -65 -7
NEIGHBOURS -100 -100 -20 34 3 7 -20 -20 -20 20 1 1 21 -20 -20 -20 20 1 1 4 -33 34 -31 34 2 2 0
GAPS 2 -31 -100 100 -20 -31 -100 -20 -20 -31 20 100 100 -31 20 -20 34
TREE 13
1 48 -17 119 2 1 1 2
2 43 -29 128 34 1 0 0
3 -85 -44 -74 35 1 2 1
4 -71 -70 -62 -10 1 1 2
5 -72 -72 -24 -6 0 1 1
6 3 -39 80 -32 0 1 3
7 -20 -20 20 20 0 2 3
8 -12 74 72 96 0 2 3
9 -57 74 12 117 0 2 0
10 -9 -64 9 -36 0 0 3
11 -19 -15 -15 3 0 1 2
12 42 24 94 96 1 0 1
13 31 -59 55 -44 1 1 0
REMOVE 2
INSERT 14 -39 -6 27 47
VISIT 13 10 5 4 3 13 6 9 12 8 11 14 7 1
COMPLETE -100 -100 100 100 -90 -84 -63 -43 1 1 9 0
RESULT 3 -100 -100 -85 100 -90 -84 -85 -43 -74 -100 42 100 -74 -84 -63 -43 -85 -100 -74 -44 -85 -84 -74 -44
NEIGHBOURS -100 -100 -85 100 1 3 -85 -44 -85 35 1 1 0
GAPS 0
TREE 19
1 86 -22 111 -17 0 2 3
2 -41 60 47 106 0 2 1
3 -22 -42 2 7 0 1 0
4 -11 -59 22 -9 0 1 2
5 66 68 136 152 1 1 3
6 -76 -25 -7 -25 1 1 2
7 -20 -20 20 20 1 1 0
8 -55 61 -20 62 0 0 1
9 -68 73 -23 102 0 2 2
10 64 71 90 92 1 1 1
11 -30 -20 8 -20 0 0 1
12 -40 -67 -15 4 1 2 3
13 63 46 84 106 1 2 3
14 -20 -20 20 20 1 1 3
15 -28 -79 8 -51 1 2 0
16 -42 -43 -29 5 1 1 3
17 58 -25 127 -8 0 2 2
18 55 47 56 53 0 1 1
19 -14 90 36 108 0 0 0
REMOVE 12
INSERT 20 -51 -33 24 51
VISIT 19 18 13 10 5 8 9 19 2 4 14 20 7 16 15 3 11 6 17 1
COMPLETE -100 -100 100 100 -59 58 -50 85 0 1 11 1 -50 -50 50 50
RESULT 3 -100 -100 -55 100 -59 58 -55 85 -55 51 -41 61 -55 58 -50 61 -55 62 -41 100 -55 62 -50 85
NEIGHBOURS -100 -100 -55 100 1 8 -55 61 -55 62 1 1 0
GAPS 0
TREE 25
1 -64 -24 -20 15 0 1 1
2 1 -43 64 31 0 1 2
3 -3 28 35 61 0 2 0
4 72 41 83 127 0 1 0
5 42 -14 130 59 1 2 0
6 -56 66 9 77 0 2 0
7 -20 -20 20 20 1 1 3
8 15 90 27 158 0 2 2
9 49 -73 130 -38 0 1 1
10 20 57 57 62 1 0 0
11 -9 44 28 127 0 0 1
12 38 -60 55 -17 1 1 0
13 24 -25 44 47 0 2 2
14 -20 -20 20 20 1 2 2
15 75 -70 130 -15 1 2 2
16 56 -84 65 -48 1 1 0
17 43 -35 84 -1 1 1 0
18 26 -51 38 28 0 2 0
19 3 90 28 147 1 0 1
20 14 19 77 80 1 2 2
21 -20 -20 20 20 0 1 3
22 10 83 27 122 1 1 2
23 69 36 102 52 0 2 2
24 11 41 14 83 1 2 2
25 47 -76 101 -16 1 0 0
REMOVE 16
INSERT 26 0 43 44 106
VISIT 25 4 19 22 24 26 11 8 10 20 3 12 17 25 15 9 23 5 13 18 2 6 14 21 7 1
COMPLETE -100 -100 100 100 -1 -10 -1 -10 0 1 16 0
RESULT 1 -20 -100 26 28 -1 -10 -1 -10
NEIGHBOURS -20 -100 26 28 3 18 26 -51 26 28 1 2 3 -3 28 26 28 1 2 1 -20 -24 -20 15 3 3 0
GAPS 2 -20 -100 100 -51 -20 -100 26 -51 -100 15 -3 100 -20 15 -3 28
TREE 26
1 44 -6 72 15 1 0 1
2 80 -6 154 46 0 2 2
3 8 85 12 171 0 2 3
4 -28 68 50 85 1 1 2
5 -86 23 -79 88 0 1 2
6 -30 4 -14 58 0 0 3
7 -20 -20 20 20 1 1 0
8 54 -42 129 -24 0 1 1
9 -46 -68 8 -1 1 0 2
10 -7 -3 51 11 1 0 1
11 64 -40 67 -8 1 1 1
12 -83 27 -69 97 1 2 3
13 -46 -63 -36 -2 0 2 1
14 -20 -20 20 20 0 2 0
15 88 81 125 143 0 1 1
16 -50 -85 18 -23 0 0 2
17 11 -87 49 -62 0 2 0
18 7 3 47 35 1 0 3
19 6 6 53 32 1 1 3
20 -9 -15 71 65 0 2 3
21 -20 -20 20 20 0 1 0
22 42 -39 128 42 0 2 3
23 69 34 73 95 1 1 0
24 86 44 101 94 1 1 2
25 -50 -26 -7 6 1 2 3
26 -71 15 -34 39 1 1 3
REMOVE 3
INSERT 27 32 -84 96 -11
VISIT 26 22 8 23 24 15 2 26 12 5 19 18 6 4 13 27 17 16 25 9 14 21 7 20 10 11 1
COMPLETE -100 -100 100 100 30 -70 118 -27 1 1 8 1 -50 -50 50 50
RESULT 3 -7 -100 64 -6 30 -70 64 -27 67 -100 100 -6 67 -70 100 -27 64 -100 67 -40 64 -70 67 -40
NEIGHBOURS -7 -100 64 -6 3 11 64 -40 64 -8 1 1 1 44 -6 64 -6 1 2 25 -7 -26 -7 -6 2 3 0
GAPS 3 -7 -100 100 -40 -7 -100 64 -40 64 -8 100 -6 64 -8 64 -6 -7 -6 44 100 -7 -6 44 -6
TREE 4
1 21 86 27 141 1 2 2
2 -25 82 16 150 1 1 2
3 -30 -46 -9 -15 0 1 1
4 4 48 39 61 1 1 0
REMOVE 2
INSERT 5 -85 -35 -11 47
VISIT 4 5 3 4 1
COMPLETE -100 -100 100 100 -83 49 -26 128 1 1 1 0
RESULT 1 -100 -100 100 100 -83 49 -26 128
NEIGHBOURS -100 -100 100 100 0 0
GAPS 0
TREE 24
1 -70 44 -35 102 1 1 1
2 -82 -68 -52 -10 0 0 0
3 71 -31 116 45 0 1 1
4 69 59 120 74 1 1 0
5 -37 89 38 163 0 0 2
6 51 38 108 85 1 0 0
7 -20 -20 20 20 1 1 0
8 31 3 107 73 1 1 0
9 29 54 57 110 1 1 2
10 16 25 23 40 0 2 3
11 21 -11 104 -5 1 1 3
12 82 -52 104 -48 1 1 0
13 -68 -10 13 62 0 2 3
14 -20 -20 20 20 0 1 3
15 27 71 114 157 1 2 1
16 -39 24 -8 75 1 0 2
17 23 -12 98 64 0 2 3
18 -25 -76 -10 -21 0 0 1
19 62 17 135 106 0 0 3
20 78 18 147 23 1 0 1
21 -20 -20 20 20 0 1 1
22 -59 23 28 31 0 0 1
23 -59 68 -34 104 1 0 3
24 4 -73 81 -48 1 0 1
REMOVE 19
INSERT 25 -35 -45 -33 -10
VISIT 24 10 11 17 8 20 6 4 24 12 3 16 22 13 14 21 7 25 18 2 15 9 5 23 1
COMPLETE -100 -100 100 100 67 75 67 75 1 1 13 1 -50 -50 50 50
RESULT 0
NEIGHBOURS 1000 1000 2000 2000 0 0
GAPS 0
TREE 4
1 40 -44 73 -20 0 2 1
2 82 4 164 84 0 2 3
3 -68 71 -55 141 0 2 1
4 43 65 119 132 1 0 0
REMOVE 4
INSERT 5 16 82 47 106
VISIT 4 5 3 2 1
COMPLETE -100 -100 100 100 84 -14 151 62 0 1 0 0
RESULT 1 73 -100 100 4 84 -14 100 4
NEIGHBOURS 73 -100 100 4 2 2 82 4 100 4 1 2 1 73 -44 73 -20 3 3 0
GAPS 2 73 -100 100 4 73 -100 100 4 -100 -20 82 100 73 -20 82 4
TREE 4
1 79 5 160 44 0 0 0
2 -55 -83 -32 -52 1 0 0
3 72 16 85 95 0 1 2
4 8 54 91 73 1 2 0
REMOVE 2
INSERT 5 38 -42 80 -25
VISIT 4 4 5 3 1
COMPLETE -100 -100 100 100 -63 -32 -26 -22 1 1 0 1 -50 -50 50 50
RESULT 1 -100 -100 100 54 -63 -32 -26 -22
NEIGHBOURS -100 -100 100 54 1 4 8 54 91 54 2 2 0
GAPS 0
TREE 5
1 29 -28 100 -9 0 1 0
2 -69 21 -60 51 0 2 3
3 -70 -10 -59 25 1 1 2
4 -35 -20 -6 51 0 0 1
5 82 42 140 97 0 1 2
REMOVE 2
INSERT 6 36 -53 44 -51
VISIT 5 4 3 5 6 1
COMPLETE -100 -100 100 100 36 -76 36 -76 0 1 0 0
RESULT 1 -100 -100 100 -53 36 -76 36 -76
NEIGHBOURS -100 -100 100 -53 1 6 36 -53 44 -53 2 2 0
GAPS 0
TREE 27
1 8 -7 58 78 0 2 1
2 18 -88 31 -52 0 0 2
3 84 17 154 22 0 1 0
4 -37 64 -11 91 0 2 0
5 7 82 18 126 1 2 2
6 -81 52 -24 85 1 0 2
7 -20 -20 20 20 0 0 2
8 27 -30 27 -30 1 0 1
9 64 2 89 72 1 0 1
10 -74 -72 -3 -23 1 1 3
11 -16 65 60 116 1 1 0
12 10 -75 81 1 1 0 1
13 65 31 124 58 0 1 0
14 -20 -20 20 20 0 2 3
15 85 -47 127 -33 0 0 2
16 19 44 58 120 0 0 0
17 -82 -32 -81 27 0 1 2
18 27 -23 61 -18 0 1 2
19 23 -25 112 10 1 2 3
20 -65 -30 -24 40 1 2 2
21 -20 -20 20 20 1 2 1
22 -4 19 29 88 0 2 2
23 -50 17 29 74 1 1 2
24 50 -42 55 11 1 0 2
25 90 23 175 73 0 2 1
26 -88 -78 -58 -77 0 2 0
27 62 18 97 106 0 1 1
REMOVE 6
INSERT 28 43 -46 130 -39
VISIT 27 5 8 2 25 13 19 28 15 3 20 17 26 10 23 4 14 21 7 27 9 22 16 11 18 24 12 1
COMPLETE -100 -100 100 100 8 26 32 66 1 1 15 1 -50 -50 50 50
RESULT 0
NEIGHBOURS -100 20 64 100 2 21 -20 20 20 20 0 0 9 64 20 64 72 0 1 2
GAPS 2 -100 -100 -20 20 -100 20 -20 20 20 -100 64 20 20 20 64 20
TREE 4
1 89 75 103 132 0 1 1
2 -24 4 27 71 1 2 3
3 -57 62 -13 115 1 1 2
4 89 76 111 92 0 1 2
REMOVE 1
INSERT 5 -63 -1 13 64
VISIT 4 3 5 2 4
COMPLETE -100 -100 100 100 -58 -82 19 -52 1 1 2 0
RESULT 1 -100 -100 100 100 -58 -82 19 -52
NEIGHBOURS -100 -100 100 4 1 2 -24 4 27 4 2 2 0
GAPS 0
TREE 22
1 -18 2 -12 28 0 1 3
2 -10 43 69 58 1 1 3
3 25 58 37 74 1 0 0
4 70 -50 154 -14 0 1 2
5 44 -26 115 -6 0 2 2
6 53 1 107 18 1 2 2
7 -20 -20 20 20 1 2 3
8 20 -53 99 -2 0 1 3
9 -27 -81 3 -21 1 2 2
10 -68 75 21 94 1 0 2
11 -85 -65 -74 -41 0 0 3
12 -34 35 -23 55 1 1 1
13 73 0 146 72 0 2 3
14 -20 -20 20 20 0 1 2
15 72 -77 103 -6 0 0 2
16 -86 -77 -20 -20 0 2 2
17 -67 -70 -48 -33 0 0 3
18 -87 80 -62 101 0 0 3
19 -7 63 27 129 0 1 2
20 -75 -52 -27 -19 1 1 0
21 -20 -20 20 20 0 2 3
22 38 -73 69 -48 1 2 3
REMOVE 13
INSERT 23 -44 27 -15 94
VISIT 22 18 10 23 19 3 12 2 6 22 8 5 15 4 14 21 7 17 20 16 11 9 1
COMPLETE -100 -100 100 100 90 31 90 31 1 1 10 1 -50 -50 50 50
RESULT 1 37 -48 100 100 90 31 90 31
NEIGHBOURS 37 -48 100 100 2 22 38 -48 69 -48 0 0 3 37 58 37 74 3 3 1
GAPS 2 -100 -100 38 58 37 -48 38 58 -100 74 38 100 37 74 38 100
TREE 21
1 -57 79 4 125 1 1 0
2 64 76 96 76 0 2 2
3 87 -79 87 -63 1 2 1
4 3 -55 58 -44 1 1 1
5 -18 -65 67 4 1 0 1
6 83 -24 102 16 1 2 2
7 -20 -20 20 20 1 1 3
8 75 1 88 62 0 1 3
9 80 24 126 89 0 1 3
10 -83 -7 -43 41 0 0 1
11 53 22 86 32 1 2 3
12 -11 -52 43 -3 0 2 3
13 64 -11 136 11 1 2 1
14 -20 -20 20 20 1 2 2
15 26 82 77 109 1 2 3
16 -27 -4 0 11 1 0 3
17 43 -48 57 41 0 0 1
18 37 -80 57 -60 0 1 0
19 85 34 137 89 0 2 2
20 33 -87 58 -50 0 0 0
21 -20 -20 20 20 1 1 3
REMOVE 10
INSERT 22 82 -15 99 36
VISIT 21 14 21 7 12 20 18 17 5 4 22 6 3 19 9 13 11 8 15 2 16 1
COMPLETE -100 -100 100 100 -70 59 17 91 0 1 16 0
RESULT 1 -100 -3 43 100 -70 59 17 91
NEIGHBOURS -100 -3 43 100 2 12 -11 -3 43 -3 0 1 17 43 -3 43 41 0 1 2
GAPS 0
TREE 11
1 68 -24 155 27 1 0 2
2 -13 -68 42 -40 0 0 3
3 -32 -12 53 20 1 2 3
4 -65 38 21 97 0 2 0
5 -37 -31 -36 -9 0 1 2
6 -6 -45 25 14 1 2 2
7 -20 -20 20 20 0 2 2
8 -78 -7 -14 41 1 0 1
9 68 -2 114 43 1 2 1
10 82 -53 148 -39 0 0 0
11 -16 34 24 59 1 1 0
REMOVE 3
INSERT 12 12 12 13 84
VISIT 11 8 12 11 4 5 6 2 7 9 10 1
COMPLETE -100 -100 100 100 4 -37 53 7 1 1 10 1 -50 -50 50 50
RESULT 1 -14 -100 68 100 4 -37 53 7
NEIGHBOURS -14 -100 68 100 2 9 68 -2 68 43 1 1 8 -14 -7 -14 41 3 3 0
GAPS 2 -14 -100 100 -2 -14 -100 68 -2 -100 41 68 100 -14 41 68 100
TREE 11
1 34 46 79 83 1 0 1
2 19 -26 20 -9 1 2 3
3 -13 43 75 111 1 2 1
4 -6 -67 56 11 0 1 0
5 -20 -58 -10 6 0 0 2
6 -79 -13 -42 54 1 0 2
7 -20 -20 20 20 1 0 3
8 50 11 77 32 0 0 2
9 88 -3 111 9 0 0 1
10 -13 14 46 62 1 0 1
11 52 35 127 39 0 2 0
REMOVE 3
INSERT 12 31 -55 75 -15
VISIT 11 5 9 11 8 12 4 6 10 7 2 1
COMPLETE -100 -100 100 100 45 -36 45 -36 0 1 2 0
RESULT 0
NEIGHBOURS 1000 1000 2000 2000 0 0
GAPS 0
TREE 9
1 -58 71 -55 89 1 1 3
2 -44 0 37 79 0 2 3
3 87 -20 158 49 0 2 0
4 -57 -2 21 35 1 1 2
5 -88 -18 -77 16 0 2 2
6 0 35 13 43 1 0 1
7 -20 -20 20 20 0 2 0
8 28 -73 84 -18 1 2 3
9 57 -84 134 -51 0 1 3
REMOVE 8
INSERT 10 -42 80 28 132
VISIT 9 9 3 5 7 4 6 2 10 1
COMPLETE -100 -100 100 100 -7 36 40 117 1 1 5 1 -50 -50 50 50
RESULT 0
NEIGHBOURS -100 -100 0 100 1 6 0 35 0 43 1 1 0
GAPS 0
TREE 7
1 32 54 39 134 1 1 2
2 7 -56 55 8 0 0 2
3 -48 -8 -25 35 0 0 1
4 19 -70 56 -46 1 2 1
5 6 72 90 138 1 0 2
6 -62 -20 10 67 1 2 3
7 -20 -20 20 20 1 0 3
REMOVE 4
INSERT 8 -61 -35 -37 9
VISIT 7 7 8 6 3 2 5 1
COMPLETE -100 -100 100 100 -31 -84 -24 -29 1 1 2 0
RESULT 1 -100 -100 100 -20 -31 -84 -24 -29
NEIGHBOURS -100 -100 100 -20 2 7 -20 -20 20 -20 2 2 6 -62 -20 10 -20 2 2 0
GAPS 0
TREE 15
1 25 -36 76 -35 1 2 2
2 3 16 4 83 0 0 2
3 63 -11 114 18 0 2 1
4 -13 73 30 126 0 2 1
5 59 -42 82 -14 1 1 0
6 -54 -10 -28 3 0 1 2
7 -20 -20 20 20 0 2 2
8 22 -71 99 -67 0 0 1
9 -68 9 -56 37 0 1 3
10 -17 -85 56 -47 0 2 2
11 4 86 70 99 1 2 0
12 -71 55 -46 62 1 0 2
13 39 -10 94 37 1 1 0
14 -20 -20 20 20 0 1 2
15 -69 48 19 56 0 1 3
REMOVE 6
INSERT 16 14 85 75 110
VISIT 15 16 11 4 2 14 7 15 12 9 13 3 5 10 8 1
COMPLETE -100 -100 100 100 50 -40 50 -40 0 1 14 1 -50 -50 50 50
RESULT 1 -100 -67 100 -11 50 -40 50 -40
NEIGHBOURS -100 -67 100 -11 2 8 22 -67 99 -67 0 0 3 63 -11 100 -11 1 2 1
GAPS 2 -100 -100 22 -11 -100 -67 22 -11 99 -100 100 -11 99 -67 100 -11
TREE 6
1 -83 31 1 79 0 2 3
2 48 -23 50 45 0 1 2
3 -79 -78 -43 -4 0 0 2
4 -65 -20 -17 12 0 1 2
5 -85 16 -69 64 1 0 0
6 -38 -69 17 3 0 2 2
REMOVE 6
INSERT 7 -62 13 -20 91
VISIT 6 2 4 3 5 7 1
COMPLETE -100 -100 100 100 -41 -85 42 -4 1 1 5 0
RESULT 1 -100 -100 100 100 -41 -85 42 -4
NEIGHBOURS -69 -100 100 100 1 5 -69 16 -69 64 3 3 0
GAPS 0
TREE 27
1 -41 -27 29 -6 1 1 3
2 -67 53 -44 64 1 0 0
3 12 35 30 66 0 1 3
4 54 73 87 135 0 1 0
5 53 74 89 153 0 2 1
6 -2 -76 1 -21 0 1 2
7 -20 -20 20 20 0 2 2
8 6 60 59 61 0 2 1
9 20 -9 78 53 1 2 0
10 -42 -65 21 -56 1 0 2
11 73 -2 129 14 1 2 1
12 42 68 88 131 1 0 1
13 68 9 137 80 0 0 2
14 -20 -20 20 20 1 1 2
15 -82 49 -65 65 1 2 2
16 22 86 100 157 1 1 3
17 90 -49 162 16 1 1 1
18 5 -39 88 34 0 0 1
19 -13 -71 43 -9 1 1 3
20 48 -68 62 -66 1 0 1
21 -20 -20 20 20 0 0 2
22 -52 39 30 39 1 0 0
23 31 -69 72 -7 1 0 3
24 78 32 89 45 1 0 2
25 -53 25 -30 106 0 1 0
26 5 26 28 63 0 0 0
27 45 28 96 67 0 1 1
REMOVE 23
INSERT 28 55 -30 67 -6
VISIT 27 16 5 12 4 8 24 27 13 11 9 3 25 15 26 22 2 6 14 17 28 18 21 7 20 10 19 1
COMPLETE -100 -100 100 100 -36 -79 43 -70 1 1 20 1 -50 -50 50 50
RESULT 1 -100 -100 90 -9 -36 -79 43 -70
NEIGHBOURS -100 -100 48 -9 2 20 48 -68 48 -66 1 1 9 20 -9 48 -9 1 2 0
GAPS 2 48 -100 100 -68 48 -100 48 -68 48 -66 100 -9 48 -66 48 -9
TREE 25
1 55 75 123 155 0 2 2
2 -18 18 34 90 0 0 1
3 5 90 76 109 1 0 0
4 -63 -65 -19 -43 0 1 3
5 -32 -38 35 45 0 0 2
6 24 38 94 97 0 1 2
7 -20 -20 20 20 1 1 3
8 -17 -57 52 -20 0 2 2
9 -7 -44 51 41 0 0 2
10 -19 60 37 131 1 0 0
11 -25 -72 -20 -31 1 2 3
12 -18 -70 61 -14 1 2 3
13 -49 65 23 150 1 2 3
14 -20 -20 20 20 0 2 2
15 5 -5 12 -2 0 1 3
16 55 62 78 88 1 2 3
17 81 -42 102 -17 1 1 1
18 -64 -61 -52 -45 0 0 0
19 -71 55 -54 124 1 1 2
20 77 -24 142 4 1 1 0
21 -20 -20 20 20 0 2 3
22 70 -61 136 -12 0 2 2
23 -20 -8 -16 70 0 0 1
24 23 -4 98 54 1 2 2
25 81 65 160 98 1 0 3
REMOVE 6
INSERT 26 65 -44 72 3
VISIT 25 11 18 4 7 12 20 22 17 8 24 26 9 14 15 21 5 23 2 16 19 13 10 3 25 1
COMPLETE -100 -100 100 100 -32 -70 -32 -70 1 1 14 0
RESULT 1 -100 -100 -25 65 -32 -70 -32 -70
NEIGHBOURS -100 -100 -25 65 2 11 -25 -72 -25 -31 1 1 13 -49 65 -25 65 1 2 0
GAPS 2 -25 -100 100 -72 -25 -100 -25 -72 -25 -31 100 65 -25 -31 -25 65
TREE 25
1 -78 1 -72 44 1 1 1
2 -37 39 21 109 0 0 2
3 -14 -4 64 20 0 0 1
4 -26 56 51 119 1 1 2
5 -16 -83 70 -25 0 2 2
6 -22 -86 35 -25 1 1 0
7 -20 -20 20 20 1 2 0
8 52 46 108 77 0 1 1
9 -66 65 16 142 0 1 1
10 31 -31 37 57 1 2 2
11 -68 48 15 136 1 0 2
12 -46 41 -8 96 0 0 0
13 16 -37 42 48 1 0 0
14 -20 -20 20 20 1 1 2
15 84 -33 115 13 1 0 3
16 -34 50 10 71 0 0 1
17 -78 -39 -42 35 1 1 0
18 -8 -89 65 -41 1 0 2
19 39 39 71 93 0 1 2
20 -38 -35 40 7 1 2 3
21 -20 -20 20 20 1 1 3
22 -49 18 -28 90 1 2 0
23 -2 -52 48 1 1 2 1
24 59 -85 112 -66 1 2 2
25 -47 84 7 141 1 1 0
REMOVE 18
INSERT 26 -55 -1 12 44
VISIT 25 19 8 4 22 12 11 25 9 16 2 6 24 5 23 13 10 14 26 7 15 21 20 3 17 1
COMPLETE -100 -100 100 100 -16 -15 8 69 1 1 24 1 -50 -50 50 50
RESULT 2 -28 20 -2 100 -16 20 -2 69 -2 20 16 100 -2 20 8 69
NEIGHBOURS -28 20 -2 100 2 7 -20 20 -2 20 0 1 22 -28 20 -28 90 3 0 1
GAPS 2 -28 -100 -20 20 -28 20 -20 20 -100 90 -20 100 -28 90 -20 100
TREE 25
1 -1 12 55 19 0 1 2
2 26 42 88 130 1 0 3
3 35 -85 79 -40 0 0 3
4 31 -86 94 -35 0 2 0
5 -8 14 64 82 0 0 0
6 -87 -36 -42 42 0 1 0
7 -20 -20 20 20 0 1 3
8 30 -44 108 27 0 2 1
9 -58 43 7 82 0 2 0
10 13 -24 49 51 0 1 0
11 -47 -76 21 -60 0 2 2
12 -77 6 11 62 1 0 0
13 28 -78 55 -8 0 0 0
14 -20 -20 20 20 1 0 1
15 15 41 57 120 1 1 2
16 78 -76 158 -40 1 2 0
17 66 46 148 128 0 0 1
18 72 -60 98 -3 1 1 3
19 39 -57 79 -23 1 1 2
20 9 11 15 54 0 2 1
21 -20 -20 20 20 1 1 2
22 88 -48 156 16 1 0 1
23 14 22 97 92 1 0 0
24 82 32 167 46 0 2 1
25 -39 -47 -1 -43 0 2 0
REMOVE 16
INSERT 26 -47 -29 -20 11
VISIT 25 22 8 13 18 19 4 3 15 24 17 23 2 9 5 6 10 25 11 20 12 14 21 26 7 1
COMPLETE -100 -100 100 100 18 51 73 105 0 1 23 0
RESULT 2 64 27 66 100 64 51 66 100 7 82 64 100 18 82 64 100
NEIGHBOURS 64 27 66 100 3 17 66 46 66 100 1 2 5 64 27 64 82 3 0 8 64 27 66 27 3 1 2
GAPS 2 66 27 100 46 66 27 66 46 -100 82 66 100 64 82 66 100
TREE 14
1 51 -42 93 1 0 0 2
2 -27 15 -7 40 0 1 2
3 13 64 88 123 1 2 2
4 34 -5 49 71 1 0 2
5 46 -87 81 -25 0 0 1
6 -11 -19 -10 8 0 0 3
7 -20 -20 20 20 0 2 3
8 3 10 7 92 1 1 0
9 35 -53 66 -35 1 1 1
10 39 -13 80 34 0 2 1
11 52 -12 77 25 0 0 3
12 46 55 80 64 0 1 3
13 -75 -22 -6 15 0 2 3
14 -20 -20 20 20 1 1 2
REMOVE 6
INSERT 15 -33 -88 11 -16
VISIT 14 13 14 7 15 2 8 3 4 9 5 11 12 10 1
COMPLETE -100 -100 100 100 6 -16 6 -16 1 1 12 1 -50 -50 50 50
RESULT 1 -100 -100 35 100 6 -16 6 -16
NEIGHBOURS -100 -100 35 100 1 9 35 -53 35 -35 1 1 0
GAPS 0
TREE 11
1 19 63 101 141 0 1 3
2 -55 50 20 50 1 2 1
3 35 -78 53 -51 1 1 1
4 65 2 88 87 0 0 2
5 29 60 36 78 0 0 2
6 58 -34 97 44 1 1 2
7 -20 -20 20 20 0 0 3
8 21 40 30 57 0 1 3
9 -55 0 -23 47 1 0 3
10 -19 84 45 167 1 2 2
11 14 -89 14 -13 1 1 0
REMOVE 2
INSERT 12 -32 -52 -11 -44
VISIT 11 9 12 7 11 3 6 4 8 5 10 1
COMPLETE -100 -100 100 100 -35 -17 43 69 1 1 11 0
RESULT 3 -23 -51 100 100 -23 -17 43 69 -100 -100 -23 0 -35 -17 -23 0 -100 47 -23 100 -35 47 -23 69
NEIGHBOURS -23 -51 100 100 2 3 35 -51 53 -51 0 0 9 -23 0 -23 47 3 3 1
GAPS 2 -100 -100 35 0 -23 -51 35 0 -100 47 35 100 -23 47 35 100
TREE 21
1 80 -84 119 -8 1 0 1
2 17 7 104 70 0 0 3
3 -67 46 -21 118 0 0 1
4 -4 19 5 47 1 1 3
5 -9 48 16 101 1 0 2
6 23 72 87 86 0 1 3
7 -20 -20 20 20 1 1 2
8 -41 -72 -18 -67 1 0 2
9 72 -63 120 -21 0 0 3
10 4 6 67 55 0 0 1
11 -8 -49 79 27 0 1 3
12 86 5 90 30 0 0 0
13 45 -7 51 27 1 0 3
14 -20 -20 20 20 1 0 3
15 84 -55 161 -21 0 1 3
16 -16 -43 -3 0 0 2 0
17 -86 51 -41 88 1 1 2
18 -16 63 -16 142 1 2 1
19 89 88 132 122 1 0 0
20 50 79 83 129 1 0 1
21 -20 -20 20 20 1 2 0
REMOVE 15
INSERT 22 72 -1 157 88
VISIT 21 18 5 17 3 8 13 16 11 14 21 7 4 20 19 6 10 12 22 2 9 1
COMPLETE -100 -100 100 100 47 -44 70 -26 1 1 4 1 -50 -50 50 50
RESULT 1 20 -100 80 -7 47 -44 70 -26
NEIGHBOURS 20 -100 80 -7 4 1 80 -84 80 -8 1 1 13 45 -7 51 -7 2 2 14 20 -20 20 -7 2 3 21 20 -20 20 -7 2 3 0
GAPS 3 20 -100 100 -84 20 -100 80 -84 51 -8 100 100 51 -8 80 -7 20 -7 45 100 20 -7 45 -7
TREE 11
1 80 21 150 26 0 0 3
2 29 26 51 79 1 0 3
3 46 11 108 35 1 2 1
4 90 -16 122 -12 1 0 1
5 -3 52 21 77 0 1 3
6 5 -76 30 6 1 2 0
7 -20 -20 20 20 0 1 2
8 66 -30 154 -5 1 1 0
9 -48 30 -12 42 0 0 0
10 -77 -53 2 29 1 0 2
11 -17 46 0 67 1 2 1
REMOVE 1
INSERT 12 -13 -83 -13 -13
VISIT 11 10 7 12 6 5 11 9 2 8 4 3
COMPLETE -100 -100 100 100 24 90 24 90 0 1 10 0
RESULT 1 -100 42 100 100 24 90 24 90
NEIGHBOURS -100 42 100 100 1 9 -48 42 -12 42 0 0 1
GAPS 0
TREE 21
1 5 -34 79 11 1 2 2
2 -86 20 -54 57 1 2 0
3 37 10 43 12 0 1 2
4 -37 14 9 19 0 2 0
5 64 33 138 58 0 1 1
6 59 47 101 65 0 2 3
7 -20 -20 20 20 1 1 2
8 50 -64 58 9 0 2 1
9 52 40 113 70 1 1 3
10 32 -6 94 77 1 1 3
11 -14 44 63 111 0 1 2
12 -90 -56 -20 -21 0 2 1
13 29 -44 96 45 0 1 1
14 -20 -20 20 20 1 0 2
15 25 59 77 61 0 1 2
16 1 -9 84 -6 1 2 3
17 -68 73 -68 119 0 2 1
18 90 31 147 99 1 1 0
19 -78 26 -71 87 1 2 0
20 -67 -24 -14 18 0 1 1
21 -20 -20 20 20 1 1 3
REMOVE 4
INSERT 22 -46 62 -33 149
VISIT 21 10 9 11 15 6 18 5 19 22 17 2 3 12 14 20 21 7 8 13 16 1
COMPLETE -100 -100 100 100 70 87 118 141 0 1 16 1 -50 -50 50 50
RESULT 1 -33 65 100 100 70 87 118 141
NEIGHBOURS -33 65 100 100 2 6 59 65 100 65 0 1 22 -33 65 -33 100 2 0 1
GAPS 2 -33 -100 59 65 -33 65 59 65 -33 65 100 100 -33 65 100 100
TREE 22
1 68 -1 139 23 1 2 1
2 13 -73 21 10 0 1 0
3 37 -50 95 38 0 2 1
4 -74 30 -23 49 0 2 3
5 32 65 112 83 1 1 2
6 32 -24 121 52 0 2 0
7 -20 -20 20 20 1 1 0
8 -33 -38 21 -38 1 2 0
9 13 -9 19 46 1 1 1
10 -42 -30 -40 57 1 0 0
11 -75 41 -46 78 1 2 1
12 -60 -89 -9 0 0 2 2
13 58 88 114 137 1 2 1
14 -20 -20 20 20 0 1 1
15 81 -57 106 -48 0 2 2
16 -40 -67 20 -5 1 0 0
17 71 -78 100 -45 1 0 3
18 19 -86 30 -26 0 2 3
19 -9 62 9 118 0 1 3
20 -39 86 -39 170 1 1 3
21 -20 -20 20 20 0 1 3
22 12 36 63 57 0 2 1
REMOVE 10
INSERT 23 -39 -69 -38 11
VISIT 22 19 20 11 4 8 16 23 12 14 21 7 9 18 2 13 5 22 6 17 15 3 1
COMPLETE -100 -100 100 100 71 24 113 46 0 1 17 0
RESULT 0
NEIGHBOURS 1000 1000 2000 2000 0 0
GAPS 0
TREE 19
1 -1 90 36 147 1 1 3
2 -69 58 -29 95 1 1 3
3 -69 -4 18 23 0 0 2
4 -14 -6 44 43 1 0 0
5 63 -60 69 -29 1 1 0
6 -16 30 24 30 0 0 0
7 -20 -20 20 20 0 0 0
8 -83 31 -46 73 0 2 2
9 49 -35 108 47 1 0 0
10 72 -14 132 75 0 0 1
11 2 89 88 113 0 2 2
12 52 -46 81 8 0 2 3
13 -24 23 -24 93 0 2 1
14 -20 -20 20 20 0 1 3
15 49 -74 111 -49 1 1 1
16 60 -33 125 30 1 0 2
17 81 84 143 131 1 0 3
18 -86 -31 -17 -3 1 2 2
19 -27 39 57 94 0 1 1
REMOVE 8
INSERT 20 -53 25 -50 50
VISIT 19 10 12 15 16 9 5 19 6 14 7 4 18 3 13 20 2 17 11 1
COMPLETE -100 -100 100 100 13 -7 13 -7 1 1 16 1 -50 -50 50 50
RESULT 1 -100 -49 49 -6 13 -7 13 -7
NEIGHBOURS -100 -49 49 -6 3 15 49 -49 49 -49 0 1 9 49 -35 49 -6 1 2 4 -14 -6 44 -6 2 2 0
GAPS 3 -100 -100 49 -6 -100 -49 49 -6 49 -49 100 -35 49 -49 49 -35 44 -6 49 100 44 -6 49 -6
TREE 24
1 -42 -86 35 -37 1 2 3
2 27 69 108 126 0 2 1
3 -57 -62 -45 -1 1 2 2
4 59 -82 104 -14 1 1 2
5 -57 -50 -33 7 0 1 3
6 30 68 53 122 0 1 3
7 -20 -20 20 20 1 2 0
8 -11 71 53 108 1 2 2
9 0 86 48 97 0 0 2
10 2 81 18 151 1 0 1
11 37 -63 109 4 0 1 2
12 42 -87 47 -55 0 1 3
13 -78 46 -60 68 1 1 1
14 -20 -20 20 20 0 2 0
15 -12 41 35 118 1 0 2
16 -79 -47 -23 -30 1 0 0
17 -84 23 -62 44 0 2 1
18 69 73 103 124 0 2 1
19 -4 -9 36 39 1 1 0
20 -80 -6 -17 28 1 0 0
21 -20 -20 20 20 0 0 0
22 -88 -85 -63 -39 1 1 2
23 -36 48 10 55 0 2 1
24 -2 0 77 77 0 1 2
REMOVE 17
INSERT 25 -60 -64 -19 0
VISIT 24 13 23 24 15 6 9 10 8 18 2 14 19 21 7 16 20 25 5 22 3 11 12 4 1
COMPLETE -100 -100 100 100 50 14 88 22 0 1 7 0
RESULT 1 20 -100 100 69 50 14 88 22
NEIGHBOURS 20 -100 100 69 3 2 27 69 100 69 1 2 14 20 -20 20 20 3 3 21 20 -20 20 20 3 3 0
GAPS 2 20 -100 100 69 20 -100 100 69 -100 20 27 100 20 20 27 69
TREE 25
1 32 -51 97 26 0 0 0
2 -23 -6 30 39 1 0 1
3 -14 -43 75 -23 1 0 3
4 -85 -80 -8 -10 1 1 3
5 50 -61 93 -59 0 2 2
6 19 0 95 29 0 1 2
7 -20 -20 20 20 1 0 2
8 30 68 55 102 0 2 3
9 80 78 89 104 0 1 3
10 13 -24 29 63 0 2 0
11 82 41 102 93 1 0 0
12 -79 9 -75 39 0 1 1
13 59 12 65 47 0 1 1
14 -20 -20 20 20 0 1 3
15 -53 -86 -3 2 0 0 0
16 -50 -51 -16 2 0 2 1
17 77 69 84 76 1 2 2
18 23 -43 55 -42 1 2 1
19 -78 -75 8 -36 0 0 1
20 58 42 141 110 0 1 0
21 -20 -20 20 20 1 0 2
22 -60 -47 -17 -2 1 1 0
23 -12 21 51 77 0 1 0
24 -27 1 -9 75 1 2 0
25 -69 -78 -52 -27 0 1 3
REMOVE 23
INSERT 26 -53 -30 -16 -5
VISIT 25 20 11 17 9 13 8 10 24 2 15 19 25 4 3 5 12 14 26 22 16 18 21 7 6 1
COMPLETE -100 -100 100 100 76 21 90 54 1 1 11 1 -50 -50 50 50
RESULT 0
NEIGHBOURS 30 -23 82 100 3 11 82 41 82 93 1 1 2 30 -6 30 39 3 3 3 30 -23 75 -23 3 0 2
GAPS 3 75 -100 100 41 75 -23 82 41 -100 39 82 100 30 39 82 100 -100 -23 30 -6 30 -23 30 -6
TREE 15
1 -62 -21 -58 31 0 0 0
2 35 47 75 79 0 0 2
3 -82 1 -12 54 0 2 3
4 -88 47 -25 117 0 0 2
5 -40 29 1 52 0 1 0
6 -23 19 51 33 0 0 0
7 -20 -20 20 20 1 1 0
8 73 -17 97 11 0 2 2
9 -43 27 33 64 0 1 2
10 67 7 83 73 1 0 0
11 -7 30 41 100 1 0 2
12 -15 32 34 42 1 1 3
13 85 30 128 39 0 1 2
14 -20 -20 20 20 0 0 0
15 81 -17 139 13 1 2 2
REMOVE 5
INSERT 16 -39 27 -11 89
VISIT 15 13 6 10 15 8 2 4 11 12 16 9 3 14 7 1
COMPLETE -100 -100 100 100 -62 -69 -62 -69 1 1 2 0
RESULT 1 -100 -100 67 100 -62 -69 -62 -69
NEIGHBOURS -100 -100 67 100 1 10 67 7 67 73 1 1 0
GAPS 0
TREE 25
1 -51 30 -5 117 1 2 2
2 -52 41 -52 129 0 1 2
3 -23 -87 4 -79 1 2 1
4 -43 11 36 44 1 0 1
5 -90 -24 -84 7 0 2 2
6 -54 55 25 91 0 2 1
7 -20 -20 20 20 1 1 2
8 29 85 38 90 1 0 2
9 28 -9 71 69 0 2 3
10 -1 66 11 87 1 0 0
11 48 20 90 54 1 1 2
12 -45 41 -10 62 1 2 2
13 10 50 43 74 1 0 2
14 -20 -20 20 20 1 0 2
15 -50 58 4 92 1 1 2
16 -69 -23 -19 31 1 1 2
17 -22 -9 54 18 1 2 3
18 20 82 100 112 0 2 2
19 -64 -20 10 23 1 2 2
20 -83 10 -9 40 1 1 0
21 -20 -20 20 20 1 1 2
22 45 -63 84 21 1 2 2
23 69 -85 136 -85 0 0 1
24 11 -27 78 -6 1 0 0
25 28 55 71 72 0 0 3
REMOVE 22
INSERT 26 26 -66 64 -46
VISIT 25 5 2 23 26 3 14 19 20 16 21 7 11 24 9 17 4 18 8 10 25 13 15 6 12 1
COMPLETE -100 -100 100 100 33 -69 40 -8 1 1 16 1 -50 -50 50 50
RESULT 1 4 -100 100 -27 33 -69 40 -27
NEIGHBOURS 4 -100 100 -27 2 24 11 -27 78 -27 2 2 3 4 -87 4 -79 3 3 0
GAPS 2 78 -79 100 100 78 -79 100 -27 -100 -79 11 100 4 -79 11 -27
TREE 21
1 54 14 80 84 0 1 3
2 8 -73 89 -29 1 0 3
3 32 -17 121 57 0 1 2
4 43 51 83 59 0 1 2
5 38 -7 109 23 1 0 3
6 -43 -7 -40 0 0 0 0
7 -20 -20 20 20 0 0 3
8 39 33 86 115 0 1 3
9 -31 -7 22 -3 0 2 2
10 -79 19 -2 100 0 2 0
11 10 -6 23 65 1 0 1
12 17 -69 42 -50 0 1 1
13 88 81 140 116 1 2 1
14 -20 -20 20 20 1 0 1
15 9 76 68 153 1 2 1
16 68 65 94 144 1 1 3
17 -90 88 -7 148 0 2 3
18 85 81 148 89 1 0 0
19 49 -83 111 -62 1 0 3
20 12 31 98 91 1 0 2
21 -20 -20 20 20 1 2 3
REMOVE 12
INSERT 22 -88 -61 -45 -51
VISIT 21 14 21 7 9 6 19 22 2 4 5 11 3 18 13 15 16 20 8 17 10 1
COMPLETE -100 -100 100 100 -72 1 -54 57 1 1 11 0
RESULT 1 -100 -100 -20 100 -72 1 -54 57
NEIGHBOURS -100 -100 -20 100 2 14 -20 -20 -20 20 1 1 21 -20 -20 -20 20 1 1 0
GAPS 0
TREE 27
1 -55 34 -41 116 0 2 3
2 -58 -70 16 -2 0 2 1
3 1 75 20 123 0 2 1
4 43 -4 69 53 0 1 1
5 -45 51 4 126 1 0 0
6 8 35 55 118 0 0 1
7 -20 -20 20 20 0 0 2
8 -3 11 25 99 1 0 0
9 -65 -47 -6 -29 0 2 2
10 28 14 52 59 0 2 3
11 -48 48 -43 57 1 0 0
12 -74 9 -38 98 1 1 0
13 -52 58 34 139 1 2 2
14 -20 -20 20 20 0 1 2
15 -13 59 30 116 1 0 1
16 76 -25 154 4 1 2 0
17 68 66 75 100 0 0 3
18 -74 24 4 99 1 1 2
19 -10 -83 68 -76 0 2 0
20 -1 29 64 66 1 0 2
21 -20 -20 20 20 1 2 0
22 -70 -68 -7 -23 1 1 1
23 -34 -81 -32 -62 0 2 2
24 48 62 135 151 1 2 1
25 3 82 69 99 1 2 3
26 4 22 74 83 0 0 2
27 -12 -49 5 9 0 2 3
REMOVE 25
INSERT 28 50 -26 61 24
VISIT 27 16 9 19 22 23 27 2 14 21 7 28 4 10 24 17 20 26 6 8 3 15 13 5 11 18 12 1
COMPLETE -100 -100 100 100 -74 -10 -74 -10 0 1 16 1 -50 -50 50 50
RESULT 1 -100 -76 -58 100 -74 -10 -74 -10
NEIGHBOURS -100 -76 -58 100 1 2 -58 -70 -58 -2 1 1 0
GAPS 0
TREE 17
1 -72 8 -19 12 0 0 3
2 32 -64 100 -9 1 1 3
3 59 49 96 129 0 0 1
4 69 -17 156 34 0 2 1
5 -70 34 -16 109 0 1 2
6 -52 -82 35 1 0 2 0
7 -20 -20 20 20 1 2 3
8 30 -38 70 19 0 0 2
9 -31 68 48 68 0 2 0
10 -30 -83 45 -51 1 1 0
11 7 -74 54 10 0 0 2
12 76 -15 126 6 0 0 2
13 -13 -89 -12 -7 0 2 2
14 -20 -20 20 20 1 0 1
15 -3 58 5 101 0 0 0
16 -61 -21 -47 -3 0 0 3
17 89 -81 114 -38 0 1 2
REMOVE 13
INSERT 18 13 -12 74 65
VISIT 17 3 12 4 18 8 17 2 9 15 5 14 7 10 11 16 6 1
COMPLETE -100 -100 100 100 37 72 82 87 0 1 4 0
RESULT 1 5 68 59 100 37 72 59 87
NEIGHBOURS 5 68 59 100 3 3 59 68 59 100 0 2 15 5 68 5 100 2 0 9 5 68 48 68 3 0 2
GAPS 1 48 -100 59 68 48 68 59 68
TREE 15
1 18 -4 59 31 1 2 1
2 -86 40 -37 77 0 0 1
3 58 -30 97 20 1 1 1
4 -16 83 69 104 1 1 0
5 48 -46 64 -10 1 0 3
6 28 89 28 177 1 1 0
7 -20 -20 20 20 0 0 1
8 45 -18 64 1 1 0 2
9 -20 -55 -5 34 0 1 3
10 26 76 71 116 1 1 0
11 31 3 96 60 1 1 0
12 -82 48 -13 67 0 2 2
13 4 12 39 80 0 0 3
14 -20 -20 20 20 0 2 3
15 -14 51 19 102 0 2 3
REMOVE 8
INSERT 16 34 13 92 81
VISIT 15 6 10 15 4 12 2 5 16 11 3 9 14 7 13 1
COMPLETE -100 -100 100 100 25 84 87 132 0 1 0 1 -50 -50 50 50
RESULT 1 19 81 100 100 25 84 87 132
NEIGHBOURS 19 81 100 100 2 16 34 81 92 81 0 0 15 19 81 19 100 2 0 1
GAPS 2 19 -100 34 81 19 81 34 81 19 81 100 100 19 81 100 100
TREE 27
1 68 20 78 25 0 2 1
2 -67 44 -66 119 1 2 2
3 28 -41 85 27 1 0 1
4 66 -88 145 -24 1 0 2
5 -17 -31 26 42 0 1 2
6 4 41 11 103 1 1 2
7 -20 -20 20 20 0 0 1
8 47 -42 89 40 1 0 1
9 89 59 131 117 1 2 2
10 16 -11 51 48 0 1 1
11 26 -48 69 -11 0 2 0
12 8 -15 52 -3 0 0 1
13 -49 67 6 125 0 2 1
14 -20 -20 20 20 0 0 3
15 5 -42 26 25 1 1 0
16 -9 -20 37 28 1 1 3
17 -60 41 -8 101 0 0 2
18 25 -37 110 14 1 0 1
19 55 -29 143 56 0 0 3
20 68 -79 88 -32 0 1 1
21 -20 -20 20 20 0 0 2
22 32 52 34 93 0 0 0
23 -17 22 -2 85 0 1 2
24 -62 19 23 106 0 2 2
25 59 -53 118 30 0 1 0
26 -31 -15 14 62 0 1 2
27 81 4 127 52 0 2 2
REMOVE 14
INSERT 28 -53 -81 4 -47
VISIT 27 9 23 24 17 13 22 6 2 21 28 7 16 26 5 8 12 15 10 11 18 3 20 4 25 27 19 1
COMPLETE -100 -100 100 100 -53 58 -53 58 0 1 7 0
RESULT 1 -100 -47 8 67 -53 58 -53 58
NEIGHBOURS -100 20 16 67 3 7 -20 20 16 20 0 1 10 16 20 16 48 0 1 13 -49 67 6 67 2 2 3
GAPS 2 -100 -100 -20 67 -100 20 -20 67 6 48 100 100 6 48 16 67
TREE 27
1 50 -4 99 20 1 1 1
2 89 -61 119 -53 1 1 2
3 86 14 120 21 1 1 3
4 58 9 60 66 1 2 0
5 41 89 118 176 1 1 3
6 68 5 71 92 0 0 1
7 -20 -20 20 20 0 2 3
8 80 -79 84 -43 0 0 2
9 -84 47 -59 113 0 0 0
10 -58 49 12 71 0 1 0
11 16 -1 22 13 0 1 1
12 -28 -83 -7 -66 1 2 0
13 -37 -39 -2 43 1 0 0
14 -20 -20 20 20 0 2 1
15 9 -4 44 -3 0 1 0
16 -33 -16 -9 4 0 0 0
17 -50 -76 34 -35 1 0 2
18 -80 -51 5 30 0 2 1
19 29 -46 36 -5 0 2 1
20 -67 -62 11 -9 0 0 2
21 -20 -20 20 20 0 0 0
22 -43 45 -4 104 0 2 2
23 9 40 77 103 1 2 2
24 1 -69 57 -5 0 0 1
25 -85 -32 -82 30 0 1 2
26 -71 -87 7 -55 1 1 0
27 73 -77 83 -40 0 2 1
REMOVE 21
INSERT 28 6 61 20 78
VISIT 27 26 17 12 16 20 25 18 13 14 24 19 7 27 8 2 28 23 22 10 9 15 11 3 4 5 6 1
COMPLETE -100 -100 100 100 -80 -77 -4 -11 0 1 27 1 -50 -50 50 50
RESULT 4 -100 -100 -80 47 -80 -77 -80 -11 -80 -100 -33 -51 -80 -77 -33 -51 -9 -100 1 -51 -9 -77 -4 -51 -33 -100 -9 -51 -33 -77 -9 -51
NEIGHBOURS -100 -100 -80 47 2 18 -80 -51 -80 30 1 1 9 -84 47 -80 47 1 2 0
GAPS 2 -80 -100 100 -51 -80 -100 -80 -51 -80 30 100 47 -80 30 -80 47
TREE 10
1 -77 41 -74 124 0 1 3
2 -7 0 0 74 0 2 0
3 14 13 47 84 1 1 3
4 -68 88 -54 145 0 0 0
5 -67 -48 -22 20 1 0 1
6 13 66 53 120 1 0 0
7 -20 -20 20 20 0 0 3
8 89 11 97 100 0 0 2
9 -29 14 31 74 0 0 3
10 46 67 97 104 0 1 3
REMOVE 10
INSERT 11 -15 -76 29 -66
VISIT 10 6 8 3 11 7 9 2 5 4 1
COMPLETE -100 -100 100 100 -84 -40 -32 22 0 1 7 0
RESULT 1 -100 -66 -29 88 -84 -40 -32 22
NEIGHBOURS -100 -66 -29 88 2 9 -29 14 -29 74 1 1 4 -68 88 -54 88 2 2 0
GAPS 2 -54 -100 100 14 -54 -66 -29 14 -54 74 100 100 -54 74 -29 88
TREE 6
1 61 -11 134 8 1 2 2
2 3 79 20 99 0 1 2
3 -73 1 -32 7 1 1 1
4 69 87 145 152 1 2 0
5 -82 -6 -39 17 1 1 1
6 78 81 133 123 1 0 1
REMOVE 3
INSERT 7 -35 88 6 151
VISIT 6 6 4 7 2 5 1
COMPLETE -100 -100 100 100 54 84 54 84 0 1 1 1 -50 -50 50 50
RESULT 1 6 -100 100 100 54 84 54 84
NEIGHBOURS 6 -100 100 100 1 7 6 88 6 100 2 3 0
GAPS 0
TREE 5
1 -75 -18 -46 16 0 1 0
2 69 69 81 115 1 2 0
3 66 32 108 98 1 2 3
4 -4 -22 18 -18 1 2 2
5 81 3 102 22 0 1 0
REMOVE 2
INSERT 6 59 89 128 114
VISIT 5 5 6 3 4 1
COMPLETE -100 -100 100 100 -14 -42 55 28 0 1 5 0
RESULT 1 -100 -100 100 89 -14 -42 55 28
NEIGHBOURS -100 -100 100 89 1 6 59 89 100 89 1 2 0
GAPS 0
TREE 22
1 -26 7 -14 49 0 0 3
2 -32 -55 1 -36 0 2 3
3 -62 -69 13 -45 1 2 3
4 1 32 38 49 0 1 2
5 -84 52 -8 118 1 0 3
6 52 -77 98 -35 1 1 2
7 -20 -20 20 20 1 1 3
8 -71 71 -63 98 1 2 1
9 3 50 53 90 1 2 2
10 -8 -57 18 -32 0 2 2
11 43 -16 48 23 0 1 1
12 -65 63 -51 119 1 0 1
13 56 -13 81 43 1 2 3
14 -20 -20 20 20 0 2 2
15 23 11 107 32 1 0 1
16 -50 83 -13 104 1 2 2
17 57 17 89 34 0 2 0
18 -49 12 22 61 1 2 1
19 38 -87 117 2 0 2 0
20 27 41 90 85 0 0 2
21 -20 -20 20 20 0 1 0
22 11 -79 64 -38 1 1 0
REMOVE 22
INSERT 23 21 -5 36 22
VISIT 22 3 19 6 10 2 17 23 15 13 11 14 18 21 7 20 9 4 8 12 16 5 1
COMPLETE -100 -100 100 100 62 88 121 140 0 1 14 1 -50 -50 50 50
RESULT 1 -14 34 100 100 62 88 121 140
NEIGHBOURS -14 34 100 100 2 17 57 34 89 34 0 0 1 -14 34 -14 49 3 0 1
GAPS 2 -14 -100 57 34 -14 34 57 34 -100 49 57 100 -14 49 57 100
TREE 8
1 -14 -64 29 16 1 0 1
2 -46 56 5 138 1 1 1
3 18 65 32 104 1 2 2
4 20 26 99 63 0 1 1
5 12 -30 86 17 0 1 1
6 51 -49 131 20 0 1 3
7 -20 -20 20 20 0 0 0
8 18 -3 97 41 0 1 1
REMOVE 1
INSERT 9 41 60 101 73
VISIT 8 9 4 3 2 6 8 5 7
COMPLETE -100 -100 100 100 -85 42 -85 42 0 1 5 0
RESULT 1 -100 -100 -20 100 -85 42 -85 42
NEIGHBOURS -100 -100 -20 100 1 7 -20 -20 -20 20 1 1 0
GAPS 0
TREE 8
1 26 -32 57 -1 0 0 0
2 -70 86 7 106 1 2 0
3 -83 86 -45 138 1 1 3
4 87 19 115 54 1 0 0
5 35 -6 93 53 1 2 1
6 56 -46 88 -18 0 1 1
7 -20 -20 20 20 0 2 3
8 -78 -53 -62 -17 1 1 0
REMOVE 4
INSERT 9 -54 55 -48 56
VISIT 8 3 2 9 5 8 6 7 1
COMPLETE -100 -100 100 100 -82 -21 -61 8 1 1 6 1 -50 -50 50 50
RESULT 1 -100 -100 35 86 -82 -21 -61 8
NEIGHBOURS -100 -100 35 86 2 5 35 -6 35 53 1 1 2 -70 86 7 86 2 2 0
GAPS 2 7 -100 100 -6 7 -100 35 -6 7 53 100 100 7 53 35 86
TREE 14
1 -46 23 13 100 1 1 0
2 35 42 68 94 1 0 2
3 -17 34 43 36 0 2 3
4 16 81 76 107 0 0 2
5 -59 78 -52 152 1 1 2
6 78 29 148 70 1 1 3
7 -20 -20 20 20 0 2 1
8 65 -34 85 35 1 2 1
9 -74 -7 -8 16 1 2 3
10 18 81 28 94 1 2 1
11 -79 -20 -3 31 1 0 0
12 23 -29 36 3 1 2 2
13 37 -10 55 63 0 2 1
14 -20 -20 20 20 0 1 0
REMOVE 6
INSERT 15 -21 6 55 69
VISIT 14 4 12 8 13 2 11 9 14 7 15 3 5 10 1
COMPLETE -100 -100 100 100 82 40 143 58 0 1 7 0
RESULT 1 55 -100 100 100 82 40 143 58
NEIGHBOURS 55 -100 100 100 2 15 55 6 55 69 3 3 13 55 -10 55 63 3 3 0
GAPS 0
TREE 10
1 85 42 115 86 1 0 3
2 -47 -21 10 8 1 2 0
3 85 80 111 94 0 0 0
4 28 -30 95 35 1 2 3
5 -74 47 -63 85 0 1 0
6 71 -77 115 -41 1 0 2
7 -20 -20 20 20 1 2 1
8 -4 -88 53 -8 1 2 3
9 74 -39 130 28 0 0 2
10 31 -58 33 8 1 1 3
REMOVE 7
INSERT 11 -33 -89 -21 -34
VISIT 10 6 10 11 8 9 4 2 3 5 1
COMPLETE -100 -100 100 100 72 39 72 39 1 1 10 1 -50 -50 50 50
RESULT 1 -100 35 85 100 72 39 72 39
NEIGHBOURS -100 35 85 100 2 4 28 35 85 35 0 1 1 85 42 85 86 1 1 2
GAPS 2 -100 -100 28 42 -100 35 28 42 85 35 100 42 85 35 85 42
TREE 19
1 -15 13 40 17 0 1 2
2 40 -32 110 25 1 1 0
3 53 -37 78 47 1 1 0
4 -14 -54 71 14 0 0 3
5 -49 34 -40 71 0 1 1
6 -56 -14 -23 18 1 1 3
7 -20 -20 20 20 0 0 0
8 13 -25 91 44 0 0 2
9 64 -51 129 -20 0 2 0
10 -62 73 -1 115 0 2 0
11 84 -32 113 13 1 2 1
12 56 -41 80 1 1 1 0
13 -79 -67 -2 -34 0 1 3
14 -20 -20 20 20 0 1 0
15 -60 -48 -15 -25 0 0 0
16 -57 76 30 88 1 2 0
17 71 -28 136 10 0 2 3
18 73 85 115 130 0 0 3
19 -1 3 12 21 1 0 0
REMOVE 9
INSERT 20 -44 77 34 107
VISIT 19 18 3 8 17 11 12 2 15 13 4 19 6 16 20 10 5 14 7 1
COMPLETE -100 -100 100 100 -70 -76 -1 -23 0 1 3 0
RESULT 5 -100 -100 -60 73 -70 -76 -60 -23 -15 -100 -14 -20 -15 -76 -14 -23 -14 -100 71 -54 -14 -76 -1 -54 -60 -100 -15 -48 -60 -76 -15 -48 -60 -25 -15 -20 -60 -25 -15 -23
NEIGHBOURS -100 -100 -60 73 2 15 -60 -48 -60 -25 1 1 10 -62 73 -60 73 1 2 0
GAPS 2 -60 -100 100 -48 -60 -100 -60 -48 -60 -25 100 73 -60 -25 -60 73
TREE 9
1 -33 8 23 67 1 2 3
2 -7 41 57 121 1 0 0
3 69 -56 102 -18 0 1 0
4 54 -4 109 46 0 0 3
5 42 61 75 146 0 2 1
6 32 -87 119 -8 1 1 1
7 -20 -20 20 20 1 1 2
8 45 -12 46 6 0 0 0
9 -52 1 8 15 0 0 3
REMOVE 5
INSERT 10 56 -67 120 -19
VISIT 9 2 8 4 10 6 3 9 7 1
COMPLETE -100 -100 100 100 27 0 113 43 1 1 0 1 -50 -50 50 50
RESULT 2 57 -8 100 100 57 0 100 43 23 -8 57 41 27 0 57 41
NEIGHBOURS 57 -8 100 100 2 2 57 41 57 100 2 3 6 57 -8 100 -8 3 1 1
GAPS 2 57 -8 100 100 57 -8 100 100 -100 -8 57 41 57 -8 57 41
TREE 21
1 -81 59 -65 105 0 2 1
2 1 -89 58 -61 0 1 2
3 -52 -86 -9 -84 0 2 2
4 -35 -87 -7 -10 1 2 2
5 38 -72 71 12 0 2 0
6 -27 -84 41 -81 0 0 2
7 -20 -20 20 20 0 1 3
8 86 84 145 94 1 2 2
9 22 73 52 99 0 0 3
10 62 82 93 97 0 0 0
11 23 -31 81 -30 1 2 1
12 -35 -51 42 -33 1 0 1
13 -41 48 -38 85 0 2 3
14 -20 -20 20 20 1 1 1
15 37 12 119 77 0 0 3
16 -70 1 -26 48 1 0 2
17 -87 -18 -34 47 1 2 3
18 88 43 130 94 1 2 1
19 53 -1 95 47 0 1 0
20 -63 23 -63 76 1 1 1
21 -20 -20 20 20 0 2 2
REMOVE 3
INSERT 22 3 80 66 128
VISIT 21 4 12 14 21 7 11 5 6 2 18 19 15 9 22 10 8 17 16 20 13 1
COMPLETE -100 -100 100 100 -7 40 -7 40 1 1 17 0
RESULT 1 -63 20 88 100 -7 40 -7 40
NEIGHBOURS -34 20 88 100 3 14 -20 20 20 20 0 0 18 88 43 88 94 1 1 17 -34 20 -34 47 3 0 2
GAPS 3 -34 -100 -20 20 -34 20 -20 20 20 -100 100 43 20 20 88 43 -100 47 88 100 -34 47 88 100
TREE 18
1 -32 57 15 57 0 2 0
2 -4 -52 62 27 1 0 0
3 27 -67 32 -12 1 0 0
4 -11 -89 69 -31 1 2 3
5 -7 -57 70 -46 0 2 1
6 34 61 74 150 1 2 1
7 -20 -20 20 20 1 1 1
8 11 59 62 73 0 0 2
9 87 76 107 162 0 1 3
10 -53 59 32 96 1 2 3
11 77 72 132 155 1 0 0
12 -20 54 -16 101 0 1 2
13 5 8 58 79 0 2 0
14 -20 -20 20 20 1 2 2
15 -90 -40 -65 4 0 2 3
16 -24 88 4 118 1 1 1
17 69 74 99 116 0 1 1
18 71 -61 99 17 1 0 3
REMOVE 6
INSERT 19 68 48 110 132
VISIT 18 15 3 5 4 14 7 13 18 2 19 17 11 9 8 16 12 10 1
COMPLETE -100 -100 100 100 17 5 102 34 1 1 12 1 -50 -50 50 50
RESULT 0
NEIGHBOURS 62 -12 71 100 2 18 71 -12 71 17 0 1 2 62 -12 62 27 3 0 0
GAPS 2 62 -100 71 -12 62 -12 71 -12 -100 27 71 100 62 27 71 100
TREE 3
1 53 -39 67 37 0 1 0
2 -74 -47 14 -17 0 1 3
3 55 -67 96 -2 1 2 2
REMOVE 2
INSERT 4 27 -12 101 -2
VISIT 3 4 3 1
COMPLETE -100 -100 100 100 85 -72 102 -56 0 1 1 0
RESULT 1 -100 -100 100 -12 85 -72 102 -56
NEIGHBOURS -100 -100 100 -12 1 4 27 -12 100 -12 1 2 0
GAPS 0
TREE 20
1 -30 -45 16 -30 0 2 0
2 35 24 46 31 1 2 3
3 -65 -43 -17 -15 0 0 3
4 73 -29 153 47 1 1 0
5 -74 14 -23 86 1 0 2
6 14 -86 100 -9 1 2 0
7 -20 -20 20 20 0 0 0
8 35 56 40 133 1 2 1
9 -24 47 33 81 0 2 0
10 -7 73 4 110 1 1 2
11 80 47 167 97 1 2 2
12 60 -55 96 -42 1 2 0
13 43 -70 102 14 1 1 2
14 -20 -20 20 20 0 1 1
15 77 39 121 48 1 1 2
16 -88 -28 -76 11 1 2 2
17 -79 72 -40 77 1 1 3
18 -23 -89 43 -44 1 0 2
19 -72 18 10 32 0 0 0
20 46 -89 87 -58 0 1 3
REMOVE 11
INSERT 21 25 -82 106 -65
VISIT 20 15 4 12 13 20 21 6 2 17 19 5 16 3 8 10 9 14 7 18 1
COMPLETE -100 -100 100 100 58 29 58 29 1 1 12 1 -50 -50 50 50
RESULT 1 46 -9 100 100 58 29 58 29
NEIGHBOURS 46 -9 100 100 2 2 46 24 46 31 3 3 6 46 -9 100 -9 3 1 1
GAPS 2 -100 31 46 100 46 31 46 100 -100 -9 46 24 46 -9 46 24
TREE 25
1 36 -27 36 12 0 2 2
2 -24 -48 29 19 1 0 3
3 81 53 127 117 1 0 2
4 -9 42 -3 73 1 1 3
5 -73 65 9 139 1 0 3
6 -59 -62 26 -51 1 0 1
7 -20 -20 20 20 1 1 3
8 -70 -82 -69 -81 0 1 3
9 81 57 137 139 0 0 3
10 -44 45 -36 121 0 2 1
11 78 -8 90 80 0 2 0
12 -13 53 4 129 0 2 0
13 -77 14 -43 71 0 2 0
14 -20 -20 20 20 0 1 3
15 72 70 106 133 1 0 0
16 19 -71 25 3 0 2 0
17 -23 -11 17 46 1 2 1
18 -49 43 -28 93 1 2 1
19 -37 21 6 51 0 2 3
20 73 22 156 82 1 0 0
21 -20 -20 20 20 1 2 0
22 21 66 47 89 1 2 1
23 -36 -13 30 76 0 2 3
24 -82 -66 -14 -23 0 2 2
25 -6 -71 13 -64 1 0 3
REMOVE 5
INSERT 26 -33 -51 -25 -34
VISIT 25 10 12 13 19 18 4 8 24 6 14 23 17 21 7 16 25 26 2 15 9 11 20 3 22 1
COMPLETE -100 -100 100 100 -25 25 10 98 0 1 4 0
RESULT 3 -36 76 -13 100 -25 76 -13 98 6 76 78 100 6 76 10 98 4 76 6 100 4 76 6 98
NEIGHBOURS -36 76 -13 100 3 12 -13 76 -13 100 0 2 10 -36 76 -36 100 2 0 23 -36 76 -13 76 3 1 2
GAPS 0
TREE 26
1 -15 -49 2 -28 0 2 0
2 -9 -84 19 -4 1 2 1
3 -29 56 32 120 1 0 0
4 -19 15 18 58 1 2 2
5 80 -17 150 8 1 2 2
6 22 -13 27 -13 1 0 3
7 -20 -20 20 20 0 0 0
8 22 28 82 104 0 1 2
9 -70 -58 -60 -47 0 2 0
10 -42 -86 32 -58 1 0 2
11 8 74 85 120 1 0 0
12 -11 32 32 80 0 2 1
13 -71 -53 -47 28 0 0 3
14 -20 -20 20 20 1 0 0
15 42 54 81 123 0 2 0
16 -67 -36 -55 -20 0 1 3
17 -79 17 -75 44 0 1 2
18 -82 -75 -39 -6 1 1 0
19 23 -38 86 -34 0 2 2
20 57 -22 122 31 1 2 3
21 -20 -20 20 20 0 2 1
22 -25 81 -23 161 0 0 0
23 65 -55 144 13 0 2 0
24 89 -45 106 34 0 1 3
25 -87 -64 -19 -62 1 0 1
26 86 -12 132 29 0 0 1
REMOVE 13
INSERT 27 -39 -77 23 -48
VISIT 26 19 24 26 20 23 5 16 17 18 25 9 27 10 2 4 11 15 8 12 22 3 14 21 7 6 1
COMPLETE -100 -100 100 100 74 76 124 151 0 1 11 1 -50 -50 50 50
RESULT 1 81 29 100 100 81 76 100 100
NEIGHBOURS 81 29 100 100 2 26 86 29 100 29 0 1 15 81 54 81 100 2 3 1
GAPS 2 -100 -100 86 54 81 29 86 54 81 29 100 100 81 29 100 100
TREE 23
1 36 37 105 120 0 0 1
2 19 13 44 102 0 1 0
3 -4 -23 85 50 0 0 3
4 64 -7 150 64 1 2 0
5 46 -37 112 46 0 2 2
6 76 -5 116 21 0 1 2
7 -20 -20 20 20 1 0 1
8 78 -3 80 80 0 1 3
9 -32 3 41 42 1 2 0
10 -90 -22 -83 55 1 2 1
11 -14 64 10 108 1 0 3
12 6 90 30 174 1 0 2
13 -10 -66 2 -9 1 1 1
14 -20 -20 20 20 0 1 3
15 -66 90 -39 140 0 2 3
16 -15 -37 -15 -10 0 2 3
17 -76 15 -75 97 1 0 0
18 63 -17 149 -7 1 0 0
19 83 71 119 97 0 2 2
20 71 77 157 82 0 2 1
21 -20 -20 20 20 1 2 3
22 12 -40 15 20 1 2 1
23 70 -86 149 -86 1 1 1
REMOVE 18
INSERT 24 75 -4 142 35
VISIT 23 6 8 23 20 19 24 4 5 7 9 10 14 3 22 21 16 13 17 15 11 2 12 1
COMPLETE -100 -100 100 100 87 -27 87 -27 1 1 7 0
RESULT 1 20 -86 100 -7 87 -27 87 -27
NEIGHBOURS 20 -86 100 -7 4 23 70 -86 100 -86 0 1 4 64 -7 100 -7 1 2 7 20 -20 20 -7 2 3 21 20 -20 20 -7 2 3 1
GAPS 2 -100 -100 70 -20 20 -86 70 -20 20 -7 64 100 20 -7 64 -7
TREE 14
1 14 -43 103 -27 1 2 2
2 56 37 132 101 0 2 0
3 45 90 98 166 1 1 2
4 72 -55 136 -29 1 1 0
5 -64 -54 -58 -8 0 1 1
6 50 -35 59 -26 0 2 3
7 -20 -20 20 20 1 0 3
8 15 -43 74 4 0 1 0
9 -60 -27 -27 -21 1 1 3
10 69 71 116 118 0 2 1
11 -63 -77 -35 -74 0 0 0
12 32 39 111 119 0 2 3
13 -36 -2 31 20 0 1 3
14 -20 -20 20 20 0 1 1
REMOVE 9
INSERT 15 65 85 74 156
VISIT 14 15 3 10 12 2 4 13 14 7 11 5 8 6 1
COMPLETE -100 -100 100 100 63 -65 72 -62 1 1 13 1 -50 -50 50 50
RESULT 1 20 -100 100 100 63 -65 72 -62
NEIGHBOURS 20 -100 100 100 1 7 20 -20 20 20 3 3 0
GAPS 0
TREE 13
1 -61 -67 -53 14 1 1 2
2 -17 10 -6 78 0 2 1
3 -23 65 -18 133 1 2 2
4 7 -73 51 -46 0 2 3
5 62 -59 112 0 1 1 0
6 5 -80 20 7 0 2 3
7 -20 -20 20 20 1 2 1
8 -18 79 -8 146 0 0 0
9 5 90 24 156 1 2 0
10 74 -28 100 9 1 0 3
11 86 -50 154 -39 1 1 1
12 -84 46 -41 107 0 0 1
13 58 -57 88 23 0 0 3
REMOVE 8
INSERT 14 -76 66 -9 74
VISIT 13 9 3 14 12 2 13 10 11 5 7 6 4 1
COMPLETE -100 -100 100 100 55 72 79 84 1 1 7 0
RESULT 1 24 9 100 100 55 72 79 84
NEIGHBOURS 24 9 100 100 2 10 74 9 100 9 0 1 9 24 90 24 100 2 3 1
GAPS 2 -100 -100 74 90 24 9 74 90 24 9 100 100 24 9 100 100
TREE 24
1 19 -80 99 -57 1 0 3
2 56 -66 99 -37 0 1 1
3 -86 -16 -55 16 1 2 2
4 76 41 149 122 1 1 0
5 73 15 109 89 1 1 2
6 -66 59 -9 62 1 0 3
7 -20 -20 20 20 1 1 0
8 4 -33 85 47 0 2 0
9 -60 80 10 111 0 1 2
10 -58 9 -45 44 1 2 3
11 69 -85 138 -37 1 1 2
12 73 26 152 87 1 0 1
13 24 -44 98 32 0 0 1
14 -20 -20 20 20 0 1 0
15 38 45 85 61 1 2 0
16 -42 -84 13 1 1 2 0
17 86 69 109 79 0 2 3
18 -4 79 57 106 0 0 1
19 -56 -47 -41 -5 1 2 1
20 14 22 77 75 1 2 3
21 -20 -20 20 20 0 1 3
22 52 59 69 89 1 2 3
23 -50 83 -18 97 1 1 3
24 -47 24 -11 95 0 0 2
REMOVE 4
INSERT 25 83 -71 137 -25
VISIT 24 18 23 9 6 20 8 14 24 16 21 7 19 10 3 2 22 5 12 17 25 11 15 13 1
COMPLETE -100 -100 100 100 26 78 26 78 0 1 10 1 -50 -50 50 50
RESULT 1 -100 47 86 79 26 78 26 78
NEIGHBOURS -100 47 86 79 3 8 4 47 85 47 0 0 17 86 69 86 79 1 2 18 -4 79 57 79 2 2 3
GAPS 3 -100 -100 4 79 -100 47 4 79 85 -100 100 69 85 47 86 69 57 79 86 100 57 79 86 79
TREE 19
1 -62 55 26 57 0 1 0
2 -20 -89 36 -19 0 1 0
3 -47 75 20 149 1 2 0
4 39 -28 95 14 1 2 2
5 -90 -64 -61 9 0 1 0
6 40 33 117 74 0 2 3
7 -20 -20 20 20 1 0 1
8 59 -33 143 47 1 2 1
9 -24 -24 -11 -14 0 2 0
10 69 55 147 97 0 0 0
11 -10 -26 74 38 1 2 3
12 56 42 82 119 1 2 0
13 -8 59 80 118 1 2 2
14 -20 -20 20 20 0 1 3
15 -67 -75 -17 -46 1 0 1
16 -27 57 34 107 1 0 3
17 84 -67 168 -6 0 1 2
18 0 -4 21 37 1 1 3
19 -66 -7 -37 68 0 0 0
REMOVE 5
INSERT 20 -80 -15 -48 70
VISIT 19 17 8 18 11 4 15 20 19 9 14 7 2 3 10 16 13 12 6 1
COMPLETE -100 -100 100 100 -52 -87 -42 -41 0 1 1 0
RESULT 1 -100 -100 -24 -15 -52 -87 -42 -41
NEIGHBOURS -100 -100 -24 -15 2 9 -24 -24 -24 -15 1 2 20 -80 -15 -48 -15 2 2 0
GAPS 2 -48 -100 100 -24 -48 -100 -24 -24 -48 -15 -24 100 -48 -15 -24 -15
TREE 3
1 -56 -39 19 -27 1 0 2
2 83 -15 101 65 0 0 0
3 16 48 100 97 1 1 2
REMOVE 2
INSERT 4 -38 76 -38 106
VISIT 3 4 3 1
COMPLETE -100 -100 100 100 21 34 72 40 0 1 0 1 -50 -50 50 50
RESULT 1 -38 -100 100 100 21 34 72 40
NEIGHBOURS -38 -100 100 100 1 4 -38 76 -38 100 2 3 0
GAPS 0
TREE 8
1 18 49 43 79 1 1 2
2 -9 61 53 135 1 1 2
3 -1 86 23 122 0 0 3
4 -71 36 -52 58 0 1 1
5 40 -74 99 -62 1 0 3
6 -27 -47 48 -35 1 2 2
7 -20 -20 20 20 1 1 1
8 1 -20 2 -16 1 1 2
REMOVE 1
INSERT 9 86 11 169 41
VISIT 8 3 6 5 8 7 2 9 4
COMPLETE -100 -100 100 100 19 54 19 54 0 1 5 0
RESULT 1 -52 -100 86 86 19 54 19 54
NEIGHBOURS -52 -100 86 86 3 9 86 11 86 41 1 1 3 -1 86 23 86 2 2 4 -52 36 -52 58 3 3 0
GAPS 3 -52 -100 100 11 -52 -100 86 11 23 41 100 100 23 41 86 86 -100 58 -1 100 -52 58 -1 86
TREE 10
1 -58 -20 4 36 1 2 2
2 -25 -21 -25 48 1 2 2
3 73 -24 88 44 1 0 1
4 26 -21 108 41 1 0 3
5 -4 79 47 123 0 0 0
6 -29 -75 -21 -49 1 0 2
7 -20 -20 20 20 0 1 0
8 40 40 69 92 1 0 3
9 30 -55 32 -50 1 1 3
10 3 -29 12 19 1 2 1
REMOVE 5
INSERT 11 -24 62 -24 117
VISIT 10 8 9 6 10 11 2 4 3 7 1
COMPLETE -100 -100 100 100 4 -55 57 0 1 1 2 1 -50 -50 50 50
RESULT 0
NEIGHBOURS 12 -100 26 40 2 4 26 -21 26 40 1 2 10 12 -29 12 19 3 3 0
GAPS 2 12 -100 100 -21 12 -100 26 -21 -100 19 26 100 12 19 26 40
TREE 22
1 -40 32 17 76 1 1 3
2 13 15 95 76 0 2 1
3 -56 -35 -14 44 0 2 3
4 -90 -62 -8 -38 1 0 2
5 -29 46 -5 127 0 1 3
6 60 -36 140 -27 1 1 0
7 -20 -20 20 20 0 1 1
8 32 30 60 117 0 2 0
9 3 -10 79 33 0 1 1
10 -46 8 0 53 1 2 2
11 -37 13 19 71 1 2 2
12 41 -54 49 -38 1 1 0
13 57 67 59 133 1 1 1
14 -20 -20 20 20 1 1 0
15 7 -39 17 29 0 1 3
16 -7 77 35 89 0 1 3
17 -29 -41 15 0 1 0 0
18 -77 -86 -55 -20 1 2 0
19 -72 -54 -51 -13 1 0 1
20 -52 78 6 126 1 0 2
21 -20 -20 20 20 1 1 3
22 -34 76 -14 93 1 1 0
REMOVE 20
INSERT 23 -77 34 -24 50
VISIT 22 12 6 13 8 9 16 2 19 18 4 14 15 17 21 7 23 10 3 22 5 11 1
COMPLETE -100 -100 100 100 9 14 71 19 0 1 21 0
RESULT 0
NEIGHBOURS 1000 1000 2000 2000 0 0
GAPS 0
TREE 5
1 -84 15 -1 16 0 0 3
2 66 7 123 78 0 0 0
3 -4 -16 60 68 1 1 3
4 40 -56 103 -46 0 2 2
5 -80 -29 -53 19 0 0 1
REMOVE 4
INSERT 6 74 -61 96 -30
VISIT 5 3 6 2 5 1
COMPLETE -100 -100 100 100 74 61 74 61 1 1 2 1 -50 -50 50 50
RESULT 1 -100 -100 100 100 74 61 74 61
NEIGHBOURS -100 -100 100 100 0 0
GAPS 0
TREE 5
1 9 -71 60 -31 1 2 1
2 -20 35 0 113 0 0 2
3 64 -73 142 -8 0 1 2
4 70 36 141 83 1 1 0
5 -72 88 2 112 1 0 3
REMOVE 5
INSERT 6 89 -76 147 -74
VISIT 5 4 2 6 3 1
COMPLETE -100 -100 100 100 65 -63 120 -27 0 1 4 0
RESULT 1 -100 -74 100 100 65 -63 120 -27
NEIGHBOURS -100 -74 100 100 1 6 89 -74 100 -74 0 1 1
GAPS 0
TREE 26
1 45 -40 123 2 0 2 0
2 -42 56 -11 124 1 2 2
3 35 -20 123 -18 0 0 0
4 44 -38 100 -2 0 0 0
5 -37 13 -26 58 0 1 3
6 78 56 120 114 1 0 1
7 -20 -20 20 20 0 1 0
8 12 -68 58 -35 1 2 1
9 53 26 114 78 0 2 0
10 -2 -41 6 -22 1 1 2
11 -29 -81 47 -44 0 1 1
12 60 90 121 143 1 0 1
13 -48 -84 4 -23 0 1 2
14 -20 -20 20 20 1 0 0
15 -11 80 45 150 0 2 3
16 34 -7 42 11 1 0 3
17 -74 88 12 140 0 2 0
18 15 22 97 23 0 2 3
19 60 10 99 15 1 2 0
20 46 13 93 17 0 2 1
21 -20 -20 20 20 0 2 1
22 -39 -45 8 11 1 2 3
23 58 -13 65 70 1 0 3
24 -44 11 -11 78 0 1 3
25 -20 -30 60 26 0 2 2
26 49 0 97 39 1 0 3
REMOVE 15
INSERT 27 -86 -9 -46 18
VISIT 26 13 11 10 25 14 27 21 22 7 24 5 17 2 8 3 18 16 4 23 26 9 12 6 20 19 1
COMPLETE -100 -100 100 100 -25 75 -3 125 1 1 21 1 -50 -50 50 50
RESULT 1 -100 20 49 100 -25 75 -3 125
NEIGHBOURS -100 20 49 100 2 14 -20 20 20 20 0 0 26 49 20 49 39 0 1 2
GAPS 2 -100 -100 -20 20 -100 20 -20 20 20 -100 49 20 20 20 49 20
TREE 7
1 -83 -63 -54 0 1 2 0
2 27 -40 31 47 0 0 0
3 64 32 82 67 0 0 1
4 25 35 64 100 1 2 0
5 -59 56 -6 120 1 1 0
6 -3 -44 2 39 1 2 0
7 -20 -20 20 20 0 0 3
REMOVE 2
INSERT 8 -28 -88 51 -34
VISIT 7 4 3 8 7 6 5 1
COMPLETE -100 -100 100 100 -76 -6 -76 -6 1 1 7 0
RESULT 0
NEIGHBOURS 1000 1000 2000 2000 0 0
GAPS 0
TREE 23
1 56 36 128 77 1 0 2
2 22 -13 28 24 1 1 3
3 23 39 42 107 0 2 3
4 -42 55 -2 111 1 2 0
5 35 32 68 95 1 2 0
6 -5 88 19 138 1 0 1
7 -20 -20 20 20 1 2 0
8 -32 23 30 99 1 2 3
9 46 -89 128 -61 1 2 2
10 60 -87 97 -24 0 1 1
11 -87 25 -33 66 1 1 2
12 -54 44 35 61 0 0 2
13 -54 78 -47 161 1 0 0
14 -20 -20 20 20 1 2 2
15 29 19 96 58 0 2 2
16 56 16 99 33 1 2 2
17 26 -63 27 -5 0 0 1
18 -17 -2 39 78 1 0 2
19 10 66 56 95 1 2 1
20 3 6 71 54 1 2 0
21 -20 -20 20 20 1 2 3
22 75 28 141 75 0 1 2
23 -10 -29 38 29 1 1 0
REMOVE 7
INSERT 24 68 -88 68 -12
VISIT 23 13 6 11 12 18 8 4 20 19 3 14 21 23 2 5 17 24 10 9 16 15 22 1
COMPLETE -100 -100 100 100 74 34 110 70 0 1 21 1 -50 -50 50 50
RESULT 1 42 -12 100 100 74 34 110 70
NEIGHBOURS 42 -12 100 100 2 24 68 -12 68 -12 0 0 3 42 39 42 100 2 3 1
GAPS 2 -100 -100 68 39 42 -12 68 39 42 -12 100 100 42 -12 100 100
TREE 12
1 6 4 74 63 0 1 3
2 84 58 166 74 0 2 3
3 -80 -88 -58 -52 1 2 2
4 -74 -48 14 -28 1 0 3
5 74 -77 86 -26 1 2 0
6 56 -44 56 -5 0 0 0
7 -20 -20 20 20 1 1 1
8 51 -52 83 -43 1 0 3
9 -18 -67 68 -35 0 2 1
10 -54 -86 -51 -35 1 0 2
11 10 -3 27 17 1 1 2
12 -28 68 29 127 0 1 3
REMOVE 5
INSERT 13 66 11 77 98
VISIT 12 2 9 8 4 10 3 6 11 12 7 13 1
COMPLETE -100 -100 100 100 29 -47 73 33 1 1 1 0
RESULT 2 20 -100 51 100 29 -47 51 33 51 -43 100 100 51 -43 73 33
NEIGHBOURS 20 -100 51 100 2 8 51 -52 51 -43 1 1 7 20 -20 20 20 3 3 0
GAPS 2 20 -100 100 -52 20 -100 51 -52 -100 20 51 100 20 20 51 100
TREE 17
1 69 -12 110 75 1 0 2
2 14 29 37 65 0 0 1
3 -45 54 -19 128 0 1 2
4 74 -28 124 2 1 1 1
5 88 -29 152 34 1 0 2
6 -48 -35 7 -21 1 1 1
7 -20 -20 20 20 1 0 0
8 16 -53 73 -4 1 0 1
9 28 68 79 127 0 1 1
10 -75 -36 -35 -3 1 2 2
11 11 -79 17 -21 0 0 2
12 48 -66 121 -21 1 2 2
13 -77 18 -18 20 0 1 2
14 -20 -20 20 20 0 1 2
15 43 61 81 113 0 2 3
16 55 -29 112 -23 1 2 1
17 -43 13 -41 75 0 1 3
REMOVE 13
INSERT 18 23 -84 62 -28
VISIT 17 14 7 10 6 17 3 11 18 8 15 9 2 5 16 12 4 1
COMPLETE -100 -100 100 100 2 43 2 43 1 1 17 1 -50 -50 50 50
RESULT 1 -100 20 100 100 2 43 2 43
NEIGHBOURS -100 20 100 100 1 7 -20 20 20 20 0 0 1
GAPS 0
TREE 26
1 -13 25 -12 35 0 0 3
2 -16 55 49 100 1 0 0
3 3 7 41 92 1 1 1
4 55 -28 128 -18 1 0 3
5 -63 -18 -19 -13 0 0 0
6 -65 8 -62 88 1 0 3
7 -20 -20 20 20 1 0 1
8 47 -90 73 -60 1 1 3
9 66 5 88 69 1 1 3
10 -70 81 -65 104 1 2 3
11 5 -76 51 -5 0 1 1
12 -11 -76 7 -56 0 1 3
13 -12 -22 64 -3 1 1 3
14 -20 -20 20 20 0 2 2
15 -26 -45 -18 42 1 2 0
16 76 -75 95 -60 1 0 1
17 89 -6 95 73 0 0 0
18 51 -9 100 68 0 2 1
19 -14 -87 51 -48 1 0 1
20 3 5 58 54 0 1 2
21 -20 -20 20 20 1 0 3
22 22 50 98 120 1 2 3
23 77 73 80 158 1 2 0
24 25 -14 47 14 0 1 2
25 0 -8 12 2 1 1 1
26 -58 19 -57 62 1 2 1
REMOVE 7
INSERT 27 46 -65 132 19
VISIT 26 10 26 6 23 17 22 18 9 20 3 2 5 4 12 13 19 11 27 16 8 14 21 24 25 15 1
COMPLETE -100 -100 100 100 44 -76 100 -75 1 1 9 0
RESULT 3 51 -100 76 -28 51 -76 76 -75 95 -100 100 -28 95 -76 100 -75 76 -100 95 -75 76 -76 95 -75
NEIGHBOURS 51 -100 76 -28 3 16 76 -75 76 -60 1 1 4 55 -28 76 -28 1 2 19 51 -87 51 -48 3 3 0
GAPS 3 51 -100 100 -75 51 -100 76 -75 76 -60 100 -28 76 -60 76 -28 -100 -48 55 100 51 -48 55 -28
TREE 24
1 58 24 82 89 0 2 0
2 62 89 113 89 1 0 2
3 72 73 72 74 0 2 1
4 -31 -77 50 -37 1 1 3
5 15 -37 50 -33 0 2 3
6 45 68 73 99 0 0 1
7 -20 -20 20 20 1 1 3
8 -23 33 20 86 0 1 2
9 37 49 108 57 1 1 0
10 86 76 154 139 1 1 2
11 -32 -49 14 -9 1 0 0
12 39 10 78 72 0 1 2
13 0 -60 31 -32 0 2 0
14 -20 -20 20 20 0 1 0
15 50 -57 91 -27 1 1 2
16 -81 65 -54 115 0 2 0
17 1 -38 65 -31 1 1 0
18 -2 71 43 89 0 2 3
19 44 21 87 88 0 1 3
20 -58 64 16 91 1 1 1
21 -20 -20 20 20 0 2 2
22 -15 -78 -9 -57 0 0 3
23 -52 -4 -37 62 0 2 3
24 76 -8 105 53 0 0 1
REMOVE 7
INSERT 25 58 84 85 138
VISIT 24 9 25 10 20 16 2 11 14 21 5 15 17 13 22 4 18 23 8 19 24 12 3 6 1
COMPLETE -100 -100 100 100 -59 -40 0 40 1 1 16 1 -50 -50 50 50
RESULT 2 -100 -100 -32 64 -59 -40 -32 40 -32 -9 100 64 -32 -9 0 40
NEIGHBOURS -100 -100 -32 64 2 11 -32 -49 -32 -9 1 1 20 -58 64 -32 64 1 2 0
GAPS 2 -32 -100 100 -49 -32 -100 -32 -49 -32 -9 100 64 -32 -9 -32 64
TREE 13
1 -59 6 -5 76 1 0 1
2 40 -87 110 -46 0 1 0
3 -20 10 31 23 0 1 3
4 -8 29 25 65 1 2 1
5 -5 -90 19 -81 1 1 1
6 56 22 57 25 1 1 0
7 -20 -20 20 20 0 0 1
8 10 -37 99 -36 0 0 1
9 -21 -79 -12 1 1 2 3
10 -32 76 -21 80 1 2 0
11 -88 -7 -55 55 1 2 3
12 -52 -44 -33 44 0 0 1
13 -19 -52 16 22 0 0 3
REMOVE 6
INSERT 14 -56 -23 16 16
VISIT 13 9 5 8 2 3 13 7 4 10 11 12 14 1
COMPLETE -100 -100 100 100 39 17 39 17 1 1 12 0
RESULT 1 25 -81 100 100 39 17 39 17
NEIGHBOURS 25 -81 100 100 1 4 25 29 25 65 3 3 0
GAPS 0
TREE 7
1 46 23 109 56 1 2 0
2 -76 45 11 117 1 0 2
3 51 -17 85 18 0 1 2
4 27 88 113 149 1 1 0
5 51 18 84 24 1 1 0
6 54 -29 54 -5 0 1 2
7 -20 -20 20 20 0 1 2
REMOVE 2
INSERT 8 -25 -5 -5 59
VISIT 7 8 7 5 6 3 4 1
COMPLETE -100 -100 100 100 33 29 108 110 0 1 3 1 -50 -50 50 50
RESULT 1 -5 -100 100 100 33 29 108 110
NEIGHBOURS -5 -100 100 100 1 8 -5 -5 -5 59 3 3 0
GAPS 0
TREE 25
1 19 87 91 148 1 2 1
2 75 -86 148 -38 0 1 3
3 -37 -53 0 -27 0 1 0
4 -37 -53 33 27 0 1 1
5 -90 -83 -23 3 1 2 0
6 86 -45 118 18 0 0 1
7 -20 -20 20 20 1 1 0
8 -52 89 13 158 0 1 1
9 90 -27 106 28 1 1 2
10 84 -71 161 3 1 1 1
11 -36 76 -11 79 0 2 3
12 -49 52 -33 125 1 2 2
13 -78 -36 -55 16 1 0 2
14 -20 -20 20 20 0 2 0
15 -80 56 -35 133 1 1 0
16 37 -31 72 56 0 0 0
17 -7 46 66 56 1 2 0
18 22 89 57 153 1 0 1
19 -67 -67 -66 -66 0 1 3
20 0 -74 30 0 0 1 3
21 -20 -20 20 20 0 0 0
22 51 38 111 51 0 1 1
23 1 -47 65 -18 1 2 3
24 -81 59 -10 79 1 0 0
25 -59 32 2 96 1 1 2
REMOVE 13
INSERT 26 40 58 85 98
VISIT 25 7 14 21 4 19 5 3 17 23 20 16 22 9 6 10 2 11 25 24 15 12 8 18 26 1
COMPLETE -100 -100 100 100 -12 -68 42 -5 0 1 15 0
RESULT 4 33 -100 37 100 33 -68 37 -5 37 -100 86 -31 37 -68 42 -31 20 -100 33 -53 20 -68 33 -53 -100 -100 20 -53 -12 -68 20 -53
NEIGHBOURS 33 -100 37 100 2 16 37 -31 37 56 1 1 4 33 -53 33 27 3 3 0
GAPS 2 33 -100 100 -31 33 -100 37 -31 -100 27 37 100 33 27 37 100
TREE 25
1 -25 25 49 56 1 1 2
2 -10 -16 4 69 0 1 3
3 -57 -34 -13 -1 1 0 1
4 10 81 13 95 0 2 3
5 -81 56 -41 130 1 1 3
6 59 -65 66 12 1 0 3
7 -20 -20 20 20 1 1 1
8 -34 78 -3 98 1 0 2
9 -17 33 -13 110 1 2 2
10 50 48 108 110 1 2 0
11 -27 0 60 33 1 0 3
12 8 38 56 62 0 1 0
13 63 -14 101 31 1 1 2
14 -20 -20 20 20 0 2 0
15 21 -9 96 -4 1 1 0
16 32 46 85 64 0 0 2
17 18 -31 102 54 1 1 2
18 -18 -27 32 4 0 2 1
19 13 4 82 30 0 1 0
20 45 43 117 76 0 0 0
21 -20 -20 20 20 0 1 0
22 2 23 56 85 0 1 0
23 19 -44 88 -22 1 1 1
24 -47 -88 -19 -70 1 2 1
25 18 -90 37 -16 0 2 2
REMOVE 5
INSERT 26 2 50 31 97
VISIT 25 9 8 24 3 4 2 20 10 13 6 14 15 7 11 21 25 18 19 23 17 16 26 22 12 1
COMPLETE -100 -100 100 100 5 4 5 4 1 1 13 1 -50 -50 50 50
RESULT 0
NEIGHBOURS 1000 1000 2000 2000 0 0
GAPS 0
TREE 17
1 -82 -79 -51 7 0 1 2
2 36 5 63 93 0 1 1
3 10 -61 45 -15 1 0 3
4 89 -31 112 19 0 1 1
5 16 52 78 62 0 0 1
6 -68 62 -10 86 0 0 0
7 -20 -20 20 20 0 1 1
8 85 -63 87 -35 0 2 2
9 0 42 43 77 1 1 3
10 -12 -33 74 13 1 1 0
11 6 -14 81 -12 0 1 1
12 -75 -51 -63 18 1 0 0
13 66 78 93 126 0 1 3
14 -20 -20 20 20 1 0 0
15 -6 -43 -6 -35 0 0 3
16 -73 75 -50 131 0 1 1
17 -90 50 -22 62 0 1 3
REMOVE 5
INSERT 18 33 -53 118 -7
VISIT 17 8 4 11 10 14 7 15 18 3 9 13 2 16 17 6 12 1
COMPLETE -100 -100 100 100 -35 -51 -4 -27 0 1 16 0
RESULT 3 -100 -100 -6 -20 -35 -51 -6 -27 -6 -100 33 -43 -6 -51 -4 -43 -6 -35 33 -20 -6 -35 -4 -27
NEIGHBOURS -100 -100 -6 -20 2 15 -6 -43 -6 -35 1 1 7 -20 -20 -6 -20 1 2 0
GAPS 2 -6 -100 100 -43 -6 -100 -6 -43 -6 -35 100 -20 -6 -35 -6 -20
TREE 21
1 -70 -4 -47 3 1 1 2
2 -56 -57 -54 0 1 1 1
3 85 37 86 87 1 2 3
4 57 15 129 37 1 1 2
5 19 -43 91 -31 0 1 2
6 -82 72 -5 90 0 2 3
7 -20 -20 20 20 1 0 3
8 1 72 68 79 1 0 0
9 71 60 134 129 1 0 2
10 -53 -18 -37 64 1 1 3
11 29 39 52 93 0 1 2
12 -80 43 -62 101 0 1 3
13 75 71 107 96 0 1 2
14 -20 -20 20 20 0 0 2
15 9 67 33 144 0 1 2
16 54 -53 67 -26 0 1 1
17 19 23 70 45 0 0 0
18 -88 -61 -71 -37 1 2 3
19 14 -20 69 20 0 1 1
20 -18 59 3 83 0 1 1
21 -20 -20 20 20 0 1 1
REMOVE 9
INSERT 22 48 75 67 161
VISIT 21 18 2 13 4 8 12 20 6 15 22 11 3 16 5 14 17 19 21 7 10 1
COMPLETE -100 -100 100 100 -42 -74 29 -55 0 1 17 1 -50 -50 50 50
RESULT 1 -100 -100 54 -20 -42 -74 29 -55
NEIGHBOURS -100 -100 54 -20 3 16 54 -53 54 -26 1 1 19 14 -20 54 -20 1 2 21 -20 -20 20 -20 2 2 0
GAPS 2 20 -100 100 -53 20 -100 54 -53 54 -26 100 -20 54 -26 54 -20
TREE 19
1 -6 -58 44 29 0 0 3
2 -56 12 -27 92 1 2 2
3 -42 -50 -15 17 0 0 2
4 77 20 94 24 1 2 0
5 4 42 11 82 0 0 3
6 64 -48 78 -27 1 1 1
7 -20 -20 20 20 1 2 1
8 59 45 120 72 1 1 3
9 -4 -77 66 -61 1 2 0
10 37 -43 108 -22 1 1 2
11 -74 12 11 101 1 1 1
12 47 7 79 54 0 2 3
13 -9 -2 72 46 1 1 3
14 -20 -20 20 20 0 2 3
15 -13 66 -6 76 1 1 2
16 -6 -7 64 -4 0 0 3
17 -76 -10 -48 58 0 0 2
18 -28 10 -6 12 1 2 0
19 79 55 115 117 1 2 2
REMOVE 4
INSERT 20 55 -62 132 6
VISIT 19 13 12 19 8 5 15 17 11 2 18 3 10 20 6 14 7 9 16 1
COMPLETE -100 -100 100 100 13 22 13 22 0 1 8 0
RESULT 0
NEIGHBOURS 1000 1000 2000 2000 0 0
GAPS 0
TREE 11
1 15 -83 51 -40 1 2 1
2 -15 -4 9 80 0 0 1
3 -66 18 12 68 1 1 2
4 -40 -65 41 -42 1 2 2
5 60 -6 63 27 1 0 0
6 -6 -15 50 29 0 1 0
7 -20 -20 20 20 0 2 1
8 -13 -82 -12 -62 0 2 1
9 -68 -70 -45 -17 1 1 2
10 72 22 115 77 1 0 3
11 24 -69 53 -68 1 2 0
REMOVE 8
INSERT 12 66 -66 124 -50
VISIT 11 3 7 6 5 10 2 9 4 12 11 1
COMPLETE -100 -100 100 100 -32 -31 7 -6 1 1 0 1 -50 -50 50 50
RESULT 1 -100 -40 60 100 -32 -31 7 -6
NEIGHBOURS -100 -40 60 100 2 1 15 -40 51 -40 0 0 5 60 -6 60 27 1 1 2
GAPS 2 -100 -100 15 -6 -100 -40 15 -6 51 -100 100 -6 51 -40 60 -6
TREE 7
1 61 57 143 125 1 2 2
2 -89 -58 -25 -37 1 2 2
3 39 56 119 140 1 2 0
4 -60 56 -44 123 1 0 2
5 -68 -40 15 39 0 0 1
6 -64 57 -63 64 0 1 1
7 -20 -20 20 20 0 2 2
REMOVE 4
INSERT 8 37 -67 84 -61
VISIT 7 7 5 8 2 6 3 1
COMPLETE -100 -100 100 100 -8 -57 25 -11 1 1 1 0
RESULT 1 -100 -100 100 56 -8 -57 25 -11
NEIGHBOURS -100 -100 100 56 1 3 39 56 100 56 1 2 0
GAPS 0
TREE 19
1 -69 -19 -56 22 1 1 1
2 -23 -4 -19 10 0 0 1
3 52 59 72 147 0 0 0
4 -62 -66 -35 -11 1 0 1
5 88 -21 138 56 0 2 0
6 -9 70 21 140 0 0 3
7 -20 -20 20 20 1 0 3
8 31 -11 37 14 1 2 2
9 79 0 154 34 0 0 3
10 -62 -73 5 -47 0 2 3
11 60 -81 78 6 1 1 3
12 -47 11 18 20 0 1 2
13 84 14 139 96 1 0 1
14 -20 -20 20 20 0 0 0
15 17 14 90 30 0 1 2
16 34 -2 67 62 0 1 3
17 17 41 57 97 0 2 3
18 17 21 34 76 0 2 2
19 4 62 9 128 1 2 1
REMOVE 6
INSERT 20 58 8 107 61
VISIT 19 19 3 9 13 5 20 15 18 17 16 8 7 2 11 14 12 10 4 1
COMPLETE -100 -100 100 100 -8 -27 -8 -27 1 1 9 1 -50 -50 50 50
RESULT 1 -35 -100 84 -20 -8 -27 -8 -27
NEIGHBOURS -35 -100 84 -20 2 7 -20 -20 20 -20 2 2 4 -35 -66 -35 -20 2 3 0
GAPS 2 20 -20 100 100 20 -20 84 -20 -35 -20 -20 100 -35 -20 -20 -20
TREE 16
1 82 -77 143 -66 0 2 0
2 84 -88 146 -50 0 1 1
3 -40 46 -18 114 0 1 3
4 67 -38 101 -14 0 2 3
5 -6 33 -4 85 0 2 1
6 47 68 61 80 1 0 2
7 -20 -20 20 20 0 2 0
8 7 -81 50 -57 1 2 0
9 -37 40 -9 65 1 1 3
10 66 24 84 109 0 1 1
11 19 42 32 89 1 1 0
12 89 -31 152 26 1 1 3
13 52 66 113 155 0 2 1
14 -20 -20 20 20 1 1 0
15 77 22 84 102 1 2 0
16 -41 -49 5 -4 0 0 3
REMOVE 5
INSERT 17 -52 -71 37 -64
VISIT 16 2 15 10 13 6 14 7 11 17 16 9 3 12 4 8 1
COMPLETE -100 -100 100 100 -63 -54 7 14 0 1 3 0
RESULT 5 -100 -64 -41 66 -63 -54 -41 14 -41 -64 -20 -49 -41 -54 -20 -49 -41 -4 -20 66 -41 -4 -20 14 5 -64 66 -20 5 -54 7 -20 -20 -64 5 -49 -20 -54 5 -49
NEIGHBOURS -100 -64 -41 66 2 17 -52 -64 -41 -64 0 1 16 -41 -49 -41 -4 1 1 2
GAPS 2 -100 -100 -52 -49 -100 -64 -52 -49 -41 -64 100 -49 -41 -64 -41 -49
TREE 21
1 23 87 54 146 1 2 2
2 20 21 59 47 1 2 2
3 90 19 175 60 0 0 1
4 83 -4 89 78 0 0 0
5 -27 19 9 103 0 0 2
6 77 17 131 26 0 0 2
7 -20 -20 20 20 1 2 0
8 25 -77 28 3 1 1 0
9 -25 -8 20 67 1 2 1
10 -67 11 -1 72 1 2 0
11 45 57 70 137 1 1 0
12 -65 58 -46 102 1 1 0
13 -53 85 -49 124 1 0 2
14 -20 -20 20 20 1 2 2
15 18 87 67 161 1 1 2
16 1 23 3 47 0 0 1
17 26 36 76 95 0 0 3
18 -65 -29 20 0 1 1 1
19 -51 27 -8 68 0 1 3
20 27 36 101 69 0 0 1
21 -20 -20 20 20 1 1 1
REMOVE 3
INSERT 22 -9 83 55 162
VISIT 21 4 6 13 12 18 19 10 20 17 2 8 14 21 7 9 16 5 11 22 15 1
COMPLETE -100 -100 100 100 -89 -6 -30 54 0 1 7 1 -50 -50 50 50
RESULT 0
NEIGHBOURS -100 -100 1 83 2 16 1 23 1 47 1 1 22 -9 83 1 83 1 2 0
GAPS 2 1 -100 100 23 1 -100 1 23 1 47 100 83 1 47 1 83
TREE 26
1 14 11 70 57 1 1 0
2 -2 -50 36 0 0 2 3
3 44 14 88 29 1 1 2
4 -40 -44 -1 -14 1 0 0
5 -88 -65 -75 -54 1 0 0
6 60 -35 80 29 1 0 2
7 -20 -20 20 20 0 0 0
8 -35 -5 38 65 0 1 1
9 13 85 38 145 0 0 3
10 71 24 74 43 1 1 1
11 -31 -73 -4 -51 0 0 3
12 87 -21 126 -4 0 1 3
13 77 -61 162 -22 0 1 1
14 -20 -20 20 20 1 1 2
15 -38 -34 21 -29 0 0 2
16 6 40 77 52 0 2 3
17 -78 -13 3 36 0 1 2
18 11 1 54 38 0 0 1
19 77 1 166 79 0 0 0
20 77 -35 96 -23 1 0 3
21 -20 -20 20 20 0 1 0
22 -31 12 37 97 1 1 3
23 -24 72 -13 118 0 1 2
24 30 79 82 83 1 0 0
25 73 -41 108 -25 0 2 3
26 -83 28 -55 32 1 1 1
REMOVE 3
INSERT 27 48 -61 76 -18
VISIT 26 5 11 4 15 26 17 7 2 20 25 13 19 12 27 6 21 14 23 22 8 9 10 24 16 18 1
COMPLETE -100 -100 100 100 18 -59 18 -59 1 1 8 0
RESULT 1 -1 -100 77 24 18 -59 18 -59
NEIGHBOURS -1 -100 77 24 3 20 77 -35 77 -23 1 1 10 71 24 74 24 2 2 4 -1 -44 -1 -14 3 3 0
GAPS 3 -1 -100 100 -35 -1 -100 77 -35 74 -23 100 100 74 -23 77 24 -100 -14 71 100 -1 -14 71 24
TREE 24
1 43 82 111 165 1 0 2
2 -6 -27 19 4 0 2 3
3 2 -35 4 13 1 2 3
4 39 -29 51 38 0 1 0
5 -79 2 -66 17 1 2 3
6 48 64 74 100 0 1 0
7 -20 -20 20 20 0 2 0
8 -88 1 -70 79 0 2 2
9 -33 -78 34 -4 0 2 2
10 79 -66 83 -29 1 1 3
11 34 -83 97 -31 0 1 0
12 52 75 68 97 0 0 2
13 -4 -34 16 -24 0 2 0
14 -20 -20 20 20 0 0 2
15 -32 7 25 25 1 1 2
16 27 69 94 88 1 1 3
17 -28 -37 19 23 0 0 3
18 37 71 71 135 0 2 3
19 -3 84 0 101 0 0 2
20 72 -56 88 -26 1 0 2
21 -20 -20 20 20 0 2 1
22 13 22 33 56 0 2 2
23 4 -19 48 45 0 2 2
24 -35 -85 43 -68 0 0 3
REMOVE 3
INSERT 25 63 -2 126 19
VISIT 24 8 5 20 11 10 25 4 23 22 14 15 17 21 7 13 24 9 2 12 19 16 6 18 1
COMPLETE -100 -100 100 100 -46 -80 -29 -30 0 1 15 1 -50 -50 50 50
RESULT 2 -100 -100 -35 100 -46 -80 -35 -30 -35 -68 -28 100 -35 -68 -29 -30
NEIGHBOURS -100 -100 -35 100 1 24 -35 -85 -35 -68 1 1 0
GAPS 0
TREE 19
1 -24 -82 32 -45 0 0 3
2 -57 23 -35 83 0 2 3
3 28 18 79 34 1 2 0
4 0 -61 34 -44 0 1 3
5 -12 49 9 104 1 0 0
6 58 -33 123 -26 0 1 3
7 -20 -20 20 20 0 1 2
8 67 23 72 33 1 1 1
9 49 -57 118 18 0 0 3
10 45 -23 55 38 1 2 2
11 -44 -73 0 -37 1 2 2
12 3 82 36 156 0 2 2
13 -22 -53 49 18 1 2 2
14 -20 -20 20 20 1 0 3
15 63 45 101 110 1 2 3
16 -4 8 72 70 1 1 2
17 -13 32 16 52 0 2 3
18 58 17 72 69 1 2 2
19 79 87 142 157 0 1 3
REMOVE 14
INSERT 20 -56 -20 14 -7
VISIT 19 10 19 15 8 18 16 3 7 12 17 5 20 2 9 6 13 4 11 1
COMPLETE -100 -100 100 100 -7 65 25 130 1 1 15 0
RESULT 1 9 34 67 100 9 65 25 100
NEIGHBOURS 9 34 63 100 3 3 28 34 63 34 0 1 15 63 45 63 100 1 2 5 9 49 9 100 2 3 2
GAPS 2 -100 -100 28 49 9 34 28 49 63 34 100 45 63 34 63 45
TREE 22
1 67 -2 76 47 1 0 0
2 43 22 95 64 1 0 3
3 4 -14 42 52 1 2 0
4 -52 -15 -22 22 1 2 1
5 -58 -35 -51 -19 0 2 0
6 -35 -11 52 41 1 2 1
7 -20 -20 20 20 0 1 3
8 23 -44 91 -40 1 1 0
9 40 82 43 138 0 2 1
10 -51 -87 -14 -22 1 2 2
11 46 38 94 64 0 2 1
12 -69 9 -50 59 1 1 3
13 49 -84 49 -27 0 1 2
14 -20 -20 20 20 1 1 1
15 -73 -19 -61 -1 1 2 2
16 -18 77 29 86 1 0 3
17 -90 -54 -84 -30 0 1 2
18 85 45 116 86 1 0 2
19 -77 45 -25 50 0 0 1
20 -59 58 -59 144 0 1 3
21 -20 -20 20 20 1 1 3
22 72 22 125 65 1 1 2
REMOVE 11
INSERT 23 -41 31 35 89
VISIT 22 9 18 22 2 10 17 5 20 15 19 12 4 8 14 21 7 6 13 23 16 3 1
COMPLETE -100 -100 100 100 -13 61 -13 61 1 1 6 1 -50 -50 50 50
RESULT 1 -100 22 4 77 -13 61 -13 61
NEIGHBOURS -100 41 4 77 3 6 -35 41 4 41 0 1 3 4 41 4 52 0 1 16 -18 77 4 77 1 2 3
GAPS 2 -100 -100 -35 77 -100 41 -35 77 4 52 100 77 4 52 4 77
TREE 20
1 40 37 56 72 1 2 2
2 -30 41 48 122 0 0 1
3 10 -89 32 -18 0 0 3
4 80 -42 155 29 1 2 3
5 -79 -4 -6 25 0 0 1
6 -5 36 20 117 1 2 0
7 -20 -20 20 20 1 0 1
8 34 -21 107 5 0 1 3
9 12 -3 40 19 1 2 1
10 35 63 88 71 1 2 0
11 47 30 119 98 1 0 1
12 87 -54 130 -9 1 0 1
13 -87 46 -32 117 1 1 0
14 -20 -20 20 20 1 0 1
15 54 -36 68 20 1 0 0
16 -14 14 42 20 0 0 1
17 -3 73 54 118 0 0 1
18 -13 18 47 36 1 1 1
19 64 -58 122 23 1 0 0
20 -21 -67 38 11 0 0 2
REMOVE 13
INSERT 21 73 -5 135 81
VISIT 20 14 18 16 7 5 6 17 2 9 20 3 8 12 15 19 4 10 21 11 1
COMPLETE -100 -100 100 100 42 -19 61 -10 1 1 15 0
RESULT 1 20 -100 64 -3 42 -19 61 -10
NEIGHBOURS 20 -100 54 -3 4 15 54 -36 54 -3 1 2 9 20 -3 40 -3 2 3 7 20 -20 20 -3 2 3 14 20 -20 20 -3 2 3 0
GAPS 2 20 -100 100 -36 20 -100 54 -36 40 -3 54 100 40 -3 54 -3
TREE 14
1 -69 -78 -47 -24 1 1 0
2 -5 -34 48 -11 1 1 2
3 40 46 62 125 0 2 0
4 -44 -65 -13 -24 1 0 3
5 -9 -34 41 0 0 0 0
6 33 -89 100 -64 0 0 0
7 -20 -20 20 20 1 2 1
8 41 -87 106 -75 1 0 1
9 52 44 96 47 1 2 2
10 -80 47 -24 103 1 2 2
11 -7 -39 57 13 0 1 0
12 66 -25 96 -10 0 0 1
13 61 38 128 121 0 0 1
14 -20 -20 20 20 1 0 0
REMOVE 5
INSERT 15 -43 -22 -30 64
VISIT 14 13 9 10 3 14 15 7 11 12 2 8 6 4 1
COMPLETE -100 -100 100 100 -7 17 71 35 0 1 0 1 -50 -50 50 50
RESULT 1 -30 -10 100 38 -7 17 71 35
NEIGHBOURS -30 -10 100 38 3 12 66 -10 96 -10 0 0 13 61 38 100 38 1 2 15 -30 -10 -30 38 2 0 1
GAPS 3 -30 -100 66 -10 -30 -10 66 -10 96 -100 100 38 96 -10 100 38 -30 38 61 100 -30 38 61 38
TREE 14
1 -66 -31 -37 3 0 0 1
2 45 14 70 36 0 2 0
3 -90 17 -90 83 1 2 3
4 -10 -21 70 11 1 0 3
5 18 37 28 74 1 1 1
6 -44 -42 41 28 0 1 3
7 -20 -20 20 20 1 0 0
8 27 15 75 33 1 2 2
9 -57 -61 -42 0 0 0 1
10 89 -48 148 -16 1 2 0
11 13 51 14 136 1 2 3
12 58 -78 59 -75 1 2 1
13 -51 -51 -8 -4 1 0 0
14 -20 -20 20 20 0 0 2
REMOVE 9
INSERT 15 46 -90 57 -37
VISIT 14 7 13 14 6 10 4 11 5 8 15 12 2 3 1
COMPLETE -100 -100 100 100 42 31 42 31 0 1 14 0
RESULT 1 -37 -37 45 100 42 31 42 31
NEIGHBOURS -37 -37 45 100 2 2 45 14 45 36 1 1 1 -37 -31 -37 3 3 3 0
GAPS 2 -37 -100 100 14 -37 -37 45 14 -100 3 45 100 -37 3 45 100
TREE 14
1 42 46 82 58 0 0 3
2 -11 36 74 86 0 1 2
3 18 -17 63 14 0 0 1
4 -38 -6 -6 59 0 0 1
5 90 -35 91 -16 0 0 2
6 -19 -49 30 13 1 1 1
7 -20 -20 20 20 1 0 2
8 58 76 98 105 0 0 3
9 32 -48 99 14 1 2 3
10 67 -24 111 51 0 0 2
11 72 -78 107 -70 1 2 0
12 -57 -62 17 -11 0 2 3
13 -44 17 -36 45 0 1 0
14 -20 -20 20 20 0 0 3
REMOVE 7
INSERT 15 -75 4 -21 34
VISIT 14 8 2 15 13 4 14 12 6 3 10 9 11 5 1
COMPLETE -100 -100 100 100 6 59 29 141 0 1 9 1 -50 -50 50 50
RESULT 1 -6 20 42 100 6 59 29 141
NEIGHBOURS -6 20 42 100 3 1 42 46 42 58 1 1 4 -6 20 -6 59 3 0 14 -6 20 20 20 3 0 2
GAPS 2 20 -100 100 46 20 20 42 46 -100 59 42 100 -6 59 42 100
TREE 24
1 5 79 20 111 1 1 0
2 58 -59 101 -6 1 2 1
3 -2 71 48 90 1 0 3
4 -65 69 -52 76 0 0 2
5 45 17 85 46 1 2 3
6 0 -39 3 35 1 0 3
7 -20 -20 20 20 1 0 0
8 -10 -57 7 -13 1 0 3
9 -42 -41 -5 -38 1 0 2
10 76 -16 135 48 1 1 3
11 60 -90 107 -33 1 2 0
12 -20 -79 31 -48 1 1 1
13 -44 12 -16 32 0 0 0
14 -20 -20 20 20 1 1 1
15 47 15 108 36 1 1 1
16 -74 85 2 129 1 1 0
17 -54 37 30 91 1 0 2
18 -84 24 -21 67 0 2 3
19 89 67 176 78 0 1 3
20 -22 -89 52 0 1 2 0
21 -20 -20 20 20 1 0 1
22 55 47 128 106 1 0 2
23 -4 -52 76 36 0 2 3
24 69 81 151 136 0 2 3
REMOVE 10
INSERT 25 -75 -41 -29 0
VISIT 24 23 20 12 9 25 13 14 21 7 8 6 19 24 22 15 5 11 2 18 4 17 3 16 1
COMPLETE -100 -100 100 100 -58 -22 -43 -15 1 1 0 0
RESULT 1 -100 -100 -22 100 -58 -22 -43 -15
NEIGHBOURS -100 -100 -22 100 1 20 -22 -89 -22 0 1 1 0
GAPS 0
TREE 14
1 -80 47 -28 50 1 1 2
2 65 40 152 66 1 1 3
3 -70 22 -31 90 0 2 2
4 67 42 76 68 1 1 0
5 86 -42 122 13 0 0 3
6 45 -44 86 24 1 2 0
7 -20 -20 20 20 1 2 2
8 86 4 123 52 1 0 3
9 -28 52 -26 71 0 1 3
10 -24 -77 53 2 1 2 0
11 30 -13 86 54 0 2 2
12 10 -41 35 -18 0 2 1
13 -52 37 37 90 0 2 3
14 -20 -20 20 20 0 0 0
REMOVE 8
INSERT 15 79 69 143 148
VISIT 14 12 10 14 7 6 5 11 4 15 2 9 13 3 1
COMPLETE -100 -100 100 100 -84 53 -84 53 0 1 4 1 -50 -50 50 50
RESULT 0
NEIGHBOURS -100 -100 -52 100 1 13 -52 37 -52 90 1 1 0
GAPS 0
TREE 17
1 -57 -33 -7 11 1 2 3
2 16 62 22 150 0 2 1
3 48 -48 119 -33 0 1 2
4 -12 -82 3 -21 1 2 0
5 9 -83 43 -79 0 0 1
6 46 55 48 74 0 1 3
7 -20 -20 20 20 0 1 3
8 -1 -39 44 -37 1 1 3
9 18 45 91 101 0 1 2
10 -43 -4 14 47 0 2 3
11 -76 -2 -62 -1 0 1 0
12 -65 -87 -9 -27 0 2 1
13 -72 36 3 56 0 0 2
14 -20 -20 20 20 0 1 3
15 -89 -52 -25 30 0 2 2
16 -22 23 29 44 0 0 0
17 38 -3 51 46 1 0 2
REMOVE 12
INSERT 18 -3 -53 13 27
VISIT 17 9 6 2 3 8 5 4 13 16 17 10 14 7 11 18 15 1
COMPLETE -100 -100 100 100 18 10 105 31 0 1 11 0
RESULT 2 29 -79 100 62 29 10 100 31 14 -79 29 23 18 10 29 23
NEIGHBOURS 29 -79 100 62 2 16 29 23 29 44 3 3 5 29 -79 43 -79 3 0 1
GAPS 2 -100 44 29 100 29 44 29 62 -100 -79 29 23 29 -79 29 23
TREE 22
1 -59 -13 -9 58 1 2 1
2 70 81 123 142 0 0 1
3 40 -77 118 -61 0 2 2
4 -51 59 38 67 0 1 2
5 -57 19 -17 56 1 0 3
6 -9 -13 64 64 0 1 3
7 -20 -20 20 20 0 1 3
8 3 19 63 90 0 1 1
9 13 56 39 122 0 1 1
10 60 61 146 82 1 2 0
11 63 38 73 111 1 2 0
12 44 -87 47 -16 0 2 2
13 -48 47 -5 99 1 2 1
14 -20 -20 20 20 0 1 0
15 16 46 25 133 1 0 1
16 -33 -76 22 -54 0 0 2
17 26 42 73 124 0 2 1
18 -10 8 7 11 1 0 2
19 16 -24 69 -21 1 0 0
20 -2 -2 65 75 1 2 1
21 -20 -20 20 20 0 2 3
22 -85 18 -7 37 1 0 0
REMOVE 3
INSERT 23 -51 27 -37 99
VISIT 22 12 10 11 2 22 4 5 14 16 18 21 7 15 9 17 8 19 20 6 23 13 1
COMPLETE -100 -100 100 100 49 5 94 79 1 1 1 1 -50 -50 50 50
RESULT 3 25 75 60 100 49 75 60 79 73 -100 100 61 73 5 94 61 65 -21 73 38 65 5 73 38
NEIGHBOURS 25 75 60 100 3 10 60 75 60 82 0 1 15 25 75 25 100 2 0 20 25 75 60 75 3 1 2
GAPS 1 25 82 100 100 25 82 60 100
TREE 26
1 -74 15 -45 24 0 2 2
2 -42 57 -25 126 1 1 0
3 -40 -4 25 54 1 1 2
4 73 -42 81 39 1 2 2
5 62 -67 66 -49 1 0 1
6 58 -90 96 -14 1 1 2
7 -20 -20 20 20 1 2 1
8 -35 82 22 96 0 2 0
9 -17 69 60 106 0 0 3
10 -80 -79 -14 -40 1 0 1
11 -89 30 -80 82 1 0 2
12 46 20 85 77 1 0 2
13 -34 11 36 28 1 2 3
14 -20 -20 20 20 1 2 3
15 11 -51 91 21 1 1 1
16 55 84 107 118 0 2 3
17 -23 57 -6 128 1 1 3
18 -65 -59 -58 2 1 0 2
19 -11 -20 36 50 1 1 1
20 -75 -20 -55 3 1 0 2
21 -20 -20 20 20 1 1 1
22 52 87 136 124 0 2 1
23 -51 -58 -13 -29 1 2 0
24 -10 -88 25 -20 1 0 0
25 18 -66 62 -25 1 2 2
26 49 -66 109 -45 0 0 2
REMOVE 7
INSERT 27 9 -57 24 -54
VISIT 26 22 16 9 8 17 2 6 26 5 12 25 15 4 20 18 23 10 14 27 24 13 21 19 3 11 1
COMPLETE -100 -100 100 100 -16 37 -16 37 0 1 7 0
RESULT 1 -100 -54 52 69 -16 37 -16 37
NEIGHBOURS -100 -54 52 69 2 27 9 -54 24 -54 0 0 9 -17 69 52 69 1 2 1
GAPS 2 -100 -100 9 69 -100 -54 9 69 24 -100 100 69 24 -54 52 69
TREE 5
1 -46 -36 40 42 0 1 1
2 29 49 47 137 0 2 3
3 60 -62 82 15 1 1 1
4 -51 -49 -40 -31 1 0 1
5 19 11 26 42 1 2 2
REMOVE 1
INSERT 6 70 7 84 9
VISIT 5 2 6 3 4 5
COMPLETE -100 -100 100 100 -39 -42 -36 -22 1 1 0 1 -50 -50 50 50
RESULT 1 -40 -100 60 100 -39 -42 -36 -22
NEIGHBOURS -40 -100 60 100 2 3 60 -62 60 15 1 1 4 -40 -49 -40 -31 3 3 0
GAPS 2 -40 -100 100 -62 -40 -100 60 -62 -100 -31 60 100 -40 -31 60 100
TREE 22
1 90 -41 129 -26 0 1 1
2 -73 18 -21 36 0 0 3
3 -34 85 -28 92 0 0 1
4 -19 -60 68 22 1 2 2
5 -49 -50 23 26 1 2 2
6 10 51 85 119 0 0 0
7 -20 -20 20 20 0 0 2
8 -75 47 -49 101 0 0 0
9 61 -23 129 2 1 2 1
10 7 55 24 66 0 1 0
11 -42 -14 -7 10 1 0 3
12 -33 64 -10 102 0 0 0
13 57 58 76 59 0 1 3
14 -20 -20 20 20 0 1 0
15 -72 -33 -57 -11 1 1 3
16 52 -40 123 31 1 2 3
17 -23 17 1 97 0 0 2
18 -55 -8 -39 70 1 0 1
19 -23 65 44 112 0 2 3
20 -34 31 -33 89 0 0 2
21 -20 -20 20 20 0 0 2
22 -72 56 -24 60 0 2 1
REMOVE 2
INSERT 23 24 41 81 67
VISIT 22 10 13 19 23 6 8 17 20 12 3 18 22 7 11 14 15 21 5 4 16 9 1
COMPLETE -100 -100 100 100 -39 -17 -19 14 1 1 4 0
RESULT 3 -39 -100 52 -14 -39 -17 -19 -14 -39 10 52 100 -39 10 -19 14 -100 -100 -39 -14 -39 -17 -39 -14
NEIGHBOURS -39 -100 52 -14 2 16 52 -40 52 -14 1 2 11 -39 -14 -7 -14 2 3 0
GAPS 2 -7 -100 100 -40 -7 -100 52 -40 -7 -14 52 100 -7 -14 52 -14
TREE 19
1 -89 -41 -34 -38 1 1 0
2 50 -16 63 54 1 1 0
3 4 -18 17 23 0 1 1
4 -64 31 -19 55 1 1 3
5 10 84 76 98 0 2 2
6 -29 8 53 19 0 0 0
7 -20 -20 20 20 1 2 3
8 52 -21 85 29 0 2 1
9 -70 -65 -44 -30 0 0 2
10 -42 52 30 84 0 0 1
11 -61 22 -15 53 0 2 3
12 -8 -41 71 41 1 2 0
13 -38 63 13 129 0 1 0
14 -20 -20 20 20 0 2 3
15 38 21 105 97 0 0 2
16 -41 -19 -25 -14 1 2 3
17 -11 7 12 49 0 0 0
18 83 42 103 118 0 1 0
19 -49 47 -11 57 1 1 2
REMOVE 14
INSERT 20 70 24 127 36
VISIT 19 13 10 17 19 11 4 6 16 7 3 18 20 15 5 12 8 2 9 1
COMPLETE -100 -100 100 100 68 88 68 88 0 1 13 1 -50 -50 50 50
RESULT 1 30 36 100 100 68 88 68 88
NEIGHBOURS 30 36 100 100 2 20 70 36 100 36 0 1 10 30 52 30 84 3 3 1
GAPS 2 -100 -100 70 52 30 36 70 52 -100 84 70 100 30 84 70 100
TREE 8
1 -25 -28 13 4 0 1 2
2 -35 -78 10 9 1 2 0
3 16 -19 36 12 0 0 1
4 46 62 118 149 0 1 3
5 -62 -43 -51 -20 0 0 0
6 32 26 78 99 0 0 3
7 -20 -20 20 20 1 0 1
8 -8 -49 9 -36 0 1 3
REMOVE 6
INSERT 9 -68 11 18 66
VISIT 8 5 8 9 2 4 3 7 1
COMPLETE -100 -100 100 100 -35 -24 -35 46 1 1 6 0
RESULT 2 -100 -100 -35 100 -35 -24 -35 46 -35 9 -20 100 -35 9 -35 46
NEIGHBOURS -100 -100 -35 100 1 2 -35 -78 -35 9 1 1 0
GAPS 0
TREE 18
1 85 -28 154 -10 1 2 0
2 80 16 168 74 0 2 0
3 -22 2 53 2 1 2 3
4 -44 -7 35 78 0 1 0
5 -39 -36 0 10 1 2 1
6 48 -18 119 13 1 0 1
7 -20 -20 20 20 1 0 3
8 -29 -60 -28 -4 1 2 0
9 14 -29 54 49 0 0 3
10 -18 66 71 119 0 2 3
11 -24 7 11 14 0 0 1
12 87 25 130 51 1 1 0
13 -85 21 3 74 0 0 3
14 -20 -20 20 20 0 2 1
15 16 63 83 104 1 2 1
16 -42 29 10 35 0 2 1
17 -3 50 84 90 1 0 0
18 25 -10 83 76 0 0 2
REMOVE 3
INSERT 19 -53 -8 28 51
VISIT 18 9 17 15 10 13 16 18 19 4 12 2 11 14 7 8 5 6 1
COMPLETE -100 -100 100 100 -30 -69 59 -40 1 1 4 1 -50 -50 50 50
RESULT 1 -29 -100 -28 -60 -29 -69 -28 -60
NEIGHBOURS -100 -100 -29 -36 2 8 -29 -60 -29 -36 1 2 5 -39 -36 -29 -36 1 2 0
GAPS 0
TREE 16
1 32 90 61 136 1 2 1
2 36 12 74 56 0 1 2
3 -77 -80 -18 -62 1 1 1
4 79 -34 153 43 0 0 1
5 -50 -4 -34 18 0 1 3
6 22 90 53 154 0 2 3
7 -20 -20 20 20 1 1 3
8 76 -14 120 55 0 2 0
9 49 2 83 56 0 0 1
10 -71 41 -39 103 0 1 1
11 56 -55 109 -25 0 0 0
12 -21 -21 50 -13 1 0 2
13 29 13 53 102 1 1 0
14 -20 -20 20 20 0 0 0
15 90 12 119 83 1 0 1
16 -41 -44 -31 40 1 0 0
REMOVE 4
INSERT 17 -82 68 -64 144
VISIT 16 12 13 14 7 17 10 16 5 3 15 8 11 9 2 6 1
COMPLETE -100 -100 100 100 -4 16 -4 16 0 1 9 0
RESULT 0
NEIGHBOURS 1000 1000 2000 2000 0 0
GAPS 0
TREE 11
1 -64 6 -15 54 1 0 1
2 52 18 110 50 1 1 1
3 -65 -75 -22 -51 0 2 0
4 -77 52 4 53 0 0 2
5 37 86 121 156 0 1 2
6 16 5 60 54 1 0 3
7 -20 -20 20 20 0 0 0
8 48 72 52 81 1 2 0
9 73 -49 92 29 0 0 0
10 32 11 113 83 1 2 2
11 40 -46 116 -35 1 1 1
REMOVE 10
INSERT 12 -46 55 -35 65
VISIT 11 8 5 6 11 9 2 3 4 7 12 1
COMPLETE -100 -100 100 100 42 10 114 55 0 1 2 1 -50 -50 50 50
RESULT 3 20 -100 73 100 42 10 73 55 92 -100 100 100 92 10 100 55 73 29 92 100 73 29 92 55
NEIGHBOURS 20 -100 73 100 2 9 73 -49 73 29 1 1 7 20 -20 20 20 3 3 0
GAPS 2 20 -100 100 -49 20 -100 73 -49 -100 20 73 100 20 20 73 100
TREE 8
1 -43 25 29 46 0 1 3
2 -68 -68 -3 -22 0 0 2
3 -31 -71 27 -42 1 0 1
4 -11 31 39 60 0 1 0
5 -81 71 -43 73 1 0 1
6 -76 17 -67 48 1 1 3
7 -20 -20 20 20 0 0 0
8 36 48 42 106 0 1 2
REMOVE 2
INSERT 9 -85 -77 -23 -20
VISIT 8 7 9 3 6 5 8 4 1
COMPLETE -100 -100 100 100 89 -15 128 24 0 1 5 0
RESULT 1 20 -100 100 100 89 -15 128 24
NEIGHBOURS 20 -100 100 100 1 7 20 -20 20 20 3 3 0
GAPS 0
TREE 24
1 36 32 61 89 0 0 1
2 26 15 104 17 0 2 3
3 -53 -41 -17 -22 0 2 0
4 -10 3 42 45 0 0 3
5 -3 87 60 118 0 2 0
6 -77 50 -64 107 0 0 2
7 -20 -20 20 20 0 0 3
8 82 -4 161 66 0 1 2
9 -29 63 -13 65 0 0 0
10 -81 73 -15 79 0 1 1
11 -23 35 9 94 1 2 3
12 -72 84 -16 159 1 1 2
13 14 -37 98 39 1 1 2
14 -20 -20 20 20 1 0 1
15 36 7 44 63 1 2 2
16 -59 -63 -16 -33 1 2 2
17 -8 -48 59 37 0 1 3
18 37 -72 77 -20 0 0 0
19 -10 73 0 128 1 1 3
20 38 -86 40 1 1 2 2
21 -20 -20 20 20 0 2 0
22 -68 16 -15 50 0 2 2
23 51 49 53 69 0 2 1
24 -90 -75 -30 1 1 0 1
REMOVE 4
INSERT 25 -68 34 -49 88
VISIT 24 24 16 22 3 14 21 7 17 20 18 13 15 8 2 19 12 10 25 11 9 6 5 23 1
COMPLETE -100 -100 100 100 5 -33 5 -33 0 1 5 1 -50 -50 50 50
RESULT 1 -17 -100 37 -20 5 -33 5 -33
NEIGHBOURS -17 -100 37 -20 4 18 37 -72 37 -20 1 2 7 -17 -20 20 -20 2 3 21 -17 -20 20 -20 2 3 3 -17 -41 -17 -22 3 3 0
GAPS 3 -17 -100 100 -72 -17 -100 37 -72 20 -20 37 100 20 -20 37 -20 -100 -22 -17 -20 -17 -22 -17 -20
TREE 24
1 23 -49 54 1 0 1 0
2 -49 42 -15 82 1 1 3
3 33 -84 64 -3 0 1 1
4 -40 37 23 98 0 1 3
5 70 -86 121 -6 0 2 1
6 -80 42 -36 112 0 1 0
7 -20 -20 20 20 1 2 2
8 10 -42 44 -3 0 0 0
9 -70 9 -54 98 0 2 1
10 47 18 92 40 0 0 1
11 -79 86 -11 126 0 2 2
12 55 45 62 90 1 0 2
13 19 75 102 163 1 1 0
14 -20 -20 20 20 1 1 0
15 -59 23 -24 38 1 0 0
16 -90 23 -90 86 1 2 3
17 69 63 101 80 1 1 3
18 -29 -84 38 -21 0 2 1
19 -60 -66 -3 -58 1 1 0
20 15 -69 79 -8 0 1 2
21 -20 -20 20 20 1 1 3
22 -16 25 41 40 0 0 1
23 -29 87 8 164 0 0 3
24 42 -56 84 5 1 0 3
REMOVE 19
INSERT 25 -90 81 -76 146
VISIT 24 14 7 4 9 11 15 25 16 6 2 5 17 13 12 10 24 20 3 18 22 23 21 8 1
COMPLETE -100 -100 100 100 27 -15 104 64 1 1 5 0
RESULT 3 -24 -100 42 100 27 -15 42 64 84 -100 100 100 84 -15 100 64 42 5 84 100 42 5 84 64
NEIGHBOURS -24 -100 42 100 2 24 42 -56 42 5 1 1 15 -24 23 -24 38 3 3 0
GAPS 2 -24 -100 100 -56 -24 -100 42 -56 -100 38 42 100 -24 38 42 100
TREE 19
1 -13 25 62 47 1 0 0
2 40 20 90 87 0 0 0
3 -15 49 36 116 1 2 0
4 67 17 112 35 0 1 3
5 36 53 114 133 0 0 2
6 -53 87 -33 157 0 1 0
7 -20 -20 20 20 1 2 2
8 -47 -55 -26 25 1 2 3
9 33 23 69 98 1 2 3
10 38 10 64 53 0 2 3
11 9 -62 49 6 0 0 1
12 -51 -52 -16 -42 0 1 0
13 -1 49 17 137 1 0 1
14 -20 -20 20 20 0 1 2
15 7 73 91 151 0 1 0
16 -52 -60 -44 -37 0 1 1
17 -64 -27 6 -22 1 0 2
18 14 11 100 59 1 0 1
19 71 40 115 71 0 1 3
REMOVE 4
INSERT 20 46 -52 68 16
VISIT 19 15 5 9 18 19 2 6 13 3 16 17 12 8 20 11 14 7 10 1
COMPLETE -100 -100 100 100 25 28 62 28 0 1 7 1 -50 -50 50 50
RESULT 1 -44 6 38 100 25 28 38 28
NEIGHBOURS -44 6 38 100 2 11 9 6 38 6 0 1 10 38 10 38 53 1 1 2
GAPS 2 -100 -100 9 10 -44 6 9 10 38 6 100 10 38 6 38 10
TREE 3
1 75 47 141 130 0 1 0
2 -32 -35 45 1 0 0 2
3 -23 47 19 108 1 1 3
REMOVE 3
INSERT 4 -79 -24 7 41
VISIT 3 4 2 1
COMPLETE -100 -100 100 100 14 -66 14 -66 0 1 2 0
RESULT 1 -100 -100 100 -24 14 -66 14 -66
NEIGHBOURS -100 -100 100 -24 1 4 -79 -24 7 -24 2 2 0
GAPS 0
TREE 10
1 -25 3 45 33 0 0 2
2 70 -35 90 -7 1 0 3
3 -28 90 49 109 0 2 2
4 14 12 71 20 1 2 0
5 83 -65 96 19 0 1 0
6 -22 20 60 87 0 2 0
7 -20 -20 20 20 1 2 0
8 62 -47 83 41 0 2 3
9 18 -34 64 -20 1 0 0
10 -59 -69 19 -34 0 2 1
REMOVE 5
INSERT 11 -41 70 -14 96
VISIT 10 8 2 3 4 11 6 10 9 7 1
COMPLETE -100 -100 100 100 -71 47 -71 112 0 1 0 1 -50 -50 50 50
RESULT 1 -100 -34 -41 100 -71 47 -71 112
NEIGHBOURS -100 -34 -41 100 2 10 -59 -34 -41 -34 0 1 11 -41 70 -41 96 1 1 2
GAPS 2 -100 -100 -59 70 -100 -34 -59 70 -41 -34 100 70 -41 -34 -41 70
TREE 19
1 70 -66 70 -9 0 1 3
2 -71 -76 -52 -53 0 2 0
3 -55 90 -24 166 1 0 1
4 -87 86 -15 174 1 1 3
5 33 -32 68 -10 0 1 0
6 64 54 101 99 0 2 2
7 -20 -20 20 20 0 2 3
8 45 -89 85 -18 0 1 2
9 -47 -37 -30 7 1 0 1
10 -47 -25 42 3 1 0 0
11 21 58 90 120 0 1 1
12 -71 28 -14 103 1 0 3
13 72 55 110 130 0 0 1
14 -20 -20 20 20 0 0 2
15 -60 -59 -14 18 1 0 1
16 -52 -20 -26 -13 0 1 1
17 50 -62 134 12 1 2 0
18 18 33 73 86 1 0 1
19 30 -79 97 -65 0 1 3
REMOVE 12
INSERT 20 20 24 39 108
VISIT 19 4 3 16 15 9 2 10 14 7 5 20 18 11 13 6 17 19 8 1
COMPLETE -100 -100 100 100 -36 -11 46 49 0 1 4 0
RESULT 4 -100 -13 -20 100 -36 -11 -20 49 39 -13 72 58 39 -11 46 49 20 -13 39 24 20 -11 39 24 -20 20 20 100 -20 20 20 49
NEIGHBOURS -100 -13 -20 100 2 16 -52 -13 -26 -13 0 0 7 -20 -13 -20 20 0 1 2
GAPS 2 -100 -100 -52 -13 -100 -13 -52 -13 -26 -100 -20 -13 -26 -13 -20 -13
TREE 27
1 -7 26 27 36 1 1 3
2 73 84 112 164 1 1 1
3 -65 45 -55 48 1 1 2
4 -23 -17 5 -14 0 0 3
5 3 21 29 36 1 2 0
6 -52 78 -3 140 0 2 1
7 -20 -20 20 20 1 1 3
8 16 46 26 86 1 0 1
9 -73 -23 -3 11 0 2 2
10 -78 80 -50 129 1 1 0
11 -42 36 29 124 0 1 0
12 -84 58 -33 76 1 1 3
13 59 74 78 134 1 2 3
14 -20 -20 20 20 1 1 3
15 81 -68 106 -43 0 2 0
16 -68 49 -14 131 0 2 0
17 -30 79 -12 152 1 2 3
18 -16 -35 47 17 0 2 1
19 6 63 89 68 0 0 0
20 -20 1 41 89 1 2 2
21 -20 -20 20 20 0 0 3
22 10 19 91 52 0 0 1
23 -56 14 20 63 1 1 2
24 -67 -9 21 54 0 2 2
25 76 -28 145 18 0 1 3
26 -48 -43 17 44 1 0 3
27 13 8 63 63 1 2 3
REMOVE 9
INSERT 28 -27 11 19 76
VISIT 27 13 25 15 2 12 16 10 17 6 3 26 14 18 21 7 4 20 24 28 23 11 8 5 19 27 22 1
COMPLETE -100 -100 100 100 33 -38 33 -38 1 1 16 1 -50 -50 50 50
RESULT 1 17 -100 100 8 33 -38 33 -38
NEIGHBOURS 17 -100 100 8 2 27 17 8 63 8 2 3 26 17 -43 17 8 2 3 0
GAPS 0
TREE 21
1 7 -50 37 23 0 2 3
2 -67 49 -24 134 0 2 0
3 46 37 64 89 0 0 0
4 -65 -34 -44 19 0 1 2
5 -46 62 30 77 1 1 3
6 -62 46 -40 131 0 1 3
7 -20 -20 20 20 1 0 3
8 77 29 78 106 1 1 1
9 52 16 65 43 1 1 1
10 -81 -33 -22 20 0 1 2
11 68 -68 71 -51 0 1 3
12 -8 8 63 15 0 2 1
13 -56 21 25 21 1 2 1
14 -20 -20 20 20 0 0 1
15 36 -27 39 57 0 2 0
16 5 31 39 59 0 0 2
17 -80 -15 -40 -9 1 1 0
18 79 41 111 111 1 1 0
19 -67 86 16 149 0 0 0
20 -77 8 -8 39 1 2 2
21 -20 -20 20 20 0 0 1
REMOVE 11
INSERT 22 69 39 149 63
VISIT 21 17 20 10 4 6 19 2 13 16 5 22 18 8 9 3 14 21 7 12 15 1
COMPLETE -100 -100 100 100 -84 -32 -51 7 0 1 16 0
RESULT 1 -100 -100 -20 49 -84 -32 -51 7
NEIGHBOURS -100 -100 -20 49 3 14 -20 -20 -20 20 1 1 21 -20 -20 -20 20 1 1 2 -67 49 -24 49 2 2 0
GAPS 2 -24 -100 100 -20 -24 -100 -20 -20 -24 20 100 100 -24 20 -20 49
TREE 22
1 -37 41 -7 99 0 0 0
2 -19 -65 -4 4 1 2 3
3 5 24 15 50 0 0 2
4 -77 -79 -62 -21 0 0 3
5 -4 -11 42 3 0 1 1
6 49 -52 88 9 0 1 3
7 -20 -20 20 20 0 1 2
8 34 -21 96 -17 1 2 2
9 -32 -5 55 66 1 1 2
10 7 77 84 79 0 0 0
11 -1 -60 87 -48 0 1 1
12 85 54 164 88 0 0 1
13 -27 -50 -11 27 1 0 1
14 -20 -20 20 20 1 2 3
15 79 67 105 74 1 1 1
16 39 -54 107 -3 1 2 2
17 -66 17 -52 72 1 0 2
18 22 -80 106 -5 1 0 1
19 -56 50 26 131 0 2 0
20 -4 67 23 147 0 0 3
21 -20 -20 20 20 1 0 3
22 -20 -74 10 -1 0 0 0
REMOVE 16
INSERT 23 -15 -30 70 29
VISIT 22 4 8 11 22 23 18 6 14 21 7 5 13 2 15 12 10 9 3 17 20 19 1
COMPLETE -100 -100 100 100 83 -42 169 20 1 1 8 1 -50 -50 50 50
RESULT 1 20 -5 100 67 83 -5 100 20
NEIGHBOURS 20 -5 100 67 4 18 22 -5 100 -5 0 1 15 79 67 100 67 1 2 14 20 -5 20 20 3 0 21 20 -5 20 20 3 0 1
GAPS 2 20 -100 22 -5 20 -5 22 -5 -100 20 79 100 20 20 79 67
TREE 22
1 12 30 50 100 1 1 1
2 40 32 102 102 1 2 3
3 42 -69 116 3 0 0 1
4 79 -51 121 22 1 2 2
5 57 -52 83 34 1 1 3
6 24 7 31 88 0 2 2
7 -20 -20 20 20 1 0 0
8 -77 85 -3 126 1 1 2
9 26 64 106 126 1 0 3
10 -2 -70 83 -20 0 0 0
11 45 -49 97 10 0 2 2
12 -29 -70 21 -47 0 0 3
13 13 43 45 48 1 0 0
14 -20 -20 20 20 1 0 2
15 7 49 60 123 1 0 2
16 34 47 78 124 0 0 1
17 19 -79 66 -15 1 2 1
18 72 -23 124 36 0 0 3
19 77 -85 158 -63 1 2 3
20 52 16 89 39 1 2 1
21 -20 -20 20 20 1 1 2
22 -21 69 16 151 0 1 2
REMOVE 3
INSERT 23 -43 -41 25 31
VISIT 22 4 18 20 5 12 17 10 11 19 15 16 9 2 14 21 23 7 6 22 8 13 1
COMPLETE -100 -100 100 100 34 45 34 45 1 1 9 0
RESULT 0
NEIGHBOURS 1000 1000 2000 2000 0 0
GAPS 0
TREE 27
1 78 66 86 139 1 1 0
2 22 41 39 109 1 0 1
3 -23 -67 63 -35 1 2 3
4 -22 -17 25 26 1 2 2
5 76 53 142 140 0 0 0
6 23 76 90 110 0 0 3
7 -20 -20 20 20 1 1 2
8 -64 76 23 164 1 2 0
9 -11 43 -10 52 0 1 2
10 -65 84 -20 114 0 1 1
11 15 82 66 127 1 2 3
12 76 27 92 44 1 2 1
13 12 76 38 143 0 1 1
14 -20 -20 20 20 1 0 1
15 -24 7 35 31 0 0 0
16 -15 -42 26 41 0 1 3
17 62 -15 126 -9 1 0 1
18 44 65 44 93 1 1 3
19 5 -33 90 32 0 0 1
20 31 15 51 69 0 2 2
21 -20 -20 20 20 1 0 1
22 -61 -38 19 -34 0 1 2
23 -5 82 48 103 1 1 1
24 -69 -68 -24 -6 1 1 0
25 -10 -82 25 4 1 0 2
26 -82 -75 0 -33 1 1 1
27 47 -60 50 -29 1 2 0
REMOVE 4
INSERT 28 89 38 94 73
VISIT 27 14 16 7 12 9 15 17 19 21 25 26 24 22 27 3 28 20 2 5 10 23 13 8 11 18 6 1
COMPLETE -100 -100 100 100 -1 76 54 109 1 1 25 1 -50 -50 50 50
RESULT 0
NEIGHBOURS -100 44 22 76 2 2 22 44 22 76 0 2 8 -64 76 22 76 1 2 0
GAPS 0
TREE 26
1 -25 -3 47 37 0 0 2
2 -34 -59 17 5 1 0 2
3 -35 -16 40 -1 0 0 0
4 -31 -9 21 52 0 1 1
5 19 -54 58 33 1 1 2
6 43 71 98 101 0 1 3
7 -20 -20 20 20 0 2 0
8 -1 59 19 84 0 2 2
9 -11 -62 10 -43 1 2 1
10 72 42 143 78 1 1 2
11 84 -72 161 -48 1 2 3
12 1 33 46 80 0 0 1
13 -13 72 76 81 1 1 0
14 -20 -20 20 20 1 1 3
15 23 4 97 68 1 0 3
16 77 -38 120 21 1 0 2
17 -30 -81 26 -73 0 0 2
18 -90 3 -38 7 1 1 1
19 59 -77 62 -15 1 1 2
20 69 -53 81 -29 0 1 0
21 -20 -20 20 20 1 1 2
22 -19 10 13 56 1 2 1
23 -20 -78 7 6 1 2 2
24 11 36 68 72 1 0 0
25 24 88 83 99 1 0 0
26 -2 48 17 84 1 0 2
REMOVE 14
INSERT 27 -8 61 36 117
VISIT 26 17 9 18 23 2 3 10 25 6 15 24 26 12 13 27 8 22 4 11 20 16 19 5 21 7 1
COMPLETE -100 -100 100 100 -46 6 -9 56 0 1 9 0
RESULT 2 -100 -1 -31 61 -46 6 -31 56 -31 52 1 61 -31 52 -9 56
NEIGHBOURS -100 -1 -31 61 2 3 -35 -1 -31 -1 0 1 4 -31 -1 -31 52 0 1 2
GAPS 0
TREE 23
1 -58 54 -22 123 1 1 0
2 -7 -61 32 -30 1 2 3
3 70 0 141 73 1 0 3
4 88 -63 105 12 0 1 2
5 -69 -57 15 -27 1 1 1
6 69 -84 81 -51 0 0 1
7 -20 -20 20 20 0 1 3
8 45 -27 64 -11 0 2 2
9 -10 -52 18 -8 1 1 1
10 -64 89 -55 156 1 2 3
11 -70 -85 -31 -42 0 1 0
12 -41 -23 36 35 0 2 3
13 -86 1 -49 43 0 2 0
14 -20 -20 20 20 0 0 3
15 39 22 108 82 0 1 0
16 -38 57 16 87 0 0 2
17 28 16 39 100 1 2 3
18 -74 -13 -29 14 1 2 2
19 -61 -16 -40 15 0 1 0
20 -52 -67 -13 -22 0 2 3
21 -20 -20 20 20 1 1 0
22 14 27 50 67 1 2 0
23 55 53 136 103 0 0 1
REMOVE 3
INSERT 24 -13 25 51 53
VISIT 23 6 4 15 23 11 20 5 19 18 13 12 14 24 22 17 16 21 7 8 9 2 10 1
COMPLETE -100 -100 100 100 -27 -65 -27 -65 1 1 13 1 -50 -50 50 50
RESULT 1 -100 -100 -7 -57 -27 -65 -27 -65
NEIGHBOURS -100 -100 -7 -57 2 2 -7 -61 -7 -57 1 2 5 -69 -57 -7 -57 1 2 0
GAPS 0
TREE 21
1 10 4 49 28 1 2 1
2 -69 24 -62 65 0 2 3
3 -18 39 30 54 1 2 0
4 -6 -35 64 35 0 2 2
5 -70 3 -45 51 1 2 2
6 53 -8 132 9 1 1 3
7 -20 -20 20 20 0 1 0
8 14 -47 21 1 0 0 1
9 55 6 144 82 1 1 3
10 57 90 83 179 0 0 1
11 -38 -56 47 22 0 0 2
12 35 -63 98 -33 0 1 2
13 -84 26 -63 114 0 0 0
14 -20 -20 20 20 0 2 0
15 12 4 19 10 0 1 3
16 37 -29 79 53 0 2 3
17 70 73 147 129 0 2 3
18 21 -32 106 -17 1 0 1
19 -62 -88 -48 -35 1 2 0
20 -64 11 -18 63 1 0 0
21 -20 -20 20 20 0 0 0
REMOVE 5
INSERT 22 47 81 55 168
VISIT 21 19 20 13 2 17 22 10 3 7 8 18 12 14 21 11 16 4 9 6 15 1
COMPLETE -100 -100 100 100 20 1 38 90 1 1 20 0
RESULT 5 30 -17 100 4 30 1 38 4 30 28 100 100 30 28 38 90 -48 -17 30 4 20 1 30 4 -48 28 30 39 20 28 30 39 -48 54 30 100 20 54 30 90
NEIGHBOURS 30 -17 100 4 2 1 30 4 49 4 2 3 18 30 -17 100 -17 3 1 1
GAPS 2 49 -17 100 100 49 -17 100 4 -100 -17 30 4 30 -17 30 4
TREE 4
1 -44 84 -20 110 0 1 0
2 79 -27 93 22 0 0 1
3 39 -26 106 6 0 0 1
4 60 69 119 137 0 1 1
REMOVE 3
INSERT 5 85 -72 95 -52
VISIT 4 4 5 2 1
COMPLETE -100 -100 100 100 -69 45 -38 100 1 1 2 1 -50 -50 50 50
RESULT 1 -100 -100 100 100 -69 45 -38 100
NEIGHBOURS -100 -100 100 100 0 0
GAPS 0
TREE 14
1 75 7 162 11 1 2 3
2 -81 -37 -14 43 0 0 2
3 67 -81 149 -69 0 1 0
4 30 45 94 116 0 1 0
5 -23 -72 59 -51 1 0 0
6 -42 -61 36 -49 0 1 1
7 -20 -20 20 20 1 1 0
8 17 -66 19 20 0 0 0
9 26 -36 57 -19 1 2 3
10 -51 63 -49 108 1 2 0
11 -17 -8 72 53 1 0 3
12 -21 26 36 42 1 0 0
13 30 -21 80 15 1 1 0
14 -20 -20 20 20 0 2 2
REMOVE 8
INSERT 15 -21 52 0 88
VISIT 14 2 6 5 3 15 10 4 9 12 13 11 14 7 1
COMPLETE -100 -100 100 100 11 8 11 8 1 1 6 0
RESULT 0
NEIGHBOURS 1000 1000 2000 2000 0 0
GAPS 0
TREE 9
1 33 17 115 46 1 2 3
2 8 76 21 130 1 1 3
3 -5 -58 20 -1 1 2 2
4 33 -28 80 14 1 0 0
5 -19 -86 32 -18 1 2 3
6 -90 -37 -44 -31 1 1 3
7 -20 -20 20 20 0 1 0
8 -79 25 -26 95 1 0 0
9 16 -47 50 16 1 0 2
REMOVE 3
INSERT 10 90 -10 93 32
VISIT 9 5 2 8 6 7 9 10 4 1
COMPLETE -100 -100 100 100 -1 -30 50 -24 1 1 6 1 -50 -50 50 50
RESULT 2 32 -100 33 100 32 -30 33 -24 33 -100 100 -28 33 -30 50 -28
NEIGHBOURS 32 -100 33 100 3 4 33 -28 33 14 1 1 1 33 17 33 46 1 1 5 32 -86 32 -18 3 3 0
GAPS 3 32 -100 100 -28 32 -100 33 -28 33 14 100 17 33 14 33 17 -100 -18 33 100 32 -18 33 100
TREE 27
1 71 6 88 10 1 1 2
2 -62 58 -32 145 0 0 1
3 -88 -39 -83 5 1 2 3
4 20 16 33 68 0 1 3
5 61 39 117 118 0 2 3
6 -44 28 15 94 1 1 1
7 -20 -20 20 20 0 0 1
8 -71 62 -15 74 0 1 2
9 67 -83 153 -72 0 0 3
10 -64 34 21 49 0 1 1
11 72 49 107 97 1 2 1
12 -68 -34 -10 31 0 2 2
13 -24 -22 63 -15 0 2 1
14 -20 -20 20 20 1 2 2
15 -67 -28 -50 -7 0 2 3
16 -84 -73 -44 -48 1 1 0
17 18 70 37 103 1 1 2
18 -19 -27 58 -26 0 0 3
19 -55 -77 -10 -4 1 1 1
20 -32 46 1 117 0 0 3
21 -20 -20 20 20 0 1 2
22 -58 31 -24 33 1 2 3
23 79 -54 86 1 1 2 0
24 -80 78 -1 113 0 1 0
25 17 -79 46 -58 0 0 3
26 -90 -84 -23 -76 0 1 1
27 13 46 22 95 1 2 3
REMOVE 2
INSERT 28 2 0 82 64
VISIT 27 26 16 3 8 15 19 12 25 18 13 14 21 28 7 22 10 24 20 27 6 17 4 11 5 9 23 1
COMPLETE -100 -100 100 100 63 75 133 138 0 1 10 0
RESULT 0
NEIGHBOURS 1000 1000 2000 2000 0 0
GAPS 0
TREE 15
1 7 -52 46 -25 1 1 2
2 75 30 122 115 1 1 0
3 86 -67 163 -31 1 1 2
4 37 41 56 60 1 1 3
5 -41 -79 -39 -56 0 2 3
6 -77 -70 -21 -3 1 1 1
7 -20 -20 20 20 0 0 1
8 44 44 57 102 1 1 1
9 21 -37 22 21 0 1 1
10 0 18 6 88 0 2 2
11 -5 -72 77 -44 1 2 3
12 82 -9 107 -6 1 0 2
13 77 42 96 80 0 0 0
14 -20 -20 20 20 1 0 0
15 38 -41 113 -34 1 2 3
REMOVE 15
INSERT 16 21 55 32 135
VISIT 15 16 8 10 4 13 2 12 3 6 5 9 14 7 11 1
COMPLETE -100 -100 100 100 -80 -20 -80 -20 1 1 9 1 -50 -50 50 50
RESULT 1 -100 -100 -77 100 -80 -20 -80 -20
NEIGHBOURS -100 -100 -77 100 1 6 -77 -70 -77 -3 1 1 0
GAPS 0
TREE 18
1 34 27 58 99 0 0 2
2 -75 83 -19 107 0 1 2
3 76 33 125 115 0 1 3
4 62 86 138 93 1 0 2
5 29 65 60 75 0 2 0
6 -9 -37 17 52 1 2 2
7 -20 -20 20 20 1 1 0
8 -13 -13 57 -2 1 1 2
9 -84 -59 2 -51 0 1 3
10 -70 39 -65 113 0 2 0
11 57 -64 108 -3 1 0 3
12 -54 63 -38 149 1 1 1
13 -51 62 6 95 1 0 0
14 -20 -20 20 20 0 0 1
15 -62 -47 -56 -42 1 1 3
16 -15 -8 6 0 0 1 2
17 -52 83 -31 104 0 0 0
18 40 56 40 72 1 1 2
REMOVE 16
INSERT 19 70 14 96 85
VISIT 18 11 8 15 9 14 7 19 6 12 10 13 17 2 4 3 5 18 1
COMPLETE -100 -100 100 100 -81 27 -54 98 1 1 11 0
RESULT 2 -100 -100 -54 100 -81 27 -54 98 -54 -100 -51 63 -54 27 -54 63
NEIGHBOURS -100 -100 -54 100 1 12 -54 63 -54 100 1 2 0
GAPS 0
TREE 3
1 58 58 102 94 0 1 3
2 -48 4 -34 56 1 1 1
3 -36 -29 -29 39 0 0 1
REMOVE 1
INSERT 4 -72 83 10 152
VISIT 3 3 4 2
COMPLETE -100 -100 100 100 -18 -30 11 39 1 1 0 1 -50 -50 50 50
RESULT 1 -34 -100 100 100 -18 -30 11 39
NEIGHBOURS -34 -100 100 100 1 2 -34 4 -34 56 3 3 0
GAPS 0
TREE 11
1 -33 57 -15 77 1 0 3
2 31 74 87 134 1 0 0
3 -34 14 18 36 1 0 1
4 -5 64 -1 84 0 1 3
5 -74 -41 -61 3 0 0 1
6 -62 6 -37 77 1 0 1
7 -20 -20 20 20 0 0 3
8 23 -26 44 1 0 1 1
9 -56 49 -46 67 0 2 1
10 71 -65 124 -12 1 0 2
11 -68 -13 17 34 1 2 0
REMOVE 9
INSERT 12 -83 -25 -16 26
VISIT 11 2 6 5 10 8 7 12 11 3 4 1
COMPLETE -100 -100 100 100 -74 50 -74 50 0 1 7 0
RESULT 1 -100 26 100 100 -74 50 -74 50
NEIGHBOURS -100 26 -20 100 1 12 -83 26 -20 26 0 1 1
GAPS 0
TREE 18
1 35 63 47 131 0 1 2
2 16 -36 52 -5 1 0 2
3 63 41 117 112 0 2 0
4 -67 -10 22 47 0 0 3
5 -29 -26 60 32 1 2 2
6 74 -52 121 -11 1 1 2
7 -20 -20 20 20 1 1 2
8 -17 46 18 112 1 2 0
9 -8 -17 68 59 1 0 2
10 88 -70 154 -35 0 1 0
11 -61 22 -56 39 0 0 2
12 -17 15 68 94 0 2 0
13 -73 -23 -10 -19 1 0 0
14 -20 -20 20 20 0 1 1
15 47 0 125 71 0 0 2
16 41 16 73 102 1 0 1
17 73 -21 83 50 1 2 1
18 42 66 89 148 0 2 1
REMOVE 4
INSERT 19 32 14 114 55
VISIT 18 7 19 15 17 9 5 11 13 14 10 6 2 3 16 12 8 18 1
COMPLETE -100 -100 100 100 -50 67 -34 84 1 1 17 1 -50 -50 50 50
RESULT 1 -100 -19 -17 100 -50 67 -34 84
NEIGHBOURS -100 -19 -17 100 2 13 -73 -19 -17 -19 0 1 8 -17 46 -17 100 1 2 2
GAPS 2 -100 -100 -73 46 -100 -19 -73 46 -17 -19 100 46 -17 -19 -17 46
TREE 17
1 -82 7 -39 52 1 2 1
2 -36 -49 14 8 1 1 3
3 -80 -38 -40 -27 0 0 2
4 34 -85 84 -50 1 2 1
5 69 44 129 112 1 1 1
6 -73 36 -70 79 1 0 2
7 -20 -20 20 20 1 0 0
8 22 0 52 49 1 0 0
9 74 -14 107 46 0 1 3
10 -4 68 72 125 0 1 1
11 -4 -45 2 42 1 2 1
12 -65 13 -2 52 0 1 0
13 74 -33 87 48 1 0 0
14 -20 -20 20 20 1 1 3
15 22 90 111 105 1 0 1
16 -85 47 1 92 0 0 1
17 -60 -80 -11 -70 0 0 3
REMOVE 4
INSERT 18 -1 -52 50 36
VISIT 17 15 10 5 13 9 11 18 8 14 7 2 17 3 6 16 12 1
COMPLETE -100 -100 100 100 -7 76 79 148 1 1 0 0
RESULT 2 -39 42 22 100 -7 76 22 100 22 49 69 90 22 76 69 90
NEIGHBOURS -39 42 22 100 4 11 -4 42 2 42 0 0 8 22 42 22 49 0 1 15 22 90 22 100 1 2 1 -39 42 -39 52 3 0 2
GAPS 4 -39 -100 -4 42 -39 42 -4 42 2 -100 22 42 2 42 22 42 22 49 100 90 22 49 22 90 -100 52 22 100 -39 52 22 100
TREE 7
1 -83 0 -26 5 1 1 1
2 53 74 87 100 1 1 3
3 -42 0 -13 3 1 0 0
4 25 28 103 73 1 1 3
5 17 18 58 87 1 1 2
6 57 -71 109 -47 1 0 2
7 -20 -20 20 20 1 1 3
REMOVE 6
INSERT 8 43 32 63 70
VISIT 7 5 8 4 2 7 3 1
COMPLETE -100 -100 100 100 -25 73 -25 73 0 1 6 1 -50 -50 50 50
RESULT 1 -100 -100 43 100 -25 73 -25 73
NEIGHBOURS -100 -100 43 100 1 8 43 32 43 70 1 1 0
GAPS 0
TREE 11
1 -65 -14 4 58 0 2 1
2 -86 28 -26 50 1 0 0
3 -21 -44 -21 -38 1 1 0
4 -4 37 77 74 0 0 1
5 -43 -41 43 28 1 1 3
6 -15 27 55 38 1 2 1
7 -20 -20 20 20 0 2 2
8 25 67 86 151 1 1 0
9 -1 79 85 106 1 2 1
10 63 -4 126 8 0 1 0
11 17 -83 32 -39 1 2 2
REMOVE 1
INSERT 12 -53 -61 -13 -34
VISIT 11 6 9 8 4 2 10 3 7 11 12 5
COMPLETE -100 -100 100 100 -85 -28 -49 -13 0 1 11 0
RESULT 1 -100 -34 100 37 -85 -28 -49 -13
NEIGHBOURS -100 -34 100 37 2 12 -53 -34 -13 -34 0 0 4 -4 37 77 37 2 2 1
GAPS 2 -100 -100 -53 37 -100 -34 -53 37 77 -34 100 100 77 -34 100 37
TREE 26
1 2 89 67 140 1 1 1
2 -50 11 -50 37 0 1 0
3 56 32 133 93 0 0 2
4 79 67 102 99 0 1 1
5 84 -48 153 18 0 0 2
6 17 -38 65 -9 0 1 2
7 -20 -20 20 20 1 0 2
8 5 -61 79 -43 0 0 2
9 -38 69 6 92 1 0 3
10 -73 -15 -49 40 1 0 0
11 7 -90 40 -54 0 2 1
12 10 -29 79 57 1 1 3
13 -19 -40 33 -17 1 1 1
14 -20 -20 20 20 1 0 2
15 -16 64 47 115 0 2 0
16 -52 -45 14 29 0 2 2
17 66 -54 107 -12 1 1 3
18 -69 49 -47 68 0 0 1
19 -5 59 0 70 0 0 0
20 -6 87 21 146 0 1 3
21 -20 -20 20 20 1 2 1
22 -32 -64 -27 -64 1 0 2
23 -81 88 -48 119 1 0 0
24 -30 -56 -1 -6 0 0 3
25 44 45 63 70 0 0 2
26 49 45 65 108 1 0 3
REMOVE 18
INSERT 27 -17 34 67 54
VISIT 26 13 14 22 24 16 21 7 9 23 10 2 4 11 8 12 6 17 5 25 3 19 26 27 15 20 1
COMPLETE -100 -100 100 100 40 27 59 59 0 1 8 1 -50 -50 50 50
RESULT 2 0 -54 79 34 40 27 59 34 0 54 79 64 40 54 59 59
NEIGHBOURS 0 -54 79 34 2 11 7 -54 40 -54 0 0 27 0 34 67 34 2 3 1
GAPS 2 -100 -100 7 34 0 -54 7 34 67 -54 100 100 67 -54 79 34
TREE 17
1 54 53 113 60 0 2 3
2 -40 49 7 65 1 2 0
3 9 64 81 84 1 0 1
4 5 55 46 84 1 1 1
5 23 -57 42 18 1 0 0
6 -43 -39 19 -33 0 2 1
7 -20 -20 20 20 0 0 3
8 52 -36 140 23 0 1 1
9 -75 -79 -46 -63 0 0 1
10 15 -65 34 -63 0 2 1
11 -70 -86 -48 -32 1 2 0
12 -4 6 59 92 1 1 0
13 -23 -3 45 29 0 0 1
14 -20 -20 20 20 1 1 1
15 -23 -39 20 46 0 2 0
16 -81 -62 3 27 1 1 2
17 58 -23 82 34 0 2 2
REMOVE 12
INSERT 18 42 -89 54 -10
VISIT 17 17 8 14 7 6 16 11 9 10 18 5 15 13 2 4 3 1
COMPLETE -100 -100 100 100 11 4 11 4 0 1 6 0
RESULT 0
NEIGHBOURS 1000 1000 2000 2000 0 0
GAPS 0
TREE 3
1 -14 2 -3 51 1 1 2
2 -86 -84 3 -80 1 1 0
3 34 64 46 99 1 2 1
REMOVE 2
INSERT 4 36 17 50 60
VISIT 3 4 3 1
COMPLETE -100 -100 100 100 39 -45 98 -4 0 1 0 1 -50 -50 50 50
RESULT 1 -100 -100 100 17 39 -45 98 -4
NEIGHBOURS -100 -100 100 17 1 4 36 17 50 17 2 2 0
GAPS 0
TREE 20
1 -46 -67 30 -54 1 1 1
2 -51 -26 -15 0 0 1 1
3 80 34 108 59 1 1 3
4 57 58 66 81 0 1 2
5 -26 6 55 51 0 1 0
6 9 -86 54 -23 1 0 2
7 -20 -20 20 20 0 0 3
8 -67 -11 -41 -1 1 2 0
9 -43 89 11 165 0 2 1
10 -3 49 16 84 1 1 1
11 84 -15 89 -12 0 2 1
12 -15 -90 -5 -3 1 0 2
13 -6 72 38 78 1 0 0
14 -20 -20 20 20 0 2 2
15 -1 14 35 46 0 1 2
16 -15 -2 56 66 0 2 1
17 -46 -69 -6 -16 1 2 3
18 -84 -52 -41 -47 0 1 1
19 11 70 80 159 1 2 0
20 4 -89 48 -13 0 1 2
REMOVE 12
INSERT 21 -21 19 25 34
VISIT 20 4 11 3 9 10 14 7 19 13 15 16 21 5 8 2 17 20 6 18 1
COMPLETE -100 -100 100 100 -76 37 -58 106 1 1 4 0
RESULT 1 -100 -1 -6 100 -76 37 -58 106
NEIGHBOURS -100 -1 -6 100 2 8 -67 -1 -41 -1 0 0 13 -6 72 -6 78 1 1 2
GAPS 2 -100 -100 -67 72 -100 -1 -67 72 -41 -100 100 72 -41 -1 -6 72
TREE 9
1 -40 -53 -9 14 0 2 2
2 31 -86 51 -5 1 1 1
3 40 -10 112 -2 0 0 2
4 36 -58 82 -52 0 1 3
5 -5 -38 1 30 0 0 1
6 -76 -46 -60 -42 1 0 3
7 -20 -20 20 20 1 1 0
8 19 -84 107 -69 0 1 0
9 -90 -82 -81 -35 0 2 0
REMOVE 1
INSERT 10 -2 -20 62 57
VISIT 9 10 3 8 4 2 7 5 9 6
COMPLETE -100 -100 100 100 -24 -53 -24 -53 0 1 6 1 -50 -50 50 50
RESULT 0
NEIGHBOURS -81 -100 -5 -20 2 5 -5 -38 -5 -20 1 2 9 -81 -82 -81 -35 3 3 0
GAPS 2 -81 -100 100 -38 -81 -100 -5 -38 -100 -35 -5 100 -81 -35 -5 -20
TREE 12
1 82 85 146 107 1 2 2
2 -16 44 35 131 0 2 3
3 -64 -30 14 56 0 2 1
4 13 -43 43 -1 0 0 3
5 14 -41 64 46 0 2 1
6 -18 -41 26 -40 0 0 0
7 -20 -20 20 20 0 2 0
8 80 33 154 99 0 0 0
9 9 -59 43 -30 1 2 2
10 -29 -10 36 54 1 1 0
11 83 6 100 22 0 2 3
12 41 -36 117 -25 1 1 0
REMOVE 8
INSERT 13 58 54 94 67
VISIT 12 5 9 4 6 7 10 3 2 12 11 13 1
COMPLETE -100 -100 100 100 -6 56 -1 58 0 1 6 0
RESULT 0
NEIGHBOURS 1000 1000 2000 2000 0 0
GAPS 0
TREE 25
1 47 77 49 100 1 0 3
2 -59 28 -18 42 0 0 1
3 -56 0 -16 82 1 2 0
4 -75 -56 -45 -8 0 2 3
5 71 -28 144 -24 1 0 3
6 -39 -12 -22 -1 0 2 2
7 -20 -20 20 20 0 2 1
8 85 -74 132 -70 0 0 3
9 -54 -2 34 30 1 2 2
10 2 73 80 81 1 1 3
11 78 -20 111 56 0 2 1
12 53 76 95 89 1 2 3
13 15 -4 39 22 1 1 2
14 -20 -20 20 20 1 0 1
15 -64 73 -29 112 0 1 1
16 -89 -37 -19 17 1 2 1
17 82 -27 97 6 1 1 0
18 -28 -52 11 -42 0 0 0
19 29 -87 54 -52 1 2 3
20 40 25 54 46 0 0 2
21 -20 -20 20 20 0 2 3
22 31 -22 88 56 0 0 2
23 11 50 91 55 0 2 2
24 -34 52 -22 54 1 0 0
25 -18 -90 43 -27 0 2 3
REMOVE 12
INSERT 26 62 -37 103 49
VISIT 25 16 4 6 15 3 13 9 14 25 18 21 7 23 10 24 2 19 8 17 20 22 26 11 5 1
COMPLETE -100 -100 100 100 -25 56 -15 60 0 1 12 1 -50 -50 50 50
RESULT 1 -100 42 62 73 -25 56 -15 60
NEIGHBOURS -100 42 62 73 3 2 -59 42 -18 42 0 0 26 62 42 62 49 0 1 15 -64 73 -29 73 2 2 3
GAPS 3 -100 -100 -59 73 -100 42 -59 73 -18 -100 62 42 -18 42 62 42 -29 49 100 100 -29 49 62 73
TREE 20
1 90 65 123 110 0 0 3
2 -69 -5 -56 45 1 1 3
3 -9 11 28 78 1 0 3
4 63 -14 127 -14 0 1 3
5 -57 68 -27 75 1 0 3
6 70 -35 131 53 1 0 3
7 -20 -20 20 20 0 1 1
8 0 54 73 124 1 2 1
9 66 48 137 71 0 1 3
10 68 46 146 96 0 2 1
11 33 -48 65 17 1 0 3
12 23 37 72 89 0 2 2
13 34 90 95 100 0 0 2
14 -20 -20 20 20 1 0 1
15 -76 5 3 76 1 0 2
16 -42 81 32 157 0 2 1
17 -83 64 -13 81 0 0 1
18 29 -70 84 -20 1 2 1
19 -60 -10 -60 27 1 1 1
20 6 -36 28 16 1 1 2
REMOVE 12
INSERT 21 -85 -33 -38 -18
VISIT 20 18 11 14 20 7 13 16 8 3 17 15 5 21 19 2 10 9 6 4 1
COMPLETE -100 -100 100 100 28 -10 28 -10 0 1 2 0
RESULT 1 20 -100 100 46 28 -10 28 -10
NEIGHBOURS 20 -100 100 46 2 10 68 46 100 46 1 2 7 20 -20 20 20 3 3 0
GAPS 2 20 -100 100 46 20 -100 100 46 -100 20 68 100 20 20 68 46
TREE 20
1 36 13 113 101 0 1 3
2 9 -13 23 15 1 0 0
3 4 49 89 135 1 2 3
4 84 23 141 39 0 0 3
5 88 70 100 91 0 1 0
6 -66 -69 -43 3 0 2 0
7 -20 -20 20 20 0 2 0
8 56 80 94 169 1 2 1
9 11 -4 22 43 1 2 2
10 -54 -25 14 -19 0 1 1
11 -33 14 20 91 1 2 3
12 -59 46 15 77 0 1 2
13 65 39 149 59 1 1 1
14 -20 -20 20 20 1 1 1
15 -58 70 -34 145 1 1 2
16 69 80 116 103 1 2 1
17 -45 -12 -40 43 1 1 0
18 50 -47 116 3 1 2 3
19 9 25 72 47 1 2 2
20 -66 -11 -46 -6 0 0 3
REMOVE 14
INSERT 21 66 60 96 114
VISIT 20 20 6 10 7 15 12 17 11 9 2 8 19 21 3 13 4 5 16 18 1
COMPLETE -100 -100 100 100 6 52 17 82 0 1 17 1 -50 -50 50 50
RESULT 1 -43 20 66 100 6 52 17 82
NEIGHBOURS -43 20 66 100 2 7 -20 20 20 20 0 0 21 66 60 66 100 1 2 2
GAPS 2 -100 -100 -20 60 -43 20 -20 60 20 -100 100 60 20 20 66 60
TREE 19
1 51 68 77 101 0 1 3
2 70 -69 124 -8 1 0 0
3 -24 -88 -21 -24 0 1 0
4 -89 58 -7 143 0 2 1
5 -85 -83 -71 -77 0 0 2
6 -52 86 6 173 1 2 1
7 -20 -20 20 20 1 0 1
8 37 -84 92 -35 0 0 3
9 -74 -56 -44 28 1 0 2
10 89 87 99 107 0 0 1
11 -22 62 3 148 0 1 3
12 8 62 33 62 0 2 2
13 -16 22 68 97 1 0 3
14 -20 -20 20 20 0 2 1
15 -28 44 -27 120 0 0 1
16 69 -40 146 -10 1 0 2
17 -18 -33 8 51 0 2 3
18 37 -47 103 28 1 1 2
19 -81 -50 -4 -40 0 2 1
REMOVE 8
INSERT 20 47 -1 129 88
VISIT 19 9 19 5 14 17 7 3 20 18 16 2 6 15 11 4 10 13 12 1
COMPLETE -100 -100 100 100 83 78 86 145 1 1 13 0
RESULT 1 20 -8 100 100 83 78 86 145
NEIGHBOURS 68 -8 100 100 2 2 70 -8 100 -8 0 1 13 68 22 68 97 3 3 1
GAPS 2 -100 -100 70 22 68 -8 70 22 -100 97 70 100 68 97 70 100
TREE 8
1 37 39 87 112 0 1 1
2 24 37 71 90 1 1 2
3 -78 69 -46 150 1 2 1
4 40 73 71 146 1 1 1
5 -68 -35 -32 20 1 2 1
6 -58 20 -48 70 0 2 2
7 -20 -20 20 20 1 1 0
8 -7 10 26 76 0 1 0
REMOVE 6
INSERT 9 33 -52 110 26
VISIT 8 8 7 5 3 4 2 9 1
COMPLETE -100 -100 100 100 51 -71 51 -71 0 1 5 1 -50 -50 50 50
RESULT 1 -100 -100 100 -52 51 -71 51 -71
NEIGHBOURS -100 -100 100 -52 1 9 33 -52 100 -52 1 2 0
GAPS 0
TREE 8
1 12 -54 87 35 1 0 3
2 -51 33 -51 120 0 2 1
3 -36 -74 51 -26 1 1 1
4 -88 14 -44 90 1 1 1
5 53 -76 105 -32 0 1 1
6 85 82 171 88 0 1 0
7 -20 -20 20 20 1 2 0
8 -29 -38 41 0 0 2 3
REMOVE 7
INSERT 9 82 72 95 131
VISIT 8 4 2 5 3 9 6 8 1
COMPLETE -100 -100 100 100 -82 57 -80 93 1 1 8 0
RESULT 1 -100 90 100 100 -82 90 -80 93
NEIGHBOURS -100 90 100 100 1 4 -88 90 -44 90 0 0 1
GAPS 0
TREE 27
1 27 47 30 128 1 1 1
2 47 -51 74 -8 0 1 0
3 37 -56 102 -35 0 0 3
4 65 6 119 70 0 0 2
5 52 8 84 16 1 2 0
6 -52 -41 -11 30 0 0 3
7 -20 -20 20 20 1 2 1
8 -25 45 48 90 1 0 0
9 -76 32 -7 105 1 2 2
10 25 -36 83 -10 0 2 2
11 86 40 100 125 1 1 0
12 -40 7 10 22 0 0 3
13 34 -57 54 -52 1 1 0
14 -20 -20 20 20 0 1 1
15 82 3 165 53 0 1 3
16 71 -28 76 -1 0 0 2
17 90 53 139 139 0 1 3
18 69 36 89 116 0 2 3
19 72 62 91 146 0 0 1
20 40 -83 57 -28 0 2 2
21 -20 -20 20 20 1 1 3
22 -35 -53 -20 0 1 2 3
23 -14 13 62 14 0 1 3
24 64 53 140 120 1 0 2
25 40 82 62 159 1 1 0
26 88 -14 91 59 0 2 1
27 48 26 106 111 1 1 1
REMOVE 2
INSERT 28 17 58 65 135
VISIT 27 8 23 12 14 21 7 9 22 6 10 28 11 13 3 5 15 24 17 19 18 26 27 4 16 20 25 1
COMPLETE -100 -100 100 100 57 8 128 51 0 1 19 1 -50 -50 50 50
RESULT 0
NEIGHBOURS 20 -35 69 58 4 3 37 -35 69 -35 0 1 18 69 36 69 58 1 2 28 20 58 65 58 2 3 14 20 -20 20 20 3 3 -1
GAPS 4 -100 -100 37 -20 20 -35 37 -20 69 -35 100 36 69 -35 69 36 65 58 69 100 65 58 69 58 -100 20 20 58 20 20 20 58
TREE 18
1 -50 -34 8 -22 0 1 1
2 -77 76 -70 130 0 0 0
3 -42 -67 -37 11 0 0 3
4 12 -81 63 -19 0 2 3
5 29 -58 37 15 0 2 1
6 88 -36 88 12 0 1 2
7 -20 -20 20 20 1 2 1
8 -41 -11 15 53 1 2 1
9 37 -66 40 -13 1 1 3
10 -83 29 -58 63 1 2 1
11 13 65 79 90 1 2 2
12 -7 -54 69 4 1 0 1
13 28 -26 39 5 0 2 1
14 -20 -20 20 20 1 0 1
15 36 -64 60 -53 1 1 1
16 -27 35 15 98 0 1 1
17 -1 -9 40 47 0 2 3
18 -5 66 17 107 0 1 1
REMOVE 14
INSERT 19 -86 -90 -3 -67
VISIT 18 10 2 19 3 6 11 17 13 12 5 9 15 4 18 16 8 7 1
COMPLETE -100 -100 100 100 75 25 75 25 0 1 5 0
RESULT 1 40 -19 100 100 75 25 75 25
NEIGHBOURS 40 -19 100 100 2 17 40 -9 40 47 3 3 4 40 -19 63 -19 3 0 1
GAPS 2 -100 47 40 100 40 47 40 100 -100 -19 40 -9 40 -19 40 -9
TREE 11
1 9 33 45 63 0 0 0
2 -23 -64 56 -26 1 1 0
3 8 61 32 115 1 2 1
4 -53 80 -36 93 1 1 0
5 74 67 94 101 0 0 2
6 62 40 149 73 1 2 3
7 -20 -20 20 20 1 1 3
8 -72 -8 -46 11 1 0 0
9 60 -34 94 38 0 0 0
10 45 -15 129 23 1 1 2
11 60 -89 70 -23 1 2 1
REMOVE 5
INSERT 12 21 -29 102 47
VISIT 11 8 10 12 9 7 11 2 4 3 6 1
COMPLETE -100 -100 100 100 -57 -6 -50 39 1 1 9 1 -50 -50 50 50
RESULT 1 -100 11 8 100 -57 11 -50 39
NEIGHBOURS -100 11 8 100 2 8 -72 11 -46 11 0 0 3 8 61 8 100 1 2 2
GAPS 2 -100 -100 -72 61 -100 11 -72 61 -46 -100 100 61 -46 11 8 61
TREE 5
1 22 18 59 37 1 1 0
2 57 -65 111 0 0 2 3
3 48 -65 117 -60 0 2 0
4 -29 84 57 162 1 2 2
5 -46 -47 -30 7 0 2 1
REMOVE 3
INSERT 6 26 -51 56 18
VISIT 5 5 6 2 4 1
COMPLETE -100 -100 100 100 -79 53 -71 85 1 1 1 0
RESULT 1 -100 -100 100 100 -79 53 -71 85
NEIGHBOURS -100 -100 100 100 0 0
GAPS 0
TREE 14
1 -71 -24 -70 50 1 1 1
2 -61 -43 -39 -23 1 0 0
3 -69 87 18 129 1 2 1
4 53 -37 142 43 0 1 2
5 -3 78 58 123 0 2 1
6 -89 5 -36 78 1 1 3
7 -20 -20 20 20 0 2 2
8 57 -69 133 -66 1 2 1
9 -54 -14 22 53 0 0 1
10 61 -54 98 -17 1 2 1
11 7 78 62 82 0 2 2
12 -28 34 51 87 0 0 1
13 15 -63 72 -57 0 1 0
14 -20 -20 20 20 1 0 1
REMOVE 8
INSERT 15 7 -78 34 -26
VISIT 14 15 13 10 4 2 11 5 3 6 12 9 14 7 1
COMPLETE -100 -100 100 100 -47 24 -47 24 1 1 4 1 -50 -50 50 50
RESULT 0
NEIGHBOURS -70 -23 -20 87 4 2 -61 -23 -39 -23 0 0 14 -20 -20 -20 20 1 1 3 -69 87 -20 87 1 2 1 -70 -23 -70 50 3 0 -1
GAPS 4 -70 -100 -61 -23 -70 -23 -61 -23 -39 -100 100 -20 -39 -23 -20 -20 -20 20 100 87 -20 20 -20 87 -100 50 -69 100 -70 50 -69 87
TREE 24
1 28 -84 98 -16 1 2 0
2 74 -41 127 26 1 2 2
3 -52 72 31 161 1 1 1
4 82 16 160 80 1 0 3
5 -5 82 67 98 1 0 2
6 -56 1 3 50 1 2 3
7 -20 -20 20 20 0 2 0
8 -71 27 -2 29 0 1 1
9 -77 17 2 40 0 2 0
10 47 -12 55 33 0 1 2
11 4 -6 72 39 1 1 2
12 -24 -56 58 -37 0 1 3
13 9 9 11 95 0 1 3
14 -20 -20 20 20 1 1 1
15 55 -12 59 68 0 0 3
16 27 -34 114 17 1 0 3
17 7 35 64 120 0 2 0
18 44 44 121 124 1 1 3
19 -58 -2 -42 47 0 2 0
20 -88 -44 -51 -33 1 1 0
21 -20 -20 20 20 0 0 0
22 10 28 62 115 1 0 3
23 -86 36 -21 71 1 2 3
24 -7 -85 54 -80 0 2 1
REMOVE 19
INSERT 25 -89 28 -66 67
VISIT 24 4 2 5 11 15 10 14 21 7 8 25 23 9 6 18 22 17 13 3 20 12 16 24 1
COMPLETE -100 -100 100 100 -36 76 -30 83 1 1 7 0
RESULT 0
NEIGHBOURS 1000 1000 2000 2000 0 0
GAPS 0
TREE 9
1 31 40 32 65 1 2 0
2 49 28 50 74 0 0 0
3 44 -10 100 44 1 0 2
4 20 50 52 114 1 0 0
5 42 -85 44 -25 1 1 0
6 -33 49 20 78 0 0 1
7 -20 -20 20 20 1 1 0
8 -90 3 -69 19 0 1 0
9 73 46 117 113 0 1 0
REMOVE 7
INSERT 10 2 -4 40 54
VISIT 9 9 3 8 10 6 2 4 5 1
COMPLETE -100 -100 100 100 34 29 98 104 0 1 9 1 -50 -50 50 50
RESULT 4 40 -100 49 100 40 29 49 100 50 -100 100 100 50 29 98 100 49 74 50 100 49 74 50 100 20 54 40 100 34 54 40 100
NEIGHBOURS 40 -100 49 100 2 2 49 28 49 74 1 1 10 40 -4 40 54 3 3 0
GAPS 2 40 -100 100 28 40 -100 49 28 -100 54 49 100 40 54 49 100
TREE 23
1 52 -81 126 2 0 1 0
2 70 59 96 142 1 1 2
3 -78 67 4 79 0 1 2
4 90 -54 92 -6 0 2 1
5 51 -55 62 -32 1 1 0
6 -27 41 10 76 0 1 2
7 -20 -20 20 20 0 2 1
8 -44 -85 23 -64 0 2 1
9 90 -90 136 -10 1 0 3
10 -60 -32 -60 -28 0 2 2
11 -19 -11 -4 18 1 0 1
12 -6 -17 19 9 0 1 0
13 -34 -90 55 -76 0 2 1
14 -20 -20 20 20 1 1 1
15 60 -68 135 -32 1 0 3
16 -34 -31 -13 2 0 0 2
17 8 77 78 110 1 2 0
18 -23 -85 55 -53 1 1 2
19 -1 60 85 87 1 2 0
20 62 7 85 45 1 2 1
21 -20 -20 20 20 0 1 3
22 50 65 62 87 1 2 2
23 17 -39 69 -4 0 0 1
REMOVE 20
INSERT 24 -75 41 -50 76
VISIT 23 24 6 3 22 19 17 2 13 18 8 10 16 11 23 12 14 21 7 4 5 9 15 1
COMPLETE -100 -100 100 100 4 32 4 32 0 1 10 0
RESULT 1 -50 20 100 100 4 32 4 32
NEIGHBOURS -50 20 100 100 2 7 -20 20 20 20 0 0 24 -50 41 -50 76 3 3 1
GAPS 2 -100 -100 -20 41 -50 20 -20 41 -100 76 -20 100 -50 76 -20 100
TREE 8
1 -84 -62 -10 -58 1 0 0
2 -15 24 -12 53 1 1 1
3 69 -85 142 -35 1 0 2
4 3 -41 74 26 0 0 1
5 75 60 118 113 1 2 3
6 22 -44 26 -2 0 2 3
7 -20 -20 20 20 0 2 3
8 -20 90 40 107 0 2 2
REMOVE 1
INSERT 9 51 -59 76 -30
VISIT 8 6 7 4 5 8 2 9 3
COMPLETE -100 -100 100 100 19 -33 21 45 1 1 8 1 -50 -50 50 50
RESULT 1 -12 -100 75 100 19 -33 21 45
NEIGHBOURS -12 -100 75 100 2 5 75 60 75 100 1 2 2 -12 24 -12 53 3 3 0
GAPS 2 -12 -100 100 60 -12 -100 75 60 -100 53 75 100 -12 53 75 100
TREE 24
1 -83 -8 -5 42 1 2 3
2 -77 23 -60 29 0 2 3
3 -69 -84 -15 -80 0 1 2
4 -42 -45 2 32 0 0 0
5 61 10 118 49 0 2 0
6 -4 -78 46 -8 1 1 1
7 -20 -20 20 20 0 2 2
8 -57 80 -5 167 1 1 1
9 -87 -84 -56 -76 1 0 2
10 9 1 38 2 0 2 3
11 -52 -84 -20 1 0 2 3
12 81 55 137 137 1 2 2
13 26 -90 105 -46 0 2 2
14 -20 -20 20 20 1 0 3
15 56 52 62 139 0 0 2
16 -74 -66 -2 9 1 0 1
17 60 -85 91 -56 0 2 0
18 -86 -55 -9 17 1 2 1
19 -44 -22 -23 63 1 2 0
20 -54 -43 -5 26 1 2 1
21 -20 -20 20 20 1 2 0
22 76 -32 149 -9 1 1 1
23 -67 78 -44 128 0 1 3
24 2 55 67 100 1 0 0
REMOVE 6
INSERT 25 -3 -42 73 10
VISIT 24 12 22 5 2 24 15 23 8 19 3 9 10 18 16 11 17 25 13 14 21 7 20 4 1
COMPLETE -100 -100 100 100 1 19 6 60 0 1 7 0
RESULT 2 2 10 61 100 2 19 6 60 -60 32 2 100 1 32 2 60
NEIGHBOURS 2 10 61 100 3 5 61 10 61 49 0 1 4 2 10 2 32 3 0 25 2 10 61 10 3 1 2
GAPS 1 -100 32 61 100 2 32 61 100
TREE 11
1 -22 11 35 61 1 0 3
2 -45 -52 1 -10 1 1 1
3 19 55 42 124 0 2 2
4 -12 40 71 68 0 1 1
5 -56 78 -24 142 0 0 1
6 15 10 75 82 0 0 2
7 -20 -20 20 20 1 0 1
8 68 -47 137 13 0 1 2
9 -86 23 -18 65 0 1 3
10 88 -89 152 -5 1 1 3
11 58 -37 108 48 0 1 2
REMOVE 2
INSERT 12 -40 -59 10 -45
VISIT 11 10 11 8 12 7 5 3 6 4 9 1
COMPLETE -100 -100 100 100 -57 -8 -57 -8 0 1 2 1 -50 -50 50 50
RESULT 1 -100 -45 100 40 -57 -8 -57 -8
NEIGHBOURS -100 -45 100 40 2 12 -40 -45 10 -45 0 0 4 -12 40 71 40 2 2 1
GAPS 2 -100 -100 -40 40 -100 -45 -40 40 71 -45 100 100 71 -45 100 40
TREE 13
1 81 -56 125 -33 0 0 3
2 -72 4 -12 51 0 1 3
3 16 7 71 30 0 2 2
4 50 -39 121 -7 1 2 0
5 -80 -17 -8 11 0 2 3
6 26 36 106 38 1 1 2
7 -20 -20 20 20 1 1 0
8 -8 -75 9 -56 0 1 3
9 87 44 115 45 0 2 1
10 35 -38 86 11 1 2 1
11 57 33 67 75 1 2 3
12 21 41 80 109 0 1 3
13 -28 12 -28 17 1 1 2
REMOVE 9
INSERT 14 -46 -33 12 -9
VISIT 13 6 12 11 3 14 7 5 13 2 10 4 8 1
COMPLETE -100 -100 100 100 46 -69 50 10 1 1 12 0
RESULT 2 -100 -100 50 -38 46 -69 50 -38 50 -100 100 -39 50 -69 50 -39
NEIGHBOURS -100 -100 50 -38 2 4 50 -39 50 -38 1 2 10 35 -38 50 -38 1 2 0
GAPS 0
TREE 5
1 50 -58 95 -29 1 2 0
2 64 64 82 88 1 0 3
3 -73 83 -19 95 0 2 2
4 -36 -9 -33 18 1 0 1
5 29 63 104 93 1 2 3
REMOVE 2
INSERT 6 36 -1 63 33
VISIT 5 3 5 4 6 1
COMPLETE -100 -100 100 100 60 -59 79 -28 0 1 2 1 -50 -50 50 50
RESULT 1 -100 -100 100 -1 60 -59 79 -28
NEIGHBOURS -100 -100 100 -1 1 6 36 -1 63 -1 2 2 0
GAPS 0
TREE 6
1 -26 -64 4 -40 0 0 2
2 -18 66 -5 72 1 1 1
3 -4 -85 62 -76 1 0 0
4 -6 22 77 91 0 0 0
5 -30 90 54 159 0 1 0
6 -38 72 -27 135 0 0 3
REMOVE 4
INSERT 7 -49 34 -39 103
VISIT 6 5 7 6 2 3 1
COMPLETE -100 -100 100 100 36 27 36 27 0 1 4 0
RESULT 1 -27 -100 100 100 36 27 36 27
NEIGHBOURS -27 -100 100 100 1 6 -27 72 -27 100 2 3 0
GAPS 0
TREE 17
1 44 -77 81 9 0 2 0
2 -2 -42 51 24 1 2 3
3 -74 87 -51 175 0 0 1
4 -63 -71 -55 -29 0 2 2
5 -72 54 -62 107 1 2 2
6 14 -59 82 24 1 2 1
7 -20 -20 20 20 1 0 2
8 -10 -4 71 32 1 1 2
9 46 12 74 18 0 2 1
10 82 -73 103 8 0 0 1
11 79 87 102 124 0 2 0
12 -50 74 -3 99 0 0 1
13 11 -55 32 -20 0 2 2
14 -20 -20 20 20 0 0 2
15 44 39 69 77 1 0 1
16 77 -19 146 64 1 2 1
17 -50 -19 33 -2 0 2 2
REMOVE 5
INSERT 18 -70 53 -19 141
VISIT 17 4 18 3 12 14 17 7 2 8 9 13 6 11 16 10 15 1
COMPLETE -100 -100 100 100 -41 74 7 135 1 1 15 1 -50 -50 50 50
RESULT 1 -100 24 77 100 -41 74 7 135
NEIGHBOURS -100 24 44 100 3 2 -2 24 44 24 0 1 6 14 24 44 24 0 1 15 44 39 44 77 1 1 2
GAPS 2 -100 -100 -2 39 -100 24 -2 39 44 24 100 39 44 24 44 39
TREE 8
1 89 -30 174 26 0 1 3
2 22 27 36 111 0 1 2
3 -71 -19 14 15 1 0 3
4 28 87 111 159 1 0 1
5 -3 -84 47 -58 1 0 0
6 85 -28 152 -2 0 0 2
7 -20 -20 20 20 1 1 1
8 20 7 99 17 0 0 2
REMOVE 4
INSERT 9 84 -54 132 -24
VISIT 8 2 5 7 3 9 6 8 1
COMPLETE -100 -100 100 100 -16 88 67 175 0 1 2 0
RESULT 1 -100 -24 100 100 -16 88 67 175
NEIGHBOURS -100 -24 100 100 1 9 84 -24 100 -24 0 1 1
GAPS 0
TREE 16
1 -48 73 30 133 1 1 0
2 -29 -43 6 -7 0 1 3
3 -76 -89 -18 -9 1 1 2
4 55 15 139 55 1 1 3
5 -56 66 -9 78 0 1 1
6 53 5 100 13 1 2 0
7 -20 -20 20 20 0 0 3
8 29 56 74 79 0 1 1
9 11 3 91 56 0 2 3
10 78 26 118 71 0 0 2
11 -72 40 -67 46 0 0 2
12 54 -72 63 -47 0 2 0
13 69 22 95 34 0 2 3
14 -20 -20 20 20 1 0 0
15 -47 -78 13 -30 1 1 2
16 -6 -40 50 22 0 1 1
REMOVE 3
INSERT 17 24 8 71 55
VISIT 16 14 16 7 12 15 2 6 8 17 9 10 13 4 11 5 1
COMPLETE -100 -100 100 100 76 18 76 18 1 1 8 1 -50 -50 50 50
RESULT 1 20 13 100 100 76 18 76 18
NEIGHBOURS 20 13 100 100 2 6 53 13 100 13 0 1 14 20 13 20 20 3 0 1
GAPS 2 20 -100 53 13 20 13 53 13 -100 20 53 100 20 20 53 100
TREE 17
1 -75 31 -65 51 1 0 3
2 79 27 154 97 0 0 1
3 86 -42 156 26 1 1 1
4 76 47 150 104 1 0 1
5 -5 43 41 88 0 0 0
6 11 -47 84 -16 0 2 2
7 -20 -20 20 20 1 2 0
8 -15 -44 -4 -5 1 1 0
9 -75 25 -51 43 1 0 3
10 -39 19 -3 47 1 2 3
11 -70 0 2 19 0 0 3
12 -71 -33 15 -33 1 0 3
13 7 -87 69 -59 0 0 0
14 -20 -20 20 20 1 0 2
15 55 -21 126 -6 1 0 0
16 57 -63 96 5 1 1 3
17 49 -73 137 -50 0 1 2
REMOVE 10
INSERT 18 -89 60 -57 131
VISIT 17 8 7 13 16 6 17 15 3 4 2 18 5 12 14 11 9 1
COMPLETE -100 -100 100 100 -72 -88 -61 -46 1 1 13 0
RESULT 1 -100 -100 -20 -33 -72 -88 -61 -46
NEIGHBOURS -100 -100 -20 -33 1 12 -71 -33 -20 -33 1 2 0
GAPS 0
TREE 15
1 0 -46 55 0 1 2 2
2 -76 87 2 120 0 2 3
3 -68 -47 -47 -11 1 2 1
4 -1 -62 45 -53 1 1 1
5 42 33 57 49 0 2 1
6 5 4 25 72 1 2 3
7 -20 -20 20 20 0 2 0
8 11 -74 75 -27 1 1 1
9 38 -37 97 -17 1 2 1
10 -63 -7 -14 72 0 2 0
11 -83 19 -7 63 0 1 3
12 21 -90 35 -88 1 2 1
13 -46 90 2 137 1 2 0
14 -20 -20 20 20 0 0 3
15 -50 24 18 95 1 2 2
REMOVE 14
INSERT 16 5 34 56 54
VISIT 15 13 2 15 11 10 3 9 8 12 4 6 16 5 7 1
COMPLETE -100 -100 100 100 -36 22 9 105 0 1 9 1 -50 -50 50 50
RESULT 5 2 20 5 100 2 22 5 100 5 20 42 34 5 22 9 34 5 54 100 100 5 54 9 100 -14 20 2 87 -14 22 2 87 -100 72 -14 87 -36 72 -14 87
NEIGHBOURS 2 20 5 100 3 16 5 34 5 54 1 1 2 2 87 2 100 2 3 7 2 20 5 20 3 1 2
GAPS 3 5 20 100 34 5 20 5 34 2 54 100 100 2 54 5 100 -100 20 2 87 2 20 2 87
TREE 23
1 50 -32 106 -28 1 1 3
2 -30 25 59 90 1 0 3
3 63 64 102 91 1 0 1
4 20 -75 56 -39 0 2 1
5 20 80 78 122 1 0 0
6 -64 -75 -26 -66 1 0 3
7 -20 -20 20 20 1 1 0
8 27 76 100 117 0 2 1
9 -66 4 -61 45 1 2 0
10 86 -18 170 41 0 0 1
11 5 66 58 86 0 1 0
12 -59 -71 2 -7 1 0 1
13 -38 53 28 60 0 2 0
14 -20 -20 20 20 0 1 3
15 -41 20 -31 66 0 2 2
16 26 -11 78 53 0 1 0
17 -29 -3 -25 31 0 2 1
18 -64 30 -31 63 1 2 1
19 -9 80 56 107 1 2 2
20 38 -83 67 -78 0 1 3
21 -20 -20 20 20 0 0 3
22 70 -14 133 -14 0 0 1
23 72 18 121 58 1 1 2
REMOVE 7
INSERT 24 80 11 126 22
VISIT 23 8 19 5 3 9 16 22 23 24 10 14 17 21 11 13 18 15 2 12 6 20 4 1
COMPLETE -100 -100 100 100 -15 -56 -15 -56 1 1 21 0
RESULT 0
NEIGHBOURS 1000 1000 2000 2000 0 0
GAPS 0
TREE 25
1 3 -28 26 51 0 0 3
2 14 -71 56 -29 0 0 3
3 36 -13 41 12 0 0 3
4 -11 -12 1 66 0 0 0
5 28 39 75 59 0 0 1
6 -26 66 10 134 0 2 3
7 -20 -20 20 20 1 0 2
8 29 -58 81 -54 1 0 3
9 -17 0 47 24 0 1 3
10 50 80 105 121 1 1 1
11 -76 -53 -27 -25 0 1 2
12 86 -82 98 -80 1 0 2
13 -46 -7 29 1 0 1 1
14 -20 -20 20 20 0 2 2
15 -26 -29 -18 57 0 0 2
16 33 -33 99 -17 0 1 3
17 -84 -23 -74 17 1 2 0
18 -19 23 10 62 1 1 2
19 -43 9 -14 27 1 1 1
20 -10 81 40 121 0 1 0
21 -20 -20 20 20 0 1 2
22 42 45 81 87 0 1 2
23 -26 2 40 72 1 1 2
24 32 40 114 94 1 1 1
25 -20 -56 7 5 1 2 1
REMOVE 2
INSERT 26 -33 -18 -4 70
VISIT 25 12 8 11 20 10 24 22 23 5 9 16 3 6 18 25 26 4 13 14 17 19 7 15 21 1
COMPLETE -100 -100 100 100 41 2 118 9 1 1 12 1 -50 -50 50 50
RESULT 1 7 -54 100 40 41 2 118 9
NEIGHBOURS 7 -54 100 40 3 8 29 -54 81 -54 0 0 24 32 40 100 40 1 2 25 7 -54 7 5 3 0 1
GAPS 3 7 -100 29 -54 7 -54 29 -54 81 -100 100 40 81 -54 100 40 -100 5 32 100 7 5 32 40
TREE 12
1 7 25 90 80 1 1 2
2 2 -61 81 -4 0 2 0
3 3 -7 70 -6 0 2 3
4 -15 36 3 58 1 2 0
5 -42 -26 -26 33 1 0 1
6 -27 11 -5 99 0 0 0
7 -20 -20 20 20 1 2 1
8 87 -84 162 -64 1 0 3
9 23 63 40 89 0 1 3
10 16 -68 101 -16 0 1 0
11 -61 35 19 47 1 1 3
12 24 63 30 127 1 1 2
REMOVE 3
INSERT 13 25 -47 113 -36
VISIT 12 7 5 8 13 10 2 6 12 4 9 11 1
COMPLETE -100 -100 100 100 -5 -15 50 1 0 1 11 0
RESULT 2 -100 -36 2 11 -5 -15 2 1 2 -4 100 100 2 -4 50 1
NEIGHBOURS -100 -36 2 11 2 2 2 -36 2 -4 0 1 6 -27 11 -5 11 2 2 0
GAPS 2 -100 -100 2 11 -100 -36 2 11 -5 -4 100 100 -5 -4 2 11
TREE 15
1 77 -47 154 -19 1 0 3
2 -64 -61 9 -34 1 2 1
3 58 -10 143 76 0 2 2
4 -13 58 54 145 0 1 2
5 24 -75 41 -57 0 0 1
6 -28 -2 2 21 0 0 3
7 -20 -20 20 20 1 2 0
8 35 49 112 96 0 1 0
9 -19 34 59 71 0 2 3
10 -21 -65 58 -14 1 0 2
11 4 46 92 123 0 1 0
12 33 16 70 94 1 2 3
13 -55 -12 13 75 1 2 3
14 -20 -20 20 20 1 2 2
15 -67 -34 14 41 1 0 2
REMOVE 1
INSERT 16 -44 73 1 116
VISIT 15 5 10 2 14 7 15 13 6 9 12 11 16 4 8 3
COMPLETE -100 -100 100 100 76 66 76 66 1 1 8 1 -50 -50 50 50
RESULT 1 70 -34 100 100 76 66 76 66
NEIGHBOURS 70 -34 100 100 1 12 70 16 70 94 3 3 0
GAPS 0
TREE 5
1 -60 -78 4 -54 1 0 2
2 -17 82 -11 144 0 1 0
3 55 -5 103 7 0 1 0
4 -83 -70 -46 -31 1 2 0
5 -90 -71 -65 -32 0 2 0
REMOVE 5
INSERT 6 -1 -14 77 61
VISIT 5 2 6 3 4 1
COMPLETE -100 -100 100 100 -52 -73 12 -49 1 1 2 0
RESULT 2 -46 -100 100 100 -46 -73 12 -49 -100 -100 -46 -70 -52 -73 -46 -70
NEIGHBOURS -46 -100 100 100 1 4 -46 -70 -46 -31 3 3 0
GAPS 0
TREE 23
1 63 -24 89 58 1 1 1
2 78 -63 93 -23 0 1 3
3 45 36 47 70 0 1 3
4 12 57 71 146 1 0 3
5 28 -66 51 18 1 0 0
6 -78 -33 6 8 0 0 2
7 -20 -20 20 20 1 0 0
8 -19 -59 -10 -40 0 2 2
9 -19 13 31 48 0 1 2
10 4 10 65 28 1 2 1
11 39 -90 60 -59 0 1 0
12 82 63 115 105 0 1 1
13 2 -29 34 23 0 0 3
14 -20 -20 20 20 1 1 1
15 58 -70 143 -42 1 0 2
16 89 53 101 84 1 2 1
17 80 82 151 95 0 1 2
18 -57 65 -33 89 0 2 2
19 36 -31 103 52 0 2 1
20 54 3 128 88 0 0 3
21 -20 -20 20 20 1 0 2
22 -5 66 22 79 0 1 2
23 39 -75 40 -8 0 2 3
REMOVE 23
INSERT 24 -81 78 -60 142
VISIT 23 8 10 9 13 14 21 7 22 24 18 6 2 16 17 12 4 3 11 5 15 20 19 1
COMPLETE -100 -100 100 100 -61 -32 -58 20 0 1 6 1 -50 -50 50 50
RESULT 1 -100 -100 2 78 -61 -32 -58 20
NEIGHBOURS -100 -100 2 78 2 13 2 -29 2 23 1 1 24 -81 78 -60 78 2 2 0
GAPS 2 -60 -100 100 -29 -60 -100 2 -29 -60 23 100 100 -60 23 2 78
TREE 16
1 -36 -28 -18 0 1 2 2
2 -18 -73 -5 -37 0 2 2
3 -1 11 20 85 1 0 2
4 -54 38 -1 51 0 2 3
5 62 19 75 26 0 1 0
6 50 -49 112 -24 1 1 1
7 -20 -20 20 20 1 1 2
8 57 43 80 79 1 2 0
9 -76 62 -45 134 0 0 0
10 67 -90 138 -56 1 1 1
11 -67 -54 -36 33 1 1 1
12 -76 -10 -32 11 1 0 3
13 24 -76 30 -47 1 2 0
14 -20 -20 20 20 1 1 3
15 -34 25 11 63 0 1 0
16 88 -79 110 10 1 0 1
REMOVE 4
INSERT 17 31 79 100 103
VISIT 16 3 2 17 8 5 9 15 13 10 16 6 14 7 12 11 1
COMPLETE -100 -100 100 100 -39 63 -39 63 0 1 3 0
RESULT 1 -45 -100 31 100 -39 63 -39 63
NEIGHBOURS -45 -100 31 100 2 17 31 79 31 100 1 2 9 -45 62 -45 100 2 3 0
GAPS 1 -45 -100 100 79 -45 -100 31 79
TREE 14
1 81 -12 100 -8 1 0 1
2 29 3 91 55 0 2 2
3 -53 85 -24 93 1 0 1
4 -2 9 29 17 1 1 2
5 70 -85 103 -62 0 1 0
6 -46 -41 0 -11 1 0 3
7 -20 -20 20 20 1 0 3
8 -1 -53 70 7 0 1 3
9 27 -37 96 35 0 1 0
10 -24 7 45 30 0 0 2
11 -4 -53 5 -5 1 2 3
12 -83 50 -59 65 0 2 0
13 47 -86 125 -24 1 0 1
14 -20 -20 20 20 0 1 0
REMOVE 1
INSERT 15 62 79 81 113
VISIT 14 7 6 12 3 11 8 10 14 4 9 15 2 13 5
COMPLETE -100 -100 100 100 69 -33 113 29 0 1 10 1 -50 -50 50 50
RESULT 1 -59 -100 100 79 69 -33 113 29
NEIGHBOURS -59 -100 100 79 2 15 62 79 81 79 2 2 12 -59 50 -59 65 3 3 0
GAPS 2 81 65 100 100 81 65 100 79 -100 65 62 100 -59 65 62 79
TREE 14
1 2 35 4 123 1 0 2
2 -60 44 11 97 0 2 2
3 19 -15 108 35 1 2 2
4 66 36 137 42 1 0 3
5 -60 -61 -7 -39 1 0 1
6 43 -2 68 76 0 1 0
7 -20 -20 20 20 0 2 3
8 13 -13 83 75 1 1 2
9 -80 -75 -59 -13 1 0 3
10 12 -13 63 76 1 1 0
11 -20 -18 27 -18 0 1 0
12 2 -37 68 -33 0 2 0
13 34 -24 119 -12 1 1 3
14 -20 -20 20 20 1 2 0
REMOVE 13
INSERT 15 -2 -11 78 17
VISIT 14 11 14 7 9 5 2 4 6 10 12 15 8 3 1
COMPLETE -100 -100 100 100 85 9 141 71 1 1 1 0
RESULT 2 20 -100 100 36 85 9 100 36 20 42 100 100 85 42 100 71
NEIGHBOURS 20 -100 100 36 2 4 66 36 100 36 1 2 14 20 -20 20 20 3 3 0
GAPS 2 20 -100 100 36 20 -100 100 36 -100 20 66 100 20 20 66 36
TREE 24
1 -1 57 73 61 1 0 0
2 65 20 111 44 0 1 0
3 21 -66 27 4 1 1 2
4 -22 -72 -17 -3 1 0 1
5 85 17 112 51 0 2 1
6 -82 77 -58 107 1 2 0
7 -20 -20 20 20 0 1 0
8 -48 35 19 91 1 2 2
9 52 44 54 82 0 1 1
10 20 7 70 21 0 0 3
11 -66 52 -61 79 1 1 0
12 11 1 72 16 0 0 1
13 -56 27 -6 78 0 2 1
14 -20 -20 20 20 0 2 3
15 24 24 75 87 1 2 0
16 50 -57 83 13 1 1 1
17 -88 67 -57 120 1 0 1
18 17 6 17 17 0 1 2
19 -19 46 -9 59 0 0 3
20 28 -40 116 -21 1 1 1
21 -20 -20 20 20 0 2 1
22 25 -38 27 6 0 0 3
23 -56 -34 14 19 0 2 0
24 67 90 122 95 1 2 1
REMOVE 24
INSERT 25 -77 -11 -68 26
VISIT 24 14 21 25 23 7 4 20 16 22 3 5 18 12 10 2 11 17 6 15 9 13 19 8 1
COMPLETE -100 -100 100 100 55 5 55 5 0 1 9 1 -50 -50 50 50
RESULT 0
NEIGHBOURS 1000 1000 2000 2000 0 0
GAPS 0
TREE 16
1 -39 30 -26 77 0 0 1
2 69 18 112 77 0 2 1
3 6 -39 78 -32 0 1 3
4 24 -69 102 14 1 1 2
5 86 61 91 90 1 2 2
6 68 20 97 47 1 2 3
7 -20 -20 20 20 0 2 3
8 -25 18 -7 58 1 2 2
9 89 -62 170 3 0 1 3
10 -87 42 -75 110 1 0 2
11 18 -5 57 17 0 2 2
12 42 60 108 120 0 0 0
13 35 -80 89 -78 1 1 1
14 -20 -20 20 20 0 2 0
15 62 -8 67 -2 0 1 2
16 9 -13 82 60 1 0 0
REMOVE 11
INSERT 17 78 54 124 88
VISIT 16 8 14 16 7 9 13 15 4 3 12 5 6 17 2 10 1
COMPLETE -100 -100 100 100 -19 -31 27 5 1 1 7 0
RESULT 2 -100 -100 9 100 -19 -31 9 5 9 -78 100 -13 9 -31 27 -13
NEIGHBOURS -100 -100 9 100 1 16 9 -13 9 60 1 1 0
GAPS 0
TREE 21
1 -88 41 -69 100 1 2 2
2 -90 64 -87 112 1 0 0
3 23 46 107 63 0 2 1
4 60 -72 90 4 1 2 1
5 28 -64 96 -33 0 0 2
6 19 -69 87 -41 1 1 1
7 -20 -20 20 20 1 2 3
8 45 -26 124 -21 1 0 3
9 -51 -82 18 -49 0 0 2
10 19 59 75 134 1 1 1
11 -80 46 -79 62 1 2 2
12 53 56 86 138 0 0 0
13 65 -2 109 21 1 2 0
14 -20 -20 20 20 1 0 1
15 67 4 75 79 0 1 0
16 -11 -36 63 -30 1 0 2
17 72 54 79 65 1 2 3
18 -36 -88 19 -54 1 1 0
19 -50 78 -37 143 1 2 0
20 85 -88 104 -65 1 1 3
21 -20 -20 20 20 0 1 1
REMOVE 10
INSERT 22 -19 -14 42 47
VISIT 21 2 13 14 21 7 18 9 16 20 6 8 5 4 22 15 17 12 19 3 11 1
COMPLETE -100 -100 100 100 12 88 44 92 1 1 18 1 -50 -50 50 50
RESULT 1 -37 21 72 100 12 88 44 92
NEIGHBOURS -37 21 72 100 3 13 65 21 72 21 0 1 17 72 54 72 65 1 1 19 -37 78 -37 100 2 3 2
GAPS 3 -100 -100 65 78 -37 21 65 78 72 21 100 54 72 21 72 54 -37 65 100 100 -37 65 72 100
TREE 9
1 84 18 108 74 1 1 3
2 -59 71 18 93 0 2 0
3 -58 52 -23 78 1 1 2
4 75 19 126 41 0 1 0
5 -20 -22 -9 31 1 1 0
6 56 -1 65 18 1 0 0
7 -20 -20 20 20 0 1 1
8 55 -4 70 76 1 1 0
9 -43 16 -2 61 1 2 0
REMOVE 6
INSERT 10 -26 -55 -21 4
VISIT 9 7 10 5 9 3 2 8 4 1
COMPLETE -100 -100 100 100 -78 42 -78 42 1 1 7 0
RESULT 1 -100 -100 -43 100 -78 42 -78 42
NEIGHBOURS -100 -100 -43 100 1 9 -43 16 -43 61 1 1 0
GAPS 0
TREE 26
1 -72 79 17 111 0 1 3
2 -75 -82 -42 -80 1 1 1
3 64 62 132 114 1 1 2
4 7 -31 21 -13 0 1 2
5 -45 -51 -19 4 0 2 2
6 -45 -51 -43 17 1 1 3
7 -20 -20 20 20 0 2 2
8 86 71 160 85 0 1 0
9 -37 -45 45 -9 0 0 2
10 -74 43 -42 118 0 1 3
11 -60 19 6 67 0 2 1
12 16 -39 88 37 1 0 3
13 84 41 137 121 0 1 0
14 -20 -20 20 20 1 2 2
15 -27 -62 43 13 0 0 2
16 56 18 77 44 1 1 2
17 -86 -9 -14 34 0 0 0
18 -21 -54 23 -25 1 2 1
19 -67 29 -21 86 0 1 1
20 -59 38 26 112 1 2 2
21 -20 -20 20 20 0 1 3
22 -76 -49 6 35 1 0 3
23 -62 -48 -35 38 1 1 1
24 -10 -49 70 -16 0 1 3
25 -1 -45 6 5 0 2 0
26 31 -71 84 -37 1 1 3
REMOVE 23
INSERT 27 -75 -79 -38 1
VISIT 26 6 27 22 17 5 12 14 18 26 24 25 15 21 7 9 4 2 8 13 16 3 10 19 20 11 1
COMPLETE -100 -100 100 100 -52 90 -18 131 1 1 19 1 -50 -50 50 50
RESULT 1 -100 37 100 100 -52 90 -18 131
NEIGHBOURS -100 37 100 100 1 12 16 37 88 37 0 0 1
GAPS 0
TREE 22
1 83 45 113 92 1 0 3
2 38 42 65 69 0 2 1
3 -22 -54 23 -14 1 0 2
4 10 75 57 118 0 1 2
5 50 45 109 78 0 1 2
6 30 7 81 67 0 1 1
7 -20 -20 20 20 0 0 2
8 45 -82 113 2 1 1 3
9 -70 -16 7 -11 1 0 2
10 28 -23 58 33 0 2 3
11 68 78 83 166 1 0 0
12 41 -84 103 -15 0 2 0
13 67 -25 136 59 0 0 1
14 -20 -20 20 20 1 0 3
15 -40 44 -20 88 1 1 3
16 30 -58 91 -7 1 2 2
17 4 -53 49 27 0 2 0
18 12 36 89 101 0 0 3
19 -69 -34 15 17 0 2 3
20 -57 -85 -20 -64 0 2 0
21 -20 -20 20 20 1 0 3
22 14 11 63 73 0 2 0
REMOVE 15
INSERT 23 15 -50 35 -23
VISIT 22 19 9 14 21 7 20 3 4 16 23 17 10 18 22 6 2 12 8 13 5 11 1
COMPLETE -100 -100 100 100 52 -12 53 14 0 1 18 0
RESULT 0
NEIGHBOURS 1000 1000 2000 2000 0 0
GAPS 0
TREE 17
1 -90 -47 -76 -20 0 0 3
2 -57 -6 -50 40 0 1 1
3 -29 -86 17 -81 1 2 2
4 -66 -3 16 40 1 0 3
5 82 85 107 91 0 1 2
6 -46 -14 -21 55 0 1 1
7 -20 -20 20 20 0 0 2
8 76 79 97 116 0 1 3
9 77 82 122 82 0 1 1
10 87 10 120 78 1 0 2
11 43 12 104 51 1 1 3
12 16 -69 104 -24 1 1 2
13 -11 -27 69 -11 1 2 2
14 -20 -20 20 20 0 2 0
15 43 3 49 86 1 1 3
16 25 50 68 95 0 0 2
17 54 -15 71 34 0 0 3
REMOVE 10
INSERT 18 39 -68 90 -7
VISIT 17 8 9 16 15 11 5 6 13 14 17 7 4 2 18 12 3 1
COMPLETE -100 -100 100 100 -45 35 -45 35 1 1 14 1 -50 -50 50 50
RESULT 0
NEIGHBOURS 1000 1000 2000 2000 0 0
GAPS 0
TREE 26
1 61 0 91 49 0 0 1
2 88 1 129 79 1 1 3
3 -56 -75 -3 -25 1 0 3
4 83 -26 135 43 1 0 3
5 8 34 13 107 0 1 0
6 18 2 18 68 0 1 2
7 -20 -20 20 20 0 1 3
8 14 7 17 87 0 2 3
9 10 32 20 66 1 0 0
10 41 -23 126 12 1 2 3
11 71 90 107 107 0 2 1
12 6 30 93 67 1 2 0
13 -84 -40 -6 43 0 0 1
14 -20 -20 20 20 0 1 0
15 -86 79 -24 125 0 1 1
16 -29 36 10 116 0 2 1
17 -1 36 58 123 0 2 0
18 -42 29 -4 114 1 1 2
19 29 -23 29 25 0 1 3
20 -76 -42 -59 -9 1 0 2
21 -20 -20 20 20 0 1 2
22 17 28 46 68 1 0 3
23 -12 -60 -12 -36 1 0 1
24 -8 36 36 57 1 0 3
25 79 90 146 164 1 2 2
26 57 30 64 90 1 2 3
REMOVE 20
INSERT 27 82 -11 167 50
VISIT 26 10 27 4 25 11 2 14 19 21 7 18 16 15 13 23 3 9 8 6 5 26 17 22 24 12 1
COMPLETE -100 -100 100 100 9 -2 97 28 1 1 0 0
RESULT 4 -100 -25 17 30 9 -2 17 28 17 -25 41 28 17 -2 41 28 46 12 83 30 46 12 83 28 41 12 46 28 41 12 46 28
NEIGHBOURS -100 -25 17 30 3 3 -56 -25 -3 -25 0 0 22 17 28 17 30 1 2 12 6 30 17 30 1 2 3
GAPS 2 -100 -100 -56 30 -100 -25 -56 30 -3 -100 100 28 -3 -25 17 28
TREE 7
1 -72 -44 -7 -36 1 0 1
2 -46 67 -31 120 0 2 2
3 52 -41 90 41 0 2 2
4 -14 -57 -12 -6 1 2 1
5 7 81 29 111 1 1 1
6 -83 54 -18 91 1 2 1
7 -20 -20 20 20 0 2 3
REMOVE 2
INSERT 8 -85 -38 -82 -27
VISIT 7 5 6 3 7 4 8 1
COMPLETE -100 -100 100 100 47 -58 125 -28 0 1 1 1 -50 -50 50 50
RESULT 1 20 -100 100 100 47 -58 125 -28
NEIGHBOURS 20 -100 100 100 1 7 20 -20 20 20 3 3 0
GAPS 0
TREE 6
1 -67 65 21 95 1 1 1
2 51 0 91 58 0 2 1
3 24 16 58 72 1 0 1
4 -68 -23 15 -18 1 0 1
5 56 -13 65 73 0 0 1
6 19 -27 26 -26 0 0 2
REMOVE 4
INSERT 7 -70 59 -26 97
VISIT 6 3 5 2 6 7 1
COMPLETE -100 -100 100 100 -60 62 -60 62 1 1 5 0
RESULT 1 -100 -100 24 65 -60 62 -60 62
NEIGHBOURS -100 -100 24 65 2 3 24 16 24 65 1 2 1 -67 65 21 65 2 2 0
GAPS 2 21 -100 100 16 21 -100 24 16 21 65 24 100 21 65 24 65
TREE 21
1 -58 43 -54 118 0 2 2
2 -76 -32 -39 -31 1 1 2
3 -15 47 -6 81 1 0 2
4 -47 8 41 72 0 0 1
5 68 -13 73 4 0 0 0
6 83 36 160 122 1 0 0
7 -20 -20 20 20 0 1 1
8 46 -53 95 -53 0 0 2
9 -17 46 -3 108 0 1 2
10 52 -35 124 -31 1 1 2
11 47 -18 109 65 0 1 3
12 -46 9 -41 43 0 1 3
13 -88 -3 -9 65 1 2 1
14 -20 -20 20 20 1 2 2
15 3 29 78 62 1 1 1
16 51 -6 104 36 0 2 2
17 -66 -3 6 47 0 1 1
18 -41 57 19 142 1 1 1
19 49 2 86 76 0 1 2
20 -68 -67 -27 -14 0 2 1
21 -20 -20 20 20 1 1 3
REMOVE 17
INSERT 22 -52 48 -43 95
VISIT 21 14 21 7 5 20 8 10 2 16 19 11 12 13 15 4 6 22 18 9 3 1
COMPLETE -100 -100 100 100 14 19 95 81 0 1 8 1 -50 -50 50 50
RESULT 0
NEIGHBOURS 41 4 100 100 2 5 68 4 73 4 0 0 4 41 8 41 72 3 3 1
GAPS 2 -100 -100 68 8 41 4 68 8 -100 72 68 100 41 72 68 100
TREE 13
1 -70 -22 -27 9 0 0 1
2 -54 -47 -36 -1 1 0 3
3 -4 42 31 106 1 1 1
4 -65 -56 -26 -7 0 2 1
5 -32 17 -30 60 1 0 0
6 41 57 124 104 0 2 0
7 -20 -20 20 20 0 0 0
8 41 -76 60 -67 0 0 2
9 -34 41 14 58 1 0 3
10 -37 83 -3 153 1 2 3
11 74 74 130 143 1 2 3
12 -77 18 1 33 1 1 1
13 37 28 57 68 1 1 0
REMOVE 5
INSERT 14 -70 39 -37 75
VISIT 13 8 4 2 11 6 13 3 14 9 10 7 12 1
COMPLETE -100 -100 100 100 26 16 79 59 0 1 7 0
RESULT 2 -26 -100 41 100 26 16 41 59 41 -100 100 57 41 16 79 57
NEIGHBOURS 20 -100 41 100 2 6 41 57 41 100 1 2 7 20 -20 20 20 3 3 0
GAPS 2 20 -100 100 57 20 -100 41 57 -100 20 41 100 20 20 41 100
TREE 22
1 23 75 51 164 0 2 1
2 9 -25 9 -24 0 0 1
3 60 -46 96 -7 1 0 3
4 59 -76 97 -42 1 1 1
5 -47 -23 -43 55 1 1 3
6 -66 -22 -7 47 0 2 1
7 -20 -20 20 20 1 0 2
8 -2 -75 18 -46 0 2 0
9 4 -20 23 29 1 2 2
10 -82 19 4 67 1 2 2
11 -64 14 -20 37 0 1 3
12 27 33 53 119 0 0 3
13 -80 69 -7 90 1 0 2
14 -20 -20 20 20 0 0 1
15 -10 -13 57 17 1 2 2
16 9 -13 95 35 0 1 2
17 51 25 81 37 1 1 1
18 12 -60 91 -38 0 2 1
19 -32 -44 56 -8 1 0 2
20 45 66 84 132 0 0 3
21 -20 -20 20 20 0 1 1
22 56 83 78 147 0 2 1
REMOVE 13
INSERT 23 80 -84 86 -1
VISIT 22 8 18 23 4 17 16 15 19 3 10 11 6 5 9 14 21 7 2 22 20 12 1
COMPLETE -100 -100 100 100 -17 50 -17 50 0 1 14 1 -50 -50 50 50
RESULT 1 -100 47 23 100 -17 50 -17 50
NEIGHBOURS -100 47 23 100 2 6 -66 47 -7 47 0 0 1 23 75 23 100 1 2 2
GAPS 2 -100 -100 -66 75 -100 47 -66 75 -7 -100 100 75 -7 47 23 75
TREE 20
1 83 -82 146 -80 1 1 0
2 79 20 120 65 1 2 1
3 50 -80 66 -24 0 2 2
4 57 36 142 96 1 0 2
5 0 -22 0 3 1 0 0
6 52 -25 69 -7 1 1 1
7 -20 -20 20 20 0 1 3
8 -12 17 -4 49 1 2 2
9 45 -55 103 17 1 1 1
10 86 55 123 108 1 1 2
11 -36 46 -30 111 0 2 2
12 -73 -51 2 37 0 1 3
13 -85 77 2 118 0 1 2
14 -20 -20 20 20 0 2 3
15 -72 -78 -8 -76 1 2 3
16 77 -2 160 53 0 1 0
17 -90 -83 -21 -62 0 0 0
18 -45 -73 -9 -17 0 2 0
19 -18 -61 -3 -50 0 1 2
20 -56 54 -23 76 0 0 2
REMOVE 9
INSERT 21 19 -76 51 -5
VISIT 20 10 13 20 11 4 2 17 15 19 18 12 14 21 7 8 5 16 6 3 1
COMPLETE -100 -100 100 100 -31 -81 3 -44 0 1 17 0
RESULT 2 -9 -100 19 -20 -9 -81 3 -44 -100 -100 -9 -73 -31 -81 -9 -73
NEIGHBOURS -9 -100 19 -20 3 21 19 -76 19 -20 1 2 14 -9 -20 19 -20 1 3 18 -9 -73 -9 -20 2 3 0
GAPS 1 -9 -100 100 -76 -9 -100 19 -76
TREE 24
1 18 -17 57 -14 1 1 0
2 16 27 78 88 1 0 1
3 47 70 84 75 1 0 3
4 -51 68 32 72 1 1 2
5 -40 -73 -37 -2 1 0 1
6 -65 -2 -29 -1 0 2 2
7 -20 -20 20 20 0 1 2
8 6 -76 16 -50 0 0 1
9 -69 36 18 67 1 1 1
10 -46 -80 11 -57 0 1 3
11 24 -59 93 3 1 1 1
12 76 -7 156 26 0 0 2
13 47 -32 57 -4 0 0 3
14 -20 -20 20 20 1 2 0
15 -78 -86 6 -79 0 2 1
16 -7 -12 -5 76 1 2 1
17 13 18 68 63 1 0 3
18 -41 21 3 94 0 0 3
19 11 0 97 33 1 2 3
20 -65 89 1 145 1 2 2
21 -20 -20 20 20 1 2 2
22 47 -54 57 -15 1 0 3
23 14 4 53 56 0 2 2
24 -68 68 19 147 0 0 0
REMOVE 20
INSERT 25 16 21 54 44
VISIT 24 24 9 4 3 18 16 19 23 25 17 2 15 10 13 22 11 8 5 6 14 21 7 12 1
COMPLETE -100 -100 100 100 73 40 153 112 1 1 0 1 -50 -50 50 50
RESULT 4 84 33 100 100 84 40 100 100 78 33 84 70 78 40 84 70 78 75 84 100 78 75 84 100 18 88 78 100 73 88 78 100
NEIGHBOURS 84 33 100 100 2 3 84 70 84 75 3 3 19 84 33 97 33 3 0 1
GAPS 2 -100 75 84 100 84 75 84 100 -100 33 84 70 84 33 84 70
TREE 4
1 -22 -30 -21 -5 0 1 0
2 -2 -20 17 65 0 1 3
3 -16 -8 65 62 1 0 3
4 -29 87 21 162 1 1 2
REMOVE 2
INSERT 5 -21 -60 29 28
VISIT 4 3 4 5 1
COMPLETE -100 -100 100 100 47 74 47 74 1 1 3 0
RESULT 1 -100 -100 100 100 47 74 47 74
NEIGHBOURS -100 62 100 100 1 3 -16 62 65 62 0 0 1
GAPS 0
TREE 20
1 10 -37 73 45 1 1 3
2 17 13 50 87 0 1 1
3 -70 -85 -28 -79 0 2 3
4 -8 62 15 95 0 2 1
5 10 75 67 97 0 1 0
6 -61 -77 -41 -75 0 2 3
7 -20 -20 20 20 0 0 1
8 -74 41 -11 61 1 0 1
9 -57 -14 4 24 0 2 3
10 -42 -70 34 -41 1 2 1
11 80 -86 165 -81 1 2 2
12 49 59 75 123 0 1 3
13 40 68 41 83 0 0 0
14 -20 -20 20 20 0 2 1
15 -65 78 20 144 1 2 0
16 70 -44 108 -18 0 0 2
17 17 -44 55 -42 1 2 2
18 17 63 22 145 0 2 3
19 36 -78 81 -53 0 0 2
20 -82 0 -15 22 0 0 0
REMOVE 17
INSERT 21 29 88 43 123
VISIT 20 21 12 5 18 15 4 13 2 19 10 6 11 3 8 20 9 14 7 16 1
COMPLETE -100 -100 100 100 28 77 97 142 1 1 10 1 -50 -50 50 50
RESULT 1 20 -100 100 100 28 77 97 142
NEIGHBOURS 20 -41 100 100 2 15 20 78 20 100 2 3 10 20 -41 34 -41 3 0 1
GAPS 2 20 -41 100 100 20 -41 100 100 -100 -41 20 78 20 -41 20 78
TREE 4
1 -1 16 85 101 0 0 3
2 -21 3 -14 30 0 1 1
3 41 -79 107 -70 1 0 2
4 -86 64 -66 126 0 1 0
REMOVE 2
INSERT 5 62 19 84 60
VISIT 4 4 3 5 1
COMPLETE -100 -100 100 100 -85 -59 -81 -16 0 1 1 0
RESULT 1 -100 -100 62 100 -85 -59 -81 -16
NEIGHBOURS -100 -100 -1 100 1 1 -1 16 -1 100 1 2 0
GAPS 0
TREE 3
1 9 -65 44 10 0 2 0
2 2 -75 29 4 0 1 1
3 1 90 51 116 1 0 2
REMOVE 2
INSERT 4 -18 -87 42 -71
VISIT 3 3 4 1
COMPLETE -100 -100 100 100 77 -50 77 -50 0 1 1 1 -50 -50 50 50
RESULT 1 42 -100 100 100 77 -50 77 -50
NEIGHBOURS 44 -100 100 100 1 1 44 -65 44 10 3 3 0
GAPS 0
TREE 11
1 80 29 85 36 1 1 2
2 -44 -41 18 -13 1 1 1
3 -4 76 56 86 1 2 2
4 63 -23 118 10 1 1 1
5 -67 -67 -1 -9 0 1 3
6 48 -67 107 5 1 1 0
7 -20 -20 20 20 1 1 3
8 -20 63 68 98 1 0 2
9 27 90 39 90 0 0 1
10 71 -36 82 28 1 2 0
11 -61 71 4 128 0 1 2
REMOVE 3
INSERT 12 62 75 108 148
VISIT 11 10 6 4 5 7 2 9 11 8 12 1
COMPLETE -100 -100 100 100 -52 65 -20 68 1 1 6 0
RESULT 1 -100 -13 63 100 -52 65 -20 68
NEIGHBOURS -100 -13 63 100 2 2 -44 -13 18 -13 0 0 4 63 -13 63 10 0 1 2
GAPS 2 -100 -100 -44 -13 -100 -13 -44 -13 18 -100 63 -13 18 -13 63 -13
TREE 16
1 -51 36 22 109 1 0 0
2 -7 71 10 109 1 1 1
3 -68 -23 -47 45 1 0 0
4 -87 12 -29 37 0 0 0
5 -57 19 25 81 0 1 1
6 33 -19 115 -3 1 1 0
7 -20 -20 20 20 0 2 2
8 -65 -57 -57 -36 1 1 1
9 -82 -51 -54 14 0 2 1
10 57 -17 68 -1 1 2 3
11 -59 71 -1 91 1 0 1
12 70 54 79 106 0 1 1
13 -80 4 -3 9 0 0 1
14 -20 -20 20 20 0 0 3
15 26 -77 79 -64 1 1 1
16 -7 -75 73 -60 1 0 0
REMOVE 15
INSERT 17 -61 89 -8 91
VISIT 16 2 14 7 16 10 6 13 4 9 8 3 5 17 11 12 1
COMPLETE -100 -100 100 100 24 48 75 86 0 1 8 1 -50 -50 50 50
RESULT 3 25 20 70 100 25 48 70 86 70 20 100 54 70 48 75 54 -8 81 25 100 24 81 25 86
NEIGHBOURS 25 20 70 100 2 12 70 54 70 100 1 2 5 25 20 25 81 3 0 0
GAPS 2 25 -100 100 54 25 20 70 54 -100 81 70 100 25 81 70 100
TREE 12
1 -25 50 27 102 0 1 0
2 13 -26 96 57 0 0 0
3 -30 73 -5 144 1 2 3
4 -19 5 47 68 0 1 0
5 -21 -90 67 -6 0 1 1
6 14 -42 89 28 1 1 1
7 -20 -20 20 20 0 2 2
8 -52 8 36 38 0 2 1
9 89 38 99 84 1 1 2
10 10 38 90 98 1 2 0
11 -80 -18 -1 29 1 2 2
12 -27 16 -6 20 0 0 1
REMOVE 6
INSERT 13 -61 55 -6 137
VISIT 12 5 11 7 12 8 4 9 10 2 13 3 1
COMPLETE -100 -100 100 100 -2 19 -2 19 1 1 6 0
RESULT 1 -100 -100 100 38 -2 19 -2 19
NEIGHBOURS -100 -100 100 38 1 10 10 38 90 38 2 2 0
GAPS 0
TREE 12
1 42 85 109 91 0 0 2
2 -1 12 16 19 1 1 1
3 -78 -26 -21 6 1 2 1
4 60 -31 82 33 1 1 2
5 -74 -30 -29 52 0 1 2
6 65 -34 124 42 1 0 1
7 -20 -20 20 20 0 2 1
8 90 -18 94 59 0 2 3
9 32 56 93 64 0 2 2
10 -88 90 -50 103 1 1 0
11 -64 -16 -5 59 0 1 3
12 35 68 80 84 0 2 0
REMOVE 12
INSERT 13 -21 -85 -10 -61
VISIT 12 13 11 5 3 8 9 6 4 7 2 10 1
COMPLETE -100 -100 100 100 41 -2 80 75 1 1 8 1 -50 -50 50 50
RESULT 1 65 42 100 100 65 42 80 75
NEIGHBOURS 16 -100 65 100 2 6 65 -34 65 42 1 1 2 16 12 16 19 3 3 0
GAPS 2 16 -100 100 -34 16 -100 65 -34 -100 19 65 100 16 19 65 100
TREE 21
1 48 -51 68 33 0 0 3
2 -15 22 15 78 1 0 1
3 20 3 106 54 1 1 0
4 27 -54 70 -34 0 2 3
5 -4 -3 72 -2 1 2 2
6 74 89 95 150 1 1 3
7 -20 -20 20 20 0 1 1
8 -77 -79 -42 -51 1 2 0
9 -42 43 46 130 0 2 0
10 73 -33 154 -23 0 1 3
11 28 60 39 73 1 2 1
12 -36 30 12 56 0 2 0
13 64 -37 74 8 1 1 3
14 -20 -20 20 20 1 1 2
15 -10 85 10 126 1 1 0
16 -53 -51 32 11 0 0 1
17 -57 78 19 101 0 1 1
18 17 48 75 109 1 1 0
19 79 13 133 39 1 2 3
20 -1 -68 43 -37 0 1 3
21 -20 -20 20 20 1 2 2
REMOVE 4
INSERT 22 2 -75 78 -75
VISIT 21 8 20 16 7 17 2 22 5 21 14 12 15 18 9 3 10 19 6 11 13 1
COMPLETE -100 -100 100 100 -29 56 33 86 0 1 19 0
RESULT 0
NEIGHBOURS 1000 1000 2000 2000 0 0
GAPS 0
TREE 8
1 30 81 32 86 1 2 0
2 56 -42 112 -24 0 2 1
3 -7 80 49 131 1 1 2
4 32 6 49 92 1 1 2
5 -80 55 -38 135 0 1 0
6 36 18 119 88 0 0 3
7 -20 -20 20 20 0 0 3
8 42 39 66 121 0 2 2
REMOVE 4
INSERT 9 34 42 104 106
VISIT 8 2 5 8 3 9 6 7 1
COMPLETE -100 -100 100 100 4 -67 4 -67 1 1 8 1 -50 -50 50 50
RESULT 1 -100 -100 100 81 4 -67 4 -67
NEIGHBOURS -100 -100 100 81 1 1 30 81 32 81 2 2 0
GAPS 0
TREE 15
1 -74 -59 -15 -37 0 0 1
2 85 15 102 44 1 0 0
3 -43 -24 -5 36 1 1 2
4 50 -51 84 -12 1 2 0
5 61 -84 143 -52 1 2 0
6 78 -21 110 53 0 0 1
7 -20 -20 20 20 1 2 3
8 5 27 17 76 0 1 0
9 31 -79 95 -51 0 0 2
10 -85 -72 2 -16 0 1 2
11 75 -75 144 8 1 2 3
12 -80 67 -26 143 0 2 1
13 -48 -74 -18 -11 1 1 0
14 -20 -20 20 20 1 0 2
15 -19 -1 28 65 1 0 0
REMOVE 2
INSERT 16 58 78 68 157
VISIT 15 9 5 11 4 6 16 8 14 15 7 12 3 13 10 1
COMPLETE -100 -100 100 100 61 -1 135 42 1 1 3 0
RESULT 2 28 -12 75 100 61 -1 75 42 75 8 100 100 75 8 100 42
NEIGHBOURS 28 -12 75 100 3 4 50 -12 75 -12 0 1 11 75 -12 75 8 0 1 15 28 -1 28 65 3 3 2
GAPS 2 -100 -100 50 -1 28 -12 50 -1 -100 65 75 100 28 65 75 100
TREE 21
1 51 53 92 96 0 0 3
2 25 81 26 152 1 0 2
3 -67 -33 -2 1 0 2 1
4 61 -90 65 -89 1 2 0
5 67 -39 128 50 0 2 2
6 35 -16 64 7 1 1 2
7 -20 -20 20 20 1 0 2
8 -57 -48 9 -2 1 1 2
9 57 53 108 83 0 0 2
10 11 48 88 59 0 1 1
11 30 -85 99 -82 0 0 1
12 -14 2 21 74 1 0 1
13 35 78 72 113 1 1 2
14 -20 -20 20 20 0 2 0
15 45 41 91 72 1 0 2
16 -44 0 -35 32 0 1 3
17 67 8 88 73 1 2 0
18 -38 62 41 135 0 0 2
19 33 17 52 59 1 0 2
20 -54 61 -41 111 0 2 0
21 -20 -20 20 20 1 2 0
REMOVE 12
INSERT 22 67 -72 82 -43
VISIT 21 14 16 21 7 8 3 20 18 2 11 22 4 19 6 17 5 10 15 9 13 1
COMPLETE -100 -100 100 100 48 -61 102 -27 1 1 13 1 -50 -50 50 50
RESULT 1 20 -89 100 8 48 -61 102 -27
NEIGHBOURS 20 -89 100 8 3 4 61 -89 65 -89 0 0 17 67 8 88 8 2 2 21 20 -20 20 8 2 3 1
GAPS 3 -100 -100 61 -20 20 -89 61 -20 88 -89 100 100 88 -89 100 8 20 8 67 100 20 8 67 8
TREE 19
1 -22 53 45 124 0 2 2
2 37 -43 89 -34 1 1 2
3 -49 15 -43 71 0 0 2
4 2 -50 14 -27 0 2 3
5 22 -32 109 1 1 2 3
6 10 57 85 104 1 0 0
7 -20 -20 20 20 0 1 2
8 34 -78 60 -37 1 2 1
9 -9 60 15 144 0 2 3
10 2 2 79 90 0 1 2
11 -88 84 -6 123 0 0 0
12 -39 -69 20 -35 1 0 1
13 86 86 162 167 1 0 1
14 -20 -20 20 20 0 2 1
15 -71 -86 -54 -27 0 1 1
16 -61 21 8 36 1 2 3
17 18 22 35 38 0 0 1
18 -29 -22 7 28 0 1 2
19 -81 55 2 78 1 2 1
REMOVE 10
INSERT 20 77 -22 149 -3
VISIT 19 14 18 7 15 12 4 20 5 8 2 11 19 16 3 17 6 9 13 1
COMPLETE -100 -100 100 100 -55 37 -55 37 1 1 12 0
RESULT 1 -100 36 22 55 -55 37 -55 37
NEIGHBOURS -100 36 22 55 2 16 -61 36 8 36 0 0 19 -81 55 2 55 2 2 1
GAPS 2 -100 -100 -61 55 -100 36 -61 55 2 36 100 100 2 36 22 55
TREE 9
1 44 74 86 127 0 1 2
2 -42 3 -20 28 1 1 0
3 -43 -59 15 -36 0 2 1
4 45 25 72 33 0 2 3
5 85 33 137 58 0 2 2
6 -5 -80 46 -16 0 1 1
7 -20 -20 20 20 1 2 3
8 68 37 86 96 1 2 2
9 74 -47 144 -31 1 2 3
REMOVE 1
INSERT 10 -44 -24 39 42
VISIT 9 6 3 10 7 2 9 5 4 8
COMPLETE -100 -100 100 100 -81 -80 5 -56 0 1 7 1 -50 -50 50 50
RESULT 3 -100 -100 -43 -24 -81 -80 -43 -56 -43 -100 -5 -59 -43 -80 -5 -59 -5 -100 100 -80 -5 -80 5 -80
NEIGHBOURS -100 -100 -43 -24 2 3 -43 -59 -43 -36 1 1 10 -44 -24 -43 -24 1 2 0
GAPS 2 -43 -100 100 -59 -43 -100 -43 -59 -43 -36 100 -24 -43 -36 -43 -24
TREE 13
1 3 86 44 104 1 0 0
2 -69 -57 -32 4 1 0 2
3 -47 72 -12 114 0 1 2
4 81 -15 158 -2 1 2 3
5 66 65 124 141 1 1 0
6 -42 38 -22 74 0 2 1
7 -20 -20 20 20 0 2 1
8 86 52 170 52 1 2 1
9 -46 72 5 98 0 0 3
10 84 -50 137 29 1 1 1
11 -90 47 -39 64 1 1 2
12 -8 43 26 120 1 1 0
13 85 -20 151 36 1 0 1
REMOVE 3
INSERT 14 5 -56 75 -20
VISIT 13 13 10 4 14 7 2 11 6 9 12 8 5 1
COMPLETE -100 -100 100 100 -48 83 13 167 0 1 2 0
RESULT 3 -100 74 -46 100 -48 83 -46 100 5 74 100 100 5 83 13 100 -46 98 5 100 -46 98 5 100
NEIGHBOURS -100 74 -46 100 1 9 -46 74 -46 98 0 1 0
GAPS 0
TREE 21
1 16 67 95 77 0 1 2
2 26 -56 37 15 0 0 1
3 19 60 50 74 0 2 3
4 -76 31 -29 70 1 2 0
5 -29 38 -28 52 1 1 1
6 69 12 152 85 1 0 0
7 -20 -20 20 20 1 0 1
8 -3 -2 57 67 1 2 1
9 90 37 169 56 1 1 1
10 78 -60 91 -35 0 0 3
11 -55 5 -31 40 1 1 3
12 72 80 110 102 0 2 3
13 3 -82 30 -80 1 1 2
14 -20 -20 20 20 0 1 2
15 65 -60 125 -55 0 2 1
16 33 -74 120 -61 1 2 0
17 -66 19 -45 34 0 1 2
18 7 50 10 58 1 0 0
19 -57 -30 -3 54 1 1 2
20 51 48 110 87 0 1 2
21 -20 -20 20 20 0 2 1
REMOVE 13
INSERT 22 -23 -19 31 20
VISIT 21 14 7 16 15 10 2 5 17 22 21 19 11 4 3 9 12 20 6 18 8 1
COMPLETE -100 -100 100 100 83 61 83 61 1 1 6 1 -50 -50 50 50
RESULT 0
NEIGHBOURS 1000 1000 2000 2000 0 0
GAPS 0
TREE 12
1 -40 40 -33 85 0 2 3
2 -35 -51 -1 -27 1 2 3
3 9 77 17 120 0 1 1
4 -9 -41 55 -8 0 0 3
5 82 -73 85 -46 0 1 0
6 1 67 69 146 1 2 0
7 -20 -20 20 20 0 2 1
8 28 71 29 72 0 2 3
9 -68 18 -50 72 0 2 0
10 58 31 75 108 0 2 3
11 60 57 105 125 1 2 1
12 28 48 59 67 1 1 2
REMOVE 12
INSERT 13 15 38 34 125
VISIT 12 5 4 7 2 8 11 10 13 6 3 9 1
COMPLETE -100 -100 100 100 53 -50 112 -46 1 1 7 0
RESULT 1 -1 -100 100 57 53 -50 112 -46
NEIGHBOURS -1 -100 100 57 2 11 60 57 100 57 1 2 2 -1 -51 -1 -27 3 3 0
GAPS 2 -1 -100 100 57 -1 -100 100 57 -100 -27 60 100 -1 -27 60 57
TREE 25
1 78 2 79 29 0 2 1
2 -21 12 23 45 1 0 3
3 27 11 53 63 1 2 1
4 -67 34 -66 61 1 0 0
5 84 -4 172 50 1 0 2
6 24 -4 68 59 1 0 3
7 -20 -20 20 20 1 2 3
8 -67 68 -8 147 0 0 0
9 13 84 24 107 0 2 3
10 -19 3 2 29 1 2 0
11 78 -73 154 -46 0 2 0
12 -24 -12 17 36 1 0 0
13 90 31 115 40 0 2 0
14 -20 -20 20 20 0 0 2
15 42 -30 68 -3 0 0 1
16 67 80 140 156 1 1 0
17 21 -70 104 -67 1 0 0
18 -48 44 12 85 0 2 3
19 -75 -19 -21 65 1 1 0
20 87 59 142 72 1 0 3
21 -20 -20 20 20 1 0 2
22 -15 51 55 121 0 0 2
23 76 74 76 139 0 1 1
24 -65 -26 -59 -21 1 1 2
25 -44 -22 27 29 1 1 0
REMOVE 21
INSERT 26 88 87 146 134
VISIT 25 15 6 3 18 8 24 25 19 4 10 12 14 7 22 9 2 17 11 13 5 20 23 26 16 1
COMPLETE -100 -100 100 100 -30 -89 55 -71 1 1 8 1 -50 -50 50 50
RESULT 1 -100 -100 100 -70 -30 -89 55 -71
NEIGHBOURS -100 -100 100 -70 1 17 21 -70 100 -70 1 2 0
GAPS 0
TREE 22
1 -63 90 -58 103 0 2 0
2 72 -38 72 35 0 0 3
3 72 -35 155 -31 1 0 2
4 40 3 59 55 0 0 1
5 -66 78 -39 82 1 2 0
6 -37 -44 48 -4 0 1 2
7 -20 -20 20 20 1 0 0
8 40 -25 100 26 0 2 0
9 36 53 114 55 0 0 1
10 39 -29 61 44 1 1 0
11 77 33 154 100 1 0 2
12 59 47 148 50 1 1 2
13 16 88 22 123 1 0 0
14 -20 -20 20 20 0 2 2
15 45 -27 104 -1 1 1 3
16 37 -23 109 -22 1 0 2
17 -1 -26 60 46 1 1 3
18 -33 3 -28 12 1 0 2
19 -77 -18 -24 35 0 0 3
20 26 1 99 44 1 2 2
21 -20 -20 20 20 1 0 1
22 40 73 66 108 0 0 2
REMOVE 11
INSERT 23 55 32 64 78
VISIT 22 20 8 19 18 14 17 21 7 6 3 22 12 9 16 15 10 23 4 2 5 13 1
COMPLETE -100 -100 100 100 -70 62 -70 62 0 1 6 0
RESULT 1 -100 35 36 90 -70 62 -70 62
NEIGHBOURS -100 35 36 90 3 19 -77 35 -24 35 0 0 9 36 53 36 55 1 1 1 -63 90 -58 90 2 2 3
GAPS 3 -100 -100 -77 90 -100 35 -77 90 -24 -100 100 53 -24 35 36 53 -58 55 100 100 -58 55 36 90
TREE 16
1 -18 60 0 81 0 1 2
2 -87 90 -59 99 1 2 2
3 -74 -89 -41 -58 0 2 2
4 88 3 121 72 1 1 0
5 23 27 96 72 1 0 3
6 81 -32 140 -7 0 1 2
7 -20 -20 20 20 0 1 2
8 75 60 84 94 0 0 0
9 59 -62 98 15 1 0 3
10 -58 -84 15 -2 0 0 0
11 -31 79 -7 163 0 0 1
12 -58 68 13 141 0 0 2
13 -81 80 -76 142 0 2 1
14 -20 -20 20 20 1 0 0
15 24 -5 94 62 1 0 1
16 -34 64 -28 74 1 1 0
REMOVE 5
INSERT 17 -8 89 23 111
VISIT 16 3 17 12 11 13 2 8 15 9 6 4 10 14 7 16 1
COMPLETE -100 -100 100 100 -74 76 -48 112 1 1 3 1 -50 -50 50 50
RESULT 1 -100 20 24 100 -74 76 -48 112
NEIGHBOURS -100 20 24 100 2 14 -20 20 20 20 0 0 15 24 20 24 62 0 1 2
GAPS 2 -100 -100 -20 20 -100 20 -20 20 20 -100 24 20 20 20 24 20
TREE 23
1 -7 -58 3 7 0 1 3
2 -45 -50 14 14 1 2 2
3 -62 59 -22 65 1 0 1
4 -16 -66 2 -33 1 0 1
5 -32 37 -8 43 1 1 1
6 56 69 139 90 0 2 2
7 -20 -20 20 20 1 2 3
8 -32 -25 -4 47 0 0 3
9 -40 -30 30 10 0 2 1
10 43 53 86 109 0 0 1
11 -70 -37 -2 18 1 0 2
12 -60 -46 -15 -20 1 2 0
13 47 47 92 97 0 1 1
14 -20 -20 20 20 0 0 0
15 60 27 82 108 1 0 0
16 23 -33 69 51 1 0 2
17 77 -12 91 71 0 0 0
18 -20 -2 69 57 0 1 2
19 77 5 127 44 1 1 1
20 51 -38 119 4 1 1 3
21 -20 -20 20 20 0 2 3
22 23 -71 36 -5 0 2 3
23 49 60 51 138 1 2 3
REMOVE 19
INSERT 24 -20 88 20 170
VISIT 23 5 13 15 23 10 6 24 3 7 20 17 18 16 8 9 12 11 21 14 2 4 22 1
COMPLETE -100 -100 100 100 -14 35 -4 70 0 1 10 0
RESULT 2 -4 20 47 88 -4 35 -4 70 -100 47 -4 88 -14 47 -4 70
NEIGHBOURS -4 20 43 88 5 10 43 53 43 88 1 2 24 -4 88 20 88 2 3 8 -4 20 -4 47 3 0 14 -4 20 20 20 3 0 21 -4 20 20 20 3 0 -1
GAPS 3 20 -100 100 53 20 20 43 53 20 88 43 100 20 88 43 88 -100 47 -4 88 -4 47 -4 88
TREE 27
1 62 -81 131 -32 1 2 0
2 -18 4 43 51 1 2 0
3 86 -7 146 5 1 1 1
4 59 23 120 42 0 1 3
5 82 23 162 42 1 1 1
6 -21 77 33 87 0 2 2
7 -20 -20 20 20 0 0 1
8 -57 -67 -7 -1 1 1 1
9 45 6 101 24 1 2 0
10 59 -27 99 6 1 0 0
11 -25 -69 21 -66 0 0 2
12 21 84 75 98 1 0 2
13 -88 30 -4 45 1 2 1
14 -20 -20 20 20 1 0 0
15 47 -88 127 -10 0 1 0
16 50 -37 104 -27 0 2 0
17 27 38 27 87 1 2 2
18 34 27 42 31 1 0 0
19 10 -41 32 35 0 1 1
20 -73 -79 -20 6 1 2 1
21 -20 -20 20 20 0 0 0
22 75 -80 133 -65 1 1 0
23 -41 -46 2 -36 0 0 1
24 71 44 119 89 1 1 1
25 -76 -29 -34 45 0 1 1
26 53 -38 114 20 0 2 3
27 -43 -11 2 -10 0 1 3
REMOVE 11
INSERT 28 -1 63 38 72
VISIT 27 12 17 28 6 25 20 23 27 8 14 19 21 7 13 18 2 5 9 24 4 26 10 3 16 15 22 1
COMPLETE -100 -100 100 100 -33 -70 -33 -70 1 1 2 1 -50 -50 50 50
RESULT 0
NEIGHBOURS 1000 1000 2000 2000 0 0
GAPS 0
TREE 19
1 83 -39 150 22 1 1 3
2 -76 -57 6 15 1 2 0
3 7 20 67 107 0 1 2
4 66 -31 155 -10 0 1 2
5 -1 32 9 92 1 1 3
6 74 6 162 51 1 1 2
7 -20 -20 20 20 0 1 1
8 8 38 66 112 1 2 3
9 25 -76 86 -2 0 0 1
10 19 -8 55 4 0 1 0
11 -40 -77 0 -2 1 0 1
12 -36 -52 9 13 1 2 2
13 88 76 154 162 1 1 2
14 -20 -20 20 20 1 1 2
15 47 -50 112 -10 0 2 2
16 -53 15 6 65 0 0 1
17 -86 88 -50 108 0 0 1
18 -8 -75 30 -10 1 2 0
19 -45 67 -6 90 1 1 3
REMOVE 4
INSERT 20 -27 68 14 150
VISIT 19 14 7 11 12 17 20 19 16 2 5 13 8 3 10 15 18 9 6 1
COMPLETE -100 -100 100 100 -12 52 53 61 1 1 8 0
RESULT 1 -100 15 100 100 -12 52 53 61
NEIGHBOURS -100 15 8 100 2 2 -76 15 6 15 0 0 8 8 38 8 100 1 2 2
GAPS 2 -100 -100 -76 38 -100 15 -76 38 6 -100 100 38 6 15 8 38
TREE 26
1 -87 -45 -44 33 1 0 3
2 -89 70 -53 110 1 0 3
3 -67 74 -32 160 1 1 0
4 -51 72 -15 136 0 0 0
5 30 -64 38 -36 0 2 0
6 -56 -14 -22 1 0 0 2
7 -20 -20 20 20 0 1 0
8 82 52 107 118 1 2 2
9 78 78 80 147 0 0 1
10 7 -86 41 -42 1 1 0
11 -8 69 -8 118 1 0 2
12 -81 67 -52 121 0 0 3
13 35 -22 107 -13 0 1 0
14 -20 -20 20 20 1 1 0
15 -73 -87 16 -9 1 2 0
16 39 81 64 101 1 2 1
17 47 -78 72 -30 0 1 1
18 85 -4 95 81 0 0 1
19 89 67 173 68 0 2 0
20 -76 -18 -43 25 0 0 2
21 -20 -20 20 20 1 0 0
22 42 59 68 98 1 2 1
23 -44 76 -12 146 0 1 0
24 -80 -64 -57 -61 1 0 1
25 35 -58 61 -33 0 2 1
26 -32 -44 21 32 1 2 3
REMOVE 11
INSERT 27 -26 36 -8 77
VISIT 26 4 3 22 16 9 19 8 23 12 2 10 18 13 25 17 5 14 21 27 26 7 24 15 6 20 1
COMPLETE -100 -100 100 100 43 59 112 137 0 1 1 1 -50 -50 50 50
RESULT 7 -8 -30 78 100 43 59 78 100 80 -100 85 100 80 59 85 100 85 81 89 100 85 81 89 100 95 -100 100 67 95 59 100 67 95 68 100 100 95 68 100 100 89 81 95 100 89 81 95 100 78 -100 80 78 78 59 80 78
NEIGHBOURS -8 -30 78 100 3 17 47 -30 72 -30 0 0 9 78 78 78 100 1 2 27 -8 36 -8 77 3 3 2
GAPS 3 -100 -100 47 36 -8 -30 47 36 72 -100 100 78 72 -30 78 78 -100 77 78 100 -8 77 78 100
TREE 19
1 -35 -22 -6 -5 0 2 2
2 -21 -24 59 -1 1 2 3
3 -51 -19 -5 50 1 2 2
4 46 9 119 79 0 0 0
5 -46 26 -22 87 1 1 3
6 62 -3 120 48 0 1 0
7 -20 -20 20 20 1 2 0
8 -55 -73 -24 11 1 1 0
9 42 -45 44 0 0 0 0
10 -53 -82 28 7 1 2 0
11 -22 53 15 82 0 1 3
12 72 -49 121 -43 1 0 0
13 -85 -12 -50 46 1 1 0
14 -20 -20 20 20 0 2 3
15 -31 81 -24 159 0 1 3
16 -90 12 -15 90 0 2 1
17 9 -12 60 3 1 2 2
18 70 16 152 100 0 2 3
19 -82 -32 -71 41 1 2 0
REMOVE 6
INSERT 20 -60 -61 -25 27
VISIT 19 12 18 4 7 9 17 2 11 15 5 14 10 20 8 3 16 19 13 1
COMPLETE -100 -100 100 100 81 47 81 47 1 1 4 0
RESULT 1 28 -1 100 100 81 47 81 47
NEIGHBOURS 28 -1 100 100 2 10 28 -1 28 7 3 0 2 28 -1 59 -1 3 0 1
GAPS 0
DOOR 0 0 1000 1000 1000 8 2000 1000 74.0 2 1000.0 84.0 1000.0 504.0 1000.0 504.0 1000.0 924.0
DOOR 0 0 1000 1000 787 1000 1000 2000 50.0 1 839.0 1000.0 948.0 1000.0
DOOR 0 0 1000 1000 836 683 2000 2000 66.0 1 968.754058520012 743.3961185924159 867.245941479988 939.6038814075841
DOOR 0 0 1000 1000 100 100 900 900 52.0 0
DOOR 0 0 1000 1000 1000 276 2000 1000 15.0 5 1000.0 293.0 1000.0 431.0 1000.0 431.0 1000.0 569.0 1000.0 569.0 1000.0 707.0 1000.0 707.0 1000.0 845.0 1000.0 845.0 1000.0 983.0
DOOR 0 0 1000 1000 747 1000 1000 2000 70.0 1 819.0 1000.0 928.0 1000.0
DOOR 0 0 1000 1000 986 681 2000 2000 99.0 1 995.5716607391796 781.9028731572648 990.4283392608204 899.0971268427352
DOOR 0 0 1000 1000 100 100 900 900 98.0 0
DOOR 0 0 1000 1000 1000 108 2000 1000 91.0 1 1000.0 201.0 1000.0 907.0
DOOR 0 0 1000 1000 328 1000 1000 2000 67.0 1 397.0 1000.0 931.0 1000.0
DOOR 0 0 1000 1000 512 669 2000 2000 76.0 1 935.448110839314 712.7841707216947 576.551889160686 956.2158292783053
DOOR 0 0 1000 1000 100 100 900 900 61.0 0
DOOR 0 0 1000 1000 1000 464 2000 1000 28.0 2 1000.0 494.0 1000.0 732.0 1000.0 732.0 1000.0 970.0
DOOR 0 0 1000 1000 189 1000 1000 2000 45.0 2 236.0 1000.0 594.5 1000.0 594.5 1000.0 953.0 1000.0
DOOR 0 0 1000 1000 906 746 2000 2000 13.0 2 994.7938924849163 760.0675671152261 953.0 873.0 953.0 873.0 911.2061075150837 985.9324328847739
DOOR 0 0 1000 1000 100 100 900 900 45.0 0
DOOR 0 0 1000 1000 1000 706 2000 1000 58.0 1 1000.0 766.0 1000.0 940.0
DOOR 0 0 1000 1000 525 1000 1000 2000 85.0 1 612.0 1000.0 913.0 1000.0
DOOR 0 0 1000 1000 904 617 2000 2000 94.0 1 976.6593769796087 710.1193605917695 927.3406230203913 906.8806394082305
DOOR 0 0 1000 1000 100 100 900 900 27.0 0
DOOR 0 0 1000 1000 1000 486 2000 1000 49.0 2 1000.0 537.0 1000.0 743.0 1000.0 743.0 1000.0 949.0
DOOR 0 0 1000 1000 240 1000 1000 2000 53.0 2 295.0 1000.0 620.0 1000.0 620.0 1000.0 945.0 1000.0
DOOR 0 0 1000 1000 893 797 2000 2000 59.0 1 971.5566049919007 850.9627026789174 921.4433950080993 946.0372973210826
DOOR 0 0 1000 1000 100 100 900 900 29.0 0
DOOR 0 0 1000 1000 1000 32 2000 1000 46.0 3 1000.0 80.0 1000.0 370.6666666666667 1000.0 370.6666666666667 1000.0 661.3333333333334 1000.0 661.3333333333334 1000.0 952.0
DOOR 0 0 1000 1000 109 1000 1000 2000 97.0 1 208.0 1000.0 901.0 1000.0
DOOR 0 0 1000 1000 636 845 2000 2000 25.0 2 975.1584413915378 855.5781362206363 818.0 922.5 818.0 922.5 660.8415586084623 989.4218637793637
DOOR 0 0 1000 1000 100 100 900 900 45.0 0
DOOR 0 0 1000 1000 1000 440 2000 1000 47.0 2 1000.0 489.0 1000.0 720.0 1000.0 720.0 1000.0 951.0
DOOR 0 0 1000 1000 29 1000 1000 2000 35.0 3 66.0 1000.0 365.0 1000.0 365.0 1000.0 664.0 1000.0 664.0 1000.0 963.0 1000.0
DOOR 0 0 1000 1000 667 998 2000 2000 30.0 2 968.0005771381165 998.1921887258972 833.5 999.0 833.5 999.0 698.9994228618837 999.8078112741028
DOOR 0 0 1000 1000 100 100 900 900 95.0 0
DOOR 0 0 1000 1000 1000 632 2000 1000 49.0 1 1000.0 683.0 1000.0 949.0
DOOR 0 0 1000 1000 270 1000 1000 2000 76.0 1 348.0 1000.0 922.0 1000.0
DOOR 0 0 1000 1000 595 940 2000 2000 53.0 1 945.5938095705371 948.0601763599204 649.4061904294629 991.9398236400796
DOOR 0 0 1000 1000 100 100 900 900 2.0 0
DOOR 0 0 1000 1000 1000 236 2000 1000 42.0 2 1000.0 280.0 1000.0 618.0 1000.0 618.0 1000.0 956.0
DOOR 0 0 1000 1000 477 1000 1000 2000 54.0 1 533.0 1000.0 944.0 1000.0
DOOR 0 0 1000 1000 628 571 2000 2000 39.0 2 973.1396020697498 601.976104064724 814.0 785.5 814.0 785.5 654.8603979302502 969.023895935276
DOOR 0 0 1000 1000 100 100 900 900 99.0 0
DOOR 0 0 1000 1000 1000 704 2000 1000 54.0 1 1000.0 760.0 1000.0 944.0
DOOR 0 0 1000 1000 282 1000 1000 2000 83.0 1 367.0 1000.0 915.0 1000.0
DOOR 0 0 1000 1000 807 688 2000 2000 34.0 2 981.0613694042635 718.615817336113 903.5 844.0 903.5 844.0 825.9386305957365 969.384182663887
DOOR 0 0 1000 1000 100 100 900 900 87.0 0
DOOR 0 0 1000 1000 1000 358 2000 1000 79.0 1 1000.0 439.0 1000.0 919.0
DOOR 0 0 1000 1000 743 1000 1000 2000 96.0 1 841.0 1000.0 902.0 1000.0
DOOR 0 0 1000 1000 778 631 2000 2000 34.0 2 981.4412846339033 661.8475944598636 889.0 815.5 889.0 815.5 796.5587153660967 969.1524055401364
DOOR 0 0 1000 1000 100 100 900 900 79.0 0
DOOR 0 0 1000 1000 1000 461 2000 1000 79.0 1 1000.0 542.0 1000.0 919.0
DOOR 0 0 1000 1000 121 1000 1000 2000 24.0 4 147.0 1000.0 353.75 1000.0 353.75 1000.0 560.5 1000.0 560.5 1000.0 767.25 1000.0 767.25 1000.0 974.0 1000.0
DOOR 0 0 1000 1000 533 848 2000 2000 46.0 2 954.3568332657537 862.8560200077204 766.5 924.0 766.5 924.0 578.6431667342463 985.1439799922796
DOOR 0 0 1000 1000 100 100 900 900 44.0 0
DOOR 0 0 1000 1000 1000 618 2000 1000 94.0 1 1000.0 714.0 1000.0 904.0
DOOR 0 0 1000 1000 341 1000 1000 2000 80.0 1 423.0 1000.0 918.0 1000.0
DOOR 0 0 1000 1000 513 656 2000 2000 11.0 5 989.3818353138553 663.5003052403158 896.2291011883132 729.3001831441895 896.2291011883132 729.3001831441895 803.076367062771 795.1000610480631 803.076367062771 795.1000610480631 709.923632937229 860.8999389519369 709.923632937229 860.8999389519369 616.7708988116868 926.6998168558105 616.7708988116868 926.6998168558105 523.6181646861447 992.4996947596842
DOOR 0 0 1000 1000 100 100 900 900 98.0 0
DOOR 0 0 1000 1000 1000 434 2000 1000 2.0 15 1000.0 438.0 1000.0 475.2 1000.0 475.2 1000.0 512.4 1000.0 512.4 1000.0 549.6 1000.0 549.6 1000.0 586.8 1000.0 586.8 1000.0 624.0 1000.0 624.0 1000.0 661.2 1000.0 661.2 1000.0 698.4000000000001 1000.0 698.4000000000001 1000.0 735.6 1000.0 735.6 1000.0 772.8 1000.0 772.8 1000.0 810.0 1000.0 810.0 1000.0 847.2 1000.0 847.2 1000.0 884.4000000000001 1000.0 884.4000000000001 1000.0 921.5999999999999 1000.0 921.5999999999999 1000.0 958.8000000000001 1000.0 958.8000000000001 1000.0 996.0
DOOR 0 0 1000 1000 468 1000 1000 2000 54.0 1 524.0 1000.0 944.0 1000.0
DOOR 0 0 1000 1000 575 954 2000 2000 73.0 1 925.4354854278046 962.0705121654612 649.5645145721954 991.9294878345388
DOOR 0 0 1000 1000 100 100 900 900 6.0 0
DOOR 0 0 1000 1000 1000 477 2000 1000 77.0 1 1000.0 556.0 1000.0 921.0
DOOR 0 0 1000 1000 543 1000 1000 2000 32.0 2 577.0 1000.0 771.5 1000.0 771.5 1000.0 966.0 1000.0
DOOR 0 0 1000 1000 716 740 2000 2000 39.0 1 969.7590063140273 767.6854167547638 746.2409936859727 972.3145832452362
DOOR 0 0 1000 1000 100 100 900 900 25.0 0
DOOR 0 0 1000 1000 1000 773 2000 1000 95.0 1 1000.0 870.0 1000.0 903.0
DOOR 0 0 1000 1000 146 1000 1000 2000 1.0 29 149.0 1000.0 178.24137931034483 1000.0 178.24137931034483 1000.0 207.48275862068965 1000.0 207.48275862068965 1000.0 236.72413793103448 1000.0 236.72413793103448 1000.0 265.9655172413793 1000.0 265.9655172413793 1000.0 295.2068965517242 1000.0 295.2068965517242 1000.0 324.44827586206895 1000.0 324.44827586206895 1000.0 353.68965517241384 1000.0 353.68965517241384 1000.0 382.93103448275866 1000.0 382.93103448275866 1000.0 412.1724137931035 1000.0 412.1724137931035 1000.0 441.4137931034483 1000.0 441.4137931034483 1000.0 470.65517241379314 1000.0 470.65517241379314 1000.0 499.89655172413796 1000.0 499.89655172413796 1000.0 529.1379310344828 1000.0 529.1379310344828 1000.0 558.3793103448277 1000.0 558.3793103448277 1000.0 587.6206896551723 1000.0 587.6206896551723 1000.0 616.8620689655173 1000.0 616.8620689655173 1000.0 646.1034482758621 1000.0 646.1034482758621 1000.0 675.344827586207 1000.0 675.344827586207 1000.0 704.5862068965517 1000.0 704.5862068965517 1000.0 733.8275862068966 1000.0 733.8275862068966 1000.0 763.0689655172414 1000.0 763.0689655172414 1000.0 792.3103448275863 1000.0 792.3103448275863 1000.0 821.551724137931 1000.0 821.551724137931 1000.0 850.7931034482759 1000.0 850.7931034482759 1000.0 880.0344827586207 1000.0 880.0344827586207 1000.0 909.2758620689656 1000.0 909.2758620689656 1000.0 938.5172413793103 1000.0 938.5172413793103 1000.0 967.7586206896552 1000.0 967.7586206896552 1000.0 997.0 1000.0
DOOR 0 0 1000 1000 919 984 2000 2000 6.0 2 992.151650062374 985.550291345704 959.5 992.0 959.5 992.0 926.8483499376262 998.449708654296
DOOR 0 0 1000 1000 100 100 900 900 48.0 0
DOOR 0 0 1000 1000 1000 228 2000 1000 90.0 1 1000.0 320.0 1000.0 908.0
DOOR 0 0 1000 1000 732 1000 1000 2000 52.0 1 786.0 1000.0 946.0 1000.0
DOOR 0 0 1000 1000 665 774 2000 2000 78.0 1 933.6806330643109 818.7408266491515 731.3193669356891 955.2591733508485
DOOR 0 0 1000 1000 100 100 900 900 93.0 0
DOOR 0 0 1000 1000 1000 153 2000 1000 11.0 7 1000.0 166.0 1000.0 283.2857142857143 1000.0 283.2857142857143 1000.0 400.57142857142856 1000.0 400.57142857142856 1000.0 517.8571428571429 1000.0 517.8571428571429 1000.0 635.1428571428571 1000.0 635.1428571428571 1000.0 752.4285714285714 1000.0 752.4285714285714 1000.0 869.7142857142858 1000.0 869.7142857142858 1000.0 987.0
DOOR 0 0 1000 1000 349 1000 1000 2000 45.0 2 396.0 1000.0 674.5 1000.0 674.5 1000.0 953.0 1000.0
DOOR 0 0 1000 1000 628 522 2000 2000 12.0 5 991.4016313858895 533.0484413912496 920.4409788315337 624.2290648347498 920.4409788315337 624.2290648347498 849.4803262771779 715.40968827825 849.4803262771779 715.40968827825 778.5196737228221 806.5903117217501 778.5196737228221 806.5903117217501 707.5590211684663 897.7709351652502 707.5590211684663 897.7709351652502 636.5983686141105 988.9515586087504
DOOR 0 0 1000 1000 100 100 900 900 46.0 0
DOOR 0 0 1000 1000 1000 131 2000 1000 19.0 5 1000.0 152.0 1000.0 317.40000000000003 1000.0 317.40000000000003 1000.0 482.80000000000007 1000.0 482.80000000000007 1000.0 648.2 1000.0 648.2 1000.0 813.6000000000001 1000.0 813.6000000000001 1000.0 979.0
DOOR 0 0 1000 1000 199 1000 1000 2000 9.0 8 210.0 1000.0 307.375 1000.0 307.375 1000.0 404.75 1000.0 404.75 1000.0 502.125 1000.0 502.125 1000.0 599.5 1000.0 599.5 1000.0 696.875 1000.0 696.875 1000.0 794.25 1000.0 794.25 1000.0 891.625 1000.0 891.625 1000.0 989.0 1000.0
DOOR 0 0 1000 1000 657 888 2000 2000 42.0 1 958.1733599143969 901.657678395299 698.8266400856031 986.342321604701
DOOR 0 0 1000 1000 100 100 900 900 10.0 0
DOOR 0 0 1000 1000 1000 3 2000 1000 5.0 15 1000.0 10.0 1000.0 75.53333333333333 1000.0 75.53333333333333 1000.0 141.06666666666666 1000.0 141.06666666666666 1000.0 206.6 1000.0 206.6 1000.0 272.1333333333333 1000.0 272.1333333333333 1000.0 337.66666666666663 1000.0 337.66666666666663 1000.0 403.2 1000.0 403.2 1000.0 468.73333333333335 1000.0 468.73333333333335 1000.0 534.2666666666667 1000.0 534.2666666666667 1000.0 599.8 1000.0 599.8 1000.0 665.3333333333333 1000.0 665.3333333333333 1000.0 730.8666666666667 1000.0 730.8666666666667 1000.0 796.4 1000.0 796.4 1000.0 861.9333333333332 1000.0 861.9333333333332 1000.0 927.4666666666667 1000.0 927.4666666666667 1000.0 993.0
DOOR 0 0 1000 1000 254 1000 1000 2000 98.0 1 354.0 1000.0 900.0 1000.0
DOOR 0 0 1000 1000 841 562 2000 2000 21.0 3 992.1518003120481 583.6195689517167 944.3839334373494 715.2065229839056 944.3839334373494 715.2065229839056 896.6160665626506 846.7934770160945 896.6160665626506 846.7934770160945 848.8481996879519 978.3804310482833
DOOR 0 0 1000 1000 100 100 900 900 57.0 0
DOOR 0 0 1000 1000 1000 766 2000 1000 49.0 1 1000.0 817.0 1000.0 949.0
DOOR 0 0 1000 1000 631 1000 1000 2000 26.0 2 659.0 1000.0 815.5 1000.0 815.5 1000.0 972.0 1000.0
DOOR 0 0 1000 1000 606 797 2000 2000 90.0 1 918.2169017089899 839.1369770382615 687.78309829101 957.8630229617385
DOOR 0 0 1000 1000 100 100 900 900 20.0 0
DOOR 0 0 1000 1000 1000 601 2000 1000 20.0 2 1000.0 623.0 1000.0 800.5 1000.0 800.5 1000.0 978.0
DOOR 0 0 1000 1000 732 1000 1000 2000 90.0 1 824.0 1000.0 908.0 1000.0
DOOR 0 0 1000 1000 983 806 2000 2000 40.0 1 996.3336373750235 847.8396676026731 986.6663626249765 958.1603323973269
DOOR 0 0 1000 1000 100 100 900 900 3.0 0
DOOR 0 0 1000 1000 1000 122 2000 1000 52.0 2 1000.0 176.0 1000.0 561.0 1000.0 561.0 1000.0 946.0
DOOR 0 0 1000 1000 5 1000 1000 2000 45.0 3 52.0 1000.0 352.3333333333333 1000.0 352.3333333333333 1000.0 652.6666666666666 1000.0 652.6666666666666 1000.0 953.0 1000.0
DOOR 0 0 1000 1000 544 780 2000 2000 67.0 1 937.854579371951 809.9824397766903 606.145420628049 970.0175602233097
DOOR 0 0 1000 1000 100 100 900 900 32.0 0
DOOR 0 0 1000 1000 1000 525 2000 1000 70.0 1 1000.0 597.0 1000.0 928.0
DOOR 0 0 1000 1000 671 1000 1000 2000 20.0 2 693.0 1000.0 835.5 1000.0 835.5 1000.0 978.0 1000.0
DOOR 0 0 1000 1000 690 892 2000 2000 83.0 1 919.7317549345883 919.9644208614983 770.2682450654117 972.0355791385017
DOOR 0 0 1000 1000 100 100 900 900 80.0 0
DOOR 0 0 1000 1000 1000 284 2000 1000 95.0 1 1000.0 381.0 1000.0 903.0
DOOR 0 0 1000 1000 41 1000 1000 2000 29.0 4 72.0 1000.0 296.25 1000.0 296.25 1000.0 520.5 1000.0 520.5 1000.0 744.75 1000.0 744.75 1000.0 969.0 1000.0
DOOR 0 0 1000 1000 620 571 2000 2000 69.0 1 952.9225140466541 624.148003878909 667.0774859533459 946.8519961210911
DOOR 0 0 1000 1000 100 100 900 900 51.0 0
DOOR 0 0 1000 1000 1000 565 2000 1000 30.0 2 1000.0 597.0 1000.0 782.5 1000.0 782.5 1000.0 968.0
DOOR 0 0 1000 1000 306 1000 1000 2000 30.0 3 338.0 1000.0 548.0 1000.0 548.0 1000.0 758.0 1000.0 758.0 1000.0 968.0 1000.0
DOOR 0 0 1000 1000 636 628 2000 2000 49.0 2 964.3316442668182 664.4522756394056 818.0 814.0 818.0 814.0 671.6683557331818 963.5477243605944
DOOR 0 0 1000 1000 100 100 900 900 89.0 0
DOOR 0 0 1000 1000 1000 360 2000 1000 77.0 1 1000.0 439.0 1000.0 921.0
DOOR 0 0 1000 1000 92 1000 1000 2000 64.0 2 158.0 1000.0 546.0 1000.0 546.0 1000.0 934.0 1000.0
DOOR 0 0 1000 1000 797 777 2000 2000 93.0 1 936.0490583094816 847.2515270787469 860.9509416905184 929.7484729212531
DOOR 0 0 1000 1000 100 100 900 900 29.0 0
DOOR 0 0 1000 1000 1000 390 2000 1000 25.0 3 1000.0 417.0 1000.0 602.3333333333334 1000.0 602.3333333333334 1000.0 787.6666666666667 1000.0 787.6666666666667 1000.0 973.0
DOOR 0 0 1000 1000 284 1000 1000 2000 63.0 2 349.0 1000.0 642.0 1000.0 642.0 1000.0 935.0 1000.0
DOOR 0 0 1000 1000 619 860 2000 2000 76.0 1 926.7862977371051 886.9026727475205 692.2137022628949 973.0973272524795
DOOR 0 0 1000 1000 100 100 900 900 22.0 0
DOOR 0 0 1000 1000 1000 195 2000 1000 85.0 1 1000.0 282.0 1000.0 913.0
DOOR 0 0 1000 1000 118 1000 1000 2000 26.0 4 146.0 1000.0 352.5 1000.0 352.5 1000.0 559.0 1000.0 559.0 1000.0 765.5 1000.0 765.5 1000.0 972.0 1000.0
DOOR 0 0 1000 1000 650 511 2000 2000 68.0 1 959.2582890789503 567.9219904011237 690.7417109210497 943.0780095988763
DOOR 0 0 1000 1000 100 100 900 900 94.0 0
DOOR 0 0 1000 1000 1000 723 2000 1000 31.0 1 1000.0 756.0 1000.0 967.0
DOOR 0 0 1000 1000 741 1000 1000 2000 100.0 1 843.0 1000.0 898.0 1000.0
DOOR 0 0 1000 1000 574 922 2000 2000 78.0 1 921.3082009848188 936.4083575661599 652.6917990151812 985.5916424338401
DOOR 0 0 1000 1000 100 100 900 900 89.0 0
DOOR 0 0 1000 1000 1000 48 2000 1000 100.0 1 1000.0 150.0 1000.0 898.0
DOOR 0 0 1000 1000 496 1000 1000 2000 60.0 1 558.0 1000.0 938.0 1000.0
DOOR 0 0 1000 1000 521 633 2000 2000 9.0 6 991.268276637046 639.6900677958332 914.3455177580307 698.6267118638888 914.3455177580307 698.6267118638888 837.4227588790153 757.5633559319444 837.4227588790153 757.5633559319444 760.5 816.5 760.5 816.5 683.5772411209846 875.4366440680556 683.5772411209846 875.4366440680556 606.6544822419694 934.3732881361112 606.6544822419694 934.3732881361112 529.731723362954 993.3099322041668
DOOR 0 0 1000 1000 100 100 900 900 40.0 0
DOOR 0 0 1000 1000 1000 50 2000 1000 47.0 2 1000.0 99.0 1000.0 525.0 1000.0 525.0 1000.0 951.0
DOOR 0 0 1000 1000 662 1000 1000 2000 14.0 3 678.0 1000.0 780.0 1000.0 780.0 1000.0 882.0 1000.0 882.0 1000.0 984.0 1000.0
DOOR 0 0 1000 1000 655 748 2000 2000 39.0 2 966.8916898769928 772.18346130724 827.5 874.0 827.5 874.0 688.1083101230072 975.8165386927599
DOOR 0 0 1000 1000 100 100 900 900 12.0 0
DOOR 0 0 1000 1000 1000 661 2000 1000 54.0 1 1000.0 717.0 1000.0 944.0
DOOR 0 0 1000 1000 675 1000 1000 2000 84.0 1 761.0 1000.0 914.0 1000.0
DOOR 0 0 1000 1000 685 729 2000 2000 3.0 9 996.2096689427453 732.2608879889397 962.0519647332463 761.6473573247308 962.0519647332463 761.6473573247308 927.8942605237474 791.033826660522 927.8942605237474 791.033826660522 893.7365563142484 820.4202959963133 893.7365563142484 820.4202959963133 859.5788521047494 849.8067653321044 859.5788521047494 849.8067653321044 825.4211478952506 879.1932346678956 825.4211478952506 879.1932346678956 791.2634436857516 908.5797040036869 791.2634436857516 908.5797040036869 757.1057394762526 937.966173339478 757.1057394762526 937.966173339478 722.9480352667535 967.3526426752692 722.9480352667535 967.3526426752692 688.7903310572547 996.7391120110603
DOOR 0 0 1000 1000 100 100 900 900 2.0 0
DOOR 0 0 1000 1000 1000 598 2000 1000 38.0 2 1000.0 638.0 1000.0 799.0 1000.0 799.0 1000.0 960.0
DOOR 0 0 1000 1000 88 1000 1000 2000 34.0 3 124.0 1000.0 404.0 1000.0 404.0 1000.0 684.0 1000.0 684.0 1000.0 964.0 1000.0
DOOR 0 0 1000 1000 897 874 2000 2000 100.0 0
DOOR 0 0 1000 1000 100 100 900 900 97.0 0
DOOR 0 0 1000 1000 1000 598 2000 1000 69.0 1 1000.0 669.0 1000.0 929.0
DOOR 0 0 1000 1000 454 1000 1000 2000 3.0 11 459.0 1000.0 507.72727272727275 1000.0 507.72727272727275 1000.0 556.4545454545455 1000.0 556.4545454545455 1000.0 605.1818181818182 1000.0 605.1818181818182 1000.0 653.9090909090909 1000.0 653.9090909090909 1000.0 702.6363636363636 1000.0 702.6363636363636 1000.0 751.3636363636364 1000.0 751.3636363636364 1000.0 800.090909090909 1000.0 800.090909090909 1000.0 848.8181818181818 1000.0 848.8181818181818 1000.0 897.5454545454545 1000.0 897.5454545454545 1000.0 946.2727272727273 1000.0 946.2727272727273 1000.0 995.0 1000.0
DOOR 0 0 1000 1000 648 717 2000 2000 96.0 1 923.623261874568 778.4051616178899 724.376738125432 938.5948383821101
DOOR 0 0 1000 1000 100 100 900 900 65.0 0
DOOR 0 0 1000 1000 1000 533 2000 1000 47.0 1 1000.0 582.0 1000.0 951.0
DOOR 0 0 1000 1000 402 1000 1000 2000 22.0 3 426.0 1000.0 609.3333333333334 1000.0 609.3333333333334 1000.0 792.6666666666667 1000.0 792.6666666666667 1000.0 976.0 1000.0
DOOR 0 0 1000 1000 803 917 2000 2000 21.0 1 978.8044121752656 925.9301207586444 824.1955878247344 991.0698792413556
DOOR 0 0 1000 1000 100 100 900 900 76.0 0
DOOR 0 0 1000 1000 1000 215 2000 1000 95.0 1 1000.0 312.0 1000.0 903.0
DOOR 0 0 1000 1000 243 1000 1000 2000 81.0 1 326.0 1000.0 917.0 1000.0
DOOR 0 0 1000 1000 561 748 2000 2000 45.0 2 959.2383620435755 771.3984801025489 780.5 874.0 780.5 874.0 601.7616379564245 976.6015198974511
DOOR 0 0 1000 1000 100 100 900 900 65.0 0
DOOR 0 0 1000 1000 1000 674 2000 1000 12.0 3 1000.0 688.0 1000.0 787.3333333333334 1000.0 787.3333333333334 1000.0 886.6666666666666 1000.0 886.6666666666666 1000.0 986.0
DOOR 0 0 1000 1000 495 1000 1000 2000 61.0 1 558.0 1000.0 937.0 1000.0
DOOR 0 0 1000 1000 966 709 2000 2000 51.0 1 993.8493994700827 761.6419045354685 972.1506005299173 947.3580954645315
DOOR 0 0 1000 1000 100 100 900 900 15.0 0
DOOR 0 0 1000 1000 1000 189 2000 1000 83.0 1 1000.0 274.0 1000.0 915.0
DOOR 0 0 1000 1000 417 1000 1000 2000 57.0 1 476.0 1000.0 941.0 1000.0
DOOR 0 0 1000 1000 729 893 2000 2000 15.0 2 984.1878856845907 899.2431595267483 864.5 946.5 864.5 946.5 744.8121143154093 993.7568404732517
DOOR 0 0 1000 1000 100 100 900 900 16.0 0
DOOR 0 0 1000 1000 1000 211 2000 1000 1.0 27 1000.0 214.0 1000.0 243.0 1000.0 243.0 1000.0 272.0 1000.0 272.0 1000.0 301.0 1000.0 301.0 1000.0 330.0 1000.0 330.0 1000.0 359.0 1000.0 359.0 1000.0 388.0 1000.0 388.0 1000.0 417.0 1000.0 417.0 1000.0 446.0 1000.0 446.0 1000.0 475.0 1000.0 475.0 1000.0 504.0 1000.0 504.0 1000.0 533.0 1000.0 533.0 1000.0 562.0 1000.0 562.0 1000.0 591.0 1000.0 591.0 1000.0 620.0 1000.0 620.0 1000.0 649.0 1000.0 649.0 1000.0 678.0 1000.0 678.0 1000.0 707.0 1000.0 707.0 1000.0 736.0 1000.0 736.0 1000.0 765.0 1000.0 765.0 1000.0 794.0 1000.0 794.0 1000.0 823.0 1000.0 823.0 1000.0 852.0 1000.0 852.0 1000.0 881.0 1000.0 881.0 1000.0 910.0 1000.0 910.0 1000.0 939.0 1000.0 939.0 1000.0 968.0 1000.0 968.0 1000.0 997.0
DOOR 0 0 1000 1000 629 1000 1000 2000 19.0 2 650.0 1000.0 814.5 1000.0 814.5 1000.0 979.0 1000.0
DOOR 0 0 1000 1000 803 687 2000 2000 46.0 1 974.431848028475 727.6235104928292 828.568151971525 959.3764895071708
DOOR 0 0 1000 1000 100 100 900 900 88.0 0
DOOR 0 0 1000 1000 1000 205 2000 1000 63.0 2 1000.0 270.0 1000.0 602.5 1000.0 602.5 1000.0 935.0
DOOR 0 0 1000 1000 586 1000 1000 2000 3.0 9 591.0 1000.0 635.8888888888889 1000.0 635.8888888888889 1000.0 680.7777777777778 1000.0 680.7777777777778 1000.0 725.6666666666666 1000.0 725.6666666666666 1000.0 770.5555555555555 1000.0 770.5555555555555 1000.0 815.4444444444445 1000.0 815.4444444444445 1000.0 860.3333333333333 1000.0 860.3333333333333 1000.0 905.2222222222222 1000.0 905.2222222222222 1000.0 950.1111111111111 1000.0 950.1111111111111 1000.0 995.0 1000.0
DOOR 0 0 1000 1000 900 858 2000 2000 31.0 1 980.9993055633994 884.9809860999729 919.0006944366006 973.0190139000271
DOOR 0 0 1000 1000 100 100 900 900 49.0 0
DOOR 0 0 1000 1000 1000 59 2000 1000 3.0 19 1000.0 64.0 1000.0 113.0 1000.0 113.0 1000.0 162.0 1000.0 162.0 1000.0 211.0 1000.0 211.0 1000.0 260.0 1000.0 260.0 1000.0 309.0 1000.0 309.0 1000.0 358.0 1000.0 358.0 1000.0 407.0 1000.0 407.0 1000.0 456.0 1000.0 456.0 1000.0 505.0 1000.0 505.0 1000.0 554.0 1000.0 554.0 1000.0 603.0 1000.0 603.0 1000.0 652.0 1000.0 652.0 1000.0 701.0 1000.0 701.0 1000.0 750.0 1000.0 750.0 1000.0 799.0 1000.0 799.0 1000.0 848.0 1000.0 848.0 1000.0 897.0 1000.0 897.0 1000.0 946.0 1000.0 946.0 1000.0 995.0
DOOR 0 0 1000 1000 494 1000 1000 2000 44.0 2 540.0 1000.0 747.0 1000.0 747.0 1000.0 954.0 1000.0
DOOR 0 0 1000 1000 785 955 2000 2000 47.0 1 952.0392593626094 965.038294552012 832.9607406373906 989.961705447988
DOOR 0 0 1000 1000 100 100 900 900 18.0 0
DOOR 0 0 1000 1000 1000 75 2000 1000 38.0 3 1000.0 115.0 1000.0 396.6666666666667 1000.0 396.6666666666667 1000.0 678.3333333333334 1000.0 678.3333333333334 1000.0 960.0
DOOR 0 0 1000 1000 549 1000 1000 2000 67.0 1 618.0 1000.0 931.0 1000.0
DOOR 0 0 1000 1000 664 621 2000 2000 5.0 8 995.3563197106008 626.2379608026259 954.5172397829506 672.3034706019695 954.5172397829506 672.3034706019695 913.6781598553005 718.3689804013129 913.6781598553005 718.3689804013129 872.8390799276502 764.4344902006565 872.8390799276502 764.4344902006565 832.0 810.5 832.0 810.5 791.1609200723498 856.5655097993435 791.1609200723498 856.5655097993435 750.3218401446995 902.6310195986871 750.3218401446995 902.6310195986871 709.4827602170494 948.6965293980306 709.4827602170494 948.6965293980306 668.6436802893992 994.7620391973741
DOOR 0 0 1000 1000 100 100 900 900 78.0 0
DOOR 0 0 1000 1000 1000 272 2000 1000 66.0 2 1000.0 340.0 1000.0 636.0 1000.0 636.0 1000.0 932.0
DOOR 0 0 1000 1000 674 1000 1000 2000 100.0 1 776.0 1000.0 898.0 1000.0
DOOR 0 0 1000 1000 689 662 2000 2000 38.0 2 972.9158521830107 691.4355047014226 844.5 831.0 844.5 831.0 716.0841478169893 970.5644952985774
DOOR 0 0 1000 1000 100 100 900 900 83.0 0
DOOR 0 0 1000 1000 1000 764 2000 1000 55.0 1 1000.0 821.0 1000.0 943.0
DOOR 0 0 1000 1000 428 1000 1000 2000 86.0 1 516.0 1000.0 912.0 1000.0
DOOR 0 0 1000 1000 737 829 2000 2000 33.0 1 970.6570227483222 848.0785137263761 766.3429772516778 980.9214862736239
DOOR 0 0 1000 1000 100 100 900 900 57.0 0
DOOR 0 0 1000 1000 1000 773 2000 1000 7.0 3 1000.0 782.0 1000.0 851.6666666666666 1000.0 851.6666666666666 1000.0 921.3333333333334 1000.0 921.3333333333334 1000.0 991.0
DOOR 0 0 1000 1000 250 1000 1000 2000 37.0 2 289.0 1000.0 625.0 1000.0 625.0 1000.0 961.0 1000.0
DOOR 0 0 1000 1000 913 956 2000 2000 12.0 1 987.5068709046805 962.3183641401616 925.4931290953195 993.6816358598384
DOOR 0 0 1000 1000 100 100 900 900 70.0 0
DOOR 0 0 1000 1000 1000 707 2000 1000 7.0 4 1000.0 716.0 1000.0 784.75 1000.0 784.75 1000.0 853.5 1000.0 853.5 1000.0 922.25 1000.0 922.25 1000.0 991.0
DOOR 0 0 1000 1000 727 1000 1000 2000 25.0 2 754.0 1000.0 863.5 1000.0 863.5 1000.0 973.0 1000.0
DOOR 0 0 1000 1000 930 633 2000 2000 69.0 1 986.6975758668651 702.7427093837211 943.3024241331349 930.2572906162789
DOOR 0 0 1000 1000 100 100 900 900 93.0 0
DOOR 0 0 1000 1000 1000 720 2000 1000 41.0 1 1000.0 763.0 1000.0 957.0
DOOR 0 0 1000 1000 542 1000 1000 2000 34.0 2 578.0 1000.0 771.0 1000.0 771.0 1000.0 964.0 1000.0
DOOR 0 0 1000 1000 940 614 2000 2000 5.0 6 998.9248285699358 620.9169362000797 989.2832190466239 682.9446241333865 989.2832190466239 682.9446241333865 979.6416095233119 744.9723120666932 979.6416095233119 744.9723120666932 970.0 807.0 970.0 807.0 960.3583904766881 869.0276879333067 960.3583904766881 869.0276879333067 950.7167809533761 931.0553758666135 950.7167809533761 931.0553758666135 941.0751714300642 993.0830637999202
DOOR 0 0 1000 1000 100 100 900 900 61.0 0
DOOR 0 0 1000 1000 1000 550 2000 1000 98.0 1 1000.0 650.0 1000.0 900.0
DOOR 0 0 1000 1000 702 1000 1000 2000 15.0 2 719.0 1000.0 851.0 1000.0 851.0 1000.0 983.0 1000.0
DOOR 0 0 1000 1000 506 830 2000 2000 83.0 1 919.6260220503697 857.6590612377271 586.3739779496303 972.340938762273
DOOR 0 0 1000 1000 100 100 900 900 77.0 0
DOOR 0 0 1000 1000 1000 228 2000 1000 99.0 1 1000.0 329.0 1000.0 899.0
DOOR 0 0 1000 1000 278 1000 1000 2000 69.0 2 349.0 1000.0 639.0 1000.0 639.0 1000.0 929.0 1000.0
DOOR 0 0 1000 1000 839 872 2000 2000 77.0 1 938.1617604055746 921.1633209197917 900.8382395944254 950.8366790802083
DOOR 0 0 1000 1000 100 100 900 900 88.0 0
DOOR 0 0 1000 1000 1000 73 2000 1000 25.0 4 1000.0 100.0 1000.0 318.25 1000.0 318.25 1000.0 536.5 1000.0 536.5 1000.0 754.75 1000.0 754.75 1000.0 973.0
DOOR 0 0 1000 1000 634 1000 1000 2000 15.0 3 651.0 1000.0 761.6666666666666 1000.0 761.6666666666666 1000.0 872.3333333333334 1000.0 872.3333333333334 1000.0 983.0 1000.0
DOOR 0 0 1000 1000 891 916 2000 2000 66.0 1 946.138329215862 957.5080765675926 944.861670784138 958.4919234324074
DOOR 0 0 1000 1000 100 100 900 900 19.0 0
DOOR 0 0 1000 1000 1000 439 2000 1000 87.0 1 1000.0 528.0 1000.0 911.0
DOOR 0 0 1000 1000 396 1000 1000 2000 56.0 2 454.0 1000.0 698.0 1000.0 698.0 1000.0 942.0 1000.0
DOOR 0 0 1000 1000 786 567 2000 2000 58.0 1 973.4159211605108 620.7892810163496 812.5840788394892 946.2107189836504
DOOR 0 0 1000 1000 100 100 900 900 27.0 0
DOOR 0 0 1000 1000 1000 337 2000 1000 56.0 2 1000.0 395.0 1000.0 668.5 1000.0 668.5 1000.0 942.0
DOOR 0 0 1000 1000 483 1000 1000 2000 34.0 2 519.0 1000.0 741.5 1000.0 741.5 1000.0 964.0 1000.0
DOOR 0 0 1000 1000 575 521 2000 2000 73.0 1 950.2236196283778 577.100908701193 624.7763803716222 943.899091298807
DOOR 0 0 1000 1000 100 100 900 900 21.0 0
DOOR 0 0 1000 1000 1000 476 2000 1000 55.0 1 1000.0 533.0 1000.0 943.0
DOOR 0 0 1000 1000 679 1000 1000 2000 95.0 1 776.0 1000.0 903.0 1000.0
DOOR 0 0 1000 1000 654 550 2000 2000 39.0 2 975.0088406027755 582.5029529732687 827.0 775.0 827.0 775.0 678.9911593972245 967.4970470267313
DOOR 0 0 1000 1000 100 100 900 900 22.0 0
DOOR 0 0 1000 1000 1000 705 2000 1000 85.0 1 1000.0 792.0 1000.0 913.0
DOOR 0 0 1000 1000 658 1000 1000 2000 52.0 1 712.0 1000.0 946.0 1000.0
DOOR 0 0 1000 1000 758 536 2000 2000 57.0 1 972.7163119272719 588.3125258915117 785.2836880727281 947.6874741084883
DOOR 0 0 1000 1000 100 100 900 900 55.0 0
DOOR 0 0 1000 1000 1000 41 2000 1000 19.0 5 1000.0 62.0 1000.0 245.4 1000.0 245.4 1000.0 428.8 1000.0 428.8 1000.0 612.2 1000.0 612.2 1000.0 795.6 1000.0 795.6 1000.0 979.0
DOOR 0 0 1000 1000 432 1000 1000 2000 64.0 1 498.0 1000.0 934.0 1000.0
DOOR 0 0 1000 1000 651 977 2000 2000 30.0 2 968.0692648590058 979.1043177886615 825.5 988.5 825.5 988.5 682.9307351409942 997.8956822113385
DOOR 0 0 1000 1000 100 100 900 900 75.0 0
DOOR 0 0 1000 1000 1000 703 2000 1000 50.0 1 1000.0 755.0 1000.0 948.0
DOOR 0 0 1000 1000 607 1000 1000 2000 35.0 2 644.0 1000.0 803.5 1000.0 803.5 1000.0 963.0 1000.0
DOOR 0 0 1000 1000 705 822 2000 2000 58.0 1 948.6274121956375 852.997697048056 756.3725878043625 969.002302951944
DOOR 0 0 1000 1000 100 100 900 900 34.0 0
DOOR 0 0 1000 1000 1000 657 2000 1000 64.0 1 1000.0 723.0 1000.0 934.0
DOOR 0 0 1000 1000 79 1000 1000 2000 88.0 2 169.0 1000.0 539.5 1000.0 539.5 1000.0 910.0 1000.0
DOOR 0 0 1000 1000 895 872 2000 2000 10.0 2 992.3893114520173 881.2777917537313 947.5 936.0 947.5 936.0 902.6106885479827 990.7222082462687
DOOR 0 0 1000 1000 100 100 900 900 54.0 0
DOOR 0 0 1000 1000 1000 239 2000 1000 89.0 1 1000.0 330.0 1000.0 909.0
DOOR 0 0 1000 1000 227 1000 1000 2000 77.0 1 306.0 1000.0 921.0 1000.0
DOOR 0 0 1000 1000 896 759 2000 2000 34.0 1 985.7361854351894 792.053647212686 910.2638145648106 966.946352787314
DOOR 0 0 1000 1000 100 100 900 900 97.0 0
DOOR 0 0 1000 1000 1000 618 2000 1000 97.0 1 1000.0 717.0 1000.0 901.0
DOOR 0 0 1000 1000 718 1000 1000 2000 76.0 1 796.0 1000.0 922.0 1000.0
DOOR 0 0 1000 1000 612 963 2000 2000 49.0 1 949.2303193617261 967.8414386175674 662.7696806382739 995.1585613824326
DOOR 0 0 1000 1000 100 100 900 900 91.0 0
DOOR 0 0 1000 1000 1000 757 2000 1000 47.0 1 1000.0 806.0 1000.0 951.0
DOOR 0 0 1000 1000 278 1000 1000 2000 13.0 5 293.0 1000.0 431.4 1000.0 431.4 1000.0 569.8 1000.0 569.8 1000.0 708.2 1000.0 708.2 1000.0 846.6 1000.0 846.6 1000.0 985.0 1000.0
DOOR 0 0 1000 1000 632 829 2000 2000 83.0 1 922.9156712108359 864.819076692791 709.0843287891641 964.180923307209
DOOR 0 0 1000 1000 100 100 900 900 54.0 0
DOOR 0 0 1000 1000 1000 263 2000 1000 1.0 25 1000.0 266.0 1000.0 295.24 1000.0 295.24 1000.0 324.48 1000.0 324.48 1000.0 353.72 1000.0 353.72 1000.0 382.96 1000.0 382.96 1000.0 412.2 1000.0 412.2 1000.0 441.44 1000.0 441.44 1000.0 470.67999999999995 1000.0 470.67999999999995 1000.0 499.91999999999996 1000.0 499.91999999999996 1000.0 529.16 1000.0 529.16 1000.0 558.4 1000.0 558.4 1000.0 587.64 1000.0 587.64 1000.0 616.88 1000.0 616.88 1000.0 646.1200000000001 1000.0 646.1200000000001 1000.0 675.3599999999999 1000.0 675.3599999999999 1000.0 704.5999999999999 1000.0 704.5999999999999 1000.0 733.8399999999999 1000.0 733.8399999999999 1000.0 763.0799999999999 1000.0 763.0799999999999 1000.0 792.3199999999999 1000.0 792.3199999999999 1000.0 821.56 1000.0 821.56 1000.0 850.8 1000.0 850.8 1000.0 880.04 1000.0 880.04 1000.0 909.28 1000.0 909.28 1000.0 938.52 1000.0 938.52 1000.0 967.76 1000.0 967.76 1000.0 997.0
DOOR 0 0 1000 1000 500 1000 1000 2000 28.0 2 530.0 1000.0 750.0 1000.0 750.0 1000.0 970.0 1000.0
DOOR 0 0 1000 1000 501 889 2000 2000 66.0 1 933.6224113127744 903.7653553993629 567.3775886872256 985.2346446006371
DOOR 0 0 1000 1000 100 100 900 900 18.0 0
DOOR 0 0 1000 1000 1000 311 2000 1000 88.0 1 1000.0 401.0 1000.0 910.0
DOOR 0 0 1000 1000 146 1000 1000 2000 65.0 2 213.0 1000.0 573.0 1000.0 573.0 1000.0 933.0 1000.0
DOOR 0 0 1000 1000 808 559 2000 2000 80.0 1 967.2670594090955 634.1834729197336 840.7329405909045 924.8165270802664
DOOR 0 0 1000 1000 100 100 900 900 97.0 0
CORNER -82.5 -94.0 42.0 -93.5 0 1 -82.5 -93.5
DISTANCE -82.5 -94.0 42.0 -93.5 5.5 4.25 684.7532972720905
CORNER -57.75 33.75 -52.75 -9.25 0 1 -57.75 -9.25
DISTANCE -57.75 33.75 -52.75 -9.25 2.75 3.5 151.1268093357363
CORNER -16.5 -9.25 -53.5 6.0 1 0 -38.25 -9.25
DISTANCE -16.5 -9.25 -53.5 6.0 4.5 1.75 168.62524323555473
CORNER 51.5 5.25 -28.5 65.5 0 1 51.5 65.5
DISTANCE 51.5 5.25 -28.5 65.5 4.75 4.5 466.80698969167116
CORNER -84.75 -38.0 18.0 49.25 0 0 2.5 49.25
DISTANCE -84.75 -38.0 18.0 49.25 5.5 2.75 613.9513576263595
CORNER 92.5 85.25 -28.25 19.75 1 0 37.25 85.25
DISTANCE 92.5 85.25 -28.25 19.75 5.0 1.75 614.5347452544893
CORNER -43.25 -32.75 -83.75 39.75 1 0 -83.75 7.75
DISTANCE -43.25 -32.75 -83.75 39.75 2.75 4.5 344.73678818048995
CORNER -18.25 -2.0 46.0 -45.5 1 0 2.5 -2.0
DISTANCE -18.25 -2.0 46.0 -45.5 5.5 5.75 432.93926392740127
CORNER 68.75 -54.0 -40.0 -44.0 1 1 -40.0 -54.0
DISTANCE 68.75 -54.0 -40.0 -44.0 5.25 2.0 571.2876936415224
CORNER 17.0 -71.0 97.0 76.5 0 0 17.0 -3.5
DISTANCE 17.0 -71.0 97.0 76.5 4.25 2.0 450.1388674620311
CORNER 60.0 -15.75 3.25 -25.5 1 1 3.25 -15.75
DISTANCE 60.0 -15.75 3.25 -25.5 3.25 1.5 185.0164371920776
CORNER -94.5 74.5 27.75 82.75 0 0 -86.25 82.75
DISTANCE -94.5 74.5 27.75 82.75 1.5 5.25 188.42070820705987
CORNER -59.5 83.0 -62.25 53.25 1 1 -62.25 83.0
DISTANCE -59.5 83.0 -62.25 53.25 3.75 4.0 119.44600309868054
CORNER 99.25 82.0 21.0 96.75 1 0 35.75 82.0
DISTANCE 99.25 82.0 21.0 96.75 1.25 3.25 108.92790763849271
CORNER -70.0 0.25 71.25 83.5 1 1 71.25 0.25
DISTANCE -70.0 0.25 71.25 83.5 5.0 4.0 780.8188410252407
CORNER -13.5 76.75 90.75 -43.0 1 0 90.75 -27.5
DISTANCE -13.5 76.75 90.75 -43.0 1.75 2.5 350.58355927118146
CORNER -5.25 -33.25 61.75 73.75 1 0 61.75 33.75
DISTANCE -5.25 -33.25 61.75 73.75 5.0 1.0 351.67314370022626
CORNER -38.75 -19.25 -38.25 -34.5 0 1 -38.75 -34.5
DISTANCE -38.75 -19.25 -38.25 -34.5 5.25 4.5 68.67518656691075
CORNER -18.0 -9.5 94.75 49.75 0 1 -18.0 49.75
DISTANCE -18.0 -9.5 94.75 49.75 1.0 5.5 344.8290563815642
CORNER -73.0 51.25 -60.0 -50.75 0 0 -73.0 -37.75
DISTANCE -73.0 51.25 -60.0 -50.75 2.75 2.25 232.26776035429455
CORNER 20.5 -52.0 6.25 -27.0 1 0 6.25 -37.75
DISTANCE 20.5 -52.0 6.25 -27.0 2.75 4.5 119.12980381185054
CORNER 73.75 15.5 -2.75 0.75 1 0 12.0 15.5
DISTANCE 73.75 15.5 -2.75 0.75 2.25 4.0 181.95608158289187
CORNER -77.25 75.25 37.25 -53.0 0 0 -77.25 61.5
DISTANCE -77.25 75.25 37.25 -53.0 2.0 3.5 503.9144427628563
CORNER 93.75 -22.75 -46.25 15.75 0 1 93.75 15.75
DISTANCE 93.75 -22.75 -46.25 15.75 3.0 4.5 454.32979486271864
CORNER 97.25 9.0 59.0 -2.75 0 1 97.25 -2.75
DISTANCE 97.25 9.0 59.0 -2.75 3.5 5.0 146.19876239216254
CORNER -78.0 93.5 -6.5 3.0 1 0 -6.5 22.0
DISTANCE -78.0 93.5 -6.5 3.0 3.0 1.5 253.84702578521578
CORNER -55.5 91.75 44.25 -33.25 0 1 -55.5 -33.25
DISTANCE -55.5 91.75 44.25 -33.25 2.25 5.75 752.976595855575
CORNER 13.0 -17.25 -63.75 14.5 0 1 13.0 14.5
DISTANCE 13.0 -17.25 -63.75 14.5 5.75 1.25 443.09346679058586
CORNER 21.25 24.5 -70.0 -85.0 1 1 -70.0 24.5
DISTANCE 21.25 24.5 -70.0 -85.0 3.75 2.25 421.6549842955138
CORNER 23.5 -27.25 -55.25 -87.75 1 1 -55.25 -27.25
DISTANCE 23.5 -27.25 -55.25 -87.75 5.0 5.75 525.4103901951312
CORNER 1.75 -23.25 -51.25 -18.25 1 1 -51.25 -23.25
DISTANCE 1.75 -23.25 -51.25 -18.25 1.75 5.25 96.39307547744288
CORNER 98.5 27.5 50.5 -67.75 0 1 98.5 -67.75
DISTANCE 98.5 27.5 50.5 -67.75 5.0 3.75 430.3288395590632
CORNER -25.0 66.25 -41.5 81.0 0 0 -39.75 81.0
DISTANCE -25.0 66.25 -41.5 81.0 4.75 1.25 80.51448336324341
CORNER 15.0 71.0 -96.0 6.0 0 1 15.0 6.0
DISTANCE 15.0 71.0 -96.0 6.0 4.75 2.25 547.1577697520158
CORNER -55.25 -86.75 -74.5 45.0 1 0 -74.5 -67.5
DISTANCE -55.25 -86.75 -74.5 45.0 4.5 4.0 534.0719901146286
CORNER 57.0 -33.5 -18.75 16.0 1 0 30.75 -33.5
DISTANCE 57.0 -33.5 -18.75 16.0 2.5 2.5 226.22323736742874
CORNER -63.5 96.25 -43.25 -61.75 0 1 -63.5 -61.75
DISTANCE -63.5 96.25 -43.25 -61.75 3.25 1.0 171.1586549265038
CORNER 47.25 -22.0 78.5 -40.75 1 1 78.5 -22.0
DISTANCE 47.25 -22.0 78.5 -40.75 3.5 2.75 120.91973383716159
CORNER -9.75 27.5 39.75 18.5 1 1 39.75 27.5
DISTANCE -9.75 27.5 39.75 18.5 3.5 3.0 175.34127437657114
CORNER -75.0 53.5 -28.5 -50.5 1 1 -28.5 53.5
DISTANCE -75.0 53.5 -28.5 -50.5 3.75 5.0 548.4584219656035
CORNER 39.75 -38.5 -53.25 -16.0 0 1 39.75 -16.0
DISTANCE 39.75 -38.5 -53.25 -16.0 1.75 1.5 166.21258977586504
CORNER -73.5 10.75 -8.75 47.25 0 1 -73.5 47.25
DISTANCE -73.5 10.75 -8.75 47.25 3.25 2.5 229.3697972843199
CORNER -31.25 -73.25 66.0 89.5 1 0 66.0 24.0
DISTANCE -31.25 -73.25 66.0 89.5 2.5 4.5 771.6753891695653
CORNER -46.25 35.5 -39.0 31.0 0 1 -46.25 31.0
DISTANCE -46.25 35.5 -39.0 31.0 4.25 2.0 32.10000243380053
CORNER -79.0 38.0 23.75 -11.25 1 0 -25.5 38.0
DISTANCE -79.0 38.0 23.75 -11.25 2.75 3.0 318.85988914607935
CORNER 0.5 -31.0 10.25 44.5 0 0 0.5 34.75
DISTANCE 0.5 -31.0 10.25 44.5 3.75 3.0 229.43205182853157
CORNER 29.0 79.75 21.0 58.5 1 1 21.0 79.75
DISTANCE 29.0 79.75 21.0 58.5 2.75 2.0 47.85655649960619
CORNER 33.25 17.5 -30.75 69.5 1 0 21.25 17.5
DISTANCE 33.25 17.5 -30.75 69.5 4.25 3.5 327.27358585745964
CORNER 2.25 40.5 83.25 -90.0 1 0 83.25 -40.5
DISTANCE 2.25 40.5 83.25 -90.0 5.5 3.25 615.1034592855092
CORNER 45.5 -6.25 63.75 -93.0 1 0 63.75 -24.5
DISTANCE 45.5 -6.25 63.75 -93.0 4.5 4.75 420.1666568532658
CORNER 19.25 22.25 88.25 30.5 0 1 19.25 30.5
DISTANCE 19.25 22.25 88.25 30.5 4.25 3.0 294.2925840044224
CORNER 88.75 -15.0 16.25 67.75 0 1 88.75 67.75
DISTANCE 88.75 -15.0 16.25 67.75 3.75 1.5 298.869589035084
CORNER -29.0 -8.5 59.0 14.25 1 0 36.25 -8.5
DISTANCE -29.0 -8.5 59.0 14.25 3.0 1.0 264.9784189325614
CORNER 39.25 -98.25 62.75 34.5 1 0 62.75 -74.75
DISTANCE 39.25 -98.25 62.75 34.5 3.0 5.25 700.4942033352239
CORNER -51.5 -52.75 -69.5 12.5 0 1 -51.5 12.5
DISTANCE -51.5 -52.75 -69.5 12.5 1.0 3.25 212.82505469575239
CORNER 42.0 59.25 -12.5 88.25 0 0 13.0 88.25
DISTANCE 42.0 59.25 -12.5 88.25 2.5 1.0 139.30205490228778
CORNER -58.0 -34.75 -99.5 -33.25 1 1 -99.5 -34.75
DISTANCE -58.0 -34.75 -99.5 -33.25 3.0 4.75 124.70371135214862
CORNER -94.5 -53.25 -42.0 -29.5 0 0 -70.75 -29.5
DISTANCE -94.5 -53.25 -42.0 -29.5 4.5 5.0 264.41562926574517
CORNER -41.5 20.0 60.5 -88.0 1 0 60.5 -82.0
DISTANCE -41.5 20.0 60.5 -88.0 3.75 1.75 426.64651645126554
CORNER 43.0 84.0 73.5 69.25 0 0 57.75 69.25
DISTANCE 43.0 84.0 73.5 69.25 2.75 1.25 85.87757001248929
CORNER -81.0 -68.0 33.25 42.5 1 1 33.25 -68.0
DISTANCE -81.0 -68.0 33.25 42.5 2.0 5.5 649.2860020822873
CORNER 95.0 26.25 24.75 25.0 0 1 95.0 25.0
DISTANCE 95.0 26.25 24.75 25.0 1.75 2.75 122.98554920192859
CORNER 23.5 -53.0 -98.0 -1.25 1 0 -46.25 -53.0
DISTANCE 23.5 -53.0 -98.0 -1.25 4.75 3.5 604.8797659452662
CORNER -88.25 96.75 -95.25 44.25 1 1 -95.25 96.75
DISTANCE -88.25 96.75 -95.25 44.25 2.5 2.75 145.4317387127033
CORNER -75.75 -34.0 -15.25 56.5 1 0 -15.25 26.5
DISTANCE -75.75 -34.0 -15.25 56.5 4.5 1.75 314.96460614646844
CORNER -12.75 -86.75 58.0 -79.5 0 0 -5.5 -79.5
DISTANCE -12.75 -86.75 58.0 -79.5 1.25 5.75 97.77033835729526
CORNER -26.5 -25.75 -23.5 -32.5 1 0 -23.5 -28.75
DISTANCE -26.5 -25.75 -23.5 -32.5 2.0 2.5 17.90993090438933
CORNER 15.75 60.0 -14.5 3.0 0 0 15.75 33.25
DISTANCE 15.75 60.0 -14.5 3.0 3.75 2.0 160.8230904013786
CORNER 28.75 -37.5 97.75 -48.75 0 1 28.75 -48.75
DISTANCE 28.75 -37.5 97.75 -48.75 3.75 3.75 262.1666410057733
CORNER 97.25 91.75 -49.25 32.0 0 0 37.5 32.0
DISTANCE 97.25 91.75 -49.25 32.0 4.5 2.5 675.9611328508466
CORNER 46.5 -46.75 68.75 -92.0 1 1 68.75 -46.75
DISTANCE 46.5 -46.75 68.75 -92.0 1.5 5.0 228.69838898645526
CORNER 99.25 86.75 -86.25 -77.25 1 1 -86.25 86.75
DISTANCE 99.25 86.75 -86.25 -77.25 1.5 4.75 827.2025522808788
CORNER -45.25 -16.25 9.75 -77.5 0 0 -45.25 -22.5
DISTANCE -45.25 -16.25 9.75 -77.5 4.75 4.75 391.0194258681402
CORNER 57.0 -65.25 94.5 72.0 1 1 94.5 -65.25
DISTANCE 57.0 -65.25 94.5 72.0 5.75 2.5 405.25165792381404
CORNER -67.75 -18.75 84.25 -44.75 0 0 -41.75 -44.75
DISTANCE -67.75 -18.75 84.25 -44.75 4.25 2.75 649.944805348885
CORNER 26.5 -86.75 -37.5 -95.0 1 0 -29.25 -86.75
DISTANCE 26.5 -86.75 -37.5 -95.0 5.5 2.0 352.3865065521096
CORNER -17.0 21.75 44.25 -60.75 0 1 -17.0 -60.75
DISTANCE -17.0 21.75 44.25 -60.75 2.25 1.5 185.21972804280327
CORNER -31.5 -63.75 31.75 13.75 0 1 -31.5 13.75
DISTANCE -31.5 -63.75 31.75 13.75 2.0 3.25 281.8568175953883
CORNER -82.25 -85.25 16.75 -1.25 1 1 16.75 -85.25
DISTANCE -82.25 -85.25 16.75 -1.25 1.0 1.75 177.22866585290316
CORNER -81.5 -10.25 -90.0 -87.5 1 0 -90.0 -18.75
DISTANCE -81.5 -10.25 -90.0 -87.5 4.25 1.75 139.9309679136466
CORNER 94.0 -10.5 4.5 -29.75 0 1 94.0 -29.75
DISTANCE 94.0 -10.5 4.5 -29.75 4.5 3.0 406.86929719505747
CORNER 88.75 -7.75 41.75 -65.5 0 0 88.75 -18.5
DISTANCE 88.75 -7.75 41.75 -65.5 3.25 1.25 168.9485059308013
CORNER 74.25 80.5 63.5 -96.5 1 1 63.5 80.5
DISTANCE 74.25 80.5 63.5 -96.5 4.0 3.0 532.7382096302085
CORNER 100.0 78.75 74.75 -98.5 0 0 100.0 -73.25
DISTANCE 100.0 78.75 74.75 -98.5 4.25 3.25 585.9726756108172
CORNER 9.0 67.0 49.5 -84.0 0 1 9.0 -84.0
DISTANCE 9.0 67.0 49.5 -84.0 4.5 3.25 523.4984479442131
CORNER -100.0 41.75 -77.25 4.75 0 0 -100.0 27.5
DISTANCE -100.0 41.75 -77.25 4.75 4.25 5.25 216.98279921747255
CORNER -8.75 41.0 20.0 24.5 0 1 -8.75 24.5
DISTANCE -8.75 41.0 20.0 24.5 2.25 5.5 111.44521145500151
CORNER 23.25 -100.0 47.0 23.0 0 0 23.25 -0.75
DISTANCE 23.25 -100.0 47.0 23.0 4.5 3.0 384.16567470949303
CORNER 37.75 59.0 74.0 89.25 1 1 74.0 59.0
DISTANCE 37.75 59.0 74.0 89.25 1.25 2.25 81.76629233675696
CORNER 22.25 -72.0 -57.0 -91.25 0 0 3.0 -91.25
DISTANCE 22.25 -72.0 -57.0 -91.25 4.25 3.25 342.5736804871326
CORNER 96.0 -40.5 85.0 -84.0 1 0 85.0 -51.5
DISTANCE 96.0 -40.5 85.0 -84.0 3.75 4.25 189.42103400889775
CORNER -61.75 44.0 74.0 88.5 1 1 74.0 44.0
DISTANCE -61.75 44.0 74.0 88.5 3.5 3.5 500.001828121658
CORNER 89.25 65.0 -70.75 -30.5 0 1 89.25 -30.5
DISTANCE 89.25 65.0 -70.75 -30.5 3.75 2.0 629.6673725071039
CORNER -17.0 96.75 -36.25 53.25 1 1 -36.25 96.75
DISTANCE -17.0 96.75 -36.25 53.25 4.25 2.5 136.08764696418996
CORNER 70.0 -13.75 70.0 83.75 1 1 70.0 -13.75
DISTANCE 70.0 -13.75 70.0 83.75 4.25 1.5 146.25
CORNER -53.75 47.5 27.25 28.25 1 0 8.0 47.5
DISTANCE -53.75 47.5 27.25 28.25 5.75 4.5 473.7372194845999
CORNER 39.5 20.75 -37.0 -24.75 0 0 -6.0 -24.75
DISTANCE 39.5 20.75 -37.0 -24.75 1.75 5.75 293.88799949980944
CORNER 94.5 -70.75 40.75 9.25 0 1 94.5 9.25
DISTANCE 94.5 -70.75 40.75 9.25 5.25 5.5 522.7138654715885
CORNER 35.0 31.0 30.75 47.0 0 0 35.0 42.75
DISTANCE 35.0 31.0 30.75 47.0 1.25 1.75 28.499520281050348
CORNER 98.75 -61.25 29.5 38.0 0 1 98.75 38.0
DISTANCE 98.75 -61.25 29.5 38.0 4.5 5.0 585.9814016886543
CORNER -59.0 12.5 90.25 -6.75 1 0 71.0 12.5
DISTANCE -59.0 12.5 90.25 -6.75 3.5 2.25 524.1675431398343
CORNER -74.5 -25.25 -86.0 65.75 0 1 -74.5 65.75
DISTANCE -74.5 -25.25 -86.0 65.75 5.0 1.75 169.31276531909813
CORNER 22.0 -14.5 27.5 16.25 1 0 27.5 -9.0
DISTANCE 22.0 -14.5 27.5 16.25 4.25 4.5 140.33542407389518
CORNER 7.25 89.75 32.5 -46.5 0 0 7.25 -21.25
DISTANCE 7.25 89.75 32.5 -46.5 3.75 3.0 419.573932884599
CORNER -73.0 63.5 46.75 67.75 0 1 -73.0 67.75
DISTANCE -73.0 63.5 46.75 67.75 1.0 2.5 120.22043555485898
CORNER -40.5 31.0 -94.75 -31.5 1 1 -94.75 31.0
DISTANCE -40.5 31.0 -94.75 -31.5 4.75 4.75 393.1127233774684
CORNER 24.75 -4.75 33.0 -41.5 0 0 24.75 -33.25
DISTANCE 24.75 -4.75 33.0 -41.5 3.5 1.5 62.22966535343092
CORNER 55.5 -86.25 95.5 89.0 0 0 55.5 49.0
DISTANCE 55.5 -86.25 95.5 89.0 5.5 2.75 529.7770794459213
CORNER -41.25 -46.75 96.75 -73.25 0 0 -14.75 -73.25
DISTANCE -41.25 -46.75 96.75 -73.25 4.25 5.5 604.3387398636629
CORNER 13.5 47.25 8.5 50.0 1 0 11.25 47.25
DISTANCE 13.5 47.25 8.5 50.0 2.5 3.0 14.97706580075016
CORNER -31.0 90.75 -3.75 -17.75 1 1 -3.75 90.75
DISTANCE -31.0 90.75 -3.75 -17.75 4.75 5.75 637.160954572116
CORNER -21.5 45.75 -71.0 56.0 0 1 -21.5 56.0
DISTANCE -21.5 45.75 -71.0 56.0 5.5 1.75 272.84027636375464
CORNER -72.75 69.0 -2.5 64.25 0 1 -72.75 64.25
DISTANCE -72.75 69.0 -2.5 64.25 1.25 5.25 91.28479644771083
CORNER -3.5 -88.0 81.0 1.25 1 1 81.0 -88.0
DISTANCE -3.5 -88.0 81.0 1.25 3.25 5.25 543.1111369059283
CORNER 62.5 15.25 57.75 6.5 0 0 62.5 11.25
DISTANCE 62.5 15.25 57.75 6.5 1.5 5.25 46.48676727037491
CORNER -91.25 73.5 -17.5 -17.75 0 1 -91.25 -17.75
DISTANCE -91.25 73.5 -17.5 -17.75 3.0 4.5 466.4380485391388
CORNER 61.0 -11.75 65.75 -95.5 0 1 61.0 -95.5
DISTANCE 61.0 -11.75 65.75 -95.5 4.75 1.75 148.28901784184828
CORNER -73.25 -96.75 -81.25 -66.25 1 0 -81.25 -88.75
DISTANCE -73.25 -96.75 -81.25 -66.25 5.0 4.75 150.29559416363475
CORNER -30.25 51.75 38.0 53.25 0 0 -28.75 53.25
DISTANCE -30.25 51.75 38.0 53.25 5.25 5.25 358.3990280138187
CORNER 49.5 -97.5 -21.0 -66.25 1 0 10.25 -97.5
DISTANCE 49.5 -97.5 -21.0 -66.25 2.0 5.75 228.4044606750271
CORNER -20.0 -6.5 11.0 80.5 0 0 -20.0 49.5
DISTANCE -20.0 -6.5 11.0 80.5 2.0 3.25 289.4677227256953
CORNER 21.25 -8.5 4.75 50.5 1 1 4.75 -8.5
DISTANCE 21.25 -8.5 4.75 50.5 2.5 5.0 297.8700429717631
CORNER -75.25 8.5 -24.75 -18.0 1 0 -51.25 8.5
DISTANCE -75.25 8.5 -24.75 -18.0 5.25 4.25 288.0549535244968
CORNER 13.0 2.75 90.0 -73.5 0 1 13.0 -73.5
DISTANCE 13.0 2.75 90.0 -73.5 5.5 5.5 596.009765544995
CORNER 25.25 84.75 -24.0 -68.75 0 0 25.25 -19.5
DISTANCE 25.25 84.75 -24.0 -68.75 1.0 4.25 654.2313834760604
CORNER 46.5 41.0 0.25 93.25 1 1 0.25 41.0
DISTANCE 46.5 41.0 0.25 93.25 2.25 5.5 305.63604913565086
CORNER 79.5 -69.25 14.0 90.5 1 0 14.0 -3.75
DISTANCE 79.5 -69.25 14.0 90.5 1.25 1.75 291.30517851773595
CORNER 85.25 33.25 19.25 -21.0 1 1 19.25 33.25
DISTANCE 85.25 33.25 19.25 -21.0 2.5 2.75 222.44529699737416
CORNER -11.75 -49.0 65.75 80.5 0 1 -11.75 80.5
DISTANCE -11.75 -49.0 65.75 80.5 3.5 5.25 731.9880997154257
CORNER 17.25 -90.25 -61.5 -85.25 1 1 -61.5 -90.25
DISTANCE 17.25 -90.25 -61.5 -85.25 4.5 4.75 355.16996371455735
CORNER 99.0 -30.5 13.0 50.25 1 1 13.0 -30.5
DISTANCE 99.0 -30.5 13.0 50.25 2.75 4.5 433.55927002544877
CORNER -4.5 93.0 -31.5 -63.25 1 1 -31.5 93.0
DISTANCE -4.5 93.0 -31.5 -63.25 5.75 1.5 281.13022449569524
CORNER 22.0 33.75 -97.75 83.25 0 1 22.0 83.25
DISTANCE 22.0 33.75 -97.75 83.25 2.0 3.0 281.8022356192371
CORNER 50.25 -64.75 -94.0 25.0 1 0 -4.25 -64.75
DISTANCE 50.25 -64.75 -94.0 25.0 3.0 3.25 521.8756175146048
CORNER 24.25 7.0 16.5 -43.0 1 1 16.5 7.0
DISTANCE 24.25 7.0 16.5 -43.0 4.25 5.5 276.9654832397893
CORNER -19.0 -81.5 25.5 77.5 1 1 25.5 -81.5
DISTANCE -19.0 -81.5 25.5 77.5 5.5 1.0 291.862232054783
CORNER 62.75 -77.75 -10.5 -95.0 1 0 6.75 -77.75
DISTANCE 62.75 -77.75 -10.5 -95.0 1.0 1.5 77.68576526623137
CORNER -97.25 -61.75 -58.25 43.25 1 0 -58.25 -22.75
DISTANCE -97.25 -61.75 -58.25 43.25 5.5 1.75 282.44346779488455
CORNER 28.25 55.75 0.75 68.0 0 1 28.25 68.0
DISTANCE 28.25 55.75 0.75 68.0 5.0 5.75 154.49171953943033
CORNER -99.5 -1.25 44.0 -65.25 1 1 44.0 -1.25
DISTANCE -99.5 -1.25 44.0 -65.25 4.75 5.75 774.6203203021465
CORNER 0.75 -25.75 57.25 26.0 0 1 0.75 26.0
DISTANCE 0.75 -25.75 57.25 26.0 4.75 2.75 303.7729222318046
CORNER -53.5 73.0 -63.25 66.5 1 0 -56.75 73.0
DISTANCE -53.5 73.0 -63.25 66.5 1.75 4.5 33.8628322242839
CORNER 7.5 -79.5 34.0 21.75 1 1 34.0 -79.5
DISTANCE 7.5 -79.5 34.0 21.75 1.0 3.25 330.12782207237547
CORNER 54.0 -10.0 56.75 -71.0 0 0 54.0 -68.25
DISTANCE 54.0 -10.0 56.75 -71.0 3.5 2.25 137.58707470180474
CORNER 23.75 -92.0 -61.0 -88.25 0 0 20.0 -88.25
DISTANCE 23.75 -92.0 -61.0 -88.25 5.25 4.0 445.1902726994942
CORNER 52.5 87.25 10.75 81.75 1 0 16.25 87.25
DISTANCE 52.5 87.25 10.75 81.75 2.0 2.0 84.22143432642311
CORNER -87.75 -85.75 -12.75 23.75 1 1 -12.75 -85.75
DISTANCE -87.75 -85.75 -12.75 23.75 2.25 1.25 217.28167922077554
CORNER -26.25 -28.5 88.5 -24.25 0 1 -26.25 -24.25
DISTANCE -26.25 -28.5 88.5 -24.25 1.5 4.25 173.0701289398318
CORNER 78.25 36.75 -62.25 -87.0 1 0 61.5 36.75
DISTANCE 78.25 36.75 -62.25 -87.0 3.25 3.75 651.0456163213527
CORNER -88.5 60.0 90.5 15.5 0 0 -44.0 15.5
DISTANCE -88.5 60.0 90.5 15.5 2.25 2.5 417.8326519074353
CORNER 99.75 92.75 -43.25 -99.25 1 1 -43.25 92.75
DISTANCE 99.75 92.75 -43.25 -99.25 4.5 1.5 705.0079786782558
CORNER -90.25 -57.75 54.5 -56.25 1 1 54.5 -57.75
DISTANCE -90.25 -57.75 54.5 -56.25 2.25 5.75 325.8016855101428
CORNER -66.75 30.5 92.5 55.0 1 0 68.0 30.5
DISTANCE -66.75 30.5 92.5 55.0 4.25 4.5 685.7333466124059
CORNER 10.75 -50.25 43.0 46.25 1 0 43.0 -18.0
DISTANCE 10.75 -50.25 43.0 46.25 1.5 2.25 222.4486598071564
CORNER 69.0 23.5 16.75 87.0 0 1 69.0 87.0
DISTANCE 69.0 23.5 16.75 87.0 1.25 4.75 308.6152350115755
CORNER 55.5 -30.0 59.0 17.25 0 1 55.5 17.25
DISTANCE 55.5 -30.0 59.0 17.25 2.25 5.75 271.8016064729015
CORNER -35.25 56.0 -6.5 -87.75 0 1 -35.25 -87.75
DISTANCE -35.25 56.0 -6.5 -87.75 2.75 2.0 298.1729848699409
CORNER 7.5 64.25 20.75 -4.25 0 0 7.5 9.0
DISTANCE 7.5 64.25 20.75 -4.25 3.5 3.0 210.66772563684262
CORNER 67.75 15.5 -69.75 -45.25 0 0 7.0 -45.25
DISTANCE 67.75 15.5 -69.75 -45.25 3.0 2.5 439.5705468124542
CORNER 31.0 -47.75 11.25 27.25 1 1 11.25 -47.75
DISTANCE 31.0 -47.75 11.25 27.25 4.5 1.5 143.37020480211362
CORNER -89.5 17.0 -65.75 72.5 0 0 -89.5 48.75
DISTANCE -89.5 17.0 -65.75 72.5 1.0 3.25 181.93186396285836
CORNER 84.0 35.75 -92.75 -75.75 0 1 84.0 -75.75
DISTANCE 84.0 35.75 -92.75 -75.75 2.5 2.75 537.8405026120662
CORNER 79.0 -94.25 -19.75 84.0 1 1 -19.75 -94.25
DISTANCE 79.0 -94.25 -19.75 84.0 3.75 5.75 1089.7835686788915
CORNER 36.75 -76.5 9.0 -18.75 0 1 36.75 -18.75
DISTANCE 36.75 -76.5 9.0 -18.75 3.5 5.5 332.1429003456193
CORNER -88.0 26.25 -68.75 -11.5 0 1 -88.0 -11.5
DISTANCE -88.0 26.25 -68.75 -11.5 4.75 2.25 124.80062224404172
CORNER -36.75 -99.75 18.25 -23.5 1 0 18.25 -44.75
DISTANCE -36.75 -99.75 18.25 -23.5 3.5 4.5 393.4348937562605
CORNER -59.0 81.75 90.0 -69.5 0 1 -59.0 -69.5
DISTANCE -59.0 81.75 90.0 -69.5 4.0 5.0 962.8759330775695
CORNER 48.25 95.0 -98.0 24.75 0 0 -22.0 24.75
DISTANCE 48.25 95.0 -98.0 24.75 5.75 1.25 845.5098545034824
CORNER 9.5 -74.0 -12.5 -41.5 1 1 -12.5 -74.0
DISTANCE 9.5 -74.0 -12.5 -41.5 1.5 2.25 80.22633997011206
CORNER -94.25 68.75 -26.25 40.5 1 1 -26.25 68.75
DISTANCE -94.25 68.75 -26.25 40.5 2.5 4.25 208.12256943025184
CORNER 95.5 59.5 35.5 -88.5 1 1 35.5 59.5
DISTANCE 95.5 59.5 35.5 -88.5 4.25 1.5 338.0961401731762
CORNER -16.0 -54.0 24.5 -95.0 0 1 -16.0 -95.0
DISTANCE -16.0 -54.0 24.5 -95.0 2.75 5.5 251.50475268869175
CORNER -35.75 5.0 40.0 -9.25 1 1 40.0 5.0
DISTANCE -35.75 5.0 40.0 -9.25 2.75 4.75 219.03354837216148
CORNER 11.5 63.0 36.75 0.0 1 0 36.75 37.75
DISTANCE 11.5 63.0 36.75 0.0 5.5 1.25 159.64907805872227
CORNER -11.5 65.75 -32.75 1.5 1 0 -32.75 44.5
DISTANCE -11.5 65.75 -32.75 1.5 1.75 4.5 291.506733680802
CORNER 74.5 -65.5 27.5 -38.0 0 0 47.0 -38.0
DISTANCE 74.5 -65.5 27.5 -38.0 2.0 5.25 172.27925187032824
CORNER -32.5 -54.5 -77.5 -41.0 0 1 -32.5 -41.0
DISTANCE -32.5 -54.5 -77.5 -41.0 4.75 1.25 214.41508371614157
CORNER 39.0 -12.0 -60.5 -14.0 1 0 -58.5 -12.0
DISTANCE 39.0 -12.0 -60.5 -14.0 5.25 3.0 522.4094568678863
CORNER 88.0 -53.0 93.5 3.25 0 1 88.0 3.25
DISTANCE 88.0 -53.0 93.5 3.25 3.5 4.75 267.8800527404943
CORNER 62.25 95.5 5.0 22.25 1 0 5.0 38.25
DISTANCE 62.25 95.5 5.0 22.25 5.5 1.5 333.4947994347138
CORNER 18.25 19.75 -5.25 -46.75 0 0 18.25 -23.25
DISTANCE 18.25 19.75 -5.25 -46.75 2.5 5.5 370.43842268317684
CORNER -17.0 -26.0 83.75 32.5 0 1 -17.0 32.5
DISTANCE -17.0 -26.0 83.75 32.5 3.0 4.0 382.24476778629685
CORNER -48.0 66.25 -44.5 -86.5 1 1 -44.5 66.25
DISTANCE -48.0 66.25 -44.5 -86.5 3.5 4.25 649.3030668772865
CORNER -59.25 -48.75 -31.75 -43.5 0 0 -54.0 -43.5
DISTANCE -59.25 -48.75 -31.75 -43.5 1.75 4.25 53.04586017070512
CORNER 73.25 48.5 79.0 -43.25 1 0 79.0 42.75
DISTANCE 73.25 48.5 79.0 -43.25 3.75 3.5 321.8481117410043
CORNER -52.25 55.75 45.5 -67.5 1 1 45.5 55.75
DISTANCE -52.25 55.75 45.5 -67.5 2.75 1.0 295.72068351106253
CORNER 52.5 -92.0 -15.5 -3.0 0 0 52.5 -71.0
DISTANCE 52.5 -92.0 -15.5 -3.0 3.5 3.0 357.67722879713773
CORNER -70.25 -19.25 25.0 15.5 0 0 -35.5 15.5
DISTANCE -70.25 -19.25 25.0 15.5 1.25 3.75 176.5140973477756
CORNER -37.25 -2.0 95.0 18.5 1 0 74.5 -2.0
DISTANCE -37.25 -2.0 95.0 18.5 3.0 5.25 411.08843710934025
CORNER 58.25 87.5 99.25 -50.75 1 0 99.25 46.5
DISTANCE 58.25 87.5 99.25 -50.75 4.5 5.0 715.4486791517613
CORNER 17.25 30.5 19.25 -46.25 1 0 19.25 28.5
DISTANCE 17.25 30.5 19.25 -46.25 3.0 4.0 307.05862632402955
CORNER -33.25 -42.0 -76.75 49.75 0 0 -33.25 6.25
DISTANCE -33.25 -42.0 -76.75 49.75 2.25 5.5 514.0290908596517
CORNER 0.75 -77.75 62.25 31.0 1 1 62.25 -77.75
DISTANCE 0.75 -77.75 62.25 31.0 2.75 3.75 441.4909973954735
CORNER 35.75 -89.75 -27.0 15.25 0 1 35.75 15.25
DISTANCE 35.75 -89.75 -27.0 15.25 3.0 4.0 460.2586908467889
CORNER -29.75 -16.0 -61.0 25.75 0 1 -29.75 25.75
DISTANCE -29.75 -16.0 -61.0 25.75 4.5 5.25 260.41995081262496
CORNER 54.75 -98.5 13.0 12.75 0 0 54.75 -29.0
DISTANCE 54.75 -98.5 13.0 12.75 5.75 3.0 411.11928488730615
CORNER -70.5 -73.75 -13.5 53.0 0 0 -70.5 -4.0
DISTANCE -70.5 -73.75 -13.5 53.0 1.25 3.25 418.0539037088997
CORNER 40.75 -44.75 -45.5 -15.75 1 1 -45.5 -44.75
DISTANCE 40.75 -44.75 -45.5 -15.75 4.5 4.25 407.2242356798033
CORNER 54.75 54.5 -5.5 27.5 0 1 54.75 27.5
DISTANCE 54.75 54.5 -5.5 27.5 5.25 5.0 343.91655624039095
CORNER 3.5 66.0 9.25 83.25 0 0 3.5 77.5
DISTANCE 3.5 66.0 9.25 83.25 4.75 1.0 32.303794765476084
CORNER 53.5 -89.75 24.25 19.5 0 1 53.5 19.5
DISTANCE 53.5 -89.75 24.25 19.5 5.25 4.25 489.0475836383409
CORNER -16.5 -57.0 50.5 -68.5 0 0 -5.0 -68.5
DISTANCE -16.5 -57.0 50.5 -68.5 3.0 5.25 209.87172421505474
CORNER -51.5 -40.5 -39.75 37.75 0 1 -51.5 37.75
DISTANCE -51.5 -40.5 -39.75 37.75 3.0 5.75 451.3162044578612
CORNER -83.75 12.75 74.25 -30.5 0 0 -40.5 -30.5
DISTANCE -83.75 12.75 74.25 -30.5 4.0 5.5 675.2840258920686
CORNER 24.5 66.75 -62.25 88.75 0 1 24.5 88.75
DISTANCE 24.5 66.75 -62.25 88.75 1.25 2.25 119.20126428125668
CORNER 69.0 -26.0 -76.5 89.0 1 1 -76.5 -26.0
DISTANCE 69.0 -26.0 -76.5 89.0 5.5 4.5 952.9985899779705
CORNER 42.5 -68.0 30.5 -42.75 1 0 30.5 -56.0
DISTANCE 42.5 -68.0 30.5 -42.75 1.0 5.0 126.8190147414811
CORNER -2.75 -55.5 -26.75 -33.0 1 1 -26.75 -55.5
DISTANCE -2.75 -55.5 -26.75 -33.0 2.75 3.5 102.75
CORNER 6.75 -5.25 -54.25 -54.5 1 1 -54.25 -5.25
DISTANCE 6.75 -5.25 -54.25 -54.5 3.75 4.0 301.8866716170159
CORNER -84.5 -22.5 37.25 40.0 0 1 -84.5 40.0
DISTANCE -84.5 -22.5 37.25 40.0 3.0 2.75 403.6688966529376
CORNER 65.25 -1.75 -26.5 2.0 1 0 -22.75 -1.75
DISTANCE 65.25 -1.75 -26.5 2.0 4.5 2.5 412.981423613702
CORNER 52.5 73.0 -36.25 -48.0 1 1 -36.25 73.0
DISTANCE 52.5 73.0 -36.25 -48.0 1.0 4.25 521.8521102764652
CORNER 63.25 89.5 -47.0 -40.75 1 1 -47.0 89.5
DISTANCE 63.25 89.5 -47.0 -40.75 4.0 1.5 482.34053388140626
CORNER -41.5 58.25 27.0 78.5 0 0 -21.25 78.5
DISTANCE -41.5 58.25 27.0 78.5 1.25 3.0 104.98668070283964
CORNER -21.5 64.0 -24.75 30.75 0 0 -21.5 34.0
DISTANCE -21.5 64.0 -24.75 30.75 2.0 1.25 42.067700272893454
CORNER 56.0 74.5 -98.0 -53.0 0 0 -71.5 -53.0
DISTANCE 56.0 74.5 -98.0 -53.0 4.75 3.25 840.7133224976276
CORNER 99.0 -54.75 80.25 66.5 0 1 99.0 66.5
DISTANCE 99.0 -54.75 80.25 66.5 3.0 5.75 699.4529810189174
CORNER -69.0 3.75 -33.5 87.0 0 0 -69.0 51.5
DISTANCE -69.0 3.75 -33.5 87.0 3.5 2.25 224.77552170165237
CORNER -38.75 30.0 -24.0 8.25 1 1 -24.0 30.0
DISTANCE -38.75 30.0 -24.0 8.25 4.5 5.5 136.80563310770503
CORNER -85.5 -43.75 61.75 -28.0 1 1 61.75 -43.75
DISTANCE -85.5 -43.75 61.75 -28.0 1.75 5.0 269.4520553943688
CORNER -59.25 22.0 56.0 -33.75 1 0 0.25 22.0
DISTANCE -59.25 22.0 56.0 -33.75 4.75 1.0 550.2689150826621
CORNER -45.75 7.5 -42.25 -87.5 0 0 -45.75 -84.0
DISTANCE -45.75 7.5 -42.25 -87.5 4.75 4.5 427.823141759536
CORNER -12.0 -97.0 -8.25 29.75 1 1 -8.25 -97.0
DISTANCE -12.0 -97.0 -8.25 29.75 5.5 5.75 729.1042797715907
CORNER -11.0 -52.75 4.25 -23.5 1 1 4.25 -52.75
DISTANCE -11.0 -52.75 4.25 -23.5 3.5 5.25 162.5740816712492
CORNER 64.25 -44.75 -66.75 -62.75 1 0 -48.75 -44.75
DISTANCE 64.25 -44.75 -66.75 -62.75 3.0 4.75 402.19305066099787
CORNER -0.75 4.75 14.25 9.0 1 1 14.25 4.75
DISTANCE -0.75 4.75 14.25 9.0 4.0 3.0 61.33973019177701
CORNER 18.5 38.5 27.5 31.25 1 0 20.25 38.5
DISTANCE 18.5 38.5 27.5 31.25 3.5 1.5 33.32439984455834
CORNER 77.25 -6.75 -8.0 -0.5 0 0 71.0 -0.5
DISTANCE 77.25 -6.75 -8.0 -0.5 3.5 3.0 298.96354815428583
CORNER 8.0 6.0 -49.0 -94.25 1 1 -49.0 6.0
DISTANCE 8.0 6.0 -49.0 -94.25 4.0 2.5 338.81689837580416
CORNER 77.5 83.0 -27.25 -46.5 0 1 77.5 -46.5
DISTANCE 77.5 83.0 -27.25 -46.5 3.0 3.25 525.2512047820547
CORNER 27.75 -48.75 31.0 45.75 0 1 27.75 45.75
DISTANCE 27.75 -48.75 31.0 45.75 5.75 4.5 425.6604106048036
CORNER -17.5 21.5 5.0 35.75 1 0 -9.25 21.5
DISTANCE -17.5 21.5 5.0 35.75 4.0 4.25 108.47956676835504
CORNER -83.5 60.75 38.75 84.5 1 1 38.75 60.75
DISTANCE -83.5 60.75 38.75 84.5 2.75 5.0 356.54396314655224
CORNER 84.25 -67.25 -66.0 4.0 0 1 84.25 4.0
DISTANCE 84.25 -67.25 -66.0 4.0 2.25 4.75 478.35781096633093
CORNER 81.0 -97.0 34.25 38.0 0 1 81.0 38.0
DISTANCE 81.0 -97.0 34.25 38.0 4.25 1.75 308.6920555444374
CORNER 8.75 72.5 -53.75 7.5 1 1 -53.75 72.5
DISTANCE 8.75 72.5 -53.75 7.5 1.75 2.25 182.62517111559404
CORNER 76.0 -41.0 98.25 -71.75 0 1 76.0 -71.75
DISTANCE 76.0 -41.0 98.25 -71.75 5.25 2.25 135.7647609378074
CORNER 57.5 41.75 -69.25 -39.0 0 1 57.5 -39.0
DISTANCE 57.5 41.75 -69.25 -39.0 3.25 4.25 536.1624418611397
CORNER -31.25 -49.0 -6.0 -20.0 1 1 -6.0 -49.0
DISTANCE -31.25 -49.0 -6.0 -20.0 4.0 2.25 120.24376283200722
CORNER 6.5 70.5 -36.5 17.25 0 1 6.5 17.25
DISTANCE 6.5 70.5 -36.5 17.25 4.25 3.5 261.0233765872321
CORNER -8.25 -78.0 22.25 -62.75 0 0 7.0 -62.75
DISTANCE -8.25 -78.0 22.25 -62.75 4.25 4.25 144.92515579170512
CORNER 2.75 77.75 13.0 49.5 0 0 2.75 59.75
DISTANCE 2.75 77.75 13.0 49.5 1.0 1.75 50.48889884172559
CORNER 56.5 34.0 72.0 -21.5 1 0 72.0 18.5
DISTANCE 56.5 34.0 72.0 -21.5 3.75 2.0 125.29770797983497
CORNER -67.25 -8.75 -77.5 53.5 0 0 -67.25 43.25
DISTANCE -67.25 -8.75 -77.5 53.5 5.0 2.5 163.8465841114791
CORNER -75.5 -58.5 89.0 -72.0 1 0 75.5 -58.5
DISTANCE -75.5 -58.5 89.0 -72.0 2.25 4.0 374.043467560924
CORNER 69.75 91.5 -67.25 -86.0 1 1 -67.25 91.5
DISTANCE 69.75 91.5 -67.25 -86.0 1.0 4.25 766.7141844422862
CORNER 64.0 11.5 -97.5 13.0 1 1 -97.5 11.5
DISTANCE 64.0 11.5 -97.5 13.0 3.75 2.0 605.6324302949769
CORNER -39.5 34.75 0.0 -67.25 1 1 0.0 34.75
DISTANCE -39.5 34.75 0.0 -67.25 3.25 5.0 525.9088710271011
CORNER -78.75 -24.75 -91.25 -60.0 0 1 -78.75 -60.0
DISTANCE -78.75 -24.75 -91.25 -60.0 5.75 4.75 182.21232678183438
CORNER 1.5 51.0 -58.0 27.0 0 0 -22.5 27.0
DISTANCE 1.5 51.0 -58.0 27.0 4.75 4.0 298.48432224322937
CORNER -62.0 -41.75 56.0 -10.25 1 0 24.5 -41.75
DISTANCE -62.0 -41.75 56.0 -10.25 1.0 1.5 127.10846745988246
CORNER -36.75 -34.5 27.5 98.5 1 1 27.5 -34.5
DISTANCE -36.75 -34.5 27.5 98.5 2.0 4.0 547.2990498804104
CORNER -68.25 -35.25 22.75 38.5 1 0 -51.0 -35.25
DISTANCE -68.25 -35.25 22.75 38.5 3.0 2.0 310.2986464682049
CORNER -78.75 8.5 -93.75 -17.75 0 1 -78.75 -17.75
DISTANCE -78.75 8.5 -93.75 -17.75 3.75 4.5 130.83416268314633
CORNER 84.5 -22.5 9.5 -73.0 0 0 34.0 -73.0
DISTANCE 84.5 -22.5 9.5 -73.0 1.5 3.25 198.98056594803424
CORNER 74.5 -5.0 92.75 -10.5 0 1 74.5 -10.5
DISTANCE 74.5 -5.0 92.75 -10.5 3.0 5.5 62.550979208962026
QUEUE 3 1 4 3 0 3 1 4 3 0 0
QUEUE 0 2 2 11 2 0 1 16 13 2 1
QUEUE 0 1 13 13 2 0 1 14 9 0 1
QUEUE 0 2 10 9 0 3 2 1 16 1 -1
QUEUE 3 0 7 17 2 3 3 11 10 1 -1
QUEUE 2 3 5 13 0 2 3 13 16 1 -1
QUEUE 3 1 19 2 0 3 1 15 13 1 -1
QUEUE 1 1 10 17 1 1 1 10 17 1 0
QUEUE 1 0 2 8 1 1 2 9 3 0 -1
QUEUE 0 3 12 9 1 2 3 2 12 2 -1
QUEUE 2 1 14 6 2 2 0 19 2 0 1
QUEUE 3 2 2 8 0 0 2 12 16 1 1
QUEUE 3 2 10 3 1 3 2 11 13 2 -1
QUEUE 2 2 10 4 0 2 2 13 18 2 -1
QUEUE 1 1 11 2 2 1 1 11 2 2 0
QUEUE 1 2 3 8 1 1 2 17 5 2 -1
QUEUE 1 0 13 9 2 1 2 12 11 2 -1
QUEUE 0 3 16 13 0 3 0 17 7 2 -1
QUEUE 2 3 19 8 2 2 3 18 13 1 -1
QUEUE 2 1 3 18 0 1 0 10 15 2 1
QUEUE 3 3 14 19 2 3 3 2 10 0 1
QUEUE 1 0 12 18 0 1 0 12 18 0 0
QUEUE 2 1 14 2 0 2 3 6 13 2 -1
QUEUE 3 2 6 15 2 3 1 5 18 2 1
QUEUE 0 1 7 15 1 0 1 19 10 0 -1
QUEUE 0 2 14 6 1 3 0 4 20 2 -1
QUEUE 0 3 9 5 0 0 1 14 16 1 1
QUEUE 0 3 9 5 0 3 3 12 11 0 -1
QUEUE 2 1 14 16 0 2 1 14 16 0 0
QUEUE 3 2 14 8 1 2 2 11 15 2 1
QUEUE 1 1 15 7 0 1 1 1 6 0 1
QUEUE 1 0 15 2 2 1 0 12 11 2 -1
QUEUE 1 0 9 18 2 1 2 19 4 2 -1
QUEUE 1 0 19 9 1 0 0 18 6 1 1
QUEUE 2 1 9 12 2 2 2 3 4 1 -1
QUEUE 3 2 4 11 1 3 2 4 11 1 0
QUEUE 3 0 16 6 0 3 0 15 10 0 -1
QUEUE 2 1 13 15 0 0 0 20 19 0 1
QUEUE 0 3 4 9 1 0 2 5 9 1 1
QUEUE 1 3 19 4 2 3 3 11 6 2 -1
QUEUE 3 0 17 6 0 3 0 6 14 1 1
QUEUE 3 1 9 19 0 0 0 20 3 1 1
QUEUE 2 2 8 18 1 2 2 8 18 1 0
QUEUE 2 0 15 1 2 0 2 12 5 1 1
QUEUE 3 3 5 19 0 3 1 13 1 0 1
QUEUE 0 3 4 10 2 1 3 19 19 1 -1
QUEUE 2 0 20 17 2 2 1 12 12 1 -1
QUEUE 1 1 5 3 0 0 2 6 7 1 1
QUEUE 2 3 18 15 0 2 3 15 19 1 -1
QUEUE 1 0 12 7 1 1 0 12 7 1 0
QUEUE 1 3 11 8 2 1 1 10 12 1 1
QUEUE 3 0 9 4 0 3 0 18 3 0 1
QUEUE 3 0 18 10 1 3 0 4 10 1 1
QUEUE 3 2 18 1 2 0 1 17 10 1 1
QUEUE 3 2 9 18 0 3 2 14 11 0 -1
QUEUE 2 2 19 4 0 0 1 7 20 2 1
QUEUE 3 2 11 16 1 3 2 11 16 1 0
QUEUE 1 0 15 15 1 0 0 4 1 0 1
QUEUE 2 3 12 15 2 2 3 11 16 1 1
QUEUE 1 1 14 1 0 3 2 16 5 1 -1
QUEUE 2 0 4 11 0 2 0 4 19 2 -1
QUEUE 2 1 3 8 1 2 3 10 6 0 -1
QUEUE 3 1 16 1 1 3 3 18 3 2 -1
QUEUE 2 3 1 1 1 2 3 1 1 1 0
QUEUE 3 1 19 5 0 3 3 1 18 1 -1
QUEUE 1 2 2 16 1 0 1 8 4 2 1
QUEUE 1 1 1 11 2 1 1 17 8 1 -1
QUEUE 1 3 11 6 1 1 2 9 14 0 1
QUEUE 0 0 11 15 1 0 1 16 11 2 -1
QUEUE 0 2 3 4 0 3 2 13 10 1 -1
QUEUE 2 0 9 8 1 2 0 9 8 1 0
QUEUE 3 2 17 1 2 2 0 20 6 0 1
QUEUE 0 2 11 20 2 0 2 12 18 2 -1
QUEUE 0 0 17 4 1 0 0 5 2 0 1
QUEUE 3 2 3 4 0 3 3 20 19 0 -1
QUEUE 0 1 7 3 0 0 1 16 13 2 -1
QUEUE 2 2 10 2 2 2 1 13 5 0 1
QUEUE 0 3 14 11 2 0 3 14 11 2 0
QUEUE 2 2 12 17 0 2 2 14 4 1 1
QUEUE 1 2 13 17 0 2 0 20 15 2 -1
QUEUE 2 3 18 14 1 2 3 7 17 0 1
QUEUE 1 2 16 8 2 2 2 15 1 2 -1
QUEUE 0 0 8 16 2 0 0 5 20 2 1
QUEUE 1 1 18 12 0 0 3 7 10 2 1
QUEUE 3 0 19 20 0 3 0 19 20 0 0
QUEUE 1 3 11 18 2 1 3 20 9 1 1
QUEUE 0 2 16 12 2 0 1 4 10 2 1
QUEUE 0 2 9 6 2 2 2 5 2 1 -1
QUEUE 3 3 19 4 0 3 1 13 17 0 1
QUEUE 3 0 17 13 0 3 3 8 1 0 -1
QUEUE 3 1 1 18 1 3 1 17 4 0 -1
QUEUE 0 2 13 13 2 0 2 13 13 2 0
QUEUE 0 3 18 9 2 0 1 8 19 1 1
QUEUE 0 1 2 15 0 2 1 9 16 1 -1
QUEUE 3 2 6 18 0 3 0 4 7 2 1
QUEUE 2 0 10 5 2 3 1 20 15 0 -1
QUEUE 0 0 18 13 1 0 0 2 11 1 1
QUEUE 2 1 1 7 1 1 0 1 7 1 1
QUEUE 3 1 7 4 0 3 1 7 4 0 0
QUEUE 0 2 13 16 2 2 2 14 17 0 -1
QUEUE 1 3 14 2 1 1 1 17 16 0 1
QUEUE 2 1 8 1 1 3 2 7 16 2 -1
QUEUE 1 1 19 3 0 1 1 6 10 2 -1
QUEUE 3 0 1 7 1 2 0 11 8 1 1
QUEUE 0 2 18 10 0 0 1 8 5 1 1
QUEUE 1 3 11 19 0 1 3 11 19 0 0
QUEUE 1 2 14 2 0 1 0 17 18 2 1
QUEUE 0 2 16 20 0 0 1 13 8 2 1
QUEUE 3 2 18 11 1 3 2 9 12 1 1
QUEUE 2 3 9 1 2 2 1 6 15 0 1
QUEUE 3 0 12 15 2 3 3 4 18 0 -1
QUEUE 1 3 4 16 0 0 3 4 13 1 1
QUEUE 3 2 12 2 2 3 2 12 2 2 0
QUEUE 3 3 14 5 2 1 1 14 18 1 1
QUEUE 3 2 14 3 1 3 2 20 14 2 -1
QUEUE 2 1 14 3 1 3 1 7 6 0 -1
QUEUE 2 3 7 1 0 2 1 10 10 1 1
QUEUE 0 0 5 16 0 0 0 5 8 1 1
QUEUE 1 3 7 7 1 1 3 10 7 2 -1
QUEUE 1 2 18 11 0 1 2 18 11 0 0
QUEUE 2 3 15 8 2 2 3 1 7 2 1
QUEUE 1 2 18 8 2 0 2 8 6 1 1
QUEUE 2 2 11 8 1 2 2 12 9 0 -1
QUEUE 0 3 11 4 0 3 3 2 10 0 -1
QUEUE 3 1 19 12 2 3 1 19 20 0 -1
QUEUE 2 2 19 3 2 0 1 2 8 0 1
QUEUE 1 2 15 12 1 1 2 15 12 1 0
QUEUE 2 2 18 15 0 2 3 17 3 0 -1
QUEUE 1 3 1 1 2 1 3 15 10 2 -1
QUEUE 2 1 7 14 2 2 1 1 11 1 1
QUEUE 1 2 19 15 0 1 1 19 19 2 1
QUEUE 1 1 12 4 2 0 3 1 3 1 1
QUEUE 3 1 13 5 2 3 1 10 4 0 1
QUEUE 3 0 5 5 2 3 0 5 5 2 0
QUEUE 1 0 1 10 2 1 0 5 17 2 -1
QUEUE 0 0 10 4 2 1 0 18 6 1 -1
QUEUE 3 1 17 8 2 3 1 7 6 1 1
QUEUE 2 3 7 18 2 0 1 3 9 1 1
QUEUE 2 1 15 10 0 2 1 8 18 0 1
QUEUE 3 1 9 19 0 2 3 11 7 2 1
QUEUE 0 2 14 6 1 0 2 14 6 1 0
QUEUE 1 3 9 18 1 3 3 2 7 0 -1
QUEUE 2 3 15 7 2 2 3 1 3 2 1
QUEUE 3 0 10 19 2 1 3 5 6 1 1
QUEUE 1 3 6 16 0 1 3 9 19 0 -1
QUEUE 1 3 12 14 2 1 0 7 20 1 1
QUEUE 0 3 19 8 2 0 1 9 11 1 1
QUEUE 0 3 10 8 2 0 3 10 8 2 0
QUEUE 3 3 15 6 1 3 0 13 1 1 1
QUEUE 1 3 15 17 1 3 3 13 8 0 -1
QUEUE 2 2 11 11 1 2 2 4 14 0 1
QUEUE 2 1 11 10 2 3 2 18 13 2 -1
QUEUE 1 0 12 17 2 1 1 14 8 1 -1
QUEUE 2 1 12 19 1 2 1 10 17 0 1
QUEUE 1 1 20 20 2 1 1 20 20 2 0
QUEUE 2 2 3 10 1 1 0 8 4 0 1
QUEUE 1 3 2 9 0 1 3 20 17 0 -1
QUEUE 1 0 2 15 1 0 2 1 4 1 1
QUEUE 3 1 1 11 1 3 2 7 6 1 -1
QUEUE 3 1 15 17 2 0 1 8 12 1 1
QUEUE 2 0 13 9 2 2 1 1 8 1 -1
QUEUE 1 1 9 19 2 1 1 9 19 2 0
QUEUE 0 1 5 10 0 0 1 4 5 2 1
QUEUE 0 0 14 6 2 2 3 6 13 1 -1
QUEUE 3 0 12 11 2 3 2 1 19 0 -1
QUEUE 3 0 17 12 2 1 0 17 8 1 1
QUEUE 0 3 16 5 2 0 2 7 14 2 1
QUEUE 3 3 20 13 1 3 3 10 9 0 1
QUEUE 0 2 15 1 2 0 2 15 1 2 0
QUEUE 0 2 14 4 2 1 1 11 12 1 -1
QUEUE 3 3 17 4 0 3 3 10 2 2 1
QUEUE 1 3 5 5 2 2 3 20 2 1 -1
QUEUE 1 3 17 4 0 1 2 5 4 0 1
QUEUE 2 0 14 11 2 0 0 18 18 2 1
QUEUE 3 0 16 5 1 3 0 11 17 1 -1
QUEUE 2 3 2 14 2 2 3 2 14 2 0
QUEUE 2 3 14 20 2 2 1 13 13 1 1
QUEUE 3 3 20 2 2 0 3 11 8 1 1
QUEUE 3 2 19 4 0 3 3 13 17 1 -1
QUEUE 1 3 6 17 0 2 2 18 15 2 -1
QUEUE 1 0 14 15 2 1 0 4 9 2 1
QUEUE 3 2 14 14 1 1 2 18 16 2 1
QUEUE 0 0 11 2 2 0 0 11 2 2 0
QUEUE 3 3 8 7 2 3 3 7 10 0 -1
QUEUE 0 0 17 17 0 0 1 1 9 1 -1
QUEUE 1 3 2 14 0 0 0 15 2 1 1
QUEUE 2 3 4 16 1 2 3 17 15 2 -1
QUEUE 3 2 8 14 2 2 1 19 8 1 1
QUEUE 3 0 14 2 2 3 1 9 17 1 -1
QUEUE 2 0 2 2 0 2 0 2 2 0 0
QUEUE 3 0 10 13 2 3 3 9 18 2 -1
QUEUE 1 0 2 20 2 3 2 10 11 2 -1
QUEUE 2 1 9 15 1 2 1 16 9 2 -1
QUEUE 3 3 14 16 1 3 1 11 13 0 1
QUEUE 3 0 3 5 2 3 0 3 5 0 1
QUEUE 1 0 1 15 0 0 0 17 20 2 1
QUEUE 3 2 11 10 0 3 2 11 10 0 0
QUEUE 1 3 3 15 1 1 2 19 19 2 1
QUEUE 3 3 16 15 0 3 3 14 9 2 1
QUEUE 2 0 5 8 0 0 3 9 6 2 1
QUEUE 1 3 2 20 0 1 2 8 17 2 1
QUEUE 2 3 9 6 2 2 3 8 1 0 1
QUEUE 2 1 15 15 2 2 1 18 18 2 -1
QUEUE 3 0 6 13 0 3 0 6 13 0 0
QUEUE 1 1 12 3 0 1 1 16 12 1 -1
QUEUE 3 2 17 17 0 0 3 5 15 1 1
QUEUE 3 2 14 8 2 3 2 3 10 2 1
QUEUE 0 2 2 17 2 2 2 10 9 2 -1
QUEUE 2 3 4 5 0 2 1 2 8 0 1
QUEUE 1 2 11 1 0 1 3 1 11 0 -1
QUEUE 1 1 20 8 1 1 1 20 8 1 0
QUEUE 1 3 13 8 2 3 3 7 17 2 -1
QUEUE 1 1 18 15 1 1 0 10 13 2 1
QUEUE 3 2 18 9 2 1 2 16 7 1 1
QUEUE 2 1 11 4 0 2 3 2 7 1 -1
QUEUE 1 2 1 4 0 3 1 3 6 0 -1
QUEUE 2 0 9 9 0 2 0 15 11 0 -1
QUEUE 3 0 3 14 1 3 0 3 14 1 0
QUEUE 0 1 7 8 0 0 1 14 20 2 -1
QUEUE 3 2 20 17 1 3 2 19 2 0 1
QUEUE 1 3 5 15 1 1 1 14 18 2 1
QUEUE 0 3 10 19 0 3 2 16 16 2 -1
QUEUE 3 3 4 10 0 3 3 16 8 0 -1
QUEUE 2 0 3 15 1 1 1 11 11 1 1
QUEUE 2 2 13 2 2 2 2 13 2 2 0
QUEUE 1 3 9 1 0 0 3 19 19 0 1
QUEUE 3 3 19 3 2 3 1 1 17 2 1
QUEUE 3 1 8 3 1 3 2 9 16 1 -1
QUEUE 2 1 8 6 1 2 1 3 12 2 1
QUEUE 3 2 1 16 0 2 3 19 6 0 1
QUEUE 2 3 11 6 2 2 2 5 7 0 1
QUEUE 2 3 10 2 2 2 3 10 2 2 0
QUEUE 2 3 10 19 2 2 0 13 3 2 1
QUEUE 0 3 6 13 1 1 0 16 12 2 -1
QUEUE 3 2 5 6 0 3 2 8 19 0 -1
QUEUE 3 0 12 18 1 3 1 2 11 1 -1
QUEUE 3 3 6 19 0 3 2 12 6 1 1
QUEUE 2 0 9 20 0 3 0 11 3 1 -1
QUEUE 3 0 12 8 0 3 0 12 8 0 0
QUEUE 1 0 11 1 2 2 1 2 17 1 -1
QUEUE 2 0 3 6 1 2 0 17 16 1 -1
QUEUE 3 0 15 4 1 0 0 4 3 2 1
QUEUE 2 1 1 4 2 2 1 14 14 2 -1
QUEUE 1 0 11 4 1 2 0 1 15 1 -1
QUEUE 2 0 9 14 2 2 2 11 19 0 -1
QUEUE 1 1 17 2 1 1 1 17 2 1 0
QUEUE 2 0 12 8 2 2 0 12 5 1 1
QUEUE 3 0 7 10 0 2 3 9 3 1 1
QUEUE 2 0 17 6 2 2 0 5 3 0 1
QUEUE 1 2 9 6 1 3 2 3 20 0 -1
QUEUE 3 3 6 15 1 3 2 2 2 2 1
QUEUE 1 2 16 11 1 3 2 3 7 0 -1
QUEUE 3 0 11 7 1 3 0 11 7 1 0
QUEUE 0 2 5 16 2 2 2 13 13 1 -1
QUEUE 2 1 8 13 0 2 2 6 4 1 -1
QUEUE 0 1 12 6 2 2 1 17 4 0 -1
