SEGMENT -28 12 -69 101 -28 12 61 53 61 53 20 142 10 -28 -19 -26 10 -28 18 88 18 88 -11 90 4.000000000 0 6 21 6.500000000 4 0 14 1 14 37 0 37 1 0 48 -1 48 -7 0 -7 -1 0 -28 12 1 61 53 1 -28.000000000 12.000000000 61.000000000 53.000000000 20 142 61 53 61 53 -28 12 -69 101 -28 12 3 -28 12 -69 101 -28 12 61 53 61 53 20 142 4 -28 12 61 53 61 53 20 142 61 53 -28 12 -69 101 -28 12 0 -28 12 61 53 -28 12 61 53 -40 8 -16 114 -28 12 -69 101 -28 12 61 53 -22 15 -63 104 -210383 142161 9602 1 10 -28 18 88 1 0 21 -28 12 -28 16 -19 16 -19 20 -10 20 -10 24 -1 24 -1 29 8 29 8 33 17 33 17 37 26 37 26 41 35 41 35 45 44 45 44 49 53 49 53 53 61 53 21 -28 12 -24 16 -19 16 -15 20 -10 20 -6 24 -1 24 4 29 8 29 12 33 17 33 21 37 26 37 30 41 35 41 39 45 44 45 48 49 53 49 57 53 61 53 2 3 1 -28 12 -69 101 -28 12 61 53 61 53 20 142 -7 0 -7 -1 0 14 1 14 37 0 37 1
SEGMENT 32 64 78 -21 32 64 -53 18 -53 18 -7 -67 -75 42 -68 162 -75 42 45 35 45 35 52 155 5.000000000 1 -23 31 7.500000000 3 -40 21 9 27 9 27 -8 66 -8 66 -40 21 1 32 64 1 -53 18 1 32.000000000 64.000000000 -53.000000000 18.000000000 -7 -67 -53 18 -53 18 32 64 78 -21 32 64 3 32 64 78 -21 32 64 -53 18 -53 18 -7 -67 4 -53 18 32 64 78 -21 32 64 32 64 -53 18 -53 18 -7 -67 0 -53 18 32 64 -53 18 32 64 -71 -32 -35 96 32 64 78 -21 32 64 -53 18 25 60 71 -25 232697 561990 9341 1 -75 42 45 35 1 0 21 32 64 23 64 23 59 14 59 14 54 5 54 5 49 -4 49 -4 45 -13 45 -13 40 -22 40 -22 35 -31 35 -31 30 -40 30 -40 25 -49 25 -49 20 -53 20 -53 18 21 32 64 28 64 23 59 19 59 14 54 10 54 5 49 0 49 -4 45 -8 45 -13 40 -17 40 -22 35 -26 35 -31 30 -35 30 -40 25 -44 25 -49 20 -51 20 -53 18 2 1 2 -53 18 -7 -67 32 64 -53 18 32 64 78 -21 -40 21 9 27 9 27 -8 66 -8 66 -40 21
SEGMENT 6 38 6 39 6 38 99 38 99 38 99 39 6 38 6 39 6 38 99 38 99 38 99 39 6.000000000 0 44 31 8.500000000 5 44 13 76 25 76 25 73 56 73 56 37 63 37 63 23 29 23 29 44 13 2 6 38 1 99 38 1 6.000000000 38.000000000 99.000000000 38.000000000 99 39 99 38 99 38 6 38 6 39 6 38 3 6 38 6 39 6 38 99 38 99 38 99 39 4 6 38 99 38 99 38 99 39 99 38 6 38 6 39 6 38 0 6 38 99 38 6 38 99 38 -32 61 44 137 6 38 6 39 6 38 99 38 15 38 15 39 15 38 1 2 6 38 6 39 99 38 99 39 1 1 2 6 38 99 38 2 6 38 99 38 2 3 1 6 38 6 39 6 38 99 38 99 38 99 39 76 25 73 56 73 56 37 63 37 63 23 29
SEGMENT -3 -63 -4 -63 -3 -63 -3 26 -3 26 -4 26 -4 26 -3 26 -3 26 -3 -63 -4 -63 -3 -63 7.000000000 1 -8 -26 9.500000000 5 15 -44 27 -14 27 -14 1 8 1 8 -28 -3 -28 -3 -32 -35 -32 -35 15 -44 3 -3 -63 1 -3 26 1 -3.000000000 -63.000000000 -3.000000000 26.000000000 -4 26 -3 26 -3 26 -3 -63 -4 -63 -3 -63 3 -3 -63 -4 -63 -3 -63 -3 26 -3 26 -4 26 4 -4 -63 -3 -63 -3 -63 -3 26 -3 26 -4 26 -3 26 -3 -63 0 -3 -63 -3 26 -3 -63 -3 26 -29 60 -66 23 -3 -63 -4 -63 -3 -63 -3 26 -3 -53 -4 -53 -3 -53 1 2 -4 -63 -3 -63 -3 26 -4 26 1 1 2 -3 -63 -3 26 2 -3 -63 -3 26 2 4 2 -3 -63 -4 -63 -3 -63 -3 26 -3 26 -4 26 1 8 -28 -3 -28 -3 -32 -35 -32 -35 15 -44
SEGMENT -43 -49 -36 54 -48 -16 35 25 26 -50 42 50 -73 -54 -90 -38 -73 -54 -57 -37 -57 -37 -74 -21 8.000000000 0 -12 -4 10.500000000 4 0 -15 1 -15 15 0 15 1 0 19 -1 19 -29 0 -29 -1 0 -167329 -50803 4131 24370 16950 637 -40.505688695 -12.297990801 38.257456829 26.609105181 42 50 26 -50 35 25 -48 -16 -36 54 -43 -49 3 -43 -49 -36 54 -48 -16 35 25 26 -50 42 50 4 -48 -16 35 25 26 -50 42 50 35 25 -48 -16 -36 54 -43 -49 0 -41 -13 39 27 -41 -13 39 27 -29 12 -53 65 -43 -49 -36 54 -48 -16 35 25 -31 -8 -72 75 -267023 -65821 8570 0 0 0 11 -41 -12 -41 -5 -25 -5 -25 3 -9 3 -9 11 7 11 7 19 23 19 23 27 38 27 11 -41 -12 -34 -5 -25 -5 -17 3 -9 3 -1 11 7 11 15 19 23 19 31 27 38 27 2 3 1 -43 -49 -36 54 -48 -16 35 25 26 -50 42 50 -29 0 -29 -1 0 -15 1 -15 15 0 15 1
SEGMENT 15 6 14 5 15 6 -68 89 -68 89 -69 88 -79 96 20 203 -79 96 28 -3 28 -3 127 104 9.000000000 1 -30 44 11.500000000 3 -51 30 -2 36 -2 36 -19 75 -19 75 -51 30 2 15 6 1 -68 89 1 15.000000000 6.000000000 -68.000000000 89.000000000 -69 88 -68 89 -68 89 15 6 14 5 15 6 3 15 6 14 5 15 6 -68 89 -68 89 -69 88 4 14 5 15 6 15 6 -68 89 -68 89 -69 88 -68 89 15 6 0 -68 6 15 89 -68 6 15 89 -157 9 21 21 15 6 14 5 15 6 -68 89 7 14 6 13 7 14 1 1 -79 96 28 -3 1 0 21 15 6 15 15 6 15 6 24 -3 24 -3 33 -12 33 -12 42 -21 42 -21 51 -30 51 -30 60 -39 60 -39 69 -48 69 -48 78 -57 78 -57 87 -66 87 -66 89 -68 89 2 15 6 -68 89 2 0 2 -68 89 -69 88 15 6 -68 89 15 6 14 5 -2 36 -19 75 -19 75 -51 30 -51 30 -2 36
SEGMENT -44 5 -50 18 -44 5 47 47 47 47 41 60 -55 13 -68 71 -55 13 61 39 61 39 48 97 10.000000000 0 1 15 12.500000000 5 -3 -7 29 5 29 5 26 36 26 36 -10 43 -10 43 -24 9 -24 9 -3 -7 1 -44 5 1 47 47 1 -44.000000000 5.000000000 47.000000000 47.000000000 41 60 47 47 47 47 -44 5 -50 18 -44 5 3 -44 5 -50 18 -44 5 47 47 47 47 41 60 4 -44 5 47 47 47 47 41 60 47 47 -44 5 -50 18 -44 5 0 -44 5 47 47 -44 5 47 47 -49 0 -39 94 -44 5 -50 18 -44 5 47 47 -33 10 -39 23 -6771 2063 205 1 -55 13 61 39 1 0 11 -44 5 -44 15 -22 15 -22 25 0 25 0 35 22 35 22 46 44 46 44 47 47 47 11 -44 5 -34 15 -22 15 -12 25 0 25 10 35 22 35 33 46 44 46 45 47 47 47 2 3 2 -44 5 -50 18 -44 5 47 47 47 47 41 60 -3 -7 29 5 29 5 26 36 26 36 -10 43
SEGMENT -68 82 -5 164 -68 82 14 19 14 19 77 101 -42 -19 -45 -18 -42 -19 0 107 0 107 -3 108 11.000000000 1 -30 43 13.500000000 5 -11 21 1 51 1 51 -25 73 -25 73 -54 62 -54 62 -58 30 -58 30 -11 21 2 -68 82 1 14 19 1 -68.000000000 82.000000000 14.000000000 19.000000000 77 101 14 19 14 19 -68 82 -5 164 -68 82 3 -68 82 -5 164 -68 82 14 19 14 19 77 101 4 14 19 77 101 14 19 -68 82 -5 164 -68 82 -68 82 14 19 0 -68 19 14 82 -68 19 14 82 -150 -5 14 33 -68 82 -5 164 -68 82 14 19 -57 74 6 156 -16536 21304 289 1 -42 -19 0 107 1 0 13 -68 82 -68 71 -54 71 -54 60 -40 60 -40 50 -26 50 -26 39 -12 39 -12 28 2 28 2 19 14 19 13 -68 82 -57 71 -54 71 -43 60 -40 60 -30 50 -26 50 -15 39 -12 39 -1 28 2 28 11 19 14 19 2 2 0 -68 82 -5 164 -68 82 14 19 14 19 77 101 1 51 -25 73 -25 73 -54 62 -54 62 -58 30
SEGMENT -82 -70 -159 13 -82 -70 1 7 1 7 -76 90 23 -90 -2 -87 23 -90 35 10 35 10 10 13 12.000000000 0 -34 -40 14.500000000 4 0 -55 1 -55 -11 0 -11 1 0 -21 -1 -21 -55 0 -55 -1 0 -82 -70 1 1 7 1 -82.000000000 -70.000000000 1.000000000 7.000000000 -76 90 1 7 1 7 -82 -70 -159 13 -82 -70 3 -82 -70 -159 13 -82 -70 1 7 1 7 -76 90 4 -82 -70 1 7 1 7 -76 90 1 7 -82 -70 -159 13 -82 -70 0 -82 -70 1 7 -82 -70 1 7 -12 -6 -152 8 -82 -70 -159 13 -82 -70 1 7 -71 -60 -148 23 -53611 -45157 754 0 0 0 15 -82 -70 -82 -58 -69 -58 -69 -46 -56 -46 -56 -34 -43 -34 -43 -22 -30 -22 -30 -10 -17 -10 -17 2 -4 2 -4 7 1 7 15 -82 -70 -70 -58 -69 -58 -57 -46 -56 -46 -44 -34 -43 -34 -31 -22 -30 -22 -18 -10 -17 -10 -5 2 -4 2 1 7 1 7 2 3 2 -82 -70 -159 13 -82 -70 1 7 1 7 -76 90 -55 0 -55 -1 0 -55 1 -55 -11 0 -11 1
SEGMENT 22 88 7 -11 18 66 -63 15 -57 84 -51 -17 -85 66 -90 190 -85 66 39 71 39 71 34 195 4.000000000 1 -23 37 15.500000000 3 -48 19 1 25 1 25 -16 64 -16 64 -48 19 0 7551 26785 403 -50229 19925 943 18.736972705 66.464019851 -53.265111347 21.129374337 -51 -17 -57 84 -63 15 18 66 7 -11 22 88 3 22 88 7 -11 18 66 -63 15 -57 84 -51 -17 4 -63 15 18 66 7 -11 22 88 18 66 -63 15 -57 84 -51 -17 0 -54 21 19 67 -54 21 19 67 -75 -47 -33 86 22 88 7 -11 18 66 -63 15 6 58 23 31 2952 29684 509 0 0 0 25 19 66 13 66 13 63 7 63 7 59 1 59 1 55 -5 55 -5 52 -11 52 -11 48 -17 48 -17 44 -23 44 -23 40 -29 40 -29 36 -35 36 -35 33 -41 33 -41 29 -47 29 -47 25 -53 25 -53 21 25 19 66 16 66 13 63 11 63 7 59 5 59 1 55 -2 55 -5 52 -7 52 -11 48 -13 48 -17 44 -19 44 -23 40 -25 40 -29 36 -32 36 -35 33 -37 33 -41 29 -43 29 -47 25 -49 25 -53 21 2 1 2 -57 84 -51 -17 18 66 -63 15 22 88 7 -11 -16 64 -48 19 -48 19 1 25 1 25 -16 64
SEGMENT -56 -12 -31 32 -56 -12 32 -62 32 -62 57 -18 -9 -79 -38 -77 -9 -79 -1 37 -1 37 -30 39 5.000000000 0 -3 -20 16.500000000 5 -11 -46 21 -34 21 -34 18 -3 18 -3 -18 4 -18 4 -32 -30 -32 -30 -11 -46 0 -56 -12 1 32 -62 1 -56.000000000 -12.000000000 32.000000000 -62.000000000 57 -18 32 -62 32 -62 -56 -12 -31 32 -56 -12 3 -56 -12 -31 32 -56 -12 32 -62 32 -62 57 -18 4 32 -62 57 -18 32 -62 -56 -12 -31 32 -56 -12 -56 -12 32 -62 0 -56 -62 32 -12 -56 -62 32 -12 -44 94 -68 -30 -56 -12 -31 32 -56 -12 32 -62 -42 -20 -17 24 -107512 -51132 2561 1 -9 -79 -1 37 1 0 21 -56 -12 -47 -12 -47 -17 -38 -17 -38 -22 -29 -22 -29 -27 -20 -27 -20 -32 -11 -32 -11 -38 -2 -38 -2 -43 7 -43 7 -48 16 -48 16 -53 25 -53 25 -58 32 -58 32 -62 21 -56 -12 -52 -12 -47 -17 -43 -17 -38 -22 -34 -22 -29 -27 -25 -27 -20 -32 -17 -32 -11 -38 -7 -38 -2 -43 2 -43 7 -48 11 -48 16 -53 20 -53 25 -58 28 -58 32 -62 2 3 0 -56 -12 -31 32 -56 -12 32 -62 32 -62 57 -18 -32 -30 -11 -46 -11 -46 21 -34 21 -34 18 -3
SEGMENT 2 -3 -99 58 2 -3 63 98 63 98 -38 159 -29 49 -22 169 -29 49 91 42 91 42 98 162 6.000000000 1 33 48 17.500000000 5 48 22 60 52 60 52 34 74 34 74 5 63 5 63 1 31 1 31 48 22 1 2 -3 1 63 98 1 2.000000000 -3.000000000 63.000000000 98.000000000 -38 159 63 98 63 98 2 -3 -99 58 2 -3 3 2 -3 -99 58 2 -3 63 98 63 98 -38 159 4 2 -3 63 98 63 98 -38 159 63 98 2 -3 -99 58 2 -3 0 2 -3 63 98 2 -3 63 98 -35 5 -1 161 2 -3 -99 58 2 -3 63 98 11 12 -90 73 76874 83349 6961 1 -29 49 91 42 1 0 23 2 -3 8 -3 8 7 14 7 14 17 20 17 20 27 26 27 26 37 32 37 32 47 38 47 38 57 44 57 44 67 50 67 50 77 56 77 56 87 62 87 62 97 63 97 63 98 23 2 -3 5 0 5 7 22 24 22 17 38 33 38 27 55 44 55 37 72 54 72 47 88 63 88 57 105 74 105 67 121 83 121 77 138 94 138 87 154 103 154 97 63 188 63 98 2 4 1 2 -3 -99 58 2 -3 63 98 63 98 -38 159 48 22 60 52 60 52 34 74 34 74 5 63
SEGMENT -9 -14 -50 75 -9 -14 80 27 80 27 39 116 -9 -14 -50 75 -9 -14 80 27 80 27 39 116 7.000000000 0 37 7 18.500000000 4 0 -12 1 -12 56 0 56 1 0 22 -1 22 12 0 12 -1 0 -9 -14 1 80 27 1 -9.000000000 -14.000000000 80.000000000 27.000000000 39 116 80 27 80 27 -9 -14 -50 75 -9 -14 3 -9 -14 -50 75 -9 -14 80 27 80 27 39 116 4 -9 -14 80 27 80 27 39 116 80 27 -9 -14 -50 75 -9 -14 0 -9 -14 80 27 -9 -14 80 27 5 53 -23 107 -9 -14 -50 75 -9 -14 80 27 8 -6 -33 83 77431 -58947 9602 2 -9 -14 -50 75 80 27 39 116 1 1 13 -9 -14 -9 -7 6 -7 6 0 21 0 21 7 36 7 36 14 51 14 51 21 66 21 66 27 80 27 13 -9 -14 -2 -7 6 -7 13 0 21 0 28 7 36 7 43 14 51 14 58 21 66 21 72 27 80 27 2 3 1 -9 -14 -50 75 -9 -14 80 27 80 27 39 116 12 0 12 -1 0 -12 1 -12 56 0 56 1
SEGMENT 70 42 116 -43 70 42 -15 -4 -15 -4 31 -89 31 -89 -15 -4 -15 -4 70 42 116 -43 70 42 8.000000000 1 27 21 19.500000000 3 -2 -1 47 5 47 5 30 44 30 44 -2 -1 1 70 42 1 -15 -4 1 70.000000000 42.000000000 -15.000000000 -4.000000000 31 -89 -15 -4 -15 -4 70 42 116 -43 70 42 3 70 42 116 -43 70 42 -15 -4 -15 -4 31 -89 4 -15 -4 70 42 116 -43 70 42 70 42 -15 -4 -15 -4 31 -89 0 -15 -4 70 42 -15 -4 70 42 -11 28 -19 112 70 42 116 -43 70 42 -15 -4 53 33 99 -52 495855 306808 9341 2 31 -89 -15 -4 70 42 116 -43 1 1 13 70 42 55 42 55 34 40 34 40 26 25 26 25 18 10 18 10 10 -5 10 -5 1 -15 1 -15 -4 13 70 42 63 42 55 34 48 34 40 26 33 26 25 18 18 18 10 10 4 10 -5 1 -10 1 -15 -4 2 1 2 -15 -4 31 -89 70 42 -15 -4 70 42 116 -43 -2 -1 47 5 47 5 30 44 30 44 -2 -1
SEGMENT -37 -4 66 5 -2 -16 39 72 -32 59 70 66 -48 -28 -65 -12 -48 -28 -32 -11 -32 -11 -49 5 9.000000000 0 23 32 20.500000000 5 11 2 43 14 43 14 40 45 40 45 4 52 4 52 -10 18 -10 18 11 2 4 983 -56 185 304882 552656 8689 5.313513514 -0.302702703 35.088272528 63.604097134 70 66 -32 59 39 72 -2 -16 66 5 -37 -4 3 -37 -4 66 5 -2 -16 39 72 -32 59 70 66 4 -37 -4 66 5 -2 -16 39 72 70 66 -32 59 39 72 -2 -16 0 5 -1 36 64 5 -1 36 64 -29 6 5 99 -37 -4 66 5 -2 -16 39 72 14 18 -74 59 130718 170224 9425 0 0 0 9 5 0 5 19 14 19 14 38 23 38 23 57 32 57 32 64 35 64 9 5 0 5 -5 29 19 29 -3 70 38 70 16 111 57 111 -12 35 64 2 4 2 -37 -4 66 5 -2 -16 39 72 -32 59 70 66 4 52 -10 18 -10 18 11 2 11 2 43 14
SEGMENT -20 -43 -21 -43 -20 -43 -20 46 -20 46 -21 46 -72 48 27 155 -72 48 35 -51 35 -51 134 56 10.000000000 1 -13 6 21.500000000 5 -2 -24 10 6 10 6 -16 28 -16 28 -45 17 -45 17 -49 -15 -49 -15 -2 -24 0 -20 -43 1 -20 46 1 -20.000000000 -43.000000000 -20.000000000 46.000000000 -21 46 -20 46 -20 46 -20 -43 -21 -43 -20 -43 3 -20 -43 -21 -43 -20 -43 -20 46 -20 46 -21 46 4 -21 -43 -20 -43 -20 -43 -20 46 -20 46 -21 46 -20 46 -20 -43 0 -20 -43 -20 46 -20 -43 -20 46 -66 23 -63 26 -20 -43 -21 -43 -20 -43 -20 46 -20 -21 -21 -21 -20 -21 1 1 -72 48 35 -51 1 0 2 -20 -43 -20 46 2 -20 -43 -20 46 2 4 2 -20 -43 -21 -43 -20 -43 -20 46 -20 46 -21 46 -49 -15 -2 -24 -2 -24 10 6 10 6 -16 28
SEGMENT -32 -17 -33 -16 -32 -17 51 66 51 66 50 67 -52 16 -65 74 -52 16 64 42 64 42 51 100 11.000000000 0 14 28 22.500000000 4 0 5 1 5 29 0 29 1 0 39 -1 39 -15 0 -15 -1 0 -32 -17 1 51 66 1 -32.000000000 -17.000000000 51.000000000 66.000000000 50 67 51 66 51 66 -32 -17 -33 -16 -32 -17 3 -32 -17 -33 -16 -32 -17 51 66 51 66 50 67 4 -32 -17 51 66 51 66 50 67 51 66 -32 -17 -33 -16 -32 -17 0 -32 -17 51 66 -32 -17 51 66 -15 -15 -49 117 -32 -17 -33 -16 -32 -17 51 66 -16 -1 -17 0 -16 -1 1 1 -52 16 64 42 1 0 17 -32 -17 -32 -6 -21 -6 -21 5 -10 5 -10 16 1 16 1 27 12 27 12 38 23 38 23 49 34 49 34 60 45 60 45 66 51 66 2 -32 -17 51 66 2 0 2 -32 -17 -33 -16 -32 -17 51 66 51 66 50 67 -15 0 -15 -1 0 5 1 5 29 0 29 1
SEGMENT 64 -79 63 -80 64 -79 -19 4 -19 4 -20 3 9 -101 6 -100 9 -101 51 25 51 25 48 26 12.000000000 1 14 -29 23.500000000 3 -2 -55 47 -49 47 -49 30 -10 30 -10 -2 -55 2 64 -79 1 -19 4 1 64.000000000 -79.000000000 -19.000000000 4.000000000 -20 3 -19 4 -19 4 64 -79 63 -80 64 -79 3 64 -79 63 -80 64 -79 -19 4 -19 4 -20 3 4 63 -80 64 -79 64 -79 -19 4 -19 4 -20 3 -19 4 64 -79 1 -19 -79 64 4 -19 -79 64 4 -23 143 -15 -15 64 -79 63 -80 64 -79 -19 4 47 -62 46 -63 47 -62 1 1 9 -101 51 25 1 0 15 64 -79 64 -67 52 -67 52 -55 40 -55 40 -43 28 -43 28 -31 16 -31 16 -19 4 -19 4 -7 -8 -7 -8 4 -19 4 2 64 -79 -19 4 2 0 2 -19 4 -20 3 64 -79 -19 4 64 -79 63 -80 47 -49 30 -10 30 -10 -2 -55 -2 -55 47 -49
SEGMENT -59 9 -65 22 -59 9 32 51 32 51 26 64 45 -29 20 -26 45 -29 57 71 57 71 32 74 4.000000000 0 -19 31 24.500000000 5 -18 -3 14 9 14 9 11 40 11 40 -25 47 -25 47 -39 13 -39 13 -18 -3 3 -59 9 1 32 51 1 -59.000000000 9.000000000 32.000000000 51.000000000 26 64 32 51 32 51 -59 9 -65 22 -59 9 3 -59 9 -65 22 -59 9 32 51 32 51 26 64 4 -59 9 32 51 32 51 26 64 32 51 -59 9 -65 22 -59 9 0 -59 9 32 51 -59 9 32 51 -68 -19 -50 83 -59 9 -65 22 -59 9 32 51 -37 19 -43 32 -7597 3921 205 0 0 0 23 -59 9 -59 13 -50 13 -50 17 -41 17 -41 21 -32 21 -32 26 -23 26 -23 30 -14 30 -14 34 -5 34 -5 38 4 38 4 42 13 42 13 46 22 46 22 51 31 51 31 51 32 51 23 -59 9 -55 13 -50 13 -46 17 -41 17 -37 21 -32 21 -27 26 -23 26 -19 30 -14 30 -10 34 -5 34 -1 38 4 38 8 42 13 42 17 46 22 46 27 51 31 51 31 51 32 51 2 3 2 -59 9 -65 22 -59 9 32 51 32 51 26 64 11 40 -25 47 -25 47 -39 13 -39 13 -18 -3
SEGMENT -82 -10 21 -16 -70 -19 13 -82 -85 -86 18 -95 -95 -18 -100 106 -95 -18 29 -13 29 -13 24 111 5.000000000 1 -40 -56 25.500000000 5 -16 -71 -4 -41 -4 -41 -30 -19 -30 -19 -59 -30 -59 -30 -63 -62 -63 -62 -16 -71 4 -163445 -19988 1997 91024 -276183 2871 -81.845267902 -10.009013520 31.704632532 -96.197492163 18 -95 -85 -86 13 -82 -70 -19 21 -16 -82 -10 3 -82 -10 21 -16 -70 -19 13 -82 -85 -86 18 -95 4 13 -82 -70 -19 21 -16 -82 -10 -70 -19 13 -82 -85 -86 18 -95 0 -82 -97 32 -10 -82 -97 32 -10 -72 128 -92 -64 -82 -10 21 -16 -70 -19 13 -82 -62 -25 1 58 -336787 -135974 5429 1 -95 -18 29 -13 1 0 35 -82 -10 -82 -15 -75 -15 -75 -21 -68 -21 -68 -26 -61 -26 -61 -31 -54 -31 -54 -36 -47 -36 -47 -42 -40 -42 -40 -47 -33 -47 -33 -52 -26 -52 -26 -58 -19 -58 -19 -63 -12 -63 -12 -68 -5 -68 -5 -74 2 -74 2 -79 9 -79 9 -84 16 -84 16 -90 23 -90 23 -95 30 -95 30 -96 32 -96 35 -82 -10 -77 -15 -75 -15 -69 -21 -68 -21 -63 -26 -61 -26 -56 -31 -54 -31 -49 -36 -47 -36 -41 -42 -40 -42 -35 -47 -33 -47 -28 -52 -26 -52 -20 -58 -19 -58 -14 -63 -12 -63 -7 -68 -5 -68 1 -74 2 -74 7 -79 9 -79 14 -84 16 -84 22 -90 23 -90 28 -95 30 -95 31 -96 32 -96 2 2 0 -82 -10 21 -16 -70 -19 13 -82 -85 -86 18 -95 -59 -30 -63 -62 -63 -62 -16 -71 -16 -71 -4 -41
SEGMENT -32 8 -109 91 -32 8 51 85 51 85 -26 168 12 -19 -17 -17 12 -19 20 97 20 97 -9 99 6.000000000 0 11 31 26.500000000 4 0 23 1 23 39 0 39 1 0 57 -1 57 -5 0 -5 -1 0 -32 8 1 51 85 1 -32.000000000 8.000000000 51.000000000 85.000000000 -26 168 51 85 51 85 -32 8 -109 91 -32 8 3 -32 8 -109 91 -32 8 51 85 51 85 -26 168 4 -32 8 51 85 51 85 -26 168 51 85 -32 8 -109 91 -32 8 0 -32 8 51 85 -32 8 51 85 -40 -34 -24 136 -32 8 -109 91 -32 8 51 85 -13 26 -90 109 -164247 330695 12818 1 12 -19 20 97 1 0 29 -32 8 -32 14 -26 14 -26 19 -20 19 -20 25 -14 25 -14 30 -8 30 -8 36 -2 36 -2 41 4 41 4 47 10 47 10 53 16 53 16 58 22 58 22 64 28 64 28 69 34 69 34 75 40 75 40 80 46 80 46 85 51 85 29 -32 8 -26 14 -26 14 -21 19 -20 19 -14 25 -14 25 -9 30 -8 30 -2 36 -2 36 3 41 4 41 10 47 10 47 16 53 16 53 21 58 22 58 28 64 28 64 33 69 34 69 40 75 40 75 45 80 46 80 51 85 51 85 2 3 2 -32 8 -109 91 -32 8 51 85 51 85 -26 168 -5 0 -5 -1 0 23 1 23 39 0 39 1
SEGMENT 42 71 118 -14 42 71 -43 -5 -43 -5 33 -90 -56 30 -49 150 -56 30 64 23 64 23 71 143 7.000000000 1 -1 20 27.500000000 3 -21 9 28 15 28 15 11 54 11 54 -21 9 0 42 71 1 -43 -5 1 42.000000000 71.000000000 -43.000000000 -5.000000000 33 -90 -43 -5 -43 -5 42 71 118 -14 42 71 3 42 71 118 -14 42 71 -43 -5 -43 -5 33 -90 4 -43 -5 42 71 118 -14 42 71 42 71 -43 -5 -43 -5 33 -90 0 -43 -5 42 71 -43 -5 42 71 -38 -29 -48 113 42 71 118 -14 42 71 -43 -5 21 53 97 -32 278037 683443 13001 1 -56 30 64 23 1 0 23 42 71 34 71 34 64 26 64 26 57 18 57 18 50 10 50 10 42 2 42 2 35 -6 35 -6 28 -14 28 -14 21 -22 21 -22 14 -30 14 -30 7 -38 7 -38 -1 -43 -1 -43 -5 23 42 71 41 71 34 64 33 64 26 57 25 57 18 50 18 50 10 42 9 42 2 35 1 35 -6 28 -7 28 -14 21 -15 21 -22 14 -23 14 -30 7 -30 7 -38 -1 -39 -1 -43 -5 2 1 2 -43 -5 33 -90 42 71 -43 -5 42 71 118 -14 11 54 -21 9 -21 9 28 15 28 15 11 54
SEGMENT -67 30 -42 74 -67 30 21 -20 21 -20 46 24 -67 30 -42 74 -67 30 21 -20 21 -20 46 24 8.000000000 0 -19 15 28.500000000 5 -22 -4 10 8 10 8 7 39 7 39 -29 46 -29 46 -43 12 -43 12 -22 -4 2 -67 30 1 21 -20 1 -67.000000000 30.000000000 21.000000000 -20.000000000 46 24 21 -20 21 -20 -67 30 -42 74 -67 30 3 -67 30 -42 74 -67 30 21 -20 21 -20 46 24 4 21 -20 46 24 21 -20 -67 30 -42 74 -67 30 -67 30 21 -20 0 -67 -20 21 30 -67 -20 21 30 -97 41 -37 1 -67 30 -42 74 -67 30 21 -20 -42 16 -17 60 -107787 40580 2561 2 -67 30 -42 74 21 -20 46 24 1 1 15 -67 30 -53 30 -53 22 -39 22 -39 14 -25 14 -25 6 -11 6 -11 -2 3 -2 3 -10 17 -10 17 -18 21 -18 21 -20 15 -67 30 -61 30 -53 22 -47 22 -39 14 -33 14 -25 6 -19 6 -11 -2 -5 -2 3 -10 9 -10 17 -18 19 -18 21 -20 2 3 0 -67 30 -42 74 -67 30 21 -20 21 -20 46 24 10 8 7 39 7 39 -29 46 -29 46 -43 12
SEGMENT 1 -9 -100 52 1 -9 62 92 62 92 -39 153 -39 153 62 92 62 92 1 -9 -100 52 1 -9 9.000000000 1 27 35 29.500000000 5 47 16 59 46 59 46 33 68 33 68 4 57 4 57 0 25 0 25 47 16 3 1 -9 1 62 92 1 1.000000000 -9.000000000 62.000000000 92.000000000 -39 153 62 92 62 92 1 -9 -100 52 1 -9 3 1 -9 -100 52 1 -9 62 92 62 92 -39 153 4 1 -9 62 92 62 92 -39 153 62 92 1 -9 -100 52 1 -9 0 1 -9 62 92 1 -9 62 92 -30 10 -8 154 1 -9 -100 52 1 -9 62 92 16 16 -85 77 111881 111071 6961 2 -100 52 1 -9 62 92 -39 153 1 1 15 1 -9 10 -9 10 6 19 6 19 21 28 21 28 36 37 36 37 51 46 51 46 66 55 66 55 81 62 81 62 92 15 1 -9 -1 -7 -1 6 24 31 24 21 49 46 49 36 74 61 74 51 99 76 99 66 123 90 123 81 62 142 62 92 2 4 1 1 -9 -100 52 1 -9 62 92 62 92 -39 153 33 68 4 57 4 57 0 25 0 25 47 16
SEGMENT -13 -80 -6 23 -18 -47 65 -6 56 -81 72 19 -43 -85 -60 -69 -43 -85 -27 -68 -27 -68 -44 -52 10.000000000 0 21 -34 30.500000000 4 0 -46 1 -46 45 0 45 1 0 -12 -1 -12 1 0 1 -1 0 -43399 -178864 4131 43480 -2797 637 -10.505688695 -43.297990801 68.257456829 -4.390894819 72 19 56 -81 65 -6 -18 -47 -6 23 -13 -80 3 -13 -80 -6 23 -18 -47 65 -6 56 -81 72 19 4 -18 -47 65 -6 56 -81 72 19 65 -6 -18 -47 -6 23 -13 -80 0 -11 -44 69 -4 -11 -44 69 -4 32 73 -54 64 -13 -80 -6 23 -18 -47 65 -6 17 -30 -24 53 72353 -127554 4285 0 0 0 9 -11 -43 -11 -34 9 -34 9 -24 29 -24 29 -14 49 -14 49 -4 68 -4 9 -11 -43 -2 -34 9 -34 19 -24 29 -24 39 -14 49 -14 59 -4 68 -4 2 3 1 -13 -80 -6 23 -18 -47 65 -6 56 -81 72 19 1 0 1 -1 0 -46 1 -46 45 0 45 1
SEGMENT 5 12 51 -73 5 12 -80 -34 -80 -34 -34 -119 -95 35 4 142 -95 35 12 -64 12 -64 111 43 11.000000000 1 -43 -16 31.500000000 3 -67 -31 -18 -25 -18 -25 -35 14 -35 14 -67 -31 1 5 12 1 -80 -34 1 5.000000000 12.000000000 -80.000000000 -34.000000000 -34 -119 -80 -34 -80 -34 5 12 51 -73 5 12 3 5 12 51 -73 5 12 -80 -34 -80 -34 -34 -119 4 -80 -34 5 12 51 -73 5 12 5 12 -80 -34 -80 -34 -34 -119 0 -80 -34 5 12 -80 -34 5 12 -46 -7 -114 17 5 12 51 -73 5 12 -80 -34 -23 -3 23 -88 -214245 -29128 9341 1 -95 35 12 -64 1 0 11 5 12 -15 12 -15 1 -35 1 -35 -10 -55 -10 -55 -20 -75 -20 -75 -31 -80 -31 -80 -34 11 5 12 -4 12 -15 1 -24 1 -35 -10 -45 -10 -55 -20 -64 -20 -75 -31 -77 -31 -80 -34 2 1 2 -80 -34 -34 -119 5 12 -80 -34 5 12 51 -73 -67 -31 -18 -25 -18 -25 -35 14 -35 14 -67 -31
SEGMENT -54 -32 -54 -31 -54 -32 39 -32 39 -32 39 -31 -68 -37 -81 21 -68 -37 48 -11 48 -11 35 47 12.000000000 0 -9 -34 32.500000000 5 -16 -57 16 -45 16 -45 13 -14 13 -14 -23 -7 -23 -7 -37 -41 -37 -41 -16 -57 1 -54 -32 1 39 -32 1 -54.000000000 -32.000000000 39.000000000 -32.000000000 39 -31 39 -32 39 -32 -54 -32 -54 -31 -54 -32 3 -54 -32 -54 -31 -54 -32 39 -32 39 -32 39 -31 4 -54 -32 39 -32 39 -32 39 -31 39 -32 -54 -32 -54 -31 -54 -32 0 -54 -32 39 -32 -54 -32 39 -32 -22 71 -86 7 -54 -32 -54 -31 -54 -32 39 -32 -21 -32 -21 -31 -21 -32 1 1 -68 -37 48 -11 1 0 2 -54 -32 39 -32 2 -54 -32 39 -32 2 3 1 -54 -32 -54 -31 -54 -32 39 -32 39 -32 39 -31 -16 -57 16 -45 16 -45 13 -14 13 -14 -23 -7
SEGMENT 33 2 32 2 33 2 33 91 33 91 32 91 20 -19 17 -18 20 -19 62 107 62 107 59 108 4.000000000 1 35 44 33.500000000 5 51 21 63 51 63 51 37 73 37 73 8 62 8 62 4 30 4 30 51 21 2 33 2 1 33 91 1 33.000000000 2.000000000 33.000000000 91.000000000 32 91 33 91 33 91 33 2 32 2 33 2 3 33 2 32 2 33 2 33 91 33 91 32 91 4 32 2 33 2 33 2 33 91 33 91 32 91 33 91 33 2 0 33 2 33 91 33 2 33 91 -58 31 35 124 33 2 32 2 33 2 33 91 33 36 32 36 33 36 1 1 20 -19 62 107 1 0 2 33 2 33 91 2 33 2 33 91 2 4 2 33 2 32 2 33 2 33 91 33 91 32 91 63 51 37 73 37 73 8 62 8 62 4 30
SEGMENT -83 -61 -84 -60 -83 -61 0 22 0 22 -1 23 12 -74 -13 -71 12 -74 24 26 24 26 -1 29 5.000000000 0 -42 -23 34.500000000 4 0 -39 1 -39 -22 0 -22 1 0 -5 -1 -5 -66 0 -66 -1 0 -83 -61 1 0 22 1 -83.000000000 -61.000000000 0.000000000 22.000000000 -1 23 0 22 0 22 -83 -61 -84 -60 -83 -61 3 -83 -61 -84 -60 -83 -61 0 22 0 22 -1 23 4 -83 -61 0 22 0 22 -1 23 0 22 -83 -61 -84 -60 -83 -61 0 -83 -61 0 22 -83 -61 0 22 -22 -22 -144 22 -83 -61 -84 -60 -83 -61 0 22 -59 -37 -60 -36 -59 -37 1 0 0 0 35 -83 -61 -83 -56 -78 -56 -78 -51 -73 -51 -73 -46 -68 -46 -68 -41 -63 -41 -63 -36 -58 -36 -58 -31 -53 -31 -53 -26 -48 -26 -48 -21 -43 -21 -43 -16 -38 -16 -38 -11 -33 -11 -33 -6 -28 -6 -28 -1 -23 -1 -23 4 -18 4 -18 9 -13 9 -13 14 -8 14 -8 19 -3 19 -3 22 0 22 2 -83 -61 0 22 2 0 2 -83 -61 -84 -60 -83 -61 0 22 0 22 -1 23 -66 0 -66 -1 0 -39 1 -39 -22 0 -22 1
SEGMENT 71 66 56 -33 67 44 -14 -7 -8 62 -2 -39 -36 44 -41 168 -36 44 88 49 88 49 83 173 6.000000000 1 29 16 35.500000000 3 1 -3 50 3 50 3 33 42 33 42 1 -3 2 27298 17919 403 -4022 -821 943 67.736972705 44.464019851 -4.265111347 -0.870625663 -2 -39 -8 62 -14 -7 67 44 56 -33 71 66 3 71 66 56 -33 67 44 -14 -7 -8 62 -2 -39 4 -14 -7 67 44 56 -33 71 66 67 44 -14 -7 -8 62 -2 -39 0 -5 -1 68 45 -5 -1 68 45 -4 24 -6 113 71 66 56 -33 67 44 -14 -7 38 26 55 -1 38803 26279 1018 0 0 0 17 68 44 58 44 58 38 48 38 48 32 38 32 38 26 28 26 28 19 18 19 18 13 8 13 8 7 -2 7 -2 1 -4 1 -4 -1 17 68 44 64 44 58 38 54 38 48 32 44 32 38 26 35 26 28 19 24 19 18 13 14 13 8 7 4 7 -2 1 -2 1 -4 -1 2 1 2 -8 62 -2 -39 67 44 -14 -7 71 66 56 -33 50 3 33 42 33 42 1 -3 1 -3 50 3
SEGMENT -33 30 -39 43 -33 30 58 72 58 72 52 85 10 -15 -19 -13 10 -15 18 101 18 101 -11 103 7.000000000 0 19 45 36.500000000 5 8 18 40 30 40 30 37 61 37 61 1 68 1 68 -13 34 -13 34 8 18 0 -33 30 1 58 72 1 -33.000000000 30.000000000 58.000000000 72.000000000 52 85 58 72 58 72 -33 30 -39 43 -33 30 3 -33 30 -39 43 -33 30 58 72 58 72 52 85 4 -33 30 58 72 58 72 52 85 58 72 -33 30 -39 43 -33 30 0 -33 30 58 72 -33 30 58 72 -63 -14 -3 130 -33 30 -39 43 -33 30 58 72 0 45 -6 58 -18 9264 205 1 10 -15 18 101 1 0 15 -33 30 -33 37 -18 37 -18 44 -3 44 -3 51 12 51 12 58 27 58 27 65 42 65 42 72 57 72 57 72 58 72 15 -33 30 -26 37 -18 37 -11 44 -3 44 4 51 12 51 19 58 27 58 34 65 42 65 49 72 57 72 57 72 58 72 2 3 2 -33 30 -39 43 -33 30 58 72 58 72 52 85 -13 34 8 18 8 18 40 30 40 30 37 61
SEGMENT -71 38 -8 120 -71 38 11 -25 11 -25 74 57 -91 4 -84 124 -91 4 29 -3 29 -3 36 117 8.000000000 1 -26 4 37.500000000 5 -14 -23 -2 7 -2 7 -28 29 -28 29 -57 18 -57 18 -61 -14 -61 -14 -14 -23 1 -71 38 1 11 -25 1 -71.000000000 38.000000000 11.000000000 -25.000000000 74 57 11 -25 11 -25 -71 38 -8 120 -71 38 3 -71 38 -8 120 -71 38 11 -25 11 -25 74 57 4 11 -25 74 57 11 -25 -71 38 -8 120 -71 38 -71 38 11 -25 0 -71 -25 11 38 -71 -25 11 38 -109 36 -33 -14 -71 38 -8 120 -71 38 11 -25 -41 15 22 97 -438665 160067 10693 1 -91 4 29 -3 1 0 19 -71 38 -71 30 -61 30 -61 23 -51 23 -51 15 -41 15 -41 7 -31 7 -31 0 -21 0 -21 -8 -11 -8 -11 -16 -1 -16 -1 -23 9 -23 9 -25 11 -25 19 -71 38 -63 30 -61 30 -54 23 -51 23 -43 15 -41 15 -33 7 -31 7 -24 0 -21 0 -13 -8 -11 -8 -3 -16 -1 -16 6 -23 9 -23 11 -25 11 -25 2 2 0 -71 38 -8 120 -71 38 11 -25 11 -25 74 57 -14 -23 -2 7 -2 7 -28 29 -28 29 -57 18
SEGMENT -77 -23 -154 60 -77 -23 6 54 6 54 -71 137 -77 -23 -154 60 -77 -23 6 54 6 54 -71 137 9.000000000 0 -22 12 38.500000000 4 0 -8 1 -8 -6 0 -6 1 0 26 -1 26 -50 0 -50 -1 0 -77 -23 1 6 54 1 -77.000000000 -23.000000000 6.000000000 54.000000000 -71 137 6 54 6 54 -77 -23 -154 60 -77 -23 3 -77 -23 -154 60 -77 -23 6 54 6 54 -71 137 4 -77 -23 6 54 6 54 -71 137 6 54 -77 -23 -154 60 -77 -23 0 -77 -23 6 54 -77 -23 6 54 -54 -48 -100 60 -77 -23 -154 60 -77 -23 6 54 -49 3 -126 86 -313964 19144 6409 2 -77 -23 -154 60 6 54 -71 137 1 1 19 -77 -23 -77 -14 -67 -14 -67 -4 -57 -4 -57 5 -47 5 -47 14 -37 14 -37 23 -27 23 -27 33 -17 33 -17 42 -7 42 -7 51 3 51 3 54 6 54 19 -77 -23 -68 -14 -67 -14 -57 -4 -57 -4 -48 5 -47 5 -38 14 -37 14 -28 23 -27 23 -17 33 -17 33 -8 42 -7 42 2 51 3 51 6 54 6 54 2 3 2 -77 -23 -154 60 -77 -23 6 54 6 54 -71 137 -50 0 -50 -1 0 -8 1 -8 -6 0 -6 1
SEGMENT 83 68 159 -17 83 68 -2 -8 -2 -8 74 -93 74 -93 -2 -8 -2 -8 83 68 159 -17 83 68 10.000000000 1 52 29 39.500000000 3 20 6 69 12 69 12 52 51 52 51 20 6 0 83 68 1 -2 -8 1 83.000000000 68.000000000 -2.000000000 -8.000000000 74 -93 -2 -8 -2 -8 83 68 159 -17 83 68 3 83 68 159 -17 83 68 -2 -8 -2 -8 74 -93 4 -2 -8 83 68 159 -17 83 68 83 68 -2 -8 -2 -8 74 -93 0 -2 -8 83 68 -2 -8 83 68 6 15 -10 151 83 68 159 -17 83 68 -2 -8 54 42 130 -43 701598 546552 13001 2 74 -93 -2 -8 83 68 159 -17 1 1 17 83 68 72 68 72 58 61 58 61 48 50 48 50 38 39 38 39 29 28 29 28 19 17 19 17 9 6 9 6 -1 -2 -1 -2 -8 17 83 68 82 68 72 58 71 58 61 48 60 48 50 38 48 38 39 29 38 29 28 19 27 19 17 9 16 9 6 -1 5 -1 -2 -8 2 1 2 -2 -8 74 -93 83 68 -2 -8 83 68 159 -17 52 51 20 6 20 6 69 12 69 12 52 51
SEGMENT -75 -42 28 -33 -40 -54 1 34 -70 21 32 28 -86 -66 -103 -50 -86 -66 -70 -49 -70 -49 -87 -33 11.000000000 0 -29 -5 40.500000000 5 -27 -36 5 -24 5 -24 2 7 2 7 -34 14 -34 14 -48 -20 -48 -20 -27 -36 4 -6047 -7086 185 -25300 222474 8689 -32.686486486 -38.302702703 -2.911727472 25.604097134 32 28 -70 21 1 34 -40 -54 28 -33 -75 -42 3 -75 -42 28 -33 -40 -54 1 34 -70 21 32 28 4 -75 -42 28 -33 -40 -54 1 34 32 28 -70 21 1 34 -40 -54 0 -33 -39 -2 26 -33 -39 -2 26 -29 6 -71 23 -75 -42 28 -33 -40 -54 1 34 -16 -2 -104 39 -29808 -3934 1885 0 0 0 7 -33 -38 -33 -15 -22 -15 -22 8 -11 8 -11 26 -3 26 7 -33 -38 -33 -48 0 -15 0 -41 49 8 49 -26 -3 26 2 4 2 -75 -42 28 -33 -40 -54 1 34 -70 21 32 28 -34 14 -48 -20 -48 -20 -27 -36 -27 -36 5 -24
SEGMENT -44 -37 -145 24 -44 -37 17 64 17 64 -84 125 -68 60 31 167 -68 60 39 -39 39 -39 138 68 12.000000000 1 -23 19 41.500000000 5 2 -12 14 18 14 18 -12 40 -12 40 -41 29 -41 29 -45 -3 -45 -3 2 -12 0 -44 -37 1 17 64 1 -44.000000000 -37.000000000 17.000000000 64.000000000 -84 125 17 64 17 64 -44 -37 -145 24 -44 -37 3 -44 -37 -145 24 -44 -37 17 64 17 64 -84 125 4 -44 -37 17 64 17 64 -84 125 17 64 -44 -37 -145 24 -44 -37 0 -44 -37 17 64 -44 -37 17 64 -47 -7 -81 81 -44 -37 -145 24 -44 -37 17 64 -23 -1 -124 60 -312631 -18497 13922 1 -68 60 39 -39 1 0 13 -44 -37 -32 -37 -32 -17 -20 -17 -20 3 -8 3 -8 23 4 23 4 43 16 43 16 63 17 63 17 64 13 -44 -37 8 15 8 -17 41 16 41 3 74 36 74 23 107 56 107 43 140 76 140 63 17 186 17 64 2 4 1 -44 -37 -145 24 -44 -37 17 64 17 64 -84 125 -45 -3 2 -12 2 -12 14 18 14 18 -12 40
SEGMENT -1 -50 -42 39 -1 -50 88 -9 88 -9 47 80 -17 -37 -30 21 -17 -37 99 -11 99 -11 86 47 4.000000000 0 35 -24 42.500000000 4 0 -48 1 -48 64 0 64 1 0 -14 -1 -14 20 0 20 -1 0 -1 -50 1 88 -9 1 -1.000000000 -50.000000000 88.000000000 -9.000000000 47 80 88 -9 88 -9 -1 -50 -42 39 -1 -50 3 -1 -50 -42 39 -1 -50 88 -9 88 -9 47 80 4 -1 -50 88 -9 88 -9 47 80 88 -9 -1 -50 -42 39 -1 -50 0 -1 -50 88 -9 -1 -50 88 -9 49 97 -51 79 -1 -50 -42 39 -1 -50 88 -9 38 -32 -3 57 364999 -307531 9602 1 -17 -37 99 -11 1 0 21 -1 -50 -1 -46 8 -46 8 -42 17 -42 17 -38 26 -38 26 -33 35 -33 35 -29 44 -29 44 -25 53 -25 53 -21 62 -21 62 -17 71 -17 71 -13 80 -13 80 -9 88 -9 21 -1 -50 3 -46 8 -46 12 -42 17 -42 21 -38 26 -38 31 -33 35 -33 39 -29 44 -29 48 -25 53 -25 57 -21 62 -21 66 -17 71 -17 75 -13 80 -13 84 -9 88 -9 2 3 1 -1 -50 -42 39 -1 -50 88 -9 88 -9 47 80 20 0 20 -1 0 -48 1 -48 64 0 64 1
SEGMENT 45 -14 91 -99 45 -14 -40 -60 -40 -60 6 -145 -16 -103 -19 -102 -16 -103 26 23 26 23 23 24 5.000000000 1 -8 -30 43.500000000 3 -27 -57 22 -51 22 -51 5 -12 5 -12 -27 -57 1 45 -14 1 -40 -60 1 45.000000000 -14.000000000 -40.000000000 -60.000000000 6 -145 -40 -60 -40 -60 45 -14 91 -99 45 -14 3 45 -14 91 -99 45 -14 -40 -60 -40 -60 6 -145 4 -40 -60 45 -14 91 -99 45 -14 45 -14 -40 -60 -40 -60 6 -145 0 -40 -60 45 -14 -40 -60 45 -14 20 59 -100 31 45 -14 91 -99 45 -14 -40 -60 7 -35 53 -120 63685 -323790 9341 1 -16 -103 26 23 1 0 21 45 -14 36 -14 36 -19 27 -19 27 -24 18 -24 18 -29 9 -29 9 -33 0 -33 0 -38 -9 -38 -9 -43 -18 -43 -18 -48 -27 -48 -27 -53 -36 -53 -36 -58 -40 -58 -40 -60 21 45 -14 41 -14 36 -19 32 -19 27 -24 23 -24 18 -29 13 -29 9 -33 5 -33 0 -38 -4 -38 -9 -43 -13 -43 -18 -48 -22 -48 -27 -53 -31 -53 -36 -58 -38 -58 -40 -60 2 1 2 -40 -60 6 -145 45 -14 -40 -60 45 -14 91 -99 -27 -57 22 -51 22 -51 5 -12 5 -12 -27 -57
SEGMENT -89 -18 -89 -17 -89 -18 4 -18 4 -18 4 -17 12 -69 -13 -66 12 -69 24 31 24 31 -1 34 6.000000000 0 -49 -27 44.500000000 5 -51 -43 -19 -31 -19 -31 -22 0 -22 0 -58 7 -58 7 -72 -27 -72 -27 -51 -43 3 -89 -18 1 4 -18 1 -89.000000000 -18.000000000 4.000000000 -18.000000000 4 -17 4 -18 4 -18 -89 -18 -89 -17 -89 -18 3 -89 -18 -89 -17 -89 -18 4 -18 4 -18 4 -17 4 -89 -18 4 -18 4 -18 4 -17 4 -18 -89 -18 -89 -17 -89 -18 0 -89 -18 4 -18 -89 -18 4 -18 -71 22 -107 -14 -89 -18 -89 -17 -89 -18 4 -18 -44 -18 -44 -17 -44 -18 1 0 0 0 2 -89 -18 4 -18 2 -89 -18 4 -18 2 3 1 -89 -18 -89 -17 -89 -18 4 -18 4 -18 4 -17 -22 0 -58 7 -58 7 -72 -27 -72 -27 -51 -43
SEGMENT -81 47 22 41 -69 38 14 -25 -84 -29 19 -38 -94 39 -99 163 -94 39 30 44 30 44 25 168 7.000000000 1 -36 2 45.500000000 5 -15 -14 -3 16 -3 16 -29 38 -29 38 -58 27 -58 27 -62 -5 -62 -5 -15 -14 4 -161448 93841 1997 93895 -112536 2871 -80.845267902 46.990986480 32.704632532 -39.197492163 19 -38 -84 -29 14 -25 -69 38 22 41 -81 47 3 -81 47 22 41 -69 38 14 -25 -84 -29 19 -38 4 14 -25 -69 38 22 41 -81 47 -69 38 14 -25 -84 -29 19 -38 0 -81 -40 33 47 -81 -40 33 47 -128 72 -34 -6 -81 47 22 41 -69 38 14 -25 -45 19 18 102 -484515 211697 10858 1 -94 39 30 44 1 0 27 -81 47 -81 40 -72 40 -72 33 -63 33 -63 27 -54 27 -54 20 -45 20 -45 13 -36 13 -36 6 -27 6 -27 -1 -18 -1 -18 -8 -9 -8 -9 -14 0 -14 0 -21 9 -21 9 -28 18 -28 18 -35 27 -35 27 -39 33 -39 27 -81 47 -74 40 -72 40 -65 33 -63 33 -57 27 -54 27 -47 20 -45 20 -38 13 -36 13 -29 6 -27 6 -20 -1 -18 -1 -11 -8 -9 -8 -3 -14 0 -14 7 -21 9 -21 16 -28 18 -28 25 -35 27 -35 31 -39 33 -39 2 2 0 -81 47 22 41 -69 38 14 -25 -84 -29 19 -38 -58 27 -62 -5 -62 -5 -15 -14 -15 -14 -3 16
SEGMENT -88 -16 -89 -15 -88 -16 -5 67 -5 67 -6 68 -54 -36 -83 -34 -54 -36 -46 80 -46 80 -75 82 8.000000000 0 -52 15 46.500000000 4 0 6 1 6 -27 0 -27 1 0 40 -1 40 -71 0 -71 -1 0 -88 -16 1 -5 67 1 -88.000000000 -16.000000000 -5.000000000 67.000000000 -6 68 -5 67 -5 67 -88 -16 -89 -15 -88 -16 3 -88 -16 -89 -15 -88 -16 -5 67 -5 67 -6 68 4 -88 -16 -5 67 -5 67 -6 68 -5 67 -88 -16 -89 -15 -88 -16 0 -88 -16 -5 67 -88 -16 -5 67 -72 -72 -104 62 -88 -16 -89 -15 -88 -16 -5 67 -55 17 -56 18 -55 17 1 1 -54 -36 -46 80 1 0 23 -88 -16 -88 -8 -80 -8 -80 0 -72 0 -72 8 -64 8 -64 16 -56 16 -56 24 -48 24 -48 32 -40 32 -40 40 -32 40 -32 48 -24 48 -24 56 -16 56 -16 64 -8 64 -8 67 -5 67 2 -88 -16 -5 67 2 0 2 -88 -16 -89 -15 -88 -16 -5 67 -5 67 -6 68 -71 0 -71 -1 0 6 1 6 -27 0 -27 1
SEGMENT 66 3 65 2 66 3 -17 86 -17 86 -18 85 -35 48 -28 168 -35 48 85 41 85 41 92 161 9.000000000 1 23 39 47.500000000 3 0 27 49 33 49 33 32 72 32 72 0 27 2 66 3 1 -17 86 1 66.000000000 3.000000000 -17.000000000 86.000000000 -18 85 -17 86 -17 86 66 3 65 2 66 3 3 66 3 65 2 66 3 -17 86 -17 86 -18 85 4 65 2 66 3 66 3 -17 86 -17 86 -18 85 -17 86 66 3 0 -17 3 66 86 -17 3 66 86 -103 63 69 69 66 3 65 2 66 3 -17 86 32 37 31 36 32 37 1 1 -35 48 85 41 1 0 21 66 3 66 12 57 12 57 21 48 21 48 30 39 30 39 39 30 39 30 48 21 48 21 57 12 57 12 66 3 66 3 75 -6 75 -6 84 -15 84 -15 86 -17 86 2 66 3 -17 86 2 0 2 -17 86 -18 85 66 3 -17 86 66 3 65 2 49 33 32 72 32 72 0 27 0 27 49 33
SEGMENT -25 -58 -31 -45 -25 -58 66 -16 66 -16 60 -3 -25 -58 -31 -45 -25 -58 66 -16 66 -16 60 -3 10.000000000 0 22 -50 48.500000000 5 16 -70 48 -58 48 -58 45 -27 45 -27 9 -20 9 -20 -5 -54 -5 -54 16 -70 2 -25 -58 1 66 -16 1 -25.000000000 -58.000000000 66.000000000 -16.000000000 60 -3 66 -16 66 -16 -25 -58 -31 -45 -25 -58 3 -25 -58 -31 -45 -25 -58 66 -16 66 -16 60 -3 4 -25 -58 66 -16 66 -16 60 -3 66 -16 -25 -58 -31 -45 -25 -58 0 -25 -58 66 -16 -25 -58 66 -16 33 82 -83 50 -25 -58 -31 -45 -25 -58 66 -16 19 -38 13 -25 3871 -7738 205 2 -25 -58 -31 -45 66 -16 60 -3 1 1 11 -25 -58 -25 -48 -3 -48 -3 -38 19 -38 19 -28 41 -28 41 -17 63 -17 63 -16 66 -16 11 -25 -58 -15 -48 -3 -48 7 -38 19 -38 29 -28 41 -28 52 -17 63 -17 64 -16 66 -16 2 3 2 -25 -58 -31 -45 -25 -58 66 -16 66 -16 60 -3 48 -58 45 -27 45 -27 9 -20 9 -20 -5 -54
SEGMENT -77 58 -14 140 -77 58 5 -5 5 -5 68 77 68 77 5 -5 5 -5 -77 58 -14 140 -77 58 11.000000000 1 -37 17 49.500000000 5 -20 -3 -8 27 -8 27 -34 49 -34 49 -63 38 -63 38 -67 6 -67 6 -20 -3 3 -77 58 1 5 -5 1 -77.000000000 58.000000000 5.000000000 -5.000000000 68 77 5 -5 5 -5 -77 58 -14 140 -77 58 3 -77 58 -14 140 -77 58 5 -5 5 -5 68 77 4 5 -5 68 77 5 -5 -77 58 -14 140 -77 58 -77 58 5 -5 0 -77 -5 5 58 -77 -5 5 58 -135 10 -19 0 -77 58 -14 140 -77 58 5 -5 -38 28 25 110 -406145 299650 10693 2 -14 140 -77 58 5 -5 68 77 1 1 13 -77 58 -77 47 -63 47 -63 36 -49 36 -49 26 -35 26 -35 15 -21 15 -21 4 -7 4 -7 -5 5 -5 13 -77 58 -66 47 -63 47 -52 36 -49 36 -39 26 -35 26 -24 15 -21 15 -10 4 -7 4 2 -5 5 -5 2 2 0 -77 58 -14 140 -77 58 5 -5 5 -5 68 77 -34 49 -63 38 -63 38 -67 6 -67 6 -20 -3
SEGMENT -70 -86 -63 17 -75 -53 8 -12 -1 -87 15 13 -100 -91 -117 -75 -100 -91 -84 -74 -84 -74 -101 -58 12.000000000 0 -33 -39 50.500000000 4 0 -52 1 -52 -12 0 -12 1 0 -18 -1 -18 -56 0 -56 -1 0 -278866 -203650 4131 7171 -6619 637 -67.505688695 -49.297990801 11.257456829 -10.390894819 15 13 -1 -87 8 -12 -75 -53 -63 17 -70 -86 3 -70 -86 -63 17 -75 -53 8 -12 -1 -87 15 13 4 -75 -53 8 -12 -1 -87 15 13 8 -12 -75 -53 -63 17 -70 -86 0 -68 -50 12 -10 -68 -50 12 -10 -19 22 -117 1 -70 -86 -63 17 -75 -53 8 -12 -22 -27 -63 56 -37831 -46029 1714 0 0 0 9 -68 -49 -68 -38 -44 -38 -44 -26 -20 -26 -20 -14 4 -14 4 -10 11 -10 9 -68 -49 -57 -38 -44 -38 -32 -26 -20 -26 -8 -14 4 -14 8 -10 11 -10 2 3 1 -70 -86 -63 17 -75 -53 8 -12 -1 -87 15 13 -56 0 -56 -1 0 -52 1 -52 -12 0 -12 1
SEGMENT 42 13 118 -72 42 13 -43 -63 -43 -63 33 -148 -49 17 50 124 -49 17 58 -82 58 -82 157 25 4.000000000 1 6 -33 51.500000000 3 -21 -49 28 -43 28 -43 11 -4 11 -4 -21 -49 0 42 13 1 -43 -63 1 42.000000000 13.000000000 -43.000000000 -63.000000000 33 -148 -43 -63 -43 -63 42 13 118 -72 42 13 3 42 13 118 -72 42 13 -43 -63 -43 -63 33 -148 4 -43 -63 42 13 118 -72 42 13 42 13 -43 -63 -43 -63 33 -148 0 -43 -63 42 13 -43 -63 42 13 20 29 -106 55 42 13 118 -72 42 13 -43 -63 4 -21 80 -106 51852 -272851 13001 1 -49 17 58 -82 1 0 45 42 13 38 13 38 9 34 9 34 6 30 6 30 2 26 2 26 -1 22 -1 22 -5 18 -5 18 -8 14 -8 14 -12 10 -12 10 -16 6 -16 6 -19 2 -19 2 -23 -2 -23 -2 -26 -6 -26 -6 -30 -10 -30 -10 -33 -14 -33 -14 -37 -18 -37 -18 -41 -22 -41 -22 -44 -26 -44 -26 -48 -30 -48 -30 -51 -34 -51 -34 -55 -38 -55 -38 -59 -42 -59 -42 -62 -43 -62 -43 -63 45 42 13 42 13 38 9 37 9 34 6 34 6 30 2 29 2 26 -1 26 -1 22 -5 21 -5 18 -8 18 -8 14 -12 14 -12 10 -16 9 -16 6 -19 6 -19 2 -23 1 -23 -2 -26 -2 -26 -6 -30 -7 -30 -10 -33 -10 -33 -14 -37 -14 -37 -18 -41 -19 -41 -22 -44 -22 -44 -26 -48 -27 -48 -30 -51 -30 -51 -34 -55 -34 -55 -38 -59 -39 -59 -42 -62 -42 -62 -43 -63 2 1 2 -43 -63 33 -148 42 13 -43 -63 42 13 118 -72 11 -4 -21 -49 -21 -49 28 -43 28 -43 11 -4
SEGMENT -64 9 -39 53 -64 9 24 -41 24 -41 49 3 -71 -5 -84 53 -71 -5 45 21 45 21 32 79 5.000000000 0 -9 -1 52.500000000 5 -19 -25 13 -13 13 -13 10 18 10 18 -26 25 -26 25 -40 -9 -40 -9 -19 -25 1 -64 9 1 24 -41 1 -64.000000000 9.000000000 24.000000000 -41.000000000 49 3 24 -41 24 -41 -64 9 -39 53 -64 9 3 -64 9 -39 53 -64 9 24 -41 24 -41 49 3 4 24 -41 49 3 24 -41 -64 9 -39 53 -64 9 -64 9 24 -41 0 -64 -41 24 9 -64 -41 24 9 -73 65 -55 -17 -64 9 -39 53 -64 9 24 -41 -18 -17 7 27 -46248 -43801 2561 1 -71 -5 45 21 1 0 21 -64 9 -55 9 -55 4 -46 4 -46 -1 -37 -1 -37 -6 -28 -6 -28 -11 -19 -11 -19 -17 -10 -17 -10 -22 -1 -22 -1 -27 8 -27 8 -32 17 -32 17 -37 24 -37 24 -41 21 -64 9 -60 9 -55 4 -51 4 -46 -1 -42 -1 -37 -6 -33 -6 -28 -11 -25 -11 -19 -17 -15 -17 -10 -22 -6 -22 -1 -27 3 -27 8 -32 12 -32 17 -37 20 -37 24 -41 2 3 0 -64 9 -39 53 -64 9 24 -41 24 -41 49 3 -19 -25 13 -13 13 -13 10 18 10 18 -26 25
SEGMENT -61 -39 -162 22 -61 -39 0 62 0 62 -101 123 -46 -54 -49 -53 -46 -54 -4 72 -4 72 -7 73 6.000000000 1 -28 10 6.500000000 5 -15 -14 -3 16 -3 16 -29 38 -29 38 -58 27 -58 27 -62 -5 -62 -5 -15 -14 2 -61 -39 1 0 62 1 -61.000000000 -39.000000000 0.000000000 62.000000000 -101 123 0 62 0 62 -61 -39 -162 22 -61 -39 3 -61 -39 -162 22 -61 -39 0 62 0 62 -101 123 4 -61 -39 0 62 0 62 -101 123 0 62 -61 -39 -162 22 -61 -39 0 -61 -39 0 62 -61 -39 0 62 -62 -22 -100 62 -61 -39 -162 22 -61 -39 0 62 -58 -33 -159 28 -801113 -463269 13922 1 -46 -54 -4 72 1 0 23 -61 -39 -55 -39 -55 -29 -49 -29 -49 -19 -43 -19 -43 -9 -37 -9 -37 1 -31 1 -31 11 -25 11 -25 21 -19 21 -19 31 -13 31 -13 41 -7 41 -7 51 -1 51 -1 61 0 61 0 62 23 -61 -39 14 36 14 -29 31 -12 31 -19 47 -3 47 -9 64 8 64 1 80 17 80 11 97 28 97 21 113 37 113 31 130 48 130 41 146 57 146 51 163 68 163 61 0 224 0 62 2 4 1 -61 -39 -162 22 -61 -39 0 62 0 62 -101 123 -3 16 -29 38 -29 38 -58 27 -58 27 -62 -5
SEGMENT -41 -68 -82 21 -41 -68 48 -27 48 -27 7 62 58 -101 33 -98 58 -101 70 -1 70 -1 45 2 7.000000000 0 7 -49 7.500000000 4 0 -66 1 -66 24 0 24 1 0 -32 -1 -32 -20 0 -20 -1 0 -41 -68 1 48 -27 1 -41.000000000 -68.000000000 48.000000000 -27.000000000 7 62 48 -27 48 -27 -41 -68 -82 21 -41 -68 3 -41 -68 -82 21 -41 -68 48 -27 48 -27 7 62 4 -41 -68 48 -27 48 -27 7 62 48 -27 -41 -68 -82 21 -41 -68 0 -41 -68 48 -27 -41 -68 48 -27 27 75 -109 21 -41 -68 -82 21 -41 -68 48 -27 -34 -65 -75 24 -163644 -311175 4801 0 0 0 13 -41 -68 -41 -61 -26 -61 -26 -54 -11 -54 -11 -47 4 -47 4 -40 19 -40 19 -33 34 -33 34 -27 48 -27 13 -41 -68 -34 -61 -26 -61 -19 -54 -11 -54 -4 -47 4 -47 11 -40 19 -40 26 -33 34 -33 40 -27 48 -27 2 3 1 -41 -68 -82 21 -41 -68 48 -27 48 -27 7 62 -20 0 -20 -1 0 -66 1 -66 24 0 24 1
SEGMENT 39 79 24 -20 35 57 -46 6 -40 75 -34 -26 -68 57 -73 181 -68 57 56 62 56 62 51 186 8.000000000 1 0 30 8.500000000 3 -31 10 18 16 18 16 1 55 1 55 -31 10 1 14402 23158 403 -34198 11438 943 35.736972705 57.464019851 -36.265111347 12.129374337 -34 -26 -40 75 -46 6 35 57 24 -20 39 79 3 39 79 24 -20 35 57 -46 6 -40 75 -34 -26 4 -46 6 35 57 24 -20 39 79 35 57 -46 6 -40 75 -34 -26 0 -37 12 36 58 -37 12 36 58 -49 -21 -25 94 39 79 24 -20 35 57 -46 6 29 53 46 26 14710 27058 509 0 0 0 13 36 57 23 57 23 49 10 49 10 41 -3 41 -3 33 -16 33 -16 25 -29 25 -29 17 -36 17 -36 12 13 36 57 31 57 23 49 18 49 10 41 5 41 -3 33 -8 33 -16 25 -21 25 -29 17 -31 17 -36 12 2 1 2 -40 75 -34 -26 35 57 -46 6 39 79 24 -20 -31 10 18 16 18 16 1 55 1 55 -31 10
SEGMENT -89 -48 -89 -47 -89 -48 4 -48 4 -48 4 -47 -49 -106 -78 -104 -49 -106 -41 10 -41 10 -70 12 9.000000000 0 -37 -45 9.500000000 5 -51 -73 -19 -61 -19 -61 -22 -30 -22 -30 -58 -23 -58 -23 -72 -57 -72 -57 -51 -73 0 -89 -48 1 4 -48 1 -89.000000000 -48.000000000 4.000000000 -48.000000000 4 -47 4 -48 4 -48 -89 -48 -89 -47 -89 -48 3 -89 -48 -89 -47 -89 -48 4 -48 4 -48 4 -47 4 -89 -48 4 -48 4 -48 4 -47 4 -48 -89 -48 -89 -47 -89 -48 0 -89 -48 4 -48 -89 -48 4 -48 -41 52 -137 -44 -89 -48 -89 -47 -89 -48 4 -48 -79 -48 -79 -47 -79 -48 1 1 -49 -106 -41 10 1 0 2 -89 -48 4 -48 2 -89 -48 4 -48 2 3 1 -89 -48 -89 -47 -89 -48 4 -48 4 -48 4 -47 -72 -57 -51 -73 -51 -73 -19 -61 -19 -61 -22 -30
SEGMENT 31 -87 30 -87 31 -87 31 2 31 2 30 2 -28 -41 -21 79 -28 -41 92 -48 92 -48 99 72 10.000000000 1 23 -40 10.500000000 5 49 -68 61 -38 61 -38 35 -16 35 -16 6 -27 6 -27 2 -59 2 -59 49 -68 1 31 -87 1 31 2 1 31.000000000 -87.000000000 31.000000000 2.000000000 30 2 31 2 31 2 31 -87 30 -87 31 -87 3 31 -87 30 -87 31 -87 31 2 31 2 30 2 4 30 -87 31 -87 31 -87 31 2 31 2 30 2 31 2 31 -87 0 31 -87 31 2 31 -87 31 2 29 118 -56 33 31 -87 30 -87 31 -87 31 2 31 -76 30 -76 31 -76 1 1 -28 -41 92 -48 1 0 2 31 -87 31 2 2 31 -87 31 2 2 4 2 31 -87 30 -87 31 -87 31 2 31 2 30 2 49 -68 61 -38 61 -38 35 -16 35 -16 6 -27
SEGMENT -42 -78 -43 -77 -42 -78 41 5 41 5 40 6 -42 -78 -43 -77 -42 -78 41 5 41 5 40 6 11.000000000 0 -11 -35 11.500000000 4 0 -56 1 -56 19 0 19 1 0 -22 -1 -22 -25 0 -25 -1 0 -42 -78 1 41 5 1 -42.000000000 -78.000000000 41.000000000 5.000000000 40 6 41 5 41 5 -42 -78 -43 -77 -42 -78 3 -42 -78 -43 -77 -42 -78 41 5 41 5 40 6 4 -42 -78 41 5 41 5 40 6 41 5 -42 -78 -43 -77 -42 -78 0 -42 -78 41 5 -42 -78 41 5 36 36 -120 46 -42 -78 -43 -77 -42 -78 41 5 -34 -70 -35 -69 -34 -70 1 2 -42 -78 -43 -77 41 5 40 6 1 1 17 -42 -78 -42 -67 -31 -67 -31 -56 -20 -56 -20 -45 -9 -45 -9 -34 2 -34 2 -23 13 -23 13 -12 24 -12 24 -1 35 -1 35 5 41 5 2 -42 -78 41 5 2 0 2 -42 -78 -43 -77 -42 -78 41 5 41 5 40 6 -25 0 -25 -1 0 -56 1 -56 19 0 19 1
SEGMENT 46 -29 45 -30 46 -29 -37 54 -37 54 -38 53 -38 53 -37 54 -37 54 46 -29 45 -30 46 -29 12.000000000 1 -2 19 12.500000000 3 -20 -5 29 1 29 1 12 40 12 40 -20 -5 2 46 -29 1 -37 54 1 46.000000000 -29.000000000 -37.000000000 54.000000000 -38 53 -37 54 -37 54 46 -29 45 -30 46 -29 3 46 -29 45 -30 46 -29 -37 54 -37 54 -38 53 4 45 -30 46 -29 46 -29 -37 54 -37 54 -38 53 -37 54 46 -29 1 -37 -29 46 54 -37 -29 46 54 -91 75 17 17 46 -29 45 -30 46 -29 -37 54 37 -20 36 -21 37 -20 1 2 -38 53 -37 54 46 -29 45 -30 1 1 15 46 -29 46 -17 34 -17 34 -5 22 -5 22 7 10 7 10 19 -2 19 -2 31 -14 31 -14 43 -26 43 -26 54 -37 54 2 46 -29 -37 54 2 0 2 -37 54 -38 53 46 -29 -37 54 46 -29 45 -30 29 1 12 40 12 40 -20 -5 -20 -5 29 1
SEGMENT -91 -27 12 -18 -56 -39 -15 49 -86 36 16 43 -102 -51 -119 -35 -102 -51 -86 -34 -86 -34 -103 -18 4.000000000 0 -42 11 13.500000000 5 -43 -21 -11 -9 -11 -9 -14 22 -14 22 -50 29 -50 29 -64 -5 -64 -5 -43 -21 4 -9007 -4311 185 -164324 352809 8689 -48.686486486 -23.302702703 -18.911727472 40.604097134 16 43 -86 36 -15 49 -56 -39 12 -18 -91 -27 3 -91 -27 12 -18 -56 -39 -15 49 -86 36 16 43 4 -91 -27 12 -18 -56 -39 -15 49 16 43 -86 36 -15 49 -56 -39 0 -49 -24 -18 41 -49 -24 -18 41 -60 -25 -72 22 -91 -27 12 -18 -56 -39 -15 49 -43 -11 -131 30 -404923 -103839 9425 0 0 0 17 -49 -23 -49 -14 -44 -14 -44 -5 -40 -5 -40 4 -36 4 -36 13 -32 13 -32 22 -28 22 -28 31 -23 31 -23 40 -19 40 -19 41 -19 41 17 -49 -23 -49 -114 51 -14 51 -24 70 -5 70 -16 90 4 90 -6 109 13 109 3 128 22 128 11 148 31 148 21 167 40 167 -145 -19 41 2 4 2 -91 -27 12 -18 -56 -39 -15 49 -86 36 16 43 -50 29 -64 -5 -64 -5 -43 -21 -43 -21 -11 -9
SEGMENT -47 67 16 149 -47 67 35 4 35 4 98 86 -60 78 39 185 -60 78 47 -21 47 -21 146 86 5.000000000 1 -12 38 14.500000000 5 10 6 22 36 22 36 -4 58 -4 58 -33 47 -33 47 -37 15 -37 15 10 6 0 -47 67 1 35 4 1 -47.000000000 67.000000000 35.000000000 4.000000000 98 86 35 4 35 4 -47 67 16 149 -47 67 3 -47 67 16 149 -47 67 35 4 35 4 98 86 4 35 4 98 86 35 4 -47 67 16 149 -47 67 -47 67 35 4 0 -47 4 35 67 -47 4 35 67 -114 31 20 39 -47 67 16 149 -47 67 35 4 -36 58 27 140 -382113 623884 10693 0 0 0 25 -47 67 -47 62 -40 62 -40 56 -33 56 -33 51 -26 51 -26 45 -19 45 -19 40 -12 40 -12 35 -5 35 -5 29 2 29 2 24 9 24 9 19 16 19 16 13 23 13 23 8 30 8 30 4 35 4 25 -47 67 -42 62 -40 62 -34 56 -33 56 -28 51 -26 51 -20 45 -19 45 -14 40 -12 40 -7 35 -5 35 1 29 2 29 7 24 9 24 14 19 16 19 22 13 23 13 28 8 30 8 34 4 35 4 2 2 0 -47 67 16 149 -47 67 35 4 35 4 98 86 -37 15 10 6 10 6 22 36 22 36 -4 58
SEGMENT -46 -27 -123 56 -46 -27 37 50 37 50 -40 133 -56 -1 -69 57 -56 -1 60 25 60 25 47 83 6.000000000 0 -1 13 15.500000000 4 0 -12 1 -12 25 0 25 1 0 22 -1 22 -19 0 -19 -1 0 -46 -27 1 37 50 1 -46.000000000 -27.000000000 37.000000000 50.000000000 -40 133 37 50 37 50 -46 -27 -123 56 -46 -27 3 -46 -27 -123 56 -46 -27 37 50 37 50 -40 133 4 -46 -27 37 50 37 50 -40 133 37 50 -46 -27 -123 56 -46 -27 0 -46 -27 37 50 -46 -27 37 50 -19 -13 -73 87 -46 -27 -123 56 -46 -27 37 50 -35 -16 -112 67 -221774 -105283 6409 1 -56 -1 60 25 1 0 29 -46 -27 -46 -21 -40 -21 -40 -16 -34 -16 -34 -10 -28 -10 -28 -5 -22 -5 -22 1 -16 1 -16 6 -10 6 -10 12 -4 12 -4 18 2 18 2 23 8 23 8 29 14 29 14 34 20 34 20 40 26 40 26 45 32 45 32 50 37 50 29 -46 -27 -40 -21 -40 -21 -35 -16 -34 -16 -28 -10 -28 -10 -23 -5 -22 -5 -16 1 -16 1 -11 6 -10 6 -4 12 -4 12 2 18 2 18 7 23 8 23 14 29 14 29 19 34 20 34 26 40 26 40 31 45 32 45 37 50 37 50 2 3 2 -46 -27 -123 56 -46 -27 37 50 37 50 -40 133 -19 0 -19 -1 0 -12 1 -12 25 0 25 1
SEGMENT 17 88 93 3 17 88 -68 12 -68 12 8 -73 -35 -20 -38 -19 -35 -20 7 106 7 106 4 107 7.000000000 1 -24 35 16.500000000 3 -46 26 3 32 3 32 -14 71 -14 71 -46 26 0 17 88 1 -68 12 1 17.000000000 88.000000000 -68.000000000 12.000000000 8 -73 -68 12 -68 12 17 88 93 3 17 88 3 17 88 93 3 17 88 -68 12 -68 12 8 -73 4 -68 12 17 88 93 3 17 88 17 88 -68 12 -68 12 8 -73 0 -68 12 17 88 -68 12 17 88 -80 -71 -56 105 17 88 93 3 17 88 -68 12 5 77 81 -8 63257 1003032 13001 1 -35 -20 7 106 1 0 23 17 88 9 88 9 81 1 81 1 74 -7 74 -7 67 -15 67 -15 59 -23 59 -23 52 -31 52 -31 45 -39 45 -39 38 -47 38 -47 31 -55 31 -55 24 -63 24 -63 16 -68 16 -68 12 23 17 88 16 88 9 81 8 81 1 74 0 74 -7 67 -7 67 -15 59 -16 59 -23 52 -24 52 -31 45 -32 45 -39 38 -40 38 -47 31 -48 31 -55 24 -55 24 -63 16 -64 16 -68 12 2 1 2 -68 12 8 -73 17 88 -68 12 17 88 93 3 -14 71 -46 26 -46 26 3 32 3 32 -14 71
SEGMENT -12 1 13 45 -12 1 76 -49 76 -49 101 -5 96 -59 71 -56 96 -59 108 41 108 41 83 44 8.000000000 0 38 -16 17.500000000 5 33 -33 65 -21 65 -21 62 10 62 10 26 17 26 17 12 -17 12 -17 33 -33 3 -12 1 1 76 -49 1 -12.000000000 1.000000000 76.000000000 -49.000000000 101 -5 76 -49 76 -49 -12 1 13 45 -12 1 3 -12 1 13 45 -12 1 76 -49 76 -49 101 -5 4 76 -49 101 -5 76 -49 -12 1 13 45 -12 1 -12 1 76 -49 0 -12 -49 76 1 -12 -49 76 1 -13 125 -11 27 -12 1 13 45 -12 1 76 -49 3 -8 28 36 8208 -19564 2561 0 0 0 15 -12 1 2 1 2 -7 16 -7 16 -15 30 -15 30 -23 44 -23 44 -31 58 -31 58 -39 72 -39 72 -47 76 -47 76 -49 15 -12 1 -6 1 2 -7 8 -7 16 -15 22 -15 30 -23 36 -23 44 -31 50 -31 58 -39 64 -39 72 -47 74 -47 76 -49 2 3 0 -12 1 13 45 -12 1 76 -49 76 -49 101 -5 62 10 26 17 26 17 12 -17 12 -17 33 -33
SEGMENT -18 8 85 2 -6 -1 77 -64 -21 -68 82 -77 -31 0 -36 124 -31 0 93 5 93 5 88 129 9.000000000 1 30 -36 18.500000000 5 48 -53 60 -23 60 -23 34 -1 34 -1 5 -12 5 -12 1 -44 1 -44 48 -53 4 -35637 15958 1997 274768 -224505 2871 -17.845267902 7.990986480 95.704632532 -78.197492163 82 -77 -21 -68 77 -64 -6 -1 85 2 -18 8 3 -18 8 85 2 -6 -1 77 -64 -21 -68 82 -77 4 77 -64 -6 -1 85 2 -18 8 -6 -1 77 -64 -21 -68 82 -77 0 -18 -79 96 8 -18 -79 96 8 -26 174 -10 18 -18 8 85 2 -6 -1 77 -64 -3 -3 60 80 -34023 -34483 10858 1 -31 0 93 5 1 0 21 -18 8 -18 -1 -6 -1 -6 -10 6 -10 6 -19 18 -19 18 -28 30 -28 30 -37 42 -37 42 -47 54 -47 54 -56 66 -56 66 -65 78 -65 78 -74 90 -74 90 -78 96 -78 21 -18 8 -9 -1 -6 -1 3 -10 6 -10 15 -19 18 -19 27 -28 30 -28 39 -37 42 -37 52 -47 54 -47 63 -56 66 -56 75 -65 78 -65 87 -74 90 -74 94 -78 96 -78 2 2 0 -18 8 85 2 -6 -1 77 -64 -21 -68 82 -77 5 -12 1 -44 1 -44 48 -53 48 -53 60 -23
SEGMENT -84 -28 -125 61 -84 -28 5 13 5 13 -36 102 -46 -68 -75 -66 -46 -68 -38 48 -38 48 -67 50 10.000000000 0 -41 -16 19.500000000 4 0 -26 1 -26 -19 0 -19 1 0 8 -1 8 -63 0 -63 -1 0 -84 -28 1 5 13 1 -84.000000000 -28.000000000 5.000000000 13.000000000 -36 102 5 13 5 13 -84 -28 -125 61 -84 -28 3 -84 -28 -125 61 -84 -28 5 13 5 13 -36 102 4 -84 -28 5 13 5 13 -36 102 5 13 -84 -28 -125 61 -84 -28 0 -84 -28 5 13 -84 -28 5 13 -56 -8 -112 18 -84 -28 -125 61 -84 -28 5 13 -66 -20 -107 69 -317399 -94863 4801 1 -46 -68 -38 48 1 0 11 -84 -28 -84 -18 -62 -18 -62 -8 -40 -8 -40 2 -18 2 -18 13 4 13 4 13 5 13 11 -84 -28 -74 -18 -62 -18 -52 -8 -40 -8 -30 2 -18 2 -7 13 4 13 4 13 5 13 2 3 1 -84 -28 -125 61 -84 -28 5 13 5 13 -36 102 -63 0 -63 -1 0 -26 1 -26 -19 0 -19 1
SEGMENT 42 46 88 -39 42 46 -43 0 -43 0 3 -85 -65 24 -58 144 -65 24 55 17 55 17 62 137 11.000000000 1 -4 16 20.500000000 3 -30 3 19 9 19 9 2 48 2 48 -30 3 1 42 46 1 -43 0 1 42.000000000 46.000000000 -43.000000000 0.000000000 3 -85 -43 0 -43 0 42 46 88 -39 42 46 3 42 46 88 -39 42 46 -43 0 -43 0 3 -85 4 -43 0 42 46 88 -39 42 46 42 46 -43 0 -43 0 3 -85 0 -43 0 42 46 -43 0 42 46 -43 -4 -43 88 42 46 88 -39 42 46 -43 0 24 36 70 -49 223172 338146 9341 1 -65 24 55 17 1 0 11 42 46 22 46 22 35 2 35 2 24 -18 24 -18 14 -38 14 -38 3 -43 3 -43 0 11 42 46 33 46 22 35 13 35 2 24 -8 24 -18 14 -27 14 -38 3 -40 3 -43 0 2 1 2 -43 0 3 -85 42 46 -43 0 42 46 88 -39 -30 3 19 9 19 9 2 48 2 48 -30 3
SEGMENT -50 -38 -50 -37 -50 -38 43 -38 43 -38 43 -37 -50 -38 -50 -37 -50 -38 43 -38 43 -38 43 -37 12.000000000 0 -3 -42 21.500000000 5 -12 -63 20 -51 20 -51 17 -20 17 -20 -19 -13 -19 -13 -33 -47 -33 -47 -12 -63 2 -50 -38 1 43 -38 1 -50.000000000 -38.000000000 43.000000000 -38.000000000 43 -37 43 -38 43 -38 -50 -38 -50 -37 -50 -38 3 -50 -38 -50 -37 -50 -38 43 -38 43 -38 43 -37 4 -50 -38 43 -38 43 -38 43 -37 43 -38 -50 -38 -50 -37 -50 -38 0 -50 -38 43 -38 -50 -38 43 -38 -12 81 -88 5 -50 -38 -50 -37 -50 -38 43 -38 -28 -38 -28 -37 -28 -38 1 2 -50 -38 -50 -37 43 -38 43 -37 1 1 2 -50 -38 43 -38 2 -50 -38 43 -38 2 3 1 -50 -38 -50 -37 -50 -38 43 -38 43 -38 43 -37 20 -51 17 -20 17 -20 -19 -13 -19 -13 -33 -47
SEGMENT 8 -6 7 -6 8 -6 8 83 8 83 7 83 7 83 8 83 8 83 8 -6 7 -6 8 -6 4.000000000 1 12 34 22.500000000 5 26 13 38 43 38 43 12 65 12 65 -17 54 -17 54 -21 22 -21 22 26 13 3 8 -6 1 8 83 1 8.000000000 -6.000000000 8.000000000 83.000000000 7 83 8 83 8 83 8 -6 7 -6 8 -6 3 8 -6 7 -6 8 -6 8 83 8 83 7 83 4 7 -6 8 -6 8 -6 8 83 8 83 7 83 8 83 8 -6 0 8 -6 8 83 8 -6 8 83 -75 14 2 91 8 -6 7 -6 8 -6 8 83 8 17 7 17 8 17 1 2 7 -6 8 -6 8 83 7 83 1 1 2 8 -6 8 83 2 8 -6 8 83 2 4 2 8 -6 7 -6 8 -6 8 83 8 83 7 83 12 65 -17 54 -17 54 -21 22 -21 22 26 13
SEGMENT -85 -46 -78 57 -90 -13 -7 28 -16 -47 0 53 -115 -51 -132 -35 -115 -51 -99 -34 -99 -34 -116 -18 5.000000000 0 -45 2 23.500000000 4 0 -12 1 -12 -27 0 -27 1 0 22 -1 22 -71 0 -71 -1 0 -340831 -38410 4131 -2384 18861 637 -82.505688695 -9.297990801 -3.742543171 29.609105181 0 53 -16 -47 -7 28 -90 -13 -78 57 -85 -46 3 -85 -46 -78 57 -90 -13 -7 28 -16 -47 0 53 4 -90 -13 -7 28 -16 -47 0 53 -7 28 -90 -13 -78 57 -85 -46 0 -83 -10 -3 30 -83 -10 -3 30 -74 -33 -92 26 -85 -46 -78 57 -90 -13 -7 28 -61 1 -102 84 -523877 10811 8570 0 0 0 17 -83 -9 -83 -5 -73 -5 -73 0 -63 0 -63 5 -53 5 -53 10 -43 10 -43 15 -33 15 -33 20 -23 20 -23 25 -13 25 -13 30 -4 30 17 -83 -9 -79 -5 -73 -5 -68 0 -63 0 -58 5 -53 5 -48 10 -43 10 -38 15 -33 15 -28 20 -23 20 -18 25 -13 25 -8 30 -4 30 2 3 1 -85 -46 -78 57 -90 -13 -7 28 -16 -47 0 53 -71 0 -71 -1 0 -12 1 -12 -27 0 -27 1
SEGMENT -3 -71 -4 -72 -3 -71 -86 12 -86 12 -87 11 -97 19 2 126 -97 19 10 -80 10 -80 109 27 6.000000000 1 -39 -30 24.500000000 3 -69 -47 -20 -41 -20 -41 -37 -2 -37 -2 -69 -47 2 -3 -71 1 -86 12 1 -3.000000000 -71.000000000 -86.000000000 12.000000000 -87 11 -86 12 -86 12 -3 -71 -4 -72 -3 -71 3 -3 -71 -4 -72 -3 -71 -86 12 -86 12 -87 11 4 -4 -72 -3 -71 -3 -71 -86 12 -86 12 -87 11 -86 12 -3 -71 0 -86 -71 -3 12 -86 -71 -3 12 -98 68 -74 -74 -3 -71 -4 -72 -3 -71 -86 12 -20 -54 -21 -55 -20 -54 1 1 -97 19 10 -80 1 0 29 -3 -71 -3 -65 -9 -65 -9 -59 -15 -59 -15 -53 -21 -53 -21 -47 -27 -47 -27 -41 -33 -41 -33 -35 -39 -35 -39 -29 -45 -29 -45 -23 -51 -23 -51 -17 -57 -17 -57 -11 -63 -11 -63 -5 -69 -5 -69 1 -75 1 -75 7 -81 7 -81 12 -86 12 2 -3 -71 -86 12 2 0 2 -86 12 -87 11 -3 -71 -86 12 -3 -71 -4 -72 -20 -41 -37 -2 -37 -2 -69 -47 -69 -47 -20 -41
SEGMENT -62 19 -68 32 -62 19 29 61 29 61 23 74 -73 27 -86 85 -73 27 43 53 43 53 30 111 7.000000000 0 -8 32 25.500000000 5 -21 7 11 19 11 19 8 50 8 50 -28 57 -28 57 -42 23 -42 23 -21 7 1 -62 19 1 29 61 1 -62.000000000 19.000000000 29.000000000 61.000000000 23 74 29 61 29 61 -62 19 -68 32 -62 19 3 -62 19 -68 32 -62 19 29 61 29 61 23 74 4 -62 19 29 61 29 61 23 74 29 61 -62 19 -68 32 -62 19 0 -62 19 29 61 -62 19 29 61 -81 -32 -43 90 -62 19 -68 32 -62 19 29 61 -39 30 -45 43 -1593 1217 41 1 -73 27 43 53 1 0 15 -62 19 -62 26 -47 26 -47 33 -32 33 -32 40 -17 40 -17 47 -2 47 -2 54 13 54 13 61 28 61 28 61 29 61 15 -62 19 -55 26 -47 26 -40 33 -32 33 -25 40 -17 40 -10 47 -2 47 5 54 13 54 20 61 28 61 28 61 29 61 2 3 2 -62 19 -68 32 -62 19 29 61 29 61 23 74 -21 7 11 19 11 19 8 50 8 50 -28 57
SEGMENT -6 -7 57 75 -6 -7 76 -70 76 -70 139 12 20 -108 17 -107 20 -108 62 18 62 18 59 19 8.000000000 1 41 -43 26.500000000 5 51 -68 63 -38 63 -38 37 -16 37 -16 8 -27 8 -27 4 -59 4 -59 51 -68 2 -6 -7 1 76 -70 1 -6.000000000 -7.000000000 76.000000000 -70.000000000 139 12 76 -70 76 -70 -6 -7 57 75 -6 -7 3 -6 -7 57 75 -6 -7 76 -70 76 -70 139 12 4 76 -70 139 12 76 -70 -6 -7 57 75 -6 -7 -6 -7 76 -70 0 -6 -70 76 -7 -6 -70 76 -7 1 146 -13 6 -6 -7 57 75 -6 -7 76 -70 15 -23 78 59 159702 -246841 10693 1 20 -108 62 18 1 0 19 -6 -7 -6 -15 4 -15 4 -22 14 -22 14 -30 24 -30 24 -38 34 -38 34 -45 44 -45 44 -53 54 -53 54 -61 64 -61 64 -68 74 -68 74 -70 76 -70 19 -6 -7 2 -15 4 -15 11 -22 14 -22 22 -30 24 -30 32 -38 34 -38 41 -45 44 -45 52 -53 54 -53 62 -61 64 -61 71 -68 74 -68 76 -70 76 -70 2 2 0 -6 -7 57 75 -6 -7 76 -70 76 -70 139 12 63 -38 37 -16 37 -16 8 -27 8 -27 4 -59
SEGMENT -48 -52 -125 31 -48 -52 35 25 35 25 -42 108 57 -72 32 -69 57 -72 69 28 69 28 44 31 9.000000000 0 -8 -19 27.500000000 4 0 -37 1 -37 23 0 23 1 0 -3 -1 -3 -21 0 -21 -1 0 -48 -52 1 35 25 1 -48.000000000 -52.000000000 35.000000000 25.000000000 -42 108 35 25 35 25 -48 -52 -125 31 -48 -52 3 -48 -52 -125 31 -48 -52 35 25 35 25 -42 108 4 -48 -52 35 25 35 25 -42 108 35 25 -48 -52 -125 31 -48 -52 0 -48 -52 35 25 -48 -52 35 25 4 10 -100 60 -48 -52 -125 31 -48 -52 35 25 -28 -33 -105 50 -356055 -426065 12818 0 0 0 19 -48 -52 -48 -43 -38 -43 -38 -33 -28 -33 -28 -24 -18 -24 -18 -15 -8 -15 -8 -6 2 -6 2 4 12 4 12 13 22 13 22 22 32 22 32 25 35 25 19 -48 -52 -39 -43 -38 -43 -28 -33 -28 -33 -19 -24 -18 -24 -9 -15 -8 -15 1 -6 2 -6 12 4 12 4 21 13 22 13 31 22 32 22 35 25 35 25 2 3 2 -48 -52 -125 31 -48 -52 35 25 35 25 -42 108 -21 0 -21 -1 0 -37 1 -37 23 0 23 1
SEGMENT 41 37 26 -62 37 15 -44 -36 -38 33 -32 -68 -66 15 -71 139 -66 15 58 20 58 20 53 144 10.000000000 1 -12 -11 28.500000000 3 -29 -32 20 -26 20 -26 3 13 3 13 -29 -32 0 15208 6232 403 -32312 -28168 943 37.736972705 15.464019851 -34.265111347 -29.870625663 -32 -68 -38 33 -44 -36 37 15 26 -62 41 37 3 41 37 26 -62 37 15 -44 -36 -38 33 -32 -68 4 -44 -36 37 15 26 -62 41 37 37 15 -44 -36 -38 33 -32 -68 0 -35 -30 38 16 -35 -30 38 16 -5 23 -65 54 41 37 26 -62 37 15 -44 -36 14 0 31 -27 7007 189 509 0 0 0 11 38 15 22 15 22 6 6 6 6 -5 -10 -5 -10 -15 -26 -15 -26 -25 -34 -25 -34 -30 11 38 15 31 15 22 6 17 6 6 -5 0 -5 -10 -15 -16 -15 -26 -25 -29 -25 -34 -30 2 1 2 -38 33 -32 -68 37 15 -44 -36 41 37 26 -62 3 13 -29 -32 -29 -32 20 -26 20 -26 3 13
SEGMENT -90 -25 -65 19 -90 -25 -2 -75 -2 -75 23 -31 -43 -92 -72 -90 -43 -92 -35 24 -35 24 -64 26 11.000000000 0 -45 -30 29.500000000 5 -45 -59 -13 -47 -13 -47 -16 -16 -16 -16 -52 -9 -52 -9 -66 -43 -66 -43 -45 -59 0 -90 -25 1 -2 -75 1 -90.000000000 -25.000000000 -2.000000000 -75.000000000 23 -31 -2 -75 -2 -75 -90 -25 -65 19 -90 -25 3 -90 -25 -65 19 -90 -25 -2 -75 -2 -75 23 -31 4 -2 -75 23 -31 -2 -75 -90 -25 -65 19 -90 -25 -90 -25 -2 -75 0 -90 -75 -2 -25 -90 -75 -2 -25 -65 73 -115 -77 -90 -25 -65 19 -90 -25 -2 -75 -64 -40 -39 4 -163654 -102000 2561 1 -43 -92 -35 24 1 0 11 -90 -25 -71 -25 -71 -36 -52 -36 -52 -47 -33 -47 -33 -57 -14 -57 -14 -68 -2 -68 -2 -75 11 -90 -25 -82 -25 -71 -36 -63 -36 -52 -47 -43 -47 -33 -57 -25 -57 -14 -68 -9 -68 -2 -75 2 3 0 -90 -25 -65 19 -90 -25 -2 -75 -2 -75 23 -31 -66 -43 -45 -59 -45 -59 -13 -47 -13 -47 -16 -16
SEGMENT -73 -3 -174 58 -73 -3 -12 98 -12 98 -113 159 -104 49 -97 169 -104 49 16 42 16 42 23 162 12.000000000 1 -50 51 30.500000000 5 -27 22 -15 52 -15 52 -41 74 -41 74 -70 63 -70 63 -74 31 -74 31 -27 22 1 -73 -3 1 -12 98 1 -73.000000000 -3.000000000 -12.000000000 98.000000000 -113 159 -12 98 -12 98 -73 -3 -174 58 -73 -3 3 -73 -3 -174 58 -73 -3 -12 98 -12 98 -113 159 4 -73 -3 -12 98 -12 98 -113 159 -12 98 -73 -3 -174 58 -73 -3 0 -73 -3 -12 98 -73 -3 -12 98 -110 -70 -76 86 -73 -3 -174 58 -73 -3 -12 98 -57 23 -158 84 -398292 161018 6961 1 -104 49 16 42 1 0 13 -73 -3 -61 -3 -61 17 -49 17 -49 37 -37 37 -37 57 -25 57 -25 77 -13 77 -13 97 -12 97 -12 98 13 -73 -3 146 216 146 17 179 50 179 37 212 70 212 57 245 90 245 77 278 110 278 97 -12 387 -12 98 2 4 1 -73 -3 -174 58 -73 -3 -12 98 -12 98 -113 159 -27 22 -15 52 -15 52 -41 74 -41 74 -70 63
SEGMENT -77 -13 -118 76 -77 -13 12 28 12 28 -29 117 -77 -13 -118 76 -77 -13 12 28 12 28 -29 117 4.000000000 0 -39 11 31.500000000 4 0 -11 1 -11 -12 0 -12 1 0 23 -1 23 -56 0 -56 -1 0 -77 -13 1 12 28 1 -77.000000000 -13.000000000 12.000000000 28.000000000 -29 117 12 28 12 28 -77 -13 -118 76 -77 -13 3 -77 -13 -118 76 -77 -13 12 28 12 28 -29 117 4 -77 -13 12 28 12 28 -29 117 12 28 -77 -13 -118 76 -77 -13 0 -77 -13 12 28 -77 -13 12 28 -64 -16 -90 40 -77 -13 -118 76 -77 -13 12 28 -48 0 -89 89 -231104 1424 4801 2 -77 -13 -118 76 12 28 -29 117 1 1 21 -77 -13 -77 -9 -68 -9 -68 -5 -59 -5 -59 -1 -50 -1 -50 4 -41 4 -41 8 -32 8 -32 12 -23 12 -23 16 -14 16 -14 20 -5 20 -5 24 4 24 4 28 12 28 21 -77 -13 -73 -9 -68 -9 -64 -5 -59 -5 -55 -1 -50 -1 -45 4 -41 4 -37 8 -32 8 -28 12 -23 12 -19 16 -14 16 -10 20 -5 20 -1 24 4 24 8 28 12 28 2 3 1 -77 -13 -118 76 -77 -13 12 28 12 28 -29 117 -56 0 -56 -1 0 -11 1 -11 -12 0 -12 1
SEGMENT 1 58 47 -27 1 58 -84 12 -84 12 -38 -73 -38 -73 -84 12 -84 12 1 58 47 -27 1 58 5.000000000 1 -50 40 32.500000000 3 -71 15 -22 21 -22 21 -39 60 -39 60 -71 15 1 1 58 1 -84 12 1 1.000000000 58.000000000 -84.000000000 12.000000000 -38 -73 -84 12 -84 12 1 58 47 -27 1 58 3 1 58 47 -27 1 58 -84 12 -84 12 -38 -73 4 -84 12 1 58 47 -27 1 58 1 58 -84 12 -84 12 -38 -73 0 -84 12 1 58 -84 12 1 58 -96 -57 -72 59 1 58 47 -27 1 58 -84 12 -28 43 18 -42 -258834 396648 9341 2 -38 -73 -84 12 1 58 47 -27 1 1 21 1 58 -8 58 -8 53 -17 53 -17 48 -26 48 -26 43 -35 43 -35 39 -44 39 -44 34 -53 34 -53 29 -62 29 -62 24 -71 24 -71 19 -80 19 -80 14 -84 14 -84 12 21 1 58 -3 58 -8 53 -12 53 -17 48 -21 48 -26 43 -31 43 -35 39 -39 39 -44 34 -48 34 -53 29 -57 29 -62 24 -66 24 -71 19 -75 19 -80 14 -82 14 -84 12 2 1 2 -84 12 -38 -73 1 58 -84 12 1 58 47 -27 -71 15 -22 21 -22 21 -39 60 -39 60 -71 15
SEGMENT -82 -49 21 -40 -47 -61 -6 27 -77 14 25 21 -93 -73 -110 -57 -93 -73 -77 -56 -77 -56 -94 -40 6.000000000 0 -30 -10 33.500000000 5 -34 -43 -2 -31 -2 -31 -5 0 -5 0 -41 7 -41 7 -55 -27 -55 -27 -34 -43 4 -7342 -8381 185 -86123 161651 8689 -39.686486486 -45.302702703 -9.911727472 18.604097134 25 21 -77 14 -6 27 -47 -61 21 -40 -82 -49 3 -82 -49 21 -40 -47 -61 -6 27 -77 14 25 21 4 -82 -49 21 -40 -47 -61 -6 27 25 21 -77 14 -6 27 -47 -61 0 -40 -46 -9 19 -40 -46 -9 19 -29 6 -85 9 -82 -49 21 -40 -47 -61 -6 27 -26 -15 -114 26 -241706 -142933 9425 0 0 0 11 -40 -45 -40 -32 -33 -32 -33 -19 -27 -19 -27 -6 -21 -6 -21 7 -15 7 -15 19 -10 19 11 -40 -45 -40 -43 -29 -32 -29 -47 -1 -19 -1 -34 27 -6 27 -21 55 7 55 -46 -10 19 2 4 2 -82 -49 21 -40 -47 -61 -6 27 -77 14 25 21 -41 7 -55 -27 -55 -27 -34 -43 -34 -43 -2 -31
SEGMENT 12 1 11 1 12 1 12 90 12 90 11 90 -40 92 59 199 -40 92 67 -7 67 -7 166 100 7.000000000 1 11 53 34.500000000 5 30 20 42 50 42 50 16 72 16 72 -13 61 -13 61 -17 29 -17 29 30 20 0 12 1 1 12 90 1 12.000000000 1.000000000 12.000000000 90.000000000 11 90 12 90 12 90 12 1 11 1 12 1 3 12 1 11 1 12 1 12 90 12 90 11 90 4 11 1 12 1 12 1 12 90 12 90 11 90 12 90 12 1 0 12 1 12 90 12 1 12 90 -78 11 13 102 12 1 11 1 12 1 12 90 12 36 11 36 12 36 1 1 -40 92 67 -7 1 0 2 12 1 12 90 2 12 1 12 90 2 4 2 12 1 11 1 12 1 12 90 12 90 11 90 -17 29 30 20 30 20 42 50 42 50 16 72
SEGMENT 5 -78 4 -77 5 -78 88 5 88 5 87 6 -15 -45 -28 13 -15 -45 101 -19 101 -19 88 39 8.000000000 0 43 -49 35.500000000 4 0 -56 1 -56 66 0 66 1 0 -22 -1 -22 22 0 22 -1 0 5 -78 1 88 5 1 5.000000000 -78.000000000 88.000000000 5.000000000 87 6 88 5 88 5 5 -78 4 -77 5 -78 3 5 -78 4 -77 5 -78 88 5 88 5 87 6 4 5 -78 88 5 88 5 87 6 88 5 5 -78 4 -77 5 -78 0 5 -78 88 5 5 -78 88 5 83 83 -73 93 5 -78 4 -77 5 -78 88 5 30 -53 29 -52 30 -53 1 1 -15 -45 101 -19 1 0 23 5 -78 5 -70 13 -70 13 -62 21 -62 21 -54 29 -54 29 -46 37 -46 37 -38 45 -38 45 -30 53 -30 53 -22 61 -22 61 -14 69 -14 69 -6 77 -6 77 2 85 2 85 5 88 5 2 5 -78 88 5 2 0 2 5 -78 4 -77 5 -78 88 5 88 5 87 6 22 0 22 -1 0 -56 1 -56 66 0 66 1
SEGMENT 41 -28 40 -29 41 -28 -42 55 -42 55 -43 54 -14 -50 -17 -49 -14 -50 28 76 28 76 25 77 9.000000000 1 0 6 36.500000000 3 -25 -4 24 2 24 2 7 41 7 41 -25 -4 2 41 -28 1 -42 55 1 41.000000000 -28.000000000 -42.000000000 55.000000000 -43 54 -42 55 -42 55 41 -28 40 -29 41 -28 3 41 -28 40 -29 41 -28 -42 55 -42 55 -43 54 4 40 -29 41 -28 41 -28 -42 55 -42 55 -43 54 -42 55 41 -28 0 -42 -28 41 55 -42 -28 41 55 -97 69 13 13 41 -28 40 -29 41 -28 -42 55 15 -2 14 -3 15 -2 1 1 -14 -50 28 76 1 0 21 41 -28 41 -19 32 -19 32 -10 23 -10 23 -1 14 -1 14 8 5 8 5 17 -4 17 -4 26 -13 26 -13 35 -22 35 -22 44 -31 44 -31 53 -40 53 -40 55 -42 55 2 41 -28 -42 55 2 0 2 -42 55 -43 54 41 -28 -42 55 41 -28 40 -29 24 2 7 41 7 41 -25 -4 -25 -4 24 2
SEGMENT -52 -34 -58 -21 -52 -34 39 8 39 8 33 21 52 -72 27 -69 52 -72 64 28 64 28 39 31 10.000000000 0 -3 -28 37.500000000 5 -11 -46 21 -34 21 -34 18 -3 18 -3 -18 4 -18 4 -32 -30 -32 -30 -11 -46 3 -52 -34 1 39 8 1 -52.000000000 -34.000000000 39.000000000 8.000000000 33 21 39 8 39 8 -52 -34 -58 -21 -52 -34 3 -52 -34 -58 -21 -52 -34 39 8 39 8 33 21 4 -52 -34 39 8 39 8 33 21 39 8 -52 -34 -58 -21 -52 -34 0 -52 -34 39 8 -52 -34 39 8 -18 31 -86 47 -52 -34 -58 -21 -52 -34 39 8 -18 -18 -24 -5 -3666 -3742 205 0 0 0 11 -52 -34 -52 -24 -30 -24 -30 -14 -8 -14 -8 -4 14 -4 14 7 36 7 36 8 39 8 11 -52 -34 -42 -24 -30 -24 -20 -14 -8 -14 2 -4 14 -4 25 7 36 7 37 8 39 8 2 3 2 -52 -34 -58 -21 -52 -34 39 8 39 8 33 21 18 -3 -18 4 -18 4 -32 -30 -32 -30 -11 -46
SEGMENT -96 86 7 80 -84 77 -1 14 -99 10 4 1 -109 78 -114 202 -109 78 15 83 15 83 10 207 11.000000000 1 -45 43 38.500000000 5 -30 25 -18 55 -18 55 -44 77 -44 77 -73 66 -73 66 -77 34 -77 34 -30 25 4 -191403 171724 1997 50830 -567 2871 -95.845267902 85.990986480 17.704632532 -0.197492163 4 1 -99 10 -1 14 -84 77 7 80 -96 86 3 -96 86 7 80 -84 77 -1 14 -99 10 4 1 4 -1 14 -84 77 7 80 -96 86 -84 77 -1 14 -99 10 4 1 0 -96 -1 18 86 -96 -1 18 86 -182 18 -10 18 -96 86 7 80 -84 77 -1 14 -65 63 -2 146 -707975 681149 10858 1 -109 78 15 83 1 0 17 -96 86 -96 75 -81 75 -81 63 -66 63 -66 52 -51 52 -51 41 -36 41 -36 29 -21 29 -21 18 -6 18 -6 6 9 6 9 0 18 0 17 -96 86 -85 75 -81 75 -69 63 -66 63 -55 52 -51 52 -40 41 -36 41 -24 29 -21 29 -10 18 -6 18 6 6 9 6 15 0 18 0 2 2 0 -96 86 7 80 -84 77 -1 14 -99 10 4 1 -73 66 -77 34 -77 34 -30 25 -30 25 -18 55
SEGMENT 2 -24 -75 59 2 -24 85 53 85 53 8 136 46 -51 17 -49 46 -51 54 65 54 65 25 67 12.000000000 0 54 2 39.500000000 4 0 -9 1 -9 73 0 73 1 0 25 -1 25 29 0 29 -1 0 2 -24 1 85 53 1 2.000000000 -24.000000000 85.000000000 53.000000000 8 136 85 53 85 53 2 -24 -75 59 2 -24 3 2 -24 -75 59 2 -24 85 53 85 53 8 136 4 2 -24 85 53 85 53 8 136 85 53 2 -24 -75 59 2 -24 0 2 -24 85 53 2 -24 85 53 26 32 -22 138 2 -24 -75 59 2 -24 85 53 31 3 -46 86 198987 18895 6409 1 46 -51 54 65 1 0 15 2 -24 2 -12 15 -12 15 0 28 0 28 12 41 12 41 24 54 24 54 36 67 36 67 48 80 48 80 53 85 53 15 2 -24 14 -12 15 -12 27 0 28 0 40 12 41 12 53 24 54 24 66 36 67 36 79 48 80 48 85 53 85 53 2 3 2 2 -24 -75 59 2 -24 85 53 85 53 8 136 29 0 29 -1 0 -9 1 -9 73 0 73 1
SEGMENT 41 27 117 -58 41 27 -44 -49 -44 -49 32 -134 -57 -14 -50 106 -57 -14 63 -21 63 -21 70 99 4.000000000 1 7 -21 40.500000000 3 -22 -35 27 -29 27 -29 10 10 10 10 -22 -35 0 41 27 1 -44 -49 1 41.000000000 27.000000000 -44.000000000 -49.000000000 32 -134 -44 -49 -44 -49 41 27 117 -58 41 27 3 41 27 117 -58 41 27 -44 -49 -44 -49 32 -134 4 -44 -49 41 27 117 -58 41 27 41 27 -44 -49 -44 -49 32 -134 0 -44 -49 41 27 -44 -49 41 27 5 14 -93 68 41 27 117 -58 41 27 -44 -49 11 0 87 -85 141871 1275 13001 1 -57 -14 63 -21 1 0 45 41 27 37 27 37 23 33 23 33 20 29 20 29 16 25 16 25 13 21 13 21 9 17 9 17 6 13 6 13 2 9 2 9 -2 5 -2 5 -5 1 -5 1 -9 -3 -9 -3 -12 -7 -12 -7 -16 -11 -16 -11 -19 -15 -19 -15 -23 -19 -23 -19 -27 -23 -27 -23 -30 -27 -30 -27 -34 -31 -34 -31 -37 -35 -37 -35 -41 -39 -41 -39 -45 -43 -45 -43 -48 -44 -48 -44 -49 45 41 27 41 27 37 23 36 23 33 20 33 20 29 16 28 16 25 13 25 13 21 9 20 9 17 6 17 6 13 2 13 2 9 -2 8 -2 5 -5 5 -5 1 -9 0 -9 -3 -12 -3 -12 -7 -16 -8 -16 -11 -19 -11 -19 -15 -23 -15 -23 -19 -27 -20 -27 -23 -30 -23 -30 -27 -34 -28 -34 -31 -37 -31 -37 -35 -41 -35 -41 -39 -45 -40 -45 -43 -48 -43 -48 -44 -49 2 1 2 -44 -49 32 -134 41 27 -44 -49 41 27 117 -58 10 10 -22 -35 -22 -35 27 -29 27 -29 10 10
SEGMENT -27 -36 -2 8 -27 -36 61 -86 61 -86 86 -42 -27 -36 -2 8 -27 -36 61 -86 61 -86 86 -42 5.000000000 0 30 -48 41.500000000 5 18 -70 50 -58 50 -58 47 -27 47 -27 11 -20 11 -20 -3 -54 -3 -54 18 -70 2 -27 -36 1 61 -86 1 -27.000000000 -36.000000000 61.000000000 -86.000000000 86 -42 61 -86 61 -86 -27 -36 -2 8 -27 -36 3 -27 -36 -2 8 -27 -36 61 -86 61 -86 86 -42 4 61 -86 86 -42 61 -86 -27 -36 -2 8 -27 -36 -27 -36 61 -86 0 -27 -86 61 -36 -27 -86 61 -36 9 147 -63 -25 -27 -36 -2 8 -27 -36 61 -86 9 -57 34 -13 23649 -144921 2561 2 -27 -36 -2 8 61 -86 86 -42 1 1 21 -27 -36 -18 -36 -18 -41 -9 -41 -9 -46 0 -46 0 -51 9 -51 9 -56 18 -56 18 -62 27 -62 27 -67 36 -67 36 -72 45 -72 45 -77 54 -77 54 -82 61 -82 61 -86 21 -27 -36 -23 -36 -18 -41 -14 -41 -9 -46 -5 -46 0 -51 4 -51 9 -56 12 -56 18 -62 22 -62 27 -67 31 -67 36 -72 40 -72 45 -77 49 -77 54 -82 57 -82 61 -86 2 3 0 -27 -36 -2 8 -27 -36 61 -86 61 -86 86 -42 50 -58 47 -27 47 -27 11 -20 11 -20 -3 -54
SEGMENT -59 -79 -160 -18 -59 -79 2 22 2 22 -99 83 -99 83 2 22 2 22 -59 -79 -160 -18 -59 -79 6.000000000 1 -24 -32 42.500000000 5 -13 -54 -1 -24 -1 -24 -27 -2 -27 -2 -56 -13 -56 -13 -60 -45 -60 -45 -13 -54 3 -59 -79 1 2 22 1 -59.000000000 -79.000000000 2.000000000 22.000000000 -99 83 2 22 2 22 -59 -79 -160 -18 -59 -79 3 -59 -79 -160 -18 -59 -79 2 22 2 22 -99 83 4 -59 -79 2 22 2 22 -99 83 2 22 -59 -79 -160 -18 -59 -79 0 -59 -79 2 22 -59 -79 2 22 -20 20 -138 24 -59 -79 -160 -18 -59 -79 2 22 -37 -43 -138 18 -258870 -298530 6961 2 -160 -18 -59 -79 2 22 -99 83 1 1 23 -59 -79 -53 -79 -53 -69 -47 -69 -47 -59 -41 -59 -41 -49 -35 -49 -35 -39 -29 -39 -29 -29 -23 -29 -23 -19 -17 -19 -17 -9 -11 -9 -11 1 -5 1 -5 11 1 11 1 21 2 21 2 22 23 -59 -79 -96 -42 -96 -69 -79 -52 -79 -59 -62 -42 -62 -49 -46 -33 -46 -39 -29 -22 -29 -29 -13 -13 -13 -19 4 -2 4 -9 20 7 20 1 37 18 37 11 53 27 53 21 2 72 2 22 2 4 1 -59 -79 -160 -18 -59 -79 2 22 2 22 -99 83 -27 -2 -56 -13 -56 -13 -60 -45 -60 -45 -13 -54
SEGMENT 8 -72 15 31 3 -39 86 2 77 -73 93 27 -22 -77 -39 -61 -22 -77 -6 -60 -6 -60 -23 -44 7.000000000 0 51 -23 43.500000000 4 0 -38 1 -38 66 0 66 1 0 -4 -1 -4 22 0 22 -1 0 43352 -145816 4131 56857 2299 637 10.494311305 -35.297990801 89.257456829 3.609105181 93 27 77 -73 86 2 3 -39 15 31 8 -72 3 8 -72 15 31 3 -39 86 2 77 -73 93 27 4 3 -39 86 2 77 -73 93 27 86 2 3 -39 15 31 8 -72 0 10 -36 90 4 10 -36 90 4 45 86 -25 93 8 -72 15 31 3 -39 86 2 49 -16 8 67 420873 -139029 8570 0 0 0 13 10 -35 10 -29 24 -29 24 -22 38 -22 38 -15 52 -15 52 -8 66 -8 66 -1 80 -1 80 4 89 4 13 10 -35 16 -29 24 -29 31 -22 38 -22 45 -15 52 -15 59 -8 66 -8 73 -1 80 -1 85 4 89 4 2 3 1 8 -72 15 31 3 -39 86 2 77 -73 93 27 22 0 22 -1 0 -38 1 -38 66 0 66 1
SEGMENT 47 9 93 -76 47 9 -38 -37 -38 -37 8 -122 -53 32 46 139 -53 32 54 -67 54 -67 153 40 8.000000000 1 -9 -16 44.500000000 3 -25 -34 24 -28 24 -28 7 11 7 11 -25 -34 1 47 9 1 -38 -37 1 47.000000000 9.000000000 -38.000000000 -37.000000000 8 -122 -38 -37 -38 -37 47 9 93 -76 47 9 3 47 9 93 -76 47 9 -38 -37 -38 -37 8 -122 4 -38 -37 47 9 93 -76 47 9 47 9 -38 -37 -38 -37 8 -122 0 -38 -37 47 9 -38 -37 47 9 -1 38 -75 56 47 9 93 -76 47 9 -38 -37 8 -12 54 -97 75142 -112857 9341 1 -53 32 54 -67 1 0 13 47 9 32 9 32 1 17 1 17 -7 2 -7 2 -15 -13 -15 -13 -23 -28 -23 -28 -32 -38 -32 -38 -37 13 47 9 40 9 32 1 25 1 17 -7 10 -7 2 -15 -5 -15 -13 -23 -19 -23 -28 -32 -33 -32 -38 -37 2 1 2 -38 -37 8 -122 47 9 -38 -37 47 9 93 -76 -25 -34 24 -28 24 -28 7 11 7 11 -25 -34
SEGMENT -27 -14 -27 -13 -27 -14 66 -14 66 -14 66 -13 -41 -19 -54 39 -41 -19 75 7 75 7 62 65 9.000000000 0 10 -13 45.500000000 5 11 -39 43 -27 43 -27 40 4 40 4 4 11 4 11 -10 -23 -10 -23 11 -39 1 -27 -14 1 66 -14 1 -27.000000000 -14.000000000 66.000000000 -14.000000000 66 -13 66 -14 66 -14 -27 -14 -27 -13 -27 -14 3 -27 -14 -27 -13 -27 -14 66 -14 66 -14 66 -13 4 -27 -14 66 -14 66 -14 66 -13 66 -14 -27 -14 -27 -13 -27 -14 0 -27 -14 66 -14 -27 -14 66 -14 -13 80 -41 52 -27 -14 -27 -13 -27 -14 66 -14 19 -14 19 -13 19 -14 1 1 -41 -19 75 7 1 0 2 -27 -14 66 -14 2 -27 -14 66 -14 2 3 1 -27 -14 -27 -13 -27 -14 66 -14 66 -14 66 -13 11 -39 43 -27 43 -27 40 4 40 4 4 11
SEGMENT 19 -93 18 -93 19 -93 19 -4 19 -4 18 -4 6 -114 3 -113 6 -114 48 12 48 12 45 13 10.000000000 1 13 -48 46.500000000 5 37 -74 49 -44 49 -44 23 -22 23 -22 -6 -33 -6 -33 -10 -65 -10 -65 37 -74 2 19 -93 1 19 -4 1 19.000000000 -93.000000000 19.000000000 -4.000000000 18 -4 19 -4 19 -4 19 -93 18 -93 19 -93 3 19 -93 18 -93 19 -93 19 -4 19 -4 18 -4 4 18 -93 19 -93 19 -93 19 -4 19 -4 18 -4 19 -4 19 -93 0 19 -93 19 -4 19 -93 19 -4 23 112 -74 15 19 -93 18 -93 19 -93 19 -4 19 -46 18 -46 19 -46 1 1 6 -114 48 12 1 0 2 19 -93 19 -4 2 19 -93 19 -4 2 4 2 19 -93 18 -93 19 -93 19 -4 19 -4 18 -4 49 -44 23 -22 23 -22 -6 -33 -6 -33 -10 -65
SEGMENT -81 -67 -82 -66 -81 -67 2 16 2 16 1 17 14 -80 -11 -77 14 -80 26 20 26 20 1 23 11.000000000 0 -48 -26 47.500000000 4 0 -45 1 -45 -20 0 -20 1 0 -11 -1 -11 -64 0 -64 -1 0 -81 -67 1 2 16 1 -81.000000000 -67.000000000 2.000000000 16.000000000 1 17 2 16 2 16 -81 -67 -82 -66 -81 -67 3 -81 -67 -82 -66 -81 -67 2 16 2 16 1 17 4 -81 -67 2 16 2 16 1 17 2 16 -81 -67 -82 -66 -81 -67 0 -81 -67 2 16 -81 -67 2 16 -14 -14 -148 18 -81 -67 -82 -66 -81 -67 2 16 -47 -33 -48 -32 -47 -33 1 0 0 0 17 -81 -67 -81 -56 -70 -56 -70 -45 -59 -45 -59 -34 -48 -34 -48 -23 -37 -23 -37 -12 -26 -12 -26 -1 -15 -1 -15 10 -4 10 -4 16 2 16 2 -81 -67 2 16 2 0 2 -81 -67 -82 -66 -81 -67 2 16 2 16 1 17 -64 0 -64 -1 0 -45 1 -45 -20 0 -20 1
SEGMENT 59 29 44 -70 55 7 -26 -44 -20 25 -14 -76 -48 7 -53 131 -48 7 76 12 76 12 71 136 12.000000000 1 9 -18 48.500000000 3 -11 -40 38 -34 38 -34 21 5 21 5 -11 -40 2 22462 3008 403 -15338 -35712 943 55.736972705 7.464019851 -16.265111347 -37.870625663 -14 -76 -20 25 -26 -44 55 7 44 -70 59 29 3 59 29 44 -70 55 7 -26 -44 -20 25 -14 -76 4 -26 -44 55 7 44 -70 59 29 55 7 -26 -44 -20 25 -14 -76 0 -17 -38 56 8 -17 -38 56 8 21 49 -55 64 59 29 44 -70 55 7 -26 -44 15 -18 32 -45 15355 -18459 1018 0 0 0 9 56 7 37 7 37 -4 18 -4 18 -16 -1 -16 -1 -28 -16 -28 -16 -38 9 56 7 48 7 37 -4 30 -4 18 -16 11 -16 -1 -28 -6 -28 -16 -38 2 1 2 -20 25 -14 -76 55 7 -26 -44 59 29 44 -70 38 -34 21 5 21 5 -11 -40 -11 -40 38 -34
SEGMENT -30 -63 -36 -50 -30 -63 61 -21 61 -21 55 -8 13 -108 -16 -106 13 -108 21 8 21 8 -8 10 4.000000000 0 14 -45 49.500000000 5 11 -75 43 -63 43 -63 40 -32 40 -32 4 -25 4 -25 -10 -59 -10 -59 11 -75 0 -30 -63 1 61 -21 1 -30.000000000 -63.000000000 61.000000000 -21.000000000 55 -8 61 -21 61 -21 -30 -63 -36 -50 -30 -63 3 -30 -63 -36 -50 -30 -63 61 -21 61 -21 55 -8 4 -30 -63 61 -21 61 -21 55 -8 61 -21 -30 -63 -36 -50 -30 -63 0 -30 -63 61 -21 -30 -63 61 -21 33 82 -93 40 -30 -63 -36 -50 -30 -63 61 -21 15 -42 9 -29 3093 -8649 205 1 13 -108 21 8 1 0 23 -30 -63 -30 -59 -21 -59 -21 -55 -12 -55 -12 -51 -3 -51 -3 -46 6 -46 6 -42 15 -42 15 -38 24 -38 24 -34 33 -34 33 -30 42 -30 42 -26 51 -26 51 -21 60 -21 60 -21 61 -21 23 -30 -63 -26 -59 -21 -59 -17 -55 -12 -55 -8 -51 -3 -51 2 -46 6 -46 10 -42 15 -42 19 -38 24 -38 28 -34 33 -34 37 -30 42 -30 46 -26 51 -26 56 -21 60 -21 60 -21 61 -21 2 3 2 -30 -63 -36 -50 -30 -63 61 -21 61 -21 55 -8 -10 -59 11 -75 11 -75 43 -63 43 -63 40 -32
SEGMENT -6 7 57 89 -6 7 76 -56 76 -56 139 26 -26 -27 -19 93 -26 -27 94 -34 94 -34 101 86 5.000000000 1 31 -24 50.500000000 5 51 -54 63 -24 63 -24 37 -2 37 -2 8 -13 8 -13 4 -45 4 -45 51 -54 1 -6 7 1 76 -56 1 -6.000000000 7.000000000 76.000000000 -56.000000000 139 26 76 -56 76 -56 -6 7 57 89 -6 7 3 -6 7 57 89 -6 7 76 -56 76 -56 139 26 4 76 -56 139 26 76 -56 -6 7 57 89 -6 7 -6 7 76 -56 0 -6 -56 76 7 -6 -56 76 7 -13 132 1 20 -6 7 57 89 -6 7 76 -56 34 -24 97 58 364948 -254828 10693 1 -26 -27 94 -34 1 0 25 -6 7 -6 2 1 2 1 -4 8 -4 8 -9 15 -9 15 -15 22 -15 22 -20 29 -20 29 -25 36 -25 36 -31 43 -31 43 -36 50 -36 50 -41 57 -41 57 -47 64 -47 64 -52 71 -52 71 -56 76 -56 25 -6 7 -1 2 1 2 7 -4 8 -4 13 -9 15 -9 21 -15 22 -15 27 -20 29 -20 34 -25 36 -25 42 -31 43 -31 48 -36 50 -36 55 -41 57 -41 63 -47 64 -47 69 -52 71 -52 75 -56 76 -56 2 2 0 -6 7 57 89 -6 7 76 -56 76 -56 139 26 51 -54 63 -24 63 -24 37 -2 37 -2 8 -13
SEGMENT -52 -61 -129 22 -52 -61 31 16 31 16 -46 99 -52 -61 -129 22 -52 -61 31 16 31 16 -46 99 6.000000000 0 -5 -23 51.500000000 4 0 -46 1 -46 19 0 19 1 0 -12 -1 -12 -25 0 -25 -1 0 -52 -61 1 31 16 1 -52.000000000 -61.000000000 31.000000000 16.000000000 -46 99 31 16 31 16 -52 -61 -129 22 -52 -61 3 -52 -61 -129 22 -52 -61 31 16 31 16 -46 99 4 -52 -61 31 16 31 16 -46 99 31 16 -52 -61 -129 22 -52 -61 0 -52 -61 31 16 -52 -61 31 16 9 15 -113 47 -52 -61 -129 22 -52 -61 31 16 -14 -26 -91 57 -181069 -331525 12818 2 -52 -61 -129 22 31 16 -46 99 1 1 29 -52 -61 -52 -55 -46 -55 -46 -50 -40 -50 -40 -44 -34 -44 -34 -39 -28 -39 -28 -33 -22 -33 -22 -28 -16 -28 -16 -22 -10 -22 -10 -16 -4 -16 -4 -11 2 -11 2 -5 8 -5 8 0 14 0 14 6 20 6 20 11 26 11 26 16 31 16 29 -52 -61 -46 -55 -46 -55 -41 -50 -40 -50 -34 -44 -34 -44 -29 -39 -28 -39 -22 -33 -22 -33 -17 -28 -16 -28 -10 -22 -10 -22 -4 -16 -4 -16 1 -11 2 -11 8 -5 8 -5 13 0 14 0 20 6 20 6 25 11 26 11 31 16 31 16 2 3 2 -52 -61 -129 22 -52 -61 31 16 31 16 -46 99 -25 0 -25 -1 0 -46 1 -46 19 0 19 1
SEGMENT 24 66 100 -19 24 66 -61 -10 -61 -10 15 -95 15 -95 -61 -10 -61 -10 24 66 100 -19 24 66 7.000000000 1 -15 30 52.500000000 3 -39 4 10 10 10 10 -7 49 -7 49 -39 4 0 24 66 1 -61 -10 1 24.000000000 66.000000000 -61.000000000 -10.000000000 15 -95 -61 -10 -61 -10 24 66 100 -19 24 66 3 24 66 100 -19 24 66 -61 -10 -61 -10 15 -95 4 -61 -10 24 66 100 -19 24 66 24 66 -61 -10 -61 -10 15 -95 0 -61 -10 24 66 -61 -10 24 66 -51 -42 -71 90 24 66 100 -19 24 66 -61 -10 -15 31 61 -54 -195851 403966 13001 2 15 -95 -61 -10 24 66 100 -19 1 1 23 24 66 16 66 16 59 8 59 8 52 0 52 0 45 -8 45 -8 37 -16 37 -16 30 -24 30 -24 23 -32 23 -32 16 -40 16 -40 9 -48 9 -48 2 -56 2 -56 -6 -61 -6 -61 -10 23 24 66 23 66 16 59 15 59 8 52 7 52 0 45 0 45 -8 37 -9 37 -16 30 -17 30 -24 23 -25 23 -32 16 -33 16 -40 9 -41 9 -48 2 -48 2 -56 -6 -57 -6 -61 -10 2 1 2 -61 -10 15 -95 24 66 -61 -10 24 66 100 -19 -7 49 -39 4 -39 4 10 10 10 10 -7 49
SEGMENT -68 -22 35 -13 -33 -34 8 54 -63 41 39 48 -79 -46 -96 -30 -79 -46 -63 -29 -63 -29 -80 -13 8.000000000 0 -13 18 6.500000000 5 -20 -16 12 -4 12 -4 9 27 9 27 -27 34 -27 34 -41 0 -41 0 -20 -16 4 -4752 -3386 185 35523 396254 8689 -25.686486486 -18.302702703 4.088272528 45.604097134 39 48 -63 41 8 54 -33 -34 35 -13 -68 -22 3 -68 -22 35 -13 -33 -34 8 54 -63 41 39 48 4 -68 -22 35 -13 -33 -34 8 54 39 48 -63 41 8 54 -33 -34 0 -26 -19 5 46 -26 -19 5 46 -42 -7 -44 50 -68 -22 35 -13 -33 -34 8 54 -23 -12 -111 29 -214839 -114002 9425 0 0 0 9 -26 -18 -26 -1 -18 -1 -18 16 -10 16 -10 33 -2 33 -2 46 4 46 9 -26 -18 -26 -62 35 -1 35 -20 71 16 71 -4 108 33 108 -58 4 46 2 4 2 -68 -22 35 -13 -33 -34 8 54 -63 41 39 48 -27 34 -41 0 -41 0 -20 -16 -20 -16 12 -4
SEGMENT -21 -92 -122 -31 -21 -92 40 9 40 9 -61 70 -45 5 54 112 -45 5 62 -94 62 -94 161 13 9.000000000 1 9 -52 7.500000000 5 25 -67 37 -37 37 -37 11 -15 11 -15 -18 -26 -18 -26 -22 -58 -22 -58 25 -67 0 -21 -92 1 40 9 1 -21.000000000 -92.000000000 40.000000000 9.000000000 -61 70 40 9 40 9 -21 -92 -122 -31 -21 -92 3 -21 -92 -122 -31 -21 -92 40 9 40 9 -61 70 4 -21 -92 40 9 40 9 -61 70 40 9 -21 -92 -122 -31 -21 -92 0 -21 -92 40 9 -21 -92 40 9 31 71 -113 49 -21 -92 -122 -31 -21 -92 40 9 -17 -86 -118 -25 -120256 -597487 6961 1 -45 5 62 -94 1 0 15 -21 -92 -12 -92 -12 -77 -3 -77 -3 -62 6 -62 6 -47 15 -47 15 -32 24 -32 24 -17 33 -17 33 -2 40 -2 40 9 15 -21 -92 -185 72 -185 -77 -160 -52 -160 -62 -135 -37 -135 -47 -110 -22 -110 -32 -85 -7 -85 -17 -61 7 -61 -2 40 99 40 9 2 4 1 -21 -92 -122 -31 -21 -92 40 9 40 9 -61 70 -22 -58 25 -67 25 -67 37 -37 37 -37 11 -15
SEGMENT -79 -20 -120 69 -79 -20 10 21 10 21 -31 110 -95 -7 -108 51 -95 -7 21 19 21 19 8 77 10.000000000 0 -34 -10 8.500000000 4 0 -18 1 -18 -14 0 -14 1 0 16 -1 16 -58 0 -58 -1 0 -79 -20 1 10 21 1 -79.000000000 -20.000000000 10.000000000 21.000000000 -31 110 10 21 10 21 -79 -20 -120 69 -79 -20 3 -79 -20 -120 69 -79 -20 10 21 10 21 -31 110 4 -79 -20 10 21 10 21 -31 110 10 21 -79 -20 -120 69 -79 -20 0 -79 -20 10 21 -79 -20 10 21 -59 -11 -99 31 -79 -20 -120 69 -79 -20 10 21 -71 -16 -112 73 -340297 -78062 4801 1 -95 -7 21 19 1 0 11 -79 -20 -79 -10 -57 -10 -57 0 -35 0 -35 10 -13 10 -13 21 9 21 9 21 10 21 11 -79 -20 -69 -10 -57 -10 -47 0 -35 0 -25 10 -13 10 -2 21 9 21 9 21 10 21 2 3 1 -79 -20 -120 69 -79 -20 10 21 10 21 -31 110 -58 0 -58 -1 0 -18 1 -18 -14 0 -14 1
SEGMENT -1 -1 45 -86 -1 -1 -86 -47 -86 -47 -40 -132 -62 -90 -65 -89 -62 -90 -20 36 -20 36 -23 37 11.000000000 1 -45 -33 9.500000000 3 -73 -44 -24 -38 -24 -38 -41 1 -41 1 -73 -44 1 -1 -1 1 -86 -47 1 -1.000000000 -1.000000000 -86.000000000 -47.000000000 -40 -132 -86 -47 -86 -47 -1 -1 45 -86 -1 -1 3 -1 -1 45 -86 -1 -1 -86 -47 -86 -47 -40 -132 4 -86 -47 -1 -1 45 -86 -1 -1 -1 -1 -86 -47 -86 -47 -40 -132 0 -86 -47 -1 -1 -86 -47 -1 -1 -39 0 -133 -2 -1 -1 45 -86 -1 -1 -86 -47 -9 -6 37 -91 -86691 -51201 9341 1 -62 -90 -20 36 1 0 11 -1 -1 -21 -1 -21 -12 -41 -12 -41 -23 -61 -23 -61 -33 -81 -33 -81 -44 -86 -44 -86 -47 11 -1 -1 -10 -1 -21 -12 -30 -12 -41 -23 -51 -23 -61 -33 -70 -33 -81 -44 -83 -44 -86 -47 2 1 2 -86 -47 -40 -132 -1 -1 -86 -47 -1 -1 45 -86 -73 -44 -24 -38 -24 -38 -41 1 -41 1 -73 -44
SEGMENT -43 -41 -43 -40 -43 -41 50 -41 50 -41 50 -40 58 -92 33 -89 58 -92 70 8 70 8 45 11 12.000000000 0 6 -47 10.500000000 5 -5 -66 27 -54 27 -54 24 -23 24 -23 -12 -16 -12 -16 -26 -50 -26 -50 -5 -66 3 -43 -41 1 50 -41 1 -43.000000000 -41.000000000 50.000000000 -41.000000000 50 -40 50 -41 50 -41 -43 -41 -43 -40 -43 -41 3 -43 -41 -43 -40 -43 -41 50 -41 50 -41 50 -40 4 -43 -41 50 -41 50 -41 50 -40 50 -41 -43 -41 -43 -40 -43 -41 0 -43 -41 50 -41 -43 -41 50 -41 -2 91 -84 9 -43 -41 -43 -40 -43 -41 50 -41 -32 -41 -32 -40 -32 -41 1 0 0 0 2 -43 -41 50 -41 2 -43 -41 50 -41 2 3 1 -43 -41 -43 -40 -43 -41 50 -41 50 -41 50 -40 24 -23 -12 -16 -12 -16 -26 -50 -26 -50 -5 -66
SEGMENT -16 -5 87 -11 -4 -14 79 -77 -19 -81 84 -90 -29 -13 -34 111 -29 -13 95 -8 95 -8 90 116 4.000000000 1 38 -47 11.500000000 5 50 -66 62 -36 62 -36 36 -14 36 -14 7 -25 7 -25 3 -57 3 -57 50 -66 4 -31643 -10003 1997 280510 -261828 2871 -15.845267902 -5.009013520 97.704632532 -91.197492163 84 -90 -19 -81 79 -77 -4 -14 87 -11 -16 -5 3 -16 -5 87 -11 -4 -14 79 -77 -19 -81 84 -90 4 79 -77 -4 -14 87 -11 -16 -5 -4 -14 79 -77 -19 -81 84 -90 0 -16 -92 98 -5 -16 -92 98 -5 -11 189 -21 7 -16 -5 87 -11 -4 -14 79 -77 -7 -12 56 71 -74557 -128387 10858 1 -29 -13 95 -8 1 0 47 -16 -5 -16 -9 -11 -9 -11 -12 -6 -12 -6 -16 -1 -16 -1 -20 4 -20 4 -24 9 -24 9 -28 14 -28 14 -31 19 -31 19 -35 24 -35 24 -39 29 -39 29 -43 34 -43 34 -47 39 -47 39 -50 44 -50 44 -54 49 -54 49 -58 54 -58 54 -62 59 -62 59 -66 64 -66 64 -69 69 -69 69 -73 74 -73 74 -77 79 -77 79 -81 84 -81 84 -85 89 -85 89 -88 94 -88 94 -91 98 -91 47 -16 -5 -12 -9 -11 -9 -8 -12 -6 -12 -2 -16 -1 -16 3 -20 4 -20 8 -24 9 -24 13 -28 14 -28 17 -31 19 -31 23 -35 24 -35 28 -39 29 -39 33 -43 34 -43 38 -47 39 -47 42 -50 44 -50 48 -54 49 -54 53 -58 54 -58 58 -62 59 -62 63 -66 64 -66 67 -69 69 -69 73 -73 74 -73 78 -77 79 -77 83 -81 84 -81 88 -85 89 -85 92 -88 94 -88 97 -91 98 -91 2 2 0 -16 -5 87 -11 -4 -14 79 -77 -19 -81 84 -90 7 -25 3 -57 3 -57 50 -66 50 -66 62 -36
SEGMENT -64 -67 -65 -66 -64 -67 19 16 19 16 18 17 -30 -87 -59 -85 -30 -87 -22 29 -22 29 -51 31 5.000000000 0 -19 -33 12.500000000 4 0 -45 1 -45 -3 0 -3 1 0 -11 -1 -11 -47 0 -47 -1 0 -64 -67 1 19 16 1 -64.000000000 -67.000000000 19.000000000 16.000000000 18 17 19 16 19 16 -64 -67 -65 -66 -64 -67 3 -64 -67 -65 -66 -64 -67 19 16 19 16 18 17 4 -64 -67 19 16 19 16 18 17 19 16 -64 -67 -65 -66 -64 -67 0 -64 -67 19 16 -64 -67 19 16 3 3 -131 35 -64 -67 -65 -66 -64 -67 19 16 -55 -58 -56 -57 -55 -58 1 1 -30 -87 -22 29 1 0 35 -64 -67 -64 -62 -59 -62 -59 -57 -54 -57 -54 -52 -49 -52 -49 -47 -44 -47 -44 -42 -39 -42 -39 -37 -34 -37 -34 -32 -29 -32 -29 -27 -24 -27 -24 -22 -19 -22 -19 -17 -14 -17 -14 -12 -9 -12 -9 -7 -4 -7 -4 -2 1 -2 1 3 6 3 6 8 11 8 11 13 16 13 16 16 19 16 2 -64 -67 19 16 2 0 2 -64 -67 -65 -66 -64 -67 19 16 19 16 18 17 -47 0 -47 -1 0 -45 1 -45 -3 0 -3 1
SEGMENT 61 -41 60 -42 61 -41 -22 42 -22 42 -23 41 -40 4 -33 124 -40 4 80 -3 80 -3 87 117 6.000000000 1 27 -2 13.500000000 3 -5 -17 44 -11 44 -11 27 28 27 28 -5 -17 2 61 -41 1 -22 42 1 61.000000000 -41.000000000 -22.000000000 42.000000000 -23 41 -22 42 -22 42 61 -41 60 -42 61 -41 3 61 -41 60 -42 61 -41 -22 42 -22 42 -23 41 4 60 -42 61 -41 61 -41 -22 42 -22 42 -23 41 -22 42 61 -41 0 -22 -41 61 42 -22 -41 61 42 -64 102 20 20 61 -41 60 -42 61 -41 -22 42 51 -31 50 -32 51 -31 1 1 -40 4 80 -3 1 0 29 61 -41 61 -35 55 -35 55 -29 49 -29 49 -23 43 -23 43 -17 37 -17 37 -11 31 -11 31 -5 25 -5 25 1 19 1 19 7 13 7 13 13 7 13 7 19 1 19 1 25 -5 25 -5 31 -11 31 -11 37 -17 37 -17 42 -22 42 2 61 -41 -22 42 2 0 2 -22 42 -23 41 61 -41 -22 42 61 -41 60 -42 44 -11 27 28 27 28 -5 -17 -5 -17 44 -11
SEGMENT -70 8 -76 21 -70 8 21 50 21 50 15 63 -70 8 -76 21 -70 8 21 50 21 50 15 63 7.000000000 0 -31 19 14.500000000 5 -29 -4 3 8 3 8 0 39 0 39 -36 46 -36 46 -50 12 -50 12 -29 -4 2 -70 8 1 21 50 1 -70.000000000 8.000000000 21.000000000 50.000000000 15 63 21 50 21 50 -70 8 -76 21 -70 8 3 -70 8 -76 21 -70 8 21 50 21 50 15 63 4 -70 8 21 50 21 50 15 63 21 50 -70 8 -76 21 -70 8 0 -70 8 21 50 -70 8 21 50 -78 -29 -62 71 -70 8 -76 21 -70 8 21 50 -57 14 -63 27 -57 14 1 2 -70 8 -76 21 21 50 15 63 1 1 15 -70 8 -70 15 -55 15 -55 22 -40 22 -40 29 -25 29 -25 36 -10 36 -10 43 5 43 5 50 20 50 20 50 21 50 15 -70 8 -63 15 -55 15 -48 22 -40 22 -33 29 -25 29 -18 36 -10 36 -3 43 5 43 12 50 20 50 20 50 21 50 2 3 2 -70 8 -76 21 -70 8 21 50 21 50 15 63 3 8 0 39 0 39 -36 46 -36 46 -50 12
SEGMENT -52 54 11 136 -52 54 30 -9 30 -9 93 73 93 73 30 -9 30 -9 -52 54 11 136 -52 54 8.000000000 1 -20 16 15.500000000 5 5 -7 17 23 17 23 -9 45 -9 45 -38 34 -38 34 -42 2 -42 2 5 -7 3 -52 54 1 30 -9 1 -52.000000000 54.000000000 30.000000000 -9.000000000 93 73 30 -9 30 -9 -52 54 11 136 -52 54 3 -52 54 11 136 -52 54 30 -9 30 -9 93 73 4 30 -9 93 73 30 -9 -52 54 11 136 -52 54 -52 54 30 -9 0 -52 -9 30 54 -52 -9 30 54 -106 39 2 21 -52 54 11 136 -52 54 30 -9 -40 45 23 127 -428854 479709 10693 2 11 136 -52 54 30 -9 93 73 1 1 19 -52 54 -52 46 -42 46 -42 39 -32 39 -32 31 -22 31 -22 23 -12 23 -12 16 -2 16 -2 8 8 8 8 0 18 0 18 -7 28 -7 28 -9 30 -9 19 -52 54 -44 46 -42 46 -35 39 -32 39 -24 31 -22 31 -14 23 -12 23 -5 16 -2 16 6 8 8 8 16 0 18 0 25 -7 28 -7 30 -9 30 -9 2 2 0 -52 54 11 136 -52 54 30 -9 30 -9 93 73 -9 45 -38 34 -38 34 -42 2 -42 2 5 -7
SEGMENT -48 -49 -41 54 -53 -16 30 25 21 -50 37 50 -78 -54 -95 -38 -78 -54 -62 -37 -62 -37 -79 -21 9.000000000 0 -19 1 16.500000000 4 0 -15 1 -15 10 0 10 1 0 19 -1 19 -34 0 -34 -1 0 -187984 -50803 4131 21185 16950 637 -45.505688695 -12.297990801 33.257456829 26.609105181 37 50 21 -50 30 25 -53 -16 -41 54 -48 -49 3 -48 -49 -41 54 -53 -16 30 25 21 -50 37 50 4 -53 -16 30 25 21 -50 37 50 30 25 -53 -16 -41 54 -48 -49 0 -46 -13 34 27 -46 -13 34 27 -34 7 -58 60 -48 -49 -41 54 -53 -16 30 25 -31 -5 -72 78 -265219 -43763 8570 0 0 0 11 -46 -12 -46 -4 -28 -4 -28 5 -10 5 -10 14 8 14 8 23 26 23 26 27 33 27 11 -46 -12 -38 -4 -28 -4 -19 5 -10 5 -1 14 8 14 17 23 26 23 30 27 33 27 2 3 1 -48 -49 -41 54 -53 -16 30 25 21 -50 37 50 -34 0 -34 -1 0 -15 1 -15 10 0 10 1
SEGMENT 84 68 160 -17 84 68 -1 -8 -1 -8 75 -93 -7 72 92 179 -7 72 100 -27 100 -27 199 80 10.000000000 1 40 25 17.500000000 3 21 6 70 12 70 12 53 51 53 51 21 6 0 84 68 1 -1 -8 1 84.000000000 68.000000000 -1.000000000 -8.000000000 75 -93 -1 -8 -1 -8 84 68 160 -17 84 68 3 84 68 160 -17 84 68 -1 -8 -1 -8 75 -93 4 -1 -8 84 68 160 -17 84 68 84 68 -1 -8 -1 -8 75 -93 0 -1 -8 84 68 -1 -8 84 68 7 16 -9 152 84 68 160 -17 84 68 -1 -8 71 56 147 -29 920639 730776 13001 1 -7 72 100 -27 1 0 17 84 68 73 68 73 58 62 58 62 48 51 48 51 38 40 38 40 29 29 29 29 19 18 19 18 9 7 9 7 -1 -1 -1 -1 -8 17 84 68 83 68 73 58 72 58 62 48 61 48 51 38 49 38 40 29 39 29 29 19 28 19 18 9 17 9 7 -1 6 -1 -1 -8 2 1 2 -1 -8 75 -93 84 68 -1 -8 84 68 160 -17 53 51 21 6 21 6 70 12 70 12 53 51
SEGMENT -24 -11 1 33 -24 -11 64 -61 64 -61 89 -17 -31 -25 -44 33 -31 -25 85 1 85 1 72 59 11.000000000 0 23 -18 18.500000000 5 21 -45 53 -33 53 -33 50 -2 50 -2 14 5 14 5 0 -29 0 -29 21 -45 1 -24 -11 1 64 -61 1 -24.000000000 -11.000000000 64.000000000 -61.000000000 89 -17 64 -61 64 -61 -24 -11 1 33 -24 -11 3 -24 -11 1 33 -24 -11 64 -61 64 -61 89 -17 4 64 -61 89 -17 64 -61 -24 -11 1 33 -24 -11 -24 -11 64 -61 0 -24 -61 64 -11 -24 -61 64 -11 -13 125 -35 3 -24 -11 1 33 -24 -11 64 -61 -8 -20 17 24 -20588 -51396 2561 1 -31 -25 85 1 1 0 11 -24 -11 -5 -11 -5 -22 14 -22 14 -33 33 -33 33 -43 52 -43 52 -54 64 -54 64 -61 11 -24 -11 -16 -11 -5 -22 3 -22 14 -33 23 -33 33 -43 41 -43 52 -54 57 -54 64 -61 2 3 0 -24 -11 1 33 -24 -11 64 -61 64 -61 89 -17 21 -45 53 -33 53 -33 50 -2 50 -2 14 5
SEGMENT -26 -1 -127 60 -26 -1 35 100 35 100 -66 161 -11 -16 -14 -15 -11 -16 31 110 31 110 28 111 12.000000000 1 -1 51 19.500000000 5 20 24 32 54 32 54 6 76 6 76 -23 65 -23 65 -27 33 -27 33 20 24 2 -26 -1 1 35 100 1 -26.000000000 -1.000000000 35.000000000 100.000000000 -66 161 35 100 35 100 -26 -1 -127 60 -26 -1 3 -26 -1 -127 60 -26 -1 35 100 35 100 -66 161 4 -26 -1 35 100 35 100 -66 161 35 100 -26 -1 -127 60 -26 -1 0 -26 -1 35 100 -26 -1 35 100 -65 -25 -27 135 -26 -1 -127 60 -26 -1 35 100 -16 16 -117 77 -220025 221105 13922 1 -11 -16 31 110 1 0 13 -26 -1 -14 -1 -14 19 -2 19 -2 39 10 39 10 59 22 59 22 79 34 79 34 99 35 99 35 100 13 -26 -1 74 99 74 19 107 52 107 39 140 72 140 59 173 92 173 79 206 112 206 99 35 270 35 100 2 4 1 -26 -1 -127 60 -26 -1 35 100 35 100 -66 161 32 54 6 76 6 76 -23 65 -23 65 -27 33
SEGMENT 5 -44 -36 45 5 -44 94 -3 94 -3 53 86 104 -77 79 -74 104 -77 116 23 116 23 91 26 4.000000000 0 45 -22 20.500000000 4 0 -42 1 -42 70 0 70 1 0 -8 -1 -8 26 0 26 -1 0 5 -44 1 94 -3 1 5.000000000 -44.000000000 94.000000000 -3.000000000 53 86 94 -3 94 -3 5 -44 -36 45 5 -44 3 5 -44 -36 45 5 -44 94 -3 94 -3 53 86 4 5 -44 94 -3 94 -3 53 86 94 -3 5 -44 -36 45 5 -44 0 5 -44 94 -3 5 -44 94 -3 49 97 -39 91 5 -44 -36 45 5 -44 94 -3 24 -35 -17 54 115675 -169014 4801 0 0 0 21 5 -44 5 -40 14 -40 14 -36 23 -36 23 -32 32 -32 32 -27 41 -27 41 -23 50 -23 50 -19 59 -19 59 -15 68 -15 68 -11 77 -11 77 -7 86 -7 86 -3 94 -3 21 5 -44 9 -40 14 -40 18 -36 23 -36 27 -32 32 -32 37 -27 41 -27 45 -23 50 -23 54 -19 59 -19 63 -15 68 -15 72 -11 77 -11 81 -7 86 -7 90 -3 94 -3 2 3 1 5 -44 -36 45 5 -44 94 -3 94 -3 53 86 26 0 26 -1 0 -42 1 -42 70 0 70 1
SEGMENT 39 79 24 -20 35 57 -46 6 -40 75 -34 -26 -68 57 -73 181 -68 57 56 62 56 62 51 186 5.000000000 1 -8 33 21.500000000 3 -31 10 18 16 18 16 1 55 1 55 -31 10 1 14402 23158 403 -34198 11438 943 35.736972705 57.464019851 -36.265111347 12.129374337 -34 -26 -40 75 -46 6 35 57 24 -20 39 79 3 39 79 24 -20 35 57 -46 6 -40 75 -34 -26 4 -46 6 35 57 24 -20 39 79 35 57 -46 6 -40 75 -34 -26 0 -37 12 36 58 -37 12 36 58 -49 -21 -25 94 39 79 24 -20 35 57 -46 6 18 46 35 19 9094 23522 509 0 0 0 19 36 57 28 57 28 53 20 53 20 48 12 48 12 43 4 43 4 37 -4 37 -4 32 -12 32 -12 27 -20 27 -20 22 -28 22 -28 17 -36 17 -36 12 19 36 57 32 57 28 53 25 53 20 48 17 48 12 43 10 43 4 37 1 37 -4 32 -7 32 -12 27 -15 27 -20 22 -23 22 -28 17 -31 17 -36 12 2 1 2 -40 75 -34 -26 35 57 -46 6 39 79 24 -20 -31 10 18 16 18 16 1 55 1 55 -31 10
SEGMENT -20 33 -20 34 -20 33 73 33 73 33 73 34 20 -25 -9 -23 20 -25 28 91 28 91 -1 93 6.000000000 0 24 39 22.500000000 5 18 8 50 20 50 20 47 51 47 51 11 58 11 58 -3 24 -3 24 18 8 0 -20 33 1 73 33 1 -20.000000000 33.000000000 73.000000000 33.000000000 73 34 73 33 73 33 -20 33 -20 34 -20 33 3 -20 33 -20 34 -20 33 73 33 73 33 73 34 4 -20 33 73 33 73 33 73 34 73 33 -20 33 -20 34 -20 33 0 -20 33 73 33 -20 33 73 33 -53 40 13 106 -20 33 -20 34 -20 33 73 33 3 33 3 34 3 33 1 1 20 -25 28 91 1 0 2 -20 33 73 33 2 -20 33 73 33 2 3 1 -20 33 -20 34 -20 33 73 33 73 33 73 34 -3 24 18 8 18 8 50 20 50 20 47 51
SEGMENT 7 6 6 6 7 6 7 95 7 95 6 95 -52 52 -45 172 -52 52 68 45 68 45 75 165 7.000000000 1 8 56 23.500000000 5 25 25 37 55 37 55 11 77 11 77 -18 66 -18 66 -22 34 -22 34 25 25 1 7 6 1 7 95 1 7.000000000 6.000000000 7.000000000 95.000000000 6 95 7 95 7 95 7 6 6 6 7 6 3 7 6 6 6 7 6 7 95 7 95 6 95 4 6 6 7 6 7 6 7 95 7 95 6 95 7 95 7 6 0 7 6 7 95 7 6 7 95 -88 1 13 102 7 6 6 6 7 6 7 95 7 30 6 30 7 30 1 1 -52 52 68 45 1 0 2 7 6 7 95 2 7 6 7 95 2 4 2 7 6 6 6 7 6 7 95 7 95 6 95 25 25 37 55 37 55 11 77 11 77 -18 66
SEGMENT -8 -88 -9 -87 -8 -88 75 -5 75 -5 74 -4 -8 -88 -9 -87 -8 -88 75 -5 75 -5 74 -4 8.000000000 0 32 -42 24.500000000 4 0 -66 1 -66 53 0 53 1 0 -32 -1 -32 9 0 9 -1 0 -8 -88 1 75 -5 1 -8.000000000 -88.000000000 75.000000000 -5.000000000 74 -4 75 -5 75 -5 -8 -88 -9 -87 -8 -88 3 -8 -88 -9 -87 -8 -88 75 -5 75 -5 74 -4 4 -8 -88 75 -5 75 -5 74 -4 75 -5 -8 -88 -9 -87 -8 -88 0 -8 -88 75 -5 -8 -88 75 -5 80 80 -96 70 -8 -88 -9 -87 -8 -88 75 -5 9 -71 8 -70 9 -71 1 2 -8 -88 -9 -87 75 -5 74 -4 1 1 23 -8 -88 -8 -80 0 -80 0 -72 8 -72 8 -64 16 -64 16 -56 24 -56 24 -48 32 -48 32 -40 40 -40 40 -32 48 -32 48 -24 56 -24 56 -16 64 -16 64 -8 72 -8 72 -5 75 -5 2 -8 -88 75 -5 2 0 2 -8 -88 -9 -87 -8 -88 75 -5 75 -5 74 -4 9 0 9 -1 0 -66 1 -66 53 0 53 1
SEGMENT 48 -67 47 -68 48 -67 -35 16 -35 16 -36 15 -36 15 -35 16 -35 16 48 -67 47 -68 48 -67 9.000000000 1 9 -16 25.500000000 3 -18 -43 31 -37 31 -37 14 2 14 2 -18 -43 2 48 -67 1 -35 16 1 48.000000000 -67.000000000 -35.000000000 16.000000000 -36 15 -35 16 -35 16 48 -67 47 -68 48 -67 3 48 -67 47 -68 48 -67 -35 16 -35 16 -36 15 4 47 -68 48 -67 48 -67 -35 16 -35 16 -36 15 -35 16 48 -67 0 -35 -67 48 16 -35 -67 48 16 -51 115 -19 -19 48 -67 47 -68 48 -67 -35 16 30 -49 29 -50 30 -49 1 2 -36 15 -35 16 48 -67 47 -68 1 1 21 48 -67 48 -58 39 -58 39 -49 30 -49 30 -40 21 -40 21 -31 12 -31 12 -22 3 -22 3 -13 -6 -13 -6 -4 -15 -4 -15 5 -24 5 -24 14 -33 14 -33 16 -35 16 2 48 -67 -35 16 2 0 2 -35 16 -36 15 48 -67 -35 16 48 -67 47 -68 31 -37 14 2 14 2 -18 -43 -18 -43 31 -37
SEGMENT -76 0 27 9 -41 -12 0 76 -71 63 31 70 -87 -24 -104 -8 -87 -24 -71 -7 -71 -7 -88 9 10.000000000 0 -18 22 26.500000000 5 -28 6 4 18 4 18 1 49 1 49 -35 56 -35 56 -49 22 -49 22 -28 6 4 -6232 684 185 -33989 587412 8689 -33.686486486 3.697297297 -3.911727472 67.604097134 31 70 -71 63 0 76 -41 -12 27 9 -76 0 3 -76 0 27 9 -41 -12 0 76 -71 63 31 70 4 -76 0 27 9 -41 -12 0 76 31 70 -71 63 0 76 -41 -12 0 -34 3 -3 68 -34 3 -3 68 -72 -37 -30 64 -76 0 27 9 -41 -12 0 76 -22 28 -110 69 -210166 265212 9425 0 0 0 9 -34 4 -34 25 -24 25 -24 46 -14 46 -14 67 -4 67 -4 68 -4 68 9 -34 4 -34 -139 130 25 130 1 175 46 175 22 220 67 220 -156 -4 68 2 4 2 -76 0 27 9 -41 -12 0 76 -71 63 31 70 -35 56 -49 22 -49 22 -28 6 -28 6 4 18
SEGMENT -41 24 22 106 -41 24 41 -39 41 -39 104 43 -54 35 45 142 -54 35 53 -64 53 -64 152 43 11.000000000 1 3 -21 27.500000000 5 16 -37 28 -7 28 -7 2 15 2 15 -27 4 -27 4 -31 -28 -31 -28 16 -37 0 -41 24 1 41 -39 1 -41.000000000 24.000000000 41.000000000 -39.000000000 104 43 41 -39 41 -39 -41 24 22 106 -41 24 3 -41 24 22 106 -41 24 41 -39 41 -39 104 43 4 41 -39 104 43 41 -39 -41 24 22 106 -41 24 -41 24 41 -39 0 -41 -39 41 24 -41 -39 41 24 -65 80 -17 2 -41 24 22 106 -41 24 41 -39 -19 7 44 89 -202663 75507 10693 0 0 0 13 -41 24 -41 13 -27 13 -27 2 -13 2 -13 -8 1 -8 1 -19 15 -19 15 -30 29 -30 29 -39 41 -39 13 -41 24 -30 13 -27 13 -16 2 -13 2 -3 -8 1 -8 12 -19 15 -19 26 -30 29 -30 38 -39 41 -39 2 2 0 -41 24 22 106 -41 24 41 -39 41 -39 104 43 -31 -28 16 -37 16 -37 28 -7 28 -7 2 15
SEGMENT -6 -60 -83 23 -6 -60 77 17 77 17 0 100 -16 -34 -29 24 -16 -34 100 -8 100 -8 87 50 12.000000000 0 48 -36 28.500000000 4 0 -45 1 -45 65 0 65 1 0 -11 -1 -11 21 0 21 -1 0 -6 -60 1 77 17 1 -6.000000000 -60.000000000 77.000000000 17.000000000 0 100 77 17 77 17 -6 -60 -83 23 -6 -60 3 -6 -60 -83 23 -6 -60 77 17 77 17 0 100 4 -6 -60 77 17 77 17 0 100 77 17 -6 -60 -83 23 -6 -60 0 -6 -60 77 17 -6 -60 77 17 54 60 -66 94 -6 -60 -83 23 -6 -60 77 17 15 -41 -62 42 94595 -261109 6409 1 -16 -34 100 -8 1 0 15 -6 -60 -6 -48 7 -48 7 -36 20 -36 20 -24 33 -24 33 -12 46 -12 46 0 59 0 59 12 72 12 72 17 77 17 15 -6 -60 6 -48 7 -48 19 -36 20 -36 32 -24 33 -24 45 -12 46 -12 58 0 59 0 71 12 72 12 77 17 77 17 2 3 2 -6 -60 -83 23 -6 -60 77 17 77 17 0 100 21 0 21 -1 0 -45 1 -45 65 0 65 1
SEGMENT 89 64 165 -21 89 64 4 -12 4 -12 80 -97 37 -44 34 -43 37 -44 79 82 79 82 76 83 4.000000000 1 57 14 29.500000000 3 26 2 75 8 75 8 58 47 58 47 26 2 0 89 64 1 4 -12 1 89.000000000 64.000000000 4.000000000 -12.000000000 80 -97 4 -12 4 -12 89 64 165 -21 89 64 3 89 64 165 -21 89 64 4 -12 4 -12 80 -97 4 4 -12 89 64 165 -21 89 64 89 64 4 -12 4 -12 80 -97 0 4 -12 89 64 4 -12 89 64 16 25 -8 153 89 64 165 -21 89 64 4 -12 67 44 143 -41 868939 574424 13001 1 37 -44 79 82 1 0 45 89 64 85 64 85 60 81 60 81 57 77 57 77 53 73 53 73 50 69 50 69 46 65 46 65 43 61 43 61 39 57 39 57 35 53 35 53 32 49 32 49 28 45 28 45 25 41 25 41 21 37 21 37 18 33 18 33 14 29 14 29 10 25 10 25 7 21 7 21 3 17 3 17 0 13 0 13 -4 9 -4 9 -8 5 -8 5 -11 4 -11 4 -12 45 89 64 89 64 85 60 84 60 81 57 81 57 77 53 76 53 73 50 73 50 69 46 68 46 65 43 65 43 61 39 61 39 57 35 56 35 53 32 53 32 49 28 48 28 45 25 45 25 41 21 40 21 37 18 37 18 33 14 33 14 29 10 28 10 25 7 25 7 21 3 20 3 17 0 17 0 13 -4 13 -4 9 -8 8 -8 5 -11 5 -11 4 -12 2 1 2 4 -12 80 -97 89 64 4 -12 89 64 165 -21 58 47 26 2 26 2 75 8 75 8 58 47
SEGMENT -49 -23 -24 21 -49 -23 39 -73 39 -73 64 -29 59 -83 34 -80 59 -83 71 17 71 17 46 20 5.000000000 0 10 -37 30.500000000 5 -4 -57 28 -45 28 -45 25 -14 25 -14 -11 -7 -11 -7 -25 -41 -25 -41 -4 -57 3 -49 -23 1 39 -73 1 -49.000000000 -23.000000000 39.000000000 -73.000000000 64 -29 39 -73 39 -73 -49 -23 -24 21 -49 -23 3 -49 -23 -24 21 -49 -23 39 -73 39 -73 64 -29 4 39 -73 64 -29 39 -73 -49 -23 -24 21 -49 -23 -49 -23 39 -73 0 -49 -73 39 -23 -49 -73 39 -23 -26 112 -72 -34 -49 -23 -24 21 -49 -23 39 -73 -22 -38 3 6 -56717 -97978 2561 0 0 0 21 -49 -23 -40 -23 -40 -28 -31 -28 -31 -33 -22 -33 -22 -38 -13 -38 -13 -43 -4 -43 -4 -49 5 -49 5 -54 14 -54 14 -59 23 -59 23 -64 32 -64 32 -69 39 -69 39 -73 21 -49 -23 -45 -23 -40 -28 -36 -28 -31 -33 -27 -33 -22 -38 -18 -38 -13 -43 -10 -43 -4 -49 0 -49 5 -54 9 -54 14 -59 18 -59 23 -64 27 -64 32 -69 35 -69 39 -73 2 3 0 -49 -23 -24 21 -49 -23 39 -73 39 -73 64 -29 25 -14 -11 -7 -11 -7 -25 -41 -25 -41 -4 -57
SEGMENT -47 15 56 9 -35 6 48 -57 -50 -61 53 -70 -60 7 -65 131 -60 7 64 12 64 12 59 136 6.000000000 1 -7 -26 31.500000000 5 19 -46 31 -16 31 -16 5 6 5 6 -24 -5 -24 -5 -28 -37 -28 -37 19 -46 4 -93550 29937 1997 191509 -204408 2871 -46.845267902 14.990986480 66.704632532 -71.197492163 53 -70 -50 -61 48 -57 -35 6 56 9 -47 15 3 -47 15 56 9 -35 6 48 -57 -50 -61 53 -70 4 48 -57 -35 6 56 9 -47 15 -35 6 48 -57 -50 -61 53 -70 0 -47 -72 67 15 -47 -72 67 15 -62 138 -32 -4 -47 15 56 9 -35 6 48 -57 -22 -4 41 79 -238183 -42519 10858 1 -60 7 64 12 1 0 31 -47 15 -47 9 -39 9 -39 3 -31 3 -31 -3 -23 -3 -23 -9 -15 -9 -15 -15 -7 -15 -7 -21 1 -21 1 -27 9 -27 9 -33 17 -33 17 -40 25 -40 25 -46 33 -46 33 -52 41 -52 41 -58 49 -58 49 -64 57 -64 57 -70 65 -70 65 -71 67 -71 31 -47 15 -41 9 -39 9 -33 3 -31 3 -25 -3 -23 -3 -17 -9 -15 -9 -9 -15 -7 -15 -1 -21 1 -21 7 -27 9 -27 15 -33 17 -33 24 -40 25 -40 31 -46 33 -46 39 -52 41 -52 47 -58 49 -58 55 -64 57 -64 63 -70 65 -70 66 -71 67 -71 2 2 0 -47 15 56 9 -35 6 48 -57 -50 -61 53 -70 -24 -5 -28 -37 -28 -37 19 -46 19 -46 31 -16
SEGMENT -23 -21 -64 68 -23 -21 66 20 66 20 25 109 15 -61 -14 -59 15 -61 23 55 23 55 -6 57 7.000000000 0 12 -6 32.500000000 4 0 -19 1 -19 42 0 42 1 0 15 -1 15 -2 0 -2 -1 0 -23 -21 1 66 20 1 -23.000000000 -21.000000000 66.000000000 20.000000000 25 109 66 20 66 20 -23 -21 -64 68 -23 -21 3 -23 -21 -64 68 -23 -21 66 20 66 20 25 109 4 -23 -21 66 20 66 20 25 109 66 20 -23 -21 -64 68 -23 -21 0 -23 -21 66 20 -23 -21 66 20 -2 46 -44 86 -23 -21 -64 68 -23 -21 66 20 7 -7 -34 82 33935 -34319 4801 1 15 -61 23 55 1 0 13 -23 -21 -23 -14 -8 -14 -8 -7 7 -7 7 0 22 0 22 7 37 7 37 14 52 14 52 20 66 20 13 -23 -21 -16 -14 -8 -14 -1 -7 7 -7 14 0 22 0 29 7 37 7 44 14 52 14 58 20 66 20 2 3 1 -23 -21 -64 68 -23 -21 66 20 66 20 25 109 -2 0 -2 -1 0 -19 1 -19 42 0 42 1
SEGMENT 5 62 51 -23 5 62 -80 16 -80 16 -34 -69 -102 40 -95 160 -102 40 18 33 18 33 25 153 8.000000000 1 -49 35 33.500000000 3 -67 19 -18 25 -18 25 -35 64 -35 64 -67 19 1 5 62 1 -80 16 1 5.000000000 62.000000000 -80.000000000 16.000000000 -34 -69 -80 16 -80 16 5 62 51 -23 5 62 3 5 62 51 -23 5 62 -80 16 -80 16 -34 -69 4 -80 16 5 62 51 -23 5 62 5 62 -80 16 -80 16 -34 -69 0 -80 16 5 62 -80 16 5 62 -96 -57 -64 67 5 62 51 -23 5 62 -80 16 -24 46 22 -39 -225380 431896 9341 1 -102 40 18 33 1 0 13 5 62 -10 62 -10 54 -25 54 -25 46 -40 46 -40 38 -55 38 -55 30 -70 30 -70 21 -80 21 -80 16 13 5 62 -2 62 -10 54 -17 54 -25 46 -32 46 -40 38 -47 38 -55 30 -61 30 -70 21 -75 21 -80 16 2 1 2 -80 16 -34 -69 5 62 -80 16 5 62 51 -23 -67 19 -18 25 -18 25 -35 64 -35 64 -67 19
SEGMENT 6 48 6 49 6 48 99 48 99 48 99 49 6 48 6 49 6 48 99 48 99 48 99 49 9.000000000 0 45 47 34.500000000 5 44 23 76 35 76 35 73 66 73 66 37 73 37 73 23 39 23 39 44 23 2 6 48 1 99 48 1 6.000000000 48.000000000 99.000000000 48.000000000 99 49 99 48 99 48 6 48 6 49 6 48 3 6 48 6 49 6 48 99 48 99 48 99 49 4 6 48 99 48 99 48 99 49 99 48 6 48 6 49 6 48 0 6 48 99 48 6 48 99 48 -42 51 54 147 6 48 6 49 6 48 99 48 41 48 41 49 41 48 1 2 6 48 6 49 99 48 99 49 1 1 2 6 48 99 48 2 6 48 99 48 2 3 1 6 48 6 49 6 48 99 48 99 48 99 49 76 35 73 66 73 66 37 73 37 73 23 39
SEGMENT 49 -40 48 -40 49 -40 49 49 49 49 48 49 48 49 49 49 49 49 49 -40 48 -40 49 -40 10.000000000 1 45 3 35.500000000 5 67 -21 79 9 79 9 53 31 53 31 24 20 24 20 20 -12 20 -12 67 -21 3 49 -40 1 49 49 1 49.000000000 -40.000000000 49.000000000 49.000000000 48 49 49 49 49 49 49 -40 48 -40 49 -40 3 49 -40 48 -40 49 -40 49 49 49 49 48 49 4 48 -40 49 -40 49 -40 49 49 49 49 48 49 49 49 49 -40 0 49 -40 49 49 49 -40 49 49 0 89 9 98 49 -40 48 -40 49 -40 49 49 49 -4 48 -4 49 -4 1 2 48 -40 49 -40 49 49 48 49 1 1 2 49 -40 49 49 2 49 -40 49 49 2 4 2 49 -40 48 -40 49 -40 49 49 49 49 48 49 53 31 24 20 24 20 20 -12 20 -12 67 -21
SEGMENT -36 -4 -29 99 -41 29 42 70 33 -5 49 95 -66 -9 -83 7 -66 -9 -50 8 -50 8 -67 24 11.000000000 0 -4 47 36.500000000 4 0 30 1 30 22 0 22 1 0 64 -1 64 -22 0 -22 -1 0 -138412 135092 4131 28829 45615 637 -33.505688695 32.702009199 45.257456829 71.609105181 49 95 33 -5 42 70 -41 29 -29 99 -36 -4 3 -36 -4 -29 99 -41 29 42 70 33 -5 49 95 4 -41 29 42 70 33 -5 49 95 42 70 -41 29 -29 99 -36 -4 0 -34 32 46 72 -34 32 46 72 -67 -26 -1 117 -36 -4 -29 99 -41 29 42 70 -1 49 -42 132 -775 41827 857 0 0 0 9 -34 33 -34 43 -12 43 -12 54 10 54 10 65 32 65 32 72 45 72 9 -34 33 -24 43 -12 43 -1 54 10 54 21 65 32 65 39 72 45 72 2 3 1 -36 -4 -29 99 -41 29 42 70 33 -5 49 95 -22 0 -22 -1 0 30 1 30 22 0 22 1
SEGMENT 85 -91 84 -92 85 -91 2 -8 2 -8 1 -9 -9 -1 90 106 -9 -1 98 -100 98 -100 197 7 12.000000000 1 41 -47 37.500000000 3 19 -67 68 -61 68 -61 51 -22 51 -22 19 -67 2 85 -91 1 2 -8 1 85.000000000 -91.000000000 2.000000000 -8.000000000 1 -9 2 -8 2 -8 85 -91 84 -92 85 -91 3 85 -91 84 -92 85 -91 2 -8 2 -8 1 -9 4 84 -92 85 -91 85 -91 2 -8 2 -8 1 -9 2 -8 85 -91 1 2 -91 85 -8 2 -91 85 -8 10 176 -6 -6 85 -91 84 -92 85 -91 2 -8 58 -64 57 -65 58 -64 1 1 -9 -1 98 -100 1 0 15 85 -91 85 -79 73 -79 73 -67 61 -67 61 -55 49 -55 49 -43 37 -43 37 -31 25 -31 25 -19 13 -19 13 -8 2 -8 2 85 -91 2 -8 2 0 2 2 -8 1 -9 85 -91 2 -8 85 -91 84 -92 68 -61 51 -22 51 -22 19 -67 19 -67 68 -61
SEGMENT -45 -50 -51 -37 -45 -50 46 -8 46 -8 40 5 -56 -42 -69 16 -56 -42 60 -16 60 -16 47 42 4.000000000 0 1 -34 38.500000000 5 -4 -62 28 -50 28 -50 25 -19 25 -19 -11 -12 -11 -12 -25 -46 -25 -46 -4 -62 1 -45 -50 1 46 -8 1 -45.000000000 -50.000000000 46.000000000 -8.000000000 40 5 46 -8 46 -8 -45 -50 -51 -37 -45 -50 3 -45 -50 -51 -37 -45 -50 46 -8 46 -8 40 5 4 -45 -50 46 -8 46 -8 40 5 46 -8 -45 -50 -51 -37 -45 -50 0 -45 -50 46 -8 -45 -50 46 -8 5 54 -95 38 -45 -50 -51 -37 -45 -50 46 -8 -10 -34 -16 -21 -2062 -6944 205 1 -56 -42 60 -16 1 0 23 -45 -50 -45 -46 -36 -46 -36 -42 -27 -42 -27 -38 -18 -38 -18 -33 -9 -33 -9 -29 0 -29 0 -25 9 -25 9 -21 18 -21 18 -17 27 -17 27 -13 36 -13 36 -8 45 -8 45 -8 46 -8 23 -45 -50 -41 -46 -36 -46 -32 -42 -27 -42 -23 -38 -18 -38 -13 -33 -9 -33 -5 -29 0 -29 4 -25 9 -25 13 -21 18 -21 22 -17 27 -17 31 -13 36 -13 41 -8 45 -8 45 -8 46 -8 2 3 2 -45 -50 -51 -37 -45 -50 46 -8 46 -8 40 5 -4 -62 28 -50 28 -50 25 -19 25 -19 -11 -12
SEGMENT 1 -5 64 77 1 -5 83 -68 83 -68 146 14 27 -106 24 -105 27 -106 69 20 69 20 66 21 5.000000000 1 40 -38 39.500000000 5 58 -66 70 -36 70 -36 44 -14 44 -14 15 -25 15 -25 11 -57 11 -57 58 -66 2 1 -5 1 83 -68 1 1.000000000 -5.000000000 83.000000000 -68.000000000 146 14 83 -68 83 -68 1 -5 64 77 1 -5 3 1 -5 64 77 1 -5 83 -68 83 -68 146 14 4 83 -68 146 14 83 -68 1 -5 64 77 1 -5 1 -5 83 -68 0 1 -68 83 -5 1 -68 83 -5 6 151 -4 15 1 -5 64 77 1 -5 83 -68 32 -29 95 53 343121 -308867 10693 1 27 -106 69 20 1 0 25 1 -5 1 -10 8 -10 8 -16 15 -16 15 -21 22 -21 22 -27 29 -27 29 -32 36 -32 36 -37 43 -37 43 -43 50 -43 50 -48 57 -48 57 -53 64 -53 64 -59 71 -59 71 -64 78 -64 78 -68 83 -68 25 1 -5 6 -10 8 -10 14 -16 15 -16 20 -21 22 -21 28 -27 29 -27 34 -32 36 -32 41 -37 43 -37 49 -43 50 -43 55 -48 57 -48 62 -53 64 -53 70 -59 71 -59 76 -64 78 -64 82 -68 83 -68 2 2 0 1 -5 64 77 1 -5 83 -68 83 -68 146 14 70 -36 44 -14 44 -14 15 -25 15 -25 11 -57
SEGMENT -11 -25 -88 58 -11 -25 72 52 72 52 -5 135 94 -45 69 -42 94 -45 106 55 106 55 81 58 6.000000000 0 38 11 40.500000000 4 0 -10 1 -10 60 0 60 1 0 24 -1 24 16 0 16 -1 0 -11 -25 1 72 52 1 -11.000000000 -25.000000000 72.000000000 52.000000000 -5 135 72 52 72 52 -11 -25 -88 58 -11 -25 3 -11 -25 -88 58 -11 -25 72 52 72 52 -5 135 4 -11 -25 72 52 72 52 -5 135 72 52 -11 -25 -88 58 -11 -25 0 -11 -25 72 52 -11 -25 72 52 14 20 -36 124 -11 -25 -88 58 -11 -25 72 52 19 3 -58 86 122310 18646 6409 0 0 0 29 -11 -25 -11 -19 -5 -19 -5 -14 1 -14 1 -8 7 -8 7 -3 13 -3 13 3 19 3 19 8 25 8 25 14 31 14 31 20 37 20 37 25 43 25 43 31 49 31 49 36 55 36 55 42 61 42 61 47 67 47 67 52 72 52 29 -11 -25 -5 -19 -5 -19 0 -14 1 -14 7 -8 7 -8 12 -3 13 -3 19 3 19 3 24 8 25 8 31 14 31 14 37 20 37 20 42 25 43 25 49 31 49 31 54 36 55 36 61 42 61 42 66 47 67 47 72 52 72 52 2 3 2 -11 -25 -88 58 -11 -25 72 52 72 52 -5 135 16 0 16 -1 0 -10 1 -10 60 0 60 1
SEGMENT 8 59 -7 -40 4 37 -77 -14 -71 55 -65 -46 -99 37 -104 161 -99 37 25 42 25 42 20 166 7.000000000 1 -36 14 41.500000000 3 -62 -10 -13 -4 -13 -4 -30 35 -30 35 -62 -10 0 1909 15098 403 -63431 -7422 943 4.736972705 37.464019851 -67.265111347 -7.870625663 -65 -46 -71 55 -77 -14 4 37 -7 -40 8 59 3 8 59 -7 -40 4 37 -77 -14 -71 55 -65 -46 4 -77 -14 4 37 -7 -40 8 59 4 37 -77 -14 -71 55 -65 -46 0 -68 -8 5 38 -68 -8 5 38 -60 -32 -76 43 8 59 -7 -40 4 37 -77 -14 -30 15 -13 -12 -15406 7851 509 0 0 0 15 5 37 -6 37 -6 31 -17 31 -17 24 -28 24 -28 17 -39 17 -39 10 -50 10 -50 3 -61 3 -61 -4 -67 -4 -67 -8 15 5 37 0 37 -6 31 -10 31 -17 24 -21 24 -28 17 -32 17 -39 10 -43 10 -50 3 -54 3 -61 -4 -63 -4 -67 -8 2 1 2 -71 55 -65 -46 4 37 -77 -14 8 59 -7 -40 -30 35 -62 -10 -62 -10 -13 -4 -13 -4 -30 35
SEGMENT -15 -34 10 10 -15 -34 73 -84 73 -84 98 -40 32 -101 3 -99 32 -101 40 15 40 15 11 17 8.000000000 0 39 -36 42.500000000 5 30 -68 62 -56 62 -56 59 -25 59 -25 23 -18 23 -18 9 -52 9 -52 30 -68 0 -15 -34 1 73 -84 1 -15.000000000 -34.000000000 73.000000000 -84.000000000 98 -40 73 -84 73 -84 -15 -34 10 10 -15 -34 3 -15 -34 10 10 -15 -34 73 -84 73 -84 98 -40 4 73 -84 98 -40 73 -84 -15 -34 10 10 -15 -34 -15 -34 73 -84 0 -15 -84 73 -34 -15 -84 73 -34 19 157 -49 -11 -15 -34 10 10 -15 -34 73 -84 22 -55 47 -11 56317 -140899 2561 1 32 -101 40 15 1 0 15 -15 -34 -1 -34 -1 -42 13 -42 13 -50 27 -50 27 -58 41 -58 41 -66 55 -66 55 -74 69 -74 69 -82 73 -82 73 -84 15 -15 -34 -9 -34 -1 -42 5 -42 13 -50 19 -50 27 -58 33 -58 41 -66 47 -66 55 -74 61 -74 69 -82 71 -82 73 -84 2 3 0 -15 -34 10 10 -15 -34 73 -84 73 -84 98 -40 9 -52 30 -68 30 -68 62 -56 62 -56 59 -25
SEGMENT -6 -26 -107 35 -6 -26 55 75 55 75 -46 136 -37 26 -30 146 -37 26 83 19 83 19 90 139 9.000000000 1 26 31 43.500000000 5 40 -1 52 29 52 29 26 51 26 51 -3 40 -3 40 -7 8 -7 8 40 -1 1 -6 -26 1 55 75 1 -6.000000000 -26.000000000 55.000000000 75.000000000 -46 136 55 75 55 75 -6 -26 -107 35 -6 -26 3 -6 -26 -107 35 -6 -26 55 75 55 75 -46 136 4 -6 -26 55 75 55 75 -46 136 55 75 -6 -26 -107 35 -6 -26 0 -6 -26 55 75 -6 -26 55 75 -20 20 -32 130 -6 -26 -107 35 -6 -26 55 75 16 11 -85 72 226287 151007 13922 1 -37 26 83 19 1 0 15 -6 -26 3 -26 3 -11 12 -11 12 4 21 4 21 19 30 19 30 34 39 34 39 49 48 49 48 64 55 64 55 75 15 -6 -26 -34 2 -34 -11 -9 14 -9 4 15 28 15 19 40 44 40 34 65 59 65 49 90 74 90 64 55 99 55 75 2 4 1 -6 -26 -107 35 -6 -26 55 75 55 75 -46 136 40 -1 52 29 52 29 26 51 26 51 -3 40
SEGMENT -81 -18 -122 71 -81 -18 8 23 8 23 -33 112 -81 -18 -122 71 -81 -18 8 23 8 23 -33 112 10.000000000 0 -34 9 44.500000000 4 0 -16 1 -16 -16 0 -16 1 0 18 -1 18 -60 0 -60 -1 0 -81 -18 1 8 23 1 -81.000000000 -18.000000000 8.000000000 23.000000000 -33 112 8 23 8 23 -81 -18 -122 71 -81 -18 3 -81 -18 -122 71 -81 -18 8 23 8 23 -33 112 4 -81 -18 8 23 8 23 -33 112 8 23 -81 -18 -122 71 -81 -18 0 -81 -18 8 23 -81 -18 8 23 -63 -15 -99 31 -81 -18 -122 71 -81 -18 8 23 -41 1 -82 90 -391591 5063 9602 2 -81 -18 -122 71 8 23 -33 112 1 1 11 -81 -18 -81 -8 -59 -8 -59 2 -37 2 -37 12 -15 12 -15 23 7 23 7 23 8 23 11 -81 -18 -71 -8 -59 -8 -49 2 -37 2 -27 12 -15 12 -4 23 7 23 7 23 8 23 2 3 1 -81 -18 -122 71 -81 -18 8 23 8 23 -33 112 -60 0 -60 -1 0 -16 1 -16 -16 0 -16 1
SEGMENT 55 18 101 -67 55 18 -30 -28 -30 -28 16 -113 16 -113 -30 -28 -30 -28 55 18 101 -67 55 18 11.000000000 1 13 -16 45.500000000 3 -17 -25 32 -19 32 -19 15 20 15 20 -17 -25 1 55 18 1 -30 -28 1 55.000000000 18.000000000 -30.000000000 -28.000000000 16 -113 -30 -28 -30 -28 55 18 101 -67 55 18 3 55 18 101 -67 55 18 -30 -28 -30 -28 16 -113 4 -30 -28 55 18 101 -67 55 18 55 18 -30 -28 -30 -28 16 -113 0 -30 -28 55 18 -30 -28 55 18 -2 37 -58 73 55 18 101 -67 55 18 -30 -28 15 -4 61 -89 138735 -34814 9341 2 16 -113 -30 -28 55 18 101 -67 1 1 11 55 18 35 18 35 7 15 7 15 -4 -5 -4 -5 -14 -25 -14 -25 -25 -30 -25 -30 -28 11 55 18 46 18 35 7 26 7 15 -4 5 -4 -5 -14 -14 -14 -25 -25 -27 -25 -30 -28 2 1 2 -30 -28 16 -113 55 18 -30 -28 55 18 101 -67 -17 -25 32 -19 32 -19 15 20 15 20 -17 -25
SEGMENT -95 -26 8 -17 -60 -38 -19 50 -90 37 12 44 -106 -50 -123 -34 -106 -50 -90 -33 -90 -33 -107 -17 12.000000000 0 -34 -3 46.500000000 5 -47 -20 -15 -8 -15 -8 -18 23 -18 23 -54 30 -54 30 -68 -4 -68 -4 -47 -20 4 -9747 -4126 185 -199080 361498 8689 -52.686486486 -22.302702703 -22.911727472 41.604097134 12 44 -90 37 -19 50 -60 -38 8 -17 -95 -26 3 -95 -26 8 -17 -60 -38 -19 50 -90 37 12 44 4 -95 -26 8 -17 -60 -38 -19 50 12 44 -90 37 -19 50 -60 -38 0 -53 -23 -22 42 -53 -23 -22 42 -65 -30 -75 19 -95 -26 8 -17 -60 -38 -19 50 -33 20 -121 61 -310849 188418 9425 0 0 0 7 -53 -22 -53 4 -40 4 -40 30 -28 30 -28 42 -23 42 7 -53 -22 -53 -148 99 4 99 -26 155 30 155 -136 -23 42 2 4 2 -95 -26 8 -17 -60 -38 -19 50 -90 37 12 44 -54 30 -68 -4 -68 -4 -47 -20 -47 -20 -15 -8
SEGMENT -42 -4 -43 -4 -42 -4 -42 85 -42 85 -43 85 -94 87 5 194 -94 87 13 -12 13 -12 112 95 4.000000000 1 -34 32 47.500000000 5 -24 15 -12 45 -12 45 -38 67 -38 67 -67 56 -67 56 -71 24 -71 24 -24 15 0 -42 -4 1 -42 85 1 -42.000000000 -4.000000000 -42.000000000 85.000000000 -43 85 -42 85 -42 85 -42 -4 -43 -4 -42 -4 3 -42 -4 -43 -4 -42 -4 -42 85 -42 85 -43 85 4 -43 -4 -42 -4 -42 -4 -42 85 -42 85 -43 85 -42 85 -42 -4 0 -42 -4 -42 85 -42 -4 -42 85 -127 -38 -46 43 -42 -4 -43 -4 -42 -4 -42 85 -42 44 -43 44 -42 44 1 1 -94 87 13 -12 1 0 2 -42 -4 -42 85 2 -42 -4 -42 85 2 4 2 -42 -4 -43 -4 -42 -4 -42 85 -42 85 -43 85 -71 24 -24 15 -24 15 -12 45 -12 45 -38 67
SEGMENT -63 -76 -64 -75 -63 -76 20 7 20 7 19 8 -83 -43 -96 15 -83 -43 33 -17 33 -17 20 41 5.000000000 0 -33 -44 48.500000000 4 0 -54 1 -54 -2 0 -2 1 0 -20 -1 -20 -46 0 -46 -1 0 -63 -76 1 20 7 1 -63.000000000 -76.000000000 20.000000000 7.000000000 19 8 20 7 20 7 -63 -76 -64 -75 -63 -76 3 -63 -76 -64 -75 -63 -76 20 7 20 7 19 8 4 -63 -76 20 7 20 7 19 8 20 7 -63 -76 -64 -75 -63 -76 0 -63 -76 20 7 -63 -76 20 7 13 13 -139 27 -63 -76 -64 -75 -63 -76 20 7 -29 -42 -30 -41 -29 -42 1 1 -83 -43 33 -17 1 0 35 -63 -76 -63 -71 -58 -71 -58 -66 -53 -66 -53 -61 -48 -61 -48 -56 -43 -56 -43 -51 -38 -51 -38 -46 -33 -46 -33 -41 -28 -41 -28 -36 -23 -36 -23 -31 -18 -31 -18 -26 -13 -26 -13 -21 -8 -21 -8 -16 -3 -16 -3 -11 2 -11 2 -6 7 -6 7 -1 12 -1 12 4 17 4 17 7 20 7 2 -63 -76 20 7 2 0 2 -63 -76 -64 -75 -63 -76 20 7 20 7 19 8 -46 0 -46 -1 0 -54 1 -54 -2 0 -2 1
SEGMENT -7 -47 -8 -48 -7 -47 -90 36 -90 36 -91 35 -62 -69 -65 -68 -62 -69 -20 57 -20 57 -23 58 6.000000000 1 -56 -10 49.500000000 3 -73 -23 -24 -17 -24 -17 -41 22 -41 22 -73 -23 2 -7 -47 1 -90 36 1 -7.000000000 -47.000000000 -90.000000000 36.000000000 -91 35 -90 36 -90 36 -7 -47 -8 -48 -7 -47 3 -7 -47 -8 -48 -7 -47 -90 36 -90 36 -91 35 4 -8 -48 -7 -47 -7 -47 -90 36 -90 36 -91 35 -90 36 -7 -47 0 -90 -47 -7 36 -90 -47 -7 36 -126 40 -54 -54 -7 -47 -8 -48 -7 -47 -90 36 -42 -12 -43 -13 -42 -12 1 1 -62 -69 -20 57 1 0 29 -7 -47 -7 -41 -13 -41 -13 -35 -19 -35 -19 -29 -25 -29 -25 -23 -31 -23 -31 -17 -37 -17 -37 -11 -43 -11 -43 -5 -49 -5 -49 1 -55 1 -55 7 -61 7 -61 13 -67 13 -67 19 -73 19 -73 25 -79 25 -79 31 -85 31 -85 36 -90 36 2 -7 -47 -90 36 2 0 2 -90 36 -91 35 -7 -47 -90 36 -7 -47 -8 -48 -24 -17 -41 22 -41 22 -73 -23 -73 -23 -24 -17
SEGMENT -3 9 -9 22 -3 9 88 51 88 51 82 64 101 -29 76 -26 101 -29 113 71 113 71 88 74 7.000000000 0 38 18 50.500000000 5 38 -3 70 9 70 9 67 40 67 40 31 47 31 47 17 13 17 13 38 -3 3 -3 9 1 88 51 1 -3.000000000 9.000000000 88.000000000 51.000000000 82 64 88 51 88 51 -3 9 -9 22 -3 9 3 -3 9 -9 22 -3 9 88 51 88 51 82 64 4 -3 9 88 51 88 51 82 64 88 51 -3 9 -9 22 -3 9 0 -3 9 88 51 -3 9 88 51 -12 37 6 139 -3 9 -9 22 -3 9 88 51 43 30 37 43 8797 6189 205 0 0 0 15 -3 9 -3 16 12 16 12 23 27 23 27 30 42 30 42 37 57 37 57 44 72 44 72 51 87 51 87 51 88 51 15 -3 9 4 16 12 16 19 23 27 23 34 30 42 30 49 37 57 37 64 44 72 44 79 51 87 51 87 51 88 51 2 3 2 -3 9 -9 22 -3 9 88 51 88 51 82 64 67 40 31 47 31 47 17 13 17 13 38 -3
SEGMENT -41 78 62 72 -29 69 54 6 -44 2 59 -7 -54 70 -59 194 -54 70 70 75 70 75 65 199 8.000000000 1 2 38 51.500000000 5 25 17 37 47 37 47 11 69 11 69 -18 58 -18 58 -22 26 -22 26 25 17 4 -81568 155748 1997 208735 -23535 2871 -40.845267902 77.990986480 72.704632532 -8.197492163 59 -7 -44 2 54 6 -29 69 62 72 -41 78 3 -41 78 62 72 -29 69 54 6 -44 2 59 -7 4 54 6 -29 69 62 72 -41 78 -29 69 54 6 -44 2 59 -7 0 -41 -9 73 78 -41 -9 73 78 -119 81 37 65 -41 78 62 72 -29 69 54 6 0 47 63 130 -63 510243 10858 1 -54 70 70 75 1 0 23 -41 78 -41 70 -30 70 -30 61 -19 61 -19 53 -8 53 -8 45 3 45 3 36 14 36 14 28 25 28 25 20 36 20 36 11 47 11 47 3 58 3 58 -5 69 -5 69 -8 73 -8 23 -41 78 -33 70 -30 70 -21 61 -19 61 -11 53 -8 53 0 45 3 45 12 36 14 36 22 28 25 28 33 20 36 20 45 11 47 11 55 3 58 3 66 -5 69 -5 72 -8 73 -8 2 2 0 -41 78 62 72 -29 69 54 6 -44 2 59 -7 -18 58 -22 26 -22 26 25 17 25 17 37 47
SEGMENT -75 -51 -152 32 -75 -51 8 26 8 26 -69 109 -31 -78 -60 -76 -31 -78 -23 38 -23 38 -52 40 9.000000000 0 -31 -22 52.500000000 4 0 -36 1 -36 -4 0 -4 1 0 -2 -1 -2 -48 0 -48 -1 0 -75 -51 1 8 26 1 -75.000000000 -51.000000000 8.000000000 26.000000000 -69 109 8 26 8 26 -75 -51 -152 32 -75 -51 3 -75 -51 -152 32 -75 -51 8 26 8 26 -69 109 4 -75 -51 8 26 8 26 -69 109 8 26 -75 -51 -152 32 -75 -51 0 -75 -51 8 26 -75 -51 8 26 -24 -18 -126 34 -75 -51 -152 32 -75 -51 8 26 -37 -15 -114 68 -234746 -98708 6409 1 -31 -78 -23 38 1 0 19 -75 -51 -75 -42 -65 -42 -65 -32 -55 -32 -55 -23 -45 -23 -45 -14 -35 -14 -35 -5 -25 -5 -25 5 -15 5 -15 14 -5 14 -5 23 5 23 5 26 8 26 19 -75 -51 -66 -42 -65 -42 -55 -32 -55 -32 -46 -23 -45 -23 -36 -14 -35 -14 -26 -5 -25 -5 -15 5 -15 5 -6 14 -5 14 4 23 5 23 8 26 8 26 2 3 2 -75 -51 -152 32 -75 -51 8 26 8 26 -69 109 -48 0 -48 -1 0 -36 1 -36 -4 0 -4 1
SEGMENT 41 2 117 -83 41 2 -44 -74 -44 -74 32 -159 -57 -39 -50 81 -57 -39 63 -46 63 -46 70 74 10.000000000 1 -1 -43 6.500000000 3 -22 -60 27 -54 27 -54 10 -15 10 -15 -22 -60 0 41 2 1 -44 -74 1 41.000000000 2.000000000 -44.000000000 -74.000000000 32 -159 -44 -74 -44 -74 41 2 117 -83 41 2 3 41 2 117 -83 41 2 -44 -74 -44 -74 32 -159 4 -44 -74 41 2 117 -83 41 2 41 2 -44 -74 -44 -74 32 -159 0 -44 -74 41 2 -44 -74 41 2 30 39 -118 43 41 2 117 -83 41 2 -44 -74 36 -2 112 -87 471076 -29402 13001 1 -57 -39 63 -46 1 0 17 41 2 30 2 30 -8 19 -8 19 -18 8 -18 8 -28 -3 -28 -3 -37 -14 -37 -14 -47 -25 -47 -25 -57 -36 -57 -36 -67 -44 -67 -44 -74 17 41 2 40 2 30 -8 29 -8 19 -18 18 -18 8 -28 6 -28 -3 -37 -4 -37 -14 -47 -15 -47 -25 -57 -26 -57 -36 -67 -37 -67 -44 -74 2 1 2 -44 -74 32 -159 41 2 -44 -74 41 2 117 -83 10 -15 -22 -60 -22 -60 27 -54 27 -54 10 -15
SEGMENT -64 24 -39 68 -64 24 24 -26 24 -26 49 18 -64 24 -39 68 -64 24 24 -26 24 -26 49 18 11.000000000 0 -15 15 7.500000000 5 -19 -10 13 2 13 2 10 33 10 33 -26 40 -26 40 -40 6 -40 6 -19 -10 2 -64 24 1 24 -26 1 -64.000000000 24.000000000 24.000000000 -26.000000000 49 18 24 -26 24 -26 -64 24 -39 68 -64 24 3 -64 24 -39 68 -64 24 24 -26 24 -26 49 18 4 24 -26 49 18 24 -26 -64 24 -39 68 -64 24 -64 24 24 -26 0 -64 -26 24 24 -64 -26 24 24 -88 50 -40 -2 -64 24 -39 68 -64 24 24 -26 -57 20 -32 64 -145952 51264 2561 2 -64 24 -39 68 24 -26 49 18 1 1 11 -64 24 -45 24 -45 13 -26 13 -26 2 -7 2 -7 -8 12 -8 12 -19 24 -19 24 -26 11 -64 24 -56 24 -45 13 -37 13 -26 2 -17 2 -7 -8 1 -8 12 -19 17 -19 24 -26 2 3 0 -64 24 -39 68 -64 24 24 -26 24 -26 49 18 13 2 10 33 10 33 -26 40 -26 40 -40 6
SEGMENT -24 -18 -125 43 -24 -18 37 83 37 83 -64 144 -64 144 37 83 37 83 -24 -18 -125 43 -24 -18 12.000000000 1 3 32 8.500000000 5 22 7 34 37 34 37 8 59 8 59 -21 48 -21 48 -25 16 -25 16 22 7 3 -24 -18 1 37 83 1 -24.000000000 -18.000000000 37.000000000 83.000000000 -64 144 37 83 37 83 -24 -18 -125 43 -24 -18 3 -24 -18 -125 43 -24 -18 37 83 37 83 -64 144 4 -24 -18 37 83 37 83 -64 144 37 83 -24 -18 -125 43 -24 -18 0 -24 -18 37 83 -24 -18 37 83 -46 -6 -42 120 -24 -18 -125 43 -24 -18 37 83 -20 -11 -121 50 -276117 -154545 13922 2 -125 43 -24 -18 37 83 -64 144 1 1 13 -24 -18 -12 -18 -12 2 0 2 0 22 12 22 12 42 24 42 24 62 36 62 36 82 37 82 37 83 13 -24 -18 25 31 25 2 58 35 58 22 91 55 91 42 124 75 124 62 158 96 158 82 37 203 37 83 2 4 1 -24 -18 -125 43 -24 -18 37 83 37 83 -64 144 8 59 -21 48 -21 48 -25 16 -25 16 22 7
SEGMENT -82 -90 -75 13 -87 -57 -4 -16 -13 -91 3 9 -112 -95 -129 -79 -112 -95 -96 -78 -96 -78 -113 -62 4.000000000 0 -47 -38 9.500000000 4 0 -56 1 -56 -24 0 -24 1 0 -22 -1 -22 -68 0 -68 -1 0 -328438 -220174 4131 -473 -9167 637 -79.505688695 -53.297990801 -0.742543171 -14.390894819 3 9 -13 -91 -4 -16 -87 -57 -75 13 -82 -90 3 -82 -90 -75 13 -87 -57 -4 -16 -13 -91 3 9 4 -87 -57 -4 -16 -13 -91 3 9 -4 -16 -87 -57 -75 13 -82 -90 0 -80 -54 0 -14 -80 -54 0 -14 -27 14 -133 -15 -82 -90 -75 13 -87 -57 -4 -16 -71 -49 -112 34 -304071 -210297 4285 0 0 0 21 -80 -53 -80 -50 -72 -50 -72 -46 -64 -46 -64 -42 -56 -42 -56 -38 -48 -38 -48 -34 -40 -34 -40 -30 -32 -30 -32 -26 -24 -26 -24 -22 -16 -22 -16 -18 -8 -18 -8 -14 -1 -14 21 -80 -53 -77 -50 -72 -50 -68 -46 -64 -46 -60 -42 -56 -42 -52 -38 -48 -38 -44 -34 -40 -34 -36 -30 -32 -30 -28 -26 -24 -26 -20 -22 -16 -22 -12 -18 -8 -18 -4 -14 -1 -14 2 3 1 -82 -90 -75 13 -87 -57 -4 -16 -13 -91 3 9 -68 0 -68 -1 0 -56 1 -56 -24 0 -24 1
SEGMENT 27 71 73 -14 27 71 -58 25 -58 25 -12 -60 -73 94 26 201 -73 94 34 -5 34 -5 133 102 5.000000000 1 -20 49 10.500000000 3 -45 28 4 34 4 34 -13 73 -13 73 -45 28 1 27 71 1 -58 25 1 27.000000000 71.000000000 -58.000000000 25.000000000 -12 -60 -58 25 -58 25 27 71 73 -14 27 71 3 27 71 73 -14 27 71 -58 25 -58 25 -12 -60 4 -58 25 27 71 73 -14 27 71 27 71 -58 25 -58 25 -12 -60 0 -58 25 27 71 -58 25 27 71 -83 -44 -33 98 27 71 73 -14 27 71 -58 25 18 66 64 -19 167632 617441 9341 1 -73 94 34 -5 1 0 21 27 71 18 71 18 66 9 66 9 61 0 61 0 56 -9 56 -9 52 -18 52 -18 47 -27 47 -27 42 -36 42 -36 37 -45 37 -45 32 -54 32 -54 27 -58 27 -58 25 21 27 71 23 71 18 66 14 66 9 61 5 61 0 56 -5 56 -9 52 -13 52 -18 47 -22 47 -27 42 -31 42 -36 37 -40 37 -45 32 -49 32 -54 27 -56 27 -58 25 2 1 2 -58 25 -12 -60 27 71 -58 25 27 71 73 -14 -45 28 4 34 4 34 -13 73 -13 73 -45 28
SEGMENT -79 48 -79 49 -79 48 14 48 14 48 14 49 -93 43 -106 101 -93 43 23 69 23 69 10 127 6.000000000 0 -33 52 11.500000000 5 -41 23 -9 35 -9 35 -12 66 -12 66 -48 73 -48 73 -62 39 -62 39 -41 23 1 -79 48 1 14 48 1 -79.000000000 48.000000000 14.000000000 48.000000000 14 49 14 48 14 48 -79 48 -79 49 -79 48 3 -79 48 -79 49 -79 48 14 48 14 48 14 49 4 -79 48 14 48 14 48 14 49 14 48 -79 48 -79 49 -79 48 0 -79 48 14 48 -79 48 14 48 -127 -34 -31 62 -79 48 -79 49 -79 48 14 48 -67 48 -67 49 -67 48 1 1 -93 43 23 69 1 0 2 -79 48 14 48 2 -79 48 14 48 2 3 1 -79 48 -79 49 -79 48 14 48 14 48 14 49 -41 23 -9 35 -9 35 -12 66 -12 66 -48 73
SEGMENT 48 -18 47 -18 48 -18 48 71 48 71 47 71 35 -39 32 -38 35 -39 77 87 77 87 74 88 7.000000000 1 51 30 12.500000000 5 66 1 78 31 78 31 52 53 52 53 23 42 23 42 19 10 19 10 66 1 2 48 -18 1 48 71 1 48.000000000 -18.000000000 48.000000000 71.000000000 47 71 48 71 48 71 48 -18 47 -18 48 -18 3 48 -18 47 -18 48 -18 48 71 48 71 47 71 4 47 -18 48 -18 48 -18 48 71 48 71 47 71 48 71 48 -18 0 48 -18 48 71 48 -18 48 71 -23 66 30 119 48 -18 47 -18 48 -18 48 71 48 -5 47 -5 48 -5 1 1 35 -39 77 87 1 0 2 48 -18 48 71 2 48 -18 48 71 2 4 2 48 -18 47 -18 48 -18 48 71 48 71 47 71 78 31 52 53 52 53 23 42 23 42 19 10
SEGMENT -70 1 -71 2 -70 1 13 84 13 84 12 85 25 -12 0 -9 25 -12 37 88 37 88 12 91 8.000000000 0 -28 45 13.500000000 4 0 23 1 23 -9 0 -9 1 0 57 -1 57 -53 0 -53 -1 0 -70 1 1 13 84 1 -70.000000000 1.000000000 13.000000000 84.000000000 12 85 13 84 13 84 -70 1 -71 2 -70 1 3 -70 1 -71 2 -70 1 13 84 13 84 12 85 4 -70 1 13 84 13 84 12 85 13 84 -70 1 -71 2 -70 1 0 -70 1 13 84 -70 1 13 84 -71 -71 -69 97 -70 1 -71 2 -70 1 13 84 -60 11 -61 12 -60 11 1 0 0 0 23 -70 1 -70 9 -62 9 -62 17 -54 17 -54 25 -46 25 -46 33 -38 33 -38 41 -30 41 -30 49 -22 49 -22 57 -14 57 -14 65 -6 65 -6 73 2 73 2 81 10 81 10 84 13 84 2 -70 1 13 84 2 0 2 -70 1 -71 2 -70 1 13 84 13 84 12 85 -53 0 -53 -1 0 23 1 23 -9 0 -9 1
SEGMENT 5 39 -10 -60 1 17 -80 -34 -74 35 -68 -66 -102 17 -107 141 -102 17 22 22 22 22 17 146 9.000000000 1 -36 -5 14.500000000 3 -65 -30 -16 -24 -16 -24 -33 15 -33 15 -65 -30 2 700 7038 403 -66260 -26282 943 1.736972705 17.464019851 -70.265111347 -27.870625663 -68 -66 -74 35 -80 -34 1 17 -10 -60 5 39 3 5 39 -10 -60 1 17 -80 -34 -74 35 -68 -66 4 -80 -34 1 17 -10 -60 5 39 1 17 -80 -34 -74 35 -68 -66 0 -71 -28 2 18 -71 -28 2 18 -43 -15 -99 20 5 39 -10 -60 1 17 -80 -34 -11 10 6 -17 -10943 9775 1018 0 0 0 13 2 17 -12 17 -12 9 -26 9 -26 0 -40 0 -40 -9 -54 -9 -54 -18 -68 -18 -68 -26 -70 -26 -70 -28 13 2 17 -4 17 -12 9 -17 9 -26 0 -31 0 -40 -9 -45 -9 -54 -18 -60 -18 -68 -26 -68 -26 -70 -28 2 1 2 -74 35 -68 -66 1 17 -80 -34 5 39 -10 -60 -16 -24 -33 15 -33 15 -65 -30 -65 -30 -16 -24
SEGMENT -62 9 -68 22 -62 9 29 51 29 51 23 64 -19 -36 -48 -34 -19 -36 -11 80 -11 80 -40 82 10.000000000 0 -9 30 15.500000000 5 -21 -3 11 9 11 9 8 40 8 40 -28 47 -28 47 -42 13 -42 13 -21 -3 0 -62 9 1 29 51 1 -62.000000000 9.000000000 29.000000000 51.000000000 23 64 29 51 29 51 -62 9 -68 22 -62 9 3 -62 9 -68 22 -62 9 29 51 29 51 23 64 4 -62 9 29 51 29 51 23 64 29 51 -62 9 -68 22 -62 9 0 -62 9 29 51 -62 9 29 51 -71 -22 -53 80 -62 9 -68 22 -62 9 29 51 -48 15 -54 28 -9876 3153 205 1 -19 -36 -11 80 1 0 11 -62 9 -62 19 -40 19 -40 29 -18 29 -18 39 4 39 4 50 26 50 26 51 29 51 11 -62 9 -52 19 -40 19 -30 29 -18 29 -8 39 4 39 15 50 26 50 27 51 29 51 2 3 2 -62 9 -68 22 -62 9 29 51 29 51 23 64 -42 13 -21 -3 -21 -3 11 9 11 9 8 40
SEGMENT -68 5 -5 87 -68 5 14 -58 14 -58 77 24 -88 -29 -81 91 -88 -29 32 -36 32 -36 39 84 11.000000000 1 -22 -23 16.500000000 5 -11 -56 1 -26 1 -26 -25 -4 -25 -4 -54 -15 -54 -15 -58 -47 -58 -47 -11 -56 1 -68 5 1 14 -58 1 -68.000000000 5.000000000 14.000000000 -58.000000000 77 24 14 -58 14 -58 -68 5 -5 87 -68 5 3 -68 5 -5 87 -68 5 14 -58 14 -58 77 24 4 14 -58 77 24 14 -58 -68 5 -5 87 -68 5 -68 5 14 -58 0 -68 -58 14 5 -68 -58 14 5 -73 72 -63 -44 -68 5 -5 87 -68 5 14 -58 -55 -5 8 77 -588052 -53383 10693 1 -88 -29 32 -36 1 0 13 -68 5 -68 -6 -54 -6 -54 -17 -40 -17 -40 -27 -26 -27 -26 -38 -12 -38 -12 -49 2 -49 2 -58 14 -58 13 -68 5 -57 -6 -54 -6 -43 -17 -40 -17 -30 -27 -26 -27 -15 -38 -12 -38 -1 -49 2 -49 11 -58 14 -58 2 2 0 -68 5 -5 87 -68 5 14 -58 14 -58 77 24 -11 -56 1 -26 1 -26 -25 -4 -25 -4 -54 -15
SEGMENT -70 19 -147 102 -70 19 13 96 13 96 -64 179 -70 19 -147 102 -70 19 13 96 13 96 -64 179 12.000000000 0 -14 41 17.500000000 4 0 34 1 34 1 0 1 1 0 68 -1 68 -43 0 -43 -1 0 -70 19 1 13 96 1 -70.000000000 19.000000000 13.000000000 96.000000000 -64 179 13 96 13 96 -70 19 -147 102 -70 19 3 -70 19 -147 102 -70 19 13 96 13 96 -64 179 4 -70 19 13 96 13 96 -64 179 13 96 -70 19 -147 102 -70 19 0 -70 19 13 96 -70 19 13 96 -89 -83 -51 109 -70 19 -147 102 -70 19 13 96 -57 31 -134 114 -731011 397773 12818 2 -70 19 -147 102 13 96 -64 179 1 1 15 -70 19 -70 31 -57 31 -57 43 -44 43 -44 55 -31 55 -31 67 -18 67 -18 79 -5 79 -5 91 8 91 8 96 13 96 15 -70 19 -58 31 -57 31 -45 43 -44 43 -32 55 -31 55 -19 67 -18 67 -6 79 -5 79 7 91 8 91 13 96 13 96 2 3 2 -70 19 -147 102 -70 19 13 96 13 96 -64 179 -43 0 -43 -1 0 34 1 34 1 0 1 1
SEGMENT 59 63 135 -22 59 63 -26 -13 -26 -13 50 -98 50 -98 -26 -13 -26 -13 59 63 135 -22 59 63 4.000000000 1 12 11 18.500000000 3 -4 1 45 7 45 7 28 46 28 46 -4 1 0 59 63 1 -26 -13 1 59.000000000 63.000000000 -26.000000000 -13.000000000 50 -98 -26 -13 -26 -13 59 63 135 -22 59 63 3 59 63 135 -22 59 63 -26 -13 -26 -13 50 -98 4 -26 -13 59 63 135 -22 59 63 59 63 -26 -13 -26 -13 50 -98 0 -26 -13 59 63 -26 -13 59 63 -13 -4 -39 122 59 63 135 -22 59 63 -26 -13 45 51 121 -34 588389 659311 13001 2 50 -98 -26 -13 59 63 135 -22 1 1 45 59 63 55 63 55 59 51 59 51 56 47 56 47 52 43 52 43 49 39 49 39 45 35 45 35 42 31 42 31 38 27 38 27 34 23 34 23 31 19 31 19 27 15 27 15 24 11 24 11 20 7 20 7 17 3 17 3 13 -1 13 -1 9 -5 9 -5 6 -9 6 -9 2 -13 2 -13 -1 -17 -1 -17 -5 -21 -5 -21 -9 -25 -9 -25 -12 -26 -12 -26 -13 45 59 63 59 63 55 59 54 59 51 56 51 56 47 52 46 52 43 49 43 49 39 45 38 45 35 42 35 42 31 38 31 38 27 34 26 34 23 31 23 31 19 27 18 27 15 24 15 24 11 20 10 20 7 17 7 17 3 13 3 13 -1 9 -2 9 -5 6 -5 6 -9 2 -10 2 -13 -1 -13 -1 -17 -5 -17 -5 -21 -9 -22 -9 -25 -12 -25 -12 -26 -13 2 1 2 -26 -13 50 -98 59 63 -26 -13 59 63 135 -22 28 46 -4 1 -4 1 45 7 45 7 28 46
SEGMENT -88 -1 15 8 -53 -13 -12 75 -83 62 19 69 -99 -25 -116 -9 -99 -25 -83 -8 -83 -8 -100 8 5.000000000 0 -41 23 19.500000000 5 -40 5 -8 17 -8 17 -11 48 -11 48 -47 55 -47 55 -61 21 -61 21 -40 5 4 -8452 499 185 -138257 578723 8689 -45.686486486 2.697297297 -15.911727472 66.604097134 19 69 -83 62 -12 75 -53 -13 15 8 -88 -1 3 -88 -1 15 8 -53 -13 -12 75 -83 62 19 69 4 -88 -1 15 8 -53 -13 -12 75 19 69 -83 62 -12 75 -53 -13 0 -46 2 -15 67 -46 2 -15 67 -83 -48 -43 51 -88 -1 15 8 -53 -13 -12 75 -37 20 -125 61 -70713 38151 1885 0 0 0 13 -46 3 -46 14 -40 14 -40 25 -35 25 -35 36 -30 36 -30 47 -25 47 -25 58 -20 58 -20 67 -16 67 13 -46 3 -46 -163 131 14 131 2 154 25 154 12 178 36 178 23 202 47 202 35 225 58 225 -174 -16 67 2 4 2 -88 -1 15 8 -53 -13 -12 75 -83 62 19 69 -47 55 -61 21 -61 21 -40 5 -40 5 -8 17
SEGMENT -24 -36 -125 25 -24 -36 37 65 37 65 -64 126 -48 61 51 168 -48 61 59 -38 59 -38 158 69 6.000000000 1 -2 7 20.500000000 5 22 -11 34 19 34 19 8 41 8 41 -21 30 -21 30 -25 -2 -25 -2 22 -11 0 -24 -36 1 37 65 1 -24.000000000 -36.000000000 37.000000000 65.000000000 -64 126 37 65 37 65 -24 -36 -125 25 -24 -36 3 -24 -36 -125 25 -24 -36 37 65 37 65 -64 126 4 -24 -36 37 65 37 65 -64 126 37 65 -24 -36 -125 25 -24 -36 0 -24 -36 37 65 -24 -36 37 65 -28 12 -60 102 -24 -36 -125 25 -24 -36 37 65 -13 -18 -114 43 -182299 -249803 13922 1 -48 61 59 -38 1 0 23 -24 -36 -18 -36 -18 -26 -12 -26 -12 -16 -6 -16 -6 -6 0 -6 0 4 6 4 6 14 12 14 12 24 18 24 18 34 24 34 24 44 30 44 30 54 36 54 36 64 37 64 37 65 23 -24 -36 -39 -21 -39 -26 -23 -10 -23 -16 -6 1 -6 -6 10 10 10 4 27 21 27 14 43 30 43 24 60 41 60 34 77 51 77 44 93 60 93 54 110 71 110 64 37 137 37 65 2 4 1 -24 -36 -125 25 -24 -36 37 65 37 65 -64 126 -25 -2 22 -11 22 -11 34 19 34 19 8 41
SEGMENT -77 -9 -118 80 -77 -9 12 32 12 32 -29 121 -93 4 -106 62 -93 4 23 30 23 30 10 88 7.000000000 0 -40 4 21.500000000 4 0 -7 1 -7 -12 0 -12 1 0 27 -1 27 -56 0 -56 -1 0 -77 -9 1 12 32 1 -77.000000000 -9.000000000 12.000000000 32.000000000 -29 121 12 32 12 32 -77 -9 -118 80 -77 -9 3 -77 -9 -118 80 -77 -9 12 32 12 32 -29 121 4 -77 -9 12 32 12 32 -29 121 12 32 -77 -9 -118 80 -77 -9 0 -77 -9 12 32 -77 -9 12 32 -68 -20 -86 44 -77 -9 -118 80 -77 -9 12 32 -57 0 -98 89 -548093 1691 9602 1 -93 4 23 30 1 0 13 -77 -9 -77 -2 -62 -2 -62 5 -47 5 -47 12 -32 12 -32 19 -17 19 -17 26 -2 26 -2 32 12 32 13 -77 -9 -70 -2 -62 -2 -55 5 -47 5 -40 12 -32 12 -25 19 -17 19 -10 26 -2 26 4 32 12 32 2 3 1 -77 -9 -118 80 -77 -9 12 32 12 32 -29 121 -56 0 -56 -1 0 -7 1 -7 -12 0 -12 1
SEGMENT 0 11 46 -74 0 11 -85 -35 -85 -35 -39 -120 -61 -78 -64 -77 -61 -78 -19 48 -19 48 -22 49 8.000000000 1 -52 -18 22.500000000 3 -72 -32 -23 -26 -23 -26 -40 13 -40 13 -72 -32 1 0 11 1 -85 -35 1 0.000000000 11.000000000 -85.000000000 -35.000000000 -39 -120 -85 -35 -85 -35 0 11 46 -74 0 11 3 0 11 46 -74 0 11 -85 -35 -85 -35 -39 -120 4 -85 -35 0 11 46 -74 0 11 0 11 -85 -35 -85 -35 -39 -120 0 -85 -35 0 11 -85 -35 0 11 -50 -11 -120 11 0 11 46 -74 0 11 -85 -35 -20 0 26 -85 -187510 1275 9341 1 -61 -78 -19 48 1 0 13 0 11 -15 11 -15 3 -30 3 -30 -5 -45 -5 -45 -13 -60 -13 -60 -21 -75 -21 -75 -30 -85 -30 -85 -35 13 0 11 -7 11 -15 3 -22 3 -30 -5 -37 -5 -45 -13 -52 -13 -60 -21 -66 -21 -75 -30 -80 -30 -85 -35 2 1 2 -85 -35 -39 -120 0 11 -85 -35 0 11 46 -74 -72 -32 -23 -26 -23 -26 -40 13 -40 13 -72 -32
SEGMENT -4 -2 -4 -1 -4 -2 89 -2 89 -2 89 -1 97 -53 72 -50 97 -53 109 47 109 47 84 50 9.000000000 0 37 -5 23.500000000 5 34 -27 66 -15 66 -15 63 16 63 16 27 23 27 23 13 -11 13 -11 34 -27 3 -4 -2 1 89 -2 1 -4.000000000 -2.000000000 89.000000000 -2.000000000 89 -1 89 -2 89 -2 -4 -2 -4 -1 -4 -2 3 -4 -2 -4 -1 -4 -2 89 -2 89 -2 89 -1 4 -4 -2 89 -2 89 -2 89 -1 89 -2 -4 -2 -4 -1 -4 -2 0 -4 -2 89 -2 -4 -2 89 -2 -2 91 -6 87 -4 -2 -4 -1 -4 -2 89 -2 20 -2 20 -1 20 -2 1 0 0 0 2 -4 -2 89 -2 2 -4 -2 89 -2 2 3 1 -4 -2 -4 -1 -4 -2 89 -2 89 -2 89 -1 63 16 27 23 27 23 13 -11 13 -11 34 -27
SEGMENT -72 63 31 57 -60 54 23 -9 -75 -13 28 -22 -85 55 -90 179 -85 55 39 60 39 60 34 184 10.000000000 1 -26 24 24.500000000 5 -6 2 6 32 6 32 -20 54 -20 54 -49 43 -49 43 -53 11 -53 11 -6 2 4 -143475 125793 1997 119734 -66600 2871 -71.845267902 62.990986480 41.704632532 -23.197492163 28 -22 -75 -13 23 -9 -60 54 31 57 -72 63 3 -72 63 31 57 -60 54 23 -9 -75 -13 28 -22 4 23 -9 -60 54 31 57 -72 63 -60 54 23 -9 -75 -13 28 -22 0 -72 -24 42 63 -72 -24 42 63 -135 65 -9 19 -72 63 31 57 -60 54 23 -9 -52 48 11 131 -282497 260343 5429 1 -85 55 39 60 1 0 19 -72 63 -72 53 -59 53 -59 43 -46 43 -46 34 -33 34 -33 24 -20 24 -20 14 -7 14 -7 4 6 4 6 -6 19 -6 19 -16 32 -16 32 -23 42 -23 19 -72 63 -62 53 -59 53 -49 43 -46 43 -37 34 -33 34 -23 24 -20 24 -10 14 -7 14 3 4 6 4 16 -6 19 -6 29 -16 32 -16 39 -23 42 -23 2 2 0 -72 63 31 57 -60 54 23 -9 -75 -13 28 -22 -49 43 -53 11 -53 11 -6 2 -6 2 6 32
SEGMENT -70 3 -71 4 -70 3 13 86 13 86 12 87 -36 -17 -65 -15 -36 -17 -28 99 -28 99 -57 101 11.000000000 0 -33 40 25.500000000 4 0 25 1 25 -9 0 -9 1 0 59 -1 59 -53 0 -53 -1 0 -70 3 1 13 86 1 -70.000000000 3.000000000 13.000000000 86.000000000 12 87 13 86 13 86 -70 3 -71 4 -70 3 3 -70 3 -71 4 -70 3 13 86 13 86 12 87 4 -70 3 13 86 13 86 12 87 13 86 -70 3 -71 4 -70 3 1 -70 3 13 86 -70 3 13 86 -73 -73 -67 99 -70 3 -71 4 -70 3 13 86 -52 21 -53 22 -52 21 1 1 -36 -17 -28 99 1 0 17 -70 3 -70 14 -59 14 -59 25 -48 25 -48 36 -37 36 -37 47 -26 47 -26 58 -15 58 -15 69 -4 69 -4 80 7 80 7 86 13 86 2 -70 3 13 86 2 0 2 -70 3 -71 4 -70 3 13 86 13 86 12 87 -53 0 -53 -1 0 25 1 25 -9 0 -9 1
SEGMENT 77 -69 76 -70 77 -69 -6 14 -6 14 -7 13 -24 -24 -17 96 -24 -24 96 -31 96 -31 103 89 12.000000000 1 35 -27 26.500000000 3 11 -45 60 -39 60 -39 43 0 43 0 11 -45 2 77 -69 1 -6 14 1 77.000000000 -69.000000000 -6.000000000 14.000000000 -7 13 -6 14 -6 14 77 -69 76 -70 77 -69 3 77 -69 76 -70 77 -69 -6 14 -6 14 -7 13 4 76 -70 77 -69 77 -69 -6 14 -6 14 -7 13 -6 14 77 -69 1 -6 -69 77 14 -6 -69 77 14 -20 146 8 8 77 -69 76 -70 77 -69 -6 14 58 -50 57 -51 58 -50 1 1 -24 -24 96 -31 1 0 15 77 -69 77 -57 65 -57 65 -45 53 -45 53 -33 41 -33 41 -21 29 -21 29 -9 17 -9 17 3 5 3 5 14 -6 14 2 77 -69 -6 14 2 0 2 -6 14 -7 13 77 -69 -6 14 77 -69 76 -70 60 -39 43 0 43 0 11 -45 11 -45 60 -39
SEGMENT -86 13 -92 26 -86 13 5 55 5 55 -1 68 -86 13 -92 26 -86 13 5 55 5 55 -1 68 4.000000000 0 -38 27 27.500000000 5 -45 1 -13 13 -13 13 -16 44 -16 44 -52 51 -52 51 -66 17 -66 17 -45 1 2 -86 13 1 5 55 1 -86.000000000 13.000000000 5.000000000 55.000000000 -1 68 5 55 5 55 -86 13 -92 26 -86 13 3 -86 13 -92 26 -86 13 5 55 5 55 -1 68 4 -86 13 5 55 5 55 -1 68 5 55 -86 13 -92 26 -86 13 0 -86 13 5 55 -86 13 5 55 -99 -50 -73 60 -86 13 -92 26 -86 13 5 55 -61 25 -67 38 -12469 5047 205 2 -86 13 -92 26 5 55 -1 68 1 1 23 -86 13 -86 17 -77 17 -77 21 -68 21 -68 25 -59 25 -59 30 -50 30 -50 34 -41 34 -41 38 -32 38 -32 42 -23 42 -23 46 -14 46 -14 50 -5 50 -5 55 4 55 4 55 5 55 23 -86 13 -82 17 -77 17 -73 21 -68 21 -64 25 -59 25 -54 30 -50 30 -46 34 -41 34 -37 38 -32 38 -28 42 -23 42 -19 46 -14 46 -10 50 -5 50 0 55 4 55 4 55 5 55 2 3 2 -86 13 -92 26 -86 13 5 55 5 55 -1 68 -13 13 -16 44 -16 44 -52 51 -52 51 -66 17
SEGMENT -43 30 20 112 -43 30 39 -33 39 -33 102 49 102 49 39 -33 39 -33 -43 30 20 112 -43 30 5.000000000 1 -2 -5 28.500000000 5 14 -31 26 -1 26 -1 0 21 0 21 -29 10 -29 10 -33 -22 -33 -22 14 -31 3 -43 30 1 39 -33 1 -43.000000000 30.000000000 39.000000000 -33.000000000 102 49 39 -33 39 -33 -43 30 20 112 -43 30 3 -43 30 20 112 -43 30 39 -33 39 -33 102 49 4 39 -33 102 49 39 -33 -43 30 20 112 -43 30 -43 30 39 -33 0 -43 -33 39 30 -43 -33 39 30 -73 72 -13 6 -43 30 20 112 -43 30 39 -33 -20 13 43 95 -217325 134499 10693 2 20 112 -43 30 39 -33 102 49 1 1 25 -43 30 -43 25 -36 25 -36 19 -29 19 -29 14 -22 14 -22 8 -15 8 -15 3 -8 3 -8 -2 -1 -2 -1 -8 6 -8 6 -13 13 -13 13 -18 20 -18 20 -24 27 -24 27 -29 34 -29 34 -33 39 -33 25 -43 30 -38 25 -36 25 -30 19 -29 19 -24 14 -22 14 -16 8 -15 8 -10 3 -8 3 -3 -2 -1 -2 5 -8 6 -8 11 -13 13 -13 18 -18 20 -18 26 -24 27 -24 32 -29 34 -29 38 -33 39 -33 2 2 0 -43 30 20 112 -43 30 39 -33 39 -33 102 49 0 21 -29 10 -29 10 -33 -22 -33 -22 14 -31
SEGMENT -33 -72 -26 31 -38 -39 45 2 36 -73 52 27 -63 -77 -80 -61 -63 -77 -47 -60 -47 -60 -64 -44 6.000000000 0 5 -19 29.500000000 4 0 -38 1 -38 25 0 25 1 0 -4 -1 -4 -19 0 -19 -1 0 -126019 -145816 4131 30740 2299 637 -30.505688695 -35.297990801 48.257456829 3.609105181 52 27 36 -73 45 2 -38 -39 -26 31 -33 -72 3 -33 -72 -26 31 -38 -39 45 2 36 -73 52 27 4 -38 -39 45 2 36 -73 52 27 45 2 -38 -39 -26 31 -33 -72 0 -31 -36 49 4 -31 -36 49 4 4 45 -66 52 -33 -72 -26 31 -38 -39 45 2 -4 -22 -45 61 -33583 -189951 8570 0 0 0 15 -31 -35 -31 -30 -19 -30 -19 -24 -7 -24 -7 -18 5 -18 5 -12 17 -12 17 -6 29 -6 29 0 41 0 41 4 48 4 15 -31 -35 -26 -30 -19 -30 -13 -24 -7 -24 -1 -18 5 -18 11 -12 17 -12 23 -6 29 -6 35 0 41 0 45 4 48 4 2 3 1 -33 -72 -26 31 -38 -39 45 2 36 -73 52 27 -19 0 -19 -1 0 -38 1 -38 25 0 25 1
SEGMENT 76 21 152 -64 76 21 -9 -55 -9 -55 67 -140 -15 25 84 132 -15 25 92 -74 92 -74 191 33 7.000000000 1 41 -19 30.500000000 3 13 -41 62 -35 62 -35 45 4 45 4 13 -41 0 76 21 1 -9 -55 1 76.000000000 21.000000000 -9.000000000 -55.000000000 67 -140 -9 -55 -9 -55 76 21 152 -64 76 21 3 76 21 152 -64 76 21 -9 -55 -9 -55 67 -140 4 -9 -55 76 21 152 -64 76 21 76 21 -9 -55 -9 -55 67 -140 0 -9 -55 76 21 -9 -55 76 21 46 55 -64 97 76 21 152 -64 76 21 -9 -55 53 1 129 -84 692701 8921 13001 1 -15 25 92 -74 1 0 23 76 21 68 21 68 14 60 14 60 7 52 7 52 0 44 0 44 -8 36 -8 36 -15 28 -15 28 -22 20 -22 20 -29 12 -29 12 -36 4 -36 4 -43 -4 -43 -4 -51 -9 -51 -9 -55 23 76 21 75 21 68 14 67 14 60 7 59 7 52 0 52 0 44 -8 43 -8 36 -15 35 -15 28 -22 27 -22 20 -29 19 -29 12 -36 11 -36 4 -43 4 -43 -4 -51 -5 -51 -9 -55 2 1 2 -9 -55 67 -140 76 21 -9 -55 76 21 152 -64 45 4 13 -41 13 -41 62 -35 62 -35 45 4
SEGMENT -75 48 -50 92 -75 48 13 -2 13 -2 38 42 -82 34 -95 92 -82 34 34 60 34 60 21 118 8.000000000 0 -19 44 31.500000000 5 -30 14 2 26 2 26 -1 57 -1 57 -37 64 -37 64 -51 30 -51 30 -30 14 1 -75 48 1 13 -2 1 -75.000000000 48.000000000 13.000000000 -2.000000000 38 42 13 -2 13 -2 -75 48 -50 92 -75 48 3 -75 48 -50 92 -75 48 13 -2 13 -2 38 42 4 13 -2 38 42 13 -2 -75 48 -50 92 -75 48 -75 48 13 -2 0 -75 -2 13 48 -75 -2 13 48 -123 15 -27 11 -75 48 -50 92 -75 48 13 -2 -48 32 -23 76 -122203 83228 2561 1 -82 34 34 60 1 0 15 -75 48 -61 48 -61 40 -47 40 -47 32 -33 32 -33 24 -19 24 -19 16 -5 16 -5 8 9 8 9 0 13 0 13 -2 15 -75 48 -69 48 -61 40 -55 40 -47 32 -41 32 -33 24 -27 24 -19 16 -13 16 -5 8 1 8 9 0 11 0 13 -2 2 3 0 -75 48 -50 92 -75 48 13 -2 13 -2 38 42 -30 14 2 26 2 26 -1 57 -1 57 -37 64
SEGMENT -21 -98 -122 -37 -21 -98 40 3 40 3 -61 64 -6 -113 -9 -112 -6 -113 36 13 36 13 33 14 9.000000000 1 13 -43 32.500000000 5 25 -73 37 -43 37 -43 11 -21 11 -21 -18 -32 -18 -32 -22 -64 -22 -64 25 -73 2 -21 -98 1 40 3 1 -21.000000000 -98.000000000 40.000000000 3.000000000 -61 64 40 3 40 3 -21 -98 -122 -37 -21 -98 3 -21 -98 -122 -37 -21 -98 40 3 40 3 -61 64 4 -21 -98 40 3 40 3 -61 64 40 3 -21 -98 -122 -37 -21 -98 0 -21 -98 40 3 -21 -98 40 3 37 77 -119 43 -21 -98 -122 -37 -21 -98 40 3 -4 -70 -105 -9 -56597 -973991 13922 1 -6 -113 36 13 1 0 15 -21 -98 -12 -98 -12 -83 -3 -83 -3 -68 6 -68 6 -53 15 -53 15 -38 24 -38 24 -23 33 -23 33 -8 40 -8 40 3 15 -21 -98 -201 82 -201 -83 -176 -58 -176 -68 -151 -43 -151 -53 -126 -28 -126 -38 -101 -13 -101 -23 -76 2 -76 -8 40 108 40 3 2 4 1 -21 -98 -122 -37 -21 -98 40 3 40 3 -61 64 37 -43 11 -21 11 -21 -18 -32 -18 -32 -22 -64
SEGMENT -88 -62 -129 27 -88 -62 1 -21 1 -21 -40 68 11 -95 -14 -92 11 -95 23 5 23 5 -2 8 10.000000000 0 -39 -37 33.500000000 4 0 -60 1 -60 -23 0 -23 1 0 -26 -1 -26 -67 0 -67 -1 0 -88 -62 1 1 -21 1 -88.000000000 -62.000000000 1.000000000 -21.000000000 -40 68 1 -21 1 -21 -88 -62 -129 27 -88 -62 3 -88 -62 -129 27 -88 -62 1 -21 1 -21 -40 68 4 -88 -62 1 -21 1 -21 -40 68 1 -21 -88 -62 -129 27 -88 -62 0 -88 -62 1 -21 -88 -62 1 -21 -26 22 -150 -20 -88 -62 -129 27 -88 -62 1 -21 -58 -48 -99 41 -278130 -231160 4801 0 0 0 11 -88 -62 -88 -52 -66 -52 -66 -42 -44 -42 -44 -32 -22 -32 -22 -21 0 -21 0 -21 1 -21 11 -88 -62 -78 -52 -66 -52 -56 -42 -44 -42 -34 -32 -22 -32 -11 -21 0 -21 0 -21 1 -21 2 3 1 -88 -62 -129 27 -88 -62 1 -21 1 -21 -40 68 -67 0 -67 -1 0 -60 1 -60 -23 0 -23 1
SEGMENT 66 10 51 -89 62 -12 -19 -63 -13 6 -7 -95 -41 -12 -46 112 -41 -12 83 -7 83 -7 78 117 11.000000000 1 28 -33 34.500000000 3 -4 -59 45 -53 45 -53 28 -14 28 -14 -4 -59 1 25283 -4649 403 -8737 -53629 943 62.736972705 -11.535980149 -9.265111347 -56.870625663 -7 -95 -13 6 -19 -63 62 -12 51 -89 66 10 3 66 10 51 -89 62 -12 -19 -63 -13 6 -7 -95 4 -19 -63 62 -12 51 -89 66 10 62 -12 -19 -63 -13 6 -7 -95 0 -10 -57 63 -11 -10 -57 63 -11 47 75 -67 52 66 10 51 -89 62 -12 -19 -63 34 -30 51 -57 17221 -15135 509 0 0 0 9 63 -12 45 -12 45 -23 27 -23 27 -34 9 -34 9 -45 -9 -45 -9 -57 9 63 -12 56 -12 45 -23 38 -23 27 -34 20 -34 9 -45 3 -45 -9 -57 2 1 2 -13 6 -7 -95 62 -12 -19 -63 66 10 51 -89 -4 -59 45 -53 45 -53 28 -14 28 -14 -4 -59
SEGMENT -4 50 -4 51 -4 50 89 50 89 50 89 51 36 -8 7 -6 36 -8 44 108 44 108 15 110 12.000000000 0 32 59 35.500000000 5 34 25 66 37 66 37 63 68 63 68 27 75 27 75 13 41 13 41 34 25 0 -4 50 1 89 50 1 -4.000000000 50.000000000 89.000000000 50.000000000 89 51 89 50 89 50 -4 50 -4 51 -4 50 3 -4 50 -4 51 -4 50 89 50 89 50 89 51 4 -4 50 89 50 89 50 89 51 89 50 -4 50 -4 51 -4 50 0 -4 50 89 50 -4 50 89 50 -54 39 46 139 -4 50 -4 51 -4 50 89 50 32 50 32 51 32 50 1 1 36 -8 44 108 1 0 2 -4 50 89 50 2 -4 50 89 50 2 3 1 -4 50 -4 51 -4 50 89 50 89 50 89 51 13 41 34 25 34 25 66 37 66 37 63 68
SEGMENT 26 -10 25 -10 26 -10 26 79 26 79 25 79 -33 36 -26 156 -33 36 87 29 87 29 94 149 4.000000000 1 19 24 36.500000000 5 44 9 56 39 56 39 30 61 30 61 1 50 1 50 -3 18 -3 18 44 9 1 26 -10 1 26 79 1 26.000000000 -10.000000000 26.000000000 79.000000000 25 79 26 79 26 79 26 -10 25 -10 26 -10 3 26 -10 25 -10 26 -10 26 79 26 79 25 79 4 25 -10 26 -10 26 -10 26 79 26 79 25 79 26 79 26 -10 0 26 -10 26 79 26 -10 26 79 -53 36 16 105 26 -10 25 -10 26 -10 26 79 26 27 25 27 26 27 1 1 -33 36 87 29 1 0 2 26 -10 26 79 2 26 -10 26 79 2 4 2 26 -10 25 -10 26 -10 26 79 26 79 25 79 44 9 56 39 56 39 30 61 30 61 1 50
SEGMENT -83 -82 -84 -81 -83 -82 0 1 0 1 -1 2 -83 -82 -84 -81 -83 -82 0 1 0 1 -1 2 5.000000000 0 -51 -52 37.500000000 4 0 -60 1 -60 -22 0 -22 1 0 -26 -1 -26 -66 0 -66 -1 0 -83 -82 1 0 1 1 -83.000000000 -82.000000000 0.000000000 1.000000000 -1 2 0 1 0 1 -83 -82 -84 -81 -83 -82 3 -83 -82 -84 -81 -83 -82 0 1 0 1 -1 2 4 -83 -82 0 1 0 1 -1 2 0 1 -83 -82 -84 -81 -83 -82 0 -83 -82 0 1 -83 -82 0 1 -1 -1 -165 1 -83 -82 -84 -81 -83 -82 0 1 -56 -55 -57 -54 -56 -55 1 2 -83 -82 -84 -81 0 1 -1 2 1 1 35 -83 -82 -83 -77 -78 -77 -78 -72 -73 -72 -73 -67 -68 -67 -68 -62 -63 -62 -63 -57 -58 -57 -58 -52 -53 -52 -53 -47 -48 -47 -48 -42 -43 -42 -43 -37 -38 -37 -38 -32 -33 -32 -33 -27 -28 -27 -28 -22 -23 -22 -23 -17 -18 -17 -18 -12 -13 -12 -13 -7 -8 -7 -8 -2 -3 -2 -3 1 0 1 2 -83 -82 0 1 2 0 2 -83 -82 -84 -81 -83 -82 0 1 0 1 -1 2 -66 0 -66 -1 0 -60 1 -60 -22 0 -22 1
SEGMENT 73 -56 72 -57 73 -56 -10 27 -10 27 -11 26 -11 26 -10 27 -10 27 73 -56 72 -57 73 -56 6.000000000 1 26 -21 38.500000000 3 7 -32 56 -26 56 -26 39 13 39 13 7 -32 2 73 -56 1 -10 27 1 73.000000000 -56.000000000 -10.000000000 27.000000000 -11 26 -10 27 -10 27 73 -56 72 -57 73 -56 3 73 -56 72 -57 73 -56 -10 27 -10 27 -11 26 4 72 -57 73 -56 73 -56 -10 27 -10 27 -11 26 -10 27 73 -56 0 -10 -56 73 27 -10 -56 73 27 -37 129 17 17 73 -56 72 -57 73 -56 -10 27 46 -29 45 -30 46 -29 1 2 -11 26 -10 27 73 -56 72 -57 1 1 29 73 -56 73 -50 67 -50 67 -44 61 -44 61 -38 55 -38 55 -32 49 -32 49 -26 43 -26 43 -20 37 -20 37 -14 31 -14 31 -8 25 -8 25 -2 19 -2 19 4 13 4 13 10 7 10 7 16 1 16 1 22 -5 22 -5 27 -10 27 2 73 -56 -10 27 2 0 2 -10 27 -11 26 73 -56 -10 27 73 -56 72 -57 56 -26 39 13 39 13 7 -32 7 -32 56 -26
SEGMENT -23 17 80 26 12 5 53 93 -18 80 84 87 -34 -7 -51 9 -34 -7 -18 10 -18 10 -35 26 7.000000000 0 27 42 39.500000000 5 25 23 57 35 57 35 54 66 54 66 18 73 18 73 4 39 4 39 25 23 4 3573 3829 185 426528 735125 8689 19.313513514 20.697297297 49.088272528 84.604097134 84 87 -18 80 53 93 12 5 80 26 -23 17 3 -23 17 80 26 12 5 53 93 -18 80 84 87 4 -23 17 80 26 12 5 53 93 84 87 -18 80 53 93 12 5 0 19 20 50 85 19 20 50 85 -36 -1 40 134 -23 17 80 26 12 5 53 93 36 57 -52 98 68212 107281 1885 0 0 0 11 19 21 19 36 26 36 26 51 33 51 33 66 40 66 40 81 47 81 47 85 49 85 11 19 21 19 -2 57 36 57 19 89 51 89 34 121 66 121 49 153 81 153 -19 49 85 2 4 2 -23 17 80 26 12 5 53 93 -18 80 84 87 18 73 4 39 4 39 25 23 25 23 57 35
SEGMENT 9 32 72 114 9 32 91 -31 91 -31 154 51 -4 43 95 150 -4 43 103 -56 103 -56 202 51 8.000000000 1 45 -10 40.500000000 5 66 -29 78 1 78 1 52 23 52 23 23 12 23 12 19 -20 19 -20 66 -29 0 9 32 1 91 -31 1 9.000000000 32.000000000 91.000000000 -31.000000000 154 51 91 -31 91 -31 9 32 72 114 9 32 3 9 32 72 114 9 32 91 -31 91 -31 154 51 4 91 -31 154 51 91 -31 9 32 72 114 9 32 9 32 91 -31 0 9 -31 91 32 9 -31 91 32 -23 122 41 60 9 32 72 114 9 32 91 -31 41 7 104 89 25915 4567 629 0 0 0 19 9 32 9 24 19 24 19 17 29 17 29 9 39 9 39 1 49 1 49 -6 59 -6 59 -14 69 -14 69 -22 79 -22 79 -29 89 -29 89 -31 91 -31 19 9 32 17 24 19 24 26 17 29 17 37 9 39 9 47 1 49 1 56 -6 59 -6 67 -14 69 -14 77 -22 79 -22 86 -29 89 -29 91 -31 91 -31 2 2 0 9 32 72 114 9 32 91 -31 91 -31 154 51 19 -20 66 -29 66 -29 78 1 78 1 52 23
SEGMENT -42 -48 -119 35 -42 -48 41 29 41 29 -36 112 -52 -22 -65 36 -52 -22 64 4 64 4 51 62 9.000000000 0 4 -21 41.500000000 4 0 -33 1 -33 29 0 29 1 0 1 -1 1 -15 0 -15 -1 0 -42 -48 1 41 29 1 -42.000000000 -48.000000000 41.000000000 29.000000000 -36 112 41 29 41 29 -42 -48 -119 35 -42 -48 3 -42 -48 -119 35 -42 -48 41 29 41 29 -36 112 4 -42 -48 41 29 41 29 -36 112 41 29 -42 -48 -119 35 -42 -48 0 -42 -48 41 29 -42 -48 41 29 6 12 -90 70 -42 -48 -119 35 -42 -48 41 29 -12 -20 -89 63 -76369 -128761 6409 1 -52 -22 64 4 1 0 19 -42 -48 -42 -39 -32 -39 -32 -29 -22 -29 -22 -20 -12 -20 -12 -11 -2 -11 -2 -2 8 -2 8 8 18 8 18 17 28 17 28 26 38 26 38 29 41 29 19 -42 -48 -33 -39 -32 -39 -22 -29 -22 -29 -13 -20 -12 -20 -3 -11 -2 -11 7 -2 8 -2 18 8 18 8 27 17 28 17 37 26 38 26 41 29 41 29 2 3 2 -42 -48 -119 35 -42 -48 41 29 41 29 -36 112 -15 0 -15 -1 0 -33 1 -33 29 0 29 1
SEGMENT 53 48 129 -37 53 48 -32 -28 -32 -28 44 -113 1 -60 -2 -59 1 -60 43 66 43 66 40 67 10.000000000 1 13 1 42.500000000 3 -10 -14 39 -8 39 -8 22 31 22 31 -10 -14 0 53 48 1 -32 -28 1 53.000000000 48.000000000 -32.000000000 -28.000000000 44 -113 -32 -28 -32 -28 53 48 129 -37 53 48 3 53 48 129 -37 53 48 -32 -28 -32 -28 44 -113 4 -32 -28 53 48 129 -37 53 48 53 48 -32 -28 -32 -28 44 -113 0 -32 -28 53 48 -32 -28 53 48 -4 5 -60 101 53 48 129 -37 53 48 -32 -28 21 20 97 -65 276973 255600 13001 1 1 -60 43 66 1 0 17 53 48 42 48 42 38 31 38 31 28 20 28 20 18 9 18 9 9 -2 9 -2 -1 -13 -1 -13 -11 -24 -11 -24 -21 -32 -21 -32 -28 17 53 48 52 48 42 38 41 38 31 28 30 28 20 18 18 18 9 9 8 9 -2 -1 -3 -1 -13 -11 -14 -11 -24 -21 -25 -21 -32 -28 2 1 2 -32 -28 44 -113 53 48 -32 -28 53 48 129 -37 22 31 -10 -14 -10 -14 39 -8 39 -8 22 31
SEGMENT -66 -28 -41 16 -66 -28 22 -78 22 -78 47 -34 42 -88 17 -85 42 -88 54 12 54 12 29 15 11.000000000 0 -15 -39 43.500000000 5 -21 -62 11 -50 11 -50 8 -19 8 -19 -28 -12 -28 -12 -42 -46 -42 -46 -21 -62 3 -66 -28 1 22 -78 1 -66.000000000 -28.000000000 22.000000000 -78.000000000 47 -34 22 -78 22 -78 -66 -28 -41 16 -66 -28 3 -66 -28 -41 16 -66 -28 22 -78 22 -78 47 -34 4 22 -78 47 -34 22 -78 -66 -28 -41 16 -66 -28 -66 -28 22 -78 0 -66 -78 22 -28 -66 -78 22 -28 -38 100 -94 -56 -66 -28 -41 16 -66 -28 22 -78 -28 -49 -3 -5 -5566 -9741 197 0 0 0 11 -66 -28 -47 -28 -47 -39 -28 -39 -28 -50 -9 -50 -9 -60 10 -60 10 -71 22 -71 22 -78 11 -66 -28 -58 -28 -47 -39 -39 -39 -28 -50 -19 -50 -9 -60 -1 -60 10 -71 15 -71 22 -78 2 3 0 -66 -28 -41 16 -66 -28 22 -78 22 -78 47 -34 8 -19 -28 -12 -28 -12 -42 -46 -42 -46 -21 -62
SEGMENT -33 11 70 5 -21 2 62 -61 -36 -65 67 -74 -46 3 -51 127 -46 3 78 8 78 8 73 132 12.000000000 1 16 -27 44.500000000 5 33 -50 45 -20 45 -20 19 2 19 2 -10 -9 -10 -9 -14 -41 -14 -41 33 -50 4 -65592 21949 1997 231703 -215892 2871 -32.845267902 10.990986480 80.704632532 -75.197492163 67 -74 -36 -65 62 -61 -21 2 70 5 -33 11 3 -33 11 70 5 -21 2 62 -61 -36 -65 67 -74 4 62 -61 -21 2 70 5 -33 11 -21 2 62 -61 -36 -65 67 -74 0 -33 -76 81 11 -33 -76 81 11 -44 156 -22 6 -33 11 70 5 -21 2 62 -61 3 -16 66 67 15720 -87611 5429 1 -46 3 78 8 1 0 17 -33 11 -33 -1 -17 -1 -17 -13 -1 -13 -1 -25 15 -25 15 -37 31 -37 31 -50 47 -50 47 -62 63 -62 63 -74 79 -74 79 -75 81 -75 17 -33 11 -21 -1 -17 -1 -5 -13 -1 -13 11 -25 15 -25 27 -37 31 -37 44 -50 47 -50 59 -62 63 -62 75 -74 79 -74 80 -75 81 -75 2 2 0 -33 11 70 5 -21 2 62 -61 -36 -65 67 -74 -10 -9 -14 -41 -14 -41 33 -50 33 -50 45 -20
SEGMENT -69 -11 -110 78 -69 -11 20 30 20 30 -21 119 -31 -51 -60 -49 -31 -51 -23 65 -23 65 -52 67 4.000000000 0 -25 7 45.500000000 4 0 -9 1 -9 -4 0 -4 1 0 25 -1 25 -48 0 -48 -1 0 -69 -11 1 20 30 1 -69.000000000 -11.000000000 20.000000000 30.000000000 -21 119 20 30 20 30 -69 -11 -110 78 -69 -11 3 -69 -11 -110 78 -69 -11 20 30 20 30 -21 119 4 -69 -11 20 30 20 30 -21 119 20 30 -69 -11 -110 78 -69 -11 0 -69 -11 20 30 -69 -11 20 30 -58 -10 -80 50 -69 -11 -110 78 -69 -11 20 30 -28 8 -69 97 -134223 37963 4801 1 -31 -51 -23 65 1 0 21 -69 -11 -69 -7 -60 -7 -60 -3 -51 -3 -51 1 -42 1 -42 6 -33 6 -33 10 -24 10 -24 14 -15 14 -15 18 -6 18 -6 22 3 22 3 26 12 26 12 30 20 30 21 -69 -11 -65 -7 -60 -7 -56 -3 -51 -3 -47 1 -42 1 -37 6 -33 6 -29 10 -24 10 -20 14 -15 14 -11 18 -6 18 -2 22 3 22 7 26 12 26 16 30 20 30 2 3 1 -69 -11 -110 78 -69 -11 20 30 20 30 -21 119 -48 0 -48 -1 0 -9 1 -9 -4 0 -4 1
SEGMENT 86 -9 132 -94 86 -9 1 -55 1 -55 47 -140 -21 -31 -14 89 -21 -31 99 -38 99 -38 106 82 5.000000000 1 41 -33 46.500000000 3 14 -52 63 -46 63 -46 46 -7 46 -7 14 -52 1 86 -9 1 1 -55 1 86.000000000 -9.000000000 1.000000000 -55.000000000 47 -140 1 -55 1 -55 86 -9 132 -94 86 -9 3 86 -9 132 -94 86 -9 1 -55 1 -55 47 -140 4 1 -55 86 -9 132 -94 86 -9 86 -9 1 -55 1 -55 47 -140 0 1 -55 86 -9 1 -55 86 -9 56 95 -54 77 86 -9 132 -94 86 -9 1 -55 45 -31 91 -116 421081 -290931 9341 1 -21 -31 99 -38 1 0 21 86 -9 77 -9 77 -14 68 -14 68 -19 59 -19 59 -24 50 -24 50 -28 41 -28 41 -33 32 -33 32 -38 23 -38 23 -43 14 -43 14 -48 5 -48 5 -53 1 -53 1 -55 21 86 -9 82 -9 77 -14 73 -14 68 -19 64 -19 59 -24 54 -24 50 -28 46 -28 41 -33 37 -33 32 -38 28 -38 23 -43 19 -43 14 -48 10 -48 5 -53 3 -53 1 -55 2 1 2 1 -55 47 -140 86 -9 1 -55 86 -9 132 -94 14 -52 63 -46 63 -46 46 -7 46 -7 14 -52
SEGMENT -69 5 -69 6 -69 5 24 5 24 5 24 6 -69 5 -69 6 -69 5 24 5 24 5 24 6 6.000000000 0 -21 7 47.500000000 5 -31 -20 1 -8 1 -8 -2 23 -2 23 -38 30 -38 30 -52 -4 -52 -4 -31 -20 2 -69 5 1 24 5 1 -69.000000000 5.000000000 24.000000000 5.000000000 24 6 24 5 24 5 -69 5 -69 6 -69 5 3 -69 5 -69 6 -69 5 24 5 24 5 24 6 4 -69 5 24 5 24 5 24 6 24 5 -69 5 -69 6 -69 5 0 -69 5 24 5 -69 5 24 5 -74 19 -64 29 -69 5 -69 6 -69 5 24 5 -21 5 -21 6 -21 5 1 2 -69 5 -69 6 24 5 24 6 1 1 2 -69 5 24 5 2 -69 5 24 5 2 3 1 -69 5 -69 6 -69 5 24 5 24 5 24 6 1 -8 -2 23 -2 23 -38 30 -38 30 -52 -4
SEGMENT 6 -82 5 -82 6 -82 6 7 6 7 5 7 5 7 6 7 6 7 6 -82 5 -82 6 -82 7.000000000 1 11 -36 48.500000000 5 24 -63 36 -33 36 -33 10 -11 10 -11 -19 -22 -19 -22 -23 -54 -23 -54 24 -63 3 6 -82 1 6 7 1 6.000000000 -82.000000000 6.000000000 7.000000000 5 7 6 7 6 7 6 -82 5 -82 6 -82 3 6 -82 5 -82 6 -82 6 7 6 7 5 7 4 5 -82 6 -82 6 -82 6 7 6 7 5 7 6 7 6 -82 0 6 -82 6 7 6 -82 6 7 -1 88 -76 13 6 -82 5 -82 6 -82 6 7 6 -33 5 -33 6 -33 1 2 5 -82 6 -82 6 7 5 7 1 1 2 6 -82 6 7 2 6 -82 6 7 2 4 2 6 -82 5 -82 6 -82 6 7 6 7 5 7 10 -11 -19 -22 -19 -22 -23 -54 -23 -54 24 -63
SEGMENT -47 -67 -40 36 -52 -34 31 7 22 -68 38 32 -77 -72 -94 -56 -77 -72 -61 -55 -61 -55 -78 -39 8.000000000 0 -6 -13 49.500000000 4 0 -33 1 -33 11 0 11 1 0 1 -1 1 -33 0 -33 -1 0 -183853 -125161 4131 21822 5484 637 -44.505688695 -30.297990801 34.257456829 8.609105181 38 32 22 -68 31 7 -52 -34 -40 36 -47 -67 3 -47 -67 -40 36 -52 -34 31 7 22 -68 38 32 4 -52 -34 31 7 22 -68 38 32 31 7 -52 -34 -40 36 -47 -67 0 -45 -31 35 9 -45 -31 35 9 -15 26 -75 43 -47 -67 -40 36 -52 -34 31 7 0 -8 -41 75 533 -35359 4285 0 0 0 11 -45 -30 -45 -23 -29 -23 -29 -15 -13 -15 -13 -7 3 -7 3 1 19 1 19 9 34 9 11 -45 -30 -38 -23 -29 -23 -21 -15 -13 -15 -5 -7 3 -7 11 1 19 1 27 9 34 9 2 3 1 -47 -67 -40 36 -52 -34 31 7 22 -68 38 32 -33 0 -33 -1 0 -33 1 -33 11 0 11 1
SEGMENT -8 -41 -9 -42 -8 -41 -91 42 -91 42 -92 41 -102 49 -3 156 -102 49 5 -50 5 -50 104 57 9.000000000 1 -43 6 50.500000000 3 -74 -17 -25 -11 -25 -11 -42 28 -42 28 -74 -17 2 -8 -41 1 -91 42 1 -8.000000000 -41.000000000 -91.000000000 42.000000000 -92 41 -91 42 -91 42 -8 -41 -9 -42 -8 -41 3 -8 -41 -9 -42 -8 -41 -91 42 -91 42 -92 41 4 -9 -42 -8 -41 -8 -41 -91 42 -91 42 -92 41 -91 42 -8 -41 0 -91 -41 -8 42 -91 -41 -8 42 -133 33 -49 -49 -8 -41 -9 -42 -8 -41 -91 42 -44 -5 -45 -6 -44 -5 1 1 -102 49 5 -50 1 0 21 -8 -41 -8 -32 -17 -32 -17 -23 -26 -23 -26 -14 -35 -14 -35 -5 -44 -5 -44 4 -53 4 -53 13 -62 13 -62 22 -71 22 -71 31 -80 31 -80 40 -89 40 -89 42 -91 42 2 -8 -41 -91 42 2 0 2 -91 42 -92 41 -8 -41 -91 42 -8 -41 -9 -42 -25 -11 -42 28 -42 28 -74 -17 -74 -17 -25 -11
SEGMENT -87 27 -93 40 -87 27 4 69 4 69 -2 82 -98 35 -111 93 -98 35 18 61 18 61 5 119 10.000000000 0 -32 46 51.500000000 5 -46 15 -14 27 -14 27 -17 58 -17 58 -53 65 -53 65 -67 31 -67 31 -46 15 1 -87 27 1 4 69 1 -87.000000000 27.000000000 4.000000000 69.000000000 -2 82 4 69 4 69 -87 27 -93 40 -87 27 3 -87 27 -93 40 -87 27 4 69 4 69 -2 82 4 -87 27 4 69 4 69 -2 82 4 69 -87 27 -93 40 -87 27 0 -87 27 4 69 -87 27 4 69 -114 -65 -60 73 -87 27 -93 40 -87 27 4 69 -40 49 -46 62 -8176 9993 205 1 -98 35 18 61 1 0 11 -87 27 -87 37 -65 37 -65 47 -43 47 -43 57 -21 57 -21 68 1 68 1 69 4 69 11 -87 27 -77 37 -65 37 -55 47 -43 47 -33 57 -21 57 -10 68 1 68 2 69 4 69 2 3 2 -87 27 -93 40 -87 27 4 69 4 69 -2 82 -46 15 -14 27 -14 27 -17 58 -17 58 -53 65
SEGMENT -77 21 -14 103 -77 21 5 -42 5 -42 68 40 -51 -80 -54 -79 -51 -80 -9 46 -9 46 -12 47 11.000000000 1 -46 -9 52.500000000 5 -20 -40 -8 -10 -8 -10 -34 12 -34 12 -63 1 -63 1 -67 -31 -67 -31 -20 -40 2 -77 21 1 5 -42 1 -77.000000000 21.000000000 5.000000000 -42.000000000 68 40 5 -42 5 -42 -77 21 -14 103 -77 21 3 -77 21 -14 103 -77 21 5 -42 5 -42 68 40 4 5 -42 68 40 5 -42 -77 21 -14 103 -77 21 -77 21 5 -42 0 -77 -42 5 21 -77 -42 5 21 -98 47 -56 -37 -77 21 -14 103 -77 21 5 -42 -35 -11 28 71 -375641 -119427 10693 1 -51 -80 -9 46 1 0 13 -77 21 -77 10 -63 10 -63 -1 -49 -1 -49 -11 -35 -11 -35 -22 -21 -22 -21 -33 -7 -33 -7 -42 5 -42 13 -77 21 -66 10 -63 10 -52 -1 -49 -1 -39 -11 -35 -11 -24 -22 -21 -22 -10 -33 -7 -33 2 -42 5 -42 2 2 0 -77 21 -14 103 -77 21 5 -42 5 -42 68 40 -8 -10 -34 12 -34 12 -63 1 -63 1 -67 -31
SEGMENT -16 -79 -93 4 -16 -79 67 -2 67 -2 -10 81 89 -99 64 -96 89 -99 101 1 101 1 76 4 12.000000000 0 25 -40 6.500000000 4 0 -64 1 -64 55 0 55 1 0 -30 -1 -30 11 0 11 -1 0 -16 -79 1 67 -2 1 -16.000000000 -79.000000000 67.000000000 -2.000000000 -10 81 67 -2 67 -2 -16 -79 -93 4 -16 -79 3 -16 -79 -93 4 -16 -79 67 -2 67 -2 -10 81 4 -16 -79 67 -2 67 -2 -10 81 67 -2 -16 -79 -93 4 -16 -79 0 -16 -79 67 -2 -16 -79 67 -2 63 69 -95 65 -16 -79 -93 4 -16 -79 67 -2 -11 -75 -88 8 -145079 -956951 12818 0 0 0 15 -16 -79 -16 -67 -3 -67 -3 -55 10 -55 10 -43 23 -43 23 -31 36 -31 36 -19 49 -19 49 -7 62 -7 62 -2 67 -2 15 -16 -79 -4 -67 -3 -67 9 -55 10 -55 22 -43 23 -43 35 -31 36 -31 48 -19 49 -19 61 -7 62 -7 67 -2 67 -2 2 3 2 -16 -79 -93 4 -16 -79 67 -2 67 -2 -10 81 11 0 11 -1 0 -64 1 -64 55 0 55 1
SEGMENT 94 27 79 -72 90 5 9 -46 15 23 21 -78 -13 5 -18 129 -13 5 111 10 111 10 106 134 4.000000000 1 42 -15 7.500000000 3 24 -42 73 -36 73 -36 56 3 56 3 24 -42 0 36567 2202 403 17667 -37598 943 90.736972705 5.464019851 18.734888653 -39.870625663 21 -78 15 23 9 -46 90 5 79 -72 94 27 3 94 27 79 -72 90 5 9 -46 15 23 21 -78 4 9 -46 90 5 79 -72 94 27 90 5 9 -46 15 23 21 -78 0 18 -40 91 6 18 -40 91 6 58 86 -22 97 94 27 79 -72 90 5 9 -46 84 1 101 -26 42705 590 509 0 0 0 25 91 5 85 5 85 2 79 2 79 -2 73 -2 73 -6 67 -6 67 -9 61 -9 61 -13 55 -13 55 -17 49 -17 49 -21 43 -21 43 -25 37 -25 37 -28 31 -28 31 -32 25 -32 25 -36 19 -36 19 -40 25 91 5 88 5 85 2 83 2 79 -2 77 -2 73 -6 70 -6 67 -9 65 -9 61 -13 59 -13 55 -17 53 -17 49 -21 47 -21 43 -25 40 -25 37 -28 35 -28 31 -32 29 -32 25 -36 23 -36 19 -40 2 1 2 15 23 21 -78 90 5 9 -46 94 27 79 -72 56 3 24 -42 24 -42 73 -36 73 -36 56 3
SEGMENT -50 8 -25 52 -50 8 38 -42 38 -42 63 2 -3 -59 -32 -57 -3 -59 5 57 5 57 -24 59 5.000000000 0 -4 -10 8.500000000 5 -5 -26 27 -14 27 -14 24 17 24 17 -12 24 -12 24 -26 -10 -26 -10 -5 -26 0 -50 8 1 38 -42 1 -50.000000000 8.000000000 38.000000000 -42.000000000 63 2 38 -42 38 -42 -50 8 -25 52 -50 8 3 -50 8 -25 52 -50 8 38 -42 38 -42 63 2 4 38 -42 63 2 38 -42 -50 8 -25 52 -50 8 -50 8 38 -42 0 -50 -42 38 8 -50 -42 38 8 -58 80 -42 -4 -50 8 -25 52 -50 8 38 -42 -43 4 -18 48 -110098 10288 2561 1 -3 -59 5 57 1 0 21 -50 8 -41 8 -41 3 -32 3 -32 -2 -23 -2 -23 -7 -14 -7 -14 -12 -5 -12 -5 -18 4 -18 4 -23 13 -23 13 -28 22 -28 22 -33 31 -33 31 -38 38 -38 38 -42 21 -50 8 -46 8 -41 3 -37 3 -32 -2 -28 -2 -23 -7 -19 -7 -14 -12 -11 -12 -5 -18 -1 -18 4 -23 8 -23 13 -28 17 -28 22 -33 26 -33 31 -38 34 -38 38 -42 2 3 0 -50 8 -25 52 -50 8 38 -42 38 -42 63 2 -26 -10 -5 -26 -5 -26 27 -14 27 -14 24 17
SEGMENT -69 -25 -170 36 -69 -25 -8 76 -8 76 -109 137 -100 27 -93 147 -100 27 20 20 20 20 27 140 6.000000000 1 -45 16 9.500000000 5 -23 0 -11 30 -11 30 -37 52 -37 52 -66 41 -66 41 -70 9 -70 9 -23 0 1 -69 -25 1 -8 76 1 -69.000000000 -25.000000000 -8.000000000 76.000000000 -109 137 -8 76 -8 76 -69 -25 -170 36 -69 -25 3 -69 -25 -170 36 -69 -25 -8 76 -8 76 -109 137 4 -69 -25 -8 76 -8 76 -109 137 -8 76 -69 -25 -170 36 -69 -25 0 -69 -25 -8 76 -69 -25 -8 76 -84 -44 -94 68 -69 -25 -170 36 -69 -25 -8 76 -64 -17 -165 44 -892725 -235637 13922 1 -100 27 20 20 1 0 23 -69 -25 -63 -25 -63 -15 -57 -15 -57 -5 -51 -5 -51 5 -45 5 -45 15 -39 15 -39 25 -33 25 -33 35 -27 35 -27 45 -21 45 -21 55 -15 55 -15 65 -9 65 -9 75 -8 75 -8 76 23 -69 -25 64 108 64 -15 81 2 81 -5 98 12 98 5 114 21 114 15 131 32 131 25 147 41 147 35 164 52 164 45 180 61 180 55 197 72 197 65 213 81 213 75 -8 296 -8 76 2 4 1 -69 -25 -170 36 -69 -25 -8 76 -8 76 -109 137 -23 0 -11 30 -11 30 -37 52 -37 52 -66 41
SEGMENT -54 -27 -95 62 -54 -27 35 14 35 14 -6 103 -54 -27 -95 62 -54 -27 35 14 35 14 -6 103 7.000000000 0 -15 -16 10.500000000 4 0 -25 1 -25 11 0 11 1 0 9 -1 9 -33 0 -33 -1 0 -54 -27 1 35 14 1 -54.000000000 -27.000000000 35.000000000 14.000000000 -6 103 35 14 35 14 -54 -27 -95 62 -54 -27 3 -54 -27 -95 62 -54 -27 35 14 35 14 -6 103 4 -54 -27 35 14 35 14 -6 103 35 14 -54 -27 -95 62 -54 -27 0 -54 -27 35 14 -54 -27 35 14 -27 21 -81 49 -54 -27 -95 62 -54 -27 35 14 -44 -23 -85 66 -212351 -108020 4801 2 -54 -27 -95 62 35 14 -6 103 1 1 13 -54 -27 -54 -20 -39 -20 -39 -13 -24 -13 -24 -6 -9 -6 -9 1 6 1 6 8 21 8 21 14 35 14 13 -54 -27 -47 -20 -39 -20 -32 -13 -24 -13 -17 -6 -9 -6 -2 1 6 1 13 8 21 8 27 14 35 14 2 3 1 -54 -27 -95 62 -54 -27 35 14 35 14 -6 103 -33 0 -33 -1 0 -25 1 -25 11 0 11 1
SEGMENT 45 22 91 -63 45 22 -40 -24 -40 -24 6 -109 6 -109 -40 -24 -40 -24 45 22 91 -63 45 22 8.000000000 1 -5 -9 11.500000000 3 -27 -21 22 -15 22 -15 5 24 5 24 -27 -21 1 45 22 1 -40 -24 1 45.000000000 22.000000000 -40.000000000 -24.000000000 6 -109 -40 -24 -40 -24 45 22 91 -63 45 22 3 45 22 91 -63 45 22 -40 -24 -40 -24 6 -109 4 -40 -24 45 22 91 -63 45 22 45 22 -40 -24 -40 -24 6 -109 0 -40 -24 45 22 -40 -24 45 22 -16 23 -64 67 45 22 91 -63 45 22 -40 -24 35 17 81 -68 328545 155822 9341 2 6 -109 -40 -24 45 22 91 -63 1 1 13 45 22 30 22 30 14 15 14 15 6 0 6 0 -2 -15 -2 -15 -10 -30 -10 -30 -19 -40 -19 -40 -24 13 45 22 38 22 30 14 23 14 15 6 8 6 0 -2 -7 -2 -15 -10 -21 -10 -30 -19 -35 -19 -40 -24 2 1 2 -40 -24 6 -109 45 22 -40 -24 45 22 91 -63 -27 -21 22 -15 22 -15 5 24 5 24 -27 -21
SEGMENT -97 -75 6 -66 -62 -87 -21 1 -92 -12 10 -5 -108 -99 -125 -83 -108 -99 -92 -82 -92 -82 -109 -66 9.000000000 0 -44 -49 12.500000000 5 -49 -69 -17 -57 -17 -57 -20 -26 -20 -26 -56 -19 -56 -19 -70 -53 -70 -53 -49 -69 4 -10117 -13191 185 -216458 -64263 8689 -54.686486486 -71.302702703 -24.911727472 -7.395902866 10 -5 -92 -12 -21 1 -62 -87 6 -66 -97 -75 3 -97 -75 6 -66 -62 -87 -21 1 -92 -12 10 -5 4 -97 -75 6 -66 -62 -87 -21 1 10 -5 -92 -12 -21 1 -62 -87 0 -55 -72 -24 -7 -55 -72 -24 -7 -18 17 -126 -32 -97 -75 6 -66 -62 -87 -21 1 -49 -60 -137 -19 -465081 -563983 9425 0 0 0 9 -55 -71 -55 -52 -46 -52 -46 -33 -37 -33 -37 -14 -28 -14 -28 -7 -25 -7 9 -55 -71 -55 -63 -66 -52 -66 -74 -25 -33 -25 -55 16 -14 16 -48 -25 -7 2 4 2 -97 -75 6 -66 -62 -87 -21 1 -92 -12 10 -5 -56 -19 -70 -53 -70 -53 -49 -69 -49 -69 -17 -57
SEGMENT -3 -45 -4 -45 -3 -45 -3 44 -3 44 -4 44 -55 46 44 153 -55 46 52 -53 52 -53 151 54 10.000000000 1 -3 -6 13.500000000 5 15 -26 27 4 27 4 1 26 1 26 -28 15 -28 15 -32 -17 -32 -17 15 -26 0 -3 -45 1 -3 44 1 -3.000000000 -45.000000000 -3.000000000 44.000000000 -4 44 -3 44 -3 44 -3 -45 -4 -45 -3 -45 3 -3 -45 -4 -45 -3 -45 -3 44 -3 44 -4 44 4 -4 -45 -3 -45 -3 -45 -3 44 -3 44 -4 44 -3 44 -3 -45 1 -3 -45 -3 44 -3 -45 -3 44 -47 42 -48 41 -3 -45 -4 -45 -3 -45 -3 44 -3 -31 -4 -31 -3 -31 1 1 -55 46 52 -53 1 0 2 -3 -45 -3 44 2 -3 -45 -3 44 2 4 2 -3 -45 -4 -45 -3 -45 -3 44 -3 44 -4 44 -32 -17 15 -26 15 -26 27 4 27 4 1 26
SEGMENT -2 5 -3 6 -2 5 81 88 81 88 80 89 -22 38 -35 96 -22 38 94 64 94 64 81 122 11.000000000 0 37 40 14.500000000 4 0 27 1 27 59 0 59 1 0 61 -1 61 15 0 15 -1 0 -2 5 1 81 88 1 -2.000000000 5.000000000 81.000000000 88.000000000 80 89 81 88 81 88 -2 5 -3 6 -2 5 3 -2 5 -3 6 -2 5 81 88 81 88 80 89 4 -2 5 81 88 81 88 80 89 81 88 -2 5 -3 6 -2 5 0 -2 5 81 88 -2 5 81 88 -7 -7 3 169 -2 5 -3 6 -2 5 81 88 8 15 7 16 8 15 1 1 -22 38 94 64 1 0 17 -2 5 -2 16 9 16 9 27 20 27 20 38 31 38 31 49 42 49 42 60 53 60 53 71 64 71 64 82 75 82 75 88 81 88 2 -2 5 81 88 2 0 2 -2 5 -3 6 -2 5 81 88 81 88 80 89 15 0 15 -1 0 27 1 27 59 0 59 1
SEGMENT 35 -9 34 -10 35 -9 -48 74 -48 74 -49 73 -20 -31 -23 -30 -20 -31 22 95 22 95 19 96 12.000000000 1 -5 31 15.500000000 3 -31 15 18 21 18 21 1 60 1 60 -31 15 2 35 -9 1 -48 74 1 35.000000000 -9.000000000 -48.000000000 74.000000000 -49 73 -48 74 -48 74 35 -9 34 -10 35 -9 3 35 -9 34 -10 35 -9 -48 74 -48 74 -49 73 4 34 -10 35 -9 35 -9 -48 74 -48 74 -49 73 -48 74 35 -9 1 -48 -9 35 74 -48 -9 35 74 -122 44 26 26 35 -9 34 -10 35 -9 -48 74 24 2 23 1 24 2 1 1 -20 -31 22 95 1 0 15 35 -9 35 3 23 3 23 15 11 15 11 27 -1 27 -1 39 -13 39 -13 51 -25 51 -25 63 -37 63 -37 74 -48 74 2 35 -9 -48 74 2 0 2 -48 74 -49 73 35 -9 -48 74 35 -9 34 -10 18 21 1 60 1 60 -31 15 -31 15 18 21
SEGMENT -23 -62 -29 -49 -23 -62 68 -20 68 -20 62 -7 81 -100 56 -97 81 -100 93 0 93 0 68 3 4.000000000 0 27 -50 16.500000000 5 18 -74 50 -62 50 -62 47 -31 47 -31 11 -24 11 -24 -3 -58 -3 -58 18 -74 3 -23 -62 1 68 -20 1 -23.000000000 -62.000000000 68.000000000 -20.000000000 62 -7 68 -20 68 -20 -23 -62 -29 -49 -23 -62 3 -23 -62 -29 -49 -23 -62 68 -20 68 -20 62 -7 4 -23 -62 68 -20 68 -20 62 -7 68 -20 -23 -62 -29 -49 -23 -62 0 -23 -62 68 -20 -23 -62 68 -20 39 88 -85 48 -23 -62 -29 -49 -23 -62 68 -20 -8 -55 -14 -42 -1634 -11288 205 0 0 0 23 -23 -62 -23 -58 -14 -58 -14 -54 -5 -54 -5 -50 4 -50 4 -45 13 -45 13 -41 22 -41 22 -37 31 -37 31 -33 40 -33 40 -29 49 -29 49 -25 58 -25 58 -20 67 -20 67 -20 68 -20 23 -23 -62 -19 -58 -14 -58 -10 -54 -5 -54 -1 -50 4 -50 9 -45 13 -45 17 -41 22 -41 26 -37 31 -37 35 -33 40 -33 44 -29 49 -29 53 -25 58 -25 63 -20 67 -20 67 -20 68 -20 2 3 2 -23 -62 -29 -49 -23 -62 68 -20 68 -20 62 -7 47 -31 11 -24 11 -24 -3 -58 -3 -58 18 -74
SEGMENT -29 -12 74 -18 -17 -21 66 -84 -32 -88 71 -97 -42 -20 -47 104 -42 -20 82 -15 82 -15 77 109 5.000000000 1 23 -49 17.500000000 5 37 -73 49 -43 49 -43 23 -21 23 -21 -6 -32 -6 -32 -10 -64 -10 -64 37 -73 4 -57604 -23982 1997 243187 -281925 2871 -28.845267902 -12.009013520 84.704632532 -98.197492163 71 -97 -32 -88 66 -84 -17 -21 74 -18 -29 -12 3 -29 -12 74 -18 -17 -21 66 -84 -32 -88 71 -97 4 66 -84 -17 -21 74 -18 -29 -12 -17 -21 66 -84 -32 -88 71 -97 0 -29 -99 85 -12 -29 -99 85 -12 -17 183 -41 -13 -29 -12 74 -18 -17 -21 66 -84 -15 -23 48 60 -80175 -123207 5429 1 -42 -20 82 -15 1 0 35 -29 -12 -29 -17 -22 -17 -22 -23 -15 -23 -15 -28 -8 -28 -8 -33 -1 -33 -1 -38 6 -38 6 -44 13 -44 13 -49 20 -49 20 -54 27 -54 27 -60 34 -60 34 -65 41 -65 41 -70 48 -70 48 -76 55 -76 55 -81 62 -81 62 -86 69 -86 69 -92 76 -92 76 -97 83 -97 83 -98 85 -98 35 -29 -12 -24 -17 -22 -17 -16 -23 -15 -23 -10 -28 -8 -28 -3 -33 -1 -33 4 -38 6 -38 12 -44 13 -44 18 -49 20 -49 25 -54 27 -54 33 -60 34 -60 39 -65 41 -65 46 -70 48 -70 54 -76 55 -76 60 -81 62 -81 67 -86 69 -86 75 -92 76 -92 81 -97 83 -97 84 -98 85 -98 2 2 0 -29 -12 74 -18 -17 -21 66 -84 -32 -88 71 -97 -6 -32 -10 -64 -10 -64 37 -73 37 -73 49 -43
SEGMENT -87 -11 -164 72 -87 -11 -4 66 -4 66 -81 149 -43 -38 -72 -36 -43 -38 -35 78 -35 78 -64 80 6.000000000 0 -34 21 18.500000000 4 0 4 1 4 -16 0 -16 1 0 38 -1 38 -60 0 -60 -1 0 -87 -11 1 -4 66 1 -87.000000000 -11.000000000 -4.000000000 66.000000000 -81 149 -4 66 -4 66 -87 -11 -164 72 -87 -11 3 -87 -11 -164 72 -87 -11 -4 66 -4 66 -81 149 4 -87 -11 -4 66 -4 66 -81 149 -4 66 -87 -11 -164 72 -87 -11 0 -87 -11 -4 66 -87 -11 -4 66 -76 -70 -98 62 -87 -11 -164 72 -87 -11 -4 66 -73 2 -150 85 -935637 25553 12818 1 -43 -38 -35 78 1 0 29 -87 -11 -87 -5 -81 -5 -81 0 -75 0 -75 6 -69 6 -69 11 -63 11 -63 17 -57 17 -57 22 -51 22 -51 28 -45 28 -45 34 -39 34 -39 39 -33 39 -33 45 -27 45 -27 50 -21 50 -21 56 -15 56 -15 61 -9 61 -9 66 -4 66 29 -87 -11 -81 -5 -81 -5 -76 0 -75 0 -69 6 -69 6 -64 11 -63 11 -57 17 -57 17 -52 22 -51 22 -45 28 -45 28 -39 34 -39 34 -34 39 -33 39 -27 45 -27 45 -22 50 -21 50 -15 56 -15 56 -10 61 -9 61 -4 66 -4 66 2 3 2 -87 -11 -164 72 -87 -11 -4 66 -4 66 -81 149 -60 0 -60 -1 0 4 1 4 -16 0 -16 1
SEGMENT 35 1 111 -84 35 1 -50 -75 -50 -75 26 -160 -63 -40 -56 80 -63 -40 57 -47 57 -47 64 73 7.000000000 1 2 -41 19.500000000 3 -28 -61 21 -55 21 -55 4 -16 4 -16 -28 -61 0 35 1 1 -50 -75 1 35.000000000 1.000000000 -50.000000000 -75.000000000 26 -160 -50 -75 -50 -75 35 1 111 -84 35 1 3 35 1 111 -84 35 1 -50 -75 -50 -75 26 -160 4 -50 -75 35 1 111 -84 35 1 35 1 -50 -75 -50 -75 26 -160 0 -50 -75 35 1 -50 -75 35 1 25 34 -125 36 35 1 111 -84 35 1 -50 -75 20 -12 96 -97 262680 -158987 13001 1 -63 -40 57 -47 1 0 23 35 1 27 1 27 -6 19 -6 19 -13 11 -13 11 -20 3 -20 3 -28 -5 -28 -5 -35 -13 -35 -13 -42 -21 -42 -21 -49 -29 -49 -29 -56 -37 -56 -37 -63 -45 -63 -45 -71 -50 -71 -50 -75 23 35 1 34 1 27 -6 26 -6 19 -13 18 -13 11 -20 11 -20 3 -28 2 -28 -5 -35 -6 -35 -13 -42 -14 -42 -21 -49 -22 -49 -29 -56 -30 -56 -37 -63 -37 -63 -45 -71 -46 -71 -50 -75 2 1 2 -50 -75 26 -160 35 1 -50 -75 35 1 111 -84 4 -16 -28 -61 -28 -61 21 -55 21 -55 4 -16
SEGMENT -63 33 -38 77 -63 33 25 -17 25 -17 50 27 -63 33 -38 77 -63 33 25 -17 25 -17 50 27 8.000000000 0 -5 27 20.500000000 5 -18 -1 14 11 14 11 11 42 11 42 -25 49 -25 49 -39 15 -39 15 -18 -1 2 -63 33 1 25 -17 1 -63.000000000 33.000000000 25.000000000 -17.000000000 50 27 25 -17 25 -17 -63 33 -38 77 -63 33 3 -63 33 -38 77 -63 33 25 -17 25 -17 50 27 4 25 -17 50 27 25 -17 -63 33 -38 77 -63 33 -63 33 25 -17 0 -63 -17 25 33 -63 -17 25 33 -96 42 -30 8 -63 33 -38 77 -63 33 25 -17 -45 23 -20 67 -115495 58463 2561 2 -63 33 -38 77 25 -17 50 27 1 1 15 -63 33 -49 33 -49 25 -35 25 -35 17 -21 17 -21 9 -7 9 -7 1 7 1 7 -7 21 -7 21 -15 25 -15 25 -17 15 -63 33 -57 33 -49 25 -43 25 -35 17 -29 17 -21 9 -15 9 -7 1 -1 1 7 -7 13 -7 21 -15 23 -15 25 -17 2 3 0 -63 33 -38 77 -63 33 25 -17 25 -17 50 27 14 11 11 42 11 42 -25 49 -25 49 -39 15
SEGMENT -43 -86 -144 -25 -43 -86 18 15 18 15 -83 76 -83 76 18 15 18 15 -43 -86 -144 -25 -43 -86 9.000000000 1 -7 -33 21.500000000 5 3 -61 15 -31 15 -31 -11 -9 -11 -9 -40 -20 -40 -20 -44 -52 -44 -52 3 -61 3 -43 -86 1 18 15 1 -43.000000000 -86.000000000 18.000000000 15.000000000 -83 76 18 15 18 15 -43 -86 -144 -25 -43 -86 3 -43 -86 -144 -25 -43 -86 18 15 18 15 -83 76 4 -43 -86 18 15 18 15 -83 76 18 15 -43 -86 -144 -25 -43 -86 0 -43 -86 18 15 -43 -86 18 15 3 43 -129 33 -43 -86 -144 -25 -43 -86 18 15 -32 -68 -133 -7 -446817 -945903 13922 2 -144 -25 -43 -86 18 15 -83 76 1 1 15 -43 -86 -34 -86 -34 -71 -25 -71 -25 -56 -16 -56 -16 -41 -7 -41 -7 -26 2 -26 2 -11 11 -11 11 4 18 4 18 15 15 -43 -86 -132 3 -132 -71 -108 -47 -108 -56 -83 -31 -83 -41 -58 -16 -58 -26 -33 -1 -33 -11 -8 14 -8 4 18 30 18 15 2 4 1 -43 -86 -144 -25 -43 -86 18 15 18 15 -83 76 -11 -9 -40 -20 -40 -20 -44 -52 -44 -52 3 -61
SEGMENT -42 -73 -35 30 -47 -40 36 1 27 -74 43 26 -72 -78 -89 -62 -72 -78 -56 -61 -56 -61 -73 -45 10.000000000 0 -15 -18 22.500000000 4 0 -39 1 -39 16 0 16 1 0 -5 -1 -5 -28 0 -28 -1 0 -163198 -149947 4131 25007 1662 637 -39.505688695 -36.297990801 39.257456829 2.609105181 43 26 27 -74 36 1 -47 -40 -35 30 -42 -73 3 -42 -73 -35 30 -47 -40 36 1 27 -74 43 26 4 -47 -40 36 1 27 -74 43 26 36 1 -47 -40 -35 30 -42 -73 0 -40 -37 40 3 -40 -37 40 3 -4 37 -76 42 -42 -73 -35 30 -47 -40 36 1 -19 -26 -60 57 -81128 -111991 4285 0 0 0 9 -40 -36 -40 -27 -20 -27 -20 -17 0 -17 0 -7 20 -7 20 3 39 3 9 -40 -36 -31 -27 -20 -27 -10 -17 0 -17 10 -7 20 -7 30 3 39 3 2 3 1 -42 -73 -35 30 -47 -40 36 1 27 -74 43 26 -28 0 -28 -1 0 -39 1 -39 16 0 16 1
SEGMENT 41 42 87 -43 41 42 -44 -4 -44 -4 2 -89 -59 65 40 172 -59 65 48 -34 48 -34 147 73 11.000000000 1 -14 23 23.500000000 3 -31 -1 18 5 18 5 1 44 1 44 -31 -1 1 41 42 1 -44 -4 1 41.000000000 42.000000000 -44.000000000 -4.000000000 2 -89 -44 -4 -44 -4 41 42 87 -43 41 42 3 41 42 87 -43 41 42 -44 -4 -44 -4 2 -89 4 -44 -4 41 42 87 -43 41 42 41 42 -44 -4 -44 -4 2 -89 0 -44 -4 41 42 -44 -4 41 42 -40 -1 -48 83 41 42 87 -43 41 42 -44 -4 20 31 66 -54 188246 286936 9341 1 -59 65 48 -34 1 0 11 41 42 21 42 21 31 1 31 1 20 -19 20 -19 10 -39 10 -39 -1 -44 -1 -44 -4 11 41 42 32 42 21 31 12 31 1 20 -9 20 -19 10 -28 10 -39 -1 -41 -1 -44 -4 2 1 2 -44 -4 2 -89 41 42 -44 -4 41 42 87 -43 -31 -1 18 5 18 5 1 44 1 44 -31 -1
SEGMENT -14 39 -14 40 -14 39 79 39 79 39 79 40 -28 34 -41 92 -28 34 88 60 88 60 75 118 12.000000000 0 24 46 24.500000000 5 24 14 56 26 56 26 53 57 53 57 17 64 17 64 3 30 3 30 24 14 1 -14 39 1 79 39 1 -14.000000000 39.000000000 79.000000000 39.000000000 79 40 79 39 79 39 -14 39 -14 40 -14 39 3 -14 39 -14 40 -14 39 79 39 79 39 79 40 4 -14 39 79 39 79 39 79 40 79 39 -14 39 -14 40 -14 39 0 -14 39 79 39 -14 39 79 39 -53 40 25 118 -14 39 -14 40 -14 39 79 39 11 39 11 40 11 39 1 1 -28 34 88 60 1 0 2 -14 39 79 39 2 -14 39 79 39 2 3 1 -14 39 -14 40 -14 39 79 39 79 39 79 40 24 14 56 26 56 26 53 57 53 57 17 64
SEGMENT -10 -13 -11 -13 -10 -13 -10 76 -10 76 -11 76 -23 -34 -26 -33 -23 -34 19 92 19 92 16 93 4.000000000 1 -15 38 25.500000000 5 8 6 20 36 20 36 -6 58 -6 58 -35 47 -35 47 -39 15 -39 15 8 6 2 -10 -13 1 -10 76 1 -10.000000000 -13.000000000 -10.000000000 76.000000000 -11 76 -10 76 -10 76 -10 -13 -11 -13 -10 -13 3 -10 -13 -11 -13 -10 -13 -10 76 -10 76 -11 76 4 -11 -13 -10 -13 -10 -13 -10 76 -10 76 -11 76 -10 76 -10 -13 0 -10 -13 -10 76 -10 -13 -10 76 -86 3 -23 66 -10 -13 -11 -13 -10 -13 -10 76 -10 13 -11 13 -10 13 1 1 -23 -34 19 92 1 0 2 -10 -13 -10 76 2 -10 -13 -10 76 2 4 2 -10 -13 -11 -13 -10 -13 -10 76 -10 76 -11 76 20 36 -6 58 -6 58 -35 47 -35 47 -39 15
SEGMENT -26 -82 -27 -81 -26 -82 57 1 57 1 56 2 69 -95 44 -92 69 -95 81 5 81 5 56 8 5.000000000 0 8 -35 26.500000000 4 0 -60 1 -60 35 0 35 1 0 -26 -1 -26 -9 0 -9 -1 0 -26 -82 1 57 1 1 -26.000000000 -82.000000000 57.000000000 1.000000000 56 2 57 1 57 1 -26 -82 -27 -81 -26 -82 3 -26 -82 -27 -81 -26 -82 57 1 57 1 56 2 4 -26 -82 57 1 57 1 56 2 57 1 -26 -82 -27 -81 -26 -82 0 -26 -82 57 1 -26 -82 57 1 56 56 -108 58 -26 -82 -27 -81 -26 -82 57 1 -7 -63 -8 -62 -7 -63 1 0 0 0 35 -26 -82 -26 -77 -21 -77 -21 -72 -16 -72 -16 -67 -11 -67 -11 -62 -6 -62 -6 -57 -1 -57 -1 -52 4 -52 4 -47 9 -47 9 -42 14 -42 14 -37 19 -37 19 -32 24 -32 24 -27 29 -27 29 -22 34 -22 34 -17 39 -17 39 -12 44 -12 44 -7 49 -7 49 -2 54 -2 54 1 57 1 2 -26 -82 57 1 2 0 2 -26 -82 -27 -81 -26 -82 57 1 57 1 56 2 -9 0 -9 -1 0 -60 1 -60 35 0 35 1
SEGMENT 74 10 59 -89 70 -12 -11 -63 -5 6 1 -95 -33 -12 -38 112 -33 -12 91 -7 91 -7 86 117 6.000000000 1 25 -50 27.500000000 3 4 -59 53 -53 53 -53 36 -14 36 -14 4 -59 2 28507 -4649 403 -1193 -53629 943 70.736972705 -11.535980149 -1.265111347 -56.870625663 1 -95 -5 6 -11 -63 70 -12 59 -89 74 10 3 74 10 59 -89 70 -12 -11 -63 -5 6 1 -95 4 -11 -63 70 -12 59 -89 74 10 70 -12 -11 -63 -5 6 1 -95 0 -2 -57 71 -11 -2 -57 71 -11 55 83 -59 60 74 10 59 -89 70 -12 -11 -63 47 -26 64 -53 48067 -26819 1018 0 0 0 17 71 -12 61 -12 61 -18 51 -18 51 -24 41 -24 41 -30 31 -30 31 -37 21 -37 21 -43 11 -43 11 -49 1 -49 1 -55 -1 -55 -1 -57 17 71 -12 67 -12 61 -18 57 -18 51 -24 47 -24 41 -30 38 -30 31 -37 27 -37 21 -43 17 -43 11 -49 7 -49 1 -55 1 -55 -1 -57 2 1 2 -5 6 1 -95 70 -12 -11 -63 74 10 59 -89 53 -53 36 -14 36 -14 4 -59 4 -59 53 -53
SEGMENT -90 -47 -96 -34 -90 -47 1 -5 1 -5 -5 8 -47 -92 -76 -90 -47 -92 -39 24 -39 24 -68 26 7.000000000 0 -45 -42 28.500000000 5 -49 -59 -17 -47 -17 -47 -20 -16 -20 -16 -56 -9 -56 -9 -70 -43 -70 -43 -49 -59 0 -90 -47 1 1 -5 1 -90.000000000 -47.000000000 1.000000000 -5.000000000 -5 8 1 -5 1 -5 -90 -47 -96 -34 -90 -47 3 -90 -47 -96 -34 -90 -47 1 -5 1 -5 -5 8 4 -90 -47 1 -5 1 -5 -5 8 1 -5 -90 -47 -96 -34 -90 -47 0 -90 -47 1 -5 -90 -47 1 -5 -43 6 -137 -4 -90 -47 -96 -34 -90 -47 1 -5 -64 -35 -70 -22 -64 -35 1 1 -47 -92 -39 24 1 0 15 -90 -47 -90 -40 -75 -40 -75 -33 -60 -33 -60 -26 -45 -26 -45 -19 -30 -19 -30 -12 -15 -12 -15 -5 0 -5 0 -5 1 -5 15 -90 -47 -83 -40 -75 -40 -68 -33 -60 -33 -53 -26 -45 -26 -38 -19 -30 -19 -23 -12 -15 -12 -8 -5 0 -5 0 -5 1 -5 2 3 2 -90 -47 -96 -34 -90 -47 1 -5 1 -5 -5 8 -70 -43 -49 -59 -49 -59 -17 -47 -17 -47 -20 -16
SEGMENT -72 71 -9 153 -72 71 10 8 10 8 73 90 -92 37 -85 157 -92 37 28 30 28 30 35 150 8.000000000 1 -34 27 29.500000000 5 -15 10 -3 40 -3 40 -29 62 -29 62 -58 51 -58 51 -62 19 -62 19 -15 10 1 -72 71 1 10 8 1 -72.000000000 71.000000000 10.000000000 8.000000000 73 90 10 8 10 8 -72 71 -9 153 -72 71 3 -72 71 -9 153 -72 71 10 8 10 8 73 90 4 10 8 73 90 10 8 -72 71 -9 153 -72 71 -72 71 10 8 0 -72 8 10 71 -72 8 10 71 -143 2 -1 18 -72 71 -9 153 -72 71 10 8 -49 53 14 135 -522256 568943 10693 1 -92 37 28 30 1 0 19 -72 71 -72 63 -62 63 -62 56 -52 56 -52 48 -42 48 -42 40 -32 40 -32 33 -22 33 -22 25 -12 25 -12 17 -2 17 -2 10 8 10 8 8 10 8 19 -72 71 -64 63 -62 63 -55 56 -52 56 -44 48 -42 48 -34 40 -32 40 -25 33 -22 33 -14 25 -12 25 -4 17 -2 17 5 10 8 10 10 8 10 8 2 2 0 -72 71 -9 153 -72 71 10 8 10 8 73 90 -15 10 -3 40 -3 40 -29 62 -29 62 -58 51
SEGMENT -54 -74 -131 9 -54 -74 29 3 29 3 -48 86 -54 -74 -131 9 -54 -74 29 3 29 3 -48 86 9.000000000 0 -6 -49 30.500000000 4 0 -59 1 -59 17 0 17 1 0 -25 -1 -25 -27 0 -27 -1 0 -54 -74 1 29 3 1 -54.000000000 -74.000000000 29.000000000 3.000000000 -48 86 29 3 29 3 -54 -74 -131 9 -54 -74 3 -54 -74 -131 9 -54 -74 29 3 29 3 -48 86 4 -54 -74 29 3 29 3 -48 86 29 3 -54 -74 -131 9 -54 -74 0 -54 -74 29 3 -54 -74 29 3 20 26 -128 32 -54 -74 -131 9 -54 -74 29 3 -32 -53 -109 30 -406403 -683421 12818 2 -54 -74 -131 9 29 3 -48 86 1 1 19 -54 -74 -54 -65 -44 -65 -44 -55 -34 -55 -34 -46 -24 -46 -24 -37 -14 -37 -14 -28 -4 -28 -4 -18 6 -18 6 -9 16 -9 16 0 26 0 26 3 29 3 19 -54 -74 -45 -65 -44 -65 -34 -55 -34 -55 -25 -46 -24 -46 -15 -37 -14 -37 -5 -28 -4 -28 6 -18 6 -18 15 -9 16 -9 25 0 26 0 29 3 29 3 2 3 2 -54 -74 -131 9 -54 -74 29 3 29 3 -48 86 -27 0 -27 -1 0 -59 1 -59 17 0 17 1
SEGMENT 89 82 165 -3 89 82 4 6 4 6 80 -79 80 -79 4 6 4 6 89 82 165 -3 89 82 10.000000000 1 51 33 31.500000000 3 26 20 75 26 75 26 58 65 58 65 26 20 0 89 82 1 4 6 1 89.000000000 82.000000000 4.000000000 6.000000000 80 -79 4 6 4 6 89 82 165 -3 89 82 3 89 82 165 -3 89 82 4 6 4 6 80 -79 4 4 6 89 82 165 -3 89 82 89 82 4 6 4 6 80 -79 0 4 6 89 82 4 6 89 82 -2 7 10 171 89 82 165 -3 89 82 4 6 66 61 142 -24 855254 796206 13001 2 80 -79 4 6 89 82 165 -3 1 1 17 89 82 78 82 78 72 67 72 67 62 56 62 56 52 45 52 45 43 34 43 34 33 23 33 23 23 12 23 12 13 4 13 4 6 17 89 82 88 82 78 72 77 72 67 62 66 62 56 52 54 52 45 43 44 43 34 33 33 33 23 23 22 23 12 13 11 13 4 6 2 1 2 4 6 80 -79 89 82 4 6 89 82 165 -3 58 65 26 20 26 20 75 26 75 26 58 65
SEGMENT -11 -30 92 -21 24 -42 65 46 -6 33 96 40 -22 -54 -39 -38 -22 -54 -6 -37 -6 -37 -23 -21 11.000000000 0 45 -3 32.500000000 5 37 -24 69 -12 69 -12 66 19 66 19 30 26 30 26 16 -8 16 -8 37 -24 4 5793 -4866 185 530796 326742 8689 31.313513514 -26.302702703 61.088272528 37.604097134 96 40 -6 33 65 46 24 -42 92 -21 -11 -30 3 -11 -30 92 -21 24 -42 65 46 -6 33 96 40 4 -11 -30 92 -21 24 -42 65 46 96 40 -6 33 65 46 24 -42 0 31 -27 62 38 31 -27 62 38 23 58 5 99 -11 -30 92 -21 24 -42 65 46 45 3 -43 44 423861 28398 9425 0 0 0 7 31 -26 31 -3 42 -3 42 20 53 20 53 38 61 38 7 31 -26 31 -134 -100 -3 -100 -29 -51 20 -51 -74 61 38 2 4 2 -11 -30 92 -21 24 -42 65 46 -6 33 96 40 30 26 16 -8 16 -8 37 -24 37 -24 69 -12
SEGMENT 19 -8 -82 53 19 -8 80 93 80 93 -21 154 -5 89 94 196 -5 89 102 -10 102 -10 201 97 12.000000000 1 50 38 33.500000000 5 65 17 77 47 77 47 51 69 51 69 22 58 22 58 18 26 18 26 65 17 0 19 -8 1 80 93 1 19.000000000 -8.000000000 80.000000000 93.000000000 -21 154 80 93 80 93 19 -8 -82 53 19 -8 3 19 -8 -82 53 19 -8 80 93 80 93 -21 154 4 19 -8 80 93 80 93 -21 154 80 93 19 -8 -82 53 19 -8 0 19 -8 80 93 19 -8 80 93 -13 27 11 173 19 -8 -82 53 19 -8 80 93 36 21 -65 82 253222 144595 6961 1 -5 89 102 -10 1 0 13 19 -8 31 -8 31 12 43 12 43 32 55 32 55 52 67 52 67 72 79 72 79 92 80 92 80 93 13 19 -8 -20 31 -20 12 14 46 14 32 47 65 47 52 80 85 80 72 113 105 113 92 80 125 80 93 2 4 1 19 -8 -82 53 19 -8 80 93 80 93 -21 154 18 26 65 17 65 17 77 47 77 47 51 69
SEGMENT -25 -54 -66 35 -25 -54 64 -13 64 -13 23 76 -41 -41 -54 17 -41 -41 75 -15 75 -15 62 43 4.000000000 0 21 -38 34.500000000 4 0 -52 1 -52 40 0 40 1 0 -18 -1 -18 -4 0 -4 -1 0 -25 -54 1 64 -13 1 -25.000000000 -54.000000000 64.000000000 -13.000000000 23 76 64 -13 64 -13 -25 -54 -66 35 -25 -54 3 -25 -54 -66 35 -25 -54 64 -13 64 -13 23 76 4 -25 -54 64 -13 64 -13 23 76 64 -13 -25 -54 -66 35 -25 -54 0 -25 -54 64 -13 -25 -54 64 -13 29 77 -79 51 -25 -54 -66 35 -25 -54 64 -13 6 -40 -35 49 56587 -381855 9602 1 -41 -41 75 -15 1 0 21 -25 -54 -25 -50 -16 -50 -16 -46 -7 -46 -7 -42 2 -42 2 -37 11 -37 11 -33 20 -33 20 -29 29 -29 29 -25 38 -25 38 -21 47 -21 47 -17 56 -17 56 -13 64 -13 21 -25 -54 -21 -50 -16 -50 -12 -46 -7 -46 -3 -42 2 -42 7 -37 11 -37 15 -33 20 -33 24 -29 29 -29 33 -25 38 -25 42 -21 47 -21 51 -17 56 -17 60 -13 64 -13 2 3 1 -25 -54 -66 35 -25 -54 64 -13 64 -13 23 76 -4 0 -4 -1 0 -52 1 -52 40 0 40 1
SEGMENT 86 37 132 -48 86 37 1 -9 1 -9 47 -94 25 -52 22 -51 25 -52 67 74 67 74 64 75 5.000000000 1 43 11 35.500000000 3 14 -6 63 0 63 0 46 39 46 39 14 -6 1 86 37 1 1 -9 1 86.000000000 37.000000000 1.000000000 -9.000000000 47 -94 1 -9 1 -9 86 37 132 -48 86 37 3 86 37 132 -48 86 37 1 -9 1 -9 47 -94 4 1 -9 86 37 132 -48 86 37 86 37 1 -9 1 -9 47 -94 0 1 -9 86 37 1 -9 86 37 10 49 -8 123 86 37 132 -48 86 37 1 -9 55 20 101 -65 512881 188435 9341 1 25 -52 67 74 1 0 21 86 37 77 37 77 32 68 32 68 27 59 27 59 22 50 22 50 18 41 18 41 13 32 13 32 8 23 8 23 3 14 3 14 -2 5 -2 5 -7 1 -7 1 -9 21 86 37 82 37 77 32 73 32 68 27 64 27 59 22 54 22 50 18 46 18 41 13 37 13 32 8 28 8 23 3 19 3 14 -2 10 -2 5 -7 3 -7 1 -9 2 1 2 1 -9 47 -94 86 37 1 -9 86 37 132 -48 14 -6 63 0 63 0 46 39 46 39 14 -6
SEGMENT -73 -46 -73 -45 -73 -46 20 -46 20 -46 20 -45 28 -97 3 -94 28 -97 40 3 40 3 15 6 6.000000000 0 -23 -46 36.500000000 5 -35 -71 -3 -59 -3 -59 -6 -28 -6 -28 -42 -21 -42 -21 -56 -55 -56 -55 -35 -71 3 -73 -46 1 20 -46 1 -73.000000000 -46.000000000 20.000000000 -46.000000000 20 -45 20 -46 20 -46 -73 -46 -73 -45 -73 -46 3 -73 -46 -73 -45 -73 -46 20 -46 20 -46 20 -45 4 -73 -46 20 -46 20 -46 20 -45 20 -46 -73 -46 -73 -45 -73 -46 1 -73 -46 20 -46 -73 -46 20 -46 -27 66 -119 -26 -73 -46 -73 -45 -73 -46 20 -46 -36 -46 -36 -45 -36 -46 1 0 0 0 2 -73 -46 20 -46 2 -73 -46 20 -46 2 3 1 -73 -46 -73 -45 -73 -46 20 -46 20 -46 20 -45 -6 -28 -42 -21 -42 -21 -56 -55 -56 -55 -35 -71
SEGMENT -5 33 98 27 7 24 90 -39 -8 -43 95 -52 -18 25 -23 149 -18 25 106 30 106 30 101 154 7.000000000 1 50 -3 37.500000000 5 61 -28 73 2 73 2 47 24 47 24 18 13 18 13 14 -19 14 -19 61 -28 4 -9676 65883 1997 312091 -152730 2871 -4.845267902 32.990986480 108.704632532 -53.197492163 95 -52 -8 -43 90 -39 7 24 98 27 -5 33 3 -5 33 98 27 7 24 90 -39 -8 -43 95 -52 4 90 -39 7 24 98 27 -5 33 7 24 90 -39 -8 -43 95 -52 0 -5 -54 109 33 -5 -54 109 33 -38 162 28 56 -5 33 98 27 7 24 90 -39 25 10 88 93 136607 55452 5429 1 -18 25 106 30 1 0 27 -5 33 -5 26 4 26 4 19 13 19 13 13 22 13 22 6 31 6 31 -1 40 -1 40 -8 49 -8 49 -15 58 -15 58 -22 67 -22 67 -28 76 -28 76 -35 85 -35 85 -42 94 -42 94 -49 103 -49 103 -53 109 -53 27 -5 33 2 26 4 26 11 19 13 19 19 13 22 13 29 6 31 6 38 -1 40 -1 47 -8 49 -8 56 -15 58 -15 65 -22 67 -22 73 -28 76 -28 83 -35 85 -35 92 -42 94 -42 101 -49 103 -49 107 -53 109 -53 2 2 0 -5 33 98 27 7 24 90 -39 -8 -43 95 -52 18 13 14 -19 14 -19 61 -28 61 -28 73 2
SEGMENT -29 -5 -30 -4 -29 -5 54 78 54 78 53 79 5 -25 -24 -23 5 -25 13 91 13 91 -16 93 8.000000000 0 17 35 38.500000000 4 0 17 1 17 32 0 32 1 0 51 -1 51 -12 0 -12 -1 0 -29 -5 1 54 78 1 -29.000000000 -5.000000000 54.000000000 78.000000000 53 79 54 78 54 78 -29 -5 -30 -4 -29 -5 3 -29 -5 -30 -4 -29 -5 54 78 54 78 53 79 4 -29 -5 54 78 54 78 53 79 54 78 -29 -5 -30 -4 -29 -5 0 -29 -5 54 78 -29 -5 54 78 -24 -24 -34 132 -29 -5 -30 -4 -29 -5 54 78 -2 22 -3 23 -2 22 1 1 5 -25 13 91 1 0 23 -29 -5 -29 3 -21 3 -21 11 -13 11 -13 19 -5 19 -5 27 3 27 3 35 11 35 11 43 19 43 19 51 27 51 27 59 35 59 35 67 43 67 43 75 51 75 51 78 54 78 2 -29 -5 54 78 2 0 2 -29 -5 -30 -4 -29 -5 54 78 54 78 53 79 -12 0 -12 -1 0 17 1 17 32 0 32 1
SEGMENT 71 -15 70 -16 71 -15 -12 68 -12 68 -13 67 -30 30 -23 150 -30 30 90 23 90 23 97 143 9.000000000 1 21 30 39.500000000 3 5 9 54 15 54 15 37 54 37 54 5 9 2 71 -15 1 -12 68 1 71.000000000 -15.000000000 -12.000000000 68.000000000 -13 67 -12 68 -12 68 71 -15 70 -16 71 -15 3 71 -15 70 -16 71 -15 -12 68 -12 68 -13 67 4 70 -16 71 -15 71 -15 -12 68 -12 68 -13 67 -12 68 71 -15 0 -12 -15 71 68 -12 -15 71 68 -80 86 56 56 71 -15 70 -16 71 -15 -12 68 43 13 42 12 43 13 1 1 -30 30 90 23 1 0 21 71 -15 71 -6 62 -6 62 3 53 3 53 12 44 12 44 21 35 21 35 30 26 30 26 39 17 39 17 48 8 48 8 57 -1 57 -1 66 -10 66 -10 68 -12 68 2 71 -15 -12 68 2 0 2 -12 68 -13 67 71 -15 -12 68 71 -15 70 -16 54 15 37 54 37 54 5 9 5 9 54 15
SEGMENT -78 -46 -84 -33 -78 -46 13 -4 13 -4 7 9 -78 -46 -84 -33 -78 -46 13 -4 13 -4 7 9 10.000000000 0 -38 -29 40.500000000 5 -37 -58 -5 -46 -5 -46 -8 -15 -8 -15 -44 -8 -44 -8 -58 -42 -58 -42 -37 -58 2 -78 -46 1 13 -4 1 -78.000000000 -46.000000000 13.000000000 -4.000000000 7 9 13 -4 13 -4 -78 -46 -84 -33 -78 -46 3 -78 -46 -84 -33 -78 -46 13 -4 13 -4 7 9 4 -78 -46 13 -4 13 -4 7 9 13 -4 -78 -46 -84 -33 -78 -46 0 -78 -46 13 -4 -78 -46 13 -4 -32 17 -124 9 -78 -46 -84 -33 -78 -46 13 -4 -41 -29 -47 -16 -8411 -5932 205 2 -78 -46 -84 -33 13 -4 7 9 1 1 11 -78 -46 -78 -36 -56 -36 -56 -26 -34 -26 -34 -16 -12 -16 -12 -5 10 -5 10 -4 13 -4 11 -78 -46 -68 -36 -56 -36 -46 -26 -34 -26 -24 -16 -12 -16 -1 -5 10 -5 11 -4 13 -4 2 3 2 -78 -46 -84 -33 -78 -46 13 -4 13 -4 7 9 -5 -46 -8 -15 -8 -15 -44 -8 -44 -8 -58 -42
SEGMENT -74 3 -11 85 -74 3 8 -60 8 -60 71 22 71 22 8 -60 8 -60 -74 3 -11 85 -74 3 11.000000000 1 -41 -29 41.500000000 5 -17 -58 -5 -28 -5 -28 -31 -6 -31 -6 -60 -17 -60 -17 -64 -49 -64 -49 -17 -58 3 -74 3 1 8 -60 1 -74.000000000 3.000000000 8.000000000 -60.000000000 71 22 8 -60 8 -60 -74 3 -11 85 -74 3 3 -74 3 -11 85 -74 3 8 -60 8 -60 71 22 4 8 -60 71 22 8 -60 -74 3 -11 85 -74 3 -74 3 8 -60 0 -74 -60 8 3 -74 -60 8 3 -77 68 -71 -52 -74 3 -11 85 -74 3 8 -60 -41 -22 22 60 -440240 -237624 10693 2 -11 85 -74 3 8 -60 71 22 1 1 13 -74 3 -74 -8 -60 -8 -60 -19 -46 -19 -46 -29 -32 -29 -32 -40 -18 -40 -18 -51 -4 -51 -4 -60 8 -60 13 -74 3 -63 -8 -60 -8 -49 -19 -46 -19 -36 -29 -32 -29 -21 -40 -18 -40 -7 -51 -4 -51 5 -60 8 -60 2 2 0 -74 3 -11 85 -74 3 8 -60 8 -60 71 22 -31 -6 -60 -17 -60 -17 -64 -49 -64 -49 -17 -58
SEGMENT -5 -12 2 91 -10 21 73 62 64 -13 80 87 -35 -17 -52 -1 -35 -17 -19 0 -19 0 -36 16 12.000000000 0 25 44 42.500000000 4 0 22 1 22 53 0 53 1 0 56 -1 56 9 0 9 -1 0 -10351 102044 4131 48576 40519 637 -2.505688695 24.702009199 76.257456829 63.609105181 80 87 64 -13 73 62 -10 21 2 91 -5 -12 3 -5 -12 2 91 -10 21 73 62 64 -13 80 87 4 -10 21 73 62 64 -13 80 87 73 62 -10 21 2 91 -5 -12 0 -3 24 77 64 -3 24 77 64 -28 13 22 140 -5 -12 2 91 -10 21 73 62 36 44 -5 127 309463 375171 8570 0 0 0 9 -3 25 -3 36 21 36 21 48 45 48 45 60 69 60 69 64 76 64 9 -3 25 8 36 21 36 33 48 45 48 57 60 69 60 73 64 76 64 2 3 1 -5 -12 2 91 -10 21 73 62 64 -13 80 87 9 0 9 -1 0 22 1 22 53 0 53 1
SEGMENT 67 68 143 -17 67 68 -18 -8 -18 -8 58 -93 -24 72 75 179 -24 72 83 -27 83 -27 182 80 4.000000000 1 24 31 43.500000000 3 4 6 53 12 53 12 36 51 36 51 4 6 0 67 68 1 -18 -8 1 67.000000000 68.000000000 -18.000000000 -8.000000000 58 -93 -18 -8 -18 -8 67 68 143 -17 67 68 3 67 68 143 -17 67 68 -18 -8 -18 -8 58 -93 4 -18 -8 67 68 143 -17 67 68 67 68 -18 -8 -18 -8 58 -93 0 -18 -8 67 68 -18 -8 67 68 -10 -1 -26 135 67 68 143 -17 67 68 -18 -8 35 39 111 -46 452527 509844 13001 1 -24 72 83 -27 1 0 45 67 68 63 68 63 64 59 64 59 61 55 61 55 57 51 57 51 54 47 54 47 50 43 50 43 47 39 47 39 43 35 43 35 39 31 39 31 36 27 36 27 32 23 32 23 29 19 29 19 25 15 25 15 22 11 22 11 18 7 18 7 14 3 14 3 11 -1 11 -1 7 -5 7 -5 4 -9 4 -9 0 -13 0 -13 -4 -17 -4 -17 -7 -18 -7 -18 -8 45 67 68 67 68 63 64 62 64 59 61 59 61 55 57 54 57 51 54 51 54 47 50 46 50 43 47 43 47 39 43 39 43 35 39 34 39 31 36 31 36 27 32 26 32 23 29 23 29 19 25 18 25 15 22 15 22 11 18 11 18 7 14 6 14 3 11 3 11 -1 7 -2 7 -5 4 -5 4 -9 0 -9 0 -13 -4 -14 -4 -17 -7 -17 -7 -18 -8 2 1 2 -18 -8 58 -93 67 68 -18 -8 67 68 143 -17 36 51 4 6 4 6 53 12 53 12 36 51
SEGMENT -66 17 -41 61 -66 17 22 -33 22 -33 47 11 -73 3 -86 61 -73 3 43 29 43 29 30 87 5.000000000 0 -18 16 44.500000000 5 -21 -17 11 -5 11 -5 8 26 8 26 -28 33 -28 33 -42 -1 -42 -1 -21 -17 1 -66 17 1 22 -33 1 -66.000000000 17.000000000 22.000000000 -33.000000000 47 11 22 -33 22 -33 -66 17 -41 61 -66 17 3 -66 17 -41 61 -66 17 22 -33 22 -33 47 11 4 22 -33 47 11 22 -33 -66 17 -41 61 -66 17 -66 17 22 -33 0 -66 -33 22 17 -66 -33 22 17 -83 55 -49 -11 -66 17 -41 61 -66 17 22 -33 -27 -5 -2 39 -69322 -13113 2561 1 -73 3 43 29 1 0 21 -66 17 -57 17 -57 12 -48 12 -48 7 -39 7 -39 2 -30 2 -30 -3 -21 -3 -21 -9 -12 -9 -12 -14 -3 -14 -3 -19 6 -19 6 -24 15 -24 15 -29 22 -29 22 -33 21 -66 17 -62 17 -57 12 -53 12 -48 7 -44 7 -39 2 -35 2 -30 -3 -27 -3 -21 -9 -17 -9 -12 -14 -8 -14 -3 -19 1 -19 6 -24 10 -24 15 -29 18 -29 22 -33 2 3 0 -66 17 -41 61 -66 17 22 -33 22 -33 47 11 -21 -17 11 -5 11 -5 8 26 8 26 -28 33
SEGMENT -27 -36 -128 25 -27 -36 34 65 34 65 -67 126 -12 -51 -15 -50 -12 -51 30 75 30 75 27 76 6.000000000 1 -1 22 45.500000000 5 19 -11 31 19 31 19 5 41 5 41 -24 30 -24 30 -28 -2 -28 -2 19 -11 2 -27 -36 1 34 65 1 -27.000000000 -36.000000000 34.000000000 65.000000000 -67 126 34 65 34 65 -27 -36 -128 25 -27 -36 3 -27 -36 -128 25 -27 -36 34 65 34 65 -67 126 4 -27 -36 34 65 34 65 -67 126 34 65 -27 -36 -128 25 -27 -36 0 -27 -36 34 65 -27 -36 34 65 -31 9 -63 99 -27 -36 -128 25 -27 -36 34 65 -3 3 -104 64 -46311 44511 13922 1 -12 -51 30 75 1 0 23 -27 -36 -21 -36 -21 -26 -15 -26 -15 -16 -9 -16 -9 -6 -3 -6 -3 4 3 4 3 14 9 14 9 24 15 24 15 34 21 34 21 44 27 44 27 54 33 54 33 64 34 64 34 65 23 -27 -36 -34 -29 -34 -26 -18 -10 -18 -16 -1 1 -1 -6 15 10 15 4 32 21 32 14 48 30 48 24 65 41 65 34 82 51 82 44 98 60 98 54 115 71 115 64 34 145 34 65 2 4 1 -27 -36 -128 25 -27 -36 34 65 34 65 -67 126 31 19 5 41 5 41 -24 30 -24 30 -28 -2
SEGMENT -47 -2 -88 87 -47 -2 42 39 42 39 1 128 52 -35 27 -32 52 -35 64 65 64 65 39 68 7.000000000 0 -6 7 46.500000000 4 0 0 1 0 18 0 18 1 0 34 -1 34 -26 0 -26 -1 0 -47 -2 1 42 39 1 -47.000000000 -2.000000000 42.000000000 39.000000000 1 128 42 39 42 39 -47 -2 -88 87 -47 -2 3 -47 -2 -88 87 -47 -2 42 39 42 39 1 128 4 -47 -2 42 39 42 39 1 128 42 39 -47 -2 -88 87 -47 -2 0 -47 -2 42 39 -47 -2 42 39 -45 3 -49 81 -47 -2 -88 87 -47 -2 42 39 -5 17 -46 106 -49281 165993 9602 0 0 0 13 -47 -2 -47 5 -32 5 -32 12 -17 12 -17 19 -2 19 -2 26 13 26 13 33 28 33 28 39 42 39 13 -47 -2 -40 5 -32 5 -25 12 -17 12 -10 19 -2 19 5 26 13 26 20 33 28 33 34 39 42 39 2 3 1 -47 -2 -88 87 -47 -2 42 39 42 39 1 128 -26 0 -26 -1 0 0 1 0 18 0 18 1
SEGMENT 56 23 41 -76 52 1 -29 -50 -23 19 -17 -82 -51 1 -56 125 -51 1 73 6 73 6 68 130 8.000000000 1 10 -36 47.500000000 3 -14 -46 35 -40 35 -40 18 -1 18 -1 -14 -46 1 21253 590 403 -18167 -41370 943 52.736972705 1.464019851 -19.265111347 -43.870625663 -17 -82 -23 19 -29 -50 52 1 41 -76 56 23 3 56 23 41 -76 52 1 -29 -50 -23 19 -17 -82 4 -29 -50 52 1 41 -76 56 23 52 1 -29 -50 -23 19 -17 -82 0 -20 -44 53 2 -20 -44 53 2 24 52 -64 55 56 23 41 -76 52 1 -29 -50 13 -24 30 -51 6515 -12054 509 0 0 0 13 53 1 40 1 40 -7 27 -7 27 -15 14 -15 14 -23 1 -23 1 -31 -12 -31 -12 -39 -19 -39 -19 -44 13 53 1 48 1 40 -7 35 -7 27 -15 22 -15 14 -23 9 -23 1 -31 -4 -31 -12 -39 -14 -39 -19 -44 2 1 2 -23 19 -17 -82 52 1 -29 -50 56 23 41 -76 -14 -46 35 -40 35 -40 18 -1 18 -1 -14 -46
SEGMENT -27 -49 -27 -48 -27 -49 66 -49 66 -49 66 -48 13 -107 -16 -105 13 -107 21 9 21 9 -8 11 9.000000000 0 18 -56 48.500000000 5 11 -74 43 -62 43 -62 40 -31 40 -31 4 -24 4 -24 -10 -58 -10 -58 11 -74 0 -27 -49 1 66 -49 1 -27.000000000 -49.000000000 66.000000000 -49.000000000 66 -48 66 -49 66 -49 -27 -49 -27 -48 -27 -49 3 -27 -49 -27 -48 -27 -49 66 -49 66 -49 66 -48 4 -27 -49 66 -49 66 -49 66 -48 66 -49 -27 -49 -27 -48 -27 -49 0 -27 -49 66 -49 -27 -49 66 -49 22 115 -76 17 -27 -49 -27 -48 -27 -49 66 -49 22 -49 22 -48 22 -49 1 1 13 -107 21 9 1 0 2 -27 -49 66 -49 2 -27 -49 66 -49 2 3 1 -27 -49 -27 -48 -27 -49 66 -49 66 -49 66 -48 -10 -58 11 -74 11 -74 43 -62 43 -62 40 -31
SEGMENT 5 4 4 4 5 4 5 93 5 93 4 93 -54 50 -47 170 -54 50 66 43 66 43 73 163 10.000000000 1 7 41 49.500000000 5 23 23 35 53 35 53 9 75 9 75 -20 64 -20 64 -24 32 -24 32 23 23 1 5 4 1 5 93 1 5.000000000 4.000000000 5.000000000 93.000000000 4 93 5 93 5 93 5 4 4 4 5 4 3 5 4 4 4 5 4 5 93 5 93 4 93 4 4 4 5 4 5 4 5 93 5 93 4 93 5 93 5 4 0 5 4 5 93 5 4 5 93 -88 1 9 98 5 4 4 4 5 4 5 93 5 54 4 54 5 54 1 1 -54 50 66 43 1 0 2 5 4 5 93 2 5 4 5 93 2 4 2 5 4 4 4 5 4 5 93 5 93 4 93 23 23 35 53 35 53 9 75 9 75 -20 64
SEGMENT 3 -81 2 -80 3 -81 86 2 86 2 85 3 3 -81 2 -80 3 -81 86 2 86 2 85 3 11.000000000 0 44 -48 50.500000000 4 0 -59 1 -59 64 0 64 1 0 -25 -1 -25 20 0 20 -1 0 3 -81 1 86 2 1 3.000000000 -81.000000000 86.000000000 2.000000000 85 3 86 2 86 2 3 -81 2 -80 3 -81 3 3 -81 2 -80 3 -81 86 2 86 2 85 3 4 3 -81 86 2 86 2 85 3 86 2 3 -81 2 -80 3 -81 0 3 -81 86 2 3 -81 86 2 84 84 -78 88 3 -81 2 -80 3 -81 86 2 39 -45 38 -44 39 -45 1 2 3 -81 2 -80 86 2 85 3 1 1 17 3 -81 3 -70 14 -70 14 -59 25 -59 25 -48 36 -48 36 -37 47 -37 47 -26 58 -26 58 -15 69 -15 69 -4 80 -4 80 2 86 2 2 3 -81 86 2 2 0 2 3 -81 2 -80 3 -81 86 2 86 2 85 3 20 0 20 -1 0 -59 1 -59 64 0 64 1
SEGMENT 78 -21 77 -22 78 -21 -5 62 -5 62 -6 61 -6 61 -5 62 -5 62 78 -21 77 -22 78 -21 12.000000000 1 40 17 51.500000000 3 12 3 61 9 61 9 44 48 44 48 12 3 2 78 -21 1 -5 62 1 78.000000000 -21.000000000 -5.000000000 62.000000000 -6 61 -5 62 -5 62 78 -21 77 -22 78 -21 3 78 -21 77 -22 78 -21 -5 62 -5 62 -6 61 4 77 -22 78 -21 78 -21 -5 62 -5 62 -6 61 -5 62 78 -21 1 -5 -21 78 62 -5 -21 78 62 -67 99 57 57 78 -21 77 -22 78 -21 -5 62 42 15 41 14 42 15 1 2 -6 61 -5 62 78 -21 77 -22 1 1 15 78 -21 78 -9 66 -9 66 3 54 3 54 15 42 15 42 27 30 27 30 39 18 39 18 51 6 51 6 62 -5 62 2 78 -21 -5 62 2 0 2 -5 62 -6 61 78 -21 -5 62 78 -21 77 -22 61 9 44 48 44 48 12 3 12 3 61 9
SEGMENT -33 -7 70 2 2 -19 43 69 -28 56 74 63 -44 -31 -61 -15 -44 -31 -28 -14 -28 -14 -45 2 4.000000000 0 26 21 52.500000000 5 15 -1 47 11 47 11 44 42 44 42 8 49 8 49 -6 15 -6 15 15 -1 4 1723 -611 185 339638 526589 8689 9.313513514 -3.302702703 39.088272528 60.604097134 74 63 -28 56 43 69 2 -19 70 2 -33 -7 3 -33 -7 70 2 2 -19 43 69 -28 56 74 63 4 -33 -7 70 2 2 -19 43 69 74 63 -28 56 43 69 2 -19 0 9 -4 40 61 9 -4 40 61 -22 13 6 100 -33 -7 70 2 2 -19 43 69 31 44 -57 85 294903 413429 9425 0 0 0 17 9 -3 9 6 14 6 14 15 18 15 18 24 22 24 22 33 26 33 26 42 30 42 30 51 35 51 35 60 39 60 39 61 39 61 17 9 -3 9 -13 -10 6 -10 -4 9 15 9 5 28 24 28 13 48 33 48 23 67 42 67 32 86 51 86 41 105 60 105 -5 39 61 2 4 2 -33 -7 70 2 2 -19 43 69 -28 56 74 63 8 49 -6 15 -6 15 15 -1 15 -1 47 11
SEGMENT -46 15 17 97 -46 15 36 -48 36 -48 99 34 -59 26 40 133 -59 26 48 -73 48 -73 147 34 5.000000000 1 -1 -24 6.500000000 5 11 -46 23 -16 23 -16 -3 6 -3 6 -32 -5 -32 -5 -36 -37 -36 -37 11 -46 0 -46 15 1 36 -48 1 -46.000000000 15.000000000 36.000000000 -48.000000000 99 34 36 -48 36 -48 -46 15 17 97 -46 15 3 -46 15 17 97 -46 15 36 -48 36 -48 99 34 4 36 -48 99 34 36 -48 -46 15 17 97 -46 15 -46 15 36 -48 0 -46 -48 36 15 -46 -48 36 15 -61 84 -31 -12 -46 15 17 97 -46 15 36 -48 -41 11 22 93 -437594 118689 10693 0 0 0 25 -46 15 -46 10 -39 10 -39 4 -32 4 -32 -1 -25 -1 -25 -7 -18 -7 -18 -12 -11 -12 -11 -17 -4 -17 -4 -23 3 -23 3 -28 10 -28 10 -33 17 -33 17 -39 24 -39 24 -44 31 -44 31 -48 36 -48 25 -46 15 -41 10 -39 10 -33 4 -32 4 -27 -1 -25 -1 -19 -7 -18 -7 -13 -12 -11 -12 -6 -17 -4 -17 2 -23 3 -23 8 -28 10 -28 15 -33 17 -33 23 -39 24 -39 29 -44 31 -44 35 -48 36 -48 2 2 0 -46 15 17 97 -46 15 36 -48 36 -48 99 34 -36 -37 11 -46 11 -46 23 -16 23 -16 -3 6
SEGMENT -24 12 -101 95 -24 12 59 89 59 89 -18 172 -34 38 -47 96 -34 38 82 64 82 64 69 122 6.000000000 0 31 42 7.500000000 4 0 27 1 27 47 0 47 1 0 61 -1 61 3 0 3 -1 0 -24 12 1 59 89 1 -24.000000000 12.000000000 59.000000000 89.000000000 -18 172 59 89 59 89 -24 12 -101 95 -24 12 3 -24 12 -101 95 -24 12 59 89 59 89 -18 172 4 -24 12 59 89 59 89 -18 172 59 89 -24 12 -101 95 -24 12 0 -24 12 59 89 -24 12 59 89 -36 -30 -12 148 -24 12 -101 95 -24 12 59 89 -19 17 -96 100 -120616 107708 6409 1 -34 38 82 64 1 0 29 -24 12 -24 18 -18 18 -18 23 -12 23 -12 29 -6 29 -6 34 0 34 0 40 6 40 6 45 12 45 12 51 18 51 18 57 24 57 24 62 30 62 30 68 36 68 36 73 42 73 42 79 48 79 48 84 54 84 54 89 59 89 29 -24 12 -18 18 -18 18 -13 23 -12 23 -6 29 -6 29 -1 34 0 34 6 40 6 40 11 45 12 45 18 51 18 51 24 57 24 57 29 62 30 62 36 68 36 68 41 73 42 73 48 79 48 79 53 84 54 84 59 89 59 89 2 3 2 -24 12 -101 95 -24 12 59 89 59 89 -18 172 3 0 3 -1 0 27 1 27 47 0 47 1
SEGMENT 86 2 162 -83 86 2 1 -74 1 -74 77 -159 34 -106 31 -105 34 -106 76 20 76 20 73 21 7.000000000 1 55 -42 8.500000000 3 23 -60 72 -54 72 -54 55 -15 55 -15 23 -60 0 86 2 1 1 -74 1 86.000000000 2.000000000 1.000000000 -74.000000000 77 -159 1 -74 1 -74 86 2 162 -83 86 2 3 86 2 162 -83 86 2 1 -74 1 -74 77 -159 4 1 -74 86 2 162 -83 86 2 86 2 1 -74 1 -74 77 -159 0 1 -74 86 2 1 -74 86 2 75 84 -73 88 86 2 162 -83 86 2 1 -74 80 -4 156 -89 1035976 -47414 13001 1 34 -106 76 20 1 0 23 86 2 78 2 78 -5 70 -5 70 -12 62 -12 62 -19 54 -19 54 -27 46 -27 46 -34 38 -34 38 -41 30 -41 30 -48 22 -48 22 -55 14 -55 14 -62 6 -62 6 -70 1 -70 1 -74 23 86 2 85 2 78 -5 77 -5 70 -12 69 -12 62 -19 62 -19 54 -27 53 -27 46 -34 45 -34 38 -41 37 -41 30 -48 29 -48 22 -55 21 -55 14 -62 14 -62 6 -70 5 -70 1 -74 2 1 2 1 -74 77 -159 86 2 1 -74 86 2 162 -83 55 -15 23 -60 23 -60 72 -54 72 -54 55 -15
SEGMENT -67 16 -42 60 -67 16 21 -34 21 -34 46 10 41 -44 16 -41 41 -44 53 56 53 56 28 59 8.000000000 0 -24 8 9.500000000 5 -22 -18 10 -6 10 -6 7 25 7 25 -29 32 -29 32 -43 -2 -43 -2 -22 -18 3 -67 16 1 21 -34 1 -67.000000000 16.000000000 21.000000000 -34.000000000 46 10 21 -34 21 -34 -67 16 -42 60 -67 16 3 -67 16 -42 60 -67 16 21 -34 21 -34 46 10 4 21 -34 46 10 21 -34 -67 16 -42 60 -67 16 -67 16 21 -34 0 -67 -34 21 16 -67 -34 21 16 -83 55 -51 -13 -67 16 -42 60 -67 16 21 -34 -59 11 -34 55 -150599 29051 2561 0 0 0 15 -67 16 -53 16 -53 8 -39 8 -39 0 -25 0 -25 -8 -11 -8 -11 -16 3 -16 3 -24 17 -24 17 -32 21 -32 21 -34 15 -67 16 -61 16 -53 8 -47 8 -39 0 -33 0 -25 -8 -19 -8 -11 -16 -5 -16 3 -24 9 -24 17 -32 19 -32 21 -34 2 3 0 -67 16 -42 60 -67 16 21 -34 21 -34 46 10 7 25 -29 32 -29 32 -43 -2 -43 -2 -22 -18
SEGMENT -31 -13 72 -19 -19 -22 64 -85 -34 -89 69 -98 -44 -21 -49 103 -44 -21 80 -16 80 -16 75 108 9.000000000 1 10 -48 10.500000000 5 35 -74 47 -44 47 -44 21 -22 21 -22 -8 -33 -8 -33 -12 -65 -12 -65 35 -74 4 -61598 -25979 1997 237445 -284796 2871 -30.845267902 -13.009013520 82.704632532 -99.197492163 69 -98 -34 -89 64 -85 -19 -22 72 -19 -31 -13 3 -31 -13 72 -19 -19 -22 64 -85 -34 -89 69 -98 4 64 -85 -19 -22 72 -19 -31 -13 -19 -22 64 -85 -34 -89 69 -98 0 -31 -100 83 -13 -31 -100 83 -13 -18 182 -44 -16 -31 -13 72 -19 -19 -22 64 -85 -22 -19 41 64 -121328 -105641 5429 1 -44 -21 80 -16 1 0 21 -31 -13 -31 -22 -19 -22 -19 -31 -7 -31 -7 -40 5 -40 5 -49 17 -49 17 -58 29 -58 29 -68 41 -68 41 -77 53 -77 53 -86 65 -86 65 -95 77 -95 77 -99 83 -99 21 -31 -13 -22 -22 -19 -22 -10 -31 -7 -31 2 -40 5 -40 14 -49 17 -49 26 -58 29 -58 39 -68 41 -68 50 -77 53 -77 62 -86 65 -86 74 -95 77 -95 81 -99 83 -99 2 2 0 -31 -13 72 -19 -19 -22 64 -85 -34 -89 69 -98 -8 -33 -12 -65 -12 -65 35 -74 35 -74 47 -44
SEGMENT -53 19 -94 108 -53 19 36 60 36 60 -5 149 -15 -21 -44 -19 -15 -21 -7 95 -7 95 -36 97 10.000000000 0 -17 40 11.500000000 4 0 21 1 21 12 0 12 1 0 55 -1 55 -32 0 -32 -1 0 -53 19 1 36 60 1 -53.000000000 19.000000000 36.000000000 60.000000000 -5 149 36 60 36 60 -53 19 -94 108 -53 19 3 -53 19 -94 108 -53 19 36 60 36 60 -5 149 4 -53 19 36 60 36 60 -5 149 36 60 -53 19 -94 108 -53 19 0 -53 19 36 60 -53 19 36 60 -72 -24 -34 96 -53 19 -94 108 -53 19 36 60 -43 24 -84 113 -411451 227333 9602 1 -15 -21 -7 95 1 0 11 -53 19 -53 29 -31 29 -31 39 -9 39 -9 49 13 49 13 60 35 60 35 60 36 60 11 -53 19 -43 29 -31 29 -21 39 -9 39 1 49 13 49 24 60 35 60 35 60 36 60 2 3 1 -53 19 -94 108 -53 19 36 60 36 60 -5 149 -32 0 -32 -1 0 21 1 21 12 0 12 1
SEGMENT 98 -4 144 -89 98 -4 13 -50 13 -50 59 -135 -9 -26 -2 94 -9 -26 111 -33 111 -33 118 87 11.000000000 1 45 -25 12.500000000 3 26 -47 75 -41 75 -41 58 -2 58 -2 26 -47 1 98 -4 1 13 -50 1 98.000000000 -4.000000000 13.000000000 -50.000000000 59 -135 13 -50 13 -50 98 -4 144 -89 98 -4 3 98 -4 144 -89 98 -4 13 -50 13 -50 59 -135 4 13 -50 98 -4 144 -89 98 -4 98 -4 13 -50 13 -50 59 -135 0 13 -50 98 -4 13 -50 98 -4 63 102 -37 94 98 -4 144 -89 98 -4 13 -50 87 -10 133 -95 812483 -93070 9341 1 -9 -26 111 -33 1 0 11 98 -4 78 -4 78 -15 58 -15 58 -26 38 -26 38 -36 18 -36 18 -47 13 -47 13 -50 11 98 -4 89 -4 78 -15 69 -15 58 -26 48 -26 38 -36 29 -36 18 -47 16 -47 13 -50 2 1 2 13 -50 59 -135 98 -4 13 -50 98 -4 144 -89 26 -47 75 -41 75 -41 58 -2 58 -2 26 -47
SEGMENT -44 41 -44 42 -44 41 49 41 49 41 49 42 -44 41 -44 42 -44 41 49 41 49 41 49 42 12.000000000 0 -4 46 13.500000000 5 -6 16 26 28 26 28 23 59 23 59 -13 66 -13 66 -27 32 -27 32 -6 16 2 -44 41 1 49 41 1 -44.000000000 41.000000000 49.000000000 41.000000000 49 42 49 41 49 41 -44 41 -44 42 -44 41 3 -44 41 -44 42 -44 41 49 41 49 41 49 42 4 -44 41 49 41 49 41 49 42 49 41 -44 41 -44 42 -44 41 0 -44 41 49 41 -44 41 49 41 -85 8 -3 90 -44 41 -44 42 -44 41 49 41 -30 41 -30 42 -30 41 1 2 -44 41 -44 42 49 41 49 42 1 1 2 -44 41 49 41 2 -44 41 49 41 2 3 1 -44 41 -44 42 -44 41 49 41 49 41 49 42 26 28 23 59 23 59 -13 66 -13 66 -27 32
SEGMENT 44 -5 43 -5 44 -5 44 84 44 84 43 84 43 84 44 84 44 84 44 -5 43 -5 44 -5 4.000000000 1 41 44 14.500000000 5 62 14 74 44 74 44 48 66 48 66 19 55 19 55 15 23 15 23 62 14 3 44 -5 1 44 84 1 44.000000000 -5.000000000 44.000000000 84.000000000 43 84 44 84 44 84 44 -5 43 -5 44 -5 3 44 -5 43 -5 44 -5 44 84 44 84 43 84 4 43 -5 44 -5 44 -5 44 84 44 84 43 84 44 84 44 -5 0 44 -5 44 84 44 -5 44 84 -40 49 39 128 44 -5 43 -5 44 -5 44 84 44 10 43 10 44 10 1 2 43 -5 44 -5 44 84 43 84 1 1 2 44 -5 44 84 2 44 -5 44 84 2 4 2 44 -5 43 -5 44 -5 44 84 44 84 43 84 48 66 19 55 19 55 15 23 15 23 62 14
SEGMENT -15 -36 -8 67 -20 -3 63 38 54 -37 70 63 -45 -41 -62 -25 -45 -41 -29 -24 -29 -24 -46 -8 5.000000000 0 18 21 15.500000000 4 0 -2 1 -2 43 0 43 1 0 32 -1 32 -1 0 -1 -1 0 -51661 2900 4131 42206 25231 637 -12.505688695 0.702009199 66.257456829 39.609105181 70 63 54 -37 63 38 -20 -3 -8 67 -15 -36 3 -15 -36 -8 67 -20 -3 63 38 54 -37 70 63 4 -20 -3 63 38 54 -37 70 63 63 38 -20 -3 -8 67 -15 -36 0 -13 0 67 40 -13 0 67 40 -14 27 -12 106 -15 -36 -8 67 -20 -3 63 38 1 8 -40 91 5351 32122 4285 0 0 0 17 -13 1 -13 5 -3 5 -3 10 7 10 7 15 17 15 17 20 27 20 27 25 37 25 37 30 47 30 47 35 57 35 57 40 66 40 17 -13 1 -9 5 -3 5 2 10 7 10 12 15 17 15 22 20 27 20 32 25 37 25 42 30 47 30 52 35 57 35 62 40 66 40 2 3 1 -15 -36 -8 67 -20 -3 63 38 54 -37 70 63 -1 0 -1 -1 0 -2 1 -2 43 0 43 1
SEGMENT 43 -52 42 -53 43 -52 -40 31 -40 31 -41 30 -51 38 48 145 -51 38 56 -61 56 -61 155 46 6.000000000 1 0 -2 16.500000000 3 -23 -28 26 -22 26 -22 9 17 9 17 -23 -28 2 43 -52 1 -40 31 1 43.000000000 -52.000000000 -40.000000000 31.000000000 -41 30 -40 31 -40 31 43 -52 42 -53 43 -52 3 43 -52 42 -53 43 -52 -40 31 -40 31 -41 30 4 42 -53 43 -52 43 -52 -40 31 -40 31 -41 30 -40 31 43 -52 0 -40 -52 43 31 -40 -52 43 31 -71 95 -9 -9 43 -52 42 -53 43 -52 -40 31 31 -40 30 -41 31 -40 1 1 -51 38 56 -61 1 0 29 43 -52 43 -46 37 -46 37 -40 31 -40 31 -34 25 -34 25 -28 19 -28 19 -22 13 -22 13 -16 7 -16 7 -10 1 -10 1 -4 -5 -4 -5 2 -11 2 -11 8 -17 8 -17 14 -23 14 -23 20 -29 20 -29 26 -35 26 -35 31 -40 31 2 43 -52 -40 31 2 0 2 -40 31 -41 30 43 -52 -40 31 43 -52 42 -53 26 -22 9 17 9 17 -23 -28 -23 -28 26 -22
SEGMENT -83 -23 -89 -10 -83 -23 8 19 8 19 2 32 -94 -15 -107 43 -94 -15 22 11 22 11 9 69 7.000000000 0 -36 -1 17.500000000 5 -42 -35 -10 -23 -10 -23 -13 8 -13 8 -49 15 -49 15 -63 -19 -63 -19 -42 -35 1 -83 -23 1 8 19 1 -83.000000000 -23.000000000 8.000000000 19.000000000 2 32 8 19 8 19 -83 -23 -89 -10 -83 -23 3 -83 -23 -89 -10 -83 -23 8 19 8 19 2 32 4 -83 -23 8 19 8 19 2 32 8 19 -83 -23 -89 -10 -83 -23 0 -83 -23 8 19 -83 -23 8 19 -60 -11 -106 27 -83 -23 -89 -10 -83 -23 8 19 -67 -16 -73 -3 -2753 -643 41 1 -94 -15 22 11 1 0 15 -83 -23 -83 -16 -68 -16 -68 -9 -53 -9 -53 -2 -38 -2 -38 5 -23 5 -23 12 -8 12 -8 19 7 19 7 19 8 19 15 -83 -23 -76 -16 -68 -16 -61 -9 -53 -9 -46 -2 -38 -2 -31 5 -23 5 -16 12 -8 12 -1 19 7 19 7 19 8 19 2 3 2 -83 -23 -89 -10 -83 -23 8 19 8 19 2 32 -42 -35 -10 -23 -10 -23 -13 8 -13 8 -49 15
SEGMENT -50 22 13 104 -50 22 32 -41 32 -41 95 41 -24 -79 -27 -78 -24 -79 18 47 18 47 15 48 8.000000000 1 -10 -24 18.500000000 5 7 -39 19 -9 19 -9 -7 13 -7 13 -36 2 -36 2 -40 -30 -40 -30 7 -39 2 -50 22 1 32 -41 1 -50.000000000 22.000000000 32.000000000 -41.000000000 95 41 32 -41 32 -41 -50 22 13 104 -50 22 3 -50 22 13 104 -50 22 32 -41 32 -41 95 41 4 32 -41 95 41 32 -41 -50 22 13 104 -50 22 -50 22 32 -41 0 -50 -41 32 22 -50 -41 32 22 -72 73 -28 -9 -50 22 13 104 -50 22 32 -41 -35 11 28 93 -376964 114097 10693 1 -24 -79 18 47 1 0 19 -50 22 -50 14 -40 14 -40 7 -30 7 -30 -1 -20 -1 -20 -9 -10 -9 -10 -16 0 -16 0 -24 10 -24 10 -32 20 -32 20 -39 30 -39 30 -41 32 -41 19 -50 22 -42 14 -40 14 -33 7 -30 7 -22 -1 -20 -1 -12 -9 -10 -9 -3 -16 0 -16 8 -24 10 -24 18 -32 20 -32 27 -39 30 -39 32 -41 32 -41 2 2 0 -50 22 13 104 -50 22 32 -41 32 -41 95 41 19 -9 -7 13 -7 13 -36 2 -36 2 -40 -30
SEGMENT -54 -70 -131 13 -54 -70 29 7 29 7 -48 90 51 -90 26 -87 51 -90 63 10 63 10 38 13 9.000000000 0 -4 -47 19.500000000 4 0 -55 1 -55 17 0 17 1 0 -21 -1 -21 -27 0 -27 -1 0 -54 -70 1 29 7 1 -54.000000000 -70.000000000 29.000000000 7.000000000 -48 90 29 7 29 7 -54 -70 -131 13 -54 -70 3 -54 -70 -131 13 -54 -70 29 7 29 7 -48 90 4 -54 -70 29 7 29 7 -48 90 29 7 -54 -70 -131 13 -54 -70 0 -54 -70 29 7 -54 -70 29 7 16 22 -124 36 -54 -70 -131 13 -54 -70 29 7 -40 -57 -117 26 -512643 -730709 12818 0 0 0 19 -54 -70 -54 -61 -44 -61 -44 -51 -34 -51 -34 -42 -24 -42 -24 -33 -14 -33 -14 -24 -4 -24 -4 -14 6 -14 6 -5 16 -5 16 4 26 4 26 7 29 7 19 -54 -70 -45 -61 -44 -61 -34 -51 -34 -51 -25 -42 -24 -42 -15 -33 -14 -33 -5 -24 -4 -24 6 -14 6 -14 15 -5 16 -5 25 4 26 4 29 7 29 7 2 3 2 -54 -70 -131 13 -54 -70 29 7 29 7 -48 90 -27 0 -27 -1 0 -55 1 -55 17 0 17 1
SEGMENT -4 14 -19 -85 -8 -8 -89 -59 -83 10 -77 -91 -111 -8 -116 116 -111 -8 13 -3 13 -3 8 121 10.000000000 1 -47 -44 20.500000000 3 -74 -55 -25 -49 -25 -49 -42 -10 -42 -10 -74 -55 0 -2927 -3037 403 -74747 -49857 943 -7.263027295 -7.535980149 -79.265111347 -52.870625663 -77 -91 -83 10 -89 -59 -8 -8 -19 -85 -4 14 3 -4 14 -19 -85 -8 -8 -89 -59 -83 10 -77 -91 4 -89 -59 -8 -8 -19 -85 -4 14 -8 -8 -89 -59 -83 10 -77 -91 0 -80 -53 -7 -7 -80 -53 -7 -7 -27 1 -133 -14 -4 14 -19 -85 -8 -8 -89 -59 -25 -18 -8 -45 -25127 -18837 1018 0 0 0 11 -7 -8 -23 -8 -23 -17 -39 -17 -39 -28 -55 -28 -55 -38 -71 -38 -71 -48 -79 -48 -79 -53 11 -7 -8 -14 -8 -23 -17 -28 -17 -39 -28 -45 -28 -55 -38 -61 -38 -71 -48 -74 -48 -79 -53 2 1 2 -83 10 -77 -91 -8 -8 -89 -59 -4 14 -19 -85 -42 -10 -74 -55 -74 -55 -25 -49 -25 -49 -42 -10
SEGMENT -61 -38 -36 6 -61 -38 27 -88 27 -88 52 -44 -14 -105 -43 -103 -14 -105 -6 11 -6 11 -35 13 11.000000000 0 -6 -53 21.500000000 5 -16 -72 16 -60 16 -60 13 -29 13 -29 -23 -22 -23 -22 -37 -56 -37 -56 -16 -72 0 -61 -38 1 27 -88 1 -61.000000000 -38.000000000 27.000000000 -88.000000000 52 -44 27 -88 27 -88 -61 -38 -36 6 -61 -38 3 -61 -38 -36 6 -61 -38 27 -88 27 -88 52 -44 4 27 -88 52 -44 27 -88 -61 -38 -36 6 -61 -38 -61 -38 27 -88 0 -61 -88 27 -38 -61 -88 27 -38 -23 115 -99 -61 -61 -38 -36 6 -61 -38 27 -88 -42 -49 -17 -5 -107337 -125093 2561 1 -14 -105 -6 11 1 0 11 -61 -38 -42 -38 -42 -49 -23 -49 -23 -60 -4 -60 -4 -70 15 -70 15 -81 27 -81 27 -88 11 -61 -38 -53 -38 -42 -49 -34 -49 -23 -60 -14 -60 -4 -70 4 -70 15 -81 20 -81 27 -88 2 3 0 -61 -38 -36 6 -61 -38 27 -88 27 -88 52 -44 -37 -56 -16 -72 -16 -72 16 -60 16 -60 13 -29
SEGMENT -45 -54 -146 7 -45 -54 16 47 16 47 -85 108 -76 -2 -69 118 -76 -2 44 -9 44 -9 51 111 12.000000000 1 -12 -10 22.500000000 5 1 -29 13 1 13 1 -13 23 -13 23 -42 12 -42 12 -46 -20 -46 -20 1 -29 1 -45 -54 1 16 47 1 -45.000000000 -54.000000000 16.000000000 47.000000000 -85 108 16 47 16 47 -45 -54 -146 7 -45 -54 3 -45 -54 -146 7 -45 -54 16 47 16 47 -85 108 4 -45 -54 16 47 16 47 -85 108 16 47 -45 -54 -146 7 -45 -54 0 -45 -54 16 47 -45 -54 16 47 -31 9 -99 63 -45 -54 -146 7 -45 -54 16 47 -33 -35 -134 26 -464779 -484037 13922 1 -76 -2 44 -9 1 0 13 -45 -54 -33 -54 -33 -34 -21 -34 -21 -14 -9 -14 -9 6 3 6 3 26 15 26 15 46 16 46 16 47 13 -45 -54 -36 -45 -36 -34 -3 -1 -3 -14 30 19 30 6 64 40 64 26 97 59 97 46 16 127 16 47 2 4 1 -45 -54 -146 7 -45 -54 16 47 16 47 -85 108 1 -29 13 1 13 1 -13 23 -13 23 -42 12
SEGMENT 0 -68 -41 21 0 -68 89 -27 89 -27 48 62 0 -68 -41 21 0 -68 89 -27 89 -27 48 62 4.000000000 0 48 -54 23.500000000 4 0 -66 1 -66 65 0 65 1 0 -32 -1 -32 21 0 21 -1 0 0 -68 1 89 -27 1 0.000000000 -68.000000000 89.000000000 -27.000000000 48 62 89 -27 89 -27 0 -68 -41 21 0 -68 3 0 -68 -41 21 0 -68 89 -27 89 -27 48 62 4 0 -68 89 -27 89 -27 48 62 89 -27 0 -68 -41 21 0 -68 0 0 -68 89 -27 0 -68 89 -27 68 116 -68 62 0 -68 -41 21 0 -68 89 -27 21 -58 -20 31 202831 -559497 9602 2 0 -68 -41 21 89 -27 48 62 1 1 21 0 -68 0 -64 9 -64 9 -60 18 -60 18 -56 27 -56 27 -51 36 -51 36 -47 45 -47 45 -43 54 -43 54 -39 63 -39 63 -35 72 -35 72 -31 81 -31 81 -27 89 -27 21 0 -68 4 -64 9 -64 13 -60 18 -60 22 -56 27 -56 32 -51 36 -51 40 -47 45 -47 49 -43 54 -43 58 -39 63 -39 67 -35 72 -35 76 -31 81 -31 85 -27 89 -27 2 3 1 0 -68 -41 21 0 -68 89 -27 89 -27 48 62 21 0 21 -1 0 -66 1 -66 65 0 65 1
SEGMENT 6 67 52 -18 6 67 -79 21 -79 21 -33 -64 -33 -64 -79 21 -79 21 6 67 52 -18 6 67 5.000000000 1 -35 39 24.500000000 3 -66 24 -17 30 -17 30 -34 69 -34 69 -66 24 1 6 67 1 -79 21 1 6.000000000 67.000000000 -79.000000000 21.000000000 -33 -64 -79 21 -79 21 6 67 52 -18 6 67 3 6 67 52 -18 6 67 -79 21 -79 21 -33 -64 4 -79 21 6 67 52 -18 6 67 6 67 -79 21 -79 21 -33 -64 0 -79 21 6 67 -79 21 6 67 -100 -61 -58 73 6 67 52 -18 6 67 -79 21 -16 55 30 -30 -149824 514435 9341 2 -33 -64 -79 21 6 67 52 -18 1 1 21 6 67 -3 67 -3 62 -12 62 -12 57 -21 57 -21 52 -30 52 -30 48 -39 48 -39 43 -48 43 -48 38 -57 38 -57 33 -66 33 -66 28 -75 28 -75 23 -79 23 -79 21 21 6 67 2 67 -3 62 -7 62 -12 57 -16 57 -21 52 -26 52 -30 48 -34 48 -39 43 -43 43 -48 38 -52 38 -57 33 -61 33 -66 28 -70 28 -75 23 -77 23 -79 21 2 1 2 -79 21 -33 -64 6 67 -79 21 6 67 52 -18 -66 24 -17 30 -17 30 -34 69 -34 69 -66 24
SEGMENT -12 -48 91 -39 23 -60 64 28 -7 15 95 22 -23 -72 -40 -56 -23 -72 -7 -55 -7 -55 -24 -39 6.000000000 0 50 -19 25.500000000 5 36 -42 68 -30 68 -30 65 1 65 1 29 8 29 8 15 -26 15 -26 36 -42 4 5608 -8196 185 522107 170340 8689 30.313513514 -44.302702703 60.088272528 19.604097134 95 22 -7 15 64 28 23 -60 91 -39 -12 -48 3 -12 -48 91 -39 23 -60 64 28 -7 15 95 22 4 -12 -48 91 -39 23 -60 64 28 95 22 -7 15 64 28 23 -60 0 30 -45 61 20 30 -45 61 20 40 75 -14 80 -12 -48 91 -39 23 -60 64 28 41 -21 -47 20 77549 -39708 1885 0 0 0 11 30 -44 30 -31 37 -31 37 -18 43 -18 43 -5 49 -5 49 8 55 8 55 20 60 20 11 30 -44 30 -237 -176 -31 -176 -46 -148 -18 -148 -33 -120 -5 -120 -20 -92 8 -92 -132 60 20 2 4 2 -12 -48 91 -39 23 -60 64 28 -7 15 95 22 29 8 15 -26 15 -26 36 -42 36 -42 68 -30
SEGMENT 2 -55 1 -55 2 -55 2 34 2 34 1 34 -50 36 49 143 -50 36 57 -63 57 -63 156 44 7.000000000 1 -6 -13 26.500000000 5 20 -36 32 -6 32 -6 6 16 6 16 -23 5 -23 5 -27 -27 -27 -27 20 -36 0 2 -55 1 2 34 1 2.000000000 -55.000000000 2.000000000 34.000000000 1 34 2 34 2 34 2 -55 1 -55 2 -55 3 2 -55 1 -55 2 -55 2 34 2 34 1 34 4 1 -55 2 -55 2 -55 2 34 2 34 1 34 2 34 2 -55 0 2 -55 2 34 2 -55 2 34 -32 57 -53 36 2 -55 1 -55 2 -55 2 34 2 -28 1 -28 2 -28 1 1 -50 36 57 -63 1 0 2 2 -55 2 34 2 2 -55 2 34 2 4 2 2 -55 1 -55 2 -55 2 34 2 34 1 34 -27 -27 20 -36 20 -36 32 -6 32 -6 6 16
SEGMENT -2 -18 -3 -17 -2 -18 81 65 81 65 80 66 -22 15 -35 73 -22 15 94 41 94 41 81 99 8.000000000 0 29 20 27.500000000 4 0 4 1 4 59 0 59 1 0 38 -1 38 15 0 15 -1 0 -2 -18 1 81 65 1 -2.000000000 -18.000000000 81.000000000 65.000000000 80 66 81 65 81 65 -2 -18 -3 -17 -2 -18 3 -2 -18 -3 -17 -2 -18 81 65 81 65 80 66 4 -2 -18 81 65 81 65 80 66 81 65 -2 -18 -3 -17 -2 -18 0 -2 -18 81 65 -2 -18 81 65 16 16 -20 146 -2 -18 -3 -17 -2 -18 81 65 17 1 16 2 17 1 1 1 -22 15 94 41 1 0 23 -2 -18 -2 -10 6 -10 6 -2 14 -2 14 6 22 6 22 14 30 14 30 22 38 22 38 30 46 30 46 38 54 38 54 46 62 46 62 54 70 54 70 62 78 62 78 65 81 65 2 -2 -18 81 65 2 0 2 -2 -18 -3 -17 -2 -18 81 65 81 65 80 66 15 0 15 -1 0 4 1 4 59 0 59 1
SEGMENT 20 -78 19 -79 20 -78 -63 5 -63 5 -64 4 -35 -100 -38 -99 -35 -100 7 26 7 26 4 27 9.000000000 1 -28 -35 28.500000000 3 -46 -54 3 -48 3 -48 -14 -9 -14 -9 -46 -54 2 20 -78 1 -63 5 1 20.000000000 -78.000000000 -63.000000000 5.000000000 -64 4 -63 5 -63 5 20 -78 19 -79 20 -78 3 20 -78 19 -79 20 -78 -63 5 -63 5 -64 4 4 19 -79 20 -78 20 -78 -63 5 -63 5 -64 4 -63 5 20 -78 0 -63 -78 20 5 -63 -78 20 5 -68 98 -58 -58 20 -78 19 -79 20 -78 -63 5 0 -58 -1 -59 0 -58 1 1 -35 -100 7 26 1 0 21 20 -78 20 -69 11 -69 11 -60 2 -60 2 -51 -7 -51 -7 -42 -16 -42 -16 -33 -25 -33 -25 -24 -34 -24 -34 -15 -43 -15 -43 -6 -52 -6 -52 3 -61 3 -61 5 -63 5 2 20 -78 -63 5 2 0 2 -63 5 -64 4 20 -78 -63 5 20 -78 19 -79 3 -48 -14 -9 -14 -9 -46 -54 -46 -54 3 -48
SEGMENT 2 20 -4 33 2 20 93 62 93 62 87 75 106 -18 81 -15 106 -18 118 82 118 82 93 85 10.000000000 0 44 35 29.500000000 5 43 8 75 20 75 20 72 51 72 51 36 58 36 58 22 24 22 24 43 8 3 2 20 1 93 62 1 2.000000000 20.000000000 93.000000000 62.000000000 87 75 93 62 93 62 2 20 -4 33 2 20 3 2 20 -4 33 2 20 93 62 93 62 87 75 4 2 20 93 62 93 62 87 75 93 62 2 20 -4 33 2 20 0 2 20 93 62 2 20 93 62 -18 31 22 155 2 20 -4 33 2 20 93 62 29 32 23 45 5909 6638 205 0 0 0 11 2 20 2 30 24 30 24 40 46 40 46 50 68 50 68 61 90 61 90 62 93 62 11 2 20 12 30 24 30 34 40 46 40 56 50 68 50 79 61 90 61 91 62 93 62 2 3 2 2 20 -4 33 2 20 93 62 93 62 87 75 72 51 36 58 36 58 22 24 22 24 43 8
SEGMENT -51 -11 52 -17 -39 -20 44 -83 -54 -87 49 -96 -64 -19 -69 105 -64 -19 60 -14 60 -14 55 110 11.000000000 1 -7 -45 30.500000000 5 15 -72 27 -42 27 -42 1 -20 1 -20 -28 -31 -28 -31 -32 -63 -32 -63 15 -72 4 -101538 -21985 1997 180025 -279054 2871 -50.845267902 -11.009013520 62.704632532 -97.197492163 49 -96 -54 -87 44 -83 -39 -20 52 -17 -51 -11 3 -51 -11 52 -17 -39 -20 44 -83 -54 -87 49 -96 4 44 -83 -39 -20 52 -17 -51 -11 -39 -20 44 -83 -54 -87 49 -96 0 -51 -98 63 -11 -51 -98 63 -11 -40 160 -62 -34 -51 -11 52 -17 -39 -20 44 -83 -27 -29 36 54 -293733 -315629 10858 1 -64 -19 60 -14 1 0 17 -51 -11 -51 -22 -36 -22 -36 -34 -21 -34 -21 -45 -6 -45 -6 -56 9 -56 9 -68 24 -68 24 -79 39 -79 39 -91 54 -91 54 -97 63 -97 17 -51 -11 -40 -22 -36 -22 -24 -34 -21 -34 -10 -45 -6 -45 5 -56 9 -56 21 -68 24 -68 35 -79 39 -79 51 -91 54 -91 60 -97 63 -97 2 2 0 -51 -11 52 -17 -39 -20 44 -83 -54 -87 49 -96 -28 -31 -32 -63 -32 -63 15 -72 15 -72 27 -42
SEGMENT -28 -44 -105 39 -28 -44 55 33 55 33 -22 116 16 -71 -13 -69 16 -71 24 45 24 45 -5 47 12.000000000 0 17 -9 31.500000000 4 0 -29 1 -29 43 0 43 1 0 5 -1 5 -1 0 -1 -1 0 -28 -44 1 55 33 1 -28.000000000 -44.000000000 55.000000000 33.000000000 -22 116 55 33 55 33 -28 -44 -105 39 -28 -44 3 -28 -44 -105 39 -28 -44 55 33 55 33 -22 116 4 -28 -44 55 33 55 33 -22 116 55 33 -28 -44 -105 39 -28 -44 0 -28 -44 55 33 -28 -44 55 33 16 22 -72 88 -28 -44 -105 39 -28 -44 55 33 -5 -23 -82 60 -33123 -146245 6409 1 16 -71 24 45 1 0 15 -28 -44 -28 -32 -15 -32 -15 -20 -2 -20 -2 -8 11 -8 11 4 24 4 24 16 37 16 37 28 50 28 50 33 55 33 15 -28 -44 -16 -32 -15 -32 -3 -20 -2 -20 10 -8 11 -8 23 4 24 4 36 16 37 16 49 28 50 28 55 33 55 33 2 3 2 -28 -44 -105 39 -28 -44 55 33 55 33 -22 116 -1 0 -1 -1 0 -29 1 -29 43 0 43 1
SEGMENT -5 75 71 -10 -5 75 -90 -1 -90 -1 -14 -86 -103 34 -96 154 -103 34 17 27 17 27 24 147 4.000000000 1 -46 36 32.500000000 3 -68 13 -19 19 -19 19 -36 58 -36 58 -68 13 0 -5 75 1 -90 -1 1 -5.000000000 75.000000000 -90.000000000 -1.000000000 -14 -86 -90 -1 -90 -1 -5 75 71 -10 -5 75 3 -5 75 71 -10 -5 75 -90 -1 -90 -1 -14 -86 4 -90 -1 -5 75 71 -10 -5 75 -5 75 -90 -1 -90 -1 -14 -86 0 -90 -1 -5 75 -90 -1 -5 75 -89 -80 -91 70 -5 75 71 -10 -5 75 -90 -1 -29 53 47 -32 -380525 692963 13001 1 -103 34 17 27 1 0 45 -5 75 -9 75 -9 71 -13 71 -13 68 -17 68 -17 64 -21 64 -21 61 -25 61 -25 57 -29 57 -29 54 -33 54 -33 50 -37 50 -37 46 -41 46 -41 43 -45 43 -45 39 -49 39 -49 36 -53 36 -53 32 -57 32 -57 29 -61 29 -61 25 -65 25 -65 21 -69 21 -69 18 -73 18 -73 14 -77 14 -77 11 -81 11 -81 7 -85 7 -85 3 -89 3 -89 0 -90 0 -90 -1 45 -5 75 -5 75 -9 71 -10 71 -13 68 -13 68 -17 64 -18 64 -21 61 -21 61 -25 57 -26 57 -29 54 -29 54 -33 50 -33 50 -37 46 -38 46 -41 43 -41 43 -45 39 -46 39 -49 36 -49 36 -53 32 -54 32 -57 29 -57 29 -61 25 -61 25 -65 21 -66 21 -69 18 -69 18 -73 14 -74 14 -77 11 -77 11 -81 7 -81 7 -85 3 -86 3 -89 0 -89 0 -90 -1 2 1 2 -90 -1 -14 -86 -5 75 -90 -1 -5 75 71 -10 -36 58 -68 13 -68 13 -19 19 -19 19 -36 58
SEGMENT -32 28 -7 72 -32 28 56 -22 56 -22 81 22 -32 28 -7 72 -32 28 56 -22 56 -22 81 22 5.000000000 0 18 25 33.500000000 5 13 -6 45 6 45 6 42 37 42 37 6 44 6 44 -8 10 -8 10 13 -6 2 -32 28 1 56 -22 1 -32.000000000 28.000000000 56.000000000 -22.000000000 81 22 56 -22 56 -22 -32 28 -7 72 -32 28 3 -32 28 -7 72 -32 28 56 -22 56 -22 81 22 4 56 -22 81 22 56 -22 -32 28 -7 72 -32 28 -32 28 56 -22 0 -32 -22 56 28 -32 -22 56 28 -60 78 -4 34 -32 28 -7 72 -32 28 56 -22 -3 11 22 55 -7108 29183 2561 2 -32 28 -7 72 56 -22 81 22 1 1 21 -32 28 -23 28 -23 23 -14 23 -14 18 -5 18 -5 13 4 13 4 8 13 8 13 2 22 2 22 -3 31 -3 31 -8 40 -8 40 -13 49 -13 49 -18 56 -18 56 -22 21 -32 28 -28 28 -23 23 -19 23 -14 18 -10 18 -5 13 -1 13 4 8 7 8 13 2 17 2 22 -3 26 -3 31 -8 35 -8 40 -13 44 -13 49 -18 52 -18 56 -22 2 3 0 -32 28 -7 72 -32 28 56 -22 56 -22 81 22 45 6 42 37 42 37 6 44 6 44 -8 10
SEGMENT -64 -41 -165 20 -64 -41 -3 60 -3 60 -104 121 -104 121 -3 60 -3 60 -64 -41 -165 20 -64 -41 6.000000000 1 -36 15 34.500000000 5 -18 -16 -6 14 -6 14 -32 36 -32 36 -61 25 -61 25 -65 -7 -65 -7 -18 -16 3 -64 -41 1 -3 60 1 -64.000000000 -41.000000000 -3.000000000 60.000000000 -104 121 -3 60 -3 60 -64 -41 -165 20 -64 -41 3 -64 -41 -165 20 -64 -41 -3 60 -3 60 -104 121 4 -64 -41 -3 60 -3 60 -104 121 -3 60 -64 -41 -165 20 -64 -41 0 -64 -41 -3 60 -64 -41 -3 60 -63 -23 -105 57 -64 -41 -165 20 -64 -41 -3 60 -46 -11 -147 50 -319600 -76937 6961 2 -165 20 -64 -41 -3 60 -104 121 1 1 23 -64 -41 -58 -41 -58 -31 -52 -31 -52 -21 -46 -21 -46 -11 -40 -11 -40 -1 -34 -1 -34 9 -28 9 -28 19 -22 19 -22 29 -16 29 -16 39 -10 39 -10 49 -4 49 -4 59 -3 59 -3 60 23 -64 -41 14 37 14 -31 30 -15 30 -21 47 -4 47 -11 63 5 63 -1 80 16 80 9 96 25 96 19 113 36 113 29 130 46 130 39 146 55 146 49 163 66 163 59 -3 225 -3 60 2 4 1 -64 -41 -165 20 -64 -41 -3 60 -3 60 -104 121 -32 36 -61 25 -61 25 -65 -7 -65 -7 -18 -16
SEGMENT -27 -63 -20 40 -32 -30 51 11 42 -64 58 36 -57 -68 -74 -52 -57 -68 -41 -51 -41 -51 -58 -35 7.000000000 0 9 -5 35.500000000 4 0 -29 1 -29 31 0 31 1 0 5 -1 5 -13 0 -13 -1 0 -101233 -108637 4131 34562 8032 637 -24.505688695 -26.297990801 54.257456829 12.609105181 58 36 42 -64 51 11 -32 -30 -20 40 -27 -63 3 -27 -63 -20 40 -32 -30 51 11 42 -64 58 36 4 -32 -30 51 11 42 -64 58 36 51 11 -32 -30 -20 40 -27 -63 0 -25 -27 55 13 -25 -27 55 13 1 42 -51 67 -27 -63 -20 40 -32 -30 51 11 7 -11 -34 72 29544 -46222 4285 0 0 0 13 -25 -26 -25 -20 -11 -20 -11 -13 3 -13 3 -6 17 -6 17 1 31 1 31 8 45 8 45 13 54 13 13 -25 -26 -19 -20 -11 -20 -4 -13 3 -13 10 -6 17 -6 24 1 31 1 38 8 45 8 50 13 54 13 2 3 1 -27 -63 -20 40 -32 -30 51 11 42 -64 58 36 -13 0 -13 -1 0 -29 1 -29 31 0 31 1
SEGMENT 7 2 53 -83 7 2 -78 -44 -78 -44 -32 -129 -93 25 6 132 -93 25 14 -74 14 -74 113 33 8.000000000 1 -39 -14 36.500000000 3 -65 -41 -16 -35 -16 -35 -33 4 -33 4 -65 -41 1 7 2 1 -78 -44 1 7.000000000 2.000000000 -78.000000000 -44.000000000 -32 -129 -78 -44 -78 -44 7 2 53 -83 7 2 3 7 2 53 -83 7 2 -78 -44 -78 -44 -32 -129 4 -78 -44 7 2 53 -83 7 2 7 2 -78 -44 -78 -44 -32 -129 0 -78 -44 7 2 -78 -44 7 2 -34 5 -122 9 7 2 53 -83 7 2 -78 -44 -25 -15 21 -100 -232283 -142410 9341 1 -93 25 14 -74 1 0 13 7 2 -8 2 -8 -6 -23 -6 -23 -14 -38 -14 -38 -22 -53 -22 -53 -30 -68 -30 -68 -39 -78 -39 -78 -44 13 7 2 0 2 -8 -6 -15 -6 -23 -14 -30 -14 -38 -22 -45 -22 -53 -30 -59 -30 -68 -39 -73 -39 -78 -44 2 1 2 -78 -44 -32 -129 7 2 -78 -44 7 2 53 -83 -65 -41 -16 -35 -16 -35 -33 4 -33 4 -65 -41
SEGMENT -73 -26 -73 -25 -73 -26 20 -26 20 -26 20 -25 -87 -31 -100 27 -87 -31 29 -5 29 -5 16 53 9.000000000 0 -26 -35 37.500000000 5 -35 -51 -3 -39 -3 -39 -6 -8 -6 -8 -42 -1 -42 -1 -56 -35 -56 -35 -35 -51 1 -73 -26 1 20 -26 1 -73.000000000 -26.000000000 20.000000000 -26.000000000 20 -25 20 -26 20 -26 -73 -26 -73 -25 -73 -26 3 -73 -26 -73 -25 -73 -26 20 -26 20 -26 20 -25 4 -73 -26 20 -26 20 -26 20 -25 20 -26 -73 -26 -73 -25 -73 -26 0 -73 -26 20 -26 -73 -26 20 -26 -47 46 -99 -6 -73 -26 -73 -25 -73 -26 20 -26 -35 -26 -35 -25 -35 -26 1 1 -87 -31 29 -5 1 0 2 -73 -26 20 -26 2 -73 -26 20 -26 2 3 1 -73 -26 -73 -25 -73 -26 20 -26 20 -26 20 -25 -35 -51 -3 -39 -3 -39 -6 -8 -6 -8 -42 -1
SEGMENT -38 -8 -39 -8 -38 -8 -38 81 -38 81 -39 81 -51 -29 -54 -28 -51 -29 -9 97 -9 97 -12 98 10.000000000 1 -34 27 38.500000000 5 -20 11 -8 41 -8 41 -34 63 -34 63 -63 52 -63 52 -67 20 -67 20 -20 11 2 -38 -8 1 -38 81 1 -38.000000000 -8.000000000 -38.000000000 81.000000000 -39 81 -38 81 -38 81 -38 -8 -39 -8 -38 -8 3 -38 -8 -39 -8 -38 -8 -38 81 -38 81 -39 81 4 -39 -8 -38 -8 -38 -8 -38 81 -38 81 -39 81 -38 81 -38 -8 0 -38 -8 -38 81 -38 -8 -38 81 -119 -30 -46 43 -38 -8 -39 -8 -38 -8 -38 81 -38 31 -39 31 -38 31 1 1 -51 -29 -9 97 1 0 2 -38 -8 -38 81 2 -38 -8 -38 81 2 4 2 -38 -8 -39 -8 -38 -8 -38 81 -38 81 -39 81 -8 41 -34 63 -34 63 -63 52 -63 52 -67 20
SEGMENT -40 -88 -41 -87 -40 -88 43 -5 43 -5 42 -4 55 -101 30 -98 55 -101 67 -1 67 -1 42 2 11.000000000 0 3 -57 39.500000000 4 0 -66 1 -66 21 0 21 1 0 -32 -1 -32 -23 0 -23 -1 0 -40 -88 1 43 -5 1 -40.000000000 -88.000000000 43.000000000 -5.000000000 42 -4 43 -5 43 -5 -40 -88 -41 -87 -40 -88 3 -40 -88 -41 -87 -40 -88 43 -5 43 -5 42 -4 4 -40 -88 43 -5 43 -5 42 -4 43 -5 -40 -88 -41 -87 -40 -88 0 -40 -88 43 -5 -40 -88 43 -5 48 48 -128 38 -40 -88 -41 -87 -40 -88 43 -5 -12 -60 -13 -59 -12 -60 1 0 0 0 17 -40 -88 -40 -77 -29 -77 -29 -66 -18 -66 -18 -55 -7 -55 -7 -44 4 -44 4 -33 15 -33 15 -22 26 -22 26 -11 37 -11 37 -5 43 -5 2 -40 -88 43 -5 2 0 2 -40 -88 -41 -87 -40 -88 43 -5 43 -5 42 -4 -23 0 -23 -1 0 -66 1 -66 21 0 21 1
SEGMENT 68 77 53 -22 64 55 -17 4 -11 73 -5 -28 -39 55 -44 179 -39 55 85 60 85 60 80 184 12.000000000 1 28 20 40.500000000 3 -2 8 47 14 47 14 30 53 30 53 -2 8 2 26089 22352 403 -6851 9552 943 64.736972705 55.464019851 -7.265111347 10.129374337 -5 -28 -11 73 -17 4 64 55 53 -22 68 77 3 68 77 53 -22 64 55 -17 4 -11 73 -5 -28 4 -17 4 64 55 53 -22 68 77 64 55 -17 4 -11 73 -5 -28 0 -8 10 65 56 -8 10 65 56 -18 10 2 121 68 77 53 -22 64 55 -17 4 30 34 47 7 30727 34315 1018 0 0 0 9 65 55 46 55 46 44 27 44 27 32 8 32 8 20 -7 20 -7 10 9 65 55 57 55 46 44 39 44 27 32 20 32 8 20 3 20 -7 10 2 1 2 -11 73 -5 -28 64 55 -17 4 68 77 53 -22 47 14 30 53 30 53 -2 8 -2 8 47 14
SEGMENT -22 3 -28 16 -22 3 69 45 69 45 63 58 21 -42 -8 -40 21 -42 29 74 29 74 0 76 4.000000000 0 32 11 41.500000000 5 19 -9 51 3 51 3 48 34 48 34 12 41 12 41 -2 7 -2 7 19 -9 0 -22 3 1 69 45 1 -22.000000000 3.000000000 69.000000000 45.000000000 63 58 69 45 69 45 -22 3 -28 16 -22 3 3 -22 3 -28 16 -22 3 69 45 69 45 63 58 4 -22 3 69 45 69 45 63 58 69 45 -22 3 -28 16 -22 3 0 -22 3 69 45 -22 3 69 45 -25 24 -19 114 -22 3 -28 16 -22 3 69 45 16 20 10 33 3238 4191 205 1 21 -42 29 74 1 0 23 -22 3 -22 7 -13 7 -13 11 -4 11 -4 15 5 15 5 20 14 20 14 24 23 24 23 28 32 28 32 32 41 32 41 36 50 36 50 40 59 40 59 45 68 45 68 45 69 45 23 -22 3 -18 7 -13 7 -9 11 -4 11 0 15 5 15 10 20 14 20 18 24 23 24 27 28 32 28 36 32 41 32 45 36 50 36 54 40 59 40 64 45 68 45 68 45 69 45 2 3 2 -22 3 -28 16 -22 3 69 45 69 45 63 58 -2 7 19 -9 19 -9 51 3 51 3 48 34
SEGMENT 4 2 67 84 4 2 86 -61 86 -61 149 21 -16 -32 -9 88 -16 -32 104 -39 104 -39 111 81 5.000000000 1 51 -39 42.500000000 5 61 -59 73 -29 73 -29 47 -7 47 -7 18 -18 18 -18 14 -50 14 -50 61 -59 1 4 2 1 86 -61 1 4.000000000 2.000000000 86.000000000 -61.000000000 149 21 86 -61 86 -61 4 2 67 84 4 2 3 4 2 67 84 4 2 86 -61 86 -61 149 21 4 86 -61 149 21 86 -61 4 2 67 84 4 2 4 2 86 -61 0 4 -61 86 2 4 -61 86 2 2 147 6 25 4 2 67 84 4 2 86 -61 38 -24 101 58 405704 -257452 10693 1 -16 -32 104 -39 1 0 25 4 2 4 -3 11 -3 11 -9 18 -9 18 -14 25 -14 25 -20 32 -20 32 -25 39 -25 39 -30 46 -30 46 -36 53 -36 53 -41 60 -41 60 -46 67 -46 67 -52 74 -52 74 -57 81 -57 81 -61 86 -61 25 4 2 9 -3 11 -3 17 -9 18 -9 23 -14 25 -14 31 -20 32 -20 37 -25 39 -25 44 -30 46 -30 52 -36 53 -36 58 -41 60 -41 65 -46 67 -46 73 -52 74 -52 79 -57 81 -57 85 -61 86 -61 2 2 0 4 2 67 84 4 2 86 -61 86 -61 149 21 61 -59 73 -29 73 -29 47 -7 47 -7 18 -18
SEGMENT -43 -57 -120 26 -43 -57 40 20 40 20 -37 103 -43 -57 -120 26 -43 -57 40 20 40 20 -37 103 6.000000000 0 -3 -29 43.500000000 4 0 -42 1 -42 28 0 28 1 0 -8 -1 -8 -16 0 -16 -1 0 -43 -57 1 40 20 1 -43.000000000 -57.000000000 40.000000000 20.000000000 -37 103 40 20 40 20 -43 -57 -120 26 -43 -57 3 -43 -57 -120 26 -43 -57 40 20 40 20 -37 103 4 -43 -57 40 20 40 20 -37 103 40 20 -43 -57 -120 26 -43 -57 0 -43 -57 40 20 -43 -57 40 20 14 20 -100 60 -43 -57 -120 26 -43 -57 40 20 -11 -27 -88 56 -5346 -13394 493 2 -43 -57 -120 26 40 20 -37 103 1 1 29 -43 -57 -43 -51 -37 -51 -37 -46 -31 -46 -31 -40 -25 -40 -25 -35 -19 -35 -19 -29 -13 -29 -13 -24 -7 -24 -7 -18 -1 -18 -1 -12 5 -12 5 -7 11 -7 11 -1 17 -1 17 4 23 4 23 10 29 10 29 15 35 15 35 20 40 20 29 -43 -57 -37 -51 -37 -51 -32 -46 -31 -46 -25 -40 -25 -40 -20 -35 -19 -35 -13 -29 -13 -29 -8 -24 -7 -24 -1 -18 -1 -18 5 -12 5 -12 10 -7 11 -7 17 -1 17 -1 22 4 23 4 29 10 29 10 34 15 35 15 40 20 40 20 2 3 2 -43 -57 -120 26 -43 -57 40 20 40 20 -37 103 -16 0 -16 -1 0 -42 1 -42 28 0 28 1
SEGMENT 85 40 161 -45 85 40 0 -36 0 -36 76 -121 76 -121 0 -36 0 -36 85 40 161 -45 85 40 7.000000000 1 39 -6 44.500000000 3 22 -22 71 -16 71 -16 54 23 54 23 22 -22 0 85 40 1 0 -36 1 85.000000000 40.000000000 0.000000000 -36.000000000 76 -121 0 -36 0 -36 85 40 161 -45 85 40 3 85 40 161 -45 85 40 0 -36 0 -36 76 -121 4 0 -36 85 40 161 -45 85 40 85 40 0 -36 0 -36 76 -121 0 0 -36 85 40 0 -36 85 40 36 45 -36 125 85 40 161 -45 85 40 0 -36 52 10 128 -75 672860 133580 13001 2 76 -121 0 -36 85 40 161 -45 1 1 23 85 40 77 40 77 33 69 33 69 26 61 26 61 19 53 19 53 11 45 11 45 4 37 4 37 -3 29 -3 29 -10 21 -10 21 -17 13 -17 13 -24 5 -24 5 -32 0 -32 0 -36 23 85 40 84 40 77 33 76 33 69 26 68 26 61 19 61 19 53 11 52 11 45 4 44 4 37 -3 36 -3 29 -10 28 -10 21 -17 20 -17 13 -24 13 -24 5 -32 4 -32 0 -36 2 1 2 0 -36 76 -121 85 40 0 -36 85 40 161 -45 54 23 22 -22 22 -22 71 -16 71 -16 54 23
SEGMENT -81 -2 22 7 -46 -14 -5 74 -76 61 26 68 -92 -26 -109 -10 -92 -26 -76 -9 -76 -9 -93 7 8.000000000 0 -33 28 45.500000000 5 -33 4 -1 16 -1 16 -4 47 -4 47 -40 54 -40 54 -54 20 -54 20 -33 4 4 -7157 314 185 -77434 570034 8689 -38.686486486 1.697297297 -8.911727472 65.604097134 26 68 -76 61 -5 74 -46 -14 22 7 -81 -2 3 -81 -2 22 7 -46 -14 -5 74 -76 61 26 68 4 -81 -2 22 7 -46 -14 -5 74 26 68 -76 61 -5 74 -46 -14 0 -39 1 -8 66 -39 1 -8 66 -75 -40 -37 57 -81 -2 22 7 -46 -14 -5 74 -19 43 -107 84 -14039 31298 725 0 0 0 9 -39 2 -39 19 -31 19 -31 36 -23 36 -23 53 -15 53 -15 66 -9 66 9 -39 2 -39 -146 126 19 126 0 162 36 162 17 198 53 198 -141 -9 66 2 4 2 -81 -2 22 7 -46 -14 -5 74 -76 61 26 68 -40 54 -54 20 -54 20 -33 4 -33 4 -1 16
SEGMENT -54 -73 -155 -12 -54 -73 7 28 7 28 -94 89 -78 24 21 131 -78 24 29 -75 29 -75 128 32 9.000000000 1 -31 -24 46.500000000 5 -8 -48 4 -18 4 -18 -22 4 -22 4 -51 -7 -51 -7 -55 -39 -55 -39 -8 -48 0 -54 -73 1 7 28 1 -54.000000000 -73.000000000 7.000000000 28.000000000 -94 89 7 28 7 28 -54 -73 -155 -12 -54 -73 3 -54 -73 -155 -12 -54 -73 7 28 7 28 -94 89 4 -54 -73 7 28 7 28 -94 89 7 28 -54 -73 -155 -12 -54 -73 0 -54 -73 7 28 -54 -73 7 28 -21 19 -127 35 -54 -73 -155 -12 -54 -73 7 28 -30 -33 -131 28 -208022 -230201 6961 1 -78 24 29 -75 1 0 15 -54 -73 -45 -73 -45 -58 -36 -58 -36 -43 -27 -43 -27 -28 -18 -28 -18 -13 -9 -13 -9 2 0 2 0 17 7 17 7 28 15 -54 -73 -80 -47 -80 -58 -55 -33 -55 -43 -30 -18 -30 -28 -5 -3 -5 -13 20 12 20 2 45 27 45 17 7 55 7 28 2 4 1 -54 -73 -155 -12 -54 -73 7 28 7 28 -94 89 -55 -39 -8 -48 -8 -48 4 -18 4 -18 -22 4
SEGMENT -84 -27 -125 62 -84 -27 5 14 5 14 -36 103 -100 -14 -113 44 -100 -14 16 12 16 12 3 70 10.000000000 0 -46 -8 47.500000000 4 0 -25 1 -25 -19 0 -19 1 0 9 -1 9 -63 0 -63 -1 0 -84 -27 1 5 14 1 -84.000000000 -27.000000000 5.000000000 14.000000000 -36 103 5 14 5 14 -84 -27 -125 62 -84 -27 3 -84 -27 -125 62 -84 -27 5 14 5 14 -36 103 4 -84 -27 5 14 5 14 -36 103 5 14 -84 -27 -125 62 -84 -27 0 -84 -27 5 14 -84 -27 5 14 -57 -9 -111 19 -84 -27 -125 62 -84 -27 5 14 -41 -7 -82 82 -392985 -68727 9602 1 -100 -14 16 12 1 0 11 -84 -27 -84 -17 -62 -17 -62 -7 -40 -7 -40 3 -18 3 -18 14 4 14 4 14 5 14 11 -84 -27 -74 -17 -62 -17 -52 -7 -40 -7 -30 3 -18 3 -7 14 4 14 4 14 5 14 2 3 1 -84 -27 -125 62 -84 -27 5 14 5 14 -36 103 -63 0 -63 -1 0 -25 1 -25 -19 0 -19 1
SEGMENT 84 26 130 -59 84 26 -1 -20 -1 -20 45 -105 23 -63 20 -62 23 -63 65 63 65 63 62 64 11.000000000 1 33 3 48.500000000 3 12 -17 61 -11 61 -11 44 28 44 28 12 -17 1 84 26 1 -1 -20 1 84.000000000 26.000000000 -1.000000000 -20.000000000 45 -105 -1 -20 -1 -20 84 26 130 -59 84 26 3 84 26 130 -59 84 26 -1 -20 -1 -20 45 -105 4 -1 -20 84 26 130 -59 84 26 84 26 -1 -20 -1 -20 45 -105 0 -1 -20 84 26 -1 -20 84 26 19 58 -21 110 84 26 130 -59 84 26 -1 -20 41 3 87 -82 384039 26068 9341 1 23 -63 65 63 1 0 11 84 26 64 26 64 15 44 15 44 4 24 4 24 -6 4 -6 4 -17 -1 -17 -1 -20 11 84 26 75 26 64 15 55 15 44 4 34 4 24 -6 15 -6 4 -17 2 -17 -1 -20 2 1 2 -1 -20 45 -105 84 26 -1 -20 84 26 130 -59 12 -17 61 -11 61 -11 44 28 44 28 12 -17
SEGMENT -17 2 -17 3 -17 2 76 2 76 2 76 3 84 -49 59 -46 84 -49 96 51 96 51 71 54 12.000000000 0 25 5 49.500000000 5 21 -23 53 -11 53 -11 50 20 50 20 14 27 14 27 0 -7 0 -7 21 -23 3 -17 2 1 76 2 1 -17.000000000 2.000000000 76.000000000 2.000000000 76 3 76 2 76 2 -17 2 -17 3 -17 2 3 -17 2 -17 3 -17 2 76 2 76 2 76 3 4 -17 2 76 2 76 2 76 3 76 2 -17 2 -17 3 -17 2 0 -17 2 76 2 -17 2 76 2 -19 74 -15 78 -17 2 -17 3 -17 2 76 2 33 2 33 3 33 2 1 0 0 0 2 -17 2 76 2 2 -17 2 76 2 2 3 1 -17 2 -17 3 -17 2 76 2 76 2 76 3 50 20 14 27 14 27 0 -7 0 -7 21 -23
SEGMENT -23 20 80 14 -11 11 72 -52 -26 -56 77 -65 -36 12 -41 136 -36 12 88 17 88 17 83 141 4.000000000 1 24 -13 50.500000000 5 43 -41 55 -11 55 -11 29 11 29 11 0 0 0 0 -4 -32 -4 -32 43 -41 4 -45622 39922 1997 260413 -190053 2871 -22.845267902 19.990986480 90.704632532 -66.197492163 77 -65 -26 -56 72 -52 -11 11 80 14 -23 20 3 -23 20 80 14 -11 11 72 -52 -26 -56 77 -65 4 72 -52 -11 11 80 14 -23 20 -11 11 72 -52 -26 -56 77 -65 0 -23 -67 91 20 -23 -67 91 20 -43 157 -3 25 -23 20 80 14 -11 11 72 -52 17 -11 80 72 94246 -57146 5429 1 -36 12 88 17 1 0 47 -23 20 -23 16 -18 16 -18 13 -13 13 -13 9 -8 9 -8 5 -3 5 -3 1 2 1 2 -3 7 -3 7 -6 12 -6 12 -10 17 -10 17 -14 22 -14 22 -18 27 -18 27 -22 32 -22 32 -25 37 -25 37 -29 42 -29 42 -33 47 -33 47 -37 52 -37 52 -41 57 -41 57 -44 62 -44 62 -48 67 -48 67 -52 72 -52 72 -56 77 -56 77 -60 82 -60 82 -63 87 -63 87 -66 91 -66 47 -23 20 -19 16 -18 16 -15 13 -13 13 -9 9 -8 9 -4 5 -3 5 1 1 2 1 6 -3 7 -3 10 -6 12 -6 16 -10 17 -10 21 -14 22 -14 26 -18 27 -18 31 -22 32 -22 35 -25 37 -25 41 -29 42 -29 46 -33 47 -33 51 -37 52 -37 56 -41 57 -41 60 -44 62 -44 66 -48 67 -48 71 -52 72 -52 76 -56 77 -56 81 -60 82 -60 85 -63 87 -63 90 -66 91 -66 2 2 0 -23 20 80 14 -11 11 72 -52 -26 -56 77 -65 0 0 -4 -32 -4 -32 43 -41 43 -41 55 -11
SEGMENT -19 -57 -20 -56 -19 -57 64 26 64 26 63 27 15 -77 -14 -75 15 -77 23 39 23 39 -6 41 5.000000000 0 19 -14 51.500000000 4 0 -35 1 -35 42 0 42 1 0 -1 -1 -1 -2 0 -2 -1 0 -19 -57 1 64 26 1 -19.000000000 -57.000000000 64.000000000 26.000000000 63 27 64 26 64 26 -19 -57 -20 -56 -19 -57 3 -19 -57 -20 -56 -19 -57 64 26 64 26 63 27 4 -19 -57 64 26 64 26 63 27 64 26 -19 -57 -20 -56 -19 -57 0 -19 -57 64 26 -19 -57 64 26 38 38 -76 90 -19 -57 -20 -56 -19 -57 64 26 17 -21 16 -20 17 -21 1 1 15 -77 23 39 1 0 35 -19 -57 -19 -52 -14 -52 -14 -47 -9 -47 -9 -42 -4 -42 -4 -37 1 -37 1 -32 6 -32 6 -27 11 -27 11 -22 16 -22 16 -17 21 -17 21 -12 26 -12 26 -7 31 -7 31 -2 36 -2 36 3 41 3 41 8 46 8 46 13 51 13 51 18 56 18 56 23 61 23 61 26 64 26 2 -19 -57 64 26 2 0 2 -19 -57 -20 -56 -19 -57 64 26 64 26 63 27 -2 0 -2 -1 0 -35 1 -35 42 0 42 1
SEGMENT 25 -25 24 -26 25 -25 -58 58 -58 58 -59 57 -76 20 -69 140 -76 20 44 13 44 13 51 133 6.000000000 1 -16 23 52.500000000 3 -41 -1 8 5 8 5 -9 44 -9 44 -41 -1 2 25 -25 1 -58 58 1 25.000000000 -25.000000000 -58.000000000 58.000000000 -59 57 -58 58 -58 58 25 -25 24 -26 25 -25 3 25 -25 24 -26 25 -25 -58 58 -58 58 -59 57 4 24 -26 25 -25 25 -25 -58 58 -58 58 -59 57 -58 58 25 -25 0 -58 -25 25 58 -58 -25 25 58 -116 50 0 0 25 -25 24 -26 25 -25 -58 58 -12 12 -13 11 -12 12 1 1 -76 20 44 13 1 0 29 25 -25 25 -19 19 -19 19 -13 13 -13 13 -7 7 -7 7 -1 1 -1 1 5 -5 5 -5 11 -11 11 -11 17 -17 17 -17 23 -23 23 -23 29 -29 29 -29 35 -35 35 -35 41 -41 41 -41 47 -47 47 -47 53 -53 53 -53 58 -58 58 2 25 -25 -58 58 2 0 2 -58 58 -59 57 25 -25 -58 58 25 -25 24 -26 8 5 -9 44 -9 44 -41 -1 -41 -1 8 5
SEGMENT -89 -41 -95 -28 -89 -41 2 1 2 1 -4 14 -89 -41 -95 -28 -89 -41 2 1 2 1 -4 14 7.000000000 0 -40 -21 6.500000000 5 -48 -53 -16 -41 -16 -41 -19 -10 -19 -10 -55 -3 -55 -3 -69 -37 -69 -37 -48 -53 2 -89 -41 1 2 1 1 -89.000000000 -41.000000000 2.000000000 1.000000000 -4 14 2 1 2 1 -89 -41 -95 -28 -89 -41 3 -89 -41 -95 -28 -89 -41 2 1 2 1 -4 14 4 -89 -41 2 1 2 1 -4 14 2 1 -89 -41 -95 -28 -89 -41 0 -89 -41 2 1 -89 -41 2 1 -48 1 -130 3 -89 -41 -95 -28 -89 -41 2 1 -83 -38 -89 -25 -16997 -7829 205 2 -89 -41 -95 -28 2 1 -4 14 1 1 15 -89 -41 -89 -34 -74 -34 -74 -27 -59 -27 -59 -20 -44 -20 -44 -13 -29 -13 -29 -6 -14 -6 -14 1 1 1 1 1 2 1 15 -89 -41 -82 -34 -74 -34 -67 -27 -59 -27 -52 -20 -44 -20 -37 -13 -29 -13 -22 -6 -14 -6 -7 1 1 1 1 1 2 1 2 3 2 -89 -41 -95 -28 -89 -41 2 1 2 1 -4 14 -16 -41 -19 -10 -19 -10 -55 -3 -55 -3 -69 -37
SEGMENT -60 5 3 87 -60 5 22 -58 22 -58 85 24 85 24 22 -58 22 -58 -60 5 3 87 -60 5 8.000000000 1 -18 -24 7.500000000 5 -3 -56 9 -26 9 -26 -17 -4 -17 -4 -46 -15 -46 -15 -50 -47 -50 -47 -3 -56 3 -60 5 1 22 -58 1 -60.000000000 5.000000000 22.000000000 -58.000000000 85 24 22 -58 22 -58 -60 5 3 87 -60 5 3 -60 5 3 87 -60 5 22 -58 22 -58 85 24 4 22 -58 85 24 22 -58 -60 5 3 87 -60 5 -60 5 22 -58 0 -60 -58 22 5 -60 -58 22 5 -65 80 -55 -36 -60 5 3 87 -60 5 22 -58 -54 0 9 82 -575406 2624 10693 2 3 87 -60 5 22 -58 85 24 1 1 19 -60 5 -60 -3 -50 -3 -50 -10 -40 -10 -40 -18 -30 -18 -30 -26 -20 -26 -20 -33 -10 -33 -10 -41 0 -41 0 -49 10 -49 10 -56 20 -56 20 -58 22 -58 19 -60 5 -52 -3 -50 -3 -43 -10 -40 -10 -32 -18 -30 -18 -22 -26 -20 -26 -13 -33 -10 -33 -2 -41 0 -41 8 -49 10 -49 17 -56 20 -56 22 -58 22 -58 2 2 0 -60 5 3 87 -60 5 22 -58 22 -58 85 24 -17 -4 -46 -15 -46 -15 -50 -47 -50 -47 -3 -56
SEGMENT -16 -16 -9 87 -21 17 62 58 53 -17 69 83 -46 -21 -63 -5 -46 -21 -30 -4 -30 -4 -47 12 9.000000000 0 23 43 8.500000000 4 0 18 1 18 42 0 42 1 0 52 -1 52 -2 0 -2 -1 0 -55792 85520 4131 41569 37971 637 -13.505688695 20.702009199 65.257456829 59.609105181 69 83 53 -17 62 58 -21 17 -9 87 -16 -16 3 -16 -16 -9 87 -21 17 62 58 53 -17 69 83 4 -21 17 62 58 53 -17 69 83 62 58 -21 17 -9 87 -16 -16 0 -14 20 66 60 -14 20 66 60 -35 6 7 125 -16 -16 -9 87 -21 17 62 58 -6 24 -47 107 -26407 104251 4285 0 0 0 11 -14 21 -14 29 4 29 4 38 22 38 22 47 40 47 40 56 58 56 58 60 65 60 11 -14 21 -6 29 4 29 13 38 22 38 31 47 40 47 49 56 58 56 62 60 65 60 2 3 1 -16 -16 -9 87 -21 17 62 58 53 -17 69 83 -2 0 -2 -1 0 18 1 18 42 0 42 1
SEGMENT 0 67 76 -18 0 67 -85 -9 -85 -9 -9 -94 -91 71 8 178 -91 71 16 -28 16 -28 115 79 10.000000000 1 -34 14 9.500000000 3 -63 5 -14 11 -14 11 -31 50 -31 50 -63 5 0 0 67 1 -85 -9 1 0.000000000 67.000000000 -85.000000000 -9.000000000 -9 -94 -85 -9 -85 -9 0 67 76 -18 0 67 3 0 67 76 -18 0 67 -85 -9 -85 -9 -9 -94 4 -85 -9 0 67 76 -18 0 67 0 67 -85 -9 -85 -9 -9 -94 0 -85 -9 0 67 -85 -9 0 67 -76 -67 -94 67 0 67 76 -18 0 67 -85 -9 -7 61 69 -24 -89335 791191 13001 1 -91 71 16 -28 1 0 17 0 67 -11 67 -11 57 -22 57 -22 47 -33 47 -33 37 -44 37 -44 28 -55 28 -55 18 -66 18 -66 8 -77 8 -77 -2 -85 -2 -85 -9 17 0 67 -1 67 -11 57 -12 57 -22 47 -23 47 -33 37 -35 37 -44 28 -45 28 -55 18 -56 18 -66 8 -67 8 -77 -2 -78 -2 -85 -9 2 1 2 -85 -9 -9 -94 0 67 -85 -9 0 67 76 -18 -31 50 -63 5 -63 5 -14 11 -14 11 -31 50
SEGMENT -57 -29 -32 15 -57 -29 31 -79 31 -79 56 -35 -64 -43 -77 15 -64 -43 52 -17 52 -17 39 41 11.000000000 0 0 -46 10.500000000 5 -12 -63 20 -51 20 -51 17 -20 17 -20 -19 -13 -19 -13 -33 -47 -33 -47 -12 -63 1 -57 -29 1 31 -79 1 -57.000000000 -29.000000000 31.000000000 -79.000000000 56 -35 31 -79 31 -79 -57 -29 -32 15 -57 -29 3 -57 -29 -32 15 -57 -29 31 -79 31 -79 56 -35 4 31 -79 56 -35 31 -79 -57 -29 -32 15 -57 -29 -57 -29 31 -79 0 -57 -79 31 -29 -57 -79 31 -29 -28 110 -86 -48 -57 -29 -32 15 -57 -29 31 -79 -48 -34 -23 10 -123053 -87294 2561 1 -64 -43 52 -17 1 0 11 -57 -29 -38 -29 -38 -40 -19 -40 -19 -51 0 -51 0 -61 19 -61 19 -72 31 -72 31 -79 11 -57 -29 -49 -29 -38 -40 -30 -40 -19 -51 -10 -51 0 -61 8 -61 19 -72 24 -72 31 -79 2 3 0 -57 -29 -32 15 -57 -29 31 -79 31 -79 56 -35 -12 -63 20 -51 20 -51 17 -20 17 -20 -19 -13
SEGMENT -44 -49 -145 12 -44 -49 17 52 17 52 -84 113 -29 -64 -32 -63 -29 -64 13 62 13 62 10 63 12.000000000 1 -9 -7 11.500000000 5 2 -24 14 6 14 6 -12 28 -12 28 -41 17 -41 17 -45 -15 -45 -15 2 -24 2 -44 -49 1 17 52 1 -44.000000000 -49.000000000 17.000000000 52.000000000 -84 113 17 52 17 52 -44 -49 -145 12 -44 -49 3 -44 -49 -145 12 -44 -49 17 52 17 52 -84 113 4 -44 -49 17 52 17 52 -84 113 17 52 -44 -49 -145 12 -44 -49 0 -44 -49 17 52 -44 -49 17 52 -35 5 -93 69 -44 -49 -145 12 -44 -49 17 52 -38 -39 -139 22 -264316 -271601 6961 1 -29 -64 13 62 1 0 13 -44 -49 -32 -49 -32 -29 -20 -29 -20 -9 -8 -9 -8 11 4 11 4 31 16 31 16 51 17 51 17 52 13 -44 -49 -24 -29 -24 -29 9 4 9 -9 42 24 42 11 75 44 75 31 108 64 108 51 17 142 17 52 2 4 1 -44 -49 -145 12 -44 -49 17 52 17 52 -84 113 14 6 -12 28 -12 28 -41 17 -41 17 -45 -15
SEGMENT -55 -62 -96 27 -55 -62 34 -21 34 -21 -7 68 44 -95 19 -92 44 -95 56 5 56 5 31 8 4.000000000 0 -5 -50 12.500000000 4 0 -60 1 -60 10 0 10 1 0 -26 -1 -26 -34 0 -34 -1 0 -55 -62 1 34 -21 1 -55.000000000 -62.000000000 34.000000000 -21.000000000 -7 68 34 -21 34 -21 -55 -62 -96 27 -55 -62 3 -55 -62 -96 27 -55 -62 34 -21 34 -21 -7 68 4 -55 -62 34 -21 34 -21 -7 68 34 -21 -55 -62 -96 27 -55 -62 0 -55 -62 34 -21 -55 -62 34 -21 7 55 -117 13 -55 -62 -96 27 -55 -62 34 -21 -44 -57 -85 32 -211367 -273390 4801 0 0 0 21 -55 -62 -55 -58 -46 -58 -46 -54 -37 -54 -37 -50 -28 -50 -28 -45 -19 -45 -19 -41 -10 -41 -10 -37 -1 -37 -1 -33 8 -33 8 -29 17 -29 17 -25 26 -25 26 -21 34 -21 21 -55 -62 -51 -58 -46 -58 -42 -54 -37 -54 -33 -50 -28 -50 -23 -45 -19 -45 -15 -41 -10 -41 -6 -37 -1 -37 3 -33 8 -33 12 -29 17 -29 21 -25 26 -25 30 -21 34 -21 2 3 1 -55 -62 -96 27 -55 -62 34 -21 34 -21 -7 68 -34 0 -34 -1 0 -60 1 -60 10 0 10 1
SEGMENT 94 58 79 -41 90 36 9 -15 15 54 21 -47 -13 36 -18 160 -13 36 111 41 111 41 106 165 5.000000000 1 40 2 13.500000000 3 24 -11 73 -5 73 -5 56 34 56 34 24 -11 1 36567 14695 403 17667 -8365 943 90.736972705 36.464019851 18.734888653 -8.870625663 21 -47 15 54 9 -15 90 36 79 -41 94 58 3 94 58 79 -41 90 36 9 -15 15 54 21 -47 4 9 -15 90 36 79 -41 94 58 90 36 9 -15 15 54 21 -47 0 18 -9 91 37 18 -9 91 37 27 55 9 128 94 58 79 -41 90 36 9 -15 79 29 96 2 40194 14788 509 0 0 0 19 91 36 83 36 83 32 75 32 75 27 67 27 67 22 59 22 59 16 51 16 51 11 43 11 43 6 35 6 35 1 27 1 27 -4 19 -4 19 -9 19 91 36 87 36 83 32 80 32 75 27 72 27 67 22 65 22 59 16 56 16 51 11 48 11 43 6 40 6 35 1 32 1 27 -4 24 -4 19 -9 2 1 2 15 54 21 -47 90 36 9 -15 94 58 79 -41 24 -11 73 -5 73 -5 56 34 56 34 24 -11
SEGMENT -29 -35 -29 -34 -29 -35 64 -35 64 -35 64 -34 11 -93 -18 -91 11 -93 19 23 19 23 -10 25 6.000000000 0 8 -39 14.500000000 5 9 -60 41 -48 41 -48 38 -17 38 -17 2 -10 2 -10 -12 -44 -12 -44 9 -60 0 -29 -35 1 64 -35 1 -29.000000000 -35.000000000 64.000000000 -35.000000000 64 -34 64 -35 64 -35 -29 -35 -29 -34 -29 -35 3 -29 -35 -29 -34 -29 -35 64 -35 64 -35 64 -34 4 -29 -35 64 -35 64 -35 64 -34 64 -35 -29 -35 -29 -34 -29 -35 0 -29 -35 64 -35 -29 -35 64 -35 6 99 -64 29 -29 -35 -29 -34 -29 -35 64 -35 -14 -35 -14 -34 -14 -35 1 1 11 -93 19 23 1 0 2 -29 -35 64 -35 2 -29 -35 64 -35 2 3 1 -29 -35 -29 -34 -29 -35 64 -35 64 -35 64 -34 -12 -44 9 -60 9 -60 41 -48 41 -48 38 -17
SEGMENT -47 -55 -48 -55 -47 -55 -47 34 -47 34 -48 34 -106 -9 -99 111 -106 -9 14 -16 14 -16 21 104 7.000000000 1 -53 -15 15.500000000 5 -29 -36 -17 -6 -17 -6 -43 16 -43 16 -72 5 -72 5 -76 -27 -76 -27 -29 -36 1 -47 -55 1 -47 34 1 -47.000000000 -55.000000000 -47.000000000 34.000000000 -48 34 -47 34 -47 34 -47 -55 -48 -55 -47 -55 3 -47 -55 -48 -55 -47 -55 -47 34 -47 34 -48 34 4 -48 -55 -47 -55 -47 -55 -47 34 -47 34 -48 34 -47 34 -47 -55 0 -47 -55 -47 34 -47 -55 -47 34 -81 8 -102 -13 -47 -55 -48 -55 -47 -55 -47 34 -47 -39 -48 -39 -47 -39 1 1 -106 -9 14 -16 1 0 2 -47 -55 -47 34 2 -47 -55 -47 34 2 4 2 -47 -55 -48 -55 -47 -55 -47 34 -47 34 -48 34 -29 -36 -17 -6 -17 -6 -43 16 -43 16 -72 5
SEGMENT -42 -85 -43 -84 -42 -85 41 -2 41 -2 40 -1 -42 -85 -43 -84 -42 -85 41 -2 41 -2 40 -1 8.000000000 0 -9 -49 16.500000000 4 0 -63 1 -63 19 0 19 1 0 -29 -1 -29 -25 0 -25 -1 0 -42 -85 1 41 -2 1 -42.000000000 -85.000000000 41.000000000 -2.000000000 40 -1 41 -2 41 -2 -42 -85 -43 -84 -42 -85 3 -42 -85 -43 -84 -42 -85 41 -2 41 -2 40 -1 4 -42 -85 41 -2 41 -2 40 -1 41 -2 -42 -85 -43 -84 -42 -85 0 -42 -85 41 -2 -42 -85 41 -2 43 43 -127 39 -42 -85 -43 -84 -42 -85 41 -2 -30 -73 -31 -72 -30 -73 1 2 -42 -85 -43 -84 41 -2 40 -1 1 1 23 -42 -85 -42 -77 -34 -77 -34 -69 -26 -69 -26 -61 -18 -61 -18 -53 -10 -53 -10 -45 -2 -45 -2 -37 6 -37 6 -29 14 -29 14 -21 22 -21 22 -13 30 -13 30 -5 38 -5 38 -2 41 -2 2 -42 -85 41 -2 2 0 2 -42 -85 -43 -84 -42 -85 41 -2 41 -2 40 -1 -25 0 -25 -1 0 -63 1 -63 19 0 19 1
SEGMENT -5 -62 -6 -63 -5 -62 -88 21 -88 21 -89 20 -89 20 -88 21 -88 21 -5 -62 -6 -63 -5 -62 9.000000000 1 -51 -21 17.500000000 3 -71 -38 -22 -32 -22 -32 -39 7 -39 7 -71 -38 2 -5 -62 1 -88 21 1 -5.000000000 -62.000000000 -88.000000000 21.000000000 -89 20 -88 21 -88 21 -5 -62 -6 -63 -5 -62 3 -5 -62 -6 -63 -5 -62 -88 21 -88 21 -89 20 4 -6 -63 -5 -62 -5 -62 -88 21 -88 21 -89 20 -88 21 -5 -62 0 -88 -62 -5 21 -88 -62 -5 21 -109 57 -67 -67 -5 -62 -6 -63 -5 -62 -88 21 -17 -50 -18 -51 -17 -50 1 2 -89 20 -88 21 -5 -62 -6 -63 1 1 21 -5 -62 -5 -53 -14 -53 -14 -44 -23 -44 -23 -35 -32 -35 -32 -26 -41 -26 -41 -17 -50 -17 -50 -8 -59 -8 -59 1 -68 1 -68 10 -77 10 -77 19 -86 19 -86 21 -88 21 2 -5 -62 -88 21 2 0 2 -88 21 -89 20 -5 -62 -88 21 -5 -62 -6 -63 -22 -32 -39 7 -39 7 -71 -38 -71 -38 -22 -32
SEGMENT -30 0 73 9 5 -12 46 76 -25 63 77 70 -41 -24 -58 -8 -41 -24 -25 -7 -25 -7 -42 9 10.000000000 0 21 31 18.500000000 5 18 6 50 18 50 18 47 49 47 49 11 56 11 56 -3 22 -3 22 18 6 4 2278 684 185 365705 587412 8689 12.313513514 3.697297297 42.088272528 67.604097134 77 70 -25 63 46 76 5 -12 73 9 -30 0 3 -30 0 73 9 5 -12 46 76 -25 63 77 70 4 -30 0 73 9 5 -12 46 76 77 70 -25 63 46 76 5 -12 0 12 3 43 68 12 3 43 68 -26 9 16 110 -30 0 73 9 5 -12 46 76 20 20 -68 61 187796 188828 9425 0 0 0 9 12 4 12 25 22 25 22 46 32 46 32 67 42 67 42 68 42 68 9 12 4 12 6 31 25 31 1 76 46 76 22 121 67 121 -11 42 68 2 4 2 -30 0 73 9 5 -12 46 76 -25 63 77 70 11 56 -3 22 -3 22 18 6 18 6 50 18
SEGMENT -34 78 29 160 -34 78 48 15 48 15 111 97 -47 89 52 196 -47 89 60 -10 60 -10 159 97 11.000000000 1 3 42 19.500000000 5 23 17 35 47 35 47 9 69 9 69 -20 58 -20 58 -24 26 -24 26 23 17 0 -34 78 1 48 15 1 -34.000000000 78.000000000 48.000000000 15.000000000 111 97 48 15 48 15 -34 78 29 160 -34 78 3 -34 78 29 160 -34 78 48 15 48 15 111 97 4 48 15 111 97 48 15 -34 78 29 160 -34 78 -34 78 48 15 0 -34 15 48 78 -34 15 48 78 -112 33 44 63 -34 78 29 160 -34 78 48 15 -19 66 44 148 -200710 708936 10693 0 0 0 13 -34 78 -34 67 -20 67 -20 56 -6 56 -6 46 8 46 8 35 22 35 22 24 36 24 36 15 48 15 13 -34 78 -23 67 -20 67 -9 56 -6 56 4 46 8 46 19 35 22 35 33 24 36 24 45 15 48 15 2 2 0 -34 78 29 160 -34 78 48 15 48 15 111 97 -24 26 23 17 23 17 35 47 35 47 9 69
SEGMENT -79 -46 -156 37 -79 -46 4 31 4 31 -73 114 -89 -20 -102 38 -89 -20 27 6 27 6 14 64 12.000000000 0 -32 -13 20.500000000 4 0 -31 1 -31 -8 0 -8 1 0 3 -1 3 -52 0 -52 -1 0 -79 -46 1 4 31 1 -79.000000000 -46.000000000 4.000000000 31.000000000 -73 114 4 31 4 31 -79 -46 -156 37 -79 -46 3 -79 -46 -156 37 -79 -46 4 31 4 31 -73 114 4 -79 -46 4 31 4 31 -73 114 4 31 -79 -46 -156 37 -79 -46 0 -79 -46 4 31 -79 -46 4 31 -33 -27 -125 35 -79 -46 -156 37 -79 -46 4 31 -64 -32 -141 51 -819813 -410757 12818 1 -89 -20 27 6 1 0 15 -79 -46 -79 -34 -66 -34 -66 -22 -53 -22 -53 -10 -40 -10 -40 2 -27 2 -27 14 -14 14 -14 26 -1 26 -1 31 4 31 15 -79 -46 -67 -34 -66 -34 -54 -22 -53 -22 -41 -10 -40 -10 -28 2 -27 2 -15 14 -14 14 -2 26 -1 26 4 31 4 31 2 3 2 -79 -46 -156 37 -79 -46 4 31 4 31 -73 114 -52 0 -52 -1 0 -31 1 -31 -8 0 -8 1
SEGMENT 14 78 90 -7 14 78 -71 2 -71 2 5 -83 -38 -30 -41 -29 -38 -30 4 96 4 96 1 97 4.000000000 1 -25 37 21.500000000 3 -49 16 0 22 0 22 -17 61 -17 61 -49 16 0 14 78 1 -71 2 1 14.000000000 78.000000000 -71.000000000 2.000000000 5 -83 -71 2 -71 2 14 78 90 -7 14 78 3 14 78 90 -7 14 78 -71 2 -71 2 5 -83 4 -71 2 14 78 90 -7 14 78 14 78 -71 2 -71 2 5 -83 0 -71 2 14 78 -71 2 14 78 -73 -64 -69 92 14 78 90 -7 14 78 -71 2 -2 64 74 -21 -24026 829854 13001 1 -38 -30 4 96 1 0 45 14 78 10 78 10 74 6 74 6 71 2 71 2 67 -2 67 -2 64 -6 64 -6 60 -10 60 -10 57 -14 57 -14 53 -18 53 -18 49 -22 49 -22 46 -26 46 -26 42 -30 42 -30 39 -34 39 -34 35 -38 35 -38 32 -42 32 -42 28 -46 28 -46 24 -50 24 -50 21 -54 21 -54 17 -58 17 -58 14 -62 14 -62 10 -66 10 -66 6 -70 6 -70 3 -71 3 -71 2 45 14 78 14 78 10 74 9 74 6 71 6 71 2 67 1 67 -2 64 -2 64 -6 60 -7 60 -10 57 -10 57 -14 53 -14 53 -18 49 -19 49 -22 46 -22 46 -26 42 -27 42 -30 39 -30 39 -34 35 -35 35 -38 32 -38 32 -42 28 -42 28 -46 24 -47 24 -50 21 -50 21 -54 17 -55 17 -58 14 -58 14 -62 10 -62 10 -66 6 -67 6 -70 3 -70 3 -71 2 2 1 2 -71 2 5 -83 14 78 -71 2 14 78 90 -7 -17 61 -49 16 -49 16 0 22 0 22 -17 61
SEGMENT -22 44 3 88 -22 44 66 -6 66 -6 91 38 86 -16 61 -13 86 -16 98 84 98 84 73 87 5.000000000 0 30 39 22.500000000 5 23 10 55 22 55 22 52 53 52 53 16 60 16 60 2 26 2 26 23 10 3 -22 44 1 66 -6 1 -22.000000000 44.000000000 66.000000000 -6.000000000 91 38 66 -6 66 -6 -22 44 3 88 -22 44 3 -22 44 3 88 -22 44 66 -6 66 -6 91 38 4 66 -6 91 38 66 -6 -22 44 3 88 -22 44 -22 44 66 -6 0 -22 -6 66 44 -22 -6 66 44 -66 72 22 60 -22 44 3 88 -22 44 66 -6 -2 33 23 77 -5522 83809 2561 0 0 0 21 -22 44 -13 44 -13 39 -4 39 -4 34 5 34 5 29 14 29 14 24 23 24 23 18 32 18 32 13 41 13 41 8 50 8 50 3 59 3 59 -2 66 -2 66 -6 21 -22 44 -18 44 -13 39 -9 39 -4 34 0 34 5 29 9 29 14 24 17 24 23 18 27 18 32 13 36 13 41 8 45 8 50 3 54 3 59 -2 62 -2 66 -6 2 3 0 -22 44 3 88 -22 44 66 -6 66 -6 91 38 52 53 16 60 16 60 2 26 2 26 23 10
SEGMENT -33 74 70 68 -21 65 62 2 -36 -2 67 -11 -46 66 -51 190 -46 66 78 71 78 71 73 195 6.000000000 1 17 42 23.500000000 5 33 13 45 43 45 43 19 65 19 65 -10 54 -10 54 -14 22 -14 22 33 13 4 -65592 147760 1997 231703 -35019 2871 -32.845267902 73.990986480 80.704632532 -12.197492163 67 -11 -36 -2 62 2 -21 65 70 68 -33 74 3 -33 74 70 68 -21 65 62 2 -36 -2 67 -11 4 62 2 -21 65 70 68 -33 74 -21 65 62 2 -36 -2 67 -11 0 -33 -13 81 74 -33 -13 81 74 -107 93 41 69 -33 74 70 68 -21 65 62 2 -14 60 49 143 -76825 324661 5429 1 -46 66 78 71 1 0 31 -33 74 -33 68 -25 68 -25 62 -17 62 -17 56 -9 56 -9 50 -1 50 -1 44 7 44 7 38 15 38 15 32 23 32 23 26 31 26 31 19 39 19 39 13 47 13 47 7 55 7 55 1 63 1 63 -5 71 -5 71 -11 79 -11 79 -12 81 -12 31 -33 74 -27 68 -25 68 -19 62 -17 62 -11 56 -9 56 -3 50 -1 50 5 44 7 44 13 38 15 38 21 32 23 32 29 26 31 26 38 19 39 19 45 13 47 13 53 7 55 7 61 1 63 1 69 -5 71 -5 77 -11 79 -11 80 -12 81 -12 2 2 0 -33 74 70 68 -21 65 62 2 -36 -2 67 -11 -10 54 -14 22 -14 22 33 13 33 13 45 43
SEGMENT -65 -3 -106 86 -65 -3 24 38 24 38 -17 127 -27 -43 -56 -41 -27 -43 -19 73 -19 73 -48 75 7.000000000 0 -20 21 24.500000000 4 0 -1 1 -1 0 0 0 1 0 33 -1 33 -44 0 -44 -1 0 -65 -3 1 24 38 1 -65.000000000 -3.000000000 24.000000000 38.000000000 -17 127 24 38 24 38 -65 -3 -106 86 -65 -3 3 -65 -3 -106 86 -65 -3 24 38 24 38 -17 127 4 -65 -3 24 38 24 38 -17 127 24 38 -65 -3 -106 86 -65 -3 0 -65 -3 24 38 -65 -3 24 38 -62 -14 -68 62 -65 -3 -106 86 -65 -3 24 38 -43 7 -84 96 -206689 34141 4801 1 -27 -43 -19 73 1 0 13 -65 -3 -65 4 -50 4 -50 11 -35 11 -35 18 -20 18 -20 25 -5 25 -5 32 10 32 10 38 24 38 13 -65 -3 -58 4 -50 4 -43 11 -35 11 -28 18 -20 18 -13 25 -5 25 2 32 10 32 16 38 24 38 2 3 1 -65 -3 -106 86 -65 -3 24 38 24 38 -17 127 -44 0 -44 -1 0 -1 1 -1 0 0 0 1
SEGMENT 33 33 79 -52 33 33 -52 -13 -52 -13 -6 -98 -74 11 -67 131 -74 11 46 4 46 4 53 124 8.000000000 1 -11 15 25.500000000 3 -39 -10 10 -4 10 -4 -7 35 -7 35 -39 -10 1 33 33 1 -52 -13 1 33.000000000 33.000000000 -52.000000000 -13.000000000 -6 -98 -52 -13 -52 -13 33 33 79 -52 33 33 3 33 33 79 -52 33 33 -52 -13 -52 -13 -6 -98 4 -52 -13 33 33 79 -52 33 33 33 33 -52 -13 -52 -13 -6 -98 0 -52 -13 33 33 -52 -13 33 33 -39 0 -65 66 33 33 79 -52 33 33 -52 -13 11 21 57 -64 102383 196841 9341 1 -74 11 46 4 1 0 13 33 33 18 33 18 25 3 25 3 17 -12 17 -12 9 -27 9 -27 1 -42 1 -42 -8 -52 -8 -52 -13 13 33 33 26 33 18 25 11 25 3 17 -4 17 -12 9 -19 9 -27 1 -33 1 -42 -8 -47 -8 -52 -13 2 1 2 -52 -13 -6 -98 33 33 -52 -13 33 33 79 -52 -39 -10 10 -4 10 -4 -7 35 -7 35 -39 -10
SEGMENT -56 -10 -56 -9 -56 -10 37 -10 37 -10 37 -9 -56 -10 -56 -9 -56 -10 37 -10 37 -10 37 -9 9.000000000 0 -7 -2 26.500000000 5 -18 -35 14 -23 14 -23 11 8 11 8 -25 15 -25 15 -39 -19 -39 -19 -18 -35 2 -56 -10 1 37 -10 1 -56.000000000 -10.000000000 37.000000000 -10.000000000 37 -9 37 -10 37 -10 -56 -10 -56 -9 -56 -10 3 -56 -10 -56 -9 -56 -10 37 -10 37 -10 37 -9 4 -56 -10 37 -10 37 -10 37 -9 37 -10 -56 -10 -56 -9 -56 -10 0 -56 -10 37 -10 -56 -10 37 -10 -46 47 -66 27 -56 -10 -56 -9 -56 -10 37 -10 -29 -10 -29 -9 -29 -10 1 2 -56 -10 -56 -9 37 -10 37 -9 1 1 2 -56 -10 37 -10 2 -56 -10 37 -10 2 3 1 -56 -10 -56 -9 -56 -10 37 -10 37 -10 37 -9 14 -23 11 8 11 8 -25 15 -25 15 -39 -19
SEGMENT 10 -83 9 -83 10 -83 10 6 10 6 9 6 9 6 10 6 10 6 10 -83 9 -83 10 -83 10.000000000 1 16 -31 27.500000000 5 28 -64 40 -34 40 -34 14 -12 14 -12 -15 -23 -15 -23 -19 -55 -19 -55 28 -64 3 10 -83 1 10 6 1 10.000000000 -83.000000000 10.000000000 6.000000000 9 6 10 6 10 6 10 -83 9 -83 10 -83 3 10 -83 9 -83 10 -83 10 6 10 6 9 6 4 9 -83 10 -83 10 -83 10 6 10 6 9 6 10 6 10 -83 0 10 -83 10 6 10 -83 10 6 4 93 -73 16 10 -83 9 -83 10 -83 10 6 10 -55 9 -55 10 -55 1 2 9 -83 10 -83 10 6 9 6 1 1 2 10 -83 10 6 2 10 -83 10 6 2 4 2 10 -83 9 -83 10 -83 10 6 10 6 9 6 14 -12 -15 -23 -15 -23 -19 -55 -19 -55 28 -64
SEGMENT 8 -59 15 44 3 -26 86 15 77 -60 93 40 -22 -64 -39 -48 -22 -64 -6 -47 -6 -47 -23 -31 11.000000000 0 50 -18 28.500000000 4 0 -25 1 -25 66 0 66 1 0 9 -1 9 22 0 22 -1 0 43352 -92113 4131 56857 10580 637 10.494311305 -22.297990801 89.257456829 16.609105181 93 40 77 -60 86 15 3 -26 15 44 8 -59 3 8 -59 15 44 3 -26 86 15 77 -60 93 40 4 3 -26 86 15 77 -60 93 40 86 15 3 -26 15 44 8 -59 0 10 -23 90 17 10 -23 90 17 32 73 -12 106 8 -59 15 44 3 -26 86 15 36 -10 -5 73 61499 -16725 1714 0 0 0 9 10 -22 10 -12 32 -12 32 -1 54 -1 54 10 76 10 76 17 89 17 9 10 -22 20 -12 32 -12 43 -1 54 -1 65 10 76 10 83 17 89 17 2 3 1 8 -59 15 44 3 -26 86 15 77 -60 93 40 22 0 22 -1 0 -25 1 -25 66 0 66 1
SEGMENT 58 -15 57 -16 58 -15 -25 68 -25 68 -26 67 -36 75 63 182 -36 75 71 -24 71 -24 170 83 12.000000000 1 24 19 29.500000000 3 -8 9 41 15 41 15 24 54 24 54 -8 9 2 58 -15 1 -25 68 1 58.000000000 -15.000000000 -25.000000000 68.000000000 -26 67 -25 68 -25 68 58 -15 57 -16 58 -15 3 58 -15 57 -16 58 -15 -25 68 -25 68 -26 67 4 57 -16 58 -15 58 -15 -25 68 -25 68 -26 67 -25 68 58 -15 1 -25 -15 58 68 -25 -15 58 68 -93 73 43 43 58 -15 57 -16 58 -15 -25 68 37 6 36 5 37 6 1 1 -36 75 71 -24 1 0 15 58 -15 58 -3 46 -3 46 9 34 9 34 21 22 21 22 33 10 33 10 45 -2 45 -2 57 -14 57 -14 68 -25 68 2 58 -15 -25 68 2 0 2 -25 68 -26 67 58 -15 -25 68 58 -15 57 -16 41 15 24 54 24 54 -8 9 -8 9 41 15
SEGMENT 2 33 -4 46 2 33 93 75 93 75 87 88 -9 41 -22 99 -9 41 107 67 107 67 94 125 4.000000000 0 41 39 30.500000000 5 43 21 75 33 75 33 72 64 72 64 36 71 36 71 22 37 22 37 43 21 1 2 33 1 93 75 1 2.000000000 33.000000000 93.000000000 75.000000000 87 88 93 75 93 75 2 33 -4 46 2 33 3 2 33 -4 46 2 33 93 75 93 75 87 88 4 2 33 93 75 93 75 87 88 93 75 2 33 -4 46 2 33 0 2 33 93 75 2 33 93 75 -31 18 35 168 2 33 -4 46 2 33 93 75 30 46 24 59 6156 9417 205 1 -9 41 107 67 1 0 23 2 33 2 37 11 37 11 41 20 41 20 45 29 45 29 50 38 50 38 54 47 54 47 58 56 58 56 62 65 62 65 66 74 66 74 70 83 70 83 75 92 75 92 75 93 75 23 2 33 6 37 11 37 15 41 20 41 24 45 29 45 34 50 38 50 42 54 47 54 51 58 56 58 60 62 65 62 69 66 74 66 78 70 83 70 88 75 92 75 92 75 93 75 2 3 2 2 33 -4 46 2 33 93 75 93 75 87 88 43 21 75 33 75 33 72 64 72 64 36 71
SEGMENT -74 49 -11 131 -74 49 8 -14 8 -14 71 68 -48 -52 -51 -51 -48 -52 -6 74 -6 74 -9 75 5.000000000 1 -42 6 31.500000000 5 -17 -12 -5 18 -5 18 -31 40 -31 40 -60 29 -60 29 -64 -3 -64 -3 -17 -12 2 -74 49 1 8 -14 1 -74.000000000 49.000000000 8.000000000 -14.000000000 71 68 8 -14 8 -14 -74 49 -11 131 -74 49 3 -74 49 -11 131 -74 49 8 -14 8 -14 71 68 4 8 -14 71 68 8 -14 -74 49 -11 131 -74 49 -74 49 8 -14 0 -74 -14 8 49 -74 -14 8 49 -123 22 -25 -6 -74 49 -11 131 -74 49 8 -14 -49 30 14 112 -30884 18788 629 1 -48 -52 -6 74 1 0 25 -74 49 -74 44 -67 44 -67 38 -60 38 -60 33 -53 33 -53 27 -46 27 -46 22 -39 22 -39 17 -32 17 -32 11 -25 11 -25 6 -18 6 -18 1 -11 1 -11 -5 -4 -5 -4 -10 3 -10 3 -14 8 -14 25 -74 49 -69 44 -67 44 -61 38 -60 38 -55 33 -53 33 -47 27 -46 27 -41 22 -39 22 -34 17 -32 17 -26 11 -25 11 -20 6 -18 6 -13 1 -11 1 -5 -5 -4 -5 1 -10 3 -10 7 -14 8 -14 2 2 0 -74 49 -11 131 -74 49 8 -14 8 -14 71 68 -5 18 -31 40 -31 40 -60 29 -60 29 -64 -3
SEGMENT -65 -36 -142 47 -65 -36 18 41 18 41 -59 124 40 -56 15 -53 40 -56 52 44 52 44 27 47 6.000000000 0 -23 -10 32.500000000 4 0 -21 1 -21 6 0 6 1 0 13 -1 13 -38 0 -38 -1 0 -65 -36 1 18 41 1 -65.000000000 -36.000000000 18.000000000 41.000000000 -59 124 18 41 18 41 -65 -36 -142 47 -65 -36 3 -65 -36 -142 47 -65 -36 18 41 18 41 -59 124 4 -65 -36 18 41 18 41 -59 124 18 41 -65 -36 -142 47 -65 -36 0 -65 -36 18 41 -65 -36 18 41 -29 -23 -101 59 -65 -36 -142 47 -65 -36 18 41 -41 -14 -118 69 -263616 -88813 6409 0 0 0 29 -65 -36 -65 -30 -59 -30 -59 -25 -53 -25 -53 -19 -47 -19 -47 -14 -41 -14 -41 -8 -35 -8 -35 -3 -29 -3 -29 3 -23 3 -23 9 -17 9 -17 14 -11 14 -11 20 -5 20 -5 25 1 25 1 31 7 31 7 36 13 36 13 41 18 41 29 -65 -36 -59 -30 -59 -30 -54 -25 -53 -25 -47 -19 -47 -19 -42 -14 -41 -14 -35 -8 -35 -8 -30 -3 -29 -3 -23 3 -23 3 -17 9 -17 9 -12 14 -11 14 -5 20 -5 20 0 25 1 25 7 31 7 31 12 36 13 36 18 41 18 41 2 3 2 -65 -36 -142 47 -65 -36 18 41 18 41 -59 124 -38 0 -38 -1 0 -21 1 -21 6 0 6 1
SEGMENT 85 65 70 -34 81 43 0 -8 6 61 12 -40 -22 43 -27 167 -22 43 102 48 102 48 97 172 7.000000000 1 34 10 33.500000000 3 15 -4 64 2 64 2 47 41 47 41 15 -4 0 32940 17516 403 9180 -1764 943 81.736972705 43.464019851 9.734888653 -1.870625663 12 -40 6 61 0 -8 81 43 70 -34 85 65 3 85 65 70 -34 81 43 0 -8 6 61 12 -40 4 0 -8 81 43 70 -34 85 65 81 43 0 -8 6 61 12 -40 0 9 -2 82 44 9 -2 82 44 11 39 7 126 85 65 70 -34 81 43 0 -8 53 26 70 -1 54243 26009 1018 0 0 0 15 82 43 71 43 71 37 60 37 60 30 49 30 49 23 38 23 38 16 27 16 27 9 16 9 16 2 10 2 10 -2 15 82 43 77 43 71 37 67 37 60 30 56 30 49 23 45 23 38 16 34 16 27 9 23 9 16 2 14 2 10 -2 2 1 2 6 61 12 -40 81 43 0 -8 85 65 70 -34 47 41 15 -4 15 -4 64 2 64 2 47 41
SEGMENT -26 13 -1 57 -26 13 62 -37 62 -37 87 7 21 -54 -8 -52 21 -54 29 62 29 62 0 64 8.000000000 0 21 1 34.500000000 5 19 -21 51 -9 51 -9 48 22 48 22 12 29 12 29 -2 -5 -2 -5 19 -21 0 -26 13 1 62 -37 1 -26.000000000 13.000000000 62.000000000 -37.000000000 87 7 62 -37 62 -37 -26 13 -1 57 -26 13 3 -26 13 -1 57 -26 13 62 -37 62 -37 87 7 4 62 -37 87 7 62 -37 -26 13 -1 57 -26 13 -26 13 62 -37 0 -26 -37 62 13 -26 -37 62 13 -39 99 -13 25 -26 13 -1 57 -26 13 62 -37 4 -4 29 40 10194 -10332 2561 1 21 -54 29 62 1 0 15 -26 13 -12 13 -12 5 2 5 2 -3 16 -3 16 -11 30 -11 30 -19 44 -19 44 -27 58 -27 58 -35 62 -35 62 -37 15 -26 13 -20 13 -12 5 -6 5 2 -3 8 -3 16 -11 22 -11 30 -19 36 -19 44 -27 50 -27 58 -35 60 -35 62 -37 2 3 0 -26 13 -1 57 -26 13 62 -37 62 -37 87 7 -2 -5 19 -21 19 -21 51 -9 51 -9 48 22
SEGMENT -55 -52 -156 9 -55 -52 6 49 6 49 -95 110 -86 0 -79 120 -86 0 34 -7 34 -7 41 113 9.000000000 1 -30 -5 35.500000000 5 -9 -27 3 3 3 3 -23 25 -23 25 -52 14 -52 14 -56 -18 -56 -18 -9 -27 1 -55 -52 1 6 49 1 -55.000000000 -52.000000000 6.000000000 49.000000000 -95 110 6 49 6 49 -55 -52 -156 9 -55 -52 3 -55 -52 -156 9 -55 -52 6 49 6 49 -95 110 4 -55 -52 6 49 6 49 -95 110 6 49 -55 -52 -156 9 -55 -52 0 -55 -52 6 49 -55 -52 6 49 -43 -3 -107 55 -55 -52 -156 9 -55 -52 6 49 -37 -22 -138 39 -256951 -153508 6961 1 -86 0 34 -7 1 0 15 -55 -52 -46 -52 -46 -37 -37 -37 -37 -22 -28 -22 -28 -7 -19 -7 -19 8 -10 8 -10 23 -1 23 -1 38 6 38 6 49 15 -55 -52 -22 -19 -22 -37 3 -12 3 -22 27 2 27 -7 52 18 52 8 77 33 77 23 102 48 102 38 6 134 6 49 2 4 1 -55 -52 -156 9 -55 -52 6 49 6 49 -95 110 -9 -27 3 3 3 3 -23 25 -23 25 -52 14
SEGMENT -21 -66 -62 23 -21 -66 68 -25 68 -25 27 64 -21 -66 -62 23 -21 -66 68 -25 68 -25 27 64 10.000000000 0 19 -49 36.500000000 4 0 -64 1 -64 44 0 44 1 0 -30 -1 -30 0 0 0 -1 0 -21 -66 1 68 -25 1 -21.000000000 -66.000000000 68.000000000 -25.000000000 27 64 68 -25 68 -25 -21 -66 -62 23 -21 -66 3 -21 -66 -62 23 -21 -66 68 -25 68 -25 27 64 4 -21 -66 68 -25 68 -25 27 64 68 -25 -21 -66 -62 23 -21 -66 0 -21 -66 68 -25 -21 -66 68 -25 45 93 -87 43 -21 -66 -62 23 -21 -66 68 -25 12 -51 -29 38 57243 -244050 4801 2 -21 -66 -62 23 68 -25 27 64 1 1 11 -21 -66 -21 -56 1 -56 1 -46 23 -46 23 -36 45 -36 45 -25 67 -25 67 -25 68 -25 11 -21 -66 -11 -56 1 -56 11 -46 23 -46 33 -36 45 -36 56 -25 67 -25 67 -25 68 -25 2 3 1 -21 -66 -62 23 -21 -66 68 -25 68 -25 27 64 0 0 0 -1 0 -64 1 -64 44 0 44 1
SEGMENT 67 25 113 -60 67 25 -18 -21 -18 -21 28 -106 28 -106 -18 -21 -18 -21 67 25 113 -60 67 25 11.000000000 1 18 0 37.500000000 3 -5 -18 44 -12 44 -12 27 27 27 27 -5 -18 1 67 25 1 -18 -21 1 67.000000000 25.000000000 -18.000000000 -21.000000000 28 -106 -18 -21 -18 -21 67 25 113 -60 67 25 3 67 25 113 -60 67 25 -18 -21 -18 -21 28 -106 4 -18 -21 67 25 113 -60 67 25 67 25 -18 -21 -18 -21 28 -106 0 -18 -21 67 25 -18 -21 67 25 3 42 -39 92 67 25 113 -60 67 25 -18 -21 34 7 80 -78 317042 66407 9341 2 28 -106 -18 -21 67 25 113 -60 1 1 11 67 25 47 25 47 14 27 14 27 3 7 3 7 -7 -13 -7 -13 -18 -18 -18 -18 -21 11 67 25 58 25 47 14 38 14 27 3 17 3 7 -7 -2 -7 -13 -18 -15 -18 -18 -21 2 1 2 -18 -21 28 -106 67 25 -18 -21 67 25 113 -60 -5 -18 44 -12 44 -12 27 27 27 27 -5 -18
SEGMENT -26 -43 77 -34 9 -55 50 33 -21 20 81 27 -37 -67 -54 -51 -37 -67 -21 -50 -21 -50 -38 -34 12.000000000 0 28 -11 38.500000000 5 22 -37 54 -25 54 -25 51 6 51 6 15 13 15 13 1 -21 1 -21 22 -37 4 3018 -7271 185 400461 213785 8689 16.313513514 -39.302702703 46.088272528 24.604097134 81 27 -21 20 50 33 9 -55 77 -34 -26 -43 3 -26 -43 77 -34 9 -55 50 33 -21 20 81 27 4 -26 -43 77 -34 9 -55 50 33 81 27 -21 20 50 33 9 -55 0 16 -40 47 25 16 -40 47 25 21 56 -23 71 -26 -43 77 -34 9 -55 50 33 33 -4 -55 37 309177 -36839 9425 0 0 0 7 16 -39 16 -13 29 -13 29 13 41 13 41 25 46 25 7 16 -39 16 -131 -102 -13 -102 -43 -46 13 -46 -67 46 25 2 4 2 -26 -43 77 -34 9 -55 50 33 -21 20 81 27 15 13 1 -21 1 -21 22 -37 22 -37 54 -25
SEGMENT -37 -11 -38 -11 -37 -11 -37 78 -37 78 -38 78 -89 80 10 187 -89 80 18 -19 18 -19 117 88 4.000000000 1 -36 34 39.500000000 5 -19 8 -7 38 -7 38 -33 60 -33 60 -62 49 -62 49 -66 17 -66 17 -19 8 0 -37 -11 1 -37 78 1 -37.000000000 -11.000000000 -37.000000000 78.000000000 -38 78 -37 78 -37 78 -37 -11 -38 -11 -37 -11 3 -37 -11 -38 -11 -37 -11 -37 78 -37 78 -38 78 4 -38 -11 -37 -11 -37 -11 -37 78 -37 78 -38 78 -37 78 -37 -11 0 -37 -11 -37 78 -37 -11 -37 78 -115 -26 -48 41 -37 -11 -38 -11 -37 -11 -37 78 -37 29 -38 29 -37 29 1 1 -89 80 18 -19 1 0 2 -37 -11 -37 78 2 -37 -11 -37 78 2 4 2 -37 -11 -38 -11 -37 -11 -37 78 -37 78 -38 78 -66 17 -19 8 -19 8 -7 38 -7 38 -33 60
SEGMENT -46 -2 -47 -1 -46 -2 37 81 37 81 36 82 -66 31 -79 89 -66 31 50 57 50 57 37 115 5.000000000 0 -6 39 40.500000000 4 0 20 1 20 15 0 15 1 0 54 -1 54 -29 0 -29 -1 0 -46 -2 1 37 81 1 -46.000000000 -2.000000000 37.000000000 81.000000000 36 82 37 81 37 81 -46 -2 -47 -1 -46 -2 3 -46 -2 -47 -1 -46 -2 37 81 37 81 36 82 4 -46 -2 37 81 37 81 36 82 37 81 -46 -2 -47 -1 -46 -2 0 -46 -2 37 81 -46 -2 37 81 -44 -44 -48 118 -46 -2 -47 -1 -46 -2 37 81 -17 27 -18 28 -17 27 1 1 -66 31 50 57 1 0 35 -46 -2 -46 3 -41 3 -41 8 -36 8 -36 13 -31 13 -31 18 -26 18 -26 23 -21 23 -21 28 -16 28 -16 33 -11 33 -11 38 -6 38 -6 43 -1 43 -1 48 4 48 4 53 9 53 9 58 14 58 14 63 19 63 19 68 24 68 24 73 29 73 29 78 34 78 34 81 37 81 2 -46 -2 37 81 2 0 2 -46 -2 -47 -1 -46 -2 37 81 37 81 36 82 -29 0 -29 -1 0 20 1 20 15 0 15 1
SEGMENT 79 -10 78 -11 79 -10 -4 73 -4 73 -5 72 24 -32 21 -31 24 -32 66 94 66 94 63 95 6.000000000 1 40 36 41.500000000 3 13 14 62 20 62 20 45 59 45 59 13 14 2 79 -10 1 -4 73 1 79.000000000 -10.000000000 -4.000000000 73.000000000 -5 72 -4 73 -4 73 79 -10 78 -11 79 -10 3 79 -10 78 -11 79 -10 -4 73 -4 73 -5 72 4 78 -11 79 -10 79 -10 -4 73 -4 73 -5 72 -4 73 79 -10 0 -4 -10 79 73 -4 -10 79 73 -77 89 69 69 79 -10 78 -11 79 -10 -4 73 50 19 49 18 50 19 1 1 24 -32 66 94 1 0 29 79 -10 79 -4 73 -4 73 2 67 2 67 8 61 8 61 14 55 14 55 20 49 20 49 26 43 26 43 32 37 32 37 38 31 38 31 44 25 44 25 50 19 50 19 56 13 56 13 62 7 62 7 68 1 68 1 73 -4 73 2 79 -10 -4 73 2 0 2 -4 73 -5 72 79 -10 -4 73 79 -10 78 -11 62 20 45 59 45 59 13 14 13 14 62 20
SEGMENT -20 -7 -26 6 -20 -7 71 35 71 35 65 48 84 -45 59 -42 84 -45 96 55 96 55 71 58 7.000000000 0 31 11 42.500000000 5 21 -19 53 -7 53 -7 50 24 50 24 14 31 14 31 0 -3 0 -3 21 -19 3 -20 -7 1 71 35 1 -20.000000000 -7.000000000 71.000000000 35.000000000 65 48 71 35 71 35 -20 -7 -26 6 -20 -7 3 -20 -7 -26 6 -20 -7 71 35 71 35 65 48 4 -20 -7 71 35 71 35 65 48 71 35 -20 -7 -26 6 -20 -7 0 -20 -7 71 35 -20 -7 71 35 -13 36 -27 106 -20 -7 -26 6 -20 -7 71 35 19 11 13 24 19 11 1 0 0 0 15 -20 -7 -20 0 -5 0 -5 7 10 7 10 14 25 14 25 21 40 21 40 28 55 28 55 35 70 35 70 35 71 35 15 -20 -7 -13 0 -5 0 2 7 10 7 17 14 25 14 32 21 40 21 47 28 55 28 62 35 70 35 70 35 71 35 2 3 2 -20 -7 -26 6 -20 -7 71 35 71 35 65 48 50 24 14 31 14 31 0 -3 0 -3 21 -19
SEGMENT -1 78 102 72 11 69 94 6 -4 2 99 -7 -14 70 -19 194 -14 70 110 75 110 75 105 199 8.000000000 1 52 47 43.500000000 5 65 17 77 47 77 47 51 69 51 69 22 58 22 58 18 26 18 26 65 17 4 -1688 155748 1997 323575 -23535 2871 -0.845267902 77.990986480 112.704632532 -8.197492163 99 -7 -4 2 94 6 11 69 102 72 -1 78 3 -1 78 102 72 11 69 94 6 -4 2 99 -7 4 94 6 11 69 102 72 -1 78 11 69 94 6 -4 2 99 -7 0 -1 -9 113 78 -1 -9 113 78 -79 121 77 105 -1 78 102 72 11 69 94 6 34 52 97 135 183389 280731 5429 1 -14 70 110 75 1 0 23 -1 78 -1 70 10 70 10 61 21 61 21 53 32 53 32 45 43 45 43 36 54 36 54 28 65 28 65 20 76 20 76 11 87 11 87 3 98 3 98 -5 109 -5 109 -8 113 -8 23 -1 78 7 70 10 70 19 61 21 61 29 53 32 53 40 45 43 45 52 36 54 36 62 28 65 28 73 20 76 20 85 11 87 11 95 3 98 3 106 -5 109 -5 112 -8 113 -8 2 2 0 -1 78 102 72 11 69 94 6 -4 2 99 -7 22 58 18 26 18 26 65 17 65 17 77 47
SEGMENT -93 6 -170 89 -93 6 -10 83 -10 83 -87 166 -49 -21 -78 -19 -49 -21 -41 95 -41 95 -70 97 9.000000000 0 -39 44 44.500000000 4 0 21 1 21 -22 0 -22 1 0 55 -1 55 -66 0 -66 -1 0 -93 6 1 -10 83 1 -93.000000000 6.000000000 -10.000000000 83.000000000 -87 166 -10 83 -10 83 -93 6 -170 89 -93 6 3 -93 6 -170 89 -93 6 -10 83 -10 83 -87 166 4 -93 6 -10 83 -10 83 -87 166 -10 83 -93 6 -170 89 -93 6 0 -93 6 -10 83 -93 6 -10 83 -99 -93 -87 73 -93 6 -170 89 -93 6 -10 83 -60 36 -137 119 -45471 27393 754 1 -49 -21 -41 95 1 0 19 -93 6 -93 15 -83 15 -83 25 -73 25 -73 34 -63 34 -63 43 -53 43 -53 52 -43 52 -43 62 -33 62 -33 71 -23 71 -23 80 -13 80 -13 83 -10 83 19 -93 6 -84 15 -83 15 -73 25 -73 25 -64 34 -63 34 -54 43 -53 43 -44 52 -43 52 -33 62 -33 62 -24 71 -23 71 -14 80 -13 80 -10 83 -10 83 2 3 2 -93 6 -170 89 -93 6 -10 83 -10 83 -87 166 -66 0 -66 -1 0 21 1 21 -22 0 -22 1
SEGMENT 63 58 139 -27 63 58 -22 -18 -22 -18 54 -103 -35 17 -28 137 -35 17 85 10 85 10 92 130 10.000000000 1 31 22 45.500000000 3 0 -4 49 2 49 2 32 41 32 41 0 -4 0 63 58 1 -22 -18 1 63.000000000 58.000000000 -22.000000000 -18.000000000 54 -103 -22 -18 -22 -18 63 58 139 -27 63 58 3 63 58 139 -27 63 58 -22 -18 -22 -18 54 -103 4 -22 -18 63 58 139 -27 63 58 63 58 -22 -18 -22 -18 54 -103 0 -22 -18 63 58 -22 -18 63 58 -4 5 -40 121 63 58 139 -27 63 58 -22 -18 29 28 105 -57 379613 361138 13001 1 -35 17 85 10 1 0 17 63 58 52 58 52 48 41 48 41 38 30 38 30 28 19 28 19 19 8 19 8 9 -3 9 -3 -1 -14 -1 -14 -11 -22 -11 -22 -18 17 63 58 62 58 52 48 51 48 41 38 40 38 30 28 28 28 19 19 18 19 8 9 7 9 -3 -1 -4 -1 -14 -11 -15 -11 -22 -18 2 1 2 -22 -18 54 -103 63 58 -22 -18 63 58 139 -27 32 41 0 -4 0 -4 49 2 49 2 32 41
SEGMENT -21 14 4 58 -21 14 67 -36 67 -36 92 8 -21 14 4 58 -21 14 67 -36 67 -36 92 8 11.000000000 0 38 14 46.500000000 5 24 -20 56 -8 56 -8 53 23 53 23 17 30 17 30 3 -4 3 -4 24 -20 2 -21 14 1 67 -36 1 -21.000000000 14.000000000 67.000000000 -36.000000000 92 8 67 -36 67 -36 -21 14 4 58 -21 14 3 -21 14 4 58 -21 14 67 -36 67 -36 92 8 4 67 -36 92 8 67 -36 -21 14 4 58 -21 14 -21 14 67 -36 0 -21 -36 67 14 -21 -36 67 14 -35 103 -7 31 -21 14 4 58 -21 14 67 -36 19 -9 44 35 48959 -22521 2561 2 -21 14 4 58 67 -36 92 8 1 1 11 -21 14 -2 14 -2 3 17 3 17 -8 36 -8 36 -18 55 -18 55 -29 67 -29 67 -36 11 -21 14 -13 14 -2 3 6 3 17 -8 26 -8 36 -18 44 -18 55 -29 60 -29 67 -36 2 3 0 -21 14 4 58 -21 14 67 -36 67 -36 92 8 56 -8 53 23 53 23 17 30 17 30 3 -4
SEGMENT 22 -96 -79 -35 22 -96 83 5 83 5 -18 66 -18 66 83 5 83 5 22 -96 -79 -35 22 -96 12.000000000 1 42 -56 47.500000000 5 68 -71 80 -41 80 -41 54 -19 54 -19 25 -30 25 -30 21 -62 21 -62 68 -71 3 22 -96 1 83 5 1 22.000000000 -96.000000000 83.000000000 5.000000000 -18 66 83 5 83 5 22 -96 -79 -35 22 -96 3 22 -96 -79 -35 22 -96 83 5 83 5 -18 66 4 22 -96 83 5 83 5 -18 66 83 5 22 -96 -79 -35 22 -96 0 22 -96 83 5 22 -96 83 5 78 118 -74 88 22 -96 -79 -35 22 -96 83 5 47 -55 -54 6 325955 -382123 6961 2 -79 -35 22 -96 83 5 -18 66 1 1 13 22 -96 34 -96 34 -76 46 -76 46 -56 58 -56 58 -36 70 -36 70 -16 82 -16 82 4 83 4 83 5 13 22 -96 -258 184 -258 -76 -225 -43 -225 -56 -192 -23 -192 -36 -159 -3 -159 -16 -126 17 -126 4 83 213 83 5 2 4 1 22 -96 -79 -35 22 -96 83 5 83 5 -18 66 54 -19 25 -30 25 -30 21 -62 21 -62 68 -71
SEGMENT -80 -60 -73 43 -85 -27 -2 14 -11 -61 5 39 -110 -65 -127 -49 -110 -65 -94 -48 -94 -48 -111 -32 4.000000000 0 -52 -18 48.500000000 4 0 -26 1 -26 -22 0 -22 1 0 8 -1 8 -66 0 -66 -1 0 -320176 -96244 4131 801 9943 637 -77.505688695 -23.297990801 1.257456829 15.609105181 5 39 -11 -61 -2 14 -85 -27 -73 43 -80 -60 3 -80 -60 -73 43 -85 -27 -2 14 -11 -61 5 39 4 -85 -27 -2 14 -11 -61 5 39 -2 14 -85 -27 -73 43 -80 -60 0 -78 -24 2 16 -78 -24 2 16 -55 -14 -101 17 -80 -60 -73 43 -85 -27 -2 14 -34 -2 -75 81 -146018 -7906 4285 0 0 0 21 -78 -23 -78 -20 -70 -20 -70 -16 -62 -16 -62 -12 -54 -12 -54 -8 -46 -8 -46 -4 -38 -4 -38 0 -30 0 -30 4 -22 4 -22 8 -14 8 -14 12 -6 12 -6 16 1 16 21 -78 -23 -75 -20 -70 -20 -66 -16 -62 -16 -58 -12 -54 -12 -50 -8 -46 -8 -42 -4 -38 -4 -34 0 -30 0 -26 4 -22 4 -18 8 -14 8 -10 12 -6 12 -2 16 1 16 2 3 1 -80 -60 -73 43 -85 -27 -2 14 -11 -61 5 39 -66 0 -66 -1 0 -26 1 -26 -22 0 -22 1
SEGMENT -2 29 44 -56 -2 29 -87 -17 -87 -17 -41 -102 -102 52 -3 159 -102 52 5 -47 5 -47 104 60 5.000000000 1 -56 -3 49.500000000 3 -74 -14 -25 -8 -25 -8 -42 31 -42 31 -74 -14 1 -2 29 1 -87 -17 1 -2.000000000 29.000000000 -87.000000000 -17.000000000 -41 -102 -87 -17 -87 -17 -2 29 44 -56 -2 29 3 -2 29 44 -56 -2 29 -87 -17 -87 -17 -41 -102 4 -87 -17 -2 29 44 -56 -2 29 -2 29 -87 -17 -87 -17 -41 -102 0 -87 -17 -2 29 -87 -17 -2 29 -70 -31 -104 27 -2 29 44 -56 -2 29 -87 -17 -46 5 0 -80 -430422 48065 9341 1 -102 52 5 -47 1 0 21 -2 29 -11 29 -11 24 -20 24 -20 19 -29 19 -29 14 -38 14 -38 10 -47 10 -47 5 -56 5 -56 0 -65 0 -65 -5 -74 -5 -74 -10 -83 -10 -83 -15 -87 -15 -87 -17 21 -2 29 -6 29 -11 24 -15 24 -20 19 -24 19 -29 14 -34 14 -38 10 -42 10 -47 5 -51 5 -56 0 -60 0 -65 -5 -69 -5 -74 -10 -78 -10 -83 -15 -85 -15 -87 -17 2 1 2 -87 -17 -41 -102 -2 29 -87 -17 -2 29 44 -56 -74 -14 -25 -8 -25 -8 -42 31 -42 31 -74 -14
SEGMENT -48 -31 -48 -30 -48 -31 45 -31 45 -31 45 -30 -62 -36 -75 22 -62 -36 54 -10 54 -10 41 48 6.000000000 0 -9 -37 50.500000000 5 -10 -56 22 -44 22 -44 19 -13 19 -13 -17 -6 -17 -6 -31 -40 -31 -40 -10 -56 1 -48 -31 1 45 -31 1 -48.000000000 -31.000000000 45.000000000 -31.000000000 45 -30 45 -31 45 -31 -48 -31 -48 -30 -48 -31 3 -48 -31 -48 -30 -48 -31 45 -31 45 -31 45 -30 4 -48 -31 45 -31 45 -31 45 -30 45 -31 -48 -31 -48 -30 -48 -31 0 -48 -31 45 -31 -48 -31 45 -31 -17 76 -79 14 -48 -31 -48 -30 -48 -31 45 -31 3 -31 3 -30 3 -31 1 1 -62 -36 54 -10 1 0 2 -48 -31 45 -31 2 -48 -31 45 -31 2 3 1 -48 -31 -48 -30 -48 -31 45 -31 45 -31 45 -30 -10 -56 22 -44 22 -44 19 -13 19 -13 -17 -6
SEGMENT 28 -28 27 -28 28 -28 28 61 28 61 27 61 15 -49 12 -48 15 -49 57 77 57 77 54 78 7.000000000 1 24 10 51.500000000 5 46 -9 58 21 58 21 32 43 32 43 3 32 3 32 -1 0 -1 0 46 -9 2 28 -28 1 28 61 1 28.000000000 -28.000000000 28.000000000 61.000000000 27 61 28 61 28 61 28 -28 27 -28 28 -28 3 28 -28 27 -28 28 -28 28 61 28 61 27 61 4 27 -28 28 -28 28 -28 28 61 28 61 27 61 28 61 28 -28 0 28 -28 28 61 28 -28 28 61 -33 56 0 89 28 -28 27 -28 28 -28 28 61 28 24 27 24 28 24 1 1 15 -49 57 77 1 0 2 28 -28 28 61 2 28 -28 28 61 2 4 2 28 -28 27 -28 28 -28 28 61 28 61 27 61 58 21 32 43 32 43 3 32 3 32 -1 0
SEGMENT -12 -61 -13 -60 -12 -61 71 22 71 22 70 23 83 -74 58 -71 83 -74 95 26 95 26 70 29 8.000000000 0 23 -27 52.500000000 4 0 -39 1 -39 49 0 49 1 0 -5 -1 -5 5 0 5 -1 0 -12 -61 1 71 22 1 -12.000000000 -61.000000000 71.000000000 22.000000000 70 23 71 22 71 22 -12 -61 -13 -60 -12 -61 3 -12 -61 -13 -60 -12 -61 71 22 71 22 70 23 4 -12 -61 71 22 71 22 70 23 71 22 -12 -61 -13 -60 -12 -61 0 -12 -61 71 22 -12 -61 71 22 49 49 -73 93 -12 -61 -13 -60 -12 -61 71 22 25 -24 24 -23 25 -24 1 0 0 0 23 -12 -61 -12 -53 -4 -53 -4 -45 4 -45 4 -37 12 -37 12 -29 20 -29 20 -21 28 -21 28 -13 36 -13 36 -5 44 -5 44 3 52 3 52 11 60 11 60 19 68 19 68 22 71 22 2 -12 -61 71 22 2 0 2 -12 -61 -13 -60 -12 -61 71 22 71 22 70 23 5 0 5 -1 0 -39 1 -39 49 0 49 1
SEGMENT 35 83 20 -16 31 61 -50 10 -44 79 -38 -22 -72 61 -77 185 -72 61 52 66 52 66 47 190 9.000000000 1 -13 29 6.500000000 3 -35 14 14 20 14 20 -3 59 -3 59 -35 14 2 12790 24770 403 -37970 15210 943 31.736972705 61.464019851 -40.265111347 16.129374337 -38 -22 -44 79 -50 10 31 61 20 -16 35 83 3 35 83 20 -16 31 61 -50 10 -44 79 -38 -22 4 -50 10 31 61 20 -16 35 83 31 61 -50 10 -44 79 -38 -22 0 -41 16 32 62 -41 16 32 62 -57 -29 -25 94 35 83 20 -16 31 61 -50 10 26 58 43 31 13268 29468 509 0 0 0 13 32 61 18 61 18 53 4 53 4 44 -10 44 -10 35 -24 35 -24 26 -38 26 -38 18 -40 18 -40 16 13 32 61 26 61 18 53 13 53 4 44 -1 44 -10 35 -15 35 -24 26 -30 26 -38 18 -38 18 -40 16 2 1 2 -44 79 -38 -22 31 61 -50 10 35 83 20 -16 14 20 -3 59 -3 59 -35 14 -35 14 14 20
SEGMENT -13 -39 -19 -26 -13 -39 78 3 78 3 72 16 30 -84 1 -82 30 -84 38 32 38 32 9 34 10.000000000 0 33 -28 7.500000000 5 28 -51 60 -39 60 -39 57 -8 57 -8 21 -1 21 -1 7 -35 7 -35 28 -51 0 -13 -39 1 78 3 1 -13.000000000 -39.000000000 78.000000000 3.000000000 72 16 78 3 78 3 -13 -39 -19 -26 -13 -39 3 -13 -39 -19 -26 -13 -39 78 3 78 3 72 16 4 -13 -39 78 3 78 3 72 16 78 3 -13 -39 -19 -26 -13 -39 0 -13 -39 78 3 -13 -39 78 3 26 75 -52 81 -13 -39 -19 -26 -13 -39 78 3 -6 -36 -12 -23 -1248 -7341 205 1 30 -84 38 32 1 0 11 -13 -39 -13 -29 9 -29 9 -19 31 -19 31 -9 53 -9 53 2 75 2 75 3 78 3 11 -13 -39 -3 -29 9 -29 19 -19 31 -19 41 -9 53 -9 64 2 75 2 76 3 78 3 2 3 2 -13 -39 -19 -26 -13 -39 78 3 78 3 72 16 7 -35 28 -51 28 -51 60 -39 60 -39 57 -8
SEGMENT -23 -12 40 70 -23 -12 59 -75 59 -75 122 7 -43 -46 -36 74 -43 -46 77 -53 77 -53 84 67 11.000000000 1 16 -50 8.500000000 5 34 -73 46 -43 46 -43 20 -21 20 -21 -9 -32 -9 -32 -13 -64 -13 -64 34 -73 1 -23 -12 1 59 -75 1 -23.000000000 -12.000000000 59.000000000 -75.000000000 122 7 59 -75 59 -75 -23 -12 40 70 -23 -12 3 -23 -12 40 70 -23 -12 59 -75 59 -75 122 7 4 59 -75 122 7 59 -75 -23 -12 40 70 -23 -12 -23 -12 59 -75 0 -23 -75 59 -12 -23 -75 59 -12 -11 134 -35 -16 -23 -12 40 70 -23 -12 59 -75 -16 -17 47 65 -173041 -184323 10693 1 -43 -46 77 -53 1 0 13 -23 -12 -23 -23 -9 -23 -9 -34 5 -34 5 -44 19 -44 19 -55 33 -55 33 -66 47 -66 47 -75 59 -75 13 -23 -12 -12 -23 -9 -23 2 -34 5 -34 15 -44 19 -44 30 -55 33 -55 44 -66 47 -66 56 -75 59 -75 2 2 0 -23 -12 40 70 -23 -12 59 -75 59 -75 122 7 34 -73 46 -43 46 -43 20 -21 20 -21 -9 -32
SEGMENT 2 -45 -75 38 2 -45 85 32 85 32 8 115 2 -45 -75 38 2 -45 85 32 85 32 8 115 12.000000000 0 51 -14 9.500000000 4 0 -30 1 -30 73 0 73 1 0 4 -1 4 29 0 29 -1 0 2 -45 1 85 32 1 2.000000000 -45.000000000 85.000000000 32.000000000 8 115 85 32 85 32 2 -45 -75 38 2 -45 3 2 -45 -75 38 2 -45 85 32 85 32 8 115 4 2 -45 85 32 85 32 8 115 85 32 2 -45 -75 38 2 -45 0 2 -45 85 32 2 -45 85 32 47 53 -43 117 2 -45 -75 38 2 -45 85 32 9 -39 -68 44 112205 -496499 12818 2 2 -45 -75 38 85 32 8 115 1 1 15 2 -45 2 -33 15 -33 15 -21 28 -21 28 -9 41 -9 41 3 54 3 54 15 67 15 67 27 80 27 80 32 85 32 15 2 -45 14 -33 15 -33 27 -21 28 -21 40 -9 41 -9 53 3 54 3 66 15 67 15 79 27 80 27 85 32 85 32 2 3 2 2 -45 -75 38 2 -45 85 32 85 32 8 115 29 0 29 -1 0 -30 1 -30 73 0 73 1
SEGMENT 52 30 128 -55 52 30 -33 -46 -33 -46 43 -131 43 -131 -33 -46 -33 -46 52 30 128 -55 52 30 4.000000000 1 15 -13 10.500000000 3 -11 -32 38 -26 38 -26 21 13 21 13 -11 -32 0 52 30 1 -33 -46 1 52.000000000 30.000000000 -33.000000000 -46.000000000 43 -131 -33 -46 -33 -46 52 30 128 -55 52 30 3 52 30 128 -55 52 30 -33 -46 -33 -46 43 -131 4 -33 -46 52 30 128 -55 52 30 52 30 -33 -46 -33 -46 43 -131 0 -33 -46 52 30 -33 -46 52 30 13 22 -79 82 52 30 128 -55 52 30 -33 -46 44 23 120 -62 573032 297918 13001 2 43 -131 -33 -46 52 30 128 -55 1 1 45 52 30 48 30 48 26 44 26 44 23 40 23 40 19 36 19 36 16 32 16 32 12 28 12 28 9 24 9 24 5 20 5 20 1 16 1 16 -2 12 -2 12 -6 8 -6 8 -9 4 -9 4 -13 0 -13 0 -16 -4 -16 -4 -20 -8 -20 -8 -24 -12 -24 -12 -27 -16 -27 -16 -31 -20 -31 -20 -34 -24 -34 -24 -38 -28 -38 -28 -42 -32 -42 -32 -45 -33 -45 -33 -46 45 52 30 52 30 48 26 47 26 44 23 44 23 40 19 39 19 36 16 36 16 32 12 31 12 28 9 28 9 24 5 24 5 20 1 19 1 16 -2 16 -2 12 -6 11 -6 8 -9 8 -9 4 -13 3 -13 0 -16 0 -16 -4 -20 -4 -20 -8 -24 -9 -24 -12 -27 -12 -27 -16 -31 -17 -31 -20 -34 -20 -34 -24 -38 -24 -38 -28 -42 -29 -42 -32 -45 -32 -45 -33 -46 2 1 2 -33 -46 43 -131 52 30 -33 -46 52 30 128 -55 21 13 -11 -32 -11 -32 38 -26 38 -26 21 13
SEGMENT -103 -8 0 1 -68 -20 -27 68 -98 55 4 62 -114 -32 -131 -16 -114 -32 -98 -15 -98 -15 -115 1 5.000000000 0 -46 25 11.500000000 5 -55 -2 -23 10 -23 10 -26 41 -26 41 -62 48 -62 48 -76 14 -76 14 -55 -2 4 -11227 -796 185 -268592 517900 8689 -60.686486486 -4.302702703 -30.911727472 59.604097134 4 62 -98 55 -27 68 -68 -20 0 1 -103 -8 3 -103 -8 0 1 -68 -20 -27 68 -98 55 4 62 4 -103 -8 0 1 -68 -20 -27 68 4 62 -98 55 -27 68 -68 -20 0 -61 -5 -30 60 -61 -5 -30 60 -91 -56 -65 29 -103 -8 0 1 -68 -20 -27 68 -56 6 -144 47 -105384 11228 1885 0 0 0 13 -61 -4 -61 7 -55 7 -55 18 -50 18 -50 29 -45 29 -45 40 -40 40 -40 51 -35 51 -35 60 -31 60 13 -61 -4 -61 -195 141 7 141 -6 165 18 165 6 188 29 188 16 212 40 212 28 235 51 235 -206 -31 60 2 4 2 -103 -8 0 1 -68 -20 -27 68 -98 55 4 62 -62 48 -76 14 -76 14 -55 -2 -55 -2 -23 10
SEGMENT -16 -70 -117 -9 -16 -70 45 31 45 31 -56 92 -40 27 59 134 -40 27 67 -72 67 -72 166 35 6.000000000 1 16 -18 12.500000000 5 30 -45 42 -15 42 -15 16 7 16 7 -13 -4 -13 -4 -17 -36 -17 -36 30 -45 0 -16 -70 1 45 31 1 -16.000000000 -70.000000000 45.000000000 31.000000000 -56 92 45 31 45 31 -16 -70 -117 -9 -16 -70 3 -16 -70 -117 -9 -16 -70 45 31 45 31 -56 92 4 -16 -70 45 31 45 31 -56 92 45 31 -16 -70 -117 -9 -16 -70 0 -16 -70 45 31 -16 -70 45 31 14 54 -86 76 -16 -70 -117 -9 -16 -70 45 31 -10 -59 -111 2 -132655 -825363 13922 1 -40 27 67 -72 1 0 23 -16 -70 -10 -70 -10 -60 -4 -60 -4 -50 2 -50 2 -40 8 -40 8 -30 14 -30 14 -20 20 -20 20 -10 26 -10 26 0 32 0 32 10 38 10 38 20 44 20 44 30 45 30 45 31 23 -16 -70 -143 57 -143 -60 -126 -43 -126 -50 -110 -34 -110 -40 -93 -23 -93 -30 -77 -14 -77 -20 -60 -3 -60 -10 -44 6 -44 0 -27 17 -27 10 -10 27 -10 20 6 36 6 30 45 69 45 31 2 4 1 -16 -70 -117 -9 -16 -70 45 31 45 31 -56 92 -17 -36 30 -45 30 -45 42 -15 42 -15 16 7
SEGMENT -2 -15 -43 74 -2 -15 87 26 87 26 46 115 -18 -2 -31 56 -18 -2 98 24 98 24 85 82 7.000000000 0 45 7 13.500000000 4 0 -13 1 -13 63 0 63 1 0 21 -1 21 19 0 19 -1 0 -2 -15 1 87 26 1 -2.000000000 -15.000000000 87.000000000 26.000000000 46 115 87 26 87 26 -2 -15 -43 74 -2 -15 3 -2 -15 -43 74 -2 -15 87 26 87 26 46 115 4 -2 -15 87 26 87 26 46 115 87 26 -2 -15 -43 74 -2 -15 0 -2 -15 87 26 -2 -15 87 26 13 61 -17 113 -2 -15 -43 74 -2 -15 87 26 10 -9 -31 80 48871 -45078 4801 1 -18 -2 98 24 1 0 13 -2 -15 -2 -8 13 -8 13 -1 28 -1 28 6 43 6 43 13 58 13 58 20 73 20 73 26 87 26 13 -2 -15 5 -8 13 -8 20 -1 28 -1 35 6 43 6 50 13 58 13 65 20 73 20 79 26 87 26 2 3 1 -2 -15 -43 74 -2 -15 87 26 87 26 46 115 19 0 19 -1 0 -13 1 -13 63 0 63 1
SEGMENT 60 10 106 -75 60 10 -25 -36 -25 -36 21 -121 -1 -79 -4 -78 -1 -79 41 47 41 47 38 48 8.000000000 1 18 -10 14.500000000 3 -12 -33 37 -27 37 -27 20 12 20 12 -12 -33 1 60 10 1 -25 -36 1 60.000000000 10.000000000 -25.000000000 -36.000000000 21 -121 -25 -36 -25 -36 60 10 106 -75 60 10 3 60 10 106 -75 60 10 -25 -36 -25 -36 21 -121 4 -25 -36 60 10 106 -75 60 10 60 10 -25 -36 -25 -36 21 -121 0 -25 -36 60 10 -25 -36 60 10 11 50 -61 70 60 10 106 -75 60 10 -25 -36 47 3 93 -82 439165 27768 9341 1 -1 -79 41 47 1 0 13 60 10 45 10 45 2 30 2 30 -6 15 -6 15 -14 0 -14 0 -22 -15 -22 -15 -31 -25 -31 -25 -36 13 60 10 53 10 45 2 38 2 30 -6 23 -6 15 -14 8 -14 0 -22 -6 -22 -15 -31 -20 -31 -25 -36 2 1 2 -25 -36 21 -121 60 10 -25 -36 60 10 106 -75 -12 -33 37 -27 37 -27 20 12 20 12 -12 -33
SEGMENT -11 26 -11 27 -11 26 82 26 82 26 82 27 90 -25 65 -22 90 -25 102 75 102 75 77 78 9.000000000 0 40 32 15.500000000 5 27 1 59 13 59 13 56 44 56 44 20 51 20 51 6 17 6 17 27 1 3 -11 26 1 82 26 1 -11.000000000 26.000000000 82.000000000 26.000000000 82 27 82 26 82 26 -11 26 -11 27 -11 26 3 -11 26 -11 27 -11 26 82 26 82 26 82 27 4 -11 26 82 26 82 26 82 27 82 26 -11 26 -11 27 -11 26 0 -11 26 82 26 -11 26 82 26 -37 56 15 108 -11 26 -11 27 -11 26 82 26 5 26 5 27 5 26 1 0 0 0 2 -11 26 82 26 2 -11 26 82 26 2 3 1 -11 26 -11 27 -11 26 82 26 82 26 82 27 56 44 20 51 20 51 6 17 6 17 27 1
SEGMENT -43 80 60 74 -31 71 52 8 -46 4 57 -5 -56 72 -61 196 -56 72 68 77 68 77 63 201 10.000000000 1 13 50 16.500000000 5 23 19 35 49 35 49 9 71 9 71 -20 60 -20 60 -24 28 -24 28 23 19 4 -85562 159742 1997 202993 -17793 2871 -42.845267902 79.990986480 70.704632532 -6.197492163 57 -5 -46 4 52 8 -31 71 60 74 -43 80 3 -43 80 60 74 -31 71 52 8 -46 4 57 -5 4 52 8 -31 71 60 74 -43 80 -31 71 52 8 -46 4 57 -5 0 -43 -7 71 80 -43 -7 71 80 -123 77 37 65 -43 80 60 74 -31 71 52 8 -30 70 33 153 -162240 380860 5429 1 -56 72 68 77 1 0 19 -43 80 -43 70 -30 70 -30 60 -17 60 -17 51 -4 51 -4 41 9 41 9 31 22 31 22 21 35 21 35 11 48 11 48 1 61 1 61 -6 71 -6 19 -43 80 -33 70 -30 70 -20 60 -17 60 -8 51 -4 51 6 41 9 41 19 31 22 31 32 21 35 21 45 11 48 11 58 1 61 1 68 -6 71 -6 2 2 0 -43 80 60 74 -31 71 52 8 -46 4 57 -5 -20 60 -24 28 -24 28 23 19 23 19 35 49
SEGMENT -60 -80 -61 -79 -60 -80 23 3 23 3 22 4 -26 -100 -55 -98 -26 -100 -18 16 -18 16 -47 18 11.000000000 0 -30 -34 17.500000000 4 0 -58 1 -58 1 0 1 1 0 -24 -1 -24 -43 0 -43 -1 0 -60 -80 1 23 3 1 -60.000000000 -80.000000000 23.000000000 3.000000000 22 4 23 3 23 3 -60 -80 -61 -79 -60 -80 3 -60 -80 -61 -79 -60 -80 23 3 23 3 22 4 4 -60 -80 23 3 23 3 22 4 23 3 -60 -80 -61 -79 -60 -80 0 -60 -80 23 3 -60 -80 23 3 20 20 -140 26 -60 -80 -61 -79 -60 -80 23 3 -48 -68 -49 -67 -48 -68 1 1 -26 -100 -18 16 1 0 17 -60 -80 -60 -69 -49 -69 -49 -58 -38 -58 -38 -47 -27 -47 -27 -36 -16 -36 -16 -25 -5 -25 -5 -14 6 -14 6 -3 17 -3 17 3 23 3 2 -60 -80 23 3 2 0 2 -60 -80 -61 -79 -60 -80 23 3 23 3 22 4 -43 0 -43 -1 0 -58 1 -58 1 0 1 1
SEGMENT 58 -64 57 -65 58 -64 -25 19 -25 19 -26 18 -43 -19 -36 101 -43 -19 77 -26 77 -26 84 94 12.000000000 1 9 -13 18.500000000 3 -8 -40 41 -34 41 -34 24 5 24 5 -8 -40 2 58 -64 1 -25 19 1 58.000000000 -64.000000000 -25.000000000 19.000000000 -26 18 -25 19 -25 19 58 -64 57 -65 58 -64 3 58 -64 57 -65 58 -64 -25 19 -25 19 -26 18 4 57 -65 58 -64 58 -64 -25 19 -25 19 -26 18 -25 19 58 -64 0 -25 -64 58 19 -25 -64 58 19 -44 122 -6 -6 58 -64 57 -65 58 -64 -25 19 45 -51 44 -52 45 -51 1 1 -43 -19 77 -26 1 0 15 58 -64 58 -52 46 -52 46 -40 34 -40 34 -28 22 -28 22 -16 10 -16 10 -4 -2 -4 -2 8 -14 8 -14 19 -25 19 2 58 -64 -25 19 2 0 2 -25 19 -26 18 58 -64 -25 19 58 -64 57 -65 41 -34 24 5 24 5 -8 -40 -8 -40 41 -34
SEGMENT -4 -8 -10 5 -4 -8 87 34 87 34 81 47 -4 -8 -10 5 -4 -8 87 34 87 34 81 47 4.000000000 0 37 -4 19.500000000 5 37 -20 69 -8 69 -8 66 23 66 23 30 30 30 30 16 -4 16 -4 37 -20 2 -4 -8 1 87 34 1 -4.000000000 -8.000000000 87.000000000 34.000000000 81 47 87 34 87 34 -4 -8 -10 5 -4 -8 3 -4 -8 -10 5 -4 -8 87 34 87 34 81 47 4 -4 -8 87 34 87 34 81 47 87 34 -4 -8 -10 5 -4 -8 0 -4 -8 87 34 -4 -8 87 34 4 53 -12 121 -4 -8 -10 5 -4 -8 87 34 14 0 8 13 2846 52 205 2 -4 -8 -10 5 87 34 81 47 1 1 23 -4 -8 -4 -4 5 -4 5 0 14 0 14 4 23 4 23 9 32 9 32 13 41 13 41 17 50 17 50 21 59 21 59 25 68 25 68 29 77 29 77 34 86 34 86 34 87 34 23 -4 -8 0 -4 5 -4 9 0 14 0 18 4 23 4 28 9 32 9 36 13 41 13 45 17 50 17 54 21 59 21 63 25 68 25 72 29 77 29 82 34 86 34 86 34 87 34 2 3 2 -4 -8 -10 5 -4 -8 87 34 87 34 81 47 69 -8 66 23 66 23 30 30 30 30 16 -4
SEGMENT -25 67 38 149 -25 67 57 4 57 4 120 86 120 86 57 4 57 4 -25 67 38 149 -25 67 5.000000000 1 9 22 20.500000000 5 32 6 44 36 44 36 18 58 18 58 -11 47 -11 47 -15 15 -15 15 32 6 3 -25 67 1 57 4 1 -25.000000000 67.000000000 57.000000000 4.000000000 120 86 57 4 57 4 -25 67 38 149 -25 67 3 -25 67 38 149 -25 67 57 4 57 4 120 86 4 57 4 120 86 57 4 -25 67 38 149 -25 67 -25 67 57 4 0 -25 4 57 67 -25 4 57 67 -92 53 42 61 -25 67 38 149 -25 67 57 4 -9 55 54 137 -97749 586147 10693 2 38 149 -25 67 57 4 120 86 1 1 25 -25 67 -25 62 -18 62 -18 56 -11 56 -11 51 -4 51 -4 45 3 45 3 40 10 40 10 35 17 35 17 29 24 29 24 24 31 24 31 19 38 19 38 13 45 13 45 8 52 8 52 4 57 4 25 -25 67 -20 62 -18 62 -12 56 -11 56 -6 51 -4 51 2 45 3 45 8 40 10 40 15 35 17 35 23 29 24 29 29 24 31 24 36 19 38 19 44 13 45 13 50 8 52 8 56 4 57 4 2 2 0 -25 67 38 149 -25 67 57 4 57 4 120 86 18 58 -11 47 -11 47 -15 15 -15 15 32 6
SEGMENT 14 -10 21 93 9 23 92 64 83 -11 99 89 -16 -15 -33 1 -16 -15 0 2 0 2 -17 18 6.000000000 0 45 33 21.500000000 4 0 24 1 24 72 0 72 1 0 58 -1 58 28 0 28 -1 0 68138 110306 4131 60679 41793 637 16.494311305 26.702009199 95.257456829 65.609105181 99 89 83 -11 92 64 9 23 21 93 14 -10 3 14 -10 21 93 9 23 92 64 83 -11 99 89 4 9 23 92 64 83 -11 99 89 92 64 9 23 21 93 14 -10 0 16 26 96 66 16 26 96 66 -11 30 43 161 14 -10 21 93 9 23 92 64 36 36 -5 119 153686 155422 4285 0 0 0 15 16 27 16 32 28 32 28 38 40 38 40 44 52 44 52 50 64 50 64 56 76 56 76 62 88 62 88 66 95 66 15 16 27 21 32 28 32 34 38 40 38 46 44 52 44 58 50 64 50 70 56 76 56 82 62 88 62 92 66 95 66 2 3 1 14 -10 21 93 9 23 92 64 83 -11 99 89 28 0 28 -1 0 24 1 24 72 0 72 1
SEGMENT -7 61 69 -24 -7 61 -92 -15 -92 -15 -16 -100 -98 65 1 172 -98 65 9 -34 9 -34 108 73 7.000000000 1 -49 11 22.500000000 3 -70 -1 -21 5 -21 5 -38 44 -38 44 -70 -1 0 -7 61 1 -92 -15 1 -7.000000000 61.000000000 -92.000000000 -15.000000000 -16 -100 -92 -15 -92 -15 -7 61 69 -24 -7 61 3 -7 61 69 -24 -7 61 -92 -15 -92 -15 -16 -100 4 -92 -15 -7 61 69 -24 -7 61 -7 61 -92 -15 -92 -15 -16 -100 0 -92 -15 -7 61 -92 -15 -7 61 -77 -68 -107 54 -7 61 69 -24 -7 61 -92 -15 -24 46 52 -39 -310732 596601 13001 1 -98 65 9 -34 1 0 23 -7 61 -15 61 -15 54 -23 54 -23 47 -31 47 -31 40 -39 40 -39 32 -47 32 -47 25 -55 25 -55 18 -63 18 -63 11 -71 11 -71 4 -79 4 -79 -3 -87 -3 -87 -11 -92 -11 -92 -15 23 -7 61 -8 61 -15 54 -16 54 -23 47 -24 47 -31 40 -31 40 -39 32 -40 32 -47 25 -48 25 -55 18 -56 18 -63 11 -64 11 -71 4 -72 4 -79 -3 -79 -3 -87 -11 -88 -11 -92 -15 2 1 2 -92 -15 -16 -100 -7 61 -92 -15 -7 61 69 -24 -38 44 -70 -1 -70 -1 -21 5 -21 5 -38 44
SEGMENT -16 -38 9 6 -16 -38 72 -88 72 -88 97 -44 -23 -52 -36 6 -23 -52 93 -26 93 -26 80 32 8.000000000 0 33 -52 23.500000000 5 29 -72 61 -60 61 -60 58 -29 58 -29 22 -22 22 -22 8 -56 8 -56 29 -72 1 -16 -38 1 72 -88 1 -16.000000000 -38.000000000 72.000000000 -88.000000000 97 -44 72 -88 72 -88 -16 -38 9 6 -16 -38 3 -16 -38 9 6 -16 -38 72 -88 72 -88 97 -44 4 72 -88 97 -44 72 -88 -16 -38 9 6 -16 -38 -16 -38 72 -88 0 -16 -88 72 -38 -16 -88 72 -38 22 160 -54 -16 -16 -38 9 6 -16 -38 72 -88 4 -50 29 -6 10944 -126818 2561 1 -23 -52 93 -26 1 0 15 -16 -38 -2 -38 -2 -46 12 -46 12 -54 26 -54 26 -62 40 -62 40 -70 54 -70 54 -78 68 -78 68 -86 72 -86 72 -88 15 -16 -38 -10 -38 -2 -46 4 -46 12 -54 18 -54 26 -62 32 -62 40 -70 46 -70 54 -78 60 -78 68 -86 70 -86 72 -88 2 3 0 -16 -38 9 6 -16 -38 72 -88 72 -88 97 -44 29 -72 61 -60 61 -60 58 -29 58 -29 22 -22
SEGMENT -38 -65 -139 -4 -38 -65 23 36 23 36 -78 97 -23 -80 -26 -79 -23 -80 19 46 19 46 16 47 9.000000000 1 -11 -20 24.500000000 5 8 -40 20 -10 20 -10 -6 12 -6 12 -35 1 -35 1 -39 -31 -39 -31 8 -40 2 -38 -65 1 23 36 1 -38.000000000 -65.000000000 23.000000000 36.000000000 -78 97 23 36 23 36 -38 -65 -139 -4 -38 -65 3 -38 -65 -139 -4 -38 -65 23 36 23 36 -78 97 4 -38 -65 23 36 23 36 -78 97 23 36 -38 -65 -139 -4 -38 -65 0 -38 -65 23 36 -38 -65 23 36 -13 27 -103 59 -38 -65 -139 -4 -38 -65 23 36 -25 -44 -126 17 -175641 -305308 6961 1 -23 -80 19 46 1 0 15 -38 -65 -29 -65 -29 -50 -20 -50 -20 -35 -11 -35 -11 -20 -2 -20 -2 -5 7 -5 7 10 16 10 16 25 23 25 23 36 15 -38 -65 -85 -18 -85 -50 -60 -25 -60 -35 -35 -10 -35 -20 -10 5 -10 -5 14 19 14 10 39 35 39 25 23 41 23 36 2 4 1 -38 -65 -139 -4 -38 -65 23 36 23 36 -78 97 20 -10 -6 12 -6 12 -35 1 -35 1 -39 -31
SEGMENT -10 12 -51 101 -10 12 79 53 79 53 38 142 89 -21 64 -18 89 -21 101 79 101 79 76 82 10.000000000 0 32 27 25.500000000 4 0 14 1 14 55 0 55 1 0 48 -1 48 11 0 11 -1 0 -10 12 1 79 53 1 -10.000000000 12.000000000 79.000000000 53.000000000 38 142 79 53 79 53 -10 12 -51 101 -10 12 3 -10 12 -51 101 -10 12 79 53 79 53 38 142 4 -10 12 79 53 79 53 38 142 79 53 -10 12 -51 101 -10 12 0 -10 12 79 53 -10 12 79 53 -22 26 2 132 -10 12 -51 101 -10 12 79 53 13 23 -28 112 63151 108821 4801 0 0 0 11 -10 12 -10 22 12 22 12 32 34 32 34 42 56 42 56 53 78 53 78 53 79 53 11 -10 12 0 22 12 22 22 32 34 32 44 42 56 42 67 53 78 53 78 53 79 53 2 3 1 -10 12 -51 101 -10 12 79 53 79 53 38 142 11 0 11 -1 0 14 1 14 55 0 55 1
SEGMENT 21 93 6 -6 17 71 -64 20 -58 89 -52 -12 -86 71 -91 195 -86 71 38 76 38 76 33 200 11.000000000 1 -24 40 26.500000000 3 -49 24 0 30 0 30 -17 69 -17 69 -49 24 1 7148 28800 403 -51172 24640 943 17.736972705 71.464019851 -54.265111347 26.129374337 -52 -12 -58 89 -64 20 17 71 6 -6 21 93 3 21 93 6 -6 17 71 -64 20 -58 89 -52 -12 4 -64 20 17 71 6 -6 21 93 17 71 -64 20 -58 89 -52 -12 0 -55 26 18 72 -55 26 18 72 -81 -53 -29 90 21 93 6 -6 17 71 -64 20 -5 57 12 30 -2579 29067 509 0 0 0 9 18 71 0 71 0 60 -18 60 -18 49 -36 49 -36 38 -54 38 -54 26 9 18 71 11 71 0 60 -7 60 -18 49 -25 49 -36 38 -42 38 -54 26 2 1 2 -58 89 -52 -12 17 71 -64 20 21 93 6 -6 -49 24 0 30 0 30 -17 69 -17 69 -49 24
SEGMENT -31 3 -31 4 -31 3 62 3 62 3 62 4 9 -55 -20 -53 9 -55 17 61 17 61 -12 63 12.000000000 0 15 2 27.500000000 5 7 -22 39 -10 39 -10 36 21 36 21 0 28 0 28 -14 -6 -14 -6 7 -22 0 -31 3 1 62 3 1 -31.000000000 3.000000000 62.000000000 3.000000000 62 4 62 3 62 3 -31 3 -31 4 -31 3 3 -31 3 -31 4 -31 3 62 3 62 3 62 4 4 -31 3 62 3 62 3 62 4 62 3 -31 3 -31 4 -31 3 0 -31 3 62 3 -31 3 62 3 -34 59 -28 65 -31 3 -31 4 -31 3 62 3 -3 3 -3 4 -3 3 1 1 9 -55 17 61 1 0 2 -31 3 62 3 2 -31 3 62 3 2 3 1 -31 3 -31 4 -31 3 62 3 62 3 62 4 -14 -6 7 -22 7 -22 39 -10 39 -10 36 21
SEGMENT 7 -90 6 -90 7 -90 7 -1 7 -1 6 -1 -52 -44 -45 76 -52 -44 68 -51 68 -51 75 69 4.000000000 1 10 -47 28.500000000 5 25 -71 37 -41 37 -41 11 -19 11 -19 -18 -30 -18 -30 -22 -62 -22 -62 25 -71 1 7 -90 1 7 -1 1 7.000000000 -90.000000000 7.000000000 -1.000000000 6 -1 7 -1 7 -1 7 -90 6 -90 7 -90 3 7 -90 6 -90 7 -90 7 -1 7 -1 6 -1 4 6 -90 7 -90 7 -90 7 -1 7 -1 6 -1 7 -1 7 -90 0 7 -90 7 -1 7 -90 7 -1 8 97 -83 6 7 -90 6 -90 7 -90 7 -1 7 -61 6 -61 7 -61 1 1 -52 -44 68 -51 1 0 2 7 -90 7 -1 2 7 -90 7 -1 2 4 2 7 -90 6 -90 7 -90 7 -1 7 -1 6 -1 25 -71 37 -41 37 -41 11 -19 11 -19 -18 -30
SEGMENT -22 -9 -23 -8 -22 -9 61 74 61 74 60 75 -22 -9 -23 -8 -22 -9 61 74 61 74 60 75 5.000000000 0 20 30 29.500000000 4 0 13 1 13 39 0 39 1 0 47 -1 47 -5 0 -5 -1 0 -22 -9 1 61 74 1 -22.000000000 -9.000000000 61.000000000 74.000000000 60 75 61 74 61 74 -22 -9 -23 -8 -22 -9 3 -22 -9 -23 -8 -22 -9 61 74 61 74 60 75 4 -22 -9 61 74 61 74 60 75 61 74 -22 -9 -23 -8 -22 -9 0 -22 -9 61 74 -22 -9 61 74 -13 -13 -31 135 -22 -9 -23 -8 -22 -9 61 74 -1 12 -2 13 -1 12 1 2 -22 -9 -23 -8 61 74 60 75 1 1 35 -22 -9 -22 -4 -17 -4 -17 1 -12 1 -12 6 -7 6 -7 11 -2 11 -2 16 3 16 3 21 8 21 8 26 13 26 13 31 18 31 18 36 23 36 23 41 28 41 28 46 33 46 33 51 38 51 38 56 43 56 43 61 48 61 48 66 53 66 53 71 58 71 58 74 61 74 2 -22 -9 61 74 2 0 2 -22 -9 -23 -8 -22 -9 61 74 61 74 60 75 -5 0 -5 -1 0 13 1 13 39 0 39 1
SEGMENT 91 -61 90 -62 91 -61 8 22 8 22 7 21 7 21 8 22 8 22 91 -61 90 -62 91 -61 6.000000000 1 54 -17 30.500000000 3 25 -37 74 -31 74 -31 57 8 57 8 25 -37 2 91 -61 1 8 22 1 91.000000000 -61.000000000 8.000000000 22.000000000 7 21 8 22 8 22 91 -61 90 -62 91 -61 3 91 -61 90 -62 91 -61 8 22 8 22 7 21 4 90 -62 91 -61 91 -61 8 22 8 22 7 21 8 22 91 -61 0 8 -61 91 22 8 -61 91 22 -14 152 30 30 91 -61 90 -62 91 -61 8 22 69 -39 68 -40 69 -39 1 2 7 21 8 22 91 -61 90 -62 1 1 29 91 -61 91 -55 85 -55 85 -49 79 -49 79 -43 73 -43 73 -37 67 -37 67 -31 61 -31 61 -25 55 -25 55 -19 49 -19 49 -13 43 -13 43 -7 37 -7 37 -1 31 -1 31 5 25 5 25 11 19 11 19 17 13 17 13 22 8 22 2 91 -61 8 22 2 0 2 8 22 7 21 91 -61 8 22 91 -61 90 -62 74 -31 57 8 57 8 25 -37 25 -37 74 -31
SEGMENT -30 -81 73 -72 5 -93 46 -5 -25 -18 77 -11 -41 -105 -58 -89 -41 -105 -25 -88 -25 -88 -42 -72 7.000000000 0 30 -47 31.500000000 5 18 -75 50 -63 50 -63 47 -32 47 -32 11 -25 11 -25 -3 -59 -3 -59 18 -75 4 2278 -14301 185 365705 -116397 8689 12.313513514 -77.302702703 42.088272528 -13.395902866 77 -11 -25 -18 46 -5 5 -93 73 -72 -30 -81 3 -30 -81 73 -72 5 -93 46 -5 -25 -18 77 -11 4 -30 -81 73 -72 5 -93 46 -5 77 -11 -25 -18 46 -5 5 -93 0 12 -78 43 -13 12 -78 43 -13 55 90 -65 29 -30 -81 73 -72 5 -93 46 -5 26 -49 -62 -8 241178 -460021 9425 0 0 0 11 12 -77 12 -62 19 -62 19 -47 26 -47 26 -32 33 -32 33 -17 40 -17 40 -13 42 -13 11 12 -77 12 -311 -237 -62 -237 -79 -205 -47 -205 -65 -172 -32 -172 -49 -140 -17 -140 -195 42 -13 2 4 2 -30 -81 73 -72 5 -93 46 -5 -25 -18 77 -11 11 -25 -3 -59 -3 -59 18 -75 18 -75 50 -63
SEGMENT -52 84 11 166 -52 84 30 21 30 21 93 103 -65 95 34 202 -65 95 42 -4 42 -4 141 103 8.000000000 1 -6 51 32.500000000 5 5 23 17 53 17 53 -9 75 -9 75 -38 64 -38 64 -42 32 -42 32 5 23 0 -52 84 1 30 21 1 -52.000000000 84.000000000 30.000000000 21.000000000 93 103 30 21 30 21 -52 84 11 166 -52 84 3 -52 84 11 166 -52 84 30 21 30 21 93 103 4 30 21 93 103 30 21 -52 84 11 166 -52 84 -52 84 30 21 0 -52 21 30 84 -52 21 30 84 -136 9 32 51 -52 84 11 166 -52 84 30 21 -26 64 37 146 -277892 684516 10693 0 0 0 19 -52 84 -52 76 -42 76 -42 69 -32 69 -32 61 -22 61 -22 53 -12 53 -12 46 -2 46 -2 38 8 38 8 30 18 30 18 23 28 23 28 21 30 21 19 -52 84 -44 76 -42 76 -35 69 -32 69 -24 61 -22 61 -14 53 -12 53 -5 46 -2 46 6 38 8 38 16 30 18 30 25 23 28 23 30 21 30 21 2 2 0 -52 84 11 166 -52 84 30 21 30 21 93 103 -42 32 5 23 5 23 17 53 17 53 -9 75
SEGMENT -21 7 -98 90 -21 7 62 84 62 84 -15 167 -31 33 -44 91 -31 33 85 59 85 59 72 117 9.000000000 0 35 43 33.500000000 4 0 22 1 22 50 0 50 1 0 56 -1 56 6 0 6 -1 0 -21 7 1 62 84 1 -21.000000000 7.000000000 62.000000000 84.000000000 -15 167 62 84 62 84 -21 7 -98 90 -21 7 3 -21 7 -98 90 -21 7 62 84 62 84 -15 167 4 -21 7 62 84 62 84 -15 167 62 84 -21 7 -98 90 -21 7 0 -21 7 62 84 -21 7 62 84 -28 -22 -14 146 -21 7 -98 90 -21 7 62 84 4 30 -73 113 25020 192934 6409 1 -31 33 85 59 1 0 19 -21 7 -21 16 -11 16 -11 26 -1 26 -1 35 9 35 9 44 19 44 19 53 29 53 29 63 39 63 39 72 49 72 49 81 59 81 59 84 62 84 19 -21 7 -12 16 -11 16 -1 26 -1 26 8 35 9 35 18 44 19 44 28 53 29 53 39 63 39 63 48 72 49 72 58 81 59 81 62 84 62 84 2 3 2 -21 7 -98 90 -21 7 62 84 62 84 -15 167 6 0 6 -1 0 22 1 22 50 0 50 1
SEGMENT -4 75 72 -10 -4 75 -89 -1 -89 -1 -13 -86 -56 -33 -59 -32 -56 -33 -14 93 -14 93 -17 94 10.000000000 1 -51 37 34.500000000 3 -67 13 -18 19 -18 19 -35 58 -35 58 -67 13 0 -4 75 1 -89 -1 1 -4.000000000 75.000000000 -89.000000000 -1.000000000 -13 -86 -89 -1 -89 -1 -4 75 72 -10 -4 75 3 -4 75 72 -10 -4 75 -89 -1 -89 -1 -13 -86 4 -89 -1 -4 75 72 -10 -4 75 -4 75 -89 -1 -89 -1 -13 -86 0 -89 -1 -4 75 -89 -1 -4 75 -88 -79 -90 71 -4 75 72 -10 -4 75 -89 -1 -30 52 46 -33 -388434 674267 13001 1 -56 -33 -14 93 1 0 17 -4 75 -15 75 -15 65 -26 65 -26 55 -37 55 -37 45 -48 45 -48 36 -59 36 -59 26 -70 26 -70 16 -81 16 -81 6 -89 6 -89 -1 17 -4 75 -5 75 -15 65 -16 65 -26 55 -27 55 -37 45 -39 45 -48 36 -49 36 -59 26 -60 26 -70 16 -71 16 -81 6 -82 6 -89 -1 2 1 2 -89 -1 -13 -86 -4 75 -89 -1 -4 75 72 -10 -35 58 -67 13 -67 13 -18 19 -18 19 -35 58
SEGMENT -46 38 -21 82 -46 38 42 -12 42 -12 67 32 62 -22 37 -19 62 -22 74 78 74 78 49 81 11.000000000 0 -2 36 35.500000000 5 -1 4 31 16 31 16 28 47 28 47 -8 54 -8 54 -22 20 -22 20 -1 4 3 -46 38 1 42 -12 1 -46.000000000 38.000000000 42.000000000 -12.000000000 67 32 42 -12 42 -12 -46 38 -21 82 -46 38 3 -46 38 -21 82 -46 38 42 -12 42 -12 67 32 4 42 -12 67 32 42 -12 -46 38 -21 82 -46 38 -46 38 42 -12 0 -46 -12 42 38 -46 -12 42 38 -84 54 -8 30 -46 38 -21 82 -46 38 42 -12 -15 20 10 64 -37990 51968 2561 0 0 0 11 -46 38 -27 38 -27 27 -8 27 -8 16 11 16 11 6 30 6 30 -5 42 -5 42 -12 11 -46 38 -38 38 -27 27 -19 27 -8 16 1 16 11 6 19 6 30 -5 35 -5 42 -12 2 3 0 -46 38 -21 82 -46 38 42 -12 42 -12 67 32 28 47 -8 54 -8 54 -22 20 -22 20 -1 4
SEGMENT -90 63 13 57 -78 54 5 -9 -93 -13 10 -22 -103 55 -108 179 -103 55 21 60 21 60 16 184 12.000000000 1 -48 34 36.500000000 5 -24 2 -12 32 -12 32 -38 54 -38 54 -67 43 -67 43 -71 11 -71 11 -24 2 4 -179421 125793 1997 68056 -66600 2871 -89.845267902 62.990986480 23.704632532 -23.197492163 10 -22 -93 -13 5 -9 -78 54 13 57 -90 63 3 -90 63 13 57 -78 54 5 -9 -93 -13 10 -22 4 5 -9 -78 54 13 57 -90 63 -78 54 5 -9 -93 -13 10 -22 0 -90 -24 24 63 -90 -24 24 63 -153 47 -27 1 -90 63 13 57 -78 54 5 -9 -61 41 2 124 -330917 222921 5429 1 -103 55 21 60 1 0 17 -90 63 -90 51 -74 51 -74 39 -58 39 -58 27 -42 27 -42 15 -26 15 -26 2 -10 2 -10 -10 6 -10 6 -22 22 -22 22 -23 24 -23 17 -90 63 -78 51 -74 51 -62 39 -58 39 -46 27 -42 27 -30 15 -26 15 -13 2 -10 2 2 -10 6 -10 18 -22 22 -22 23 -23 24 -23 2 2 0 -90 63 13 57 -78 54 5 -9 -93 -13 10 -22 -67 43 -71 11 -71 11 -24 2 -24 2 -12 32
SEGMENT 3 23 -38 112 3 23 92 64 92 64 51 153 41 -17 12 -15 41 -17 49 99 49 99 20 101 4.000000000 0 40 50 37.500000000 4 0 25 1 25 68 0 68 1 0 59 -1 59 24 0 24 -1 0 3 23 1 92 64 1 3.000000000 23.000000000 92.000000000 64.000000000 51 153 92 64 92 64 3 23 -38 112 3 23 3 3 23 -38 112 3 23 92 64 92 64 51 153 4 3 23 92 64 92 64 51 153 92 64 3 23 -38 112 3 23 0 3 23 92 64 3 23 92 64 -20 28 26 156 3 23 -38 112 3 23 92 64 37 39 -4 128 178252 185904 4801 1 41 -17 49 99 1 0 21 3 23 3 27 12 27 12 31 21 31 21 35 30 35 30 40 39 40 39 44 48 44 48 48 57 48 57 52 66 52 66 56 75 56 75 60 84 60 84 64 92 64 21 3 23 7 27 12 27 16 31 21 31 25 35 30 35 35 40 39 40 43 44 48 44 52 48 57 48 61 52 66 52 70 56 75 56 79 60 84 60 88 64 92 64 2 3 1 3 23 -38 112 3 23 92 64 92 64 51 153 24 0 24 -1 0 25 1 25 68 0 68 1
SEGMENT 57 5 103 -80 57 5 -28 -41 -28 -41 18 -126 -50 -17 -43 103 -50 -17 70 -24 70 -24 77 96 5.000000000 1 5 -29 38.500000000 3 -15 -38 34 -32 34 -32 17 7 17 7 -15 -38 1 57 5 1 -28 -41 1 57.000000000 5.000000000 -28.000000000 -41.000000000 18 -126 -28 -41 -28 -41 57 5 103 -80 57 5 3 57 5 103 -80 57 5 -28 -41 -28 -41 18 -126 4 -28 -41 57 5 103 -80 57 5 57 5 -28 -41 -28 -41 18 -126 0 -28 -41 57 5 -28 -41 57 5 13 52 -69 62 57 5 103 -80 57 5 -28 -41 23 -13 69 -98 216407 -124323 9341 1 -50 -17 70 -24 1 0 21 57 5 48 5 48 0 39 0 39 -5 30 -5 30 -10 21 -10 21 -14 12 -14 12 -19 3 -19 3 -24 -6 -24 -6 -29 -15 -29 -15 -34 -24 -34 -24 -39 -28 -39 -28 -41 21 57 5 53 5 48 0 44 0 39 -5 35 -5 30 -10 25 -10 21 -14 17 -14 12 -19 8 -19 3 -24 -1 -24 -6 -29 -10 -29 -15 -34 -19 -34 -24 -39 -26 -39 -28 -41 2 1 2 -28 -41 18 -126 57 5 -28 -41 57 5 103 -80 -15 -38 34 -32 34 -32 17 7 17 7 -15 -38
SEGMENT -1 43 -1 44 -1 43 92 43 92 43 92 44 -1 43 -1 44 -1 43 92 43 92 43 92 44 6.000000000 0 40 35 39.500000000 5 37 18 69 30 69 30 66 61 66 61 30 68 30 68 16 34 16 34 37 18 2 -1 43 1 92 43 1 -1.000000000 43.000000000 92.000000000 43.000000000 92 44 92 43 92 43 -1 43 -1 44 -1 43 3 -1 43 -1 44 -1 43 92 43 92 43 92 44 4 -1 43 92 43 92 43 92 44 92 43 -1 43 -1 44 -1 43 0 -1 43 92 43 -1 43 92 43 -44 49 42 135 -1 43 -1 44 -1 43 92 43 39 43 39 44 39 43 1 2 -1 43 -1 44 92 43 92 44 1 1 2 -1 43 92 43 2 -1 43 92 43 2 3 1 -1 43 -1 44 -1 43 92 43 92 43 92 44 69 30 66 61 66 61 30 68 30 68 16 34
SEGMENT 34 -14 33 -14 34 -14 34 75 34 75 33 75 33 75 34 75 34 75 34 -14 33 -14 34 -14 7.000000000 1 32 22 40.500000000 5 52 5 64 35 64 35 38 57 38 57 9 46 9 46 5 14 5 14 52 5 3 34 -14 1 34 75 1 34.000000000 -14.000000000 34.000000000 75.000000000 33 75 34 75 34 75 34 -14 33 -14 34 -14 3 34 -14 33 -14 34 -14 34 75 34 75 33 75 4 33 -14 34 -14 34 -14 34 75 34 75 33 75 34 75 34 -14 0 34 -14 34 75 34 -14 34 75 -41 48 20 109 34 -14 33 -14 34 -14 34 75 34 27 33 27 34 27 1 2 33 -14 34 -14 34 75 33 75 1 1 2 34 -14 34 75 2 34 -14 34 75 2 4 2 34 -14 33 -14 34 -14 34 75 34 75 33 75 38 57 9 46 9 46 5 14 5 14 52 5
SEGMENT 9 -68 16 35 4 -35 87 6 78 -69 94 31 -21 -73 -38 -57 -21 -73 -5 -56 -5 -56 -22 -40 8.000000000 0 43 -24 41.500000000 4 0 -34 1 -34 67 0 67 1 0 0 -1 0 23 0 23 -1 0 47483 -129292 4131 57494 4847 637 11.494311305 -31.297990801 90.257456829 7.609105181 94 31 78 -69 87 6 4 -35 16 35 9 -68 3 9 -68 16 35 4 -35 87 6 78 -69 94 31 4 4 -35 87 6 78 -69 94 31 87 6 4 -35 16 35 9 -68 0 11 -32 91 8 11 -32 91 8 42 83 -20 98 9 -68 16 35 4 -35 87 6 49 -13 8 70 419151 -109833 8570 0 0 0 11 11 -31 11 -24 27 -24 27 -16 43 -16 43 -8 59 -8 59 0 75 0 75 8 90 8 11 11 -31 18 -24 27 -24 35 -16 43 -16 51 -8 59 -8 67 0 75 0 83 8 90 8 2 3 1 9 -68 16 35 4 -35 87 6 78 -69 94 31 23 0 23 -1 0 -34 1 -34 67 0 67 1
SEGMENT 76 -59 75 -60 76 -59 -7 24 -7 24 -8 23 -18 31 81 138 -18 31 89 -68 89 -68 188 39 9.000000000 1 34 -22 42.500000000 3 10 -35 59 -29 59 -29 42 10 42 10 10 -35 2 76 -59 1 -7 24 1 76.000000000 -59.000000000 -7.000000000 24.000000000 -8 23 -7 24 -7 24 76 -59 75 -60 76 -59 3 76 -59 75 -60 76 -59 -7 24 -7 24 -8 23 4 75 -60 76 -59 76 -59 -7 24 -7 24 -8 23 -7 24 76 -59 0 -7 -59 76 24 -7 -59 76 24 -31 135 17 17 76 -59 75 -60 76 -59 -7 24 46 -29 45 -30 46 -29 1 1 -18 31 89 -68 1 0 21 76 -59 76 -50 67 -50 67 -41 58 -41 58 -32 49 -32 49 -23 40 -23 40 -14 31 -14 31 -5 22 -5 22 4 13 4 13 13 4 13 4 22 -5 22 -5 24 -7 24 2 76 -59 -7 24 2 0 2 -7 24 -8 23 76 -59 -7 24 76 -59 75 -60 59 -29 42 10 42 10 10 -35 10 -35 59 -29
SEGMENT -96 36 -102 49 -96 36 -5 78 -5 78 -11 91 -107 44 -120 102 -107 44 9 70 9 70 -4 128 10.000000000 0 -48 45 43.500000000 5 -55 24 -23 36 -23 36 -26 67 -26 67 -62 74 -62 74 -76 40 -76 40 -55 24 1 -96 36 1 -5 78 1 -96.000000000 36.000000000 -5.000000000 78.000000000 -11 91 -5 78 -5 78 -96 36 -102 49 -96 36 3 -96 36 -102 49 -96 36 -5 78 -5 78 -11 91 4 -96 36 -5 78 -5 78 -11 91 -5 78 -96 36 -102 49 -96 36 0 -96 36 -5 78 -96 36 -5 78 -132 -83 -60 73 -96 36 -102 49 -96 36 -5 78 -57 54 -63 67 -57 54 1 1 -107 44 9 70 1 0 11 -96 36 -96 46 -74 46 -74 56 -52 56 -52 66 -30 66 -30 77 -8 77 -8 78 -5 78 11 -96 36 -86 46 -74 46 -64 56 -52 56 -42 66 -30 66 -19 77 -8 77 -7 78 -5 78 2 3 2 -96 36 -102 49 -96 36 -5 78 -5 78 -11 91 -55 24 -23 36 -23 36 -26 67 -26 67 -62 74
SEGMENT -6 -1 57 81 -6 -1 76 -64 76 -64 139 18 20 -102 17 -101 20 -102 62 24 62 24 59 25 11.000000000 1 35 -41 44.500000000 5 51 -62 63 -32 63 -32 37 -10 37 -10 8 -21 8 -21 4 -53 4 -53 51 -62 2 -6 -1 1 76 -64 1 -6.000000000 -1.000000000 76.000000000 -64.000000000 139 18 76 -64 76 -64 -6 -1 57 81 -6 -1 3 -6 -1 57 81 -6 -1 76 -64 76 -64 139 18 4 76 -64 139 18 76 -64 -6 -1 57 81 -6 -1 -6 -1 76 -64 0 -6 -64 76 -1 -6 -64 76 -1 -5 140 -7 12 -6 -1 57 81 -6 -1 76 -64 29 -28 92 54 310664 -298666 10693 1 20 -102 62 24 1 0 13 -6 -1 -6 -12 8 -12 8 -23 22 -23 22 -33 36 -33 36 -44 50 -44 50 -55 64 -55 64 -64 76 -64 13 -6 -1 5 -12 8 -12 19 -23 22 -23 32 -33 36 -33 47 -44 50 -44 61 -55 64 -55 73 -64 76 -64 2 2 0 -6 -1 57 81 -6 -1 76 -64 76 -64 139 18 63 -32 37 -10 37 -10 8 -21 8 -21 4 -53
SEGMENT -40 -78 -117 5 -40 -78 43 -1 43 -1 -34 82 65 -98 40 -95 65 -98 77 2 77 2 52 5 12.000000000 0 11 -49 45.500000000 4 0 -63 1 -63 31 0 31 1 0 -29 -1 -29 -13 0 -13 -1 0 -40 -78 1 43 -1 1 -40.000000000 -78.000000000 43.000000000 -1.000000000 -34 82 43 -1 43 -1 -40 -78 -117 5 -40 -78 3 -40 -78 -117 5 -40 -78 43 -1 43 -1 -34 82 4 -40 -78 43 -1 43 -1 -34 82 43 -1 -40 -78 -117 5 -40 -78 0 -40 -78 43 -1 -40 -78 43 -1 38 44 -118 42 -40 -78 -117 5 -40 -78 43 -1 -7 -47 -84 36 -43631 -302551 6409 0 0 0 15 -40 -78 -40 -66 -27 -66 -27 -54 -14 -54 -14 -42 -1 -42 -1 -30 12 -30 12 -18 25 -18 25 -6 38 -6 38 -1 43 -1 15 -40 -78 -28 -66 -27 -66 -15 -54 -14 -54 -2 -42 -1 -42 11 -30 12 -30 24 -18 25 -18 37 -6 38 -6 43 -1 43 -1 2 3 2 -40 -78 -117 5 -40 -78 43 -1 43 -1 -34 82 -13 0 -13 -1 0 -63 1 -63 31 0 31 1
SEGMENT 91 31 76 -68 87 9 6 -42 12 27 18 -74 -16 9 -21 133 -16 9 108 14 108 14 103 138 4.000000000 1 49 -21 46.500000000 3 21 -38 70 -32 70 -32 53 7 53 7 21 -38 0 35358 3814 403 14838 -33826 943 87.736972705 9.464019851 15.734888653 -35.870625663 18 -74 12 27 6 -42 87 9 76 -68 91 31 3 91 31 76 -68 87 9 6 -42 12 27 18 -74 4 6 -42 87 9 76 -68 91 31 87 9 6 -42 12 27 18 -74 0 15 -36 88 10 15 -36 88 10 51 79 -21 98 91 31 76 -68 87 9 6 -42 48 -15 65 -42 49119 -15675 1018 0 0 0 25 88 9 82 9 82 6 76 6 76 2 70 2 70 -2 64 -2 64 -5 58 -5 58 -9 52 -9 52 -13 46 -13 46 -17 40 -17 40 -21 34 -21 34 -24 28 -24 28 -28 22 -28 22 -32 16 -32 16 -36 25 88 9 85 9 82 6 80 6 76 2 74 2 70 -2 67 -2 64 -5 62 -5 58 -9 56 -9 52 -13 50 -13 46 -17 44 -17 40 -21 37 -21 34 -24 32 -24 28 -28 26 -28 22 -32 20 -32 16 -36 2 1 2 12 27 18 -74 87 9 6 -42 91 31 76 -68 53 7 21 -38 21 -38 70 -32 70 -32 53 7
SEGMENT -1 -9 24 35 -1 -9 87 -59 87 -59 112 -15 46 -76 17 -74 46 -76 54 40 54 40 25 42 5.000000000 0 55 -18 47.500000000 5 44 -43 76 -31 76 -31 73 0 73 0 37 7 37 7 23 -27 23 -27 44 -43 0 -1 -9 1 87 -59 1 -1.000000000 -9.000000000 87.000000000 -59.000000000 112 -15 87 -59 87 -59 -1 -9 24 35 -1 -9 3 -1 -9 24 35 -1 -9 87 -59 87 -59 112 -15 4 87 -59 112 -15 87 -59 -1 -9 24 35 -1 -9 -1 -9 87 -59 0 -1 -59 87 -9 -1 -59 87 -9 8 146 -10 28 -1 -9 24 35 -1 -9 87 -59 40 -32 65 12 7855 -6348 197 1 46 -76 54 40 1 0 21 -1 -9 8 -9 8 -14 17 -14 17 -19 26 -19 26 -24 35 -24 35 -29 44 -29 44 -35 53 -35 53 -40 62 -40 62 -45 71 -45 71 -50 80 -50 80 -55 87 -55 87 -59 21 -1 -9 3 -9 8 -14 12 -14 17 -19 21 -19 26 -24 30 -24 35 -29 38 -29 44 -35 48 -35 53 -40 57 -40 62 -45 66 -45 71 -50 75 -50 80 -55 83 -55 87 -59 2 3 0 -1 -9 24 35 -1 -9 87 -59 87 -59 112 -15 23 -27 44 -43 44 -43 76 -31 76 -31 73 0
SEGMENT -37 -79 -138 -18 -37 -79 24 22 24 22 -77 83 -68 -27 -61 93 -68 -27 52 -34 52 -34 59 86 6.000000000 1 -3 -29 48.500000000 5 9 -54 21 -24 21 -24 -5 -2 -5 -2 -34 -13 -34 -13 -38 -45 -38 -45 9 -54 1 -37 -79 1 24 22 1 -37.000000000 -79.000000000 24.000000000 22.000000000 -77 83 24 22 24 22 -37 -79 -138 -18 -37 -79 3 -37 -79 -138 -18 -37 -79 24 22 24 22 -77 83 4 -37 -79 24 22 24 22 -77 83 24 22 -37 -79 -138 -18 -37 -79 0 -37 -79 24 22 -37 -79 24 22 2 42 -116 46 -37 -79 -138 -18 -37 -79 24 22 -12 -37 -113 24 -163327 -517371 13922 1 -68 -27 52 -34 1 0 23 -37 -79 -31 -79 -31 -69 -25 -69 -25 -59 -19 -59 -19 -49 -13 -49 -13 -39 -7 -39 -7 -29 -1 -29 -1 -19 5 -19 5 -9 11 -9 11 1 17 1 17 11 23 11 23 21 24 21 24 22 23 -37 -79 -132 16 -132 -69 -115 -52 -115 -59 -99 -43 -99 -49 -82 -32 -82 -39 -66 -23 -66 -29 -49 -12 -49 -19 -33 -3 -33 -9 -16 8 -16 1 0 17 0 11 17 28 17 21 24 28 24 22 2 4 1 -37 -79 -138 -18 -37 -79 24 22 24 22 -77 83 9 -54 21 -24 21 -24 -5 -2 -5 -2 -34 -13
SEGMENT -33 -32 -74 57 -33 -32 56 9 56 9 15 98 -33 -32 -74 57 -33 -32 56 9 56 9 15 98 7.000000000 0 16 -12 49.500000000 4 0 -30 1 -30 32 0 32 1 0 4 -1 4 -12 0 -12 -1 0 -33 -32 1 56 9 1 -33.000000000 -32.000000000 56.000000000 9.000000000 15 98 56 9 56 9 -33 -32 -74 57 -33 -32 3 -33 -32 -74 57 -33 -32 56 9 56 9 15 98 4 -33 -32 56 9 56 9 15 98 56 9 -33 -32 -74 57 -33 -32 0 -33 -32 56 9 -33 -32 56 9 -1 47 -65 65 -33 -32 -74 57 -33 -32 56 9 12 -11 -29 78 58104 -53879 4801 2 -33 -32 -74 57 56 9 15 98 1 1 13 -33 -32 -33 -25 -18 -25 -18 -18 -3 -18 -3 -11 12 -11 12 -4 27 -4 27 3 42 3 42 9 56 9 13 -33 -32 -26 -25 -18 -25 -11 -18 -3 -18 4 -11 12 -11 19 -4 27 -4 34 3 42 3 48 9 56 9 2 3 1 -33 -32 -74 57 -33 -32 56 9 56 9 15 98 -12 0 -12 -1 0 -30 1 -30 32 0 32 1
SEGMENT 26 33 72 -52 26 33 -59 -13 -59 -13 -13 -98 -13 -98 -59 -13 -59 -13 26 33 72 -52 26 33 8.000000000 1 -14 11 50.500000000 3 -46 -10 3 -4 3 -4 -14 35 -14 35 -46 -10 1 26 33 1 -59 -13 1 26.000000000 33.000000000 -59.000000000 -13.000000000 -13 -98 -59 -13 -59 -13 26 33 72 -52 26 33 3 26 33 72 -52 26 33 -59 -13 -59 -13 -13 -98 4 -59 -13 26 33 72 -52 26 33 26 33 -59 -13 -59 -13 -13 -98 0 -59 -13 26 33 -59 -13 26 33 -46 -7 -72 59 26 33 72 -52 26 33 -59 -13 -18 9 28 -76 -168874 85429 9341 2 -13 -98 -59 -13 26 33 72 -52 1 1 13 26 33 11 33 11 25 -4 25 -4 17 -19 17 -19 9 -34 9 -34 1 -49 1 -49 -8 -59 -8 -59 -13 13 26 33 19 33 11 25 4 25 -4 17 -11 17 -19 9 -26 9 -34 1 -40 1 -49 -8 -54 -8 -59 -13 2 1 2 -59 -13 -13 -98 26 33 -59 -13 26 33 72 -52 -46 -10 3 -4 3 -4 -14 35 -14 35 -46 -10
SEGMENT -47 -75 56 -66 -12 -87 29 1 -42 -12 60 -5 -58 -99 -75 -83 -58 -99 -42 -82 -42 -82 -59 -66 9.000000000 0 -1 -40 51.500000000 5 1 -69 33 -57 33 -57 30 -26 30 -26 -6 -19 -6 -19 -20 -53 -20 -53 1 -69 4 -867 -13191 185 217992 -64263 8689 -4.686486486 -71.302702703 25.088272528 -7.395902866 60 -5 -42 -12 29 1 -12 -87 56 -66 -47 -75 3 -47 -75 56 -66 -12 -87 29 1 -42 -12 60 -5 4 -47 -75 56 -66 -12 -87 29 1 60 -5 -42 -12 29 1 -12 -87 0 -5 -72 26 -7 -5 -72 26 -7 32 67 -76 18 -47 -75 56 -66 -12 -87 29 1 17 -25 -71 16 31869 -47043 1885 0 0 0 9 -5 -71 -5 -52 4 -52 4 -33 13 -33 13 -14 22 -14 22 -7 25 -7 9 -5 -71 -5 -220 -173 -52 -173 -74 -132 -33 -132 -55 -91 -14 -91 -123 25 -7 2 4 2 -47 -75 56 -66 -12 -87 29 1 -42 -12 60 -5 -6 -19 -20 -53 -20 -53 1 -69 1 -69 33 -57
SEGMENT -33 -4 -34 -4 -33 -4 -33 85 -33 85 -34 85 -85 87 14 194 -85 87 22 -12 22 -12 121 95 10.000000000 1 -40 44 52.500000000 5 -15 15 -3 45 -3 45 -29 67 -29 67 -58 56 -58 56 -62 24 -62 24 -15 15 0 -33 -4 1 -33 85 1 -33.000000000 -4.000000000 -33.000000000 85.000000000 -34 85 -33 85 -33 85 -33 -4 -34 -4 -33 -4 3 -33 -4 -34 -4 -33 -4 -33 85 -33 85 -34 85 4 -34 -4 -33 -4 -33 -4 -33 85 -33 85 -34 85 -33 85 -33 -4 0 -33 -4 -33 85 -33 -4 -33 85 -118 -29 -37 52 -33 -4 -34 -4 -33 -4 -33 85 -33 49 -34 49 -33 49 1 1 -85 87 22 -12 1 0 2 -33 -4 -33 85 2 -33 -4 -33 85 2 4 2 -33 -4 -34 -4 -33 -4 -33 85 -33 85 -34 85 -62 24 -15 15 -15 15 -3 45 -3 45 -29 67
SEGMENT -52 7 -53 8 -52 7 31 90 31 90 30 91 -72 40 -85 98 -72 40 44 66 44 66 31 124 11.000000000 0 -20 51 6.500000000 4 0 29 1 29 9 0 9 1 0 63 -1 63 -35 0 -35 -1 0 -52 7 1 31 90 1 -52.000000000 7.000000000 31.000000000 90.000000000 30 91 31 90 31 90 -52 7 -53 8 -52 7 3 -52 7 -53 8 -52 7 31 90 31 90 30 91 4 -52 7 31 90 31 90 30 91 31 90 -52 7 -53 8 -52 7 0 -52 7 31 90 -52 7 31 90 -59 -59 -45 121 -52 7 -53 8 -52 7 31 90 -47 12 -48 13 -47 12 1 1 -72 40 44 66 1 0 17 -52 7 -52 18 -41 18 -41 29 -30 29 -30 40 -19 40 -19 51 -8 51 -8 62 3 62 3 73 14 73 14 84 25 84 25 90 31 90 2 -52 7 31 90 2 0 2 -52 7 -53 8 -52 7 31 90 31 90 30 91 -35 0 -35 -1 0 29 1 29 9 0 9 1
SEGMENT 57 -60 56 -61 57 -60 -26 23 -26 23 -27 22 2 -82 -1 -81 2 -82 44 44 44 44 41 45 12.000000000 1 10 -11 7.500000000 3 -9 -36 40 -30 40 -30 23 9 23 9 -9 -36 2 57 -60 1 -26 23 1 57.000000000 -60.000000000 -26.000000000 23.000000000 -27 22 -26 23 -26 23 57 -60 56 -61 57 -60 3 57 -60 56 -61 57 -60 -26 23 -26 23 -27 22 4 56 -61 57 -60 57 -60 -26 23 -26 23 -27 22 -26 23 57 -60 0 -26 -60 57 23 -26 -60 57 23 -49 117 -3 -3 57 -60 56 -61 57 -60 -26 23 52 -55 51 -56 52 -55 1 1 2 -82 44 44 1 0 15 57 -60 57 -48 45 -48 45 -36 33 -36 33 -24 21 -24 21 -12 9 -12 9 0 -3 0 -3 12 -15 12 -15 23 -26 23 2 57 -60 -26 23 2 0 2 -26 23 -27 22 57 -60 -26 23 57 -60 56 -61 40 -30 23 9 23 9 -9 -36 -9 -36 40 -30
SEGMENT -64 -7 -70 6 -64 -7 27 35 27 35 21 48 40 -45 15 -42 40 -45 52 55 52 55 27 58 4.000000000 0 -21 14 8.500000000 5 -23 -19 9 -7 9 -7 6 24 6 24 -30 31 -30 31 -44 -3 -44 -3 -23 -19 3 -64 -7 1 27 35 1 -64.000000000 -7.000000000 27.000000000 35.000000000 21 48 27 35 27 35 -64 -7 -70 6 -64 -7 3 -64 -7 -70 6 -64 -7 27 35 27 35 21 48 4 -64 -7 27 35 27 35 21 48 27 35 -64 -7 -70 6 -64 -7 0 -64 -7 27 35 -64 -7 27 35 -57 -8 -71 62 -64 -7 -70 6 -64 -7 27 35 -56 -3 -62 10 -11456 -667 205 0 0 0 23 -64 -7 -64 -3 -55 -3 -55 1 -46 1 -46 5 -37 5 -37 10 -28 10 -28 14 -19 14 -19 18 -10 18 -10 22 -1 22 -1 26 8 26 8 30 17 30 17 35 26 35 26 35 27 35 23 -64 -7 -60 -3 -55 -3 -51 1 -46 1 -42 5 -37 5 -32 10 -28 10 -24 14 -19 14 -15 18 -10 18 -6 22 -1 22 3 26 8 26 12 30 17 30 22 35 26 35 26 35 27 35 2 3 2 -64 -7 -70 6 -64 -7 27 35 27 35 21 48 6 24 -30 31 -30 31 -44 -3 -44 -3 -23 -19
SEGMENT -77 55 26 49 -65 46 18 -17 -80 -21 23 -30 -90 47 -95 171 -90 47 34 52 34 52 29 176 5.000000000 1 -32 27 9.500000000 5 -11 -6 1 24 1 24 -25 46 -25 46 -54 35 -54 35 -58 3 -58 3 -11 -6 4 -153460 109817 1997 105379 -89568 2871 -76.845267902 54.990986480 36.704632532 -31.197492163 23 -30 -80 -21 18 -17 -65 46 26 49 -77 55 3 -77 55 26 49 -65 46 18 -17 -80 -21 23 -30 4 18 -17 -65 46 26 49 -77 55 -65 46 18 -17 -80 -21 23 -30 0 -77 -32 37 55 -77 -32 37 55 -132 68 -22 6 -77 55 26 49 -65 46 18 -17 -69 49 -6 132 -749013 532291 10858 1 -90 47 34 52 1 0 35 -77 55 -77 50 -70 50 -70 44 -63 44 -63 39 -56 39 -56 34 -49 34 -49 29 -42 29 -42 23 -35 23 -35 18 -28 18 -28 13 -21 13 -21 7 -14 7 -14 2 -7 2 -7 -3 0 -3 0 -9 7 -9 7 -14 14 -14 14 -19 21 -19 21 -25 28 -25 28 -30 35 -30 35 -31 37 -31 35 -77 55 -72 50 -70 50 -64 44 -63 44 -58 39 -56 39 -51 34 -49 34 -44 29 -42 29 -36 23 -35 23 -30 18 -28 18 -23 13 -21 13 -15 7 -14 7 -9 2 -7 2 -2 -3 0 -3 6 -9 7 -9 12 -14 14 -14 19 -19 21 -19 27 -25 28 -25 33 -30 35 -30 36 -31 37 -31 2 2 0 -77 55 26 49 -65 46 18 -17 -80 -21 23 -30 -54 35 -58 3 -58 3 -11 -6 -11 -6 1 24
SEGMENT -19 0 -96 83 -19 0 64 77 64 77 -13 160 25 -27 -4 -25 25 -27 33 89 33 89 4 91 6.000000000 0 27 22 10.500000000 4 0 15 1 15 52 0 52 1 0 49 -1 49 8 0 8 -1 0 -19 0 1 64 77 1 -19.000000000 0.000000000 64.000000000 77.000000000 -13 160 64 77 64 77 -19 0 -96 83 -19 0 3 -19 0 -96 83 -19 0 64 77 64 77 -13 160 4 -19 0 64 77 64 77 -13 160 64 77 -19 0 -96 83 -19 0 0 -19 0 64 77 -19 0 64 77 -19 -13 -19 141 -19 0 -96 83 -19 0 64 77 -11 7 -88 90 -143693 92631 12818 1 25 -27 33 89 1 0 29 -19 0 -19 6 -13 6 -13 11 -7 11 -7 17 -1 17 -1 22 5 22 5 28 11 28 11 33 17 33 17 39 23 39 23 45 29 45 29 50 35 50 35 56 41 56 41 61 47 61 47 67 53 67 53 72 59 72 59 77 64 77 29 -19 0 -13 6 -13 6 -8 11 -7 11 -1 17 -1 17 4 22 5 22 11 28 11 28 16 33 17 33 23 39 23 39 29 45 29 45 34 50 35 50 41 56 41 56 46 61 47 61 53 67 53 67 58 72 59 72 64 77 64 77 2 3 2 -19 0 -96 83 -19 0 64 77 64 77 -13 160 8 0 8 -1 0 15 1 15 52 0 52 1
SEGMENT -10 54 66 -31 -10 54 -95 -22 -95 -22 -19 -107 -108 13 -101 133 -108 13 12 6 12 6 19 126 7.000000000 1 -50 2 11.500000000 3 -73 -8 -24 -2 -24 -2 -41 37 -41 37 -73 -8 0 -10 54 1 -95 -22 1 -10.000000000 54.000000000 -95.000000000 -22.000000000 -19 -107 -95 -22 -95 -22 -10 54 66 -31 -10 54 3 -10 54 66 -31 -10 54 -95 -22 -95 -22 -19 -107 4 -95 -22 -10 54 66 -31 -10 54 -10 54 -95 -22 -95 -22 -19 -107 0 -95 -22 -10 54 -95 -22 -10 54 -73 -64 -117 44 -10 54 66 -31 -10 54 -95 -22 -19 46 57 -39 -246715 597706 13001 1 -108 13 12 6 1 0 23 -10 54 -18 54 -18 47 -26 47 -26 40 -34 40 -34 33 -42 33 -42 25 -50 25 -50 18 -58 18 -58 11 -66 11 -66 4 -74 4 -74 -3 -82 -3 -82 -10 -90 -10 -90 -18 -95 -18 -95 -22 23 -10 54 -11 54 -18 47 -19 47 -26 40 -27 40 -34 33 -34 33 -42 25 -43 25 -50 18 -51 18 -58 11 -59 11 -66 4 -67 4 -74 -3 -75 -3 -82 -10 -82 -10 -90 -18 -91 -18 -95 -22 2 1 2 -95 -22 -19 -107 -10 54 -95 -22 -10 54 66 -31 -41 37 -73 -8 -73 -8 -24 -2 -24 -2 -41 37
SEGMENT -54 41 -29 85 -54 41 34 -9 34 -9 59 35 -54 41 -29 85 -54 41 34 -9 34 -9 59 35 8.000000000 0 -3 25 12.500000000 5 -9 7 23 19 23 19 20 50 20 50 -16 57 -16 57 -30 23 -30 23 -9 7 2 -54 41 1 34 -9 1 -54.000000000 41.000000000 34.000000000 -9.000000000 59 35 34 -9 34 -9 -54 41 -29 85 -54 41 3 -54 41 -29 85 -54 41 34 -9 34 -9 59 35 4 34 -9 59 35 34 -9 -54 41 -29 85 -54 41 -54 41 34 -9 0 -54 -9 34 41 -54 -9 34 41 -95 43 -13 25 -54 41 -29 85 -54 41 34 -9 -43 35 -18 79 -110398 89151 2561 2 -54 41 -29 85 34 -9 59 35 1 1 15 -54 41 -40 41 -40 33 -26 33 -26 25 -12 25 -12 17 2 17 2 9 16 9 16 1 30 1 30 -7 34 -7 34 -9 15 -54 41 -48 41 -40 33 -34 33 -26 25 -20 25 -12 17 -6 17 2 9 8 9 16 1 22 1 30 -7 32 -7 34 -9 2 3 0 -54 41 -29 85 -54 41 34 -9 34 -9 59 35 23 19 20 50 20 50 -16 57 -16 57 -30 23
SEGMENT -2 -98 -103 -37 -2 -98 59 3 59 3 -42 64 -42 64 59 3 59 3 -2 -98 -103 -37 -2 -98 9.000000000 1 27 -55 13.500000000 5 44 -73 56 -43 56 -43 30 -21 30 -21 1 -32 1 -32 -3 -64 -3 -64 44 -73 3 -2 -98 1 59 3 1 -2.000000000 -98.000000000 59.000000000 3.000000000 -42 64 59 3 59 3 -2 -98 -103 -37 -2 -98 3 -2 -98 -103 -37 -2 -98 59 3 59 3 -42 64 4 -2 -98 59 3 59 3 -42 64 59 3 -2 -98 -103 -37 -2 -98 0 -2 -98 59 3 -2 -98 59 3 56 96 -100 62 -2 -98 -103 -37 -2 -98 59 3 5 -86 -96 -25 72135 -1198817 13922 2 -103 -37 -2 -98 59 3 -42 64 1 1 15 -2 -98 7 -98 7 -83 16 -83 16 -68 25 -68 25 -53 34 -53 34 -38 43 -38 43 -23 52 -23 52 -8 59 -8 59 3 15 -2 -98 -232 132 -232 -83 -207 -58 -207 -68 -182 -43 -182 -53 -158 -29 -158 -38 -133 -13 -133 -23 -108 2 -108 -8 59 159 59 3 2 4 1 -2 -98 -103 -37 -2 -98 59 3 59 3 -42 64 30 -21 1 -32 1 -32 -3 -64 -3 -64 44 -73
