SIMPLEX 2 5 0 5 21 19 -18 19 -18 -7 21 -7 21 -7 21 19 -18 -7 21 -7 -18 19 -18 -7 4 -18 -7 21 -7 21 -7 21 19 21 19 -18 19 -18 19 -18 -7 2 1 1 1 1 -18 -7 21 19 2 4 -18 -7 1 21 -7 1 21 19 1 -18 19 1 1 1 0 0 0 0 0 0 0 0 4 -14 -6 -13 -6 18 16 18 17 18 16 17 16 -14 -6 -14 -7 3 21 -7 21 19 21 19 -18 19 -18 19 -18 -7 4 -11 -18 28 -18 28 -18 28 8 28 8 -11 8 -11 8 -11 -18
SIMPLEX -14 -13 1 3 -5 11 -37 -26 7 -21 -5 11 -37 -26 7 -21 3 -37 -26 7 -21 7 -21 -5 11 -5 11 -37 -26 2 1 0 0 1 -37 -26 7 11 2 3 -37 -26 1 7 -21 1 -5 11 1 1 1 0 0 0 0 0 0 0 0 7 -30 -24 -29 -24 -37 -26 7 -21 2 -2 2 -1 7 -21 -5 11 2 -2 1 -2 -5 11 -37 -26 -30 -24 -30 -25 2 -37 -26 7 -21 -5 11 -37 -26 3 -30 -37 14 -32 14 -32 2 0 2 0 -30 -37
SIMPLEX -40 37 0 1 -55 33 -23 42 1 -55 33 -23 42 2 0 0 0 0 -1 0 0 0 1 1 0 0 0 0 1 1 4 -55 33 -23 42 -24 48 -24 49 -24 48 -25 48 -56 26 -56 25 0 1 -48 22 -16 31
SIMPLEX 16 17 1 2 37 14 24 39 -4 8 37 14 2 -4 8 37 14 37 14 24 39 2 0 0 0 0 -1 0 1 1 1 1 0 0 0 0 1 1 5 -4 8 37 14 32 28 32 29 37 14 24 39 32 28 31 28 0 6 0 5 1 -4 8 37 14 2 3 -3 44 3 44 3 31 28
SIMPLEX -32 -30 0 2 -12 -21 -52 -21 -52 -38 -12 -38 2 -52 -38 -12 -38 -12 -21 -52 -21 2 0 0 0 0 -1 0 1 1 1 1 1 1 0 0 0 0 4 -52 -38 -12 -38 -16 -19 -16 -18 -12 -21 -52 -21 -48 -41 -48 -42 1 -12 -21 -52 -21 2 -45 -49 -5 -49 -5 -32 -45 -32
SIMPLEX -16 36 1 5 4 36 -36 36 -16 16 -16 56 4 36 -36 36 -16 56 -16 16 -36 36 4 36 4 -36 36 4 36 -16 16 -16 56 4 36 -36 36 -16 56 -16 16 0 1 1 1 1 -16 36 -16 36 0 4 -16 36 1 -16 36 1 -16 36 1 -16 36 1 1 0 0 0 0 0 0 0 0 0 4 -36 36 4 36 -16 16 -16 56 4 36 -36 36 -16 56 -16 16 3 -36 36 4 36 4 36 -36 36 -16 56 -16 16 4 -29 25 11 25 -9 5 -9 45 11 25 -29 25 -9 45 -9 5
SIMPLEX 31 -26 0 2 11 -18 51 -18 51 -34 11 -34 0 -1 1 1 1 0 -1 0 0 0 0 0 0 0 0 0 0 0 0 0 0
SIMPLEX -23 11 1 6 -43 28 -47 4 -32 -9 -5 -3 -19 36 -43 28 -5 -3 2 18 -47 4 -32 -9 2 18 -19 36 6 -32 -9 -5 -3 -5 -3 2 18 2 18 -19 36 -19 36 -43 28 -43 28 -47 4 -47 4 -32 -9 2 1 0 0 1 -47 -9 2 36 2 6 -32 -9 1 -5 -3 1 2 18 1 -19 36 1 -43 28 1 -47 4 1 1 1 0 0 0 0 0 0 0 0 4 -39 0 -38 0 -7 22 -7 23 -7 22 -8 22 -39 0 -39 -1 5 -32 -9 -5 -3 2 18 -19 36 -19 36 -43 28 -43 28 -47 4 -47 4 -32 -9 6 -25 -20 2 -14 2 -14 9 7 9 7 -12 25 -12 25 -36 17 -36 17 -40 -7 -40 -7 -25 -20
SIMPLEX -32 14 0 4 -52 2 -13 2 -13 28 -52 28 -52 28 -52 2 -13 2 -13 28 4 -52 2 -13 2 -13 2 -13 28 -13 28 -52 28 -52 28 -52 2 2 1 1 1 1 -52 2 -13 28 2 4 -52 2 1 -13 2 1 -13 28 1 -52 28 1 1 1 0 0 0 0 0 0 0 0 4 -48 3 -47 3 -16 25 -16 26 -16 25 -17 25 -48 3 -48 2 3 -13 2 -13 28 -13 28 -52 28 -52 28 -52 2 4 -45 -9 -6 -9 -6 -9 -6 17 -6 17 -45 17 -45 17 -45 -9
SIMPLEX 5 18 0 3 26 10 14 42 14 42 -18 5 -18 5 26 10 3 -18 5 26 10 26 10 14 42 14 42 -18 5 2 1 0 0 1 -18 5 26 42 2 3 -18 5 1 26 10 1 14 42 1 1 1 0 0 0 0 0 0 0 0 7 -11 7 -10 7 -18 5 26 10 21 29 21 30 26 10 14 42 21 29 20 29 14 42 -18 5 -11 7 -11 6 2 26 10 14 42 14 42 -18 5 3 -11 -6 33 -1 33 -1 21 31 21 31 -11 -6
SIMPLEX 23 8 0 2 8 4 40 13 8 4 40 13 1 8 4 40 13 2 0 0 0 0 -1 0 0 0 1 1 0 0 0 0 1 1 4 8 4 40 13 39 19 39 20 39 19 38 19 7 -3 7 -4 0 1 15 -7 47 2
SIMPLEX 35 10 1 2 56 7 43 32 15 1 56 7 2 15 1 56 7 56 7 43 32 2 0 0 0 0 -1 0 1 1 1 1 0 0 0 0 1 1 5 15 1 56 7 51 21 51 22 56 7 43 32 51 21 50 21 19 -1 19 -2 1 15 1 56 7 2 22 -10 63 -4 63 -4 50 21
SIMPLEX 37 32 0 2 17 24 57 24 57 41 17 41 2 17 24 57 24 57 41 17 41 2 0 0 0 0 -1 0 1 1 1 1 1 1 0 0 0 0 4 17 24 57 24 53 43 53 44 57 41 17 41 21 21 21 20 1 57 41 17 41 2 24 13 64 13 64 30 24 30
SIMPLEX 34 17 1 4 14 17 54 17 54 17 14 17 34 37 34 -3 34 -3 34 37 4 14 17 54 17 34 -3 34 37 54 17 14 17 34 37 34 -3 0 1 1 1 1 34 17 34 17 0 4 34 17 1 34 17 1 34 17 1 34 17 1 1 0 0 0 0 0 0 0 0 0 4 14 17 54 17 34 -3 34 37 54 17 14 17 34 37 34 -3 3 14 17 54 17 54 17 14 17 34 37 34 -3 4 21 6 61 6 41 -14 41 26 61 6 21 6 41 26 41 -14
SIMPLEX -9 -23 0 2 11 -31 -29 -31 -29 -15 11 -15 0 -1 1 1 1 0 -1 0 0 0 0 0 0 0 0 0 0 0 0 0 0
SIMPLEX -9 -14 3 7 -5 11 -29 3 -29 3 -33 -21 9 -28 16 -7 -33 -21 -18 -34 16 -7 -5 11 16 -7 -5 11 -18 -34 9 -28 6 -18 -34 9 -28 9 -28 16 -7 16 -7 -5 11 -5 11 -29 3 -29 3 -33 -21 -33 -21 -18 -34 2 1 0 0 1 -33 -34 16 11 2 6 -18 -34 1 9 -28 1 16 -7 1 -5 11 1 -29 3 1 -33 -21 1 1 1 0 0 0 0 0 0 0 0 4 -25 -25 -24 -25 7 -3 7 -2 7 -3 6 -3 -25 -25 -25 -26 5 -18 -34 9 -28 9 -28 16 -7 16 -7 -5 11 -29 3 -33 -21 -33 -21 -18 -34 6 -11 -45 16 -39 16 -39 23 -18 23 -18 2 0 2 0 -22 -8 -22 -8 -26 -32 -26 -32 -11 -45
SIMPLEX -11 9 0 4 8 23 -31 23 -31 23 -31 -3 8 -3 8 23 -31 -3 8 -3 4 -31 -3 8 -3 8 -3 8 23 8 23 -31 23 -31 23 -31 -3 2 1 1 1 1 -31 -3 8 23 2 4 -31 -3 1 8 -3 1 8 23 1 -31 23 1 1 1 0 0 0 0 0 0 0 0 4 -27 -2 -26 -2 5 20 5 21 5 20 4 20 -27 -2 -27 -3 3 8 -3 8 23 8 23 -31 23 -31 23 -31 -3 4 -24 -14 15 -14 15 -14 15 12 15 12 -24 12 -24 12 -24 -14
SIMPLEX 18 19 2 3 -5 6 39 11 27 43 -5 6 39 11 27 43 3 -5 6 39 11 39 11 27 43 27 43 -5 6 2 1 0 0 1 -5 6 39 43 2 3 -5 6 1 39 11 1 27 43 1 1 1 0 0 0 0 0 0 0 0 7 2 8 3 8 -5 6 39 11 34 30 34 31 39 11 27 43 34 30 33 30 27 43 -5 6 2 8 2 7 2 -5 6 39 11 39 11 27 43 3 2 -5 46 0 46 0 34 32 34 32 2 -5
SIMPLEX 12 -17 0 1 -3 -21 29 -12 1 -3 -21 29 -12 2 0 0 0 0 -1 0 0 0 1 1 0 0 0 0 1 1 4 -3 -21 29 -12 28 -6 28 -5 28 -6 27 -6 -4 -28 -4 -29 0 1 4 -32 36 -23
SIMPLEX -1 -6 1 2 -21 -15 20 -9 20 -9 7 16 2 -21 -15 20 -9 20 -9 7 16 2 0 0 0 0 -1 0 1 1 1 1 0 0 0 0 1 1 5 -21 -15 20 -9 15 5 15 6 20 -9 7 16 15 5 14 5 -17 -17 -17 -18 1 -21 -15 20 -9 2 -14 -26 27 -20 27 -20 14 5
SIMPLEX -21 21 0 3 -1 30 -41 30 -41 13 -1 13 -41 13 -1 13 2 -41 13 -1 13 -1 30 -41 30 2 0 0 0 0 -1 0 1 1 1 1 1 1 0 0 0 0 4 -41 13 -1 13 -5 32 -5 33 -1 30 -41 30 -37 10 -37 9 1 -1 30 -41 30 2 -34 2 6 2 6 19 -34 19
SIMPLEX -5 -7 1 4 -25 -7 15 -7 -5 -27 -5 13 -5 13 -5 -27 15 -7 -25 -7 4 -25 -7 15 -7 -5 -27 -5 13 15 -7 -25 -7 -5 13 -5 -27 0 1 1 1 1 -5 -7 -5 -7 0 4 -5 -7 1 -5 -7 1 -5 -7 1 -5 -7 1 1 0 0 0 0 0 0 0 0 0 4 -25 -7 15 -7 -5 -27 -5 13 15 -7 -25 -7 -5 13 -5 -27 3 -25 -7 15 -7 15 -7 -25 -7 -5 13 -5 -27 4 -18 -18 22 -18 2 -38 2 2 22 -18 -18 -18 2 2 2 -38
SIMPLEX 11 -22 0 2 31 -30 -9 -30 -9 -14 31 -14 0 -1 1 1 1 0 -1 0 0 0 0 0 0 0 0 0 0 0 0 0 0
SIMPLEX -32 -18 5 6 -14 -32 -7 -11 -52 -1 -56 -25 -28 7 -52 -1 -7 -11 -28 7 -41 -38 -14 -32 -56 -25 -41 -38 6 -41 -38 -14 -32 -14 -32 -7 -11 -7 -11 -28 7 -28 7 -52 -1 -52 -1 -56 -25 -56 -25 -41 -38 2 1 0 0 1 -56 -38 -7 7 2 6 -41 -38 1 -14 -32 1 -7 -11 1 -28 7 1 -52 -1 1 -56 -25 1 1 1 0 0 0 0 0 0 0 0 4 -48 -29 -47 -29 -16 -7 -16 -6 -16 -7 -17 -7 -48 -29 -48 -30 5 -41 -38 -14 -32 -14 -32 -7 -11 -7 -11 -28 7 -28 7 -52 -1 -52 -1 -56 -25 6 -34 -49 -7 -43 -7 -43 0 -22 0 -22 -21 -4 -21 -4 -45 -12 -45 -12 -49 -36 -49 -36 -34 -49
SIMPLEX 32 -26 0 4 12 -38 51 -38 51 -38 51 -12 51 -12 12 -12 12 -12 12 -38 4 12 -38 51 -38 51 -38 51 -12 51 -12 12 -12 12 -12 12 -38 2 1 1 1 1 12 -38 51 -12 2 4 12 -38 1 51 -38 1 51 -12 1 12 -12 1 1 1 0 0 0 0 0 0 0 0 4 16 -37 17 -37 48 -15 48 -14 48 -15 47 -15 16 -37 16 -38 3 51 -38 51 -12 51 -12 12 -12 12 -12 12 -38 4 19 -49 58 -49 58 -49 58 -23 58 -23 19 -23 19 -23 19 -49
SIMPLEX 27 -11 1 4 4 -24 48 -19 48 -19 36 13 48 -19 36 13 36 13 4 -24 3 4 -24 48 -19 48 -19 36 13 36 13 4 -24 2 1 0 0 1 4 -24 48 13 2 3 4 -24 1 48 -19 1 36 13 1 1 1 0 0 0 0 0 0 0 0 7 11 -22 12 -22 4 -24 48 -19 43 0 43 1 48 -19 36 13 43 0 42 0 36 13 4 -24 11 -22 11 -23 2 4 -24 48 -19 36 13 4 -24 3 11 -35 55 -30 55 -30 43 2 43 2 11 -35
SIMPLEX -18 -1 0 1 -33 -5 -1 4 1 -33 -5 -1 4 2 0 0 0 0 -1 0 0 0 1 1 0 0 0 0 1 1 4 -33 -5 -1 4 -2 10 -2 11 -2 10 -3 10 -34 -12 -34 -13 0 1 -26 -16 6 -7
SIMPLEX -32 -31 1 2 -11 -34 -24 -9 -52 -40 -11 -34 2 -52 -40 -11 -34 -11 -34 -24 -9 2 0 0 0 0 -1 0 1 1 1 1 0 0 0 0 1 1 5 -52 -40 -11 -34 -16 -20 -16 -19 -11 -34 -24 -9 -16 -20 -17 -20 -48 -42 -48 -43 1 -52 -40 -11 -34 2 -45 -51 -4 -45 -4 -45 -17 -20
SIMPLEX -10 39 0 2 -30 31 10 31 10 48 -30 48 2 -30 31 10 31 10 48 -30 48 2 0 0 0 0 -1 0 1 1 1 1 1 1 0 0 0 0 4 -30 31 10 31 6 50 6 51 10 48 -30 48 -26 28 -26 27 1 10 48 -30 48 2 -23 20 17 20 17 37 -23 37
SIMPLEX 14 -6 1 4 -6 -6 34 -6 34 -6 -6 -6 14 14 14 -26 14 -26 14 14 4 -6 -6 34 -6 14 -26 14 14 34 -6 -6 -6 14 14 14 -26 0 1 1 1 1 14 -6 14 -6 0 4 14 -6 1 14 -6 1 14 -6 1 14 -6 1 1 0 0 0 0 0 0 0 0 0 4 -6 -6 34 -6 14 -26 14 14 34 -6 -6 -6 14 14 14 -26 3 -6 -6 34 -6 34 -6 -6 -6 14 14 14 -26 4 1 -17 41 -17 21 -37 21 3 41 -17 1 -17 21 3 21 -37
SIMPLEX 40 38 0 3 60 30 20 30 20 46 60 46 20 46 60 46 0 -1 1 1 1 0 -1 0 0 0 0 0 0 0 0 0 0 0 0 0 0
SIMPLEX 19 -12 1 6 44 -5 23 13 37 -26 44 -5 -1 5 -5 -19 -5 -19 10 -32 23 13 -1 5 10 -32 37 -26 6 10 -32 37 -26 37 -26 44 -5 44 -5 23 13 23 13 -1 5 -1 5 -5 -19 -5 -19 10 -32 2 1 0 0 1 -5 -32 44 13 2 6 10 -32 1 37 -26 1 44 -5 1 23 13 1 -1 5 1 -5 -19 1 1 1 0 0 0 0 0 0 0 0 4 3 -23 4 -23 35 -1 35 0 35 -1 34 -1 3 -23 3 -24 5 10 -32 37 -26 44 -5 23 13 23 13 -1 5 -1 5 -5 -19 -5 -19 10 -32 6 17 -43 44 -37 44 -37 51 -16 51 -16 30 2 30 2 6 -6 6 -6 2 -30 2 -30 17 -43
SIMPLEX -32 26 0 4 -13 40 -52 40 -13 14 -13 40 -52 14 -13 14 -52 40 -52 14 4 -52 14 -13 14 -13 14 -13 40 -13 40 -52 40 -52 40 -52 14 2 1 1 1 1 -52 14 -13 40 2 4 -52 14 1 -13 14 1 -13 40 1 -52 40 1 1 1 0 0 0 0 0 0 0 0 4 -48 15 -47 15 -16 37 -16 38 -16 37 -17 37 -48 15 -48 14 3 -13 14 -13 40 -13 40 -52 40 -52 40 -52 14 4 -45 3 -6 3 -6 3 -6 29 -6 29 -45 29 -45 29 -45 3
SIMPLEX 8 -27 0 3 -15 -40 29 -35 29 -35 17 -3 17 -3 -15 -40 3 -15 -40 29 -35 29 -35 17 -3 17 -3 -15 -40 2 1 0 0 1 -15 -40 29 -3 2 3 -15 -40 1 29 -35 1 17 -3 1 1 1 0 0 0 0 0 0 0 0 7 -8 -38 -7 -38 -15 -40 29 -35 24 -16 24 -15 29 -35 17 -3 24 -16 23 -16 17 -3 -15 -40 -8 -38 -8 -39 2 29 -35 17 -3 17 -3 -15 -40 3 -8 -51 36 -46 36 -46 24 -14 24 -14 -8 -51
SIMPLEX 13 33 0 1 -2 29 30 38 1 -2 29 30 38 2 0 0 0 0 -1 0 0 0 1 1 0 0 0 0 1 1 4 -2 29 30 38 29 44 29 45 29 44 28 44 -3 22 -3 21 0 1 5 18 37 27
SIMPLEX -38 13 1 3 -58 4 -17 10 -17 10 -30 35 -17 10 -30 35 2 -58 4 -17 10 -17 10 -30 35 2 0 0 0 0 -1 0 1 1 1 1 0 0 0 0 1 1 5 -58 4 -17 10 -22 24 -22 25 -17 10 -30 35 -22 24 -23 24 -54 2 -54 1 1 -58 4 -17 10 2 -51 -7 -10 -1 -10 -1 -23 24
SIMPLEX -10 -20 0 2 10 -11 -30 -11 -30 -28 10 -28 2 -30 -28 10 -28 10 -11 -30 -11 2 0 0 0 0 -1 0 1 1 1 1 1 1 0 0 0 0 4 -30 -28 10 -28 6 -9 6 -8 10 -11 -30 -11 -26 -31 -26 -32 1 10 -11 -30 -11 2 -23 -39 17 -39 17 -22 -23 -22
SIMPLEX 14 37 1 4 -6 37 34 37 14 57 14 17 14 17 14 57 34 37 -6 37 4 -6 37 34 37 14 17 14 57 34 37 -6 37 14 57 14 17 0 1 1 1 1 14 37 14 37 0 4 14 37 1 14 37 1 14 37 1 14 37 1 1 0 0 0 0 0 0 0 0 0 4 -6 37 34 37 14 17 14 57 34 37 -6 37 14 57 14 17 3 -6 37 34 37 34 37 -6 37 14 57 14 17 4 1 26 41 26 21 6 21 46 41 26 1 26 21 46 21 6
SIMPLEX -39 13 0 2 -19 5 -59 5 -59 21 -19 21 0 -1 1 1 1 0 -1 0 0 0 0 0 0 0 0 0 0 0 0 0 0
SIMPLEX -13 0 3 6 -22 -20 5 -14 -9 25 -33 17 -37 -7 -22 -20 12 7 -9 25 5 -14 12 7 -33 17 -37 -7 6 -22 -20 5 -14 5 -14 12 7 12 7 -9 25 -9 25 -33 17 -33 17 -37 -7 -37 -7 -22 -20 2 1 0 0 1 -37 -20 12 25 2 6 -22 -20 1 5 -14 1 12 7 1 -9 25 1 -33 17 1 -37 -7 1 1 1 0 0 0 0 0 0 0 0 4 -29 -11 -28 -11 3 11 3 12 3 11 2 11 -29 -11 -29 -12 5 -22 -20 5 -14 5 -14 12 7 12 7 -9 25 -33 17 -37 -7 -37 -7 -22 -20 6 -15 -31 12 -25 12 -25 19 -4 19 -4 -2 14 -2 14 -26 6 -26 6 -30 -18 -30 -18 -15 -31
SIMPLEX 14 30 0 5 -6 18 33 18 33 18 33 44 33 44 -6 44 -6 44 -6 18 -6 18 33 18 4 -6 18 33 18 33 18 33 44 33 44 -6 44 -6 44 -6 18 2 1 1 1 1 -6 18 33 44 2 4 -6 18 1 33 18 1 33 44 1 -6 44 1 1 1 0 0 0 0 0 0 0 0 4 -2 19 -1 19 30 41 30 42 30 41 29 41 -2 19 -2 18 3 33 18 33 44 33 44 -6 44 -6 44 -6 18 4 1 7 40 7 40 7 40 33 40 33 1 33 1 33 1 7
SIMPLEX 5 -19 2 3 -18 -32 26 -27 26 -27 14 5 14 5 -18 -32 3 -18 -32 26 -27 26 -27 14 5 14 5 -18 -32 2 1 0 0 1 -18 -32 26 5 2 3 -18 -32 1 26 -27 1 14 5 1 1 1 0 0 0 0 0 0 0 0 7 -11 -30 -10 -30 -18 -32 26 -27 21 -8 21 -7 26 -27 14 5 21 -8 20 -8 14 5 -18 -32 -11 -30 -11 -31 2 -18 -32 26 -27 26 -27 14 5 3 -11 -43 33 -38 33 -38 21 -6 21 -6 -11 -43
SIMPLEX -40 -28 0 1 -55 -32 -23 -23 1 -55 -32 -23 -23 2 0 0 0 0 -1 0 0 0 1 1 0 0 0 0 1 1 4 -55 -32 -23 -23 -24 -17 -24 -16 -24 -17 -25 -17 -56 -39 -56 -40 0 1 -48 -43 -16 -34
SIMPLEX -16 26 1 2 -36 17 5 23 5 23 -8 48 2 -36 17 5 23 5 23 -8 48 2 0 0 0 0 -1 0 1 1 1 1 0 0 0 0 1 1 5 -36 17 5 23 0 37 0 38 5 23 -8 48 0 37 -1 37 -32 15 -32 14 1 -36 17 5 23 2 -29 6 12 12 12 12 -1 37
SIMPLEX -14 37 0 2 -34 29 6 29 6 46 -34 46 2 -34 29 6 29 6 46 -34 46 2 0 0 0 0 -1 0 1 1 1 1 1 1 0 0 0 0 4 -34 29 6 29 2 48 2 49 6 46 -34 46 -30 26 -30 25 1 6 46 -34 46 2 -27 18 13 18 13 35 -27 35
SIMPLEX -28 15 1 5 -8 15 -48 15 -48 15 -8 15 -8 15 -48 15 -28 35 -28 -5 -28 -5 -28 35 4 -48 15 -8 15 -28 -5 -28 35 -8 15 -48 15 -28 35 -28 -5 0 1 1 1 1 -28 15 -28 15 0 4 -28 15 1 -28 15 1 -28 15 1 -28 15 1 1 0 0 0 0 0 0 0 0 0 4 -48 15 -8 15 -28 -5 -28 35 -8 15 -48 15 -28 35 -28 -5 3 -48 15 -8 15 -8 15 -48 15 -28 35 -28 -5 4 -41 4 -1 4 -21 -16 -21 24 -1 4 -41 4 -21 24 -21 -16
SIMPLEX 30 -38 0 2 50 -46 10 -46 10 -30 50 -30 0 -1 1 1 1 0 -1 0 0 0 0 0 0 0 0 0 0 0 0 0 0
SIMPLEX -4 23 5 6 -28 16 -13 3 -13 3 14 9 0 48 -24 40 -24 40 -28 16 21 30 0 48 14 9 21 30 6 -13 3 14 9 14 9 21 30 21 30 0 48 0 48 -24 40 -24 40 -28 16 -28 16 -13 3 2 1 0 0 1 -28 3 21 48 2 6 -13 3 1 14 9 1 21 30 1 0 48 1 -24 40 1 -28 16 1 1 1 0 0 0 0 0 0 0 0 4 -20 12 -19 12 12 34 12 35 12 34 11 34 -20 12 -20 11 5 -13 3 14 9 14 9 21 30 21 30 0 48 0 48 -24 40 -24 40 -28 16 6 -6 -8 21 -2 21 -2 28 19 28 19 7 37 7 37 -17 29 -17 29 -21 5 -21 5 -6 -8
SIMPLEX 33 17 0 4 13 31 13 5 52 31 13 31 13 5 52 5 52 5 52 31 4 13 5 52 5 52 5 52 31 52 31 13 31 13 31 13 5 2 1 1 1 1 13 5 52 31 2 4 13 5 1 52 5 1 52 31 1 13 31 1 1 1 0 0 0 0 0 0 0 0 4 17 6 18 6 49 28 49 29 49 28 48 28 17 6 17 5 3 52 5 52 31 52 31 13 31 13 31 13 5 4 20 -6 59 -6 59 -6 59 20 59 20 20 20 20 20 20 -6
SIMPLEX -34 -35 1 3 -57 -48 -13 -43 -25 -11 -57 -48 -13 -43 -25 -11 3 -57 -48 -13 -43 -13 -43 -25 -11 -25 -11 -57 -48 2 1 0 0 1 -57 -48 -13 -11 2 3 -57 -48 1 -13 -43 1 -25 -11 1 1 1 0 0 0 0 0 0 0 0 7 -50 -46 -49 -46 -57 -48 -13 -43 -18 -24 -18 -23 -13 -43 -25 -11 -18 -24 -19 -24 -25 -11 -57 -48 -50 -46 -50 -47 2 -57 -48 -13 -43 -25 -11 -57 -48 3 -50 -59 -6 -54 -6 -54 -18 -22 -18 -22 -50 -59
SIMPLEX -15 31 0 2 -30 27 2 36 -30 27 2 36 1 -30 27 2 36 2 0 0 0 0 -1 0 0 0 1 1 0 0 0 0 1 1 4 -30 27 2 36 1 42 1 43 1 42 0 42 -31 20 -31 19 0 1 -23 16 9 25
SIMPLEX 0 24 1 2 21 21 8 46 -20 15 21 21 2 -20 15 21 21 21 21 8 46 2 0 0 0 0 -1 0 1 1 1 1 0 0 0 0 1 1 5 -20 15 21 21 16 35 16 36 21 21 8 46 16 35 15 35 -16 13 -16 12 1 -20 15 21 21 2 -13 4 28 10 28 10 15 35
SIMPLEX -17 -37 0 2 3 -28 -37 -28 -37 -45 3 -45 2 -37 -45 3 -45 3 -28 -37 -28 2 0 0 0 0 -1 0 1 1 1 1 1 1 0 0 0 0 4 -37 -45 3 -45 -1 -26 -1 -25 3 -28 -37 -28 -33 -48 -33 -49 1 3 -28 -37 -28 2 -30 -56 10 -56 10 -39 -30 -39
SIMPLEX 20 -35 1 4 40 -35 0 -35 20 -55 20 -15 20 -15 20 -55 0 -35 40 -35 4 0 -35 40 -35 20 -55 20 -15 40 -35 0 -35 20 -15 20 -55 0 1 1 1 1 20 -35 20 -35 0 4 20 -35 1 20 -35 1 20 -35 1 20 -35 1 1 0 0 0 0 0 0 0 0 0 4 0 -35 40 -35 20 -55 20 -15 40 -35 0 -35 20 -15 20 -55 3 0 -35 40 -35 40 -35 0 -35 20 -15 20 -55 4 7 -46 47 -46 27 -66 27 -26 47 -46 7 -46 27 -26 27 -66
SIMPLEX 39 -24 0 2 59 -32 19 -32 19 -16 59 -16 0 -1 1 1 1 0 -1 0 0 0 0 0 0 0 0 0 0 0 0 0 0
SIMPLEX 7 -39 1 7 -2 -59 25 -53 25 -53 32 -32 -13 -22 -17 -46 -2 -59 25 -53 11 -14 -13 -22 -17 -46 -2 -59 32 -32 11 -14 6 -2 -59 25 -53 25 -53 32 -32 32 -32 11 -14 11 -14 -13 -22 -13 -22 -17 -46 -17 -46 -2 -59 2 1 0 0 1 -17 -59 32 -14 2 6 -2 -59 1 25 -53 1 32 -32 1 11 -14 1 -13 -22 1 -17 -46 1 1 1 0 0 0 0 0 0 0 0 4 -9 -50 -8 -50 23 -28 23 -27 23 -28 22 -28 -9 -50 -9 -51 5 -2 -59 25 -53 32 -32 11 -14 11 -14 -13 -22 -13 -22 -17 -46 -17 -46 -2 -59 6 5 -70 32 -64 32 -64 39 -43 39 -43 18 -25 18 -25 -6 -33 -6 -33 -10 -57 -10 -57 5 -70
SIMPLEX -28 22 0 4 -48 10 -9 10 -9 36 -48 36 -9 10 -9 36 -48 36 -48 10 4 -48 10 -9 10 -9 10 -9 36 -9 36 -48 36 -48 36 -48 10 2 1 1 1 1 -48 10 -9 36 2 4 -48 10 1 -9 10 1 -9 36 1 -48 36 1 1 1 0 0 0 0 0 0 0 0 4 -44 11 -43 11 -12 33 -12 34 -12 33 -13 33 -44 11 -44 10 3 -9 10 -9 36 -9 36 -48 36 -48 36 -48 10 4 -41 -1 -2 -1 -2 -1 -2 25 -2 25 -41 25 -41 25 -41 -1
SIMPLEX -35 -13 0 3 -58 -26 -14 -21 -14 -21 -26 11 -26 11 -58 -26 3 -58 -26 -14 -21 -14 -21 -26 11 -26 11 -58 -26 2 1 0 0 1 -58 -26 -14 11 2 3 -58 -26 1 -14 -21 1 -26 11 1 1 1 0 0 0 0 0 0 0 0 7 -51 -24 -50 -24 -58 -26 -14 -21 -19 -2 -19 -1 -14 -21 -26 11 -19 -2 -20 -2 -26 11 -58 -26 -51 -24 -51 -25 2 -14 -21 -26 11 -26 11 -58 -26 3 -51 -37 -7 -32 -7 -32 -19 0 -19 0 -51 -37
SIMPLEX 23 -35 0 1 8 -39 40 -30 1 8 -39 40 -30 2 0 0 0 0 -1 0 0 0 1 1 0 0 0 0 1 1 4 8 -39 40 -30 39 -24 39 -23 39 -24 38 -24 7 -46 7 -47 0 1 15 -50 47 -41
SIMPLEX 25 -26 1 2 5 -35 46 -29 46 -29 33 -4 2 5 -35 46 -29 46 -29 33 -4 2 0 0 0 0 -1 0 1 1 1 1 0 0 0 0 1 1 5 5 -35 46 -29 41 -15 41 -14 46 -29 33 -4 41 -15 40 -15 9 -37 9 -38 1 5 -35 46 -29 2 12 -46 53 -40 53 -40 40 -15
SIMPLEX -28 -15 0 3 -8 -6 -48 -6 -48 -23 -8 -23 -48 -23 -8 -23 2 -48 -23 -8 -23 -8 -6 -48 -6 2 0 0 0 0 -1 0 1 1 1 1 1 1 0 0 0 0 4 -48 -23 -8 -23 -12 -4 -12 -3 -8 -6 -48 -6 -44 -26 -44 -27 1 -8 -6 -48 -6 2 -41 -34 -1 -34 -1 -17 -41 -17
SIMPLEX 39 26 1 4 19 26 59 26 59 26 19 26 39 46 39 6 39 6 39 46 4 19 26 59 26 39 6 39 46 59 26 19 26 39 46 39 6 0 1 1 1 1 39 26 39 26 0 4 39 26 1 39 26 1 39 26 1 39 26 1 1 0 0 0 0 0 0 0 0 0 4 19 26 59 26 39 6 39 46 59 26 19 26 39 46 39 6 3 19 26 59 26 59 26 19 26 39 46 39 6 4 26 15 66 15 46 -5 46 35 66 15 26 15 46 35 46 -5
SIMPLEX -19 31 0 2 -39 39 1 39 1 23 -39 23 0 -1 1 1 1 0 -1 0 0 0 0 0 0 0 0 0 0 0 0 0 0
SIMPLEX -6 28 3 6 -30 21 -15 8 -2 53 -26 45 19 35 -2 53 12 14 19 35 -26 45 -30 21 -15 8 12 14 6 -15 8 12 14 12 14 19 35 19 35 -2 53 -2 53 -26 45 -26 45 -30 21 -30 21 -15 8 2 1 0 0 1 -30 8 19 53 2 6 -15 8 1 12 14 1 19 35 1 -2 53 1 -26 45 1 -30 21 1 1 1 0 0 0 0 0 0 0 0 4 -22 17 -21 17 10 39 10 40 10 39 9 39 -22 17 -22 16 5 -15 8 12 14 12 14 19 35 19 35 -2 53 -26 45 -30 21 -30 21 -15 8 6 -8 -3 19 3 19 3 26 24 26 24 5 42 5 42 -19 34 -19 34 -23 10 -23 10 -8 -3
SIMPLEX -2 19 0 4 -22 33 -22 7 17 7 17 33 17 33 -22 33 -22 7 17 7 4 -22 7 17 7 17 7 17 33 17 33 -22 33 -22 33 -22 7 2 1 1 1 1 -22 7 17 33 2 4 -22 7 1 17 7 1 17 33 1 -22 33 1 1 1 0 0 0 0 0 0 0 0 4 -18 8 -17 8 14 30 14 31 14 30 13 30 -18 8 -18 7 3 17 7 17 33 17 33 -22 33 -22 33 -22 7 4 -15 -4 24 -4 24 -4 24 22 24 22 -15 22 -15 22 -15 -4
SIMPLEX 36 10 2 4 45 34 13 -3 45 34 13 -3 13 -3 57 2 57 2 45 34 3 13 -3 57 2 57 2 45 34 45 34 13 -3 2 1 0 0 1 13 -3 57 34 2 3 13 -3 1 57 2 1 45 34 1 1 1 0 0 0 0 0 0 0 0 7 20 -1 21 -1 13 -3 57 2 52 21 52 22 57 2 45 34 52 21 51 21 45 34 13 -3 20 -1 20 -2 2 13 -3 57 2 57 2 45 34 3 20 -14 64 -9 64 -9 52 23 52 23 20 -14
SIMPLEX -3 8 0 1 -18 4 14 13 1 -18 4 14 13 2 0 0 0 0 -1 0 0 0 1 1 0 0 0 0 1 1 4 -18 4 14 13 13 19 13 20 13 19 12 19 -19 -3 -19 -4 0 1 -11 -7 21 2
SIMPLEX -18 -27 1 2 -38 -36 3 -30 3 -30 -10 -5 2 -38 -36 3 -30 3 -30 -10 -5 2 0 0 0 0 -1 0 1 1 1 1 0 0 0 0 1 1 5 -38 -36 3 -30 -2 -16 -2 -15 3 -30 -10 -5 -2 -16 -3 -16 -34 -38 -34 -39 1 -38 -36 3 -30 2 -31 -47 10 -41 10 -41 -3 -16
SIMPLEX 9 -5 0 2 -11 -13 29 -13 29 4 -11 4 2 -11 -13 29 -13 29 4 -11 4 2 0 0 0 0 -1 0 1 1 1 1 1 1 0 0 0 0 4 -11 -13 29 -13 25 6 25 7 29 4 -11 4 -7 -16 -7 -17 1 29 4 -11 4 2 -4 -24 36 -24 36 -7 -4 -7
SIMPLEX -23 9 1 4 -3 9 -43 9 -23 29 -23 -11 -23 -11 -23 29 -43 9 -3 9 4 -43 9 -3 9 -23 -11 -23 29 -3 9 -43 9 -23 29 -23 -11 0 1 1 1 1 -23 9 -23 9 0 4 -23 9 1 -23 9 1 -23 9 1 -23 9 1 1 0 0 0 0 0 0 0 0 0 4 -43 9 -3 9 -23 -11 -23 29 -3 9 -43 9 -23 29 -23 -11 3 -43 9 -3 9 -3 9 -43 9 -23 29 -23 -11 4 -36 -2 4 -2 -16 -22 -16 18 4 -2 -36 -2 -16 18 -16 -22
SIMPLEX 2 -25 0 3 -18 -17 22 -17 22 -33 -18 -33 -18 -17 22 -17 0 -1 1 1 1 0 -1 0 0 0 0 0 0 0 0 0 0 0 0 0 0
SIMPLEX 7 1 5 6 -17 -6 -2 -19 32 8 11 26 -13 18 -17 -6 11 26 -13 18 25 -13 32 8 -2 -19 25 -13 6 -2 -19 25 -13 25 -13 32 8 32 8 11 26 11 26 -13 18 -13 18 -17 -6 -17 -6 -2 -19 2 1 0 0 1 -17 -19 32 26 2 6 -2 -19 1 25 -13 1 32 8 1 11 26 1 -13 18 1 -17 -6 1 1 1 0 0 0 0 0 0 0 0 4 -9 -10 -8 -10 23 12 23 13 23 12 22 12 -9 -10 -9 -11 5 -2 -19 25 -13 25 -13 32 8 32 8 11 26 11 26 -13 18 -13 18 -17 -6 6 5 -30 32 -24 32 -24 39 -3 39 -3 18 15 18 15 -6 7 -6 7 -10 -17 -10 -17 5 -30
SIMPLEX -17 -1 0 4 2 13 -37 13 -37 13 -37 -13 -37 -13 2 -13 2 -13 2 13 4 -37 -13 2 -13 2 -13 2 13 2 13 -37 13 -37 13 -37 -13 2 1 1 1 1 -37 -13 2 13 2 4 -37 -13 1 2 -13 1 2 13 1 -37 13 1 1 1 0 0 0 0 0 0 0 0 4 -33 -12 -32 -12 -1 10 -1 11 -1 10 -2 10 -33 -12 -33 -13 3 2 -13 2 13 2 13 -37 13 -37 13 -37 -13 4 -30 -24 9 -24 9 -24 9 2 9 2 -30 2 -30 2 -30 -24
SIMPLEX 16 -19 1 3 25 5 -7 -32 -7 -32 37 -27 37 -27 25 5 3 -7 -32 37 -27 37 -27 25 5 25 5 -7 -32 2 1 0 0 1 -7 -32 37 5 2 3 -7 -32 1 37 -27 1 25 5 1 1 1 0 0 0 0 0 0 0 0 7 0 -30 1 -30 -7 -32 37 -27 32 -8 32 -7 37 -27 25 5 32 -8 31 -8 25 5 -7 -32 0 -30 0 -31 2 -7 -32 37 -27 25 5 -7 -32 3 0 -43 44 -38 44 -38 32 -6 32 -6 0 -43
SIMPLEX 4 35 0 1 -11 31 21 40 1 -11 31 21 40 2 0 0 0 0 -1 0 0 0 1 1 0 0 0 0 1 1 4 -11 31 21 40 20 46 20 47 20 46 19 46 -12 24 -12 23 0 1 -4 20 28 29
SIMPLEX 10 -27 1 3 -10 -36 31 -30 31 -30 18 -5 31 -30 18 -5 2 -10 -36 31 -30 31 -30 18 -5 2 0 0 0 0 -1 0 1 1 1 1 0 0 0 0 1 1 5 -10 -36 31 -30 26 -16 26 -15 31 -30 18 -5 26 -16 25 -16 -6 -38 -6 -39 1 -10 -36 31 -30 2 -3 -47 38 -41 38 -41 25 -16
SIMPLEX -26 29 0 2 -6 38 -46 38 -46 21 -6 21 2 -46 21 -6 21 -6 38 -46 38 2 0 0 0 0 -1 0 1 1 1 1 1 1 0 0 0 0 4 -46 21 -6 21 -10 40 -10 41 -6 38 -46 38 -42 18 -42 17 1 -6 38 -46 38 2 -39 10 1 10 1 27 -39 27
SIMPLEX 13 7 1 4 33 7 -7 7 13 -13 13 27 -7 7 33 7 13 27 13 -13 4 -7 7 33 7 13 -13 13 27 33 7 -7 7 13 27 13 -13 0 1 1 1 1 13 7 13 7 0 4 13 7 1 13 7 1 13 7 1 13 7 1 1 0 0 0 0 0 0 0 0 0 4 -7 7 33 7 13 -13 13 27 33 7 -7 7 13 27 13 -13 3 -7 7 33 7 33 7 -7 7 13 27 13 -13 4 0 -4 40 -4 20 -24 20 16 40 -4 0 -4 20 16 20 -24
SIMPLEX 13 5 0 2 -7 13 33 13 33 -3 -7 -3 0 -1 1 1 1 0 -1 0 0 0 0 0 0 0 0 0 0 0 0 0 0
SIMPLEX 40 -11 1 6 20 6 16 -18 65 -4 44 14 58 -25 65 -4 31 -31 58 -25 44 14 20 6 16 -18 31 -31 6 31 -31 58 -25 58 -25 65 -4 65 -4 44 14 44 14 20 6 20 6 16 -18 16 -18 31 -31 2 1 0 0 1 16 -31 65 14 2 6 31 -31 1 58 -25 1 65 -4 1 44 14 1 20 6 1 16 -18 1 1 1 0 0 0 0 0 0 0 0 4 24 -22 25 -22 56 0 56 1 56 0 55 0 24 -22 24 -23 5 31 -31 58 -25 65 -4 44 14 44 14 20 6 20 6 16 -18 16 -18 31 -31 6 38 -42 65 -36 65 -36 72 -15 72 -15 51 3 51 3 27 -5 27 -5 23 -29 23 -29 38 -42
SIMPLEX 19 10 0 5 -1 -2 38 -2 38 24 -1 24 -1 -2 38 -2 -1 24 -1 -2 38 -2 38 24 4 -1 -2 38 -2 38 -2 38 24 38 24 -1 24 -1 24 -1 -2 2 1 1 1 1 -1 -2 38 24 2 4 -1 -2 1 38 -2 1 38 24 1 -1 24 1 1 1 0 0 0 0 0 0 0 0 4 3 -1 4 -1 35 21 35 22 35 21 34 21 3 -1 3 -2 3 38 -2 38 24 38 24 -1 24 -1 24 -1 -2 4 6 -13 45 -13 45 -13 45 13 45 13 6 13 6 13 6 -13
SIMPLEX 13 0 0 3 22 24 -10 -13 34 -8 22 24 -10 -13 34 -8 3 -10 -13 34 -8 34 -8 22 24 22 24 -10 -13 2 1 0 0 1 -10 -13 34 24 2 3 -10 -13 1 34 -8 1 22 24 1 1 1 0 0 0 0 0 0 0 0 7 -3 -11 -2 -11 -10 -13 34 -8 29 11 29 12 34 -8 22 24 29 11 28 11 22 24 -10 -13 -3 -11 -3 -12 2 34 -8 22 24 22 24 -10 -13 3 -3 -24 41 -19 41 -19 29 13 29 13 -3 -24
SIMPLEX 8 -40 0 1 -7 -44 25 -35 1 -7 -44 25 -35 2 0 0 0 0 -1 0 0 0 1 1 0 0 0 0 1 1 4 -7 -44 25 -35 24 -29 24 -28 24 -29 23 -29 -8 -51 -8 -52 0 1 0 -55 32 -46
SIMPLEX -5 29 1 2 -25 20 16 26 16 26 3 51 2 -25 20 16 26 16 26 3 51 2 0 0 0 0 -1 0 1 1 1 1 0 0 0 0 1 1 5 -25 20 16 26 11 40 11 41 16 26 3 51 11 40 10 40 -21 18 -21 17 1 -25 20 16 26 2 -18 9 23 15 23 15 10 40
SIMPLEX 29 -32 0 2 9 -40 49 -40 49 -23 9 -23 2 9 -40 49 -40 49 -23 9 -23 2 0 0 0 0 -1 0 1 1 1 1 1 1 0 0 0 0 4 9 -40 49 -40 45 -21 45 -20 49 -23 9 -23 13 -43 13 -44 1 49 -23 9 -23 2 16 -51 56 -51 56 -34 16 -34
SIMPLEX 17 -36 1 5 37 -36 -3 -36 17 -56 17 -16 17 -16 17 -56 -3 -36 37 -36 37 -36 -3 -36 4 -3 -36 37 -36 17 -56 17 -16 37 -36 -3 -36 17 -16 17 -56 0 1 1 1 1 17 -36 17 -36 0 4 17 -36 1 17 -36 1 17 -36 1 17 -36 1 1 0 0 0 0 0 0 0 0 0 4 -3 -36 37 -36 17 -56 17 -16 37 -36 -3 -36 17 -16 17 -56 3 -3 -36 37 -36 37 -36 -3 -36 17 -16 17 -56 4 4 -47 44 -47 24 -67 24 -27 44 -47 4 -47 24 -27 24 -67
SIMPLEX -5 -38 0 2 -25 -30 15 -30 15 -46 -25 -46 0 -1 1 1 1 0 -1 0 0 0 0 0 0 0 0 0 0 0 0 0 0
SIMPLEX 0 6 3 6 4 31 -20 23 -20 23 -24 -1 -9 -14 18 -8 -24 -1 -9 -14 18 -8 25 13 25 13 4 31 6 -9 -14 18 -8 18 -8 25 13 25 13 4 31 4 31 -20 23 -20 23 -24 -1 -24 -1 -9 -14 2 1 0 0 1 -24 -14 25 31 2 6 -9 -14 1 18 -8 1 25 13 1 4 31 1 -20 23 1 -24 -1 1 1 1 0 0 0 0 0 0 0 0 4 -16 -5 -15 -5 16 17 16 18 16 17 15 17 -16 -5 -16 -6 5 -9 -14 18 -8 18 -8 25 13 25 13 4 31 -20 23 -24 -1 -24 -1 -9 -14 6 -2 -25 25 -19 25 -19 32 2 32 2 11 20 11 20 -13 12 -13 12 -17 -12 -17 -12 -2 -25
SIMPLEX 12 32 0 4 -8 20 31 20 -8 46 -8 20 31 20 31 46 31 46 -8 46 4 -8 20 31 20 31 20 31 46 31 46 -8 46 -8 46 -8 20 2 1 1 1 1 -8 20 31 46 2 4 -8 20 1 31 20 1 31 46 1 -8 46 1 1 1 0 0 0 0 0 0 0 0 4 -4 21 -3 21 28 43 28 44 28 43 27 43 -4 21 -4 20 3 31 20 31 46 31 46 -8 46 -8 46 -8 20 4 -1 9 38 9 38 9 38 35 38 35 -1 35 -1 35 -1 9
SIMPLEX 40 -6 2 3 17 -19 61 -14 61 -14 49 18 49 18 17 -19 3 17 -19 61 -14 61 -14 49 18 49 18 17 -19 2 1 0 0 1 17 -19 61 18 2 3 17 -19 1 61 -14 1 49 18 1 1 1 0 0 0 0 0 0 0 0 7 24 -17 25 -17 17 -19 61 -14 56 5 56 6 61 -14 49 18 56 5 55 5 49 18 17 -19 24 -17 24 -18 2 17 -19 61 -14 61 -14 49 18 3 24 -30 68 -25 68 -25 56 7 56 7 24 -30
SIMPLEX 4 37 0 2 -11 33 21 42 -11 33 21 42 1 -11 33 21 42 2 0 0 0 0 -1 0 0 0 1 1 0 0 0 0 1 1 4 -11 33 21 42 20 48 20 49 20 48 19 48 -12 26 -12 25 0 1 -4 22 28 31
SIMPLEX 40 5 1 2 20 -4 61 2 61 2 48 27 2 20 -4 61 2 61 2 48 27 2 0 0 0 0 -1 0 1 1 1 1 0 0 0 0 1 1 5 20 -4 61 2 56 16 56 17 61 2 48 27 56 16 55 16 24 -6 24 -7 1 20 -4 61 2 2 27 -15 68 -9 68 -9 55 16
SIMPLEX -30 20 0 2 -10 29 -50 29 -50 12 -10 12 2 -50 12 -10 12 -10 29 -50 29 2 0 0 0 0 -1 0 1 1 1 1 1 1 0 0 0 0 4 -50 12 -10 12 -14 31 -14 32 -10 29 -50 29 -46 9 -46 8 1 -10 29 -50 29 2 -43 1 -3 1 -3 18 -43 18
SIMPLEX 23 -27 1 4 43 -27 3 -27 23 -47 23 -7 3 -27 43 -27 23 -7 23 -47 4 3 -27 43 -27 23 -47 23 -7 43 -27 3 -27 23 -7 23 -47 0 1 1 1 1 23 -27 23 -27 0 4 23 -27 1 23 -27 1 23 -27 1 23 -27 1 1 0 0 0 0 0 0 0 0 0 4 3 -27 43 -27 23 -47 23 -7 43 -27 3 -27 23 -7 23 -47 3 3 -27 43 -27 43 -27 3 -27 23 -7 23 -47 4 10 -38 50 -38 30 -58 30 -18 50 -38 10 -38 30 -18 30 -58
SIMPLEX 30 -19 0 2 50 -27 10 -27 10 -11 50 -11 0 -1 1 1 1 0 -1 0 0 0 0 0 0 0 0 0 0 0 0 0 0
SIMPLEX 21 16 5 7 39 2 46 23 1 33 -3 9 12 -4 39 2 46 23 25 41 -3 9 12 -4 1 33 -3 9 25 41 1 33 6 12 -4 39 2 39 2 46 23 46 23 25 41 25 41 1 33 1 33 -3 9 -3 9 12 -4 2 1 0 0 1 -3 -4 46 41 2 6 12 -4 1 39 2 1 46 23 1 25 41 1 1 33 1 -3 9 1 1 1 0 0 0 0 0 0 0 0 4 5 5 6 5 37 27 37 28 37 27 36 27 5 5 5 4 5 12 -4 39 2 39 2 46 23 46 23 25 41 25 41 1 33 1 33 -3 9 6 19 -15 46 -9 46 -9 53 12 53 12 32 30 32 30 8 22 8 22 4 -2 4 -2 19 -15
SIMPLEX -17 -20 0 4 -37 -32 2 -32 2 -32 2 -6 2 -6 -37 -6 -37 -6 -37 -32 4 -37 -32 2 -32 2 -32 2 -6 2 -6 -37 -6 -37 -6 -37 -32 2 1 1 1 1 -37 -32 2 -6 2 4 -37 -32 1 2 -32 1 2 -6 1 -37 -6 1 1 1 0 0 0 0 0 0 0 0 4 -33 -31 -32 -31 -1 -9 -1 -8 -1 -9 -2 -9 -33 -31 -33 -32 3 2 -32 2 -6 2 -6 -37 -6 -37 -6 -37 -32 4 -30 -43 9 -43 9 -43 9 -17 9 -17 -30 -17 -30 -17 -30 -43
SIMPLEX -24 33 1 3 -15 57 -47 20 -3 25 -15 57 -47 20 -3 25 3 -47 20 -3 25 -3 25 -15 57 -15 57 -47 20 2 1 0 0 1 -47 20 -3 57 2 3 -47 20 1 -3 25 1 -15 57 1 1 1 0 0 0 0 0 0 0 0 7 -40 22 -39 22 -47 20 -3 25 -8 44 -8 45 -3 25 -15 57 -8 44 -9 44 -15 57 -47 20 -40 22 -40 21 2 -47 20 -3 25 -15 57 -47 20 3 -40 9 4 14 4 14 -8 46 -8 46 -40 9
SIMPLEX -31 3 0 1 -46 -1 -14 8 1 -46 -1 -14 8 2 0 0 0 0 -1 0 0 0 1 1 0 0 0 0 1 1 4 -46 -1 -14 8 -15 14 -15 15 -15 14 -16 14 -47 -8 -47 -9 0 1 -39 -12 -7 -3
SIMPLEX 37 35 1 2 17 26 58 32 58 32 45 57 2 17 26 58 32 58 32 45 57 2 0 0 0 0 -1 0 1 1 1 1 0 0 0 0 1 1 5 17 26 58 32 53 46 53 47 58 32 45 57 53 46 52 46 21 24 21 23 1 17 26 58 32 2 24 15 65 21 65 21 52 46
SIMPLEX 16 -11 0 3 36 -2 -4 -2 -4 -19 36 -19 -4 -19 36 -19 2 -4 -19 36 -19 36 -2 -4 -2 2 0 0 0 0 -1 0 1 1 1 1 1 1 0 0 0 0 4 -4 -19 36 -19 32 0 32 1 36 -2 -4 -2 0 -22 0 -23 1 36 -2 -4 -2 2 3 -30 43 -30 43 -13 3 -13
SIMPLEX 40 -8 1 4 40 12 40 -28 40 -28 40 12 20 -8 60 -8 60 -8 20 -8 4 20 -8 60 -8 40 -28 40 12 60 -8 20 -8 40 12 40 -28 0 1 1 1 1 40 -8 40 -8 0 4 40 -8 1 40 -8 1 40 -8 1 40 -8 1 1 0 0 0 0 0 0 0 0 0 4 20 -8 60 -8 40 -28 40 12 60 -8 20 -8 40 12 40 -28 3 20 -8 60 -8 60 -8 20 -8 40 12 40 -28 4 27 -19 67 -19 47 -39 47 1 67 -19 27 -19 47 1 47 -39
SIMPLEX -40 0 0 2 -20 -8 -60 -8 -60 8 -20 8 0 -1 1 1 1 0 -1 0 0 0 0 0 0 0 0 0 0 0 0 0 0
SIMPLEX -22 25 1 6 -18 50 -42 42 3 32 -18 50 -31 5 -4 11 -4 11 3 32 -46 18 -31 5 -42 42 -46 18 6 -31 5 -4 11 -4 11 3 32 3 32 -18 50 -18 50 -42 42 -42 42 -46 18 -46 18 -31 5 2 1 0 0 1 -46 5 3 50 2 6 -31 5 1 -4 11 1 3 32 1 -18 50 1 -42 42 1 -46 18 1 1 1 0 0 0 0 0 0 0 0 4 -38 14 -37 14 -6 36 -6 37 -6 36 -7 36 -38 14 -38 13 5 -31 5 -4 11 3 32 -18 50 -18 50 -42 42 -42 42 -46 18 -46 18 -31 5 6 -24 -6 3 0 3 0 10 21 10 21 -11 39 -11 39 -35 31 -35 31 -39 7 -39 7 -24 -6
SIMPLEX 3 3 0 4 22 17 -17 17 -17 -9 22 -9 -17 17 -17 -9 22 -9 22 17 4 -17 -9 22 -9 22 -9 22 17 22 17 -17 17 -17 17 -17 -9 2 1 1 1 1 -17 -9 22 17 2 4 -17 -9 1 22 -9 1 22 17 1 -17 17 1 1 1 0 0 0 0 0 0 0 0 4 -13 -8 -12 -8 19 14 19 15 19 14 18 14 -13 -8 -13 -9 3 22 -9 22 17 22 17 -17 17 -17 17 -17 -9 4 -10 -20 29 -20 29 -20 29 6 29 6 -10 6 -10 6 -10 -20
SIMPLEX 17 -17 0 4 -6 -30 38 -25 26 7 -6 -30 -6 -30 38 -25 38 -25 26 7 3 -6 -30 38 -25 38 -25 26 7 26 7 -6 -30 2 1 0 0 1 -6 -30 38 7 2 3 -6 -30 1 38 -25 1 26 7 1 1 1 0 0 0 0 0 0 0 0 7 1 -28 2 -28 -6 -30 38 -25 33 -6 33 -5 38 -25 26 7 33 -6 32 -6 26 7 -6 -30 1 -28 1 -29 2 38 -25 26 7 26 7 -6 -30 3 1 -41 45 -36 45 -36 33 -4 33 -4 1 -41
SIMPLEX 38 -29 0 1 23 -33 55 -24 1 23 -33 55 -24 2 0 0 0 0 -1 0 0 0 1 1 0 0 0 0 1 1 4 23 -33 55 -24 54 -18 54 -17 54 -18 53 -18 22 -40 22 -41 0 1 30 -44 62 -35
SIMPLEX 39 -10 1 2 60 -13 47 12 19 -19 60 -13 2 19 -19 60 -13 60 -13 47 12 2 0 0 0 0 -1 0 1 1 1 1 0 0 0 0 1 1 5 19 -19 60 -13 55 1 55 2 60 -13 47 12 55 1 54 1 23 -21 23 -22 1 19 -19 60 -13 2 26 -30 67 -24 67 -24 54 1
SIMPLEX 2 37 0 2 -18 29 22 29 22 46 -18 46 2 -18 29 22 29 22 46 -18 46 2 0 0 0 0 -1 0 1 1 1 1 1 1 0 0 0 0 4 -18 29 22 29 18 48 18 49 22 46 -18 46 -14 26 -14 25 1 22 46 -18 46 2 -11 18 29 18 29 35 -11 35
SIMPLEX 9 19 1 4 9 39 9 -1 -11 19 29 19 29 19 -11 19 9 -1 9 39 4 -11 19 29 19 9 -1 9 39 29 19 -11 19 9 39 9 -1 0 1 1 1 1 9 19 9 19 0 4 9 19 1 9 19 1 9 19 1 9 19 1 1 0 0 0 0 0 0 0 0 0 4 -11 19 29 19 9 -1 9 39 29 19 -11 19 9 39 9 -1 3 -11 19 29 19 29 19 -11 19 9 39 9 -1 4 -4 8 36 8 16 -12 16 28 36 8 -4 8 16 28 16 -12
SIMPLEX 24 14 0 3 44 6 4 6 4 22 44 22 4 22 44 22 0 -1 1 1 1 0 -1 0 0 0 0 0 0 0 0 0 0 0 0 0 0
SIMPLEX -25 19 3 6 -49 12 -34 -1 -45 36 -49 12 -21 44 -45 36 0 26 -21 44 -7 5 0 26 -34 -1 -7 5 6 -34 -1 -7 5 -7 5 0 26 0 26 -21 44 -21 44 -45 36 -45 36 -49 12 -49 12 -34 -1 2 1 0 0 1 -49 -1 0 44 2 6 -34 -1 1 -7 5 1 0 26 1 -21 44 1 -45 36 1 -49 12 1 1 1 0 0 0 0 0 0 0 0 4 -41 8 -40 8 -9 30 -9 31 -9 30 -10 30 -41 8 -41 7 5 -34 -1 -7 5 -7 5 0 26 0 26 -21 44 -45 36 -49 12 -49 12 -34 -1 6 -27 -12 0 -6 0 -6 7 15 7 15 -14 33 -14 33 -38 25 -38 25 -42 1 -42 1 -27 -12
SIMPLEX -12 -19 0 4 -32 -31 7 -31 7 -31 7 -5 -32 -5 -32 -31 7 -5 -32 -5 4 -32 -31 7 -31 7 -31 7 -5 7 -5 -32 -5 -32 -5 -32 -31 2 1 1 1 1 -32 -31 7 -5 2 4 -32 -31 1 7 -31 1 7 -5 1 -32 -5 1 1 1 0 0 0 0 0 0 0 0 4 -28 -30 -27 -30 4 -8 4 -7 4 -8 3 -8 -28 -30 -28 -31 3 7 -31 7 -5 7 -5 -32 -5 -32 -5 -32 -31 4 -25 -42 14 -42 14 -42 14 -16 14 -16 -25 -16 -25 -16 -25 -42
SIMPLEX -24 -4 2 3 -15 20 -47 -17 -3 -12 -15 20 -47 -17 -3 -12 3 -47 -17 -3 -12 -3 -12 -15 20 -15 20 -47 -17 2 1 0 0 1 -47 -17 -3 20 2 3 -47 -17 1 -3 -12 1 -15 20 1 1 1 0 0 0 0 0 0 0 0 7 -40 -15 -39 -15 -47 -17 -3 -12 -8 7 -8 8 -3 -12 -15 20 -8 7 -9 7 -15 20 -47 -17 -40 -15 -40 -16 2 -47 -17 -3 -12 -3 -12 -15 20 3 -40 -28 4 -23 4 -23 -8 9 -8 9 -40 -28
SIMPLEX -40 38 0 1 -55 34 -23 43 1 -55 34 -23 43 2 0 0 0 0 -1 0 0 0 1 1 0 0 0 0 1 1 4 -55 34 -23 43 -24 49 -24 50 -24 49 -25 49 -56 27 -56 26 0 1 -48 23 -16 32
SIMPLEX -27 22 1 3 -47 13 -6 19 -6 19 -19 44 -6 19 -19 44 2 -47 13 -6 19 -6 19 -19 44 2 0 0 0 0 -1 0 1 1 1 1 0 0 0 0 1 1 5 -47 13 -6 19 -11 33 -11 34 -6 19 -19 44 -11 33 -12 33 -43 11 -43 10 1 -47 13 -6 19 2 -40 2 1 8 1 8 -12 33
SIMPLEX -35 -31 0 2 -55 -39 -15 -39 -15 -22 -55 -22 2 -55 -39 -15 -39 -15 -22 -55 -22 2 0 0 0 0 -1 0 1 1 1 1 1 1 0 0 0 0 4 -55 -39 -15 -39 -19 -20 -19 -19 -15 -22 -55 -22 -51 -42 -51 -43 1 -15 -22 -55 -22 2 -48 -50 -8 -50 -8 -33 -48 -33
SIMPLEX 29 -38 1 4 9 -38 49 -38 29 -58 29 -18 29 -18 29 -58 49 -38 9 -38 4 9 -38 49 -38 29 -58 29 -18 49 -38 9 -38 29 -18 29 -58 0 1 1 1 1 29 -38 29 -38 0 4 29 -38 1 29 -38 1 29 -38 1 29 -38 1 1 0 0 0 0 0 0 0 0 0 4 9 -38 49 -38 29 -58 29 -18 49 -38 9 -38 29 -18 29 -58 3 9 -38 49 -38 49 -38 9 -38 29 -18 29 -58 4 16 -49 56 -49 36 -69 36 -29 56 -49 16 -49 36 -29 36 -69
SIMPLEX -13 18 0 2 7 10 -33 10 -33 26 7 26 0 -1 1 1 1 0 -1 0 0 0 0 0 0 0 0 0 0 0 0 0 0
SIMPLEX 34 6 5 6 59 13 38 31 14 23 10 -1 38 31 14 23 10 -1 25 -14 25 -14 52 -8 52 -8 59 13 6 25 -14 52 -8 52 -8 59 13 59 13 38 31 38 31 14 23 14 23 10 -1 10 -1 25 -14 2 1 0 0 1 10 -14 59 31 2 6 25 -14 1 52 -8 1 59 13 1 38 31 1 14 23 1 10 -1 1 1 1 0 0 0 0 0 0 0 0 4 18 -5 19 -5 50 17 50 18 50 17 49 17 18 -5 18 -6 5 25 -14 52 -8 52 -8 59 13 59 13 38 31 38 31 14 23 14 23 10 -1 6 32 -25 59 -19 59 -19 66 2 66 2 45 20 45 20 21 12 21 12 17 -12 17 -12 32 -25
SIMPLEX 31 13 0 5 11 27 11 1 11 1 50 1 50 1 50 27 11 1 50 1 50 27 11 27 4 11 1 50 1 50 1 50 27 50 27 11 27 11 27 11 1 2 1 1 1 1 11 1 50 27 2 4 11 1 1 50 1 1 50 27 1 11 27 1 1 1 0 0 0 0 0 0 0 0 4 15 2 16 2 47 24 47 25 47 24 46 24 15 2 15 1 3 50 1 50 27 50 27 11 27 11 27 11 1 4 18 -10 57 -10 57 -10 57 16 57 16 18 16 18 16 18 -10
SIMPLEX 23 -21 1 3 32 3 0 -34 44 -29 32 3 0 -34 44 -29 3 0 -34 44 -29 44 -29 32 3 32 3 0 -34 2 1 0 0 1 0 -34 44 3 2 3 0 -34 1 44 -29 1 32 3 1 1 1 0 0 0 0 0 0 0 0 7 7 -32 8 -32 0 -34 44 -29 39 -10 39 -9 44 -29 32 3 39 -10 38 -10 32 3 0 -34 7 -32 7 -33 2 0 -34 44 -29 32 3 0 -34 3 7 -45 51 -40 51 -40 39 -8 39 -8 7 -45
SIMPLEX 33 -34 0 1 18 -38 50 -29 1 18 -38 50 -29 2 0 0 0 0 -1 0 0 0 1 1 0 0 0 0 1 1 4 18 -38 50 -29 49 -23 49 -22 49 -23 48 -23 17 -45 17 -46 0 1 25 -49 57 -40
SIMPLEX -3 3 1 2 18 0 5 25 -23 -6 18 0 2 -23 -6 18 0 18 0 5 25 2 0 0 0 0 -1 0 1 1 1 1 0 0 0 0 1 1 5 -23 -6 18 0 13 14 13 15 18 0 5 25 13 14 12 14 -19 -8 -19 -9 1 -23 -6 18 0 2 -16 -17 25 -11 25 -11 12 14
SIMPLEX -37 -1 0 2 -17 8 -57 8 -57 -9 -17 -9 2 -57 -9 -17 -9 -17 8 -57 8 2 0 0 0 0 -1 0 1 1 1 1 1 1 0 0 0 0 4 -57 -9 -17 -9 -21 10 -21 11 -17 8 -57 8 -53 -12 -53 -13 1 -17 8 -57 8 2 -50 -20 -10 -20 -10 -3 -50 -3
SIMPLEX -35 -21 1 5 -15 -21 -55 -21 -35 -41 -35 -1 -15 -21 -55 -21 -35 -1 -35 -41 -55 -21 -15 -21 4 -55 -21 -15 -21 -35 -41 -35 -1 -15 -21 -55 -21 -35 -1 -35 -41 0 1 1 1 1 -35 -21 -35 -21 0 4 -35 -21 1 -35 -21 1 -35 -21 1 -35 -21 1 1 0 0 0 0 0 0 0 0 0 4 -55 -21 -15 -21 -35 -41 -35 -1 -15 -21 -55 -21 -35 -1 -35 -41 3 -55 -21 -15 -21 -15 -21 -55 -21 -35 -1 -35 -41 4 -48 -32 -8 -32 -28 -52 -28 -12 -8 -32 -48 -32 -28 -12 -28 -52
SIMPLEX -30 -38 0 2 -10 -46 -50 -46 -50 -30 -10 -30 0 -1 1 1 1 0 -1 0 0 0 0 0 0 0 0 0 0 0 0 0 0
SIMPLEX 7 4 1 6 32 11 11 29 -17 -3 -2 -16 11 29 -13 21 -13 21 -17 -3 -2 -16 25 -10 25 -10 32 11 6 -2 -16 25 -10 25 -10 32 11 32 11 11 29 11 29 -13 21 -13 21 -17 -3 -17 -3 -2 -16 2 1 0 0 1 -17 -16 32 29 2 6 -2 -16 1 25 -10 1 32 11 1 11 29 1 -13 21 1 -17 -3 1 1 1 0 0 0 0 0 0 0 0 4 -9 -7 -8 -7 23 15 23 16 23 15 22 15 -9 -7 -9 -8 5 -2 -16 25 -10 32 11 11 29 11 29 -13 21 -13 21 -17 -3 -17 -3 -2 -16 6 5 -27 32 -21 32 -21 39 0 39 0 18 18 18 18 -6 10 -6 10 -10 -14 -10 -14 5 -27
SIMPLEX 38 40 0 4 57 28 57 54 18 28 57 28 57 54 18 54 18 54 18 28 4 18 28 57 28 57 28 57 54 57 54 18 54 18 54 18 28 2 1 1 1 1 18 28 57 54 2 4 18 28 1 57 28 1 57 54 1 18 54 1 1 1 0 0 0 0 0 0 0 0 4 22 29 23 29 54 51 54 52 54 51 53 51 22 29 22 28 3 57 28 57 54 57 54 18 54 18 54 18 28 4 25 17 64 17 64 17 64 43 64 43 25 43 25 43 25 17
SIMPLEX -3 -27 0 3 -26 -40 18 -35 6 -3 -26 -40 18 -35 6 -3 3 -26 -40 18 -35 18 -35 6 -3 6 -3 -26 -40 2 1 0 0 1 -26 -40 18 -3 2 3 -26 -40 1 18 -35 1 6 -3 1 1 1 0 0 0 0 0 0 0 0 7 -19 -38 -18 -38 -26 -40 18 -35 13 -16 13 -15 18 -35 6 -3 13 -16 12 -16 6 -3 -26 -40 -19 -38 -19 -39 2 18 -35 6 -3 6 -3 -26 -40 3 -19 -51 25 -46 25 -46 13 -14 13 -14 -19 -51
SIMPLEX -4 -33 0 2 -19 -37 13 -28 -19 -37 13 -28 1 -19 -37 13 -28 2 0 0 0 0 -1 0 0 0 1 1 0 0 0 0 1 1 4 -19 -37 13 -28 12 -22 12 -21 12 -22 11 -22 -20 -44 -20 -45 0 1 -12 -48 20 -39
SIMPLEX 29 -15 1 2 50 -18 37 7 9 -24 50 -18 2 9 -24 50 -18 50 -18 37 7 2 0 0 0 0 -1 0 1 1 1 1 0 0 0 0 1 1 5 9 -24 50 -18 45 -4 45 -3 50 -18 37 7 45 -4 44 -4 13 -26 13 -27 1 9 -24 50 -18 2 16 -35 57 -29 57 -29 44 -4
SIMPLEX 31 -35 0 2 11 -43 51 -43 51 -26 11 -26 2 11 -43 51 -43 51 -26 11 -26 2 0 0 0 0 -1 0 1 1 1 1 1 1 0 0 0 0 4 11 -43 51 -43 47 -24 47 -23 51 -26 11 -26 15 -46 15 -47 1 51 -26 11 -26 2 18 -54 58 -54 58 -37 18 -37
SIMPLEX -38 -20 1 4 -38 -40 -38 0 -58 -20 -18 -20 -38 0 -38 -40 -18 -20 -58 -20 4 -58 -20 -18 -20 -38 -40 -38 0 -18 -20 -58 -20 -38 0 -38 -40 0 1 1 1 1 -38 -20 -38 -20 0 4 -38 -20 1 -38 -20 1 -38 -20 1 -38 -20 1 1 0 0 0 0 0 0 0 0 0 4 -58 -20 -18 -20 -38 -40 -38 0 -18 -20 -58 -20 -38 0 -38 -40 3 -58 -20 -18 -20 -18 -20 -58 -20 -38 0 -38 -40 4 -51 -31 -11 -31 -31 -51 -31 -11 -11 -31 -51 -31 -31 -11 -31 -51
SIMPLEX 25 -3 0 2 5 5 45 5 45 -11 5 -11 0 -1 1 1 1 0 -1 0 0 0 0 0 0 0 0 0 0 0 0 0 0
SIMPLEX 8 22 3 7 -1 2 26 8 12 47 -12 39 33 29 12 47 26 8 33 29 -12 39 -16 15 33 29 12 47 -16 15 -1 2 6 -1 2 26 8 26 8 33 29 33 29 12 47 12 47 -12 39 -12 39 -16 15 -16 15 -1 2 2 1 0 0 1 -16 2 33 47 2 6 -1 2 1 26 8 1 33 29 1 12 47 1 -12 39 1 -16 15 1 1 1 0 0 0 0 0 0 0 0 4 -8 11 -7 11 24 33 24 34 24 33 23 33 -8 11 -8 10 5 -1 2 26 8 26 8 33 29 33 29 12 47 -12 39 -16 15 -16 15 -1 2 6 6 -9 33 -3 33 -3 40 18 40 18 19 36 19 36 -5 28 -5 28 -9 4 -9 4 6 -9
SIMPLEX -14 23 0 4 5 11 5 37 -34 37 -34 11 5 37 -34 37 -34 11 5 11 4 -34 11 5 11 5 11 5 37 5 37 -34 37 -34 37 -34 11 2 1 1 1 1 -34 11 5 37 2 4 -34 11 1 5 11 1 5 37 1 -34 37 1 1 1 0 0 0 0 0 0 0 0 4 -30 12 -29 12 2 34 2 35 2 34 1 34 -30 12 -30 11 3 5 11 5 37 5 37 -34 37 -34 37 -34 11 4 -27 0 12 0 12 0 12 26 12 26 -27 26 -27 26 -27 0
SIMPLEX -34 -12 2 3 -57 -25 -13 -20 -25 12 -57 -25 -13 -20 -25 12 3 -57 -25 -13 -20 -13 -20 -25 12 -25 12 -57 -25 2 1 0 0 1 -57 -25 -13 12 2 3 -57 -25 1 -13 -20 1 -25 12 1 1 1 0 0 0 0 0 0 0 0 7 -50 -23 -49 -23 -57 -25 -13 -20 -18 -1 -18 0 -13 -20 -25 12 -18 -1 -19 -1 -25 12 -57 -25 -50 -23 -50 -24 2 -57 -25 -13 -20 -13 -20 -25 12 3 -50 -36 -6 -31 -6 -31 -18 1 -18 1 -50 -36
SIMPLEX -9 -6 0 1 -24 -10 8 -1 1 -24 -10 8 -1 2 0 0 0 0 -1 0 0 0 1 1 0 0 0 0 1 1 4 -24 -10 8 -1 7 5 7 6 7 5 6 5 -25 -17 -25 -18 0 1 -17 -21 15 -12
SIMPLEX -10 25 1 2 -30 16 11 22 11 22 -2 47 2 -30 16 11 22 11 22 -2 47 2 0 0 0 0 -1 0 1 1 1 1 0 0 0 0 1 1 5 -30 16 11 22 6 36 6 37 11 22 -2 47 6 36 5 36 -26 14 -26 13 1 -30 16 11 22 2 -23 5 18 11 18 11 5 36
SIMPLEX -16 -32 0 3 -36 -40 4 -40 -36 -40 4 -40 4 -23 -36 -23 2 -36 -40 4 -40 4 -23 -36 -23 2 0 0 0 0 -1 0 1 1 1 1 1 1 0 0 0 0 4 -36 -40 4 -40 0 -21 0 -20 4 -23 -36 -23 -32 -43 -32 -44 1 4 -23 -36 -23 2 -29 -51 11 -51 11 -34 -29 -34
SIMPLEX -31 3 1 4 -51 3 -11 3 -31 -17 -31 23 -11 3 -51 3 -31 23 -31 -17 4 -51 3 -11 3 -31 -17 -31 23 -11 3 -51 3 -31 23 -31 -17 0 1 1 1 1 -31 3 -31 3 0 4 -31 3 1 -31 3 1 -31 3 1 -31 3 1 1 0 0 0 0 0 0 0 0 0 4 -51 3 -11 3 -31 -17 -31 23 -11 3 -51 3 -31 23 -31 -17 3 -51 3 -11 3 -11 3 -51 3 -31 23 -31 -17 4 -44 -8 -4 -8 -24 -28 -24 12 -4 -8 -44 -8 -24 12 -24 -28
SIMPLEX -4 38 0 2 -24 46 16 46 16 30 -24 30 0 -1 1 1 1 0 -1 0 0 0 0 0 0 0 0 0 0 0 0 0 0
SIMPLEX 33 -28 5 6 51 -42 58 -21 9 -35 24 -48 24 -48 51 -42 37 -3 13 -11 13 -11 9 -35 58 -21 37 -3 6 24 -48 51 -42 51 -42 58 -21 58 -21 37 -3 37 -3 13 -11 13 -11 9 -35 9 -35 24 -48 2 1 0 0 1 9 -48 58 -3 2 6 24 -48 1 51 -42 1 58 -21 1 37 -3 1 13 -11 1 9 -35 1 1 1 0 0 0 0 0 0 0 0 4 17 -39 18 -39 49 -17 49 -16 49 -17 48 -17 17 -39 17 -40 5 24 -48 51 -42 51 -42 58 -21 58 -21 37 -3 37 -3 13 -11 13 -11 9 -35 6 31 -59 58 -53 58 -53 65 -32 65 -32 44 -14 44 -14 20 -22 20 -22 16 -46 16 -46 31 -59
SIMPLEX 11 23 0 4 -9 11 30 11 30 37 -9 37 30 11 30 37 -9 37 -9 11 4 -9 11 30 11 30 11 30 37 30 37 -9 37 -9 37 -9 11 2 1 1 1 1 -9 11 30 37 2 4 -9 11 1 30 11 1 30 37 1 -9 37 1 1 1 0 0 0 0 0 0 0 0 4 -5 12 -4 12 27 34 27 35 27 34 26 34 -5 12 -5 11 3 30 11 30 37 30 37 -9 37 -9 37 -9 11 4 -2 0 37 0 37 0 37 26 37 26 -2 26 -2 26 -2 0
SIMPLEX 33 14 1 4 54 6 42 38 10 1 54 6 54 6 42 38 42 38 10 1 3 10 1 54 6 54 6 42 38 42 38 10 1 2 1 0 0 1 10 1 54 38 2 3 10 1 1 54 6 1 42 38 1 1 1 0 0 0 0 0 0 0 0 7 17 3 18 3 10 1 54 6 49 25 49 26 54 6 42 38 49 25 48 25 42 38 10 1 17 3 17 2 2 10 1 54 6 42 38 10 1 3 17 -10 61 -5 61 -5 49 27 49 27 17 -10
SIMPLEX 9 -21 0 1 -6 -25 26 -16 1 -6 -25 26 -16 2 0 0 0 0 -1 0 0 0 1 1 0 0 0 0 1 1 4 -6 -25 26 -16 25 -10 25 -9 25 -10 24 -10 -7 -32 -7 -33 0 1 1 -36 33 -27
SIMPLEX -11 11 1 2 10 8 -3 33 -31 2 10 8 2 -31 2 10 8 10 8 -3 33 2 0 0 0 0 -1 0 1 1 1 1 0 0 0 0 1 1 5 -31 2 10 8 5 22 5 23 10 8 -3 33 5 22 4 22 -27 0 -27 -1 1 -31 2 10 8 2 -24 -9 17 -3 17 -3 4 22
SIMPLEX 30 20 0 2 10 12 50 12 50 29 10 29 2 10 12 50 12 50 29 10 29 2 0 0 0 0 -1 0 1 1 1 1 1 1 0 0 0 0 4 10 12 50 12 46 31 46 32 50 29 10 29 14 9 14 8 1 50 29 10 29 2 17 1 57 1 57 18 17 18
SIMPLEX -5 -26 1 4 15 -26 -25 -26 -25 -26 15 -26 -5 -6 -5 -46 -5 -46 -5 -6 4 -25 -26 15 -26 -5 -46 -5 -6 15 -26 -25 -26 -5 -6 -5 -46 0 1 1 1 1 -5 -26 -5 -26 0 4 -5 -26 1 -5 -26 1 -5 -26 1 -5 -26 1 1 0 0 0 0 0 0 0 0 0 4 -25 -26 15 -26 -5 -46 -5 -6 15 -26 -25 -26 -5 -6 -5 -46 3 -25 -26 15 -26 15 -26 -25 -26 -5 -6 -5 -46 4 -18 -37 22 -37 2 -57 2 -17 22 -37 -18 -37 2 -17 2 -57
SIMPLEX -11 27 0 3 -31 35 9 35 -31 35 9 35 9 19 -31 19 0 -1 1 1 1 0 -1 0 0 0 0 0 0 0 0 0 0 0 0 0 0
SIMPLEX 40 35 1 6 65 42 44 60 58 21 65 42 20 52 16 28 31 15 58 21 16 28 31 15 44 60 20 52 6 31 15 58 21 58 21 65 42 65 42 44 60 44 60 20 52 20 52 16 28 16 28 31 15 2 1 0 0 1 16 15 65 60 2 6 31 15 1 58 21 1 65 42 1 44 60 1 20 52 1 16 28 1 1 1 0 0 0 0 0 0 0 0 4 24 24 25 24 56 46 56 47 56 46 55 46 24 24 24 23 5 31 15 58 21 65 42 44 60 44 60 20 52 20 52 16 28 16 28 31 15 6 38 4 65 10 65 10 72 31 72 31 51 49 51 49 27 41 27 41 23 17 23 17 38 4
SIMPLEX 22 -20 0 4 2 -6 2 -32 41 -6 2 -6 2 -32 41 -32 41 -32 41 -6 4 2 -32 41 -32 41 -32 41 -6 41 -6 2 -6 2 -6 2 -32 2 1 1 1 1 2 -32 41 -6 2 4 2 -32 1 41 -32 1 41 -6 1 2 -6 1 1 1 0 0 0 0 0 0 0 0 4 6 -31 7 -31 38 -9 38 -8 38 -9 37 -9 6 -31 6 -32 3 41 -32 41 -6 41 -6 2 -6 2 -6 2 -32 4 9 -43 48 -43 48 -43 48 -17 48 -17 9 -17 9 -17 9 -43
SIMPLEX 19 23 0 3 40 15 28 47 -4 10 40 15 28 47 -4 10 3 -4 10 40 15 40 15 28 47 28 47 -4 10 2 1 0 0 1 -4 10 40 47 2 3 -4 10 1 40 15 1 28 47 1 1 1 0 0 0 0 0 0 0 0 7 3 12 4 12 -4 10 40 15 35 34 35 35 40 15 28 47 35 34 34 34 28 47 -4 10 3 12 3 11 2 40 15 28 47 28 47 -4 10 3 3 -1 47 4 47 4 35 36 35 36 3 -1
SIMPLEX -38 -13 0 1 -53 -17 -21 -8 1 -53 -17 -21 -8 2 0 0 0 0 -1 0 0 0 1 1 0 0 0 0 1 1 4 -53 -17 -21 -8 -22 -2 -22 -1 -22 -2 -23 -2 -54 -24 -54 -25 0 1 -46 -28 -14 -19
SIMPLEX -4 40 1 3 -24 31 17 37 17 37 4 62 17 37 4 62 2 -24 31 17 37 17 37 4 62 2 0 0 0 0 -1 0 1 1 1 1 0 0 0 0 1 1 5 -24 31 17 37 12 51 12 52 17 37 4 62 12 51 11 51 -20 29 -20 28 1 -24 31 17 37 2 -17 20 24 26 24 26 11 51
SIMPLEX 23 40 0 2 43 49 3 49 3 32 43 32 2 3 32 43 32 43 49 3 49 2 0 0 0 0 -1 0 1 1 1 1 1 1 0 0 0 0 4 3 32 43 32 39 51 39 52 43 49 3 49 7 29 7 28 1 43 49 3 49 2 10 21 50 21 50 38 10 38
SIMPLEX 3 -14 1 4 -17 -14 23 -14 3 6 3 -34 3 -34 3 6 23 -14 -17 -14 4 -17 -14 23 -14 3 -34 3 6 23 -14 -17 -14 3 6 3 -34 0 1 1 1 1 3 -14 3 -14 0 4 3 -14 1 3 -14 1 3 -14 1 3 -14 1 1 0 0 0 0 0 0 0 0 0 4 -17 -14 23 -14 3 -34 3 6 23 -14 -17 -14 3 6 3 -34 3 -17 -14 23 -14 23 -14 -17 -14 3 6 3 -34 4 -10 -25 30 -25 10 -45 10 -5 30 -25 -10 -25 10 -5 10 -45
SIMPLEX -24 -18 0 2 -44 -10 -4 -10 -4 -26 -44 -26 0 -1 1 1 1 0 -1 0 0 0 0 0 0 0 0 0 0 0 0 0 0
SIMPLEX -35 0 3 6 -44 -20 -17 -14 -55 17 -59 -7 -31 25 -55 17 -59 -7 -44 -20 -10 7 -31 25 -17 -14 -10 7 6 -44 -20 -17 -14 -17 -14 -10 7 -10 7 -31 25 -31 25 -55 17 -55 17 -59 -7 -59 -7 -44 -20 2 1 0 0 1 -59 -20 -10 25 2 6 -44 -20 1 -17 -14 1 -10 7 1 -31 25 1 -55 17 1 -59 -7 1 1 1 0 0 0 0 0 0 0 0 4 -51 -11 -50 -11 -19 11 -19 12 -19 11 -20 11 -51 -11 -51 -12 5 -44 -20 -17 -14 -17 -14 -10 7 -10 7 -31 25 -55 17 -59 -7 -59 -7 -44 -20 6 -37 -31 -10 -25 -10 -25 -3 -4 -3 -4 -24 14 -24 14 -48 6 -48 6 -52 -18 -52 -18 -37 -31
SIMPLEX 0 -38 0 5 -20 -24 -20 -50 -20 -50 19 -50 19 -50 19 -24 -20 -50 19 -50 19 -24 -20 -24 4 -20 -50 19 -50 19 -50 19 -24 19 -24 -20 -24 -20 -24 -20 -50 2 1 1 1 1 -20 -50 19 -24 2 4 -20 -50 1 19 -50 1 19 -24 1 -20 -24 1 1 1 0 0 0 0 0 0 0 0 4 -16 -49 -15 -49 16 -27 16 -26 16 -27 15 -27 -16 -49 -16 -50 3 19 -50 19 -24 19 -24 -20 -24 -20 -24 -20 -50 4 -13 -61 26 -61 26 -61 26 -35 26 -35 -13 -35 -13 -35 -13 -61
SIMPLEX -16 -34 2 3 -7 -10 -39 -47 5 -42 -7 -10 -39 -47 5 -42 3 -39 -47 5 -42 5 -42 -7 -10 -7 -10 -39 -47 2 1 0 0 1 -39 -47 5 -10 2 3 -39 -47 1 5 -42 1 -7 -10 1 1 1 0 0 0 0 0 0 0 0 7 -32 -45 -31 -45 -39 -47 5 -42 0 -23 0 -22 5 -42 -7 -10 0 -23 -1 -23 -7 -10 -39 -47 -32 -45 -32 -46 2 -39 -47 5 -42 5 -42 -7 -10 3 -32 -58 12 -53 12 -53 0 -21 0 -21 -32 -58
SIMPLEX -5 14 0 1 -20 10 12 19 1 -20 10 12 19 2 0 0 0 0 -1 0 0 0 1 1 0 0 0 0 1 1 4 -20 10 12 19 11 25 11 26 11 25 10 25 -21 3 -21 2 0 1 -13 -1 19 8
SIMPLEX -14 -26 1 2 -34 -35 7 -29 7 -29 -6 -4 2 -34 -35 7 -29 7 -29 -6 -4 2 0 0 0 0 -1 0 1 1 1 1 0 0 0 0 1 1 5 -34 -35 7 -29 2 -15 2 -14 7 -29 -6 -4 2 -15 1 -15 -30 -37 -30 -38 1 -34 -35 7 -29 2 -27 -46 14 -40 14 -40 1 -15
SIMPLEX -38 31 0 2 -58 23 -18 23 -18 40 -58 40 2 -58 23 -18 23 -18 40 -58 40 2 0 0 0 0 -1 0 1 1 1 1 1 1 0 0 0 0 4 -58 23 -18 23 -22 42 -22 43 -18 40 -58 40 -54 20 -54 19 1 -18 40 -58 40 2 -51 12 -11 12 -11 29 -51 29
SIMPLEX -39 34 1 5 -39 14 -39 54 -19 34 -59 34 -59 34 -19 34 -19 34 -59 34 -39 54 -39 14 4 -59 34 -19 34 -39 14 -39 54 -19 34 -59 34 -39 54 -39 14 0 1 1 1 1 -39 34 -39 34 0 4 -39 34 1 -39 34 1 -39 34 1 -39 34 1 1 0 0 0 0 0 0 0 0 0 4 -59 34 -19 34 -39 14 -39 54 -19 34 -59 34 -39 54 -39 14 3 -59 34 -19 34 -19 34 -59 34 -39 54 -39 14 4 -52 23 -12 23 -32 3 -32 43 -12 23 -52 23 -32 43 -32 3
SIMPLEX 6 9 0 2 26 1 -14 1 -14 17 26 17 0 -1 1 1 1 0 -1 0 0 0 0 0 0 0 0 0 0 0 0 0 0
SIMPLEX -4 3 5 6 0 28 -24 20 14 -11 21 10 21 10 0 28 -28 -4 -13 -17 -13 -17 14 -11 -24 20 -28 -4 6 -13 -17 14 -11 14 -11 21 10 21 10 0 28 0 28 -24 20 -24 20 -28 -4 -28 -4 -13 -17 2 1 0 0 1 -28 -17 21 28 2 6 -13 -17 1 14 -11 1 21 10 1 0 28 1 -24 20 1 -28 -4 1 1 1 0 0 0 0 0 0 0 0 4 -20 -8 -19 -8 12 14 12 15 12 14 11 14 -20 -8 -20 -9 5 -13 -17 14 -11 14 -11 21 10 21 10 0 28 0 28 -24 20 -24 20 -28 -4 6 -6 -28 21 -22 21 -22 28 -1 28 -1 7 17 7 17 -17 9 -17 9 -21 -15 -21 -15 -6 -28
SIMPLEX -23 12 0 4 -43 0 -4 0 -4 0 -4 26 -4 26 -43 26 -43 26 -43 0 4 -43 0 -4 0 -4 0 -4 26 -4 26 -43 26 -43 26 -43 0 2 1 1 1 1 -43 0 -4 26 2 4 -43 0 1 -4 0 1 -4 26 1 -43 26 1 1 1 0 0 0 0 0 0 0 0 4 -39 1 -38 1 -7 23 -7 24 -7 23 -8 23 -39 1 -39 0 3 -4 0 -4 26 -4 26 -43 26 -43 26 -43 0 4 -36 -11 3 -11 3 -11 3 15 3 15 -36 15 -36 15 -36 -11
SIMPLEX -15 -6 1 3 -38 -19 6 -14 -6 18 -38 -19 6 -14 -6 18 3 -38 -19 6 -14 6 -14 -6 18 -6 18 -38 -19 2 1 0 0 1 -38 -19 6 18 2 3 -38 -19 1 6 -14 1 -6 18 1 1 1 0 0 0 0 0 0 0 0 7 -31 -17 -30 -17 -38 -19 6 -14 1 5 1 6 6 -14 -6 18 1 5 0 5 -6 18 -38 -19 -31 -17 -31 -18 2 -38 -19 6 -14 -6 18 -38 -19 3 -31 -30 13 -25 13 -25 1 7 1 7 -31 -30
SIMPLEX 15 -33 0 2 0 -37 32 -28 0 -37 32 -28 1 0 -37 32 -28 2 0 0 0 0 -1 0 0 0 1 1 0 0 0 0 1 1 4 0 -37 32 -28 31 -22 31 -21 31 -22 30 -22 -1 -44 -1 -45 0 1 7 -48 39 -39
SIMPLEX 12 0 1 2 -8 -9 33 -3 33 -3 20 22 2 -8 -9 33 -3 33 -3 20 22 2 0 0 0 0 -1 0 1 1 1 1 0 0 0 0 1 1 5 -8 -9 33 -3 28 11 28 12 33 -3 20 22 28 11 27 11 -4 -11 -4 -12 1 -8 -9 33 -3 2 -1 -20 40 -14 40 -14 27 11
SIMPLEX 24 5 0 2 44 14 4 14 4 -3 44 -3 2 4 -3 44 -3 44 14 4 14 2 0 0 0 0 -1 0 1 1 1 1 1 1 0 0 0 0 4 4 -3 44 -3 40 16 40 17 44 14 4 14 8 -6 8 -7 1 44 14 4 14 2 11 -14 51 -14 51 3 11 3
SIMPLEX -4 39 1 4 -4 59 -4 19 16 39 -24 39 -24 39 16 39 -4 19 -4 59 4 -24 39 16 39 -4 19 -4 59 16 39 -24 39 -4 59 -4 19 0 1 1 1 1 -4 39 -4 39 0 4 -4 39 1 -4 39 1 -4 39 1 -4 39 1 1 0 0 0 0 0 0 0 0 0 4 -24 39 16 39 -4 19 -4 59 16 39 -24 39 -4 59 -4 19 3 -24 39 16 39 16 39 -24 39 -4 59 -4 19 4 -17 28 23 28 3 8 3 48 23 28 -17 28 3 48 3 8
SIMPLEX 9 28 0 2 -11 36 29 36 29 20 -11 20 0 -1 1 1 1 0 -1 0 0 0 0 0 0 0 0 0 0 0 0 0 0
SIMPLEX -35 20 1 7 -55 37 -59 13 -44 0 -17 6 -44 0 -17 6 -59 13 -44 0 -10 27 -31 45 -31 45 -55 37 -17 6 -10 27 6 -44 0 -17 6 -17 6 -10 27 -10 27 -31 45 -31 45 -55 37 -55 37 -59 13 -59 13 -44 0 2 1 0 0 1 -59 0 -10 45 2 6 -44 0 1 -17 6 1 -10 27 1 -31 45 1 -55 37 1 -59 13 1 1 1 0 0 0 0 0 0 0 0 4 -51 9 -50 9 -19 31 -19 32 -19 31 -20 31 -51 9 -51 8 5 -44 0 -17 6 -10 27 -31 45 -31 45 -55 37 -55 37 -59 13 -59 13 -44 0 6 -37 -11 -10 -5 -10 -5 -3 16 -3 16 -24 34 -24 34 -48 26 -48 26 -52 2 -52 2 -37 -11
SIMPLEX 31 -35 0 4 11 -47 50 -47 50 -21 11 -21 50 -47 50 -21 11 -21 11 -47 4 11 -47 50 -47 50 -47 50 -21 50 -21 11 -21 11 -21 11 -47 2 1 1 1 1 11 -47 50 -21 2 4 11 -47 1 50 -47 1 50 -21 1 11 -21 1 1 1 0 0 0 0 0 0 0 0 4 15 -46 16 -46 47 -24 47 -23 47 -24 46 -24 15 -46 15 -47 3 50 -47 50 -21 50 -21 11 -21 11 -21 11 -47 4 18 -58 57 -58 57 -58 57 -32 57 -32 18 -32 18 -32 18 -58
SIMPLEX -15 27 0 3 -38 14 6 19 -6 51 -38 14 6 19 -6 51 3 -38 14 6 19 6 19 -6 51 -6 51 -38 14 2 1 0 0 1 -38 14 6 51 2 3 -38 14 1 6 19 1 -6 51 1 1 1 0 0 0 0 0 0 0 0 7 -31 16 -30 16 -38 14 6 19 1 38 1 39 6 19 -6 51 1 38 0 38 -6 51 -38 14 -31 16 -31 15 2 6 19 -6 51 -6 51 -38 14 3 -31 3 13 8 13 8 1 40 1 40 -31 3
SIMPLEX -8 -39 0 1 -23 -43 9 -34 1 -23 -43 9 -34 2 0 0 0 0 -1 0 0 0 1 1 0 0 0 0 1 1 4 -23 -43 9 -34 8 -28 8 -27 8 -28 7 -28 -24 -50 -24 -51 0 1 -16 -54 16 -45
SIMPLEX 1 2 1 2 22 -1 9 24 -19 -7 22 -1 2 -19 -7 22 -1 22 -1 9 24 2 0 0 0 0 -1 0 1 1 1 1 0 0 0 0 1 1 5 -19 -7 22 -1 17 13 17 14 22 -1 9 24 17 13 16 13 -15 -9 -15 -10 1 -19 -7 22 -1 2 -12 -18 29 -12 29 -12 16 13
SIMPLEX -9 -23 0 3 -29 -31 11 -31 11 -14 -29 -14 -29 -31 11 -31 2 -29 -31 11 -31 11 -14 -29 -14 2 0 0 0 0 -1 0 1 1 1 1 1 1 0 0 0 0 4 -29 -31 11 -31 7 -12 7 -11 11 -14 -29 -14 -25 -34 -25 -35 1 11 -14 -29 -14 2 -22 -42 18 -42 18 -25 -22 -25
SIMPLEX 16 -5 1 4 16 15 16 -25 -4 -5 36 -5 36 -5 -4 -5 16 -25 16 15 4 -4 -5 36 -5 16 -25 16 15 36 -5 -4 -5 16 15 16 -25 0 1 1 1 1 16 -5 16 -5 0 4 16 -5 1 16 -5 1 16 -5 1 16 -5 1 1 0 0 0 0 0 0 0 0 0 4 -4 -5 36 -5 16 -25 16 15 36 -5 -4 -5 16 15 16 -25 3 -4 -5 36 -5 36 -5 -4 -5 16 15 16 -25 4 3 -16 43 -16 23 -36 23 4 43 -16 3 -16 23 4 23 -36
SIMPLEX 35 23 0 2 55 15 15 15 15 31 55 31 0 -1 1 1 1 0 -1 0 0 0 0 0 0 0 0 0 0 0 0 0 0
SIMPLEX -23 -21 3 6 -5 -35 2 -14 2 -14 -19 4 -47 -28 -32 -41 -19 4 -43 -4 -32 -41 -5 -35 -43 -4 -47 -28 6 -32 -41 -5 -35 -5 -35 2 -14 2 -14 -19 4 -19 4 -43 -4 -43 -4 -47 -28 -47 -28 -32 -41 2 1 0 0 1 -47 -41 2 4 2 6 -32 -41 1 -5 -35 1 2 -14 1 -19 4 1 -43 -4 1 -47 -28 1 1 1 0 0 0 0 0 0 0 0 4 -39 -32 -38 -32 -7 -10 -7 -9 -7 -10 -8 -10 -39 -32 -39 -33 5 -32 -41 -5 -35 -5 -35 2 -14 2 -14 -19 4 -43 -4 -47 -28 -47 -28 -32 -41 6 -25 -52 2 -46 2 -46 9 -25 9 -25 -12 -7 -12 -7 -36 -15 -36 -15 -40 -39 -40 -39 -25 -52
SIMPLEX 29 29 0 4 48 17 48 43 9 17 48 17 48 43 9 43 9 43 9 17 4 9 17 48 17 48 17 48 43 48 43 9 43 9 43 9 17 2 1 1 1 1 9 17 48 43 2 4 9 17 1 48 17 1 48 43 1 9 43 1 1 1 0 0 0 0 0 0 0 0 4 13 18 14 18 45 40 45 41 45 40 44 40 13 18 13 17 3 48 17 48 43 48 43 9 43 9 43 9 17 4 16 6 55 6 55 6 55 32 55 32 16 32 16 32 16 6
SIMPLEX -21 6 2 4 -12 30 -44 -7 -44 -7 0 -2 0 -2 -12 30 -12 30 -44 -7 3 -44 -7 0 -2 0 -2 -12 30 -12 30 -44 -7 2 1 0 0 1 -44 -7 0 30 2 3 -44 -7 1 0 -2 1 -12 30 1 1 1 0 0 0 0 0 0 0 0 7 -37 -5 -36 -5 -44 -7 0 -2 -5 17 -5 18 0 -2 -12 30 -5 17 -6 17 -12 30 -44 -7 -37 -5 -37 -6 2 -44 -7 0 -2 0 -2 -12 30 3 -37 -18 7 -13 7 -13 -5 19 -5 19 -37 -18
SIMPLEX -28 -16 0 1 -43 -20 -11 -11 1 -43 -20 -11 -11 2 0 0 0 0 -1 0 0 0 1 1 0 0 0 0 1 1 4 -43 -20 -11 -11 -12 -5 -12 -4 -12 -5 -13 -5 -44 -27 -44 -28 0 1 -36 -31 -4 -22
SIMPLEX -31 -16 1 2 -10 -19 -23 6 -51 -25 -10 -19 2 -51 -25 -10 -19 -10 -19 -23 6 2 0 0 0 0 -1 0 1 1 1 1 0 0 0 0 1 1 5 -51 -25 -10 -19 -15 -5 -15 -4 -10 -19 -23 6 -15 -5 -16 -5 -47 -27 -47 -28 1 -51 -25 -10 -19 2 -44 -36 -3 -30 -3 -30 -16 -5
SIMPLEX -27 -23 0 2 -47 -31 -7 -31 -7 -14 -47 -14 2 -47 -31 -7 -31 -7 -14 -47 -14 2 0 0 0 0 -1 0 1 1 1 1 1 1 0 0 0 0 4 -47 -31 -7 -31 -11 -12 -11 -11 -7 -14 -47 -14 -43 -34 -43 -35 1 -7 -14 -47 -14 2 -40 -42 0 -42 0 -25 -40 -25
SIMPLEX -19 8 1 4 -39 8 1 8 -19 -12 -19 28 -19 28 -19 -12 1 8 -39 8 4 -39 8 1 8 -19 -12 -19 28 1 8 -39 8 -19 28 -19 -12 0 1 1 1 1 -19 8 -19 8 0 4 -19 8 1 -19 8 1 -19 8 1 -19 8 1 1 0 0 0 0 0 0 0 0 0 4 -39 8 1 8 -19 -12 -19 28 1 8 -39 8 -19 28 -19 -12 3 -39 8 1 8 1 8 -39 8 -19 28 -19 -12 4 -32 -3 8 -3 -12 -23 -12 17 8 -3 -32 -3 -12 17 -12 -23
SIMPLEX -7 -22 0 3 -27 -14 13 -14 -27 -14 13 -14 13 -30 -27 -30 0 -1 1 1 1 0 -1 0 0 0 0 0 0 0 0 0 0 0 0 0 0
SIMPLEX -31 11 5 6 -55 4 -40 -9 -13 -3 -6 18 -51 28 -55 4 -6 18 -27 36 -40 -9 -13 -3 -27 36 -51 28 6 -40 -9 -13 -3 -13 -3 -6 18 -6 18 -27 36 -27 36 -51 28 -51 28 -55 4 -55 4 -40 -9 2 1 0 0 1 -55 -9 -6 36 2 6 -40 -9 1 -13 -3 1 -6 18 1 -27 36 1 -51 28 1 -55 4 1 1 1 0 0 0 0 0 0 0 0 4 -47 0 -46 0 -15 22 -15 23 -15 22 -16 22 -47 0 -47 -1 5 -40 -9 -13 -3 -13 -3 -6 18 -6 18 -27 36 -27 36 -51 28 -51 28 -55 4 6 -33 -20 -6 -14 -6 -14 1 7 1 7 -20 25 -20 25 -44 17 -44 17 -48 -7 -48 -7 -33 -20
SIMPLEX 35 -20 0 4 54 -32 54 -6 15 -6 15 -32 15 -32 54 -32 54 -6 15 -6 4 15 -32 54 -32 54 -32 54 -6 54 -6 15 -6 15 -6 15 -32 2 1 1 1 1 15 -32 54 -6 2 4 15 -32 1 54 -32 1 54 -6 1 15 -6 1 1 1 0 0 0 0 0 0 0 0 4 19 -31 20 -31 51 -9 51 -8 51 -9 50 -9 19 -31 19 -32 3 54 -32 54 -6 54 -6 15 -6 15 -6 15 -32 4 22 -43 61 -43 61 -43 61 -17 61 -17 22 -17 22 -17 22 -43
SIMPLEX -35 35 1 3 -58 22 -14 27 -26 59 -58 22 -14 27 -26 59 3 -58 22 -14 27 -14 27 -26 59 -26 59 -58 22 2 1 0 0 1 -58 22 -14 59 2 3 -58 22 1 -14 27 1 -26 59 1 1 1 0 0 0 0 0 0 0 0 7 -51 24 -50 24 -58 22 -14 27 -19 46 -19 47 -14 27 -26 59 -19 46 -20 46 -26 59 -58 22 -51 24 -51 23 2 -58 22 -14 27 -26 59 -58 22 3 -51 11 -7 16 -7 16 -19 48 -19 48 -51 11
SIMPLEX -7 -3 0 1 -22 -7 10 2 1 -22 -7 10 2 2 0 0 0 0 -1 0 0 0 1 1 0 0 0 0 1 1 4 -22 -7 10 2 9 8 9 9 9 8 8 8 -23 -14 -23 -15 0 1 -15 -18 17 -9
SIMPLEX 18 31 1 3 39 28 26 53 -2 22 39 28 39 28 26 53 2 -2 22 39 28 39 28 26 53 2 0 0 0 0 -1 0 1 1 1 1 0 0 0 0 1 1 5 -2 22 39 28 34 42 34 43 39 28 26 53 34 42 33 42 2 20 2 19 1 -2 22 39 28 2 5 11 46 17 46 17 33 42
SIMPLEX 5 -7 0 2 -15 -15 25 -15 25 2 -15 2 2 -15 -15 25 -15 25 2 -15 2 2 0 0 0 0 -1 0 1 1 1 1 1 1 0 0 0 0 4 -15 -15 25 -15 21 4 21 5 25 2 -15 2 -11 -18 -11 -19 1 25 2 -15 2 2 -8 -26 32 -26 32 -9 -8 -9
SIMPLEX 12 35 1 4 32 35 -8 35 12 15 12 55 12 55 12 15 -8 35 32 35 4 -8 35 32 35 12 15 12 55 32 35 -8 35 12 55 12 15 0 1 1 1 1 12 35 12 35 0 4 12 35 1 12 35 1 12 35 1 12 35 1 1 0 0 0 0 0 0 0 0 0 4 -8 35 32 35 12 15 12 55 32 35 -8 35 12 55 12 15 3 -8 35 32 35 32 35 -8 35 12 55 12 15 4 -1 24 39 24 19 4 19 44 39 24 -1 24 19 44 19 4
SIMPLEX -19 -18 0 2 1 -26 -39 -26 -39 -10 1 -10 0 -1 1 1 1 0 -1 0 0 0 0 0 0 0 0 0 0 0 0 0 0
SIMPLEX 16 -9 1 6 34 -23 41 -2 41 -2 20 16 20 16 -4 8 -4 8 -8 -16 7 -29 34 -23 -8 -16 7 -29 6 7 -29 34 -23 34 -23 41 -2 41 -2 20 16 20 16 -4 8 -4 8 -8 -16 -8 -16 7 -29 2 1 0 0 1 -8 -29 41 16 2 6 7 -29 1 34 -23 1 41 -2 1 20 16 1 -4 8 1 -8 -16 1 1 1 0 0 0 0 0 0 0 0 4 0 -20 1 -20 32 2 32 3 32 2 31 2 0 -20 0 -21 5 7 -29 34 -23 41 -2 20 16 20 16 -4 8 -4 8 -8 -16 -8 -16 7 -29 6 14 -40 41 -34 41 -34 48 -13 48 -13 27 5 27 5 3 -3 3 -3 -1 -27 -1 -27 14 -40
SIMPLEX -35 -7 0 5 -16 -19 -16 7 -16 7 -55 7 -55 7 -55 -19 -55 -19 -16 -19 -55 -19 -16 -19 4 -55 -19 -16 -19 -16 -19 -16 7 -16 7 -55 7 -55 7 -55 -19 2 1 1 1 1 -55 -19 -16 7 2 4 -55 -19 1 -16 -19 1 -16 7 1 -55 7 1 1 1 0 0 0 0 0 0 0 0 4 -51 -18 -50 -18 -19 4 -19 5 -19 4 -20 4 -51 -18 -51 -19 3 -16 -19 -16 7 -16 7 -55 7 -55 7 -55 -19 4 -48 -30 -9 -30 -9 -30 -9 -4 -9 -4 -48 -4 -48 -4 -48 -30
SIMPLEX 1 16 0 3 10 40 -22 3 -22 3 22 8 22 8 10 40 3 -22 3 22 8 22 8 10 40 10 40 -22 3 2 1 0 0 1 -22 3 22 40 2 3 -22 3 1 22 8 1 10 40 1 1 1 0 0 0 0 0 0 0 0 7 -15 5 -14 5 -22 3 22 8 17 27 17 28 22 8 10 40 17 27 16 27 10 40 -22 3 -15 5 -15 4 2 22 8 10 40 10 40 -22 3 3 -15 -8 29 -3 29 -3 17 29 17 29 -15 -8
SIMPLEX 1 10 0 1 -14 6 18 15 1 -14 6 18 15 2 0 0 0 0 -1 0 0 0 1 1 0 0 0 0 1 1 4 -14 6 18 15 17 21 17 22 17 21 16 21 -15 -1 -15 -2 0 1 -7 -5 25 4
SIMPLEX 40 13 1 2 20 4 61 10 61 10 48 35 2 20 4 61 10 61 10 48 35 2 0 0 0 0 -1 0 1 1 1 1 0 0 0 0 1 1 5 20 4 61 10 56 24 56 25 61 10 48 35 56 24 55 24 24 2 24 1 1 20 4 61 10 2 27 -7 68 -1 68 -1 55 24
SIMPLEX -11 -22 0 2 -31 -30 9 -30 9 -13 -31 -13 2 -31 -30 9 -30 9 -13 -31 -13 2 0 0 0 0 -1 0 1 1 1 1 1 1 0 0 0 0 4 -31 -30 9 -30 5 -11 5 -10 9 -13 -31 -13 -27 -33 -27 -34 1 9 -13 -31 -13 2 -24 -41 16 -41 16 -24 -24 -24
SIMPLEX -4 5 1 5 16 5 -24 5 16 5 -24 5 -4 25 -4 -15 -24 5 16 5 -4 -15 -4 25 4 -24 5 16 5 -4 -15 -4 25 16 5 -24 5 -4 25 -4 -15 0 1 1 1 1 -4 5 -4 5 0 4 -4 5 1 -4 5 1 -4 5 1 -4 5 1 1 0 0 0 0 0 0 0 0 0 4 -24 5 16 5 -4 -15 -4 25 16 5 -24 5 -4 25 -4 -15 3 -24 5 16 5 16 5 -24 5 -4 25 -4 -15 4 -17 -6 23 -6 3 -26 3 14 23 -6 -17 -6 3 14 3 -26
SIMPLEX -13 -35 0 2 7 -43 -33 -43 -33 -27 7 -27 0 -1 1 1 1 0 -1 0 0 0 0 0 0 0 0 0 0 0 0 0 0
SIMPLEX -1 -1 3 6 3 24 -21 16 -10 -21 17 -15 24 6 3 24 17 -15 24 6 -21 16 -25 -8 -25 -8 -10 -21 6 -10 -21 17 -15 17 -15 24 6 24 6 3 24 3 24 -21 16 -21 16 -25 -8 -25 -8 -10 -21 2 1 0 0 1 -25 -21 24 24 2 6 -10 -21 1 17 -15 1 24 6 1 3 24 1 -21 16 1 -25 -8 1 1 1 0 0 0 0 0 0 0 0 4 -17 -12 -16 -12 15 10 15 11 15 10 14 10 -17 -12 -17 -13 5 -10 -21 17 -15 17 -15 24 6 24 6 3 24 -21 16 -25 -8 -25 -8 -10 -21 6 -3 -32 24 -26 24 -26 31 -5 31 -5 10 13 10 13 -14 5 -14 5 -18 -19 -18 -19 -3 -32
SIMPLEX -24 -21 0 4 -5 -7 -44 -7 -44 -33 -5 -33 -44 -7 -44 -33 -5 -33 -5 -7 4 -44 -33 -5 -33 -5 -33 -5 -7 -5 -7 -44 -7 -44 -7 -44 -33 2 1 1 1 1 -44 -33 -5 -7 2 4 -44 -33 1 -5 -33 1 -5 -7 1 -44 -7 1 1 1 0 0 0 0 0 0 0 0 4 -40 -32 -39 -32 -8 -10 -8 -9 -8 -10 -9 -10 -40 -32 -40 -33 3 -5 -33 -5 -7 -5 -7 -44 -7 -44 -7 -44 -33 4 -37 -44 2 -44 2 -44 2 -18 2 -18 -37 -18 -37 -18 -37 -44
SIMPLEX -6 -35 2 3 -29 -48 15 -43 15 -43 3 -11 3 -11 -29 -48 3 -29 -48 15 -43 15 -43 3 -11 3 -11 -29 -48 2 1 0 0 1 -29 -48 15 -11 2 3 -29 -48 1 15 -43 1 3 -11 1 1 1 0 0 0 0 0 0 0 0 7 -22 -46 -21 -46 -29 -48 15 -43 10 -24 10 -23 15 -43 3 -11 10 -24 9 -24 3 -11 -29 -48 -22 -46 -22 -47 2 -29 -48 15 -43 15 -43 3 -11 3 -22 -59 22 -54 22 -54 10 -22 10 -22 -22 -59
SIMPLEX -13 5 0 2 -28 1 4 10 -28 1 4 10 1 -28 1 4 10 2 0 0 0 0 -1 0 0 0 1 1 0 0 0 0 1 1 4 -28 1 4 10 3 16 3 17 3 16 2 16 -29 -6 -29 -7 0 1 -21 -10 11 -1
SIMPLEX 9 -6 1 2 -11 -15 30 -9 30 -9 17 16 2 -11 -15 30 -9 30 -9 17 16 2 0 0 0 0 -1 0 1 1 1 1 0 0 0 0 1 1 5 -11 -15 30 -9 25 5 25 6 30 -9 17 16 25 5 24 5 -7 -17 -7 -18 1 -11 -15 30 -9 2 -4 -26 37 -20 37 -20 24 5
SIMPLEX -24 33 0 2 -4 42 -44 42 -44 25 -4 25 2 -44 25 -4 25 -4 42 -44 42 2 0 0 0 0 -1 0 1 1 1 1 1 1 0 0 0 0 4 -44 25 -4 25 -8 44 -8 45 -4 42 -44 42 -40 22 -40 21 1 -4 42 -44 42 2 -37 14 3 14 3 31 -37 31
SIMPLEX -34 -13 1 4 -14 -13 -54 -13 -54 -13 -14 -13 -34 -33 -34 7 -34 7 -34 -33 4 -54 -13 -14 -13 -34 -33 -34 7 -14 -13 -54 -13 -34 7 -34 -33 0 1 1 1 1 -34 -13 -34 -13 0 4 -34 -13 1 -34 -13 1 -34 -13 1 -34 -13 1 1 0 0 0 0 0 0 0 0 0 4 -54 -13 -14 -13 -34 -33 -34 7 -14 -13 -54 -13 -34 7 -34 -33 3 -54 -13 -14 -13 -14 -13 -54 -13 -34 7 -34 -33 4 -47 -24 -7 -24 -27 -44 -27 -4 -7 -24 -47 -24 -27 -4 -27 -44
SIMPLEX 21 3 0 2 41 -5 1 -5 1 11 41 11 0 -1 1 1 1 0 -1 0 0 0 0 0 0 0 0 0 0 0 0 0 0
SIMPLEX -24 -26 5 7 -33 -46 -6 -40 -20 -1 -44 -9 -6 -40 1 -19 -44 -9 -48 -33 1 -19 -20 -1 -44 -9 -48 -33 -48 -33 -33 -46 6 -33 -46 -6 -40 -6 -40 1 -19 1 -19 -20 -1 -20 -1 -44 -9 -44 -9 -48 -33 -48 -33 -33 -46 2 1 0 0 1 -48 -46 1 -1 2 6 -33 -46 1 -6 -40 1 1 -19 1 -20 -1 1 -44 -9 1 -48 -33 1 1 1 0 0 0 0 0 0 0 0 4 -40 -37 -39 -37 -8 -15 -8 -14 -8 -15 -9 -15 -40 -37 -40 -38 5 -33 -46 -6 -40 -6 -40 1 -19 1 -19 -20 -1 -20 -1 -44 -9 -44 -9 -48 -33 6 -26 -57 1 -51 1 -51 8 -30 8 -30 -13 -12 -13 -12 -37 -20 -37 -20 -41 -44 -41 -44 -26 -57
SIMPLEX -27 -16 0 4 -47 -2 -47 -28 -8 -28 -8 -2 -47 -28 -8 -28 -8 -2 -47 -2 4 -47 -28 -8 -28 -8 -28 -8 -2 -8 -2 -47 -2 -47 -2 -47 -28 2 1 1 1 1 -47 -28 -8 -2 2 4 -47 -28 1 -8 -28 1 -8 -2 1 -47 -2 1 1 1 0 0 0 0 0 0 0 0 4 -43 -27 -42 -27 -11 -5 -11 -4 -11 -5 -12 -5 -43 -27 -43 -28 3 -8 -28 -8 -2 -8 -2 -47 -2 -47 -2 -47 -28 4 -40 -39 -1 -39 -1 -39 -1 -13 -1 -13 -40 -13 -40 -13 -40 -39
SIMPLEX 5 -15 1 3 14 9 -18 -28 26 -23 14 9 -18 -28 26 -23 3 -18 -28 26 -23 26 -23 14 9 14 9 -18 -28 2 1 0 0 1 -18 -28 26 9 2 3 -18 -28 1 26 -23 1 14 9 1 1 1 0 0 0 0 0 0 0 0 7 -11 -26 -10 -26 -18 -28 26 -23 21 -4 21 -3 26 -23 14 9 21 -4 20 -4 14 9 -18 -28 -11 -26 -11 -27 2 -18 -28 26 -23 14 9 -18 -28 3 -11 -39 33 -34 33 -34 21 -2 21 -2 -11 -39
SIMPLEX -28 8 0 1 -43 4 -11 13 1 -43 4 -11 13 2 0 0 0 0 -1 0 0 0 1 1 0 0 0 0 1 1 4 -43 4 -11 13 -12 19 -12 20 -12 19 -13 19 -44 -3 -44 -4 0 1 -36 -7 -4 2
SIMPLEX -10 -8 1 2 -30 -17 11 -11 11 -11 -2 14 2 -30 -17 11 -11 11 -11 -2 14 2 0 0 0 0 -1 0 1 1 1 1 0 0 0 0 1 1 5 -30 -17 11 -11 6 3 6 4 11 -11 -2 14 6 3 5 3 -26 -19 -26 -20 1 -30 -17 11 -11 2 -23 -28 18 -22 18 -22 5 3
SIMPLEX 11 33 0 3 -9 25 31 25 31 42 -9 42 -9 25 31 25 2 -9 25 31 25 31 42 -9 42 2 0 0 0 0 -1 0 1 1 1 1 1 1 0 0 0 0 4 -9 25 31 25 27 44 27 45 31 42 -9 42 -5 22 -5 21 1 31 42 -9 42 2 -2 14 38 14 38 31 -2 31
SIMPLEX 1 5 1 4 1 -15 1 25 21 5 -19 5 -19 5 21 5 1 25 1 -15 4 -19 5 21 5 1 -15 1 25 21 5 -19 5 1 25 1 -15 0 1 1 1 1 1 5 1 5 0 4 1 5 1 1 5 1 1 5 1 1 5 1 1 0 0 0 0 0 0 0 0 0 4 -19 5 21 5 1 -15 1 25 21 5 -19 5 1 25 1 -15 3 -19 5 21 5 21 5 -19 5 1 25 1 -15 4 -12 -6 28 -6 8 -26 8 14 28 -6 -12 -6 8 14 8 -26
SIMPLEX 10 0 0 2 -10 8 30 8 30 -8 -10 -8 0 -1 1 1 1 0 -1 0 0 0 0 0 0 0 0 0 0 0 0 0 0
SIMPLEX 19 14 1 6 23 39 -1 31 10 -6 37 0 37 0 44 21 -1 31 -5 7 44 21 23 39 -5 7 10 -6 6 10 -6 37 0 37 0 44 21 44 21 23 39 23 39 -1 31 -1 31 -5 7 -5 7 10 -6 2 1 0 0 1 -5 -6 44 39 2 6 10 -6 1 37 0 1 44 21 1 23 39 1 -1 31 1 -5 7 1 1 1 0 0 0 0 0 0 0 0 4 3 3 4 3 35 25 35 26 35 25 34 25 3 3 3 2 5 10 -6 37 0 44 21 23 39 23 39 -1 31 -1 31 -5 7 -5 7 10 -6 6 17 -17 44 -11 44 -11 51 10 51 10 30 28 30 28 6 20 6 20 2 -4 2 -4 17 -17
SIMPLEX -21 14 0 4 -2 28 -41 28 -41 2 -2 2 -2 2 -2 28 -41 28 -41 2 4 -41 2 -2 2 -2 2 -2 28 -2 28 -41 28 -41 28 -41 2 2 1 1 1 1 -41 2 -2 28 2 4 -41 2 1 -2 2 1 -2 28 1 -41 28 1 1 1 0 0 0 0 0 0 0 0 4 -37 3 -36 3 -5 25 -5 26 -5 25 -6 25 -37 3 -37 2 3 -2 2 -2 28 -2 28 -41 28 -41 28 -41 2 4 -34 -9 5 -9 5 -9 5 17 5 17 -34 17 -34 17 -34 -9
SIMPLEX 16 -38 0 4 37 -46 25 -14 25 -14 -7 -51 -7 -51 37 -46 -7 -51 37 -46 3 -7 -51 37 -46 37 -46 25 -14 25 -14 -7 -51 2 1 0 0 1 -7 -51 37 -14 2 3 -7 -51 1 37 -46 1 25 -14 1 1 1 0 0 0 0 0 0 0 0 7 0 -49 1 -49 -7 -51 37 -46 32 -27 32 -26 37 -46 25 -14 32 -27 31 -27 25 -14 -7 -51 0 -49 0 -50 2 37 -46 25 -14 25 -14 -7 -51 3 0 -62 44 -57 44 -57 32 -25 32 -25 0 -62
SIMPLEX -35 19 0 1 -50 15 -18 24 1 -50 15 -18 24 2 0 0 0 0 -1 0 0 0 1 1 0 0 0 0 1 1 4 -50 15 -18 24 -19 30 -19 31 -19 30 -20 30 -51 8 -51 7 0 1 -43 4 -11 13
SIMPLEX 28 2 1 2 49 -1 36 24 8 -7 49 -1 2 8 -7 49 -1 49 -1 36 24 2 0 0 0 0 -1 0 1 1 1 1 0 0 0 0 1 1 5 8 -7 49 -1 44 13 44 14 49 -1 36 24 44 13 43 13 12 -9 12 -10 1 8 -7 49 -1 2 15 -18 56 -12 56 -12 43 13
SIMPLEX -2 39 0 2 18 48 -22 48 -22 31 18 31 2 -22 31 18 31 18 48 -22 48 2 0 0 0 0 -1 0 1 1 1 1 1 1 0 0 0 0 4 -22 31 18 31 14 50 14 51 18 48 -22 48 -18 28 -18 27 1 18 48 -22 48 2 -15 20 25 20 25 37 -15 37
SIMPLEX 35 -1 1 4 15 -1 55 -1 35 -21 35 19 35 19 35 -21 55 -1 15 -1 4 15 -1 55 -1 35 -21 35 19 55 -1 15 -1 35 19 35 -21 0 1 1 1 1 35 -1 35 -1 0 4 35 -1 1 35 -1 1 35 -1 1 35 -1 1 1 0 0 0 0 0 0 0 0 0 4 15 -1 55 -1 35 -21 35 19 55 -1 15 -1 35 19 35 -21 3 15 -1 55 -1 55 -1 15 -1 35 19 35 -21 4 22 -12 62 -12 42 -32 42 8 62 -12 22 -12 42 8 42 -32
SIMPLEX -27 -18 0 3 -47 -10 -7 -10 -47 -10 -7 -10 -7 -26 -47 -26 0 -1 1 1 1 0 -1 0 0 0 0 0 0 0 0 0 0 0 0 0 0
SIMPLEX -12 -37 3 6 -36 -44 -21 -57 13 -30 -8 -12 -32 -20 -36 -44 -21 -57 6 -51 6 -51 13 -30 -8 -12 -32 -20 6 -21 -57 6 -51 6 -51 13 -30 13 -30 -8 -12 -8 -12 -32 -20 -32 -20 -36 -44 -36 -44 -21 -57 2 1 0 0 1 -36 -57 13 -12 2 6 -21 -57 1 6 -51 1 13 -30 1 -8 -12 1 -32 -20 1 -36 -44 1 1 1 0 0 0 0 0 0 0 0 4 -28 -48 -27 -48 4 -26 4 -25 4 -26 3 -26 -28 -48 -28 -49 5 -21 -57 6 -51 6 -51 13 -30 13 -30 -8 -12 -32 -20 -36 -44 -36 -44 -21 -57 6 -14 -68 13 -62 13 -62 20 -41 20 -41 -1 -23 -1 -23 -25 -31 -25 -31 -29 -55 -29 -55 -14 -68
SIMPLEX -37 -1 0 4 -57 13 -57 -13 -18 -13 -18 13 -18 13 -57 13 -57 -13 -18 -13 4 -57 -13 -18 -13 -18 -13 -18 13 -18 13 -57 13 -57 13 -57 -13 2 1 1 1 1 -57 -13 -18 13 2 4 -57 -13 1 -18 -13 1 -18 13 1 -57 13 1 1 1 0 0 0 0 0 0 0 0 4 -53 -12 -52 -12 -21 10 -21 11 -21 10 -22 10 -53 -12 -53 -13 3 -18 -13 -18 13 -18 13 -57 13 -57 13 -57 -13 4 -50 -24 -11 -24 -11 -24 -11 2 -11 2 -50 2 -50 2 -50 -24
SIMPLEX -14 -4 2 3 -37 -17 7 -12 7 -12 -5 20 -5 20 -37 -17 3 -37 -17 7 -12 7 -12 -5 20 -5 20 -37 -17 2 1 0 0 1 -37 -17 7 20 2 3 -37 -17 1 7 -12 1 -5 20 1 1 1 0 0 0 0 0 0 0 0 7 -30 -15 -29 -15 -37 -17 7 -12 2 7 2 8 7 -12 -5 20 2 7 1 7 -5 20 -37 -17 -30 -15 -30 -16 2 -37 -17 7 -12 7 -12 -5 20 3 -30 -28 14 -23 14 -23 2 9 2 9 -30 -28
SIMPLEX 11 34 0 1 -4 30 28 39 1 -4 30 28 39 2 0 0 0 0 -1 0 0 0 1 1 0 0 0 0 1 1 4 -4 30 28 39 27 45 27 46 27 45 26 45 -5 23 -5 22 0 1 3 19 35 28
SIMPLEX 29 2 1 3 9 -7 50 -1 50 -1 37 24 50 -1 37 24 2 9 -7 50 -1 50 -1 37 24 2 0 0 0 0 -1 0 1 1 1 1 0 0 0 0 1 1 5 9 -7 50 -1 45 13 45 14 50 -1 37 24 45 13 44 13 13 -9 13 -10 1 9 -7 50 -1 2 16 -18 57 -12 57 -12 44 13
SIMPLEX -39 -30 0 2 -19 -21 -59 -21 -59 -38 -19 -38 2 -59 -38 -19 -38 -19 -21 -59 -21 2 0 0 0 0 -1 0 1 1 1 1 1 1 0 0 0 0 4 -59 -38 -19 -38 -23 -19 -23 -18 -19 -21 -59 -21 -55 -41 -55 -42 1 -19 -21 -59 -21 2 -52 -49 -12 -49 -12 -32 -52 -32
SIMPLEX 1 -4 1 4 21 -4 -19 -4 -19 -4 21 -4 1 16 1 -24 1 -24 1 16 4 -19 -4 21 -4 1 -24 1 16 21 -4 -19 -4 1 16 1 -24 0 1 1 1 1 1 -4 1 -4 0 4 1 -4 1 1 -4 1 1 -4 1 1 -4 1 1 0 0 0 0 0 0 0 0 0 4 -19 -4 21 -4 1 -24 1 16 21 -4 -19 -4 1 16 1 -24 3 -19 -4 21 -4 21 -4 -19 -4 1 16 1 -24 4 -12 -15 28 -15 8 -35 8 5 28 -15 -12 -15 8 5 8 -35
SIMPLEX 15 -4 0 2 35 -12 -5 -12 -5 4 35 4 0 -1 1 1 1 0 -1 0 0 0 0 0 0 0 0 0 0 0 0 0 0
SIMPLEX 28 -13 5 6 4 -20 19 -33 8 4 4 -20 19 -33 46 -27 46 -27 53 -6 32 12 8 4 53 -6 32 12 6 19 -33 46 -27 46 -27 53 -6 53 -6 32 12 32 12 8 4 8 4 4 -20 4 -20 19 -33 2 1 0 0 1 4 -33 53 12 2 6 19 -33 1 46 -27 1 53 -6 1 32 12 1 8 4 1 4 -20 1 1 1 0 0 0 0 0 0 0 0 4 12 -24 13 -24 44 -2 44 -1 44 -2 43 -2 12 -24 12 -25 5 19 -33 46 -27 46 -27 53 -6 53 -6 32 12 32 12 8 4 8 4 4 -20 6 26 -44 53 -38 53 -38 60 -17 60 -17 39 1 39 1 15 -7 15 -7 11 -31 11 -31 26 -44
SIMPLEX 19 30 0 5 38 44 -1 44 -1 18 38 18 38 18 38 44 -1 18 38 18 -1 44 -1 18 4 -1 18 38 18 38 18 38 44 38 44 -1 44 -1 44 -1 18 2 1 1 1 1 -1 18 38 44 2 4 -1 18 1 38 18 1 38 44 1 -1 44 1 1 1 0 0 0 0 0 0 0 0 4 3 19 4 19 35 41 35 42 35 41 34 41 3 19 3 18 3 38 18 38 44 38 44 -1 44 -1 44 -1 18 4 6 7 45 7 45 7 45 33 45 33 6 33 6 33 6 7
SIMPLEX -15 -24 1 3 -38 -37 6 -32 -6 0 -38 -37 6 -32 -6 0 3 -38 -37 6 -32 6 -32 -6 0 -6 0 -38 -37 2 1 0 0 1 -38 -37 6 0 2 3 -38 -37 1 6 -32 1 -6 0 1 1 1 0 0 0 0 0 0 0 0 7 -31 -35 -30 -35 -38 -37 6 -32 1 -13 1 -12 6 -32 -6 0 1 -13 0 -13 -6 0 -38 -37 -31 -35 -31 -36 2 -38 -37 6 -32 -6 0 -38 -37 3 -31 -48 13 -43 13 -43 1 -11 1 -11 -31 -48
SIMPLEX 0 -38 0 1 -15 -42 17 -33 1 -15 -42 17 -33 2 0 0 0 0 -1 0 0 0 1 1 0 0 0 0 1 1 4 -15 -42 17 -33 16 -27 16 -26 16 -27 15 -27 -16 -49 -16 -50 0 1 -8 -53 24 -44
SIMPLEX -32 22 1 2 -11 19 -24 44 -52 13 -11 19 2 -52 13 -11 19 -11 19 -24 44 2 0 0 0 0 -1 0 1 1 1 1 0 0 0 0 1 1 5 -52 13 -11 19 -16 33 -16 34 -11 19 -24 44 -16 33 -17 33 -48 11 -48 10 1 -52 13 -11 19 2 -45 2 -4 8 -4 8 -17 33
SIMPLEX -34 13 0 2 -14 22 -54 22 -54 5 -14 5 2 -54 5 -14 5 -14 22 -54 22 2 0 0 0 0 -1 0 1 1 1 1 1 1 0 0 0 0 4 -54 5 -14 5 -18 24 -18 25 -14 22 -54 22 -50 2 -50 1 1 -14 22 -54 22 2 -47 -6 -7 -6 -7 11 -47 11
SIMPLEX 23 -4 1 5 43 -4 3 -4 43 -4 3 -4 3 -4 43 -4 23 -24 23 16 23 16 23 -24 4 3 -4 43 -4 23 -24 23 16 43 -4 3 -4 23 16 23 -24 0 1 1 1 1 23 -4 23 -4 0 4 23 -4 1 23 -4 1 23 -4 1 23 -4 1 1 0 0 0 0 0 0 0 0 0 4 3 -4 43 -4 23 -24 23 16 43 -4 3 -4 23 16 23 -24 3 3 -4 43 -4 43 -4 3 -4 23 16 23 -24 4 10 -15 50 -15 30 -35 30 5 50 -15 10 -15 30 5 30 -35
SIMPLEX -5 -6 0 2 -25 2 15 2 15 -14 -25 -14 0 -1 1 1 1 0 -1 0 0 0 0 0 0 0 0 0 0 0 0 0 0
SIMPLEX -38 30 1 6 -13 37 -34 55 -20 16 -13 37 -34 55 -58 47 -47 10 -20 16 -58 47 -62 23 -62 23 -47 10 6 -47 10 -20 16 -20 16 -13 37 -13 37 -34 55 -34 55 -58 47 -58 47 -62 23 -62 23 -47 10 2 1 0 0 1 -62 10 -13 55 2 6 -47 10 1 -20 16 1 -13 37 1 -34 55 1 -58 47 1 -62 23 1 1 1 0 0 0 0 0 0 0 0 4 -54 19 -53 19 -22 41 -22 42 -22 41 -23 41 -54 19 -54 18 5 -47 10 -20 16 -13 37 -34 55 -34 55 -58 47 -58 47 -62 23 -62 23 -47 10 6 -40 -1 -13 5 -13 5 -6 26 -6 26 -27 44 -27 44 -51 36 -51 36 -55 12 -55 12 -40 -1
SIMPLEX -11 5 0 4 -31 19 -31 -7 8 19 -31 19 -31 -7 8 -7 8 -7 8 19 4 -31 -7 8 -7 8 -7 8 19 8 19 -31 19 -31 19 -31 -7 2 1 1 1 1 -31 -7 8 19 2 4 -31 -7 1 8 -7 1 8 19 1 -31 19 1 1 1 0 0 0 0 0 0 0 0 4 -27 -6 -26 -6 5 16 5 17 5 16 4 16 -27 -6 -27 -7 3 8 -7 8 19 8 19 -31 19 -31 19 -31 -7 4 -24 -18 15 -18 15 -18 15 8 15 8 -24 8 -24 8 -24 -18
SIMPLEX -18 9 0 3 3 1 -9 33 -9 33 -41 -4 -41 -4 3 1 3 -41 -4 3 1 3 1 -9 33 -9 33 -41 -4 2 1 0 0 1 -41 -4 3 33 2 3 -41 -4 1 3 1 1 -9 33 1 1 1 0 0 0 0 0 0 0 0 7 -34 -2 -33 -2 -41 -4 3 1 -2 20 -2 21 3 1 -9 33 -2 20 -3 20 -9 33 -41 -4 -34 -2 -34 -3 2 3 1 -9 33 -9 33 -41 -4 3 -34 -15 10 -10 10 -10 -2 22 -2 22 -34 -15
SIMPLEX 28 13 0 2 13 9 45 18 13 9 45 18 1 13 9 45 18 2 0 0 0 0 -1 0 0 0 1 1 0 0 0 0 1 1 4 13 9 45 18 44 24 44 25 44 24 43 24 12 2 12 1 0 1 20 -2 52 7
SIMPLEX -38 -10 1 2 -58 -19 -17 -13 -17 -13 -30 12 2 -58 -19 -17 -13 -17 -13 -30 12 2 0 0 0 0 -1 0 1 1 1 1 0 0 0 0 1 1 5 -58 -19 -17 -13 -22 1 -22 2 -17 -13 -30 12 -22 1 -23 1 -54 -21 -54 -22 1 -58 -19 -17 -13 2 -51 -30 -10 -24 -10 -24 -23 1
SIMPLEX 35 4 0 2 15 -4 55 -4 55 13 15 13 2 15 -4 55 -4 55 13 15 13 2 0 0 0 0 -1 0 1 1 1 1 1 1 0 0 0 0 4 15 -4 55 -4 51 15 51 16 55 13 15 13 19 -7 19 -8 1 55 13 15 13 2 22 -15 62 -15 62 2 22 2
SIMPLEX -1 28 1 4 -21 28 19 28 19 28 -21 28 -1 8 -1 48 -1 48 -1 8 4 -21 28 19 28 -1 8 -1 48 19 28 -21 28 -1 48 -1 8 0 1 1 1 1 -1 28 -1 28 0 4 -1 28 1 -1 28 1 -1 28 1 -1 28 1 1 0 0 0 0 0 0 0 0 0 4 -21 28 19 28 -1 8 -1 48 19 28 -21 28 -1 48 -1 8 3 -21 28 19 28 19 28 -21 28 -1 48 -1 8 4 -14 17 26 17 6 -3 6 37 26 17 -14 17 6 37 6 -3
SIMPLEX 34 8 0 2 14 16 54 16 54 0 14 0 0 -1 1 1 1 0 -1 0 0 0 0 0 0 0 0 0 0 0 0 0 0
SIMPLEX -29 -31 3 7 -4 -24 -25 -6 -49 -14 -53 -38 -25 -6 -49 -14 -53 -38 -38 -51 -4 -24 -25 -6 -38 -51 -11 -45 -11 -45 -4 -24 6 -38 -51 -11 -45 -11 -45 -4 -24 -4 -24 -25 -6 -25 -6 -49 -14 -49 -14 -53 -38 -53 -38 -38 -51 2 1 0 0 1 -53 -51 -4 -6 2 6 -38 -51 1 -11 -45 1 -4 -24 1 -25 -6 1 -49 -14 1 -53 -38 1 1 1 0 0 0 0 0 0 0 0 4 -45 -42 -44 -42 -13 -20 -13 -19 -13 -20 -14 -20 -45 -42 -45 -43 5 -38 -51 -11 -45 -11 -45 -4 -24 -4 -24 -25 -6 -49 -14 -53 -38 -53 -38 -38 -51 6 -31 -62 -4 -56 -4 -56 3 -35 3 -35 -18 -17 -18 -17 -42 -25 -42 -25 -46 -49 -46 -49 -31 -62
SIMPLEX -17 4 0 4 -37 -8 2 -8 -37 18 -37 -8 2 -8 2 18 2 18 -37 18 4 -37 -8 2 -8 2 -8 2 18 2 18 -37 18 -37 18 -37 -8 2 1 1 1 1 -37 -8 2 18 2 4 -37 -8 1 2 -8 1 2 18 1 -37 18 1 1 1 0 0 0 0 0 0 0 0 4 -33 -7 -32 -7 -1 15 -1 16 -1 15 -2 15 -33 -7 -33 -8 3 2 -8 2 18 2 18 -37 18 -37 18 -37 -8 4 -30 -19 9 -19 9 -19 9 7 9 7 -30 7 -30 7 -30 -19
SIMPLEX 10 -31 2 3 -13 -44 31 -39 31 -39 19 -7 19 -7 -13 -44 3 -13 -44 31 -39 31 -39 19 -7 19 -7 -13 -44 2 1 0 0 1 -13 -44 31 -7 2 3 -13 -44 1 31 -39 1 19 -7 1 1 1 0 0 0 0 0 0 0 0 7 -6 -42 -5 -42 -13 -44 31 -39 26 -20 26 -19 31 -39 19 -7 26 -20 25 -20 19 -7 -13 -44 -6 -42 -6 -43 2 -13 -44 31 -39 31 -39 19 -7 3 -6 -55 38 -50 38 -50 26 -18 26 -18 -6 -55
SIMPLEX -26 -34 0 1 -41 -38 -9 -29 1 -41 -38 -9 -29 2 0 0 0 0 -1 0 0 0 1 1 0 0 0 0 1 1 4 -41 -38 -9 -29 -10 -23 -10 -22 -10 -23 -11 -23 -42 -45 -42 -46 0 1 -34 -49 -2 -40
SIMPLEX -11 12 1 2 -31 3 10 9 10 9 -3 34 2 -31 3 10 9 10 9 -3 34 2 0 0 0 0 -1 0 1 1 1 1 0 0 0 0 1 1 5 -31 3 10 9 5 23 5 24 10 9 -3 34 5 23 4 23 -27 1 -27 0 1 -31 3 10 9 2 -24 -8 17 -2 17 -2 4 23
SIMPLEX -36 -19 0 3 -56 -27 -16 -27 -56 -27 -16 -27 -16 -10 -56 -10 2 -56 -27 -16 -27 -16 -10 -56 -10 2 0 0 0 0 -1 0 1 1 1 1 1 1 0 0 0 0 4 -56 -27 -16 -27 -20 -8 -20 -7 -16 -10 -56 -10 -52 -30 -52 -31 1 -16 -10 -56 -10 2 -49 -38 -9 -38 -9 -21 -49 -21
SIMPLEX -36 10 1 4 -36 -10 -36 30 -16 10 -56 10 -36 30 -36 -10 -56 10 -16 10 4 -56 10 -16 10 -36 -10 -36 30 -16 10 -56 10 -36 30 -36 -10 0 1 1 1 1 -36 10 -36 10 0 4 -36 10 1 -36 10 1 -36 10 1 -36 10 1 1 0 0 0 0 0 0 0 0 0 4 -56 10 -16 10 -36 -10 -36 30 -16 10 -56 10 -36 30 -36 -10 3 -56 10 -16 10 -16 10 -56 10 -36 30 -36 -10 4 -49 -1 -9 -1 -29 -21 -29 19 -9 -1 -49 -1 -29 19 -29 -21
SIMPLEX 4 1 0 2 -16 9 24 9 24 -7 -16 -7 0 -1 1 1 1 0 -1 0 0 0 0 0 0 0 0 0 0 0 0 0 0
SIMPLEX 23 -36 5 6 3 -19 -1 -43 -1 -43 14 -56 14 -56 41 -50 48 -29 27 -11 41 -50 48 -29 27 -11 3 -19 6 14 -56 41 -50 41 -50 48 -29 48 -29 27 -11 27 -11 3 -19 3 -19 -1 -43 -1 -43 14 -56 2 1 0 0 1 -1 -56 48 -11 2 6 14 -56 1 41 -50 1 48 -29 1 27 -11 1 3 -19 1 -1 -43 1 1 1 0 0 0 0 0 0 0 0 4 7 -47 8 -47 39 -25 39 -24 39 -25 38 -25 7 -47 7 -48 5 14 -56 41 -50 41 -50 48 -29 48 -29 27 -11 27 -11 3 -19 3 -19 -1 -43 6 21 -67 48 -61 48 -61 55 -40 55 -40 34 -22 34 -22 10 -30 10 -30 6 -54 6 -54 21 -67
SIMPLEX 17 8 0 4 36 22 -3 22 36 -4 36 22 -3 22 -3 -4 -3 -4 36 -4 4 -3 -4 36 -4 36 -4 36 22 36 22 -3 22 -3 22 -3 -4 2 1 1 1 1 -3 -4 36 22 2 4 -3 -4 1 36 -4 1 36 22 1 -3 22 1 1 1 0 0 0 0 0 0 0 0 4 1 -3 2 -3 33 19 33 20 33 19 32 19 1 -3 1 -4 3 36 -4 36 22 36 22 -3 22 -3 22 -3 -4 4 4 -15 43 -15 43 -15 43 11 43 11 4 11 4 11 4 -15
SIMPLEX -35 -6 1 4 -26 18 -58 -19 -58 -19 -14 -14 -14 -14 -26 18 -14 -14 -26 18 3 -58 -19 -14 -14 -14 -14 -26 18 -26 18 -58 -19 2 1 0 0 1 -58 -19 -14 18 2 3 -58 -19 1 -14 -14 1 -26 18 1 1 1 0 0 0 0 0 0 0 0 7 -51 -17 -50 -17 -58 -19 -14 -14 -19 5 -19 6 -14 -14 -26 18 -19 5 -20 5 -26 18 -58 -19 -51 -17 -51 -18 2 -58 -19 -14 -14 -26 18 -58 -19 3 -51 -30 -7 -25 -7 -25 -19 7 -19 7 -51 -30
SIMPLEX 15 -13 0 1 0 -17 32 -8 1 0 -17 32 -8 2 0 0 0 0 -1 0 0 0 1 1 0 0 0 0 1 1 4 0 -17 32 -8 31 -2 31 -1 31 -2 30 -2 -1 -24 -1 -25 0 1 7 -28 39 -19
SIMPLEX 12 -8 1 2 -8 -17 33 -11 33 -11 20 14 2 -8 -17 33 -11 33 -11 20 14 2 0 0 0 0 -1 0 1 1 1 1 0 0 0 0 1 1 5 -8 -17 33 -11 28 3 28 4 33 -11 20 14 28 3 27 3 -4 -19 -4 -20 1 -8 -17 33 -11 2 -1 -28 40 -22 40 -22 27 3
SIMPLEX 18 -25 0 2 38 -16 -2 -16 -2 -33 38 -33 2 -2 -33 38 -33 38 -16 -2 -16 2 0 0 0 0 -1 0 1 1 1 1 1 1 0 0 0 0 4 -2 -33 38 -33 34 -14 34 -13 38 -16 -2 -16 2 -36 2 -37 1 38 -16 -2 -16 2 5 -44 45 -44 45 -27 5 -27
SIMPLEX -22 2 1 4 -22 -18 -22 22 -42 2 -2 2 -2 2 -42 2 -22 22 -22 -18 4 -42 2 -2 2 -22 -18 -22 22 -2 2 -42 2 -22 22 -22 -18 0 1 1 1 1 -22 2 -22 2 0 4 -22 2 1 -22 2 1 -22 2 1 -22 2 1 1 0 0 0 0 0 0 0 0 0 4 -42 2 -2 2 -22 -18 -22 22 -2 2 -42 2 -22 22 -22 -18 3 -42 2 -2 2 -2 2 -42 2 -22 22 -22 -18 4 -35 -9 5 -9 -15 -29 -15 11 5 -9 -35 -9 -15 11 -15 -29
SIMPLEX 21 -33 0 3 1 -25 41 -25 1 -25 41 -25 41 -41 1 -41 0 -1 1 1 1 0 -1 0 0 0 0 0 0 0 0 0 0 0 0 0 0
SIMPLEX 27 36 1 6 31 61 7 53 3 29 18 16 45 22 52 43 7 53 3 29 18 16 45 22 52 43 31 61 6 18 16 45 22 45 22 52 43 52 43 31 61 31 61 7 53 7 53 3 29 3 29 18 16 2 1 0 0 1 3 16 52 61 2 6 18 16 1 45 22 1 52 43 1 31 61 1 7 53 1 3 29 1 1 1 0 0 0 0 0 0 0 0 4 11 25 12 25 43 47 43 48 43 47 42 47 11 25 11 24 5 18 16 45 22 52 43 31 61 31 61 7 53 7 53 3 29 3 29 18 16 6 25 5 52 11 52 11 59 32 59 32 38 50 38 50 14 42 14 42 10 18 10 18 25 5
SIMPLEX -10 24 0 4 9 38 -30 38 9 12 9 38 -30 12 9 12 -30 38 -30 12 4 -30 12 9 12 9 12 9 38 9 38 -30 38 -30 38 -30 12 2 1 1 1 1 -30 12 9 38 2 4 -30 12 1 9 12 1 9 38 1 -30 38 1 1 1 0 0 0 0 0 0 0 0 4 -26 13 -25 13 6 35 6 36 6 35 5 35 -26 13 -26 12 3 9 12 9 38 9 38 -30 38 -30 38 -30 12 4 -23 1 16 1 16 1 16 27 16 27 -23 27 -23 27 -23 1
SIMPLEX -35 -28 0 3 -58 -41 -14 -36 -26 -4 -58 -41 -14 -36 -26 -4 3 -58 -41 -14 -36 -14 -36 -26 -4 -26 -4 -58 -41 2 1 0 0 1 -58 -41 -14 -4 2 3 -58 -41 1 -14 -36 1 -26 -4 1 1 1 0 0 0 0 0 0 0 0 7 -51 -39 -50 -39 -58 -41 -14 -36 -19 -17 -19 -16 -14 -36 -26 -4 -19 -17 -20 -17 -26 -4 -58 -41 -51 -39 -51 -40 2 -14 -36 -26 -4 -26 -4 -58 -41 3 -51 -52 -7 -47 -7 -47 -19 -15 -19 -15 -51 -52
SIMPLEX -39 -14 0 1 -54 -18 -22 -9 1 -54 -18 -22 -9 2 0 0 0 0 -1 0 0 0 1 1 0 0 0 0 1 1 4 -54 -18 -22 -9 -23 -3 -23 -2 -23 -3 -24 -3 -55 -25 -55 -26 0 1 -47 -29 -15 -20
SIMPLEX 25 -12 1 3 5 -21 46 -15 46 -15 33 10 46 -15 33 10 2 5 -21 46 -15 46 -15 33 10 2 0 0 0 0 -1 0 1 1 1 1 0 0 0 0 1 1 5 5 -21 46 -15 41 -1 41 0 46 -15 33 10 41 -1 40 -1 9 -23 9 -24 1 5 -21 46 -15 2 12 -32 53 -26 53 -26 40 -1
SIMPLEX 20 -32 0 2 40 -23 0 -23 0 -40 40 -40 2 0 -40 40 -40 40 -23 0 -23 2 0 0 0 0 -1 0 1 1 1 1 1 1 0 0 0 0 4 0 -40 40 -40 36 -21 36 -20 40 -23 0 -23 4 -43 4 -44 1 40 -23 0 -23 2 7 -51 47 -51 47 -34 7 -34
SIMPLEX -33 14 1 4 -13 14 -53 14 -33 34 -33 -6 -33 -6 -33 34 -53 14 -13 14 4 -53 14 -13 14 -33 -6 -33 34 -13 14 -53 14 -33 34 -33 -6 0 1 1 1 1 -33 14 -33 14 0 4 -33 14 1 -33 14 1 -33 14 1 -33 14 1 1 0 0 0 0 0 0 0 0 0 4 -53 14 -13 14 -33 -6 -33 34 -13 14 -53 14 -33 34 -33 -6 3 -53 14 -13 14 -13 14 -53 14 -33 34 -33 -6 4 -46 3 -6 3 -26 -17 -26 23 -6 3 -46 3 -26 23 -26 -17
SIMPLEX 39 16 0 2 59 8 19 8 19 24 59 24 0 -1 1 1 1 0 -1 0 0 0 0 0 0 0 0 0 0 0 0 0 0
SIMPLEX -23 -1 3 6 -43 16 -47 -8 -19 24 -43 16 2 6 -19 24 -32 -21 -5 -15 -5 -15 2 6 -47 -8 -32 -21 6 -32 -21 -5 -15 -5 -15 2 6 2 6 -19 24 -19 24 -43 16 -43 16 -47 -8 -47 -8 -32 -21 2 1 0 0 1 -47 -21 2 24 2 6 -32 -21 1 -5 -15 1 2 6 1 -19 24 1 -43 16 1 -47 -8 1 1 1 0 0 0 0 0 0 0 0 4 -39 -12 -38 -12 -7 10 -7 11 -7 10 -8 10 -39 -12 -39 -13 5 -32 -21 -5 -15 -5 -15 2 6 2 6 -19 24 -43 16 -47 -8 -47 -8 -32 -21 6 -25 -32 2 -26 2 -26 9 -5 9 -5 -12 13 -12 13 -36 5 -36 5 -40 -19 -40 -19 -25 -32
SIMPLEX -18 17 0 5 1 31 -38 31 -38 5 1 5 1 5 1 31 -38 5 1 5 -38 31 -38 5 4 -38 5 1 5 1 5 1 31 1 31 -38 31 -38 31 -38 5 2 1 1 1 1 -38 5 1 31 2 4 -38 5 1 1 5 1 1 31 1 -38 31 1 1 1 0 0 0 0 0 0 0 0 4 -34 6 -33 6 -2 28 -2 29 -2 28 -3 28 -34 6 -34 5 3 1 5 1 31 1 31 -38 31 -38 31 -38 5 4 -31 -6 8 -6 8 -6 8 20 8 20 -31 20 -31 20 -31 -6
SIMPLEX -19 7 2 3 -10 31 -42 -6 2 -1 -10 31 -42 -6 2 -1 3 -42 -6 2 -1 2 -1 -10 31 -10 31 -42 -6 2 1 0 0 1 -42 -6 2 31 2 3 -42 -6 1 2 -1 1 -10 31 1 1 1 0 0 0 0 0 0 0 0 7 -35 -4 -34 -4 -42 -6 2 -1 -3 18 -3 19 2 -1 -10 31 -3 18 -4 18 -10 31 -42 -6 -35 -4 -35 -5 2 -42 -6 2 -1 2 -1 -10 31 3 -35 -17 9 -12 9 -12 -3 20 -3 20 -35 -17
SIMPLEX -31 40 0 1 -46 36 -14 45 1 -46 36 -14 45 2 0 0 0 0 -1 0 0 0 1 1 0 0 0 0 1 1 4 -46 36 -14 45 -15 51 -15 52 -15 51 -16 51 -47 29 -47 28 0 1 -39 25 -7 34
SIMPLEX -26 38 1 2 -46 29 -5 35 -5 35 -18 60 2 -46 29 -5 35 -5 35 -18 60 2 0 0 0 0 -1 0 1 1 1 1 0 0 0 0 1 1 5 -46 29 -5 35 -10 49 -10 50 -5 35 -18 60 -10 49 -11 49 -42 27 -42 26 1 -46 29 -5 35 2 -39 18 2 24 2 24 -11 49
SIMPLEX -16 -20 0 2 4 -11 -36 -11 -36 -28 4 -28 2 -36 -28 4 -28 4 -11 -36 -11 2 0 0 0 0 -1 0 1 1 1 1 1 1 0 0 0 0 4 -36 -28 4 -28 0 -9 0 -8 4 -11 -36 -11 -32 -31 -32 -32 1 4 -11 -36 -11 2 -29 -39 11 -39 11 -22 -29 -22
SIMPLEX 40 -15 1 5 60 -15 20 -15 40 5 40 -35 60 -15 20 -15 20 -15 60 -15 40 -35 40 5 4 20 -15 60 -15 40 -35 40 5 60 -15 20 -15 40 5 40 -35 0 1 1 1 1 40 -15 40 -15 0 4 40 -15 1 40 -15 1 40 -15 1 40 -15 1 1 0 0 0 0 0 0 0 0 0 4 20 -15 60 -15 40 -35 40 5 60 -15 20 -15 40 5 40 -35 3 20 -15 60 -15 60 -15 20 -15 40 5 40 -35 4 27 -26 67 -26 47 -46 47 -6 67 -26 27 -26 47 -6 47 -46
SIMPLEX -28 34 0 2 -8 26 -48 26 -48 42 -8 42 0 -1 1 1 1 0 -1 0 0 0 0 0 0 0 0 0 0 0 0 0 0
SIMPLEX -6 23 5 6 -30 16 -15 3 19 30 -2 48 12 9 19 30 -15 3 12 9 -2 48 -26 40 -26 40 -30 16 6 -15 3 12 9 12 9 19 30 19 30 -2 48 -2 48 -26 40 -26 40 -30 16 -30 16 -15 3 2 1 0 0 1 -30 3 19 48 2 6 -15 3 1 12 9 1 19 30 1 -2 48 1 -26 40 1 -30 16 1 1 1 0 0 0 0 0 0 0 0 4 -22 12 -21 12 10 34 10 35 10 34 9 34 -22 12 -22 11 5 -15 3 12 9 12 9 19 30 19 30 -2 48 -2 48 -26 40 -26 40 -30 16 6 -8 -8 19 -2 19 -2 26 19 26 19 5 37 5 37 -19 29 -19 29 -23 5 -23 5 -8 -8
SIMPLEX 35 5 0 4 54 19 15 19 54 -7 54 19 15 -7 54 -7 15 19 15 -7 4 15 -7 54 -7 54 -7 54 19 54 19 15 19 15 19 15 -7 2 1 1 1 1 15 -7 54 19 2 4 15 -7 1 54 -7 1 54 19 1 15 19 1 1 1 0 0 0 0 0 0 0 0 4 19 -6 20 -6 51 16 51 17 51 16 50 16 19 -6 19 -7 3 54 -7 54 19 54 19 15 19 15 19 15 -7 4 22 -18 61 -18 61 -18 61 8 61 8 22 8 22 8 22 -18
SIMPLEX 28 -8 1 3 5 -21 49 -16 49 -16 37 16 37 16 5 -21 3 5 -21 49 -16 49 -16 37 16 37 16 5 -21 2 1 0 0 1 5 -21 49 16 2 3 5 -21 1 49 -16 1 37 16 1 1 1 0 0 0 0 0 0 0 0 7 12 -19 13 -19 5 -21 49 -16 44 3 44 4 49 -16 37 16 44 3 43 3 37 16 5 -21 12 -19 12 -20 2 5 -21 49 -16 37 16 5 -21 3 12 -32 56 -27 56 -27 44 5 44 5 12 -32
SIMPLEX 28 -8 0 2 13 -12 45 -3 13 -12 45 -3 1 13 -12 45 -3 2 0 0 0 0 -1 0 0 0 1 1 0 0 0 0 1 1 4 13 -12 45 -3 44 3 44 4 44 3 43 3 12 -19 12 -20 0 1 20 -23 52 -14
SIMPLEX -38 -26 1 2 -58 -35 -17 -29 -17 -29 -30 -4 2 -58 -35 -17 -29 -17 -29 -30 -4 2 0 0 0 0 -1 0 1 1 1 1 0 0 0 0 1 1 5 -58 -35 -17 -29 -22 -15 -22 -14 -17 -29 -30 -4 -22 -15 -23 -15 -54 -37 -54 -38 1 -58 -35 -17 -29 2 -51 -46 -10 -40 -10 -40 -23 -15
SIMPLEX 39 16 0 2 19 8 59 8 59 25 19 25 2 19 8 59 8 59 25 19 25 2 0 0 0 0 -1 0 1 1 1 1 1 1 0 0 0 0 4 19 8 59 8 55 27 55 28 59 25 19 25 23 5 23 4 1 59 25 19 25 2 26 -3 66 -3 66 14 26 14
SIMPLEX -34 32 1 4 -14 32 -54 32 -34 12 -34 52 -54 32 -14 32 -34 52 -34 12 4 -54 32 -14 32 -34 12 -34 52 -14 32 -54 32 -34 52 -34 12 0 1 1 1 1 -34 32 -34 32 0 4 -34 32 1 -34 32 1 -34 32 1 -34 32 1 1 0 0 0 0 0 0 0 0 0 4 -54 32 -14 32 -34 12 -34 52 -14 32 -54 32 -34 52 -34 12 3 -54 32 -14 32 -14 32 -54 32 -34 52 -34 12 4 -47 21 -7 21 -27 1 -27 41 -7 21 -47 21 -27 41 -27 1
SIMPLEX -15 -30 0 2 5 -38 -35 -38 -35 -22 5 -22 0 -1 1 1 1 0 -1 0 0 0 0 0 0 0 0 0 0 0 0 0 0
SIMPLEX -37 -32 1 7 -33 -7 -57 -15 -57 -15 -61 -39 -19 -46 -12 -25 -46 -52 -19 -46 -46 -52 -19 -46 -61 -39 -46 -52 -12 -25 -33 -7 6 -46 -52 -19 -46 -19 -46 -12 -25 -12 -25 -33 -7 -33 -7 -57 -15 -57 -15 -61 -39 -61 -39 -46 -52 2 1 0 0 1 -61 -52 -12 -7 2 6 -46 -52 1 -19 -46 1 -12 -25 1 -33 -7 1 -57 -15 1 -61 -39 1 1 1 0 0 0 0 0 0 0 0 4 -53 -43 -52 -43 -21 -21 -21 -20 -21 -21 -22 -21 -53 -43 -53 -44 5 -46 -52 -19 -46 -12 -25 -33 -7 -33 -7 -57 -15 -57 -15 -61 -39 -61 -39 -46 -52 6 -39 -63 -12 -57 -12 -57 -5 -36 -5 -36 -26 -18 -26 -18 -50 -26 -50 -26 -54 -50 -54 -50 -39 -63
SIMPLEX -40 -3 0 4 -21 -15 -21 11 -21 11 -60 11 -60 11 -60 -15 -60 -15 -21 -15 4 -60 -15 -21 -15 -21 -15 -21 11 -21 11 -60 11 -60 11 -60 -15 2 1 1 1 1 -60 -15 -21 11 2 4 -60 -15 1 -21 -15 1 -21 11 1 -60 11 1 1 1 0 0 0 0 0 0 0 0 4 -56 -14 -55 -14 -24 8 -24 9 -24 8 -25 8 -56 -14 -56 -15 3 -21 -15 -21 11 -21 11 -60 11 -60 11 -60 -15 4 -53 -26 -14 -26 -14 -26 -14 0 -14 0 -53 0 -53 0 -53 -26
SIMPLEX -33 12 0 3 -12 4 -24 36 -24 36 -56 -1 -56 -1 -12 4 3 -56 -1 -12 4 -12 4 -24 36 -24 36 -56 -1 2 1 0 0 1 -56 -1 -12 36 2 3 -56 -1 1 -12 4 1 -24 36 1 1 1 0 0 0 0 0 0 0 0 7 -49 1 -48 1 -56 -1 -12 4 -17 23 -17 24 -12 4 -24 36 -17 23 -18 23 -24 36 -56 -1 -49 1 -49 0 2 -12 4 -24 36 -24 36 -56 -1 3 -49 -12 -5 -7 -5 -7 -17 25 -17 25 -49 -12
SIMPLEX -38 1 0 1 -53 -3 -21 6 1 -53 -3 -21 6 2 0 0 0 0 -1 0 0 0 1 1 0 0 0 0 1 1 4 -53 -3 -21 6 -22 12 -22 13 -22 12 -23 12 -54 -10 -54 -11 0 1 -46 -14 -14 -5
SIMPLEX 38 20 1 2 59 17 46 42 18 11 59 17 2 18 11 59 17 59 17 46 42 2 0 0 0 0 -1 0 1 1 1 1 0 0 0 0 1 1 5 18 11 59 17 54 31 54 32 59 17 46 42 54 31 53 31 22 9 22 8 1 18 11 59 17 2 25 0 66 6 66 6 53 31
SIMPLEX 20 -19 0 3 40 -10 0 -10 0 -27 40 -27 0 -27 40 -27 2 0 -27 40 -27 40 -10 0 -10 2 0 0 0 0 -1 0 1 1 1 1 1 1 0 0 0 0 4 0 -27 40 -27 36 -8 36 -7 40 -10 0 -10 4 -30 4 -31 1 40 -10 0 -10 2 7 -38 47 -38 47 -21 7 -21
SIMPLEX 17 -27 1 4 37 -27 -3 -27 17 -7 17 -47 -3 -27 37 -27 17 -47 17 -7 4 -3 -27 37 -27 17 -47 17 -7 37 -27 -3 -27 17 -7 17 -47 0 1 1 1 1 17 -27 17 -27 0 4 17 -27 1 17 -27 1 17 -27 1 17 -27 1 1 0 0 0 0 0 0 0 0 0 4 -3 -27 37 -27 17 -47 17 -7 37 -27 -3 -27 17 -7 17 -47 3 -3 -27 37 -27 37 -27 -3 -27 17 -7 17 -47 4 4 -38 44 -38 24 -58 24 -18 44 -38 4 -38 24 -18 24 -58
SIMPLEX -22 -19 0 2 -2 -27 -42 -27 -42 -11 -2 -11 0 -1 1 1 1 0 -1 0 0 0 0 0 0 0 0 0 0 0 0 0 0
SIMPLEX -21 -20 3 6 4 -13 -17 5 -3 -34 4 -13 -30 -40 -3 -34 -41 -3 -45 -27 -17 5 -41 -3 -45 -27 -30 -40 6 -30 -40 -3 -34 -3 -34 4 -13 4 -13 -17 5 -17 5 -41 -3 -41 -3 -45 -27 -45 -27 -30 -40 2 1 0 0 1 -45 -40 4 5 2 6 -30 -40 1 -3 -34 1 4 -13 1 -17 5 1 -41 -3 1 -45 -27 1 1 1 0 0 0 0 0 0 0 0 4 -37 -31 -36 -31 -5 -9 -5 -8 -5 -9 -6 -9 -37 -31 -37 -32 5 -30 -40 -3 -34 -3 -34 4 -13 4 -13 -17 5 -41 -3 -45 -27 -45 -27 -30 -40 6 -23 -51 4 -45 4 -45 11 -24 11 -24 -10 -6 -10 -6 -34 -14 -34 -14 -38 -38 -38 -38 -23 -51
SIMPLEX -17 27 0 4 -37 41 -37 15 2 15 2 41 2 41 -37 41 -37 15 2 15 4 -37 15 2 15 2 15 2 41 2 41 -37 41 -37 41 -37 15 2 1 1 1 1 -37 15 2 41 2 4 -37 15 1 2 15 1 2 41 1 -37 41 1 1 1 0 0 0 0 0 0 0 0 4 -33 16 -32 16 -1 38 -1 39 -1 38 -2 38 -33 16 -33 15 3 2 15 2 41 2 41 -37 41 -37 41 -37 15 4 -30 4 9 4 9 4 9 30 9 30 -30 30 -30 30 -30 4
SIMPLEX 25 -11 2 4 34 13 2 -24 46 -19 34 13 2 -24 46 -19 34 13 2 -24 3 2 -24 46 -19 46 -19 34 13 34 13 2 -24 2 1 0 0 1 2 -24 46 13 2 3 2 -24 1 46 -19 1 34 13 1 1 1 0 0 0 0 0 0 0 0 7 9 -22 10 -22 2 -24 46 -19 41 0 41 1 46 -19 34 13 41 0 40 0 34 13 2 -24 9 -22 9 -23 2 2 -24 46 -19 46 -19 34 13 3 9 -35 53 -30 53 -30 41 2 41 2 9 -35
SIMPLEX -40 27 0 1 -55 23 -23 32 1 -55 23 -23 32 2 0 0 0 0 -1 0 0 0 1 1 0 0 0 0 1 1 4 -55 23 -23 32 -24 38 -24 39 -24 38 -25 38 -56 16 -56 15 0 1 -48 12 -16 21
SIMPLEX -1 -16 1 2 -21 -25 20 -19 20 -19 7 6 2 -21 -25 20 -19 20 -19 7 6 2 0 0 0 0 -1 0 1 1 1 1 0 0 0 0 1 1 5 -21 -25 20 -19 15 -5 15 -4 20 -19 7 6 15 -5 14 -5 -17 -27 -17 -28 1 -21 -25 20 -19 2 -14 -36 27 -30 27 -30 14 -5
SIMPLEX 23 36 0 2 43 45 3 45 3 28 43 28 2 3 28 43 28 43 45 3 45 2 0 0 0 0 -1 0 1 1 1 1 1 1 0 0 0 0 4 3 28 43 28 39 47 39 48 43 45 3 45 7 25 7 24 1 43 45 3 45 2 10 17 50 17 50 34 10 34
SIMPLEX -14 24 1 4 -34 24 6 24 -14 44 -14 4 -14 4 -14 44 6 24 -34 24 4 -34 24 6 24 -14 4 -14 44 6 24 -34 24 -14 44 -14 4 0 1 1 1 1 -14 24 -14 24 0 4 -14 24 1 -14 24 1 -14 24 1 -14 24 1 1 0 0 0 0 0 0 0 0 0 4 -34 24 6 24 -14 4 -14 44 6 24 -34 24 -14 44 -14 4 3 -34 24 6 24 6 24 -34 24 -14 44 -14 4 4 -27 13 13 13 -7 -7 -7 33 13 13 -27 13 -7 33 -7 -7
SIMPLEX 28 34 0 3 48 26 8 26 8 42 48 42 8 42 48 42 0 -1 1 1 1 0 -1 0 0 0 0 0 0 0 0 0 0 0 0 0 0
SIMPLEX 40 36 5 6 44 61 20 53 20 53 16 29 31 16 58 22 65 43 44 61 58 22 65 43 16 29 31 16 6 31 16 58 22 58 22 65 43 65 43 44 61 44 61 20 53 20 53 16 29 16 29 31 16 2 1 0 0 1 16 16 65 61 2 6 31 16 1 58 22 1 65 43 1 44 61 1 20 53 1 16 29 1 1 1 0 0 0 0 0 0 0 0 4 24 25 25 25 56 47 56 48 56 47 55 47 24 25 24 24 5 31 16 58 22 58 22 65 43 65 43 44 61 44 61 20 53 20 53 16 29 6 38 5 65 11 65 11 72 32 72 32 51 50 51 50 27 42 27 42 23 18 23 18 38 5
SIMPLEX 7 -19 0 4 -13 -5 -13 -31 -13 -31 26 -31 26 -31 26 -5 26 -5 -13 -5 4 -13 -31 26 -31 26 -31 26 -5 26 -5 -13 -5 -13 -5 -13 -31 2 1 1 1 1 -13 -31 26 -5 2 4 -13 -31 1 26 -31 1 26 -5 1 -13 -5 1 1 1 0 0 0 0 0 0 0 0 4 -9 -30 -8 -30 23 -8 23 -7 23 -8 22 -8 -9 -30 -9 -31 3 26 -31 26 -5 26 -5 -13 -5 -13 -5 -13 -31 4 -6 -42 33 -42 33 -42 33 -16 33 -16 -6 -16 -6 -16 -6 -42
SIMPLEX 18 -26 1 3 39 -34 27 -2 -5 -39 39 -34 27 -2 -5 -39 3 -5 -39 39 -34 39 -34 27 -2 27 -2 -5 -39 2 1 0 0 1 -5 -39 39 -2 2 3 -5 -39 1 39 -34 1 27 -2 1 1 1 0 0 0 0 0 0 0 0 7 2 -37 3 -37 -5 -39 39 -34 34 -15 34 -14 39 -34 27 -2 34 -15 33 -15 27 -2 -5 -39 2 -37 2 -38 2 -5 -39 39 -34 27 -2 -5 -39 3 2 -50 46 -45 46 -45 34 -13 34 -13 2 -50
SIMPLEX -35 -40 0 1 -50 -44 -18 -35 1 -50 -44 -18 -35 2 0 0 0 0 -1 0 0 0 1 1 0 0 0 0 1 1 4 -50 -44 -18 -35 -19 -29 -19 -28 -19 -29 -20 -29 -51 -51 -51 -52 0 1 -43 -55 -11 -46
SIMPLEX -28 7 1 3 -48 -2 -7 4 -7 4 -20 29 -7 4 -20 29 2 -48 -2 -7 4 -7 4 -20 29 2 0 0 0 0 -1 0 1 1 1 1 0 0 0 0 1 1 5 -48 -2 -7 4 -12 18 -12 19 -7 4 -20 29 -12 18 -13 18 -44 -4 -44 -5 1 -48 -2 -7 4 2 -41 -13 0 -7 0 -7 -13 18
SIMPLEX -11 38 0 2 -31 30 9 30 9 47 -31 47 2 -31 30 9 30 9 47 -31 47 2 0 0 0 0 -1 0 1 1 1 1 1 1 0 0 0 0 4 -31 30 9 30 5 49 5 50 9 47 -31 47 -27 27 -27 26 1 9 47 -31 47 2 -24 19 16 19 16 36 -24 36
SIMPLEX -16 3 1 4 4 3 -36 3 -16 -17 -16 23 -16 23 -16 -17 -36 3 4 3 4 -36 3 4 3 -16 -17 -16 23 4 3 -36 3 -16 23 -16 -17 0 1 1 1 1 -16 3 -16 3 0 4 -16 3 1 -16 3 1 -16 3 1 -16 3 1 1 0 0 0 0 0 0 0 0 0 4 -36 3 4 3 -16 -17 -16 23 4 3 -36 3 -16 23 -16 -17 3 -36 3 4 3 4 3 -36 3 -16 23 -16 -17 4 -29 -8 11 -8 -9 -28 -9 12 11 -8 -29 -8 -9 12 -9 -28
SIMPLEX -26 -40 0 2 -6 -48 -46 -48 -46 -32 -6 -32 0 -1 1 1 1 0 -1 0 0 0 0 0 0 0 0 0 0 0 0 0 0
SIMPLEX 17 -12 1 6 42 -5 21 13 8 -32 35 -26 -3 5 -7 -19 21 13 -3 5 -7 -19 8 -32 35 -26 42 -5 6 8 -32 35 -26 35 -26 42 -5 42 -5 21 13 21 13 -3 5 -3 5 -7 -19 -7 -19 8 -32 2 1 0 0 1 -7 -32 42 13 2 6 8 -32 1 35 -26 1 42 -5 1 21 13 1 -3 5 1 -7 -19 1 1 1 0 0 0 0 0 0 0 0 4 1 -23 2 -23 33 -1 33 0 33 -1 32 -1 1 -23 1 -24 5 8 -32 35 -26 42 -5 21 13 21 13 -3 5 -3 5 -7 -19 -7 -19 8 -32 6 15 -43 42 -37 42 -37 49 -16 49 -16 28 2 28 2 4 -6 4 -6 0 -30 0 -30 15 -43
SIMPLEX 28 -36 0 5 47 -22 8 -22 8 -22 8 -48 8 -48 47 -48 47 -48 47 -22 8 -48 47 -48 4 8 -48 47 -48 47 -48 47 -22 47 -22 8 -22 8 -22 8 -48 2 1 1 1 1 8 -48 47 -22 2 4 8 -48 1 47 -48 1 47 -22 1 8 -22 1 1 1 0 0 0 0 0 0 0 0 4 12 -47 13 -47 44 -25 44 -24 44 -25 43 -25 12 -47 12 -48 3 47 -48 47 -22 47 -22 8 -22 8 -22 8 -48 4 15 -59 54 -59 54 -59 54 -33 54 -33 15 -33 15 -33 15 -59
SIMPLEX -8 25 0 3 -31 12 13 17 13 17 1 49 1 49 -31 12 3 -31 12 13 17 13 17 1 49 1 49 -31 12 2 1 0 0 1 -31 12 13 49 2 3 -31 12 1 13 17 1 1 49 1 1 1 0 0 0 0 0 0 0 0 7 -24 14 -23 14 -31 12 13 17 8 36 8 37 13 17 1 49 8 36 7 36 1 49 -31 12 -24 14 -24 13 2 13 17 1 49 1 49 -31 12 3 -24 1 20 6 20 6 8 38 8 38 -24 1
SIMPLEX -25 34 0 1 -40 30 -8 39 1 -40 30 -8 39 2 0 0 0 0 -1 0 0 0 1 1 0 0 0 0 1 1 4 -40 30 -8 39 -9 45 -9 46 -9 45 -10 45 -41 23 -41 22 0 1 -33 19 -1 28
SIMPLEX 0 -12 1 2 21 -15 8 10 -20 -21 21 -15 2 -20 -21 21 -15 21 -15 8 10 2 0 0 0 0 -1 0 1 1 1 1 0 0 0 0 1 1 5 -20 -21 21 -15 16 -1 16 0 21 -15 8 10 16 -1 15 -1 -16 -23 -16 -24 1 -20 -21 21 -15 2 -13 -32 28 -26 28 -26 15 -1
SIMPLEX 7 -29 0 2 27 -20 -13 -20 -13 -37 27 -37 2 -13 -37 27 -37 27 -20 -13 -20 2 0 0 0 0 -1 0 1 1 1 1 1 1 0 0 0 0 4 -13 -37 27 -37 23 -18 23 -17 27 -20 -13 -20 -9 -40 -9 -41 1 27 -20 -13 -20 2 -6 -48 34 -48 34 -31 -6 -31
SIMPLEX -19 -2 1 5 -19 18 -19 -22 1 -2 -39 -2 -39 -2 1 -2 -19 -22 -19 18 1 -2 -39 -2 4 -39 -2 1 -2 -19 -22 -19 18 1 -2 -39 -2 -19 18 -19 -22 0 1 1 1 1 -19 -2 -19 -2 0 4 -19 -2 1 -19 -2 1 -19 -2 1 -19 -2 1 1 0 0 0 0 0 0 0 0 0 4 -39 -2 1 -2 -19 -22 -19 18 1 -2 -39 -2 -19 18 -19 -22 3 -39 -2 1 -2 1 -2 -39 -2 -19 18 -19 -22 4 -32 -13 8 -13 -12 -33 -12 7 8 -13 -32 -13 -12 7 -12 -33
SIMPLEX -20 16 0 2 -40 24 0 24 0 8 -40 8 0 -1 1 1 1 0 -1 0 0 0 0 0 0 0 0 0 0 0 0 0 0
SIMPLEX -15 -27 3 6 -11 -2 -35 -10 -35 -10 -39 -34 10 -20 -11 -2 -39 -34 -24 -47 3 -41 10 -20 -24 -47 3 -41 6 -24 -47 3 -41 3 -41 10 -20 10 -20 -11 -2 -11 -2 -35 -10 -35 -10 -39 -34 -39 -34 -24 -47 2 1 0 0 1 -39 -47 10 -2 2 6 -24 -47 1 3 -41 1 10 -20 1 -11 -2 1 -35 -10 1 -39 -34 1 1 1 0 0 0 0 0 0 0 0 4 -31 -38 -30 -38 1 -16 1 -15 1 -16 0 -16 -31 -38 -31 -39 5 -24 -47 3 -41 3 -41 10 -20 10 -20 -11 -2 -35 -10 -39 -34 -39 -34 -24 -47 6 -17 -58 10 -52 10 -52 17 -31 17 -31 -4 -13 -4 -13 -28 -21 -28 -21 -32 -45 -32 -45 -17 -58
SIMPLEX 21 30 0 4 40 18 40 44 1 18 40 18 1 44 1 18 40 44 1 44 4 1 18 40 18 40 18 40 44 40 44 1 44 1 44 1 18 2 1 1 1 1 1 18 40 44 2 4 1 18 1 40 18 1 40 44 1 1 44 1 1 1 0 0 0 0 0 0 0 0 4 5 19 6 19 37 41 37 42 37 41 36 41 5 19 5 18 3 40 18 40 44 40 44 1 44 1 44 1 18 4 8 7 47 7 47 7 47 33 47 33 8 33 8 33 8 7
SIMPLEX -28 -19 2 3 -51 -32 -7 -27 -7 -27 -19 5 -19 5 -51 -32 3 -51 -32 -7 -27 -7 -27 -19 5 -19 5 -51 -32 2 1 0 0 1 -51 -32 -7 5 2 3 -51 -32 1 -7 -27 1 -19 5 1 1 1 0 0 0 0 0 0 0 0 7 -44 -30 -43 -30 -51 -32 -7 -27 -12 -8 -12 -7 -7 -27 -19 5 -12 -8 -13 -8 -19 5 -51 -32 -44 -30 -44 -31 2 -51 -32 -7 -27 -7 -27 -19 5 3 -44 -43 0 -38 0 -38 -12 -6 -12 -6 -44 -43
SIMPLEX -38 15 0 2 -53 11 -21 20 -53 11 -21 20 1 -53 11 -21 20 2 0 0 0 0 -1 0 0 0 1 1 0 0 0 0 1 1 4 -53 11 -21 20 -22 26 -22 27 -22 26 -23 26 -54 4 -54 3 0 1 -46 0 -14 9
SIMPLEX 23 -34 1 2 3 -43 44 -37 44 -37 31 -12 2 3 -43 44 -37 44 -37 31 -12 2 0 0 0 0 -1 0 1 1 1 1 0 0 0 0 1 1 5 3 -43 44 -37 39 -23 39 -22 44 -37 31 -12 39 -23 38 -23 7 -45 7 -46 1 3 -43 44 -37 2 10 -54 51 -48 51 -48 38 -23
SIMPLEX 0 -6 0 2 -20 -14 20 -14 20 3 -20 3 2 -20 -14 20 -14 20 3 -20 3 2 0 0 0 0 -1 0 1 1 1 1 1 1 0 0 0 0 4 -20 -14 20 -14 16 5 16 6 20 3 -20 3 -16 -17 -16 -18 1 20 3 -20 3 2 -13 -25 27 -25 27 -8 -13 -8
SIMPLEX -27 19 1 4 -47 19 -7 19 -27 39 -27 -1 -7 19 -47 19 -27 -1 -27 39 4 -47 19 -7 19 -27 -1 -27 39 -7 19 -47 19 -27 39 -27 -1 0 1 1 1 1 -27 19 -27 19 0 4 -27 19 1 -27 19 1 -27 19 1 -27 19 1 1 0 0 0 0 0 0 0 0 0 4 -47 19 -7 19 -27 -1 -27 39 -7 19 -47 19 -27 39 -27 -1 3 -47 19 -7 19 -7 19 -47 19 -27 39 -27 -1 4 -40 8 0 8 -20 -12 -20 28 0 8 -40 8 -20 28 -20 -12
SIMPLEX 16 6 0 2 -4 14 36 14 36 -2 -4 -2 0 -1 1 1 1 0 -1 0 0 0 0 0 0 0 0 0 0 0 0 0 0
SIMPLEX 0 -37 5 7 -20 -20 -24 -44 -24 -44 -9 -57 18 -51 25 -30 -20 -20 -24 -44 25 -30 4 -12 4 -12 -20 -20 -9 -57 18 -51 6 -9 -57 18 -51 18 -51 25 -30 25 -30 4 -12 4 -12 -20 -20 -20 -20 -24 -44 -24 -44 -9 -57 2 1 0 0 1 -24 -57 25 -12 2 6 -9 -57 1 18 -51 1 25 -30 1 4 -12 1 -20 -20 1 -24 -44 1 1 1 0 0 0 0 0 0 0 0 4 -16 -48 -15 -48 16 -26 16 -25 16 -26 15 -26 -16 -48 -16 -49 5 -9 -57 18 -51 18 -51 25 -30 25 -30 4 -12 4 -12 -20 -20 -20 -20 -24 -44 6 -2 -68 25 -62 25 -62 32 -41 32 -41 11 -23 11 -23 -13 -31 -13 -31 -17 -55 -17 -55 -2 -68
SIMPLEX 34 -35 0 4 53 -21 14 -21 14 -21 14 -47 14 -47 53 -47 53 -47 53 -21 4 14 -47 53 -47 53 -47 53 -21 53 -21 14 -21 14 -21 14 -47 2 1 1 1 1 14 -47 53 -21 2 4 14 -47 1 53 -47 1 53 -21 1 14 -21 1 1 1 0 0 0 0 0 0 0 0 4 18 -46 19 -46 50 -24 50 -23 50 -24 49 -24 18 -46 18 -47 3 53 -47 53 -21 53 -21 14 -21 14 -21 14 -47 4 21 -58 60 -58 60 -58 60 -32 60 -32 21 -32 21 -32 21 -58
SIMPLEX -13 -24 1 3 -4 0 -36 -37 -36 -37 8 -32 8 -32 -4 0 3 -36 -37 8 -32 8 -32 -4 0 -4 0 -36 -37 2 1 0 0 1 -36 -37 8 0 2 3 -36 -37 1 8 -32 1 -4 0 1 1 1 0 0 0 0 0 0 0 0 7 -29 -35 -28 -35 -36 -37 8 -32 3 -13 3 -12 8 -32 -4 0 3 -13 2 -13 -4 0 -36 -37 -29 -35 -29 -36 2 -36 -37 8 -32 -4 0 -36 -37 3 -29 -48 15 -43 15 -43 3 -11 3 -11 -29 -48
SIMPLEX -30 40 0 1 -45 36 -13 45 1 -45 36 -13 45 2 0 0 0 0 -1 0 0 0 1 1 0 0 0 0 1 1 4 -45 36 -13 45 -14 51 -14 52 -14 51 -15 51 -46 29 -46 28 0 1 -38 25 -6 34
SIMPLEX -23 26 1 2 -2 23 -15 48 -43 17 -2 23 2 -43 17 -2 23 -2 23 -15 48 2 0 0 0 0 -1 0 1 1 1 1 0 0 0 0 1 1 5 -43 17 -2 23 -7 37 -7 38 -2 23 -15 48 -7 37 -8 37 -39 15 -39 14 1 -43 17 -2 23 2 -36 6 5 12 5 12 -8 37
SIMPLEX -9 15 0 3 -29 7 11 7 -29 7 11 7 11 24 -29 24 2 -29 7 11 7 11 24 -29 24 2 0 0 0 0 -1 0 1 1 1 1 1 1 0 0 0 0 4 -29 7 11 7 7 26 7 27 11 24 -29 24 -25 4 -25 3 1 11 24 -29 24 2 -22 -4 18 -4 18 13 -22 13
SIMPLEX -1 32 1 4 -21 32 19 32 -1 52 -1 12 -1 12 -1 52 19 32 -21 32 4 -21 32 19 32 -1 12 -1 52 19 32 -21 32 -1 52 -1 12 0 1 1 1 1 -1 32 -1 32 0 4 -1 32 1 -1 32 1 -1 32 1 -1 32 1 1 0 0 0 0 0 0 0 0 0 4 -21 32 19 32 -1 12 -1 52 19 32 -21 32 -1 52 -1 12 3 -21 32 19 32 19 32 -21 32 -1 52 -1 12 4 -14 21 26 21 6 1 6 41 26 21 -14 21 6 41 6 1
SIMPLEX 8 10 0 2 -12 18 28 18 28 2 -12 2 0 -1 1 1 1 0 -1 0 0 0 0 0 0 0 0 0 0 0 0 0 0
SIMPLEX -15 -6 1 6 -11 19 -35 11 10 1 -11 19 -24 -26 3 -20 -35 11 -39 -13 -39 -13 -24 -26 3 -20 10 1 6 -24 -26 3 -20 3 -20 10 1 10 1 -11 19 -11 19 -35 11 -35 11 -39 -13 -39 -13 -24 -26 2 1 0 0 1 -39 -26 10 19 2 6 -24 -26 1 3 -20 1 10 1 1 -11 19 1 -35 11 1 -39 -13 1 1 1 0 0 0 0 0 0 0 0 4 -31 -17 -30 -17 1 5 1 6 1 5 0 5 -31 -17 -31 -18 5 -24 -26 3 -20 10 1 -11 19 -11 19 -35 11 -35 11 -39 -13 -39 -13 -24 -26 6 -17 -37 10 -31 10 -31 17 -10 17 -10 -4 8 -4 8 -28 0 -28 0 -32 -24 -32 -24 -17 -37
SIMPLEX -12 -36 0 4 7 -48 7 -22 7 -22 -32 -22 -32 -22 -32 -48 -32 -48 7 -48 4 -32 -48 7 -48 7 -48 7 -22 7 -22 -32 -22 -32 -22 -32 -48 2 1 1 1 1 -32 -48 7 -22 2 4 -32 -48 1 7 -48 1 7 -22 1 -32 -22 1 1 1 0 0 0 0 0 0 0 0 4 -28 -47 -27 -47 4 -25 4 -24 4 -25 3 -25 -28 -47 -28 -48 3 7 -48 7 -22 7 -22 -32 -22 -32 -22 -32 -48 4 -25 -59 14 -59 14 -59 14 -33 14 -33 -25 -33 -25 -33 -25 -59
SIMPLEX 26 3 0 4 35 27 3 -10 3 -10 47 -5 3 -10 47 -5 47 -5 35 27 3 3 -10 47 -5 47 -5 35 27 35 27 3 -10 2 1 0 0 1 3 -10 47 27 2 3 3 -10 1 47 -5 1 35 27 1 1 1 0 0 0 0 0 0 0 0 7 10 -8 11 -8 3 -10 47 -5 42 14 42 15 47 -5 35 27 42 14 41 14 35 27 3 -10 10 -8 10 -9 2 47 -5 35 27 35 27 3 -10 3 10 -21 54 -16 54 -16 42 16 42 16 10 -21
SIMPLEX -33 -2 0 1 -48 -6 -16 3 1 -48 -6 -16 3 2 0 0 0 0 -1 0 0 0 1 1 0 0 0 0 1 1 4 -48 -6 -16 3 -17 9 -17 10 -17 9 -18 9 -49 -13 -49 -14 0 1 -41 -17 -9 -8
SIMPLEX -28 10 1 2 -7 7 -20 32 -48 1 -7 7 2 -48 1 -7 7 -7 7 -20 32 2 0 0 0 0 -1 0 1 1 1 1 0 0 0 0 1 1 5 -48 1 -7 7 -12 21 -12 22 -7 7 -20 32 -12 21 -13 21 -44 -1 -44 -2 1 -48 1 -7 7 2 -41 -10 0 -4 0 -4 -13 21
SIMPLEX 5 6 0 2 -15 -2 25 -2 25 15 -15 15 2 -15 -2 25 -2 25 15 -15 15 2 0 0 0 0 -1 0 1 1 1 1 1 1 0 0 0 0 4 -15 -2 25 -2 21 17 21 18 25 15 -15 15 -11 -5 -11 -6 1 25 15 -15 15 2 -8 -13 32 -13 32 4 -8 4
SIMPLEX 5 33 1 4 5 53 5 13 25 33 -15 33 -15 33 25 33 5 13 5 53 4 -15 33 25 33 5 13 5 53 25 33 -15 33 5 53 5 13 0 1 1 1 1 5 33 5 33 0 4 5 33 1 5 33 1 5 33 1 5 33 1 1 0 0 0 0 0 0 0 0 0 4 -15 33 25 33 5 13 5 53 25 33 -15 33 5 53 5 13 3 -15 33 25 33 25 33 -15 33 5 53 5 13 4 -8 22 32 22 12 2 12 42 32 22 -8 22 12 42 12 2
SIMPLEX 28 -14 0 3 8 -6 48 -6 48 -22 8 -22 8 -6 48 -6 0 -1 1 1 1 0 -1 0 0 0 0 0 0 0 0 0 0 0 0 0 0
SIMPLEX -33 19 3 6 -29 44 -53 36 -15 5 -8 26 -53 36 -57 12 -8 26 -29 44 -42 -1 -15 5 -57 12 -42 -1 6 -42 -1 -15 5 -15 5 -8 26 -8 26 -29 44 -29 44 -53 36 -53 36 -57 12 -57 12 -42 -1 2 1 0 0 1 -57 -1 -8 44 2 6 -42 -1 1 -15 5 1 -8 26 1 -29 44 1 -53 36 1 -57 12 1 1 1 0 0 0 0 0 0 0 0 4 -49 8 -48 8 -17 30 -17 31 -17 30 -18 30 -49 8 -49 7 5 -42 -1 -15 5 -15 5 -8 26 -8 26 -29 44 -53 36 -57 12 -57 12 -42 -1 6 -35 -12 -8 -6 -8 -6 -1 15 -1 15 -22 33 -22 33 -46 25 -46 25 -50 1 -50 1 -35 -12
SIMPLEX 11 -17 0 4 30 -3 -9 -3 -9 -29 30 -29 30 -29 30 -3 -9 -3 -9 -29 4 -9 -29 30 -29 30 -29 30 -3 30 -3 -9 -3 -9 -3 -9 -29 2 1 1 1 1 -9 -29 30 -3 2 4 -9 -29 1 30 -29 1 30 -3 1 -9 -3 1 1 1 0 0 0 0 0 0 0 0 4 -5 -28 -4 -28 27 -6 27 -5 27 -6 26 -6 -5 -28 -5 -29 3 30 -29 30 -3 30 -3 -9 -3 -9 -3 -9 -29 4 -2 -40 37 -40 37 -40 37 -14 37 -14 -2 -14 -2 -14 -2 -40
SIMPLEX -16 17 2 3 -7 41 -39 4 -39 4 5 9 5 9 -7 41 3 -39 4 5 9 5 9 -7 41 -7 41 -39 4 2 1 0 0 1 -39 4 5 41 2 3 -39 4 1 5 9 1 -7 41 1 1 1 0 0 0 0 0 0 0 0 7 -32 6 -31 6 -39 4 5 9 0 28 0 29 5 9 -7 41 0 28 -1 28 -7 41 -39 4 -32 6 -32 5 2 -39 4 5 9 5 9 -7 41 3 -32 -7 12 -2 12 -2 0 30 0 30 -32 -7
SIMPLEX -12 -22 0 1 -27 -26 5 -17 1 -27 -26 5 -17 2 0 0 0 0 -1 0 0 0 1 1 0 0 0 0 1 1 4 -27 -26 5 -17 4 -11 4 -10 4 -11 3 -11 -28 -33 -28 -34 0 1 -20 -37 12 -28
SIMPLEX 12 -14 1 3 -8 -23 33 -17 33 -17 20 8 33 -17 20 8 2 -8 -23 33 -17 33 -17 20 8 2 0 0 0 0 -1 0 1 1 1 1 0 0 0 0 1 1 5 -8 -23 33 -17 28 -3 28 -2 33 -17 20 8 28 -3 27 -3 -4 -25 -4 -26 1 -8 -23 33 -17 2 -1 -34 40 -28 40 -28 27 -3
SIMPLEX 7 -40 0 2 27 -31 -13 -31 -13 -48 27 -48 2 -13 -48 27 -48 27 -31 -13 -31 2 0 0 0 0 -1 0 1 1 1 1 1 1 0 0 0 0 4 -13 -48 27 -48 23 -29 23 -28 27 -31 -13 -31 -9 -51 -9 -52 1 27 -31 -13 -31 2 -6 -59 34 -59 34 -42 -6 -42
SIMPLEX -22 -25 1 4 -42 -25 -2 -25 -22 -45 -22 -5 -2 -25 -42 -25 -22 -5 -22 -45 4 -42 -25 -2 -25 -22 -45 -22 -5 -2 -25 -42 -25 -22 -5 -22 -45 0 1 1 1 1 -22 -25 -22 -25 0 4 -22 -25 1 -22 -25 1 -22 -25 1 -22 -25 1 1 0 0 0 0 0 0 0 0 0 4 -42 -25 -2 -25 -22 -45 -22 -5 -2 -25 -42 -25 -22 -5 -22 -45 3 -42 -25 -2 -25 -2 -25 -42 -25 -22 -5 -22 -45 4 -35 -36 5 -36 -15 -56 -15 -16 5 -36 -35 -36 -15 -16 -15 -56
SIMPLEX 19 7 0 2 39 -1 -1 -1 -1 15 39 15 0 -1 1 1 1 0 -1 0 0 0 0 0 0 0 0 0 0 0 0 0 0
SIMPLEX -36 15 5 6 -45 -5 -18 1 -11 22 -32 40 -18 1 -11 22 -56 32 -60 8 -32 40 -56 32 -60 8 -45 -5 6 -45 -5 -18 1 -18 1 -11 22 -11 22 -32 40 -32 40 -56 32 -56 32 -60 8 -60 8 -45 -5 2 1 0 0 1 -60 -5 -11 40 2 6 -45 -5 1 -18 1 1 -11 22 1 -32 40 1 -56 32 1 -60 8 1 1 1 0 0 0 0 0 0 0 0 4 -52 4 -51 4 -20 26 -20 27 -20 26 -21 26 -52 4 -52 3 5 -45 -5 -18 1 -18 1 -11 22 -11 22 -32 40 -32 40 -56 32 -56 32 -60 8 6 -38 -16 -11 -10 -11 -10 -4 11 -4 11 -25 29 -25 29 -49 21 -49 21 -53 -3 -53 -3 -38 -16
SIMPLEX 15 -3 0 5 34 11 -5 11 34 -15 34 11 -5 -15 34 -15 -5 11 -5 -15 -5 -15 34 -15 4 -5 -15 34 -15 34 -15 34 11 34 11 -5 11 -5 11 -5 -15 2 1 1 1 1 -5 -15 34 11 2 4 -5 -15 1 34 -15 1 34 11 1 -5 11 1 1 1 0 0 0 0 0 0 0 0 4 -1 -14 0 -14 31 8 31 9 31 8 30 8 -1 -14 -1 -15 3 34 -15 34 11 34 11 -5 11 -5 11 -5 -15 4 2 -26 41 -26 41 -26 41 0 41 0 2 0 2 0 2 -26
SIMPLEX -23 -17 1 3 -2 -25 -14 7 -14 7 -46 -30 -46 -30 -2 -25 3 -46 -30 -2 -25 -2 -25 -14 7 -14 7 -46 -30 2 1 0 0 1 -46 -30 -2 7 2 3 -46 -30 1 -2 -25 1 -14 7 1 1 1 0 0 0 0 0 0 0 0 7 -39 -28 -38 -28 -46 -30 -2 -25 -7 -6 -7 -5 -2 -25 -14 7 -7 -6 -8 -6 -14 7 -46 -30 -39 -28 -39 -29 2 -46 -30 -2 -25 -14 7 -46 -30 3 -39 -41 5 -36 5 -36 -7 -4 -7 -4 -39 -41
SIMPLEX -26 25 0 1 -41 21 -9 30 1 -41 21 -9 30 2 0 0 0 0 -1 0 0 0 1 1 0 0 0 0 1 1 4 -41 21 -9 30 -10 36 -10 37 -10 36 -11 36 -42 14 -42 13 0 1 -34 10 -2 19
SIMPLEX -29 10 1 2 -8 7 -21 32 -49 1 -8 7 2 -49 1 -8 7 -8 7 -21 32 2 0 0 0 0 -1 0 1 1 1 1 0 0 0 0 1 1 5 -49 1 -8 7 -13 21 -13 22 -8 7 -21 32 -13 21 -14 21 -45 -1 -45 -2 1 -49 1 -8 7 2 -42 -10 -1 -4 -1 -4 -14 21
SIMPLEX 4 17 0 2 24 26 -16 26 -16 9 24 9 2 -16 9 24 9 24 26 -16 26 2 0 0 0 0 -1 0 1 1 1 1 1 1 0 0 0 0 4 -16 9 24 9 20 28 20 29 24 26 -16 26 -12 6 -12 5 1 24 26 -16 26 2 -9 -2 31 -2 31 15 -9 15
SIMPLEX -24 19 1 5 -44 19 -4 19 -4 19 -44 19 -24 39 -24 -1 -24 -1 -24 39 -4 19 -44 19 4 -44 19 -4 19 -24 -1 -24 39 -4 19 -44 19 -24 39 -24 -1 0 1 1 1 1 -24 19 -24 19 0 4 -24 19 1 -24 19 1 -24 19 1 -24 19 1 1 0 0 0 0 0 0 0 0 0 4 -44 19 -4 19 -24 -1 -24 39 -4 19 -44 19 -24 39 -24 -1 3 -44 19 -4 19 -4 19 -44 19 -24 39 -24 -1 4 -37 8 3 8 -17 -12 -17 28 3 8 -37 8 -17 28 -17 -12
SIMPLEX 28 14 0 2 8 22 48 22 48 6 8 6 0 -1 1 1 1 0 -1 0 0 0 0 0 0 0 0 0 0 0 0 0 0
SIMPLEX 20 -7 1 6 -4 -14 11 -27 0 10 -4 -14 24 18 0 10 11 -27 38 -21 45 0 24 18 38 -21 45 0 6 11 -27 38 -21 38 -21 45 0 45 0 24 18 24 18 0 10 0 10 -4 -14 -4 -14 11 -27 2 1 0 0 1 -4 -27 45 18 2 6 11 -27 1 38 -21 1 45 0 1 24 18 1 0 10 1 -4 -14 1 1 1 0 0 0 0 0 0 0 0 4 4 -18 5 -18 36 4 36 5 36 4 35 4 4 -18 4 -19 5 11 -27 38 -21 45 0 24 18 24 18 0 10 0 10 -4 -14 -4 -14 11 -27 6 18 -38 45 -32 45 -32 52 -11 52 -11 31 7 31 7 7 -1 7 -1 3 -25 3 -25 18 -38
SIMPLEX -34 -35 0 4 -15 -47 -15 -21 -54 -47 -15 -47 -15 -21 -54 -21 -54 -21 -54 -47 4 -54 -47 -15 -47 -15 -47 -15 -21 -15 -21 -54 -21 -54 -21 -54 -47 2 1 1 1 1 -54 -47 -15 -21 2 4 -54 -47 1 -15 -47 1 -15 -21 1 -54 -21 1 1 1 0 0 0 0 0 0 0 0 4 -50 -46 -49 -46 -18 -24 -18 -23 -18 -24 -19 -24 -50 -46 -50 -47 3 -15 -47 -15 -21 -15 -21 -54 -21 -54 -21 -54 -47 4 -47 -58 -8 -58 -8 -58 -8 -32 -8 -32 -47 -32 -47 -32 -47 -58
SIMPLEX 7 5 0 3 28 -3 16 29 16 29 -16 -8 -16 -8 28 -3 3 -16 -8 28 -3 28 -3 16 29 16 29 -16 -8 2 1 0 0 1 -16 -8 28 29 2 3 -16 -8 1 28 -3 1 16 29 1 1 1 0 0 0 0 0 0 0 0 7 -9 -6 -8 -6 -16 -8 28 -3 23 16 23 17 28 -3 16 29 23 16 22 16 16 29 -16 -8 -9 -6 -9 -7 2 28 -3 16 29 16 29 -16 -8 3 -9 -19 35 -14 35 -14 23 18 23 18 -9 -19
SIMPLEX -30 5 0 2 -45 1 -13 10 -45 1 -13 10 1 -45 1 -13 10 2 0 0 0 0 -1 0 0 0 1 1 0 0 0 0 1 1 4 -45 1 -13 10 -14 16 -14 17 -14 16 -15 16 -46 -6 -46 -7 0 1 -38 -10 -6 -1
SIMPLEX -38 -33 1 2 -58 -42 -17 -36 -17 -36 -30 -11 2 -58 -42 -17 -36 -17 -36 -30 -11 2 0 0 0 0 -1 0 1 1 1 1 0 0 0 0 1 1 5 -58 -42 -17 -36 -22 -22 -22 -21 -17 -36 -30 -11 -22 -22 -23 -22 -54 -44 -54 -45 1 -58 -42 -17 -36 2 -51 -53 -10 -47 -10 -47 -23 -22
SIMPLEX 0 11 0 2 20 20 -20 20 -20 3 20 3 2 -20 3 20 3 20 20 -20 20 2 0 0 0 0 -1 0 1 1 1 1 1 1 0 0 0 0 4 -20 3 20 3 16 22 16 23 20 20 -20 20 -16 0 -16 -1 1 20 20 -20 20 2 -13 -8 27 -8 27 9 -13 9
SIMPLEX -36 5 1 4 -36 -15 -36 25 -16 5 -56 5 -36 25 -36 -15 -56 5 -16 5 4 -56 5 -16 5 -36 -15 -36 25 -16 5 -56 5 -36 25 -36 -15 0 1 1 1 1 -36 5 -36 5 0 4 -36 5 1 -36 5 1 -36 5 1 -36 5 1 1 0 0 0 0 0 0 0 0 0 4 -56 5 -16 5 -36 -15 -36 25 -16 5 -56 5 -36 25 -36 -15 3 -56 5 -16 5 -16 5 -56 5 -36 25 -36 -15 4 -49 -6 -9 -6 -29 -26 -29 14 -9 -6 -49 -6 -29 14 -29 -26
SIMPLEX 2 -14 0 2 22 -22 -18 -22 -18 -6 22 -6 0 -1 1 1 1 0 -1 0 0 0 0 0 0 0 0 0 0 0 0 0 0
SIMPLEX -34 -29 3 7 -54 -12 -58 -36 -43 -49 -16 -43 -16 -43 -9 -22 -30 -4 -54 -12 -9 -22 -30 -4 -58 -36 -43 -49 -9 -22 -30 -4 6 -43 -49 -16 -43 -16 -43 -9 -22 -9 -22 -30 -4 -30 -4 -54 -12 -54 -12 -58 -36 -58 -36 -43 -49 2 1 0 0 1 -58 -49 -9 -4 2 6 -43 -49 1 -16 -43 1 -9 -22 1 -30 -4 1 -54 -12 1 -58 -36 1 1 1 0 0 0 0 0 0 0 0 4 -50 -40 -49 -40 -18 -18 -18 -17 -18 -18 -19 -18 -50 -40 -50 -41 5 -43 -49 -16 -43 -16 -43 -9 -22 -9 -22 -30 -4 -54 -12 -58 -36 -58 -36 -43 -49 6 -36 -60 -9 -54 -9 -54 -2 -33 -2 -33 -23 -15 -23 -15 -47 -23 -47 -23 -51 -47 -51 -47 -36 -60
SIMPLEX -14 1 0 4 5 15 -34 15 -34 -11 5 -11 5 -11 5 15 -34 15 -34 -11 4 -34 -11 5 -11 5 -11 5 15 5 15 -34 15 -34 15 -34 -11 2 1 1 1 1 -34 -11 5 15 2 4 -34 -11 1 5 -11 1 5 15 1 -34 15 1 1 1 0 0 0 0 0 0 0 0 4 -30 -10 -29 -10 2 12 2 13 2 12 1 12 -30 -10 -30 -11 3 5 -11 5 15 5 15 -34 15 -34 15 -34 -11 4 -27 -22 12 -22 12 -22 12 4 12 4 -27 4 -27 4 -27 -22
SIMPLEX -10 27 2 3 -33 14 11 19 11 19 -1 51 -1 51 -33 14 3 -33 14 11 19 11 19 -1 51 -1 51 -33 14 2 1 0 0 1 -33 14 11 51 2 3 -33 14 1 11 19 1 -1 51 1 1 1 0 0 0 0 0 0 0 0 7 -26 16 -25 16 -33 14 11 19 6 38 6 39 11 19 -1 51 6 38 5 38 -1 51 -33 14 -26 16 -26 15 2 -33 14 11 19 11 19 -1 51 3 -26 3 18 8 18 8 6 40 6 40 -26 3
SIMPLEX 17 33 0 1 2 29 34 38 1 2 29 34 38 2 0 0 0 0 -1 0 0 0 1 1 0 0 0 0 1 1 4 2 29 34 38 33 44 33 45 33 44 32 44 1 22 1 21 0 1 9 18 41 27
SIMPLEX 4 -3 1 2 -16 -12 25 -6 25 -6 12 19 2 -16 -12 25 -6 25 -6 12 19 2 0 0 0 0 -1 0 1 1 1 1 0 0 0 0 1 1 5 -16 -12 25 -6 20 8 20 9 25 -6 12 19 20 8 19 8 -12 -14 -12 -15 1 -16 -12 25 -6 2 -9 -23 32 -17 32 -17 19 8
SIMPLEX 22 -38 0 3 2 -46 42 -46 42 -29 2 -29 2 -46 42 -46 2 2 -46 42 -46 42 -29 2 -29 2 0 0 0 0 -1 0 1 1 1 1 1 1 0 0 0 0 4 2 -46 42 -46 38 -27 38 -26 42 -29 2 -29 6 -49 6 -50 1 42 -29 2 -29 2 9 -57 49 -57 49 -40 9 -40
SIMPLEX 23 30 1 4 23 50 23 10 43 30 3 30 3 30 43 30 23 10 23 50 4 3 30 43 30 23 10 23 50 43 30 3 30 23 50 23 10 0 1 1 1 1 23 30 23 30 0 4 23 30 1 23 30 1 23 30 1 23 30 1 1 0 0 0 0 0 0 0 0 0 4 3 30 43 30 23 10 23 50 43 30 3 30 23 50 23 10 3 3 30 43 30 43 30 3 30 23 50 23 10 4 10 19 50 19 30 -1 30 39 50 19 10 19 30 39 30 -1
SIMPLEX 13 20 0 2 33 12 -7 12 -7 28 33 28 0 -1 1 1 1 0 -1 0 0 0 0 0 0 0 0 0 0 0 0 0 0
SIMPLEX -33 6 5 6 -15 -8 -8 13 -57 -1 -42 -14 -29 31 -53 23 -53 23 -57 -1 -42 -14 -15 -8 -8 13 -29 31 6 -42 -14 -15 -8 -15 -8 -8 13 -8 13 -29 31 -29 31 -53 23 -53 23 -57 -1 -57 -1 -42 -14 2 1 0 0 1 -57 -14 -8 31 2 6 -42 -14 1 -15 -8 1 -8 13 1 -29 31 1 -53 23 1 -57 -1 1 1 1 0 0 0 0 0 0 0 0 4 -49 -5 -48 -5 -17 17 -17 18 -17 17 -18 17 -49 -5 -49 -6 5 -42 -14 -15 -8 -15 -8 -8 13 -8 13 -29 31 -29 31 -53 23 -53 23 -57 -1 6 -35 -25 -8 -19 -8 -19 -1 2 -1 2 -22 20 -22 20 -46 12 -46 12 -50 -12 -50 -12 -35 -25
SIMPLEX -20 40 0 4 -40 28 -1 28 -1 54 -40 54 -40 54 -40 28 -1 28 -1 54 4 -40 28 -1 28 -1 28 -1 54 -1 54 -40 54 -40 54 -40 28 2 1 1 1 1 -40 28 -1 54 2 4 -40 28 1 -1 28 1 -1 54 1 -40 54 1 1 1 0 0 0 0 0 0 0 0 4 -36 29 -35 29 -4 51 -4 52 -4 51 -5 51 -36 29 -36 28 3 -1 28 -1 54 -1 54 -40 54 -40 54 -40 28 4 -33 17 6 17 6 17 6 43 6 43 -33 43 -33 43 -33 17
SIMPLEX 26 38 1 4 47 30 35 62 3 25 47 30 47 30 35 62 35 62 3 25 3 3 25 47 30 47 30 35 62 35 62 3 25 2 1 0 0 1 3 25 47 62 2 3 3 25 1 47 30 1 35 62 1 1 1 0 0 0 0 0 0 0 0 7 10 27 11 27 3 25 47 30 42 49 42 50 47 30 35 62 42 49 41 49 35 62 3 25 10 27 10 26 2 3 25 47 30 35 62 3 25 3 10 14 54 19 54 19 42 51 42 51 10 14
SIMPLEX -12 -15 0 1 -27 -19 5 -10 1 -27 -19 5 -10 2 0 0 0 0 -1 0 0 0 1 1 0 0 0 0 1 1 4 -27 -19 5 -10 4 -4 4 -3 4 -4 3 -4 -28 -26 -28 -27 0 1 -20 -30 12 -21
SIMPLEX -39 40 1 2 -18 37 -31 62 -59 31 -18 37 2 -59 31 -18 37 -18 37 -31 62 2 0 0 0 0 -1 0 1 1 1 1 0 0 0 0 1 1 5 -59 31 -18 37 -23 51 -23 52 -18 37 -31 62 -23 51 -24 51 -55 29 -55 28 1 -59 31 -18 37 2 -52 20 -11 26 -11 26 -24 51
SIMPLEX 2 -38 0 2 -18 -46 22 -46 22 -29 -18 -29 2 -18 -46 22 -46 22 -29 -18 -29 2 0 0 0 0 -1 0 1 1 1 1 1 1 0 0 0 0 4 -18 -46 22 -46 18 -27 18 -26 22 -29 -18 -29 -14 -49 -14 -50 1 22 -29 -18 -29 2 -11 -57 29 -57 29 -40 -11 -40
SIMPLEX -4 -26 1 4 -4 -6 -4 -46 16 -26 -24 -26 -24 -26 16 -26 -4 -46 -4 -6 4 -24 -26 16 -26 -4 -46 -4 -6 16 -26 -24 -26 -4 -6 -4 -46 0 1 1 1 1 -4 -26 -4 -26 0 4 -4 -26 1 -4 -26 1 -4 -26 1 -4 -26 1 1 0 0 0 0 0 0 0 0 0 4 -24 -26 16 -26 -4 -46 -4 -6 16 -26 -24 -26 -4 -6 -4 -46 3 -24 -26 16 -26 16 -26 -24 -26 -4 -6 -4 -46 4 -17 -37 23 -37 3 -57 3 -17 23 -37 -17 -37 3 -17 3 -57
SIMPLEX 25 1 0 3 5 9 45 9 5 9 45 9 45 -7 5 -7 0 -1 1 1 1 0 -1 0 0 0 0 0 0 0 0 0 0 0 0 0 0
SIMPLEX -17 21 1 6 -13 46 -37 38 8 28 -13 46 -41 14 -26 1 -37 38 -41 14 1 7 8 28 -26 1 1 7 6 -26 1 1 7 1 7 8 28 8 28 -13 46 -13 46 -37 38 -37 38 -41 14 -41 14 -26 1 2 1 0 0 1 -41 1 8 46 2 6 -26 1 1 1 7 1 8 28 1 -13 46 1 -37 38 1 -41 14 1 1 1 0 0 0 0 0 0 0 0 4 -33 10 -32 10 -1 32 -1 33 -1 32 -2 32 -33 10 -33 9 5 -26 1 1 7 8 28 -13 46 -13 46 -37 38 -37 38 -41 14 -41 14 -26 1 6 -19 -10 8 -4 8 -4 15 17 15 17 -6 35 -6 35 -30 27 -30 27 -34 3 -34 3 -19 -10
SIMPLEX -23 -21 0 4 -4 -7 -43 -7 -43 -33 -4 -33 -4 -33 -4 -7 -43 -7 -43 -33 4 -43 -33 -4 -33 -4 -33 -4 -7 -4 -7 -43 -7 -43 -7 -43 -33 2 1 1 1 1 -43 -33 -4 -7 2 4 -43 -33 1 -4 -33 1 -4 -7 1 -43 -7 1 1 1 0 0 0 0 0 0 0 0 4 -39 -32 -38 -32 -7 -10 -7 -9 -7 -10 -8 -10 -39 -32 -39 -33 3 -4 -33 -4 -7 -4 -7 -43 -7 -43 -7 -43 -33 4 -36 -44 3 -44 3 -44 3 -18 3 -18 -36 -18 -36 -18 -36 -44
SIMPLEX -36 -20 0 3 -27 4 -59 -33 -59 -33 -15 -28 -15 -28 -27 4 3 -59 -33 -15 -28 -15 -28 -27 4 -27 4 -59 -33 2 1 0 0 1 -59 -33 -15 4 2 3 -59 -33 1 -15 -28 1 -27 4 1 1 1 0 0 0 0 0 0 0 0 7 -52 -31 -51 -31 -59 -33 -15 -28 -20 -9 -20 -8 -15 -28 -27 4 -20 -9 -21 -9 -27 4 -59 -33 -52 -31 -52 -32 2 -15 -28 -27 4 -27 4 -59 -33 3 -52 -44 -8 -39 -8 -39 -20 -7 -20 -7 -52 -44
SIMPLEX 8 25 0 1 -7 21 25 30 1 -7 21 25 30 2 0 0 0 0 -1 0 0 0 1 1 0 0 0 0 1 1 4 -7 21 25 30 24 36 24 37 24 36 23 36 -8 14 -8 13 0 1 0 10 32 19
SIMPLEX 26 -37 1 3 47 -40 34 -15 47 -40 34 -15 6 -46 47 -40 2 6 -46 47 -40 47 -40 34 -15 2 0 0 0 0 -1 0 1 1 1 1 0 0 0 0 1 1 5 6 -46 47 -40 42 -26 42 -25 47 -40 34 -15 42 -26 41 -26 10 -48 10 -49 1 6 -46 47 -40 2 13 -57 54 -51 54 -51 41 -26
SIMPLEX -16 18 0 2 4 27 -36 27 -36 10 4 10 2 -36 10 4 10 4 27 -36 27 2 0 0 0 0 -1 0 1 1 1 1 1 1 0 0 0 0 4 -36 10 4 10 0 29 0 30 4 27 -36 27 -32 7 -32 6 1 4 27 -36 27 2 -29 -1 11 -1 11 16 -29 16
SIMPLEX 30 -14 1 4 30 6 30 -34 50 -14 10 -14 10 -14 50 -14 30 -34 30 6 4 10 -14 50 -14 30 -34 30 6 50 -14 10 -14 30 6 30 -34 0 1 1 1 1 30 -14 30 -14 0 4 30 -14 1 30 -14 1 30 -14 1 30 -14 1 1 0 0 0 0 0 0 0 0 0 4 10 -14 50 -14 30 -34 30 6 50 -14 10 -14 30 6 30 -34 3 10 -14 50 -14 50 -14 10 -14 30 6 30 -34 4 17 -25 57 -25 37 -45 37 -5 57 -25 17 -25 37 -5 37 -45
SIMPLEX 2 29 0 2 22 21 -18 21 -18 37 22 37 0 -1 1 1 1 0 -1 0 0 0 0 0 0 0 0 0 0 0 0 0 0
SIMPLEX -12 7 3 6 -36 0 -21 -13 -21 -13 6 -7 13 14 -8 32 6 -7 13 14 -8 32 -32 24 -32 24 -36 0 6 -21 -13 6 -7 6 -7 13 14 13 14 -8 32 -8 32 -32 24 -32 24 -36 0 -36 0 -21 -13 2 1 0 0 1 -36 -13 13 32 2 6 -21 -13 1 6 -7 1 13 14 1 -8 32 1 -32 24 1 -36 0 1 1 1 0 0 0 0 0 0 0 0 4 -28 -4 -27 -4 4 18 4 19 4 18 3 18 -28 -4 -28 -5 5 -21 -13 6 -7 6 -7 13 14 13 14 -8 32 -32 24 -36 0 -36 0 -21 -13 6 -14 -24 13 -18 13 -18 20 3 20 3 -1 21 -1 21 -25 13 -25 13 -29 -11 -29 -11 -14 -24
SIMPLEX 5 17 0 5 -15 31 -15 5 -15 5 24 5 -15 5 24 5 24 31 -15 31 24 5 24 31 4 -15 5 24 5 24 5 24 31 24 31 -15 31 -15 31 -15 5 2 1 1 1 1 -15 5 24 31 2 4 -15 5 1 24 5 1 24 31 1 -15 31 1 1 1 0 0 0 0 0 0 0 0 4 -11 6 -10 6 21 28 21 29 21 28 20 28 -11 6 -11 5 3 24 5 24 31 24 31 -15 31 -15 31 -15 5 4 -8 -6 31 -6 31 -6 31 20 31 20 -8 20 -8 20 -8 -6
SIMPLEX 15 -4 2 3 -8 -17 36 -12 24 20 -8 -17 36 -12 24 20 3 -8 -17 36 -12 36 -12 24 20 24 20 -8 -17 2 1 0 0 1 -8 -17 36 20 2 3 -8 -17 1 36 -12 1 24 20 1 1 1 0 0 0 0 0 0 0 0 7 -1 -15 0 -15 -8 -17 36 -12 31 7 31 8 36 -12 24 20 31 7 30 7 24 20 -8 -17 -1 -15 -1 -16 2 -8 -17 36 -12 36 -12 24 20 3 -1 -28 43 -23 43 -23 31 9 31 9 -1 -28
SIMPLEX -28 28 0 1 -43 24 -11 33 1 -43 24 -11 33 2 0 0 0 0 -1 0 0 0 1 1 0 0 0 0 1 1 4 -43 24 -11 33 -12 39 -12 40 -12 39 -13 39 -44 17 -44 16 0 1 -36 13 -4 22
SIMPLEX 6 12 1 2 -14 3 27 9 27 9 14 34 2 -14 3 27 9 27 9 14 34 2 0 0 0 0 -1 0 1 1 1 1 0 0 0 0 1 1 5 -14 3 27 9 22 23 22 24 27 9 14 34 22 23 21 23 -10 1 -10 0 1 -14 3 27 9 2 -7 -8 34 -2 34 -2 21 23
SIMPLEX 33 1 0 2 13 -7 53 -7 53 10 13 10 2 13 -7 53 -7 53 10 13 10 2 0 0 0 0 -1 0 1 1 1 1 1 1 0 0 0 0 4 13 -7 53 -7 49 12 49 13 53 10 13 10 17 -10 17 -11 1 53 10 13 10 2 20 -18 60 -18 60 -1 20 -1
SIMPLEX 25 34 1 5 45 34 5 34 25 54 25 14 45 34 5 34 25 14 25 54 5 34 45 34 4 5 34 45 34 25 14 25 54 45 34 5 34 25 54 25 14 0 1 1 1 1 25 34 25 34 0 4 25 34 1 25 34 1 25 34 1 25 34 1 1 0 0 0 0 0 0 0 0 0 4 5 34 45 34 25 14 25 54 45 34 5 34 25 54 25 14 3 5 34 45 34 45 34 5 34 25 54 25 14 4 12 23 52 23 32 3 32 43 52 23 12 23 32 43 32 3
SIMPLEX 13 9 0 2 -7 17 33 17 33 1 -7 1 0 -1 1 1 1 0 -1 0 0 0 0 0 0 0 0 0 0 0 0 0 0
SIMPLEX -28 20 5 6 -37 0 -10 6 -52 13 -37 0 -48 37 -52 13 -10 6 -3 27 -3 27 -24 45 -24 45 -48 37 6 -37 0 -10 6 -10 6 -3 27 -3 27 -24 45 -24 45 -48 37 -48 37 -52 13 -52 13 -37 0 2 1 0 0 1 -52 0 -3 45 2 6 -37 0 1 -10 6 1 -3 27 1 -24 45 1 -48 37 1 -52 13 1 1 1 0 0 0 0 0 0 0 0 4 -44 9 -43 9 -12 31 -12 32 -12 31 -13 31 -44 9 -44 8 5 -37 0 -10 6 -10 6 -3 27 -3 27 -24 45 -24 45 -48 37 -48 37 -52 13 6 -30 -11 -3 -5 -3 -5 4 16 4 16 -17 34 -17 34 -41 26 -41 26 -45 2 -45 2 -30 -11
SIMPLEX 4 -32 0 4 -16 -44 23 -44 23 -44 23 -18 -16 -18 -16 -44 23 -18 -16 -18 4 -16 -44 23 -44 23 -44 23 -18 23 -18 -16 -18 -16 -18 -16 -44 2 1 1 1 1 -16 -44 23 -18 2 4 -16 -44 1 23 -44 1 23 -18 1 -16 -18 1 1 1 0 0 0 0 0 0 0 0 4 -12 -43 -11 -43 20 -21 20 -20 20 -21 19 -21 -12 -43 -12 -44 3 23 -44 23 -18 23 -18 -16 -18 -16 -18 -16 -44 4 -9 -55 30 -55 30 -55 30 -29 30 -29 -9 -29 -9 -29 -9 -55
SIMPLEX -31 35 1 3 -10 27 -22 59 -22 59 -54 22 -54 22 -10 27 3 -54 22 -10 27 -10 27 -22 59 -22 59 -54 22 2 1 0 0 1 -54 22 -10 59 2 3 -54 22 1 -10 27 1 -22 59 1 1 1 0 0 0 0 0 0 0 0 7 -47 24 -46 24 -54 22 -10 27 -15 46 -15 47 -10 27 -22 59 -15 46 -16 46 -22 59 -54 22 -47 24 -47 23 2 -54 22 -10 27 -22 59 -54 22 3 -47 11 -3 16 -3 16 -15 48 -15 48 -47 11
SIMPLEX 16 29 0 2 1 25 33 34 1 25 33 34 1 1 25 33 34 2 0 0 0 0 -1 0 0 0 1 1 0 0 0 0 1 1 4 1 25 33 34 32 40 32 41 32 40 31 40 0 18 0 17 0 1 8 14 40 23
SIMPLEX -3 -14 1 2 -23 -23 18 -17 18 -17 5 8 2 -23 -23 18 -17 18 -17 5 8 2 0 0 0 0 -1 0 1 1 1 1 0 0 0 0 1 1 5 -23 -23 18 -17 13 -3 13 -2 18 -17 5 8 13 -3 12 -3 -19 -25 -19 -26 1 -23 -23 18 -17 2 -16 -34 25 -28 25 -28 12 -3
SIMPLEX 31 36 0 2 11 28 51 28 51 45 11 45 2 11 28 51 28 51 45 11 45 2 0 0 0 0 -1 0 1 1 1 1 1 1 0 0 0 0 4 11 28 51 28 47 47 47 48 51 45 11 45 15 25 15 24 1 51 45 11 45 2 18 17 58 17 58 34 18 34
SIMPLEX -20 -14 1 4 -20 -34 -20 6 -20 6 -20 -34 0 -14 -40 -14 -40 -14 0 -14 4 -40 -14 0 -14 -20 -34 -20 6 0 -14 -40 -14 -20 6 -20 -34 0 1 1 1 1 -20 -14 -20 -14 0 4 -20 -14 1 -20 -14 1 -20 -14 1 -20 -14 1 1 0 0 0 0 0 0 0 0 0 4 -40 -14 0 -14 -20 -34 -20 6 0 -14 -40 -14 -20 6 -20 -34 3 -40 -14 0 -14 0 -14 -40 -14 -20 6 -20 -34 4 -33 -25 7 -25 -13 -45 -13 -5 7 -25 -33 -25 -13 -5 -13 -45
SIMPLEX -18 27 0 2 2 19 -38 19 -38 35 2 35 0 -1 1 1 1 0 -1 0 0 0 0 0 0 0 0 0 0 0 0 0 0
SIMPLEX -40 27 1 7 -49 7 -22 13 -60 44 -64 20 -22 13 -15 34 -64 20 -49 7 -49 7 -22 13 -36 52 -60 44 -15 34 -36 52 6 -49 7 -22 13 -22 13 -15 34 -15 34 -36 52 -36 52 -60 44 -60 44 -64 20 -64 20 -49 7 2 1 0 0 1 -64 7 -15 52 2 6 -49 7 1 -22 13 1 -15 34 1 -36 52 1 -60 44 1 -64 20 1 1 1 0 0 0 0 0 0 0 0 4 -56 16 -55 16 -24 38 -24 39 -24 38 -25 38 -56 16 -56 15 5 -49 7 -22 13 -15 34 -36 52 -36 52 -60 44 -60 44 -64 20 -64 20 -49 7 6 -42 -4 -15 2 -15 2 -8 23 -8 23 -29 41 -29 41 -53 33 -53 33 -57 9 -57 9 -42 -4
SIMPLEX -12 -8 0 4 7 -20 7 6 -32 6 -32 -20 7 6 -32 6 -32 -20 7 -20 4 -32 -20 7 -20 7 -20 7 6 7 6 -32 6 -32 6 -32 -20 2 1 1 1 1 -32 -20 7 6 2 4 -32 -20 1 7 -20 1 7 6 1 -32 6 1 1 1 0 0 0 0 0 0 0 0 4 -28 -19 -27 -19 4 3 4 4 4 3 3 3 -28 -19 -28 -20 3 7 -20 7 6 7 6 -32 6 -32 6 -32 -20 4 -25 -31 14 -31 14 -31 14 -5 14 -5 -25 -5 -25 -5 -25 -31
SIMPLEX 16 -5 0 3 -7 -18 37 -13 37 -13 25 19 25 19 -7 -18 3 -7 -18 37 -13 37 -13 25 19 25 19 -7 -18 2 1 0 0 1 -7 -18 37 19 2 3 -7 -18 1 37 -13 1 25 19 1 1 1 0 0 0 0 0 0 0 0 7 0 -16 1 -16 -7 -18 37 -13 32 6 32 7 37 -13 25 19 32 6 31 6 25 19 -7 -18 0 -16 0 -17 2 37 -13 25 19 25 19 -7 -18 3 0 -29 44 -24 44 -24 32 8 32 8 0 -29
SIMPLEX -4 35 0 1 -19 31 13 40 1 -19 31 13 40 2 0 0 0 0 -1 0 0 0 1 1 0 0 0 0 1 1 4 -19 31 13 40 12 46 12 47 12 46 11 46 -20 24 -20 23 0 1 -12 20 20 29
SIMPLEX 23 13 1 2 44 10 31 35 3 4 44 10 2 3 4 44 10 44 10 31 35 2 0 0 0 0 -1 0 1 1 1 1 0 0 0 0 1 1 5 3 4 44 10 39 24 39 25 44 10 31 35 39 24 38 24 7 2 7 1 1 3 4 44 10 2 10 -7 51 -1 51 -1 38 24
SIMPLEX -37 -13 0 3 -17 -4 -57 -4 -57 -21 -17 -21 -57 -21 -17 -21 2 -57 -21 -17 -21 -17 -4 -57 -4 2 0 0 0 0 -1 0 1 1 1 1 1 1 0 0 0 0 4 -57 -21 -17 -21 -21 -2 -21 -1 -17 -4 -57 -4 -53 -24 -53 -25 1 -17 -4 -57 -4 2 -50 -32 -10 -32 -10 -15 -50 -15
SIMPLEX 19 -6 1 4 19 -26 19 14 -1 -6 39 -6 19 14 19 -26 39 -6 -1 -6 4 -1 -6 39 -6 19 -26 19 14 39 -6 -1 -6 19 14 19 -26 0 1 1 1 1 19 -6 19 -6 0 4 19 -6 1 19 -6 1 19 -6 1 19 -6 1 1 0 0 0 0 0 0 0 0 0 4 -1 -6 39 -6 19 -26 19 14 39 -6 -1 -6 19 14 19 -26 3 -1 -6 39 -6 39 -6 -1 -6 19 14 19 -26 4 6 -17 46 -17 26 -37 26 3 46 -17 6 -17 26 3 26 -37
SIMPLEX 2 -5 0 2 22 -13 -18 -13 -18 3 22 3 0 -1 1 1 1 0 -1 0 0 0 0 0 0 0 0 0 0 0 0 0 0
SIMPLEX 15 31 3 6 19 56 -5 48 -5 48 -9 24 40 38 19 56 -9 24 6 11 33 17 40 38 6 11 33 17 6 6 11 33 17 33 17 40 38 40 38 19 56 19 56 -5 48 -5 48 -9 24 -9 24 6 11 2 1 0 0 1 -9 11 40 56 2 6 6 11 1 33 17 1 40 38 1 19 56 1 -5 48 1 -9 24 1 1 1 0 0 0 0 0 0 0 0 4 -1 20 0 20 31 42 31 43 31 42 30 42 -1 20 -1 19 5 6 11 33 17 33 17 40 38 40 38 19 56 -5 48 -9 24 -9 24 6 11 6 13 0 40 6 40 6 47 27 47 27 26 45 26 45 2 37 2 37 -2 13 -2 13 13 0
SIMPLEX 9 18 0 4 -11 32 -11 6 28 32 -11 32 28 6 28 32 -11 6 28 6 4 -11 6 28 6 28 6 28 32 28 32 -11 32 -11 32 -11 6 2 1 1 1 1 -11 6 28 32 2 4 -11 6 1 28 6 1 28 32 1 -11 32 1 1 1 0 0 0 0 0 0 0 0 4 -7 7 -6 7 25 29 25 30 25 29 24 29 -7 7 -7 6 3 28 6 28 32 28 32 -11 32 -11 32 -11 6 4 -4 -5 35 -5 35 -5 35 21 35 21 -4 21 -4 21 -4 -5
SIMPLEX 10 4 2 4 19 28 -13 -9 19 28 -13 -9 -13 -9 31 -4 31 -4 19 28 3 -13 -9 31 -4 31 -4 19 28 19 28 -13 -9 2 1 0 0 1 -13 -9 31 28 2 3 -13 -9 1 31 -4 1 19 28 1 1 1 0 0 0 0 0 0 0 0 7 -6 -7 -5 -7 -13 -9 31 -4 26 15 26 16 31 -4 19 28 26 15 25 15 19 28 -13 -9 -6 -7 -6 -8 2 -13 -9 31 -4 31 -4 19 28 3 -6 -20 38 -15 38 -15 26 17 26 17 -6 -20
SIMPLEX -25 -40 0 1 -40 -44 -8 -35 1 -40 -44 -8 -35 2 0 0 0 0 -1 0 0 0 1 1 0 0 0 0 1 1 4 -40 -44 -8 -35 -9 -29 -9 -28 -9 -29 -10 -29 -41 -51 -41 -52 0 1 -33 -55 -1 -46
SIMPLEX 3 -1 1 2 24 -4 11 21 -17 -10 24 -4 2 -17 -10 24 -4 24 -4 11 21 2 0 0 0 0 -1 0 1 1 1 1 0 0 0 0 1 1 5 -17 -10 24 -4 19 10 19 11 24 -4 11 21 19 10 18 10 -13 -12 -13 -13 1 -17 -10 24 -4 2 -10 -21 31 -15 31 -15 18 10
SIMPLEX 17 -28 0 2 -3 -36 37 -36 37 -19 -3 -19 2 -3 -36 37 -36 37 -19 -3 -19 2 0 0 0 0 -1 0 1 1 1 1 1 1 0 0 0 0 4 -3 -36 37 -36 33 -17 33 -16 37 -19 -3 -19 1 -39 1 -40 1 37 -19 -3 -19 2 4 -47 44 -47 44 -30 4 -30
SIMPLEX -31 -1 1 4 -51 -1 -11 -1 -31 19 -31 -21 -11 -1 -51 -1 -31 -21 -31 19 4 -51 -1 -11 -1 -31 -21 -31 19 -11 -1 -51 -1 -31 19 -31 -21 0 1 1 1 1 -31 -1 -31 -1 0 4 -31 -1 1 -31 -1 1 -31 -1 1 -31 -1 1 1 0 0 0 0 0 0 0 0 0 4 -51 -1 -11 -1 -31 -21 -31 19 -11 -1 -51 -1 -31 19 -31 -21 3 -51 -1 -11 -1 -11 -1 -51 -1 -31 19 -31 -21 4 -44 -12 -4 -12 -24 -32 -24 8 -4 -12 -44 -12 -24 8 -24 -32
SIMPLEX -18 -23 0 3 2 -31 -38 -31 -38 -15 2 -15 -38 -15 2 -15 0 -1 1 1 1 0 -1 0 0 0 0 0 0 0 0 0 0 0 0 0 0
SIMPLEX 7 -19 5 6 32 -12 11 6 -13 -2 -17 -26 -2 -39 25 -33 -17 -26 -2 -39 25 -33 32 -12 11 6 -13 -2 6 -2 -39 25 -33 25 -33 32 -12 32 -12 11 6 11 6 -13 -2 -13 -2 -17 -26 -17 -26 -2 -39 2 1 0 0 1 -17 -39 32 6 2 6 -2 -39 1 25 -33 1 32 -12 1 11 6 1 -13 -2 1 -17 -26 1 1 1 0 0 0 0 0 0 0 0 4 -9 -30 -8 -30 23 -8 23 -7 23 -8 22 -8 -9 -30 -9 -31 5 -2 -39 25 -33 25 -33 32 -12 32 -12 11 6 11 6 -13 -2 -13 -2 -17 -26 6 5 -50 32 -44 32 -44 39 -23 39 -23 18 -5 18 -5 -6 -13 -6 -13 -10 -37 -10 -37 5 -50
SIMPLEX 37 15 0 4 17 3 56 3 56 3 56 29 17 29 17 3 56 29 17 29 4 17 3 56 3 56 3 56 29 56 29 17 29 17 29 17 3 2 1 1 1 1 17 3 56 29 2 4 17 3 1 56 3 1 56 29 1 17 29 1 1 1 0 0 0 0 0 0 0 0 4 21 4 22 4 53 26 53 27 53 26 52 26 21 4 21 3 3 56 3 56 29 56 29 17 29 17 29 17 3 4 24 -8 63 -8 63 -8 63 18 63 18 24 18 24 18 24 -8
SIMPLEX 26 8 1 3 47 0 35 32 35 32 3 -5 3 -5 47 0 3 3 -5 47 0 47 0 35 32 35 32 3 -5 2 1 0 0 1 3 -5 47 32 2 3 3 -5 1 47 0 1 35 32 1 1 1 0 0 0 0 0 0 0 0 7 10 -3 11 -3 3 -5 47 0 42 19 42 20 47 0 35 32 42 19 41 19 35 32 3 -5 10 -3 10 -4 2 3 -5 47 0 35 32 3 -5 3 10 -16 54 -11 54 -11 42 21 42 21 10 -16
SIMPLEX 36 -34 0 1 21 -38 53 -29 1 21 -38 53 -29 2 0 0 0 0 -1 0 0 0 1 1 0 0 0 0 1 1 4 21 -38 53 -29 52 -23 52 -22 52 -23 51 -23 20 -45 20 -46 0 1 28 -49 60 -40
SIMPLEX 4 26 1 3 25 23 12 48 25 23 12 48 -16 17 25 23 2 -16 17 25 23 25 23 12 48 2 0 0 0 0 -1 0 1 1 1 1 0 0 0 0 1 1 5 -16 17 25 23 20 37 20 38 25 23 12 48 20 37 19 37 -12 15 -12 14 1 -16 17 25 23 2 -9 6 32 12 32 12 19 37
SIMPLEX -29 36 0 2 -9 45 -49 45 -49 28 -9 28 2 -49 28 -9 28 -9 45 -49 45 2 0 0 0 0 -1 0 1 1 1 1 1 1 0 0 0 0 4 -49 28 -9 28 -13 47 -13 48 -9 45 -49 45 -45 25 -45 24 1 -9 45 -49 45 2 -42 17 -2 17 -2 34 -42 34
SIMPLEX 33 -5 1 4 13 -5 53 -5 53 -5 13 -5 33 15 33 -25 33 -25 33 15 4 13 -5 53 -5 33 -25 33 15 53 -5 13 -5 33 15 33 -25 0 1 1 1 1 33 -5 33 -5 0 4 33 -5 1 33 -5 1 33 -5 1 33 -5 1 1 0 0 0 0 0 0 0 0 0 4 13 -5 53 -5 33 -25 33 15 53 -5 13 -5 33 15 33 -25 3 13 -5 53 -5 53 -5 13 -5 33 15 33 -25 4 20 -16 60 -16 40 -36 40 4 60 -16 20 -16 40 4 40 -36
SIMPLEX 10 15 0 2 30 7 -10 7 -10 23 30 23 0 -1 1 1 1 0 -1 0 0 0 0 0 0 0 0 0 0 0 0 0 0
SIMPLEX 26 13 1 6 44 -1 51 20 17 -7 44 -1 6 30 2 6 2 6 17 -7 30 38 6 30 51 20 30 38 6 17 -7 44 -1 44 -1 51 20 51 20 30 38 30 38 6 30 6 30 2 6 2 6 17 -7 2 1 0 0 1 2 -7 51 38 2 6 17 -7 1 44 -1 1 51 20 1 30 38 1 6 30 1 2 6 1 1 1 0 0 0 0 0 0 0 0 4 10 2 11 2 42 24 42 25 42 24 41 24 10 2 10 1 5 17 -7 44 -1 51 20 30 38 30 38 6 30 6 30 2 6 2 6 17 -7 6 24 -18 51 -12 51 -12 58 9 58 9 37 27 37 27 13 19 13 19 9 -5 9 -5 24 -18
SIMPLEX -25 7 0 5 -45 -5 -6 -5 -6 21 -45 21 -6 -5 -6 21 -45 -5 -6 -5 -45 21 -45 -5 4 -45 -5 -6 -5 -6 -5 -6 21 -6 21 -45 21 -45 21 -45 -5 2 1 1 1 1 -45 -5 -6 21 2 4 -45 -5 1 -6 -5 1 -6 21 1 -45 21 1 1 1 0 0 0 0 0 0 0 0 4 -41 -4 -40 -4 -9 18 -9 19 -9 18 -10 18 -41 -4 -41 -5 3 -6 -5 -6 21 -6 21 -45 21 -45 21 -45 -5 4 -38 -16 1 -16 1 -16 1 10 1 10 -38 10 -38 10 -38 -16
SIMPLEX -28 22 0 3 -7 14 -19 46 -19 46 -51 9 -51 9 -7 14 3 -51 9 -7 14 -7 14 -19 46 -19 46 -51 9 2 1 0 0 1 -51 9 -7 46 2 3 -51 9 1 -7 14 1 -19 46 1 1 1 0 0 0 0 0 0 0 0 7 -44 11 -43 11 -51 9 -7 14 -12 33 -12 34 -7 14 -19 46 -12 33 -13 33 -19 46 -51 9 -44 11 -44 10 2 -7 14 -19 46 -19 46 -51 9 3 -44 -2 0 3 0 3 -12 35 -12 35 -44 -2
SIMPLEX -7 23 0 1 -22 19 10 28 1 -22 19 10 28 2 0 0 0 0 -1 0 0 0 1 1 0 0 0 0 1 1 4 -22 19 10 28 9 34 9 35 9 34 8 34 -23 12 -23 11 0 1 -15 8 17 17
SIMPLEX -21 -6 1 2 -41 -15 0 -9 0 -9 -13 16 2 -41 -15 0 -9 0 -9 -13 16 2 0 0 0 0 -1 0 1 1 1 1 0 0 0 0 1 1 5 -41 -15 0 -9 -5 5 -5 6 0 -9 -13 16 -5 5 -6 5 -37 -17 -37 -18 1 -41 -15 0 -9 2 -34 -26 7 -20 7 -20 -6 5
SIMPLEX -17 -30 0 2 3 -21 -37 -21 -37 -38 3 -38 2 -37 -38 3 -38 3 -21 -37 -21 2 0 0 0 0 -1 0 1 1 1 1 1 1 0 0 0 0 4 -37 -38 3 -38 -1 -19 -1 -18 3 -21 -37 -21 -33 -41 -33 -42 1 3 -21 -37 -21 2 -30 -49 10 -49 10 -32 -30 -32
SIMPLEX 35 37 1 5 55 37 15 37 55 37 15 37 35 57 35 17 15 37 55 37 35 17 35 57 4 15 37 55 37 35 17 35 57 55 37 15 37 35 57 35 17 0 1 1 1 1 35 37 35 37 0 4 35 37 1 35 37 1 35 37 1 35 37 1 1 0 0 0 0 0 0 0 0 0 4 15 37 55 37 35 17 35 57 55 37 15 37 35 57 35 17 3 15 37 55 37 55 37 15 37 35 57 35 17 4 22 26 62 26 42 6 42 46 62 26 22 26 42 46 42 6
SIMPLEX -26 6 0 2 -6 -2 -46 -2 -46 14 -6 14 0 -1 1 1 1 0 -1 0 0 0 0 0 0 0 0 0 0 0 0 0 0
SIMPLEX 36 -39 3 6 40 -14 16 -22 61 -32 40 -14 27 -59 54 -53 54 -53 61 -32 12 -46 27 -59 16 -22 12 -46 6 27 -59 54 -53 54 -53 61 -32 61 -32 40 -14 40 -14 16 -22 16 -22 12 -46 12 -46 27 -59 2 1 0 0 1 12 -59 61 -14 2 6 27 -59 1 54 -53 1 61 -32 1 40 -14 1 16 -22 1 12 -46 1 1 1 0 0 0 0 0 0 0 0 4 20 -50 21 -50 52 -28 52 -27 52 -28 51 -28 20 -50 20 -51 5 27 -59 54 -53 54 -53 61 -32 61 -32 40 -14 16 -22 12 -46 12 -46 27 -59 6 34 -70 61 -64 61 -64 68 -43 68 -43 47 -25 47 -25 23 -33 23 -33 19 -57 19 -57 34 -70
SIMPLEX 1 19 0 4 20 7 20 33 -19 7 20 7 -19 33 -19 7 20 33 -19 33 4 -19 7 20 7 20 7 20 33 20 33 -19 33 -19 33 -19 7 2 1 1 1 1 -19 7 20 33 2 4 -19 7 1 20 7 1 20 33 1 -19 33 1 1 1 0 0 0 0 0 0 0 0 4 -15 8 -14 8 17 30 17 31 17 30 16 30 -15 8 -15 7 3 20 7 20 33 20 33 -19 33 -19 33 -19 7 4 -12 -4 27 -4 27 -4 27 22 27 22 -12 22 -12 22 -12 -4
SIMPLEX 22 -25 2 3 31 -1 -1 -38 43 -33 31 -1 -1 -38 43 -33 3 -1 -38 43 -33 43 -33 31 -1 31 -1 -1 -38 2 1 0 0 1 -1 -38 43 -1 2 3 -1 -38 1 43 -33 1 31 -1 1 1 1 0 0 0 0 0 0 0 0 7 6 -36 7 -36 -1 -38 43 -33 38 -14 38 -13 43 -33 31 -1 38 -14 37 -14 31 -1 -1 -38 6 -36 6 -37 2 -1 -38 43 -33 43 -33 31 -1 3 6 -49 50 -44 50 -44 38 -12 38 -12 6 -49
SIMPLEX 28 6 0 2 13 2 45 11 13 2 45 11 1 13 2 45 11 2 0 0 0 0 -1 0 0 0 1 1 0 0 0 0 1 1 4 13 2 45 11 44 17 44 18 44 17 43 17 12 -5 12 -6 0 1 20 -9 52 0
SIMPLEX 10 5 1 2 31 2 18 27 -10 -4 31 2 2 -10 -4 31 2 31 2 18 27 2 0 0 0 0 -1 0 1 1 1 1 0 0 0 0 1 1 5 -10 -4 31 2 26 16 26 17 31 2 18 27 26 16 25 16 -6 -6 -6 -7 1 -10 -4 31 2 2 -3 -15 38 -9 38 -9 25 16
SIMPLEX -26 23 0 2 -46 15 -6 15 -6 32 -46 32 2 -46 15 -6 15 -6 32 -46 32 2 0 0 0 0 -1 0 1 1 1 1 1 1 0 0 0 0 4 -46 15 -6 15 -10 34 -10 35 -6 32 -46 32 -42 12 -42 11 1 -6 32 -46 32 2 -39 4 1 4 1 21 -39 21
SIMPLEX 32 -7 1 4 52 -7 12 -7 32 13 32 -27 12 -7 52 -7 32 -27 32 13 4 12 -7 52 -7 32 -27 32 13 52 -7 12 -7 32 13 32 -27 0 1 1 1 1 32 -7 32 -7 0 4 32 -7 1 32 -7 1 32 -7 1 32 -7 1 1 0 0 0 0 0 0 0 0 0 4 12 -7 52 -7 32 -27 32 13 52 -7 12 -7 32 13 32 -27 3 12 -7 52 -7 52 -7 12 -7 32 13 32 -27 4 19 -18 59 -18 39 -38 39 2 59 -18 19 -18 39 2 39 -38
SIMPLEX -19 -13 0 2 -39 -5 1 -5 1 -21 -39 -21 0 -1 1 1 1 0 -1 0 0 0 0 0 0 0 0 0 0 0 0 0 0
SIMPLEX -25 10 5 7 -45 27 -49 3 -34 -10 -7 -4 -49 3 -34 -10 -21 35 -45 27 0 17 -21 35 -45 27 -49 3 -7 -4 0 17 6 -34 -10 -7 -4 -7 -4 0 17 0 17 -21 35 -21 35 -45 27 -45 27 -49 3 -49 3 -34 -10 2 1 0 0 1 -49 -10 0 35 2 6 -34 -10 1 -7 -4 1 0 17 1 -21 35 1 -45 27 1 -49 3 1 1 1 0 0 0 0 0 0 0 0 4 -41 -1 -40 -1 -9 21 -9 22 -9 21 -10 21 -41 -1 -41 -2 5 -34 -10 -7 -4 -7 -4 0 17 0 17 -21 35 -21 35 -45 27 -45 27 -49 3 6 -27 -21 0 -15 0 -15 7 6 7 6 -14 24 -14 24 -38 16 -38 16 -42 -8 -42 -8 -27 -21
SIMPLEX 19 21 0 4 -1 35 -1 9 38 9 38 35 -1 9 38 9 38 35 -1 35 4 -1 9 38 9 38 9 38 35 38 35 -1 35 -1 35 -1 9 2 1 1 1 1 -1 9 38 35 2 4 -1 9 1 38 9 1 38 35 1 -1 35 1 1 1 0 0 0 0 0 0 0 0 4 3 10 4 10 35 32 35 33 35 32 34 32 3 10 3 9 3 38 9 38 35 38 35 -1 35 -1 35 -1 9 4 6 -2 45 -2 45 -2 45 24 45 24 6 24 6 24 6 -2
SIMPLEX -21 1 1 3 -12 25 -44 -12 -44 -12 0 -7 0 -7 -12 25 3 -44 -12 0 -7 0 -7 -12 25 -12 25 -44 -12 2 1 0 0 1 -44 -12 0 25 2 3 -44 -12 1 0 -7 1 -12 25 1 1 1 0 0 0 0 0 0 0 0 7 -37 -10 -36 -10 -44 -12 0 -7 -5 12 -5 13 0 -7 -12 25 -5 12 -6 12 -12 25 -44 -12 -37 -10 -37 -11 2 -44 -12 0 -7 -12 25 -44 -12 3 -37 -23 7 -18 7 -18 -5 14 -5 14 -37 -23
SIMPLEX -32 10 0 1 -47 6 -15 15 1 -47 6 -15 15 2 0 0 0 0 -1 0 0 0 1 1 0 0 0 0 1 1 4 -47 6 -15 15 -16 21 -16 22 -16 21 -17 21 -48 -1 -48 -2 0 1 -40 -5 -8 4
SIMPLEX -15 1 1 2 -35 -8 6 -2 6 -2 -7 23 2 -35 -8 6 -2 6 -2 -7 23 2 0 0 0 0 -1 0 1 1 1 1 0 0 0 0 1 1 5 -35 -8 6 -2 1 12 1 13 6 -2 -7 23 1 12 0 12 -31 -10 -31 -11 1 -35 -8 6 -2 2 -28 -19 13 -13 13 -13 0 12
SIMPLEX 10 -35 0 3 30 -26 -10 -26 -10 -43 30 -43 -10 -43 30 -43 2 -10 -43 30 -43 30 -26 -10 -26 2 0 0 0 0 -1 0 1 1 1 1 1 1 0 0 0 0 4 -10 -43 30 -43 26 -24 26 -23 30 -26 -10 -26 -6 -46 -6 -47 1 30 -26 -10 -26 2 -3 -54 37 -54 37 -37 -3 -37
SIMPLEX 36 7 1 4 36 27 36 -13 36 -13 36 27 56 7 16 7 16 7 56 7 4 16 7 56 7 36 -13 36 27 56 7 16 7 36 27 36 -13 0 1 1 1 1 36 7 36 7 0 4 36 7 1 36 7 1 36 7 1 36 7 1 1 0 0 0 0 0 0 0 0 0 4 16 7 56 7 36 -13 36 27 56 7 16 7 36 27 36 -13 3 16 7 56 7 56 7 16 7 36 27 36 -13 4 23 -4 63 -4 43 -24 43 16 63 -4 23 -4 43 16 43 -24
SIMPLEX 22 36 0 2 2 44 42 44 42 28 2 28 0 -1 1 1 1 0 -1 0 0 0 0 0 0 0 0 0 0 0 0 0 0
SIMPLEX -32 15 1 6 -28 40 -52 32 -7 22 -28 40 -56 8 -41 -5 -41 -5 -14 1 -14 1 -7 22 -52 32 -56 8 6 -41 -5 -14 1 -14 1 -7 22 -7 22 -28 40 -28 40 -52 32 -52 32 -56 8 -56 8 -41 -5 2 1 0 0 1 -56 -5 -7 40 2 6 -41 -5 1 -14 1 1 -7 22 1 -28 40 1 -52 32 1 -56 8 1 1 1 0 0 0 0 0 0 0 0 4 -48 4 -47 4 -16 26 -16 27 -16 26 -17 26 -48 4 -48 3 5 -41 -5 -14 1 -7 22 -28 40 -28 40 -52 32 -52 32 -56 8 -56 8 -41 -5 6 -34 -16 -7 -10 -7 -10 0 11 0 11 -21 29 -21 29 -45 21 -45 21 -49 -3 -49 -3 -34 -16
SIMPLEX -38 -39 0 4 -19 -25 -58 -25 -58 -25 -58 -51 -58 -51 -19 -51 -19 -51 -19 -25 4 -58 -51 -19 -51 -19 -51 -19 -25 -19 -25 -58 -25 -58 -25 -58 -51 2 1 1 1 1 -58 -51 -19 -25 2 4 -58 -51 1 -19 -51 1 -19 -25 1 -58 -25 1 1 1 0 0 0 0 0 0 0 0 4 -54 -50 -53 -50 -22 -28 -22 -27 -22 -28 -23 -28 -54 -50 -54 -51 3 -19 -51 -19 -25 -19 -25 -58 -25 -58 -25 -58 -51 4 -51 -62 -12 -62 -12 -62 -12 -36 -12 -36 -51 -36 -51 -36 -51 -62
SIMPLEX 9 -31 0 4 30 -39 18 -7 18 -7 -14 -44 -14 -44 30 -39 -14 -44 30 -39 3 -14 -44 30 -39 30 -39 18 -7 18 -7 -14 -44 2 1 0 0 1 -14 -44 30 -7 2 3 -14 -44 1 30 -39 1 18 -7 1 1 1 0 0 0 0 0 0 0 0 7 -7 -42 -6 -42 -14 -44 30 -39 25 -20 25 -19 30 -39 18 -7 25 -20 24 -20 18 -7 -14 -44 -7 -42 -7 -43 2 30 -39 18 -7 18 -7 -14 -44 3 -7 -55 37 -50 37 -50 25 -18 25 -18 -7 -55
SIMPLEX -4 8 0 1 -19 4 13 13 1 -19 4 13 13 2 0 0 0 0 -1 0 0 0 1 1 0 0 0 0 1 1 4 -19 4 13 13 12 19 12 20 12 19 11 19 -20 -3 -20 -4 0 1 -12 -7 20 2
SIMPLEX 6 2 1 2 27 -1 14 24 -14 -7 27 -1 2 -14 -7 27 -1 27 -1 14 24 2 0 0 0 0 -1 0 1 1 1 1 0 0 0 0 1 1 5 -14 -7 27 -1 22 13 22 14 27 -1 14 24 22 13 21 13 -10 -9 -10 -10 1 -14 -7 27 -1 2 -7 -18 34 -12 34 -12 21 13
SIMPLEX -7 17 0 2 -27 9 13 9 13 26 -27 26 2 -27 9 13 9 13 26 -27 26 2 0 0 0 0 -1 0 1 1 1 1 1 1 0 0 0 0 4 -27 9 13 9 9 28 9 29 13 26 -27 26 -23 6 -23 5 1 13 26 -27 26 2 -20 -2 20 -2 20 15 -20 15
SIMPLEX -22 25 1 4 -22 45 -22 5 -42 25 -2 25 -2 25 -42 25 -22 5 -22 45 4 -42 25 -2 25 -22 5 -22 45 -2 25 -42 25 -22 45 -22 5 0 1 1 1 1 -22 25 -22 25 0 4 -22 25 1 -22 25 1 -22 25 1 -22 25 1 1 0 0 0 0 0 0 0 0 0 4 -42 25 -2 25 -22 5 -22 45 -2 25 -42 25 -22 45 -22 5 3 -42 25 -2 25 -2 25 -42 25 -22 45 -22 5 4 -35 14 5 14 -15 -6 -15 34 5 14 -35 14 -15 34 -15 -6
SIMPLEX 27 -21 0 3 47 -29 7 -29 7 -13 47 -13 7 -13 47 -13 0 -1 1 1 1 0 -1 0 0 0 0 0 0 0 0 0 0 0 0 0 0
SIMPLEX 25 -20 3 6 43 -34 50 -13 1 -27 16 -40 5 -3 1 -27 50 -13 29 5 29 5 5 -3 16 -40 43 -34 6 16 -40 43 -34 43 -34 50 -13 50 -13 29 5 29 5 5 -3 5 -3 1 -27 1 -27 16 -40 2 1 0 0 1 1 -40 50 5 2 6 16 -40 1 43 -34 1 50 -13 1 29 5 1 5 -3 1 1 -27 1 1 1 0 0 0 0 0 0 0 0 4 9 -31 10 -31 41 -9 41 -8 41 -9 40 -9 9 -31 9 -32 5 16 -40 43 -34 43 -34 50 -13 50 -13 29 5 5 -3 1 -27 1 -27 16 -40 6 23 -51 50 -45 50 -45 57 -24 57 -24 36 -6 36 -6 12 -14 12 -14 8 -38 8 -38 23 -51
SIMPLEX 18 -1 0 4 -2 -13 37 -13 -2 13 -2 -13 37 -13 37 13 37 13 -2 13 4 -2 -13 37 -13 37 -13 37 13 37 13 -2 13 -2 13 -2 -13 2 1 1 1 1 -2 -13 37 13 2 4 -2 -13 1 37 -13 1 37 13 1 -2 13 1 1 1 0 0 0 0 0 0 0 0 4 2 -12 3 -12 34 10 34 11 34 10 33 10 2 -12 2 -13 3 37 -13 37 13 37 13 -2 13 -2 13 -2 -13 4 5 -24 44 -24 44 -24 44 2 44 2 5 2 5 2 5 -24
SIMPLEX -33 38 2 3 -56 25 -12 30 -12 30 -24 62 -24 62 -56 25 3 -56 25 -12 30 -12 30 -24 62 -24 62 -56 25 2 1 0 0 1 -56 25 -12 62 2 3 -56 25 1 -12 30 1 -24 62 1 1 1 0 0 0 0 0 0 0 0 7 -49 27 -48 27 -56 25 -12 30 -17 49 -17 50 -12 30 -24 62 -17 49 -18 49 -24 62 -56 25 -49 27 -49 26 2 -56 25 -12 30 -12 30 -24 62 3 -49 14 -5 19 -5 19 -17 51 -17 51 -49 14
SIMPLEX -27 -24 0 1 -42 -28 -10 -19 1 -42 -28 -10 -19 2 0 0 0 0 -1 0 0 0 1 1 0 0 0 0 1 1 4 -42 -28 -10 -19 -11 -13 -11 -12 -11 -13 -12 -13 -43 -35 -43 -36 0 1 -35 -39 -3 -30
SIMPLEX -13 37 1 3 -33 28 8 34 8 34 -5 59 8 34 -5 59 2 -33 28 8 34 8 34 -5 59 2 0 0 0 0 -1 0 1 1 1 1 0 0 0 0 1 1 5 -33 28 8 34 3 48 3 49 8 34 -5 59 3 48 2 48 -29 26 -29 25 1 -33 28 8 34 2 -26 17 15 23 15 23 2 48
SIMPLEX 22 -20 0 2 42 -11 2 -11 2 -28 42 -28 2 2 -28 42 -28 42 -11 2 -11 2 0 0 0 0 -1 0 1 1 1 1 1 1 0 0 0 0 4 2 -28 42 -28 38 -9 38 -8 42 -11 2 -11 6 -31 6 -32 1 42 -11 2 -11 2 9 -39 49 -39 49 -22 9 -22
SIMPLEX -20 18 1 4 -20 -2 -20 38 -40 18 0 18 -20 38 -20 -2 0 18 -40 18 4 -40 18 0 18 -20 -2 -20 38 0 18 -40 18 -20 38 -20 -2 0 1 1 1 1 -20 18 -20 18 0 4 -20 18 1 -20 18 1 -20 18 1 -20 18 1 1 0 0 0 0 0 0 0 0 0 4 -40 18 0 18 -20 -2 -20 38 0 18 -40 18 -20 38 -20 -2 3 -40 18 0 18 0 18 -40 18 -20 38 -20 -2 4 -33 7 7 7 -13 -13 -13 27 7 7 -33 7 -13 27 -13 -13
SIMPLEX -7 36 0 2 -27 44 13 44 13 28 -27 28 0 -1 1 1 1 0 -1 0 0 0 0 0 0 0 0 0 0 0 0 0 0
SIMPLEX -32 -40 5 6 -14 -54 -7 -33 -56 -47 -41 -60 -52 -23 -56 -47 -41 -60 -14 -54 -7 -33 -28 -15 -28 -15 -52 -23 6 -41 -60 -14 -54 -14 -54 -7 -33 -7 -33 -28 -15 -28 -15 -52 -23 -52 -23 -56 -47 -56 -47 -41 -60 2 1 0 0 1 -56 -60 -7 -15 2 6 -41 -60 1 -14 -54 1 -7 -33 1 -28 -15 1 -52 -23 1 -56 -47 1 1 1 0 0 0 0 0 0 0 0 4 -48 -51 -47 -51 -16 -29 -16 -28 -16 -29 -17 -29 -48 -51 -48 -52 5 -41 -60 -14 -54 -14 -54 -7 -33 -7 -33 -28 -15 -28 -15 -52 -23 -52 -23 -56 -47 6 -34 -71 -7 -65 -7 -65 0 -44 0 -44 -21 -26 -21 -26 -45 -34 -45 -34 -49 -58 -49 -58 -34 -71
SIMPLEX 6 -27 0 5 25 -13 -14 -13 -14 -39 25 -39 -14 -13 -14 -39 -14 -39 25 -39 25 -39 25 -13 4 -14 -39 25 -39 25 -39 25 -13 25 -13 -14 -13 -14 -13 -14 -39 2 1 1 1 1 -14 -39 25 -13 2 4 -14 -39 1 25 -39 1 25 -13 1 -14 -13 1 1 1 0 0 0 0 0 0 0 0 4 -10 -38 -9 -38 22 -16 22 -15 22 -16 21 -16 -10 -38 -10 -39 3 25 -39 25 -13 25 -13 -14 -13 -14 -13 -14 -39 4 -7 -50 32 -50 32 -50 32 -24 32 -24 -7 -24 -7 -24 -7 -50
SIMPLEX -23 32 1 3 -14 56 -46 19 -2 24 -14 56 -46 19 -2 24 3 -46 19 -2 24 -2 24 -14 56 -14 56 -46 19 2 1 0 0 1 -46 19 -2 56 2 3 -46 19 1 -2 24 1 -14 56 1 1 1 0 0 0 0 0 0 0 0 7 -39 21 -38 21 -46 19 -2 24 -7 43 -7 44 -2 24 -14 56 -7 43 -8 43 -14 56 -46 19 -39 21 -39 20 2 -46 19 -2 24 -14 56 -46 19 3 -39 8 5 13 5 13 -7 45 -7 45 -39 8
SIMPLEX 26 20 0 1 11 16 43 25 1 11 16 43 25 2 0 0 0 0 -1 0 0 0 1 1 0 0 0 0 1 1 4 11 16 43 25 42 31 42 32 42 31 41 31 10 9 10 8 0 1 18 5 50 14
SIMPLEX -5 9 1 2 -25 0 16 6 16 6 3 31 2 -25 0 16 6 16 6 3 31 2 0 0 0 0 -1 0 1 1 1 1 0 0 0 0 1 1 5 -25 0 16 6 11 20 11 21 16 6 3 31 11 20 10 20 -21 -2 -21 -3 1 -25 0 16 6 2 -18 -11 23 -5 23 -5 10 20
SIMPLEX -18 6 0 2 -38 -2 2 -2 2 15 -38 15 2 -38 -2 2 -2 2 15 -38 15 2 0 0 0 0 -1 0 1 1 1 1 1 1 0 0 0 0 4 -38 -2 2 -2 -2 17 -2 18 2 15 -38 15 -34 -5 -34 -6 1 2 15 -38 15 2 -31 -13 9 -13 9 4 -31 4
SIMPLEX -28 5 1 5 -8 5 -48 5 -48 5 -8 5 -28 25 -28 -15 -28 -15 -28 25 -8 5 -48 5 4 -48 5 -8 5 -28 -15 -28 25 -8 5 -48 5 -28 25 -28 -15 0 1 1 1 1 -28 5 -28 5 0 4 -28 5 1 -28 5 1 -28 5 1 -28 5 1 1 0 0 0 0 0 0 0 0 0 4 -48 5 -8 5 -28 -15 -28 25 -8 5 -48 5 -28 25 -28 -15 3 -48 5 -8 5 -8 5 -48 5 -28 25 -28 -15 4 -41 -6 -1 -6 -21 -26 -21 14 -1 -6 -41 -6 -21 14 -21 -26
SIMPLEX -10 -32 0 2 -30 -24 10 -24 10 -40 -30 -40 0 -1 1 1 1 0 -1 0 0 0 0 0 0 0 0 0 0 0 0 0 0
SIMPLEX -38 34 1 6 -58 51 -62 27 -20 20 -13 41 -13 41 -34 59 -34 59 -58 51 -47 14 -20 20 -62 27 -47 14 6 -47 14 -20 20 -20 20 -13 41 -13 41 -34 59 -34 59 -58 51 -58 51 -62 27 -62 27 -47 14 2 1 0 0 1 -62 14 -13 59 2 6 -47 14 1 -20 20 1 -13 41 1 -34 59 1 -58 51 1 -62 27 1 1 1 0 0 0 0 0 0 0 0 4 -54 23 -53 23 -22 45 -22 46 -22 45 -23 45 -54 23 -54 22 5 -47 14 -20 20 -13 41 -34 59 -34 59 -58 51 -58 51 -62 27 -62 27 -47 14 6 -40 3 -13 9 -13 9 -6 30 -6 30 -27 48 -27 48 -51 40 -51 40 -55 16 -55 16 -40 3
SIMPLEX 37 -15 0 4 17 -27 56 -27 17 -1 17 -27 56 -1 17 -1 56 -27 56 -1 4 17 -27 56 -27 56 -27 56 -1 56 -1 17 -1 17 -1 17 -27 2 1 1 1 1 17 -27 56 -1 2 4 17 -27 1 56 -27 1 56 -1 1 17 -1 1 1 1 0 0 0 0 0 0 0 0 4 21 -26 22 -26 53 -4 53 -3 53 -4 52 -4 21 -26 21 -27 3 56 -27 56 -1 56 -1 17 -1 17 -1 17 -27 4 24 -38 63 -38 63 -38 63 -12 63 -12 24 -12 24 -12 24 -38
SIMPLEX 4 -13 0 3 -19 -26 25 -21 25 -21 13 11 13 11 -19 -26 3 -19 -26 25 -21 25 -21 13 11 13 11 -19 -26 2 1 0 0 1 -19 -26 25 11 2 3 -19 -26 1 25 -21 1 13 11 1 1 1 0 0 0 0 0 0 0 0 7 -12 -24 -11 -24 -19 -26 25 -21 20 -2 20 -1 25 -21 13 11 20 -2 19 -2 13 11 -19 -26 -12 -24 -12 -25 2 25 -21 13 11 13 11 -19 -26 3 -12 -37 32 -32 32 -32 20 0 20 0 -12 -37
SIMPLEX 7 34 0 2 -8 30 24 39 -8 30 24 39 1 -8 30 24 39 2 0 0 0 0 -1 0 0 0 1 1 0 0 0 0 1 1 4 -8 30 24 39 23 45 23 46 23 45 22 45 -9 23 -9 22 0 1 -1 19 31 28
SIMPLEX -17 20 1 2 4 17 -9 42 -37 11 4 17 2 -37 11 4 17 4 17 -9 42 2 0 0 0 0 -1 0 1 1 1 1 0 0 0 0 1 1 5 -37 11 4 17 -1 31 -1 32 4 17 -9 42 -1 31 -2 31 -33 9 -33 8 1 -37 11 4 17 2 -30 0 11 6 11 6 -2 31
SIMPLEX 32 6 0 2 12 -2 52 -2 52 15 12 15 2 12 -2 52 -2 52 15 12 15 2 0 0 0 0 -1 0 1 1 1 1 1 1 0 0 0 0 4 12 -2 52 -2 48 17 48 18 52 15 12 15 16 -5 16 -6 1 52 15 12 15 2 19 -13 59 -13 59 4 19 4
SIMPLEX -8 -27 1 4 -8 -47 -8 -7 -8 -7 -8 -47 -28 -27 12 -27 12 -27 -28 -27 4 -28 -27 12 -27 -8 -47 -8 -7 12 -27 -28 -27 -8 -7 -8 -47 0 1 1 1 1 -8 -27 -8 -27 0 4 -8 -27 1 -8 -27 1 -8 -27 1 -8 -27 1 1 0 0 0 0 0 0 0 0 0 4 -28 -27 12 -27 -8 -47 -8 -7 12 -27 -28 -27 -8 -7 -8 -47 3 -28 -27 12 -27 12 -27 -28 -27 -8 -7 -8 -47 4 -21 -38 19 -38 -1 -58 -1 -18 19 -38 -21 -38 -1 -18 -1 -58
SIMPLEX 1 8 0 2 -19 16 21 16 21 0 -19 0 0 -1 1 1 1 0 -1 0 0 0 0 0 0 0 0 0 0 0 0 0 0
SIMPLEX -9 -40 3 7 -18 -60 9 -54 -33 -47 -18 -60 -29 -23 -33 -47 -5 -15 -29 -23 9 -54 16 -33 16 -33 -5 -15 16 -33 -5 -15 6 -18 -60 9 -54 9 -54 16 -33 16 -33 -5 -15 -5 -15 -29 -23 -29 -23 -33 -47 -33 -47 -18 -60 2 1 0 0 1 -33 -60 16 -15 2 6 -18 -60 1 9 -54 1 16 -33 1 -5 -15 1 -29 -23 1 -33 -47 1 1 1 0 0 0 0 0 0 0 0 4 -25 -51 -24 -51 7 -29 7 -28 7 -29 6 -29 -25 -51 -25 -52 5 -18 -60 9 -54 9 -54 16 -33 16 -33 -5 -15 -29 -23 -33 -47 -33 -47 -18 -60 6 -11 -71 16 -65 16 -65 23 -44 23 -44 2 -26 2 -26 -22 -34 -22 -34 -26 -58 -26 -58 -11 -71
SIMPLEX -38 -16 0 4 -58 -28 -19 -28 -19 -28 -19 -2 -19 -2 -58 -2 -58 -2 -58 -28 4 -58 -28 -19 -28 -19 -28 -19 -2 -19 -2 -58 -2 -58 -2 -58 -28 2 1 1 1 1 -58 -28 -19 -2 2 4 -58 -28 1 -19 -28 1 -19 -2 1 -58 -2 1 1 1 0 0 0 0 0 0 0 0 4 -54 -27 -53 -27 -22 -5 -22 -4 -22 -5 -23 -5 -54 -27 -54 -28 3 -19 -28 -19 -2 -19 -2 -58 -2 -58 -2 -58 -28 4 -51 -39 -12 -39 -12 -39 -12 -13 -12 -13 -51 -13 -51 -13 -51 -39
SIMPLEX 15 -8 2 3 -8 -21 36 -16 36 -16 24 16 24 16 -8 -21 3 -8 -21 36 -16 36 -16 24 16 24 16 -8 -21 2 1 0 0 1 -8 -21 36 16 2 3 -8 -21 1 36 -16 1 24 16 1 1 1 0 0 0 0 0 0 0 0 7 -1 -19 0 -19 -8 -21 36 -16 31 3 31 4 36 -16 24 16 31 3 30 3 24 16 -8 -21 -1 -19 -1 -20 2 -8 -21 36 -16 36 -16 24 16 3 -1 -32 43 -27 43 -27 31 5 31 5 -1 -32
SIMPLEX -28 39 0 1 -43 35 -11 44 1 -43 35 -11 44 2 0 0 0 0 -1 0 0 0 1 1 0 0 0 0 1 1 4 -43 35 -11 44 -12 50 -12 51 -12 50 -13 50 -44 28 -44 27 0 1 -36 24 -4 33
SIMPLEX 16 37 1 2 -4 28 37 34 37 34 24 59 2 -4 28 37 34 37 34 24 59 2 0 0 0 0 -1 0 1 1 1 1 0 0 0 0 1 1 5 -4 28 37 34 32 48 32 49 37 34 24 59 32 48 31 48 0 26 0 25 1 -4 28 37 34 2 3 17 44 23 44 23 31 48
SIMPLEX 5 2 0 3 -15 -6 25 -6 -15 -6 25 -6 25 11 -15 11 2 -15 -6 25 -6 25 11 -15 11 2 0 0 0 0 -1 0 1 1 1 1 1 1 0 0 0 0 4 -15 -6 25 -6 21 13 21 14 25 11 -15 11 -11 -9 -11 -10 1 25 11 -15 11 2 -8 -17 32 -17 32 0 -8 0
SIMPLEX 27 -12 1 4 7 -12 47 -12 27 -32 27 8 27 8 27 -32 47 -12 7 -12 4 7 -12 47 -12 27 -32 27 8 47 -12 7 -12 27 8 27 -32 0 1 1 1 1 27 -12 27 -12 0 4 27 -12 1 27 -12 1 27 -12 1 27 -12 1 1 0 0 0 0 0 0 0 0 0 4 7 -12 47 -12 27 -32 27 8 47 -12 7 -12 27 8 27 -32 3 7 -12 47 -12 47 -12 7 -12 27 8 27 -32 4 14 -23 54 -23 34 -43 34 -3 54 -23 14 -23 34 -3 34 -43
SIMPLEX -2 14 0 2 -22 22 18 22 18 6 -22 6 0 -1 1 1 1 0 -1 0 0 0 0 0 0 0 0 0 0 0 0 0 0
SIMPLEX 25 12 5 6 16 -8 43 -2 29 37 5 29 5 29 1 5 1 5 16 -8 50 19 29 37 43 -2 50 19 6 16 -8 43 -2 43 -2 50 19 50 19 29 37 29 37 5 29 5 29 1 5 1 5 16 -8 2 1 0 0 1 1 -8 50 37 2 6 16 -8 1 43 -2 1 50 19 1 29 37 1 5 29 1 1 5 1 1 1 0 0 0 0 0 0 0 0 4 9 1 10 1 41 23 41 24 41 23 40 23 9 1 9 0 5 16 -8 43 -2 43 -2 50 19 50 19 29 37 29 37 5 29 5 29 1 5 6 23 -19 50 -13 50 -13 57 8 57 8 36 26 36 26 12 18 12 18 8 -6 8 -6 23 -19
SIMPLEX -19 24 0 4 -39 12 0 12 0 12 0 38 -39 38 -39 12 0 38 -39 38 4 -39 12 0 12 0 12 0 38 0 38 -39 38 -39 38 -39 12 2 1 1 1 1 -39 12 0 38 2 4 -39 12 1 0 12 1 0 38 1 -39 38 1 1 1 0 0 0 0 0 0 0 0 4 -35 13 -34 13 -3 35 -3 36 -3 35 -4 35 -35 13 -35 12 3 0 12 0 38 0 38 -39 38 -39 38 -39 12 4 -32 1 7 1 7 1 7 27 7 27 -32 27 -32 27 -32 1
SIMPLEX -21 -16 1 4 -12 8 -44 -29 -44 -29 0 -24 0 -24 -12 8 0 -24 -12 8 3 -44 -29 0 -24 0 -24 -12 8 -12 8 -44 -29 2 1 0 0 1 -44 -29 0 8 2 3 -44 -29 1 0 -24 1 -12 8 1 1 1 0 0 0 0 0 0 0 0 7 -37 -27 -36 -27 -44 -29 0 -24 -5 -5 -5 -4 0 -24 -12 8 -5 -5 -6 -5 -12 8 -44 -29 -37 -27 -37 -28 2 -44 -29 0 -24 -12 8 -44 -29 3 -37 -40 7 -35 7 -35 -5 -3 -5 -3 -37 -40
SIMPLEX -11 -34 0 1 -26 -38 6 -29 1 -26 -38 6 -29 2 0 0 0 0 -1 0 0 0 1 1 0 0 0 0 1 1 4 -26 -38 6 -29 5 -23 5 -22 5 -23 4 -23 -27 -45 -27 -46 0 1 -19 -49 13 -40
SIMPLEX 13 29 1 2 -7 20 34 26 34 26 21 51 2 -7 20 34 26 34 26 21 51 2 0 0 0 0 -1 0 1 1 1 1 0 0 0 0 1 1 5 -7 20 34 26 29 40 29 41 34 26 21 51 29 40 28 40 -3 18 -3 17 1 -7 20 34 26 2 0 9 41 15 41 15 28 40
SIMPLEX -11 19 0 2 9 28 -31 28 -31 11 9 11 2 -31 11 9 11 9 28 -31 28 2 0 0 0 0 -1 0 1 1 1 1 1 1 0 0 0 0 4 -31 11 9 11 5 30 5 31 9 28 -31 28 -27 8 -27 7 1 9 28 -31 28 2 -24 0 16 0 16 17 -24 17
SIMPLEX 5 -16 1 4 5 -36 5 4 5 4 5 -36 -15 -16 25 -16 25 -16 -15 -16 4 -15 -16 25 -16 5 -36 5 4 25 -16 -15 -16 5 4 5 -36 0 1 1 1 1 5 -16 5 -16 0 4 5 -16 1 5 -16 1 5 -16 1 5 -16 1 1 0 0 0 0 0 0 0 0 0 4 -15 -16 25 -16 5 -36 5 4 25 -16 -15 -16 5 4 5 -36 3 -15 -16 25 -16 25 -16 -15 -16 5 4 5 -36 4 -8 -27 32 -27 12 -47 12 -7 32 -27 -8 -27 12 -7 12 -47
SIMPLEX 33 23 0 3 53 15 13 15 13 31 53 31 13 31 53 31 0 -1 1 1 1 0 -1 0 0 0 0 0 0 0 0 0 0 0 0 0 0
SIMPLEX 1 -6 1 6 26 1 5 19 19 -20 26 1 5 19 -19 11 -19 11 -23 -13 -23 -13 -8 -26 -8 -26 19 -20 6 -8 -26 19 -20 19 -20 26 1 26 1 5 19 5 19 -19 11 -19 11 -23 -13 -23 -13 -8 -26 2 1 0 0 1 -23 -26 26 19 2 6 -8 -26 1 19 -20 1 26 1 1 5 19 1 -19 11 1 -23 -13 1 1 1 0 0 0 0 0 0 0 0 4 -15 -17 -14 -17 17 5 17 6 17 5 16 5 -15 -17 -15 -18 5 -8 -26 19 -20 26 1 5 19 5 19 -19 11 -19 11 -23 -13 -23 -13 -8 -26 6 -1 -37 26 -31 26 -31 33 -10 33 -10 12 8 12 8 -12 0 -12 0 -16 -24 -16 -24 -1 -37
